filename,writer,page_id,language,same_text,experiment_split,original_width,original_height,resized_width,resized_height,padding_left,padding_top,padding_right,padding_bottom,output_width,output_height
0001_1.jpg,1,1,Arabic,0,development_train,2465,3383,280,384,52,0,52,0,384,384
0001_2.jpg,1,2,Arabic,1,development_train,2465,3371,281,384,51,0,52,0,384,384
0001_3.jpg,1,3,English,0,development_train,2471,3371,281,384,51,0,52,0,384,384
0001_4.jpg,1,4,English,1,development_train,2465,3365,281,384,51,0,52,0,384,384
0002_1.jpg,2,1,Arabic,0,development_train,2471,3359,282,384,51,0,51,0,384,384
0002_2.jpg,2,2,Arabic,1,development_train,2471,3353,283,384,50,0,51,0,384,384
0002_3.jpg,2,3,English,0,development_train,2471,3341,284,384,50,0,50,0,384,384
0002_4.jpg,2,4,English,1,development_train,2471,3353,283,384,50,0,51,0,384,384
0003_1.jpg,3,1,Arabic,0,development_train,2459,3371,280,384,52,0,52,0,384,384
0003_2.jpg,3,2,Arabic,1,development_train,2471,3377,281,384,51,0,52,0,384,384
0003_3.jpg,3,3,English,0,development_train,2459,3359,281,384,51,0,52,0,384,384
0003_4.jpg,3,4,English,1,development_train,2465,3359,282,384,51,0,51,0,384,384
0004_1.jpg,4,1,Arabic,0,validation,2471,3371,281,384,51,0,52,0,384,384
0004_2.jpg,4,2,Arabic,1,validation,2471,3365,282,384,51,0,51,0,384,384
0004_3.jpg,4,3,English,0,validation,2477,3365,283,384,50,0,51,0,384,384
0004_4.jpg,4,4,English,1,validation,2471,3359,282,384,51,0,51,0,384,384
0005_1.jpg,5,1,Arabic,0,development_train,2465,3371,281,384,51,0,52,0,384,384
0005_2.jpg,5,2,Arabic,1,development_train,2471,3377,281,384,51,0,52,0,384,384
0005_3.jpg,5,3,English,0,development_train,2471,3365,282,384,51,0,51,0,384,384
0005_4.jpg,5,4,English,1,development_train,2471,3371,281,384,51,0,52,0,384,384
0006_1.jpg,6,1,Arabic,0,development_train,2471,3377,281,384,51,0,52,0,384,384
0006_2.jpg,6,2,Arabic,1,development_train,2471,3365,282,384,51,0,51,0,384,384
0006_3.jpg,6,3,English,0,development_train,2477,3371,282,384,51,0,51,0,384,384
0006_4.jpg,6,4,English,1,development_train,2465,3383,280,384,52,0,52,0,384,384
0007_1.jpg,7,1,Arabic,0,development_train,2471,3377,281,384,51,0,52,0,384,384
0007_2.jpg,7,2,Arabic,1,development_train,2471,3365,282,384,51,0,51,0,384,384
0007_3.jpg,7,3,English,0,development_train,2471,3365,282,384,51,0,51,0,384,384
0007_4.jpg,7,4,English,1,development_train,2471,3371,281,384,51,0,52,0,384,384
0008_1.jpg,8,1,Arabic,0,development_train,2471,3371,281,384,51,0,52,0,384,384
0008_2.jpg,8,2,Arabic,1,development_train,2477,3365,283,384,50,0,51,0,384,384
0008_3.jpg,8,3,English,0,development_train,2477,3377,282,384,51,0,51,0,384,384
0008_4.jpg,8,4,English,1,development_train,2483,3365,283,384,50,0,51,0,384,384
0009_1.jpg,9,1,Arabic,0,development_train,2465,3371,281,384,51,0,52,0,384,384
0009_2.jpg,9,2,Arabic,1,development_train,2465,3371,281,384,51,0,52,0,384,384
0009_3.jpg,9,3,English,0,development_train,2471,3377,281,384,51,0,52,0,384,384
0009_4.jpg,9,4,English,1,development_train,2471,3377,281,384,51,0,52,0,384,384
0010_1.jpg,10,1,Arabic,0,development_train,2465,3353,282,384,51,0,51,0,384,384
0010_2.jpg,10,2,Arabic,1,development_train,2471,3353,283,384,50,0,51,0,384,384
0010_3.jpg,10,3,English,0,development_train,2471,3347,283,384,50,0,51,0,384,384
0010_4.jpg,10,4,English,1,development_train,2471,3359,282,384,51,0,51,0,384,384
0011_1.jpg,11,1,Arabic,0,development_train,2477,3371,282,384,51,0,51,0,384,384
0011_2.jpg,11,2,Arabic,1,development_train,2471,3359,282,384,51,0,51,0,384,384
0011_3.jpg,11,3,English,0,development_train,2471,3359,282,384,51,0,51,0,384,384
0011_4.jpg,11,4,English,1,development_train,2465,3359,282,384,51,0,51,0,384,384
0012_1.jpg,12,1,Arabic,0,development_train,2465,3353,282,384,51,0,51,0,384,384
0012_2.jpg,12,2,Arabic,1,development_train,2471,3347,283,384,50,0,51,0,384,384
0012_3.jpg,12,3,English,0,development_train,2465,3341,283,384,50,0,51,0,384,384
0012_4.jpg,12,4,English,1,development_train,2471,3347,283,384,50,0,51,0,384,384
0013_1.jpg,13,1,Arabic,0,validation,2471,3359,282,384,51,0,51,0,384,384
0013_2.jpg,13,2,Arabic,1,validation,2471,3353,283,384,50,0,51,0,384,384
0013_3.jpg,13,3,English,0,validation,2471,3359,282,384,51,0,51,0,384,384
0013_4.jpg,13,4,English,1,validation,2477,3365,283,384,50,0,51,0,384,384
0014_1.jpg,14,1,Arabic,0,validation,2465,3365,281,384,51,0,52,0,384,384
0014_2.jpg,14,2,Arabic,1,validation,2465,3371,281,384,51,0,52,0,384,384
0014_3.jpg,14,3,English,0,validation,2465,3365,281,384,51,0,52,0,384,384
0014_4.jpg,14,4,English,1,validation,2465,3365,281,384,51,0,52,0,384,384
0015_1.jpg,15,1,Arabic,0,development_train,2465,3359,282,384,51,0,51,0,384,384
0015_2.jpg,15,2,Arabic,1,development_train,2471,3365,282,384,51,0,51,0,384,384
0015_3.jpg,15,3,English,0,development_train,2471,3365,282,384,51,0,51,0,384,384
0015_4.jpg,15,4,English,1,development_train,2477,3359,283,384,50,0,51,0,384,384
0016_1.jpg,16,1,Arabic,0,validation,2471,3377,281,384,51,0,52,0,384,384
0016_2.jpg,16,2,Arabic,1,validation,2465,3377,280,384,52,0,52,0,384,384
0016_3.jpg,16,3,English,0,validation,2471,3377,281,384,51,0,52,0,384,384
0016_4.jpg,16,4,English,1,validation,2483,3371,283,384,50,0,51,0,384,384
0017_1.jpg,17,1,Arabic,0,validation,2471,3371,281,384,51,0,52,0,384,384
0017_2.jpg,17,2,Arabic,1,validation,2471,3371,281,384,51,0,52,0,384,384
0017_3.jpg,17,3,English,0,validation,2471,3371,281,384,51,0,52,0,384,384
0017_4.jpg,17,4,English,1,validation,2471,3365,282,384,51,0,51,0,384,384
0018_1.jpg,18,1,Arabic,0,development_train,2459,3395,278,384,53,0,53,0,384,384
0018_2.jpg,18,2,Arabic,1,development_train,2465,3389,279,384,52,0,53,0,384,384
0018_3.jpg,18,3,English,0,development_train,2459,3389,279,384,52,0,53,0,384,384
0018_4.jpg,18,4,English,1,development_train,2465,3395,279,384,52,0,53,0,384,384
0019_1.jpg,19,1,Arabic,0,development_train,2471,3383,280,384,52,0,52,0,384,384
0019_2.jpg,19,2,Arabic,1,development_train,2471,3389,280,384,52,0,52,0,384,384
0019_3.jpg,19,3,English,0,development_train,2477,3389,281,384,51,0,52,0,384,384
0019_4.jpg,19,4,English,1,development_train,2471,3377,281,384,51,0,52,0,384,384
0020_1.jpg,20,1,Arabic,0,development_train,2471,3359,282,384,51,0,51,0,384,384
0020_2.jpg,20,2,Arabic,1,development_train,2465,3353,282,384,51,0,51,0,384,384
0020_3.jpg,20,3,English,0,development_train,2471,3359,282,384,51,0,51,0,384,384
0020_4.jpg,20,4,English,1,development_train,2471,3353,283,384,50,0,51,0,384,384
0021_1.jpg,21,1,Arabic,0,development_train,2471,3353,283,384,50,0,51,0,384,384
0021_2.jpg,21,2,Arabic,1,development_train,2465,3359,282,384,51,0,51,0,384,384
0021_3.jpg,21,3,English,0,development_train,2471,3347,283,384,50,0,51,0,384,384
0021_4.jpg,21,4,English,1,development_train,2471,3353,283,384,50,0,51,0,384,384
0022_1.jpg,22,1,Arabic,0,development_train,2465,3365,281,384,51,0,52,0,384,384
0022_2.jpg,22,2,Arabic,1,development_train,2465,3359,282,384,51,0,51,0,384,384
0022_3.jpg,22,3,English,0,development_train,2471,3359,282,384,51,0,51,0,384,384
0022_4.jpg,22,4,English,1,development_train,2459,3371,280,384,52,0,52,0,384,384
0023_1.jpg,23,1,Arabic,0,validation,2465,3395,279,384,52,0,53,0,384,384
0023_2.jpg,23,2,Arabic,1,validation,2459,3395,278,384,53,0,53,0,384,384
0023_3.jpg,23,3,English,0,validation,2465,3371,281,384,51,0,52,0,384,384
0023_4.jpg,23,4,English,1,validation,2465,3359,282,384,51,0,51,0,384,384
0024_1.jpg,24,1,Arabic,0,validation,2465,3347,283,384,50,0,51,0,384,384
0024_2.jpg,24,2,Arabic,1,validation,2483,3353,284,384,50,0,50,0,384,384
0024_3.jpg,24,3,English,0,validation,2477,3353,284,384,50,0,50,0,384,384
0024_4.jpg,24,4,English,1,validation,2483,3341,285,384,49,0,50,0,384,384
0025_1.jpg,25,1,Arabic,0,development_train,2471,3383,280,384,52,0,52,0,384,384
0025_2.jpg,25,2,Arabic,1,development_train,2471,3377,281,384,51,0,52,0,384,384
0025_3.jpg,25,3,English,0,development_train,2483,3389,281,384,51,0,52,0,384,384
0025_4.jpg,25,4,English,1,development_train,2483,3383,282,384,51,0,51,0,384,384
0026_1.jpg,26,1,Arabic,0,development_train,2477,3359,283,384,50,0,51,0,384,384
0026_2.jpg,26,2,Arabic,1,development_train,2471,3353,283,384,50,0,51,0,384,384
0026_3.jpg,26,3,English,0,development_train,2471,3365,282,384,51,0,51,0,384,384
0026_4.jpg,26,4,English,1,development_train,2471,3359,282,384,51,0,51,0,384,384
0027_1.jpg,27,1,Arabic,0,development_train,2465,3377,280,384,52,0,52,0,384,384
0027_2.jpg,27,2,Arabic,1,development_train,2465,3377,280,384,52,0,52,0,384,384
0027_3.jpg,27,3,English,0,development_train,2471,3377,281,384,51,0,52,0,384,384
0027_4.jpg,27,4,English,1,development_train,2465,3383,280,384,52,0,52,0,384,384
0028_1.jpg,28,1,Arabic,0,development_train,2471,3365,282,384,51,0,51,0,384,384
0028_2.jpg,28,2,Arabic,1,development_train,2465,3365,281,384,51,0,52,0,384,384
0028_3.jpg,28,3,English,0,development_train,2465,3365,281,384,51,0,52,0,384,384
0028_4.jpg,28,4,English,1,development_train,2465,3359,282,384,51,0,51,0,384,384
0029_1.jpg,29,1,Arabic,0,development_train,2465,3353,282,384,51,0,51,0,384,384
0029_2.jpg,29,2,Arabic,1,development_train,2471,3353,283,384,50,0,51,0,384,384
0029_3.jpg,29,3,English,0,development_train,2471,3353,283,384,50,0,51,0,384,384
0029_4.jpg,29,4,English,1,development_train,2465,3353,282,384,51,0,51,0,384,384
0030_1.jpg,30,1,Arabic,0,development_train,2471,3359,282,384,51,0,51,0,384,384
0030_2.jpg,30,2,Arabic,1,development_train,2471,3365,282,384,51,0,51,0,384,384
0030_3.jpg,30,3,English,0,development_train,2477,3353,284,384,50,0,50,0,384,384
0030_4.jpg,30,4,English,1,development_train,2471,3359,282,384,51,0,51,0,384,384
0031_1.jpg,31,1,Arabic,0,development_train,2471,3383,280,384,52,0,52,0,384,384
0031_2.jpg,31,2,Arabic,1,development_train,2471,3383,280,384,52,0,52,0,384,384
0031_3.jpg,31,3,English,0,development_train,2471,3377,281,384,51,0,52,0,384,384
0031_4.jpg,31,4,English,1,development_train,2471,3377,281,384,51,0,52,0,384,384
0032_1.jpg,32,1,Arabic,0,development_train,2477,3371,282,384,51,0,51,0,384,384
0032_2.jpg,32,2,Arabic,1,development_train,2477,3371,282,384,51,0,51,0,384,384
0032_3.jpg,32,3,English,0,development_train,2477,3371,282,384,51,0,51,0,384,384
0032_4.jpg,32,4,English,1,development_train,2477,3377,282,384,51,0,51,0,384,384
0033_1.jpg,33,1,Arabic,0,development_train,2471,3377,281,384,51,0,52,0,384,384
0033_2.jpg,33,2,Arabic,1,development_train,2465,3359,282,384,51,0,51,0,384,384
0033_3.jpg,33,3,English,0,development_train,2465,3359,282,384,51,0,51,0,384,384
0033_4.jpg,33,4,English,1,development_train,2459,3377,280,384,52,0,52,0,384,384
0034_1.jpg,34,1,Arabic,0,development_train,2471,3383,280,384,52,0,52,0,384,384
0034_2.jpg,34,2,Arabic,1,development_train,2471,3389,280,384,52,0,52,0,384,384
0034_3.jpg,34,3,English,0,development_train,2471,3371,281,384,51,0,52,0,384,384
0034_4.jpg,34,4,English,1,development_train,2471,3365,282,384,51,0,51,0,384,384
0035_1.jpg,35,1,Arabic,0,development_train,2477,3377,282,384,51,0,51,0,384,384
0035_2.jpg,35,2,Arabic,1,development_train,2471,3371,281,384,51,0,52,0,384,384
0035_3.jpg,35,3,English,0,development_train,2471,3377,281,384,51,0,52,0,384,384
0035_4.jpg,35,4,English,1,development_train,2471,3377,281,384,51,0,52,0,384,384
0036_1.jpg,36,1,Arabic,0,validation,2465,3395,279,384,52,0,53,0,384,384
0036_2.jpg,36,2,Arabic,1,validation,2471,3389,280,384,52,0,52,0,384,384
0036_3.jpg,36,3,English,0,validation,2465,3383,280,384,52,0,52,0,384,384
0036_4.jpg,36,4,English,1,validation,2471,3377,281,384,51,0,52,0,384,384
0037_1.jpg,37,1,Arabic,0,validation,2477,3395,280,384,52,0,52,0,384,384
0037_2.jpg,37,2,Arabic,1,validation,2483,3389,281,384,51,0,52,0,384,384
0037_3.jpg,37,3,English,0,validation,2471,3383,280,384,52,0,52,0,384,384
0037_4.jpg,37,4,English,1,validation,2477,3389,281,384,51,0,52,0,384,384
0038_1.jpg,38,1,Arabic,0,development_train,2465,3371,281,384,51,0,52,0,384,384
0038_2.jpg,38,2,Arabic,1,development_train,2465,3371,281,384,51,0,52,0,384,384
0038_3.jpg,38,3,English,0,development_train,2465,3371,281,384,51,0,52,0,384,384
0038_4.jpg,38,4,English,1,development_train,2471,3365,282,384,51,0,51,0,384,384
0039_1.jpg,39,1,Arabic,0,development_train,2471,3383,280,384,52,0,52,0,384,384
0039_2.jpg,39,2,Arabic,1,development_train,2471,3377,281,384,51,0,52,0,384,384
0039_3.jpg,39,3,English,0,development_train,2465,3377,280,384,52,0,52,0,384,384
0039_4.jpg,39,4,English,1,development_train,2471,3383,280,384,52,0,52,0,384,384
0040_1.jpg,40,1,Arabic,0,development_train,2471,3383,280,384,52,0,52,0,384,384
0040_2.jpg,40,2,Arabic,1,development_train,2465,3359,282,384,51,0,51,0,384,384
0040_3.jpg,40,3,English,0,development_train,2465,3359,282,384,51,0,51,0,384,384
0040_4.jpg,40,4,English,1,development_train,2465,3359,282,384,51,0,51,0,384,384
0041_1.jpg,41,1,Arabic,0,validation,2483,3353,284,384,50,0,50,0,384,384
0041_2.jpg,41,2,Arabic,1,validation,2477,3359,283,384,50,0,51,0,384,384
0041_3.jpg,41,3,English,0,validation,2471,3347,283,384,50,0,51,0,384,384
0041_4.jpg,41,4,English,1,validation,2471,3359,282,384,51,0,51,0,384,384
0042_1.jpg,42,1,Arabic,0,development_train,2465,3371,281,384,51,0,52,0,384,384
0042_2.jpg,42,2,Arabic,1,development_train,2471,3359,282,384,51,0,51,0,384,384
0042_3.jpg,42,3,English,0,development_train,2471,3359,282,384,51,0,51,0,384,384
0042_4.jpg,42,4,English,1,development_train,2471,3365,282,384,51,0,51,0,384,384
0043_1.jpg,43,1,Arabic,0,development_train,2477,3377,282,384,51,0,51,0,384,384
0043_2.jpg,43,2,Arabic,1,development_train,2471,3371,281,384,51,0,52,0,384,384
0043_3.jpg,43,3,English,0,development_train,2477,3371,282,384,51,0,51,0,384,384
0043_4.jpg,43,4,English,1,development_train,2471,3365,282,384,51,0,51,0,384,384
0044_1.jpg,44,1,Arabic,0,development_train,2465,3365,281,384,51,0,52,0,384,384
0044_2.jpg,44,2,Arabic,1,development_train,2465,3359,282,384,51,0,51,0,384,384
0044_3.jpg,44,3,English,0,development_train,2465,3359,282,384,51,0,51,0,384,384
0044_4.jpg,44,4,English,1,development_train,2471,3359,282,384,51,0,51,0,384,384
0045_1.jpg,45,1,Arabic,0,validation,2471,3371,281,384,51,0,52,0,384,384
0045_2.jpg,45,2,Arabic,1,validation,2471,3371,281,384,51,0,52,0,384,384
0045_3.jpg,45,3,English,0,validation,2465,3365,281,384,51,0,52,0,384,384
0045_4.jpg,45,4,English,1,validation,2465,3359,282,384,51,0,51,0,384,384
0046_1.jpg,46,1,Arabic,0,development_train,2465,3371,281,384,51,0,52,0,384,384
0046_2.jpg,46,2,Arabic,1,development_train,2465,3365,281,384,51,0,52,0,384,384
0046_3.jpg,46,3,English,0,development_train,2471,3365,282,384,51,0,51,0,384,384
0046_4.jpg,46,4,English,1,development_train,2477,3371,282,384,51,0,51,0,384,384
0047_1.jpg,47,1,Arabic,0,development_train,2465,3365,281,384,51,0,52,0,384,384
0047_2.jpg,47,2,Arabic,1,development_train,2471,3371,281,384,51,0,52,0,384,384
0047_3.jpg,47,3,English,0,development_train,2471,3359,282,384,51,0,51,0,384,384
0047_4.jpg,47,4,English,1,development_train,2465,3365,281,384,51,0,52,0,384,384
0048_1.jpg,48,1,Arabic,0,validation,2483,3377,282,384,51,0,51,0,384,384
0048_2.jpg,48,2,Arabic,1,validation,2477,3377,282,384,51,0,51,0,384,384
0048_3.jpg,48,3,English,0,validation,2483,3377,282,384,51,0,51,0,384,384
0048_4.jpg,48,4,English,1,validation,2471,3371,281,384,51,0,52,0,384,384
0049_1.jpg,49,1,Arabic,0,development_train,2477,3365,283,384,50,0,51,0,384,384
0049_2.jpg,49,2,Arabic,1,development_train,2465,3359,282,384,51,0,51,0,384,384
0049_3.jpg,49,3,English,0,development_train,2471,3359,282,384,51,0,51,0,384,384
0049_4.jpg,49,4,English,1,development_train,2471,3347,283,384,50,0,51,0,384,384
0050_1.jpg,50,1,Arabic,0,validation,2465,3371,281,384,51,0,52,0,384,384
0050_2.jpg,50,2,Arabic,1,validation,2465,3365,281,384,51,0,52,0,384,384
0050_3.jpg,50,3,English,0,validation,2465,3365,281,384,51,0,52,0,384,384
0050_4.jpg,50,4,English,1,validation,2477,3365,283,384,50,0,51,0,384,384
0051_1.jpg,51,1,Arabic,0,development_train,2465,3371,281,384,51,0,52,0,384,384
0051_2.jpg,51,2,Arabic,1,development_train,2471,3365,282,384,51,0,51,0,384,384
0051_3.jpg,51,3,English,0,development_train,2471,3377,281,384,51,0,52,0,384,384
0051_4.jpg,51,4,English,1,development_train,2465,3377,280,384,52,0,52,0,384,384
0052_1.jpg,52,1,Arabic,0,validation,2465,3371,281,384,51,0,52,0,384,384
0052_2.jpg,52,2,Arabic,1,validation,2465,3365,281,384,51,0,52,0,384,384
0052_3.jpg,52,3,English,0,validation,2465,3365,281,384,51,0,52,0,384,384
0052_4.jpg,52,4,English,1,validation,2465,3365,281,384,51,0,52,0,384,384
0053_1.jpg,53,1,Arabic,0,validation,2471,3377,281,384,51,0,52,0,384,384
0053_2.jpg,53,2,Arabic,1,validation,2477,3377,282,384,51,0,51,0,384,384
0053_3.jpg,53,3,English,0,validation,2477,3371,282,384,51,0,51,0,384,384
0053_4.jpg,53,4,English,1,validation,2477,3377,282,384,51,0,51,0,384,384
0054_1.jpg,54,1,Arabic,0,development_train,2477,3383,281,384,51,0,52,0,384,384
0054_2.jpg,54,2,Arabic,1,development_train,2465,3371,281,384,51,0,52,0,384,384
0054_3.jpg,54,3,English,0,development_train,2471,3371,281,384,51,0,52,0,384,384
0054_4.jpg,54,4,English,1,development_train,2459,3377,280,384,52,0,52,0,384,384
0055_1.jpg,55,1,Arabic,0,development_train,2477,3383,281,384,51,0,52,0,384,384
0055_2.jpg,55,2,Arabic,1,development_train,2477,3383,281,384,51,0,52,0,384,384
0055_3.jpg,55,3,English,0,development_train,2489,3383,283,384,50,0,51,0,384,384
0055_4.jpg,55,4,English,1,development_train,2477,3377,282,384,51,0,51,0,384,384
0056_1.jpg,56,1,Arabic,0,development_train,2465,3371,281,384,51,0,52,0,384,384
0056_2.jpg,56,2,Arabic,1,development_train,2477,3377,282,384,51,0,51,0,384,384
0056_3.jpg,56,3,English,0,development_train,2465,3359,282,384,51,0,51,0,384,384
0056_4.jpg,56,4,English,1,development_train,2465,3365,281,384,51,0,52,0,384,384
0057_1.jpg,57,1,Arabic,0,development_train,2471,3377,281,384,51,0,52,0,384,384
0057_2.jpg,57,2,Arabic,1,development_train,2471,3365,282,384,51,0,51,0,384,384
0057_3.jpg,57,3,English,0,development_train,2471,3365,282,384,51,0,51,0,384,384
0057_4.jpg,57,4,English,1,development_train,2471,3371,281,384,51,0,52,0,384,384
0058_1.jpg,58,1,Arabic,0,validation,2471,3371,281,384,51,0,52,0,384,384
0058_2.jpg,58,2,Arabic,1,validation,2471,3371,281,384,51,0,52,0,384,384
0058_3.jpg,58,3,English,0,validation,2471,3371,281,384,51,0,52,0,384,384
0058_4.jpg,58,4,English,1,validation,2465,3371,281,384,51,0,52,0,384,384
0059_1.jpg,59,1,Arabic,0,development_train,2471,3371,281,384,51,0,52,0,384,384
0059_2.jpg,59,2,Arabic,1,development_train,2477,3371,282,384,51,0,51,0,384,384
0059_3.jpg,59,3,English,0,development_train,2477,3371,282,384,51,0,51,0,384,384
0059_4.jpg,59,4,English,1,development_train,2471,3365,282,384,51,0,51,0,384,384
0060_1.jpg,60,1,Arabic,0,development_train,2471,3353,283,384,50,0,51,0,384,384
0060_2.jpg,60,2,Arabic,1,development_train,2477,3353,284,384,50,0,50,0,384,384
0060_3.jpg,60,3,English,0,development_train,2471,3353,283,384,50,0,51,0,384,384
0060_4.jpg,60,4,English,1,development_train,2471,3347,283,384,50,0,51,0,384,384
0061_1.jpg,61,1,Arabic,0,development_train,2471,3383,280,384,52,0,52,0,384,384
0061_2.jpg,61,2,Arabic,1,development_train,2471,3383,280,384,52,0,52,0,384,384
0061_3.jpg,61,3,English,0,development_train,2471,3389,280,384,52,0,52,0,384,384
0061_4.jpg,61,4,English,1,development_train,2471,3377,281,384,51,0,52,0,384,384
0062_1.jpg,62,1,Arabic,0,development_train,2465,3365,281,384,51,0,52,0,384,384
0062_2.jpg,62,2,Arabic,1,development_train,2477,3353,284,384,50,0,50,0,384,384
0062_3.jpg,62,3,English,0,development_train,2465,3359,282,384,51,0,51,0,384,384
0062_4.jpg,62,4,English,1,development_train,2471,3359,282,384,51,0,51,0,384,384
0063_1.jpg,63,1,Arabic,0,development_train,2477,3377,282,384,51,0,51,0,384,384
0063_2.jpg,63,2,Arabic,1,development_train,2471,3371,281,384,51,0,52,0,384,384
0063_3.jpg,63,3,English,0,development_train,2471,3365,282,384,51,0,51,0,384,384
0063_4.jpg,63,4,English,1,development_train,2465,3359,282,384,51,0,51,0,384,384
0064_1.jpg,64,1,Arabic,0,validation,2465,3371,281,384,51,0,52,0,384,384
0064_2.jpg,64,2,Arabic,1,validation,2465,3365,281,384,51,0,52,0,384,384
0064_3.jpg,64,3,English,0,validation,2471,3365,282,384,51,0,51,0,384,384
0064_4.jpg,64,4,English,1,validation,2477,3371,282,384,51,0,51,0,384,384
0065_1.jpg,65,1,Arabic,0,development_train,2465,3377,280,384,52,0,52,0,384,384
0065_2.jpg,65,2,Arabic,1,development_train,2465,3377,280,384,52,0,52,0,384,384
0065_3.jpg,65,3,English,0,development_train,2465,3377,280,384,52,0,52,0,384,384
0065_4.jpg,65,4,English,1,development_train,2471,3377,281,384,51,0,52,0,384,384
0066_1.jpg,66,1,Arabic,0,development_train,2471,3377,281,384,51,0,52,0,384,384
0066_2.jpg,66,2,Arabic,1,development_train,2465,3371,281,384,51,0,52,0,384,384
0066_3.jpg,66,3,English,0,development_train,2465,3371,281,384,51,0,52,0,384,384
0066_4.jpg,66,4,English,1,development_train,2465,3371,281,384,51,0,52,0,384,384
0067_1.jpg,67,1,Arabic,0,development_train,2459,3383,279,384,52,0,53,0,384,384
0067_2.jpg,67,2,Arabic,1,development_train,2471,3371,281,384,51,0,52,0,384,384
0067_3.jpg,67,3,English,0,development_train,2471,3371,281,384,51,0,52,0,384,384
0067_4.jpg,67,4,English,1,development_train,2471,3371,281,384,51,0,52,0,384,384
0068_1.jpg,68,1,Arabic,0,development_train,2465,3383,280,384,52,0,52,0,384,384
0068_2.jpg,68,2,Arabic,1,development_train,2465,3371,281,384,51,0,52,0,384,384
0068_3.jpg,68,3,English,0,development_train,2471,3365,282,384,51,0,51,0,384,384
0068_4.jpg,68,4,English,1,development_train,2477,3365,283,384,50,0,51,0,384,384
0069_1.jpg,69,1,Arabic,0,development_train,2471,3371,281,384,51,0,52,0,384,384
0069_2.jpg,69,2,Arabic,1,development_train,2465,3371,281,384,51,0,52,0,384,384
0069_3.jpg,69,3,English,0,development_train,2465,3365,281,384,51,0,52,0,384,384
0069_4.jpg,69,4,English,1,development_train,2471,3359,282,384,51,0,51,0,384,384
0070_1.jpg,70,1,Arabic,0,development_train,2477,3389,281,384,51,0,52,0,384,384
0070_2.jpg,70,2,Arabic,1,development_train,2483,3377,282,384,51,0,51,0,384,384
0070_3.jpg,70,3,English,0,development_train,2483,3371,283,384,50,0,51,0,384,384
0070_4.jpg,70,4,English,1,development_train,2471,3377,281,384,51,0,52,0,384,384
0071_1.jpg,71,1,Arabic,0,development_train,2477,3371,282,384,51,0,51,0,384,384
0071_2.jpg,71,2,Arabic,1,development_train,2471,3359,282,384,51,0,51,0,384,384
0071_3.jpg,71,3,English,0,development_train,2471,3359,282,384,51,0,51,0,384,384
0071_4.jpg,71,4,English,1,development_train,2471,3359,282,384,51,0,51,0,384,384
0072_1.jpg,72,1,Arabic,0,validation,2465,3377,280,384,52,0,52,0,384,384
0072_2.jpg,72,2,Arabic,1,validation,2471,3383,280,384,52,0,52,0,384,384
0072_3.jpg,72,3,English,0,validation,2465,3371,281,384,51,0,52,0,384,384
0072_4.jpg,72,4,English,1,validation,2471,3365,282,384,51,0,51,0,384,384
0073_1.jpg,73,1,Arabic,0,development_train,2471,3365,282,384,51,0,51,0,384,384
0073_2.jpg,73,2,Arabic,1,development_train,2471,3365,282,384,51,0,51,0,384,384
0073_3.jpg,73,3,English,0,development_train,2471,3353,283,384,50,0,51,0,384,384
0073_4.jpg,73,4,English,1,development_train,2471,3353,283,384,50,0,51,0,384,384
0074_1.jpg,74,1,Arabic,0,development_train,2465,3377,280,384,52,0,52,0,384,384
0074_2.jpg,74,2,Arabic,1,development_train,2471,3383,280,384,52,0,52,0,384,384
0074_3.jpg,74,3,English,0,development_train,2465,3365,281,384,51,0,52,0,384,384
0074_4.jpg,74,4,English,1,development_train,2471,3383,280,384,52,0,52,0,384,384
0075_1.jpg,75,1,Arabic,0,development_train,2471,3377,281,384,51,0,52,0,384,384
0075_2.jpg,75,2,Arabic,1,development_train,2477,3377,282,384,51,0,51,0,384,384
0075_3.jpg,75,3,English,0,development_train,2465,3377,280,384,52,0,52,0,384,384
0075_4.jpg,75,4,English,1,development_train,2465,3371,281,384,51,0,52,0,384,384
0076_1.jpg,76,1,Arabic,0,development_train,2471,3401,279,384,52,0,53,0,384,384
0076_2.jpg,76,2,Arabic,1,development_train,2471,3389,280,384,52,0,52,0,384,384
0076_3.jpg,76,3,English,0,development_train,2471,3383,280,384,52,0,52,0,384,384
0076_4.jpg,76,4,English,1,development_train,2465,3377,280,384,52,0,52,0,384,384
0077_1.jpg,77,1,Arabic,0,development_train,2471,3383,280,384,52,0,52,0,384,384
0077_2.jpg,77,2,Arabic,1,development_train,2471,3383,280,384,52,0,52,0,384,384
0077_3.jpg,77,3,English,0,development_train,2471,3383,280,384,52,0,52,0,384,384
0077_4.jpg,77,4,English,1,development_train,2477,3377,282,384,51,0,51,0,384,384
0078_1.jpg,78,1,Arabic,0,development_train,2471,3371,281,384,51,0,52,0,384,384
0078_2.jpg,78,2,Arabic,1,development_train,2477,3371,282,384,51,0,51,0,384,384
0078_3.jpg,78,3,English,0,development_train,2477,3371,282,384,51,0,51,0,384,384
0078_4.jpg,78,4,English,1,development_train,2477,3371,282,384,51,0,51,0,384,384
0079_1.jpg,79,1,Arabic,0,development_train,2465,3389,279,384,52,0,53,0,384,384
0079_2.jpg,79,2,Arabic,1,development_train,2471,3377,281,384,51,0,52,0,384,384
0079_3.jpg,79,3,English,0,development_train,2471,3365,282,384,51,0,51,0,384,384
0079_4.jpg,79,4,English,1,development_train,2471,3371,281,384,51,0,52,0,384,384
0080_1.jpg,80,1,Arabic,0,validation,2471,3371,281,384,51,0,52,0,384,384
0080_2.jpg,80,2,Arabic,1,validation,2471,3377,281,384,51,0,52,0,384,384
0080_3.jpg,80,3,English,0,validation,2465,3359,282,384,51,0,51,0,384,384
0080_4.jpg,80,4,English,1,validation,2471,3359,282,384,51,0,51,0,384,384
0081_1.jpg,81,1,Arabic,0,development_train,2465,3371,281,384,51,0,52,0,384,384
0081_2.jpg,81,2,Arabic,1,development_train,2471,3377,281,384,51,0,52,0,384,384
0081_3.jpg,81,3,English,0,development_train,2471,3371,281,384,51,0,52,0,384,384
0081_4.jpg,81,4,English,1,development_train,2471,3377,281,384,51,0,52,0,384,384
0082_1.jpg,82,1,Arabic,0,validation,2465,3371,281,384,51,0,52,0,384,384
0082_2.jpg,82,2,Arabic,1,validation,2471,3371,281,384,51,0,52,0,384,384
0082_3.jpg,82,3,English,0,validation,2477,3365,283,384,50,0,51,0,384,384
0082_4.jpg,82,4,English,1,validation,2471,3365,282,384,51,0,51,0,384,384
0083_1.jpg,83,1,Arabic,0,development_train,2471,3377,281,384,51,0,52,0,384,384
0083_2.jpg,83,2,Arabic,1,development_train,2471,3371,281,384,51,0,52,0,384,384
0083_3.jpg,83,3,English,0,development_train,2471,3371,281,384,51,0,52,0,384,384
0083_4.jpg,83,4,English,1,development_train,2477,3371,282,384,51,0,51,0,384,384
0084_1.jpg,84,1,Arabic,0,validation,2471,3377,281,384,51,0,52,0,384,384
0084_2.jpg,84,2,Arabic,1,validation,2465,3377,280,384,52,0,52,0,384,384
0084_3.jpg,84,3,English,0,validation,2471,3371,281,384,51,0,52,0,384,384
0084_4.jpg,84,4,English,1,validation,2475,3377,281,384,51,0,52,0,384,384
0085_1.jpg,85,1,Arabic,0,development_train,2465,3365,281,384,51,0,52,0,384,384
0085_2.jpg,85,2,Arabic,1,development_train,2471,3365,282,384,51,0,51,0,384,384
0085_3.jpg,85,3,English,0,development_train,2465,3371,281,384,51,0,52,0,384,384
0085_4.jpg,85,4,English,1,development_train,2465,3371,281,384,51,0,52,0,384,384
0086_1.jpg,86,1,Arabic,0,development_train,2477,3365,283,384,50,0,51,0,384,384
0086_2.jpg,86,2,Arabic,1,development_train,2477,3365,283,384,50,0,51,0,384,384
0086_3.jpg,86,3,English,0,development_train,2477,3365,283,384,50,0,51,0,384,384
0086_4.jpg,86,4,English,1,development_train,2477,3365,283,384,50,0,51,0,384,384
0087_1.jpg,87,1,Arabic,0,development_train,2465,3359,282,384,51,0,51,0,384,384
0087_2.jpg,87,2,Arabic,1,development_train,2471,3353,283,384,50,0,51,0,384,384
0087_3.jpg,87,3,English,0,development_train,2471,3353,283,384,50,0,51,0,384,384
0087_4.jpg,87,4,English,1,development_train,2477,3359,283,384,50,0,51,0,384,384
0088_1.jpg,88,1,Arabic,0,validation,2471,3377,281,384,51,0,52,0,384,384
0088_2.jpg,88,2,Arabic,1,validation,2471,3377,281,384,51,0,52,0,384,384
0088_3.jpg,88,3,English,0,validation,2465,3383,280,384,52,0,52,0,384,384
0088_4.jpg,88,4,English,1,validation,2475,3389,280,384,52,0,52,0,384,384
0089_1.jpg,89,1,Arabic,0,development_train,2483,3401,280,384,52,0,52,0,384,384
0089_2.jpg,89,2,Arabic,1,development_train,2471,3383,280,384,52,0,52,0,384,384
0089_3.jpg,89,3,English,0,development_train,2477,3389,281,384,51,0,52,0,384,384
0089_4.jpg,89,4,English,1,development_train,2477,3395,280,384,52,0,52,0,384,384
0090_1.jpg,90,1,Arabic,0,development_train,2465,3353,282,384,51,0,51,0,384,384
0090_2.jpg,90,2,Arabic,1,development_train,2459,3353,282,384,51,0,51,0,384,384
0090_3.jpg,90,3,English,0,development_train,2465,3341,283,384,50,0,51,0,384,384
0090_4.jpg,90,4,English,1,development_train,2471,3359,282,384,51,0,51,0,384,384
0091_1.jpg,91,1,Arabic,0,development_train,2471,3383,280,384,52,0,52,0,384,384
0091_2.jpg,91,2,Arabic,1,development_train,2477,3377,282,384,51,0,51,0,384,384
0091_3.jpg,91,3,English,0,development_train,2465,3371,281,384,51,0,52,0,384,384
0091_4.jpg,91,4,English,1,development_train,2471,3371,281,384,51,0,52,0,384,384
0092_1.jpg,92,1,Arabic,0,development_train,2465,3383,280,384,52,0,52,0,384,384
0092_2.jpg,92,2,Arabic,1,development_train,2465,3377,280,384,52,0,52,0,384,384
0092_3.jpg,92,3,English,0,development_train,2465,3371,281,384,51,0,52,0,384,384
0092_4.jpg,92,4,English,1,development_train,2471,3371,281,384,51,0,52,0,384,384
0093_1.jpg,93,1,Arabic,0,development_train,2471,3383,280,384,52,0,52,0,384,384
0093_2.jpg,93,2,Arabic,1,development_train,2471,3383,280,384,52,0,52,0,384,384
0093_3.jpg,93,3,English,0,development_train,2471,3383,280,384,52,0,52,0,384,384
0093_4.jpg,93,4,English,1,development_train,2471,3383,280,384,52,0,52,0,384,384
0094_1.jpg,94,1,Arabic,0,development_train,2465,3377,280,384,52,0,52,0,384,384
0094_2.jpg,94,2,Arabic,1,development_train,2471,3377,281,384,51,0,52,0,384,384
0094_3.jpg,94,3,English,0,development_train,2471,3365,282,384,51,0,51,0,384,384
0094_4.jpg,94,4,English,1,development_train,2471,3371,281,384,51,0,52,0,384,384
0095_1.jpg,95,1,Arabic,0,development_train,2471,3359,282,384,51,0,51,0,384,384
0095_2.jpg,95,2,Arabic,1,development_train,2471,3353,283,384,50,0,51,0,384,384
0095_3.jpg,95,3,English,0,development_train,2471,3347,283,384,50,0,51,0,384,384
0095_4.jpg,95,4,English,1,development_train,2471,3353,283,384,50,0,51,0,384,384
0096_1.jpg,96,1,Arabic,0,development_train,2465,3377,280,384,52,0,52,0,384,384
0096_2.jpg,96,2,Arabic,1,development_train,2483,3377,282,384,51,0,51,0,384,384
0096_3.jpg,96,3,English,0,development_train,2471,3377,281,384,51,0,52,0,384,384
0096_4.jpg,96,4,English,1,development_train,2471,3377,281,384,51,0,52,0,384,384
0097_1.jpg,97,1,Arabic,0,development_train,2465,3365,281,384,51,0,52,0,384,384
0097_2.jpg,97,2,Arabic,1,development_train,2465,3365,281,384,51,0,52,0,384,384
0097_3.jpg,97,3,English,0,development_train,2471,3365,282,384,51,0,51,0,384,384
0097_4.jpg,97,4,English,1,development_train,2465,3365,281,384,51,0,52,0,384,384
0098_1.jpg,98,1,Arabic,0,development_train,2465,3383,280,384,52,0,52,0,384,384
0098_2.jpg,98,2,Arabic,1,development_train,2465,3377,280,384,52,0,52,0,384,384
0098_3.jpg,98,3,English,0,development_train,2465,3371,281,384,51,0,52,0,384,384
0098_4.jpg,98,4,English,1,development_train,2465,3371,281,384,51,0,52,0,384,384
0099_1.jpg,99,1,Arabic,0,validation,2477,3383,281,384,51,0,52,0,384,384
0099_2.jpg,99,2,Arabic,1,validation,2477,3377,282,384,51,0,51,0,384,384
0099_3.jpg,99,3,English,0,validation,2477,3371,282,384,51,0,51,0,384,384
0099_4.jpg,99,4,English,1,validation,2477,3371,282,384,51,0,51,0,384,384
0100_1.jpg,100,1,Arabic,0,development_train,2465,3359,282,384,51,0,51,0,384,384
0100_2.jpg,100,2,Arabic,1,development_train,2471,3347,283,384,50,0,51,0,384,384
0100_3.jpg,100,3,English,0,development_train,2471,3359,282,384,51,0,51,0,384,384
0100_4.jpg,100,4,English,1,development_train,2471,3353,283,384,50,0,51,0,384,384
0101_1.jpg,101,1,Arabic,0,development_train,2471,3377,281,384,51,0,52,0,384,384
0101_2.jpg,101,2,Arabic,1,development_train,2471,3377,281,384,51,0,52,0,384,384
0101_3.jpg,101,3,English,0,development_train,2471,3377,281,384,51,0,52,0,384,384
0101_4.jpg,101,4,English,1,development_train,2471,3377,281,384,51,0,52,0,384,384
0102_1.jpg,102,1,Arabic,0,validation,2465,3371,281,384,51,0,52,0,384,384
0102_2.jpg,102,2,Arabic,1,validation,2459,3377,280,384,52,0,52,0,384,384
0102_3.jpg,102,3,English,0,validation,2471,3359,282,384,51,0,51,0,384,384
0102_4.jpg,102,4,English,1,validation,2465,3365,281,384,51,0,52,0,384,384
0103_1.jpg,103,1,Arabic,0,development_train,2471,3371,281,384,51,0,52,0,384,384
0103_2.jpg,103,2,Arabic,1,development_train,2477,3371,282,384,51,0,51,0,384,384
0103_3.jpg,103,3,English,0,development_train,2471,3365,282,384,51,0,51,0,384,384
0103_4.jpg,103,4,English,1,development_train,2471,3359,282,384,51,0,51,0,384,384
0104_1.jpg,104,1,Arabic,0,development_train,2465,3359,282,384,51,0,51,0,384,384
0104_2.jpg,104,2,Arabic,1,development_train,2477,3365,283,384,50,0,51,0,384,384
0104_3.jpg,104,3,English,0,development_train,2471,3365,282,384,51,0,51,0,384,384
0104_4.jpg,104,4,English,1,development_train,2477,3365,283,384,50,0,51,0,384,384
0105_1.jpg,105,1,Arabic,0,development_train,2471,3389,280,384,52,0,52,0,384,384
0105_2.jpg,105,2,Arabic,1,development_train,2477,3383,281,384,51,0,52,0,384,384
0105_3.jpg,105,3,English,0,development_train,2471,3383,280,384,52,0,52,0,384,384
0105_4.jpg,105,4,English,1,development_train,2471,3383,280,384,52,0,52,0,384,384
0106_1.jpg,106,1,Arabic,0,development_train,2465,3377,280,384,52,0,52,0,384,384
0106_2.jpg,106,2,Arabic,1,development_train,2471,3365,282,384,51,0,51,0,384,384
0106_3.jpg,106,3,English,0,development_train,2471,3365,282,384,51,0,51,0,384,384
0106_4.jpg,106,4,English,1,development_train,2465,3365,281,384,51,0,52,0,384,384
0107_1.jpg,107,1,Arabic,0,development_train,2471,3383,280,384,52,0,52,0,384,384
0107_2.jpg,107,2,Arabic,1,development_train,2465,3377,280,384,52,0,52,0,384,384
0107_3.jpg,107,3,English,0,development_train,2471,3371,281,384,51,0,52,0,384,384
0107_4.jpg,107,4,English,1,development_train,2471,3365,282,384,51,0,51,0,384,384
0108_1.jpg,108,1,Arabic,0,validation,2471,3371,281,384,51,0,52,0,384,384
0108_2.jpg,108,2,Arabic,1,validation,2471,3377,281,384,51,0,52,0,384,384
0108_3.jpg,108,3,English,0,validation,2471,3359,282,384,51,0,51,0,384,384
0108_4.jpg,108,4,English,1,validation,2471,3365,282,384,51,0,51,0,384,384
0109_1.jpg,109,1,Arabic,0,development_train,2471,3371,281,384,51,0,52,0,384,384
0109_2.jpg,109,2,Arabic,1,development_train,2483,3371,283,384,50,0,51,0,384,384
0109_3.jpg,109,3,English,0,development_train,2477,3365,283,384,50,0,51,0,384,384
0109_4.jpg,109,4,English,1,development_train,2465,3359,282,384,51,0,51,0,384,384
0110_1.jpg,110,1,Arabic,0,development_train,2465,3377,280,384,52,0,52,0,384,384
0110_2.jpg,110,2,Arabic,1,development_train,2483,3377,282,384,51,0,51,0,384,384
0110_3.jpg,110,3,English,0,development_train,2471,3365,282,384,51,0,51,0,384,384
0110_4.jpg,110,4,English,1,development_train,2471,3371,281,384,51,0,52,0,384,384
0111_1.jpg,111,1,Arabic,0,validation,2471,3383,280,384,52,0,52,0,384,384
0111_2.jpg,111,2,Arabic,1,validation,2465,3377,280,384,52,0,52,0,384,384
0111_3.jpg,111,3,English,0,validation,2471,3377,281,384,51,0,52,0,384,384
0111_4.jpg,111,4,English,1,validation,2471,3377,281,384,51,0,52,0,384,384
0112_1.jpg,112,1,Arabic,0,validation,2465,3377,280,384,52,0,52,0,384,384
0112_2.jpg,112,2,Arabic,1,validation,2465,3371,281,384,51,0,52,0,384,384
0112_3.jpg,112,3,English,0,validation,2471,3371,281,384,51,0,52,0,384,384
0112_4.jpg,112,4,English,1,validation,2465,3371,281,384,51,0,52,0,384,384
0113_1.jpg,113,1,Arabic,0,validation,2471,3383,280,384,52,0,52,0,384,384
0113_2.jpg,113,2,Arabic,1,validation,2471,3383,280,384,52,0,52,0,384,384
0113_3.jpg,113,3,English,0,validation,2483,3389,281,384,51,0,52,0,384,384
0113_4.jpg,113,4,English,1,validation,2477,3389,281,384,51,0,52,0,384,384
0114_1.jpg,114,1,Arabic,0,development_train,2471,3371,281,384,51,0,52,0,384,384
0114_2.jpg,114,2,Arabic,1,development_train,2471,3365,282,384,51,0,51,0,384,384
0114_3.jpg,114,3,English,0,development_train,2471,3365,282,384,51,0,51,0,384,384
0114_4.jpg,114,4,English,1,development_train,2471,3371,281,384,51,0,52,0,384,384
0115_1.jpg,115,1,Arabic,0,validation,2477,3365,283,384,50,0,51,0,384,384
0115_2.jpg,115,2,Arabic,1,validation,2465,3371,281,384,51,0,52,0,384,384
0115_3.jpg,115,3,English,0,validation,2477,3371,282,384,51,0,51,0,384,384
0115_4.jpg,115,4,English,1,validation,2465,3365,281,384,51,0,52,0,384,384
0116_1.jpg,116,1,Arabic,0,development_train,2477,3353,284,384,50,0,50,0,384,384
0116_2.jpg,116,2,Arabic,1,development_train,2471,3347,283,384,50,0,51,0,384,384
0116_3.jpg,116,3,English,0,development_train,2465,3353,282,384,51,0,51,0,384,384
0116_4.jpg,116,4,English,1,development_train,2471,3353,283,384,50,0,51,0,384,384
0117_1.jpg,117,1,Arabic,0,validation,2465,3389,279,384,52,0,53,0,384,384
0117_2.jpg,117,2,Arabic,1,validation,2471,3377,281,384,51,0,52,0,384,384
0117_3.jpg,117,3,English,0,validation,2471,3383,280,384,52,0,52,0,384,384
0117_4.jpg,117,4,English,1,validation,2477,3383,281,384,51,0,52,0,384,384
0118_1.jpg,118,1,Arabic,0,development_train,2471,3395,279,384,52,0,53,0,384,384
0118_2.jpg,118,2,Arabic,1,development_train,2471,3395,279,384,52,0,53,0,384,384
0118_3.jpg,118,3,English,0,development_train,2465,3377,280,384,52,0,52,0,384,384
0118_4.jpg,118,4,English,1,development_train,2465,3377,280,384,52,0,52,0,384,384
0119_1.jpg,119,1,Arabic,0,development_train,2465,3377,280,384,52,0,52,0,384,384
0119_2.jpg,119,2,Arabic,1,development_train,2465,3377,280,384,52,0,52,0,384,384
0119_3.jpg,119,3,English,0,development_train,2471,3383,280,384,52,0,52,0,384,384
0119_4.jpg,119,4,English,1,development_train,2465,3377,280,384,52,0,52,0,384,384
0120_1.jpg,120,1,Arabic,0,validation,2465,3359,282,384,51,0,51,0,384,384
0120_2.jpg,120,2,Arabic,1,validation,2465,3353,282,384,51,0,51,0,384,384
0120_3.jpg,120,3,English,0,validation,2471,3359,282,384,51,0,51,0,384,384
0120_4.jpg,120,4,English,1,validation,2465,3353,282,384,51,0,51,0,384,384
0121_1.jpg,121,1,Arabic,0,development_train,2477,3383,281,384,51,0,52,0,384,384
0121_2.jpg,121,2,Arabic,1,development_train,2477,3377,282,384,51,0,51,0,384,384
0121_3.jpg,121,3,English,0,development_train,2477,3371,282,384,51,0,51,0,384,384
0121_4.jpg,121,4,English,1,development_train,2483,3371,283,384,50,0,51,0,384,384
0122_1.jpg,122,1,Arabic,0,development_train,2471,3371,281,384,51,0,52,0,384,384
0122_2.jpg,122,2,Arabic,1,development_train,2477,3383,281,384,51,0,52,0,384,384
0122_3.jpg,122,3,English,0,development_train,2471,3377,281,384,51,0,52,0,384,384
0122_4.jpg,122,4,English,1,development_train,2471,3365,282,384,51,0,51,0,384,384
0123_1.jpg,123,1,Arabic,0,development_train,2465,3389,279,384,52,0,53,0,384,384
0123_2.jpg,123,2,Arabic,1,development_train,2471,3371,281,384,51,0,52,0,384,384
0123_3.jpg,123,3,English,0,development_train,2459,3377,280,384,52,0,52,0,384,384
0123_4.jpg,123,4,English,1,development_train,2459,3371,280,384,52,0,52,0,384,384
0124_1.jpg,124,1,Arabic,0,development_train,2465,3365,281,384,51,0,52,0,384,384
0124_2.jpg,124,2,Arabic,1,development_train,2477,3365,283,384,50,0,51,0,384,384
0124_3.jpg,124,3,English,0,development_train,2465,3353,282,384,51,0,51,0,384,384
0124_4.jpg,124,4,English,1,development_train,2459,3353,282,384,51,0,51,0,384,384
0125_1.jpg,125,1,Arabic,0,development_train,2465,3365,281,384,51,0,52,0,384,384
0125_2.jpg,125,2,Arabic,1,development_train,2465,3371,281,384,51,0,52,0,384,384
0125_3.jpg,125,3,English,0,development_train,2465,3377,280,384,52,0,52,0,384,384
0125_4.jpg,125,4,English,1,development_train,2459,3371,280,384,52,0,52,0,384,384
0126_1.jpg,126,1,Arabic,0,validation,2465,3377,280,384,52,0,52,0,384,384
0126_2.jpg,126,2,Arabic,1,validation,2471,3377,281,384,51,0,52,0,384,384
0126_3.jpg,126,3,English,0,validation,2471,3365,282,384,51,0,51,0,384,384
0126_4.jpg,126,4,English,1,validation,2465,3371,281,384,51,0,52,0,384,384
0127_1.jpg,127,1,Arabic,0,development_train,2465,3377,280,384,52,0,52,0,384,384
0127_2.jpg,127,2,Arabic,1,development_train,2465,3383,280,384,52,0,52,0,384,384
0127_3.jpg,127,3,English,0,development_train,2465,3389,279,384,52,0,53,0,384,384
0127_4.jpg,127,4,English,1,development_train,2465,3371,281,384,51,0,52,0,384,384
0128_1.jpg,128,1,Arabic,0,development_train,2471,3383,280,384,52,0,52,0,384,384
0128_2.jpg,128,2,Arabic,1,development_train,2471,3377,281,384,51,0,52,0,384,384
0128_3.jpg,128,3,English,0,development_train,2471,3377,281,384,51,0,52,0,384,384
0128_4.jpg,128,4,English,1,development_train,2471,3377,281,384,51,0,52,0,384,384
0129_1.jpg,129,1,Arabic,0,development_train,2477,3359,283,384,50,0,51,0,384,384
0129_2.jpg,129,2,Arabic,1,development_train,2465,3359,282,384,51,0,51,0,384,384
0129_3.jpg,129,3,English,0,development_train,2465,3359,282,384,51,0,51,0,384,384
0129_4.jpg,129,4,English,1,development_train,2477,3365,283,384,50,0,51,0,384,384
0130_1.jpg,130,1,Arabic,0,development_train,2471,3359,282,384,51,0,51,0,384,384
0130_2.jpg,130,2,Arabic,1,development_train,2471,3353,283,384,50,0,51,0,384,384
0130_3.jpg,130,3,English,0,development_train,2471,3353,283,384,50,0,51,0,384,384
0130_4.jpg,130,4,English,1,development_train,2471,3347,283,384,50,0,51,0,384,384
0131_1.jpg,131,1,Arabic,0,development_train,2477,3371,282,384,51,0,51,0,384,384
0131_2.jpg,131,2,Arabic,1,development_train,2477,3365,283,384,50,0,51,0,384,384
0131_3.jpg,131,3,English,0,development_train,2471,3365,282,384,51,0,51,0,384,384
0131_4.jpg,131,4,English,1,development_train,2477,3371,282,384,51,0,51,0,384,384
0132_1.jpg,132,1,Arabic,0,development_train,2471,3395,279,384,52,0,53,0,384,384
0132_2.jpg,132,2,Arabic,1,development_train,2477,3383,281,384,51,0,52,0,384,384
0132_3.jpg,132,3,English,0,development_train,2477,3383,281,384,51,0,52,0,384,384
0132_4.jpg,132,4,English,1,development_train,2471,3377,281,384,51,0,52,0,384,384
0133_1.jpg,133,1,Arabic,0,development_train,2465,3401,278,384,53,0,53,0,384,384
0133_2.jpg,133,2,Arabic,1,development_train,2471,3389,280,384,52,0,52,0,384,384
0133_3.jpg,133,3,English,0,development_train,2471,3389,280,384,52,0,52,0,384,384
0133_4.jpg,133,4,English,1,development_train,2471,3395,279,384,52,0,53,0,384,384
0134_1.jpg,134,1,Arabic,0,development_train,2471,3389,280,384,52,0,52,0,384,384
0134_2.jpg,134,2,Arabic,1,development_train,2465,3383,280,384,52,0,52,0,384,384
0134_3.jpg,134,3,English,0,development_train,2477,3389,281,384,51,0,52,0,384,384
0134_4.jpg,134,4,English,1,development_train,2471,3383,280,384,52,0,52,0,384,384
0135_1.jpg,135,1,Arabic,0,development_train,2471,3377,281,384,51,0,52,0,384,384
0135_2.jpg,135,2,Arabic,1,development_train,2477,3377,282,384,51,0,51,0,384,384
0135_3.jpg,135,3,English,0,development_train,2471,3389,280,384,52,0,52,0,384,384
0135_4.jpg,135,4,English,1,development_train,2477,3377,282,384,51,0,51,0,384,384
0136_1.jpg,136,1,Arabic,0,validation,2465,3353,282,384,51,0,51,0,384,384
0136_2.jpg,136,2,Arabic,1,validation,2465,3359,282,384,51,0,51,0,384,384
0136_3.jpg,136,3,English,0,validation,2483,3365,283,384,50,0,51,0,384,384
0136_4.jpg,136,4,English,1,validation,2465,3359,282,384,51,0,51,0,384,384
0137_1.jpg,137,1,Arabic,0,validation,2477,3383,281,384,51,0,52,0,384,384
0137_2.jpg,137,2,Arabic,1,validation,2477,3377,282,384,51,0,51,0,384,384
0137_3.jpg,137,3,English,0,validation,2477,3377,282,384,51,0,51,0,384,384
0137_4.jpg,137,4,English,1,validation,2477,3377,282,384,51,0,51,0,384,384
0138_1.jpg,138,1,Arabic,0,development_train,2465,3359,282,384,51,0,51,0,384,384
0138_2.jpg,138,2,Arabic,1,development_train,2465,3359,282,384,51,0,51,0,384,384
0138_3.jpg,138,3,English,0,development_train,2465,3365,281,384,51,0,52,0,384,384
0138_4.jpg,138,4,English,1,development_train,2465,3365,281,384,51,0,52,0,384,384
0139_1.jpg,139,1,Arabic,0,development_train,2471,3353,283,384,50,0,51,0,384,384
0139_2.jpg,139,2,Arabic,1,development_train,2489,3359,285,384,49,0,50,0,384,384
0139_3.jpg,139,3,English,0,development_train,2489,3347,286,384,49,0,49,0,384,384
0139_4.jpg,139,4,English,1,development_train,2465,3341,283,384,50,0,51,0,384,384
0140_1.jpg,140,1,Arabic,0,development_train,2465,3389,279,384,52,0,53,0,384,384
0140_2.jpg,140,2,Arabic,1,development_train,2465,3377,280,384,52,0,52,0,384,384
0140_3.jpg,140,3,English,0,development_train,2471,3383,280,384,52,0,52,0,384,384
0140_4.jpg,140,4,English,1,development_train,2471,3383,280,384,52,0,52,0,384,384
0141_1.jpg,141,1,Arabic,0,validation,2471,3383,280,384,52,0,52,0,384,384
0141_2.jpg,141,2,Arabic,1,validation,2465,3371,281,384,51,0,52,0,384,384
0141_3.jpg,141,3,English,0,validation,2471,3359,282,384,51,0,51,0,384,384
0141_4.jpg,141,4,English,1,validation,2471,3371,281,384,51,0,52,0,384,384
0142_1.jpg,142,1,Arabic,0,development_train,2471,3377,281,384,51,0,52,0,384,384
0142_2.jpg,142,2,Arabic,1,development_train,2471,3365,282,384,51,0,51,0,384,384
0142_3.jpg,142,3,English,0,development_train,2471,3365,282,384,51,0,51,0,384,384
0142_4.jpg,142,4,English,1,development_train,2471,3359,282,384,51,0,51,0,384,384
0143_1.jpg,143,1,Arabic,0,validation,2471,3365,282,384,51,0,51,0,384,384
0143_2.jpg,143,2,Arabic,1,validation,2477,3359,283,384,50,0,51,0,384,384
0143_3.jpg,143,3,English,0,validation,2471,3359,282,384,51,0,51,0,384,384
0143_4.jpg,143,4,English,1,validation,2477,3365,283,384,50,0,51,0,384,384
0144_1.jpg,144,1,Arabic,0,development_train,2465,3353,282,384,51,0,51,0,384,384
0144_2.jpg,144,2,Arabic,1,development_train,2471,3347,283,384,50,0,51,0,384,384
0144_3.jpg,144,3,English,0,development_train,2483,3347,285,384,49,0,50,0,384,384
0144_4.jpg,144,4,English,1,development_train,2465,3347,283,384,50,0,51,0,384,384
0145_1.jpg,145,1,Arabic,0,development_train,2477,3377,282,384,51,0,51,0,384,384
0145_2.jpg,145,2,Arabic,1,development_train,2477,3371,282,384,51,0,51,0,384,384
0145_3.jpg,145,3,English,0,development_train,2471,3365,282,384,51,0,51,0,384,384
0145_4.jpg,145,4,English,1,development_train,2483,3377,282,384,51,0,51,0,384,384
0146_1.jpg,146,1,Arabic,0,development_train,2465,3377,280,384,52,0,52,0,384,384
0146_2.jpg,146,2,Arabic,1,development_train,2465,3365,281,384,51,0,52,0,384,384
0146_3.jpg,146,3,English,0,development_train,2465,3365,281,384,51,0,52,0,384,384
0146_4.jpg,146,4,English,1,development_train,2477,3365,283,384,50,0,51,0,384,384
0147_1.jpg,147,1,Arabic,0,development_train,2465,3383,280,384,52,0,52,0,384,384
0147_2.jpg,147,2,Arabic,1,development_train,2465,3383,280,384,52,0,52,0,384,384
0147_3.jpg,147,3,English,0,development_train,2465,3377,280,384,52,0,52,0,384,384
0147_4.jpg,147,4,English,1,development_train,2465,3377,280,384,52,0,52,0,384,384
0148_1.jpg,148,1,Arabic,0,development_train,2477,3365,283,384,50,0,51,0,384,384
0148_2.jpg,148,2,Arabic,1,development_train,2477,3347,284,384,50,0,50,0,384,384
0148_3.jpg,148,3,English,0,development_train,2471,3359,282,384,51,0,51,0,384,384
0148_4.jpg,148,4,English,1,development_train,2465,3359,282,384,51,0,51,0,384,384
0149_1.jpg,149,1,Arabic,0,validation,2477,3389,281,384,51,0,52,0,384,384
0149_2.jpg,149,2,Arabic,1,validation,2387,1905,384,306,0,39,0,39,384,384
0149_3.jpg,149,3,English,0,validation,2477,3389,281,384,51,0,52,0,384,384
0149_4.jpg,149,4,English,1,validation,2438,2188,384,345,0,19,0,20,384,384
0150_1.jpg,150,1,Arabic,0,development_train,2471,3359,282,384,51,0,51,0,384,384
0150_2.jpg,150,2,Arabic,1,development_train,2465,3353,282,384,51,0,51,0,384,384
0150_3.jpg,150,3,English,0,development_train,2471,3353,283,384,50,0,51,0,384,384
0150_4.jpg,150,4,English,1,development_train,2471,3353,283,384,50,0,51,0,384,384
0151_1.jpg,151,1,Arabic,0,validation,2471,3371,281,384,51,0,52,0,384,384
0151_2.jpg,151,2,Arabic,1,validation,2471,3371,281,384,51,0,52,0,384,384
0151_3.jpg,151,3,English,0,validation,2471,3371,281,384,51,0,52,0,384,384
0151_4.jpg,151,4,English,1,validation,2471,3377,281,384,51,0,52,0,384,384
0152_1.jpg,152,1,Arabic,0,development_train,2477,3395,280,384,52,0,52,0,384,384
0152_2.jpg,152,2,Arabic,1,development_train,2471,3377,281,384,51,0,52,0,384,384
0152_3.jpg,152,3,English,0,development_train,2477,3377,282,384,51,0,51,0,384,384
0152_4.jpg,152,4,English,1,development_train,2483,3377,282,384,51,0,51,0,384,384
0153_1.jpg,153,1,Arabic,0,development_train,2465,3371,281,384,51,0,52,0,384,384
0153_2.jpg,153,2,Arabic,1,development_train,2465,3365,281,384,51,0,52,0,384,384
0153_3.jpg,153,3,English,0,development_train,2465,3365,281,384,51,0,52,0,384,384
0153_4.jpg,153,4,English,1,development_train,2471,3365,282,384,51,0,51,0,384,384
0154_1.jpg,154,1,Arabic,0,development_train,2477,3383,281,384,51,0,52,0,384,384
0154_2.jpg,154,2,Arabic,1,development_train,2483,3389,281,384,51,0,52,0,384,384
0154_3.jpg,154,3,English,0,development_train,2471,3383,280,384,52,0,52,0,384,384
0154_4.jpg,154,4,English,1,development_train,2471,3383,280,384,52,0,52,0,384,384
0155_1.jpg,155,1,Arabic,0,development_train,2471,3377,281,384,51,0,52,0,384,384
0155_2.jpg,155,2,Arabic,1,development_train,2477,3377,282,384,51,0,51,0,384,384
0155_3.jpg,155,3,English,0,development_train,2483,3377,282,384,51,0,51,0,384,384
0155_4.jpg,155,4,English,1,development_train,2477,3377,282,384,51,0,51,0,384,384
0156_1.jpg,156,1,Arabic,0,development_train,2471,3365,282,384,51,0,51,0,384,384
0156_2.jpg,156,2,Arabic,1,development_train,2465,3359,282,384,51,0,51,0,384,384
0156_3.jpg,156,3,English,0,development_train,2471,3359,282,384,51,0,51,0,384,384
0156_4.jpg,156,4,English,1,development_train,2471,3359,282,384,51,0,51,0,384,384
0157_1.jpg,157,1,Arabic,0,development_train,2471,3347,283,384,50,0,51,0,384,384
0157_2.jpg,157,2,Arabic,1,development_train,2465,3347,283,384,50,0,51,0,384,384
0157_3.jpg,157,3,English,0,development_train,2465,3347,283,384,50,0,51,0,384,384
0157_4.jpg,157,4,English,1,development_train,2471,3353,283,384,50,0,51,0,384,384
0158_1.jpg,158,1,Arabic,0,development_train,2471,3359,282,384,51,0,51,0,384,384
0158_2.jpg,158,2,Arabic,1,development_train,2465,3365,281,384,51,0,52,0,384,384
0158_3.jpg,158,3,English,0,development_train,2471,3377,281,384,51,0,52,0,384,384
0158_4.jpg,158,4,English,1,development_train,2465,3359,282,384,51,0,51,0,384,384
0159_1.jpg,159,1,Arabic,0,development_train,2471,3359,282,384,51,0,51,0,384,384
0159_2.jpg,159,2,Arabic,1,development_train,2465,3353,282,384,51,0,51,0,384,384
0159_3.jpg,159,3,English,0,development_train,2483,3359,284,384,50,0,50,0,384,384
0159_4.jpg,159,4,English,1,development_train,2471,3353,283,384,50,0,51,0,384,384
0160_1.jpg,160,1,Arabic,0,development_train,2471,3365,282,384,51,0,51,0,384,384
0160_2.jpg,160,2,Arabic,1,development_train,2471,3365,282,384,51,0,51,0,384,384
0160_3.jpg,160,3,English,0,development_train,2471,3365,282,384,51,0,51,0,384,384
0160_4.jpg,160,4,English,1,development_train,2477,3371,282,384,51,0,51,0,384,384
0161_1.jpg,161,1,Arabic,0,development_train,2471,3353,283,384,50,0,51,0,384,384
0161_2.jpg,161,2,Arabic,1,development_train,2471,3347,283,384,50,0,51,0,384,384
0161_3.jpg,161,3,English,0,development_train,2465,3341,283,384,50,0,51,0,384,384
0161_4.jpg,161,4,English,1,development_train,2465,3347,283,384,50,0,51,0,384,384
0162_1.jpg,162,1,Arabic,0,development_train,2471,3389,280,384,52,0,52,0,384,384
0162_2.jpg,162,2,Arabic,1,development_train,2471,3377,281,384,51,0,52,0,384,384
0162_3.jpg,162,3,English,0,development_train,2471,3377,281,384,51,0,52,0,384,384
0162_4.jpg,162,4,English,1,development_train,2471,3371,281,384,51,0,52,0,384,384
0163_1.jpg,163,1,Arabic,0,development_train,2465,3371,281,384,51,0,52,0,384,384
0163_2.jpg,163,2,Arabic,1,development_train,2471,3371,281,384,51,0,52,0,384,384
0163_3.jpg,163,3,English,0,development_train,2465,3371,281,384,51,0,52,0,384,384
0163_4.jpg,163,4,English,1,development_train,2465,3377,280,384,52,0,52,0,384,384
0164_1.jpg,164,1,Arabic,0,development_train,2471,3383,280,384,52,0,52,0,384,384
0164_2.jpg,164,2,Arabic,1,development_train,2324,1057,384,175,0,104,0,105,384,384
0164_3.jpg,164,3,English,0,development_train,2471,3383,280,384,52,0,52,0,384,384
0164_4.jpg,164,4,English,1,development_train,2471,3389,280,384,52,0,52,0,384,384
0165_1.jpg,165,1,Arabic,0,development_train,2471,3359,282,384,51,0,51,0,384,384
0165_2.jpg,165,2,Arabic,1,development_train,2471,3359,282,384,51,0,51,0,384,384
0165_3.jpg,165,3,English,0,development_train,2477,3353,284,384,50,0,50,0,384,384
0165_4.jpg,165,4,English,1,development_train,2471,3347,283,384,50,0,51,0,384,384
0166_1.jpg,166,1,Arabic,0,development_train,2483,3383,282,384,51,0,51,0,384,384
0166_2.jpg,166,2,Arabic,1,development_train,2477,3383,281,384,51,0,52,0,384,384
0166_3.jpg,166,3,English,0,development_train,2477,3371,282,384,51,0,51,0,384,384
0166_4.jpg,166,4,English,1,development_train,2471,3377,281,384,51,0,52,0,384,384
0167_1.jpg,167,1,Arabic,0,development_train,2471,3377,281,384,51,0,52,0,384,384
0167_2.jpg,167,2,Arabic,1,development_train,2471,3377,281,384,51,0,52,0,384,384
0167_3.jpg,167,3,English,0,development_train,2483,3383,282,384,51,0,51,0,384,384
0167_4.jpg,167,4,English,1,development_train,2483,3365,283,384,50,0,51,0,384,384
0168_1.jpg,168,1,Arabic,0,development_train,2465,3371,281,384,51,0,52,0,384,384
0168_2.jpg,168,2,Arabic,1,development_train,2459,3371,280,384,52,0,52,0,384,384
0168_3.jpg,168,3,English,0,development_train,2459,3365,281,384,51,0,52,0,384,384
0168_4.jpg,168,4,English,1,development_train,2465,3359,282,384,51,0,51,0,384,384
0169_1.jpg,169,1,Arabic,0,development_train,2465,3353,282,384,51,0,51,0,384,384
0169_2.jpg,169,2,Arabic,1,development_train,2465,3353,282,384,51,0,51,0,384,384
0169_3.jpg,169,3,English,0,development_train,2471,3353,283,384,50,0,51,0,384,384
0169_4.jpg,169,4,English,1,development_train,2471,3353,283,384,50,0,51,0,384,384
0170_1.jpg,170,1,Arabic,0,development_train,2471,3347,283,384,50,0,51,0,384,384
0170_2.jpg,170,2,Arabic,1,development_train,2483,3341,285,384,49,0,50,0,384,384
0170_3.jpg,170,3,English,0,development_train,2465,3341,283,384,50,0,51,0,384,384
0170_4.jpg,170,4,English,1,development_train,2483,3347,285,384,49,0,50,0,384,384
0171_1.jpg,171,1,Arabic,0,development_train,2465,3353,282,384,51,0,51,0,384,384
0171_2.jpg,171,2,Arabic,1,development_train,2465,3353,282,384,51,0,51,0,384,384
0171_3.jpg,171,3,English,0,development_train,2477,3347,284,384,50,0,50,0,384,384
0171_4.jpg,171,4,English,1,development_train,2471,3347,283,384,50,0,51,0,384,384
0172_1.jpg,172,1,Arabic,0,development_train,2471,3371,281,384,51,0,52,0,384,384
0172_2.jpg,172,2,Arabic,1,development_train,2471,3365,282,384,51,0,51,0,384,384
0172_3.jpg,172,3,English,0,development_train,2471,3365,282,384,51,0,51,0,384,384
0172_4.jpg,172,4,English,1,development_train,2465,3359,282,384,51,0,51,0,384,384
0173_1.jpg,173,1,Arabic,0,validation,2471,3383,280,384,52,0,52,0,384,384
0173_2.jpg,173,2,Arabic,1,validation,2471,3383,280,384,52,0,52,0,384,384
0173_3.jpg,173,3,English,0,validation,2471,3383,280,384,52,0,52,0,384,384
0173_4.jpg,173,4,English,1,validation,2477,3383,281,384,51,0,52,0,384,384
0174_1.jpg,174,1,Arabic,0,development_train,2465,3377,280,384,52,0,52,0,384,384
0174_2.jpg,174,2,Arabic,1,development_train,2465,3371,281,384,51,0,52,0,384,384
0174_3.jpg,174,3,English,0,development_train,2465,3377,280,384,52,0,52,0,384,384
0174_4.jpg,174,4,English,1,development_train,2471,3371,281,384,51,0,52,0,384,384
0175_1.jpg,175,1,Arabic,0,validation,2477,3353,284,384,50,0,50,0,384,384
0175_2.jpg,175,2,Arabic,1,validation,2483,3353,284,384,50,0,50,0,384,384
0175_3.jpg,175,3,English,0,validation,2471,3347,283,384,50,0,51,0,384,384
0175_4.jpg,175,4,English,1,validation,2471,3347,283,384,50,0,51,0,384,384
0176_1.jpg,176,1,Arabic,0,development_train,2471,3389,280,384,52,0,52,0,384,384
0176_2.jpg,176,2,Arabic,1,development_train,2465,3371,281,384,51,0,52,0,384,384
0176_3.jpg,176,3,English,0,development_train,2465,3377,280,384,52,0,52,0,384,384
0176_4.jpg,176,4,English,1,development_train,2465,3377,280,384,52,0,52,0,384,384
0177_1.jpg,177,1,Arabic,0,validation,2471,3371,281,384,51,0,52,0,384,384
0177_2.jpg,177,2,Arabic,1,validation,2471,3365,282,384,51,0,51,0,384,384
0177_3.jpg,177,3,English,0,validation,2465,3353,282,384,51,0,51,0,384,384
0177_4.jpg,177,4,English,1,validation,2471,3359,282,384,51,0,51,0,384,384
0178_1.jpg,178,1,Arabic,0,development_train,2471,3383,280,384,52,0,52,0,384,384
0178_2.jpg,178,2,Arabic,1,development_train,2471,3383,280,384,52,0,52,0,384,384
0178_3.jpg,178,3,English,0,development_train,2471,3377,281,384,51,0,52,0,384,384
0178_4.jpg,178,4,English,1,development_train,2471,3377,281,384,51,0,52,0,384,384
0179_1.jpg,179,1,Arabic,0,development_train,2471,3383,280,384,52,0,52,0,384,384
0179_2.jpg,179,2,Arabic,1,development_train,2471,3389,280,384,52,0,52,0,384,384
0179_3.jpg,179,3,English,0,development_train,2471,3383,280,384,52,0,52,0,384,384
0179_4.jpg,179,4,English,1,development_train,2477,3371,282,384,51,0,51,0,384,384
0180_1.jpg,180,1,Arabic,0,development_train,2465,3389,279,384,52,0,53,0,384,384
0180_2.jpg,180,2,Arabic,1,development_train,2471,3395,279,384,52,0,53,0,384,384
0180_3.jpg,180,3,English,0,development_train,2471,3383,280,384,52,0,52,0,384,384
0180_4.jpg,180,4,English,1,development_train,2465,3377,280,384,52,0,52,0,384,384
0181_1.jpg,181,1,Arabic,0,development_train,2477,3365,283,384,50,0,51,0,384,384
0181_2.jpg,181,2,Arabic,1,development_train,2471,3365,282,384,51,0,51,0,384,384
0181_3.jpg,181,3,English,0,development_train,2465,3359,282,384,51,0,51,0,384,384
0181_4.jpg,181,4,English,1,development_train,2471,3359,282,384,51,0,51,0,384,384
0182_1.jpg,182,1,Arabic,0,validation,2477,3383,281,384,51,0,52,0,384,384
0182_2.jpg,182,2,Arabic,1,validation,2477,3383,281,384,51,0,52,0,384,384
0182_3.jpg,182,3,English,0,validation,2471,3383,280,384,52,0,52,0,384,384
0182_4.jpg,182,4,English,1,validation,2471,3377,281,384,51,0,52,0,384,384
0183_1.jpg,183,1,Arabic,0,development_train,2471,3371,281,384,51,0,52,0,384,384
0183_2.jpg,183,2,Arabic,1,development_train,2471,3365,282,384,51,0,51,0,384,384
0183_3.jpg,183,3,English,0,development_train,2471,3365,282,384,51,0,51,0,384,384
0183_4.jpg,183,4,English,1,development_train,2477,3353,284,384,50,0,50,0,384,384
0184_1.jpg,184,1,Arabic,0,validation,2471,3377,281,384,51,0,52,0,384,384
0184_2.jpg,184,2,Arabic,1,validation,2471,3389,280,384,52,0,52,0,384,384
0184_3.jpg,184,3,English,0,validation,2471,3383,280,384,52,0,52,0,384,384
0184_4.jpg,184,4,English,1,validation,2471,3377,281,384,51,0,52,0,384,384
0185_1.jpg,185,1,Arabic,0,development_train,2471,3347,283,384,50,0,51,0,384,384
0185_2.jpg,185,2,Arabic,1,development_train,2477,3359,283,384,50,0,51,0,384,384
0185_3.jpg,185,3,English,0,development_train,2465,3353,282,384,51,0,51,0,384,384
0185_4.jpg,185,4,English,1,development_train,2471,3347,283,384,50,0,51,0,384,384
0186_1.jpg,186,1,Arabic,0,validation,2459,3383,279,384,52,0,53,0,384,384
0186_2.jpg,186,2,Arabic,1,validation,2465,3365,281,384,51,0,52,0,384,384
0186_3.jpg,186,3,English,0,validation,2465,3365,281,384,51,0,52,0,384,384
0186_4.jpg,186,4,English,1,validation,2459,3371,280,384,52,0,52,0,384,384
0187_1.jpg,187,1,Arabic,0,validation,2471,3395,279,384,52,0,53,0,384,384
0187_2.jpg,187,2,Arabic,1,validation,2471,3377,281,384,51,0,52,0,384,384
0187_3.jpg,187,3,English,0,validation,2471,3377,281,384,51,0,52,0,384,384
0187_4.jpg,187,4,English,1,validation,2471,3383,280,384,52,0,52,0,384,384
0188_1.jpg,188,1,Arabic,0,development_train,2471,3383,280,384,52,0,52,0,384,384
0188_2.jpg,188,2,Arabic,1,development_train,2471,3383,280,384,52,0,52,0,384,384
0188_3.jpg,188,3,English,0,development_train,2471,3383,280,384,52,0,52,0,384,384
0188_4.jpg,188,4,English,1,development_train,2471,3377,281,384,51,0,52,0,384,384
0189_1.jpg,189,1,Arabic,0,development_train,2465,3371,281,384,51,0,52,0,384,384
0189_2.jpg,189,2,Arabic,1,development_train,2477,3371,282,384,51,0,51,0,384,384
0189_3.jpg,189,3,English,0,development_train,2477,3377,282,384,51,0,51,0,384,384
0189_4.jpg,189,4,English,1,development_train,2471,3371,281,384,51,0,52,0,384,384
0190_1.jpg,190,1,Arabic,0,validation,2471,3371,281,384,51,0,52,0,384,384
0190_2.jpg,190,2,Arabic,1,validation,2471,3377,281,384,51,0,52,0,384,384
0190_3.jpg,190,3,English,0,validation,2471,3365,282,384,51,0,51,0,384,384
0190_4.jpg,190,4,English,1,validation,2471,3365,282,384,51,0,51,0,384,384
0191_1.jpg,191,1,Arabic,0,development_train,2471,3371,281,384,51,0,52,0,384,384
0191_2.jpg,191,2,Arabic,1,development_train,2465,3359,282,384,51,0,51,0,384,384
0191_3.jpg,191,3,English,0,development_train,2465,3359,282,384,51,0,51,0,384,384
0191_4.jpg,191,4,English,1,development_train,2465,3353,282,384,51,0,51,0,384,384
0192_1.jpg,192,1,Arabic,0,development_train,2471,3365,282,384,51,0,51,0,384,384
0192_2.jpg,192,2,Arabic,1,development_train,2459,3353,282,384,51,0,51,0,384,384
0192_3.jpg,192,3,English,0,development_train,2465,3347,283,384,50,0,51,0,384,384
0192_4.jpg,192,4,English,1,development_train,2471,3347,283,384,50,0,51,0,384,384
0193_1.jpg,193,1,Arabic,0,development_train,2471,3347,283,384,50,0,51,0,384,384
0193_2.jpg,193,2,Arabic,1,development_train,2465,3347,283,384,50,0,51,0,384,384
0193_3.jpg,193,3,English,0,development_train,2465,3347,283,384,50,0,51,0,384,384
0193_4.jpg,193,4,English,1,development_train,2471,3347,283,384,50,0,51,0,384,384
0194_1.jpg,194,1,Arabic,0,validation,2471,3401,279,384,52,0,53,0,384,384
0194_2.jpg,194,2,Arabic,1,validation,2471,3395,279,384,52,0,53,0,384,384
0194_3.jpg,194,3,English,0,validation,2477,3383,281,384,51,0,52,0,384,384
0194_4.jpg,194,4,English,1,validation,2477,3383,281,384,51,0,52,0,384,384
0195_1.jpg,195,1,Arabic,0,validation,2471,3377,281,384,51,0,52,0,384,384
0195_2.jpg,195,2,Arabic,1,validation,2477,3365,283,384,50,0,51,0,384,384
0195_3.jpg,195,3,English,0,validation,2477,3365,283,384,50,0,51,0,384,384
0195_4.jpg,195,4,English,1,validation,2471,3365,282,384,51,0,51,0,384,384
0196_1.jpg,196,1,Arabic,0,development_train,2465,3365,281,384,51,0,52,0,384,384
0196_2.jpg,196,2,Arabic,1,development_train,2465,3365,281,384,51,0,52,0,384,384
0196_3.jpg,196,3,English,0,development_train,2471,3359,282,384,51,0,51,0,384,384
0196_4.jpg,196,4,English,1,development_train,2471,3371,281,384,51,0,52,0,384,384
0197_1.jpg,197,1,Arabic,0,development_train,2471,3401,279,384,52,0,53,0,384,384
0197_2.jpg,197,2,Arabic,1,development_train,2471,3389,280,384,52,0,52,0,384,384
0197_3.jpg,197,3,English,0,development_train,2471,3401,279,384,52,0,53,0,384,384
0197_4.jpg,197,4,English,1,development_train,2465,3395,279,384,52,0,53,0,384,384
0198_1.jpg,198,1,Arabic,0,development_train,2465,3365,281,384,51,0,52,0,384,384
0198_2.jpg,198,2,Arabic,1,development_train,2465,3347,283,384,50,0,51,0,384,384
0198_3.jpg,198,3,English,0,development_train,2465,3359,282,384,51,0,51,0,384,384
0198_4.jpg,198,4,English,1,development_train,2471,3353,283,384,50,0,51,0,384,384
0199_1.jpg,199,1,Arabic,0,development_train,2471,3365,282,384,51,0,51,0,384,384
0199_2.jpg,199,2,Arabic,1,development_train,2471,3365,282,384,51,0,51,0,384,384
0199_3.jpg,199,3,English,0,development_train,2477,3365,283,384,50,0,51,0,384,384
0199_4.jpg,199,4,English,1,development_train,2471,3371,281,384,51,0,52,0,384,384
0200_1.jpg,200,1,Arabic,0,development_train,4943,6719,282,384,51,0,51,0,384,384
0200_2.jpg,200,2,Arabic,1,development_train,4931,6719,282,384,51,0,51,0,384,384
0200_3.jpg,200,3,English,0,development_train,4931,6731,281,384,51,0,52,0,384,384
0200_4.jpg,200,4,English,1,development_train,4967,6719,284,384,50,0,50,0,384,384
0201_1.jpg,201,1,Arabic,0,development_train,2466,3366,281,384,51,0,52,0,384,384
0201_2.jpg,201,2,Arabic,1,development_train,2472,3348,284,384,50,0,50,0,384,384
0201_3.jpg,201,3,English,0,development_train,2472,3354,283,384,50,0,51,0,384,384
0201_4.jpg,201,4,English,1,development_train,2472,3348,284,384,50,0,50,0,384,384
0202_1.jpg,202,1,Arabic,0,development_train,2472,3384,281,384,51,0,52,0,384,384
0202_2.jpg,202,2,Arabic,1,development_train,2478,3378,282,384,51,0,51,0,384,384
0202_3.jpg,202,3,English,0,development_train,2478,3384,281,384,51,0,52,0,384,384
0202_4.jpg,202,4,English,1,development_train,2472,3384,281,384,51,0,52,0,384,384
0203_1.jpg,203,1,Arabic,0,development_train,2472,3378,281,384,51,0,52,0,384,384
0203_2.jpg,203,2,Arabic,1,development_train,2478,3372,282,384,51,0,51,0,384,384
0203_3.jpg,203,3,English,0,development_train,2484,3372,283,384,50,0,51,0,384,384
0203_4.jpg,203,4,English,1,development_train,2472,3366,282,384,51,0,51,0,384,384
0204_1.jpg,204,1,Arabic,0,development_train,2466,3378,280,384,52,0,52,0,384,384
0204_2.jpg,204,2,Arabic,1,development_train,2472,3384,281,384,51,0,52,0,384,384
0204_3.jpg,204,3,English,0,development_train,2472,3384,281,384,51,0,52,0,384,384
0204_4.jpg,204,4,English,1,development_train,2466,3384,280,384,52,0,52,0,384,384
0205_1.jpg,205,1,Arabic,0,development_train,2460,3366,281,384,51,0,52,0,384,384
0205_2.jpg,205,2,Arabic,1,development_train,2472,3360,283,384,50,0,51,0,384,384
0205_3.jpg,205,3,English,0,development_train,2472,3354,283,384,50,0,51,0,384,384
0205_4.jpg,205,4,English,1,development_train,2460,3354,282,384,51,0,51,0,384,384
0206_1.jpg,206,1,Arabic,0,development_train,2472,3372,282,384,51,0,51,0,384,384
0206_2.jpg,206,2,Arabic,1,development_train,2478,3372,282,384,51,0,51,0,384,384
0206_3.jpg,206,3,English,0,development_train,2472,3366,282,384,51,0,51,0,384,384
0206_4.jpg,206,4,English,1,development_train,2472,3360,283,384,50,0,51,0,384,384
0207_1.jpg,207,1,Arabic,0,development_train,2466,3378,280,384,52,0,52,0,384,384
0207_2.jpg,207,2,Arabic,1,development_train,2466,3378,280,384,52,0,52,0,384,384
0207_3.jpg,207,3,English,0,development_train,2478,3384,281,384,51,0,52,0,384,384
0207_4.jpg,207,4,English,1,development_train,2478,3384,281,384,51,0,52,0,384,384
0208_1.jpg,208,1,Arabic,0,development_train,2472,3384,281,384,51,0,52,0,384,384
0208_2.jpg,208,2,Arabic,1,development_train,2472,3384,281,384,51,0,52,0,384,384
0208_3.jpg,208,3,English,0,development_train,2472,3372,282,384,51,0,51,0,384,384
0208_4.jpg,208,4,English,1,development_train,2472,3372,282,384,51,0,51,0,384,384
0209_1.jpg,209,1,Arabic,0,development_train,2472,3366,282,384,51,0,51,0,384,384
0209_2.jpg,209,2,Arabic,1,development_train,2472,3366,282,384,51,0,51,0,384,384
0209_3.jpg,209,3,English,0,development_train,2472,3366,282,384,51,0,51,0,384,384
0209_4.jpg,209,4,English,1,development_train,2472,3366,282,384,51,0,51,0,384,384
0210_1.jpg,210,1,Arabic,0,development_train,2478,3390,281,384,51,0,52,0,384,384
0210_2.jpg,210,2,Arabic,1,development_train,2478,3378,282,384,51,0,51,0,384,384
0210_3.jpg,210,3,English,0,development_train,2472,3384,281,384,51,0,52,0,384,384
0210_4.jpg,210,4,English,1,development_train,2478,3372,282,384,51,0,51,0,384,384
0211_1.jpg,211,1,Arabic,0,development_train,2466,3372,281,384,51,0,52,0,384,384
0211_2.jpg,211,2,Arabic,1,development_train,2466,3366,281,384,51,0,52,0,384,384
0211_3.jpg,211,3,English,0,development_train,2466,3360,282,384,51,0,51,0,384,384
0211_4.jpg,211,4,English,1,development_train,2472,3360,283,384,50,0,51,0,384,384
0212_1.jpg,212,1,Arabic,0,development_train,2466,3384,280,384,52,0,52,0,384,384
0212_2.jpg,212,2,Arabic,1,development_train,2472,3384,281,384,51,0,52,0,384,384
0212_3.jpg,212,3,English,0,development_train,2466,3378,280,384,52,0,52,0,384,384
0212_4.jpg,212,4,English,1,development_train,2472,3384,281,384,51,0,52,0,384,384
0213_1.jpg,213,1,Arabic,0,development_train,2472,3366,282,384,51,0,51,0,384,384
0213_2.jpg,213,2,Arabic,1,development_train,2478,3366,283,384,50,0,51,0,384,384
0213_3.jpg,213,3,English,0,development_train,2484,3366,283,384,50,0,51,0,384,384
0213_4.jpg,213,4,English,1,development_train,2478,3360,283,384,50,0,51,0,384,384
0214_1.jpg,214,1,Arabic,0,development_train,2466,3384,280,384,52,0,52,0,384,384
0214_2.jpg,214,2,Arabic,1,development_train,2466,3378,280,384,52,0,52,0,384,384
0214_3.jpg,214,3,English,0,development_train,2466,3378,280,384,52,0,52,0,384,384
0214_4.jpg,214,4,English,1,development_train,2477,3378,282,384,51,0,51,0,384,384
0215_1.jpg,215,1,Arabic,0,validation,2472,3372,282,384,51,0,51,0,384,384
0215_2.jpg,215,2,Arabic,1,validation,2472,3378,281,384,51,0,52,0,384,384
0215_3.jpg,215,3,English,0,validation,2472,3384,281,384,51,0,52,0,384,384
0215_4.jpg,215,4,English,1,validation,2472,3378,281,384,51,0,52,0,384,384
0216_1.jpg,216,1,Arabic,0,development_train,2472,3378,281,384,51,0,52,0,384,384
0216_2.jpg,216,2,Arabic,1,development_train,2466,3378,280,384,52,0,52,0,384,384
0216_3.jpg,216,3,English,0,development_train,2472,3378,281,384,51,0,52,0,384,384
0216_4.jpg,216,4,English,1,development_train,2472,3378,281,384,51,0,52,0,384,384
0217_1.jpg,217,1,Arabic,0,validation,2484,3384,282,384,51,0,51,0,384,384
0217_2.jpg,217,2,Arabic,1,validation,2478,3390,281,384,51,0,52,0,384,384
0217_3.jpg,217,3,English,0,validation,2478,3378,282,384,51,0,51,0,384,384
0217_4.jpg,217,4,English,1,validation,2478,3372,282,384,51,0,51,0,384,384
0218_1.jpg,218,1,Arabic,0,development_train,2472,3384,281,384,51,0,52,0,384,384
0218_2.jpg,218,2,Arabic,1,development_train,2472,3378,281,384,51,0,52,0,384,384
0218_3.jpg,218,3,English,0,development_train,2472,3378,281,384,51,0,52,0,384,384
0218_4.jpg,218,4,English,1,development_train,2472,3384,281,384,51,0,52,0,384,384
0219_1.jpg,219,1,Arabic,0,development_train,2478,3390,281,384,51,0,52,0,384,384
0219_2.jpg,219,2,Arabic,1,development_train,2478,3378,282,384,51,0,51,0,384,384
0219_3.jpg,219,3,English,0,development_train,2478,3378,282,384,51,0,51,0,384,384
0219_4.jpg,219,4,English,1,development_train,2478,3378,282,384,51,0,51,0,384,384
0220_1.jpg,220,1,Arabic,0,development_train,2466,3366,281,384,51,0,52,0,384,384
0220_2.jpg,220,2,Arabic,1,development_train,2472,3372,282,384,51,0,51,0,384,384
0220_3.jpg,220,3,English,0,development_train,2472,3372,282,384,51,0,51,0,384,384
0220_4.jpg,220,4,English,1,development_train,2478,3372,282,384,51,0,51,0,384,384
0221_1.jpg,221,1,Arabic,0,development_train,2478,3396,280,384,52,0,52,0,384,384
0221_2.jpg,221,2,Arabic,1,development_train,2380,1161,384,187,0,98,0,99,384,384
0221_3.jpg,221,3,English,0,development_train,2478,3390,281,384,51,0,52,0,384,384
0221_4.jpg,221,4,English,1,development_train,2472,1112,384,173,0,105,0,106,384,384
0222_1.jpg,222,1,Arabic,0,development_train,2466,3384,280,384,52,0,52,0,384,384
0222_2.jpg,222,2,Arabic,1,development_train,2466,3384,280,384,52,0,52,0,384,384
0222_3.jpg,222,3,English,0,development_train,2472,3378,281,384,51,0,52,0,384,384
0222_4.jpg,222,4,English,1,development_train,2472,3384,281,384,51,0,52,0,384,384
0223_1.jpg,223,1,Arabic,0,development_train,2472,3366,282,384,51,0,51,0,384,384
0223_2.jpg,223,2,Arabic,1,development_train,2478,3366,283,384,50,0,51,0,384,384
0223_3.jpg,223,3,English,0,development_train,2472,3360,283,384,50,0,51,0,384,384
0223_4.jpg,223,4,English,1,development_train,2472,3366,282,384,51,0,51,0,384,384
0224_1.jpg,224,1,Arabic,0,development_train,2466,3360,282,384,51,0,51,0,384,384
0224_2.jpg,224,2,Arabic,1,development_train,2472,3360,283,384,50,0,51,0,384,384
0224_3.jpg,224,3,English,0,development_train,2478,3354,284,384,50,0,50,0,384,384
0224_4.jpg,224,4,English,1,development_train,2484,3354,284,384,50,0,50,0,384,384
0225_1.jpg,225,1,Arabic,0,development_train,2466,3354,282,384,51,0,51,0,384,384
0225_2.jpg,225,2,Arabic,1,development_train,2472,3366,282,384,51,0,51,0,384,384
0225_3.jpg,225,3,English,0,development_train,2472,3366,282,384,51,0,51,0,384,384
0225_4.jpg,225,4,English,1,development_train,2472,3360,283,384,50,0,51,0,384,384
0226_1.jpg,226,1,Arabic,0,development_train,2484,3396,281,384,51,0,52,0,384,384
0226_2.jpg,226,2,Arabic,1,development_train,2484,3390,281,384,51,0,52,0,384,384
0226_3.jpg,226,3,English,0,development_train,2478,3384,281,384,51,0,52,0,384,384
0226_4.jpg,226,4,English,1,development_train,2472,3402,279,384,52,0,53,0,384,384
0227_1.jpg,227,1,Arabic,0,development_train,2472,3384,281,384,51,0,52,0,384,384
0227_2.jpg,227,2,Arabic,1,development_train,2472,3384,281,384,51,0,52,0,384,384
0227_3.jpg,227,3,English,0,development_train,2472,3384,281,384,51,0,52,0,384,384
0227_4.jpg,227,4,English,1,development_train,2472,3390,280,384,52,0,52,0,384,384
0228_1.jpg,228,1,Arabic,0,development_train,2478,3366,283,384,50,0,51,0,384,384
0228_2.jpg,228,2,Arabic,1,development_train,2466,3354,282,384,51,0,51,0,384,384
0228_3.jpg,228,3,English,0,development_train,2466,3354,282,384,51,0,51,0,384,384
0228_4.jpg,228,4,English,1,development_train,2466,3348,283,384,50,0,51,0,384,384
0229_1.jpg,229,1,Arabic,0,development_train,2484,3378,282,384,51,0,51,0,384,384
0229_2.jpg,229,2,Arabic,1,development_train,2472,3390,280,384,52,0,52,0,384,384
0229_3.jpg,229,3,English,0,development_train,2472,3378,281,384,51,0,52,0,384,384
0229_4.jpg,229,4,English,1,development_train,2472,3372,282,384,51,0,51,0,384,384
0230_1.jpg,230,1,Arabic,0,validation,2472,3384,281,384,51,0,52,0,384,384
0230_2.jpg,230,2,Arabic,1,validation,2472,3378,281,384,51,0,52,0,384,384
0230_3.jpg,230,3,English,0,validation,2466,3384,280,384,52,0,52,0,384,384
0230_4.jpg,230,4,English,1,validation,2466,3378,280,384,52,0,52,0,384,384
0231_1.jpg,231,1,Arabic,0,development_train,2472,3354,283,384,50,0,51,0,384,384
0231_2.jpg,231,2,Arabic,1,development_train,2472,3348,284,384,50,0,50,0,384,384
0231_3.jpg,231,3,English,0,development_train,2478,3342,285,384,49,0,50,0,384,384
0231_4.jpg,231,4,English,1,development_train,2472,3342,284,384,50,0,50,0,384,384
0232_1.jpg,232,1,Arabic,0,development_train,2472,3378,281,384,51,0,52,0,384,384
0232_2.jpg,232,2,Arabic,1,development_train,2472,3372,282,384,51,0,51,0,384,384
0232_3.jpg,232,3,English,0,development_train,2466,3372,281,384,51,0,52,0,384,384
0232_4.jpg,232,4,English,1,development_train,2472,3372,282,384,51,0,51,0,384,384
0233_1.jpg,233,1,Arabic,0,validation,2472,3384,281,384,51,0,52,0,384,384
0233_2.jpg,233,2,Arabic,1,validation,2472,3378,281,384,51,0,52,0,384,384
0233_3.jpg,233,3,English,0,validation,2472,3378,281,384,51,0,52,0,384,384
0233_4.jpg,233,4,English,1,validation,2466,3378,280,384,52,0,52,0,384,384
0234_1.jpg,234,1,Arabic,0,development_train,2466,3372,281,384,51,0,52,0,384,384
0234_2.jpg,234,2,Arabic,1,development_train,2472,3366,282,384,51,0,51,0,384,384
0234_3.jpg,234,3,English,0,development_train,2466,3366,281,384,51,0,52,0,384,384
0234_4.jpg,234,4,English,1,development_train,2472,3366,282,384,51,0,51,0,384,384
0235_1.jpg,235,1,Arabic,0,development_train,2460,3384,279,384,52,0,53,0,384,384
0235_2.jpg,235,2,Arabic,1,development_train,2466,3372,281,384,51,0,52,0,384,384
0235_3.jpg,235,3,English,0,development_train,2466,3378,280,384,52,0,52,0,384,384
0235_4.jpg,235,4,English,1,development_train,2466,3384,280,384,52,0,52,0,384,384
0236_1.jpg,236,1,Arabic,0,validation,2472,3390,280,384,52,0,52,0,384,384
0236_2.jpg,236,2,Arabic,1,validation,2472,3390,280,384,52,0,52,0,384,384
0236_3.jpg,236,3,English,0,validation,2478,3396,280,384,52,0,52,0,384,384
0236_4.jpg,236,4,English,1,validation,2472,3390,280,384,52,0,52,0,384,384
0237_1.jpg,237,1,Arabic,0,development_train,2472,3366,282,384,51,0,51,0,384,384
0237_2.jpg,237,2,Arabic,1,development_train,2466,3384,280,384,52,0,52,0,384,384
0237_3.jpg,237,3,English,0,development_train,2472,3372,282,384,51,0,51,0,384,384
0237_4.jpg,237,4,English,1,development_train,2466,3378,280,384,52,0,52,0,384,384
0238_1.jpg,238,1,Arabic,0,development_train,2472,3384,281,384,51,0,52,0,384,384
0238_2.jpg,238,2,Arabic,1,development_train,2472,3384,281,384,51,0,52,0,384,384
0238_3.jpg,238,3,English,0,development_train,2472,3384,281,384,51,0,52,0,384,384
0238_4.jpg,238,4,English,1,development_train,2466,3378,280,384,52,0,52,0,384,384
0239_1.jpg,239,1,Arabic,0,development_train,2478,3378,282,384,51,0,51,0,384,384
0239_2.jpg,239,2,Arabic,1,development_train,2472,3372,282,384,51,0,51,0,384,384
0239_3.jpg,239,3,English,0,development_train,2478,3372,282,384,51,0,51,0,384,384
0239_4.jpg,239,4,English,1,development_train,2472,3372,282,384,51,0,51,0,384,384
0240_1.jpg,240,1,Arabic,0,development_train,2472,3384,281,384,51,0,52,0,384,384
0240_2.jpg,240,2,Arabic,1,development_train,2472,3378,281,384,51,0,52,0,384,384
0240_3.jpg,240,3,English,0,development_train,2472,3378,281,384,51,0,52,0,384,384
0240_4.jpg,240,4,English,1,development_train,2484,3384,282,384,51,0,51,0,384,384
0241_1.jpg,241,1,Arabic,0,development_train,2472,3372,282,384,51,0,51,0,384,384
0241_2.jpg,241,2,Arabic,1,development_train,2484,3378,282,384,51,0,51,0,384,384
0241_3.jpg,241,3,English,0,development_train,2478,3372,282,384,51,0,51,0,384,384
0241_4.jpg,241,4,English,1,development_train,2472,3360,283,384,50,0,51,0,384,384
0242_1.jpg,242,1,Arabic,0,development_train,2472,3378,281,384,51,0,52,0,384,384
0242_2.jpg,242,2,Arabic,1,development_train,2472,3372,282,384,51,0,51,0,384,384
0242_3.jpg,242,3,English,0,development_train,2472,3372,282,384,51,0,51,0,384,384
0242_4.jpg,242,4,English,1,development_train,2466,3372,281,384,51,0,52,0,384,384
0243_1.jpg,243,1,Arabic,0,development_train,2472,3384,281,384,51,0,52,0,384,384
0243_2.jpg,243,2,Arabic,1,development_train,2472,3390,280,384,52,0,52,0,384,384
0243_3.jpg,243,3,English,0,development_train,2472,3384,281,384,51,0,52,0,384,384
0243_4.jpg,243,4,English,1,development_train,2466,3384,280,384,52,0,52,0,384,384
0244_1.jpg,244,1,Arabic,0,development_train,2478,3366,283,384,50,0,51,0,384,384
0244_2.jpg,244,2,Arabic,1,development_train,2484,3366,283,384,50,0,51,0,384,384
0244_3.jpg,244,3,English,0,development_train,2478,3360,283,384,50,0,51,0,384,384
0244_4.jpg,244,4,English,1,development_train,2478,3372,282,384,51,0,51,0,384,384
0245_1.jpg,245,1,Arabic,0,development_train,2472,3402,279,384,52,0,53,0,384,384
0245_2.jpg,245,2,Arabic,1,development_train,2472,3378,281,384,51,0,52,0,384,384
0245_3.jpg,245,3,English,0,development_train,2472,3378,281,384,51,0,52,0,384,384
0245_4.jpg,245,4,English,1,development_train,2478,3378,282,384,51,0,51,0,384,384
0246_1.jpg,246,1,Arabic,0,development_train,2472,3348,284,384,50,0,50,0,384,384
0246_2.jpg,246,2,Arabic,1,development_train,2472,3354,283,384,50,0,51,0,384,384
0246_3.jpg,246,3,English,0,development_train,2478,3348,284,384,50,0,50,0,384,384
0246_4.jpg,246,4,English,1,development_train,2472,3348,284,384,50,0,50,0,384,384
0247_1.jpg,247,1,Arabic,0,development_train,2466,3348,283,384,50,0,51,0,384,384
0247_2.jpg,247,2,Arabic,1,development_train,2472,3348,284,384,50,0,50,0,384,384
0247_3.jpg,247,3,English,0,development_train,2472,3354,283,384,50,0,51,0,384,384
0247_4.jpg,247,4,English,1,development_train,2466,3354,282,384,51,0,51,0,384,384
0248_1.jpg,248,1,Arabic,0,development_train,2466,3384,280,384,52,0,52,0,384,384
0248_2.jpg,248,2,Arabic,1,development_train,2460,3372,280,384,52,0,52,0,384,384
0248_3.jpg,248,3,English,0,development_train,2466,3378,280,384,52,0,52,0,384,384
0248_4.jpg,248,4,English,1,development_train,2466,3372,281,384,51,0,52,0,384,384
0249_1.jpg,249,1,Arabic,0,development_train,2472,3396,280,384,52,0,52,0,384,384
0249_2.jpg,249,2,Arabic,1,development_train,2478,3384,281,384,51,0,52,0,384,384
0249_3.jpg,249,3,English,0,development_train,2478,3378,282,384,51,0,51,0,384,384
0249_4.jpg,249,4,English,1,development_train,2472,3390,280,384,52,0,52,0,384,384
0250_1.jpg,250,1,Arabic,0,development_train,2460,3378,280,384,52,0,52,0,384,384
0250_2.jpg,250,2,Arabic,1,development_train,2472,3360,283,384,50,0,51,0,384,384
0250_3.jpg,250,3,English,0,development_train,2466,3372,281,384,51,0,52,0,384,384
0250_4.jpg,250,4,English,1,development_train,2466,3366,281,384,51,0,52,0,384,384
0251_1.jpg,251,1,Arabic,0,development_train,2472,3366,282,384,51,0,51,0,384,384
0251_2.jpg,251,2,Arabic,1,development_train,2478,3360,283,384,50,0,51,0,384,384
0251_3.jpg,251,3,English,0,development_train,2472,3360,283,384,50,0,51,0,384,384
0251_4.jpg,251,4,English,1,development_train,2472,3366,282,384,51,0,51,0,384,384
0252_1.jpg,252,1,Arabic,0,development_train,2478,3384,281,384,51,0,52,0,384,384
0252_2.jpg,252,2,Arabic,1,development_train,2472,3372,282,384,51,0,51,0,384,384
0252_3.jpg,252,3,English,0,development_train,2472,3372,282,384,51,0,51,0,384,384
0252_4.jpg,252,4,English,1,development_train,2472,3372,282,384,51,0,51,0,384,384
0253_1.jpg,253,1,Arabic,0,development_train,2472,3360,283,384,50,0,51,0,384,384
0253_2.jpg,253,2,Arabic,1,development_train,2472,3366,282,384,51,0,51,0,384,384
0253_3.jpg,253,3,English,0,development_train,2472,3366,282,384,51,0,51,0,384,384
0253_4.jpg,253,4,English,1,development_train,2484,3366,283,384,50,0,51,0,384,384
0254_1.jpg,254,1,Arabic,0,development_train,2466,3372,281,384,51,0,52,0,384,384
0254_2.jpg,254,2,Arabic,1,development_train,2472,3372,282,384,51,0,51,0,384,384
0254_3.jpg,254,3,English,0,development_train,2472,3378,281,384,51,0,52,0,384,384
0254_4.jpg,254,4,English,1,development_train,2472,3378,281,384,51,0,52,0,384,384
0255_1.jpg,255,1,Arabic,0,development_train,2466,3366,281,384,51,0,52,0,384,384
0255_2.jpg,255,2,Arabic,1,development_train,2466,3360,282,384,51,0,51,0,384,384
0255_3.jpg,255,3,English,0,development_train,2478,3366,283,384,50,0,51,0,384,384
0255_4.jpg,255,4,English,1,development_train,2478,3366,283,384,50,0,51,0,384,384
0256_1.jpg,256,1,Arabic,0,development_train,2466,3354,282,384,51,0,51,0,384,384
0256_2.jpg,256,2,Arabic,1,development_train,2460,3348,282,384,51,0,51,0,384,384
0256_3.jpg,256,3,English,0,development_train,2466,3360,282,384,51,0,51,0,384,384
0256_4.jpg,256,4,English,1,development_train,2460,3366,281,384,51,0,52,0,384,384
0257_1.jpg,257,1,Arabic,0,development_train,2466,3384,280,384,52,0,52,0,384,384
0257_2.jpg,257,2,Arabic,1,development_train,2466,3378,280,384,52,0,52,0,384,384
0257_3.jpg,257,3,English,0,development_train,2466,3378,280,384,52,0,52,0,384,384
0257_4.jpg,257,4,English,1,development_train,2466,3390,279,384,52,0,53,0,384,384
0258_1.jpg,258,1,Arabic,0,development_train,2472,3384,281,384,51,0,52,0,384,384
0258_2.jpg,258,2,Arabic,1,development_train,2472,3384,281,384,51,0,52,0,384,384
0258_3.jpg,258,3,English,0,development_train,2466,3372,281,384,51,0,52,0,384,384
0258_4.jpg,258,4,English,1,development_train,2472,3366,282,384,51,0,51,0,384,384
0259_1.jpg,259,1,Arabic,0,validation,2472,3384,281,384,51,0,52,0,384,384
0259_2.jpg,259,2,Arabic,1,validation,2478,3390,281,384,51,0,52,0,384,384
0259_3.jpg,259,3,English,0,validation,2472,3378,281,384,51,0,52,0,384,384
0259_4.jpg,259,4,English,1,validation,2466,3378,280,384,52,0,52,0,384,384
0260_1.jpg,260,1,Arabic,0,development_train,2466,3366,281,384,51,0,52,0,384,384
0260_2.jpg,260,2,Arabic,1,development_train,2466,3372,281,384,51,0,52,0,384,384
0260_3.jpg,260,3,English,0,development_train,2466,3360,282,384,51,0,51,0,384,384
0260_4.jpg,260,4,English,1,development_train,2472,3366,282,384,51,0,51,0,384,384
0261_1.jpg,261,1,Arabic,0,development_train,2472,3384,281,384,51,0,52,0,384,384
0261_2.jpg,261,2,Arabic,1,development_train,2472,3384,281,384,51,0,52,0,384,384
0261_3.jpg,261,3,English,0,development_train,2472,3378,281,384,51,0,52,0,384,384
0261_4.jpg,261,4,English,1,development_train,2472,3384,281,384,51,0,52,0,384,384
0262_1.jpg,262,1,Arabic,0,development_train,2472,3366,282,384,51,0,51,0,384,384
0262_2.jpg,262,2,Arabic,1,development_train,2472,3366,282,384,51,0,51,0,384,384
0262_3.jpg,262,3,English,0,development_train,2472,3360,283,384,50,0,51,0,384,384
0262_4.jpg,262,4,English,1,development_train,2472,3360,283,384,50,0,51,0,384,384
0263_1.jpg,263,1,Arabic,0,development_train,2478,3372,282,384,51,0,51,0,384,384
0263_2.jpg,263,2,Arabic,1,development_train,2484,3378,282,384,51,0,51,0,384,384
0263_3.jpg,263,3,English,0,development_train,2478,3366,283,384,50,0,51,0,384,384
0263_4.jpg,263,4,English,1,development_train,2472,3360,283,384,50,0,51,0,384,384
0264_1.jpg,264,1,Arabic,0,development_train,2472,3360,283,384,50,0,51,0,384,384
0264_2.jpg,264,2,Arabic,1,development_train,2478,3360,283,384,50,0,51,0,384,384
0264_3.jpg,264,3,English,0,development_train,2472,3354,283,384,50,0,51,0,384,384
0264_4.jpg,264,4,English,1,development_train,2472,3360,283,384,50,0,51,0,384,384
0265_1.jpg,265,1,Arabic,0,development_train,2466,3354,282,384,51,0,51,0,384,384
0265_2.jpg,265,2,Arabic,1,development_train,2472,3360,283,384,50,0,51,0,384,384
0265_3.jpg,265,3,English,0,development_train,2466,3354,282,384,51,0,51,0,384,384
0265_4.jpg,265,4,English,1,development_train,2472,3360,283,384,50,0,51,0,384,384
0266_1.jpg,266,1,Arabic,0,development_train,2466,3378,280,384,52,0,52,0,384,384
0266_2.jpg,266,2,Arabic,1,development_train,2466,3372,281,384,51,0,52,0,384,384
0266_3.jpg,266,3,English,0,development_train,2466,3372,281,384,51,0,52,0,384,384
0266_4.jpg,266,4,English,1,development_train,2466,3390,279,384,52,0,53,0,384,384
0267_1.jpg,267,1,Arabic,0,development_train,2460,3360,281,384,51,0,52,0,384,384
0267_2.jpg,267,2,Arabic,1,development_train,2466,3354,282,384,51,0,51,0,384,384
0267_3.jpg,267,3,English,0,development_train,2472,3354,283,384,50,0,51,0,384,384
0267_4.jpg,267,4,English,1,development_train,2466,3348,283,384,50,0,51,0,384,384
0268_1.jpg,268,1,Arabic,0,development_train,2466,3354,282,384,51,0,51,0,384,384
0268_2.jpg,268,2,Arabic,1,development_train,2466,3360,282,384,51,0,51,0,384,384
0268_3.jpg,268,3,English,0,development_train,2466,3360,282,384,51,0,51,0,384,384
0268_4.jpg,268,4,English,1,development_train,2460,3354,282,384,51,0,51,0,384,384
0269_1.jpg,269,1,Arabic,0,development_train,2466,3384,280,384,52,0,52,0,384,384
0269_2.jpg,269,2,Arabic,1,development_train,2466,3378,280,384,52,0,52,0,384,384
0269_3.jpg,269,3,English,0,development_train,2466,3378,280,384,52,0,52,0,384,384
0269_4.jpg,269,4,English,1,development_train,2466,3372,281,384,51,0,52,0,384,384
0270_1.jpg,270,1,Arabic,0,development_train,2472,3360,283,384,50,0,51,0,384,384
0270_2.jpg,270,2,Arabic,1,development_train,2460,3354,282,384,51,0,51,0,384,384
0270_3.jpg,270,3,English,0,development_train,2472,3348,284,384,50,0,50,0,384,384
0270_4.jpg,270,4,English,1,development_train,2466,3360,282,384,51,0,51,0,384,384
0271_1.jpg,271,1,Arabic,0,development_train,2472,3396,280,384,52,0,52,0,384,384
0271_2.jpg,271,2,Arabic,1,development_train,2472,3384,281,384,51,0,52,0,384,384
0271_3.jpg,271,3,English,0,development_train,2472,3378,281,384,51,0,52,0,384,384
0271_4.jpg,271,4,English,1,development_train,2472,3378,281,384,51,0,52,0,384,384
0272_1.jpg,272,1,Arabic,0,development_train,2466,3378,280,384,52,0,52,0,384,384
0272_2.jpg,272,2,Arabic,1,development_train,2472,3378,281,384,51,0,52,0,384,384
0272_3.jpg,272,3,English,0,development_train,2472,3378,281,384,51,0,52,0,384,384
0272_4.jpg,272,4,English,1,development_train,2472,3378,281,384,51,0,52,0,384,384
0273_1.jpg,273,1,Arabic,0,development_train,2460,3384,279,384,52,0,53,0,384,384
0273_2.jpg,273,2,Arabic,1,development_train,2466,3366,281,384,51,0,52,0,384,384
0273_3.jpg,273,3,English,0,development_train,2466,3366,281,384,51,0,52,0,384,384
0273_4.jpg,273,4,English,1,development_train,2466,3372,281,384,51,0,52,0,384,384
0274_1.jpg,274,1,Arabic,0,development_train,2472,3378,281,384,51,0,52,0,384,384
0274_2.jpg,274,2,Arabic,1,development_train,2472,3390,280,384,52,0,52,0,384,384
0274_3.jpg,274,3,English,0,development_train,2466,3396,279,384,52,0,53,0,384,384
0274_4.jpg,274,4,English,1,development_train,2472,3378,281,384,51,0,52,0,384,384
0275_1.jpg,275,1,Arabic,0,validation,2472,3378,281,384,51,0,52,0,384,384
0275_2.jpg,275,2,Arabic,1,validation,2472,3366,282,384,51,0,51,0,384,384
0275_3.jpg,275,3,English,0,validation,2472,3360,283,384,50,0,51,0,384,384
0275_4.jpg,275,4,English,1,validation,2472,3360,283,384,50,0,51,0,384,384
0276_1.jpg,276,1,Arabic,0,development_train,2466,3384,280,384,52,0,52,0,384,384
0276_2.jpg,276,2,Arabic,1,development_train,2472,3372,282,384,51,0,51,0,384,384
0276_3.jpg,276,3,English,0,development_train,2472,3372,282,384,51,0,51,0,384,384
0276_4.jpg,276,4,English,1,development_train,2466,3372,281,384,51,0,52,0,384,384
0277_1.jpg,277,1,Arabic,0,development_train,2472,3366,282,384,51,0,51,0,384,384
0277_2.jpg,277,2,Arabic,1,development_train,2472,3372,282,384,51,0,51,0,384,384
0277_3.jpg,277,3,English,0,development_train,2466,3366,281,384,51,0,52,0,384,384
0277_4.jpg,277,4,English,1,development_train,2466,3366,281,384,51,0,52,0,384,384
0278_1.jpg,278,1,Arabic,0,development_train,2472,3360,283,384,50,0,51,0,384,384
0278_2.jpg,278,2,Arabic,1,development_train,2472,3360,283,384,50,0,51,0,384,384
0278_3.jpg,278,3,English,0,development_train,2466,3348,283,384,50,0,51,0,384,384
0278_4.jpg,278,4,English,1,development_train,2478,3360,283,384,50,0,51,0,384,384
0279_1.jpg,279,1,Arabic,0,development_train,2472,3378,281,384,51,0,52,0,384,384
0279_2.jpg,279,2,Arabic,1,development_train,2472,3372,282,384,51,0,51,0,384,384
0279_3.jpg,279,3,English,0,development_train,2472,3360,283,384,50,0,51,0,384,384
0279_4.jpg,279,4,English,1,development_train,2472,3360,283,384,50,0,51,0,384,384
0280_1.jpg,280,1,Arabic,0,validation,2478,3360,283,384,50,0,51,0,384,384
0280_2.jpg,280,2,Arabic,1,validation,2472,3360,283,384,50,0,51,0,384,384
0280_3.jpg,280,3,English,0,validation,2472,3360,283,384,50,0,51,0,384,384
0280_4.jpg,280,4,English,1,validation,2466,3348,283,384,50,0,51,0,384,384
0281_1.jpg,281,1,Arabic,0,development_train,2460,3378,280,384,52,0,52,0,384,384
0281_2.jpg,281,2,Arabic,1,development_train,2466,3372,281,384,51,0,52,0,384,384
0281_3.jpg,281,3,English,0,development_train,2472,3378,281,384,51,0,52,0,384,384
0281_4.jpg,281,4,English,1,development_train,2484,3378,282,384,51,0,51,0,384,384
0282_1.jpg,282,1,Arabic,0,development_train,2478,3378,282,384,51,0,51,0,384,384
0282_2.jpg,282,2,Arabic,1,development_train,2478,3372,282,384,51,0,51,0,384,384
0282_3.jpg,282,3,English,0,development_train,2472,3366,282,384,51,0,51,0,384,384
0282_4.jpg,282,4,English,1,development_train,2466,3378,280,384,52,0,52,0,384,384
0283_1.jpg,283,1,Arabic,0,official_test,2466,3366,281,384,51,0,52,0,384,384
0283_2.jpg,283,2,Arabic,1,official_test,2472,3378,281,384,51,0,52,0,384,384
0283_3.jpg,283,3,English,0,official_test,2466,3366,281,384,51,0,52,0,384,384
0283_4.jpg,283,4,English,1,official_test,2472,3360,283,384,50,0,51,0,384,384
0284_1.jpg,284,1,Arabic,0,official_test,2466,3372,281,384,51,0,52,0,384,384
0284_2.jpg,284,2,Arabic,1,official_test,2466,3372,281,384,51,0,52,0,384,384
0284_3.jpg,284,3,English,0,official_test,2466,3366,281,384,51,0,52,0,384,384
0284_4.jpg,284,4,English,1,official_test,2472,3360,283,384,50,0,51,0,384,384
0285_1.jpg,285,1,Arabic,0,official_test,2472,3378,281,384,51,0,52,0,384,384
0285_2.jpg,285,2,Arabic,1,official_test,2472,3366,282,384,51,0,51,0,384,384
0285_3.jpg,285,3,English,0,official_test,2472,3372,282,384,51,0,51,0,384,384
0285_4.jpg,285,4,English,1,official_test,2472,3372,282,384,51,0,51,0,384,384
0286_1.jpg,286,1,Arabic,0,official_test,2466,3372,281,384,51,0,52,0,384,384
0286_2.jpg,286,2,Arabic,1,official_test,2460,3372,280,384,52,0,52,0,384,384
0286_3.jpg,286,3,English,0,official_test,2460,3378,280,384,52,0,52,0,384,384
0286_4.jpg,286,4,English,1,official_test,2466,3366,281,384,51,0,52,0,384,384
0287_1.jpg,287,1,Arabic,0,official_test,2466,3348,283,384,50,0,51,0,384,384
0287_2.jpg,287,2,Arabic,1,official_test,2466,3348,283,384,50,0,51,0,384,384
0287_3.jpg,287,3,English,0,official_test,2472,3348,284,384,50,0,50,0,384,384
0287_4.jpg,287,4,English,1,official_test,2478,3348,284,384,50,0,50,0,384,384
0288_1.jpg,288,1,Arabic,0,official_test,2472,3390,280,384,52,0,52,0,384,384
0288_2.jpg,288,2,Arabic,1,official_test,2478,3390,281,384,51,0,52,0,384,384
0288_3.jpg,288,3,English,0,official_test,2472,3396,280,384,52,0,52,0,384,384
0288_4.jpg,288,4,English,1,official_test,2484,3384,282,384,51,0,51,0,384,384
0289_1.jpg,289,1,Arabic,0,official_test,2466,3348,283,384,50,0,51,0,384,384
0289_2.jpg,289,2,Arabic,1,official_test,2484,3348,285,384,49,0,50,0,384,384
0289_3.jpg,289,3,English,0,official_test,2484,3354,284,384,50,0,50,0,384,384
0289_4.jpg,289,4,English,1,official_test,2484,3348,285,384,49,0,50,0,384,384
0290_1.jpg,290,1,Arabic,0,official_test,2472,3372,282,384,51,0,51,0,384,384
0290_2.jpg,290,2,Arabic,1,official_test,2472,3366,282,384,51,0,51,0,384,384
0290_3.jpg,290,3,English,0,official_test,2472,3366,282,384,51,0,51,0,384,384
0290_4.jpg,290,4,English,1,official_test,2478,3360,283,384,50,0,51,0,384,384
0291_1.jpg,291,1,Arabic,0,official_test,2466,3354,282,384,51,0,51,0,384,384
0291_2.jpg,291,2,Arabic,1,official_test,2472,3336,285,384,49,0,50,0,384,384
0291_3.jpg,291,3,English,0,official_test,2472,3342,284,384,50,0,50,0,384,384
0291_4.jpg,291,4,English,1,official_test,2472,3342,284,384,50,0,50,0,384,384
0292_1.jpg,292,1,Arabic,0,official_test,2478,3360,283,384,50,0,51,0,384,384
0292_2.jpg,292,2,Arabic,1,official_test,2472,3354,283,384,50,0,51,0,384,384
0292_3.jpg,292,3,English,0,official_test,2472,3348,284,384,50,0,50,0,384,384
0292_4.jpg,292,4,English,1,official_test,2472,3348,284,384,50,0,50,0,384,384
0293_1.jpg,293,1,Arabic,0,official_test,2466,3360,282,384,51,0,51,0,384,384
0293_2.jpg,293,2,Arabic,1,official_test,2466,3354,282,384,51,0,51,0,384,384
0293_3.jpg,293,3,English,0,official_test,2478,3360,283,384,50,0,51,0,384,384
0293_4.jpg,293,4,English,1,official_test,2466,3360,282,384,51,0,51,0,384,384
0294_1.jpg,294,1,Arabic,0,official_test,2466,3372,281,384,51,0,52,0,384,384
0294_2.jpg,294,2,Arabic,1,official_test,2472,3372,282,384,51,0,51,0,384,384
0294_3.jpg,294,3,English,0,official_test,2466,3366,281,384,51,0,52,0,384,384
0294_4.jpg,294,4,English,1,official_test,2466,3366,281,384,51,0,52,0,384,384
0295_1.jpg,295,1,Arabic,0,official_test,2478,3384,281,384,51,0,52,0,384,384
0295_2.jpg,295,2,Arabic,1,official_test,2478,3384,281,384,51,0,52,0,384,384
0295_3.jpg,295,3,English,0,official_test,2472,3390,280,384,52,0,52,0,384,384
0295_4.jpg,295,4,English,1,official_test,2472,3396,280,384,52,0,52,0,384,384
0296_1.jpg,296,1,Arabic,0,official_test,2472,3366,282,384,51,0,51,0,384,384
0296_2.jpg,296,2,Arabic,1,official_test,2478,3366,283,384,50,0,51,0,384,384
0296_3.jpg,296,3,English,0,official_test,2472,3354,283,384,50,0,51,0,384,384
0296_4.jpg,296,4,English,1,official_test,2472,3354,283,384,50,0,51,0,384,384
0297_1.jpg,297,1,Arabic,0,official_test,2466,3390,279,384,52,0,53,0,384,384
0297_2.jpg,297,2,Arabic,1,official_test,2466,3390,279,384,52,0,53,0,384,384
0297_3.jpg,297,3,English,0,official_test,2466,3390,279,384,52,0,53,0,384,384
0297_4.jpg,297,4,English,1,official_test,2472,3390,280,384,52,0,52,0,384,384
0298_1.jpg,298,1,Arabic,0,official_test,2478,3378,282,384,51,0,51,0,384,384
0298_2.jpg,298,2,Arabic,1,official_test,2484,3384,282,384,51,0,51,0,384,384
0298_3.jpg,298,3,English,0,official_test,2472,3372,282,384,51,0,51,0,384,384
0298_4.jpg,298,4,English,1,official_test,2478,3372,282,384,51,0,51,0,384,384
0299_1.jpg,299,1,Arabic,0,official_test,2472,3360,283,384,50,0,51,0,384,384
0299_2.jpg,299,2,Arabic,1,official_test,2472,3366,282,384,51,0,51,0,384,384
0299_3.jpg,299,3,English,0,official_test,2472,3360,283,384,50,0,51,0,384,384
0299_4.jpg,299,4,English,1,official_test,2472,3360,283,384,50,0,51,0,384,384
0300_1.jpg,300,1,Arabic,0,official_test,2465,3365,281,384,51,0,52,0,384,384
0300_2.jpg,300,2,Arabic,1,official_test,2465,3365,281,384,51,0,52,0,384,384
0300_3.jpg,300,3,English,0,official_test,2465,3359,282,384,51,0,51,0,384,384
0300_4.jpg,300,4,English,1,official_test,2465,3359,282,384,51,0,51,0,384,384
0301_1.jpg,301,1,Arabic,0,official_test,2483,3389,281,384,51,0,52,0,384,384
0301_2.jpg,301,2,Arabic,1,official_test,2477,3389,281,384,51,0,52,0,384,384
0301_3.jpg,301,3,English,0,official_test,2471,3377,281,384,51,0,52,0,384,384
0301_4.jpg,301,4,English,1,official_test,2477,3383,281,384,51,0,52,0,384,384
0302_1.jpg,302,1,Arabic,0,official_test,2471,3365,282,384,51,0,51,0,384,384
0302_2.jpg,302,2,Arabic,1,official_test,2471,3371,281,384,51,0,52,0,384,384
0302_3.jpg,302,3,English,0,official_test,2471,3365,282,384,51,0,51,0,384,384
0302_4.jpg,302,4,English,1,official_test,2471,3365,282,384,51,0,51,0,384,384
0303_1.jpg,303,1,Arabic,0,official_test,2465,3389,279,384,52,0,53,0,384,384
0303_2.jpg,303,2,Arabic,1,official_test,2471,3383,280,384,52,0,52,0,384,384
0303_3.jpg,303,3,English,0,official_test,2465,3377,280,384,52,0,52,0,384,384
0303_4.jpg,303,4,English,1,official_test,2473,3383,281,384,51,0,52,0,384,384
0304_1.jpg,304,1,Arabic,0,official_test,2473,3377,281,384,51,0,52,0,384,384
0304_2.jpg,304,2,Arabic,1,official_test,2477,3371,282,384,51,0,51,0,384,384
0304_3.jpg,304,3,English,0,official_test,2471,3371,281,384,51,0,52,0,384,384
0304_4.jpg,304,4,English,1,official_test,2470,3377,281,384,51,0,52,0,384,384
0305_1.jpg,305,1,Arabic,0,official_test,2465,3377,280,384,52,0,52,0,384,384
0305_2.jpg,305,2,Arabic,1,official_test,2465,3377,280,384,52,0,52,0,384,384
0305_3.jpg,305,3,English,0,official_test,2459,3377,280,384,52,0,52,0,384,384
0305_4.jpg,305,4,English,1,official_test,2465,3377,280,384,52,0,52,0,384,384
0306_1.jpg,306,1,Arabic,0,official_test,2465,3359,282,384,51,0,51,0,384,384
0306_2.jpg,306,2,Arabic,1,official_test,2465,3353,282,384,51,0,51,0,384,384
0306_3.jpg,306,3,English,0,official_test,2465,3353,282,384,51,0,51,0,384,384
0306_4.jpg,306,4,English,1,official_test,2471,3353,283,384,50,0,51,0,384,384
0307_1.jpg,307,1,Arabic,0,official_test,2489,3389,282,384,51,0,51,0,384,384
0307_2.jpg,307,2,Arabic,1,official_test,2471,3389,280,384,52,0,52,0,384,384
0307_3.jpg,307,3,English,0,official_test,2083,944,384,174,0,105,0,105,384,384
0307_4.jpg,307,4,English,1,official_test,2477,2144,384,332,0,26,0,26,384,384
0308_1.jpg,308,1,Arabic,0,official_test,2465,3359,282,384,51,0,51,0,384,384
0308_2.jpg,308,2,Arabic,1,official_test,2471,3353,283,384,50,0,51,0,384,384
0308_3.jpg,308,3,English,0,official_test,2477,3359,283,384,50,0,51,0,384,384
0308_4.jpg,308,4,English,1,official_test,2471,3365,282,384,51,0,51,0,384,384
0309_1.jpg,309,1,Arabic,0,official_test,2471,3365,282,384,51,0,51,0,384,384
0309_2.jpg,309,2,Arabic,1,official_test,2483,3365,283,384,50,0,51,0,384,384
0309_3.jpg,309,3,English,0,official_test,2477,3359,283,384,50,0,51,0,384,384
0309_4.jpg,309,4,English,1,official_test,2483,3353,284,384,50,0,50,0,384,384
0310_1.jpg,310,1,Arabic,0,official_test,2471,3371,281,384,51,0,52,0,384,384
0310_2.jpg,310,2,Arabic,1,official_test,2465,3365,281,384,51,0,52,0,384,384
0310_3.jpg,310,3,English,0,official_test,2471,3365,282,384,51,0,51,0,384,384
0310_4.jpg,310,4,English,1,official_test,2471,3365,282,384,51,0,51,0,384,384
0311_1.jpg,311,1,Arabic,0,official_test,2471,3383,280,384,52,0,52,0,384,384
0311_2.jpg,311,2,Arabic,1,official_test,2471,3377,281,384,51,0,52,0,384,384
0311_3.jpg,311,3,English,0,official_test,2471,3371,281,384,51,0,52,0,384,384
0311_4.jpg,311,4,English,1,official_test,2477,3371,282,384,51,0,51,0,384,384
0312_1.jpg,312,1,Arabic,0,official_test,2471,3359,282,384,51,0,51,0,384,384
0312_2.jpg,312,2,Arabic,1,official_test,2465,3359,282,384,51,0,51,0,384,384
0312_3.jpg,312,3,English,0,official_test,2465,3359,282,384,51,0,51,0,384,384
0312_4.jpg,312,4,English,1,official_test,2471,3353,283,384,50,0,51,0,384,384
0313_1.jpg,313,1,Arabic,0,official_test,2477,3347,284,384,50,0,50,0,384,384
0313_2.jpg,313,2,Arabic,1,official_test,2477,3347,284,384,50,0,50,0,384,384
0313_3.jpg,313,3,English,0,official_test,2483,3347,285,384,49,0,50,0,384,384
0313_4.jpg,313,4,English,1,official_test,2483,3353,284,384,50,0,50,0,384,384
0314_1.jpg,314,1,Arabic,0,official_test,2465,3377,280,384,52,0,52,0,384,384
0314_2.jpg,314,2,Arabic,1,official_test,2465,3377,280,384,52,0,52,0,384,384
0314_3.jpg,314,3,English,0,official_test,2465,3371,281,384,51,0,52,0,384,384
0314_4.jpg,314,4,English,1,official_test,2471,3371,281,384,51,0,52,0,384,384
0315_1.jpg,315,1,Arabic,0,official_test,2477,3377,282,384,51,0,51,0,384,384
0315_2.jpg,315,2,Arabic,1,official_test,2477,3377,282,384,51,0,51,0,384,384
0315_3.jpg,315,3,English,0,official_test,2477,3377,282,384,51,0,51,0,384,384
0315_4.jpg,315,4,English,1,official_test,2477,3377,282,384,51,0,51,0,384,384
0316_1.jpg,316,1,Arabic,0,official_test,2471,3389,280,384,52,0,52,0,384,384
0316_2.jpg,316,2,Arabic,1,official_test,2465,3383,280,384,52,0,52,0,384,384
0316_3.jpg,316,3,English,0,official_test,2465,3371,281,384,51,0,52,0,384,384
0316_4.jpg,316,4,English,1,official_test,2471,3371,281,384,51,0,52,0,384,384
0317_1.jpg,317,1,Arabic,0,official_test,2471,3365,282,384,51,0,51,0,384,384
0317_2.jpg,317,2,Arabic,1,official_test,2465,3377,280,384,52,0,52,0,384,384
0317_3.jpg,317,3,English,0,official_test,2465,3365,281,384,51,0,52,0,384,384
0317_4.jpg,317,4,English,1,official_test,2477,3365,283,384,50,0,51,0,384,384
0318_1.jpg,318,1,Arabic,0,official_test,2465,3371,281,384,51,0,52,0,384,384
0318_2.jpg,318,2,Arabic,1,official_test,2465,3359,282,384,51,0,51,0,384,384
0318_3.jpg,318,3,English,0,official_test,2465,3359,282,384,51,0,51,0,384,384
0318_4.jpg,318,4,English,1,official_test,2465,3359,282,384,51,0,51,0,384,384
0319_1.jpg,319,1,Arabic,0,official_test,2477,3383,281,384,51,0,52,0,384,384
0319_2.jpg,319,2,Arabic,1,official_test,2471,3371,281,384,51,0,52,0,384,384
0319_3.jpg,319,3,English,0,official_test,2471,3365,282,384,51,0,51,0,384,384
0319_4.jpg,319,4,English,1,official_test,2465,3383,280,384,52,0,52,0,384,384
0320_1.jpg,320,1,Arabic,0,official_test,2459,3353,282,384,51,0,51,0,384,384
0320_2.jpg,320,2,Arabic,1,official_test,2465,3353,282,384,51,0,51,0,384,384
0320_3.jpg,320,3,English,0,official_test,2465,3347,283,384,50,0,51,0,384,384
0320_4.jpg,320,4,English,1,official_test,2459,3347,282,384,51,0,51,0,384,384
0321_1.jpg,321,1,Arabic,0,official_test,2471,3347,283,384,50,0,51,0,384,384
0321_2.jpg,321,2,Arabic,1,official_test,2483,3341,285,384,49,0,50,0,384,384
0321_3.jpg,321,3,English,0,official_test,2477,3347,284,384,50,0,50,0,384,384
0321_4.jpg,321,4,English,1,official_test,2465,3353,282,384,51,0,51,0,384,384
0322_1.jpg,322,1,Arabic,0,official_test,2471,3389,280,384,52,0,52,0,384,384
0322_2.jpg,322,2,Arabic,1,official_test,2477,3401,280,384,52,0,52,0,384,384
0322_3.jpg,322,3,English,0,official_test,2477,3383,281,384,51,0,52,0,384,384
0322_4.jpg,322,4,English,1,official_test,2477,3377,282,384,51,0,51,0,384,384
0323_1.jpg,323,1,Arabic,0,official_test,2471,3371,281,384,51,0,52,0,384,384
0323_2.jpg,323,2,Arabic,1,official_test,2477,3365,283,384,50,0,51,0,384,384
0323_3.jpg,323,3,English,0,official_test,2471,3365,282,384,51,0,51,0,384,384
0323_4.jpg,323,4,English,1,official_test,2477,3359,283,384,50,0,51,0,384,384
0324_1.jpg,324,1,Arabic,0,official_test,2477,3395,280,384,52,0,52,0,384,384
0324_2.jpg,324,2,Arabic,1,official_test,2471,3395,279,384,52,0,53,0,384,384
0324_3.jpg,324,3,English,0,official_test,2477,3377,282,384,51,0,51,0,384,384
0324_4.jpg,324,4,English,1,official_test,2483,3383,282,384,51,0,51,0,384,384
0325_1.jpg,325,1,Arabic,0,official_test,2471,3353,283,384,50,0,51,0,384,384
0325_2.jpg,325,2,Arabic,1,official_test,2471,3353,283,384,50,0,51,0,384,384
0325_3.jpg,325,3,English,0,official_test,2477,3359,283,384,50,0,51,0,384,384
0325_4.jpg,325,4,English,1,official_test,2471,3359,282,384,51,0,51,0,384,384
0326_1.jpg,326,1,Arabic,0,official_test,2465,3377,280,384,52,0,52,0,384,384
0326_2.jpg,326,2,Arabic,1,official_test,2477,3377,282,384,51,0,51,0,384,384
0326_3.jpg,326,3,English,0,official_test,2471,3383,280,384,52,0,52,0,384,384
0326_4.jpg,326,4,English,1,official_test,2475,3389,280,384,52,0,52,0,384,384
0327_1.jpg,327,1,Arabic,0,official_test,2483,3353,284,384,50,0,50,0,384,384
0327_2.jpg,327,2,Arabic,1,official_test,2465,3359,282,384,51,0,51,0,384,384
0327_3.jpg,327,3,English,0,official_test,2471,3359,282,384,51,0,51,0,384,384
0327_4.jpg,327,4,English,1,official_test,2465,3359,282,384,51,0,51,0,384,384
0328_1.jpg,328,1,Arabic,0,official_test,2471,3365,282,384,51,0,51,0,384,384
0328_2.jpg,328,2,Arabic,1,official_test,2483,3365,283,384,50,0,51,0,384,384
0328_3.jpg,328,3,English,0,official_test,2471,3353,283,384,50,0,51,0,384,384
0328_4.jpg,328,4,English,1,official_test,2477,3359,283,384,50,0,51,0,384,384
0329_1.jpg,329,1,Arabic,0,official_test,2465,3371,281,384,51,0,52,0,384,384
0329_2.jpg,329,2,Arabic,1,official_test,2471,3365,282,384,51,0,51,0,384,384
0329_3.jpg,329,3,English,0,official_test,2471,3365,282,384,51,0,51,0,384,384
0329_4.jpg,329,4,English,1,official_test,2471,3365,282,384,51,0,51,0,384,384
0330_1.jpg,330,1,Arabic,0,official_test,2465,3395,279,384,52,0,53,0,384,384
0330_2.jpg,330,2,Arabic,1,official_test,2465,3377,280,384,52,0,52,0,384,384
0330_3.jpg,330,3,English,0,official_test,2471,3377,281,384,51,0,52,0,384,384
0330_4.jpg,330,4,English,1,official_test,2471,3383,280,384,52,0,52,0,384,384
0331_1.jpg,331,1,Arabic,0,official_test,2471,3359,282,384,51,0,51,0,384,384
0331_2.jpg,331,2,Arabic,1,official_test,2471,3359,282,384,51,0,51,0,384,384
0331_3.jpg,331,3,English,0,official_test,2471,3359,282,384,51,0,51,0,384,384
0331_4.jpg,331,4,English,1,official_test,2477,3347,284,384,50,0,50,0,384,384
0332_1.jpg,332,1,Arabic,0,official_test,2471,3383,280,384,52,0,52,0,384,384
0332_2.jpg,332,2,Arabic,1,official_test,2471,3383,280,384,52,0,52,0,384,384
0332_3.jpg,332,3,English,0,official_test,2471,3383,280,384,52,0,52,0,384,384
0332_4.jpg,332,4,English,1,official_test,2471,3383,280,384,52,0,52,0,384,384
0333_1.jpg,333,1,Arabic,0,official_test,2471,3383,280,384,52,0,52,0,384,384
0333_2.jpg,333,2,Arabic,1,official_test,2471,3377,281,384,51,0,52,0,384,384
0333_3.jpg,333,3,English,0,official_test,2465,3377,280,384,52,0,52,0,384,384
0333_4.jpg,333,4,English,1,official_test,2465,3377,280,384,52,0,52,0,384,384
0334_1.jpg,334,1,Arabic,0,official_test,2465,3365,281,384,51,0,52,0,384,384
0334_2.jpg,334,2,Arabic,1,official_test,2465,3365,281,384,51,0,52,0,384,384
0334_3.jpg,334,3,English,0,official_test,2471,3359,282,384,51,0,51,0,384,384
0334_4.jpg,334,4,English,1,official_test,2477,3365,283,384,50,0,51,0,384,384
0335_1.jpg,335,1,Arabic,0,official_test,2465,3395,279,384,52,0,53,0,384,384
0335_2.jpg,335,2,Arabic,1,official_test,2471,3383,280,384,52,0,52,0,384,384
0335_3.jpg,335,3,English,0,official_test,2483,3371,283,384,50,0,51,0,384,384
0335_4.jpg,335,4,English,1,official_test,2471,3371,281,384,51,0,52,0,384,384
0336_1.jpg,336,1,Arabic,0,official_test,2477,3371,282,384,51,0,51,0,384,384
0336_2.jpg,336,2,Arabic,1,official_test,2465,3383,280,384,52,0,52,0,384,384
0336_3.jpg,336,3,English,0,official_test,2465,3365,281,384,51,0,52,0,384,384
0336_4.jpg,336,4,English,1,official_test,2465,3359,282,384,51,0,51,0,384,384
0337_1.jpg,337,1,Arabic,0,official_test,2471,3377,281,384,51,0,52,0,384,384
0337_2.jpg,337,2,Arabic,1,official_test,2471,3377,281,384,51,0,52,0,384,384
0337_3.jpg,337,3,English,0,official_test,2471,3371,281,384,51,0,52,0,384,384
0337_4.jpg,337,4,English,1,official_test,2471,3371,281,384,51,0,52,0,384,384
0338_1.jpg,338,1,Arabic,0,official_test,2471,3365,282,384,51,0,51,0,384,384
0338_2.jpg,338,2,Arabic,1,official_test,2471,3365,282,384,51,0,51,0,384,384
0338_3.jpg,338,3,English,0,official_test,2465,3371,281,384,51,0,52,0,384,384
0338_4.jpg,338,4,English,1,official_test,2465,3365,281,384,51,0,52,0,384,384
0339_1.jpg,339,1,Arabic,0,official_test,2465,3365,281,384,51,0,52,0,384,384
0339_2.jpg,339,2,Arabic,1,official_test,2465,3353,282,384,51,0,51,0,384,384
0339_3.jpg,339,3,English,0,official_test,2465,3353,282,384,51,0,51,0,384,384
0339_4.jpg,339,4,English,1,official_test,2471,3347,283,384,50,0,51,0,384,384
0340_1.jpg,340,1,Arabic,0,official_test,2465,3377,280,384,52,0,52,0,384,384
0340_2.jpg,340,2,Arabic,1,official_test,2465,3365,281,384,51,0,52,0,384,384
0340_3.jpg,340,3,English,0,official_test,2459,3365,281,384,51,0,52,0,384,384
0340_4.jpg,340,4,English,1,official_test,2465,3371,281,384,51,0,52,0,384,384
0341_1.jpg,341,1,Arabic,0,official_test,2465,3377,280,384,52,0,52,0,384,384
0341_2.jpg,341,2,Arabic,1,official_test,2465,3365,281,384,51,0,52,0,384,384
0341_3.jpg,341,3,English,0,official_test,2465,3359,282,384,51,0,51,0,384,384
0341_4.jpg,341,4,English,1,official_test,2471,3359,282,384,51,0,51,0,384,384
0342_1.jpg,342,1,Arabic,0,official_test,2471,3389,280,384,52,0,52,0,384,384
0342_2.jpg,342,2,Arabic,1,official_test,2471,3383,280,384,52,0,52,0,384,384
0342_3.jpg,342,3,English,0,official_test,2471,3383,280,384,52,0,52,0,384,384
0342_4.jpg,342,4,English,1,official_test,2471,3371,281,384,51,0,52,0,384,384
0343_1.jpg,343,1,Arabic,0,official_test,2471,3365,282,384,51,0,51,0,384,384
0343_2.jpg,343,2,Arabic,1,official_test,2471,3365,282,384,51,0,51,0,384,384
0343_3.jpg,343,3,English,0,official_test,2483,3365,283,384,50,0,51,0,384,384
0343_4.jpg,343,4,English,1,official_test,2483,3359,284,384,50,0,50,0,384,384
0344_1.jpg,344,1,Arabic,0,official_test,2471,3371,281,384,51,0,52,0,384,384
0344_2.jpg,344,2,Arabic,1,official_test,2477,3371,282,384,51,0,51,0,384,384
0344_3.jpg,344,3,English,0,official_test,2477,3371,282,384,51,0,51,0,384,384
0344_4.jpg,344,4,English,1,official_test,2471,3371,281,384,51,0,52,0,384,384
0345_1.jpg,345,1,Arabic,0,official_test,2477,3377,282,384,51,0,51,0,384,384
0345_2.jpg,345,2,Arabic,1,official_test,2489,3377,283,384,50,0,51,0,384,384
0345_3.jpg,345,3,English,0,official_test,2477,3377,282,384,51,0,51,0,384,384
0345_4.jpg,345,4,English,1,official_test,2483,3377,282,384,51,0,51,0,384,384
0346_1.jpg,346,1,Arabic,0,official_test,2465,3377,280,384,52,0,52,0,384,384
0346_2.jpg,346,2,Arabic,1,official_test,2471,3371,281,384,51,0,52,0,384,384
0346_3.jpg,346,3,English,0,official_test,2471,3371,281,384,51,0,52,0,384,384
0346_4.jpg,346,4,English,1,official_test,2465,3371,281,384,51,0,52,0,384,384
0347_1.jpg,347,1,Arabic,0,official_test,2465,3353,282,384,51,0,51,0,384,384
0347_2.jpg,347,2,Arabic,1,official_test,2465,3353,282,384,51,0,51,0,384,384
0347_3.jpg,347,3,English,0,official_test,2477,3347,284,384,50,0,50,0,384,384
0347_4.jpg,347,4,English,1,official_test,2471,3353,283,384,50,0,51,0,384,384
0348_1.jpg,348,1,Arabic,0,official_test,2471,3383,280,384,52,0,52,0,384,384
0348_2.jpg,348,2,Arabic,1,official_test,2471,3371,281,384,51,0,52,0,384,384
0348_3.jpg,348,3,English,0,official_test,2471,3371,281,384,51,0,52,0,384,384
0348_4.jpg,348,4,English,1,official_test,2471,3371,281,384,51,0,52,0,384,384
0349_1.jpg,349,1,Arabic,0,official_test,2471,3365,282,384,51,0,51,0,384,384
0349_2.jpg,349,2,Arabic,1,official_test,2483,3365,283,384,50,0,51,0,384,384
0349_3.jpg,349,3,English,0,official_test,2471,3365,282,384,51,0,51,0,384,384
0349_4.jpg,349,4,English,1,official_test,2477,3365,283,384,50,0,51,0,384,384
0350_1.jpg,350,1,Arabic,0,official_test,2465,3377,280,384,52,0,52,0,384,384
0350_2.jpg,350,2,Arabic,1,official_test,2465,3365,281,384,51,0,52,0,384,384
0350_3.jpg,350,3,English,0,official_test,2465,3365,281,384,51,0,52,0,384,384
0350_4.jpg,350,4,English,1,official_test,2459,3371,280,384,52,0,52,0,384,384
0351_1.jpg,351,1,Arabic,0,official_test,2471,3383,280,384,52,0,52,0,384,384
0351_2.jpg,351,2,Arabic,1,official_test,2465,3383,280,384,52,0,52,0,384,384
0351_3.jpg,351,3,English,0,official_test,2483,3371,283,384,50,0,51,0,384,384
0351_4.jpg,351,4,English,1,official_test,2471,3365,282,384,51,0,51,0,384,384
0352_1.jpg,352,1,Arabic,0,official_test,2471,3371,281,384,51,0,52,0,384,384
0352_2.jpg,352,2,Arabic,1,official_test,2465,3359,282,384,51,0,51,0,384,384
0352_3.jpg,352,3,English,0,official_test,2471,3365,282,384,51,0,51,0,384,384
0352_4.jpg,352,4,English,1,official_test,2465,3359,282,384,51,0,51,0,384,384
0353_1.jpg,353,1,Arabic,0,official_test,2471,3389,280,384,52,0,52,0,384,384
0353_2.jpg,353,2,Arabic,1,official_test,2471,3383,280,384,52,0,52,0,384,384
0353_3.jpg,353,3,English,0,official_test,2477,3377,282,384,51,0,51,0,384,384
0353_4.jpg,353,4,English,1,official_test,2477,3377,282,384,51,0,51,0,384,384
0354_1.jpg,354,1,Arabic,0,official_test,2471,3377,281,384,51,0,52,0,384,384
0354_2.jpg,354,2,Arabic,1,official_test,2471,3359,282,384,51,0,51,0,384,384
0354_3.jpg,354,3,English,0,official_test,2471,3359,282,384,51,0,51,0,384,384
0354_4.jpg,354,4,English,1,official_test,2471,3359,282,384,51,0,51,0,384,384
0355_1.jpg,355,1,Arabic,0,official_test,2459,3371,280,384,52,0,52,0,384,384
0355_2.jpg,355,2,Arabic,1,official_test,2471,3377,281,384,51,0,52,0,384,384
0355_3.jpg,355,3,English,0,official_test,2465,3365,281,384,51,0,52,0,384,384
0355_4.jpg,355,4,English,1,official_test,2477,3371,282,384,51,0,51,0,384,384
0356_1.jpg,356,1,Arabic,0,official_test,2477,3371,282,384,51,0,51,0,384,384
0356_2.jpg,356,2,Arabic,1,official_test,2477,3377,282,384,51,0,51,0,384,384
0356_3.jpg,356,3,English,0,official_test,2489,3371,284,384,50,0,50,0,384,384
0356_4.jpg,356,4,English,1,official_test,2477,3371,282,384,51,0,51,0,384,384
0357_1.jpg,357,1,Arabic,0,official_test,2477,3377,282,384,51,0,51,0,384,384
0357_2.jpg,357,2,Arabic,1,official_test,2471,3377,281,384,51,0,52,0,384,384
0357_3.jpg,357,3,English,0,official_test,2477,3371,282,384,51,0,51,0,384,384
0357_4.jpg,357,4,English,1,official_test,2477,3365,283,384,50,0,51,0,384,384
0358_1.jpg,358,1,Arabic,0,official_test,2465,3371,281,384,51,0,52,0,384,384
0358_2.jpg,358,2,Arabic,1,official_test,2483,3365,283,384,50,0,51,0,384,384
0358_3.jpg,358,3,English,0,official_test,2471,3365,282,384,51,0,51,0,384,384
0358_4.jpg,358,4,English,1,official_test,2471,3359,282,384,51,0,51,0,384,384
0359_1.jpg,359,1,Arabic,0,official_test,2471,3353,283,384,50,0,51,0,384,384
0359_2.jpg,359,2,Arabic,1,official_test,2477,3353,284,384,50,0,50,0,384,384
0359_3.jpg,359,3,English,0,official_test,2471,3341,284,384,50,0,50,0,384,384
0359_4.jpg,359,4,English,1,official_test,2471,3347,283,384,50,0,51,0,384,384
0360_1.jpg,360,1,Arabic,0,official_test,2477,3359,283,384,50,0,51,0,384,384
0360_2.jpg,360,2,Arabic,1,official_test,2465,3353,282,384,51,0,51,0,384,384
0360_3.jpg,360,3,English,0,official_test,2465,3353,282,384,51,0,51,0,384,384
0360_4.jpg,360,4,English,1,official_test,2471,3347,283,384,50,0,51,0,384,384
0361_1.jpg,361,1,Arabic,0,official_test,2471,3389,280,384,52,0,52,0,384,384
0361_2.jpg,361,2,Arabic,1,official_test,2471,3383,280,384,52,0,52,0,384,384
0361_3.jpg,361,3,English,0,official_test,2471,3377,281,384,51,0,52,0,384,384
0361_4.jpg,361,4,English,1,official_test,2471,3377,281,384,51,0,52,0,384,384
0362_1.jpg,362,1,Arabic,0,official_test,2477,3377,282,384,51,0,51,0,384,384
0362_2.jpg,362,2,Arabic,1,official_test,2471,3371,281,384,51,0,52,0,384,384
0362_3.jpg,362,3,English,0,official_test,2477,3371,282,384,51,0,51,0,384,384
0362_4.jpg,362,4,English,1,official_test,2477,3377,282,384,51,0,51,0,384,384
0363_1.jpg,363,1,Arabic,0,official_test,2471,3353,283,384,50,0,51,0,384,384
0363_2.jpg,363,2,Arabic,1,official_test,2489,3359,285,384,49,0,50,0,384,384
0363_3.jpg,363,3,English,0,official_test,2483,3353,284,384,50,0,50,0,384,384
0363_4.jpg,363,4,English,1,official_test,2483,3353,284,384,50,0,50,0,384,384
0364_1.jpg,364,1,Arabic,0,official_test,2471,3365,282,384,51,0,51,0,384,384
0364_2.jpg,364,2,Arabic,1,official_test,2465,3359,282,384,51,0,51,0,384,384
0364_3.jpg,364,3,English,0,official_test,2465,3347,283,384,50,0,51,0,384,384
0364_4.jpg,364,4,English,1,official_test,2465,3359,282,384,51,0,51,0,384,384
0365_1.jpg,365,1,Arabic,0,official_test,2471,3377,281,384,51,0,52,0,384,384
0365_2.jpg,365,2,Arabic,1,official_test,2465,3365,281,384,51,0,52,0,384,384
0365_3.jpg,365,3,English,0,official_test,2471,3371,281,384,51,0,52,0,384,384
0365_4.jpg,365,4,English,1,official_test,2471,3371,281,384,51,0,52,0,384,384
0366_1.jpg,366,1,Arabic,0,official_test,2477,3401,280,384,52,0,52,0,384,384
0366_2.jpg,366,2,Arabic,1,official_test,2471,3389,280,384,52,0,52,0,384,384
0366_3.jpg,366,3,English,0,official_test,2471,3383,280,384,52,0,52,0,384,384
0366_4.jpg,366,4,English,1,official_test,2471,3389,280,384,52,0,52,0,384,384
0367_1.jpg,367,1,Arabic,0,official_test,2465,3383,280,384,52,0,52,0,384,384
0367_2.jpg,367,2,Arabic,1,official_test,2459,3383,279,384,52,0,53,0,384,384
0367_3.jpg,367,3,English,0,official_test,2459,3377,280,384,52,0,52,0,384,384
0367_4.jpg,367,4,English,1,official_test,2465,3371,281,384,51,0,52,0,384,384
0368_1.jpg,368,1,Arabic,0,official_test,2465,3383,280,384,52,0,52,0,384,384
0368_2.jpg,368,2,Arabic,1,official_test,2471,3365,282,384,51,0,51,0,384,384
0368_3.jpg,368,3,English,0,official_test,2465,3371,281,384,51,0,52,0,384,384
0368_4.jpg,368,4,English,1,official_test,2465,3365,281,384,51,0,52,0,384,384
0369_1.jpg,369,1,Arabic,0,official_test,2471,3347,283,384,50,0,51,0,384,384
0369_2.jpg,369,2,Arabic,1,official_test,2483,3353,284,384,50,0,50,0,384,384
0369_3.jpg,369,3,English,0,official_test,2483,3347,285,384,49,0,50,0,384,384
0369_4.jpg,369,4,English,1,official_test,2471,3341,284,384,50,0,50,0,384,384
0370_1.jpg,370,1,Arabic,0,official_test,2471,3365,282,384,51,0,51,0,384,384
0370_2.jpg,370,2,Arabic,1,official_test,2471,3365,282,384,51,0,51,0,384,384
0370_3.jpg,370,3,English,0,official_test,2471,3371,281,384,51,0,52,0,384,384
0370_4.jpg,370,4,English,1,official_test,2483,3371,283,384,50,0,51,0,384,384
0371_1.jpg,371,1,Arabic,0,official_test,2471,3371,281,384,51,0,52,0,384,384
0371_2.jpg,371,2,Arabic,1,official_test,2477,3377,282,384,51,0,51,0,384,384
0371_3.jpg,371,3,English,0,official_test,2477,3377,282,384,51,0,51,0,384,384
0371_4.jpg,371,4,English,1,official_test,2471,3365,282,384,51,0,51,0,384,384
0372_1.jpg,372,1,Arabic,0,official_test,2471,3365,282,384,51,0,51,0,384,384
0372_2.jpg,372,2,Arabic,1,official_test,2465,3365,281,384,51,0,52,0,384,384
0372_3.jpg,372,3,English,0,official_test,2465,3365,281,384,51,0,52,0,384,384
0372_4.jpg,372,4,English,1,official_test,2471,3365,282,384,51,0,51,0,384,384
0373_1.jpg,373,1,Arabic,0,official_test,2465,3359,282,384,51,0,51,0,384,384
0373_2.jpg,373,2,Arabic,1,official_test,2465,3365,281,384,51,0,52,0,384,384
0373_3.jpg,373,3,English,0,official_test,2465,3365,281,384,51,0,52,0,384,384
0373_4.jpg,373,4,English,1,official_test,2465,3365,281,384,51,0,52,0,384,384
0374_1.jpg,374,1,Arabic,0,official_test,2465,3353,282,384,51,0,51,0,384,384
0374_2.jpg,374,2,Arabic,1,official_test,2465,3365,281,384,51,0,52,0,384,384
0374_3.jpg,374,3,English,0,official_test,2465,3347,283,384,50,0,51,0,384,384
0374_4.jpg,374,4,English,1,official_test,2477,3353,284,384,50,0,50,0,384,384
0375_1.jpg,375,1,Arabic,0,official_test,2465,3353,282,384,51,0,51,0,384,384
0375_2.jpg,375,2,Arabic,1,official_test,2471,3353,283,384,50,0,51,0,384,384
0375_3.jpg,375,3,English,0,official_test,2471,3353,283,384,50,0,51,0,384,384
0375_4.jpg,375,4,English,1,official_test,2465,3347,283,384,50,0,51,0,384,384
0376_1.jpg,376,1,Arabic,0,official_test,2471,3359,282,384,51,0,51,0,384,384
0376_2.jpg,376,2,Arabic,1,official_test,2477,3371,282,384,51,0,51,0,384,384
0376_3.jpg,376,3,English,0,official_test,2477,3371,282,384,51,0,51,0,384,384
0376_4.jpg,376,4,English,1,official_test,2465,3359,282,384,51,0,51,0,384,384
0377_1.jpg,377,1,Arabic,0,official_test,2465,3389,279,384,52,0,53,0,384,384
0377_2.jpg,377,2,Arabic,1,official_test,2465,3377,280,384,52,0,52,0,384,384
0377_3.jpg,377,3,English,0,official_test,2483,1161,384,180,0,102,0,102,384,384
0377_4.jpg,377,4,English,1,official_test,2471,3377,281,384,51,0,52,0,384,384
0378_1.jpg,378,1,Arabic,0,official_test,2465,3377,280,384,52,0,52,0,384,384
0378_2.jpg,378,2,Arabic,1,official_test,2483,3371,283,384,50,0,51,0,384,384
0378_3.jpg,378,3,English,0,official_test,2477,3377,282,384,51,0,51,0,384,384
0378_4.jpg,378,4,English,1,official_test,2471,3377,281,384,51,0,52,0,384,384
0379_1.jpg,379,1,Arabic,0,official_test,2465,3371,281,384,51,0,52,0,384,384
0379_2.jpg,379,2,Arabic,1,official_test,2465,3365,281,384,51,0,52,0,384,384
0379_3.jpg,379,3,English,0,official_test,2459,3359,281,384,51,0,52,0,384,384
0379_4.jpg,379,4,English,1,official_test,2465,3365,281,384,51,0,52,0,384,384
0380_1.jpg,380,1,Arabic,0,official_test,2465,3377,280,384,52,0,52,0,384,384
0380_2.jpg,380,2,Arabic,1,official_test,2465,3383,280,384,52,0,52,0,384,384
0380_3.jpg,380,3,English,0,official_test,2465,3383,280,384,52,0,52,0,384,384
0380_4.jpg,380,4,English,1,official_test,2459,3383,279,384,52,0,53,0,384,384
0381_1.jpg,381,1,Arabic,0,official_test,2465,3365,281,384,51,0,52,0,384,384
0381_2.jpg,381,2,Arabic,1,official_test,2483,3371,283,384,50,0,51,0,384,384
0381_3.jpg,381,3,English,0,official_test,2465,3365,281,384,51,0,52,0,384,384
0381_4.jpg,381,4,English,1,official_test,2483,3359,284,384,50,0,50,0,384,384
0382_1.jpg,382,1,Arabic,0,official_test,2465,3359,282,384,51,0,51,0,384,384
0382_2.jpg,382,2,Arabic,1,official_test,2477,3365,283,384,50,0,51,0,384,384
0382_3.jpg,382,3,English,0,official_test,2471,3365,282,384,51,0,51,0,384,384
0382_4.jpg,382,4,English,1,official_test,2477,3365,283,384,50,0,51,0,384,384
0383_1.jpg,383,1,Arabic,0,official_test,2465,3377,280,384,52,0,52,0,384,384
0383_2.jpg,383,2,Arabic,1,official_test,2471,3377,281,384,51,0,52,0,384,384
0383_3.jpg,383,3,English,0,official_test,2465,3377,280,384,52,0,52,0,384,384
0383_4.jpg,383,4,English,1,official_test,2477,3389,281,384,51,0,52,0,384,384
0384_1.jpg,384,1,Arabic,0,official_test,2471,3353,283,384,50,0,51,0,384,384
0384_2.jpg,384,2,Arabic,1,official_test,2465,3353,282,384,51,0,51,0,384,384
0384_3.jpg,384,3,English,0,official_test,2471,3359,282,384,51,0,51,0,384,384
0384_4.jpg,384,4,English,1,official_test,2471,3365,282,384,51,0,51,0,384,384
0385_1.jpg,385,1,Arabic,0,official_test,2465,3365,281,384,51,0,52,0,384,384
0385_2.jpg,385,2,Arabic,1,official_test,2465,3353,282,384,51,0,51,0,384,384
0385_3.jpg,385,3,English,0,official_test,2471,3359,282,384,51,0,51,0,384,384
0385_4.jpg,385,4,English,1,official_test,2459,3359,281,384,51,0,52,0,384,384
0386_1.jpg,386,1,Arabic,0,official_test,2477,3383,281,384,51,0,52,0,384,384
0386_2.jpg,386,2,Arabic,1,official_test,2477,3371,282,384,51,0,51,0,384,384
0386_3.jpg,386,3,English,0,official_test,2477,3371,282,384,51,0,51,0,384,384
0386_4.jpg,386,4,English,1,official_test,2471,3371,281,384,51,0,52,0,384,384
0387_1.jpg,387,1,Arabic,0,official_test,2477,3371,282,384,51,0,51,0,384,384
0387_2.jpg,387,2,Arabic,1,official_test,2477,3365,283,384,50,0,51,0,384,384
0387_3.jpg,387,3,English,0,official_test,2483,3359,284,384,50,0,50,0,384,384
0387_4.jpg,387,4,English,1,official_test,2477,3365,283,384,50,0,51,0,384,384
0388_1.jpg,388,1,Arabic,0,official_test,2465,3377,280,384,52,0,52,0,384,384
0388_2.jpg,388,2,Arabic,1,official_test,2465,3371,281,384,51,0,52,0,384,384
0388_3.jpg,388,3,English,0,official_test,2459,3371,280,384,52,0,52,0,384,384
0388_4.jpg,388,4,English,1,official_test,2465,3371,281,384,51,0,52,0,384,384
0389_1.jpg,389,1,Arabic,0,official_test,2471,3341,284,384,50,0,50,0,384,384
0389_2.jpg,389,2,Arabic,1,official_test,2471,3341,284,384,50,0,50,0,384,384
0389_3.jpg,389,3,English,0,official_test,2489,3347,286,384,49,0,49,0,384,384
0389_4.jpg,389,4,English,1,official_test,2483,3347,285,384,49,0,50,0,384,384
0390_1.jpg,390,1,Arabic,0,official_test,2477,3371,282,384,51,0,51,0,384,384
0390_2.jpg,390,2,Arabic,1,official_test,2477,3377,282,384,51,0,51,0,384,384
0390_3.jpg,390,3,English,0,official_test,2483,3377,282,384,51,0,51,0,384,384
0390_4.jpg,390,4,English,1,official_test,2477,3365,283,384,50,0,51,0,384,384
0391_1.jpg,391,1,Arabic,0,official_test,2465,3353,282,384,51,0,51,0,384,384
0391_2.jpg,391,2,Arabic,1,official_test,2465,3353,282,384,51,0,51,0,384,384
0391_3.jpg,391,3,English,0,official_test,2465,3353,282,384,51,0,51,0,384,384
0391_4.jpg,391,4,English,1,official_test,2465,3359,282,384,51,0,51,0,384,384
0392_1.jpg,392,1,Arabic,0,official_test,2471,3383,280,384,52,0,52,0,384,384
0392_2.jpg,392,2,Arabic,1,official_test,2477,3383,281,384,51,0,52,0,384,384
0392_3.jpg,392,3,English,0,official_test,2471,3377,281,384,51,0,52,0,384,384
0392_4.jpg,392,4,English,1,official_test,2471,3377,281,384,51,0,52,0,384,384
0393_1.jpg,393,1,Arabic,0,official_test,2465,3377,280,384,52,0,52,0,384,384
0393_2.jpg,393,2,Arabic,1,official_test,2465,3371,281,384,51,0,52,0,384,384
0393_3.jpg,393,3,English,0,official_test,2471,3371,281,384,51,0,52,0,384,384
0393_4.jpg,393,4,English,1,official_test,2465,3365,281,384,51,0,52,0,384,384
0394_1.jpg,394,1,Arabic,0,official_test,2477,3377,282,384,51,0,51,0,384,384
0394_2.jpg,394,2,Arabic,1,official_test,2477,3377,282,384,51,0,51,0,384,384
0394_3.jpg,394,3,English,0,official_test,2477,3383,281,384,51,0,52,0,384,384
0394_4.jpg,394,4,English,1,official_test,2477,3371,282,384,51,0,51,0,384,384
0395_1.jpg,395,1,Arabic,0,official_test,2477,3383,281,384,51,0,52,0,384,384
0395_2.jpg,395,2,Arabic,1,official_test,2471,3377,281,384,51,0,52,0,384,384
0395_3.jpg,395,3,English,0,official_test,2471,3371,281,384,51,0,52,0,384,384
0395_4.jpg,395,4,English,1,official_test,2483,3383,282,384,51,0,51,0,384,384
0396_1.jpg,396,1,Arabic,0,official_test,2465,3377,280,384,52,0,52,0,384,384
0396_2.jpg,396,2,Arabic,1,official_test,2465,3383,280,384,52,0,52,0,384,384
0396_3.jpg,396,3,English,0,official_test,2477,3377,282,384,51,0,51,0,384,384
0396_4.jpg,396,4,English,1,official_test,2471,3377,281,384,51,0,52,0,384,384
0397_1.jpg,397,1,Arabic,0,official_test,2477,3359,283,384,50,0,51,0,384,384
0397_2.jpg,397,2,Arabic,1,official_test,2471,3353,283,384,50,0,51,0,384,384
0397_3.jpg,397,3,English,0,official_test,2477,3359,283,384,50,0,51,0,384,384
0397_4.jpg,397,4,English,1,official_test,2477,3353,284,384,50,0,50,0,384,384
0398_1.jpg,398,1,Arabic,0,official_test,2459,3371,280,384,52,0,52,0,384,384
0398_2.jpg,398,2,Arabic,1,official_test,2471,3371,281,384,51,0,52,0,384,384
0398_3.jpg,398,3,English,0,official_test,2459,3365,281,384,51,0,52,0,384,384
0398_4.jpg,398,4,English,1,official_test,2465,3353,282,384,51,0,51,0,384,384
0399_1.jpg,399,1,Arabic,0,official_test,2465,3377,280,384,52,0,52,0,384,384
0399_2.jpg,399,2,Arabic,1,official_test,2465,3377,280,384,52,0,52,0,384,384
0399_3.jpg,399,3,English,0,official_test,2465,3377,280,384,52,0,52,0,384,384
0399_4.jpg,399,4,English,1,official_test,2471,3389,280,384,52,0,52,0,384,384
0400_1.jpg,400,1,Arabic,0,official_test,2471,3383,280,384,52,0,52,0,384,384
0400_2.jpg,400,2,Arabic,1,official_test,2471,3383,280,384,52,0,52,0,384,384
0400_3.jpg,400,3,English,0,official_test,2471,3383,280,384,52,0,52,0,384,384
0400_4.jpg,400,4,English,1,official_test,2471,3377,281,384,51,0,52,0,384,384
0401_1.jpg,401,1,Arabic,0,official_test,2477,3371,282,384,51,0,51,0,384,384
0401_2.jpg,401,2,Arabic,1,official_test,2471,3371,281,384,51,0,52,0,384,384
0401_3.jpg,401,3,English,0,official_test,2465,3377,280,384,52,0,52,0,384,384
0401_4.jpg,401,4,English,1,official_test,2465,3365,281,384,51,0,52,0,384,384
0402_1.jpg,402,1,Arabic,0,official_test,2465,3365,281,384,51,0,52,0,384,384
0402_2.jpg,402,2,Arabic,1,official_test,2483,3377,282,384,51,0,51,0,384,384
0402_3.jpg,402,3,English,0,official_test,2477,3377,282,384,51,0,51,0,384,384
0402_4.jpg,402,4,English,1,official_test,2471,3365,282,384,51,0,51,0,384,384
0403_1.jpg,403,1,Arabic,0,official_test,2471,3365,282,384,51,0,51,0,384,384
0403_2.jpg,403,2,Arabic,1,official_test,2471,3359,282,384,51,0,51,0,384,384
0403_3.jpg,403,3,English,0,official_test,2471,3359,282,384,51,0,51,0,384,384
0403_4.jpg,403,4,English,1,official_test,2465,3365,281,384,51,0,52,0,384,384
0404_1.jpg,404,1,Arabic,0,official_test,2471,3347,283,384,50,0,51,0,384,384
0404_2.jpg,404,2,Arabic,1,official_test,2471,3347,283,384,50,0,51,0,384,384
0404_3.jpg,404,3,English,0,official_test,2471,3347,283,384,50,0,51,0,384,384
0404_4.jpg,404,4,English,1,official_test,2471,3347,283,384,50,0,51,0,384,384
0405_1.jpg,405,1,Arabic,0,official_test,2465,3383,280,384,52,0,52,0,384,384
0405_2.jpg,405,2,Arabic,1,official_test,2465,3371,281,384,51,0,52,0,384,384
0405_3.jpg,405,3,English,0,official_test,2471,3377,281,384,51,0,52,0,384,384
0405_4.jpg,405,4,English,1,official_test,2471,3377,281,384,51,0,52,0,384,384
0406_1.jpg,406,1,Arabic,0,official_test,2465,3383,280,384,52,0,52,0,384,384
0406_2.jpg,406,2,Arabic,1,official_test,2471,3377,281,384,51,0,52,0,384,384
0406_3.jpg,406,3,English,0,official_test,2471,3371,281,384,51,0,52,0,384,384
0406_4.jpg,406,4,English,1,official_test,2465,3365,281,384,51,0,52,0,384,384
0407_1.jpg,407,1,Arabic,0,official_test,2477,3377,282,384,51,0,51,0,384,384
0407_2.jpg,407,2,Arabic,1,official_test,2477,3371,282,384,51,0,51,0,384,384
0407_3.jpg,407,3,English,0,official_test,2477,3377,282,384,51,0,51,0,384,384
0407_4.jpg,407,4,English,1,official_test,2477,3383,281,384,51,0,52,0,384,384
0408_1.jpg,408,1,Arabic,0,official_test,2465,3389,279,384,52,0,53,0,384,384
0408_2.jpg,408,2,Arabic,1,official_test,2465,3383,280,384,52,0,52,0,384,384
0408_3.jpg,408,3,English,0,official_test,2465,3365,281,384,51,0,52,0,384,384
0408_4.jpg,408,4,English,1,official_test,2471,3377,281,384,51,0,52,0,384,384
0409_1.jpg,409,1,Arabic,0,official_test,2471,3383,280,384,52,0,52,0,384,384
0409_2.jpg,409,2,Arabic,1,official_test,2471,3383,280,384,52,0,52,0,384,384
0409_3.jpg,409,3,English,0,official_test,2471,3383,280,384,52,0,52,0,384,384
0409_4.jpg,409,4,English,1,official_test,2465,3377,280,384,52,0,52,0,384,384
0410_1.jpg,410,1,Arabic,0,official_test,2477,3383,281,384,51,0,52,0,384,384
0410_2.jpg,410,2,Arabic,1,official_test,2471,3395,279,384,52,0,53,0,384,384
0410_3.jpg,410,3,English,0,official_test,2465,3395,279,384,52,0,53,0,384,384
0410_4.jpg,410,4,English,1,official_test,2471,3383,280,384,52,0,52,0,384,384
0411_1.jpg,411,1,Arabic,0,official_test,2471,3383,280,384,52,0,52,0,384,384
0411_2.jpg,411,2,Arabic,1,official_test,2471,3365,282,384,51,0,51,0,384,384
0411_3.jpg,411,3,English,0,official_test,2465,3365,281,384,51,0,52,0,384,384
0411_4.jpg,411,4,English,1,official_test,2465,3359,282,384,51,0,51,0,384,384
0412_1.jpg,412,1,Arabic,0,official_test,2465,3371,281,384,51,0,52,0,384,384
0412_2.jpg,412,2,Arabic,1,official_test,2465,3371,281,384,51,0,52,0,384,384
0412_3.jpg,412,3,English,0,official_test,2471,3365,282,384,51,0,51,0,384,384
0412_4.jpg,412,4,English,1,official_test,2465,3359,282,384,51,0,51,0,384,384
0413_1.jpg,413,1,Arabic,0,official_test,2483,3383,282,384,51,0,51,0,384,384
0413_2.jpg,413,2,Arabic,1,official_test,2471,3371,281,384,51,0,52,0,384,384
0413_3.jpg,413,3,English,0,official_test,2477,3383,281,384,51,0,52,0,384,384
0413_4.jpg,413,4,English,1,official_test,2471,3371,281,384,51,0,52,0,384,384
0414_1.jpg,414,1,Arabic,0,official_test,2465,3365,281,384,51,0,52,0,384,384
0414_2.jpg,414,2,Arabic,1,official_test,2471,3371,281,384,51,0,52,0,384,384
0414_3.jpg,414,3,English,0,official_test,2471,3365,282,384,51,0,51,0,384,384
0414_4.jpg,414,4,English,1,official_test,2483,3371,283,384,50,0,51,0,384,384
0415_1.jpg,415,1,Arabic,0,official_test,2471,3365,282,384,51,0,51,0,384,384
0415_2.jpg,415,2,Arabic,1,official_test,2471,3371,281,384,51,0,52,0,384,384
0415_3.jpg,415,3,English,0,official_test,2483,3365,283,384,50,0,51,0,384,384
0415_4.jpg,415,4,English,1,official_test,2465,3365,281,384,51,0,52,0,384,384
0416_1.jpg,416,1,Arabic,0,official_test,2471,3383,280,384,52,0,52,0,384,384
0416_2.jpg,416,2,Arabic,1,official_test,2471,3383,280,384,52,0,52,0,384,384
0416_3.jpg,416,3,English,0,official_test,2465,3377,280,384,52,0,52,0,384,384
0416_4.jpg,416,4,English,1,official_test,2465,3371,281,384,51,0,52,0,384,384
0417_1.jpg,417,1,Arabic,0,official_test,2465,3377,280,384,52,0,52,0,384,384
0417_2.jpg,417,2,Arabic,1,official_test,2471,3383,280,384,52,0,52,0,384,384
0417_3.jpg,417,3,English,0,official_test,2483,3383,282,384,51,0,51,0,384,384
0417_4.jpg,417,4,English,1,official_test,2471,3383,280,384,52,0,52,0,384,384
0418_1.jpg,418,1,Arabic,0,official_test,2465,3371,281,384,51,0,52,0,384,384
0418_2.jpg,418,2,Arabic,1,official_test,2465,3365,281,384,51,0,52,0,384,384
0418_3.jpg,418,3,English,0,official_test,2465,3365,281,384,51,0,52,0,384,384
0418_4.jpg,418,4,English,1,official_test,2471,3371,281,384,51,0,52,0,384,384
0419_1.jpg,419,1,Arabic,0,official_test,2465,3371,281,384,51,0,52,0,384,384
0419_2.jpg,419,2,Arabic,1,official_test,2465,3365,281,384,51,0,52,0,384,384
0419_3.jpg,419,3,English,0,official_test,2471,3365,282,384,51,0,51,0,384,384
0419_4.jpg,419,4,English,1,official_test,2471,3365,282,384,51,0,51,0,384,384
0420_1.jpg,420,1,Arabic,0,official_test,2471,3389,280,384,52,0,52,0,384,384
0420_2.jpg,420,2,Arabic,1,official_test,2477,3383,281,384,51,0,52,0,384,384
0420_3.jpg,420,3,English,0,official_test,2477,3377,282,384,51,0,51,0,384,384
0420_4.jpg,420,4,English,1,official_test,2477,3377,282,384,51,0,51,0,384,384
0421_1.jpg,421,1,Arabic,0,official_test,2465,3353,282,384,51,0,51,0,384,384
0421_2.jpg,421,2,Arabic,1,official_test,2471,3347,283,384,50,0,51,0,384,384
0421_3.jpg,421,3,English,0,official_test,2471,3347,283,384,50,0,51,0,384,384
0421_4.jpg,421,4,English,1,official_test,2465,3347,283,384,50,0,51,0,384,384
0422_1.jpg,422,1,Arabic,0,official_test,2465,3377,280,384,52,0,52,0,384,384
0422_2.jpg,422,2,Arabic,1,official_test,2465,3365,281,384,51,0,52,0,384,384
0422_3.jpg,422,3,English,0,official_test,2471,3365,282,384,51,0,51,0,384,384
0422_4.jpg,422,4,English,1,official_test,2465,3365,281,384,51,0,52,0,384,384
0423_1.jpg,423,1,Arabic,0,official_test,2465,3389,279,384,52,0,53,0,384,384
0423_2.jpg,423,2,Arabic,1,official_test,2471,3377,281,384,51,0,52,0,384,384
0423_3.jpg,423,3,English,0,official_test,2471,3377,281,384,51,0,52,0,384,384
0423_4.jpg,423,4,English,1,official_test,2471,3377,281,384,51,0,52,0,384,384
0424_1.jpg,424,1,Arabic,0,official_test,2471,3389,280,384,52,0,52,0,384,384
0424_2.jpg,424,2,Arabic,1,official_test,2471,3377,281,384,51,0,52,0,384,384
0424_3.jpg,424,3,English,0,official_test,2471,3389,280,384,52,0,52,0,384,384
0424_4.jpg,424,4,English,1,official_test,2471,3389,280,384,52,0,52,0,384,384
0425_1.jpg,425,1,Arabic,0,official_test,2477,3395,280,384,52,0,52,0,384,384
0425_2.jpg,425,2,Arabic,1,official_test,2471,3389,280,384,52,0,52,0,384,384
0425_3.jpg,425,3,English,0,official_test,2477,3395,280,384,52,0,52,0,384,384
0425_4.jpg,425,4,English,1,official_test,2471,3377,281,384,51,0,52,0,384,384
0426_1.jpg,426,1,Arabic,0,official_test,2471,3377,281,384,51,0,52,0,384,384
0426_2.jpg,426,2,Arabic,1,official_test,2465,3371,281,384,51,0,52,0,384,384
0426_3.jpg,426,3,English,0,official_test,2471,3365,282,384,51,0,51,0,384,384
0426_4.jpg,426,4,English,1,official_test,2483,3365,283,384,50,0,51,0,384,384
0427_1.jpg,427,1,Arabic,0,official_test,2465,3389,279,384,52,0,53,0,384,384
0427_2.jpg,427,2,Arabic,1,official_test,2465,3383,280,384,52,0,52,0,384,384
0427_3.jpg,427,3,English,0,official_test,2471,3389,280,384,52,0,52,0,384,384
0427_4.jpg,427,4,English,1,official_test,2471,3371,281,384,51,0,52,0,384,384
0428_1.jpg,428,1,Arabic,0,official_test,2477,3383,281,384,51,0,52,0,384,384
0428_2.jpg,428,2,Arabic,1,official_test,2313,2201,384,365,0,9,0,10,384,384
0428_3.jpg,428,3,English,0,official_test,2471,1961,384,305,0,39,0,40,384,384
0428_4.jpg,428,4,English,1,official_test,2471,2129,384,331,0,26,0,27,384,384
0429_1.jpg,429,1,Arabic,0,official_test,2471,3353,283,384,50,0,51,0,384,384
0429_2.jpg,429,2,Arabic,1,official_test,2471,3347,283,384,50,0,51,0,384,384
0429_3.jpg,429,3,English,0,official_test,2471,3341,284,384,50,0,50,0,384,384
0429_4.jpg,429,4,English,1,official_test,2471,3347,283,384,50,0,51,0,384,384
0430_1.jpg,430,1,Arabic,0,official_test,2459,3371,280,384,52,0,52,0,384,384
0430_2.jpg,430,2,Arabic,1,official_test,2465,3371,281,384,51,0,52,0,384,384
0430_3.jpg,430,3,English,0,official_test,2465,3371,281,384,51,0,52,0,384,384
0430_4.jpg,430,4,English,1,official_test,2465,3359,282,384,51,0,51,0,384,384
0431_1.jpg,431,1,Arabic,0,official_test,2465,3395,279,384,52,0,53,0,384,384
0431_2.jpg,431,2,Arabic,1,official_test,2465,3395,279,384,52,0,53,0,384,384
0431_3.jpg,431,3,English,0,official_test,2465,3389,279,384,52,0,53,0,384,384
0431_4.jpg,431,4,English,1,official_test,2477,3383,281,384,51,0,52,0,384,384
0432_1.jpg,432,1,Arabic,0,official_test,2465,3401,278,384,53,0,53,0,384,384
0432_2.jpg,432,2,Arabic,1,official_test,2465,3395,279,384,52,0,53,0,384,384
0432_3.jpg,432,3,English,0,official_test,2465,3383,280,384,52,0,52,0,384,384
0432_4.jpg,432,4,English,1,official_test,2465,3383,280,384,52,0,52,0,384,384
0433_1.jpg,433,1,Arabic,0,official_test,2471,3377,281,384,51,0,52,0,384,384
0433_2.jpg,433,2,Arabic,1,official_test,2477,3359,283,384,50,0,51,0,384,384
0433_3.jpg,433,3,English,0,official_test,2471,3359,282,384,51,0,51,0,384,384
0433_4.jpg,433,4,English,1,official_test,2471,3359,282,384,51,0,51,0,384,384
0434_1.jpg,434,1,Arabic,0,official_test,2465,3383,280,384,52,0,52,0,384,384
0434_2.jpg,434,2,Arabic,1,official_test,2465,3371,281,384,51,0,52,0,384,384
0434_3.jpg,434,3,English,0,official_test,2465,3395,279,384,52,0,53,0,384,384
0434_4.jpg,434,4,English,1,official_test,2465,3377,280,384,52,0,52,0,384,384
0435_1.jpg,435,1,Arabic,0,official_test,2465,3377,280,384,52,0,52,0,384,384
0435_2.jpg,435,2,Arabic,1,official_test,2471,3371,281,384,51,0,52,0,384,384
0435_3.jpg,435,3,English,0,official_test,2471,3359,282,384,51,0,51,0,384,384
0435_4.jpg,435,4,English,1,official_test,2471,3359,282,384,51,0,51,0,384,384
0436_1.jpg,436,1,Arabic,0,official_test,2465,3383,280,384,52,0,52,0,384,384
0436_2.jpg,436,2,Arabic,1,official_test,2465,3371,281,384,51,0,52,0,384,384
0436_3.jpg,436,3,English,0,official_test,2465,3365,281,384,51,0,52,0,384,384
0436_4.jpg,436,4,English,1,official_test,2471,3359,282,384,51,0,51,0,384,384
0437_1.jpg,437,1,Arabic,0,official_test,2471,3371,281,384,51,0,52,0,384,384
0437_2.jpg,437,2,Arabic,1,official_test,2471,3371,281,384,51,0,52,0,384,384
0437_3.jpg,437,3,English,0,official_test,2465,3359,282,384,51,0,51,0,384,384
0437_4.jpg,437,4,English,1,official_test,2465,3371,281,384,51,0,52,0,384,384
0438_1.jpg,438,1,Arabic,0,official_test,2477,3383,281,384,51,0,52,0,384,384
0438_2.jpg,438,2,Arabic,1,official_test,2483,3377,282,384,51,0,51,0,384,384
0438_3.jpg,438,3,English,0,official_test,2471,3377,281,384,51,0,52,0,384,384
0438_4.jpg,438,4,English,1,official_test,2471,3377,281,384,51,0,52,0,384,384
0439_1.jpg,439,1,Arabic,0,official_test,2471,3377,281,384,51,0,52,0,384,384
0439_2.jpg,439,2,Arabic,1,official_test,2471,3365,282,384,51,0,51,0,384,384
0439_3.jpg,439,3,English,0,official_test,2471,3365,282,384,51,0,51,0,384,384
0439_4.jpg,439,4,English,1,official_test,2465,3359,282,384,51,0,51,0,384,384
0440_1.jpg,440,1,Arabic,0,official_test,2477,3389,281,384,51,0,52,0,384,384
0440_2.jpg,440,2,Arabic,1,official_test,2471,3377,281,384,51,0,52,0,384,384
0440_3.jpg,440,3,English,0,official_test,2483,3377,282,384,51,0,51,0,384,384
0440_4.jpg,440,4,English,1,official_test,2471,3377,281,384,51,0,52,0,384,384
0441_1.jpg,441,1,Arabic,0,official_test,2477,3353,284,384,50,0,50,0,384,384
0441_2.jpg,441,2,Arabic,1,official_test,2477,3353,284,384,50,0,50,0,384,384
0441_3.jpg,441,3,English,0,official_test,2459,3353,282,384,51,0,51,0,384,384
0441_4.jpg,441,4,English,1,official_test,2483,3359,284,384,50,0,50,0,384,384
0442_1.jpg,442,1,Arabic,0,official_test,2471,3359,282,384,51,0,51,0,384,384
0442_2.jpg,442,2,Arabic,1,official_test,2471,3359,282,384,51,0,51,0,384,384
0442_3.jpg,442,3,English,0,official_test,2477,3353,284,384,50,0,50,0,384,384
0442_4.jpg,442,4,English,1,official_test,2483,3341,285,384,49,0,50,0,384,384
0443_1.jpg,443,1,Arabic,0,official_test,2465,3359,282,384,51,0,51,0,384,384
0443_2.jpg,443,2,Arabic,1,official_test,2465,3353,282,384,51,0,51,0,384,384
0443_3.jpg,443,3,English,0,official_test,2465,3353,282,384,51,0,51,0,384,384
0443_4.jpg,443,4,English,1,official_test,2465,3341,283,384,50,0,51,0,384,384
0444_1.jpg,444,1,Arabic,0,official_test,2471,3383,280,384,52,0,52,0,384,384
0444_2.jpg,444,2,Arabic,1,official_test,2471,3383,280,384,52,0,52,0,384,384
0444_3.jpg,444,3,English,0,official_test,2465,3371,281,384,51,0,52,0,384,384
0444_4.jpg,444,4,English,1,official_test,2465,3377,280,384,52,0,52,0,384,384
0445_1.jpg,445,1,Arabic,0,official_test,2471,3395,279,384,52,0,53,0,384,384
0445_2.jpg,445,2,Arabic,1,official_test,2471,3383,280,384,52,0,52,0,384,384
0445_3.jpg,445,3,English,0,official_test,2471,3383,280,384,52,0,52,0,384,384
0445_4.jpg,445,4,English,1,official_test,2471,3383,280,384,52,0,52,0,384,384
0446_1.jpg,446,1,Arabic,0,official_test,2465,3365,281,384,51,0,52,0,384,384
0446_2.jpg,446,2,Arabic,1,official_test,2465,3377,280,384,52,0,52,0,384,384
0446_3.jpg,446,3,English,0,official_test,2465,3365,281,384,51,0,52,0,384,384
0446_4.jpg,446,4,English,1,official_test,2465,3365,281,384,51,0,52,0,384,384
0447_1.jpg,447,1,Arabic,0,official_test,2471,3347,283,384,50,0,51,0,384,384
0447_2.jpg,447,2,Arabic,1,official_test,2471,3353,283,384,50,0,51,0,384,384
0447_3.jpg,447,3,English,0,official_test,2471,3347,283,384,50,0,51,0,384,384
0447_4.jpg,447,4,English,1,official_test,2465,3341,283,384,50,0,51,0,384,384
0448_1.jpg,448,1,Arabic,0,official_test,2477,3377,282,384,51,0,51,0,384,384
0448_2.jpg,448,2,Arabic,1,official_test,2477,3365,283,384,50,0,51,0,384,384
0448_3.jpg,448,3,English,0,official_test,2477,3365,283,384,50,0,51,0,384,384
0448_4.jpg,448,4,English,1,official_test,2477,3371,282,384,51,0,51,0,384,384
0449_1.jpg,449,1,Arabic,0,official_test,2471,3395,279,384,52,0,53,0,384,384
0449_2.jpg,449,2,Arabic,1,official_test,2471,3383,280,384,52,0,52,0,384,384
0449_3.jpg,449,3,English,0,official_test,2465,3377,280,384,52,0,52,0,384,384
0449_4.jpg,449,4,English,1,official_test,2471,3377,281,384,51,0,52,0,384,384
0450_1.jpg,450,1,Arabic,0,official_test,2471,3365,282,384,51,0,51,0,384,384
0450_2.jpg,450,2,Arabic,1,official_test,2471,3359,282,384,51,0,51,0,384,384
0450_3.jpg,450,3,English,0,official_test,2477,3365,283,384,50,0,51,0,384,384
0450_4.jpg,450,4,English,1,official_test,2471,3359,282,384,51,0,51,0,384,384
0451_1.jpg,451,1,Arabic,0,official_test,2465,3353,282,384,51,0,51,0,384,384
0451_2.jpg,451,2,Arabic,1,official_test,2471,3347,283,384,50,0,51,0,384,384
0451_3.jpg,451,3,English,0,official_test,2471,3359,282,384,51,0,51,0,384,384
0451_4.jpg,451,4,English,1,official_test,2477,3359,283,384,50,0,51,0,384,384
0452_1.jpg,452,1,Arabic,0,official_test,2465,3371,281,384,51,0,52,0,384,384
0452_2.jpg,452,2,Arabic,1,official_test,2465,3371,281,384,51,0,52,0,384,384
0452_3.jpg,452,3,English,0,official_test,2483,3371,283,384,50,0,51,0,384,384
0452_4.jpg,452,4,English,1,official_test,2477,3371,282,384,51,0,51,0,384,384
0453_1.jpg,453,1,Arabic,0,official_test,2465,3383,280,384,52,0,52,0,384,384
0453_2.jpg,453,2,Arabic,1,official_test,2471,3377,281,384,51,0,52,0,384,384
0453_3.jpg,453,3,English,0,official_test,2471,3377,281,384,51,0,52,0,384,384
0453_4.jpg,453,4,English,1,official_test,2465,3371,281,384,51,0,52,0,384,384
0454_1.jpg,454,1,Arabic,0,official_test,2471,3383,280,384,52,0,52,0,384,384
0454_2.jpg,454,2,Arabic,1,official_test,2471,3377,281,384,51,0,52,0,384,384
0454_3.jpg,454,3,English,0,official_test,2471,3377,281,384,51,0,52,0,384,384
0454_4.jpg,454,4,English,1,official_test,2483,3377,282,384,51,0,51,0,384,384
0455_1.jpg,455,1,Arabic,0,official_test,2465,3377,280,384,52,0,52,0,384,384
0455_2.jpg,455,2,Arabic,1,official_test,2471,3377,281,384,51,0,52,0,384,384
0455_3.jpg,455,3,English,0,official_test,2471,3371,281,384,51,0,52,0,384,384
0455_4.jpg,455,4,English,1,official_test,2465,3371,281,384,51,0,52,0,384,384
0456_1.jpg,456,1,Arabic,0,official_test,2477,3371,282,384,51,0,51,0,384,384
0456_2.jpg,456,2,Arabic,1,official_test,2471,3371,281,384,51,0,52,0,384,384
0456_3.jpg,456,3,English,0,official_test,2471,3359,282,384,51,0,51,0,384,384
0456_4.jpg,456,4,English,1,official_test,2471,3359,282,384,51,0,51,0,384,384
0457_1.jpg,457,1,Arabic,0,official_test,2477,3371,282,384,51,0,51,0,384,384
0457_2.jpg,457,2,Arabic,1,official_test,2459,3371,280,384,52,0,52,0,384,384
0457_3.jpg,457,3,English,0,official_test,2465,3371,281,384,51,0,52,0,384,384
0457_4.jpg,457,4,English,1,official_test,2471,3365,282,384,51,0,51,0,384,384
0458_1.jpg,458,1,Arabic,0,official_test,2471,3383,280,384,52,0,52,0,384,384
0458_2.jpg,458,2,Arabic,1,official_test,2471,3377,281,384,51,0,52,0,384,384
0458_3.jpg,458,3,English,0,official_test,2471,3383,280,384,52,0,52,0,384,384
0458_4.jpg,458,4,English,1,official_test,2471,3383,280,384,52,0,52,0,384,384
0459_1.jpg,459,1,Arabic,0,official_test,2471,3389,280,384,52,0,52,0,384,384
0459_2.jpg,459,2,Arabic,1,official_test,2465,3389,279,384,52,0,53,0,384,384
0459_3.jpg,459,3,English,0,official_test,2471,3383,280,384,52,0,52,0,384,384
0459_4.jpg,459,4,English,1,official_test,2465,3383,280,384,52,0,52,0,384,384
0460_1.jpg,460,1,Arabic,0,official_test,2471,3383,280,384,52,0,52,0,384,384
0460_2.jpg,460,2,Arabic,1,official_test,2471,3377,281,384,51,0,52,0,384,384
0460_3.jpg,460,3,English,0,official_test,2471,3377,281,384,51,0,52,0,384,384
0460_4.jpg,460,4,English,1,official_test,2471,3383,280,384,52,0,52,0,384,384
0461_1.jpg,461,1,Arabic,0,official_test,2471,3383,280,384,52,0,52,0,384,384
0461_2.jpg,461,2,Arabic,1,official_test,2471,3383,280,384,52,0,52,0,384,384
0461_3.jpg,461,3,English,0,official_test,2477,3389,281,384,51,0,52,0,384,384
0461_4.jpg,461,4,English,1,official_test,2471,3383,280,384,52,0,52,0,384,384
0462_1.jpg,462,1,Arabic,0,official_test,2465,3359,282,384,51,0,51,0,384,384
0462_2.jpg,462,2,Arabic,1,official_test,2465,3359,282,384,51,0,51,0,384,384
0462_3.jpg,462,3,English,0,official_test,2471,3359,282,384,51,0,51,0,384,384
0462_4.jpg,462,4,English,1,official_test,2471,3371,281,384,51,0,52,0,384,384
0463_1.jpg,463,1,Arabic,0,official_test,2477,3377,282,384,51,0,51,0,384,384
0463_2.jpg,463,2,Arabic,1,official_test,2477,3371,282,384,51,0,51,0,384,384
0463_3.jpg,463,3,English,0,official_test,2477,3371,282,384,51,0,51,0,384,384
0463_4.jpg,463,4,English,1,official_test,2477,3371,282,384,51,0,51,0,384,384
0464_1.jpg,464,1,Arabic,0,official_test,2471,3377,281,384,51,0,52,0,384,384
0464_2.jpg,464,2,Arabic,1,official_test,2471,3371,281,384,51,0,52,0,384,384
0464_3.jpg,464,3,English,0,official_test,2477,3377,282,384,51,0,51,0,384,384
0464_4.jpg,464,4,English,1,official_test,2477,3377,282,384,51,0,51,0,384,384
0465_1.jpg,465,1,Arabic,0,official_test,2465,3347,283,384,50,0,51,0,384,384
0465_2.jpg,465,2,Arabic,1,official_test,2477,3353,284,384,50,0,50,0,384,384
0465_3.jpg,465,3,English,0,official_test,2465,3353,282,384,51,0,51,0,384,384
0465_4.jpg,465,4,English,1,official_test,2471,3359,282,384,51,0,51,0,384,384
0466_1.jpg,466,1,Arabic,0,official_test,2477,3377,282,384,51,0,51,0,384,384
0466_2.jpg,466,2,Arabic,1,official_test,2477,3365,283,384,50,0,51,0,384,384
0466_3.jpg,466,3,English,0,official_test,2471,3365,282,384,51,0,51,0,384,384
0466_4.jpg,466,4,English,1,official_test,2477,3371,282,384,51,0,51,0,384,384
0467_1.jpg,467,1,Arabic,0,official_test,2475,3389,280,384,52,0,52,0,384,384
0467_2.jpg,467,2,Arabic,1,official_test,2471,3383,280,384,52,0,52,0,384,384
0467_3.jpg,467,3,English,0,official_test,2465,3377,280,384,52,0,52,0,384,384
0467_4.jpg,467,4,English,1,official_test,2483,3377,282,384,51,0,51,0,384,384
0468_1.jpg,468,1,Arabic,0,official_test,2465,3383,280,384,52,0,52,0,384,384
0468_2.jpg,468,2,Arabic,1,official_test,2471,3383,280,384,52,0,52,0,384,384
0468_3.jpg,468,3,English,0,official_test,2477,3395,280,384,52,0,52,0,384,384
0468_4.jpg,468,4,English,1,official_test,2471,3389,280,384,52,0,52,0,384,384
0469_1.jpg,469,1,Arabic,0,official_test,2471,3365,282,384,51,0,51,0,384,384
0469_2.jpg,469,2,Arabic,1,official_test,2471,3365,282,384,51,0,51,0,384,384
0469_3.jpg,469,3,English,0,official_test,2477,3371,282,384,51,0,51,0,384,384
0469_4.jpg,469,4,English,1,official_test,2465,3365,281,384,51,0,52,0,384,384
0470_1.jpg,470,1,Arabic,0,official_test,2471,3371,281,384,51,0,52,0,384,384
0470_2.jpg,470,2,Arabic,1,official_test,2477,3371,282,384,51,0,51,0,384,384
0470_3.jpg,470,3,English,0,official_test,2477,3383,281,384,51,0,52,0,384,384
0470_4.jpg,470,4,English,1,official_test,2477,3377,282,384,51,0,51,0,384,384
0471_1.jpg,471,1,Arabic,0,official_test,2465,3383,280,384,52,0,52,0,384,384
0471_2.jpg,471,2,Arabic,1,official_test,2465,3365,281,384,51,0,52,0,384,384
0471_3.jpg,471,3,English,0,official_test,2465,3353,282,384,51,0,51,0,384,384
0471_4.jpg,471,4,English,1,official_test,2465,3371,281,384,51,0,52,0,384,384
0472_1.jpg,472,1,Arabic,0,official_test,2471,3383,280,384,52,0,52,0,384,384
0472_2.jpg,472,2,Arabic,1,official_test,2471,3383,280,384,52,0,52,0,384,384
0472_3.jpg,472,3,English,0,official_test,2471,3377,281,384,51,0,52,0,384,384
0472_4.jpg,472,4,English,1,official_test,2471,3377,281,384,51,0,52,0,384,384
0473_1.jpg,473,1,Arabic,0,official_test,2471,3377,281,384,51,0,52,0,384,384
0473_2.jpg,473,2,Arabic,1,official_test,2477,3383,281,384,51,0,52,0,384,384
0473_3.jpg,473,3,English,0,official_test,2477,3383,281,384,51,0,52,0,384,384
0473_4.jpg,473,4,English,1,official_test,2471,3383,280,384,52,0,52,0,384,384
0474_1.jpg,474,1,Arabic,0,official_test,2471,3371,281,384,51,0,52,0,384,384
0474_2.jpg,474,2,Arabic,1,official_test,2465,3371,281,384,51,0,52,0,384,384
0474_3.jpg,474,3,English,0,official_test,2465,3377,280,384,52,0,52,0,384,384
0474_4.jpg,474,4,English,1,official_test,2465,3377,280,384,52,0,52,0,384,384
0475_1.jpg,475,1,Arabic,0,official_test,2489,3389,282,384,51,0,51,0,384,384
0475_2.jpg,475,2,Arabic,1,official_test,2471,3383,280,384,52,0,52,0,384,384
0475_3.jpg,475,3,English,0,official_test,2483,3377,282,384,51,0,51,0,384,384
0475_4.jpg,475,4,English,1,official_test,2471,3377,281,384,51,0,52,0,384,384
