epoch,offset,anchor_writer,partner_writer,filename_a,filename_b,pair_label
1,222,35,31,0035_1.jpg,0031_2.jpg,0
1,222,9,5,0009_1.jpg,0005_2.jpg,0
1,222,109,109,0109_1.jpg,0109_2.jpg,1
1,222,94,94,0094_1.jpg,0094_2.jpg,1
1,222,85,85,0085_1.jpg,0085_2.jpg,1
1,222,234,234,0234_1.jpg,0234_2.jpg,1
1,222,162,162,0162_1.jpg,0162_2.jpg,1
1,222,196,196,0196_1.jpg,0196_2.jpg,1
1,222,235,235,0235_1.jpg,0235_2.jpg,1
1,222,70,66,0070_1.jpg,0066_2.jpg,0
1,222,170,166,0170_1.jpg,0166_2.jpg,0
1,222,169,169,0169_1.jpg,0169_2.jpg,1
1,222,231,226,0231_1.jpg,0226_2.jpg,0
1,222,232,227,0232_1.jpg,0227_2.jpg,0
1,222,93,93,0093_1.jpg,0093_2.jpg,1
1,222,251,251,0251_1.jpg,0251_2.jpg,1
1,222,85,78,0085_1.jpg,0078_2.jpg,0
1,222,103,97,0103_1.jpg,0097_2.jpg,0
1,222,265,261,0265_1.jpg,0261_2.jpg,0
1,222,156,156,0156_1.jpg,0156_2.jpg,1
1,222,277,272,0277_1.jpg,0272_2.jpg,0
1,222,12,12,0012_1.jpg,0012_2.jpg,1
1,222,42,42,0042_1.jpg,0042_2.jpg,1
1,222,242,238,0242_1.jpg,0238_2.jpg,0
1,222,223,223,0223_1.jpg,0223_2.jpg,1
1,222,44,39,0044_1.jpg,0039_2.jpg,0
1,222,253,249,0253_1.jpg,0249_2.jpg,0
1,222,147,142,0147_1.jpg,0142_2.jpg,0
1,222,261,261,0261_1.jpg,0261_2.jpg,1
1,222,47,42,0047_1.jpg,0042_2.jpg,0
1,222,167,163,0167_1.jpg,0163_2.jpg,0
1,222,77,73,0077_1.jpg,0073_2.jpg,0
1,222,123,123,0123_1.jpg,0123_2.jpg,1
1,222,226,226,0226_1.jpg,0226_2.jpg,1
1,222,227,223,0227_1.jpg,0223_2.jpg,0
1,222,152,152,0152_1.jpg,0152_2.jpg,1
1,222,248,248,0248_1.jpg,0248_2.jpg,1
1,222,98,98,0098_1.jpg,0098_2.jpg,1
1,222,239,234,0239_1.jpg,0234_2.jpg,0
1,222,139,139,0139_1.jpg,0139_2.jpg,1
1,222,257,257,0257_1.jpg,0257_2.jpg,1
1,222,191,191,0191_1.jpg,0191_2.jpg,1
1,222,122,122,0122_1.jpg,0122_2.jpg,1
1,222,176,170,0176_1.jpg,0170_2.jpg,0
1,222,267,263,0267_1.jpg,0263_2.jpg,0
1,222,252,252,0252_1.jpg,0252_2.jpg,1
1,222,232,232,0232_1.jpg,0232_2.jpg,1
1,222,10,6,0010_1.jpg,0006_2.jpg,0
1,222,123,118,0123_1.jpg,0118_2.jpg,0
1,222,57,57,0057_1.jpg,0057_2.jpg,1
1,222,168,168,0168_1.jpg,0168_2.jpg,1
1,222,19,11,0019_1.jpg,0011_2.jpg,0
1,222,157,153,0157_1.jpg,0153_2.jpg,0
1,222,277,277,0277_1.jpg,0277_2.jpg,1
1,222,226,222,0226_1.jpg,0222_2.jpg,0
1,222,225,225,0225_1.jpg,0225_2.jpg,1
1,222,257,253,0257_1.jpg,0253_2.jpg,0
1,222,276,271,0276_1.jpg,0271_2.jpg,0
1,222,131,131,0131_1.jpg,0131_2.jpg,1
1,222,229,229,0229_1.jpg,0229_2.jpg,1
1,222,231,231,0231_1.jpg,0231_2.jpg,1
1,222,205,201,0205_1.jpg,0201_2.jpg,0
1,222,67,67,0067_1.jpg,0067_2.jpg,1
1,222,40,40,0040_1.jpg,0040_2.jpg,1
1,222,114,114,0114_1.jpg,0114_2.jpg,1
1,222,130,125,0130_1.jpg,0125_2.jpg,0
1,222,25,19,0025_1.jpg,0019_2.jpg,0
1,222,69,65,0069_1.jpg,0065_2.jpg,0
1,222,263,263,0263_1.jpg,0263_2.jpg,1
1,222,43,43,0043_1.jpg,0043_2.jpg,1
1,222,158,158,0158_1.jpg,0158_2.jpg,1
1,222,39,33,0039_1.jpg,0033_2.jpg,0
1,222,132,128,0132_1.jpg,0128_2.jpg,0
1,222,8,8,0008_1.jpg,0008_2.jpg,1
1,222,156,152,0156_1.jpg,0152_2.jpg,0
1,222,92,87,0092_1.jpg,0087_2.jpg,0
1,222,196,189,0196_1.jpg,0189_2.jpg,0
1,222,66,66,0066_1.jpg,0066_2.jpg,1
1,222,235,229,0235_1.jpg,0229_2.jpg,0
1,222,255,255,0255_1.jpg,0255_2.jpg,1
1,222,11,11,0011_1.jpg,0011_2.jpg,1
1,222,129,124,0129_1.jpg,0124_2.jpg,0
1,222,251,247,0251_1.jpg,0247_2.jpg,0
1,222,208,204,0208_1.jpg,0204_2.jpg,0
1,222,228,228,0228_1.jpg,0228_2.jpg,1
1,222,79,75,0079_1.jpg,0075_2.jpg,0
1,222,276,276,0276_1.jpg,0276_2.jpg,1
1,222,246,246,0246_1.jpg,0246_2.jpg,1
1,222,258,258,0258_1.jpg,0258_2.jpg,1
1,222,281,281,0281_1.jpg,0281_2.jpg,1
1,222,30,30,0030_1.jpg,0030_2.jpg,1
1,222,20,12,0020_1.jpg,0012_2.jpg,0
1,222,213,209,0213_1.jpg,0209_2.jpg,0
1,222,246,242,0246_1.jpg,0242_2.jpg,0
1,222,271,271,0271_1.jpg,0271_2.jpg,1
1,222,225,221,0225_1.jpg,0221_2.jpg,0
1,222,2,279,0002_1.jpg,0279_2.jpg,0
1,222,240,240,0240_1.jpg,0240_2.jpg,1
1,222,33,33,0033_1.jpg,0033_2.jpg,1
1,222,83,77,0083_1.jpg,0077_2.jpg,0
1,222,28,22,0028_1.jpg,0022_2.jpg,0
1,222,49,49,0049_1.jpg,0049_2.jpg,1
1,222,167,167,0167_1.jpg,0167_2.jpg,1
1,222,224,224,0224_1.jpg,0224_2.jpg,1
1,222,87,87,0087_1.jpg,0087_2.jpg,1
1,222,96,92,0096_1.jpg,0092_2.jpg,0
1,222,65,65,0065_1.jpg,0065_2.jpg,1
1,222,21,21,0021_1.jpg,0021_2.jpg,1
1,222,1,1,0001_1.jpg,0001_2.jpg,1
1,222,163,159,0163_1.jpg,0159_2.jpg,0
1,222,193,188,0193_1.jpg,0188_2.jpg,0
1,222,200,200,0200_1.jpg,0200_2.jpg,1
1,222,144,144,0144_1.jpg,0144_2.jpg,1
1,222,148,144,0148_1.jpg,0144_2.jpg,0
1,222,269,269,0269_1.jpg,0269_2.jpg,1
1,222,27,27,0027_1.jpg,0027_2.jpg,1
1,222,145,139,0145_1.jpg,0139_2.jpg,0
1,222,46,40,0046_1.jpg,0040_2.jpg,0
1,222,161,161,0161_1.jpg,0161_2.jpg,1
1,222,256,256,0256_1.jpg,0256_2.jpg,1
1,222,197,197,0197_1.jpg,0197_2.jpg,1
1,222,26,26,0026_1.jpg,0026_2.jpg,1
1,222,263,258,0263_1.jpg,0258_2.jpg,0
1,222,216,216,0216_1.jpg,0216_2.jpg,1
1,222,210,206,0210_1.jpg,0206_2.jpg,0
1,222,79,79,0079_1.jpg,0079_2.jpg,1
1,222,69,69,0069_1.jpg,0069_2.jpg,1
1,222,203,199,0203_1.jpg,0199_2.jpg,0
1,222,269,265,0269_1.jpg,0265_2.jpg,0
1,222,15,15,0015_1.jpg,0015_2.jpg,1
1,222,104,98,0104_1.jpg,0098_2.jpg,0
1,222,106,101,0106_1.jpg,0101_2.jpg,0
1,222,19,19,0019_1.jpg,0019_2.jpg,1
1,222,140,134,0140_1.jpg,0134_2.jpg,0
1,222,228,224,0228_1.jpg,0224_2.jpg,0
1,222,154,148,0154_1.jpg,0148_2.jpg,0
1,222,250,250,0250_1.jpg,0250_2.jpg,1
1,222,94,90,0094_1.jpg,0090_2.jpg,0
1,222,78,74,0078_1.jpg,0074_2.jpg,0
1,222,218,218,0218_1.jpg,0218_2.jpg,1
1,222,227,227,0227_1.jpg,0227_2.jpg,1
1,222,51,51,0051_1.jpg,0051_2.jpg,1
1,222,218,212,0218_1.jpg,0212_2.jpg,0
1,222,55,55,0055_1.jpg,0055_2.jpg,1
1,222,140,140,0140_1.jpg,0140_2.jpg,1
1,222,92,92,0092_1.jpg,0092_2.jpg,1
1,222,30,26,0030_1.jpg,0026_2.jpg,0
1,222,63,59,0063_1.jpg,0059_2.jpg,0
1,222,128,123,0128_1.jpg,0123_2.jpg,0
1,222,164,160,0164_1.jpg,0160_2.jpg,0
1,222,46,46,0046_1.jpg,0046_2.jpg,1
1,222,205,205,0205_1.jpg,0205_2.jpg,1
1,222,18,18,0018_1.jpg,0018_2.jpg,1
1,222,249,249,0249_1.jpg,0249_2.jpg,1
1,222,270,270,0270_1.jpg,0270_2.jpg,1
1,222,188,188,0188_1.jpg,0188_2.jpg,1
1,222,91,91,0091_1.jpg,0091_2.jpg,1
1,222,172,168,0172_1.jpg,0168_2.jpg,0
1,222,234,228,0234_1.jpg,0228_2.jpg,0
1,222,5,5,0005_1.jpg,0005_2.jpg,1
1,222,107,103,0107_1.jpg,0103_2.jpg,0
1,222,138,132,0138_1.jpg,0132_2.jpg,0
1,222,1,278,0001_1.jpg,0278_2.jpg,0
1,222,199,193,0199_1.jpg,0193_2.jpg,0
1,222,238,232,0238_1.jpg,0232_2.jpg,0
1,222,76,76,0076_1.jpg,0076_2.jpg,1
1,222,211,207,0211_1.jpg,0207_2.jpg,0
1,222,204,204,0204_1.jpg,0204_2.jpg,1
1,222,8,3,0008_1.jpg,0003_2.jpg,0
1,222,121,114,0121_1.jpg,0114_2.jpg,0
1,222,87,81,0087_1.jpg,0081_2.jpg,0
1,222,154,154,0154_1.jpg,0154_2.jpg,1
1,222,38,38,0038_1.jpg,0038_2.jpg,1
1,222,62,62,0062_1.jpg,0062_2.jpg,1
1,222,178,171,0178_1.jpg,0171_2.jpg,0
1,222,273,269,0273_1.jpg,0269_2.jpg,0
1,222,43,38,0043_1.jpg,0038_2.jpg,0
1,222,119,119,0119_1.jpg,0119_2.jpg,1
1,222,189,189,0189_1.jpg,0189_2.jpg,1
1,222,239,239,0239_1.jpg,0239_2.jpg,1
1,222,7,2,0007_1.jpg,0002_2.jpg,0
1,222,197,191,0197_1.jpg,0191_2.jpg,0
1,222,66,61,0066_1.jpg,0061_2.jpg,0
1,222,219,219,0219_1.jpg,0219_2.jpg,1
1,222,75,70,0075_1.jpg,0070_2.jpg,0
1,222,134,130,0134_1.jpg,0130_2.jpg,0
1,222,176,176,0176_1.jpg,0176_2.jpg,1
1,222,153,153,0153_1.jpg,0153_2.jpg,1
1,222,155,150,0155_1.jpg,0150_2.jpg,0
1,222,249,245,0249_1.jpg,0245_2.jpg,0
1,222,31,27,0031_1.jpg,0027_2.jpg,0
1,222,7,7,0007_1.jpg,0007_2.jpg,1
1,222,212,208,0212_1.jpg,0208_2.jpg,0
1,222,161,157,0161_1.jpg,0157_2.jpg,0
1,222,188,180,0188_1.jpg,0180_2.jpg,0
1,222,146,140,0146_1.jpg,0140_2.jpg,0
1,222,97,93,0097_1.jpg,0093_2.jpg,0
1,222,51,44,0051_1.jpg,0044_2.jpg,0
1,222,54,54,0054_1.jpg,0054_2.jpg,1
1,222,81,81,0081_1.jpg,0081_2.jpg,1
1,222,68,63,0068_1.jpg,0063_2.jpg,0
1,222,248,244,0248_1.jpg,0244_2.jpg,0
1,222,153,147,0153_1.jpg,0147_2.jpg,0
1,222,89,83,0089_1.jpg,0083_2.jpg,0
1,222,26,20,0026_1.jpg,0020_2.jpg,0
1,222,135,131,0135_1.jpg,0131_2.jpg,0
1,222,171,167,0171_1.jpg,0167_2.jpg,0
1,222,32,32,0032_1.jpg,0032_2.jpg,1
1,222,2,2,0002_1.jpg,0002_2.jpg,1
1,222,76,71,0076_1.jpg,0071_2.jpg,0
1,222,100,100,0100_1.jpg,0100_2.jpg,1
1,222,172,172,0172_1.jpg,0172_2.jpg,1
1,222,262,257,0262_1.jpg,0257_2.jpg,0
1,222,128,128,0128_1.jpg,0128_2.jpg,1
1,222,270,266,0270_1.jpg,0266_2.jpg,0
1,222,38,32,0038_1.jpg,0032_2.jpg,0
1,222,158,154,0158_1.jpg,0154_2.jpg,0
1,222,18,10,0018_1.jpg,0010_2.jpg,0
1,222,34,30,0034_1.jpg,0030_2.jpg,0
1,222,160,160,0160_1.jpg,0160_2.jpg,1
1,222,74,74,0074_1.jpg,0074_2.jpg,1
1,222,206,206,0206_1.jpg,0206_2.jpg,1
1,222,213,213,0213_1.jpg,0213_2.jpg,1
1,222,119,110,0119_1.jpg,0110_2.jpg,0
1,222,219,213,0219_1.jpg,0213_2.jpg,0
1,222,210,210,0210_1.jpg,0210_2.jpg,1
1,222,61,61,0061_1.jpg,0061_2.jpg,1
1,222,146,146,0146_1.jpg,0146_2.jpg,1
1,222,6,6,0006_1.jpg,0006_2.jpg,1
1,222,86,86,0086_1.jpg,0086_2.jpg,1
1,222,274,270,0274_1.jpg,0270_2.jpg,0
1,222,124,119,0124_1.jpg,0119_2.jpg,0
1,222,93,89,0093_1.jpg,0089_2.jpg,0
1,222,203,203,0203_1.jpg,0203_2.jpg,1
1,222,169,165,0169_1.jpg,0165_2.jpg,0
1,222,75,75,0075_1.jpg,0075_2.jpg,1
1,222,157,157,0157_1.jpg,0157_2.jpg,1
1,222,162,158,0162_1.jpg,0158_2.jpg,0
1,222,63,63,0063_1.jpg,0063_2.jpg,1
1,222,74,69,0074_1.jpg,0069_2.jpg,0
1,222,35,35,0035_1.jpg,0035_2.jpg,1
1,222,109,104,0109_1.jpg,0104_2.jpg,0
1,222,44,44,0044_1.jpg,0044_2.jpg,1
1,222,83,83,0083_1.jpg,0083_2.jpg,1
1,222,121,121,0121_1.jpg,0121_2.jpg,1
1,222,105,105,0105_1.jpg,0105_2.jpg,1
1,222,265,265,0265_1.jpg,0265_2.jpg,1
1,222,279,279,0279_1.jpg,0279_2.jpg,1
1,222,191,183,0191_1.jpg,0183_2.jpg,0
1,222,86,79,0086_1.jpg,0079_2.jpg,0
1,222,206,202,0206_1.jpg,0202_2.jpg,0
1,222,68,68,0068_1.jpg,0068_2.jpg,1
1,222,266,266,0266_1.jpg,0266_2.jpg,1
1,222,256,252,0256_1.jpg,0252_2.jpg,0
1,222,241,237,0241_1.jpg,0237_2.jpg,0
1,222,144,138,0144_1.jpg,0138_2.jpg,0
1,222,90,90,0090_1.jpg,0090_2.jpg,1
1,222,11,7,0011_1.jpg,0007_2.jpg,0
1,222,260,255,0260_1.jpg,0255_2.jpg,0
1,222,279,274,0279_1.jpg,0274_2.jpg,0
1,222,166,166,0166_1.jpg,0166_2.jpg,1
1,222,273,273,0273_1.jpg,0273_2.jpg,1
1,222,220,214,0220_1.jpg,0214_2.jpg,0
1,222,204,200,0204_1.jpg,0200_2.jpg,0
1,222,244,240,0244_1.jpg,0240_2.jpg,0
1,222,127,122,0127_1.jpg,0122_2.jpg,0
1,222,6,1,0006_1.jpg,0001_2.jpg,0
1,222,27,21,0027_1.jpg,0021_2.jpg,0
1,222,101,96,0101_1.jpg,0096_2.jpg,0
1,222,160,156,0160_1.jpg,0156_2.jpg,0
1,222,150,150,0150_1.jpg,0150_2.jpg,1
1,222,21,15,0021_1.jpg,0015_2.jpg,0
1,222,268,264,0268_1.jpg,0264_2.jpg,0
1,222,260,260,0260_1.jpg,0260_2.jpg,1
1,222,110,110,0110_1.jpg,0110_2.jpg,1
1,222,209,205,0209_1.jpg,0205_2.jpg,0
1,222,100,95,0100_1.jpg,0095_2.jpg,0
1,222,71,67,0071_1.jpg,0067_2.jpg,0
1,222,56,56,0056_1.jpg,0056_2.jpg,1
1,222,179,172,0179_1.jpg,0172_2.jpg,0
1,222,29,25,0029_1.jpg,0025_2.jpg,0
1,222,282,277,0282_1.jpg,0277_2.jpg,0
1,222,254,250,0254_1.jpg,0250_2.jpg,0
1,222,77,77,0077_1.jpg,0077_2.jpg,1
1,222,91,86,0091_1.jpg,0086_2.jpg,0
1,222,163,163,0163_1.jpg,0163_2.jpg,1
1,222,101,101,0101_1.jpg,0101_2.jpg,1
1,222,73,68,0073_1.jpg,0068_2.jpg,0
1,222,208,208,0208_1.jpg,0208_2.jpg,1
1,222,65,60,0065_1.jpg,0060_2.jpg,0
1,222,243,243,0243_1.jpg,0243_2.jpg,1
1,222,264,260,0264_1.jpg,0260_2.jpg,0
1,222,124,124,0124_1.jpg,0124_2.jpg,1
1,222,266,262,0266_1.jpg,0262_2.jpg,0
1,222,116,107,0116_1.jpg,0107_2.jpg,0
1,222,148,148,0148_1.jpg,0148_2.jpg,1
1,222,165,161,0165_1.jpg,0161_2.jpg,0
1,222,127,127,0127_1.jpg,0127_2.jpg,1
1,222,54,46,0054_1.jpg,0046_2.jpg,0
1,222,174,174,0174_1.jpg,0174_2.jpg,1
1,222,181,181,0181_1.jpg,0181_2.jpg,1
1,222,159,155,0159_1.jpg,0155_2.jpg,0
1,222,31,31,0031_1.jpg,0031_2.jpg,1
1,222,216,211,0216_1.jpg,0211_2.jpg,0
1,222,133,129,0133_1.jpg,0129_2.jpg,0
1,222,55,47,0055_1.jpg,0047_2.jpg,0
1,222,221,221,0221_1.jpg,0221_2.jpg,1
1,222,106,106,0106_1.jpg,0106_2.jpg,1
1,222,198,192,0198_1.jpg,0192_2.jpg,0
1,222,105,100,0105_1.jpg,0100_2.jpg,0
1,222,15,9,0015_1.jpg,0009_2.jpg,0
1,222,199,199,0199_1.jpg,0199_2.jpg,1
1,222,185,185,0185_1.jpg,0185_2.jpg,1
1,222,180,180,0180_1.jpg,0180_2.jpg,1
1,222,278,273,0278_1.jpg,0273_2.jpg,0
1,222,229,225,0229_1.jpg,0225_2.jpg,0
1,222,253,253,0253_1.jpg,0253_2.jpg,1
1,222,97,97,0097_1.jpg,0097_2.jpg,1
1,222,104,104,0104_1.jpg,0104_2.jpg,1
1,222,220,220,0220_1.jpg,0220_2.jpg,1
1,222,22,18,0022_1.jpg,0018_2.jpg,0
1,222,202,202,0202_1.jpg,0202_2.jpg,1
1,222,56,49,0056_1.jpg,0049_2.jpg,0
1,222,147,147,0147_1.jpg,0147_2.jpg,1
1,222,192,192,0192_1.jpg,0192_2.jpg,1
1,222,29,29,0029_1.jpg,0029_2.jpg,1
1,222,33,29,0033_1.jpg,0029_2.jpg,0
1,222,222,222,0222_1.jpg,0222_2.jpg,1
1,222,60,60,0060_1.jpg,0060_2.jpg,1
1,222,247,247,0247_1.jpg,0247_2.jpg,1
1,222,131,127,0131_1.jpg,0127_2.jpg,0
1,222,264,264,0264_1.jpg,0264_2.jpg,1
1,222,133,133,0133_1.jpg,0133_2.jpg,1
1,222,150,145,0150_1.jpg,0145_2.jpg,0
1,222,81,76,0081_1.jpg,0076_2.jpg,0
1,222,272,268,0272_1.jpg,0268_2.jpg,0
1,222,223,219,0223_1.jpg,0219_2.jpg,0
1,222,179,179,0179_1.jpg,0179_2.jpg,1
1,222,62,57,0062_1.jpg,0057_2.jpg,0
1,222,107,107,0107_1.jpg,0107_2.jpg,1
1,222,98,94,0098_1.jpg,0094_2.jpg,0
1,222,103,103,0103_1.jpg,0103_2.jpg,1
1,222,244,244,0244_1.jpg,0244_2.jpg,1
1,222,241,241,0241_1.jpg,0241_2.jpg,1
1,222,142,142,0142_1.jpg,0142_2.jpg,1
1,222,183,178,0183_1.jpg,0178_2.jpg,0
1,222,60,55,0060_1.jpg,0055_2.jpg,0
1,222,114,106,0114_1.jpg,0106_2.jpg,0
1,222,281,276,0281_1.jpg,0276_2.jpg,0
1,222,212,212,0212_1.jpg,0212_2.jpg,1
1,222,118,118,0118_1.jpg,0118_2.jpg,1
1,222,3,3,0003_1.jpg,0003_2.jpg,1
1,222,258,254,0258_1.jpg,0254_2.jpg,0
1,222,245,245,0245_1.jpg,0245_2.jpg,1
1,222,129,129,0129_1.jpg,0129_2.jpg,1
1,222,171,171,0171_1.jpg,0171_2.jpg,1
1,222,174,169,0174_1.jpg,0169_2.jpg,0
1,222,3,281,0003_1.jpg,0281_2.jpg,0
1,222,139,133,0139_1.jpg,0133_2.jpg,0
1,222,189,181,0189_1.jpg,0181_2.jpg,0
1,222,42,35,0042_1.jpg,0035_2.jpg,0
1,222,138,138,0138_1.jpg,0138_2.jpg,1
1,222,73,73,0073_1.jpg,0073_2.jpg,1
1,222,178,178,0178_1.jpg,0178_2.jpg,1
1,222,95,95,0095_1.jpg,0095_2.jpg,1
1,222,132,132,0132_1.jpg,0132_2.jpg,1
1,222,32,28,0032_1.jpg,0028_2.jpg,0
1,222,198,198,0198_1.jpg,0198_2.jpg,1
1,222,250,246,0250_1.jpg,0246_2.jpg,0
1,222,252,248,0252_1.jpg,0248_2.jpg,0
1,222,28,28,0028_1.jpg,0028_2.jpg,1
1,222,59,54,0059_1.jpg,0054_2.jpg,0
1,222,57,51,0057_1.jpg,0051_2.jpg,0
1,222,9,9,0009_1.jpg,0009_2.jpg,1
1,222,221,216,0221_1.jpg,0216_2.jpg,0
1,222,267,267,0267_1.jpg,0267_2.jpg,1
1,222,274,274,0274_1.jpg,0274_2.jpg,1
1,222,116,116,0116_1.jpg,0116_2.jpg,1
1,222,170,170,0170_1.jpg,0170_2.jpg,1
1,222,247,243,0247_1.jpg,0243_2.jpg,0
1,222,183,183,0183_1.jpg,0183_2.jpg,1
1,222,47,47,0047_1.jpg,0047_2.jpg,1
1,222,271,267,0271_1.jpg,0267_2.jpg,0
1,222,181,176,0181_1.jpg,0176_2.jpg,0
1,222,96,96,0096_1.jpg,0096_2.jpg,1
1,222,34,34,0034_1.jpg,0034_2.jpg,1
1,222,71,71,0071_1.jpg,0071_2.jpg,1
1,222,278,278,0278_1.jpg,0278_2.jpg,1
1,222,254,254,0254_1.jpg,0254_2.jpg,1
1,222,67,62,0067_1.jpg,0062_2.jpg,0
1,222,40,34,0040_1.jpg,0034_2.jpg,0
1,222,5,282,0005_1.jpg,0282_2.jpg,0
1,222,125,125,0125_1.jpg,0125_2.jpg,1
1,222,185,179,0185_1.jpg,0179_2.jpg,0
1,222,214,214,0214_1.jpg,0214_2.jpg,1
1,222,155,155,0155_1.jpg,0155_2.jpg,1
1,222,12,8,0012_1.jpg,0008_2.jpg,0
1,222,142,135,0142_1.jpg,0135_2.jpg,0
1,222,255,251,0255_1.jpg,0251_2.jpg,0
1,222,164,164,0164_1.jpg,0164_2.jpg,1
1,222,78,78,0078_1.jpg,0078_2.jpg,1
1,222,110,105,0110_1.jpg,0105_2.jpg,0
1,222,168,164,0168_1.jpg,0164_2.jpg,0
1,222,122,116,0122_1.jpg,0116_2.jpg,0
1,222,70,70,0070_1.jpg,0070_2.jpg,1
1,222,200,196,0200_1.jpg,0196_2.jpg,0
1,222,59,59,0059_1.jpg,0059_2.jpg,1
1,222,207,203,0207_1.jpg,0203_2.jpg,0
1,222,90,85,0090_1.jpg,0085_2.jpg,0
1,222,261,256,0261_1.jpg,0256_2.jpg,0
1,222,20,20,0020_1.jpg,0020_2.jpg,1
1,222,242,242,0242_1.jpg,0242_2.jpg,1
1,222,201,201,0201_1.jpg,0201_2.jpg,1
1,222,49,43,0049_1.jpg,0043_2.jpg,0
1,222,238,238,0238_1.jpg,0238_2.jpg,1
1,222,207,207,0207_1.jpg,0207_2.jpg,1
1,222,134,134,0134_1.jpg,0134_2.jpg,1
1,222,22,22,0022_1.jpg,0022_2.jpg,1
1,222,118,109,0118_1.jpg,0109_2.jpg,0
1,222,165,165,0165_1.jpg,0165_2.jpg,1
1,222,145,145,0145_1.jpg,0145_2.jpg,1
1,222,135,135,0135_1.jpg,0135_2.jpg,1
1,222,268,268,0268_1.jpg,0268_2.jpg,1
1,222,159,159,0159_1.jpg,0159_2.jpg,1
1,222,193,193,0193_1.jpg,0193_2.jpg,1
1,222,89,89,0089_1.jpg,0089_2.jpg,1
1,222,240,235,0240_1.jpg,0235_2.jpg,0
1,222,152,146,0152_1.jpg,0146_2.jpg,0
1,222,130,130,0130_1.jpg,0130_2.jpg,1
1,222,214,210,0214_1.jpg,0210_2.jpg,0
1,222,25,25,0025_1.jpg,0025_2.jpg,1
1,222,237,231,0237_1.jpg,0231_2.jpg,0
1,222,61,56,0061_1.jpg,0056_2.jpg,0
1,222,243,239,0243_1.jpg,0239_2.jpg,0
1,222,272,272,0272_1.jpg,0272_2.jpg,1
1,222,245,241,0245_1.jpg,0241_2.jpg,0
1,222,192,185,0192_1.jpg,0185_2.jpg,0
1,222,282,282,0282_1.jpg,0282_2.jpg,1
1,222,222,218,0222_1.jpg,0218_2.jpg,0
1,222,262,262,0262_1.jpg,0262_2.jpg,1
1,222,237,237,0237_1.jpg,0237_2.jpg,1
1,222,224,220,0224_1.jpg,0220_2.jpg,0
1,222,125,121,0125_1.jpg,0121_2.jpg,0
1,222,95,91,0095_1.jpg,0091_2.jpg,0
1,222,202,198,0202_1.jpg,0198_2.jpg,0
1,222,10,10,0010_1.jpg,0010_2.jpg,1
1,222,39,39,0039_1.jpg,0039_2.jpg,1
1,222,180,174,0180_1.jpg,0174_2.jpg,0
1,222,201,197,0201_1.jpg,0197_2.jpg,0
1,222,166,162,0166_1.jpg,0162_2.jpg,0
1,222,209,209,0209_1.jpg,0209_2.jpg,1
1,222,211,211,0211_1.jpg,0211_2.jpg,1
2,168,118,118,0118_1.jpg,0118_2.jpg,1
2,168,153,153,0153_1.jpg,0153_2.jpg,1
2,168,225,225,0225_1.jpg,0225_2.jpg,1
2,168,47,257,0047_1.jpg,0257_2.jpg,0
2,168,114,35,0114_1.jpg,0035_2.jpg,0
2,168,210,138,0210_1.jpg,0138_2.jpg,0
2,168,281,216,0281_1.jpg,0216_2.jpg,0
2,168,97,22,0097_1.jpg,0022_2.jpg,0
2,168,109,109,0109_1.jpg,0109_2.jpg,1
2,168,227,157,0227_1.jpg,0157_2.jpg,0
2,168,76,282,0076_1.jpg,0282_2.jpg,0
2,168,61,61,0061_1.jpg,0061_2.jpg,1
2,168,46,46,0046_1.jpg,0046_2.jpg,1
2,168,251,181,0251_1.jpg,0181_2.jpg,0
2,168,267,267,0267_1.jpg,0267_2.jpg,1
2,168,105,30,0105_1.jpg,0030_2.jpg,0
2,168,258,258,0258_1.jpg,0258_2.jpg,1
2,168,155,155,0155_1.jpg,0155_2.jpg,1
2,168,32,246,0032_1.jpg,0246_2.jpg,0
2,168,239,239,0239_1.jpg,0239_2.jpg,1
2,168,60,266,0060_1.jpg,0266_2.jpg,0
2,168,261,197,0261_1.jpg,0197_2.jpg,0
2,168,76,76,0076_1.jpg,0076_2.jpg,1
2,168,100,100,0100_1.jpg,0100_2.jpg,1
2,168,10,10,0010_1.jpg,0010_2.jpg,1
2,168,145,68,0145_1.jpg,0068_2.jpg,0
2,168,246,246,0246_1.jpg,0246_2.jpg,1
2,168,204,204,0204_1.jpg,0204_2.jpg,1
2,168,200,125,0200_1.jpg,0125_2.jpg,0
2,168,123,44,0123_1.jpg,0044_2.jpg,0
2,168,268,204,0268_1.jpg,0204_2.jpg,0
2,168,29,243,0029_1.jpg,0243_2.jpg,0
2,168,174,174,0174_1.jpg,0174_2.jpg,1
2,168,154,154,0154_1.jpg,0154_2.jpg,1
2,168,241,241,0241_1.jpg,0241_2.jpg,1
2,168,81,81,0081_1.jpg,0081_2.jpg,1
2,168,5,222,0005_1.jpg,0222_2.jpg,0
2,168,146,69,0146_1.jpg,0069_2.jpg,0
2,168,169,95,0169_1.jpg,0095_2.jpg,0
2,168,162,162,0162_1.jpg,0162_2.jpg,1
2,168,92,15,0092_1.jpg,0015_2.jpg,0
2,168,145,145,0145_1.jpg,0145_2.jpg,1
2,168,170,96,0170_1.jpg,0096_2.jpg,0
2,168,59,265,0059_1.jpg,0265_2.jpg,0
2,168,254,188,0254_1.jpg,0188_2.jpg,0
2,168,54,54,0054_1.jpg,0054_2.jpg,1
2,168,27,27,0027_1.jpg,0027_2.jpg,1
2,168,210,210,0210_1.jpg,0210_2.jpg,1
2,168,249,249,0249_1.jpg,0249_2.jpg,1
2,168,134,60,0134_1.jpg,0060_2.jpg,0
2,168,139,139,0139_1.jpg,0139_2.jpg,1
2,168,100,26,0100_1.jpg,0026_2.jpg,0
2,168,116,116,0116_1.jpg,0116_2.jpg,1
2,168,22,22,0022_1.jpg,0022_2.jpg,1
2,168,189,189,0189_1.jpg,0189_2.jpg,1
2,168,121,42,0121_1.jpg,0042_2.jpg,0
2,168,142,142,0142_1.jpg,0142_2.jpg,1
2,168,183,107,0183_1.jpg,0107_2.jpg,0
2,168,62,268,0062_1.jpg,0268_2.jpg,0
2,168,31,31,0031_1.jpg,0031_2.jpg,1
2,168,125,125,0125_1.jpg,0125_2.jpg,1
2,168,103,103,0103_1.jpg,0103_2.jpg,1
2,168,200,200,0200_1.jpg,0200_2.jpg,1
2,168,192,118,0192_1.jpg,0118_2.jpg,0
2,168,271,207,0271_1.jpg,0207_2.jpg,0
2,168,106,106,0106_1.jpg,0106_2.jpg,1
2,168,157,157,0157_1.jpg,0157_2.jpg,1
2,168,191,116,0191_1.jpg,0116_2.jpg,0
2,168,192,192,0192_1.jpg,0192_2.jpg,1
2,168,268,268,0268_1.jpg,0268_2.jpg,1
2,168,176,176,0176_1.jpg,0176_2.jpg,1
2,168,206,206,0206_1.jpg,0206_2.jpg,1
2,168,241,168,0241_1.jpg,0168_2.jpg,0
2,168,202,128,0202_1.jpg,0128_2.jpg,0
2,168,95,20,0095_1.jpg,0020_2.jpg,0
2,168,147,70,0147_1.jpg,0070_2.jpg,0
2,168,260,260,0260_1.jpg,0260_2.jpg,1
2,168,208,208,0208_1.jpg,0208_2.jpg,1
2,168,273,209,0273_1.jpg,0209_2.jpg,0
2,168,90,11,0090_1.jpg,0011_2.jpg,0
2,168,257,192,0257_1.jpg,0192_2.jpg,0
2,168,282,218,0282_1.jpg,0218_2.jpg,0
2,168,6,223,0006_1.jpg,0223_2.jpg,0
2,168,35,249,0035_1.jpg,0249_2.jpg,0
2,168,129,54,0129_1.jpg,0054_2.jpg,0
2,168,221,221,0221_1.jpg,0221_2.jpg,1
2,168,164,90,0164_1.jpg,0090_2.jpg,0
2,168,28,242,0028_1.jpg,0242_2.jpg,0
2,168,270,270,0270_1.jpg,0270_2.jpg,1
2,168,205,131,0205_1.jpg,0131_2.jpg,0
2,168,165,91,0165_1.jpg,0091_2.jpg,0
2,168,110,34,0110_1.jpg,0034_2.jpg,0
2,168,21,21,0021_1.jpg,0021_2.jpg,1
2,168,9,226,0009_1.jpg,0226_2.jpg,0
2,168,168,94,0168_1.jpg,0094_2.jpg,0
2,168,135,61,0135_1.jpg,0061_2.jpg,0
2,168,138,138,0138_1.jpg,0138_2.jpg,1
2,168,237,164,0237_1.jpg,0164_2.jpg,0
2,168,87,9,0087_1.jpg,0009_2.jpg,0
2,168,160,85,0160_1.jpg,0085_2.jpg,0
2,168,240,240,0240_1.jpg,0240_2.jpg,1
2,168,274,274,0274_1.jpg,0274_2.jpg,1
2,168,201,201,0201_1.jpg,0201_2.jpg,1
2,168,71,277,0071_1.jpg,0277_2.jpg,0
2,168,193,119,0193_1.jpg,0119_2.jpg,0
2,168,164,164,0164_1.jpg,0164_2.jpg,1
2,168,62,62,0062_1.jpg,0062_2.jpg,1
2,168,171,171,0171_1.jpg,0171_2.jpg,1
2,168,118,39,0118_1.jpg,0039_2.jpg,0
2,168,83,83,0083_1.jpg,0083_2.jpg,1
2,168,165,165,0165_1.jpg,0165_2.jpg,1
2,168,107,32,0107_1.jpg,0032_2.jpg,0
2,168,57,264,0057_1.jpg,0264_2.jpg,0
2,168,22,238,0022_1.jpg,0238_2.jpg,0
2,168,55,55,0055_1.jpg,0055_2.jpg,1
2,168,253,185,0253_1.jpg,0185_2.jpg,0
2,168,104,29,0104_1.jpg,0029_2.jpg,0
2,168,83,6,0083_1.jpg,0006_2.jpg,0
2,168,161,161,0161_1.jpg,0161_2.jpg,1
2,168,269,269,0269_1.jpg,0269_2.jpg,1
2,168,46,256,0046_1.jpg,0256_2.jpg,0
2,168,265,201,0265_1.jpg,0201_2.jpg,0
2,168,131,131,0131_1.jpg,0131_2.jpg,1
2,168,203,129,0203_1.jpg,0129_2.jpg,0
2,168,157,79,0157_1.jpg,0079_2.jpg,0
2,168,250,180,0250_1.jpg,0180_2.jpg,0
2,168,276,276,0276_1.jpg,0276_2.jpg,1
2,168,89,10,0089_1.jpg,0010_2.jpg,0
2,168,199,199,0199_1.jpg,0199_2.jpg,1
2,168,254,254,0254_1.jpg,0254_2.jpg,1
2,168,123,123,0123_1.jpg,0123_2.jpg,1
2,168,125,47,0125_1.jpg,0047_2.jpg,0
2,168,209,135,0209_1.jpg,0135_2.jpg,0
2,168,128,128,0128_1.jpg,0128_2.jpg,1
2,168,281,281,0281_1.jpg,0281_2.jpg,1
2,168,282,282,0282_1.jpg,0282_2.jpg,1
2,168,140,65,0140_1.jpg,0065_2.jpg,0
2,168,229,229,0229_1.jpg,0229_2.jpg,1
2,168,70,276,0070_1.jpg,0276_2.jpg,0
2,168,263,263,0263_1.jpg,0263_2.jpg,1
2,168,34,34,0034_1.jpg,0034_2.jpg,1
2,168,168,168,0168_1.jpg,0168_2.jpg,1
2,168,188,188,0188_1.jpg,0188_2.jpg,1
2,168,103,28,0103_1.jpg,0028_2.jpg,0
2,168,174,100,0174_1.jpg,0100_2.jpg,0
2,168,2,220,0002_1.jpg,0220_2.jpg,0
2,168,25,239,0025_1.jpg,0239_2.jpg,0
2,168,20,20,0020_1.jpg,0020_2.jpg,1
2,168,248,178,0248_1.jpg,0178_2.jpg,0
2,168,222,222,0222_1.jpg,0222_2.jpg,1
2,168,5,5,0005_1.jpg,0005_2.jpg,1
2,168,12,12,0012_1.jpg,0012_2.jpg,1
2,168,134,134,0134_1.jpg,0134_2.jpg,1
2,168,167,167,0167_1.jpg,0167_2.jpg,1
2,168,209,209,0209_1.jpg,0209_2.jpg,1
2,168,226,226,0226_1.jpg,0226_2.jpg,1
2,168,30,30,0030_1.jpg,0030_2.jpg,1
2,168,154,76,0154_1.jpg,0076_2.jpg,0
2,168,135,135,0135_1.jpg,0135_2.jpg,1
2,168,40,252,0040_1.jpg,0252_2.jpg,0
2,168,278,278,0278_1.jpg,0278_2.jpg,1
2,168,249,179,0249_1.jpg,0179_2.jpg,0
2,168,8,8,0008_1.jpg,0008_2.jpg,1
2,168,238,238,0238_1.jpg,0238_2.jpg,1
2,168,65,65,0065_1.jpg,0065_2.jpg,1
2,168,180,105,0180_1.jpg,0105_2.jpg,0
2,168,166,166,0166_1.jpg,0166_2.jpg,1
2,168,256,256,0256_1.jpg,0256_2.jpg,1
2,168,229,159,0229_1.jpg,0159_2.jpg,0
2,168,181,106,0181_1.jpg,0106_2.jpg,0
2,168,171,97,0171_1.jpg,0097_2.jpg,0
2,168,90,90,0090_1.jpg,0090_2.jpg,1
2,168,56,263,0056_1.jpg,0263_2.jpg,0
2,168,94,94,0094_1.jpg,0094_2.jpg,1
2,168,272,208,0272_1.jpg,0208_2.jpg,0
2,168,219,147,0219_1.jpg,0147_2.jpg,0
2,168,234,162,0234_1.jpg,0162_2.jpg,0
2,168,183,183,0183_1.jpg,0183_2.jpg,1
2,168,218,146,0218_1.jpg,0146_2.jpg,0
2,168,219,219,0219_1.jpg,0219_2.jpg,1
2,168,54,261,0054_1.jpg,0261_2.jpg,0
2,168,223,153,0223_1.jpg,0153_2.jpg,0
2,168,208,134,0208_1.jpg,0134_2.jpg,0
2,168,66,271,0066_1.jpg,0271_2.jpg,0
2,168,196,121,0196_1.jpg,0121_2.jpg,0
2,168,266,202,0266_1.jpg,0202_2.jpg,0
2,168,238,165,0238_1.jpg,0165_2.jpg,0
2,168,35,35,0035_1.jpg,0035_2.jpg,1
2,168,96,96,0096_1.jpg,0096_2.jpg,1
2,168,216,145,0216_1.jpg,0145_2.jpg,0
2,168,74,279,0074_1.jpg,0279_2.jpg,0
2,168,110,110,0110_1.jpg,0110_2.jpg,1
2,168,106,31,0106_1.jpg,0031_2.jpg,0
2,168,63,269,0063_1.jpg,0269_2.jpg,0
2,168,239,166,0239_1.jpg,0166_2.jpg,0
2,168,75,281,0075_1.jpg,0281_2.jpg,0
2,168,220,220,0220_1.jpg,0220_2.jpg,1
2,168,122,43,0122_1.jpg,0043_2.jpg,0
2,168,2,2,0002_1.jpg,0002_2.jpg,1
2,168,26,26,0026_1.jpg,0026_2.jpg,1
2,168,43,254,0043_1.jpg,0254_2.jpg,0
2,168,185,109,0185_1.jpg,0109_2.jpg,0
2,168,222,152,0222_1.jpg,0152_2.jpg,0
2,168,178,103,0178_1.jpg,0103_2.jpg,0
2,168,223,223,0223_1.jpg,0223_2.jpg,1
2,168,146,146,0146_1.jpg,0146_2.jpg,1
2,168,252,252,0252_1.jpg,0252_2.jpg,1
2,168,77,1,0077_1.jpg,0001_2.jpg,0
2,168,193,193,0193_1.jpg,0193_2.jpg,1
2,168,91,12,0091_1.jpg,0012_2.jpg,0
2,168,138,62,0138_1.jpg,0062_2.jpg,0
2,168,235,163,0235_1.jpg,0163_2.jpg,0
2,168,119,119,0119_1.jpg,0119_2.jpg,1
2,168,199,124,0199_1.jpg,0124_2.jpg,0
2,168,11,228,0011_1.jpg,0228_2.jpg,0
2,168,212,140,0212_1.jpg,0140_2.jpg,0
2,168,94,19,0094_1.jpg,0019_2.jpg,0
2,168,67,67,0067_1.jpg,0067_2.jpg,1
2,168,33,247,0033_1.jpg,0247_2.jpg,0
2,168,148,71,0148_1.jpg,0071_2.jpg,0
2,168,198,123,0198_1.jpg,0123_2.jpg,0
2,168,159,159,0159_1.jpg,0159_2.jpg,1
2,168,212,212,0212_1.jpg,0212_2.jpg,1
2,168,237,237,0237_1.jpg,0237_2.jpg,1
2,168,244,171,0244_1.jpg,0171_2.jpg,0
2,168,18,18,0018_1.jpg,0018_2.jpg,1
2,168,179,104,0179_1.jpg,0104_2.jpg,0
2,168,57,57,0057_1.jpg,0057_2.jpg,1
2,168,30,244,0030_1.jpg,0244_2.jpg,0
2,168,203,203,0203_1.jpg,0203_2.jpg,1
2,168,69,69,0069_1.jpg,0069_2.jpg,1
2,168,101,27,0101_1.jpg,0027_2.jpg,0
2,168,179,179,0179_1.jpg,0179_2.jpg,1
2,168,158,158,0158_1.jpg,0158_2.jpg,1
2,168,71,71,0071_1.jpg,0071_2.jpg,1
2,168,31,245,0031_1.jpg,0245_2.jpg,0
2,168,74,74,0074_1.jpg,0074_2.jpg,1
2,168,224,224,0224_1.jpg,0224_2.jpg,1
2,168,129,129,0129_1.jpg,0129_2.jpg,1
2,168,91,91,0091_1.jpg,0091_2.jpg,1
2,168,73,73,0073_1.jpg,0073_2.jpg,1
2,168,43,43,0043_1.jpg,0043_2.jpg,1
2,168,185,185,0185_1.jpg,0185_2.jpg,1
2,168,172,172,0172_1.jpg,0172_2.jpg,1
2,168,191,191,0191_1.jpg,0191_2.jpg,1
2,168,207,207,0207_1.jpg,0207_2.jpg,1
2,168,271,271,0271_1.jpg,0271_2.jpg,1
2,168,55,262,0055_1.jpg,0262_2.jpg,0
2,168,133,59,0133_1.jpg,0059_2.jpg,0
2,168,150,150,0150_1.jpg,0150_2.jpg,1
2,168,150,73,0150_1.jpg,0073_2.jpg,0
2,168,49,258,0049_1.jpg,0258_2.jpg,0
2,168,3,221,0003_1.jpg,0221_2.jpg,0
2,168,213,142,0213_1.jpg,0142_2.jpg,0
2,168,65,270,0065_1.jpg,0270_2.jpg,0
2,168,269,205,0269_1.jpg,0205_2.jpg,0
2,168,15,231,0015_1.jpg,0231_2.jpg,0
2,168,32,32,0032_1.jpg,0032_2.jpg,1
2,168,27,241,0027_1.jpg,0241_2.jpg,0
2,168,256,191,0256_1.jpg,0191_2.jpg,0
2,168,7,224,0007_1.jpg,0224_2.jpg,0
2,168,124,46,0124_1.jpg,0046_2.jpg,0
2,168,231,231,0231_1.jpg,0231_2.jpg,1
2,168,128,51,0128_1.jpg,0051_2.jpg,0
2,168,39,39,0039_1.jpg,0039_2.jpg,1
2,168,105,105,0105_1.jpg,0105_2.jpg,1
2,168,226,156,0226_1.jpg,0156_2.jpg,0
2,168,279,214,0279_1.jpg,0214_2.jpg,0
2,168,181,181,0181_1.jpg,0181_2.jpg,1
2,168,8,225,0008_1.jpg,0225_2.jpg,0
2,168,69,274,0069_1.jpg,0274_2.jpg,0
2,168,101,101,0101_1.jpg,0101_2.jpg,1
2,168,264,264,0264_1.jpg,0264_2.jpg,1
2,168,277,277,0277_1.jpg,0277_2.jpg,1
2,168,38,38,0038_1.jpg,0038_2.jpg,1
2,168,260,196,0260_1.jpg,0196_2.jpg,0
2,168,10,227,0010_1.jpg,0227_2.jpg,0
2,168,211,139,0211_1.jpg,0139_2.jpg,0
2,168,40,40,0040_1.jpg,0040_2.jpg,1
2,168,255,189,0255_1.jpg,0189_2.jpg,0
2,168,198,198,0198_1.jpg,0198_2.jpg,1
2,168,228,158,0228_1.jpg,0158_2.jpg,0
2,168,26,240,0026_1.jpg,0240_2.jpg,0
2,168,170,170,0170_1.jpg,0170_2.jpg,1
2,168,86,8,0086_1.jpg,0008_2.jpg,0
2,168,245,245,0245_1.jpg,0245_2.jpg,1
2,168,261,261,0261_1.jpg,0261_2.jpg,1
2,168,97,97,0097_1.jpg,0097_2.jpg,1
2,168,19,234,0019_1.jpg,0234_2.jpg,0
2,168,87,87,0087_1.jpg,0087_2.jpg,1
2,168,245,172,0245_1.jpg,0172_2.jpg,0
2,168,250,250,0250_1.jpg,0250_2.jpg,1
2,168,133,133,0133_1.jpg,0133_2.jpg,1
2,168,196,196,0196_1.jpg,0196_2.jpg,1
2,168,232,232,0232_1.jpg,0232_2.jpg,1
2,168,234,234,0234_1.jpg,0234_2.jpg,1
2,168,47,47,0047_1.jpg,0047_2.jpg,1
2,168,114,114,0114_1.jpg,0114_2.jpg,1
2,168,19,19,0019_1.jpg,0019_2.jpg,1
2,168,98,98,0098_1.jpg,0098_2.jpg,1
2,168,86,86,0086_1.jpg,0086_2.jpg,1
2,168,163,163,0163_1.jpg,0163_2.jpg,1
2,168,78,78,0078_1.jpg,0078_2.jpg,1
2,168,266,266,0266_1.jpg,0266_2.jpg,1
2,168,273,273,0273_1.jpg,0273_2.jpg,1
2,168,211,211,0211_1.jpg,0211_2.jpg,1
2,168,85,7,0085_1.jpg,0007_2.jpg,0
2,168,144,67,0144_1.jpg,0067_2.jpg,0
2,168,207,133,0207_1.jpg,0133_2.jpg,0
2,168,169,169,0169_1.jpg,0169_2.jpg,1
2,168,152,152,0152_1.jpg,0152_2.jpg,1
2,168,270,206,0270_1.jpg,0206_2.jpg,0
2,168,248,248,0248_1.jpg,0248_2.jpg,1
2,168,56,56,0056_1.jpg,0056_2.jpg,1
2,168,214,144,0214_1.jpg,0144_2.jpg,0
2,168,92,92,0092_1.jpg,0092_2.jpg,1
2,168,144,144,0144_1.jpg,0144_2.jpg,1
2,168,61,267,0061_1.jpg,0267_2.jpg,0
2,168,262,262,0262_1.jpg,0262_2.jpg,1
2,168,75,75,0075_1.jpg,0075_2.jpg,1
2,168,274,210,0274_1.jpg,0210_2.jpg,0
2,168,252,183,0252_1.jpg,0183_2.jpg,0
2,168,221,150,0221_1.jpg,0150_2.jpg,0
2,168,197,122,0197_1.jpg,0122_2.jpg,0
2,168,246,174,0246_1.jpg,0174_2.jpg,0
2,168,176,101,0176_1.jpg,0101_2.jpg,0
2,168,153,75,0153_1.jpg,0075_2.jpg,0
2,168,1,1,0001_1.jpg,0001_2.jpg,1
2,168,253,253,0253_1.jpg,0253_2.jpg,1
2,168,124,124,0124_1.jpg,0124_2.jpg,1
2,168,132,132,0132_1.jpg,0132_2.jpg,1
2,168,122,122,0122_1.jpg,0122_2.jpg,1
2,168,20,235,0020_1.jpg,0235_2.jpg,0
2,168,85,85,0085_1.jpg,0085_2.jpg,1
2,168,119,40,0119_1.jpg,0040_2.jpg,0
2,168,109,33,0109_1.jpg,0033_2.jpg,0
2,168,216,216,0216_1.jpg,0216_2.jpg,1
2,168,51,260,0051_1.jpg,0260_2.jpg,0
2,168,96,21,0096_1.jpg,0021_2.jpg,0
2,168,67,272,0067_1.jpg,0272_2.jpg,0
2,168,232,161,0232_1.jpg,0161_2.jpg,0
2,168,235,235,0235_1.jpg,0235_2.jpg,1
2,168,127,127,0127_1.jpg,0127_2.jpg,1
2,168,104,104,0104_1.jpg,0104_2.jpg,1
2,168,156,156,0156_1.jpg,0156_2.jpg,1
2,168,140,140,0140_1.jpg,0140_2.jpg,1
2,168,130,130,0130_1.jpg,0130_2.jpg,1
2,168,251,251,0251_1.jpg,0251_2.jpg,1
2,168,242,242,0242_1.jpg,0242_2.jpg,1
2,168,224,154,0224_1.jpg,0154_2.jpg,0
2,168,197,197,0197_1.jpg,0197_2.jpg,1
2,168,172,98,0172_1.jpg,0098_2.jpg,0
2,168,3,3,0003_1.jpg,0003_2.jpg,1
2,168,178,178,0178_1.jpg,0178_2.jpg,1
2,168,131,56,0131_1.jpg,0056_2.jpg,0
2,168,121,121,0121_1.jpg,0121_2.jpg,1
2,168,148,148,0148_1.jpg,0148_2.jpg,1
2,168,93,18,0093_1.jpg,0018_2.jpg,0
2,168,15,15,0015_1.jpg,0015_2.jpg,1
2,168,162,87,0162_1.jpg,0087_2.jpg,0
2,168,21,237,0021_1.jpg,0237_2.jpg,0
2,168,79,3,0079_1.jpg,0003_2.jpg,0
2,168,244,244,0244_1.jpg,0244_2.jpg,1
2,168,228,228,0228_1.jpg,0228_2.jpg,1
2,168,218,218,0218_1.jpg,0218_2.jpg,1
2,168,89,89,0089_1.jpg,0089_2.jpg,1
2,168,29,29,0029_1.jpg,0029_2.jpg,1
2,168,262,198,0262_1.jpg,0198_2.jpg,0
2,168,277,212,0277_1.jpg,0212_2.jpg,0
2,168,18,232,0018_1.jpg,0232_2.jpg,0
2,168,68,273,0068_1.jpg,0273_2.jpg,0
2,168,42,42,0042_1.jpg,0042_2.jpg,1
2,168,272,272,0272_1.jpg,0272_2.jpg,1
2,168,242,169,0242_1.jpg,0169_2.jpg,0
2,168,227,227,0227_1.jpg,0227_2.jpg,1
2,168,51,51,0051_1.jpg,0051_2.jpg,1
2,168,28,28,0028_1.jpg,0028_2.jpg,1
2,168,163,89,0163_1.jpg,0089_2.jpg,0
2,168,70,70,0070_1.jpg,0070_2.jpg,1
2,168,147,147,0147_1.jpg,0147_2.jpg,1
2,168,166,92,0166_1.jpg,0092_2.jpg,0
2,168,156,78,0156_1.jpg,0078_2.jpg,0
2,168,81,5,0081_1.jpg,0005_2.jpg,0
2,168,139,63,0139_1.jpg,0063_2.jpg,0
2,168,240,167,0240_1.jpg,0167_2.jpg,0
2,168,206,132,0206_1.jpg,0132_2.jpg,0
2,168,202,202,0202_1.jpg,0202_2.jpg,1
2,168,12,229,0012_1.jpg,0229_2.jpg,0
2,168,34,248,0034_1.jpg,0248_2.jpg,0
2,168,78,2,0078_1.jpg,0002_2.jpg,0
2,168,258,193,0258_1.jpg,0193_2.jpg,0
2,168,243,170,0243_1.jpg,0170_2.jpg,0
2,168,7,7,0007_1.jpg,0007_2.jpg,1
2,168,25,25,0025_1.jpg,0025_2.jpg,1
2,168,107,107,0107_1.jpg,0107_2.jpg,1
2,168,155,77,0155_1.jpg,0077_2.jpg,0
2,168,6,6,0006_1.jpg,0006_2.jpg,1
2,168,201,127,0201_1.jpg,0127_2.jpg,0
2,168,205,205,0205_1.jpg,0205_2.jpg,1
2,168,44,44,0044_1.jpg,0044_2.jpg,1
2,168,247,247,0247_1.jpg,0247_2.jpg,1
2,168,93,93,0093_1.jpg,0093_2.jpg,1
2,168,42,253,0042_1.jpg,0253_2.jpg,0
2,168,1,219,0001_1.jpg,0219_2.jpg,0
2,168,188,110,0188_1.jpg,0110_2.jpg,0
2,168,63,63,0063_1.jpg,0063_2.jpg,1
2,168,11,11,0011_1.jpg,0011_2.jpg,1
2,168,33,33,0033_1.jpg,0033_2.jpg,1
2,168,213,213,0213_1.jpg,0213_2.jpg,1
2,168,77,77,0077_1.jpg,0077_2.jpg,1
2,168,95,95,0095_1.jpg,0095_2.jpg,1
2,168,160,160,0160_1.jpg,0160_2.jpg,1
2,168,243,243,0243_1.jpg,0243_2.jpg,1
2,168,60,60,0060_1.jpg,0060_2.jpg,1
2,168,267,203,0267_1.jpg,0203_2.jpg,0
2,168,263,199,0263_1.jpg,0199_2.jpg,0
2,168,127,49,0127_1.jpg,0049_2.jpg,0
2,168,49,49,0049_1.jpg,0049_2.jpg,1
2,168,255,255,0255_1.jpg,0255_2.jpg,1
2,168,189,114,0189_1.jpg,0114_2.jpg,0
2,168,214,214,0214_1.jpg,0214_2.jpg,1
2,168,278,213,0278_1.jpg,0213_2.jpg,0
2,168,220,148,0220_1.jpg,0148_2.jpg,0
2,168,142,66,0142_1.jpg,0066_2.jpg,0
2,168,225,155,0225_1.jpg,0155_2.jpg,0
2,168,265,265,0265_1.jpg,0265_2.jpg,1
2,168,231,160,0231_1.jpg,0160_2.jpg,0
2,168,276,211,0276_1.jpg,0211_2.jpg,0
2,168,9,9,0009_1.jpg,0009_2.jpg,1
2,168,167,93,0167_1.jpg,0093_2.jpg,0
2,168,38,250,0038_1.jpg,0250_2.jpg,0
2,168,68,68,0068_1.jpg,0068_2.jpg,1
2,168,161,86,0161_1.jpg,0086_2.jpg,0
2,168,73,278,0073_1.jpg,0278_2.jpg,0
2,168,152,74,0152_1.jpg,0074_2.jpg,0
2,168,44,255,0044_1.jpg,0255_2.jpg,0
2,168,132,57,0132_1.jpg,0057_2.jpg,0
2,168,130,55,0130_1.jpg,0055_2.jpg,0
2,168,257,257,0257_1.jpg,0257_2.jpg,1
2,168,204,130,0204_1.jpg,0130_2.jpg,0
2,168,98,25,0098_1.jpg,0025_2.jpg,0
2,168,79,79,0079_1.jpg,0079_2.jpg,1
2,168,158,81,0158_1.jpg,0081_2.jpg,0
2,168,279,279,0279_1.jpg,0279_2.jpg,1
2,168,59,59,0059_1.jpg,0059_2.jpg,1
2,168,66,66,0066_1.jpg,0066_2.jpg,1
2,168,247,176,0247_1.jpg,0176_2.jpg,0
2,168,39,251,0039_1.jpg,0251_2.jpg,0
2,168,116,38,0116_1.jpg,0038_2.jpg,0
2,168,159,83,0159_1.jpg,0083_2.jpg,0
2,168,264,200,0264_1.jpg,0200_2.jpg,0
2,168,180,180,0180_1.jpg,0180_2.jpg,1
3,20,104,132,0104_1.jpg,0132_2.jpg,0
3,20,260,282,0260_1.jpg,0282_2.jpg,0
3,20,282,282,0282_1.jpg,0282_2.jpg,1
3,20,153,153,0153_1.jpg,0153_2.jpg,1
3,20,124,124,0124_1.jpg,0124_2.jpg,1
3,20,240,261,0240_1.jpg,0261_2.jpg,0
3,20,210,234,0210_1.jpg,0234_2.jpg,0
3,20,121,146,0121_1.jpg,0146_2.jpg,0
3,20,9,9,0009_1.jpg,0009_2.jpg,1
3,20,86,86,0086_1.jpg,0086_2.jpg,1
3,20,245,266,0245_1.jpg,0266_2.jpg,0
3,20,69,69,0069_1.jpg,0069_2.jpg,1
3,20,258,258,0258_1.jpg,0258_2.jpg,1
3,20,181,208,0181_1.jpg,0208_2.jpg,0
3,20,220,220,0220_1.jpg,0220_2.jpg,1
3,20,214,239,0214_1.jpg,0239_2.jpg,0
3,20,55,78,0055_1.jpg,0078_2.jpg,0
3,20,179,206,0179_1.jpg,0206_2.jpg,0
3,20,97,127,0097_1.jpg,0127_2.jpg,0
3,20,129,155,0129_1.jpg,0155_2.jpg,0
3,20,214,214,0214_1.jpg,0214_2.jpg,1
3,20,27,27,0027_1.jpg,0027_2.jpg,1
3,20,198,220,0198_1.jpg,0220_2.jpg,0
3,20,271,12,0271_1.jpg,0012_2.jpg,0
3,20,32,32,0032_1.jpg,0032_2.jpg,1
3,20,46,73,0046_1.jpg,0073_2.jpg,0
3,20,18,43,0018_1.jpg,0043_2.jpg,0
3,20,43,43,0043_1.jpg,0043_2.jpg,1
3,20,199,221,0199_1.jpg,0221_2.jpg,0
3,20,197,197,0197_1.jpg,0197_2.jpg,1
3,20,83,107,0083_1.jpg,0107_2.jpg,0
3,20,257,257,0257_1.jpg,0257_2.jpg,1
3,20,200,222,0200_1.jpg,0222_2.jpg,0
3,20,232,232,0232_1.jpg,0232_2.jpg,1
3,20,68,93,0068_1.jpg,0093_2.jpg,0
3,20,110,110,0110_1.jpg,0110_2.jpg,1
3,20,146,168,0146_1.jpg,0168_2.jpg,0
3,20,156,156,0156_1.jpg,0156_2.jpg,1
3,20,40,68,0040_1.jpg,0068_2.jpg,0
3,20,168,198,0168_1.jpg,0198_2.jpg,0
3,20,209,232,0209_1.jpg,0232_2.jpg,0
3,20,223,246,0223_1.jpg,0246_2.jpg,0
3,20,3,3,0003_1.jpg,0003_2.jpg,1
3,20,34,34,0034_1.jpg,0034_2.jpg,1
3,20,227,227,0227_1.jpg,0227_2.jpg,1
3,20,62,87,0062_1.jpg,0087_2.jpg,0
3,20,97,97,0097_1.jpg,0097_2.jpg,1
3,20,15,15,0015_1.jpg,0015_2.jpg,1
3,20,265,6,0265_1.jpg,0006_2.jpg,0
3,20,220,243,0220_1.jpg,0243_2.jpg,0
3,20,103,103,0103_1.jpg,0103_2.jpg,1
3,20,139,139,0139_1.jpg,0139_2.jpg,1
3,20,266,266,0266_1.jpg,0266_2.jpg,1
3,20,131,157,0131_1.jpg,0157_2.jpg,0
3,20,178,205,0178_1.jpg,0205_2.jpg,0
3,20,192,214,0192_1.jpg,0214_2.jpg,0
3,20,185,185,0185_1.jpg,0185_2.jpg,1
3,20,235,256,0235_1.jpg,0256_2.jpg,0
3,20,142,142,0142_1.jpg,0142_2.jpg,1
3,20,67,92,0067_1.jpg,0092_2.jpg,0
3,20,122,122,0122_1.jpg,0122_2.jpg,1
3,20,33,33,0033_1.jpg,0033_2.jpg,1
3,20,145,145,0145_1.jpg,0145_2.jpg,1
3,20,150,171,0150_1.jpg,0171_2.jpg,0
3,20,128,154,0128_1.jpg,0154_2.jpg,0
3,20,78,78,0078_1.jpg,0078_2.jpg,1
3,20,89,116,0089_1.jpg,0116_2.jpg,0
3,20,86,110,0086_1.jpg,0110_2.jpg,0
3,20,8,34,0008_1.jpg,0034_2.jpg,0
3,20,271,271,0271_1.jpg,0271_2.jpg,1
3,20,164,164,0164_1.jpg,0164_2.jpg,1
3,20,12,12,0012_1.jpg,0012_2.jpg,1
3,20,7,7,0007_1.jpg,0007_2.jpg,1
3,20,221,244,0221_1.jpg,0244_2.jpg,0
3,20,73,73,0073_1.jpg,0073_2.jpg,1
3,20,90,90,0090_1.jpg,0090_2.jpg,1
3,20,282,27,0282_1.jpg,0027_2.jpg,0
3,20,197,219,0197_1.jpg,0219_2.jpg,0
3,20,162,162,0162_1.jpg,0162_2.jpg,1
3,20,193,193,0193_1.jpg,0193_2.jpg,1
3,20,148,148,0148_1.jpg,0148_2.jpg,1
3,20,20,20,0020_1.jpg,0020_2.jpg,1
3,20,172,172,0172_1.jpg,0172_2.jpg,1
3,20,212,212,0212_1.jpg,0212_2.jpg,1
3,20,212,237,0212_1.jpg,0237_2.jpg,0
3,20,109,109,0109_1.jpg,0109_2.jpg,1
3,20,145,167,0145_1.jpg,0167_2.jpg,0
3,20,228,228,0228_1.jpg,0228_2.jpg,1
3,20,196,196,0196_1.jpg,0196_2.jpg,1
3,20,226,249,0226_1.jpg,0249_2.jpg,0
3,20,222,222,0222_1.jpg,0222_2.jpg,1
3,20,2,29,0002_1.jpg,0029_2.jpg,0
3,20,42,69,0042_1.jpg,0069_2.jpg,0
3,20,244,265,0244_1.jpg,0265_2.jpg,0
3,20,116,142,0116_1.jpg,0142_2.jpg,0
3,20,134,134,0134_1.jpg,0134_2.jpg,1
3,20,89,89,0089_1.jpg,0089_2.jpg,1
3,20,176,204,0176_1.jpg,0204_2.jpg,0
3,20,222,245,0222_1.jpg,0245_2.jpg,0
3,20,252,273,0252_1.jpg,0273_2.jpg,0
3,20,22,49,0022_1.jpg,0049_2.jpg,0
3,20,54,54,0054_1.jpg,0054_2.jpg,1
3,20,170,200,0170_1.jpg,0200_2.jpg,0
3,20,251,251,0251_1.jpg,0251_2.jpg,1
3,20,138,138,0138_1.jpg,0138_2.jpg,1
3,20,49,49,0049_1.jpg,0049_2.jpg,1
3,20,30,59,0030_1.jpg,0059_2.jpg,0
3,20,198,198,0198_1.jpg,0198_2.jpg,1
3,20,202,202,0202_1.jpg,0202_2.jpg,1
3,20,70,70,0070_1.jpg,0070_2.jpg,1
3,20,261,261,0261_1.jpg,0261_2.jpg,1
3,20,211,235,0211_1.jpg,0235_2.jpg,0
3,20,228,251,0228_1.jpg,0251_2.jpg,0
3,20,75,75,0075_1.jpg,0075_2.jpg,1
3,20,152,152,0152_1.jpg,0152_2.jpg,1
3,20,218,218,0218_1.jpg,0218_2.jpg,1
3,20,27,55,0027_1.jpg,0055_2.jpg,0
3,20,147,147,0147_1.jpg,0147_2.jpg,1
3,20,66,66,0066_1.jpg,0066_2.jpg,1
3,20,49,75,0049_1.jpg,0075_2.jpg,0
3,20,81,81,0081_1.jpg,0081_2.jpg,1
3,20,276,276,0276_1.jpg,0276_2.jpg,1
3,20,265,265,0265_1.jpg,0265_2.jpg,1
3,20,105,133,0105_1.jpg,0133_2.jpg,0
3,20,209,209,0209_1.jpg,0209_2.jpg,1
3,20,276,20,0276_1.jpg,0020_2.jpg,0
3,20,114,140,0114_1.jpg,0140_2.jpg,0
3,20,130,130,0130_1.jpg,0130_2.jpg,1
3,20,223,223,0223_1.jpg,0223_2.jpg,1
3,20,144,144,0144_1.jpg,0144_2.jpg,1
3,20,31,31,0031_1.jpg,0031_2.jpg,1
3,20,261,1,0261_1.jpg,0001_2.jpg,0
3,20,216,240,0216_1.jpg,0240_2.jpg,0
3,20,192,192,0192_1.jpg,0192_2.jpg,1
3,20,240,240,0240_1.jpg,0240_2.jpg,1
3,20,135,135,0135_1.jpg,0135_2.jpg,1
3,20,255,277,0255_1.jpg,0277_2.jpg,0
3,20,218,241,0218_1.jpg,0241_2.jpg,0
3,20,169,199,0169_1.jpg,0199_2.jpg,0
3,20,31,60,0031_1.jpg,0060_2.jpg,0
3,20,189,189,0189_1.jpg,0189_2.jpg,1
3,20,1,1,0001_1.jpg,0001_2.jpg,1
3,20,180,207,0180_1.jpg,0207_2.jpg,0
3,20,243,243,0243_1.jpg,0243_2.jpg,1
3,20,147,169,0147_1.jpg,0169_2.jpg,0
3,20,278,278,0278_1.jpg,0278_2.jpg,1
3,20,170,170,0170_1.jpg,0170_2.jpg,1
3,20,167,167,0167_1.jpg,0167_2.jpg,1
3,20,21,21,0021_1.jpg,0021_2.jpg,1
3,20,224,224,0224_1.jpg,0224_2.jpg,1
3,20,229,229,0229_1.jpg,0229_2.jpg,1
3,20,213,213,0213_1.jpg,0213_2.jpg,1
3,20,224,247,0224_1.jpg,0247_2.jpg,0
3,20,95,124,0095_1.jpg,0124_2.jpg,0
3,20,130,156,0130_1.jpg,0156_2.jpg,0
3,20,281,281,0281_1.jpg,0281_2.jpg,1
3,20,56,56,0056_1.jpg,0056_2.jpg,1
3,20,219,219,0219_1.jpg,0219_2.jpg,1
3,20,103,131,0103_1.jpg,0131_2.jpg,0
3,20,93,122,0093_1.jpg,0122_2.jpg,0
3,20,92,121,0092_1.jpg,0121_2.jpg,0
3,20,79,105,0079_1.jpg,0105_2.jpg,0
3,20,152,172,0152_1.jpg,0172_2.jpg,0
3,20,234,234,0234_1.jpg,0234_2.jpg,1
3,20,247,247,0247_1.jpg,0247_2.jpg,1
3,20,154,176,0154_1.jpg,0176_2.jpg,0
3,20,1,28,0001_1.jpg,0028_2.jpg,0
3,20,232,254,0232_1.jpg,0254_2.jpg,0
3,20,227,250,0227_1.jpg,0250_2.jpg,0
3,20,207,229,0207_1.jpg,0229_2.jpg,0
3,20,163,191,0163_1.jpg,0191_2.jpg,0
3,20,229,252,0229_1.jpg,0252_2.jpg,0
3,20,216,216,0216_1.jpg,0216_2.jpg,1
3,20,74,98,0074_1.jpg,0098_2.jpg,0
3,20,133,133,0133_1.jpg,0133_2.jpg,1
3,20,128,128,0128_1.jpg,0128_2.jpg,1
3,20,270,11,0270_1.jpg,0011_2.jpg,0
3,20,272,272,0272_1.jpg,0272_2.jpg,1
3,20,174,203,0174_1.jpg,0203_2.jpg,0
3,20,8,8,0008_1.jpg,0008_2.jpg,1
3,20,57,81,0057_1.jpg,0081_2.jpg,0
3,20,245,245,0245_1.jpg,0245_2.jpg,1
3,20,242,242,0242_1.jpg,0242_2.jpg,1
3,20,68,68,0068_1.jpg,0068_2.jpg,1
3,20,114,114,0114_1.jpg,0114_2.jpg,1
3,20,140,140,0140_1.jpg,0140_2.jpg,1
3,20,169,169,0169_1.jpg,0169_2.jpg,1
3,20,51,51,0051_1.jpg,0051_2.jpg,1
3,20,119,119,0119_1.jpg,0119_2.jpg,1
3,20,241,262,0241_1.jpg,0262_2.jpg,0
3,20,191,213,0191_1.jpg,0213_2.jpg,0
3,20,119,145,0119_1.jpg,0145_2.jpg,0
3,20,94,94,0094_1.jpg,0094_2.jpg,1
3,20,183,183,0183_1.jpg,0183_2.jpg,1
3,20,234,255,0234_1.jpg,0255_2.jpg,0
3,20,116,116,0116_1.jpg,0116_2.jpg,1
3,20,267,8,0267_1.jpg,0008_2.jpg,0
3,20,100,129,0100_1.jpg,0129_2.jpg,0
3,20,6,6,0006_1.jpg,0006_2.jpg,1
3,20,196,218,0196_1.jpg,0218_2.jpg,0
3,20,118,118,0118_1.jpg,0118_2.jpg,1
3,20,239,260,0239_1.jpg,0260_2.jpg,0
3,20,11,11,0011_1.jpg,0011_2.jpg,1
3,20,76,101,0076_1.jpg,0101_2.jpg,0
3,20,225,248,0225_1.jpg,0248_2.jpg,0
3,20,91,119,0091_1.jpg,0119_2.jpg,0
3,20,160,185,0160_1.jpg,0185_2.jpg,0
3,20,12,40,0012_1.jpg,0040_2.jpg,0
3,20,270,270,0270_1.jpg,0270_2.jpg,1
3,20,260,260,0260_1.jpg,0260_2.jpg,1
3,20,98,98,0098_1.jpg,0098_2.jpg,1
3,20,30,30,0030_1.jpg,0030_2.jpg,1
3,20,268,9,0268_1.jpg,0009_2.jpg,0
3,20,158,181,0158_1.jpg,0181_2.jpg,0
3,20,92,92,0092_1.jpg,0092_2.jpg,1
3,20,10,10,0010_1.jpg,0010_2.jpg,1
3,20,256,256,0256_1.jpg,0256_2.jpg,1
3,20,159,159,0159_1.jpg,0159_2.jpg,1
3,20,44,71,0044_1.jpg,0071_2.jpg,0
3,20,205,227,0205_1.jpg,0227_2.jpg,0
3,20,148,170,0148_1.jpg,0170_2.jpg,0
3,20,77,77,0077_1.jpg,0077_2.jpg,1
3,20,66,91,0066_1.jpg,0091_2.jpg,0
3,20,121,121,0121_1.jpg,0121_2.jpg,1
3,20,39,67,0039_1.jpg,0067_2.jpg,0
3,20,42,42,0042_1.jpg,0042_2.jpg,1
3,20,101,101,0101_1.jpg,0101_2.jpg,1
3,20,75,100,0075_1.jpg,0100_2.jpg,0
3,20,246,267,0246_1.jpg,0267_2.jpg,0
3,20,225,225,0225_1.jpg,0225_2.jpg,1
3,20,96,96,0096_1.jpg,0096_2.jpg,1
3,20,39,39,0039_1.jpg,0039_2.jpg,1
3,20,221,221,0221_1.jpg,0221_2.jpg,1
3,20,150,150,0150_1.jpg,0150_2.jpg,1
3,20,59,59,0059_1.jpg,0059_2.jpg,1
3,20,208,208,0208_1.jpg,0208_2.jpg,1
3,20,167,197,0167_1.jpg,0197_2.jpg,0
3,20,183,209,0183_1.jpg,0209_2.jpg,0
3,20,61,86,0061_1.jpg,0086_2.jpg,0
3,20,28,28,0028_1.jpg,0028_2.jpg,1
3,20,129,129,0129_1.jpg,0129_2.jpg,1
3,20,257,279,0257_1.jpg,0279_2.jpg,0
3,20,34,63,0034_1.jpg,0063_2.jpg,0
3,20,44,44,0044_1.jpg,0044_2.jpg,1
3,20,110,139,0110_1.jpg,0139_2.jpg,0
3,20,206,206,0206_1.jpg,0206_2.jpg,1
3,20,188,211,0188_1.jpg,0211_2.jpg,0
3,20,98,128,0098_1.jpg,0128_2.jpg,0
3,20,168,168,0168_1.jpg,0168_2.jpg,1
3,20,125,152,0125_1.jpg,0152_2.jpg,0
3,20,247,268,0247_1.jpg,0268_2.jpg,0
3,20,19,19,0019_1.jpg,0019_2.jpg,1
3,20,25,51,0025_1.jpg,0051_2.jpg,0
3,20,157,180,0157_1.jpg,0180_2.jpg,0
3,20,127,127,0127_1.jpg,0127_2.jpg,1
3,20,250,271,0250_1.jpg,0271_2.jpg,0
3,20,107,107,0107_1.jpg,0107_2.jpg,1
3,20,157,157,0157_1.jpg,0157_2.jpg,1
3,20,193,216,0193_1.jpg,0216_2.jpg,0
3,20,231,231,0231_1.jpg,0231_2.jpg,1
3,20,38,38,0038_1.jpg,0038_2.jpg,1
3,20,87,87,0087_1.jpg,0087_2.jpg,1
3,20,201,223,0201_1.jpg,0223_2.jpg,0
3,20,249,249,0249_1.jpg,0249_2.jpg,1
3,20,199,199,0199_1.jpg,0199_2.jpg,1
3,20,274,19,0274_1.jpg,0019_2.jpg,0
3,20,165,165,0165_1.jpg,0165_2.jpg,1
3,20,273,18,0273_1.jpg,0018_2.jpg,0
3,20,269,269,0269_1.jpg,0269_2.jpg,1
3,20,166,196,0166_1.jpg,0196_2.jpg,0
3,20,274,274,0274_1.jpg,0274_2.jpg,1
3,20,94,123,0094_1.jpg,0123_2.jpg,0
3,20,210,210,0210_1.jpg,0210_2.jpg,1
3,20,188,188,0188_1.jpg,0188_2.jpg,1
3,20,269,10,0269_1.jpg,0010_2.jpg,0
3,20,239,239,0239_1.jpg,0239_2.jpg,1
3,20,77,103,0077_1.jpg,0103_2.jpg,0
3,20,73,97,0073_1.jpg,0097_2.jpg,0
3,20,267,267,0267_1.jpg,0267_2.jpg,1
3,20,272,15,0272_1.jpg,0015_2.jpg,0
3,20,28,56,0028_1.jpg,0056_2.jpg,0
3,20,268,268,0268_1.jpg,0268_2.jpg,1
3,20,106,106,0106_1.jpg,0106_2.jpg,1
3,20,21,47,0021_1.jpg,0047_2.jpg,0
3,20,132,158,0132_1.jpg,0158_2.jpg,0
3,20,20,46,0020_1.jpg,0046_2.jpg,0
3,20,226,226,0226_1.jpg,0226_2.jpg,1
3,20,158,158,0158_1.jpg,0158_2.jpg,1
3,20,250,250,0250_1.jpg,0250_2.jpg,1
3,20,93,93,0093_1.jpg,0093_2.jpg,1
3,20,279,279,0279_1.jpg,0279_2.jpg,1
3,20,154,154,0154_1.jpg,0154_2.jpg,1
3,20,65,65,0065_1.jpg,0065_2.jpg,1
3,20,161,188,0161_1.jpg,0188_2.jpg,0
3,20,263,3,0263_1.jpg,0003_2.jpg,0
3,20,78,104,0078_1.jpg,0104_2.jpg,0
3,20,123,123,0123_1.jpg,0123_2.jpg,1
3,20,213,238,0213_1.jpg,0238_2.jpg,0
3,20,156,179,0156_1.jpg,0179_2.jpg,0
3,20,26,54,0026_1.jpg,0054_2.jpg,0
3,20,249,270,0249_1.jpg,0270_2.jpg,0
3,20,57,57,0057_1.jpg,0057_2.jpg,1
3,20,172,202,0172_1.jpg,0202_2.jpg,0
3,20,25,25,0025_1.jpg,0025_2.jpg,1
3,20,62,62,0062_1.jpg,0062_2.jpg,1
3,20,277,21,0277_1.jpg,0021_2.jpg,0
3,20,238,258,0238_1.jpg,0258_2.jpg,0
3,20,146,146,0146_1.jpg,0146_2.jpg,1
3,20,256,278,0256_1.jpg,0278_2.jpg,0
3,20,178,178,0178_1.jpg,0178_2.jpg,1
3,20,248,269,0248_1.jpg,0269_2.jpg,0
3,20,139,163,0139_1.jpg,0163_2.jpg,0
3,20,159,183,0159_1.jpg,0183_2.jpg,0
3,20,266,7,0266_1.jpg,0007_2.jpg,0
3,20,81,106,0081_1.jpg,0106_2.jpg,0
3,20,33,62,0033_1.jpg,0062_2.jpg,0
3,20,263,263,0263_1.jpg,0263_2.jpg,1
3,20,11,39,0011_1.jpg,0039_2.jpg,0
3,20,135,161,0135_1.jpg,0161_2.jpg,0
3,20,246,246,0246_1.jpg,0246_2.jpg,1
3,20,83,83,0083_1.jpg,0083_2.jpg,1
3,20,231,253,0231_1.jpg,0253_2.jpg,0
3,20,29,57,0029_1.jpg,0057_2.jpg,0
3,20,71,96,0071_1.jpg,0096_2.jpg,0
3,20,76,76,0076_1.jpg,0076_2.jpg,1
3,20,219,242,0219_1.jpg,0242_2.jpg,0
3,20,264,5,0264_1.jpg,0005_2.jpg,0
3,20,123,148,0123_1.jpg,0148_2.jpg,0
3,20,59,83,0059_1.jpg,0083_2.jpg,0
3,20,96,125,0096_1.jpg,0125_2.jpg,0
3,20,90,118,0090_1.jpg,0118_2.jpg,0
3,20,253,274,0253_1.jpg,0274_2.jpg,0
3,20,107,135,0107_1.jpg,0135_2.jpg,0
3,20,202,224,0202_1.jpg,0224_2.jpg,0
3,20,203,203,0203_1.jpg,0203_2.jpg,1
3,20,238,238,0238_1.jpg,0238_2.jpg,1
3,20,251,272,0251_1.jpg,0272_2.jpg,0
3,20,201,201,0201_1.jpg,0201_2.jpg,1
3,20,63,89,0063_1.jpg,0089_2.jpg,0
3,20,118,144,0118_1.jpg,0144_2.jpg,0
3,20,185,210,0185_1.jpg,0210_2.jpg,0
3,20,47,74,0047_1.jpg,0074_2.jpg,0
3,20,2,2,0002_1.jpg,0002_2.jpg,1
3,20,47,47,0047_1.jpg,0047_2.jpg,1
3,20,109,138,0109_1.jpg,0138_2.jpg,0
3,20,85,109,0085_1.jpg,0109_2.jpg,0
3,20,51,76,0051_1.jpg,0076_2.jpg,0
3,20,15,42,0015_1.jpg,0042_2.jpg,0
3,20,153,174,0153_1.jpg,0174_2.jpg,0
3,20,211,211,0211_1.jpg,0211_2.jpg,1
3,20,55,55,0055_1.jpg,0055_2.jpg,1
3,20,166,166,0166_1.jpg,0166_2.jpg,1
3,20,273,273,0273_1.jpg,0273_2.jpg,1
3,20,5,31,0005_1.jpg,0031_2.jpg,0
3,20,71,71,0071_1.jpg,0071_2.jpg,1
3,20,162,189,0162_1.jpg,0189_2.jpg,0
3,20,237,237,0237_1.jpg,0237_2.jpg,1
3,20,101,130,0101_1.jpg,0130_2.jpg,0
3,20,133,159,0133_1.jpg,0159_2.jpg,0
3,20,6,32,0006_1.jpg,0032_2.jpg,0
3,20,171,201,0171_1.jpg,0201_2.jpg,0
3,20,180,180,0180_1.jpg,0180_2.jpg,1
3,20,60,85,0060_1.jpg,0085_2.jpg,0
3,20,179,179,0179_1.jpg,0179_2.jpg,1
3,20,248,248,0248_1.jpg,0248_2.jpg,1
3,20,140,164,0140_1.jpg,0164_2.jpg,0
3,20,262,2,0262_1.jpg,0002_2.jpg,0
3,20,40,40,0040_1.jpg,0040_2.jpg,1
3,20,35,65,0035_1.jpg,0065_2.jpg,0
3,20,56,79,0056_1.jpg,0079_2.jpg,0
3,20,164,192,0164_1.jpg,0192_2.jpg,0
3,20,3,30,0003_1.jpg,0030_2.jpg,0
3,20,61,61,0061_1.jpg,0061_2.jpg,1
3,20,204,226,0204_1.jpg,0226_2.jpg,0
3,20,63,63,0063_1.jpg,0063_2.jpg,1
3,20,206,228,0206_1.jpg,0228_2.jpg,0
3,20,95,95,0095_1.jpg,0095_2.jpg,1
3,20,163,163,0163_1.jpg,0163_2.jpg,1
3,20,105,105,0105_1.jpg,0105_2.jpg,1
3,20,132,132,0132_1.jpg,0132_2.jpg,1
3,20,277,277,0277_1.jpg,0277_2.jpg,1
3,20,204,204,0204_1.jpg,0204_2.jpg,1
3,20,70,95,0070_1.jpg,0095_2.jpg,0
3,20,207,207,0207_1.jpg,0207_2.jpg,1
3,20,160,160,0160_1.jpg,0160_2.jpg,1
3,20,125,125,0125_1.jpg,0125_2.jpg,1
3,20,255,255,0255_1.jpg,0255_2.jpg,1
3,20,191,191,0191_1.jpg,0191_2.jpg,1
3,20,19,44,0019_1.jpg,0044_2.jpg,0
3,20,69,94,0069_1.jpg,0094_2.jpg,0
3,20,181,181,0181_1.jpg,0181_2.jpg,1
3,20,67,67,0067_1.jpg,0067_2.jpg,1
3,20,254,254,0254_1.jpg,0254_2.jpg,1
3,20,279,25,0279_1.jpg,0025_2.jpg,0
3,20,155,178,0155_1.jpg,0178_2.jpg,0
3,20,237,257,0237_1.jpg,0257_2.jpg,0
3,20,100,100,0100_1.jpg,0100_2.jpg,1
3,20,161,161,0161_1.jpg,0161_2.jpg,1
3,20,35,35,0035_1.jpg,0035_2.jpg,1
3,20,258,281,0258_1.jpg,0281_2.jpg,0
3,20,208,231,0208_1.jpg,0231_2.jpg,0
3,20,165,193,0165_1.jpg,0193_2.jpg,0
3,20,134,160,0134_1.jpg,0160_2.jpg,0
3,20,243,264,0243_1.jpg,0264_2.jpg,0
3,20,54,77,0054_1.jpg,0077_2.jpg,0
3,20,32,61,0032_1.jpg,0061_2.jpg,0
3,20,91,91,0091_1.jpg,0091_2.jpg,1
3,20,155,155,0155_1.jpg,0155_2.jpg,1
3,20,7,33,0007_1.jpg,0033_2.jpg,0
3,20,29,29,0029_1.jpg,0029_2.jpg,1
3,20,235,235,0235_1.jpg,0235_2.jpg,1
3,20,5,5,0005_1.jpg,0005_2.jpg,1
3,20,254,276,0254_1.jpg,0276_2.jpg,0
3,20,138,162,0138_1.jpg,0162_2.jpg,0
3,20,127,153,0127_1.jpg,0153_2.jpg,0
3,20,124,150,0124_1.jpg,0150_2.jpg,0
3,20,60,60,0060_1.jpg,0060_2.jpg,1
3,20,189,212,0189_1.jpg,0212_2.jpg,0
3,20,26,26,0026_1.jpg,0026_2.jpg,1
3,20,176,176,0176_1.jpg,0176_2.jpg,1
3,20,205,205,0205_1.jpg,0205_2.jpg,1
3,20,104,104,0104_1.jpg,0104_2.jpg,1
3,20,85,85,0085_1.jpg,0085_2.jpg,1
3,20,74,74,0074_1.jpg,0074_2.jpg,1
3,20,131,131,0131_1.jpg,0131_2.jpg,1
3,20,10,38,0010_1.jpg,0038_2.jpg,0
3,20,174,174,0174_1.jpg,0174_2.jpg,1
3,20,18,18,0018_1.jpg,0018_2.jpg,1
3,20,281,26,0281_1.jpg,0026_2.jpg,0
3,20,264,264,0264_1.jpg,0264_2.jpg,1
3,20,252,252,0252_1.jpg,0252_2.jpg,1
3,20,122,147,0122_1.jpg,0147_2.jpg,0
3,20,171,171,0171_1.jpg,0171_2.jpg,1
3,20,200,200,0200_1.jpg,0200_2.jpg,1
3,20,144,166,0144_1.jpg,0166_2.jpg,0
3,20,241,241,0241_1.jpg,0241_2.jpg,1
3,20,38,66,0038_1.jpg,0066_2.jpg,0
3,20,203,225,0203_1.jpg,0225_2.jpg,0
3,20,253,253,0253_1.jpg,0253_2.jpg,1
3,20,43,70,0043_1.jpg,0070_2.jpg,0
3,20,9,35,0009_1.jpg,0035_2.jpg,0
3,20,79,79,0079_1.jpg,0079_2.jpg,1
3,20,242,263,0242_1.jpg,0263_2.jpg,0
3,20,46,46,0046_1.jpg,0046_2.jpg,1
3,20,106,134,0106_1.jpg,0134_2.jpg,0
3,20,142,165,0142_1.jpg,0165_2.jpg,0
3,20,278,22,0278_1.jpg,0022_2.jpg,0
3,20,65,90,0065_1.jpg,0090_2.jpg,0
3,20,22,22,0022_1.jpg,0022_2.jpg,1
3,20,244,244,0244_1.jpg,0244_2.jpg,1
3,20,87,114,0087_1.jpg,0114_2.jpg,0
3,20,262,262,0262_1.jpg,0262_2.jpg,1
4,143,160,54,0160_1.jpg,0054_2.jpg,0
4,143,94,269,0094_1.jpg,0269_2.jpg,0
4,143,174,174,0174_1.jpg,0174_2.jpg,1
4,143,206,206,0206_1.jpg,0206_2.jpg,1
4,143,78,256,0078_1.jpg,0256_2.jpg,0
4,143,146,146,0146_1.jpg,0146_2.jpg,1
4,143,232,232,0232_1.jpg,0232_2.jpg,1
4,143,164,59,0164_1.jpg,0059_2.jpg,0
4,143,169,169,0169_1.jpg,0169_2.jpg,1
4,143,272,272,0272_1.jpg,0272_2.jpg,1
4,143,42,42,0042_1.jpg,0042_2.jpg,1
4,143,30,214,0030_1.jpg,0214_2.jpg,0
4,143,200,91,0200_1.jpg,0091_2.jpg,0
4,143,119,7,0119_1.jpg,0007_2.jpg,0
4,143,122,122,0122_1.jpg,0122_2.jpg,1
4,143,124,11,0124_1.jpg,0011_2.jpg,0
4,143,153,153,0153_1.jpg,0153_2.jpg,1
4,143,142,31,0142_1.jpg,0031_2.jpg,0
4,143,253,253,0253_1.jpg,0253_2.jpg,1
4,143,54,234,0054_1.jpg,0234_2.jpg,0
4,143,165,165,0165_1.jpg,0165_2.jpg,1
4,143,7,7,0007_1.jpg,0007_2.jpg,1
4,143,47,229,0047_1.jpg,0229_2.jpg,0
4,143,235,235,0235_1.jpg,0235_2.jpg,1
4,143,107,282,0107_1.jpg,0282_2.jpg,0
4,143,35,221,0035_1.jpg,0221_2.jpg,0
4,143,243,142,0243_1.jpg,0142_2.jpg,0
4,143,152,40,0152_1.jpg,0040_2.jpg,0
4,143,90,265,0090_1.jpg,0265_2.jpg,0
4,143,128,128,0128_1.jpg,0128_2.jpg,1
4,143,197,197,0197_1.jpg,0197_2.jpg,1
4,143,261,162,0261_1.jpg,0162_2.jpg,0
4,143,10,200,0010_1.jpg,0200_2.jpg,0
4,143,183,76,0183_1.jpg,0076_2.jpg,0
4,143,208,208,0208_1.jpg,0208_2.jpg,1
4,143,266,266,0266_1.jpg,0266_2.jpg,1
4,143,179,179,0179_1.jpg,0179_2.jpg,1
4,143,134,134,0134_1.jpg,0134_2.jpg,1
4,143,271,271,0271_1.jpg,0271_2.jpg,1
4,143,199,90,0199_1.jpg,0090_2.jpg,0
4,143,56,237,0056_1.jpg,0237_2.jpg,0
4,143,114,3,0114_1.jpg,0003_2.jpg,0
4,143,148,148,0148_1.jpg,0148_2.jpg,1
4,143,98,273,0098_1.jpg,0273_2.jpg,0
4,143,75,75,0075_1.jpg,0075_2.jpg,1
4,143,238,134,0238_1.jpg,0134_2.jpg,0
4,143,202,93,0202_1.jpg,0093_2.jpg,0
4,143,181,75,0181_1.jpg,0075_2.jpg,0
4,143,3,192,0003_1.jpg,0192_2.jpg,0
4,143,110,2,0110_1.jpg,0002_2.jpg,0
4,143,124,124,0124_1.jpg,0124_2.jpg,1
4,143,3,3,0003_1.jpg,0003_2.jpg,1
4,143,60,60,0060_1.jpg,0060_2.jpg,1
4,143,100,274,0100_1.jpg,0274_2.jpg,0
4,143,75,253,0075_1.jpg,0253_2.jpg,0
4,143,96,271,0096_1.jpg,0271_2.jpg,0
4,143,247,247,0247_1.jpg,0247_2.jpg,1
4,143,162,162,0162_1.jpg,0162_2.jpg,1
4,143,131,131,0131_1.jpg,0131_2.jpg,1
4,143,103,277,0103_1.jpg,0277_2.jpg,0
4,143,95,95,0095_1.jpg,0095_2.jpg,1
4,143,87,263,0087_1.jpg,0263_2.jpg,0
4,143,262,163,0262_1.jpg,0163_2.jpg,0
4,143,70,70,0070_1.jpg,0070_2.jpg,1
4,143,188,188,0188_1.jpg,0188_2.jpg,1
4,143,71,71,0071_1.jpg,0071_2.jpg,1
4,143,86,262,0086_1.jpg,0262_2.jpg,0
4,143,268,268,0268_1.jpg,0268_2.jpg,1
4,143,92,267,0092_1.jpg,0267_2.jpg,0
4,143,74,74,0074_1.jpg,0074_2.jpg,1
4,143,214,214,0214_1.jpg,0214_2.jpg,1
4,143,118,6,0118_1.jpg,0006_2.jpg,0
4,143,94,94,0094_1.jpg,0094_2.jpg,1
4,143,54,54,0054_1.jpg,0054_2.jpg,1
4,143,253,155,0253_1.jpg,0155_2.jpg,0
4,143,282,188,0282_1.jpg,0188_2.jpg,0
4,143,138,28,0138_1.jpg,0028_2.jpg,0
4,143,59,59,0059_1.jpg,0059_2.jpg,1
4,143,73,73,0073_1.jpg,0073_2.jpg,1
4,143,29,213,0029_1.jpg,0213_2.jpg,0
4,143,132,22,0132_1.jpg,0022_2.jpg,0
4,143,276,276,0276_1.jpg,0276_2.jpg,1
4,143,206,97,0206_1.jpg,0097_2.jpg,0
4,143,76,254,0076_1.jpg,0254_2.jpg,0
4,143,208,100,0208_1.jpg,0100_2.jpg,0
4,143,150,39,0150_1.jpg,0039_2.jpg,0
4,143,156,156,0156_1.jpg,0156_2.jpg,1
4,143,249,150,0249_1.jpg,0150_2.jpg,0
4,143,130,130,0130_1.jpg,0130_2.jpg,1
4,143,267,168,0267_1.jpg,0168_2.jpg,0
4,143,235,132,0235_1.jpg,0132_2.jpg,0
4,143,38,38,0038_1.jpg,0038_2.jpg,1
4,143,147,35,0147_1.jpg,0035_2.jpg,0
4,143,20,206,0020_1.jpg,0206_2.jpg,0
4,143,161,55,0161_1.jpg,0055_2.jpg,0
4,143,6,196,0006_1.jpg,0196_2.jpg,0
4,143,223,121,0223_1.jpg,0121_2.jpg,0
4,143,201,92,0201_1.jpg,0092_2.jpg,0
4,143,210,103,0210_1.jpg,0103_2.jpg,0
4,143,26,210,0026_1.jpg,0210_2.jpg,0
4,143,251,251,0251_1.jpg,0251_2.jpg,1
4,143,202,202,0202_1.jpg,0202_2.jpg,1
4,143,264,264,0264_1.jpg,0264_2.jpg,1
4,143,70,249,0070_1.jpg,0249_2.jpg,0
4,143,204,204,0204_1.jpg,0204_2.jpg,1
4,143,269,170,0269_1.jpg,0170_2.jpg,0
4,143,25,25,0025_1.jpg,0025_2.jpg,1
4,143,11,201,0011_1.jpg,0201_2.jpg,0
4,143,163,57,0163_1.jpg,0057_2.jpg,0
4,143,92,92,0092_1.jpg,0092_2.jpg,1
4,143,21,207,0021_1.jpg,0207_2.jpg,0
4,143,267,267,0267_1.jpg,0267_2.jpg,1
4,143,201,201,0201_1.jpg,0201_2.jpg,1
4,143,101,101,0101_1.jpg,0101_2.jpg,1
4,143,221,221,0221_1.jpg,0221_2.jpg,1
4,143,116,116,0116_1.jpg,0116_2.jpg,1
4,143,26,26,0026_1.jpg,0026_2.jpg,1
4,143,5,193,0005_1.jpg,0193_2.jpg,0
4,143,89,89,0089_1.jpg,0089_2.jpg,1
4,143,209,101,0209_1.jpg,0101_2.jpg,0
4,143,192,192,0192_1.jpg,0192_2.jpg,1
4,143,34,34,0034_1.jpg,0034_2.jpg,1
4,143,265,265,0265_1.jpg,0265_2.jpg,1
4,143,221,118,0221_1.jpg,0118_2.jpg,0
4,143,8,8,0008_1.jpg,0008_2.jpg,1
4,143,209,209,0209_1.jpg,0209_2.jpg,1
4,143,172,68,0172_1.jpg,0068_2.jpg,0
4,143,32,32,0032_1.jpg,0032_2.jpg,1
4,143,22,208,0022_1.jpg,0208_2.jpg,0
4,143,69,248,0069_1.jpg,0248_2.jpg,0
4,143,226,226,0226_1.jpg,0226_2.jpg,1
4,143,193,85,0193_1.jpg,0085_2.jpg,0
4,143,155,155,0155_1.jpg,0155_2.jpg,1
4,143,227,125,0227_1.jpg,0125_2.jpg,0
4,143,69,69,0069_1.jpg,0069_2.jpg,1
4,143,277,180,0277_1.jpg,0180_2.jpg,0
4,143,9,9,0009_1.jpg,0009_2.jpg,1
4,143,273,176,0273_1.jpg,0176_2.jpg,0
4,143,7,197,0007_1.jpg,0197_2.jpg,0
4,143,95,270,0095_1.jpg,0270_2.jpg,0
4,143,66,66,0066_1.jpg,0066_2.jpg,1
4,143,83,260,0083_1.jpg,0260_2.jpg,0
4,143,254,254,0254_1.jpg,0254_2.jpg,1
4,143,265,166,0265_1.jpg,0166_2.jpg,0
4,143,43,43,0043_1.jpg,0043_2.jpg,1
4,143,83,83,0083_1.jpg,0083_2.jpg,1
4,143,146,34,0146_1.jpg,0034_2.jpg,0
4,143,241,139,0241_1.jpg,0139_2.jpg,0
4,143,12,12,0012_1.jpg,0012_2.jpg,1
4,143,148,38,0148_1.jpg,0038_2.jpg,0
4,143,251,153,0251_1.jpg,0153_2.jpg,0
4,143,43,226,0043_1.jpg,0226_2.jpg,0
4,143,140,30,0140_1.jpg,0030_2.jpg,0
4,143,258,258,0258_1.jpg,0258_2.jpg,1
4,143,150,150,0150_1.jpg,0150_2.jpg,1
4,143,249,249,0249_1.jpg,0249_2.jpg,1
4,143,220,116,0220_1.jpg,0116_2.jpg,0
4,143,77,77,0077_1.jpg,0077_2.jpg,1
4,143,223,223,0223_1.jpg,0223_2.jpg,1
4,143,238,238,0238_1.jpg,0238_2.jpg,1
4,143,55,55,0055_1.jpg,0055_2.jpg,1
4,143,19,19,0019_1.jpg,0019_2.jpg,1
4,143,242,140,0242_1.jpg,0140_2.jpg,0
4,143,169,65,0169_1.jpg,0065_2.jpg,0
4,143,145,33,0145_1.jpg,0033_2.jpg,0
4,143,138,138,0138_1.jpg,0138_2.jpg,1
4,143,33,219,0033_1.jpg,0219_2.jpg,0
4,143,191,191,0191_1.jpg,0191_2.jpg,1
4,143,179,73,0179_1.jpg,0073_2.jpg,0
4,143,27,27,0027_1.jpg,0027_2.jpg,1
4,143,171,171,0171_1.jpg,0171_2.jpg,1
4,143,62,242,0062_1.jpg,0242_2.jpg,0
4,143,268,169,0268_1.jpg,0169_2.jpg,0
4,143,203,203,0203_1.jpg,0203_2.jpg,1
4,143,170,170,0170_1.jpg,0170_2.jpg,1
4,143,199,199,0199_1.jpg,0199_2.jpg,1
4,143,123,10,0123_1.jpg,0010_2.jpg,0
4,143,219,114,0219_1.jpg,0114_2.jpg,0
4,143,191,81,0191_1.jpg,0081_2.jpg,0
4,143,2,191,0002_1.jpg,0191_2.jpg,0
4,143,44,44,0044_1.jpg,0044_2.jpg,1
4,143,1,189,0001_1.jpg,0189_2.jpg,0
4,143,89,264,0089_1.jpg,0264_2.jpg,0
4,143,142,142,0142_1.jpg,0142_2.jpg,1
4,143,263,263,0263_1.jpg,0263_2.jpg,1
4,143,128,18,0128_1.jpg,0018_2.jpg,0
4,143,125,125,0125_1.jpg,0125_2.jpg,1
4,143,118,118,0118_1.jpg,0118_2.jpg,1
4,143,273,273,0273_1.jpg,0273_2.jpg,1
4,143,178,71,0178_1.jpg,0071_2.jpg,0
4,143,106,106,0106_1.jpg,0106_2.jpg,1
4,143,234,131,0234_1.jpg,0131_2.jpg,0
4,143,262,262,0262_1.jpg,0262_2.jpg,1
4,143,276,179,0276_1.jpg,0179_2.jpg,0
4,143,47,47,0047_1.jpg,0047_2.jpg,1
4,143,160,160,0160_1.jpg,0160_2.jpg,1
4,143,229,229,0229_1.jpg,0229_2.jpg,1
4,143,212,105,0212_1.jpg,0105_2.jpg,0
4,143,59,239,0059_1.jpg,0239_2.jpg,0
4,143,162,56,0162_1.jpg,0056_2.jpg,0
4,143,157,47,0157_1.jpg,0047_2.jpg,0
4,143,6,6,0006_1.jpg,0006_2.jpg,1
4,143,193,193,0193_1.jpg,0193_2.jpg,1
4,143,231,129,0231_1.jpg,0129_2.jpg,0
4,143,40,40,0040_1.jpg,0040_2.jpg,1
4,143,65,65,0065_1.jpg,0065_2.jpg,1
4,143,196,86,0196_1.jpg,0086_2.jpg,0
4,143,269,269,0269_1.jpg,0269_2.jpg,1
4,143,25,209,0025_1.jpg,0209_2.jpg,0
4,143,121,8,0121_1.jpg,0008_2.jpg,0
4,143,198,89,0198_1.jpg,0089_2.jpg,0
4,143,246,246,0246_1.jpg,0246_2.jpg,1
4,143,46,46,0046_1.jpg,0046_2.jpg,1
4,143,227,227,0227_1.jpg,0227_2.jpg,1
4,143,250,152,0250_1.jpg,0152_2.jpg,0
4,143,226,124,0226_1.jpg,0124_2.jpg,0
4,143,109,109,0109_1.jpg,0109_2.jpg,1
4,143,263,164,0263_1.jpg,0164_2.jpg,0
4,143,229,128,0229_1.jpg,0128_2.jpg,0
4,143,207,98,0207_1.jpg,0098_2.jpg,0
4,143,101,276,0101_1.jpg,0276_2.jpg,0
4,143,278,278,0278_1.jpg,0278_2.jpg,1
4,143,81,81,0081_1.jpg,0081_2.jpg,1
4,143,2,2,0002_1.jpg,0002_2.jpg,1
4,143,172,172,0172_1.jpg,0172_2.jpg,1
4,143,123,123,0123_1.jpg,0123_2.jpg,1
4,143,109,1,0109_1.jpg,0001_2.jpg,0
4,143,180,74,0180_1.jpg,0074_2.jpg,0
4,143,185,185,0185_1.jpg,0185_2.jpg,1
4,143,49,231,0049_1.jpg,0231_2.jpg,0
4,143,174,69,0174_1.jpg,0069_2.jpg,0
4,143,237,133,0237_1.jpg,0133_2.jpg,0
4,143,79,257,0079_1.jpg,0257_2.jpg,0
4,143,81,258,0081_1.jpg,0258_2.jpg,0
4,143,9,199,0009_1.jpg,0199_2.jpg,0
4,143,214,107,0214_1.jpg,0107_2.jpg,0
4,143,171,67,0171_1.jpg,0067_2.jpg,0
4,143,237,237,0237_1.jpg,0237_2.jpg,1
4,143,132,132,0132_1.jpg,0132_2.jpg,1
4,143,197,87,0197_1.jpg,0087_2.jpg,0
4,143,216,109,0216_1.jpg,0109_2.jpg,0
4,143,91,91,0091_1.jpg,0091_2.jpg,1
4,143,97,272,0097_1.jpg,0272_2.jpg,0
4,143,240,138,0240_1.jpg,0138_2.jpg,0
4,143,145,145,0145_1.jpg,0145_2.jpg,1
4,143,158,158,0158_1.jpg,0158_2.jpg,1
4,143,248,248,0248_1.jpg,0248_2.jpg,1
4,143,15,15,0015_1.jpg,0015_2.jpg,1
4,143,125,12,0125_1.jpg,0012_2.jpg,0
4,143,152,152,0152_1.jpg,0152_2.jpg,1
4,143,166,61,0166_1.jpg,0061_2.jpg,0
4,143,38,222,0038_1.jpg,0222_2.jpg,0
4,143,51,51,0051_1.jpg,0051_2.jpg,1
4,143,219,219,0219_1.jpg,0219_2.jpg,1
4,143,222,222,0222_1.jpg,0222_2.jpg,1
4,143,274,274,0274_1.jpg,0274_2.jpg,1
4,143,18,18,0018_1.jpg,0018_2.jpg,1
4,143,270,171,0270_1.jpg,0171_2.jpg,0
4,143,248,148,0248_1.jpg,0148_2.jpg,0
4,143,198,198,0198_1.jpg,0198_2.jpg,1
4,143,282,282,0282_1.jpg,0282_2.jpg,1
4,143,167,167,0167_1.jpg,0167_2.jpg,1
4,143,252,154,0252_1.jpg,0154_2.jpg,0
4,143,154,43,0154_1.jpg,0043_2.jpg,0
4,143,278,181,0278_1.jpg,0181_2.jpg,0
4,143,63,243,0063_1.jpg,0243_2.jpg,0
4,143,279,279,0279_1.jpg,0279_2.jpg,1
4,143,122,9,0122_1.jpg,0009_2.jpg,0
4,143,239,239,0239_1.jpg,0239_2.jpg,1
4,143,166,166,0166_1.jpg,0166_2.jpg,1
4,143,272,174,0272_1.jpg,0174_2.jpg,0
4,143,121,121,0121_1.jpg,0121_2.jpg,1
4,143,250,250,0250_1.jpg,0250_2.jpg,1
4,143,55,235,0055_1.jpg,0235_2.jpg,0
4,143,260,260,0260_1.jpg,0260_2.jpg,1
4,143,183,183,0183_1.jpg,0183_2.jpg,1
4,143,220,220,0220_1.jpg,0220_2.jpg,1
4,143,93,268,0093_1.jpg,0268_2.jpg,0
4,143,185,77,0185_1.jpg,0077_2.jpg,0
4,143,252,252,0252_1.jpg,0252_2.jpg,1
4,143,73,251,0073_1.jpg,0251_2.jpg,0
4,143,18,204,0018_1.jpg,0204_2.jpg,0
4,143,165,60,0165_1.jpg,0060_2.jpg,0
4,143,106,281,0106_1.jpg,0281_2.jpg,0
4,143,61,241,0061_1.jpg,0241_2.jpg,0
4,143,29,29,0029_1.jpg,0029_2.jpg,1
4,143,103,103,0103_1.jpg,0103_2.jpg,1
4,143,140,140,0140_1.jpg,0140_2.jpg,1
4,143,62,62,0062_1.jpg,0062_2.jpg,1
4,143,8,198,0008_1.jpg,0198_2.jpg,0
4,143,61,61,0061_1.jpg,0061_2.jpg,1
4,143,100,100,0100_1.jpg,0100_2.jpg,1
4,143,130,20,0130_1.jpg,0020_2.jpg,0
4,143,212,212,0212_1.jpg,0212_2.jpg,1
4,143,135,27,0135_1.jpg,0027_2.jpg,0
4,143,19,205,0019_1.jpg,0205_2.jpg,0
4,143,196,196,0196_1.jpg,0196_2.jpg,1
4,143,127,127,0127_1.jpg,0127_2.jpg,1
4,143,85,85,0085_1.jpg,0085_2.jpg,1
4,143,155,44,0155_1.jpg,0044_2.jpg,0
4,143,213,106,0213_1.jpg,0106_2.jpg,0
4,143,12,202,0012_1.jpg,0202_2.jpg,0
4,143,281,185,0281_1.jpg,0185_2.jpg,0
4,143,30,30,0030_1.jpg,0030_2.jpg,1
4,143,74,252,0074_1.jpg,0252_2.jpg,0
4,143,28,212,0028_1.jpg,0212_2.jpg,0
4,143,270,270,0270_1.jpg,0270_2.jpg,1
4,143,271,172,0271_1.jpg,0172_2.jpg,0
4,143,159,51,0159_1.jpg,0051_2.jpg,0
4,143,255,255,0255_1.jpg,0255_2.jpg,1
4,143,66,245,0066_1.jpg,0245_2.jpg,0
4,143,51,232,0051_1.jpg,0232_2.jpg,0
4,143,57,238,0057_1.jpg,0238_2.jpg,0
4,143,114,114,0114_1.jpg,0114_2.jpg,1
4,143,154,154,0154_1.jpg,0154_2.jpg,1
4,143,245,245,0245_1.jpg,0245_2.jpg,1
4,143,178,178,0178_1.jpg,0178_2.jpg,1
4,143,279,183,0279_1.jpg,0183_2.jpg,0
4,143,222,119,0222_1.jpg,0119_2.jpg,0
4,143,218,218,0218_1.jpg,0218_2.jpg,1
4,143,1,1,0001_1.jpg,0001_2.jpg,1
4,143,35,35,0035_1.jpg,0035_2.jpg,1
4,143,242,242,0242_1.jpg,0242_2.jpg,1
4,143,11,11,0011_1.jpg,0011_2.jpg,1
4,143,68,247,0068_1.jpg,0247_2.jpg,0
4,143,32,218,0032_1.jpg,0218_2.jpg,0
4,143,105,279,0105_1.jpg,0279_2.jpg,0
4,143,116,5,0116_1.jpg,0005_2.jpg,0
4,143,27,211,0027_1.jpg,0211_2.jpg,0
4,143,167,62,0167_1.jpg,0062_2.jpg,0
4,143,188,78,0188_1.jpg,0078_2.jpg,0
4,143,157,157,0157_1.jpg,0157_2.jpg,1
4,143,232,130,0232_1.jpg,0130_2.jpg,0
4,143,176,70,0176_1.jpg,0070_2.jpg,0
4,143,224,224,0224_1.jpg,0224_2.jpg,1
4,143,65,244,0065_1.jpg,0244_2.jpg,0
4,143,245,145,0245_1.jpg,0145_2.jpg,0
4,143,224,122,0224_1.jpg,0122_2.jpg,0
4,143,257,159,0257_1.jpg,0159_2.jpg,0
4,143,258,160,0258_1.jpg,0160_2.jpg,0
4,143,180,180,0180_1.jpg,0180_2.jpg,1
4,143,91,266,0091_1.jpg,0266_2.jpg,0
4,143,97,97,0097_1.jpg,0097_2.jpg,1
4,143,133,25,0133_1.jpg,0025_2.jpg,0
4,143,147,147,0147_1.jpg,0147_2.jpg,1
4,143,239,135,0239_1.jpg,0135_2.jpg,0
4,143,131,21,0131_1.jpg,0021_2.jpg,0
4,143,247,147,0247_1.jpg,0147_2.jpg,0
4,143,90,90,0090_1.jpg,0090_2.jpg,1
4,143,44,227,0044_1.jpg,0227_2.jpg,0
4,143,205,96,0205_1.jpg,0096_2.jpg,0
4,143,225,225,0225_1.jpg,0225_2.jpg,1
4,143,60,240,0060_1.jpg,0240_2.jpg,0
4,143,281,281,0281_1.jpg,0281_2.jpg,1
4,143,31,216,0031_1.jpg,0216_2.jpg,0
4,143,228,127,0228_1.jpg,0127_2.jpg,0
4,143,234,234,0234_1.jpg,0234_2.jpg,1
4,143,176,176,0176_1.jpg,0176_2.jpg,1
4,143,216,216,0216_1.jpg,0216_2.jpg,1
4,143,211,211,0211_1.jpg,0211_2.jpg,1
4,143,213,213,0213_1.jpg,0213_2.jpg,1
4,143,20,20,0020_1.jpg,0020_2.jpg,1
4,143,57,57,0057_1.jpg,0057_2.jpg,1
4,143,200,200,0200_1.jpg,0200_2.jpg,1
4,143,46,228,0046_1.jpg,0228_2.jpg,0
4,143,68,68,0068_1.jpg,0068_2.jpg,1
4,143,203,94,0203_1.jpg,0094_2.jpg,0
4,143,129,129,0129_1.jpg,0129_2.jpg,1
4,143,153,42,0153_1.jpg,0042_2.jpg,0
4,143,210,210,0210_1.jpg,0210_2.jpg,1
4,143,139,139,0139_1.jpg,0139_2.jpg,1
4,143,256,256,0256_1.jpg,0256_2.jpg,1
4,143,192,83,0192_1.jpg,0083_2.jpg,0
4,143,5,5,0005_1.jpg,0005_2.jpg,1
4,143,243,243,0243_1.jpg,0243_2.jpg,1
4,143,264,165,0264_1.jpg,0165_2.jpg,0
4,143,67,246,0067_1.jpg,0246_2.jpg,0
4,143,78,78,0078_1.jpg,0078_2.jpg,1
4,143,104,278,0104_1.jpg,0278_2.jpg,0
4,143,34,220,0034_1.jpg,0220_2.jpg,0
4,143,266,167,0266_1.jpg,0167_2.jpg,0
4,143,31,31,0031_1.jpg,0031_2.jpg,1
4,143,33,33,0033_1.jpg,0033_2.jpg,1
4,143,107,107,0107_1.jpg,0107_2.jpg,1
4,143,168,63,0168_1.jpg,0063_2.jpg,0
4,143,164,164,0164_1.jpg,0164_2.jpg,1
4,143,254,156,0254_1.jpg,0156_2.jpg,0
4,143,244,244,0244_1.jpg,0244_2.jpg,1
4,143,21,21,0021_1.jpg,0021_2.jpg,1
4,143,159,159,0159_1.jpg,0159_2.jpg,1
4,143,158,49,0158_1.jpg,0049_2.jpg,0
4,143,244,144,0244_1.jpg,0144_2.jpg,0
4,143,170,66,0170_1.jpg,0066_2.jpg,0
4,143,86,86,0086_1.jpg,0086_2.jpg,1
4,143,256,158,0256_1.jpg,0158_2.jpg,0
4,143,85,261,0085_1.jpg,0261_2.jpg,0
4,143,231,231,0231_1.jpg,0231_2.jpg,1
4,143,144,144,0144_1.jpg,0144_2.jpg,1
4,143,39,39,0039_1.jpg,0039_2.jpg,1
4,143,93,93,0093_1.jpg,0093_2.jpg,1
4,143,205,205,0205_1.jpg,0205_2.jpg,1
4,143,104,104,0104_1.jpg,0104_2.jpg,1
4,143,257,257,0257_1.jpg,0257_2.jpg,1
4,143,105,105,0105_1.jpg,0105_2.jpg,1
4,143,139,29,0139_1.jpg,0029_2.jpg,0
4,143,40,224,0040_1.jpg,0224_2.jpg,0
4,143,10,10,0010_1.jpg,0010_2.jpg,1
4,143,42,225,0042_1.jpg,0225_2.jpg,0
4,143,77,255,0077_1.jpg,0255_2.jpg,0
4,143,15,203,0015_1.jpg,0203_2.jpg,0
4,143,63,63,0063_1.jpg,0063_2.jpg,1
4,143,56,56,0056_1.jpg,0056_2.jpg,1
4,143,163,163,0163_1.jpg,0163_2.jpg,1
4,143,129,19,0129_1.jpg,0019_2.jpg,0
4,143,261,261,0261_1.jpg,0261_2.jpg,1
4,143,246,146,0246_1.jpg,0146_2.jpg,0
4,143,135,135,0135_1.jpg,0135_2.jpg,1
4,143,133,133,0133_1.jpg,0133_2.jpg,1
4,143,110,110,0110_1.jpg,0110_2.jpg,1
4,143,161,161,0161_1.jpg,0161_2.jpg,1
4,143,71,250,0071_1.jpg,0250_2.jpg,0
4,143,168,168,0168_1.jpg,0168_2.jpg,1
4,143,119,119,0119_1.jpg,0119_2.jpg,1
4,143,241,241,0241_1.jpg,0241_2.jpg,1
4,143,79,79,0079_1.jpg,0079_2.jpg,1
4,143,144,32,0144_1.jpg,0032_2.jpg,0
4,143,98,98,0098_1.jpg,0098_2.jpg,1
4,143,76,76,0076_1.jpg,0076_2.jpg,1
4,143,274,178,0274_1.jpg,0178_2.jpg,0
4,143,228,228,0228_1.jpg,0228_2.jpg,1
4,143,189,189,0189_1.jpg,0189_2.jpg,1
4,143,218,110,0218_1.jpg,0110_2.jpg,0
4,143,39,223,0039_1.jpg,0223_2.jpg,0
4,143,67,67,0067_1.jpg,0067_2.jpg,1
4,143,181,181,0181_1.jpg,0181_2.jpg,1
4,143,204,95,0204_1.jpg,0095_2.jpg,0
4,143,189,79,0189_1.jpg,0079_2.jpg,0
4,143,22,22,0022_1.jpg,0022_2.jpg,1
4,143,49,49,0049_1.jpg,0049_2.jpg,1
4,143,87,87,0087_1.jpg,0087_2.jpg,1
4,143,156,46,0156_1.jpg,0046_2.jpg,0
4,143,260,161,0260_1.jpg,0161_2.jpg,0
4,143,207,207,0207_1.jpg,0207_2.jpg,1
4,143,225,123,0225_1.jpg,0123_2.jpg,0
4,143,134,26,0134_1.jpg,0026_2.jpg,0
4,143,96,96,0096_1.jpg,0096_2.jpg,1
4,143,255,157,0255_1.jpg,0157_2.jpg,0
4,143,277,277,0277_1.jpg,0277_2.jpg,1
4,143,240,240,0240_1.jpg,0240_2.jpg,1
4,143,28,28,0028_1.jpg,0028_2.jpg,1
4,143,211,104,0211_1.jpg,0104_2.jpg,0
4,143,127,15,0127_1.jpg,0015_2.jpg,0
5,97,163,163,0163_1.jpg,0163_2.jpg,1
5,97,237,73,0237_1.jpg,0073_2.jpg,0
5,97,109,109,0109_1.jpg,0109_2.jpg,1
5,97,227,227,0227_1.jpg,0227_2.jpg,1
5,97,235,235,0235_1.jpg,0235_2.jpg,1
5,97,249,89,0249_1.jpg,0089_2.jpg,0
5,97,212,212,0212_1.jpg,0212_2.jpg,1
5,97,38,164,0038_1.jpg,0164_2.jpg,0
5,97,206,206,0206_1.jpg,0206_2.jpg,1
5,97,180,180,0180_1.jpg,0180_2.jpg,1
5,97,196,196,0196_1.jpg,0196_2.jpg,1
5,97,234,234,0234_1.jpg,0234_2.jpg,1
5,97,123,242,0123_1.jpg,0242_2.jpg,0
5,97,47,47,0047_1.jpg,0047_2.jpg,1
5,97,270,116,0270_1.jpg,0116_2.jpg,0
5,97,5,5,0005_1.jpg,0005_2.jpg,1
5,97,218,218,0218_1.jpg,0218_2.jpg,1
5,97,27,155,0027_1.jpg,0155_2.jpg,0
5,97,18,18,0018_1.jpg,0018_2.jpg,1
5,97,279,279,0279_1.jpg,0279_2.jpg,1
5,97,22,152,0022_1.jpg,0152_2.jpg,0
5,97,206,38,0206_1.jpg,0038_2.jpg,0
5,97,198,198,0198_1.jpg,0198_2.jpg,1
5,97,282,129,0282_1.jpg,0129_2.jpg,0
5,97,122,122,0122_1.jpg,0122_2.jpg,1
5,97,140,256,0140_1.jpg,0256_2.jpg,0
5,97,96,221,0096_1.jpg,0221_2.jpg,0
5,97,203,33,0203_1.jpg,0033_2.jpg,0
5,97,224,61,0224_1.jpg,0061_2.jpg,0
5,97,223,60,0223_1.jpg,0060_2.jpg,0
5,97,3,132,0003_1.jpg,0132_2.jpg,0
5,97,181,12,0181_1.jpg,0012_2.jpg,0
5,97,253,93,0253_1.jpg,0093_2.jpg,0
5,97,228,66,0228_1.jpg,0066_2.jpg,0
5,97,266,107,0266_1.jpg,0107_2.jpg,0
5,97,160,273,0160_1.jpg,0273_2.jpg,0
5,97,165,165,0165_1.jpg,0165_2.jpg,1
5,97,9,139,0009_1.jpg,0139_2.jpg,0
5,97,197,197,0197_1.jpg,0197_2.jpg,1
5,97,103,226,0103_1.jpg,0226_2.jpg,0
5,97,232,232,0232_1.jpg,0232_2.jpg,1
5,97,234,70,0234_1.jpg,0070_2.jpg,0
5,97,46,46,0046_1.jpg,0046_2.jpg,1
5,97,78,205,0078_1.jpg,0205_2.jpg,0
5,97,51,174,0051_1.jpg,0174_2.jpg,0
5,97,66,66,0066_1.jpg,0066_2.jpg,1
5,97,220,220,0220_1.jpg,0220_2.jpg,1
5,97,282,282,0282_1.jpg,0282_2.jpg,1
5,97,264,105,0264_1.jpg,0105_2.jpg,0
5,97,247,247,0247_1.jpg,0247_2.jpg,1
5,97,89,89,0089_1.jpg,0089_2.jpg,1
5,97,46,170,0046_1.jpg,0170_2.jpg,0
5,97,110,110,0110_1.jpg,0110_2.jpg,1
5,97,264,264,0264_1.jpg,0264_2.jpg,1
5,97,92,216,0092_1.jpg,0216_2.jpg,0
5,97,227,65,0227_1.jpg,0065_2.jpg,0
5,97,185,185,0185_1.jpg,0185_2.jpg,1
5,97,263,104,0263_1.jpg,0104_2.jpg,0
5,97,216,216,0216_1.jpg,0216_2.jpg,1
5,97,189,20,0189_1.jpg,0020_2.jpg,0
5,97,169,2,0169_1.jpg,0002_2.jpg,0
5,97,105,105,0105_1.jpg,0105_2.jpg,1
5,97,22,22,0022_1.jpg,0022_2.jpg,1
5,97,226,63,0226_1.jpg,0063_2.jpg,0
5,97,134,252,0134_1.jpg,0252_2.jpg,0
5,97,87,87,0087_1.jpg,0087_2.jpg,1
5,97,246,246,0246_1.jpg,0246_2.jpg,1
5,97,59,181,0059_1.jpg,0181_2.jpg,0
5,97,276,276,0276_1.jpg,0276_2.jpg,1
5,97,10,140,0010_1.jpg,0140_2.jpg,0
5,97,281,128,0281_1.jpg,0128_2.jpg,0
5,97,70,198,0070_1.jpg,0198_2.jpg,0
5,97,196,26,0196_1.jpg,0026_2.jpg,0
5,97,253,253,0253_1.jpg,0253_2.jpg,1
5,97,89,212,0089_1.jpg,0212_2.jpg,0
5,97,104,104,0104_1.jpg,0104_2.jpg,1
5,97,244,244,0244_1.jpg,0244_2.jpg,1
5,97,7,7,0007_1.jpg,0007_2.jpg,1
5,97,261,261,0261_1.jpg,0261_2.jpg,1
5,97,238,238,0238_1.jpg,0238_2.jpg,1
5,97,174,7,0174_1.jpg,0007_2.jpg,0
5,97,134,134,0134_1.jpg,0134_2.jpg,1
5,97,167,167,0167_1.jpg,0167_2.jpg,1
5,97,68,68,0068_1.jpg,0068_2.jpg,1
5,97,257,97,0257_1.jpg,0097_2.jpg,0
5,97,83,83,0083_1.jpg,0083_2.jpg,1
5,97,69,69,0069_1.jpg,0069_2.jpg,1
5,97,71,199,0071_1.jpg,0199_2.jpg,0
5,97,85,85,0085_1.jpg,0085_2.jpg,1
5,97,262,262,0262_1.jpg,0262_2.jpg,1
5,97,9,9,0009_1.jpg,0009_2.jpg,1
5,97,252,252,0252_1.jpg,0252_2.jpg,1
5,97,250,90,0250_1.jpg,0090_2.jpg,0
5,97,157,270,0157_1.jpg,0270_2.jpg,0
5,97,191,21,0191_1.jpg,0021_2.jpg,0
5,97,128,246,0128_1.jpg,0246_2.jpg,0
5,97,94,219,0094_1.jpg,0219_2.jpg,0
5,97,86,86,0086_1.jpg,0086_2.jpg,1
5,97,131,131,0131_1.jpg,0131_2.jpg,1
5,97,200,30,0200_1.jpg,0030_2.jpg,0
5,97,119,119,0119_1.jpg,0119_2.jpg,1
5,97,258,258,0258_1.jpg,0258_2.jpg,1
5,97,40,40,0040_1.jpg,0040_2.jpg,1
5,97,75,75,0075_1.jpg,0075_2.jpg,1
5,97,158,271,0158_1.jpg,0271_2.jpg,0
5,97,123,123,0123_1.jpg,0123_2.jpg,1
5,97,178,178,0178_1.jpg,0178_2.jpg,1
5,97,223,223,0223_1.jpg,0223_2.jpg,1
5,97,203,203,0203_1.jpg,0203_2.jpg,1
5,97,256,96,0256_1.jpg,0096_2.jpg,0
5,97,148,148,0148_1.jpg,0148_2.jpg,1
5,97,107,231,0107_1.jpg,0231_2.jpg,0
5,97,269,114,0269_1.jpg,0114_2.jpg,0
5,97,76,203,0076_1.jpg,0203_2.jpg,0
5,97,73,73,0073_1.jpg,0073_2.jpg,1
5,97,26,26,0026_1.jpg,0026_2.jpg,1
5,97,87,211,0087_1.jpg,0211_2.jpg,0
5,97,8,138,0008_1.jpg,0138_2.jpg,0
5,97,231,231,0231_1.jpg,0231_2.jpg,1
5,97,28,28,0028_1.jpg,0028_2.jpg,1
5,97,42,167,0042_1.jpg,0167_2.jpg,0
5,97,70,70,0070_1.jpg,0070_2.jpg,1
5,97,96,96,0096_1.jpg,0096_2.jpg,1
5,97,224,224,0224_1.jpg,0224_2.jpg,1
5,97,8,8,0008_1.jpg,0008_2.jpg,1
5,97,171,5,0171_1.jpg,0005_2.jpg,0
5,97,12,12,0012_1.jpg,0012_2.jpg,1
5,97,11,142,0011_1.jpg,0142_2.jpg,0
5,97,271,118,0271_1.jpg,0118_2.jpg,0
5,97,237,237,0237_1.jpg,0237_2.jpg,1
5,97,29,157,0029_1.jpg,0157_2.jpg,0
5,97,35,163,0035_1.jpg,0163_2.jpg,0
5,97,211,44,0211_1.jpg,0044_2.jpg,0
5,97,79,206,0079_1.jpg,0206_2.jpg,0
5,97,179,179,0179_1.jpg,0179_2.jpg,1
5,97,221,57,0221_1.jpg,0057_2.jpg,0
5,97,161,274,0161_1.jpg,0274_2.jpg,0
5,97,79,79,0079_1.jpg,0079_2.jpg,1
5,97,193,193,0193_1.jpg,0193_2.jpg,1
5,97,74,74,0074_1.jpg,0074_2.jpg,1
5,97,183,15,0183_1.jpg,0015_2.jpg,0
5,97,166,166,0166_1.jpg,0166_2.jpg,1
5,97,85,209,0085_1.jpg,0209_2.jpg,0
5,97,213,213,0213_1.jpg,0213_2.jpg,1
5,97,78,78,0078_1.jpg,0078_2.jpg,1
5,97,152,265,0152_1.jpg,0265_2.jpg,0
5,97,226,226,0226_1.jpg,0226_2.jpg,1
5,97,97,97,0097_1.jpg,0097_2.jpg,1
5,97,176,176,0176_1.jpg,0176_2.jpg,1
5,97,145,260,0145_1.jpg,0260_2.jpg,0
5,97,129,129,0129_1.jpg,0129_2.jpg,1
5,97,7,135,0007_1.jpg,0135_2.jpg,0
5,97,131,249,0131_1.jpg,0249_2.jpg,0
5,97,225,225,0225_1.jpg,0225_2.jpg,1
5,97,25,153,0025_1.jpg,0153_2.jpg,0
5,97,92,92,0092_1.jpg,0092_2.jpg,1
5,97,228,228,0228_1.jpg,0228_2.jpg,1
5,97,39,39,0039_1.jpg,0039_2.jpg,1
5,97,240,240,0240_1.jpg,0240_2.jpg,1
5,97,191,191,0191_1.jpg,0191_2.jpg,1
5,97,135,135,0135_1.jpg,0135_2.jpg,1
5,97,241,77,0241_1.jpg,0077_2.jpg,0
5,97,51,51,0051_1.jpg,0051_2.jpg,1
5,97,199,29,0199_1.jpg,0029_2.jpg,0
5,97,254,94,0254_1.jpg,0094_2.jpg,0
5,97,199,199,0199_1.jpg,0199_2.jpg,1
5,97,172,172,0172_1.jpg,0172_2.jpg,1
5,97,198,28,0198_1.jpg,0028_2.jpg,0
5,97,93,218,0093_1.jpg,0218_2.jpg,0
5,97,165,279,0165_1.jpg,0279_2.jpg,0
5,97,240,76,0240_1.jpg,0076_2.jpg,0
5,97,277,277,0277_1.jpg,0277_2.jpg,1
5,97,168,168,0168_1.jpg,0168_2.jpg,1
5,97,241,241,0241_1.jpg,0241_2.jpg,1
5,97,169,169,0169_1.jpg,0169_2.jpg,1
5,97,258,98,0258_1.jpg,0098_2.jpg,0
5,97,271,271,0271_1.jpg,0271_2.jpg,1
5,97,214,214,0214_1.jpg,0214_2.jpg,1
5,97,42,42,0042_1.jpg,0042_2.jpg,1
5,97,30,158,0030_1.jpg,0158_2.jpg,0
5,97,77,204,0077_1.jpg,0204_2.jpg,0
5,97,263,263,0263_1.jpg,0263_2.jpg,1
5,97,118,118,0118_1.jpg,0118_2.jpg,1
5,97,146,261,0146_1.jpg,0261_2.jpg,0
5,97,31,159,0031_1.jpg,0159_2.jpg,0
5,97,32,160,0032_1.jpg,0160_2.jpg,0
5,97,18,146,0018_1.jpg,0146_2.jpg,0
5,97,155,155,0155_1.jpg,0155_2.jpg,1
5,97,176,8,0176_1.jpg,0008_2.jpg,0
5,97,29,29,0029_1.jpg,0029_2.jpg,1
5,97,1,130,0001_1.jpg,0130_2.jpg,0
5,97,5,133,0005_1.jpg,0133_2.jpg,0
5,97,216,51,0216_1.jpg,0051_2.jpg,0
5,97,43,43,0043_1.jpg,0043_2.jpg,1
5,97,267,267,0267_1.jpg,0267_2.jpg,1
5,97,166,281,0166_1.jpg,0281_2.jpg,0
5,97,278,125,0278_1.jpg,0125_2.jpg,0
5,97,10,10,0010_1.jpg,0010_2.jpg,1
5,97,95,220,0095_1.jpg,0220_2.jpg,0
5,97,6,6,0006_1.jpg,0006_2.jpg,1
5,97,257,257,0257_1.jpg,0257_2.jpg,1
5,97,218,54,0218_1.jpg,0054_2.jpg,0
5,97,1,1,0001_1.jpg,0001_2.jpg,1
5,97,245,245,0245_1.jpg,0245_2.jpg,1
5,97,55,55,0055_1.jpg,0055_2.jpg,1
5,97,251,251,0251_1.jpg,0251_2.jpg,1
5,97,2,131,0002_1.jpg,0131_2.jpg,0
5,97,57,180,0057_1.jpg,0180_2.jpg,0
5,97,86,210,0086_1.jpg,0210_2.jpg,0
5,97,118,238,0118_1.jpg,0238_2.jpg,0
5,97,247,86,0247_1.jpg,0086_2.jpg,0
5,97,232,69,0232_1.jpg,0069_2.jpg,0
5,97,179,10,0179_1.jpg,0010_2.jpg,0
5,97,281,281,0281_1.jpg,0281_2.jpg,1
5,97,6,134,0006_1.jpg,0134_2.jpg,0
5,97,164,278,0164_1.jpg,0278_2.jpg,0
5,97,254,254,0254_1.jpg,0254_2.jpg,1
5,97,129,247,0129_1.jpg,0247_2.jpg,0
5,97,138,138,0138_1.jpg,0138_2.jpg,1
5,97,15,15,0015_1.jpg,0015_2.jpg,1
5,97,128,128,0128_1.jpg,0128_2.jpg,1
5,97,35,35,0035_1.jpg,0035_2.jpg,1
5,97,40,166,0040_1.jpg,0166_2.jpg,0
5,97,210,210,0210_1.jpg,0210_2.jpg,1
5,97,181,181,0181_1.jpg,0181_2.jpg,1
5,97,19,19,0019_1.jpg,0019_2.jpg,1
5,97,244,81,0244_1.jpg,0081_2.jpg,0
5,97,81,81,0081_1.jpg,0081_2.jpg,1
5,97,116,116,0116_1.jpg,0116_2.jpg,1
5,97,93,93,0093_1.jpg,0093_2.jpg,1
5,97,268,110,0268_1.jpg,0110_2.jpg,0
5,97,242,78,0242_1.jpg,0078_2.jpg,0
5,97,252,92,0252_1.jpg,0092_2.jpg,0
5,97,159,272,0159_1.jpg,0272_2.jpg,0
5,97,238,74,0238_1.jpg,0074_2.jpg,0
5,97,63,63,0063_1.jpg,0063_2.jpg,1
5,97,278,278,0278_1.jpg,0278_2.jpg,1
5,97,229,67,0229_1.jpg,0067_2.jpg,0
5,97,57,57,0057_1.jpg,0057_2.jpg,1
5,97,210,43,0210_1.jpg,0043_2.jpg,0
5,97,168,1,0168_1.jpg,0001_2.jpg,0
5,97,132,250,0132_1.jpg,0250_2.jpg,0
5,97,207,207,0207_1.jpg,0207_2.jpg,1
5,97,274,274,0274_1.jpg,0274_2.jpg,1
5,97,33,161,0033_1.jpg,0161_2.jpg,0
5,97,160,160,0160_1.jpg,0160_2.jpg,1
5,97,161,161,0161_1.jpg,0161_2.jpg,1
5,97,56,179,0056_1.jpg,0179_2.jpg,0
5,97,54,54,0054_1.jpg,0054_2.jpg,1
5,97,239,75,0239_1.jpg,0075_2.jpg,0
5,97,20,148,0020_1.jpg,0148_2.jpg,0
5,97,25,25,0025_1.jpg,0025_2.jpg,1
5,97,274,122,0274_1.jpg,0122_2.jpg,0
5,97,265,106,0265_1.jpg,0106_2.jpg,0
5,97,220,56,0220_1.jpg,0056_2.jpg,0
5,97,54,176,0054_1.jpg,0176_2.jpg,0
5,97,73,200,0073_1.jpg,0200_2.jpg,0
5,97,65,65,0065_1.jpg,0065_2.jpg,1
5,97,167,282,0167_1.jpg,0282_2.jpg,0
5,97,162,162,0162_1.jpg,0162_2.jpg,1
5,97,107,107,0107_1.jpg,0107_2.jpg,1
5,97,245,83,0245_1.jpg,0083_2.jpg,0
5,97,130,130,0130_1.jpg,0130_2.jpg,1
5,97,31,31,0031_1.jpg,0031_2.jpg,1
5,97,200,200,0200_1.jpg,0200_2.jpg,1
5,97,67,67,0067_1.jpg,0067_2.jpg,1
5,97,127,245,0127_1.jpg,0245_2.jpg,0
5,97,66,192,0066_1.jpg,0192_2.jpg,0
5,97,74,201,0074_1.jpg,0201_2.jpg,0
5,97,44,169,0044_1.jpg,0169_2.jpg,0
5,97,153,266,0153_1.jpg,0266_2.jpg,0
5,97,21,150,0021_1.jpg,0150_2.jpg,0
5,97,273,121,0273_1.jpg,0121_2.jpg,0
5,97,269,269,0269_1.jpg,0269_2.jpg,1
5,97,154,267,0154_1.jpg,0267_2.jpg,0
5,97,208,40,0208_1.jpg,0040_2.jpg,0
5,97,192,22,0192_1.jpg,0022_2.jpg,0
5,97,262,103,0262_1.jpg,0103_2.jpg,0
5,97,250,250,0250_1.jpg,0250_2.jpg,1
5,97,27,27,0027_1.jpg,0027_2.jpg,1
5,97,266,266,0266_1.jpg,0266_2.jpg,1
5,97,242,242,0242_1.jpg,0242_2.jpg,1
5,97,144,258,0144_1.jpg,0258_2.jpg,0
5,97,125,244,0125_1.jpg,0244_2.jpg,0
5,97,193,25,0193_1.jpg,0025_2.jpg,0
5,97,260,260,0260_1.jpg,0260_2.jpg,1
5,97,197,27,0197_1.jpg,0027_2.jpg,0
5,97,183,183,0183_1.jpg,0183_2.jpg,1
5,97,11,11,0011_1.jpg,0011_2.jpg,1
5,97,98,98,0098_1.jpg,0098_2.jpg,1
5,97,26,154,0026_1.jpg,0154_2.jpg,0
5,97,159,159,0159_1.jpg,0159_2.jpg,1
5,97,277,124,0277_1.jpg,0124_2.jpg,0
5,97,180,11,0180_1.jpg,0011_2.jpg,0
5,97,140,140,0140_1.jpg,0140_2.jpg,1
5,97,67,193,0067_1.jpg,0193_2.jpg,0
5,97,71,71,0071_1.jpg,0071_2.jpg,1
5,97,208,208,0208_1.jpg,0208_2.jpg,1
5,97,201,201,0201_1.jpg,0201_2.jpg,1
5,97,170,170,0170_1.jpg,0170_2.jpg,1
5,97,61,61,0061_1.jpg,0061_2.jpg,1
5,97,109,232,0109_1.jpg,0232_2.jpg,0
5,97,156,156,0156_1.jpg,0156_2.jpg,1
5,97,150,150,0150_1.jpg,0150_2.jpg,1
5,97,207,39,0207_1.jpg,0039_2.jpg,0
5,97,225,62,0225_1.jpg,0062_2.jpg,0
5,97,265,265,0265_1.jpg,0265_2.jpg,1
5,97,62,188,0062_1.jpg,0188_2.jpg,0
5,97,133,251,0133_1.jpg,0251_2.jpg,0
5,97,81,207,0081_1.jpg,0207_2.jpg,0
5,97,132,132,0132_1.jpg,0132_2.jpg,1
5,97,77,77,0077_1.jpg,0077_2.jpg,1
5,97,100,100,0100_1.jpg,0100_2.jpg,1
5,97,209,209,0209_1.jpg,0209_2.jpg,1
5,97,205,35,0205_1.jpg,0035_2.jpg,0
5,97,235,71,0235_1.jpg,0071_2.jpg,0
5,97,255,255,0255_1.jpg,0255_2.jpg,1
5,97,204,204,0204_1.jpg,0204_2.jpg,1
5,97,30,30,0030_1.jpg,0030_2.jpg,1
5,97,172,6,0172_1.jpg,0006_2.jpg,0
5,97,189,189,0189_1.jpg,0189_2.jpg,1
5,97,201,31,0201_1.jpg,0031_2.jpg,0
5,97,260,100,0260_1.jpg,0100_2.jpg,0
5,97,273,273,0273_1.jpg,0273_2.jpg,1
5,97,94,94,0094_1.jpg,0094_2.jpg,1
5,97,222,59,0222_1.jpg,0059_2.jpg,0
5,97,219,55,0219_1.jpg,0055_2.jpg,0
5,97,231,68,0231_1.jpg,0068_2.jpg,0
5,97,162,276,0162_1.jpg,0276_2.jpg,0
5,97,125,125,0125_1.jpg,0125_2.jpg,1
5,97,124,243,0124_1.jpg,0243_2.jpg,0
5,97,156,269,0156_1.jpg,0269_2.jpg,0
5,97,188,19,0188_1.jpg,0019_2.jpg,0
5,97,152,152,0152_1.jpg,0152_2.jpg,1
5,97,63,189,0063_1.jpg,0189_2.jpg,0
5,97,268,268,0268_1.jpg,0268_2.jpg,1
5,97,261,101,0261_1.jpg,0101_2.jpg,0
5,97,91,91,0091_1.jpg,0091_2.jpg,1
5,97,127,127,0127_1.jpg,0127_2.jpg,1
5,97,164,164,0164_1.jpg,0164_2.jpg,1
5,97,272,272,0272_1.jpg,0272_2.jpg,1
5,97,133,133,0133_1.jpg,0133_2.jpg,1
5,97,276,123,0276_1.jpg,0123_2.jpg,0
5,97,106,106,0106_1.jpg,0106_2.jpg,1
5,97,114,235,0114_1.jpg,0235_2.jpg,0
5,97,119,239,0119_1.jpg,0239_2.jpg,0
5,97,56,56,0056_1.jpg,0056_2.jpg,1
5,97,69,197,0069_1.jpg,0197_2.jpg,0
5,97,251,91,0251_1.jpg,0091_2.jpg,0
5,97,222,222,0222_1.jpg,0222_2.jpg,1
5,97,147,262,0147_1.jpg,0262_2.jpg,0
5,97,21,21,0021_1.jpg,0021_2.jpg,1
5,97,65,191,0065_1.jpg,0191_2.jpg,0
5,97,270,270,0270_1.jpg,0270_2.jpg,1
5,97,28,156,0028_1.jpg,0156_2.jpg,0
5,97,256,256,0256_1.jpg,0256_2.jpg,1
5,97,248,248,0248_1.jpg,0248_2.jpg,1
5,97,205,205,0205_1.jpg,0205_2.jpg,1
5,97,178,9,0178_1.jpg,0009_2.jpg,0
5,97,142,142,0142_1.jpg,0142_2.jpg,1
5,97,101,225,0101_1.jpg,0225_2.jpg,0
5,97,98,223,0098_1.jpg,0223_2.jpg,0
5,97,154,154,0154_1.jpg,0154_2.jpg,1
5,97,59,59,0059_1.jpg,0059_2.jpg,1
5,97,20,20,0020_1.jpg,0020_2.jpg,1
5,97,188,188,0188_1.jpg,0188_2.jpg,1
5,97,229,229,0229_1.jpg,0229_2.jpg,1
5,97,38,38,0038_1.jpg,0038_2.jpg,1
5,97,122,241,0122_1.jpg,0241_2.jpg,0
5,97,174,174,0174_1.jpg,0174_2.jpg,1
5,97,145,145,0145_1.jpg,0145_2.jpg,1
5,97,76,76,0076_1.jpg,0076_2.jpg,1
5,97,202,202,0202_1.jpg,0202_2.jpg,1
5,97,121,121,0121_1.jpg,0121_2.jpg,1
5,97,97,222,0097_1.jpg,0222_2.jpg,0
5,97,100,224,0100_1.jpg,0224_2.jpg,0
5,97,272,119,0272_1.jpg,0119_2.jpg,0
5,97,243,243,0243_1.jpg,0243_2.jpg,1
5,97,90,90,0090_1.jpg,0090_2.jpg,1
5,97,104,227,0104_1.jpg,0227_2.jpg,0
5,97,101,101,0101_1.jpg,0101_2.jpg,1
5,97,61,185,0061_1.jpg,0185_2.jpg,0
5,97,246,85,0246_1.jpg,0085_2.jpg,0
5,97,138,254,0138_1.jpg,0254_2.jpg,0
5,97,267,109,0267_1.jpg,0109_2.jpg,0
5,97,124,124,0124_1.jpg,0124_2.jpg,1
5,97,248,87,0248_1.jpg,0087_2.jpg,0
5,97,213,47,0213_1.jpg,0047_2.jpg,0
5,97,19,147,0019_1.jpg,0147_2.jpg,0
5,97,95,95,0095_1.jpg,0095_2.jpg,1
5,97,2,2,0002_1.jpg,0002_2.jpg,1
5,97,214,49,0214_1.jpg,0049_2.jpg,0
5,97,103,103,0103_1.jpg,0103_2.jpg,1
5,97,34,34,0034_1.jpg,0034_2.jpg,1
5,97,221,221,0221_1.jpg,0221_2.jpg,1
5,97,150,264,0150_1.jpg,0264_2.jpg,0
5,97,202,32,0202_1.jpg,0032_2.jpg,0
5,97,62,62,0062_1.jpg,0062_2.jpg,1
5,97,157,157,0157_1.jpg,0157_2.jpg,1
5,97,153,153,0153_1.jpg,0153_2.jpg,1
5,97,60,60,0060_1.jpg,0060_2.jpg,1
5,97,142,257,0142_1.jpg,0257_2.jpg,0
5,97,130,248,0130_1.jpg,0248_2.jpg,0
5,97,211,211,0211_1.jpg,0211_2.jpg,1
5,97,135,253,0135_1.jpg,0253_2.jpg,0
5,97,114,114,0114_1.jpg,0114_2.jpg,1
5,97,163,277,0163_1.jpg,0277_2.jpg,0
5,97,83,208,0083_1.jpg,0208_2.jpg,0
5,97,255,95,0255_1.jpg,0095_2.jpg,0
5,97,12,144,0012_1.jpg,0144_2.jpg,0
5,97,185,18,0185_1.jpg,0018_2.jpg,0
5,97,105,228,0105_1.jpg,0228_2.jpg,0
5,97,55,178,0055_1.jpg,0178_2.jpg,0
5,97,144,144,0144_1.jpg,0144_2.jpg,1
5,97,91,214,0091_1.jpg,0214_2.jpg,0
5,97,68,196,0068_1.jpg,0196_2.jpg,0
5,97,106,229,0106_1.jpg,0229_2.jpg,0
5,97,3,3,0003_1.jpg,0003_2.jpg,1
5,97,139,255,0139_1.jpg,0255_2.jpg,0
5,97,148,263,0148_1.jpg,0263_2.jpg,0
5,97,158,158,0158_1.jpg,0158_2.jpg,1
5,97,44,44,0044_1.jpg,0044_2.jpg,1
5,97,192,192,0192_1.jpg,0192_2.jpg,1
5,97,147,147,0147_1.jpg,0147_2.jpg,1
5,97,49,172,0049_1.jpg,0172_2.jpg,0
5,97,32,32,0032_1.jpg,0032_2.jpg,1
5,97,34,162,0034_1.jpg,0162_2.jpg,0
5,97,209,42,0209_1.jpg,0042_2.jpg,0
5,97,155,268,0155_1.jpg,0268_2.jpg,0
5,97,110,234,0110_1.jpg,0234_2.jpg,0
5,97,279,127,0279_1.jpg,0127_2.jpg,0
5,97,243,79,0243_1.jpg,0079_2.jpg,0
5,97,60,183,0060_1.jpg,0183_2.jpg,0
5,97,43,168,0043_1.jpg,0168_2.jpg,0
5,97,239,239,0239_1.jpg,0239_2.jpg,1
5,97,146,146,0146_1.jpg,0146_2.jpg,1
5,97,33,33,0033_1.jpg,0033_2.jpg,1
5,97,204,34,0204_1.jpg,0034_2.jpg,0
5,97,75,202,0075_1.jpg,0202_2.jpg,0
5,97,116,237,0116_1.jpg,0237_2.jpg,0
5,97,47,171,0047_1.jpg,0171_2.jpg,0
5,97,170,3,0170_1.jpg,0003_2.jpg,0
5,97,139,139,0139_1.jpg,0139_2.jpg,1
5,97,39,165,0039_1.jpg,0165_2.jpg,0
5,97,15,145,0015_1.jpg,0145_2.jpg,0
5,97,219,219,0219_1.jpg,0219_2.jpg,1
5,97,121,240,0121_1.jpg,0240_2.jpg,0
5,97,49,49,0049_1.jpg,0049_2.jpg,1
5,97,171,171,0171_1.jpg,0171_2.jpg,1
5,97,212,46,0212_1.jpg,0046_2.jpg,0
5,97,249,249,0249_1.jpg,0249_2.jpg,1
5,97,90,213,0090_1.jpg,0213_2.jpg,0
6,96,28,155,0028_1.jpg,0155_2.jpg,0
6,96,208,208,0208_1.jpg,0208_2.jpg,1
6,96,7,134,0007_1.jpg,0134_2.jpg,0
6,96,210,210,0210_1.jpg,0210_2.jpg,1
6,96,90,212,0090_1.jpg,0212_2.jpg,0
6,96,202,202,0202_1.jpg,0202_2.jpg,1
6,96,250,250,0250_1.jpg,0250_2.jpg,1
6,96,243,243,0243_1.jpg,0243_2.jpg,1
6,96,109,231,0109_1.jpg,0231_2.jpg,0
6,96,121,121,0121_1.jpg,0121_2.jpg,1
6,96,269,269,0269_1.jpg,0269_2.jpg,1
6,96,124,124,0124_1.jpg,0124_2.jpg,1
6,96,147,261,0147_1.jpg,0261_2.jpg,0
6,96,263,103,0263_1.jpg,0103_2.jpg,0
6,96,185,185,0185_1.jpg,0185_2.jpg,1
6,96,87,210,0087_1.jpg,0210_2.jpg,0
6,96,180,180,0180_1.jpg,0180_2.jpg,1
6,96,214,214,0214_1.jpg,0214_2.jpg,1
6,96,234,69,0234_1.jpg,0069_2.jpg,0
6,96,76,76,0076_1.jpg,0076_2.jpg,1
6,96,265,105,0265_1.jpg,0105_2.jpg,0
6,96,267,267,0267_1.jpg,0267_2.jpg,1
6,96,245,81,0245_1.jpg,0081_2.jpg,0
6,96,128,245,0128_1.jpg,0245_2.jpg,0
6,96,261,100,0261_1.jpg,0100_2.jpg,0
6,96,172,172,0172_1.jpg,0172_2.jpg,1
6,96,97,97,0097_1.jpg,0097_2.jpg,1
6,96,255,94,0255_1.jpg,0094_2.jpg,0
6,96,250,89,0250_1.jpg,0089_2.jpg,0
6,96,148,262,0148_1.jpg,0262_2.jpg,0
6,96,158,158,0158_1.jpg,0158_2.jpg,1
6,96,100,223,0100_1.jpg,0223_2.jpg,0
6,96,188,18,0188_1.jpg,0018_2.jpg,0
6,96,153,153,0153_1.jpg,0153_2.jpg,1
6,96,176,176,0176_1.jpg,0176_2.jpg,1
6,96,199,28,0199_1.jpg,0028_2.jpg,0
6,96,174,6,0174_1.jpg,0006_2.jpg,0
6,96,206,35,0206_1.jpg,0035_2.jpg,0
6,96,226,226,0226_1.jpg,0226_2.jpg,1
6,96,107,107,0107_1.jpg,0107_2.jpg,1
6,96,162,162,0162_1.jpg,0162_2.jpg,1
6,96,191,191,0191_1.jpg,0191_2.jpg,1
6,96,27,154,0027_1.jpg,0154_2.jpg,0
6,96,171,171,0171_1.jpg,0171_2.jpg,1
6,96,189,19,0189_1.jpg,0019_2.jpg,0
6,96,210,42,0210_1.jpg,0042_2.jpg,0
6,96,96,220,0096_1.jpg,0220_2.jpg,0
6,96,152,152,0152_1.jpg,0152_2.jpg,1
6,96,65,65,0065_1.jpg,0065_2.jpg,1
6,96,98,222,0098_1.jpg,0222_2.jpg,0
6,96,56,178,0056_1.jpg,0178_2.jpg,0
6,96,30,157,0030_1.jpg,0157_2.jpg,0
6,96,77,203,0077_1.jpg,0203_2.jpg,0
6,96,240,240,0240_1.jpg,0240_2.jpg,1
6,96,241,76,0241_1.jpg,0076_2.jpg,0
6,96,272,272,0272_1.jpg,0272_2.jpg,1
6,96,75,75,0075_1.jpg,0075_2.jpg,1
6,96,251,251,0251_1.jpg,0251_2.jpg,1
6,96,208,39,0208_1.jpg,0039_2.jpg,0
6,96,132,132,0132_1.jpg,0132_2.jpg,1
6,96,167,167,0167_1.jpg,0167_2.jpg,1
6,96,205,34,0205_1.jpg,0034_2.jpg,0
6,96,231,67,0231_1.jpg,0067_2.jpg,0
6,96,138,138,0138_1.jpg,0138_2.jpg,1
6,96,59,59,0059_1.jpg,0059_2.jpg,1
6,96,25,25,0025_1.jpg,0025_2.jpg,1
6,96,66,191,0066_1.jpg,0191_2.jpg,0
6,96,62,185,0062_1.jpg,0185_2.jpg,0
6,96,193,193,0193_1.jpg,0193_2.jpg,1
6,96,213,46,0213_1.jpg,0046_2.jpg,0
6,96,191,20,0191_1.jpg,0020_2.jpg,0
6,96,203,203,0203_1.jpg,0203_2.jpg,1
6,96,42,42,0042_1.jpg,0042_2.jpg,1
6,96,242,242,0242_1.jpg,0242_2.jpg,1
6,96,169,1,0169_1.jpg,0001_2.jpg,0
6,96,130,130,0130_1.jpg,0130_2.jpg,1
6,96,118,237,0118_1.jpg,0237_2.jpg,0
6,96,39,39,0039_1.jpg,0039_2.jpg,1
6,96,170,170,0170_1.jpg,0170_2.jpg,1
6,96,67,67,0067_1.jpg,0067_2.jpg,1
6,96,6,133,0006_1.jpg,0133_2.jpg,0
6,96,132,249,0132_1.jpg,0249_2.jpg,0
6,96,274,274,0274_1.jpg,0274_2.jpg,1
6,96,93,93,0093_1.jpg,0093_2.jpg,1
6,96,161,161,0161_1.jpg,0161_2.jpg,1
6,96,248,86,0248_1.jpg,0086_2.jpg,0
6,96,211,211,0211_1.jpg,0211_2.jpg,1
6,96,232,232,0232_1.jpg,0232_2.jpg,1
6,96,59,180,0059_1.jpg,0180_2.jpg,0
6,96,40,165,0040_1.jpg,0165_2.jpg,0
6,96,220,55,0220_1.jpg,0055_2.jpg,0
6,96,69,196,0069_1.jpg,0196_2.jpg,0
6,96,148,148,0148_1.jpg,0148_2.jpg,1
6,96,28,28,0028_1.jpg,0028_2.jpg,1
6,96,265,265,0265_1.jpg,0265_2.jpg,1
6,96,65,189,0065_1.jpg,0189_2.jpg,0
6,96,156,268,0156_1.jpg,0268_2.jpg,0
6,96,85,85,0085_1.jpg,0085_2.jpg,1
6,96,218,218,0218_1.jpg,0218_2.jpg,1
6,96,281,127,0281_1.jpg,0127_2.jpg,0
6,96,165,165,0165_1.jpg,0165_2.jpg,1
6,96,157,269,0157_1.jpg,0269_2.jpg,0
6,96,6,6,0006_1.jpg,0006_2.jpg,1
6,96,57,57,0057_1.jpg,0057_2.jpg,1
6,96,75,201,0075_1.jpg,0201_2.jpg,0
6,96,278,278,0278_1.jpg,0278_2.jpg,1
6,96,19,19,0019_1.jpg,0019_2.jpg,1
6,96,105,227,0105_1.jpg,0227_2.jpg,0
6,96,197,197,0197_1.jpg,0197_2.jpg,1
6,96,159,159,0159_1.jpg,0159_2.jpg,1
6,96,212,44,0212_1.jpg,0044_2.jpg,0
6,96,178,8,0178_1.jpg,0008_2.jpg,0
6,96,116,116,0116_1.jpg,0116_2.jpg,1
6,96,121,239,0121_1.jpg,0239_2.jpg,0
6,96,86,209,0086_1.jpg,0209_2.jpg,0
6,96,19,146,0019_1.jpg,0146_2.jpg,0
6,96,200,29,0200_1.jpg,0029_2.jpg,0
6,96,223,59,0223_1.jpg,0059_2.jpg,0
6,96,255,255,0255_1.jpg,0255_2.jpg,1
6,96,8,135,0008_1.jpg,0135_2.jpg,0
6,96,163,163,0163_1.jpg,0163_2.jpg,1
6,96,18,145,0018_1.jpg,0145_2.jpg,0
6,96,128,128,0128_1.jpg,0128_2.jpg,1
6,96,91,91,0091_1.jpg,0091_2.jpg,1
6,96,216,216,0216_1.jpg,0216_2.jpg,1
6,96,204,33,0204_1.jpg,0033_2.jpg,0
6,96,169,169,0169_1.jpg,0169_2.jpg,1
6,96,201,30,0201_1.jpg,0030_2.jpg,0
6,96,89,89,0089_1.jpg,0089_2.jpg,1
6,96,263,263,0263_1.jpg,0263_2.jpg,1
6,96,176,7,0176_1.jpg,0007_2.jpg,0
6,96,29,29,0029_1.jpg,0029_2.jpg,1
6,96,226,62,0226_1.jpg,0062_2.jpg,0
6,96,100,100,0100_1.jpg,0100_2.jpg,1
6,96,18,18,0018_1.jpg,0018_2.jpg,1
6,96,281,281,0281_1.jpg,0281_2.jpg,1
6,96,54,54,0054_1.jpg,0054_2.jpg,1
6,96,30,30,0030_1.jpg,0030_2.jpg,1
6,96,197,26,0197_1.jpg,0026_2.jpg,0
6,96,223,223,0223_1.jpg,0223_2.jpg,1
6,96,277,277,0277_1.jpg,0277_2.jpg,1
6,96,133,250,0133_1.jpg,0250_2.jpg,0
6,96,142,256,0142_1.jpg,0256_2.jpg,0
6,96,98,98,0098_1.jpg,0098_2.jpg,1
6,96,269,110,0269_1.jpg,0110_2.jpg,0
6,96,90,90,0090_1.jpg,0090_2.jpg,1
6,96,273,273,0273_1.jpg,0273_2.jpg,1
6,96,122,122,0122_1.jpg,0122_2.jpg,1
6,96,55,176,0055_1.jpg,0176_2.jpg,0
6,96,161,273,0161_1.jpg,0273_2.jpg,0
6,96,227,63,0227_1.jpg,0063_2.jpg,0
6,96,154,154,0154_1.jpg,0154_2.jpg,1
6,96,138,253,0138_1.jpg,0253_2.jpg,0
6,96,144,257,0144_1.jpg,0257_2.jpg,0
6,96,68,193,0068_1.jpg,0193_2.jpg,0
6,96,114,234,0114_1.jpg,0234_2.jpg,0
6,96,74,74,0074_1.jpg,0074_2.jpg,1
6,96,60,181,0060_1.jpg,0181_2.jpg,0
6,96,276,122,0276_1.jpg,0122_2.jpg,0
6,96,27,27,0027_1.jpg,0027_2.jpg,1
6,96,38,38,0038_1.jpg,0038_2.jpg,1
6,96,133,133,0133_1.jpg,0133_2.jpg,1
6,96,240,75,0240_1.jpg,0075_2.jpg,0
6,96,201,201,0201_1.jpg,0201_2.jpg,1
6,96,267,107,0267_1.jpg,0107_2.jpg,0
6,96,196,25,0196_1.jpg,0025_2.jpg,0
6,96,89,211,0089_1.jpg,0211_2.jpg,0
6,96,145,258,0145_1.jpg,0258_2.jpg,0
6,96,242,77,0242_1.jpg,0077_2.jpg,0
6,96,96,96,0096_1.jpg,0096_2.jpg,1
6,96,251,90,0251_1.jpg,0090_2.jpg,0
6,96,109,109,0109_1.jpg,0109_2.jpg,1
6,96,47,170,0047_1.jpg,0170_2.jpg,0
6,96,93,216,0093_1.jpg,0216_2.jpg,0
6,96,40,40,0040_1.jpg,0040_2.jpg,1
6,96,183,183,0183_1.jpg,0183_2.jpg,1
6,96,221,221,0221_1.jpg,0221_2.jpg,1
6,96,228,228,0228_1.jpg,0228_2.jpg,1
6,96,212,212,0212_1.jpg,0212_2.jpg,1
6,96,5,132,0005_1.jpg,0132_2.jpg,0
6,96,237,237,0237_1.jpg,0237_2.jpg,1
6,96,135,252,0135_1.jpg,0252_2.jpg,0
6,96,229,66,0229_1.jpg,0066_2.jpg,0
6,96,179,179,0179_1.jpg,0179_2.jpg,1
6,96,103,103,0103_1.jpg,0103_2.jpg,1
6,96,172,5,0172_1.jpg,0005_2.jpg,0
6,96,159,271,0159_1.jpg,0271_2.jpg,0
6,96,145,145,0145_1.jpg,0145_2.jpg,1
6,96,55,55,0055_1.jpg,0055_2.jpg,1
6,96,211,43,0211_1.jpg,0043_2.jpg,0
6,96,26,153,0026_1.jpg,0153_2.jpg,0
6,96,268,268,0268_1.jpg,0268_2.jpg,1
6,96,54,174,0054_1.jpg,0174_2.jpg,0
6,96,246,83,0246_1.jpg,0083_2.jpg,0
6,96,67,192,0067_1.jpg,0192_2.jpg,0
6,96,139,254,0139_1.jpg,0254_2.jpg,0
6,96,261,261,0261_1.jpg,0261_2.jpg,1
6,96,22,22,0022_1.jpg,0022_2.jpg,1
6,96,279,279,0279_1.jpg,0279_2.jpg,1
6,96,110,232,0110_1.jpg,0232_2.jpg,0
6,96,125,125,0125_1.jpg,0125_2.jpg,1
6,96,142,142,0142_1.jpg,0142_2.jpg,1
6,96,234,234,0234_1.jpg,0234_2.jpg,1
6,96,158,270,0158_1.jpg,0270_2.jpg,0
6,96,63,188,0063_1.jpg,0188_2.jpg,0
6,96,170,2,0170_1.jpg,0002_2.jpg,0
6,96,155,267,0155_1.jpg,0267_2.jpg,0
6,96,71,198,0071_1.jpg,0198_2.jpg,0
6,96,203,32,0203_1.jpg,0032_2.jpg,0
6,96,20,20,0020_1.jpg,0020_2.jpg,1
6,96,134,251,0134_1.jpg,0251_2.jpg,0
6,96,150,263,0150_1.jpg,0263_2.jpg,0
6,96,231,231,0231_1.jpg,0231_2.jpg,1
6,96,278,124,0278_1.jpg,0124_2.jpg,0
6,96,189,189,0189_1.jpg,0189_2.jpg,1
6,96,101,224,0101_1.jpg,0224_2.jpg,0
6,96,181,181,0181_1.jpg,0181_2.jpg,1
6,96,216,49,0216_1.jpg,0049_2.jpg,0
6,96,166,279,0166_1.jpg,0279_2.jpg,0
6,96,21,148,0021_1.jpg,0148_2.jpg,0
6,96,104,226,0104_1.jpg,0226_2.jpg,0
6,96,92,92,0092_1.jpg,0092_2.jpg,1
6,96,7,7,0007_1.jpg,0007_2.jpg,1
6,96,214,47,0214_1.jpg,0047_2.jpg,0
6,96,106,228,0106_1.jpg,0228_2.jpg,0
6,96,198,27,0198_1.jpg,0027_2.jpg,0
6,96,123,123,0123_1.jpg,0123_2.jpg,1
6,96,209,40,0209_1.jpg,0040_2.jpg,0
6,96,94,94,0094_1.jpg,0094_2.jpg,1
6,96,222,222,0222_1.jpg,0222_2.jpg,1
6,96,56,56,0056_1.jpg,0056_2.jpg,1
6,96,213,213,0213_1.jpg,0213_2.jpg,1
6,96,258,97,0258_1.jpg,0097_2.jpg,0
6,96,225,61,0225_1.jpg,0061_2.jpg,0
6,96,152,264,0152_1.jpg,0264_2.jpg,0
6,96,122,240,0122_1.jpg,0240_2.jpg,0
6,96,207,38,0207_1.jpg,0038_2.jpg,0
6,96,168,282,0168_1.jpg,0282_2.jpg,0
6,96,252,252,0252_1.jpg,0252_2.jpg,1
6,96,253,92,0253_1.jpg,0092_2.jpg,0
6,96,140,255,0140_1.jpg,0255_2.jpg,0
6,96,46,46,0046_1.jpg,0046_2.jpg,1
6,96,140,140,0140_1.jpg,0140_2.jpg,1
6,96,221,56,0221_1.jpg,0056_2.jpg,0
6,96,220,220,0220_1.jpg,0220_2.jpg,1
6,96,107,229,0107_1.jpg,0229_2.jpg,0
6,96,125,243,0125_1.jpg,0243_2.jpg,0
6,96,34,161,0034_1.jpg,0161_2.jpg,0
6,96,153,265,0153_1.jpg,0265_2.jpg,0
6,96,62,62,0062_1.jpg,0062_2.jpg,1
6,96,180,10,0180_1.jpg,0010_2.jpg,0
6,96,239,74,0239_1.jpg,0074_2.jpg,0
6,96,78,204,0078_1.jpg,0204_2.jpg,0
6,96,68,68,0068_1.jpg,0068_2.jpg,1
6,96,254,254,0254_1.jpg,0254_2.jpg,1
6,96,73,199,0073_1.jpg,0199_2.jpg,0
6,96,257,96,0257_1.jpg,0096_2.jpg,0
6,96,245,245,0245_1.jpg,0245_2.jpg,1
6,96,273,119,0273_1.jpg,0119_2.jpg,0
6,96,272,118,0272_1.jpg,0118_2.jpg,0
6,96,167,281,0167_1.jpg,0281_2.jpg,0
6,96,47,47,0047_1.jpg,0047_2.jpg,1
6,96,202,31,0202_1.jpg,0031_2.jpg,0
6,96,10,10,0010_1.jpg,0010_2.jpg,1
6,96,227,227,0227_1.jpg,0227_2.jpg,1
6,96,282,282,0282_1.jpg,0282_2.jpg,1
6,96,232,68,0232_1.jpg,0068_2.jpg,0
6,96,46,169,0046_1.jpg,0169_2.jpg,0
6,96,237,71,0237_1.jpg,0071_2.jpg,0
6,96,79,79,0079_1.jpg,0079_2.jpg,1
6,96,162,274,0162_1.jpg,0274_2.jpg,0
6,96,11,140,0011_1.jpg,0140_2.jpg,0
6,96,160,272,0160_1.jpg,0272_2.jpg,0
6,96,270,270,0270_1.jpg,0270_2.jpg,1
6,96,277,123,0277_1.jpg,0123_2.jpg,0
6,96,246,246,0246_1.jpg,0246_2.jpg,1
6,96,92,214,0092_1.jpg,0214_2.jpg,0
6,96,244,244,0244_1.jpg,0244_2.jpg,1
6,96,49,171,0049_1.jpg,0171_2.jpg,0
6,96,129,246,0129_1.jpg,0246_2.jpg,0
6,96,222,57,0222_1.jpg,0057_2.jpg,0
6,96,74,200,0074_1.jpg,0200_2.jpg,0
6,96,83,207,0083_1.jpg,0207_2.jpg,0
6,96,32,32,0032_1.jpg,0032_2.jpg,1
6,96,114,114,0114_1.jpg,0114_2.jpg,1
6,96,116,235,0116_1.jpg,0235_2.jpg,0
6,96,110,110,0110_1.jpg,0110_2.jpg,1
6,96,9,9,0009_1.jpg,0009_2.jpg,1
6,96,264,104,0264_1.jpg,0104_2.jpg,0
6,96,2,2,0002_1.jpg,0002_2.jpg,1
6,96,256,256,0256_1.jpg,0256_2.jpg,1
6,96,104,104,0104_1.jpg,0104_2.jpg,1
6,96,51,172,0051_1.jpg,0172_2.jpg,0
6,96,266,106,0266_1.jpg,0106_2.jpg,0
6,96,260,98,0260_1.jpg,0098_2.jpg,0
6,96,155,155,0155_1.jpg,0155_2.jpg,1
6,96,181,11,0181_1.jpg,0011_2.jpg,0
6,96,86,86,0086_1.jpg,0086_2.jpg,1
6,96,118,118,0118_1.jpg,0118_2.jpg,1
6,96,271,116,0271_1.jpg,0116_2.jpg,0
6,96,274,121,0274_1.jpg,0121_2.jpg,0
6,96,12,12,0012_1.jpg,0012_2.jpg,1
6,96,130,247,0130_1.jpg,0247_2.jpg,0
6,96,160,160,0160_1.jpg,0160_2.jpg,1
6,96,77,77,0077_1.jpg,0077_2.jpg,1
6,96,129,129,0129_1.jpg,0129_2.jpg,1
6,96,179,9,0179_1.jpg,0009_2.jpg,0
6,96,70,197,0070_1.jpg,0197_2.jpg,0
6,96,3,131,0003_1.jpg,0131_2.jpg,0
6,96,49,49,0049_1.jpg,0049_2.jpg,1
6,96,81,81,0081_1.jpg,0081_2.jpg,1
6,96,81,206,0081_1.jpg,0206_2.jpg,0
6,96,95,95,0095_1.jpg,0095_2.jpg,1
6,96,258,258,0258_1.jpg,0258_2.jpg,1
6,96,3,3,0003_1.jpg,0003_2.jpg,1
6,96,26,26,0026_1.jpg,0026_2.jpg,1
6,96,248,248,0248_1.jpg,0248_2.jpg,1
6,96,243,78,0243_1.jpg,0078_2.jpg,0
6,96,238,238,0238_1.jpg,0238_2.jpg,1
6,96,163,276,0163_1.jpg,0276_2.jpg,0
6,96,79,205,0079_1.jpg,0205_2.jpg,0
6,96,22,150,0022_1.jpg,0150_2.jpg,0
6,96,241,241,0241_1.jpg,0241_2.jpg,1
6,96,218,51,0218_1.jpg,0051_2.jpg,0
6,96,43,43,0043_1.jpg,0043_2.jpg,1
6,96,10,139,0010_1.jpg,0139_2.jpg,0
6,96,205,205,0205_1.jpg,0205_2.jpg,1
6,96,270,114,0270_1.jpg,0114_2.jpg,0
6,96,199,199,0199_1.jpg,0199_2.jpg,1
6,96,244,79,0244_1.jpg,0079_2.jpg,0
6,96,262,262,0262_1.jpg,0262_2.jpg,1
6,96,196,196,0196_1.jpg,0196_2.jpg,1
6,96,238,73,0238_1.jpg,0073_2.jpg,0
6,96,42,166,0042_1.jpg,0166_2.jpg,0
6,96,174,174,0174_1.jpg,0174_2.jpg,1
6,96,282,128,0282_1.jpg,0128_2.jpg,0
6,96,219,219,0219_1.jpg,0219_2.jpg,1
6,96,276,276,0276_1.jpg,0276_2.jpg,1
6,96,35,162,0035_1.jpg,0162_2.jpg,0
6,96,60,60,0060_1.jpg,0060_2.jpg,1
6,96,131,248,0131_1.jpg,0248_2.jpg,0
6,96,71,71,0071_1.jpg,0071_2.jpg,1
6,96,61,61,0061_1.jpg,0061_2.jpg,1
6,96,119,119,0119_1.jpg,0119_2.jpg,1
6,96,134,134,0134_1.jpg,0134_2.jpg,1
6,96,20,147,0020_1.jpg,0147_2.jpg,0
6,96,171,3,0171_1.jpg,0003_2.jpg,0
6,96,91,213,0091_1.jpg,0213_2.jpg,0
6,96,146,146,0146_1.jpg,0146_2.jpg,1
6,96,224,224,0224_1.jpg,0224_2.jpg,1
6,96,204,204,0204_1.jpg,0204_2.jpg,1
6,96,260,260,0260_1.jpg,0260_2.jpg,1
6,96,164,277,0164_1.jpg,0277_2.jpg,0
6,96,164,164,0164_1.jpg,0164_2.jpg,1
6,96,95,219,0095_1.jpg,0219_2.jpg,0
6,96,76,202,0076_1.jpg,0202_2.jpg,0
6,96,235,70,0235_1.jpg,0070_2.jpg,0
6,96,66,66,0066_1.jpg,0066_2.jpg,1
6,96,228,65,0228_1.jpg,0065_2.jpg,0
6,96,25,152,0025_1.jpg,0152_2.jpg,0
6,96,124,242,0124_1.jpg,0242_2.jpg,0
6,96,247,247,0247_1.jpg,0247_2.jpg,1
6,96,31,31,0031_1.jpg,0031_2.jpg,1
6,96,73,73,0073_1.jpg,0073_2.jpg,1
6,96,127,127,0127_1.jpg,0127_2.jpg,1
6,96,131,131,0131_1.jpg,0131_2.jpg,1
6,96,123,241,0123_1.jpg,0241_2.jpg,0
6,96,150,150,0150_1.jpg,0150_2.jpg,1
6,96,39,164,0039_1.jpg,0164_2.jpg,0
6,96,253,253,0253_1.jpg,0253_2.jpg,1
6,96,135,135,0135_1.jpg,0135_2.jpg,1
6,96,2,130,0002_1.jpg,0130_2.jpg,0
6,96,51,51,0051_1.jpg,0051_2.jpg,1
6,96,43,167,0043_1.jpg,0167_2.jpg,0
6,96,168,168,0168_1.jpg,0168_2.jpg,1
6,96,165,278,0165_1.jpg,0278_2.jpg,0
6,96,34,34,0034_1.jpg,0034_2.jpg,1
6,96,15,144,0015_1.jpg,0144_2.jpg,0
6,96,1,129,0001_1.jpg,0129_2.jpg,0
6,96,266,266,0266_1.jpg,0266_2.jpg,1
6,96,61,183,0061_1.jpg,0183_2.jpg,0
6,96,83,83,0083_1.jpg,0083_2.jpg,1
6,96,57,179,0057_1.jpg,0179_2.jpg,0
6,96,38,163,0038_1.jpg,0163_2.jpg,0
6,96,69,69,0069_1.jpg,0069_2.jpg,1
6,96,29,156,0029_1.jpg,0156_2.jpg,0
6,96,32,159,0032_1.jpg,0159_2.jpg,0
6,96,254,93,0254_1.jpg,0093_2.jpg,0
6,96,105,105,0105_1.jpg,0105_2.jpg,1
6,96,166,166,0166_1.jpg,0166_2.jpg,1
6,96,9,138,0009_1.jpg,0138_2.jpg,0
6,96,147,147,0147_1.jpg,0147_2.jpg,1
6,96,247,85,0247_1.jpg,0085_2.jpg,0
6,96,44,168,0044_1.jpg,0168_2.jpg,0
6,96,33,33,0033_1.jpg,0033_2.jpg,1
6,96,192,21,0192_1.jpg,0021_2.jpg,0
6,96,249,87,0249_1.jpg,0087_2.jpg,0
6,96,229,229,0229_1.jpg,0229_2.jpg,1
6,96,97,221,0097_1.jpg,0221_2.jpg,0
6,96,235,235,0235_1.jpg,0235_2.jpg,1
6,96,127,244,0127_1.jpg,0244_2.jpg,0
6,96,87,87,0087_1.jpg,0087_2.jpg,1
6,96,257,257,0257_1.jpg,0257_2.jpg,1
6,96,101,101,0101_1.jpg,0101_2.jpg,1
6,96,8,8,0008_1.jpg,0008_2.jpg,1
6,96,35,35,0035_1.jpg,0035_2.jpg,1
6,96,15,15,0015_1.jpg,0015_2.jpg,1
6,96,239,239,0239_1.jpg,0239_2.jpg,1
6,96,252,91,0252_1.jpg,0091_2.jpg,0
6,96,193,22,0193_1.jpg,0022_2.jpg,0
6,96,178,178,0178_1.jpg,0178_2.jpg,1
6,96,31,158,0031_1.jpg,0158_2.jpg,0
6,96,249,249,0249_1.jpg,0249_2.jpg,1
6,96,256,95,0256_1.jpg,0095_2.jpg,0
6,96,119,238,0119_1.jpg,0238_2.jpg,0
6,96,198,198,0198_1.jpg,0198_2.jpg,1
6,96,85,208,0085_1.jpg,0208_2.jpg,0
6,96,106,106,0106_1.jpg,0106_2.jpg,1
6,96,207,207,0207_1.jpg,0207_2.jpg,1
6,96,185,15,0185_1.jpg,0015_2.jpg,0
6,96,78,78,0078_1.jpg,0078_2.jpg,1
6,96,264,264,0264_1.jpg,0264_2.jpg,1
6,96,63,63,0063_1.jpg,0063_2.jpg,1
6,96,183,12,0183_1.jpg,0012_2.jpg,0
6,96,12,142,0012_1.jpg,0142_2.jpg,0
6,96,156,156,0156_1.jpg,0156_2.jpg,1
6,96,268,109,0268_1.jpg,0109_2.jpg,0
6,96,11,11,0011_1.jpg,0011_2.jpg,1
6,96,44,44,0044_1.jpg,0044_2.jpg,1
6,96,21,21,0021_1.jpg,0021_2.jpg,1
6,96,94,218,0094_1.jpg,0218_2.jpg,0
6,96,70,70,0070_1.jpg,0070_2.jpg,1
6,96,206,206,0206_1.jpg,0206_2.jpg,1
6,96,154,266,0154_1.jpg,0266_2.jpg,0
6,96,188,188,0188_1.jpg,0188_2.jpg,1
6,96,146,260,0146_1.jpg,0260_2.jpg,0
6,96,279,125,0279_1.jpg,0125_2.jpg,0
6,96,200,200,0200_1.jpg,0200_2.jpg,1
6,96,262,101,0262_1.jpg,0101_2.jpg,0
6,96,144,144,0144_1.jpg,0144_2.jpg,1
6,96,5,5,0005_1.jpg,0005_2.jpg,1
6,96,103,225,0103_1.jpg,0225_2.jpg,0
6,96,157,157,0157_1.jpg,0157_2.jpg,1
6,96,139,139,0139_1.jpg,0139_2.jpg,1
6,96,225,225,0225_1.jpg,0225_2.jpg,1
6,96,192,192,0192_1.jpg,0192_2.jpg,1
6,96,209,209,0209_1.jpg,0209_2.jpg,1
6,96,271,271,0271_1.jpg,0271_2.jpg,1
6,96,224,60,0224_1.jpg,0060_2.jpg,0
6,96,219,54,0219_1.jpg,0054_2.jpg,0
6,96,33,160,0033_1.jpg,0160_2.jpg,0
6,96,1,1,0001_1.jpg,0001_2.jpg,1
7,156,77,269,0077_1.jpg,0269_2.jpg,0
7,156,277,277,0277_1.jpg,0277_2.jpg,1
7,156,89,89,0089_1.jpg,0089_2.jpg,1
7,156,155,155,0155_1.jpg,0155_2.jpg,1
7,156,122,28,0122_1.jpg,0028_2.jpg,0
7,156,272,196,0272_1.jpg,0196_2.jpg,0
7,156,255,255,0255_1.jpg,0255_2.jpg,1
7,156,161,70,0161_1.jpg,0070_2.jpg,0
7,156,100,100,0100_1.jpg,0100_2.jpg,1
7,156,31,31,0031_1.jpg,0031_2.jpg,1
7,156,193,193,0193_1.jpg,0193_2.jpg,1
7,156,19,19,0019_1.jpg,0019_2.jpg,1
7,156,209,122,0209_1.jpg,0122_2.jpg,0
7,156,198,198,0198_1.jpg,0198_2.jpg,1
7,156,68,68,0068_1.jpg,0068_2.jpg,1
7,156,63,256,0063_1.jpg,0256_2.jpg,0
7,156,221,133,0221_1.jpg,0133_2.jpg,0
7,156,59,59,0059_1.jpg,0059_2.jpg,1
7,156,87,87,0087_1.jpg,0087_2.jpg,1
7,156,5,208,0005_1.jpg,0208_2.jpg,0
7,156,257,172,0257_1.jpg,0172_2.jpg,0
7,156,227,142,0227_1.jpg,0142_2.jpg,0
7,156,11,11,0011_1.jpg,0011_2.jpg,1
7,156,238,238,0238_1.jpg,0238_2.jpg,1
7,156,246,161,0246_1.jpg,0161_2.jpg,0
7,156,235,150,0235_1.jpg,0150_2.jpg,0
7,156,226,140,0226_1.jpg,0140_2.jpg,0
7,156,129,34,0129_1.jpg,0034_2.jpg,0
7,156,95,3,0095_1.jpg,0003_2.jpg,0
7,156,253,253,0253_1.jpg,0253_2.jpg,1
7,156,200,106,0200_1.jpg,0106_2.jpg,0
7,156,132,132,0132_1.jpg,0132_2.jpg,1
7,156,266,185,0266_1.jpg,0185_2.jpg,0
7,156,61,254,0061_1.jpg,0254_2.jpg,0
7,156,277,200,0277_1.jpg,0200_2.jpg,0
7,156,10,213,0010_1.jpg,0213_2.jpg,0
7,156,129,129,0129_1.jpg,0129_2.jpg,1
7,156,192,98,0192_1.jpg,0098_2.jpg,0
7,156,164,74,0164_1.jpg,0074_2.jpg,0
7,156,209,209,0209_1.jpg,0209_2.jpg,1
7,156,225,225,0225_1.jpg,0225_2.jpg,1
7,156,247,162,0247_1.jpg,0162_2.jpg,0
7,156,240,240,0240_1.jpg,0240_2.jpg,1
7,156,273,273,0273_1.jpg,0273_2.jpg,1
7,156,281,281,0281_1.jpg,0281_2.jpg,1
7,156,158,158,0158_1.jpg,0158_2.jpg,1
7,156,171,83,0171_1.jpg,0083_2.jpg,0
7,156,9,212,0009_1.jpg,0212_2.jpg,0
7,156,255,170,0255_1.jpg,0170_2.jpg,0
7,156,271,271,0271_1.jpg,0271_2.jpg,1
7,156,179,90,0179_1.jpg,0090_2.jpg,0
7,156,59,252,0059_1.jpg,0252_2.jpg,0
7,156,158,67,0158_1.jpg,0067_2.jpg,0
7,156,49,246,0049_1.jpg,0246_2.jpg,0
7,156,222,222,0222_1.jpg,0222_2.jpg,1
7,156,231,231,0231_1.jpg,0231_2.jpg,1
7,156,270,192,0270_1.jpg,0192_2.jpg,0
7,156,44,243,0044_1.jpg,0243_2.jpg,0
7,156,124,124,0124_1.jpg,0124_2.jpg,1
7,156,22,22,0022_1.jpg,0022_2.jpg,1
7,156,110,110,0110_1.jpg,0110_2.jpg,1
7,156,81,81,0081_1.jpg,0081_2.jpg,1
7,156,146,55,0146_1.jpg,0055_2.jpg,0
7,156,264,264,0264_1.jpg,0264_2.jpg,1
7,156,18,18,0018_1.jpg,0018_2.jpg,1
7,156,27,226,0027_1.jpg,0226_2.jpg,0
7,156,196,196,0196_1.jpg,0196_2.jpg,1
7,156,43,242,0043_1.jpg,0242_2.jpg,0
7,156,132,39,0132_1.jpg,0039_2.jpg,0
7,156,244,159,0244_1.jpg,0159_2.jpg,0
7,156,185,94,0185_1.jpg,0094_2.jpg,0
7,156,168,78,0168_1.jpg,0078_2.jpg,0
7,156,159,68,0159_1.jpg,0068_2.jpg,0
7,156,165,75,0165_1.jpg,0075_2.jpg,0
7,156,74,74,0074_1.jpg,0074_2.jpg,1
7,156,139,139,0139_1.jpg,0139_2.jpg,1
7,156,6,6,0006_1.jpg,0006_2.jpg,1
7,156,155,63,0155_1.jpg,0063_2.jpg,0
7,156,197,103,0197_1.jpg,0103_2.jpg,0
7,156,157,66,0157_1.jpg,0066_2.jpg,0
7,156,34,235,0034_1.jpg,0235_2.jpg,0
7,156,145,145,0145_1.jpg,0145_2.jpg,1
7,156,70,70,0070_1.jpg,0070_2.jpg,1
7,156,76,76,0076_1.jpg,0076_2.jpg,1
7,156,68,261,0068_1.jpg,0261_2.jpg,0
7,156,107,18,0107_1.jpg,0018_2.jpg,0
7,156,242,157,0242_1.jpg,0157_2.jpg,0
7,156,91,281,0091_1.jpg,0281_2.jpg,0
7,156,54,54,0054_1.jpg,0054_2.jpg,1
7,156,179,179,0179_1.jpg,0179_2.jpg,1
7,156,265,265,0265_1.jpg,0265_2.jpg,1
7,156,148,148,0148_1.jpg,0148_2.jpg,1
7,156,172,85,0172_1.jpg,0085_2.jpg,0
7,156,144,51,0144_1.jpg,0051_2.jpg,0
7,156,106,15,0106_1.jpg,0015_2.jpg,0
7,156,191,191,0191_1.jpg,0191_2.jpg,1
7,156,133,133,0133_1.jpg,0133_2.jpg,1
7,156,218,130,0218_1.jpg,0130_2.jpg,0
7,156,154,62,0154_1.jpg,0062_2.jpg,0
7,156,35,237,0035_1.jpg,0237_2.jpg,0
7,156,220,132,0220_1.jpg,0132_2.jpg,0
7,156,282,282,0282_1.jpg,0282_2.jpg,1
7,156,162,162,0162_1.jpg,0162_2.jpg,1
7,156,232,147,0232_1.jpg,0147_2.jpg,0
7,156,257,257,0257_1.jpg,0257_2.jpg,1
7,156,163,163,0163_1.jpg,0163_2.jpg,1
7,156,227,227,0227_1.jpg,0227_2.jpg,1
7,156,237,152,0237_1.jpg,0152_2.jpg,0
7,156,219,131,0219_1.jpg,0131_2.jpg,0
7,156,11,214,0011_1.jpg,0214_2.jpg,0
7,156,55,55,0055_1.jpg,0055_2.jpg,1
7,156,47,245,0047_1.jpg,0245_2.jpg,0
7,156,135,43,0135_1.jpg,0043_2.jpg,0
7,156,188,188,0188_1.jpg,0188_2.jpg,1
7,156,62,255,0062_1.jpg,0255_2.jpg,0
7,156,166,76,0166_1.jpg,0076_2.jpg,0
7,156,160,160,0160_1.jpg,0160_2.jpg,1
7,156,15,218,0015_1.jpg,0218_2.jpg,0
7,156,103,10,0103_1.jpg,0010_2.jpg,0
7,156,210,123,0210_1.jpg,0123_2.jpg,0
7,156,70,263,0070_1.jpg,0263_2.jpg,0
7,156,276,199,0276_1.jpg,0199_2.jpg,0
7,156,274,274,0274_1.jpg,0274_2.jpg,1
7,156,12,216,0012_1.jpg,0216_2.jpg,0
7,156,51,247,0051_1.jpg,0247_2.jpg,0
7,156,204,114,0204_1.jpg,0114_2.jpg,0
7,156,97,6,0097_1.jpg,0006_2.jpg,0
7,156,192,192,0192_1.jpg,0192_2.jpg,1
7,156,170,81,0170_1.jpg,0081_2.jpg,0
7,156,73,265,0073_1.jpg,0265_2.jpg,0
7,156,254,254,0254_1.jpg,0254_2.jpg,1
7,156,79,271,0079_1.jpg,0271_2.jpg,0
7,156,140,47,0140_1.jpg,0047_2.jpg,0
7,156,249,164,0249_1.jpg,0164_2.jpg,0
7,156,254,169,0254_1.jpg,0169_2.jpg,0
7,156,156,156,0156_1.jpg,0156_2.jpg,1
7,156,12,12,0012_1.jpg,0012_2.jpg,1
7,156,157,157,0157_1.jpg,0157_2.jpg,1
7,156,114,21,0114_1.jpg,0021_2.jpg,0
7,156,1,205,0001_1.jpg,0205_2.jpg,0
7,156,231,146,0231_1.jpg,0146_2.jpg,0
7,156,153,61,0153_1.jpg,0061_2.jpg,0
7,156,77,77,0077_1.jpg,0077_2.jpg,1
7,156,199,105,0199_1.jpg,0105_2.jpg,0
7,156,181,181,0181_1.jpg,0181_2.jpg,1
7,156,90,90,0090_1.jpg,0090_2.jpg,1
7,156,29,29,0029_1.jpg,0029_2.jpg,1
7,156,47,47,0047_1.jpg,0047_2.jpg,1
7,156,95,95,0095_1.jpg,0095_2.jpg,1
7,156,248,248,0248_1.jpg,0248_2.jpg,1
7,156,107,107,0107_1.jpg,0107_2.jpg,1
7,156,60,253,0060_1.jpg,0253_2.jpg,0
7,156,152,60,0152_1.jpg,0060_2.jpg,0
7,156,27,27,0027_1.jpg,0027_2.jpg,1
7,156,205,116,0205_1.jpg,0116_2.jpg,0
7,156,78,270,0078_1.jpg,0270_2.jpg,0
7,156,174,86,0174_1.jpg,0086_2.jpg,0
7,156,22,223,0022_1.jpg,0223_2.jpg,0
7,156,144,144,0144_1.jpg,0144_2.jpg,1
7,156,279,279,0279_1.jpg,0279_2.jpg,1
7,156,30,30,0030_1.jpg,0030_2.jpg,1
7,156,98,7,0098_1.jpg,0007_2.jpg,0
7,156,225,139,0225_1.jpg,0139_2.jpg,0
7,156,221,221,0221_1.jpg,0221_2.jpg,1
7,156,2,2,0002_1.jpg,0002_2.jpg,1
7,156,222,134,0222_1.jpg,0134_2.jpg,0
7,156,213,127,0213_1.jpg,0127_2.jpg,0
7,156,66,258,0066_1.jpg,0258_2.jpg,0
7,156,266,266,0266_1.jpg,0266_2.jpg,1
7,156,201,201,0201_1.jpg,0201_2.jpg,1
7,156,60,60,0060_1.jpg,0060_2.jpg,1
7,156,245,245,0245_1.jpg,0245_2.jpg,1
7,156,147,56,0147_1.jpg,0056_2.jpg,0
7,156,140,140,0140_1.jpg,0140_2.jpg,1
7,156,229,145,0229_1.jpg,0145_2.jpg,0
7,156,183,183,0183_1.jpg,0183_2.jpg,1
7,156,18,219,0018_1.jpg,0219_2.jpg,0
7,156,170,170,0170_1.jpg,0170_2.jpg,1
7,156,42,241,0042_1.jpg,0241_2.jpg,0
7,156,121,121,0121_1.jpg,0121_2.jpg,1
7,156,130,35,0130_1.jpg,0035_2.jpg,0
7,156,223,223,0223_1.jpg,0223_2.jpg,1
7,156,89,278,0089_1.jpg,0278_2.jpg,0
7,156,138,44,0138_1.jpg,0044_2.jpg,0
7,156,164,164,0164_1.jpg,0164_2.jpg,1
7,156,224,224,0224_1.jpg,0224_2.jpg,1
7,156,34,34,0034_1.jpg,0034_2.jpg,1
7,156,19,220,0019_1.jpg,0220_2.jpg,0
7,156,198,104,0198_1.jpg,0104_2.jpg,0
7,156,3,3,0003_1.jpg,0003_2.jpg,1
7,156,211,124,0211_1.jpg,0124_2.jpg,0
7,156,83,273,0083_1.jpg,0273_2.jpg,0
7,156,214,214,0214_1.jpg,0214_2.jpg,1
7,156,269,269,0269_1.jpg,0269_2.jpg,1
7,156,93,1,0093_1.jpg,0001_2.jpg,0
7,156,97,97,0097_1.jpg,0097_2.jpg,1
7,156,142,142,0142_1.jpg,0142_2.jpg,1
7,156,223,135,0223_1.jpg,0135_2.jpg,0
7,156,212,212,0212_1.jpg,0212_2.jpg,1
7,156,57,251,0057_1.jpg,0251_2.jpg,0
7,156,40,40,0040_1.jpg,0040_2.jpg,1
7,156,264,181,0264_1.jpg,0181_2.jpg,0
7,156,38,38,0038_1.jpg,0038_2.jpg,1
7,156,167,167,0167_1.jpg,0167_2.jpg,1
7,156,252,167,0252_1.jpg,0167_2.jpg,0
7,156,171,171,0171_1.jpg,0171_2.jpg,1
7,156,203,110,0203_1.jpg,0110_2.jpg,0
7,156,100,8,0100_1.jpg,0008_2.jpg,0
7,156,154,154,0154_1.jpg,0154_2.jpg,1
7,156,9,9,0009_1.jpg,0009_2.jpg,1
7,156,142,49,0142_1.jpg,0049_2.jpg,0
7,156,274,198,0274_1.jpg,0198_2.jpg,0
7,156,134,134,0134_1.jpg,0134_2.jpg,1
7,156,265,183,0265_1.jpg,0183_2.jpg,0
7,156,219,219,0219_1.jpg,0219_2.jpg,1
7,156,78,78,0078_1.jpg,0078_2.jpg,1
7,156,46,244,0046_1.jpg,0244_2.jpg,0
7,156,180,91,0180_1.jpg,0091_2.jpg,0
7,156,243,158,0243_1.jpg,0158_2.jpg,0
7,156,260,176,0260_1.jpg,0176_2.jpg,0
7,156,7,7,0007_1.jpg,0007_2.jpg,1
7,156,166,166,0166_1.jpg,0166_2.jpg,1
7,156,147,147,0147_1.jpg,0147_2.jpg,1
7,156,237,237,0237_1.jpg,0237_2.jpg,1
7,156,282,204,0282_1.jpg,0204_2.jpg,0
7,156,193,100,0193_1.jpg,0100_2.jpg,0
7,156,267,188,0267_1.jpg,0188_2.jpg,0
7,156,234,148,0234_1.jpg,0148_2.jpg,0
7,156,163,73,0163_1.jpg,0073_2.jpg,0
7,156,30,229,0030_1.jpg,0229_2.jpg,0
7,156,178,89,0178_1.jpg,0089_2.jpg,0
7,156,109,109,0109_1.jpg,0109_2.jpg,1
7,156,181,92,0181_1.jpg,0092_2.jpg,0
7,156,185,185,0185_1.jpg,0185_2.jpg,1
7,156,271,193,0271_1.jpg,0193_2.jpg,0
7,156,203,203,0203_1.jpg,0203_2.jpg,1
7,156,94,94,0094_1.jpg,0094_2.jpg,1
7,156,119,119,0119_1.jpg,0119_2.jpg,1
7,156,74,266,0074_1.jpg,0266_2.jpg,0
7,156,69,69,0069_1.jpg,0069_2.jpg,1
7,156,241,156,0241_1.jpg,0156_2.jpg,0
7,156,21,222,0021_1.jpg,0222_2.jpg,0
7,156,6,209,0006_1.jpg,0209_2.jpg,0
7,156,211,211,0211_1.jpg,0211_2.jpg,1
7,156,188,95,0188_1.jpg,0095_2.jpg,0
7,156,261,178,0261_1.jpg,0178_2.jpg,0
7,156,35,35,0035_1.jpg,0035_2.jpg,1
7,156,116,116,0116_1.jpg,0116_2.jpg,1
7,156,167,77,0167_1.jpg,0077_2.jpg,0
7,156,8,211,0008_1.jpg,0211_2.jpg,0
7,156,165,165,0165_1.jpg,0165_2.jpg,1
7,156,256,171,0256_1.jpg,0171_2.jpg,0
7,156,121,27,0121_1.jpg,0027_2.jpg,0
7,156,270,270,0270_1.jpg,0270_2.jpg,1
7,156,145,54,0145_1.jpg,0054_2.jpg,0
7,156,218,218,0218_1.jpg,0218_2.jpg,1
7,156,269,191,0269_1.jpg,0191_2.jpg,0
7,156,189,189,0189_1.jpg,0189_2.jpg,1
7,156,86,276,0086_1.jpg,0276_2.jpg,0
7,156,39,239,0039_1.jpg,0239_2.jpg,0
7,156,278,278,0278_1.jpg,0278_2.jpg,1
7,156,71,71,0071_1.jpg,0071_2.jpg,1
7,156,279,202,0279_1.jpg,0202_2.jpg,0
7,156,261,261,0261_1.jpg,0261_2.jpg,1
7,156,32,32,0032_1.jpg,0032_2.jpg,1
7,156,258,258,0258_1.jpg,0258_2.jpg,1
7,156,168,168,0168_1.jpg,0168_2.jpg,1
7,156,51,51,0051_1.jpg,0051_2.jpg,1
7,156,258,174,0258_1.jpg,0174_2.jpg,0
7,156,66,66,0066_1.jpg,0066_2.jpg,1
7,156,251,251,0251_1.jpg,0251_2.jpg,1
7,156,20,221,0020_1.jpg,0221_2.jpg,0
7,156,159,159,0159_1.jpg,0159_2.jpg,1
7,156,232,232,0232_1.jpg,0232_2.jpg,1
7,156,239,154,0239_1.jpg,0154_2.jpg,0
7,156,71,264,0071_1.jpg,0264_2.jpg,0
7,156,127,32,0127_1.jpg,0032_2.jpg,0
7,156,5,5,0005_1.jpg,0005_2.jpg,1
7,156,118,118,0118_1.jpg,0118_2.jpg,1
7,156,106,106,0106_1.jpg,0106_2.jpg,1
7,156,46,46,0046_1.jpg,0046_2.jpg,1
7,156,276,276,0276_1.jpg,0276_2.jpg,1
7,156,246,246,0246_1.jpg,0246_2.jpg,1
7,156,176,87,0176_1.jpg,0087_2.jpg,0
7,156,8,8,0008_1.jpg,0008_2.jpg,1
7,156,76,268,0076_1.jpg,0268_2.jpg,0
7,156,245,160,0245_1.jpg,0160_2.jpg,0
7,156,7,210,0007_1.jpg,0210_2.jpg,0
7,156,216,216,0216_1.jpg,0216_2.jpg,1
7,156,208,208,0208_1.jpg,0208_2.jpg,1
7,156,101,101,0101_1.jpg,0101_2.jpg,1
7,156,79,79,0079_1.jpg,0079_2.jpg,1
7,156,49,49,0049_1.jpg,0049_2.jpg,1
7,156,210,210,0210_1.jpg,0210_2.jpg,1
7,156,202,109,0202_1.jpg,0109_2.jpg,0
7,156,200,200,0200_1.jpg,0200_2.jpg,1
7,156,96,5,0096_1.jpg,0005_2.jpg,0
7,156,138,138,0138_1.jpg,0138_2.jpg,1
7,156,61,61,0061_1.jpg,0061_2.jpg,1
7,156,240,155,0240_1.jpg,0155_2.jpg,0
7,156,69,262,0069_1.jpg,0262_2.jpg,0
7,156,199,199,0199_1.jpg,0199_2.jpg,1
7,156,1,1,0001_1.jpg,0001_2.jpg,1
7,156,86,86,0086_1.jpg,0086_2.jpg,1
7,156,273,197,0273_1.jpg,0197_2.jpg,0
7,156,81,272,0081_1.jpg,0272_2.jpg,0
7,156,73,73,0073_1.jpg,0073_2.jpg,1
7,156,251,166,0251_1.jpg,0166_2.jpg,0
7,156,65,65,0065_1.jpg,0065_2.jpg,1
7,156,56,250,0056_1.jpg,0250_2.jpg,0
7,156,162,71,0162_1.jpg,0071_2.jpg,0
7,156,146,146,0146_1.jpg,0146_2.jpg,1
7,156,201,107,0201_1.jpg,0107_2.jpg,0
7,156,33,234,0033_1.jpg,0234_2.jpg,0
7,156,127,127,0127_1.jpg,0127_2.jpg,1
7,156,62,62,0062_1.jpg,0062_2.jpg,1
7,156,10,10,0010_1.jpg,0010_2.jpg,1
7,156,57,57,0057_1.jpg,0057_2.jpg,1
7,156,21,21,0021_1.jpg,0021_2.jpg,1
7,156,214,128,0214_1.jpg,0128_2.jpg,0
7,156,15,15,0015_1.jpg,0015_2.jpg,1
7,156,133,40,0133_1.jpg,0040_2.jpg,0
7,156,191,97,0191_1.jpg,0097_2.jpg,0
7,156,98,98,0098_1.jpg,0098_2.jpg,1
7,156,105,105,0105_1.jpg,0105_2.jpg,1
7,156,87,277,0087_1.jpg,0277_2.jpg,0
7,156,25,224,0025_1.jpg,0224_2.jpg,0
7,156,85,274,0085_1.jpg,0274_2.jpg,0
7,156,101,9,0101_1.jpg,0009_2.jpg,0
7,156,238,153,0238_1.jpg,0153_2.jpg,0
7,156,228,228,0228_1.jpg,0228_2.jpg,1
7,156,172,172,0172_1.jpg,0172_2.jpg,1
7,156,20,20,0020_1.jpg,0020_2.jpg,1
7,156,150,59,0150_1.jpg,0059_2.jpg,0
7,156,247,247,0247_1.jpg,0247_2.jpg,1
7,156,40,240,0040_1.jpg,0240_2.jpg,0
7,156,278,201,0278_1.jpg,0201_2.jpg,0
7,156,54,248,0054_1.jpg,0248_2.jpg,0
7,156,42,42,0042_1.jpg,0042_2.jpg,1
7,156,148,57,0148_1.jpg,0057_2.jpg,0
7,156,65,257,0065_1.jpg,0257_2.jpg,0
7,156,56,56,0056_1.jpg,0056_2.jpg,1
7,156,128,33,0128_1.jpg,0033_2.jpg,0
7,156,243,243,0243_1.jpg,0243_2.jpg,1
7,156,281,203,0281_1.jpg,0203_2.jpg,0
7,156,235,235,0235_1.jpg,0235_2.jpg,1
7,156,103,103,0103_1.jpg,0103_2.jpg,1
7,156,43,43,0043_1.jpg,0043_2.jpg,1
7,156,38,238,0038_1.jpg,0238_2.jpg,0
7,156,33,33,0033_1.jpg,0033_2.jpg,1
7,156,25,25,0025_1.jpg,0025_2.jpg,1
7,156,139,46,0139_1.jpg,0046_2.jpg,0
7,156,28,227,0028_1.jpg,0227_2.jpg,0
7,156,104,11,0104_1.jpg,0011_2.jpg,0
7,156,75,75,0075_1.jpg,0075_2.jpg,1
7,156,125,125,0125_1.jpg,0125_2.jpg,1
7,156,212,125,0212_1.jpg,0125_2.jpg,0
7,156,29,228,0029_1.jpg,0228_2.jpg,0
7,156,183,93,0183_1.jpg,0093_2.jpg,0
7,156,31,231,0031_1.jpg,0231_2.jpg,0
7,156,92,282,0092_1.jpg,0282_2.jpg,0
7,156,91,91,0091_1.jpg,0091_2.jpg,1
7,156,28,28,0028_1.jpg,0028_2.jpg,1
7,156,262,179,0262_1.jpg,0179_2.jpg,0
7,156,110,20,0110_1.jpg,0020_2.jpg,0
7,156,118,25,0118_1.jpg,0025_2.jpg,0
7,156,3,207,0003_1.jpg,0207_2.jpg,0
7,156,160,69,0160_1.jpg,0069_2.jpg,0
7,156,205,205,0205_1.jpg,0205_2.jpg,1
7,156,134,42,0134_1.jpg,0042_2.jpg,0
7,156,67,260,0067_1.jpg,0260_2.jpg,0
7,156,75,267,0075_1.jpg,0267_2.jpg,0
7,156,241,241,0241_1.jpg,0241_2.jpg,1
7,156,114,114,0114_1.jpg,0114_2.jpg,1
7,156,94,2,0094_1.jpg,0002_2.jpg,0
7,156,174,174,0174_1.jpg,0174_2.jpg,1
7,156,204,204,0204_1.jpg,0204_2.jpg,1
7,156,234,234,0234_1.jpg,0234_2.jpg,1
7,156,67,67,0067_1.jpg,0067_2.jpg,1
7,156,263,263,0263_1.jpg,0263_2.jpg,1
7,156,153,153,0153_1.jpg,0153_2.jpg,1
7,156,176,176,0176_1.jpg,0176_2.jpg,1
7,156,32,232,0032_1.jpg,0232_2.jpg,0
7,156,196,101,0196_1.jpg,0101_2.jpg,0
7,156,104,104,0104_1.jpg,0104_2.jpg,1
7,156,250,250,0250_1.jpg,0250_2.jpg,1
7,156,256,256,0256_1.jpg,0256_2.jpg,1
7,156,39,39,0039_1.jpg,0039_2.jpg,1
7,156,202,202,0202_1.jpg,0202_2.jpg,1
7,156,90,279,0090_1.jpg,0279_2.jpg,0
7,156,130,130,0130_1.jpg,0130_2.jpg,1
7,156,2,206,0002_1.jpg,0206_2.jpg,0
7,156,169,79,0169_1.jpg,0079_2.jpg,0
7,156,26,225,0026_1.jpg,0225_2.jpg,0
7,156,268,189,0268_1.jpg,0189_2.jpg,0
7,156,224,138,0224_1.jpg,0138_2.jpg,0
7,156,125,31,0125_1.jpg,0031_2.jpg,0
7,156,123,29,0123_1.jpg,0029_2.jpg,0
7,156,83,83,0083_1.jpg,0083_2.jpg,1
7,156,124,30,0124_1.jpg,0030_2.jpg,0
7,156,44,44,0044_1.jpg,0044_2.jpg,1
7,156,178,178,0178_1.jpg,0178_2.jpg,1
7,156,250,165,0250_1.jpg,0165_2.jpg,0
7,156,228,144,0228_1.jpg,0144_2.jpg,0
7,156,152,152,0152_1.jpg,0152_2.jpg,1
7,156,92,92,0092_1.jpg,0092_2.jpg,1
7,156,226,226,0226_1.jpg,0226_2.jpg,1
7,156,122,122,0122_1.jpg,0122_2.jpg,1
7,156,208,121,0208_1.jpg,0121_2.jpg,0
7,156,180,180,0180_1.jpg,0180_2.jpg,1
7,156,156,65,0156_1.jpg,0065_2.jpg,0
7,156,272,272,0272_1.jpg,0272_2.jpg,1
7,156,262,262,0262_1.jpg,0262_2.jpg,1
7,156,105,12,0105_1.jpg,0012_2.jpg,0
7,156,216,129,0216_1.jpg,0129_2.jpg,0
7,156,242,242,0242_1.jpg,0242_2.jpg,1
7,156,109,19,0109_1.jpg,0019_2.jpg,0
7,156,131,38,0131_1.jpg,0038_2.jpg,0
7,156,189,96,0189_1.jpg,0096_2.jpg,0
7,156,206,206,0206_1.jpg,0206_2.jpg,1
7,156,207,207,0207_1.jpg,0207_2.jpg,1
7,156,169,169,0169_1.jpg,0169_2.jpg,1
7,156,135,135,0135_1.jpg,0135_2.jpg,1
7,156,131,131,0131_1.jpg,0131_2.jpg,1
7,156,128,128,0128_1.jpg,0128_2.jpg,1
7,156,207,119,0207_1.jpg,0119_2.jpg,0
7,156,197,197,0197_1.jpg,0197_2.jpg,1
7,156,213,213,0213_1.jpg,0213_2.jpg,1
7,156,55,249,0055_1.jpg,0249_2.jpg,0
7,156,63,63,0063_1.jpg,0063_2.jpg,1
7,156,253,168,0253_1.jpg,0168_2.jpg,0
7,156,229,229,0229_1.jpg,0229_2.jpg,1
7,156,263,180,0263_1.jpg,0180_2.jpg,0
7,156,206,118,0206_1.jpg,0118_2.jpg,0
7,156,249,249,0249_1.jpg,0249_2.jpg,1
7,156,260,260,0260_1.jpg,0260_2.jpg,1
7,156,220,220,0220_1.jpg,0220_2.jpg,1
7,156,150,150,0150_1.jpg,0150_2.jpg,1
7,156,93,93,0093_1.jpg,0093_2.jpg,1
7,156,26,26,0026_1.jpg,0026_2.jpg,1
7,156,96,96,0096_1.jpg,0096_2.jpg,1
7,156,119,26,0119_1.jpg,0026_2.jpg,0
7,156,244,244,0244_1.jpg,0244_2.jpg,1
7,156,85,85,0085_1.jpg,0085_2.jpg,1
7,156,248,163,0248_1.jpg,0163_2.jpg,0
7,156,252,252,0252_1.jpg,0252_2.jpg,1
7,156,239,239,0239_1.jpg,0239_2.jpg,1
7,156,161,161,0161_1.jpg,0161_2.jpg,1
7,156,123,123,0123_1.jpg,0123_2.jpg,1
7,156,267,267,0267_1.jpg,0267_2.jpg,1
7,156,116,22,0116_1.jpg,0022_2.jpg,0
7,156,268,268,0268_1.jpg,0268_2.jpg,1
8,22,266,9,0266_1.jpg,0009_2.jpg,0
8,22,231,231,0231_1.jpg,0231_2.jpg,1
8,22,95,95,0095_1.jpg,0095_2.jpg,1
8,22,116,116,0116_1.jpg,0116_2.jpg,1
8,22,256,281,0256_1.jpg,0281_2.jpg,0
8,22,44,74,0044_1.jpg,0074_2.jpg,0
8,22,241,264,0241_1.jpg,0264_2.jpg,0
8,22,145,145,0145_1.jpg,0145_2.jpg,1
8,22,77,77,0077_1.jpg,0077_2.jpg,1
8,22,25,25,0025_1.jpg,0025_2.jpg,1
8,22,18,18,0018_1.jpg,0018_2.jpg,1
8,22,146,170,0146_1.jpg,0170_2.jpg,0
8,22,260,260,0260_1.jpg,0260_2.jpg,1
8,22,234,257,0234_1.jpg,0257_2.jpg,0
8,22,91,91,0091_1.jpg,0091_2.jpg,1
8,22,152,152,0152_1.jpg,0152_2.jpg,1
8,22,170,202,0170_1.jpg,0202_2.jpg,0
8,22,258,1,0258_1.jpg,0001_2.jpg,0
8,22,251,251,0251_1.jpg,0251_2.jpg,1
8,22,85,85,0085_1.jpg,0085_2.jpg,1
8,22,278,26,0278_1.jpg,0026_2.jpg,0
8,22,104,104,0104_1.jpg,0104_2.jpg,1
8,22,128,128,0128_1.jpg,0128_2.jpg,1
8,22,185,185,0185_1.jpg,0185_2.jpg,1
8,22,76,76,0076_1.jpg,0076_2.jpg,1
8,22,260,2,0260_1.jpg,0002_2.jpg,0
8,22,60,87,0060_1.jpg,0087_2.jpg,0
8,22,180,180,0180_1.jpg,0180_2.jpg,1
8,22,6,6,0006_1.jpg,0006_2.jpg,1
8,22,158,158,0158_1.jpg,0158_2.jpg,1
8,22,83,83,0083_1.jpg,0083_2.jpg,1
8,22,29,29,0029_1.jpg,0029_2.jpg,1
8,22,212,212,0212_1.jpg,0212_2.jpg,1
8,22,27,27,0027_1.jpg,0027_2.jpg,1
8,22,174,174,0174_1.jpg,0174_2.jpg,1
8,22,162,162,0162_1.jpg,0162_2.jpg,1
8,22,234,234,0234_1.jpg,0234_2.jpg,1
8,22,223,223,0223_1.jpg,0223_2.jpg,1
8,22,20,49,0020_1.jpg,0049_2.jpg,0
8,22,276,22,0276_1.jpg,0022_2.jpg,0
8,22,67,67,0067_1.jpg,0067_2.jpg,1
8,22,213,213,0213_1.jpg,0213_2.jpg,1
8,22,274,21,0274_1.jpg,0021_2.jpg,0
8,22,93,93,0093_1.jpg,0093_2.jpg,1
8,22,243,266,0243_1.jpg,0266_2.jpg,0
8,22,61,61,0061_1.jpg,0061_2.jpg,1
8,22,188,188,0188_1.jpg,0188_2.jpg,1
8,22,76,104,0076_1.jpg,0104_2.jpg,0
8,22,254,278,0254_1.jpg,0278_2.jpg,0
8,22,176,176,0176_1.jpg,0176_2.jpg,1
8,22,54,79,0054_1.jpg,0079_2.jpg,0
8,22,155,155,0155_1.jpg,0155_2.jpg,1
8,22,15,44,0015_1.jpg,0044_2.jpg,0
8,22,67,94,0067_1.jpg,0094_2.jpg,0
8,22,181,210,0181_1.jpg,0210_2.jpg,0
8,22,69,69,0069_1.jpg,0069_2.jpg,1
8,22,79,79,0079_1.jpg,0079_2.jpg,1
8,22,75,75,0075_1.jpg,0075_2.jpg,1
8,22,261,261,0261_1.jpg,0261_2.jpg,1
8,22,105,105,0105_1.jpg,0105_2.jpg,1
8,22,163,163,0163_1.jpg,0163_2.jpg,1
8,22,114,114,0114_1.jpg,0114_2.jpg,1
8,22,197,221,0197_1.jpg,0221_2.jpg,0
8,22,7,35,0007_1.jpg,0035_2.jpg,0
8,22,56,83,0056_1.jpg,0083_2.jpg,0
8,22,208,208,0208_1.jpg,0208_2.jpg,1
8,22,66,93,0066_1.jpg,0093_2.jpg,0
8,22,228,228,0228_1.jpg,0228_2.jpg,1
8,22,71,98,0071_1.jpg,0098_2.jpg,0
8,22,245,268,0245_1.jpg,0268_2.jpg,0
8,22,60,60,0060_1.jpg,0060_2.jpg,1
8,22,12,12,0012_1.jpg,0012_2.jpg,1
8,22,26,56,0026_1.jpg,0056_2.jpg,0
8,22,144,168,0144_1.jpg,0168_2.jpg,0
8,22,213,240,0213_1.jpg,0240_2.jpg,0
8,22,21,51,0021_1.jpg,0051_2.jpg,0
8,22,249,249,0249_1.jpg,0249_2.jpg,1
8,22,238,261,0238_1.jpg,0261_2.jpg,0
8,22,220,220,0220_1.jpg,0220_2.jpg,1
8,22,1,30,0001_1.jpg,0030_2.jpg,0
8,22,127,127,0127_1.jpg,0127_2.jpg,1
8,22,253,277,0253_1.jpg,0277_2.jpg,0
8,22,246,269,0246_1.jpg,0269_2.jpg,0
8,22,214,214,0214_1.jpg,0214_2.jpg,1
8,22,132,132,0132_1.jpg,0132_2.jpg,1
8,22,2,2,0002_1.jpg,0002_2.jpg,1
8,22,139,139,0139_1.jpg,0139_2.jpg,1
8,22,68,68,0068_1.jpg,0068_2.jpg,1
8,22,252,276,0252_1.jpg,0276_2.jpg,0
8,22,197,197,0197_1.jpg,0197_2.jpg,1
8,22,179,179,0179_1.jpg,0179_2.jpg,1
8,22,245,245,0245_1.jpg,0245_2.jpg,1
8,22,267,10,0267_1.jpg,0010_2.jpg,0
8,22,269,12,0269_1.jpg,0012_2.jpg,0
8,22,178,207,0178_1.jpg,0207_2.jpg,0
8,22,18,46,0018_1.jpg,0046_2.jpg,0
8,22,142,142,0142_1.jpg,0142_2.jpg,1
8,22,42,71,0042_1.jpg,0071_2.jpg,0
8,22,261,3,0261_1.jpg,0003_2.jpg,0
8,22,255,279,0255_1.jpg,0279_2.jpg,0
8,22,166,198,0166_1.jpg,0198_2.jpg,0
8,22,79,107,0079_1.jpg,0107_2.jpg,0
8,22,266,266,0266_1.jpg,0266_2.jpg,1
8,22,281,281,0281_1.jpg,0281_2.jpg,1
8,22,98,98,0098_1.jpg,0098_2.jpg,1
8,22,171,171,0171_1.jpg,0171_2.jpg,1
8,22,160,160,0160_1.jpg,0160_2.jpg,1
8,22,85,114,0085_1.jpg,0114_2.jpg,0
8,22,31,31,0031_1.jpg,0031_2.jpg,1
8,22,216,242,0216_1.jpg,0242_2.jpg,0
8,22,97,97,0097_1.jpg,0097_2.jpg,1
8,22,106,106,0106_1.jpg,0106_2.jpg,1
8,22,224,224,0224_1.jpg,0224_2.jpg,1
8,22,6,34,0006_1.jpg,0034_2.jpg,0
8,22,11,11,0011_1.jpg,0011_2.jpg,1
8,22,216,216,0216_1.jpg,0216_2.jpg,1
8,22,110,110,0110_1.jpg,0110_2.jpg,1
8,22,2,31,0002_1.jpg,0031_2.jpg,0
8,22,109,109,0109_1.jpg,0109_2.jpg,1
8,22,25,55,0025_1.jpg,0055_2.jpg,0
8,22,200,200,0200_1.jpg,0200_2.jpg,1
8,22,35,67,0035_1.jpg,0067_2.jpg,0
8,22,43,73,0043_1.jpg,0073_2.jpg,0
8,22,10,10,0010_1.jpg,0010_2.jpg,1
8,22,229,229,0229_1.jpg,0229_2.jpg,1
8,22,103,133,0103_1.jpg,0133_2.jpg,0
8,22,122,150,0122_1.jpg,0150_2.jpg,0
8,22,160,189,0160_1.jpg,0189_2.jpg,0
8,22,61,89,0061_1.jpg,0089_2.jpg,0
8,22,218,218,0218_1.jpg,0218_2.jpg,1
8,22,142,167,0142_1.jpg,0167_2.jpg,0
8,22,95,127,0095_1.jpg,0127_2.jpg,0
8,22,30,30,0030_1.jpg,0030_2.jpg,1
8,22,235,258,0235_1.jpg,0258_2.jpg,0
8,22,29,60,0029_1.jpg,0060_2.jpg,0
8,22,264,7,0264_1.jpg,0007_2.jpg,0
8,22,40,70,0040_1.jpg,0070_2.jpg,0
8,22,133,161,0133_1.jpg,0161_2.jpg,0
8,22,49,77,0049_1.jpg,0077_2.jpg,0
8,22,185,212,0185_1.jpg,0212_2.jpg,0
8,22,211,238,0211_1.jpg,0238_2.jpg,0
8,22,176,206,0176_1.jpg,0206_2.jpg,0
8,22,121,148,0121_1.jpg,0148_2.jpg,0
8,22,69,96,0069_1.jpg,0096_2.jpg,0
8,22,272,272,0272_1.jpg,0272_2.jpg,1
8,22,33,33,0033_1.jpg,0033_2.jpg,1
8,22,135,135,0135_1.jpg,0135_2.jpg,1
8,22,93,124,0093_1.jpg,0124_2.jpg,0
8,22,196,196,0196_1.jpg,0196_2.jpg,1
8,22,98,130,0098_1.jpg,0130_2.jpg,0
8,22,148,148,0148_1.jpg,0148_2.jpg,1
8,22,268,11,0268_1.jpg,0011_2.jpg,0
8,22,138,138,0138_1.jpg,0138_2.jpg,1
8,22,257,282,0257_1.jpg,0282_2.jpg,0
8,22,154,179,0154_1.jpg,0179_2.jpg,0
8,22,163,193,0163_1.jpg,0193_2.jpg,0
8,22,208,234,0208_1.jpg,0234_2.jpg,0
8,22,257,257,0257_1.jpg,0257_2.jpg,1
8,22,118,146,0118_1.jpg,0146_2.jpg,0
8,22,154,154,0154_1.jpg,0154_2.jpg,1
8,22,227,227,0227_1.jpg,0227_2.jpg,1
8,22,156,156,0156_1.jpg,0156_2.jpg,1
8,22,51,51,0051_1.jpg,0051_2.jpg,1
8,22,100,131,0100_1.jpg,0131_2.jpg,0
8,22,62,62,0062_1.jpg,0062_2.jpg,1
8,22,81,109,0081_1.jpg,0109_2.jpg,0
8,22,254,254,0254_1.jpg,0254_2.jpg,1
8,22,205,229,0205_1.jpg,0229_2.jpg,0
8,22,243,243,0243_1.jpg,0243_2.jpg,1
8,22,32,32,0032_1.jpg,0032_2.jpg,1
8,22,164,196,0164_1.jpg,0196_2.jpg,0
8,22,90,121,0090_1.jpg,0121_2.jpg,0
8,22,59,86,0059_1.jpg,0086_2.jpg,0
8,22,202,226,0202_1.jpg,0226_2.jpg,0
8,22,9,39,0009_1.jpg,0039_2.jpg,0
8,22,119,147,0119_1.jpg,0147_2.jpg,0
8,22,92,92,0092_1.jpg,0092_2.jpg,1
8,22,244,267,0244_1.jpg,0267_2.jpg,0
8,22,73,73,0073_1.jpg,0073_2.jpg,1
8,22,96,96,0096_1.jpg,0096_2.jpg,1
8,22,122,122,0122_1.jpg,0122_2.jpg,1
8,22,152,176,0152_1.jpg,0176_2.jpg,0
8,22,207,207,0207_1.jpg,0207_2.jpg,1
8,22,162,192,0162_1.jpg,0192_2.jpg,0
8,22,134,162,0134_1.jpg,0162_2.jpg,0
8,22,270,270,0270_1.jpg,0270_2.jpg,1
8,22,91,122,0091_1.jpg,0122_2.jpg,0
8,22,144,144,0144_1.jpg,0144_2.jpg,1
8,22,44,44,0044_1.jpg,0044_2.jpg,1
8,22,253,253,0253_1.jpg,0253_2.jpg,1
8,22,268,268,0268_1.jpg,0268_2.jpg,1
8,22,239,239,0239_1.jpg,0239_2.jpg,1
8,22,161,161,0161_1.jpg,0161_2.jpg,1
8,22,134,134,0134_1.jpg,0134_2.jpg,1
8,22,27,57,0027_1.jpg,0057_2.jpg,0
8,22,109,140,0109_1.jpg,0140_2.jpg,0
8,22,249,272,0249_1.jpg,0272_2.jpg,0
8,22,174,205,0174_1.jpg,0205_2.jpg,0
8,22,264,264,0264_1.jpg,0264_2.jpg,1
8,22,11,42,0011_1.jpg,0042_2.jpg,0
8,22,241,241,0241_1.jpg,0241_2.jpg,1
8,22,59,59,0059_1.jpg,0059_2.jpg,1
8,22,124,124,0124_1.jpg,0124_2.jpg,1
8,22,263,6,0263_1.jpg,0006_2.jpg,0
8,22,150,174,0150_1.jpg,0174_2.jpg,0
8,22,28,59,0028_1.jpg,0059_2.jpg,0
8,22,157,157,0157_1.jpg,0157_2.jpg,1
8,22,148,172,0148_1.jpg,0172_2.jpg,0
8,22,124,153,0124_1.jpg,0153_2.jpg,0
8,22,139,165,0139_1.jpg,0165_2.jpg,0
8,22,201,201,0201_1.jpg,0201_2.jpg,1
8,22,49,49,0049_1.jpg,0049_2.jpg,1
8,22,123,123,0123_1.jpg,0123_2.jpg,1
8,22,57,57,0057_1.jpg,0057_2.jpg,1
8,22,7,7,0007_1.jpg,0007_2.jpg,1
8,22,105,135,0105_1.jpg,0135_2.jpg,0
8,22,219,244,0219_1.jpg,0244_2.jpg,0
8,22,226,251,0226_1.jpg,0251_2.jpg,0
8,22,130,130,0130_1.jpg,0130_2.jpg,1
8,22,15,15,0015_1.jpg,0015_2.jpg,1
8,22,75,103,0075_1.jpg,0103_2.jpg,0
8,22,104,134,0104_1.jpg,0134_2.jpg,0
8,22,140,140,0140_1.jpg,0140_2.jpg,1
8,22,138,164,0138_1.jpg,0164_2.jpg,0
8,22,128,156,0128_1.jpg,0156_2.jpg,0
8,22,81,81,0081_1.jpg,0081_2.jpg,1
8,22,231,255,0231_1.jpg,0255_2.jpg,0
8,22,281,28,0281_1.jpg,0028_2.jpg,0
8,22,39,69,0039_1.jpg,0069_2.jpg,0
8,22,240,240,0240_1.jpg,0240_2.jpg,1
8,22,131,131,0131_1.jpg,0131_2.jpg,1
8,22,22,22,0022_1.jpg,0022_2.jpg,1
8,22,204,204,0204_1.jpg,0204_2.jpg,1
8,22,167,199,0167_1.jpg,0199_2.jpg,0
8,22,183,211,0183_1.jpg,0211_2.jpg,0
8,22,57,85,0057_1.jpg,0085_2.jpg,0
8,22,22,54,0022_1.jpg,0054_2.jpg,0
8,22,220,245,0220_1.jpg,0245_2.jpg,0
8,22,247,247,0247_1.jpg,0247_2.jpg,1
8,22,193,219,0193_1.jpg,0219_2.jpg,0
8,22,196,220,0196_1.jpg,0220_2.jpg,0
8,22,168,200,0168_1.jpg,0200_2.jpg,0
8,22,183,183,0183_1.jpg,0183_2.jpg,1
8,22,34,66,0034_1.jpg,0066_2.jpg,0
8,22,165,197,0165_1.jpg,0197_2.jpg,0
8,22,66,66,0066_1.jpg,0066_2.jpg,1
8,22,54,54,0054_1.jpg,0054_2.jpg,1
8,22,244,244,0244_1.jpg,0244_2.jpg,1
8,22,8,8,0008_1.jpg,0008_2.jpg,1
8,22,267,267,0267_1.jpg,0267_2.jpg,1
8,22,235,235,0235_1.jpg,0235_2.jpg,1
8,22,207,232,0207_1.jpg,0232_2.jpg,0
8,22,218,243,0218_1.jpg,0243_2.jpg,0
8,22,78,106,0078_1.jpg,0106_2.jpg,0
8,22,201,225,0201_1.jpg,0225_2.jpg,0
8,22,242,242,0242_1.jpg,0242_2.jpg,1
8,22,86,116,0086_1.jpg,0116_2.jpg,0
8,22,121,121,0121_1.jpg,0121_2.jpg,1
8,22,169,201,0169_1.jpg,0201_2.jpg,0
8,22,156,181,0156_1.jpg,0181_2.jpg,0
8,22,46,75,0046_1.jpg,0075_2.jpg,0
8,22,147,147,0147_1.jpg,0147_2.jpg,1
8,22,130,158,0130_1.jpg,0158_2.jpg,0
8,22,28,28,0028_1.jpg,0028_2.jpg,1
8,22,178,178,0178_1.jpg,0178_2.jpg,1
8,22,223,248,0223_1.jpg,0248_2.jpg,0
8,22,123,152,0123_1.jpg,0152_2.jpg,0
8,22,83,110,0083_1.jpg,0110_2.jpg,0
8,22,212,239,0212_1.jpg,0239_2.jpg,0
8,22,145,169,0145_1.jpg,0169_2.jpg,0
8,22,262,5,0262_1.jpg,0005_2.jpg,0
8,22,169,169,0169_1.jpg,0169_2.jpg,1
8,22,232,256,0232_1.jpg,0256_2.jpg,0
8,22,133,133,0133_1.jpg,0133_2.jpg,1
8,22,199,223,0199_1.jpg,0223_2.jpg,0
8,22,277,277,0277_1.jpg,0277_2.jpg,1
8,22,211,211,0211_1.jpg,0211_2.jpg,1
8,22,192,192,0192_1.jpg,0192_2.jpg,1
8,22,135,163,0135_1.jpg,0163_2.jpg,0
8,22,97,129,0097_1.jpg,0129_2.jpg,0
8,22,12,43,0012_1.jpg,0043_2.jpg,0
8,22,35,35,0035_1.jpg,0035_2.jpg,1
8,22,161,191,0161_1.jpg,0191_2.jpg,0
8,22,250,250,0250_1.jpg,0250_2.jpg,1
8,22,165,165,0165_1.jpg,0165_2.jpg,1
8,22,228,253,0228_1.jpg,0253_2.jpg,0
8,22,110,142,0110_1.jpg,0142_2.jpg,0
8,22,227,252,0227_1.jpg,0252_2.jpg,0
8,22,125,154,0125_1.jpg,0154_2.jpg,0
8,22,20,20,0020_1.jpg,0020_2.jpg,1
8,22,158,185,0158_1.jpg,0185_2.jpg,0
8,22,159,188,0159_1.jpg,0188_2.jpg,0
8,22,282,29,0282_1.jpg,0029_2.jpg,0
8,22,265,8,0265_1.jpg,0008_2.jpg,0
8,22,214,241,0214_1.jpg,0241_2.jpg,0
8,22,237,237,0237_1.jpg,0237_2.jpg,1
8,22,246,246,0246_1.jpg,0246_2.jpg,1
8,22,224,249,0224_1.jpg,0249_2.jpg,0
8,22,116,145,0116_1.jpg,0145_2.jpg,0
8,22,263,263,0263_1.jpg,0263_2.jpg,1
8,22,34,34,0034_1.jpg,0034_2.jpg,1
8,22,248,248,0248_1.jpg,0248_2.jpg,1
8,22,70,70,0070_1.jpg,0070_2.jpg,1
8,22,276,276,0276_1.jpg,0276_2.jpg,1
8,22,94,94,0094_1.jpg,0094_2.jpg,1
8,22,219,219,0219_1.jpg,0219_2.jpg,1
8,22,78,78,0078_1.jpg,0078_2.jpg,1
8,22,8,38,0008_1.jpg,0038_2.jpg,0
8,22,107,139,0107_1.jpg,0139_2.jpg,0
8,22,129,157,0129_1.jpg,0157_2.jpg,0
8,22,229,254,0229_1.jpg,0254_2.jpg,0
8,22,279,27,0279_1.jpg,0027_2.jpg,0
8,22,255,255,0255_1.jpg,0255_2.jpg,1
8,22,159,159,0159_1.jpg,0159_2.jpg,1
8,22,204,228,0204_1.jpg,0228_2.jpg,0
8,22,56,56,0056_1.jpg,0056_2.jpg,1
8,22,39,39,0039_1.jpg,0039_2.jpg,1
8,22,43,43,0043_1.jpg,0043_2.jpg,1
8,22,166,166,0166_1.jpg,0166_2.jpg,1
8,22,38,68,0038_1.jpg,0068_2.jpg,0
8,22,193,193,0193_1.jpg,0193_2.jpg,1
8,22,155,180,0155_1.jpg,0180_2.jpg,0
8,22,21,21,0021_1.jpg,0021_2.jpg,1
8,22,282,282,0282_1.jpg,0282_2.jpg,1
8,22,240,263,0240_1.jpg,0263_2.jpg,0
8,22,77,105,0077_1.jpg,0105_2.jpg,0
8,22,9,9,0009_1.jpg,0009_2.jpg,1
8,22,51,78,0051_1.jpg,0078_2.jpg,0
8,22,226,226,0226_1.jpg,0226_2.jpg,1
8,22,38,38,0038_1.jpg,0038_2.jpg,1
8,22,167,167,0167_1.jpg,0167_2.jpg,1
8,22,277,25,0277_1.jpg,0025_2.jpg,0
8,22,225,250,0225_1.jpg,0250_2.jpg,0
8,22,278,278,0278_1.jpg,0278_2.jpg,1
8,22,180,209,0180_1.jpg,0209_2.jpg,0
8,22,87,118,0087_1.jpg,0118_2.jpg,0
8,22,272,19,0272_1.jpg,0019_2.jpg,0
8,22,273,273,0273_1.jpg,0273_2.jpg,1
8,22,5,33,0005_1.jpg,0033_2.jpg,0
8,22,206,231,0206_1.jpg,0231_2.jpg,0
8,22,101,132,0101_1.jpg,0132_2.jpg,0
8,22,172,204,0172_1.jpg,0204_2.jpg,0
8,22,252,252,0252_1.jpg,0252_2.jpg,1
8,22,270,15,0270_1.jpg,0015_2.jpg,0
8,22,10,40,0010_1.jpg,0040_2.jpg,0
8,22,198,198,0198_1.jpg,0198_2.jpg,1
8,22,74,101,0074_1.jpg,0101_2.jpg,0
8,22,46,46,0046_1.jpg,0046_2.jpg,1
8,22,200,224,0200_1.jpg,0224_2.jpg,0
8,22,205,205,0205_1.jpg,0205_2.jpg,1
8,22,274,274,0274_1.jpg,0274_2.jpg,1
8,22,3,32,0003_1.jpg,0032_2.jpg,0
8,22,94,125,0094_1.jpg,0125_2.jpg,0
8,22,247,270,0247_1.jpg,0270_2.jpg,0
8,22,202,202,0202_1.jpg,0202_2.jpg,1
8,22,19,47,0019_1.jpg,0047_2.jpg,0
8,22,192,218,0192_1.jpg,0218_2.jpg,0
8,22,114,144,0114_1.jpg,0144_2.jpg,0
8,22,238,238,0238_1.jpg,0238_2.jpg,1
8,22,189,189,0189_1.jpg,0189_2.jpg,1
8,22,232,232,0232_1.jpg,0232_2.jpg,1
8,22,150,150,0150_1.jpg,0150_2.jpg,1
8,22,242,265,0242_1.jpg,0265_2.jpg,0
8,22,248,271,0248_1.jpg,0271_2.jpg,0
8,22,222,222,0222_1.jpg,0222_2.jpg,1
8,22,3,3,0003_1.jpg,0003_2.jpg,1
8,22,55,55,0055_1.jpg,0055_2.jpg,1
8,22,203,227,0203_1.jpg,0227_2.jpg,0
8,22,199,199,0199_1.jpg,0199_2.jpg,1
8,22,250,273,0250_1.jpg,0273_2.jpg,0
8,22,221,221,0221_1.jpg,0221_2.jpg,1
8,22,107,107,0107_1.jpg,0107_2.jpg,1
8,22,209,235,0209_1.jpg,0235_2.jpg,0
8,22,170,170,0170_1.jpg,0170_2.jpg,1
8,22,63,63,0063_1.jpg,0063_2.jpg,1
8,22,131,159,0131_1.jpg,0159_2.jpg,0
8,22,31,62,0031_1.jpg,0062_2.jpg,0
8,22,179,208,0179_1.jpg,0208_2.jpg,0
8,22,191,191,0191_1.jpg,0191_2.jpg,1
8,22,222,247,0222_1.jpg,0247_2.jpg,0
8,22,68,95,0068_1.jpg,0095_2.jpg,0
8,22,203,203,0203_1.jpg,0203_2.jpg,1
8,22,188,213,0188_1.jpg,0213_2.jpg,0
8,22,171,203,0171_1.jpg,0203_2.jpg,0
8,22,127,155,0127_1.jpg,0155_2.jpg,0
8,22,140,166,0140_1.jpg,0166_2.jpg,0
8,22,30,61,0030_1.jpg,0061_2.jpg,0
8,22,206,206,0206_1.jpg,0206_2.jpg,1
8,22,129,129,0129_1.jpg,0129_2.jpg,1
8,22,269,269,0269_1.jpg,0269_2.jpg,1
8,22,125,125,0125_1.jpg,0125_2.jpg,1
8,22,86,86,0086_1.jpg,0086_2.jpg,1
8,22,153,153,0153_1.jpg,0153_2.jpg,1
8,22,26,26,0026_1.jpg,0026_2.jpg,1
8,22,132,160,0132_1.jpg,0160_2.jpg,0
8,22,42,42,0042_1.jpg,0042_2.jpg,1
8,22,118,118,0118_1.jpg,0118_2.jpg,1
8,22,271,18,0271_1.jpg,0018_2.jpg,0
8,22,100,100,0100_1.jpg,0100_2.jpg,1
8,22,103,103,0103_1.jpg,0103_2.jpg,1
8,22,33,65,0033_1.jpg,0065_2.jpg,0
8,22,273,20,0273_1.jpg,0020_2.jpg,0
8,22,271,271,0271_1.jpg,0271_2.jpg,1
8,22,92,123,0092_1.jpg,0123_2.jpg,0
8,22,258,258,0258_1.jpg,0258_2.jpg,1
8,22,65,65,0065_1.jpg,0065_2.jpg,1
8,22,147,171,0147_1.jpg,0171_2.jpg,0
8,22,63,91,0063_1.jpg,0091_2.jpg,0
8,22,1,1,0001_1.jpg,0001_2.jpg,1
8,22,74,74,0074_1.jpg,0074_2.jpg,1
8,22,172,172,0172_1.jpg,0172_2.jpg,1
8,22,265,265,0265_1.jpg,0265_2.jpg,1
8,22,210,237,0210_1.jpg,0237_2.jpg,0
8,22,210,210,0210_1.jpg,0210_2.jpg,1
8,22,239,262,0239_1.jpg,0262_2.jpg,0
8,22,40,40,0040_1.jpg,0040_2.jpg,1
8,22,19,19,0019_1.jpg,0019_2.jpg,1
8,22,70,97,0070_1.jpg,0097_2.jpg,0
8,22,262,262,0262_1.jpg,0262_2.jpg,1
8,22,55,81,0055_1.jpg,0081_2.jpg,0
8,22,87,87,0087_1.jpg,0087_2.jpg,1
8,22,96,128,0096_1.jpg,0128_2.jpg,0
8,22,5,5,0005_1.jpg,0005_2.jpg,1
8,22,209,209,0209_1.jpg,0209_2.jpg,1
8,22,71,71,0071_1.jpg,0071_2.jpg,1
8,22,221,246,0221_1.jpg,0246_2.jpg,0
8,22,32,63,0032_1.jpg,0063_2.jpg,0
8,22,189,214,0189_1.jpg,0214_2.jpg,0
8,22,198,222,0198_1.jpg,0222_2.jpg,0
8,22,256,256,0256_1.jpg,0256_2.jpg,1
8,22,90,90,0090_1.jpg,0090_2.jpg,1
8,22,146,146,0146_1.jpg,0146_2.jpg,1
8,22,101,101,0101_1.jpg,0101_2.jpg,1
8,22,62,90,0062_1.jpg,0090_2.jpg,0
8,22,225,225,0225_1.jpg,0225_2.jpg,1
8,22,106,138,0106_1.jpg,0138_2.jpg,0
8,22,237,260,0237_1.jpg,0260_2.jpg,0
8,22,47,76,0047_1.jpg,0076_2.jpg,0
8,22,164,164,0164_1.jpg,0164_2.jpg,1
8,22,65,92,0065_1.jpg,0092_2.jpg,0
8,22,168,168,0168_1.jpg,0168_2.jpg,1
8,22,89,119,0089_1.jpg,0119_2.jpg,0
8,22,157,183,0157_1.jpg,0183_2.jpg,0
8,22,181,181,0181_1.jpg,0181_2.jpg,1
8,22,279,279,0279_1.jpg,0279_2.jpg,1
8,22,153,178,0153_1.jpg,0178_2.jpg,0
8,22,47,47,0047_1.jpg,0047_2.jpg,1
8,22,89,89,0089_1.jpg,0089_2.jpg,1
8,22,191,216,0191_1.jpg,0216_2.jpg,0
8,22,73,100,0073_1.jpg,0100_2.jpg,0
8,22,251,274,0251_1.jpg,0274_2.jpg,0
8,22,119,119,0119_1.jpg,0119_2.jpg,1
9,46,204,204,0204_1.jpg,0204_2.jpg,1
9,46,98,160,0098_1.jpg,0160_2.jpg,0
9,46,15,76,0015_1.jpg,0076_2.jpg,0
9,46,176,176,0176_1.jpg,0176_2.jpg,1
9,46,44,104,0044_1.jpg,0104_2.jpg,0
9,46,107,167,0107_1.jpg,0167_2.jpg,0
9,46,39,98,0039_1.jpg,0098_2.jpg,0
9,46,202,253,0202_1.jpg,0253_2.jpg,0
9,46,229,281,0229_1.jpg,0281_2.jpg,0
9,46,157,213,0157_1.jpg,0213_2.jpg,0
9,46,29,29,0029_1.jpg,0029_2.jpg,1
9,46,122,122,0122_1.jpg,0122_2.jpg,1
9,46,5,67,0005_1.jpg,0067_2.jpg,0
9,46,281,281,0281_1.jpg,0281_2.jpg,1
9,46,265,265,0265_1.jpg,0265_2.jpg,1
9,46,123,123,0123_1.jpg,0123_2.jpg,1
9,46,269,269,0269_1.jpg,0269_2.jpg,1
9,46,225,276,0225_1.jpg,0276_2.jpg,0
9,46,239,7,0239_1.jpg,0007_2.jpg,0
9,46,200,251,0200_1.jpg,0251_2.jpg,0
9,46,234,2,0234_1.jpg,0002_2.jpg,0
9,46,87,148,0087_1.jpg,0148_2.jpg,0
9,46,110,169,0110_1.jpg,0169_2.jpg,0
9,46,246,246,0246_1.jpg,0246_2.jpg,1
9,46,243,11,0243_1.jpg,0011_2.jpg,0
9,46,129,129,0129_1.jpg,0129_2.jpg,1
9,46,248,248,0248_1.jpg,0248_2.jpg,1
9,46,132,132,0132_1.jpg,0132_2.jpg,1
9,46,78,78,0078_1.jpg,0078_2.jpg,1
9,46,213,213,0213_1.jpg,0213_2.jpg,1
9,46,20,79,0020_1.jpg,0079_2.jpg,0
9,46,106,106,0106_1.jpg,0106_2.jpg,1
9,46,189,243,0189_1.jpg,0243_2.jpg,0
9,46,214,214,0214_1.jpg,0214_2.jpg,1
9,46,240,8,0240_1.jpg,0008_2.jpg,0
9,46,272,51,0272_1.jpg,0051_2.jpg,0
9,46,138,198,0138_1.jpg,0198_2.jpg,0
9,46,183,183,0183_1.jpg,0183_2.jpg,1
9,46,256,256,0256_1.jpg,0256_2.jpg,1
9,46,158,214,0158_1.jpg,0214_2.jpg,0
9,46,161,219,0161_1.jpg,0219_2.jpg,0
9,46,127,127,0127_1.jpg,0127_2.jpg,1
9,46,264,39,0264_1.jpg,0039_2.jpg,0
9,46,38,38,0038_1.jpg,0038_2.jpg,1
9,46,152,152,0152_1.jpg,0152_2.jpg,1
9,46,94,156,0094_1.jpg,0156_2.jpg,0
9,46,210,262,0210_1.jpg,0262_2.jpg,0
9,46,250,22,0250_1.jpg,0022_2.jpg,0
9,46,169,169,0169_1.jpg,0169_2.jpg,1
9,46,251,25,0251_1.jpg,0025_2.jpg,0
9,46,155,155,0155_1.jpg,0155_2.jpg,1
9,46,220,220,0220_1.jpg,0220_2.jpg,1
9,46,166,224,0166_1.jpg,0224_2.jpg,0
9,46,128,128,0128_1.jpg,0128_2.jpg,1
9,46,247,19,0247_1.jpg,0019_2.jpg,0
9,46,220,270,0220_1.jpg,0270_2.jpg,0
9,46,167,225,0167_1.jpg,0225_2.jpg,0
9,46,245,245,0245_1.jpg,0245_2.jpg,1
9,46,75,75,0075_1.jpg,0075_2.jpg,1
9,46,179,237,0179_1.jpg,0237_2.jpg,0
9,46,140,140,0140_1.jpg,0140_2.jpg,1
9,46,39,39,0039_1.jpg,0039_2.jpg,1
9,46,105,105,0105_1.jpg,0105_2.jpg,1
9,46,228,279,0228_1.jpg,0279_2.jpg,0
9,46,245,15,0245_1.jpg,0015_2.jpg,0
9,46,7,7,0007_1.jpg,0007_2.jpg,1
9,46,6,68,0006_1.jpg,0068_2.jpg,0
9,46,199,199,0199_1.jpg,0199_2.jpg,1
9,46,67,67,0067_1.jpg,0067_2.jpg,1
9,46,71,71,0071_1.jpg,0071_2.jpg,1
9,46,65,65,0065_1.jpg,0065_2.jpg,1
9,46,114,170,0114_1.jpg,0170_2.jpg,0
9,46,227,227,0227_1.jpg,0227_2.jpg,1
9,46,132,192,0132_1.jpg,0192_2.jpg,0
9,46,258,258,0258_1.jpg,0258_2.jpg,1
9,46,164,164,0164_1.jpg,0164_2.jpg,1
9,46,21,21,0021_1.jpg,0021_2.jpg,1
9,46,134,196,0134_1.jpg,0196_2.jpg,0
9,46,40,100,0040_1.jpg,0100_2.jpg,0
9,46,224,274,0224_1.jpg,0274_2.jpg,0
9,46,235,3,0235_1.jpg,0003_2.jpg,0
9,46,68,129,0068_1.jpg,0129_2.jpg,0
9,46,46,46,0046_1.jpg,0046_2.jpg,1
9,46,193,193,0193_1.jpg,0193_2.jpg,1
9,46,144,202,0144_1.jpg,0202_2.jpg,0
9,46,25,85,0025_1.jpg,0085_2.jpg,0
9,46,181,239,0181_1.jpg,0239_2.jpg,0
9,46,33,94,0033_1.jpg,0094_2.jpg,0
9,46,207,207,0207_1.jpg,0207_2.jpg,1
9,46,246,18,0246_1.jpg,0018_2.jpg,0
9,46,213,265,0213_1.jpg,0265_2.jpg,0
9,46,114,114,0114_1.jpg,0114_2.jpg,1
9,46,278,278,0278_1.jpg,0278_2.jpg,1
9,46,12,12,0012_1.jpg,0012_2.jpg,1
9,46,119,174,0119_1.jpg,0174_2.jpg,0
9,46,170,228,0170_1.jpg,0228_2.jpg,0
9,46,135,135,0135_1.jpg,0135_2.jpg,1
9,46,168,168,0168_1.jpg,0168_2.jpg,1
9,46,90,152,0090_1.jpg,0152_2.jpg,0
9,46,235,235,0235_1.jpg,0235_2.jpg,1
9,46,91,153,0091_1.jpg,0153_2.jpg,0
9,46,244,244,0244_1.jpg,0244_2.jpg,1
9,46,95,157,0095_1.jpg,0157_2.jpg,0
9,46,172,172,0172_1.jpg,0172_2.jpg,1
9,46,196,247,0196_1.jpg,0247_2.jpg,0
9,46,212,264,0212_1.jpg,0264_2.jpg,0
9,46,221,271,0221_1.jpg,0271_2.jpg,0
9,46,87,87,0087_1.jpg,0087_2.jpg,1
9,46,100,161,0100_1.jpg,0161_2.jpg,0
9,46,191,191,0191_1.jpg,0191_2.jpg,1
9,46,74,134,0074_1.jpg,0134_2.jpg,0
9,46,60,60,0060_1.jpg,0060_2.jpg,1
9,46,242,10,0242_1.jpg,0010_2.jpg,0
9,46,11,11,0011_1.jpg,0011_2.jpg,1
9,46,85,85,0085_1.jpg,0085_2.jpg,1
9,46,205,256,0205_1.jpg,0256_2.jpg,0
9,46,81,144,0081_1.jpg,0144_2.jpg,0
9,46,133,133,0133_1.jpg,0133_2.jpg,1
9,46,253,253,0253_1.jpg,0253_2.jpg,1
9,46,27,87,0027_1.jpg,0087_2.jpg,0
9,46,30,30,0030_1.jpg,0030_2.jpg,1
9,46,250,250,0250_1.jpg,0250_2.jpg,1
9,46,253,27,0253_1.jpg,0027_2.jpg,0
9,46,89,89,0089_1.jpg,0089_2.jpg,1
9,46,244,12,0244_1.jpg,0012_2.jpg,0
9,46,121,121,0121_1.jpg,0121_2.jpg,1
9,46,79,142,0079_1.jpg,0142_2.jpg,0
9,46,70,70,0070_1.jpg,0070_2.jpg,1
9,46,156,156,0156_1.jpg,0156_2.jpg,1
9,46,68,68,0068_1.jpg,0068_2.jpg,1
9,46,258,32,0258_1.jpg,0032_2.jpg,0
9,46,198,198,0198_1.jpg,0198_2.jpg,1
9,46,9,71,0009_1.jpg,0071_2.jpg,0
9,46,43,103,0043_1.jpg,0103_2.jpg,0
9,46,211,211,0211_1.jpg,0211_2.jpg,1
9,46,266,266,0266_1.jpg,0266_2.jpg,1
9,46,209,209,0209_1.jpg,0209_2.jpg,1
9,46,243,243,0243_1.jpg,0243_2.jpg,1
9,46,241,9,0241_1.jpg,0009_2.jpg,0
9,46,197,248,0197_1.jpg,0248_2.jpg,0
9,46,229,229,0229_1.jpg,0229_2.jpg,1
9,46,76,138,0076_1.jpg,0138_2.jpg,0
9,46,140,200,0140_1.jpg,0200_2.jpg,0
9,46,178,235,0178_1.jpg,0235_2.jpg,0
9,46,262,35,0262_1.jpg,0035_2.jpg,0
9,46,142,201,0142_1.jpg,0201_2.jpg,0
9,46,197,197,0197_1.jpg,0197_2.jpg,1
9,46,210,210,0210_1.jpg,0210_2.jpg,1
9,46,43,43,0043_1.jpg,0043_2.jpg,1
9,46,30,91,0030_1.jpg,0091_2.jpg,0
9,46,123,179,0123_1.jpg,0179_2.jpg,0
9,46,96,158,0096_1.jpg,0158_2.jpg,0
9,46,97,97,0097_1.jpg,0097_2.jpg,1
9,46,204,255,0204_1.jpg,0255_2.jpg,0
9,46,207,258,0207_1.jpg,0258_2.jpg,0
9,46,73,73,0073_1.jpg,0073_2.jpg,1
9,46,103,103,0103_1.jpg,0103_2.jpg,1
9,46,276,276,0276_1.jpg,0276_2.jpg,1
9,46,145,203,0145_1.jpg,0203_2.jpg,0
9,46,75,135,0075_1.jpg,0135_2.jpg,0
9,46,100,100,0100_1.jpg,0100_2.jpg,1
9,46,22,83,0022_1.jpg,0083_2.jpg,0
9,46,167,167,0167_1.jpg,0167_2.jpg,1
9,46,223,223,0223_1.jpg,0223_2.jpg,1
9,46,49,49,0049_1.jpg,0049_2.jpg,1
9,46,18,77,0018_1.jpg,0077_2.jpg,0
9,46,202,202,0202_1.jpg,0202_2.jpg,1
9,46,138,138,0138_1.jpg,0138_2.jpg,1
9,46,1,63,0001_1.jpg,0063_2.jpg,0
9,46,199,250,0199_1.jpg,0250_2.jpg,0
9,46,21,81,0021_1.jpg,0081_2.jpg,0
9,46,152,208,0152_1.jpg,0208_2.jpg,0
9,46,47,47,0047_1.jpg,0047_2.jpg,1
9,46,144,144,0144_1.jpg,0144_2.jpg,1
9,46,224,224,0224_1.jpg,0224_2.jpg,1
9,46,11,74,0011_1.jpg,0074_2.jpg,0
9,46,130,130,0130_1.jpg,0130_2.jpg,1
9,46,25,25,0025_1.jpg,0025_2.jpg,1
9,46,223,273,0223_1.jpg,0273_2.jpg,0
9,46,154,210,0154_1.jpg,0210_2.jpg,0
9,46,222,222,0222_1.jpg,0222_2.jpg,1
9,46,49,107,0049_1.jpg,0107_2.jpg,0
9,46,153,153,0153_1.jpg,0153_2.jpg,1
9,46,61,61,0061_1.jpg,0061_2.jpg,1
9,46,69,130,0069_1.jpg,0130_2.jpg,0
9,46,249,249,0249_1.jpg,0249_2.jpg,1
9,46,8,70,0008_1.jpg,0070_2.jpg,0
9,46,205,205,0205_1.jpg,0205_2.jpg,1
9,46,76,76,0076_1.jpg,0076_2.jpg,1
9,46,97,159,0097_1.jpg,0159_2.jpg,0
9,46,271,49,0271_1.jpg,0049_2.jpg,0
9,46,171,171,0171_1.jpg,0171_2.jpg,1
9,46,209,261,0209_1.jpg,0261_2.jpg,0
9,46,85,146,0085_1.jpg,0146_2.jpg,0
9,46,232,232,0232_1.jpg,0232_2.jpg,1
9,46,239,239,0239_1.jpg,0239_2.jpg,1
9,46,7,69,0007_1.jpg,0069_2.jpg,0
9,46,255,29,0255_1.jpg,0029_2.jpg,0
9,46,156,212,0156_1.jpg,0212_2.jpg,0
9,46,206,206,0206_1.jpg,0206_2.jpg,1
9,46,62,62,0062_1.jpg,0062_2.jpg,1
9,46,26,26,0026_1.jpg,0026_2.jpg,1
9,46,201,252,0201_1.jpg,0252_2.jpg,0
9,46,282,282,0282_1.jpg,0282_2.jpg,1
9,46,27,27,0027_1.jpg,0027_2.jpg,1
9,46,139,199,0139_1.jpg,0199_2.jpg,0
9,46,264,264,0264_1.jpg,0264_2.jpg,1
9,46,131,131,0131_1.jpg,0131_2.jpg,1
9,46,124,124,0124_1.jpg,0124_2.jpg,1
9,46,255,255,0255_1.jpg,0255_2.jpg,1
9,46,162,220,0162_1.jpg,0220_2.jpg,0
9,46,66,127,0066_1.jpg,0127_2.jpg,0
9,46,125,181,0125_1.jpg,0181_2.jpg,0
9,46,42,101,0042_1.jpg,0101_2.jpg,0
9,46,9,9,0009_1.jpg,0009_2.jpg,1
9,46,129,188,0129_1.jpg,0188_2.jpg,0
9,46,162,162,0162_1.jpg,0162_2.jpg,1
9,46,56,56,0056_1.jpg,0056_2.jpg,1
9,46,6,6,0006_1.jpg,0006_2.jpg,1
9,46,125,125,0125_1.jpg,0125_2.jpg,1
9,46,116,171,0116_1.jpg,0171_2.jpg,0
9,46,94,94,0094_1.jpg,0094_2.jpg,1
9,46,192,245,0192_1.jpg,0245_2.jpg,0
9,46,54,110,0054_1.jpg,0110_2.jpg,0
9,46,134,134,0134_1.jpg,0134_2.jpg,1
9,46,238,6,0238_1.jpg,0006_2.jpg,0
9,46,272,272,0272_1.jpg,0272_2.jpg,1
9,46,55,114,0055_1.jpg,0114_2.jpg,0
9,46,19,78,0019_1.jpg,0078_2.jpg,0
9,46,267,267,0267_1.jpg,0267_2.jpg,1
9,46,212,212,0212_1.jpg,0212_2.jpg,1
9,46,1,1,0001_1.jpg,0001_2.jpg,1
9,46,254,254,0254_1.jpg,0254_2.jpg,1
9,46,252,26,0252_1.jpg,0026_2.jpg,0
9,46,105,165,0105_1.jpg,0165_2.jpg,0
9,46,61,122,0061_1.jpg,0122_2.jpg,0
9,46,28,28,0028_1.jpg,0028_2.jpg,1
9,46,268,44,0268_1.jpg,0044_2.jpg,0
9,46,178,178,0178_1.jpg,0178_2.jpg,1
9,46,277,277,0277_1.jpg,0277_2.jpg,1
9,46,241,241,0241_1.jpg,0241_2.jpg,1
9,46,163,221,0163_1.jpg,0221_2.jpg,0
9,46,92,92,0092_1.jpg,0092_2.jpg,1
9,46,281,61,0281_1.jpg,0061_2.jpg,0
9,46,63,124,0063_1.jpg,0124_2.jpg,0
9,46,3,3,0003_1.jpg,0003_2.jpg,1
9,46,55,55,0055_1.jpg,0055_2.jpg,1
9,46,277,57,0277_1.jpg,0057_2.jpg,0
9,46,219,219,0219_1.jpg,0219_2.jpg,1
9,46,262,262,0262_1.jpg,0262_2.jpg,1
9,46,227,278,0227_1.jpg,0278_2.jpg,0
9,46,171,229,0171_1.jpg,0229_2.jpg,0
9,46,59,119,0059_1.jpg,0119_2.jpg,0
9,46,263,263,0263_1.jpg,0263_2.jpg,1
9,46,47,106,0047_1.jpg,0106_2.jpg,0
9,46,19,19,0019_1.jpg,0019_2.jpg,1
9,46,218,218,0218_1.jpg,0218_2.jpg,1
9,46,67,128,0067_1.jpg,0128_2.jpg,0
9,46,267,43,0267_1.jpg,0043_2.jpg,0
9,46,95,95,0095_1.jpg,0095_2.jpg,1
9,46,142,142,0142_1.jpg,0142_2.jpg,1
9,46,198,249,0198_1.jpg,0249_2.jpg,0
9,46,148,206,0148_1.jpg,0206_2.jpg,0
9,46,66,66,0066_1.jpg,0066_2.jpg,1
9,46,174,174,0174_1.jpg,0174_2.jpg,1
9,46,121,176,0121_1.jpg,0176_2.jpg,0
9,46,257,31,0257_1.jpg,0031_2.jpg,0
9,46,12,75,0012_1.jpg,0075_2.jpg,0
9,46,150,207,0150_1.jpg,0207_2.jpg,0
9,46,189,189,0189_1.jpg,0189_2.jpg,1
9,46,56,116,0056_1.jpg,0116_2.jpg,0
9,46,98,98,0098_1.jpg,0098_2.jpg,1
9,46,160,160,0160_1.jpg,0160_2.jpg,1
9,46,279,60,0279_1.jpg,0060_2.jpg,0
9,46,153,209,0153_1.jpg,0209_2.jpg,0
9,46,180,238,0180_1.jpg,0238_2.jpg,0
9,46,79,79,0079_1.jpg,0079_2.jpg,1
9,46,218,268,0218_1.jpg,0268_2.jpg,0
9,46,62,123,0062_1.jpg,0123_2.jpg,0
9,46,164,222,0164_1.jpg,0222_2.jpg,0
9,46,208,260,0208_1.jpg,0260_2.jpg,0
9,46,260,260,0260_1.jpg,0260_2.jpg,1
9,46,185,241,0185_1.jpg,0241_2.jpg,0
9,46,54,54,0054_1.jpg,0054_2.jpg,1
9,46,104,164,0104_1.jpg,0164_2.jpg,0
9,46,206,257,0206_1.jpg,0257_2.jpg,0
9,46,90,90,0090_1.jpg,0090_2.jpg,1
9,46,158,158,0158_1.jpg,0158_2.jpg,1
9,46,34,95,0034_1.jpg,0095_2.jpg,0
9,46,32,32,0032_1.jpg,0032_2.jpg,1
9,46,15,15,0015_1.jpg,0015_2.jpg,1
9,46,193,246,0193_1.jpg,0246_2.jpg,0
9,46,219,269,0219_1.jpg,0269_2.jpg,0
9,46,166,166,0166_1.jpg,0166_2.jpg,1
9,46,146,146,0146_1.jpg,0146_2.jpg,1
9,46,145,145,0145_1.jpg,0145_2.jpg,1
9,46,33,33,0033_1.jpg,0033_2.jpg,1
9,46,174,232,0174_1.jpg,0232_2.jpg,0
9,46,119,119,0119_1.jpg,0119_2.jpg,1
9,46,247,247,0247_1.jpg,0247_2.jpg,1
9,46,29,90,0029_1.jpg,0090_2.jpg,0
9,46,42,42,0042_1.jpg,0042_2.jpg,1
9,46,168,226,0168_1.jpg,0226_2.jpg,0
9,46,83,83,0083_1.jpg,0083_2.jpg,1
9,46,188,188,0188_1.jpg,0188_2.jpg,1
9,46,22,22,0022_1.jpg,0022_2.jpg,1
9,46,157,157,0157_1.jpg,0157_2.jpg,1
9,46,172,231,0172_1.jpg,0231_2.jpg,0
9,46,63,63,0063_1.jpg,0063_2.jpg,1
9,46,57,57,0057_1.jpg,0057_2.jpg,1
9,46,154,154,0154_1.jpg,0154_2.jpg,1
9,46,71,132,0071_1.jpg,0132_2.jpg,0
9,46,147,205,0147_1.jpg,0205_2.jpg,0
9,46,214,266,0214_1.jpg,0266_2.jpg,0
9,46,122,178,0122_1.jpg,0178_2.jpg,0
9,46,200,200,0200_1.jpg,0200_2.jpg,1
9,46,176,234,0176_1.jpg,0234_2.jpg,0
9,46,234,234,0234_1.jpg,0234_2.jpg,1
9,46,169,227,0169_1.jpg,0227_2.jpg,0
9,46,92,154,0092_1.jpg,0154_2.jpg,0
9,46,238,238,0238_1.jpg,0238_2.jpg,1
9,46,257,257,0257_1.jpg,0257_2.jpg,1
9,46,109,109,0109_1.jpg,0109_2.jpg,1
9,46,133,193,0133_1.jpg,0193_2.jpg,0
9,46,269,46,0269_1.jpg,0046_2.jpg,0
9,46,188,242,0188_1.jpg,0242_2.jpg,0
9,46,101,101,0101_1.jpg,0101_2.jpg,1
9,46,254,28,0254_1.jpg,0028_2.jpg,0
9,46,3,66,0003_1.jpg,0066_2.jpg,0
9,46,191,244,0191_1.jpg,0244_2.jpg,0
9,46,170,170,0170_1.jpg,0170_2.jpg,1
9,46,139,139,0139_1.jpg,0139_2.jpg,1
9,46,276,56,0276_1.jpg,0056_2.jpg,0
9,46,231,231,0231_1.jpg,0231_2.jpg,1
9,46,2,2,0002_1.jpg,0002_2.jpg,1
9,46,274,55,0274_1.jpg,0055_2.jpg,0
9,46,124,180,0124_1.jpg,0180_2.jpg,0
9,46,225,225,0225_1.jpg,0225_2.jpg,1
9,46,118,172,0118_1.jpg,0172_2.jpg,0
9,46,93,93,0093_1.jpg,0093_2.jpg,1
9,46,57,118,0057_1.jpg,0118_2.jpg,0
9,46,261,34,0261_1.jpg,0034_2.jpg,0
9,46,77,77,0077_1.jpg,0077_2.jpg,1
9,46,31,31,0031_1.jpg,0031_2.jpg,1
9,46,28,89,0028_1.jpg,0089_2.jpg,0
9,46,96,96,0096_1.jpg,0096_2.jpg,1
9,46,147,147,0147_1.jpg,0147_2.jpg,1
9,46,109,168,0109_1.jpg,0168_2.jpg,0
9,46,252,252,0252_1.jpg,0252_2.jpg,1
9,46,8,8,0008_1.jpg,0008_2.jpg,1
9,46,89,150,0089_1.jpg,0150_2.jpg,0
9,46,226,277,0226_1.jpg,0277_2.jpg,0
9,46,44,44,0044_1.jpg,0044_2.jpg,1
9,46,242,242,0242_1.jpg,0242_2.jpg,1
9,46,237,5,0237_1.jpg,0005_2.jpg,0
9,46,86,86,0086_1.jpg,0086_2.jpg,1
9,46,216,267,0216_1.jpg,0267_2.jpg,0
9,46,216,216,0216_1.jpg,0216_2.jpg,1
9,46,116,116,0116_1.jpg,0116_2.jpg,1
9,46,155,211,0155_1.jpg,0211_2.jpg,0
9,46,51,51,0051_1.jpg,0051_2.jpg,1
9,46,231,282,0231_1.jpg,0282_2.jpg,0
9,46,103,163,0103_1.jpg,0163_2.jpg,0
9,46,74,74,0074_1.jpg,0074_2.jpg,1
9,46,69,69,0069_1.jpg,0069_2.jpg,1
9,46,59,59,0059_1.jpg,0059_2.jpg,1
9,46,31,92,0031_1.jpg,0092_2.jpg,0
9,46,161,161,0161_1.jpg,0161_2.jpg,1
9,46,279,279,0279_1.jpg,0279_2.jpg,1
9,46,203,254,0203_1.jpg,0254_2.jpg,0
9,46,78,140,0078_1.jpg,0140_2.jpg,0
9,46,159,159,0159_1.jpg,0159_2.jpg,1
9,46,118,118,0118_1.jpg,0118_2.jpg,1
9,46,83,145,0083_1.jpg,0145_2.jpg,0
9,46,203,203,0203_1.jpg,0203_2.jpg,1
9,46,185,185,0185_1.jpg,0185_2.jpg,1
9,46,180,180,0180_1.jpg,0180_2.jpg,1
9,46,278,59,0278_1.jpg,0059_2.jpg,0
9,46,160,218,0160_1.jpg,0218_2.jpg,0
9,46,65,125,0065_1.jpg,0125_2.jpg,0
9,46,208,208,0208_1.jpg,0208_2.jpg,1
9,46,248,20,0248_1.jpg,0020_2.jpg,0
9,46,70,131,0070_1.jpg,0131_2.jpg,0
9,46,228,228,0228_1.jpg,0228_2.jpg,1
9,46,222,272,0222_1.jpg,0272_2.jpg,0
9,46,101,162,0101_1.jpg,0162_2.jpg,0
9,46,181,181,0181_1.jpg,0181_2.jpg,1
9,46,2,65,0002_1.jpg,0065_2.jpg,0
9,46,32,93,0032_1.jpg,0093_2.jpg,0
9,46,86,147,0086_1.jpg,0147_2.jpg,0
9,46,34,34,0034_1.jpg,0034_2.jpg,1
9,46,159,216,0159_1.jpg,0216_2.jpg,0
9,46,46,105,0046_1.jpg,0105_2.jpg,0
9,46,60,121,0060_1.jpg,0121_2.jpg,0
9,46,270,47,0270_1.jpg,0047_2.jpg,0
9,46,93,155,0093_1.jpg,0155_2.jpg,0
9,46,196,196,0196_1.jpg,0196_2.jpg,1
9,46,91,91,0091_1.jpg,0091_2.jpg,1
9,46,73,133,0073_1.jpg,0133_2.jpg,0
9,46,77,139,0077_1.jpg,0139_2.jpg,0
9,46,261,261,0261_1.jpg,0261_2.jpg,1
9,46,10,73,0010_1.jpg,0073_2.jpg,0
9,46,35,96,0035_1.jpg,0096_2.jpg,0
9,46,104,104,0104_1.jpg,0104_2.jpg,1
9,46,192,192,0192_1.jpg,0192_2.jpg,1
9,46,163,163,0163_1.jpg,0163_2.jpg,1
9,46,127,183,0127_1.jpg,0183_2.jpg,0
9,46,146,204,0146_1.jpg,0204_2.jpg,0
9,46,165,223,0165_1.jpg,0223_2.jpg,0
9,46,249,21,0249_1.jpg,0021_2.jpg,0
9,46,274,274,0274_1.jpg,0274_2.jpg,1
9,46,165,165,0165_1.jpg,0165_2.jpg,1
9,46,130,189,0130_1.jpg,0189_2.jpg,0
9,46,51,109,0051_1.jpg,0109_2.jpg,0
9,46,128,185,0128_1.jpg,0185_2.jpg,0
9,46,179,179,0179_1.jpg,0179_2.jpg,1
9,46,282,62,0282_1.jpg,0062_2.jpg,0
9,46,211,263,0211_1.jpg,0263_2.jpg,0
9,46,271,271,0271_1.jpg,0271_2.jpg,1
9,46,270,270,0270_1.jpg,0270_2.jpg,1
9,46,135,197,0135_1.jpg,0197_2.jpg,0
9,46,35,35,0035_1.jpg,0035_2.jpg,1
9,46,110,110,0110_1.jpg,0110_2.jpg,1
9,46,18,18,0018_1.jpg,0018_2.jpg,1
9,46,201,201,0201_1.jpg,0201_2.jpg,1
9,46,266,42,0266_1.jpg,0042_2.jpg,0
9,46,263,38,0263_1.jpg,0038_2.jpg,0
9,46,183,240,0183_1.jpg,0240_2.jpg,0
9,46,5,5,0005_1.jpg,0005_2.jpg,1
9,46,251,251,0251_1.jpg,0251_2.jpg,1
9,46,240,240,0240_1.jpg,0240_2.jpg,1
9,46,268,268,0268_1.jpg,0268_2.jpg,1
9,46,273,54,0273_1.jpg,0054_2.jpg,0
9,46,260,33,0260_1.jpg,0033_2.jpg,0
9,46,106,166,0106_1.jpg,0166_2.jpg,0
9,46,107,107,0107_1.jpg,0107_2.jpg,1
9,46,221,221,0221_1.jpg,0221_2.jpg,1
9,46,20,20,0020_1.jpg,0020_2.jpg,1
9,46,226,226,0226_1.jpg,0226_2.jpg,1
9,46,40,40,0040_1.jpg,0040_2.jpg,1
9,46,26,86,0026_1.jpg,0086_2.jpg,0
9,46,237,237,0237_1.jpg,0237_2.jpg,1
9,46,81,81,0081_1.jpg,0081_2.jpg,1
9,46,265,40,0265_1.jpg,0040_2.jpg,0
9,46,232,1,0232_1.jpg,0001_2.jpg,0
9,46,273,273,0273_1.jpg,0273_2.jpg,1
9,46,148,148,0148_1.jpg,0148_2.jpg,1
9,46,256,30,0256_1.jpg,0030_2.jpg,0
9,46,10,10,0010_1.jpg,0010_2.jpg,1
9,46,131,191,0131_1.jpg,0191_2.jpg,0
9,46,150,150,0150_1.jpg,0150_2.jpg,1
9,46,38,97,0038_1.jpg,0097_2.jpg,0
10,190,106,106,0106_1.jpg,0106_2.jpg,1
10,190,11,253,0011_1.jpg,0253_2.jpg,0
10,190,257,257,0257_1.jpg,0257_2.jpg,1
10,190,74,74,0074_1.jpg,0074_2.jpg,1
10,190,226,181,0226_1.jpg,0181_2.jpg,0
10,190,123,74,0123_1.jpg,0074_2.jpg,0
10,190,158,109,0158_1.jpg,0109_2.jpg,0
10,190,129,129,0129_1.jpg,0129_2.jpg,1
10,190,255,255,0255_1.jpg,0255_2.jpg,1
10,190,19,257,0019_1.jpg,0257_2.jpg,0
10,190,179,134,0179_1.jpg,0134_2.jpg,0
10,190,159,159,0159_1.jpg,0159_2.jpg,1
10,190,228,228,0228_1.jpg,0228_2.jpg,1
10,190,91,43,0091_1.jpg,0043_2.jpg,0
10,190,12,12,0012_1.jpg,0012_2.jpg,1
10,190,140,92,0140_1.jpg,0092_2.jpg,0
10,190,162,162,0162_1.jpg,0162_2.jpg,1
10,190,222,176,0222_1.jpg,0176_2.jpg,0
10,190,69,21,0069_1.jpg,0021_2.jpg,0
10,190,244,244,0244_1.jpg,0244_2.jpg,1
10,190,121,121,0121_1.jpg,0121_2.jpg,1
10,190,116,116,0116_1.jpg,0116_2.jpg,1
10,190,79,79,0079_1.jpg,0079_2.jpg,1
10,190,3,3,0003_1.jpg,0003_2.jpg,1
10,190,254,254,0254_1.jpg,0254_2.jpg,1
10,190,83,34,0083_1.jpg,0034_2.jpg,0
10,190,105,61,0105_1.jpg,0061_2.jpg,0
10,190,150,150,0150_1.jpg,0150_2.jpg,1
10,190,262,222,0262_1.jpg,0222_2.jpg,0
10,190,205,205,0205_1.jpg,0205_2.jpg,1
10,190,192,192,0192_1.jpg,0192_2.jpg,1
10,190,241,241,0241_1.jpg,0241_2.jpg,1
10,190,121,71,0121_1.jpg,0071_2.jpg,0
10,190,34,34,0034_1.jpg,0034_2.jpg,1
10,190,132,132,0132_1.jpg,0132_2.jpg,1
10,190,164,121,0164_1.jpg,0121_2.jpg,0
10,190,75,28,0075_1.jpg,0028_2.jpg,0
10,190,260,260,0260_1.jpg,0260_2.jpg,1
10,190,38,273,0038_1.jpg,0273_2.jpg,0
10,190,256,256,0256_1.jpg,0256_2.jpg,1
10,190,154,104,0154_1.jpg,0104_2.jpg,0
10,190,246,246,0246_1.jpg,0246_2.jpg,1
10,190,105,105,0105_1.jpg,0105_2.jpg,1
10,190,270,231,0270_1.jpg,0231_2.jpg,0
10,190,231,231,0231_1.jpg,0231_2.jpg,1
10,190,231,189,0231_1.jpg,0189_2.jpg,0
10,190,279,241,0279_1.jpg,0241_2.jpg,0
10,190,122,122,0122_1.jpg,0122_2.jpg,1
10,190,98,98,0098_1.jpg,0098_2.jpg,1
10,190,73,26,0073_1.jpg,0026_2.jpg,0
10,190,104,60,0104_1.jpg,0060_2.jpg,0
10,190,54,3,0054_1.jpg,0003_2.jpg,0
10,190,218,170,0218_1.jpg,0170_2.jpg,0
10,190,167,124,0167_1.jpg,0124_2.jpg,0
10,190,166,166,0166_1.jpg,0166_2.jpg,1
10,190,134,134,0134_1.jpg,0134_2.jpg,1
10,190,234,192,0234_1.jpg,0192_2.jpg,0
10,190,28,265,0028_1.jpg,0265_2.jpg,0
10,190,76,76,0076_1.jpg,0076_2.jpg,1
10,190,7,249,0007_1.jpg,0249_2.jpg,0
10,190,261,221,0261_1.jpg,0221_2.jpg,0
10,190,107,63,0107_1.jpg,0063_2.jpg,0
10,190,158,158,0158_1.jpg,0158_2.jpg,1
10,190,279,279,0279_1.jpg,0279_2.jpg,1
10,190,31,31,0031_1.jpg,0031_2.jpg,1
10,190,1,244,0001_1.jpg,0244_2.jpg,0
10,190,29,266,0029_1.jpg,0266_2.jpg,0
10,190,161,116,0161_1.jpg,0116_2.jpg,0
10,190,235,193,0235_1.jpg,0193_2.jpg,0
10,190,238,238,0238_1.jpg,0238_2.jpg,1
10,190,216,216,0216_1.jpg,0216_2.jpg,1
10,190,179,179,0179_1.jpg,0179_2.jpg,1
10,190,5,5,0005_1.jpg,0005_2.jpg,1
10,190,250,250,0250_1.jpg,0250_2.jpg,1
10,190,118,69,0118_1.jpg,0069_2.jpg,0
10,190,213,167,0213_1.jpg,0167_2.jpg,0
10,190,39,39,0039_1.jpg,0039_2.jpg,1
10,190,85,35,0085_1.jpg,0035_2.jpg,0
10,190,110,110,0110_1.jpg,0110_2.jpg,1
10,190,31,268,0031_1.jpg,0268_2.jpg,0
10,190,166,123,0166_1.jpg,0123_2.jpg,0
10,190,176,176,0176_1.jpg,0176_2.jpg,1
10,190,266,226,0266_1.jpg,0226_2.jpg,0
10,190,30,30,0030_1.jpg,0030_2.jpg,1
10,190,203,157,0203_1.jpg,0157_2.jpg,0
10,190,251,251,0251_1.jpg,0251_2.jpg,1
10,190,196,196,0196_1.jpg,0196_2.jpg,1
10,190,170,170,0170_1.jpg,0170_2.jpg,1
10,190,168,168,0168_1.jpg,0168_2.jpg,1
10,190,193,147,0193_1.jpg,0147_2.jpg,0
10,190,278,278,0278_1.jpg,0278_2.jpg,1
10,190,225,180,0225_1.jpg,0180_2.jpg,0
10,190,273,273,0273_1.jpg,0273_2.jpg,1
10,190,107,107,0107_1.jpg,0107_2.jpg,1
10,190,95,49,0095_1.jpg,0049_2.jpg,0
10,190,220,172,0220_1.jpg,0172_2.jpg,0
10,190,210,164,0210_1.jpg,0164_2.jpg,0
10,190,257,218,0257_1.jpg,0218_2.jpg,0
10,190,245,245,0245_1.jpg,0245_2.jpg,1
10,190,219,219,0219_1.jpg,0219_2.jpg,1
10,190,157,157,0157_1.jpg,0157_2.jpg,1
10,190,197,197,0197_1.jpg,0197_2.jpg,1
10,190,180,135,0180_1.jpg,0135_2.jpg,0
10,190,274,237,0274_1.jpg,0237_2.jpg,0
10,190,124,124,0124_1.jpg,0124_2.jpg,1
10,190,42,42,0042_1.jpg,0042_2.jpg,1
10,190,247,247,0247_1.jpg,0247_2.jpg,1
10,190,62,11,0062_1.jpg,0011_2.jpg,0
10,190,127,127,0127_1.jpg,0127_2.jpg,1
10,190,135,135,0135_1.jpg,0135_2.jpg,1
10,190,18,256,0018_1.jpg,0256_2.jpg,0
10,190,160,160,0160_1.jpg,0160_2.jpg,1
10,190,97,54,0097_1.jpg,0054_2.jpg,0
10,190,86,38,0086_1.jpg,0038_2.jpg,0
10,190,274,274,0274_1.jpg,0274_2.jpg,1
10,190,239,198,0239_1.jpg,0198_2.jpg,0
10,190,281,281,0281_1.jpg,0281_2.jpg,1
10,190,132,85,0132_1.jpg,0085_2.jpg,0
10,190,46,46,0046_1.jpg,0046_2.jpg,1
10,190,146,146,0146_1.jpg,0146_2.jpg,1
10,190,148,148,0148_1.jpg,0148_2.jpg,1
10,190,209,163,0209_1.jpg,0163_2.jpg,0
10,190,144,94,0144_1.jpg,0094_2.jpg,0
10,190,40,40,0040_1.jpg,0040_2.jpg,1
10,190,77,30,0077_1.jpg,0030_2.jpg,0
10,190,15,255,0015_1.jpg,0255_2.jpg,0
10,190,122,73,0122_1.jpg,0073_2.jpg,0
10,190,61,10,0061_1.jpg,0010_2.jpg,0
10,190,55,55,0055_1.jpg,0055_2.jpg,1
10,190,91,91,0091_1.jpg,0091_2.jpg,1
10,190,22,261,0022_1.jpg,0261_2.jpg,0
10,190,222,222,0222_1.jpg,0222_2.jpg,1
10,190,210,210,0210_1.jpg,0210_2.jpg,1
10,190,2,245,0002_1.jpg,0245_2.jpg,0
10,190,258,258,0258_1.jpg,0258_2.jpg,1
10,190,89,40,0089_1.jpg,0040_2.jpg,0
10,190,131,83,0131_1.jpg,0083_2.jpg,0
10,190,232,232,0232_1.jpg,0232_2.jpg,1
10,190,207,207,0207_1.jpg,0207_2.jpg,1
10,190,29,29,0029_1.jpg,0029_2.jpg,1
10,190,209,209,0209_1.jpg,0209_2.jpg,1
10,190,90,90,0090_1.jpg,0090_2.jpg,1
10,190,25,262,0025_1.jpg,0262_2.jpg,0
10,190,237,237,0237_1.jpg,0237_2.jpg,1
10,190,161,161,0161_1.jpg,0161_2.jpg,1
10,190,185,185,0185_1.jpg,0185_2.jpg,1
10,190,198,152,0198_1.jpg,0152_2.jpg,0
10,190,15,15,0015_1.jpg,0015_2.jpg,1
10,190,273,235,0273_1.jpg,0235_2.jpg,0
10,190,74,27,0074_1.jpg,0027_2.jpg,0
10,190,183,183,0183_1.jpg,0183_2.jpg,1
10,190,59,8,0059_1.jpg,0008_2.jpg,0
10,190,1,1,0001_1.jpg,0001_2.jpg,1
10,190,252,211,0252_1.jpg,0211_2.jpg,0
10,190,76,29,0076_1.jpg,0029_2.jpg,0
10,190,138,90,0138_1.jpg,0090_2.jpg,0
10,190,226,226,0226_1.jpg,0226_2.jpg,1
10,190,153,103,0153_1.jpg,0103_2.jpg,0
10,190,71,25,0071_1.jpg,0025_2.jpg,0
10,190,220,220,0220_1.jpg,0220_2.jpg,1
10,190,130,130,0130_1.jpg,0130_2.jpg,1
10,190,78,31,0078_1.jpg,0031_2.jpg,0
10,190,65,15,0065_1.jpg,0015_2.jpg,0
10,190,65,65,0065_1.jpg,0065_2.jpg,1
10,190,146,96,0146_1.jpg,0096_2.jpg,0
10,190,2,2,0002_1.jpg,0002_2.jpg,1
10,190,119,119,0119_1.jpg,0119_2.jpg,1
10,190,154,154,0154_1.jpg,0154_2.jpg,1
10,190,54,54,0054_1.jpg,0054_2.jpg,1
10,190,247,206,0247_1.jpg,0206_2.jpg,0
10,190,196,148,0196_1.jpg,0148_2.jpg,0
10,190,55,5,0055_1.jpg,0005_2.jpg,0
10,190,32,32,0032_1.jpg,0032_2.jpg,1
10,190,128,78,0128_1.jpg,0078_2.jpg,0
10,190,228,185,0228_1.jpg,0185_2.jpg,0
10,190,272,272,0272_1.jpg,0272_2.jpg,1
10,190,81,81,0081_1.jpg,0081_2.jpg,1
10,190,272,234,0272_1.jpg,0234_2.jpg,0
10,190,128,128,0128_1.jpg,0128_2.jpg,1
10,190,206,206,0206_1.jpg,0206_2.jpg,1
10,190,266,266,0266_1.jpg,0266_2.jpg,1
10,190,21,260,0021_1.jpg,0260_2.jpg,0
10,190,19,19,0019_1.jpg,0019_2.jpg,1
10,190,70,70,0070_1.jpg,0070_2.jpg,1
10,190,63,12,0063_1.jpg,0012_2.jpg,0
10,190,256,216,0256_1.jpg,0216_2.jpg,0
10,190,240,240,0240_1.jpg,0240_2.jpg,1
10,190,114,67,0114_1.jpg,0067_2.jpg,0
10,190,235,235,0235_1.jpg,0235_2.jpg,1
10,190,269,269,0269_1.jpg,0269_2.jpg,1
10,190,221,221,0221_1.jpg,0221_2.jpg,1
10,190,264,264,0264_1.jpg,0264_2.jpg,1
10,190,40,276,0040_1.jpg,0276_2.jpg,0
10,190,213,213,0213_1.jpg,0213_2.jpg,1
10,190,6,6,0006_1.jpg,0006_2.jpg,1
10,190,221,174,0221_1.jpg,0174_2.jpg,0
10,190,71,71,0071_1.jpg,0071_2.jpg,1
10,190,18,18,0018_1.jpg,0018_2.jpg,1
10,190,147,147,0147_1.jpg,0147_2.jpg,1
10,190,200,200,0200_1.jpg,0200_2.jpg,1
10,190,265,225,0265_1.jpg,0225_2.jpg,0
10,190,119,70,0119_1.jpg,0070_2.jpg,0
10,190,181,138,0181_1.jpg,0138_2.jpg,0
10,190,28,28,0028_1.jpg,0028_2.jpg,1
10,190,241,200,0241_1.jpg,0200_2.jpg,0
10,190,123,123,0123_1.jpg,0123_2.jpg,1
10,190,211,165,0211_1.jpg,0165_2.jpg,0
10,190,57,7,0057_1.jpg,0007_2.jpg,0
10,190,34,271,0034_1.jpg,0271_2.jpg,0
10,190,109,65,0109_1.jpg,0065_2.jpg,0
10,190,49,49,0049_1.jpg,0049_2.jpg,1
10,190,138,138,0138_1.jpg,0138_2.jpg,1
10,190,155,105,0155_1.jpg,0105_2.jpg,0
10,190,101,57,0101_1.jpg,0057_2.jpg,0
10,190,90,42,0090_1.jpg,0042_2.jpg,0
10,190,178,133,0178_1.jpg,0133_2.jpg,0
10,190,188,142,0188_1.jpg,0142_2.jpg,0
10,190,12,254,0012_1.jpg,0254_2.jpg,0
10,190,167,167,0167_1.jpg,0167_2.jpg,1
10,190,100,100,0100_1.jpg,0100_2.jpg,1
10,190,139,91,0139_1.jpg,0091_2.jpg,0
10,190,9,251,0009_1.jpg,0251_2.jpg,0
10,190,92,92,0092_1.jpg,0092_2.jpg,1
10,190,199,153,0199_1.jpg,0153_2.jpg,0
10,190,168,125,0168_1.jpg,0125_2.jpg,0
10,190,131,131,0131_1.jpg,0131_2.jpg,1
10,190,38,38,0038_1.jpg,0038_2.jpg,1
10,190,62,62,0062_1.jpg,0062_2.jpg,1
10,190,202,202,0202_1.jpg,0202_2.jpg,1
10,190,224,179,0224_1.jpg,0179_2.jpg,0
10,190,250,209,0250_1.jpg,0209_2.jpg,0
10,190,267,267,0267_1.jpg,0267_2.jpg,1
10,190,282,243,0282_1.jpg,0243_2.jpg,0
10,190,243,202,0243_1.jpg,0202_2.jpg,0
10,190,244,203,0244_1.jpg,0203_2.jpg,0
10,190,211,211,0211_1.jpg,0211_2.jpg,1
10,190,242,201,0242_1.jpg,0201_2.jpg,0
10,190,87,39,0087_1.jpg,0039_2.jpg,0
10,190,22,22,0022_1.jpg,0022_2.jpg,1
10,190,207,161,0207_1.jpg,0161_2.jpg,0
10,190,47,282,0047_1.jpg,0282_2.jpg,0
10,190,67,67,0067_1.jpg,0067_2.jpg,1
10,190,152,152,0152_1.jpg,0152_2.jpg,1
10,190,169,169,0169_1.jpg,0169_2.jpg,1
10,190,144,144,0144_1.jpg,0144_2.jpg,1
10,190,214,168,0214_1.jpg,0168_2.jpg,0
10,190,197,150,0197_1.jpg,0150_2.jpg,0
10,190,73,73,0073_1.jpg,0073_2.jpg,1
10,190,243,243,0243_1.jpg,0243_2.jpg,1
10,190,157,107,0157_1.jpg,0107_2.jpg,0
10,190,223,178,0223_1.jpg,0178_2.jpg,0
10,190,208,208,0208_1.jpg,0208_2.jpg,1
10,190,171,171,0171_1.jpg,0171_2.jpg,1
10,190,63,63,0063_1.jpg,0063_2.jpg,1
10,190,140,140,0140_1.jpg,0140_2.jpg,1
10,190,26,263,0026_1.jpg,0263_2.jpg,0
10,190,202,156,0202_1.jpg,0156_2.jpg,0
10,190,252,252,0252_1.jpg,0252_2.jpg,1
10,190,185,140,0185_1.jpg,0140_2.jpg,0
10,190,205,159,0205_1.jpg,0159_2.jpg,0
10,190,77,77,0077_1.jpg,0077_2.jpg,1
10,190,60,9,0060_1.jpg,0009_2.jpg,0
10,190,145,145,0145_1.jpg,0145_2.jpg,1
10,190,223,223,0223_1.jpg,0223_2.jpg,1
10,190,51,51,0051_1.jpg,0051_2.jpg,1
10,190,268,268,0268_1.jpg,0268_2.jpg,1
10,190,200,154,0200_1.jpg,0154_2.jpg,0
10,190,237,196,0237_1.jpg,0196_2.jpg,0
10,190,271,232,0271_1.jpg,0232_2.jpg,0
10,190,109,109,0109_1.jpg,0109_2.jpg,1
10,190,103,59,0103_1.jpg,0059_2.jpg,0
10,190,94,47,0094_1.jpg,0047_2.jpg,0
10,190,192,146,0192_1.jpg,0146_2.jpg,0
10,190,160,114,0160_1.jpg,0114_2.jpg,0
10,190,68,68,0068_1.jpg,0068_2.jpg,1
10,190,135,89,0135_1.jpg,0089_2.jpg,0
10,190,44,279,0044_1.jpg,0279_2.jpg,0
10,190,203,203,0203_1.jpg,0203_2.jpg,1
10,190,238,197,0238_1.jpg,0197_2.jpg,0
10,190,281,242,0281_1.jpg,0242_2.jpg,0
10,190,264,224,0264_1.jpg,0224_2.jpg,0
10,190,124,75,0124_1.jpg,0075_2.jpg,0
10,190,229,229,0229_1.jpg,0229_2.jpg,1
10,190,165,122,0165_1.jpg,0122_2.jpg,0
10,190,3,246,0003_1.jpg,0246_2.jpg,0
10,190,263,223,0263_1.jpg,0223_2.jpg,0
10,190,46,281,0046_1.jpg,0281_2.jpg,0
10,190,87,87,0087_1.jpg,0087_2.jpg,1
10,190,204,158,0204_1.jpg,0158_2.jpg,0
10,190,255,214,0255_1.jpg,0214_2.jpg,0
10,190,47,47,0047_1.jpg,0047_2.jpg,1
10,190,219,171,0219_1.jpg,0171_2.jpg,0
10,190,191,191,0191_1.jpg,0191_2.jpg,1
10,190,7,7,0007_1.jpg,0007_2.jpg,1
10,190,56,56,0056_1.jpg,0056_2.jpg,1
10,190,265,265,0265_1.jpg,0265_2.jpg,1
10,190,174,131,0174_1.jpg,0131_2.jpg,0
10,190,277,239,0277_1.jpg,0239_2.jpg,0
10,190,234,234,0234_1.jpg,0234_2.jpg,1
10,190,212,212,0212_1.jpg,0212_2.jpg,1
10,190,61,61,0061_1.jpg,0061_2.jpg,1
10,190,110,66,0110_1.jpg,0066_2.jpg,0
10,190,20,20,0020_1.jpg,0020_2.jpg,1
10,190,79,32,0079_1.jpg,0032_2.jpg,0
10,190,94,94,0094_1.jpg,0094_2.jpg,1
10,190,245,204,0245_1.jpg,0204_2.jpg,0
10,190,49,1,0049_1.jpg,0001_2.jpg,0
10,190,8,8,0008_1.jpg,0008_2.jpg,1
10,190,30,267,0030_1.jpg,0267_2.jpg,0
10,190,51,2,0051_1.jpg,0002_2.jpg,0
10,190,239,239,0239_1.jpg,0239_2.jpg,1
10,190,118,118,0118_1.jpg,0118_2.jpg,1
10,190,125,125,0125_1.jpg,0125_2.jpg,1
10,190,199,199,0199_1.jpg,0199_2.jpg,1
10,190,100,56,0100_1.jpg,0056_2.jpg,0
10,190,11,11,0011_1.jpg,0011_2.jpg,1
10,190,225,225,0225_1.jpg,0225_2.jpg,1
10,190,276,276,0276_1.jpg,0276_2.jpg,1
10,190,193,193,0193_1.jpg,0193_2.jpg,1
10,190,56,6,0056_1.jpg,0006_2.jpg,0
10,190,227,227,0227_1.jpg,0227_2.jpg,1
10,190,33,270,0033_1.jpg,0270_2.jpg,0
10,190,96,51,0096_1.jpg,0051_2.jpg,0
10,190,129,79,0129_1.jpg,0079_2.jpg,0
10,190,201,201,0201_1.jpg,0201_2.jpg,1
10,190,170,128,0170_1.jpg,0128_2.jpg,0
10,190,176,132,0176_1.jpg,0132_2.jpg,0
10,190,89,89,0089_1.jpg,0089_2.jpg,1
10,190,276,238,0276_1.jpg,0238_2.jpg,0
10,190,44,44,0044_1.jpg,0044_2.jpg,1
10,190,165,165,0165_1.jpg,0165_2.jpg,1
10,190,189,144,0189_1.jpg,0144_2.jpg,0
10,190,96,96,0096_1.jpg,0096_2.jpg,1
10,190,95,95,0095_1.jpg,0095_2.jpg,1
10,190,33,33,0033_1.jpg,0033_2.jpg,1
10,190,162,118,0162_1.jpg,0118_2.jpg,0
10,190,75,75,0075_1.jpg,0075_2.jpg,1
10,190,139,139,0139_1.jpg,0139_2.jpg,1
10,190,155,155,0155_1.jpg,0155_2.jpg,1
10,190,69,69,0069_1.jpg,0069_2.jpg,1
10,190,246,205,0246_1.jpg,0205_2.jpg,0
10,190,20,258,0020_1.jpg,0258_2.jpg,0
10,190,248,207,0248_1.jpg,0207_2.jpg,0
10,190,277,277,0277_1.jpg,0277_2.jpg,1
10,190,133,133,0133_1.jpg,0133_2.jpg,1
10,190,150,100,0150_1.jpg,0100_2.jpg,0
10,190,67,19,0067_1.jpg,0019_2.jpg,0
10,190,278,240,0278_1.jpg,0240_2.jpg,0
10,190,70,22,0070_1.jpg,0022_2.jpg,0
10,190,66,66,0066_1.jpg,0066_2.jpg,1
10,190,218,218,0218_1.jpg,0218_2.jpg,1
10,190,282,282,0282_1.jpg,0282_2.jpg,1
10,190,26,26,0026_1.jpg,0026_2.jpg,1
10,190,66,18,0066_1.jpg,0018_2.jpg,0
10,190,104,104,0104_1.jpg,0104_2.jpg,1
10,190,9,9,0009_1.jpg,0009_2.jpg,1
10,190,262,262,0262_1.jpg,0262_2.jpg,1
10,190,253,253,0253_1.jpg,0253_2.jpg,1
10,190,147,97,0147_1.jpg,0097_2.jpg,0
10,190,5,247,0005_1.jpg,0247_2.jpg,0
10,190,59,59,0059_1.jpg,0059_2.jpg,1
10,190,269,229,0269_1.jpg,0229_2.jpg,0
10,190,163,119,0163_1.jpg,0119_2.jpg,0
10,190,248,248,0248_1.jpg,0248_2.jpg,1
10,190,39,274,0039_1.jpg,0274_2.jpg,0
10,190,254,213,0254_1.jpg,0213_2.jpg,0
10,190,206,160,0206_1.jpg,0160_2.jpg,0
10,190,201,155,0201_1.jpg,0155_2.jpg,0
10,190,216,169,0216_1.jpg,0169_2.jpg,0
10,190,229,188,0229_1.jpg,0188_2.jpg,0
10,190,133,86,0133_1.jpg,0086_2.jpg,0
10,190,81,33,0081_1.jpg,0033_2.jpg,0
10,190,271,271,0271_1.jpg,0271_2.jpg,1
10,190,189,189,0189_1.jpg,0189_2.jpg,1
10,190,85,85,0085_1.jpg,0085_2.jpg,1
10,190,156,106,0156_1.jpg,0106_2.jpg,0
10,190,35,272,0035_1.jpg,0272_2.jpg,0
10,190,130,81,0130_1.jpg,0081_2.jpg,0
10,190,188,188,0188_1.jpg,0188_2.jpg,1
10,190,93,93,0093_1.jpg,0093_2.jpg,1
10,190,267,227,0267_1.jpg,0227_2.jpg,0
10,190,178,178,0178_1.jpg,0178_2.jpg,1
10,190,6,248,0006_1.jpg,0248_2.jpg,0
10,190,114,114,0114_1.jpg,0114_2.jpg,1
10,190,134,87,0134_1.jpg,0087_2.jpg,0
10,190,97,97,0097_1.jpg,0097_2.jpg,1
10,190,174,174,0174_1.jpg,0174_2.jpg,1
10,190,163,163,0163_1.jpg,0163_2.jpg,1
10,190,125,76,0125_1.jpg,0076_2.jpg,0
10,190,240,199,0240_1.jpg,0199_2.jpg,0
10,190,93,46,0093_1.jpg,0046_2.jpg,0
10,190,172,172,0172_1.jpg,0172_2.jpg,1
10,190,260,220,0260_1.jpg,0220_2.jpg,0
10,190,145,95,0145_1.jpg,0095_2.jpg,0
10,190,183,139,0183_1.jpg,0139_2.jpg,0
10,190,78,78,0078_1.jpg,0078_2.jpg,1
10,190,214,214,0214_1.jpg,0214_2.jpg,1
10,190,232,191,0232_1.jpg,0191_2.jpg,0
10,190,10,252,0010_1.jpg,0252_2.jpg,0
10,190,171,129,0171_1.jpg,0129_2.jpg,0
10,190,32,269,0032_1.jpg,0269_2.jpg,0
10,190,242,242,0242_1.jpg,0242_2.jpg,1
10,190,21,21,0021_1.jpg,0021_2.jpg,1
10,190,27,27,0027_1.jpg,0027_2.jpg,1
10,190,83,83,0083_1.jpg,0083_2.jpg,1
10,190,224,224,0224_1.jpg,0224_2.jpg,1
10,190,86,86,0086_1.jpg,0086_2.jpg,1
10,190,101,101,0101_1.jpg,0101_2.jpg,1
10,190,142,93,0142_1.jpg,0093_2.jpg,0
10,190,148,98,0148_1.jpg,0098_2.jpg,0
10,190,253,212,0253_1.jpg,0212_2.jpg,0
10,190,258,219,0258_1.jpg,0219_2.jpg,0
10,190,249,249,0249_1.jpg,0249_2.jpg,1
10,190,57,57,0057_1.jpg,0057_2.jpg,1
10,190,68,20,0068_1.jpg,0020_2.jpg,0
10,190,43,278,0043_1.jpg,0278_2.jpg,0
10,190,208,162,0208_1.jpg,0162_2.jpg,0
10,190,43,43,0043_1.jpg,0043_2.jpg,1
10,190,142,142,0142_1.jpg,0142_2.jpg,1
10,190,25,25,0025_1.jpg,0025_2.jpg,1
10,190,180,180,0180_1.jpg,0180_2.jpg,1
10,190,42,277,0042_1.jpg,0277_2.jpg,0
10,190,249,208,0249_1.jpg,0208_2.jpg,0
10,190,268,228,0268_1.jpg,0228_2.jpg,0
10,190,212,166,0212_1.jpg,0166_2.jpg,0
10,190,181,181,0181_1.jpg,0181_2.jpg,1
10,190,153,153,0153_1.jpg,0153_2.jpg,1
10,190,27,264,0027_1.jpg,0264_2.jpg,0
10,190,204,204,0204_1.jpg,0204_2.jpg,1
10,190,116,68,0116_1.jpg,0068_2.jpg,0
10,190,127,77,0127_1.jpg,0077_2.jpg,0
10,190,198,198,0198_1.jpg,0198_2.jpg,1
10,190,270,270,0270_1.jpg,0270_2.jpg,1
10,190,35,35,0035_1.jpg,0035_2.jpg,1
10,190,92,44,0092_1.jpg,0044_2.jpg,0
10,190,10,10,0010_1.jpg,0010_2.jpg,1
10,190,159,110,0159_1.jpg,0110_2.jpg,0
10,190,169,127,0169_1.jpg,0127_2.jpg,0
10,190,191,145,0191_1.jpg,0145_2.jpg,0
10,190,152,101,0152_1.jpg,0101_2.jpg,0
10,190,227,183,0227_1.jpg,0183_2.jpg,0
10,190,106,62,0106_1.jpg,0062_2.jpg,0
10,190,164,164,0164_1.jpg,0164_2.jpg,1
10,190,251,210,0251_1.jpg,0210_2.jpg,0
10,190,156,156,0156_1.jpg,0156_2.jpg,1
10,190,263,263,0263_1.jpg,0263_2.jpg,1
10,190,261,261,0261_1.jpg,0261_2.jpg,1
10,190,60,60,0060_1.jpg,0060_2.jpg,1
10,190,98,55,0098_1.jpg,0055_2.jpg,0
10,190,8,250,0008_1.jpg,0250_2.jpg,0
10,190,172,130,0172_1.jpg,0130_2.jpg,0
10,190,103,103,0103_1.jpg,0103_2.jpg,1
