epoch,filename_a,filename_b,writer_a,writer_b,pair_label,pair_type,negative_offset
1,0074_1.jpg,0074_2.jpg,74,74,1,genuine,0
1,0021_1.jpg,0021_2.jpg,21,21,1,genuine,0
1,0216_1.jpg,0216_2.jpg,216,216,1,genuine,0
1,0188_1.jpg,0188_2.jpg,188,188,1,genuine,0
1,0165_1.jpg,0165_2.jpg,165,165,1,genuine,0
1,0178_1.jpg,0171_2.jpg,178,171,0,impostor,222
1,0028_1.jpg,0022_2.jpg,28,22,0,impostor,222
1,0091_1.jpg,0086_2.jpg,91,86,0,impostor,222
1,0180_1.jpg,0174_2.jpg,180,174,0,impostor,222
1,0140_1.jpg,0140_2.jpg,140,140,1,genuine,0
1,0051_1.jpg,0044_2.jpg,51,44,0,impostor,222
1,0046_1.jpg,0040_2.jpg,46,40,0,impostor,222
1,0172_1.jpg,0168_2.jpg,172,168,0,impostor,222
1,0176_1.jpg,0170_2.jpg,176,170,0,impostor,222
1,0183_1.jpg,0183_2.jpg,183,183,1,genuine,0
1,0219_1.jpg,0213_2.jpg,219,213,0,impostor,222
1,0166_1.jpg,0166_2.jpg,166,166,1,genuine,0
1,0206_1.jpg,0206_2.jpg,206,206,1,genuine,0
1,0249_1.jpg,0245_2.jpg,249,245,0,impostor,222
1,0010_1.jpg,0006_2.jpg,10,6,0,impostor,222
1,0272_1.jpg,0268_2.jpg,272,268,0,impostor,222
1,0028_1.jpg,0028_2.jpg,28,28,1,genuine,0
1,0083_1.jpg,0083_2.jpg,83,83,1,genuine,0
1,0200_1.jpg,0196_2.jpg,200,196,0,impostor,222
1,0157_1.jpg,0153_2.jpg,157,153,0,impostor,222
1,0090_1.jpg,0090_2.jpg,90,90,1,genuine,0
1,0224_1.jpg,0220_2.jpg,224,220,0,impostor,222
1,0277_1.jpg,0277_2.jpg,277,277,1,genuine,0
1,0240_1.jpg,0235_2.jpg,240,235,0,impostor,222
1,0094_1.jpg,0094_2.jpg,94,94,1,genuine,0
1,0042_1.jpg,0035_2.jpg,42,35,0,impostor,222
1,0156_1.jpg,0156_2.jpg,156,156,1,genuine,0
1,0235_1.jpg,0235_2.jpg,235,235,1,genuine,0
1,0163_1.jpg,0159_2.jpg,163,159,0,impostor,222
1,0166_1.jpg,0162_2.jpg,166,162,0,impostor,222
1,0001_1.jpg,0278_2.jpg,1,278,0,impostor,222
1,0211_1.jpg,0207_2.jpg,211,207,0,impostor,222
1,0199_1.jpg,0199_2.jpg,199,199,1,genuine,0
1,0192_1.jpg,0185_2.jpg,192,185,0,impostor,222
1,0263_1.jpg,0263_2.jpg,263,263,1,genuine,0
1,0232_1.jpg,0227_2.jpg,232,227,0,impostor,222
1,0083_1.jpg,0077_2.jpg,83,77,0,impostor,222
1,0232_1.jpg,0232_2.jpg,232,232,1,genuine,0
1,0062_1.jpg,0057_2.jpg,62,57,0,impostor,222
1,0253_1.jpg,0249_2.jpg,253,249,0,impostor,222
1,0221_1.jpg,0216_2.jpg,221,216,0,impostor,222
1,0174_1.jpg,0169_2.jpg,174,169,0,impostor,222
1,0025_1.jpg,0025_2.jpg,25,25,1,genuine,0
1,0237_1.jpg,0237_2.jpg,237,237,1,genuine,0
1,0107_1.jpg,0107_2.jpg,107,107,1,genuine,0
1,0043_1.jpg,0038_2.jpg,43,38,0,impostor,222
1,0035_1.jpg,0035_2.jpg,35,35,1,genuine,0
1,0015_1.jpg,0009_2.jpg,15,9,0,impostor,222
1,0271_1.jpg,0267_2.jpg,271,267,0,impostor,222
1,0164_1.jpg,0160_2.jpg,164,160,0,impostor,222
1,0161_1.jpg,0157_2.jpg,161,157,0,impostor,222
1,0234_1.jpg,0228_2.jpg,234,228,0,impostor,222
1,0270_1.jpg,0266_2.jpg,270,266,0,impostor,222
1,0250_1.jpg,0250_2.jpg,250,250,1,genuine,0
1,0169_1.jpg,0165_2.jpg,169,165,0,impostor,222
1,0171_1.jpg,0167_2.jpg,171,167,0,impostor,222
1,0118_1.jpg,0109_2.jpg,118,109,0,impostor,222
1,0131_1.jpg,0131_2.jpg,131,131,1,genuine,0
1,0079_1.jpg,0079_2.jpg,79,79,1,genuine,0
1,0221_1.jpg,0221_2.jpg,221,221,1,genuine,0
1,0249_1.jpg,0249_2.jpg,249,249,1,genuine,0
1,0047_1.jpg,0047_2.jpg,47,47,1,genuine,0
1,0138_1.jpg,0138_2.jpg,138,138,1,genuine,0
1,0244_1.jpg,0240_2.jpg,244,240,0,impostor,222
1,0086_1.jpg,0086_2.jpg,86,86,1,genuine,0
1,0018_1.jpg,0010_2.jpg,18,10,0,impostor,222
1,0078_1.jpg,0078_2.jpg,78,78,1,genuine,0
1,0253_1.jpg,0253_2.jpg,253,253,1,genuine,0
1,0018_1.jpg,0018_2.jpg,18,18,1,genuine,0
1,0011_1.jpg,0007_2.jpg,11,7,0,impostor,222
1,0181_1.jpg,0181_2.jpg,181,181,1,genuine,0
1,0092_1.jpg,0087_2.jpg,92,87,0,impostor,222
1,0129_1.jpg,0129_2.jpg,129,129,1,genuine,0
1,0181_1.jpg,0176_2.jpg,181,176,0,impostor,222
1,0227_1.jpg,0223_2.jpg,227,223,0,impostor,222
1,0026_1.jpg,0026_2.jpg,26,26,1,genuine,0
1,0247_1.jpg,0247_2.jpg,247,247,1,genuine,0
1,0220_1.jpg,0214_2.jpg,220,214,0,impostor,222
1,0125_1.jpg,0121_2.jpg,125,121,0,impostor,222
1,0167_1.jpg,0163_2.jpg,167,163,0,impostor,222
1,0160_1.jpg,0160_2.jpg,160,160,1,genuine,0
1,0269_1.jpg,0265_2.jpg,269,265,0,impostor,222
1,0207_1.jpg,0203_2.jpg,207,203,0,impostor,222
1,0235_1.jpg,0229_2.jpg,235,229,0,impostor,222
1,0278_1.jpg,0273_2.jpg,278,273,0,impostor,222
1,0061_1.jpg,0061_2.jpg,61,61,1,genuine,0
1,0039_1.jpg,0039_2.jpg,39,39,1,genuine,0
1,0138_1.jpg,0132_2.jpg,138,132,0,impostor,222
1,0208_1.jpg,0204_2.jpg,208,204,0,impostor,222
1,0261_1.jpg,0256_2.jpg,261,256,0,impostor,222
1,0162_1.jpg,0158_2.jpg,162,158,0,impostor,222
1,0005_1.jpg,0005_2.jpg,5,5,1,genuine,0
1,0193_1.jpg,0188_2.jpg,193,188,0,impostor,222
1,0068_1.jpg,0068_2.jpg,68,68,1,genuine,0
1,0164_1.jpg,0164_2.jpg,164,164,1,genuine,0
1,0057_1.jpg,0057_2.jpg,57,57,1,genuine,0
1,0095_1.jpg,0095_2.jpg,95,95,1,genuine,0
1,0040_1.jpg,0034_2.jpg,40,34,0,impostor,222
1,0159_1.jpg,0155_2.jpg,159,155,0,impostor,222
1,0169_1.jpg,0169_2.jpg,169,169,1,genuine,0
1,0196_1.jpg,0196_2.jpg,196,196,1,genuine,0
1,0127_1.jpg,0127_2.jpg,127,127,1,genuine,0
1,0040_1.jpg,0040_2.jpg,40,40,1,genuine,0
1,0001_1.jpg,0001_2.jpg,1,1,1,genuine,0
1,0031_1.jpg,0027_2.jpg,31,27,0,impostor,222
1,0090_1.jpg,0085_2.jpg,90,85,0,impostor,222
1,0100_1.jpg,0095_2.jpg,100,95,0,impostor,222
1,0269_1.jpg,0269_2.jpg,269,269,1,genuine,0
1,0279_1.jpg,0279_2.jpg,279,279,1,genuine,0
1,0256_1.jpg,0252_2.jpg,256,252,0,impostor,222
1,0054_1.jpg,0054_2.jpg,54,54,1,genuine,0
1,0272_1.jpg,0272_2.jpg,272,272,1,genuine,0
1,0092_1.jpg,0092_2.jpg,92,92,1,genuine,0
1,0026_1.jpg,0020_2.jpg,26,20,0,impostor,222
1,0229_1.jpg,0225_2.jpg,229,225,0,impostor,222
1,0093_1.jpg,0089_2.jpg,93,89,0,impostor,222
1,0049_1.jpg,0049_2.jpg,49,49,1,genuine,0
1,0245_1.jpg,0241_2.jpg,245,241,0,impostor,222
1,0142_1.jpg,0135_2.jpg,142,135,0,impostor,222
1,0130_1.jpg,0125_2.jpg,130,125,0,impostor,222
1,0159_1.jpg,0159_2.jpg,159,159,1,genuine,0
1,0135_1.jpg,0135_2.jpg,135,135,1,genuine,0
1,0109_1.jpg,0104_2.jpg,109,104,0,impostor,222
1,0257_1.jpg,0253_2.jpg,257,253,0,impostor,222
1,0030_1.jpg,0030_2.jpg,30,30,1,genuine,0
1,0208_1.jpg,0208_2.jpg,208,208,1,genuine,0
1,0212_1.jpg,0212_2.jpg,212,212,1,genuine,0
1,0034_1.jpg,0034_2.jpg,34,34,1,genuine,0
1,0266_1.jpg,0266_2.jpg,266,266,1,genuine,0
1,0168_1.jpg,0164_2.jpg,168,164,0,impostor,222
1,0007_1.jpg,0002_2.jpg,7,2,0,impostor,222
1,0216_1.jpg,0211_2.jpg,216,211,0,impostor,222
1,0189_1.jpg,0189_2.jpg,189,189,1,genuine,0
1,0158_1.jpg,0158_2.jpg,158,158,1,genuine,0
1,0145_1.jpg,0139_2.jpg,145,139,0,impostor,222
1,0165_1.jpg,0161_2.jpg,165,161,0,impostor,222
1,0097_1.jpg,0097_2.jpg,97,97,1,genuine,0
1,0146_1.jpg,0140_2.jpg,146,140,0,impostor,222
1,0103_1.jpg,0103_2.jpg,103,103,1,genuine,0
1,0265_1.jpg,0265_2.jpg,265,265,1,genuine,0
1,0180_1.jpg,0180_2.jpg,180,180,1,genuine,0
1,0062_1.jpg,0062_2.jpg,62,62,1,genuine,0
1,0125_1.jpg,0125_2.jpg,125,125,1,genuine,0
1,0245_1.jpg,0245_2.jpg,245,245,1,genuine,0
1,0033_1.jpg,0029_2.jpg,33,29,0,impostor,222
1,0091_1.jpg,0091_2.jpg,91,91,1,genuine,0
1,0116_1.jpg,0107_2.jpg,116,107,0,impostor,222
1,0032_1.jpg,0032_2.jpg,32,32,1,genuine,0
1,0213_1.jpg,0209_2.jpg,213,209,0,impostor,222
1,0258_1.jpg,0254_2.jpg,258,254,0,impostor,222
1,0077_1.jpg,0073_2.jpg,77,73,0,impostor,222
1,0178_1.jpg,0178_2.jpg,178,178,1,genuine,0
1,0057_1.jpg,0051_2.jpg,57,51,0,impostor,222
1,0179_1.jpg,0172_2.jpg,179,172,0,impostor,222
1,0008_1.jpg,0008_2.jpg,8,8,1,genuine,0
1,0214_1.jpg,0214_2.jpg,214,214,1,genuine,0
1,0262_1.jpg,0262_2.jpg,262,262,1,genuine,0
1,0002_1.jpg,0002_2.jpg,2,2,1,genuine,0
1,0098_1.jpg,0094_2.jpg,98,94,0,impostor,222
1,0189_1.jpg,0181_2.jpg,189,181,0,impostor,222
1,0153_1.jpg,0153_2.jpg,153,153,1,genuine,0
1,0132_1.jpg,0128_2.jpg,132,128,0,impostor,222
1,0110_1.jpg,0105_2.jpg,110,105,0,impostor,222
1,0019_1.jpg,0019_2.jpg,19,19,1,genuine,0
1,0231_1.jpg,0231_2.jpg,231,231,1,genuine,0
1,0170_1.jpg,0170_2.jpg,170,170,1,genuine,0
1,0006_1.jpg,0001_2.jpg,6,1,0,impostor,222
1,0075_1.jpg,0075_2.jpg,75,75,1,genuine,0
1,0122_1.jpg,0122_2.jpg,122,122,1,genuine,0
1,0065_1.jpg,0060_2.jpg,65,60,0,impostor,222
1,0266_1.jpg,0262_2.jpg,266,262,0,impostor,222
1,0087_1.jpg,0087_2.jpg,87,87,1,genuine,0
1,0227_1.jpg,0227_2.jpg,227,227,1,genuine,0
1,0079_1.jpg,0075_2.jpg,79,75,0,impostor,222
1,0191_1.jpg,0183_2.jpg,191,183,0,impostor,222
1,0015_1.jpg,0015_2.jpg,15,15,1,genuine,0
1,0094_1.jpg,0090_2.jpg,94,90,0,impostor,222
1,0130_1.jpg,0130_2.jpg,130,130,1,genuine,0
1,0147_1.jpg,0142_2.jpg,147,142,0,impostor,222
1,0152_1.jpg,0152_2.jpg,152,152,1,genuine,0
1,0257_1.jpg,0257_2.jpg,257,257,1,genuine,0
1,0061_1.jpg,0056_2.jpg,61,56,0,impostor,222
1,0003_1.jpg,0281_2.jpg,3,281,0,impostor,222
1,0009_1.jpg,0005_2.jpg,9,5,0,impostor,222
1,0214_1.jpg,0210_2.jpg,214,210,0,impostor,222
1,0065_1.jpg,0065_2.jpg,65,65,1,genuine,0
1,0012_1.jpg,0012_2.jpg,12,12,1,genuine,0
1,0134_1.jpg,0130_2.jpg,134,130,0,impostor,222
1,0027_1.jpg,0021_2.jpg,27,21,0,impostor,222
1,0078_1.jpg,0074_2.jpg,78,74,0,impostor,222
1,0274_1.jpg,0274_2.jpg,274,274,1,genuine,0
1,0198_1.jpg,0198_2.jpg,198,198,1,genuine,0
1,0098_1.jpg,0098_2.jpg,98,98,1,genuine,0
1,0100_1.jpg,0100_2.jpg,100,100,1,genuine,0
1,0161_1.jpg,0161_2.jpg,161,161,1,genuine,0
1,0134_1.jpg,0134_2.jpg,134,134,1,genuine,0
1,0212_1.jpg,0208_2.jpg,212,208,0,impostor,222
1,0005_1.jpg,0282_2.jpg,5,282,0,impostor,222
1,0172_1.jpg,0172_2.jpg,172,172,1,genuine,0
1,0051_1.jpg,0051_2.jpg,51,51,1,genuine,0
1,0260_1.jpg,0260_2.jpg,260,260,1,genuine,0
1,0055_1.jpg,0047_2.jpg,55,47,0,impostor,222
1,0066_1.jpg,0066_2.jpg,66,66,1,genuine,0
1,0003_1.jpg,0003_2.jpg,3,3,1,genuine,0
1,0154_1.jpg,0154_2.jpg,154,154,1,genuine,0
1,0201_1.jpg,0201_2.jpg,201,201,1,genuine,0
1,0056_1.jpg,0049_2.jpg,56,49,0,impostor,222
1,0243_1.jpg,0239_2.jpg,243,239,0,impostor,222
1,0244_1.jpg,0244_2.jpg,244,244,1,genuine,0
1,0260_1.jpg,0255_2.jpg,260,255,0,impostor,222
1,0076_1.jpg,0076_2.jpg,76,76,1,genuine,0
1,0019_1.jpg,0011_2.jpg,19,11,0,impostor,222
1,0033_1.jpg,0033_2.jpg,33,33,1,genuine,0
1,0071_1.jpg,0071_2.jpg,71,71,1,genuine,0
1,0022_1.jpg,0018_2.jpg,22,18,0,impostor,222
1,0147_1.jpg,0147_2.jpg,147,147,1,genuine,0
1,0119_1.jpg,0110_2.jpg,119,110,0,impostor,222
1,0135_1.jpg,0131_2.jpg,135,131,0,impostor,222
1,0228_1.jpg,0228_2.jpg,228,228,1,genuine,0
1,0148_1.jpg,0144_2.jpg,148,144,0,impostor,222
1,0129_1.jpg,0124_2.jpg,129,124,0,impostor,222
1,0119_1.jpg,0119_2.jpg,119,119,1,genuine,0
1,0273_1.jpg,0273_2.jpg,273,273,1,genuine,0
1,0010_1.jpg,0010_2.jpg,10,10,1,genuine,0
1,0167_1.jpg,0167_2.jpg,167,167,1,genuine,0
1,0268_1.jpg,0264_2.jpg,268,264,0,impostor,222
1,0239_1.jpg,0239_2.jpg,239,239,1,genuine,0
1,0185_1.jpg,0185_2.jpg,185,185,1,genuine,0
1,0107_1.jpg,0103_2.jpg,107,103,0,impostor,222
1,0047_1.jpg,0042_2.jpg,47,42,0,impostor,222
1,0150_1.jpg,0150_2.jpg,150,150,1,genuine,0
1,0012_1.jpg,0008_2.jpg,12,8,0,impostor,222
1,0029_1.jpg,0025_2.jpg,29,25,0,impostor,222
1,0124_1.jpg,0124_2.jpg,124,124,1,genuine,0
1,0148_1.jpg,0148_2.jpg,148,148,1,genuine,0
1,0073_1.jpg,0073_2.jpg,73,73,1,genuine,0
1,0218_1.jpg,0218_2.jpg,218,218,1,genuine,0
1,0089_1.jpg,0089_2.jpg,89,89,1,genuine,0
1,0163_1.jpg,0163_2.jpg,163,163,1,genuine,0
1,0229_1.jpg,0229_2.jpg,229,229,1,genuine,0
1,0209_1.jpg,0209_2.jpg,209,209,1,genuine,0
1,0248_1.jpg,0244_2.jpg,248,244,0,impostor,222
1,0276_1.jpg,0271_2.jpg,276,271,0,impostor,222
1,0085_1.jpg,0078_2.jpg,85,78,0,impostor,222
1,0168_1.jpg,0168_2.jpg,168,168,1,genuine,0
1,0121_1.jpg,0114_2.jpg,121,114,0,impostor,222
1,0133_1.jpg,0133_2.jpg,133,133,1,genuine,0
1,0250_1.jpg,0246_2.jpg,250,246,0,impostor,222
1,0231_1.jpg,0226_2.jpg,231,226,0,impostor,222
1,0198_1.jpg,0192_2.jpg,198,192,0,impostor,222
1,0270_1.jpg,0270_2.jpg,270,270,1,genuine,0
1,0174_1.jpg,0174_2.jpg,174,174,1,genuine,0
1,0027_1.jpg,0027_2.jpg,27,27,1,genuine,0
1,0239_1.jpg,0234_2.jpg,239,234,0,impostor,222
1,0277_1.jpg,0272_2.jpg,277,272,0,impostor,222
1,0038_1.jpg,0032_2.jpg,38,32,0,impostor,222
1,0265_1.jpg,0261_2.jpg,265,261,0,impostor,222
1,0152_1.jpg,0146_2.jpg,152,146,0,impostor,222
1,0114_1.jpg,0106_2.jpg,114,106,0,impostor,222
1,0204_1.jpg,0200_2.jpg,204,200,0,impostor,222
1,0243_1.jpg,0243_2.jpg,243,243,1,genuine,0
1,0011_1.jpg,0011_2.jpg,11,11,1,genuine,0
1,0055_1.jpg,0055_2.jpg,55,55,1,genuine,0
1,0204_1.jpg,0204_2.jpg,204,204,1,genuine,0
1,0025_1.jpg,0019_2.jpg,25,19,0,impostor,222
1,0281_1.jpg,0281_2.jpg,281,281,1,genuine,0
1,0042_1.jpg,0042_2.jpg,42,42,1,genuine,0
1,0255_1.jpg,0251_2.jpg,255,251,0,impostor,222
1,0238_1.jpg,0232_2.jpg,238,232,0,impostor,222
1,0219_1.jpg,0219_2.jpg,219,219,1,genuine,0
1,0128_1.jpg,0123_2.jpg,128,123,0,impostor,222
1,0202_1.jpg,0202_2.jpg,202,202,1,genuine,0
1,0144_1.jpg,0144_2.jpg,144,144,1,genuine,0
1,0105_1.jpg,0105_2.jpg,105,105,1,genuine,0
1,0067_1.jpg,0062_2.jpg,67,62,0,impostor,222
1,0060_1.jpg,0060_2.jpg,60,60,1,genuine,0
1,0282_1.jpg,0277_2.jpg,282,277,0,impostor,222
1,0226_1.jpg,0222_2.jpg,226,222,0,impostor,222
1,0155_1.jpg,0155_2.jpg,155,155,1,genuine,0
1,0179_1.jpg,0179_2.jpg,179,179,1,genuine,0
1,0030_1.jpg,0026_2.jpg,30,26,0,impostor,222
1,0203_1.jpg,0203_2.jpg,203,203,1,genuine,0
1,0146_1.jpg,0146_2.jpg,146,146,1,genuine,0
1,0124_1.jpg,0119_2.jpg,124,119,0,impostor,222
1,0128_1.jpg,0128_2.jpg,128,128,1,genuine,0
1,0201_1.jpg,0197_2.jpg,201,197,0,impostor,222
1,0247_1.jpg,0243_2.jpg,247,243,0,impostor,222
1,0238_1.jpg,0238_2.jpg,238,238,1,genuine,0
1,0251_1.jpg,0247_2.jpg,251,247,0,impostor,222
1,0224_1.jpg,0224_2.jpg,224,224,1,genuine,0
1,0278_1.jpg,0278_2.jpg,278,278,1,genuine,0
1,0035_1.jpg,0031_2.jpg,35,31,0,impostor,222
1,0242_1.jpg,0242_2.jpg,242,242,1,genuine,0
1,0101_1.jpg,0101_2.jpg,101,101,1,genuine,0
1,0059_1.jpg,0054_2.jpg,59,54,0,impostor,222
1,0070_1.jpg,0066_2.jpg,70,66,0,impostor,222
1,0021_1.jpg,0015_2.jpg,21,15,0,impostor,222
1,0063_1.jpg,0063_2.jpg,63,63,1,genuine,0
1,0144_1.jpg,0138_2.jpg,144,138,0,impostor,222
1,0255_1.jpg,0255_2.jpg,255,255,1,genuine,0
1,0104_1.jpg,0104_2.jpg,104,104,1,genuine,0
1,0153_1.jpg,0147_2.jpg,153,147,0,impostor,222
1,0211_1.jpg,0211_2.jpg,211,211,1,genuine,0
1,0096_1.jpg,0092_2.jpg,96,92,0,impostor,222
1,0210_1.jpg,0210_2.jpg,210,210,1,genuine,0
1,0031_1.jpg,0031_2.jpg,31,31,1,genuine,0
1,0097_1.jpg,0093_2.jpg,97,93,0,impostor,222
1,0075_1.jpg,0070_2.jpg,75,70,0,impostor,222
1,0068_1.jpg,0063_2.jpg,68,63,0,impostor,222
1,0274_1.jpg,0270_2.jpg,274,270,0,impostor,222
1,0170_1.jpg,0166_2.jpg,170,166,0,impostor,222
1,0223_1.jpg,0219_2.jpg,223,219,0,impostor,222
1,0197_1.jpg,0197_2.jpg,197,197,1,genuine,0
1,0207_1.jpg,0207_2.jpg,207,207,1,genuine,0
1,0150_1.jpg,0145_2.jpg,150,145,0,impostor,222
1,0044_1.jpg,0044_2.jpg,44,44,1,genuine,0
1,0105_1.jpg,0100_2.jpg,105,100,0,impostor,222
1,0106_1.jpg,0106_2.jpg,106,106,1,genuine,0
1,0276_1.jpg,0276_2.jpg,276,276,1,genuine,0
1,0086_1.jpg,0079_2.jpg,86,79,0,impostor,222
1,0059_1.jpg,0059_2.jpg,59,59,1,genuine,0
1,0069_1.jpg,0069_2.jpg,69,69,1,genuine,0
1,0155_1.jpg,0150_2.jpg,155,150,0,impostor,222
1,0116_1.jpg,0116_2.jpg,116,116,1,genuine,0
1,0209_1.jpg,0205_2.jpg,209,205,0,impostor,222
1,0251_1.jpg,0251_2.jpg,251,251,1,genuine,0
1,0246_1.jpg,0242_2.jpg,246,242,0,impostor,222
1,0254_1.jpg,0254_2.jpg,254,254,1,genuine,0
1,0282_1.jpg,0282_2.jpg,282,282,1,genuine,0
1,0162_1.jpg,0162_2.jpg,162,162,1,genuine,0
1,0264_1.jpg,0260_2.jpg,264,260,0,impostor,222
1,0158_1.jpg,0154_2.jpg,158,154,0,impostor,222
1,0066_1.jpg,0061_2.jpg,66,61,0,impostor,222
1,0123_1.jpg,0123_2.jpg,123,123,1,genuine,0
1,0213_1.jpg,0213_2.jpg,213,213,1,genuine,0
1,0200_1.jpg,0200_2.jpg,200,200,1,genuine,0
1,0205_1.jpg,0205_2.jpg,205,205,1,genuine,0
1,0203_1.jpg,0199_2.jpg,203,199,0,impostor,222
1,0197_1.jpg,0191_2.jpg,197,191,0,impostor,222
1,0267_1.jpg,0267_2.jpg,267,267,1,genuine,0
1,0074_1.jpg,0069_2.jpg,74,69,0,impostor,222
1,0118_1.jpg,0118_2.jpg,118,118,1,genuine,0
1,0222_1.jpg,0222_2.jpg,222,222,1,genuine,0
1,0279_1.jpg,0274_2.jpg,279,274,0,impostor,222
1,0133_1.jpg,0129_2.jpg,133,129,0,impostor,222
1,0225_1.jpg,0225_2.jpg,225,225,1,genuine,0
1,0006_1.jpg,0006_2.jpg,6,6,1,genuine,0
1,0237_1.jpg,0231_2.jpg,237,231,0,impostor,222
1,0205_1.jpg,0201_2.jpg,205,201,0,impostor,222
1,0246_1.jpg,0246_2.jpg,246,246,1,genuine,0
1,0054_1.jpg,0046_2.jpg,54,46,0,impostor,222
1,0060_1.jpg,0055_2.jpg,60,55,0,impostor,222
1,0007_1.jpg,0007_2.jpg,7,7,1,genuine,0
1,0264_1.jpg,0264_2.jpg,264,264,1,genuine,0
1,0081_1.jpg,0076_2.jpg,81,76,0,impostor,222
1,0085_1.jpg,0085_2.jpg,85,85,1,genuine,0
1,0261_1.jpg,0261_2.jpg,261,261,1,genuine,0
1,0145_1.jpg,0145_2.jpg,145,145,1,genuine,0
1,0063_1.jpg,0059_2.jpg,63,59,0,impostor,222
1,0191_1.jpg,0191_2.jpg,191,191,1,genuine,0
1,0252_1.jpg,0252_2.jpg,252,252,1,genuine,0
1,0067_1.jpg,0067_2.jpg,67,67,1,genuine,0
1,0095_1.jpg,0091_2.jpg,95,91,0,impostor,222
1,0218_1.jpg,0212_2.jpg,218,212,0,impostor,222
1,0222_1.jpg,0218_2.jpg,222,218,0,impostor,222
1,0056_1.jpg,0056_2.jpg,56,56,1,genuine,0
1,0114_1.jpg,0114_2.jpg,114,114,1,genuine,0
1,0109_1.jpg,0109_2.jpg,109,109,1,genuine,0
1,0020_1.jpg,0020_2.jpg,20,20,1,genuine,0
1,0154_1.jpg,0148_2.jpg,154,148,0,impostor,222
1,0252_1.jpg,0248_2.jpg,252,248,0,impostor,222
1,0267_1.jpg,0263_2.jpg,267,263,0,impostor,222
1,0223_1.jpg,0223_2.jpg,223,223,1,genuine,0
1,0049_1.jpg,0043_2.jpg,49,43,0,impostor,222
1,0210_1.jpg,0206_2.jpg,210,206,0,impostor,222
1,0073_1.jpg,0068_2.jpg,73,68,0,impostor,222
1,0093_1.jpg,0093_2.jpg,93,93,1,genuine,0
1,0262_1.jpg,0257_2.jpg,262,257,0,impostor,222
1,0071_1.jpg,0067_2.jpg,71,67,0,impostor,222
1,0193_1.jpg,0193_2.jpg,193,193,1,genuine,0
1,0070_1.jpg,0070_2.jpg,70,70,1,genuine,0
1,0142_1.jpg,0142_2.jpg,142,142,1,genuine,0
1,0273_1.jpg,0269_2.jpg,273,269,0,impostor,222
1,0225_1.jpg,0221_2.jpg,225,221,0,impostor,222
1,0132_1.jpg,0132_2.jpg,132,132,1,genuine,0
1,0081_1.jpg,0081_2.jpg,81,81,1,genuine,0
1,0009_1.jpg,0009_2.jpg,9,9,1,genuine,0
1,0240_1.jpg,0240_2.jpg,240,240,1,genuine,0
1,0076_1.jpg,0071_2.jpg,76,71,0,impostor,222
1,0139_1.jpg,0133_2.jpg,139,133,0,impostor,222
1,0008_1.jpg,0003_2.jpg,8,3,0,impostor,222
1,0029_1.jpg,0029_2.jpg,29,29,1,genuine,0
1,0268_1.jpg,0268_2.jpg,268,268,1,genuine,0
1,0228_1.jpg,0224_2.jpg,228,224,0,impostor,222
1,0032_1.jpg,0028_2.jpg,32,28,0,impostor,222
1,0157_1.jpg,0157_2.jpg,157,157,1,genuine,0
1,0220_1.jpg,0220_2.jpg,220,220,1,genuine,0
1,0044_1.jpg,0039_2.jpg,44,39,0,impostor,222
1,0234_1.jpg,0234_2.jpg,234,234,1,genuine,0
1,0139_1.jpg,0139_2.jpg,139,139,1,genuine,0
1,0101_1.jpg,0096_2.jpg,101,96,0,impostor,222
1,0110_1.jpg,0110_2.jpg,110,110,1,genuine,0
1,0123_1.jpg,0118_2.jpg,123,118,0,impostor,222
1,0176_1.jpg,0176_2.jpg,176,176,1,genuine,0
1,0241_1.jpg,0237_2.jpg,241,237,0,impostor,222
1,0038_1.jpg,0038_2.jpg,38,38,1,genuine,0
1,0199_1.jpg,0193_2.jpg,199,193,0,impostor,222
1,0103_1.jpg,0097_2.jpg,103,97,0,impostor,222
1,0096_1.jpg,0096_2.jpg,96,96,1,genuine,0
1,0188_1.jpg,0180_2.jpg,188,180,0,impostor,222
1,0122_1.jpg,0116_2.jpg,122,116,0,impostor,222
1,0256_1.jpg,0256_2.jpg,256,256,1,genuine,0
1,0043_1.jpg,0043_2.jpg,43,43,1,genuine,0
1,0226_1.jpg,0226_2.jpg,226,226,1,genuine,0
1,0034_1.jpg,0030_2.jpg,34,30,0,impostor,222
1,0271_1.jpg,0271_2.jpg,271,271,1,genuine,0
1,0258_1.jpg,0258_2.jpg,258,258,1,genuine,0
1,0254_1.jpg,0250_2.jpg,254,250,0,impostor,222
1,0020_1.jpg,0012_2.jpg,20,12,0,impostor,222
1,0089_1.jpg,0083_2.jpg,89,83,0,impostor,222
1,0171_1.jpg,0171_2.jpg,171,171,1,genuine,0
1,0196_1.jpg,0189_2.jpg,196,189,0,impostor,222
1,0002_1.jpg,0279_2.jpg,2,279,0,impostor,222
1,0248_1.jpg,0248_2.jpg,248,248,1,genuine,0
1,0140_1.jpg,0134_2.jpg,140,134,0,impostor,222
1,0046_1.jpg,0046_2.jpg,46,46,1,genuine,0
1,0185_1.jpg,0179_2.jpg,185,179,0,impostor,222
1,0121_1.jpg,0121_2.jpg,121,121,1,genuine,0
1,0202_1.jpg,0198_2.jpg,202,198,0,impostor,222
1,0263_1.jpg,0258_2.jpg,263,258,0,impostor,222
1,0206_1.jpg,0202_2.jpg,206,202,0,impostor,222
1,0087_1.jpg,0081_2.jpg,87,81,0,impostor,222
1,0281_1.jpg,0276_2.jpg,281,276,0,impostor,222
1,0156_1.jpg,0152_2.jpg,156,152,0,impostor,222
1,0242_1.jpg,0238_2.jpg,242,238,0,impostor,222
1,0183_1.jpg,0178_2.jpg,183,178,0,impostor,222
1,0160_1.jpg,0156_2.jpg,160,156,0,impostor,222
1,0241_1.jpg,0241_2.jpg,241,241,1,genuine,0
1,0192_1.jpg,0192_2.jpg,192,192,1,genuine,0
1,0106_1.jpg,0101_2.jpg,106,101,0,impostor,222
1,0022_1.jpg,0022_2.jpg,22,22,1,genuine,0
1,0077_1.jpg,0077_2.jpg,77,77,1,genuine,0
1,0069_1.jpg,0065_2.jpg,69,65,0,impostor,222
1,0104_1.jpg,0098_2.jpg,104,98,0,impostor,222
1,0039_1.jpg,0033_2.jpg,39,33,0,impostor,222
1,0127_1.jpg,0122_2.jpg,127,122,0,impostor,222
1,0131_1.jpg,0127_2.jpg,131,127,0,impostor,222
2,0225_1.jpg,0225_2.jpg,225,225,1,genuine,0
2,0003_1.jpg,0221_2.jpg,3,221,0,impostor,168
2,0161_1.jpg,0086_2.jpg,161,86,0,impostor,168
2,0094_1.jpg,0094_2.jpg,94,94,1,genuine,0
2,0222_1.jpg,0222_2.jpg,222,222,1,genuine,0
2,0130_1.jpg,0055_2.jpg,130,55,0,impostor,168
2,0279_1.jpg,0214_2.jpg,279,214,0,impostor,168
2,0198_1.jpg,0198_2.jpg,198,198,1,genuine,0
2,0216_1.jpg,0216_2.jpg,216,216,1,genuine,0
2,0166_1.jpg,0092_2.jpg,166,92,0,impostor,168
2,0154_1.jpg,0154_2.jpg,154,154,1,genuine,0
2,0119_1.jpg,0119_2.jpg,119,119,1,genuine,0
2,0091_1.jpg,0091_2.jpg,91,91,1,genuine,0
2,0220_1.jpg,0148_2.jpg,220,148,0,impostor,168
2,0252_1.jpg,0183_2.jpg,252,183,0,impostor,168
2,0210_1.jpg,0210_2.jpg,210,210,1,genuine,0
2,0235_1.jpg,0163_2.jpg,235,163,0,impostor,168
2,0008_1.jpg,0225_2.jpg,8,225,0,impostor,168
2,0067_1.jpg,0067_2.jpg,67,67,1,genuine,0
2,0191_1.jpg,0116_2.jpg,191,116,0,impostor,168
2,0118_1.jpg,0118_2.jpg,118,118,1,genuine,0
2,0241_1.jpg,0168_2.jpg,241,168,0,impostor,168
2,0153_1.jpg,0153_2.jpg,153,153,1,genuine,0
2,0201_1.jpg,0201_2.jpg,201,201,1,genuine,0
2,0022_1.jpg,0022_2.jpg,22,22,1,genuine,0
2,0272_1.jpg,0272_2.jpg,272,272,1,genuine,0
2,0207_1.jpg,0133_2.jpg,207,133,0,impostor,168
2,0110_1.jpg,0034_2.jpg,110,34,0,impostor,168
2,0101_1.jpg,0027_2.jpg,101,27,0,impostor,168
2,0237_1.jpg,0237_2.jpg,237,237,1,genuine,0
2,0255_1.jpg,0189_2.jpg,255,189,0,impostor,168
2,0060_1.jpg,0060_2.jpg,60,60,1,genuine,0
2,0059_1.jpg,0265_2.jpg,59,265,0,impostor,168
2,0006_1.jpg,0223_2.jpg,6,223,0,impostor,168
2,0197_1.jpg,0122_2.jpg,197,122,0,impostor,168
2,0161_1.jpg,0161_2.jpg,161,161,1,genuine,0
2,0009_1.jpg,0009_2.jpg,9,9,1,genuine,0
2,0274_1.jpg,0274_2.jpg,274,274,1,genuine,0
2,0047_1.jpg,0257_2.jpg,47,257,0,impostor,168
2,0028_1.jpg,0242_2.jpg,28,242,0,impostor,168
2,0181_1.jpg,0181_2.jpg,181,181,1,genuine,0
2,0271_1.jpg,0271_2.jpg,271,271,1,genuine,0
2,0051_1.jpg,0260_2.jpg,51,260,0,impostor,168
2,0114_1.jpg,0114_2.jpg,114,114,1,genuine,0
2,0226_1.jpg,0156_2.jpg,226,156,0,impostor,168
2,0100_1.jpg,0100_2.jpg,100,100,1,genuine,0
2,0054_1.jpg,0054_2.jpg,54,54,1,genuine,0
2,0129_1.jpg,0054_2.jpg,129,54,0,impostor,168
2,0213_1.jpg,0142_2.jpg,213,142,0,impostor,168
2,0257_1.jpg,0257_2.jpg,257,257,1,genuine,0
2,0263_1.jpg,0263_2.jpg,263,263,1,genuine,0
2,0202_1.jpg,0202_2.jpg,202,202,1,genuine,0
2,0223_1.jpg,0223_2.jpg,223,223,1,genuine,0
2,0043_1.jpg,0043_2.jpg,43,43,1,genuine,0
2,0079_1.jpg,0003_2.jpg,79,3,0,impostor,168
2,0231_1.jpg,0231_2.jpg,231,231,1,genuine,0
2,0267_1.jpg,0267_2.jpg,267,267,1,genuine,0
2,0074_1.jpg,0279_2.jpg,74,279,0,impostor,168
2,0123_1.jpg,0123_2.jpg,123,123,1,genuine,0
2,0063_1.jpg,0063_2.jpg,63,63,1,genuine,0
2,0240_1.jpg,0240_2.jpg,240,240,1,genuine,0
2,0205_1.jpg,0205_2.jpg,205,205,1,genuine,0
2,0100_1.jpg,0026_2.jpg,100,26,0,impostor,168
2,0087_1.jpg,0009_2.jpg,87,9,0,impostor,168
2,0262_1.jpg,0198_2.jpg,262,198,0,impostor,168
2,0211_1.jpg,0211_2.jpg,211,211,1,genuine,0
2,0012_1.jpg,0229_2.jpg,12,229,0,impostor,168
2,0085_1.jpg,0007_2.jpg,85,7,0,impostor,168
2,0086_1.jpg,0008_2.jpg,86,8,0,impostor,168
2,0254_1.jpg,0188_2.jpg,254,188,0,impostor,168
2,0061_1.jpg,0267_2.jpg,61,267,0,impostor,168
2,0119_1.jpg,0040_2.jpg,119,40,0,impostor,168
2,0198_1.jpg,0123_2.jpg,198,123,0,impostor,168
2,0106_1.jpg,0031_2.jpg,106,31,0,impostor,168
2,0192_1.jpg,0192_2.jpg,192,192,1,genuine,0
2,0277_1.jpg,0277_2.jpg,277,277,1,genuine,0
2,0238_1.jpg,0165_2.jpg,238,165,0,impostor,168
2,0124_1.jpg,0046_2.jpg,124,46,0,impostor,168
2,0266_1.jpg,0202_2.jpg,266,202,0,impostor,168
2,0176_1.jpg,0176_2.jpg,176,176,1,genuine,0
2,0234_1.jpg,0162_2.jpg,234,162,0,impostor,168
2,0282_1.jpg,0218_2.jpg,282,218,0,impostor,168
2,0011_1.jpg,0011_2.jpg,11,11,1,genuine,0
2,0074_1.jpg,0074_2.jpg,74,74,1,genuine,0
2,0247_1.jpg,0247_2.jpg,247,247,1,genuine,0
2,0153_1.jpg,0075_2.jpg,153,75,0,impostor,168
2,0033_1.jpg,0247_2.jpg,33,247,0,impostor,168
2,0057_1.jpg,0057_2.jpg,57,57,1,genuine,0
2,0258_1.jpg,0193_2.jpg,258,193,0,impostor,168
2,0118_1.jpg,0039_2.jpg,118,39,0,impostor,168
2,0035_1.jpg,0249_2.jpg,35,249,0,impostor,168
2,0220_1.jpg,0220_2.jpg,220,220,1,genuine,0
2,0040_1.jpg,0040_2.jpg,40,40,1,genuine,0
2,0021_1.jpg,0021_2.jpg,21,21,1,genuine,0
2,0044_1.jpg,0255_2.jpg,44,255,0,impostor,168
2,0260_1.jpg,0260_2.jpg,260,260,1,genuine,0
2,0261_1.jpg,0261_2.jpg,261,261,1,genuine,0
2,0185_1.jpg,0109_2.jpg,185,109,0,impostor,168
2,0170_1.jpg,0170_2.jpg,170,170,1,genuine,0
2,0025_1.jpg,0239_2.jpg,25,239,0,impostor,168
2,0193_1.jpg,0119_2.jpg,193,119,0,impostor,168
2,0267_1.jpg,0203_2.jpg,267,203,0,impostor,168
2,0103_1.jpg,0028_2.jpg,103,28,0,impostor,168
2,0144_1.jpg,0144_2.jpg,144,144,1,genuine,0
2,0090_1.jpg,0011_2.jpg,90,11,0,impostor,168
2,0032_1.jpg,0246_2.jpg,32,246,0,impostor,168
2,0122_1.jpg,0122_2.jpg,122,122,1,genuine,0
2,0054_1.jpg,0261_2.jpg,54,261,0,impostor,168
2,0226_1.jpg,0226_2.jpg,226,226,1,genuine,0
2,0163_1.jpg,0163_2.jpg,163,163,1,genuine,0
2,0034_1.jpg,0248_2.jpg,34,248,0,impostor,168
2,0214_1.jpg,0214_2.jpg,214,214,1,genuine,0
2,0109_1.jpg,0109_2.jpg,109,109,1,genuine,0
2,0044_1.jpg,0044_2.jpg,44,44,1,genuine,0
2,0103_1.jpg,0103_2.jpg,103,103,1,genuine,0
2,0224_1.jpg,0154_2.jpg,224,154,0,impostor,168
2,0208_1.jpg,0208_2.jpg,208,208,1,genuine,0
2,0164_1.jpg,0164_2.jpg,164,164,1,genuine,0
2,0026_1.jpg,0240_2.jpg,26,240,0,impostor,168
2,0256_1.jpg,0191_2.jpg,256,191,0,impostor,168
2,0092_1.jpg,0092_2.jpg,92,92,1,genuine,0
2,0249_1.jpg,0179_2.jpg,249,179,0,impostor,168
2,0250_1.jpg,0250_2.jpg,250,250,1,genuine,0
2,0109_1.jpg,0033_2.jpg,109,33,0,impostor,168
2,0015_1.jpg,0231_2.jpg,15,231,0,impostor,168
2,0218_1.jpg,0146_2.jpg,218,146,0,impostor,168
2,0269_1.jpg,0205_2.jpg,269,205,0,impostor,168
2,0172_1.jpg,0172_2.jpg,172,172,1,genuine,0
2,0097_1.jpg,0022_2.jpg,97,22,0,impostor,168
2,0225_1.jpg,0155_2.jpg,225,155,0,impostor,168
2,0235_1.jpg,0235_2.jpg,235,235,1,genuine,0
2,0241_1.jpg,0241_2.jpg,241,241,1,genuine,0
2,0128_1.jpg,0051_2.jpg,128,51,0,impostor,168
2,0244_1.jpg,0244_2.jpg,244,244,1,genuine,0
2,0278_1.jpg,0213_2.jpg,278,213,0,impostor,168
2,0281_1.jpg,0216_2.jpg,281,216,0,impostor,168
2,0266_1.jpg,0266_2.jpg,266,266,1,genuine,0
2,0169_1.jpg,0095_2.jpg,169,95,0,impostor,168
2,0140_1.jpg,0140_2.jpg,140,140,1,genuine,0
2,0244_1.jpg,0171_2.jpg,244,171,0,impostor,168
2,0070_1.jpg,0070_2.jpg,70,70,1,genuine,0
2,0043_1.jpg,0254_2.jpg,43,254,0,impostor,168
2,0077_1.jpg,0001_2.jpg,77,1,0,impostor,168
2,0206_1.jpg,0206_2.jpg,206,206,1,genuine,0
2,0060_1.jpg,0266_2.jpg,60,266,0,impostor,168
2,0005_1.jpg,0005_2.jpg,5,5,1,genuine,0
2,0047_1.jpg,0047_2.jpg,47,47,1,genuine,0
2,0038_1.jpg,0038_2.jpg,38,38,1,genuine,0
2,0212_1.jpg,0140_2.jpg,212,140,0,impostor,168
2,0155_1.jpg,0077_2.jpg,155,77,0,impostor,168
2,0008_1.jpg,0008_2.jpg,8,8,1,genuine,0
2,0028_1.jpg,0028_2.jpg,28,28,1,genuine,0
2,0256_1.jpg,0256_2.jpg,256,256,1,genuine,0
2,0040_1.jpg,0252_2.jpg,40,252,0,impostor,168
2,0127_1.jpg,0049_2.jpg,127,49,0,impostor,168
2,0163_1.jpg,0089_2.jpg,163,89,0,impostor,168
2,0061_1.jpg,0061_2.jpg,61,61,1,genuine,0
2,0007_1.jpg,0224_2.jpg,7,224,0,impostor,168
2,0258_1.jpg,0258_2.jpg,258,258,1,genuine,0
2,0081_1.jpg,0081_2.jpg,81,81,1,genuine,0
2,0273_1.jpg,0209_2.jpg,273,209,0,impostor,168
2,0214_1.jpg,0144_2.jpg,214,144,0,impostor,168
2,0018_1.jpg,0018_2.jpg,18,18,1,genuine,0
2,0188_1.jpg,0110_2.jpg,188,110,0,impostor,168
2,0127_1.jpg,0127_2.jpg,127,127,1,genuine,0
2,0069_1.jpg,0274_2.jpg,69,274,0,impostor,168
2,0038_1.jpg,0250_2.jpg,38,250,0,impostor,168
2,0229_1.jpg,0159_2.jpg,229,159,0,impostor,168
2,0170_1.jpg,0096_2.jpg,170,96,0,impostor,168
2,0071_1.jpg,0277_2.jpg,71,277,0,impostor,168
2,0055_1.jpg,0262_2.jpg,55,262,0,impostor,168
2,0174_1.jpg,0174_2.jpg,174,174,1,genuine,0
2,0106_1.jpg,0106_2.jpg,106,106,1,genuine,0
2,0188_1.jpg,0188_2.jpg,188,188,1,genuine,0
2,0264_1.jpg,0200_2.jpg,264,200,0,impostor,168
2,0148_1.jpg,0071_2.jpg,148,71,0,impostor,168
2,0179_1.jpg,0104_2.jpg,179,104,0,impostor,168
2,0073_1.jpg,0278_2.jpg,73,278,0,impostor,168
2,0146_1.jpg,0069_2.jpg,146,69,0,impostor,168
2,0147_1.jpg,0070_2.jpg,147,70,0,impostor,168
2,0101_1.jpg,0101_2.jpg,101,101,1,genuine,0
2,0158_1.jpg,0081_2.jpg,158,81,0,impostor,168
2,0125_1.jpg,0047_2.jpg,125,47,0,impostor,168
2,0130_1.jpg,0130_2.jpg,130,130,1,genuine,0
2,0092_1.jpg,0015_2.jpg,92,15,0,impostor,168
2,0251_1.jpg,0181_2.jpg,251,181,0,impostor,168
2,0189_1.jpg,0114_2.jpg,189,114,0,impostor,168
2,0073_1.jpg,0073_2.jpg,73,73,1,genuine,0
2,0193_1.jpg,0193_2.jpg,193,193,1,genuine,0
2,0144_1.jpg,0067_2.jpg,144,67,0,impostor,168
2,0148_1.jpg,0148_2.jpg,148,148,1,genuine,0
2,0219_1.jpg,0219_2.jpg,219,219,1,genuine,0
2,0212_1.jpg,0212_2.jpg,212,212,1,genuine,0
2,0125_1.jpg,0125_2.jpg,125,125,1,genuine,0
2,0192_1.jpg,0118_2.jpg,192,118,0,impostor,168
2,0152_1.jpg,0152_2.jpg,152,152,1,genuine,0
2,0150_1.jpg,0073_2.jpg,150,73,0,impostor,168
2,0234_1.jpg,0234_2.jpg,234,234,1,genuine,0
2,0003_1.jpg,0003_2.jpg,3,3,1,genuine,0
2,0049_1.jpg,0049_2.jpg,49,49,1,genuine,0
2,0087_1.jpg,0087_2.jpg,87,87,1,genuine,0
2,0076_1.jpg,0282_2.jpg,76,282,0,impostor,168
2,0156_1.jpg,0078_2.jpg,156,78,0,impostor,168
2,0065_1.jpg,0270_2.jpg,65,270,0,impostor,168
2,0157_1.jpg,0079_2.jpg,157,79,0,impostor,168
2,0273_1.jpg,0273_2.jpg,273,273,1,genuine,0
2,0221_1.jpg,0150_2.jpg,221,150,0,impostor,168
2,0156_1.jpg,0156_2.jpg,156,156,1,genuine,0
2,0089_1.jpg,0010_2.jpg,89,10,0,impostor,168
2,0179_1.jpg,0179_2.jpg,179,179,1,genuine,0
2,0262_1.jpg,0262_2.jpg,262,262,1,genuine,0
2,0181_1.jpg,0106_2.jpg,181,106,0,impostor,168
2,0227_1.jpg,0227_2.jpg,227,227,1,genuine,0
2,0098_1.jpg,0025_2.jpg,98,25,0,impostor,168
2,0027_1.jpg,0027_2.jpg,27,27,1,genuine,0
2,0134_1.jpg,0060_2.jpg,134,60,0,impostor,168
2,0189_1.jpg,0189_2.jpg,189,189,1,genuine,0
2,0131_1.jpg,0131_2.jpg,131,131,1,genuine,0
2,0069_1.jpg,0069_2.jpg,69,69,1,genuine,0
2,0279_1.jpg,0279_2.jpg,279,279,1,genuine,0
2,0096_1.jpg,0021_2.jpg,96,21,0,impostor,168
2,0020_1.jpg,0235_2.jpg,20,235,0,impostor,168
2,0133_1.jpg,0059_2.jpg,133,59,0,impostor,168
2,0183_1.jpg,0107_2.jpg,183,107,0,impostor,168
2,0204_1.jpg,0130_2.jpg,204,130,0,impostor,168
2,0032_1.jpg,0032_2.jpg,32,32,1,genuine,0
2,0067_1.jpg,0272_2.jpg,67,272,0,impostor,168
2,0107_1.jpg,0107_2.jpg,107,107,1,genuine,0
2,0062_1.jpg,0062_2.jpg,62,62,1,genuine,0
2,0107_1.jpg,0032_2.jpg,107,32,0,impostor,168
2,0135_1.jpg,0135_2.jpg,135,135,1,genuine,0
2,0204_1.jpg,0204_2.jpg,204,204,1,genuine,0
2,0066_1.jpg,0271_2.jpg,66,271,0,impostor,168
2,0018_1.jpg,0232_2.jpg,18,232,0,impostor,168
2,0142_1.jpg,0142_2.jpg,142,142,1,genuine,0
2,0065_1.jpg,0065_2.jpg,65,65,1,genuine,0
2,0147_1.jpg,0147_2.jpg,147,147,1,genuine,0
2,0159_1.jpg,0083_2.jpg,159,83,0,impostor,168
2,0246_1.jpg,0246_2.jpg,246,246,1,genuine,0
2,0178_1.jpg,0178_2.jpg,178,178,1,genuine,0
2,0145_1.jpg,0145_2.jpg,145,145,1,genuine,0
2,0086_1.jpg,0086_2.jpg,86,86,1,genuine,0
2,0075_1.jpg,0281_2.jpg,75,281,0,impostor,168
2,0056_1.jpg,0263_2.jpg,56,263,0,impostor,168
2,0083_1.jpg,0006_2.jpg,83,6,0,impostor,168
2,0122_1.jpg,0043_2.jpg,122,43,0,impostor,168
2,0261_1.jpg,0197_2.jpg,261,197,0,impostor,168
2,0104_1.jpg,0104_2.jpg,104,104,1,genuine,0
2,0255_1.jpg,0255_2.jpg,255,255,1,genuine,0
2,0281_1.jpg,0281_2.jpg,281,281,1,genuine,0
2,0282_1.jpg,0282_2.jpg,282,282,1,genuine,0
2,0096_1.jpg,0096_2.jpg,96,96,1,genuine,0
2,0007_1.jpg,0007_2.jpg,7,7,1,genuine,0
2,0138_1.jpg,0062_2.jpg,138,62,0,impostor,168
2,0128_1.jpg,0128_2.jpg,128,128,1,genuine,0
2,0257_1.jpg,0192_2.jpg,257,192,0,impostor,168
2,0031_1.jpg,0031_2.jpg,31,31,1,genuine,0
2,0066_1.jpg,0066_2.jpg,66,66,1,genuine,0
2,0055_1.jpg,0055_2.jpg,55,55,1,genuine,0
2,0231_1.jpg,0160_2.jpg,231,160,0,impostor,168
2,0015_1.jpg,0015_2.jpg,15,15,1,genuine,0
2,0239_1.jpg,0239_2.jpg,239,239,1,genuine,0
2,0171_1.jpg,0097_2.jpg,171,97,0,impostor,168
2,0245_1.jpg,0245_2.jpg,245,245,1,genuine,0
2,0077_1.jpg,0077_2.jpg,77,77,1,genuine,0
2,0209_1.jpg,0209_2.jpg,209,209,1,genuine,0
2,0164_1.jpg,0090_2.jpg,164,90,0,impostor,168
2,0277_1.jpg,0212_2.jpg,277,212,0,impostor,168
2,0070_1.jpg,0276_2.jpg,70,276,0,impostor,168
2,0019_1.jpg,0019_2.jpg,19,19,1,genuine,0
2,0138_1.jpg,0138_2.jpg,138,138,1,genuine,0
2,0203_1.jpg,0203_2.jpg,203,203,1,genuine,0
2,0246_1.jpg,0174_2.jpg,246,174,0,impostor,168
2,0271_1.jpg,0207_2.jpg,271,207,0,impostor,168
2,0075_1.jpg,0075_2.jpg,75,75,1,genuine,0
2,0239_1.jpg,0166_2.jpg,239,166,0,impostor,168
2,0025_1.jpg,0025_2.jpg,25,25,1,genuine,0
2,0132_1.jpg,0057_2.jpg,132,57,0,impostor,168
2,0079_1.jpg,0079_2.jpg,79,79,1,genuine,0
2,0228_1.jpg,0158_2.jpg,228,158,0,impostor,168
2,0095_1.jpg,0020_2.jpg,95,20,0,impostor,168
2,0168_1.jpg,0094_2.jpg,168,94,0,impostor,168
2,0051_1.jpg,0051_2.jpg,51,51,1,genuine,0
2,0049_1.jpg,0258_2.jpg,49,258,0,impostor,168
2,0168_1.jpg,0168_2.jpg,168,168,1,genuine,0
2,0205_1.jpg,0131_2.jpg,205,131,0,impostor,168
2,0240_1.jpg,0167_2.jpg,240,167,0,impostor,168
2,0197_1.jpg,0197_2.jpg,197,197,1,genuine,0
2,0035_1.jpg,0035_2.jpg,35,35,1,genuine,0
2,0169_1.jpg,0169_2.jpg,169,169,1,genuine,0
2,0206_1.jpg,0132_2.jpg,206,132,0,impostor,168
2,0216_1.jpg,0145_2.jpg,216,145,0,impostor,168
2,0254_1.jpg,0254_2.jpg,254,254,1,genuine,0
2,0091_1.jpg,0012_2.jpg,91,12,0,impostor,168
2,0174_1.jpg,0100_2.jpg,174,100,0,impostor,168
2,0178_1.jpg,0103_2.jpg,178,103,0,impostor,168
2,0093_1.jpg,0093_2.jpg,93,93,1,genuine,0
2,0221_1.jpg,0221_2.jpg,221,221,1,genuine,0
2,0034_1.jpg,0034_2.jpg,34,34,1,genuine,0
2,0199_1.jpg,0199_2.jpg,199,199,1,genuine,0
2,0167_1.jpg,0167_2.jpg,167,167,1,genuine,0
2,0030_1.jpg,0244_2.jpg,30,244,0,impostor,168
2,0157_1.jpg,0157_2.jpg,157,157,1,genuine,0
2,0250_1.jpg,0180_2.jpg,250,180,0,impostor,168
2,0265_1.jpg,0201_2.jpg,265,201,0,impostor,168
2,0131_1.jpg,0056_2.jpg,131,56,0,impostor,168
2,0166_1.jpg,0166_2.jpg,166,166,1,genuine,0
2,0270_1.jpg,0270_2.jpg,270,270,1,genuine,0
2,0123_1.jpg,0044_2.jpg,123,44,0,impostor,168
2,0046_1.jpg,0256_2.jpg,46,256,0,impostor,168
2,0001_1.jpg,0219_2.jpg,1,219,0,impostor,168
2,0260_1.jpg,0196_2.jpg,260,196,0,impostor,168
2,0211_1.jpg,0139_2.jpg,211,139,0,impostor,168
2,0105_1.jpg,0105_2.jpg,105,105,1,genuine,0
2,0140_1.jpg,0065_2.jpg,140,65,0,impostor,168
2,0180_1.jpg,0180_2.jpg,180,180,1,genuine,0
2,0269_1.jpg,0269_2.jpg,269,269,1,genuine,0
2,0121_1.jpg,0121_2.jpg,121,121,1,genuine,0
2,0242_1.jpg,0169_2.jpg,242,169,0,impostor,168
2,0150_1.jpg,0150_2.jpg,150,150,1,genuine,0
2,0268_1.jpg,0204_2.jpg,268,204,0,impostor,168
2,0222_1.jpg,0152_2.jpg,222,152,0,impostor,168
2,0154_1.jpg,0076_2.jpg,154,76,0,impostor,168
2,0094_1.jpg,0019_2.jpg,94,19,0,impostor,168
2,0208_1.jpg,0134_2.jpg,208,134,0,impostor,168
2,0062_1.jpg,0268_2.jpg,62,268,0,impostor,168
2,0005_1.jpg,0222_2.jpg,5,222,0,impostor,168
2,0001_1.jpg,0001_2.jpg,1,1,1,genuine,0
2,0223_1.jpg,0153_2.jpg,223,153,0,impostor,168
2,0238_1.jpg,0238_2.jpg,238,238,1,genuine,0
2,0252_1.jpg,0252_2.jpg,252,252,1,genuine,0
2,0232_1.jpg,0232_2.jpg,232,232,1,genuine,0
2,0039_1.jpg,0039_2.jpg,39,39,1,genuine,0
2,0165_1.jpg,0165_2.jpg,165,165,1,genuine,0
2,0228_1.jpg,0228_2.jpg,228,228,1,genuine,0
2,0218_1.jpg,0218_2.jpg,218,218,1,genuine,0
2,0142_1.jpg,0066_2.jpg,142,66,0,impostor,168
2,0098_1.jpg,0098_2.jpg,98,98,1,genuine,0
2,0196_1.jpg,0196_2.jpg,196,196,1,genuine,0
2,0132_1.jpg,0132_2.jpg,132,132,1,genuine,0
2,0176_1.jpg,0101_2.jpg,176,101,0,impostor,168
2,0180_1.jpg,0105_2.jpg,180,105,0,impostor,168
2,0242_1.jpg,0242_2.jpg,242,242,1,genuine,0
2,0207_1.jpg,0207_2.jpg,207,207,1,genuine,0
2,0010_1.jpg,0227_2.jpg,10,227,0,impostor,168
2,0265_1.jpg,0265_2.jpg,265,265,1,genuine,0
2,0248_1.jpg,0248_2.jpg,248,248,1,genuine,0
2,0219_1.jpg,0147_2.jpg,219,147,0,impostor,168
2,0199_1.jpg,0124_2.jpg,199,124,0,impostor,168
2,0160_1.jpg,0085_2.jpg,160,85,0,impostor,168
2,0093_1.jpg,0018_2.jpg,93,18,0,impostor,168
2,0057_1.jpg,0264_2.jpg,57,264,0,impostor,168
2,0006_1.jpg,0006_2.jpg,6,6,1,genuine,0
2,0063_1.jpg,0269_2.jpg,63,269,0,impostor,168
2,0251_1.jpg,0251_2.jpg,251,251,1,genuine,0
2,0229_1.jpg,0229_2.jpg,229,229,1,genuine,0
2,0278_1.jpg,0278_2.jpg,278,278,1,genuine,0
2,0185_1.jpg,0185_2.jpg,185,185,1,genuine,0
2,0030_1.jpg,0030_2.jpg,30,30,1,genuine,0
2,0029_1.jpg,0243_2.jpg,29,243,0,impostor,168
2,0042_1.jpg,0042_2.jpg,42,42,1,genuine,0
2,0160_1.jpg,0160_2.jpg,160,160,1,genuine,0
2,0203_1.jpg,0129_2.jpg,203,129,0,impostor,168
2,0167_1.jpg,0093_2.jpg,167,93,0,impostor,168
2,0145_1.jpg,0068_2.jpg,145,68,0,impostor,168
2,0171_1.jpg,0171_2.jpg,171,171,1,genuine,0
2,0059_1.jpg,0059_2.jpg,59,59,1,genuine,0
2,0243_1.jpg,0170_2.jpg,243,170,0,impostor,168
2,0272_1.jpg,0208_2.jpg,272,208,0,impostor,168
2,0033_1.jpg,0033_2.jpg,33,33,1,genuine,0
2,0134_1.jpg,0134_2.jpg,134,134,1,genuine,0
2,0083_1.jpg,0083_2.jpg,83,83,1,genuine,0
2,0263_1.jpg,0199_2.jpg,263,199,0,impostor,168
2,0200_1.jpg,0125_2.jpg,200,125,0,impostor,168
2,0165_1.jpg,0091_2.jpg,165,91,0,impostor,168
2,0097_1.jpg,0097_2.jpg,97,97,1,genuine,0
2,0056_1.jpg,0056_2.jpg,56,56,1,genuine,0
2,0031_1.jpg,0245_2.jpg,31,245,0,impostor,168
2,0139_1.jpg,0139_2.jpg,139,139,1,genuine,0
2,0276_1.jpg,0276_2.jpg,276,276,1,genuine,0
2,0039_1.jpg,0251_2.jpg,39,251,0,impostor,168
2,0011_1.jpg,0228_2.jpg,11,228,0,impostor,168
2,0162_1.jpg,0162_2.jpg,162,162,1,genuine,0
2,0264_1.jpg,0264_2.jpg,264,264,1,genuine,0
2,0196_1.jpg,0121_2.jpg,196,121,0,impostor,168
2,0121_1.jpg,0042_2.jpg,121,42,0,impostor,168
2,0105_1.jpg,0030_2.jpg,105,30,0,impostor,168
2,0029_1.jpg,0029_2.jpg,29,29,1,genuine,0
2,0071_1.jpg,0071_2.jpg,71,71,1,genuine,0
2,0158_1.jpg,0158_2.jpg,158,158,1,genuine,0
2,0237_1.jpg,0164_2.jpg,237,164,0,impostor,168
2,0202_1.jpg,0128_2.jpg,202,128,0,impostor,168
2,0012_1.jpg,0012_2.jpg,12,12,1,genuine,0
2,0046_1.jpg,0046_2.jpg,46,46,1,genuine,0
2,0213_1.jpg,0213_2.jpg,213,213,1,genuine,0
2,0009_1.jpg,0226_2.jpg,9,226,0,impostor,168
2,0010_1.jpg,0010_2.jpg,10,10,1,genuine,0
2,0104_1.jpg,0029_2.jpg,104,29,0,impostor,168
2,0116_1.jpg,0038_2.jpg,116,38,0,impostor,168
2,0089_1.jpg,0089_2.jpg,89,89,1,genuine,0
2,0209_1.jpg,0135_2.jpg,209,135,0,impostor,168
2,0183_1.jpg,0183_2.jpg,183,183,1,genuine,0
2,0085_1.jpg,0085_2.jpg,85,85,1,genuine,0
2,0002_1.jpg,0002_2.jpg,2,2,1,genuine,0
2,0078_1.jpg,0002_2.jpg,78,2,0,impostor,168
2,0124_1.jpg,0124_2.jpg,124,124,1,genuine,0
2,0026_1.jpg,0026_2.jpg,26,26,1,genuine,0
2,0068_1.jpg,0068_2.jpg,68,68,1,genuine,0
2,0135_1.jpg,0061_2.jpg,135,61,0,impostor,168
2,0155_1.jpg,0155_2.jpg,155,155,1,genuine,0
2,0191_1.jpg,0191_2.jpg,191,191,1,genuine,0
2,0022_1.jpg,0238_2.jpg,22,238,0,impostor,168
2,0201_1.jpg,0127_2.jpg,201,127,0,impostor,168
2,0116_1.jpg,0116_2.jpg,116,116,1,genuine,0
2,0253_1.jpg,0185_2.jpg,253,185,0,impostor,168
2,0245_1.jpg,0172_2.jpg,245,172,0,impostor,168
2,0243_1.jpg,0243_2.jpg,243,243,1,genuine,0
2,0095_1.jpg,0095_2.jpg,95,95,1,genuine,0
2,0227_1.jpg,0157_2.jpg,227,157,0,impostor,168
2,0081_1.jpg,0005_2.jpg,81,5,0,impostor,168
2,0139_1.jpg,0063_2.jpg,139,63,0,impostor,168
2,0274_1.jpg,0210_2.jpg,274,210,0,impostor,168
2,0152_1.jpg,0074_2.jpg,152,74,0,impostor,168
2,0268_1.jpg,0268_2.jpg,268,268,1,genuine,0
2,0162_1.jpg,0087_2.jpg,162,87,0,impostor,168
2,0248_1.jpg,0178_2.jpg,248,178,0,impostor,168
2,0172_1.jpg,0098_2.jpg,172,98,0,impostor,168
2,0270_1.jpg,0206_2.jpg,270,206,0,impostor,168
2,0020_1.jpg,0020_2.jpg,20,20,1,genuine,0
2,0042_1.jpg,0253_2.jpg,42,253,0,impostor,168
2,0076_1.jpg,0076_2.jpg,76,76,1,genuine,0
2,0133_1.jpg,0133_2.jpg,133,133,1,genuine,0
2,0027_1.jpg,0241_2.jpg,27,241,0,impostor,168
2,0146_1.jpg,0146_2.jpg,146,146,1,genuine,0
2,0002_1.jpg,0220_2.jpg,2,220,0,impostor,168
2,0090_1.jpg,0090_2.jpg,90,90,1,genuine,0
2,0253_1.jpg,0253_2.jpg,253,253,1,genuine,0
2,0249_1.jpg,0249_2.jpg,249,249,1,genuine,0
2,0232_1.jpg,0161_2.jpg,232,161,0,impostor,168
2,0114_1.jpg,0035_2.jpg,114,35,0,impostor,168
2,0200_1.jpg,0200_2.jpg,200,200,1,genuine,0
2,0159_1.jpg,0159_2.jpg,159,159,1,genuine,0
2,0019_1.jpg,0234_2.jpg,19,234,0,impostor,168
2,0276_1.jpg,0211_2.jpg,276,211,0,impostor,168
2,0110_1.jpg,0110_2.jpg,110,110,1,genuine,0
2,0129_1.jpg,0129_2.jpg,129,129,1,genuine,0
2,0210_1.jpg,0138_2.jpg,210,138,0,impostor,168
2,0078_1.jpg,0078_2.jpg,78,78,1,genuine,0
2,0224_1.jpg,0224_2.jpg,224,224,1,genuine,0
2,0021_1.jpg,0237_2.jpg,21,237,0,impostor,168
2,0247_1.jpg,0176_2.jpg,247,176,0,impostor,168
2,0068_1.jpg,0273_2.jpg,68,273,0,impostor,168
3,0208_1.jpg,0208_2.jpg,208,208,1,genuine,0
3,0239_1.jpg,0260_2.jpg,239,260,0,impostor,20
3,0281_1.jpg,0026_2.jpg,281,26,0,impostor,20
3,0003_1.jpg,0030_2.jpg,3,30,0,impostor,20
3,0238_1.jpg,0238_2.jpg,238,238,1,genuine,0
3,0196_1.jpg,0218_2.jpg,196,218,0,impostor,20
3,0130_1.jpg,0156_2.jpg,130,156,0,impostor,20
3,0231_1.jpg,0231_2.jpg,231,231,1,genuine,0
3,0020_1.jpg,0020_2.jpg,20,20,1,genuine,0
3,0167_1.jpg,0167_2.jpg,167,167,1,genuine,0
3,0206_1.jpg,0228_2.jpg,206,228,0,impostor,20
3,0135_1.jpg,0135_2.jpg,135,135,1,genuine,0
3,0235_1.jpg,0256_2.jpg,235,256,0,impostor,20
3,0071_1.jpg,0096_2.jpg,71,96,0,impostor,20
3,0150_1.jpg,0171_2.jpg,150,171,0,impostor,20
3,0140_1.jpg,0164_2.jpg,140,164,0,impostor,20
3,0104_1.jpg,0104_2.jpg,104,104,1,genuine,0
3,0067_1.jpg,0092_2.jpg,67,92,0,impostor,20
3,0198_1.jpg,0198_2.jpg,198,198,1,genuine,0
3,0247_1.jpg,0247_2.jpg,247,247,1,genuine,0
3,0139_1.jpg,0163_2.jpg,139,163,0,impostor,20
3,0054_1.jpg,0054_2.jpg,54,54,1,genuine,0
3,0096_1.jpg,0125_2.jpg,96,125,0,impostor,20
3,0262_1.jpg,0002_2.jpg,262,2,0,impostor,20
3,0066_1.jpg,0066_2.jpg,66,66,1,genuine,0
3,0092_1.jpg,0092_2.jpg,92,92,1,genuine,0
3,0033_1.jpg,0033_2.jpg,33,33,1,genuine,0
3,0086_1.jpg,0086_2.jpg,86,86,1,genuine,0
3,0098_1.jpg,0128_2.jpg,98,128,0,impostor,20
3,0093_1.jpg,0122_2.jpg,93,122,0,impostor,20
3,0164_1.jpg,0164_2.jpg,164,164,1,genuine,0
3,0232_1.jpg,0254_2.jpg,232,254,0,impostor,20
3,0101_1.jpg,0130_2.jpg,101,130,0,impostor,20
3,0174_1.jpg,0203_2.jpg,174,203,0,impostor,20
3,0134_1.jpg,0134_2.jpg,134,134,1,genuine,0
3,0219_1.jpg,0219_2.jpg,219,219,1,genuine,0
3,0274_1.jpg,0274_2.jpg,274,274,1,genuine,0
3,0010_1.jpg,0038_2.jpg,10,38,0,impostor,20
3,0081_1.jpg,0081_2.jpg,81,81,1,genuine,0
3,0044_1.jpg,0071_2.jpg,44,71,0,impostor,20
3,0128_1.jpg,0154_2.jpg,128,154,0,impostor,20
3,0158_1.jpg,0181_2.jpg,158,181,0,impostor,20
3,0006_1.jpg,0006_2.jpg,6,6,1,genuine,0
3,0070_1.jpg,0070_2.jpg,70,70,1,genuine,0
3,0165_1.jpg,0193_2.jpg,165,193,0,impostor,20
3,0123_1.jpg,0123_2.jpg,123,123,1,genuine,0
3,0197_1.jpg,0197_2.jpg,197,197,1,genuine,0
3,0030_1.jpg,0030_2.jpg,30,30,1,genuine,0
3,0249_1.jpg,0270_2.jpg,249,270,0,impostor,20
3,0152_1.jpg,0172_2.jpg,152,172,0,impostor,20
3,0205_1.jpg,0205_2.jpg,205,205,1,genuine,0
3,0263_1.jpg,0263_2.jpg,263,263,1,genuine,0
3,0250_1.jpg,0271_2.jpg,250,271,0,impostor,20
3,0251_1.jpg,0251_2.jpg,251,251,1,genuine,0
3,0065_1.jpg,0090_2.jpg,65,90,0,impostor,20
3,0087_1.jpg,0114_2.jpg,87,114,0,impostor,20
3,0075_1.jpg,0100_2.jpg,75,100,0,impostor,20
3,0181_1.jpg,0208_2.jpg,181,208,0,impostor,20
3,0267_1.jpg,0267_2.jpg,267,267,1,genuine,0
3,0132_1.jpg,0132_2.jpg,132,132,1,genuine,0
3,0232_1.jpg,0232_2.jpg,232,232,1,genuine,0
3,0068_1.jpg,0068_2.jpg,68,68,1,genuine,0
3,0271_1.jpg,0271_2.jpg,271,271,1,genuine,0
3,0282_1.jpg,0282_2.jpg,282,282,1,genuine,0
3,0245_1.jpg,0245_2.jpg,245,245,1,genuine,0
3,0157_1.jpg,0157_2.jpg,157,157,1,genuine,0
3,0172_1.jpg,0172_2.jpg,172,172,1,genuine,0
3,0168_1.jpg,0168_2.jpg,168,168,1,genuine,0
3,0019_1.jpg,0019_2.jpg,19,19,1,genuine,0
3,0261_1.jpg,0001_2.jpg,261,1,0,impostor,20
3,0032_1.jpg,0061_2.jpg,32,61,0,impostor,20
3,0028_1.jpg,0028_2.jpg,28,28,1,genuine,0
3,0012_1.jpg,0012_2.jpg,12,12,1,genuine,0
3,0154_1.jpg,0176_2.jpg,154,176,0,impostor,20
3,0145_1.jpg,0145_2.jpg,145,145,1,genuine,0
3,0174_1.jpg,0174_2.jpg,174,174,1,genuine,0
3,0282_1.jpg,0027_2.jpg,282,27,0,impostor,20
3,0094_1.jpg,0123_2.jpg,94,123,0,impostor,20
3,0028_1.jpg,0056_2.jpg,28,56,0,impostor,20
3,0089_1.jpg,0116_2.jpg,89,116,0,impostor,20
3,0278_1.jpg,0278_2.jpg,278,278,1,genuine,0
3,0038_1.jpg,0038_2.jpg,38,38,1,genuine,0
3,0056_1.jpg,0079_2.jpg,56,79,0,impostor,20
3,0133_1.jpg,0159_2.jpg,133,159,0,impostor,20
3,0134_1.jpg,0160_2.jpg,134,160,0,impostor,20
3,0216_1.jpg,0216_2.jpg,216,216,1,genuine,0
3,0272_1.jpg,0272_2.jpg,272,272,1,genuine,0
3,0167_1.jpg,0197_2.jpg,167,197,0,impostor,20
3,0091_1.jpg,0119_2.jpg,91,119,0,impostor,20
3,0164_1.jpg,0192_2.jpg,164,192,0,impostor,20
3,0155_1.jpg,0178_2.jpg,155,178,0,impostor,20
3,0005_1.jpg,0005_2.jpg,5,5,1,genuine,0
3,0085_1.jpg,0085_2.jpg,85,85,1,genuine,0
3,0204_1.jpg,0226_2.jpg,204,226,0,impostor,20
3,0224_1.jpg,0224_2.jpg,224,224,1,genuine,0
3,0256_1.jpg,0256_2.jpg,256,256,1,genuine,0
3,0171_1.jpg,0171_2.jpg,171,171,1,genuine,0
3,0062_1.jpg,0087_2.jpg,62,87,0,impostor,20
3,0156_1.jpg,0179_2.jpg,156,179,0,impostor,20
3,0222_1.jpg,0245_2.jpg,222,245,0,impostor,20
3,0044_1.jpg,0044_2.jpg,44,44,1,genuine,0
3,0100_1.jpg,0100_2.jpg,100,100,1,genuine,0
3,0051_1.jpg,0076_2.jpg,51,76,0,impostor,20
3,0219_1.jpg,0242_2.jpg,219,242,0,impostor,20
3,0261_1.jpg,0261_2.jpg,261,261,1,genuine,0
3,0095_1.jpg,0095_2.jpg,95,95,1,genuine,0
3,0062_1.jpg,0062_2.jpg,62,62,1,genuine,0
3,0095_1.jpg,0124_2.jpg,95,124,0,impostor,20
3,0105_1.jpg,0133_2.jpg,105,133,0,impostor,20
3,0139_1.jpg,0139_2.jpg,139,139,1,genuine,0
3,0240_1.jpg,0261_2.jpg,240,261,0,impostor,20
3,0132_1.jpg,0158_2.jpg,132,158,0,impostor,20
3,0168_1.jpg,0198_2.jpg,168,198,0,impostor,20
3,0150_1.jpg,0150_2.jpg,150,150,1,genuine,0
3,0001_1.jpg,0028_2.jpg,1,28,0,impostor,20
3,0145_1.jpg,0167_2.jpg,145,167,0,impostor,20
3,0055_1.jpg,0055_2.jpg,55,55,1,genuine,0
3,0276_1.jpg,0276_2.jpg,276,276,1,genuine,0
3,0129_1.jpg,0129_2.jpg,129,129,1,genuine,0
3,0096_1.jpg,0096_2.jpg,96,96,1,genuine,0
3,0161_1.jpg,0161_2.jpg,161,161,1,genuine,0
3,0269_1.jpg,0010_2.jpg,269,10,0,impostor,20
3,0248_1.jpg,0269_2.jpg,248,269,0,impostor,20
3,0210_1.jpg,0210_2.jpg,210,210,1,genuine,0
3,0127_1.jpg,0153_2.jpg,127,153,0,impostor,20
3,0270_1.jpg,0011_2.jpg,270,11,0,impostor,20
3,0222_1.jpg,0222_2.jpg,222,222,1,genuine,0
3,0248_1.jpg,0248_2.jpg,248,248,1,genuine,0
3,0157_1.jpg,0180_2.jpg,157,180,0,impostor,20
3,0269_1.jpg,0269_2.jpg,269,269,1,genuine,0
3,0063_1.jpg,0063_2.jpg,63,63,1,genuine,0
3,0241_1.jpg,0262_2.jpg,241,262,0,impostor,20
3,0144_1.jpg,0166_2.jpg,144,166,0,impostor,20
3,0086_1.jpg,0110_2.jpg,86,110,0,impostor,20
3,0193_1.jpg,0216_2.jpg,193,216,0,impostor,20
3,0258_1.jpg,0258_2.jpg,258,258,1,genuine,0
3,0228_1.jpg,0251_2.jpg,228,251,0,impostor,20
3,0146_1.jpg,0168_2.jpg,146,168,0,impostor,20
3,0047_1.jpg,0074_2.jpg,47,74,0,impostor,20
3,0065_1.jpg,0065_2.jpg,65,65,1,genuine,0
3,0079_1.jpg,0105_2.jpg,79,105,0,impostor,20
3,0001_1.jpg,0001_2.jpg,1,1,1,genuine,0
3,0069_1.jpg,0094_2.jpg,69,94,0,impostor,20
3,0201_1.jpg,0223_2.jpg,201,223,0,impostor,20
3,0277_1.jpg,0277_2.jpg,277,277,1,genuine,0
3,0273_1.jpg,0018_2.jpg,273,18,0,impostor,20
3,0049_1.jpg,0075_2.jpg,49,75,0,impostor,20
3,0040_1.jpg,0068_2.jpg,40,68,0,impostor,20
3,0040_1.jpg,0040_2.jpg,40,40,1,genuine,0
3,0159_1.jpg,0183_2.jpg,159,183,0,impostor,20
3,0169_1.jpg,0199_2.jpg,169,199,0,impostor,20
3,0135_1.jpg,0161_2.jpg,135,161,0,impostor,20
3,0160_1.jpg,0185_2.jpg,160,185,0,impostor,20
3,0192_1.jpg,0192_2.jpg,192,192,1,genuine,0
3,0249_1.jpg,0249_2.jpg,249,249,1,genuine,0
3,0278_1.jpg,0022_2.jpg,278,22,0,impostor,20
3,0105_1.jpg,0105_2.jpg,105,105,1,genuine,0
3,0147_1.jpg,0169_2.jpg,147,169,0,impostor,20
3,0206_1.jpg,0206_2.jpg,206,206,1,genuine,0
3,0185_1.jpg,0185_2.jpg,185,185,1,genuine,0
3,0181_1.jpg,0181_2.jpg,181,181,1,genuine,0
3,0160_1.jpg,0160_2.jpg,160,160,1,genuine,0
3,0002_1.jpg,0029_2.jpg,2,29,0,impostor,20
3,0178_1.jpg,0205_2.jpg,178,205,0,impostor,20
3,0209_1.jpg,0232_2.jpg,209,232,0,impostor,20
3,0007_1.jpg,0033_2.jpg,7,33,0,impostor,20
3,0002_1.jpg,0002_2.jpg,2,2,1,genuine,0
3,0176_1.jpg,0204_2.jpg,176,204,0,impostor,20
3,0166_1.jpg,0196_2.jpg,166,196,0,impostor,20
3,0123_1.jpg,0148_2.jpg,123,148,0,impostor,20
3,0031_1.jpg,0060_2.jpg,31,60,0,impostor,20
3,0170_1.jpg,0200_2.jpg,170,200,0,impostor,20
3,0142_1.jpg,0165_2.jpg,142,165,0,impostor,20
3,0148_1.jpg,0148_2.jpg,148,148,1,genuine,0
3,0254_1.jpg,0254_2.jpg,254,254,1,genuine,0
3,0244_1.jpg,0244_2.jpg,244,244,1,genuine,0
3,0260_1.jpg,0282_2.jpg,260,282,0,impostor,20
3,0263_1.jpg,0003_2.jpg,263,3,0,impostor,20
3,0060_1.jpg,0085_2.jpg,60,85,0,impostor,20
3,0018_1.jpg,0018_2.jpg,18,18,1,genuine,0
3,0109_1.jpg,0109_2.jpg,109,109,1,genuine,0
3,0205_1.jpg,0227_2.jpg,205,227,0,impostor,20
3,0199_1.jpg,0221_2.jpg,199,221,0,impostor,20
3,0133_1.jpg,0133_2.jpg,133,133,1,genuine,0
3,0221_1.jpg,0221_2.jpg,221,221,1,genuine,0
3,0265_1.jpg,0265_2.jpg,265,265,1,genuine,0
3,0046_1.jpg,0073_2.jpg,46,73,0,impostor,20
3,0097_1.jpg,0097_2.jpg,97,97,1,genuine,0
3,0227_1.jpg,0227_2.jpg,227,227,1,genuine,0
3,0198_1.jpg,0220_2.jpg,198,220,0,impostor,20
3,0085_1.jpg,0109_2.jpg,85,109,0,impostor,20
3,0228_1.jpg,0228_2.jpg,228,228,1,genuine,0
3,0188_1.jpg,0188_2.jpg,188,188,1,genuine,0
3,0073_1.jpg,0097_2.jpg,73,97,0,impostor,20
3,0179_1.jpg,0206_2.jpg,179,206,0,impostor,20
3,0223_1.jpg,0223_2.jpg,223,223,1,genuine,0
3,0253_1.jpg,0274_2.jpg,253,274,0,impostor,20
3,0202_1.jpg,0202_2.jpg,202,202,1,genuine,0
3,0010_1.jpg,0010_2.jpg,10,10,1,genuine,0
3,0092_1.jpg,0121_2.jpg,92,121,0,impostor,20
3,0225_1.jpg,0225_2.jpg,225,225,1,genuine,0
3,0192_1.jpg,0214_2.jpg,192,214,0,impostor,20
3,0026_1.jpg,0026_2.jpg,26,26,1,genuine,0
3,0154_1.jpg,0154_2.jpg,154,154,1,genuine,0
3,0162_1.jpg,0189_2.jpg,162,189,0,impostor,20
3,0179_1.jpg,0179_2.jpg,179,179,1,genuine,0
3,0025_1.jpg,0051_2.jpg,25,51,0,impostor,20
3,0029_1.jpg,0029_2.jpg,29,29,1,genuine,0
3,0258_1.jpg,0281_2.jpg,258,281,0,impostor,20
3,0238_1.jpg,0258_2.jpg,238,258,0,impostor,20
3,0199_1.jpg,0199_2.jpg,199,199,1,genuine,0
3,0061_1.jpg,0061_2.jpg,61,61,1,genuine,0
3,0255_1.jpg,0277_2.jpg,255,277,0,impostor,20
3,0019_1.jpg,0044_2.jpg,19,44,0,impostor,20
3,0180_1.jpg,0180_2.jpg,180,180,1,genuine,0
3,0022_1.jpg,0022_2.jpg,22,22,1,genuine,0
3,0229_1.jpg,0252_2.jpg,229,252,0,impostor,20
3,0020_1.jpg,0046_2.jpg,20,46,0,impostor,20
3,0090_1.jpg,0090_2.jpg,90,90,1,genuine,0
3,0118_1.jpg,0144_2.jpg,118,144,0,impostor,20
3,0279_1.jpg,0279_2.jpg,279,279,1,genuine,0
3,0155_1.jpg,0155_2.jpg,155,155,1,genuine,0
3,0130_1.jpg,0130_2.jpg,130,130,1,genuine,0
3,0229_1.jpg,0229_2.jpg,229,229,1,genuine,0
3,0078_1.jpg,0078_2.jpg,78,78,1,genuine,0
3,0083_1.jpg,0083_2.jpg,83,83,1,genuine,0
3,0203_1.jpg,0203_2.jpg,203,203,1,genuine,0
3,0152_1.jpg,0152_2.jpg,152,152,1,genuine,0
3,0208_1.jpg,0231_2.jpg,208,231,0,impostor,20
3,0161_1.jpg,0188_2.jpg,161,188,0,impostor,20
3,0193_1.jpg,0193_2.jpg,193,193,1,genuine,0
3,0077_1.jpg,0077_2.jpg,77,77,1,genuine,0
3,0153_1.jpg,0174_2.jpg,153,174,0,impostor,20
3,0281_1.jpg,0281_2.jpg,281,281,1,genuine,0
3,0110_1.jpg,0110_2.jpg,110,110,1,genuine,0
3,0124_1.jpg,0150_2.jpg,124,150,0,impostor,20
3,0042_1.jpg,0069_2.jpg,42,69,0,impostor,20
3,0074_1.jpg,0098_2.jpg,74,98,0,impostor,20
3,0121_1.jpg,0121_2.jpg,121,121,1,genuine,0
3,0056_1.jpg,0056_2.jpg,56,56,1,genuine,0
3,0246_1.jpg,0246_2.jpg,246,246,1,genuine,0
3,0234_1.jpg,0255_2.jpg,234,255,0,impostor,20
3,0071_1.jpg,0071_2.jpg,71,71,1,genuine,0
3,0089_1.jpg,0089_2.jpg,89,89,1,genuine,0
3,0220_1.jpg,0220_2.jpg,220,220,1,genuine,0
3,0119_1.jpg,0145_2.jpg,119,145,0,impostor,20
3,0078_1.jpg,0104_2.jpg,78,104,0,impostor,20
3,0200_1.jpg,0200_2.jpg,200,200,1,genuine,0
3,0043_1.jpg,0070_2.jpg,43,70,0,impostor,20
3,0241_1.jpg,0241_2.jpg,241,241,1,genuine,0
3,0210_1.jpg,0234_2.jpg,210,234,0,impostor,20
3,0034_1.jpg,0034_2.jpg,34,34,1,genuine,0
3,0047_1.jpg,0047_2.jpg,47,47,1,genuine,0
3,0015_1.jpg,0042_2.jpg,15,42,0,impostor,20
3,0242_1.jpg,0242_2.jpg,242,242,1,genuine,0
3,0218_1.jpg,0241_2.jpg,218,241,0,impostor,20
3,0213_1.jpg,0213_2.jpg,213,213,1,genuine,0
3,0012_1.jpg,0040_2.jpg,12,40,0,impostor,20
3,0090_1.jpg,0118_2.jpg,90,118,0,impostor,20
3,0171_1.jpg,0201_2.jpg,171,201,0,impostor,20
3,0075_1.jpg,0075_2.jpg,75,75,1,genuine,0
3,0169_1.jpg,0169_2.jpg,169,169,1,genuine,0
3,0104_1.jpg,0132_2.jpg,104,132,0,impostor,20
3,0213_1.jpg,0238_2.jpg,213,238,0,impostor,20
3,0097_1.jpg,0127_2.jpg,97,127,0,impostor,20
3,0268_1.jpg,0009_2.jpg,268,9,0,impostor,20
3,0034_1.jpg,0063_2.jpg,34,63,0,impostor,20
3,0266_1.jpg,0007_2.jpg,266,7,0,impostor,20
3,0256_1.jpg,0278_2.jpg,256,278,0,impostor,20
3,0039_1.jpg,0067_2.jpg,39,67,0,impostor,20
3,0267_1.jpg,0008_2.jpg,267,8,0,impostor,20
3,0189_1.jpg,0189_2.jpg,189,189,1,genuine,0
3,0129_1.jpg,0155_2.jpg,129,155,0,impostor,20
3,0077_1.jpg,0103_2.jpg,77,103,0,impostor,20
3,0257_1.jpg,0279_2.jpg,257,279,0,impostor,20
3,0191_1.jpg,0213_2.jpg,191,213,0,impostor,20
3,0156_1.jpg,0156_2.jpg,156,156,1,genuine,0
3,0146_1.jpg,0146_2.jpg,146,146,1,genuine,0
3,0252_1.jpg,0273_2.jpg,252,273,0,impostor,20
3,0264_1.jpg,0005_2.jpg,264,5,0,impostor,20
3,0057_1.jpg,0057_2.jpg,57,57,1,genuine,0
3,0254_1.jpg,0276_2.jpg,254,276,0,impostor,20
3,0211_1.jpg,0211_2.jpg,211,211,1,genuine,0
3,0042_1.jpg,0042_2.jpg,42,42,1,genuine,0
3,0253_1.jpg,0253_2.jpg,253,253,1,genuine,0
3,0039_1.jpg,0039_2.jpg,39,39,1,genuine,0
3,0163_1.jpg,0191_2.jpg,163,191,0,impostor,20
3,0018_1.jpg,0043_2.jpg,18,43,0,impostor,20
3,0216_1.jpg,0240_2.jpg,216,240,0,impostor,20
3,0183_1.jpg,0183_2.jpg,183,183,1,genuine,0
3,0276_1.jpg,0020_2.jpg,276,20,0,impostor,20
3,0006_1.jpg,0032_2.jpg,6,32,0,impostor,20
3,0127_1.jpg,0127_2.jpg,127,127,1,genuine,0
3,0027_1.jpg,0055_2.jpg,27,55,0,impostor,20
3,0245_1.jpg,0266_2.jpg,245,266,0,impostor,20
3,0158_1.jpg,0158_2.jpg,158,158,1,genuine,0
3,0235_1.jpg,0235_2.jpg,235,235,1,genuine,0
3,0138_1.jpg,0162_2.jpg,138,162,0,impostor,20
3,0011_1.jpg,0039_2.jpg,11,39,0,impostor,20
3,0051_1.jpg,0051_2.jpg,51,51,1,genuine,0
3,0214_1.jpg,0239_2.jpg,214,239,0,impostor,20
3,0107_1.jpg,0107_2.jpg,107,107,1,genuine,0
3,0057_1.jpg,0081_2.jpg,57,81,0,impostor,20
3,0046_1.jpg,0046_2.jpg,46,46,1,genuine,0
3,0122_1.jpg,0122_2.jpg,122,122,1,genuine,0
3,0272_1.jpg,0015_2.jpg,272,15,0,impostor,20
3,0189_1.jpg,0212_2.jpg,189,212,0,impostor,20
3,0273_1.jpg,0273_2.jpg,273,273,1,genuine,0
3,0231_1.jpg,0253_2.jpg,231,253,0,impostor,20
3,0063_1.jpg,0089_2.jpg,63,89,0,impostor,20
3,0212_1.jpg,0237_2.jpg,212,237,0,impostor,20
3,0264_1.jpg,0264_2.jpg,264,264,1,genuine,0
3,0021_1.jpg,0047_2.jpg,21,47,0,impostor,20
3,0251_1.jpg,0272_2.jpg,251,272,0,impostor,20
3,0162_1.jpg,0162_2.jpg,162,162,1,genuine,0
3,0069_1.jpg,0069_2.jpg,69,69,1,genuine,0
3,0244_1.jpg,0265_2.jpg,244,265,0,impostor,20
3,0027_1.jpg,0027_2.jpg,27,27,1,genuine,0
3,0260_1.jpg,0260_2.jpg,260,260,1,genuine,0
3,0207_1.jpg,0229_2.jpg,207,229,0,impostor,20
3,0163_1.jpg,0163_2.jpg,163,163,1,genuine,0
3,0172_1.jpg,0202_2.jpg,172,202,0,impostor,20
3,0060_1.jpg,0060_2.jpg,60,60,1,genuine,0
3,0144_1.jpg,0144_2.jpg,144,144,1,genuine,0
3,0153_1.jpg,0153_2.jpg,153,153,1,genuine,0
3,0148_1.jpg,0170_2.jpg,148,170,0,impostor,20
3,0247_1.jpg,0268_2.jpg,247,268,0,impostor,20
3,0237_1.jpg,0237_2.jpg,237,237,1,genuine,0
3,0114_1.jpg,0114_2.jpg,114,114,1,genuine,0
3,0196_1.jpg,0196_2.jpg,196,196,1,genuine,0
3,0176_1.jpg,0176_2.jpg,176,176,1,genuine,0
3,0224_1.jpg,0247_2.jpg,224,247,0,impostor,20
3,0214_1.jpg,0214_2.jpg,214,214,1,genuine,0
3,0106_1.jpg,0134_2.jpg,106,134,0,impostor,20
3,0107_1.jpg,0135_2.jpg,107,135,0,impostor,20
3,0188_1.jpg,0211_2.jpg,188,211,0,impostor,20
3,0220_1.jpg,0243_2.jpg,220,243,0,impostor,20
3,0103_1.jpg,0131_2.jpg,103,131,0,impostor,20
3,0125_1.jpg,0125_2.jpg,125,125,1,genuine,0
3,0226_1.jpg,0226_2.jpg,226,226,1,genuine,0
3,0076_1.jpg,0101_2.jpg,76,101,0,impostor,20
3,0094_1.jpg,0094_2.jpg,94,94,1,genuine,0
3,0003_1.jpg,0003_2.jpg,3,3,1,genuine,0
3,0093_1.jpg,0093_2.jpg,93,93,1,genuine,0
3,0218_1.jpg,0218_2.jpg,218,218,1,genuine,0
3,0166_1.jpg,0166_2.jpg,166,166,1,genuine,0
3,0098_1.jpg,0098_2.jpg,98,98,1,genuine,0
3,0031_1.jpg,0031_2.jpg,31,31,1,genuine,0
3,0005_1.jpg,0031_2.jpg,5,31,0,impostor,20
3,0131_1.jpg,0157_2.jpg,131,157,0,impostor,20
3,0103_1.jpg,0103_2.jpg,103,103,1,genuine,0
3,0038_1.jpg,0066_2.jpg,38,66,0,impostor,20
3,0265_1.jpg,0006_2.jpg,265,6,0,impostor,20
3,0009_1.jpg,0009_2.jpg,9,9,1,genuine,0
3,0142_1.jpg,0142_2.jpg,142,142,1,genuine,0
3,0029_1.jpg,0057_2.jpg,29,57,0,impostor,20
3,0183_1.jpg,0209_2.jpg,183,209,0,impostor,20
3,0204_1.jpg,0204_2.jpg,204,204,1,genuine,0
3,0255_1.jpg,0255_2.jpg,255,255,1,genuine,0
3,0011_1.jpg,0011_2.jpg,11,11,1,genuine,0
3,0055_1.jpg,0078_2.jpg,55,78,0,impostor,20
3,0068_1.jpg,0093_2.jpg,68,93,0,impostor,20
3,0118_1.jpg,0118_2.jpg,118,118,1,genuine,0
3,0066_1.jpg,0091_2.jpg,66,91,0,impostor,20
3,0211_1.jpg,0235_2.jpg,211,235,0,impostor,20
3,0266_1.jpg,0266_2.jpg,266,266,1,genuine,0
3,0243_1.jpg,0264_2.jpg,243,264,0,impostor,20
3,0079_1.jpg,0079_2.jpg,79,79,1,genuine,0
3,0074_1.jpg,0074_2.jpg,74,74,1,genuine,0
3,0106_1.jpg,0106_2.jpg,106,106,1,genuine,0
3,0033_1.jpg,0062_2.jpg,33,62,0,impostor,20
3,0007_1.jpg,0007_2.jpg,7,7,1,genuine,0
3,0119_1.jpg,0119_2.jpg,119,119,1,genuine,0
3,0114_1.jpg,0140_2.jpg,114,140,0,impostor,20
3,0124_1.jpg,0124_2.jpg,124,124,1,genuine,0
3,0121_1.jpg,0146_2.jpg,121,146,0,impostor,20
3,0191_1.jpg,0191_2.jpg,191,191,1,genuine,0
3,0030_1.jpg,0059_2.jpg,30,59,0,impostor,20
3,0209_1.jpg,0209_2.jpg,209,209,1,genuine,0
3,0252_1.jpg,0252_2.jpg,252,252,1,genuine,0
3,0271_1.jpg,0012_2.jpg,271,12,0,impostor,20
3,0110_1.jpg,0139_2.jpg,110,139,0,impostor,20
3,0140_1.jpg,0140_2.jpg,140,140,1,genuine,0
3,0122_1.jpg,0147_2.jpg,122,147,0,impostor,20
3,0022_1.jpg,0049_2.jpg,22,49,0,impostor,20
3,0240_1.jpg,0240_2.jpg,240,240,1,genuine,0
3,0227_1.jpg,0250_2.jpg,227,250,0,impostor,20
3,0083_1.jpg,0107_2.jpg,83,107,0,impostor,20
3,0035_1.jpg,0035_2.jpg,35,35,1,genuine,0
3,0138_1.jpg,0138_2.jpg,138,138,1,genuine,0
3,0070_1.jpg,0095_2.jpg,70,95,0,impostor,20
3,0131_1.jpg,0131_2.jpg,131,131,1,genuine,0
3,0225_1.jpg,0248_2.jpg,225,248,0,impostor,20
3,0277_1.jpg,0021_2.jpg,277,21,0,impostor,20
3,0009_1.jpg,0035_2.jpg,9,35,0,impostor,20
3,0185_1.jpg,0210_2.jpg,185,210,0,impostor,20
3,0201_1.jpg,0201_2.jpg,201,201,1,genuine,0
3,0026_1.jpg,0054_2.jpg,26,54,0,impostor,20
3,0073_1.jpg,0073_2.jpg,73,73,1,genuine,0
3,0237_1.jpg,0257_2.jpg,237,257,0,impostor,20
3,0125_1.jpg,0152_2.jpg,125,152,0,impostor,20
3,0035_1.jpg,0065_2.jpg,35,65,0,impostor,20
3,0257_1.jpg,0257_2.jpg,257,257,1,genuine,0
3,0202_1.jpg,0224_2.jpg,202,224,0,impostor,20
3,0101_1.jpg,0101_2.jpg,101,101,1,genuine,0
3,0067_1.jpg,0067_2.jpg,67,67,1,genuine,0
3,0178_1.jpg,0178_2.jpg,178,178,1,genuine,0
3,0008_1.jpg,0034_2.jpg,8,34,0,impostor,20
3,0015_1.jpg,0015_2.jpg,15,15,1,genuine,0
3,0059_1.jpg,0059_2.jpg,59,59,1,genuine,0
3,0180_1.jpg,0207_2.jpg,180,207,0,impostor,20
3,0008_1.jpg,0008_2.jpg,8,8,1,genuine,0
3,0226_1.jpg,0249_2.jpg,226,249,0,impostor,20
3,0262_1.jpg,0262_2.jpg,262,262,1,genuine,0
3,0243_1.jpg,0243_2.jpg,243,243,1,genuine,0
3,0239_1.jpg,0239_2.jpg,239,239,1,genuine,0
3,0116_1.jpg,0116_2.jpg,116,116,1,genuine,0
3,0081_1.jpg,0106_2.jpg,81,106,0,impostor,20
3,0049_1.jpg,0049_2.jpg,49,49,1,genuine,0
3,0061_1.jpg,0086_2.jpg,61,86,0,impostor,20
3,0116_1.jpg,0142_2.jpg,116,142,0,impostor,20
3,0207_1.jpg,0207_2.jpg,207,207,1,genuine,0
3,0165_1.jpg,0165_2.jpg,165,165,1,genuine,0
3,0147_1.jpg,0147_2.jpg,147,147,1,genuine,0
3,0250_1.jpg,0250_2.jpg,250,250,1,genuine,0
3,0025_1.jpg,0025_2.jpg,25,25,1,genuine,0
3,0059_1.jpg,0083_2.jpg,59,83,0,impostor,20
3,0032_1.jpg,0032_2.jpg,32,32,1,genuine,0
3,0279_1.jpg,0025_2.jpg,279,25,0,impostor,20
3,0246_1.jpg,0267_2.jpg,246,267,0,impostor,20
3,0221_1.jpg,0244_2.jpg,221,244,0,impostor,20
3,0234_1.jpg,0234_2.jpg,234,234,1,genuine,0
3,0054_1.jpg,0077_2.jpg,54,77,0,impostor,20
3,0100_1.jpg,0129_2.jpg,100,129,0,impostor,20
3,0270_1.jpg,0270_2.jpg,270,270,1,genuine,0
3,0197_1.jpg,0219_2.jpg,197,219,0,impostor,20
3,0076_1.jpg,0076_2.jpg,76,76,1,genuine,0
3,0109_1.jpg,0138_2.jpg,109,138,0,impostor,20
3,0223_1.jpg,0246_2.jpg,223,246,0,impostor,20
3,0087_1.jpg,0087_2.jpg,87,87,1,genuine,0
3,0021_1.jpg,0021_2.jpg,21,21,1,genuine,0
3,0159_1.jpg,0159_2.jpg,159,159,1,genuine,0
3,0200_1.jpg,0222_2.jpg,200,222,0,impostor,20
3,0091_1.jpg,0091_2.jpg,91,91,1,genuine,0
3,0212_1.jpg,0212_2.jpg,212,212,1,genuine,0
3,0268_1.jpg,0268_2.jpg,268,268,1,genuine,0
3,0274_1.jpg,0019_2.jpg,274,19,0,impostor,20
3,0128_1.jpg,0128_2.jpg,128,128,1,genuine,0
3,0043_1.jpg,0043_2.jpg,43,43,1,genuine,0
3,0203_1.jpg,0225_2.jpg,203,225,0,impostor,20
3,0170_1.jpg,0170_2.jpg,170,170,1,genuine,0
3,0242_1.jpg,0263_2.jpg,242,263,0,impostor,20
4,0025_1.jpg,0209_2.jpg,25,209,0,impostor,143
4,0189_1.jpg,0189_2.jpg,189,189,1,genuine,0
4,0059_1.jpg,0239_2.jpg,59,239,0,impostor,143
4,0119_1.jpg,0007_2.jpg,119,7,0,impostor,143
4,0158_1.jpg,0158_2.jpg,158,158,1,genuine,0
4,0273_1.jpg,0273_2.jpg,273,273,1,genuine,0
4,0174_1.jpg,0069_2.jpg,174,69,0,impostor,143
4,0033_1.jpg,0219_2.jpg,33,219,0,impostor,143
4,0046_1.jpg,0228_2.jpg,46,228,0,impostor,143
4,0263_1.jpg,0164_2.jpg,263,164,0,impostor,143
4,0083_1.jpg,0083_2.jpg,83,83,1,genuine,0
4,0062_1.jpg,0062_2.jpg,62,62,1,genuine,0
4,0101_1.jpg,0276_2.jpg,101,276,0,impostor,143
4,0228_1.jpg,0228_2.jpg,228,228,1,genuine,0
4,0232_1.jpg,0232_2.jpg,232,232,1,genuine,0
4,0239_1.jpg,0239_2.jpg,239,239,1,genuine,0
4,0003_1.jpg,0192_2.jpg,3,192,0,impostor,143
4,0268_1.jpg,0268_2.jpg,268,268,1,genuine,0
4,0223_1.jpg,0121_2.jpg,223,121,0,impostor,143
4,0101_1.jpg,0101_2.jpg,101,101,1,genuine,0
4,0034_1.jpg,0220_2.jpg,34,220,0,impostor,143
4,0012_1.jpg,0012_2.jpg,12,12,1,genuine,0
4,0094_1.jpg,0094_2.jpg,94,94,1,genuine,0
4,0180_1.jpg,0074_2.jpg,180,74,0,impostor,143
4,0214_1.jpg,0214_2.jpg,214,214,1,genuine,0
4,0074_1.jpg,0074_2.jpg,74,74,1,genuine,0
4,0202_1.jpg,0093_2.jpg,202,93,0,impostor,143
4,0002_1.jpg,0191_2.jpg,2,191,0,impostor,143
4,0176_1.jpg,0176_2.jpg,176,176,1,genuine,0
4,0244_1.jpg,0244_2.jpg,244,244,1,genuine,0
4,0093_1.jpg,0268_2.jpg,93,268,0,impostor,143
4,0241_1.jpg,0139_2.jpg,241,139,0,impostor,143
4,0025_1.jpg,0025_2.jpg,25,25,1,genuine,0
4,0074_1.jpg,0252_2.jpg,74,252,0,impostor,143
4,0124_1.jpg,0011_2.jpg,124,11,0,impostor,143
4,0250_1.jpg,0152_2.jpg,250,152,0,impostor,143
4,0066_1.jpg,0245_2.jpg,66,245,0,impostor,143
4,0256_1.jpg,0256_2.jpg,256,256,1,genuine,0
4,0261_1.jpg,0162_2.jpg,261,162,0,impostor,143
4,0098_1.jpg,0273_2.jpg,98,273,0,impostor,143
4,0106_1.jpg,0106_2.jpg,106,106,1,genuine,0
4,0222_1.jpg,0222_2.jpg,222,222,1,genuine,0
4,0278_1.jpg,0278_2.jpg,278,278,1,genuine,0
4,0200_1.jpg,0200_2.jpg,200,200,1,genuine,0
4,0150_1.jpg,0150_2.jpg,150,150,1,genuine,0
4,0189_1.jpg,0079_2.jpg,189,79,0,impostor,143
4,0106_1.jpg,0281_2.jpg,106,281,0,impostor,143
4,0071_1.jpg,0250_2.jpg,71,250,0,impostor,143
4,0007_1.jpg,0007_2.jpg,7,7,1,genuine,0
4,0220_1.jpg,0220_2.jpg,220,220,1,genuine,0
4,0238_1.jpg,0238_2.jpg,238,238,1,genuine,0
4,0006_1.jpg,0006_2.jpg,6,6,1,genuine,0
4,0116_1.jpg,0116_2.jpg,116,116,1,genuine,0
4,0202_1.jpg,0202_2.jpg,202,202,1,genuine,0
4,0152_1.jpg,0152_2.jpg,152,152,1,genuine,0
4,0196_1.jpg,0196_2.jpg,196,196,1,genuine,0
4,0209_1.jpg,0101_2.jpg,209,101,0,impostor,143
4,0028_1.jpg,0212_2.jpg,28,212,0,impostor,143
4,0250_1.jpg,0250_2.jpg,250,250,1,genuine,0
4,0206_1.jpg,0206_2.jpg,206,206,1,genuine,0
4,0191_1.jpg,0191_2.jpg,191,191,1,genuine,0
4,0170_1.jpg,0170_2.jpg,170,170,1,genuine,0
4,0243_1.jpg,0142_2.jpg,243,142,0,impostor,143
4,0139_1.jpg,0139_2.jpg,139,139,1,genuine,0
4,0077_1.jpg,0255_2.jpg,77,255,0,impostor,143
4,0142_1.jpg,0142_2.jpg,142,142,1,genuine,0
4,0168_1.jpg,0168_2.jpg,168,168,1,genuine,0
4,0254_1.jpg,0156_2.jpg,254,156,0,impostor,143
4,0181_1.jpg,0181_2.jpg,181,181,1,genuine,0
4,0147_1.jpg,0147_2.jpg,147,147,1,genuine,0
4,0139_1.jpg,0029_2.jpg,139,29,0,impostor,143
4,0226_1.jpg,0226_2.jpg,226,226,1,genuine,0
4,0188_1.jpg,0188_2.jpg,188,188,1,genuine,0
4,0100_1.jpg,0100_2.jpg,100,100,1,genuine,0
4,0224_1.jpg,0122_2.jpg,224,122,0,impostor,143
4,0282_1.jpg,0188_2.jpg,282,188,0,impostor,143
4,0262_1.jpg,0262_2.jpg,262,262,1,genuine,0
4,0110_1.jpg,0110_2.jpg,110,110,1,genuine,0
4,0145_1.jpg,0145_2.jpg,145,145,1,genuine,0
4,0060_1.jpg,0060_2.jpg,60,60,1,genuine,0
4,0253_1.jpg,0253_2.jpg,253,253,1,genuine,0
4,0269_1.jpg,0170_2.jpg,269,170,0,impostor,143
4,0121_1.jpg,0008_2.jpg,121,8,0,impostor,143
4,0154_1.jpg,0154_2.jpg,154,154,1,genuine,0
4,0125_1.jpg,0012_2.jpg,125,12,0,impostor,143
4,0282_1.jpg,0282_2.jpg,282,282,1,genuine,0
4,0010_1.jpg,0200_2.jpg,10,200,0,impostor,143
4,0214_1.jpg,0107_2.jpg,214,107,0,impostor,143
4,0248_1.jpg,0248_2.jpg,248,248,1,genuine,0
4,0253_1.jpg,0155_2.jpg,253,155,0,impostor,143
4,0181_1.jpg,0075_2.jpg,181,75,0,impostor,143
4,0075_1.jpg,0075_2.jpg,75,75,1,genuine,0
4,0277_1.jpg,0277_2.jpg,277,277,1,genuine,0
4,0039_1.jpg,0039_2.jpg,39,39,1,genuine,0
4,0027_1.jpg,0211_2.jpg,27,211,0,impostor,143
4,0011_1.jpg,0011_2.jpg,11,11,1,genuine,0
4,0158_1.jpg,0049_2.jpg,158,49,0,impostor,143
4,0104_1.jpg,0278_2.jpg,104,278,0,impostor,143
4,0130_1.jpg,0020_2.jpg,130,20,0,impostor,143
4,0051_1.jpg,0051_2.jpg,51,51,1,genuine,0
4,0219_1.jpg,0114_2.jpg,219,114,0,impostor,143
4,0105_1.jpg,0279_2.jpg,105,279,0,impostor,143
4,0246_1.jpg,0146_2.jpg,246,146,0,impostor,143
4,0140_1.jpg,0140_2.jpg,140,140,1,genuine,0
4,0110_1.jpg,0002_2.jpg,110,2,0,impostor,143
4,0257_1.jpg,0159_2.jpg,257,159,0,impostor,143
4,0046_1.jpg,0046_2.jpg,46,46,1,genuine,0
4,0027_1.jpg,0027_2.jpg,27,27,1,genuine,0
4,0031_1.jpg,0216_2.jpg,31,216,0,impostor,143
4,0180_1.jpg,0180_2.jpg,180,180,1,genuine,0
4,0042_1.jpg,0042_2.jpg,42,42,1,genuine,0
4,0252_1.jpg,0154_2.jpg,252,154,0,impostor,143
4,0103_1.jpg,0277_2.jpg,103,277,0,impostor,143
4,0203_1.jpg,0203_2.jpg,203,203,1,genuine,0
4,0153_1.jpg,0042_2.jpg,153,42,0,impostor,143
4,0223_1.jpg,0223_2.jpg,223,223,1,genuine,0
4,0049_1.jpg,0049_2.jpg,49,49,1,genuine,0
4,0009_1.jpg,0009_2.jpg,9,9,1,genuine,0
4,0171_1.jpg,0171_2.jpg,171,171,1,genuine,0
4,0128_1.jpg,0018_2.jpg,128,18,0,impostor,143
4,0086_1.jpg,0262_2.jpg,86,262,0,impostor,143
4,0070_1.jpg,0070_2.jpg,70,70,1,genuine,0
4,0248_1.jpg,0148_2.jpg,248,148,0,impostor,143
4,0154_1.jpg,0043_2.jpg,154,43,0,impostor,143
4,0018_1.jpg,0018_2.jpg,18,18,1,genuine,0
4,0127_1.jpg,0015_2.jpg,127,15,0,impostor,143
4,0057_1.jpg,0238_2.jpg,57,238,0,impostor,143
4,0066_1.jpg,0066_2.jpg,66,66,1,genuine,0
4,0044_1.jpg,0044_2.jpg,44,44,1,genuine,0
4,0138_1.jpg,0138_2.jpg,138,138,1,genuine,0
4,0163_1.jpg,0057_2.jpg,163,57,0,impostor,143
4,0090_1.jpg,0265_2.jpg,90,265,0,impostor,143
4,0008_1.jpg,0198_2.jpg,8,198,0,impostor,143
4,0166_1.jpg,0061_2.jpg,166,61,0,impostor,143
4,0135_1.jpg,0135_2.jpg,135,135,1,genuine,0
4,0272_1.jpg,0174_2.jpg,272,174,0,impostor,143
4,0020_1.jpg,0020_2.jpg,20,20,1,genuine,0
4,0266_1.jpg,0167_2.jpg,266,167,0,impostor,143
4,0015_1.jpg,0015_2.jpg,15,15,1,genuine,0
4,0192_1.jpg,0192_2.jpg,192,192,1,genuine,0
4,0129_1.jpg,0129_2.jpg,129,129,1,genuine,0
4,0164_1.jpg,0164_2.jpg,164,164,1,genuine,0
4,0225_1.jpg,0123_2.jpg,225,123,0,impostor,143
4,0249_1.jpg,0150_2.jpg,249,150,0,impostor,143
4,0086_1.jpg,0086_2.jpg,86,86,1,genuine,0
4,0163_1.jpg,0163_2.jpg,163,163,1,genuine,0
4,0274_1.jpg,0274_2.jpg,274,274,1,genuine,0
4,0198_1.jpg,0089_2.jpg,198,89,0,impostor,143
4,0028_1.jpg,0028_2.jpg,28,28,1,genuine,0
4,0279_1.jpg,0279_2.jpg,279,279,1,genuine,0
4,0220_1.jpg,0116_2.jpg,220,116,0,impostor,143
4,0087_1.jpg,0087_2.jpg,87,87,1,genuine,0
4,0266_1.jpg,0266_2.jpg,266,266,1,genuine,0
4,0235_1.jpg,0132_2.jpg,235,132,0,impostor,143
4,0281_1.jpg,0281_2.jpg,281,281,1,genuine,0
4,0213_1.jpg,0106_2.jpg,213,106,0,impostor,143
4,0152_1.jpg,0040_2.jpg,152,40,0,impostor,143
4,0155_1.jpg,0155_2.jpg,155,155,1,genuine,0
4,0157_1.jpg,0047_2.jpg,157,47,0,impostor,143
4,0188_1.jpg,0078_2.jpg,188,78,0,impostor,143
4,0103_1.jpg,0103_2.jpg,103,103,1,genuine,0
4,0034_1.jpg,0034_2.jpg,34,34,1,genuine,0
4,0200_1.jpg,0091_2.jpg,200,91,0,impostor,143
4,0047_1.jpg,0229_2.jpg,47,229,0,impostor,143
4,0272_1.jpg,0272_2.jpg,272,272,1,genuine,0
4,0261_1.jpg,0261_2.jpg,261,261,1,genuine,0
4,0069_1.jpg,0069_2.jpg,69,69,1,genuine,0
4,0083_1.jpg,0260_2.jpg,83,260,0,impostor,143
4,0067_1.jpg,0246_2.jpg,67,246,0,impostor,143
4,0054_1.jpg,0054_2.jpg,54,54,1,genuine,0
4,0054_1.jpg,0234_2.jpg,54,234,0,impostor,143
4,0123_1.jpg,0123_2.jpg,123,123,1,genuine,0
4,0255_1.jpg,0157_2.jpg,255,157,0,impostor,143
4,0107_1.jpg,0282_2.jpg,107,282,0,impostor,143
4,0049_1.jpg,0231_2.jpg,49,231,0,impostor,143
4,0097_1.jpg,0272_2.jpg,97,272,0,impostor,143
4,0237_1.jpg,0237_2.jpg,237,237,1,genuine,0
4,0148_1.jpg,0038_2.jpg,148,38,0,impostor,143
4,0085_1.jpg,0261_2.jpg,85,261,0,impostor,143
4,0005_1.jpg,0005_2.jpg,5,5,1,genuine,0
4,0089_1.jpg,0089_2.jpg,89,89,1,genuine,0
4,0002_1.jpg,0002_2.jpg,2,2,1,genuine,0
4,0172_1.jpg,0172_2.jpg,172,172,1,genuine,0
4,0267_1.jpg,0267_2.jpg,267,267,1,genuine,0
4,0244_1.jpg,0144_2.jpg,244,144,0,impostor,143
4,0245_1.jpg,0245_2.jpg,245,245,1,genuine,0
4,0240_1.jpg,0240_2.jpg,240,240,1,genuine,0
4,0225_1.jpg,0225_2.jpg,225,225,1,genuine,0
4,0265_1.jpg,0166_2.jpg,265,166,0,impostor,143
4,0065_1.jpg,0244_2.jpg,65,244,0,impostor,143
4,0211_1.jpg,0211_2.jpg,211,211,1,genuine,0
4,0179_1.jpg,0073_2.jpg,179,73,0,impostor,143
4,0242_1.jpg,0140_2.jpg,242,140,0,impostor,143
4,0270_1.jpg,0171_2.jpg,270,171,0,impostor,143
4,0093_1.jpg,0093_2.jpg,93,93,1,genuine,0
4,0022_1.jpg,0208_2.jpg,22,208,0,impostor,143
4,0169_1.jpg,0065_2.jpg,169,65,0,impostor,143
4,0134_1.jpg,0026_2.jpg,134,26,0,impostor,143
4,0114_1.jpg,0114_2.jpg,114,114,1,genuine,0
4,0029_1.jpg,0213_2.jpg,29,213,0,impostor,143
4,0015_1.jpg,0203_2.jpg,15,203,0,impostor,143
4,0010_1.jpg,0010_2.jpg,10,10,1,genuine,0
4,0089_1.jpg,0264_2.jpg,89,264,0,impostor,143
4,0172_1.jpg,0068_2.jpg,172,68,0,impostor,143
4,0079_1.jpg,0079_2.jpg,79,79,1,genuine,0
4,0127_1.jpg,0127_2.jpg,127,127,1,genuine,0
4,0092_1.jpg,0267_2.jpg,92,267,0,impostor,143
4,0256_1.jpg,0158_2.jpg,256,158,0,impostor,143
4,0047_1.jpg,0047_2.jpg,47,47,1,genuine,0
4,0231_1.jpg,0231_2.jpg,231,231,1,genuine,0
4,0096_1.jpg,0271_2.jpg,96,271,0,impostor,143
4,0207_1.jpg,0098_2.jpg,207,98,0,impostor,143
4,0091_1.jpg,0091_2.jpg,91,91,1,genuine,0
4,0165_1.jpg,0060_2.jpg,165,60,0,impostor,143
4,0218_1.jpg,0110_2.jpg,218,110,0,impostor,143
4,0164_1.jpg,0059_2.jpg,164,59,0,impostor,143
4,0216_1.jpg,0216_2.jpg,216,216,1,genuine,0
4,0245_1.jpg,0145_2.jpg,245,145,0,impostor,143
4,0170_1.jpg,0066_2.jpg,170,66,0,impostor,143
4,0123_1.jpg,0010_2.jpg,123,10,0,impostor,143
4,0204_1.jpg,0204_2.jpg,204,204,1,genuine,0
4,0273_1.jpg,0176_2.jpg,273,176,0,impostor,143
4,0161_1.jpg,0161_2.jpg,161,161,1,genuine,0
4,0003_1.jpg,0003_2.jpg,3,3,1,genuine,0
4,0056_1.jpg,0237_2.jpg,56,237,0,impostor,143
4,0235_1.jpg,0235_2.jpg,235,235,1,genuine,0
4,0218_1.jpg,0218_2.jpg,218,218,1,genuine,0
4,0069_1.jpg,0248_2.jpg,69,248,0,impostor,143
4,0075_1.jpg,0253_2.jpg,75,253,0,impostor,143
4,0096_1.jpg,0096_2.jpg,96,96,1,genuine,0
4,0060_1.jpg,0240_2.jpg,60,240,0,impostor,143
4,0185_1.jpg,0077_2.jpg,185,77,0,impostor,143
4,0160_1.jpg,0160_2.jpg,160,160,1,genuine,0
4,0162_1.jpg,0162_2.jpg,162,162,1,genuine,0
4,0021_1.jpg,0021_2.jpg,21,21,1,genuine,0
4,0140_1.jpg,0030_2.jpg,140,30,0,impostor,143
4,0055_1.jpg,0235_2.jpg,55,235,0,impostor,143
4,0183_1.jpg,0076_2.jpg,183,76,0,impostor,143
4,0252_1.jpg,0252_2.jpg,252,252,1,genuine,0
4,0094_1.jpg,0269_2.jpg,94,269,0,impostor,143
4,0144_1.jpg,0032_2.jpg,144,32,0,impostor,143
4,0178_1.jpg,0178_2.jpg,178,178,1,genuine,0
4,0198_1.jpg,0198_2.jpg,198,198,1,genuine,0
4,0196_1.jpg,0086_2.jpg,196,86,0,impostor,143
4,0271_1.jpg,0271_2.jpg,271,271,1,genuine,0
4,0018_1.jpg,0204_2.jpg,18,204,0,impostor,143
4,0211_1.jpg,0104_2.jpg,211,104,0,impostor,143
4,0030_1.jpg,0030_2.jpg,30,30,1,genuine,0
4,0241_1.jpg,0241_2.jpg,241,241,1,genuine,0
4,0001_1.jpg,0189_2.jpg,1,189,0,impostor,143
4,0039_1.jpg,0223_2.jpg,39,223,0,impostor,143
4,0076_1.jpg,0076_2.jpg,76,76,1,genuine,0
4,0097_1.jpg,0097_2.jpg,97,97,1,genuine,0
4,0147_1.jpg,0035_2.jpg,147,35,0,impostor,143
4,0155_1.jpg,0044_2.jpg,155,44,0,impostor,143
4,0267_1.jpg,0168_2.jpg,267,168,0,impostor,143
4,0032_1.jpg,0032_2.jpg,32,32,1,genuine,0
4,0260_1.jpg,0161_2.jpg,260,161,0,impostor,143
4,0212_1.jpg,0105_2.jpg,212,105,0,impostor,143
4,0095_1.jpg,0270_2.jpg,95,270,0,impostor,143
4,0281_1.jpg,0185_2.jpg,281,185,0,impostor,143
4,0040_1.jpg,0224_2.jpg,40,224,0,impostor,143
4,0222_1.jpg,0119_2.jpg,222,119,0,impostor,143
4,0007_1.jpg,0197_2.jpg,7,197,0,impostor,143
4,0274_1.jpg,0178_2.jpg,274,178,0,impostor,143
4,0125_1.jpg,0125_2.jpg,125,125,1,genuine,0
4,0276_1.jpg,0179_2.jpg,276,179,0,impostor,143
4,0234_1.jpg,0234_2.jpg,234,234,1,genuine,0
4,0191_1.jpg,0081_2.jpg,191,81,0,impostor,143
4,0038_1.jpg,0222_2.jpg,38,222,0,impostor,143
4,0264_1.jpg,0165_2.jpg,264,165,0,impostor,143
4,0229_1.jpg,0229_2.jpg,229,229,1,genuine,0
4,0216_1.jpg,0109_2.jpg,216,109,0,impostor,143
4,0104_1.jpg,0104_2.jpg,104,104,1,genuine,0
4,0238_1.jpg,0134_2.jpg,238,134,0,impostor,143
4,0073_1.jpg,0251_2.jpg,73,251,0,impostor,143
4,0150_1.jpg,0039_2.jpg,150,39,0,impostor,143
4,0185_1.jpg,0185_2.jpg,185,185,1,genuine,0
4,0076_1.jpg,0254_2.jpg,76,254,0,impostor,143
4,0221_1.jpg,0118_2.jpg,221,118,0,impostor,143
4,0146_1.jpg,0146_2.jpg,146,146,1,genuine,0
4,0033_1.jpg,0033_2.jpg,33,33,1,genuine,0
4,0035_1.jpg,0221_2.jpg,35,221,0,impostor,143
4,0212_1.jpg,0212_2.jpg,212,212,1,genuine,0
4,0121_1.jpg,0121_2.jpg,121,121,1,genuine,0
4,0059_1.jpg,0059_2.jpg,59,59,1,genuine,0
4,0205_1.jpg,0205_2.jpg,205,205,1,genuine,0
4,0265_1.jpg,0265_2.jpg,265,265,1,genuine,0
4,0122_1.jpg,0122_2.jpg,122,122,1,genuine,0
4,0019_1.jpg,0019_2.jpg,19,19,1,genuine,0
4,0119_1.jpg,0119_2.jpg,119,119,1,genuine,0
4,0201_1.jpg,0201_2.jpg,201,201,1,genuine,0
4,0249_1.jpg,0249_2.jpg,249,249,1,genuine,0
4,0133_1.jpg,0025_2.jpg,133,25,0,impostor,143
4,0260_1.jpg,0260_2.jpg,260,260,1,genuine,0
4,0035_1.jpg,0035_2.jpg,35,35,1,genuine,0
4,0091_1.jpg,0266_2.jpg,91,266,0,impostor,143
4,0242_1.jpg,0242_2.jpg,242,242,1,genuine,0
4,0165_1.jpg,0165_2.jpg,165,165,1,genuine,0
4,0009_1.jpg,0199_2.jpg,9,199,0,impostor,143
4,0138_1.jpg,0028_2.jpg,138,28,0,impostor,143
4,0029_1.jpg,0029_2.jpg,29,29,1,genuine,0
4,0279_1.jpg,0183_2.jpg,279,183,0,impostor,143
4,0061_1.jpg,0061_2.jpg,61,61,1,genuine,0
4,0148_1.jpg,0148_2.jpg,148,148,1,genuine,0
4,0057_1.jpg,0057_2.jpg,57,57,1,genuine,0
4,0258_1.jpg,0160_2.jpg,258,160,0,impostor,143
4,0262_1.jpg,0163_2.jpg,262,163,0,impostor,143
4,0021_1.jpg,0207_2.jpg,21,207,0,impostor,143
4,0227_1.jpg,0125_2.jpg,227,125,0,impostor,143
4,0130_1.jpg,0130_2.jpg,130,130,1,genuine,0
4,0098_1.jpg,0098_2.jpg,98,98,1,genuine,0
4,0109_1.jpg,0109_2.jpg,109,109,1,genuine,0
4,0221_1.jpg,0221_2.jpg,221,221,1,genuine,0
4,0006_1.jpg,0196_2.jpg,6,196,0,impostor,143
4,0205_1.jpg,0096_2.jpg,205,96,0,impostor,143
4,0063_1.jpg,0243_2.jpg,63,243,0,impostor,143
4,0277_1.jpg,0180_2.jpg,277,180,0,impostor,143
4,0156_1.jpg,0046_2.jpg,156,46,0,impostor,143
4,0145_1.jpg,0033_2.jpg,145,33,0,impostor,143
4,0001_1.jpg,0001_2.jpg,1,1,1,genuine,0
4,0073_1.jpg,0073_2.jpg,73,73,1,genuine,0
4,0199_1.jpg,0090_2.jpg,199,90,0,impostor,143
4,0026_1.jpg,0026_2.jpg,26,26,1,genuine,0
4,0134_1.jpg,0134_2.jpg,134,134,1,genuine,0
4,0067_1.jpg,0067_2.jpg,67,67,1,genuine,0
4,0210_1.jpg,0210_2.jpg,210,210,1,genuine,0
4,0224_1.jpg,0224_2.jpg,224,224,1,genuine,0
4,0055_1.jpg,0055_2.jpg,55,55,1,genuine,0
4,0042_1.jpg,0225_2.jpg,42,225,0,impostor,143
4,0078_1.jpg,0256_2.jpg,78,256,0,impostor,143
4,0012_1.jpg,0202_2.jpg,12,202,0,impostor,143
4,0176_1.jpg,0070_2.jpg,176,70,0,impostor,143
4,0062_1.jpg,0242_2.jpg,62,242,0,impostor,143
4,0159_1.jpg,0051_2.jpg,159,51,0,impostor,143
4,0128_1.jpg,0128_2.jpg,128,128,1,genuine,0
4,0206_1.jpg,0097_2.jpg,206,97,0,impostor,143
4,0160_1.jpg,0054_2.jpg,160,54,0,impostor,143
4,0234_1.jpg,0131_2.jpg,234,131,0,impostor,143
4,0237_1.jpg,0133_2.jpg,237,133,0,impostor,143
4,0068_1.jpg,0247_2.jpg,68,247,0,impostor,143
4,0179_1.jpg,0179_2.jpg,179,179,1,genuine,0
4,0197_1.jpg,0197_2.jpg,197,197,1,genuine,0
4,0255_1.jpg,0255_2.jpg,255,255,1,genuine,0
4,0276_1.jpg,0276_2.jpg,276,276,1,genuine,0
4,0192_1.jpg,0083_2.jpg,192,83,0,impostor,143
4,0251_1.jpg,0251_2.jpg,251,251,1,genuine,0
4,0210_1.jpg,0103_2.jpg,210,103,0,impostor,143
4,0174_1.jpg,0174_2.jpg,174,174,1,genuine,0
4,0090_1.jpg,0090_2.jpg,90,90,1,genuine,0
4,0118_1.jpg,0006_2.jpg,118,6,0,impostor,143
4,0161_1.jpg,0055_2.jpg,161,55,0,impostor,143
4,0118_1.jpg,0118_2.jpg,118,118,1,genuine,0
4,0278_1.jpg,0181_2.jpg,278,181,0,impostor,143
4,0065_1.jpg,0065_2.jpg,65,65,1,genuine,0
4,0168_1.jpg,0063_2.jpg,168,63,0,impostor,143
4,0178_1.jpg,0071_2.jpg,178,71,0,impostor,143
4,0061_1.jpg,0241_2.jpg,61,241,0,impostor,143
4,0142_1.jpg,0031_2.jpg,142,31,0,impostor,143
4,0131_1.jpg,0021_2.jpg,131,21,0,impostor,143
4,0135_1.jpg,0027_2.jpg,135,27,0,impostor,143
4,0038_1.jpg,0038_2.jpg,38,38,1,genuine,0
4,0107_1.jpg,0107_2.jpg,107,107,1,genuine,0
4,0100_1.jpg,0274_2.jpg,100,274,0,impostor,143
4,0092_1.jpg,0092_2.jpg,92,92,1,genuine,0
4,0133_1.jpg,0133_2.jpg,133,133,1,genuine,0
4,0109_1.jpg,0001_2.jpg,109,1,0,impostor,143
4,0246_1.jpg,0246_2.jpg,246,246,1,genuine,0
4,0005_1.jpg,0193_2.jpg,5,193,0,impostor,143
4,0129_1.jpg,0019_2.jpg,129,19,0,impostor,143
4,0263_1.jpg,0263_2.jpg,263,263,1,genuine,0
4,0229_1.jpg,0128_2.jpg,229,128,0,impostor,143
4,0087_1.jpg,0263_2.jpg,87,263,0,impostor,143
4,0008_1.jpg,0008_2.jpg,8,8,1,genuine,0
4,0201_1.jpg,0092_2.jpg,201,92,0,impostor,143
4,0247_1.jpg,0147_2.jpg,247,147,0,impostor,143
4,0132_1.jpg,0132_2.jpg,132,132,1,genuine,0
4,0157_1.jpg,0157_2.jpg,157,157,1,genuine,0
4,0208_1.jpg,0208_2.jpg,208,208,1,genuine,0
4,0071_1.jpg,0071_2.jpg,71,71,1,genuine,0
4,0251_1.jpg,0153_2.jpg,251,153,0,impostor,143
4,0063_1.jpg,0063_2.jpg,63,63,1,genuine,0
4,0068_1.jpg,0068_2.jpg,68,68,1,genuine,0
4,0213_1.jpg,0213_2.jpg,213,213,1,genuine,0
4,0044_1.jpg,0227_2.jpg,44,227,0,impostor,143
4,0032_1.jpg,0218_2.jpg,32,218,0,impostor,143
4,0226_1.jpg,0124_2.jpg,226,124,0,impostor,143
4,0203_1.jpg,0094_2.jpg,203,94,0,impostor,143
4,0040_1.jpg,0040_2.jpg,40,40,1,genuine,0
4,0020_1.jpg,0206_2.jpg,20,206,0,impostor,143
4,0019_1.jpg,0205_2.jpg,19,205,0,impostor,143
4,0204_1.jpg,0095_2.jpg,204,95,0,impostor,143
4,0051_1.jpg,0232_2.jpg,51,232,0,impostor,143
4,0167_1.jpg,0167_2.jpg,167,167,1,genuine,0
4,0231_1.jpg,0129_2.jpg,231,129,0,impostor,143
4,0166_1.jpg,0166_2.jpg,166,166,1,genuine,0
4,0171_1.jpg,0067_2.jpg,171,67,0,impostor,143
4,0269_1.jpg,0269_2.jpg,269,269,1,genuine,0
4,0077_1.jpg,0077_2.jpg,77,77,1,genuine,0
4,0183_1.jpg,0183_2.jpg,183,183,1,genuine,0
4,0116_1.jpg,0005_2.jpg,116,5,0,impostor,143
4,0207_1.jpg,0207_2.jpg,207,207,1,genuine,0
4,0232_1.jpg,0130_2.jpg,232,130,0,impostor,143
4,0209_1.jpg,0209_2.jpg,209,209,1,genuine,0
4,0264_1.jpg,0264_2.jpg,264,264,1,genuine,0
4,0081_1.jpg,0081_2.jpg,81,81,1,genuine,0
4,0022_1.jpg,0022_2.jpg,22,22,1,genuine,0
4,0085_1.jpg,0085_2.jpg,85,85,1,genuine,0
4,0156_1.jpg,0156_2.jpg,156,156,1,genuine,0
4,0031_1.jpg,0031_2.jpg,31,31,1,genuine,0
4,0124_1.jpg,0124_2.jpg,124,124,1,genuine,0
4,0105_1.jpg,0105_2.jpg,105,105,1,genuine,0
4,0030_1.jpg,0214_2.jpg,30,214,0,impostor,143
4,0247_1.jpg,0247_2.jpg,247,247,1,genuine,0
4,0240_1.jpg,0138_2.jpg,240,138,0,impostor,143
4,0208_1.jpg,0100_2.jpg,208,100,0,impostor,143
4,0258_1.jpg,0258_2.jpg,258,258,1,genuine,0
4,0254_1.jpg,0254_2.jpg,254,254,1,genuine,0
4,0219_1.jpg,0219_2.jpg,219,219,1,genuine,0
4,0026_1.jpg,0210_2.jpg,26,210,0,impostor,143
4,0144_1.jpg,0144_2.jpg,144,144,1,genuine,0
4,0043_1.jpg,0226_2.jpg,43,226,0,impostor,143
4,0227_1.jpg,0227_2.jpg,227,227,1,genuine,0
4,0197_1.jpg,0087_2.jpg,197,87,0,impostor,143
4,0159_1.jpg,0159_2.jpg,159,159,1,genuine,0
4,0270_1.jpg,0270_2.jpg,270,270,1,genuine,0
4,0199_1.jpg,0199_2.jpg,199,199,1,genuine,0
4,0153_1.jpg,0153_2.jpg,153,153,1,genuine,0
4,0268_1.jpg,0169_2.jpg,268,169,0,impostor,143
4,0167_1.jpg,0062_2.jpg,167,62,0,impostor,143
4,0079_1.jpg,0257_2.jpg,79,257,0,impostor,143
4,0146_1.jpg,0034_2.jpg,146,34,0,impostor,143
4,0078_1.jpg,0078_2.jpg,78,78,1,genuine,0
4,0131_1.jpg,0131_2.jpg,131,131,1,genuine,0
4,0070_1.jpg,0249_2.jpg,70,249,0,impostor,143
4,0114_1.jpg,0003_2.jpg,114,3,0,impostor,143
4,0081_1.jpg,0258_2.jpg,81,258,0,impostor,143
4,0043_1.jpg,0043_2.jpg,43,43,1,genuine,0
4,0095_1.jpg,0095_2.jpg,95,95,1,genuine,0
4,0169_1.jpg,0169_2.jpg,169,169,1,genuine,0
4,0011_1.jpg,0201_2.jpg,11,201,0,impostor,143
4,0239_1.jpg,0135_2.jpg,239,135,0,impostor,143
4,0122_1.jpg,0009_2.jpg,122,9,0,impostor,143
4,0162_1.jpg,0056_2.jpg,162,56,0,impostor,143
4,0257_1.jpg,0257_2.jpg,257,257,1,genuine,0
4,0193_1.jpg,0193_2.jpg,193,193,1,genuine,0
4,0228_1.jpg,0127_2.jpg,228,127,0,impostor,143
4,0271_1.jpg,0172_2.jpg,271,172,0,impostor,143
4,0193_1.jpg,0085_2.jpg,193,85,0,impostor,143
4,0056_1.jpg,0056_2.jpg,56,56,1,genuine,0
4,0132_1.jpg,0022_2.jpg,132,22,0,impostor,143
4,0243_1.jpg,0243_2.jpg,243,243,1,genuine,0
5,0030_1.jpg,0158_2.jpg,30,158,0,impostor,97
5,0185_1.jpg,0018_2.jpg,185,18,0,impostor,97
5,0216_1.jpg,0216_2.jpg,216,216,1,genuine,0
5,0165_1.jpg,0279_2.jpg,165,279,0,impostor,97
5,0180_1.jpg,0011_2.jpg,180,11,0,impostor,97
5,0214_1.jpg,0049_2.jpg,214,49,0,impostor,97
5,0133_1.jpg,0251_2.jpg,133,251,0,impostor,97
5,0076_1.jpg,0076_2.jpg,76,76,1,genuine,0
5,0119_1.jpg,0239_2.jpg,119,239,0,impostor,97
5,0068_1.jpg,0196_2.jpg,68,196,0,impostor,97
5,0091_1.jpg,0214_2.jpg,91,214,0,impostor,97
5,0178_1.jpg,0009_2.jpg,178,9,0,impostor,97
5,0237_1.jpg,0237_2.jpg,237,237,1,genuine,0
5,0093_1.jpg,0093_2.jpg,93,93,1,genuine,0
5,0260_1.jpg,0100_2.jpg,260,100,0,impostor,97
5,0008_1.jpg,0008_2.jpg,8,8,1,genuine,0
5,0145_1.jpg,0260_2.jpg,145,260,0,impostor,97
5,0055_1.jpg,0055_2.jpg,55,55,1,genuine,0
5,0032_1.jpg,0032_2.jpg,32,32,1,genuine,0
5,0276_1.jpg,0123_2.jpg,276,123,0,impostor,97
5,0044_1.jpg,0044_2.jpg,44,44,1,genuine,0
5,0121_1.jpg,0240_2.jpg,121,240,0,impostor,97
5,0095_1.jpg,0220_2.jpg,95,220,0,impostor,97
5,0282_1.jpg,0129_2.jpg,282,129,0,impostor,97
5,0232_1.jpg,0232_2.jpg,232,232,1,genuine,0
5,0266_1.jpg,0266_2.jpg,266,266,1,genuine,0
5,0196_1.jpg,0196_2.jpg,196,196,1,genuine,0
5,0109_1.jpg,0232_2.jpg,109,232,0,impostor,97
5,0160_1.jpg,0273_2.jpg,160,273,0,impostor,97
5,0158_1.jpg,0271_2.jpg,158,271,0,impostor,97
5,0007_1.jpg,0007_2.jpg,7,7,1,genuine,0
5,0071_1.jpg,0199_2.jpg,71,199,0,impostor,97
5,0224_1.jpg,0061_2.jpg,224,61,0,impostor,97
5,0168_1.jpg,0001_2.jpg,168,1,0,impostor,97
5,0251_1.jpg,0091_2.jpg,251,91,0,impostor,97
5,0025_1.jpg,0153_2.jpg,25,153,0,impostor,97
5,0034_1.jpg,0162_2.jpg,34,162,0,impostor,97
5,0021_1.jpg,0021_2.jpg,21,21,1,genuine,0
5,0093_1.jpg,0218_2.jpg,93,218,0,impostor,97
5,0206_1.jpg,0206_2.jpg,206,206,1,genuine,0
5,0174_1.jpg,0007_2.jpg,174,7,0,impostor,97
5,0179_1.jpg,0010_2.jpg,179,10,0,impostor,97
5,0091_1.jpg,0091_2.jpg,91,91,1,genuine,0
5,0158_1.jpg,0158_2.jpg,158,158,1,genuine,0
5,0098_1.jpg,0098_2.jpg,98,98,1,genuine,0
5,0129_1.jpg,0129_2.jpg,129,129,1,genuine,0
5,0150_1.jpg,0264_2.jpg,150,264,0,impostor,97
5,0281_1.jpg,0128_2.jpg,281,128,0,impostor,97
5,0247_1.jpg,0086_2.jpg,247,86,0,impostor,97
5,0209_1.jpg,0042_2.jpg,209,42,0,impostor,97
5,0171_1.jpg,0171_2.jpg,171,171,1,genuine,0
5,0092_1.jpg,0092_2.jpg,92,92,1,genuine,0
5,0219_1.jpg,0219_2.jpg,219,219,1,genuine,0
5,0246_1.jpg,0085_2.jpg,246,85,0,impostor,97
5,0181_1.jpg,0181_2.jpg,181,181,1,genuine,0
5,0166_1.jpg,0281_2.jpg,166,281,0,impostor,97
5,0075_1.jpg,0202_2.jpg,75,202,0,impostor,97
5,0245_1.jpg,0083_2.jpg,245,83,0,impostor,97
5,0142_1.jpg,0257_2.jpg,142,257,0,impostor,97
5,0081_1.jpg,0207_2.jpg,81,207,0,impostor,97
5,0047_1.jpg,0171_2.jpg,47,171,0,impostor,97
5,0209_1.jpg,0209_2.jpg,209,209,1,genuine,0
5,0043_1.jpg,0043_2.jpg,43,43,1,genuine,0
5,0164_1.jpg,0278_2.jpg,164,278,0,impostor,97
5,0257_1.jpg,0257_2.jpg,257,257,1,genuine,0
5,0169_1.jpg,0169_2.jpg,169,169,1,genuine,0
5,0207_1.jpg,0039_2.jpg,207,39,0,impostor,97
5,0114_1.jpg,0114_2.jpg,114,114,1,genuine,0
5,0269_1.jpg,0114_2.jpg,269,114,0,impostor,97
5,0025_1.jpg,0025_2.jpg,25,25,1,genuine,0
5,0279_1.jpg,0127_2.jpg,279,127,0,impostor,97
5,0140_1.jpg,0140_2.jpg,140,140,1,genuine,0
5,0092_1.jpg,0216_2.jpg,92,216,0,impostor,97
5,0223_1.jpg,0060_2.jpg,223,60,0,impostor,97
5,0172_1.jpg,0172_2.jpg,172,172,1,genuine,0
5,0207_1.jpg,0207_2.jpg,207,207,1,genuine,0
5,0203_1.jpg,0033_2.jpg,203,33,0,impostor,97
5,0012_1.jpg,0012_2.jpg,12,12,1,genuine,0
5,0240_1.jpg,0076_2.jpg,240,76,0,impostor,97
5,0188_1.jpg,0019_2.jpg,188,19,0,impostor,97
5,0060_1.jpg,0183_2.jpg,60,183,0,impostor,97
5,0256_1.jpg,0256_2.jpg,256,256,1,genuine,0
5,0040_1.jpg,0166_2.jpg,40,166,0,impostor,97
5,0133_1.jpg,0133_2.jpg,133,133,1,genuine,0
5,0234_1.jpg,0070_2.jpg,234,70,0,impostor,97
5,0163_1.jpg,0163_2.jpg,163,163,1,genuine,0
5,0135_1.jpg,0135_2.jpg,135,135,1,genuine,0
5,0144_1.jpg,0144_2.jpg,144,144,1,genuine,0
5,0165_1.jpg,0165_2.jpg,165,165,1,genuine,0
5,0242_1.jpg,0078_2.jpg,242,78,0,impostor,97
5,0020_1.jpg,0020_2.jpg,20,20,1,genuine,0
5,0221_1.jpg,0057_2.jpg,221,57,0,impostor,97
5,0218_1.jpg,0054_2.jpg,218,54,0,impostor,97
5,0015_1.jpg,0145_2.jpg,15,145,0,impostor,97
5,0085_1.jpg,0209_2.jpg,85,209,0,impostor,97
5,0245_1.jpg,0245_2.jpg,245,245,1,genuine,0
5,0189_1.jpg,0189_2.jpg,189,189,1,genuine,0
5,0167_1.jpg,0167_2.jpg,167,167,1,genuine,0
5,0250_1.jpg,0250_2.jpg,250,250,1,genuine,0
5,0101_1.jpg,0225_2.jpg,101,225,0,impostor,97
5,0227_1.jpg,0227_2.jpg,227,227,1,genuine,0
5,0235_1.jpg,0071_2.jpg,235,71,0,impostor,97
5,0079_1.jpg,0079_2.jpg,79,79,1,genuine,0
5,0150_1.jpg,0150_2.jpg,150,150,1,genuine,0
5,0019_1.jpg,0147_2.jpg,19,147,0,impostor,97
5,0235_1.jpg,0235_2.jpg,235,235,1,genuine,0
5,0063_1.jpg,0189_2.jpg,63,189,0,impostor,97
5,0157_1.jpg,0270_2.jpg,157,270,0,impostor,97
5,0107_1.jpg,0231_2.jpg,107,231,0,impostor,97
5,0231_1.jpg,0068_2.jpg,231,68,0,impostor,97
5,0278_1.jpg,0278_2.jpg,278,278,1,genuine,0
5,0214_1.jpg,0214_2.jpg,214,214,1,genuine,0
5,0257_1.jpg,0097_2.jpg,257,97,0,impostor,97
5,0154_1.jpg,0154_2.jpg,154,154,1,genuine,0
5,0145_1.jpg,0145_2.jpg,145,145,1,genuine,0
5,0049_1.jpg,0049_2.jpg,49,49,1,genuine,0
5,0170_1.jpg,0170_2.jpg,170,170,1,genuine,0
5,0019_1.jpg,0019_2.jpg,19,19,1,genuine,0
5,0171_1.jpg,0005_2.jpg,171,5,0,impostor,97
5,0056_1.jpg,0056_2.jpg,56,56,1,genuine,0
5,0085_1.jpg,0085_2.jpg,85,85,1,genuine,0
5,0139_1.jpg,0139_2.jpg,139,139,1,genuine,0
5,0193_1.jpg,0193_2.jpg,193,193,1,genuine,0
5,0159_1.jpg,0272_2.jpg,159,272,0,impostor,97
5,0018_1.jpg,0018_2.jpg,18,18,1,genuine,0
5,0055_1.jpg,0178_2.jpg,55,178,0,impostor,97
5,0028_1.jpg,0028_2.jpg,28,28,1,genuine,0
5,0027_1.jpg,0027_2.jpg,27,27,1,genuine,0
5,0262_1.jpg,0103_2.jpg,262,103,0,impostor,97
5,0183_1.jpg,0015_2.jpg,183,15,0,impostor,97
5,0060_1.jpg,0060_2.jpg,60,60,1,genuine,0
5,0074_1.jpg,0074_2.jpg,74,74,1,genuine,0
5,0132_1.jpg,0250_2.jpg,132,250,0,impostor,97
5,0160_1.jpg,0160_2.jpg,160,160,1,genuine,0
5,0066_1.jpg,0192_2.jpg,66,192,0,impostor,97
5,0154_1.jpg,0267_2.jpg,154,267,0,impostor,97
5,0027_1.jpg,0155_2.jpg,27,155,0,impostor,97
5,0159_1.jpg,0159_2.jpg,159,159,1,genuine,0
5,0089_1.jpg,0212_2.jpg,89,212,0,impostor,97
5,0147_1.jpg,0147_2.jpg,147,147,1,genuine,0
5,0074_1.jpg,0201_2.jpg,74,201,0,impostor,97
5,0038_1.jpg,0164_2.jpg,38,164,0,impostor,97
5,0166_1.jpg,0166_2.jpg,166,166,1,genuine,0
5,0135_1.jpg,0253_2.jpg,135,253,0,impostor,97
5,0157_1.jpg,0157_2.jpg,157,157,1,genuine,0
5,0002_1.jpg,0131_2.jpg,2,131,0,impostor,97
5,0163_1.jpg,0277_2.jpg,163,277,0,impostor,97
5,0197_1.jpg,0197_2.jpg,197,197,1,genuine,0
5,0061_1.jpg,0185_2.jpg,61,185,0,impostor,97
5,0272_1.jpg,0272_2.jpg,272,272,1,genuine,0
5,0246_1.jpg,0246_2.jpg,246,246,1,genuine,0
5,0015_1.jpg,0015_2.jpg,15,15,1,genuine,0
5,0251_1.jpg,0251_2.jpg,251,251,1,genuine,0
5,0161_1.jpg,0274_2.jpg,161,274,0,impostor,97
5,0047_1.jpg,0047_2.jpg,47,47,1,genuine,0
5,0180_1.jpg,0180_2.jpg,180,180,1,genuine,0
5,0167_1.jpg,0282_2.jpg,167,282,0,impostor,97
5,0077_1.jpg,0077_2.jpg,77,77,1,genuine,0
5,0193_1.jpg,0025_2.jpg,193,25,0,impostor,97
5,0083_1.jpg,0208_2.jpg,83,208,0,impostor,97
5,0258_1.jpg,0258_2.jpg,258,258,1,genuine,0
5,0198_1.jpg,0028_2.jpg,198,28,0,impostor,97
5,0097_1.jpg,0097_2.jpg,97,97,1,genuine,0
5,0098_1.jpg,0223_2.jpg,98,223,0,impostor,97
5,0226_1.jpg,0063_2.jpg,226,63,0,impostor,97
5,0097_1.jpg,0222_2.jpg,97,222,0,impostor,97
5,0056_1.jpg,0179_2.jpg,56,179,0,impostor,97
5,0096_1.jpg,0221_2.jpg,96,221,0,impostor,97
5,0185_1.jpg,0185_2.jpg,185,185,1,genuine,0
5,0035_1.jpg,0163_2.jpg,35,163,0,impostor,97
5,0196_1.jpg,0026_2.jpg,196,26,0,impostor,97
5,0271_1.jpg,0118_2.jpg,271,118,0,impostor,97
5,0043_1.jpg,0168_2.jpg,43,168,0,impostor,97
5,0197_1.jpg,0027_2.jpg,197,27,0,impostor,97
5,0046_1.jpg,0170_2.jpg,46,170,0,impostor,97
5,0237_1.jpg,0073_2.jpg,237,73,0,impostor,97
5,0261_1.jpg,0101_2.jpg,261,101,0,impostor,97
5,0139_1.jpg,0255_2.jpg,139,255,0,impostor,97
5,0083_1.jpg,0083_2.jpg,83,83,1,genuine,0
5,0062_1.jpg,0062_2.jpg,62,62,1,genuine,0
5,0156_1.jpg,0156_2.jpg,156,156,1,genuine,0
5,0244_1.jpg,0081_2.jpg,244,81,0,impostor,97
5,0225_1.jpg,0225_2.jpg,225,225,1,genuine,0
5,0274_1.jpg,0274_2.jpg,274,274,1,genuine,0
5,0065_1.jpg,0065_2.jpg,65,65,1,genuine,0
5,0067_1.jpg,0067_2.jpg,67,67,1,genuine,0
5,0033_1.jpg,0033_2.jpg,33,33,1,genuine,0
5,0008_1.jpg,0138_2.jpg,8,138,0,impostor,97
5,0062_1.jpg,0188_2.jpg,62,188,0,impostor,97
5,0059_1.jpg,0059_2.jpg,59,59,1,genuine,0
5,0002_1.jpg,0002_2.jpg,2,2,1,genuine,0
5,0009_1.jpg,0009_2.jpg,9,9,1,genuine,0
5,0144_1.jpg,0258_2.jpg,144,258,0,impostor,97
5,0086_1.jpg,0086_2.jpg,86,86,1,genuine,0
5,0252_1.jpg,0092_2.jpg,252,92,0,impostor,97
5,0039_1.jpg,0165_2.jpg,39,165,0,impostor,97
5,0274_1.jpg,0122_2.jpg,274,122,0,impostor,97
5,0022_1.jpg,0022_2.jpg,22,22,1,genuine,0
5,0192_1.jpg,0192_2.jpg,192,192,1,genuine,0
5,0010_1.jpg,0010_2.jpg,10,10,1,genuine,0
5,0232_1.jpg,0069_2.jpg,232,69,0,impostor,97
5,0146_1.jpg,0261_2.jpg,146,261,0,impostor,97
5,0001_1.jpg,0001_2.jpg,1,1,1,genuine,0
5,0205_1.jpg,0035_2.jpg,205,35,0,impostor,97
5,0103_1.jpg,0103_2.jpg,103,103,1,genuine,0
5,0219_1.jpg,0055_2.jpg,219,55,0,impostor,97
5,0005_1.jpg,0005_2.jpg,5,5,1,genuine,0
5,0109_1.jpg,0109_2.jpg,109,109,1,genuine,0
5,0168_1.jpg,0168_2.jpg,168,168,1,genuine,0
5,0226_1.jpg,0226_2.jpg,226,226,1,genuine,0
5,0210_1.jpg,0043_2.jpg,210,43,0,impostor,97
5,0176_1.jpg,0008_2.jpg,176,8,0,impostor,97
5,0067_1.jpg,0193_2.jpg,67,193,0,impostor,97
5,0278_1.jpg,0125_2.jpg,278,125,0,impostor,97
5,0011_1.jpg,0011_2.jpg,11,11,1,genuine,0
5,0033_1.jpg,0161_2.jpg,33,161,0,impostor,97
5,0225_1.jpg,0062_2.jpg,225,62,0,impostor,97
5,0247_1.jpg,0247_2.jpg,247,247,1,genuine,0
5,0261_1.jpg,0261_2.jpg,261,261,1,genuine,0
5,0030_1.jpg,0030_2.jpg,30,30,1,genuine,0
5,0244_1.jpg,0244_2.jpg,244,244,1,genuine,0
5,0073_1.jpg,0073_2.jpg,73,73,1,genuine,0
5,0081_1.jpg,0081_2.jpg,81,81,1,genuine,0
5,0129_1.jpg,0247_2.jpg,129,247,0,impostor,97
5,0070_1.jpg,0198_2.jpg,70,198,0,impostor,97
5,0034_1.jpg,0034_2.jpg,34,34,1,genuine,0
5,0204_1.jpg,0034_2.jpg,204,34,0,impostor,97
5,0161_1.jpg,0161_2.jpg,161,161,1,genuine,0
5,0223_1.jpg,0223_2.jpg,223,223,1,genuine,0
5,0183_1.jpg,0183_2.jpg,183,183,1,genuine,0
5,0255_1.jpg,0095_2.jpg,255,95,0,impostor,97
5,0200_1.jpg,0030_2.jpg,200,30,0,impostor,97
5,0222_1.jpg,0059_2.jpg,222,59,0,impostor,97
5,0021_1.jpg,0150_2.jpg,21,150,0,impostor,97
5,0189_1.jpg,0020_2.jpg,189,20,0,impostor,97
5,0124_1.jpg,0124_2.jpg,124,124,1,genuine,0
5,0273_1.jpg,0121_2.jpg,273,121,0,impostor,97
5,0170_1.jpg,0003_2.jpg,170,3,0,impostor,97
5,0107_1.jpg,0107_2.jpg,107,107,1,genuine,0
5,0130_1.jpg,0248_2.jpg,130,248,0,impostor,97
5,0044_1.jpg,0169_2.jpg,44,169,0,impostor,97
5,0253_1.jpg,0253_2.jpg,253,253,1,genuine,0
5,0122_1.jpg,0241_2.jpg,122,241,0,impostor,97
5,0267_1.jpg,0109_2.jpg,267,109,0,impostor,97
5,0069_1.jpg,0069_2.jpg,69,69,1,genuine,0
5,0022_1.jpg,0152_2.jpg,22,152,0,impostor,97
5,0026_1.jpg,0154_2.jpg,26,154,0,impostor,97
5,0106_1.jpg,0106_2.jpg,106,106,1,genuine,0
5,0100_1.jpg,0100_2.jpg,100,100,1,genuine,0
5,0192_1.jpg,0022_2.jpg,192,22,0,impostor,97
5,0039_1.jpg,0039_2.jpg,39,39,1,genuine,0
5,0046_1.jpg,0046_2.jpg,46,46,1,genuine,0
5,0268_1.jpg,0110_2.jpg,268,110,0,impostor,97
5,0249_1.jpg,0089_2.jpg,249,89,0,impostor,97
5,0152_1.jpg,0265_2.jpg,152,265,0,impostor,97
5,0101_1.jpg,0101_2.jpg,101,101,1,genuine,0
5,0146_1.jpg,0146_2.jpg,146,146,1,genuine,0
5,0127_1.jpg,0127_2.jpg,127,127,1,genuine,0
5,0042_1.jpg,0167_2.jpg,42,167,0,impostor,97
5,0028_1.jpg,0156_2.jpg,28,156,0,impostor,97
5,0213_1.jpg,0213_2.jpg,213,213,1,genuine,0
5,0206_1.jpg,0038_2.jpg,206,38,0,impostor,97
5,0248_1.jpg,0248_2.jpg,248,248,1,genuine,0
5,0063_1.jpg,0063_2.jpg,63,63,1,genuine,0
5,0100_1.jpg,0224_2.jpg,100,224,0,impostor,97
5,0131_1.jpg,0131_2.jpg,131,131,1,genuine,0
5,0243_1.jpg,0243_2.jpg,243,243,1,genuine,0
5,0130_1.jpg,0130_2.jpg,130,130,1,genuine,0
5,0148_1.jpg,0148_2.jpg,148,148,1,genuine,0
5,0090_1.jpg,0090_2.jpg,90,90,1,genuine,0
5,0005_1.jpg,0133_2.jpg,5,133,0,impostor,97
5,0042_1.jpg,0042_2.jpg,42,42,1,genuine,0
5,0266_1.jpg,0107_2.jpg,266,107,0,impostor,97
5,0256_1.jpg,0096_2.jpg,256,96,0,impostor,97
5,0007_1.jpg,0135_2.jpg,7,135,0,impostor,97
5,0125_1.jpg,0244_2.jpg,125,244,0,impostor,97
5,0087_1.jpg,0211_2.jpg,87,211,0,impostor,97
5,0243_1.jpg,0079_2.jpg,243,79,0,impostor,97
5,0216_1.jpg,0051_2.jpg,216,51,0,impostor,97
5,0054_1.jpg,0054_2.jpg,54,54,1,genuine,0
5,0250_1.jpg,0090_2.jpg,250,90,0,impostor,97
5,0199_1.jpg,0029_2.jpg,199,29,0,impostor,97
5,0270_1.jpg,0270_2.jpg,270,270,1,genuine,0
5,0241_1.jpg,0241_2.jpg,241,241,1,genuine,0
5,0090_1.jpg,0213_2.jpg,90,213,0,impostor,97
5,0238_1.jpg,0074_2.jpg,238,74,0,impostor,97
5,0094_1.jpg,0219_2.jpg,94,219,0,impostor,97
5,0073_1.jpg,0200_2.jpg,73,200,0,impostor,97
5,0026_1.jpg,0026_2.jpg,26,26,1,genuine,0
5,0199_1.jpg,0199_2.jpg,199,199,1,genuine,0
5,0051_1.jpg,0051_2.jpg,51,51,1,genuine,0
5,0020_1.jpg,0148_2.jpg,20,148,0,impostor,97
5,0272_1.jpg,0119_2.jpg,272,119,0,impostor,97
5,0069_1.jpg,0197_2.jpg,69,197,0,impostor,97
5,0265_1.jpg,0265_2.jpg,265,265,1,genuine,0
5,0132_1.jpg,0132_2.jpg,132,132,1,genuine,0
5,0142_1.jpg,0142_2.jpg,142,142,1,genuine,0
5,0124_1.jpg,0243_2.jpg,124,243,0,impostor,97
5,0103_1.jpg,0226_2.jpg,103,226,0,impostor,97
5,0049_1.jpg,0172_2.jpg,49,172,0,impostor,97
5,0119_1.jpg,0119_2.jpg,119,119,1,genuine,0
5,0218_1.jpg,0218_2.jpg,218,218,1,genuine,0
5,0010_1.jpg,0140_2.jpg,10,140,0,impostor,97
5,0281_1.jpg,0281_2.jpg,281,281,1,genuine,0
5,0123_1.jpg,0242_2.jpg,123,242,0,impostor,97
5,0162_1.jpg,0276_2.jpg,162,276,0,impostor,97
5,0248_1.jpg,0087_2.jpg,248,87,0,impostor,97
5,0123_1.jpg,0123_2.jpg,123,123,1,genuine,0
5,0255_1.jpg,0255_2.jpg,255,255,1,genuine,0
5,0162_1.jpg,0162_2.jpg,162,162,1,genuine,0
5,0252_1.jpg,0252_2.jpg,252,252,1,genuine,0
5,0155_1.jpg,0155_2.jpg,155,155,1,genuine,0
5,0201_1.jpg,0201_2.jpg,201,201,1,genuine,0
5,0127_1.jpg,0245_2.jpg,127,245,0,impostor,97
5,0118_1.jpg,0238_2.jpg,118,238,0,impostor,97
5,0181_1.jpg,0012_2.jpg,181,12,0,impostor,97
5,0227_1.jpg,0065_2.jpg,227,65,0,impostor,97
5,0110_1.jpg,0234_2.jpg,110,234,0,impostor,97
5,0061_1.jpg,0061_2.jpg,61,61,1,genuine,0
5,0057_1.jpg,0180_2.jpg,57,180,0,impostor,97
5,0079_1.jpg,0206_2.jpg,79,206,0,impostor,97
5,0104_1.jpg,0227_2.jpg,104,227,0,impostor,97
5,0239_1.jpg,0075_2.jpg,239,75,0,impostor,97
5,0265_1.jpg,0106_2.jpg,265,106,0,impostor,97
5,0188_1.jpg,0188_2.jpg,188,188,1,genuine,0
5,0156_1.jpg,0269_2.jpg,156,269,0,impostor,97
5,0148_1.jpg,0263_2.jpg,148,263,0,impostor,97
5,0172_1.jpg,0006_2.jpg,172,6,0,impostor,97
5,0029_1.jpg,0157_2.jpg,29,157,0,impostor,97
5,0240_1.jpg,0240_2.jpg,240,240,1,genuine,0
5,0239_1.jpg,0239_2.jpg,239,239,1,genuine,0
5,0011_1.jpg,0142_2.jpg,11,142,0,impostor,97
5,0078_1.jpg,0205_2.jpg,78,205,0,impostor,97
5,0001_1.jpg,0130_2.jpg,1,130,0,impostor,97
5,0125_1.jpg,0125_2.jpg,125,125,1,genuine,0
5,0254_1.jpg,0094_2.jpg,254,94,0,impostor,97
5,0241_1.jpg,0077_2.jpg,241,77,0,impostor,97
5,0178_1.jpg,0178_2.jpg,178,178,1,genuine,0
5,0242_1.jpg,0242_2.jpg,242,242,1,genuine,0
5,0032_1.jpg,0160_2.jpg,32,160,0,impostor,97
5,0263_1.jpg,0104_2.jpg,263,104,0,impostor,97
5,0254_1.jpg,0254_2.jpg,254,254,1,genuine,0
5,0270_1.jpg,0116_2.jpg,270,116,0,impostor,97
5,0211_1.jpg,0211_2.jpg,211,211,1,genuine,0
5,0222_1.jpg,0222_2.jpg,222,222,1,genuine,0
5,0228_1.jpg,0228_2.jpg,228,228,1,genuine,0
5,0105_1.jpg,0105_2.jpg,105,105,1,genuine,0
5,0138_1.jpg,0138_2.jpg,138,138,1,genuine,0
5,0220_1.jpg,0056_2.jpg,220,56,0,impostor,97
5,0155_1.jpg,0268_2.jpg,155,268,0,impostor,97
5,0277_1.jpg,0277_2.jpg,277,277,1,genuine,0
5,0040_1.jpg,0040_2.jpg,40,40,1,genuine,0
5,0128_1.jpg,0128_2.jpg,128,128,1,genuine,0
5,0258_1.jpg,0098_2.jpg,258,98,0,impostor,97
5,0057_1.jpg,0057_2.jpg,57,57,1,genuine,0
5,0229_1.jpg,0067_2.jpg,229,67,0,impostor,97
5,0211_1.jpg,0044_2.jpg,211,44,0,impostor,97
5,0116_1.jpg,0237_2.jpg,116,237,0,impostor,97
5,0065_1.jpg,0191_2.jpg,65,191,0,impostor,97
5,0267_1.jpg,0267_2.jpg,267,267,1,genuine,0
5,0204_1.jpg,0204_2.jpg,204,204,1,genuine,0
5,0200_1.jpg,0200_2.jpg,200,200,1,genuine,0
5,0006_1.jpg,0134_2.jpg,6,134,0,impostor,97
5,0110_1.jpg,0110_2.jpg,110,110,1,genuine,0
5,0038_1.jpg,0038_2.jpg,38,38,1,genuine,0
5,0077_1.jpg,0204_2.jpg,77,204,0,impostor,97
5,0169_1.jpg,0002_2.jpg,169,2,0,impostor,97
5,0075_1.jpg,0075_2.jpg,75,75,1,genuine,0
5,0234_1.jpg,0234_2.jpg,234,234,1,genuine,0
5,0059_1.jpg,0181_2.jpg,59,181,0,impostor,97
5,0271_1.jpg,0271_2.jpg,271,271,1,genuine,0
5,0153_1.jpg,0153_2.jpg,153,153,1,genuine,0
5,0105_1.jpg,0228_2.jpg,105,228,0,impostor,97
5,0229_1.jpg,0229_2.jpg,229,229,1,genuine,0
5,0198_1.jpg,0198_2.jpg,198,198,1,genuine,0
5,0202_1.jpg,0202_2.jpg,202,202,1,genuine,0
5,0264_1.jpg,0105_2.jpg,264,105,0,impostor,97
5,0201_1.jpg,0031_2.jpg,201,31,0,impostor,97
5,0174_1.jpg,0174_2.jpg,174,174,1,genuine,0
5,0208_1.jpg,0208_2.jpg,208,208,1,genuine,0
5,0203_1.jpg,0203_2.jpg,203,203,1,genuine,0
5,0121_1.jpg,0121_2.jpg,121,121,1,genuine,0
5,0208_1.jpg,0040_2.jpg,208,40,0,impostor,97
5,0262_1.jpg,0262_2.jpg,262,262,1,genuine,0
5,0253_1.jpg,0093_2.jpg,253,93,0,impostor,97
5,0238_1.jpg,0238_2.jpg,238,238,1,genuine,0
5,0212_1.jpg,0046_2.jpg,212,46,0,impostor,97
5,0138_1.jpg,0254_2.jpg,138,254,0,impostor,97
5,0035_1.jpg,0035_2.jpg,35,35,1,genuine,0
5,0191_1.jpg,0191_2.jpg,191,191,1,genuine,0
5,0003_1.jpg,0003_2.jpg,3,3,1,genuine,0
5,0140_1.jpg,0256_2.jpg,140,256,0,impostor,97
5,0205_1.jpg,0205_2.jpg,205,205,1,genuine,0
5,0070_1.jpg,0070_2.jpg,70,70,1,genuine,0
5,0153_1.jpg,0266_2.jpg,153,266,0,impostor,97
5,0282_1.jpg,0282_2.jpg,282,282,1,genuine,0
5,0106_1.jpg,0229_2.jpg,106,229,0,impostor,97
5,0122_1.jpg,0122_2.jpg,122,122,1,genuine,0
5,0012_1.jpg,0144_2.jpg,12,144,0,impostor,97
5,0003_1.jpg,0132_2.jpg,3,132,0,impostor,97
5,0116_1.jpg,0116_2.jpg,116,116,1,genuine,0
5,0268_1.jpg,0268_2.jpg,268,268,1,genuine,0
5,0249_1.jpg,0249_2.jpg,249,249,1,genuine,0
5,0131_1.jpg,0249_2.jpg,131,249,0,impostor,97
5,0260_1.jpg,0260_2.jpg,260,260,1,genuine,0
5,0221_1.jpg,0221_2.jpg,221,221,1,genuine,0
5,0031_1.jpg,0159_2.jpg,31,159,0,impostor,97
5,0164_1.jpg,0164_2.jpg,164,164,1,genuine,0
5,0228_1.jpg,0066_2.jpg,228,66,0,impostor,97
5,0029_1.jpg,0029_2.jpg,29,29,1,genuine,0
5,0076_1.jpg,0203_2.jpg,76,203,0,impostor,97
5,0210_1.jpg,0210_2.jpg,210,210,1,genuine,0
5,0104_1.jpg,0104_2.jpg,104,104,1,genuine,0
5,0269_1.jpg,0269_2.jpg,269,269,1,genuine,0
5,0179_1.jpg,0179_2.jpg,179,179,1,genuine,0
5,0134_1.jpg,0134_2.jpg,134,134,1,genuine,0
5,0212_1.jpg,0212_2.jpg,212,212,1,genuine,0
5,0006_1.jpg,0006_2.jpg,6,6,1,genuine,0
5,0264_1.jpg,0264_2.jpg,264,264,1,genuine,0
5,0279_1.jpg,0279_2.jpg,279,279,1,genuine,0
5,0018_1.jpg,0146_2.jpg,18,146,0,impostor,97
5,0089_1.jpg,0089_2.jpg,89,89,1,genuine,0
5,0086_1.jpg,0210_2.jpg,86,210,0,impostor,97
5,0276_1.jpg,0276_2.jpg,276,276,1,genuine,0
5,0096_1.jpg,0096_2.jpg,96,96,1,genuine,0
5,0066_1.jpg,0066_2.jpg,66,66,1,genuine,0
5,0071_1.jpg,0071_2.jpg,71,71,1,genuine,0
5,0128_1.jpg,0246_2.jpg,128,246,0,impostor,97
5,0009_1.jpg,0139_2.jpg,9,139,0,impostor,97
5,0220_1.jpg,0220_2.jpg,220,220,1,genuine,0
5,0277_1.jpg,0124_2.jpg,277,124,0,impostor,97
5,0202_1.jpg,0032_2.jpg,202,32,0,impostor,97
5,0118_1.jpg,0118_2.jpg,118,118,1,genuine,0
5,0087_1.jpg,0087_2.jpg,87,87,1,genuine,0
5,0191_1.jpg,0021_2.jpg,191,21,0,impostor,97
5,0273_1.jpg,0273_2.jpg,273,273,1,genuine,0
5,0068_1.jpg,0068_2.jpg,68,68,1,genuine,0
5,0114_1.jpg,0235_2.jpg,114,235,0,impostor,97
5,0152_1.jpg,0152_2.jpg,152,152,1,genuine,0
5,0224_1.jpg,0224_2.jpg,224,224,1,genuine,0
5,0094_1.jpg,0094_2.jpg,94,94,1,genuine,0
5,0051_1.jpg,0174_2.jpg,51,174,0,impostor,97
5,0263_1.jpg,0263_2.jpg,263,263,1,genuine,0
5,0078_1.jpg,0078_2.jpg,78,78,1,genuine,0
5,0031_1.jpg,0031_2.jpg,31,31,1,genuine,0
5,0147_1.jpg,0262_2.jpg,147,262,0,impostor,97
5,0231_1.jpg,0231_2.jpg,231,231,1,genuine,0
5,0095_1.jpg,0095_2.jpg,95,95,1,genuine,0
5,0054_1.jpg,0176_2.jpg,54,176,0,impostor,97
5,0134_1.jpg,0252_2.jpg,134,252,0,impostor,97
5,0213_1.jpg,0047_2.jpg,213,47,0,impostor,97
5,0176_1.jpg,0176_2.jpg,176,176,1,genuine,0
6,0057_1.jpg,0057_2.jpg,57,57,1,genuine,0
6,0124_1.jpg,0242_2.jpg,124,242,0,impostor,96
6,0015_1.jpg,0015_2.jpg,15,15,1,genuine,0
6,0129_1.jpg,0246_2.jpg,129,246,0,impostor,96
6,0176_1.jpg,0176_2.jpg,176,176,1,genuine,0
6,0105_1.jpg,0227_2.jpg,105,227,0,impostor,96
6,0216_1.jpg,0049_2.jpg,216,49,0,impostor,96
6,0201_1.jpg,0030_2.jpg,201,30,0,impostor,96
6,0218_1.jpg,0218_2.jpg,218,218,1,genuine,0
6,0229_1.jpg,0229_2.jpg,229,229,1,genuine,0
6,0256_1.jpg,0095_2.jpg,256,95,0,impostor,96
6,0238_1.jpg,0238_2.jpg,238,238,1,genuine,0
6,0277_1.jpg,0277_2.jpg,277,277,1,genuine,0
6,0245_1.jpg,0081_2.jpg,245,81,0,impostor,96
6,0075_1.jpg,0201_2.jpg,75,201,0,impostor,96
6,0170_1.jpg,0170_2.jpg,170,170,1,genuine,0
6,0068_1.jpg,0193_2.jpg,68,193,0,impostor,96
6,0139_1.jpg,0254_2.jpg,139,254,0,impostor,96
6,0179_1.jpg,0009_2.jpg,179,9,0,impostor,96
6,0153_1.jpg,0153_2.jpg,153,153,1,genuine,0
6,0249_1.jpg,0087_2.jpg,249,87,0,impostor,96
6,0252_1.jpg,0091_2.jpg,252,91,0,impostor,96
6,0206_1.jpg,0035_2.jpg,206,35,0,impostor,96
6,0245_1.jpg,0245_2.jpg,245,245,1,genuine,0
6,0241_1.jpg,0076_2.jpg,241,76,0,impostor,96
6,0056_1.jpg,0178_2.jpg,56,178,0,impostor,96
6,0197_1.jpg,0197_2.jpg,197,197,1,genuine,0
6,0228_1.jpg,0065_2.jpg,228,65,0,impostor,96
6,0218_1.jpg,0051_2.jpg,218,51,0,impostor,96
6,0279_1.jpg,0279_2.jpg,279,279,1,genuine,0
6,0018_1.jpg,0145_2.jpg,18,145,0,impostor,96
6,0202_1.jpg,0202_2.jpg,202,202,1,genuine,0
6,0078_1.jpg,0204_2.jpg,78,204,0,impostor,96
6,0003_1.jpg,0131_2.jpg,3,131,0,impostor,96
6,0061_1.jpg,0183_2.jpg,61,183,0,impostor,96
6,0098_1.jpg,0222_2.jpg,98,222,0,impostor,96
6,0060_1.jpg,0181_2.jpg,60,181,0,impostor,96
6,0121_1.jpg,0239_2.jpg,121,239,0,impostor,96
6,0163_1.jpg,0276_2.jpg,163,276,0,impostor,96
6,0213_1.jpg,0213_2.jpg,213,213,1,genuine,0
6,0028_1.jpg,0155_2.jpg,28,155,0,impostor,96
6,0083_1.jpg,0207_2.jpg,83,207,0,impostor,96
6,0055_1.jpg,0055_2.jpg,55,55,1,genuine,0
6,0054_1.jpg,0174_2.jpg,54,174,0,impostor,96
6,0081_1.jpg,0206_2.jpg,81,206,0,impostor,96
6,0130_1.jpg,0247_2.jpg,130,247,0,impostor,96
6,0196_1.jpg,0196_2.jpg,196,196,1,genuine,0
6,0001_1.jpg,0129_2.jpg,1,129,0,impostor,96
6,0127_1.jpg,0127_2.jpg,127,127,1,genuine,0
6,0200_1.jpg,0200_2.jpg,200,200,1,genuine,0
6,0106_1.jpg,0106_2.jpg,106,106,1,genuine,0
6,0062_1.jpg,0062_2.jpg,62,62,1,genuine,0
6,0156_1.jpg,0156_2.jpg,156,156,1,genuine,0
6,0193_1.jpg,0022_2.jpg,193,22,0,impostor,96
6,0198_1.jpg,0027_2.jpg,198,27,0,impostor,96
6,0263_1.jpg,0103_2.jpg,263,103,0,impostor,96
6,0150_1.jpg,0150_2.jpg,150,150,1,genuine,0
6,0219_1.jpg,0054_2.jpg,219,54,0,impostor,96
6,0125_1.jpg,0243_2.jpg,125,243,0,impostor,96
6,0252_1.jpg,0252_2.jpg,252,252,1,genuine,0
6,0040_1.jpg,0165_2.jpg,40,165,0,impostor,96
6,0118_1.jpg,0237_2.jpg,118,237,0,impostor,96
6,0172_1.jpg,0005_2.jpg,172,5,0,impostor,96
6,0261_1.jpg,0261_2.jpg,261,261,1,genuine,0
6,0110_1.jpg,0110_2.jpg,110,110,1,genuine,0
6,0046_1.jpg,0046_2.jpg,46,46,1,genuine,0
6,0130_1.jpg,0130_2.jpg,130,130,1,genuine,0
6,0123_1.jpg,0123_2.jpg,123,123,1,genuine,0
6,0089_1.jpg,0211_2.jpg,89,211,0,impostor,96
6,0138_1.jpg,0253_2.jpg,138,253,0,impostor,96
6,0085_1.jpg,0208_2.jpg,85,208,0,impostor,96
6,0107_1.jpg,0229_2.jpg,107,229,0,impostor,96
6,0083_1.jpg,0083_2.jpg,83,83,1,genuine,0
6,0199_1.jpg,0028_2.jpg,199,28,0,impostor,96
6,0047_1.jpg,0170_2.jpg,47,170,0,impostor,96
6,0248_1.jpg,0248_2.jpg,248,248,1,genuine,0
6,0226_1.jpg,0226_2.jpg,226,226,1,genuine,0
6,0077_1.jpg,0077_2.jpg,77,77,1,genuine,0
6,0049_1.jpg,0171_2.jpg,49,171,0,impostor,96
6,0131_1.jpg,0131_2.jpg,131,131,1,genuine,0
6,0011_1.jpg,0011_2.jpg,11,11,1,genuine,0
6,0253_1.jpg,0253_2.jpg,253,253,1,genuine,0
6,0267_1.jpg,0107_2.jpg,267,107,0,impostor,96
6,0183_1.jpg,0183_2.jpg,183,183,1,genuine,0
6,0026_1.jpg,0153_2.jpg,26,153,0,impostor,96
6,0212_1.jpg,0044_2.jpg,212,44,0,impostor,96
6,0131_1.jpg,0248_2.jpg,131,248,0,impostor,96
6,0174_1.jpg,0006_2.jpg,174,6,0,impostor,96
6,0114_1.jpg,0114_2.jpg,114,114,1,genuine,0
6,0081_1.jpg,0081_2.jpg,81,81,1,genuine,0
6,0152_1.jpg,0264_2.jpg,152,264,0,impostor,96
6,0138_1.jpg,0138_2.jpg,138,138,1,genuine,0
6,0278_1.jpg,0278_2.jpg,278,278,1,genuine,0
6,0056_1.jpg,0056_2.jpg,56,56,1,genuine,0
6,0248_1.jpg,0086_2.jpg,248,86,0,impostor,96
6,0128_1.jpg,0128_2.jpg,128,128,1,genuine,0
6,0011_1.jpg,0140_2.jpg,11,140,0,impostor,96
6,0165_1.jpg,0165_2.jpg,165,165,1,genuine,0
6,0145_1.jpg,0258_2.jpg,145,258,0,impostor,96
6,0279_1.jpg,0125_2.jpg,279,125,0,impostor,96
6,0034_1.jpg,0161_2.jpg,34,161,0,impostor,96
6,0015_1.jpg,0144_2.jpg,15,144,0,impostor,96
6,0010_1.jpg,0010_2.jpg,10,10,1,genuine,0
6,0107_1.jpg,0107_2.jpg,107,107,1,genuine,0
6,0152_1.jpg,0152_2.jpg,152,152,1,genuine,0
6,0273_1.jpg,0119_2.jpg,273,119,0,impostor,96
6,0034_1.jpg,0034_2.jpg,34,34,1,genuine,0
6,0210_1.jpg,0210_2.jpg,210,210,1,genuine,0
6,0093_1.jpg,0216_2.jpg,93,216,0,impostor,96
6,0020_1.jpg,0147_2.jpg,20,147,0,impostor,96
6,0134_1.jpg,0251_2.jpg,134,251,0,impostor,96
6,0065_1.jpg,0189_2.jpg,65,189,0,impostor,96
6,0223_1.jpg,0223_2.jpg,223,223,1,genuine,0
6,0231_1.jpg,0231_2.jpg,231,231,1,genuine,0
6,0168_1.jpg,0168_2.jpg,168,168,1,genuine,0
6,0035_1.jpg,0035_2.jpg,35,35,1,genuine,0
6,0101_1.jpg,0224_2.jpg,101,224,0,impostor,96
6,0158_1.jpg,0270_2.jpg,158,270,0,impostor,96
6,0227_1.jpg,0063_2.jpg,227,63,0,impostor,96
6,0019_1.jpg,0019_2.jpg,19,19,1,genuine,0
6,0030_1.jpg,0157_2.jpg,30,157,0,impostor,96
6,0033_1.jpg,0033_2.jpg,33,33,1,genuine,0
6,0244_1.jpg,0244_2.jpg,244,244,1,genuine,0
6,0178_1.jpg,0178_2.jpg,178,178,1,genuine,0
6,0142_1.jpg,0256_2.jpg,142,256,0,impostor,96
6,0114_1.jpg,0234_2.jpg,114,234,0,impostor,96
6,0046_1.jpg,0169_2.jpg,46,169,0,impostor,96
6,0104_1.jpg,0226_2.jpg,104,226,0,impostor,96
6,0171_1.jpg,0171_2.jpg,171,171,1,genuine,0
6,0244_1.jpg,0079_2.jpg,244,79,0,impostor,96
6,0062_1.jpg,0185_2.jpg,62,185,0,impostor,96
6,0059_1.jpg,0059_2.jpg,59,59,1,genuine,0
6,0164_1.jpg,0277_2.jpg,164,277,0,impostor,96
6,0201_1.jpg,0201_2.jpg,201,201,1,genuine,0
6,0032_1.jpg,0032_2.jpg,32,32,1,genuine,0
6,0278_1.jpg,0124_2.jpg,278,124,0,impostor,96
6,0100_1.jpg,0100_2.jpg,100,100,1,genuine,0
6,0061_1.jpg,0061_2.jpg,61,61,1,genuine,0
6,0094_1.jpg,0218_2.jpg,94,218,0,impostor,96
6,0157_1.jpg,0269_2.jpg,157,269,0,impostor,96
6,0271_1.jpg,0116_2.jpg,271,116,0,impostor,96
6,0255_1.jpg,0255_2.jpg,255,255,1,genuine,0
6,0268_1.jpg,0268_2.jpg,268,268,1,genuine,0
6,0199_1.jpg,0199_2.jpg,199,199,1,genuine,0
6,0257_1.jpg,0096_2.jpg,257,96,0,impostor,96
6,0174_1.jpg,0174_2.jpg,174,174,1,genuine,0
6,0265_1.jpg,0105_2.jpg,265,105,0,impostor,96
6,0232_1.jpg,0232_2.jpg,232,232,1,genuine,0
6,0104_1.jpg,0104_2.jpg,104,104,1,genuine,0
6,0027_1.jpg,0154_2.jpg,27,154,0,impostor,96
6,0166_1.jpg,0279_2.jpg,166,279,0,impostor,96
6,0006_1.jpg,0133_2.jpg,6,133,0,impostor,96
6,0262_1.jpg,0262_2.jpg,262,262,1,genuine,0
6,0270_1.jpg,0270_2.jpg,270,270,1,genuine,0
6,0134_1.jpg,0134_2.jpg,134,134,1,genuine,0
6,0222_1.jpg,0222_2.jpg,222,222,1,genuine,0
6,0147_1.jpg,0147_2.jpg,147,147,1,genuine,0
6,0118_1.jpg,0118_2.jpg,118,118,1,genuine,0
6,0270_1.jpg,0114_2.jpg,270,114,0,impostor,96
6,0054_1.jpg,0054_2.jpg,54,54,1,genuine,0
6,0075_1.jpg,0075_2.jpg,75,75,1,genuine,0
6,0254_1.jpg,0254_2.jpg,254,254,1,genuine,0
6,0196_1.jpg,0025_2.jpg,196,25,0,impostor,96
6,0103_1.jpg,0225_2.jpg,103,225,0,impostor,96
6,0253_1.jpg,0092_2.jpg,253,92,0,impostor,96
6,0092_1.jpg,0214_2.jpg,92,214,0,impostor,96
6,0172_1.jpg,0172_2.jpg,172,172,1,genuine,0
6,0272_1.jpg,0272_2.jpg,272,272,1,genuine,0
6,0200_1.jpg,0029_2.jpg,200,29,0,impostor,96
6,0193_1.jpg,0193_2.jpg,193,193,1,genuine,0
6,0220_1.jpg,0055_2.jpg,220,55,0,impostor,96
6,0216_1.jpg,0216_2.jpg,216,216,1,genuine,0
6,0094_1.jpg,0094_2.jpg,94,94,1,genuine,0
6,0185_1.jpg,0185_2.jpg,185,185,1,genuine,0
6,0079_1.jpg,0079_2.jpg,79,79,1,genuine,0
6,0073_1.jpg,0199_2.jpg,73,199,0,impostor,96
6,0153_1.jpg,0265_2.jpg,153,265,0,impostor,96
6,0167_1.jpg,0281_2.jpg,167,281,0,impostor,96
6,0133_1.jpg,0250_2.jpg,133,250,0,impostor,96
6,0009_1.jpg,0009_2.jpg,9,9,1,genuine,0
6,0183_1.jpg,0012_2.jpg,183,12,0,impostor,96
6,0260_1.jpg,0260_2.jpg,260,260,1,genuine,0
6,0170_1.jpg,0002_2.jpg,170,2,0,impostor,96
6,0066_1.jpg,0191_2.jpg,66,191,0,impostor,96
6,0205_1.jpg,0205_2.jpg,205,205,1,genuine,0
6,0057_1.jpg,0179_2.jpg,57,179,0,impostor,96
6,0021_1.jpg,0148_2.jpg,21,148,0,impostor,96
6,0271_1.jpg,0271_2.jpg,271,271,1,genuine,0
6,0103_1.jpg,0103_2.jpg,103,103,1,genuine,0
6,0132_1.jpg,0249_2.jpg,132,249,0,impostor,96
6,0051_1.jpg,0051_2.jpg,51,51,1,genuine,0
6,0254_1.jpg,0093_2.jpg,254,93,0,impostor,96
6,0101_1.jpg,0101_2.jpg,101,101,1,genuine,0
6,0208_1.jpg,0039_2.jpg,208,39,0,impostor,96
6,0132_1.jpg,0132_2.jpg,132,132,1,genuine,0
6,0264_1.jpg,0264_2.jpg,264,264,1,genuine,0
6,0240_1.jpg,0075_2.jpg,240,75,0,impostor,96
6,0043_1.jpg,0043_2.jpg,43,43,1,genuine,0
6,0276_1.jpg,0122_2.jpg,276,122,0,impostor,96
6,0220_1.jpg,0220_2.jpg,220,220,1,genuine,0
6,0240_1.jpg,0240_2.jpg,240,240,1,genuine,0
6,0267_1.jpg,0267_2.jpg,267,267,1,genuine,0
6,0178_1.jpg,0008_2.jpg,178,8,0,impostor,96
6,0019_1.jpg,0146_2.jpg,19,146,0,impostor,96
6,0125_1.jpg,0125_2.jpg,125,125,1,genuine,0
6,0051_1.jpg,0172_2.jpg,51,172,0,impostor,96
6,0009_1.jpg,0138_2.jpg,9,138,0,impostor,96
6,0144_1.jpg,0144_2.jpg,144,144,1,genuine,0
6,0109_1.jpg,0231_2.jpg,109,231,0,impostor,96
6,0038_1.jpg,0038_2.jpg,38,38,1,genuine,0
6,0257_1.jpg,0257_2.jpg,257,257,1,genuine,0
6,0282_1.jpg,0282_2.jpg,282,282,1,genuine,0
6,0171_1.jpg,0003_2.jpg,171,3,0,impostor,96
6,0274_1.jpg,0121_2.jpg,274,121,0,impostor,96
6,0079_1.jpg,0205_2.jpg,79,205,0,impostor,96
6,0204_1.jpg,0204_2.jpg,204,204,1,genuine,0
6,0070_1.jpg,0197_2.jpg,70,197,0,impostor,96
6,0144_1.jpg,0257_2.jpg,144,257,0,impostor,96
6,0039_1.jpg,0164_2.jpg,39,164,0,impostor,96
6,0042_1.jpg,0042_2.jpg,42,42,1,genuine,0
6,0208_1.jpg,0208_2.jpg,208,208,1,genuine,0
6,0180_1.jpg,0180_2.jpg,180,180,1,genuine,0
6,0012_1.jpg,0012_2.jpg,12,12,1,genuine,0
6,0140_1.jpg,0255_2.jpg,140,255,0,impostor,96
6,0212_1.jpg,0212_2.jpg,212,212,1,genuine,0
6,0096_1.jpg,0220_2.jpg,96,220,0,impostor,96
6,0235_1.jpg,0235_2.jpg,235,235,1,genuine,0
6,0128_1.jpg,0245_2.jpg,128,245,0,impostor,96
6,0188_1.jpg,0188_2.jpg,188,188,1,genuine,0
6,0155_1.jpg,0267_2.jpg,155,267,0,impostor,96
6,0105_1.jpg,0105_2.jpg,105,105,1,genuine,0
6,0135_1.jpg,0252_2.jpg,135,252,0,impostor,96
6,0237_1.jpg,0071_2.jpg,237,71,0,impostor,96
6,0162_1.jpg,0274_2.jpg,162,274,0,impostor,96
6,0002_1.jpg,0130_2.jpg,2,130,0,impostor,96
6,0234_1.jpg,0234_2.jpg,234,234,1,genuine,0
6,0123_1.jpg,0241_2.jpg,123,241,0,impostor,96
6,0044_1.jpg,0168_2.jpg,44,168,0,impostor,96
6,0221_1.jpg,0056_2.jpg,221,56,0,impostor,96
6,0224_1.jpg,0060_2.jpg,224,60,0,impostor,96
6,0266_1.jpg,0266_2.jpg,266,266,1,genuine,0
6,0091_1.jpg,0091_2.jpg,91,91,1,genuine,0
6,0265_1.jpg,0265_2.jpg,265,265,1,genuine,0
6,0154_1.jpg,0266_2.jpg,154,266,0,impostor,96
6,0150_1.jpg,0263_2.jpg,150,263,0,impostor,96
6,0214_1.jpg,0214_2.jpg,214,214,1,genuine,0
6,0241_1.jpg,0241_2.jpg,241,241,1,genuine,0
6,0071_1.jpg,0071_2.jpg,71,71,1,genuine,0
6,0005_1.jpg,0132_2.jpg,5,132,0,impostor,96
6,0122_1.jpg,0122_2.jpg,122,122,1,genuine,0
6,0069_1.jpg,0196_2.jpg,69,196,0,impostor,96
6,0192_1.jpg,0021_2.jpg,192,21,0,impostor,96
6,0158_1.jpg,0158_2.jpg,158,158,1,genuine,0
6,0133_1.jpg,0133_2.jpg,133,133,1,genuine,0
6,0225_1.jpg,0061_2.jpg,225,61,0,impostor,96
6,0146_1.jpg,0146_2.jpg,146,146,1,genuine,0
6,0234_1.jpg,0069_2.jpg,234,69,0,impostor,96
6,0205_1.jpg,0034_2.jpg,205,34,0,impostor,96
6,0266_1.jpg,0106_2.jpg,266,106,0,impostor,96
6,0264_1.jpg,0104_2.jpg,264,104,0,impostor,96
6,0042_1.jpg,0166_2.jpg,42,166,0,impostor,96
6,0093_1.jpg,0093_2.jpg,93,93,1,genuine,0
6,0106_1.jpg,0228_2.jpg,106,228,0,impostor,96
6,0022_1.jpg,0022_2.jpg,22,22,1,genuine,0
6,0165_1.jpg,0278_2.jpg,165,278,0,impostor,96
6,0281_1.jpg,0127_2.jpg,281,127,0,impostor,96
6,0176_1.jpg,0007_2.jpg,176,7,0,impostor,96
6,0092_1.jpg,0092_2.jpg,92,92,1,genuine,0
6,0185_1.jpg,0015_2.jpg,185,15,0,impostor,96
6,0159_1.jpg,0159_2.jpg,159,159,1,genuine,0
6,0029_1.jpg,0156_2.jpg,29,156,0,impostor,96
6,0027_1.jpg,0027_2.jpg,27,27,1,genuine,0
6,0025_1.jpg,0152_2.jpg,25,152,0,impostor,96
6,0258_1.jpg,0097_2.jpg,258,97,0,impostor,96
6,0272_1.jpg,0118_2.jpg,272,118,0,impostor,96
6,0207_1.jpg,0038_2.jpg,207,38,0,impostor,96
6,0181_1.jpg,0181_2.jpg,181,181,1,genuine,0
6,0203_1.jpg,0032_2.jpg,203,32,0,impostor,96
6,0096_1.jpg,0096_2.jpg,96,96,1,genuine,0
6,0247_1.jpg,0247_2.jpg,247,247,1,genuine,0
6,0156_1.jpg,0268_2.jpg,156,268,0,impostor,96
6,0148_1.jpg,0148_2.jpg,148,148,1,genuine,0
6,0164_1.jpg,0164_2.jpg,164,164,1,genuine,0
6,0066_1.jpg,0066_2.jpg,66,66,1,genuine,0
6,0221_1.jpg,0221_2.jpg,221,221,1,genuine,0
6,0224_1.jpg,0224_2.jpg,224,224,1,genuine,0
6,0219_1.jpg,0219_2.jpg,219,219,1,genuine,0
6,0020_1.jpg,0020_2.jpg,20,20,1,genuine,0
6,0247_1.jpg,0085_2.jpg,247,85,0,impostor,96
6,0003_1.jpg,0003_2.jpg,3,3,1,genuine,0
6,0229_1.jpg,0066_2.jpg,229,66,0,impostor,96
6,0207_1.jpg,0207_2.jpg,207,207,1,genuine,0
6,0098_1.jpg,0098_2.jpg,98,98,1,genuine,0
6,0251_1.jpg,0090_2.jpg,251,90,0,impostor,96
6,0239_1.jpg,0074_2.jpg,239,74,0,impostor,96
6,0008_1.jpg,0135_2.jpg,8,135,0,impostor,96
6,0071_1.jpg,0198_2.jpg,71,198,0,impostor,96
6,0167_1.jpg,0167_2.jpg,167,167,1,genuine,0
6,0225_1.jpg,0225_2.jpg,225,225,1,genuine,0
6,0262_1.jpg,0101_2.jpg,262,101,0,impostor,96
6,0268_1.jpg,0109_2.jpg,268,109,0,impostor,96
6,0028_1.jpg,0028_2.jpg,28,28,1,genuine,0
6,0249_1.jpg,0249_2.jpg,249,249,1,genuine,0
6,0022_1.jpg,0150_2.jpg,22,150,0,impostor,96
6,0155_1.jpg,0155_2.jpg,155,155,1,genuine,0
6,0246_1.jpg,0246_2.jpg,246,246,1,genuine,0
6,0067_1.jpg,0192_2.jpg,67,192,0,impostor,96
6,0140_1.jpg,0140_2.jpg,140,140,1,genuine,0
6,0007_1.jpg,0007_2.jpg,7,7,1,genuine,0
6,0095_1.jpg,0095_2.jpg,95,95,1,genuine,0
6,0161_1.jpg,0161_2.jpg,161,161,1,genuine,0
6,0162_1.jpg,0162_2.jpg,162,162,1,genuine,0
6,0191_1.jpg,0191_2.jpg,191,191,1,genuine,0
6,0235_1.jpg,0070_2.jpg,235,70,0,impostor,96
6,0006_1.jpg,0006_2.jpg,6,6,1,genuine,0
6,0049_1.jpg,0049_2.jpg,49,49,1,genuine,0
6,0211_1.jpg,0043_2.jpg,211,43,0,impostor,96
6,0202_1.jpg,0031_2.jpg,202,31,0,impostor,96
6,0188_1.jpg,0018_2.jpg,188,18,0,impostor,96
6,0031_1.jpg,0158_2.jpg,31,158,0,impostor,96
6,0160_1.jpg,0160_2.jpg,160,160,1,genuine,0
6,0044_1.jpg,0044_2.jpg,44,44,1,genuine,0
6,0197_1.jpg,0026_2.jpg,197,26,0,impostor,96
6,0146_1.jpg,0260_2.jpg,146,260,0,impostor,96
6,0086_1.jpg,0086_2.jpg,86,86,1,genuine,0
6,0025_1.jpg,0025_2.jpg,25,25,1,genuine,0
6,0116_1.jpg,0235_2.jpg,116,235,0,impostor,96
6,0260_1.jpg,0098_2.jpg,260,98,0,impostor,96
6,0097_1.jpg,0221_2.jpg,97,221,0,impostor,96
6,0204_1.jpg,0033_2.jpg,204,33,0,impostor,96
6,0242_1.jpg,0077_2.jpg,242,77,0,impostor,96
6,0091_1.jpg,0213_2.jpg,91,213,0,impostor,96
6,0189_1.jpg,0019_2.jpg,189,19,0,impostor,96
6,0085_1.jpg,0085_2.jpg,85,85,1,genuine,0
6,0059_1.jpg,0180_2.jpg,59,180,0,impostor,96
6,0282_1.jpg,0128_2.jpg,282,128,0,impostor,96
6,0147_1.jpg,0261_2.jpg,147,261,0,impostor,96
6,0269_1.jpg,0110_2.jpg,269,110,0,impostor,96
6,0074_1.jpg,0074_2.jpg,74,74,1,genuine,0
6,0116_1.jpg,0116_2.jpg,116,116,1,genuine,0
6,0251_1.jpg,0251_2.jpg,251,251,1,genuine,0
6,0142_1.jpg,0142_2.jpg,142,142,1,genuine,0
6,0119_1.jpg,0119_2.jpg,119,119,1,genuine,0
6,0227_1.jpg,0227_2.jpg,227,227,1,genuine,0
6,0256_1.jpg,0256_2.jpg,256,256,1,genuine,0
6,0039_1.jpg,0039_2.jpg,39,39,1,genuine,0
6,0055_1.jpg,0176_2.jpg,55,176,0,impostor,96
6,0179_1.jpg,0179_2.jpg,179,179,1,genuine,0
6,0273_1.jpg,0273_2.jpg,273,273,1,genuine,0
6,0159_1.jpg,0271_2.jpg,159,271,0,impostor,96
6,0110_1.jpg,0232_2.jpg,110,232,0,impostor,96
6,0238_1.jpg,0073_2.jpg,238,73,0,impostor,96
6,0033_1.jpg,0160_2.jpg,33,160,0,impostor,96
6,0032_1.jpg,0159_2.jpg,32,159,0,impostor,96
6,0192_1.jpg,0192_2.jpg,192,192,1,genuine,0
6,0154_1.jpg,0154_2.jpg,154,154,1,genuine,0
6,0181_1.jpg,0011_2.jpg,181,11,0,impostor,96
6,0129_1.jpg,0129_2.jpg,129,129,1,genuine,0
6,0168_1.jpg,0282_2.jpg,168,282,0,impostor,96
6,0047_1.jpg,0047_2.jpg,47,47,1,genuine,0
6,0239_1.jpg,0239_2.jpg,239,239,1,genuine,0
6,0209_1.jpg,0040_2.jpg,209,40,0,impostor,96
6,0063_1.jpg,0063_2.jpg,63,63,1,genuine,0
6,0145_1.jpg,0145_2.jpg,145,145,1,genuine,0
6,0242_1.jpg,0242_2.jpg,242,242,1,genuine,0
6,0250_1.jpg,0250_2.jpg,250,250,1,genuine,0
6,0237_1.jpg,0237_2.jpg,237,237,1,genuine,0
6,0281_1.jpg,0281_2.jpg,281,281,1,genuine,0
6,0078_1.jpg,0078_2.jpg,78,78,1,genuine,0
6,0223_1.jpg,0059_2.jpg,223,59,0,impostor,96
6,0258_1.jpg,0258_2.jpg,258,258,1,genuine,0
6,0005_1.jpg,0005_2.jpg,5,5,1,genuine,0
6,0097_1.jpg,0097_2.jpg,97,97,1,genuine,0
6,0087_1.jpg,0087_2.jpg,87,87,1,genuine,0
6,0043_1.jpg,0167_2.jpg,43,167,0,impostor,96
6,0035_1.jpg,0162_2.jpg,35,162,0,impostor,96
6,0070_1.jpg,0070_2.jpg,70,70,1,genuine,0
6,0031_1.jpg,0031_2.jpg,31,31,1,genuine,0
6,0002_1.jpg,0002_2.jpg,2,2,1,genuine,0
6,0250_1.jpg,0089_2.jpg,250,89,0,impostor,96
6,0121_1.jpg,0121_2.jpg,121,121,1,genuine,0
6,0163_1.jpg,0163_2.jpg,163,163,1,genuine,0
6,0109_1.jpg,0109_2.jpg,109,109,1,genuine,0
6,0076_1.jpg,0076_2.jpg,76,76,1,genuine,0
6,0135_1.jpg,0135_2.jpg,135,135,1,genuine,0
6,0060_1.jpg,0060_2.jpg,60,60,1,genuine,0
6,0067_1.jpg,0067_2.jpg,67,67,1,genuine,0
6,0226_1.jpg,0062_2.jpg,226,62,0,impostor,96
6,0209_1.jpg,0209_2.jpg,209,209,1,genuine,0
6,0038_1.jpg,0163_2.jpg,38,163,0,impostor,96
6,0021_1.jpg,0021_2.jpg,21,21,1,genuine,0
6,0276_1.jpg,0276_2.jpg,276,276,1,genuine,0
6,0210_1.jpg,0042_2.jpg,210,42,0,impostor,96
6,0090_1.jpg,0090_2.jpg,90,90,1,genuine,0
6,0068_1.jpg,0068_2.jpg,68,68,1,genuine,0
6,0087_1.jpg,0210_2.jpg,87,210,0,impostor,96
6,0214_1.jpg,0047_2.jpg,214,47,0,impostor,96
6,0169_1.jpg,0001_2.jpg,169,1,0,impostor,96
6,0198_1.jpg,0198_2.jpg,198,198,1,genuine,0
6,0180_1.jpg,0010_2.jpg,180,10,0,impostor,96
6,0243_1.jpg,0243_2.jpg,243,243,1,genuine,0
6,0169_1.jpg,0169_2.jpg,169,169,1,genuine,0
6,0232_1.jpg,0068_2.jpg,232,68,0,impostor,96
6,0203_1.jpg,0203_2.jpg,203,203,1,genuine,0
6,0018_1.jpg,0018_2.jpg,18,18,1,genuine,0
6,0073_1.jpg,0073_2.jpg,73,73,1,genuine,0
6,0030_1.jpg,0030_2.jpg,30,30,1,genuine,0
6,0191_1.jpg,0020_2.jpg,191,20,0,impostor,96
6,0222_1.jpg,0057_2.jpg,222,57,0,impostor,96
6,0090_1.jpg,0212_2.jpg,90,212,0,impostor,96
6,0063_1.jpg,0188_2.jpg,63,188,0,impostor,96
6,0065_1.jpg,0065_2.jpg,65,65,1,genuine,0
6,0213_1.jpg,0046_2.jpg,213,46,0,impostor,96
6,0231_1.jpg,0067_2.jpg,231,67,0,impostor,96
6,0228_1.jpg,0228_2.jpg,228,228,1,genuine,0
6,0095_1.jpg,0219_2.jpg,95,219,0,impostor,96
6,0166_1.jpg,0166_2.jpg,166,166,1,genuine,0
6,0211_1.jpg,0211_2.jpg,211,211,1,genuine,0
6,0122_1.jpg,0240_2.jpg,122,240,0,impostor,96
6,0076_1.jpg,0202_2.jpg,76,202,0,impostor,96
6,0157_1.jpg,0157_2.jpg,157,157,1,genuine,0
6,0246_1.jpg,0083_2.jpg,246,83,0,impostor,96
6,0124_1.jpg,0124_2.jpg,124,124,1,genuine,0
6,0074_1.jpg,0200_2.jpg,74,200,0,impostor,96
6,0029_1.jpg,0029_2.jpg,29,29,1,genuine,0
6,0010_1.jpg,0139_2.jpg,10,139,0,impostor,96
6,0255_1.jpg,0094_2.jpg,255,94,0,impostor,96
6,0026_1.jpg,0026_2.jpg,26,26,1,genuine,0
6,0089_1.jpg,0089_2.jpg,89,89,1,genuine,0
6,0040_1.jpg,0040_2.jpg,40,40,1,genuine,0
6,0189_1.jpg,0189_2.jpg,189,189,1,genuine,0
6,0139_1.jpg,0139_2.jpg,139,139,1,genuine,0
6,0119_1.jpg,0238_2.jpg,119,238,0,impostor,96
6,0007_1.jpg,0134_2.jpg,7,134,0,impostor,96
6,0077_1.jpg,0203_2.jpg,77,203,0,impostor,96
6,0274_1.jpg,0274_2.jpg,274,274,1,genuine,0
6,0277_1.jpg,0123_2.jpg,277,123,0,impostor,96
6,0100_1.jpg,0223_2.jpg,100,223,0,impostor,96
6,0243_1.jpg,0078_2.jpg,243,78,0,impostor,96
6,0269_1.jpg,0269_2.jpg,269,269,1,genuine,0
6,0008_1.jpg,0008_2.jpg,8,8,1,genuine,0
6,0206_1.jpg,0206_2.jpg,206,206,1,genuine,0
6,0012_1.jpg,0142_2.jpg,12,142,0,impostor,96
6,0263_1.jpg,0263_2.jpg,263,263,1,genuine,0
6,0161_1.jpg,0273_2.jpg,161,273,0,impostor,96
6,0086_1.jpg,0209_2.jpg,86,209,0,impostor,96
6,0127_1.jpg,0244_2.jpg,127,244,0,impostor,96
6,0261_1.jpg,0100_2.jpg,261,100,0,impostor,96
6,0160_1.jpg,0272_2.jpg,160,272,0,impostor,96
6,0148_1.jpg,0262_2.jpg,148,262,0,impostor,96
6,0069_1.jpg,0069_2.jpg,69,69,1,genuine,0
6,0001_1.jpg,0001_2.jpg,1,1,1,genuine,0
7,0156_1.jpg,0156_2.jpg,156,156,1,genuine,0
7,0271_1.jpg,0193_2.jpg,271,193,0,impostor,156
7,0171_1.jpg,0171_2.jpg,171,171,1,genuine,0
7,0008_1.jpg,0211_2.jpg,8,211,0,impostor,156
7,0234_1.jpg,0234_2.jpg,234,234,1,genuine,0
7,0264_1.jpg,0181_2.jpg,264,181,0,impostor,156
7,0227_1.jpg,0142_2.jpg,227,142,0,impostor,156
7,0027_1.jpg,0226_2.jpg,27,226,0,impostor,156
7,0201_1.jpg,0201_2.jpg,201,201,1,genuine,0
7,0063_1.jpg,0063_2.jpg,63,63,1,genuine,0
7,0089_1.jpg,0278_2.jpg,89,278,0,impostor,156
7,0034_1.jpg,0034_2.jpg,34,34,1,genuine,0
7,0128_1.jpg,0033_2.jpg,128,33,0,impostor,156
7,0095_1.jpg,0003_2.jpg,95,3,0,impostor,156
7,0133_1.jpg,0133_2.jpg,133,133,1,genuine,0
7,0125_1.jpg,0125_2.jpg,125,125,1,genuine,0
7,0154_1.jpg,0062_2.jpg,154,62,0,impostor,156
7,0110_1.jpg,0110_2.jpg,110,110,1,genuine,0
7,0169_1.jpg,0169_2.jpg,169,169,1,genuine,0
7,0009_1.jpg,0009_2.jpg,9,9,1,genuine,0
7,0234_1.jpg,0148_2.jpg,234,148,0,impostor,156
7,0166_1.jpg,0076_2.jpg,166,76,0,impostor,156
7,0026_1.jpg,0026_2.jpg,26,26,1,genuine,0
7,0188_1.jpg,0095_2.jpg,188,95,0,impostor,156
7,0208_1.jpg,0121_2.jpg,208,121,0,impostor,156
7,0181_1.jpg,0092_2.jpg,181,92,0,impostor,156
7,0164_1.jpg,0074_2.jpg,164,74,0,impostor,156
7,0247_1.jpg,0247_2.jpg,247,247,1,genuine,0
7,0192_1.jpg,0192_2.jpg,192,192,1,genuine,0
7,0223_1.jpg,0135_2.jpg,223,135,0,impostor,156
7,0101_1.jpg,0009_2.jpg,101,9,0,impostor,156
7,0252_1.jpg,0252_2.jpg,252,252,1,genuine,0
7,0251_1.jpg,0166_2.jpg,251,166,0,impostor,156
7,0121_1.jpg,0121_2.jpg,121,121,1,genuine,0
7,0272_1.jpg,0196_2.jpg,272,196,0,impostor,156
7,0025_1.jpg,0025_2.jpg,25,25,1,genuine,0
7,0246_1.jpg,0246_2.jpg,246,246,1,genuine,0
7,0087_1.jpg,0277_2.jpg,87,277,0,impostor,156
7,0033_1.jpg,0234_2.jpg,33,234,0,impostor,156
7,0127_1.jpg,0032_2.jpg,127,32,0,impostor,156
7,0161_1.jpg,0070_2.jpg,161,70,0,impostor,156
7,0210_1.jpg,0123_2.jpg,210,123,0,impostor,156
7,0193_1.jpg,0100_2.jpg,193,100,0,impostor,156
7,0265_1.jpg,0183_2.jpg,265,183,0,impostor,156
7,0278_1.jpg,0201_2.jpg,278,201,0,impostor,156
7,0018_1.jpg,0219_2.jpg,18,219,0,impostor,156
7,0055_1.jpg,0249_2.jpg,55,249,0,impostor,156
7,0021_1.jpg,0021_2.jpg,21,21,1,genuine,0
7,0228_1.jpg,0144_2.jpg,228,144,0,impostor,156
7,0261_1.jpg,0178_2.jpg,261,178,0,impostor,156
7,0067_1.jpg,0260_2.jpg,67,260,0,impostor,156
7,0114_1.jpg,0114_2.jpg,114,114,1,genuine,0
7,0019_1.jpg,0220_2.jpg,19,220,0,impostor,156
7,0096_1.jpg,0096_2.jpg,96,96,1,genuine,0
7,0155_1.jpg,0063_2.jpg,155,63,0,impostor,156
7,0171_1.jpg,0083_2.jpg,171,83,0,impostor,156
7,0260_1.jpg,0176_2.jpg,260,176,0,impostor,156
7,0090_1.jpg,0090_2.jpg,90,90,1,genuine,0
7,0238_1.jpg,0238_2.jpg,238,238,1,genuine,0
7,0043_1.jpg,0043_2.jpg,43,43,1,genuine,0
7,0219_1.jpg,0219_2.jpg,219,219,1,genuine,0
7,0161_1.jpg,0161_2.jpg,161,161,1,genuine,0
7,0274_1.jpg,0274_2.jpg,274,274,1,genuine,0
7,0246_1.jpg,0161_2.jpg,246,161,0,impostor,156
7,0032_1.jpg,0032_2.jpg,32,32,1,genuine,0
7,0055_1.jpg,0055_2.jpg,55,55,1,genuine,0
7,0091_1.jpg,0281_2.jpg,91,281,0,impostor,156
7,0087_1.jpg,0087_2.jpg,87,87,1,genuine,0
7,0253_1.jpg,0253_2.jpg,253,253,1,genuine,0
7,0204_1.jpg,0114_2.jpg,204,114,0,impostor,156
7,0076_1.jpg,0268_2.jpg,76,268,0,impostor,156
7,0044_1.jpg,0243_2.jpg,44,243,0,impostor,156
7,0021_1.jpg,0222_2.jpg,21,222,0,impostor,156
7,0035_1.jpg,0237_2.jpg,35,237,0,impostor,156
7,0147_1.jpg,0147_2.jpg,147,147,1,genuine,0
7,0263_1.jpg,0263_2.jpg,263,263,1,genuine,0
7,0010_1.jpg,0010_2.jpg,10,10,1,genuine,0
7,0009_1.jpg,0212_2.jpg,9,212,0,impostor,156
7,0094_1.jpg,0002_2.jpg,94,2,0,impostor,156
7,0015_1.jpg,0218_2.jpg,15,218,0,impostor,156
7,0071_1.jpg,0071_2.jpg,71,71,1,genuine,0
7,0271_1.jpg,0271_2.jpg,271,271,1,genuine,0
7,0139_1.jpg,0139_2.jpg,139,139,1,genuine,0
7,0153_1.jpg,0153_2.jpg,153,153,1,genuine,0
7,0134_1.jpg,0134_2.jpg,134,134,1,genuine,0
7,0214_1.jpg,0214_2.jpg,214,214,1,genuine,0
7,0200_1.jpg,0106_2.jpg,200,106,0,impostor,156
7,0179_1.jpg,0179_2.jpg,179,179,1,genuine,0
7,0100_1.jpg,0100_2.jpg,100,100,1,genuine,0
7,0066_1.jpg,0258_2.jpg,66,258,0,impostor,156
7,0248_1.jpg,0163_2.jpg,248,163,0,impostor,156
7,0278_1.jpg,0278_2.jpg,278,278,1,genuine,0
7,0057_1.jpg,0251_2.jpg,57,251,0,impostor,156
7,0270_1.jpg,0270_2.jpg,270,270,1,genuine,0
7,0212_1.jpg,0212_2.jpg,212,212,1,genuine,0
7,0083_1.jpg,0273_2.jpg,83,273,0,impostor,156
7,0254_1.jpg,0254_2.jpg,254,254,1,genuine,0
7,0146_1.jpg,0055_2.jpg,146,55,0,impostor,156
7,0007_1.jpg,0210_2.jpg,7,210,0,impostor,156
7,0074_1.jpg,0074_2.jpg,74,74,1,genuine,0
7,0152_1.jpg,0060_2.jpg,152,60,0,impostor,156
7,0281_1.jpg,0203_2.jpg,281,203,0,impostor,156
7,0028_1.jpg,0227_2.jpg,28,227,0,impostor,156
7,0176_1.jpg,0087_2.jpg,176,87,0,impostor,156
7,0232_1.jpg,0147_2.jpg,232,147,0,impostor,156
7,0030_1.jpg,0229_2.jpg,30,229,0,impostor,156
7,0165_1.jpg,0075_2.jpg,165,75,0,impostor,156
7,0185_1.jpg,0094_2.jpg,185,94,0,impostor,156
7,0148_1.jpg,0057_2.jpg,148,57,0,impostor,156
7,0027_1.jpg,0027_2.jpg,27,27,1,genuine,0
7,0103_1.jpg,0103_2.jpg,103,103,1,genuine,0
7,0094_1.jpg,0094_2.jpg,94,94,1,genuine,0
7,0260_1.jpg,0260_2.jpg,260,260,1,genuine,0
7,0077_1.jpg,0269_2.jpg,77,269,0,impostor,156
7,0123_1.jpg,0123_2.jpg,123,123,1,genuine,0
7,0039_1.jpg,0239_2.jpg,39,239,0,impostor,156
7,0022_1.jpg,0223_2.jpg,22,223,0,impostor,156
7,0031_1.jpg,0031_2.jpg,31,31,1,genuine,0
7,0206_1.jpg,0206_2.jpg,206,206,1,genuine,0
7,0130_1.jpg,0035_2.jpg,130,35,0,impostor,156
7,0140_1.jpg,0140_2.jpg,140,140,1,genuine,0
7,0270_1.jpg,0192_2.jpg,270,192,0,impostor,156
7,0267_1.jpg,0188_2.jpg,267,188,0,impostor,156
7,0029_1.jpg,0029_2.jpg,29,29,1,genuine,0
7,0098_1.jpg,0098_2.jpg,98,98,1,genuine,0
7,0114_1.jpg,0021_2.jpg,114,21,0,impostor,156
7,0198_1.jpg,0198_2.jpg,198,198,1,genuine,0
7,0086_1.jpg,0276_2.jpg,86,276,0,impostor,156
7,0051_1.jpg,0247_2.jpg,51,247,0,impostor,156
7,0146_1.jpg,0146_2.jpg,146,146,1,genuine,0
7,0225_1.jpg,0139_2.jpg,225,139,0,impostor,156
7,0160_1.jpg,0160_2.jpg,160,160,1,genuine,0
7,0266_1.jpg,0266_2.jpg,266,266,1,genuine,0
7,0214_1.jpg,0128_2.jpg,214,128,0,impostor,156
7,0226_1.jpg,0140_2.jpg,226,140,0,impostor,156
7,0010_1.jpg,0213_2.jpg,10,213,0,impostor,156
7,0028_1.jpg,0028_2.jpg,28,28,1,genuine,0
7,0012_1.jpg,0216_2.jpg,12,216,0,impostor,156
7,0222_1.jpg,0222_2.jpg,222,222,1,genuine,0
7,0002_1.jpg,0002_2.jpg,2,2,1,genuine,0
7,0172_1.jpg,0085_2.jpg,172,85,0,impostor,156
7,0005_1.jpg,0208_2.jpg,5,208,0,impostor,156
7,0155_1.jpg,0155_2.jpg,155,155,1,genuine,0
7,0098_1.jpg,0007_2.jpg,98,7,0,impostor,156
7,0070_1.jpg,0263_2.jpg,70,263,0,impostor,156
7,0174_1.jpg,0174_2.jpg,174,174,1,genuine,0
7,0059_1.jpg,0059_2.jpg,59,59,1,genuine,0
7,0093_1.jpg,0093_2.jpg,93,93,1,genuine,0
7,0191_1.jpg,0191_2.jpg,191,191,1,genuine,0
7,0211_1.jpg,0124_2.jpg,211,124,0,impostor,156
7,0213_1.jpg,0213_2.jpg,213,213,1,genuine,0
7,0118_1.jpg,0118_2.jpg,118,118,1,genuine,0
7,0002_1.jpg,0206_2.jpg,2,206,0,impostor,156
7,0054_1.jpg,0054_2.jpg,54,54,1,genuine,0
7,0118_1.jpg,0025_2.jpg,118,25,0,impostor,156
7,0158_1.jpg,0158_2.jpg,158,158,1,genuine,0
7,0060_1.jpg,0253_2.jpg,60,253,0,impostor,156
7,0044_1.jpg,0044_2.jpg,44,44,1,genuine,0
7,0269_1.jpg,0269_2.jpg,269,269,1,genuine,0
7,0276_1.jpg,0199_2.jpg,276,199,0,impostor,156
7,0061_1.jpg,0061_2.jpg,61,61,1,genuine,0
7,0200_1.jpg,0200_2.jpg,200,200,1,genuine,0
7,0162_1.jpg,0071_2.jpg,162,71,0,impostor,156
7,0153_1.jpg,0061_2.jpg,153,61,0,impostor,156
7,0003_1.jpg,0003_2.jpg,3,3,1,genuine,0
7,0156_1.jpg,0065_2.jpg,156,65,0,impostor,156
7,0138_1.jpg,0044_2.jpg,138,44,0,impostor,156
7,0130_1.jpg,0130_2.jpg,130,130,1,genuine,0
7,0250_1.jpg,0165_2.jpg,250,165,0,impostor,156
7,0103_1.jpg,0010_2.jpg,103,10,0,impostor,156
7,0116_1.jpg,0116_2.jpg,116,116,1,genuine,0
7,0205_1.jpg,0116_2.jpg,205,116,0,impostor,156
7,0277_1.jpg,0277_2.jpg,277,277,1,genuine,0
7,0265_1.jpg,0265_2.jpg,265,265,1,genuine,0
7,0170_1.jpg,0081_2.jpg,170,81,0,impostor,156
7,0073_1.jpg,0265_2.jpg,73,265,0,impostor,156
7,0033_1.jpg,0033_2.jpg,33,33,1,genuine,0
7,0049_1.jpg,0246_2.jpg,49,246,0,impostor,156
7,0085_1.jpg,0085_2.jpg,85,85,1,genuine,0
7,0229_1.jpg,0229_2.jpg,229,229,1,genuine,0
7,0249_1.jpg,0249_2.jpg,249,249,1,genuine,0
7,0157_1.jpg,0066_2.jpg,157,66,0,impostor,156
7,0172_1.jpg,0172_2.jpg,172,172,1,genuine,0
7,0262_1.jpg,0262_2.jpg,262,262,1,genuine,0
7,0032_1.jpg,0232_2.jpg,32,232,0,impostor,156
7,0159_1.jpg,0068_2.jpg,159,68,0,impostor,156
7,0070_1.jpg,0070_2.jpg,70,70,1,genuine,0
7,0035_1.jpg,0035_2.jpg,35,35,1,genuine,0
7,0096_1.jpg,0005_2.jpg,96,5,0,impostor,156
7,0006_1.jpg,0006_2.jpg,6,6,1,genuine,0
7,0132_1.jpg,0039_2.jpg,132,39,0,impostor,156
7,0164_1.jpg,0164_2.jpg,164,164,1,genuine,0
7,0139_1.jpg,0046_2.jpg,139,46,0,impostor,156
7,0256_1.jpg,0171_2.jpg,256,171,0,impostor,156
7,0185_1.jpg,0185_2.jpg,185,185,1,genuine,0
7,0197_1.jpg,0197_2.jpg,197,197,1,genuine,0
7,0267_1.jpg,0267_2.jpg,267,267,1,genuine,0
7,0158_1.jpg,0067_2.jpg,158,67,0,impostor,156
7,0133_1.jpg,0040_2.jpg,133,40,0,impostor,156
7,0109_1.jpg,0109_2.jpg,109,109,1,genuine,0
7,0079_1.jpg,0079_2.jpg,79,79,1,genuine,0
7,0247_1.jpg,0162_2.jpg,247,162,0,impostor,156
7,0075_1.jpg,0075_2.jpg,75,75,1,genuine,0
7,0040_1.jpg,0240_2.jpg,40,240,0,impostor,156
7,0222_1.jpg,0134_2.jpg,222,134,0,impostor,156
7,0054_1.jpg,0248_2.jpg,54,248,0,impostor,156
7,0109_1.jpg,0019_2.jpg,109,19,0,impostor,156
7,0202_1.jpg,0202_2.jpg,202,202,1,genuine,0
7,0006_1.jpg,0209_2.jpg,6,209,0,impostor,156
7,0020_1.jpg,0020_2.jpg,20,20,1,genuine,0
7,0268_1.jpg,0268_2.jpg,268,268,1,genuine,0
7,0268_1.jpg,0189_2.jpg,268,189,0,impostor,156
7,0256_1.jpg,0256_2.jpg,256,256,1,genuine,0
7,0249_1.jpg,0164_2.jpg,249,164,0,impostor,156
7,0147_1.jpg,0056_2.jpg,147,56,0,impostor,156
7,0157_1.jpg,0157_2.jpg,157,157,1,genuine,0
7,0092_1.jpg,0092_2.jpg,92,92,1,genuine,0
7,0069_1.jpg,0262_2.jpg,69,262,0,impostor,156
7,0202_1.jpg,0109_2.jpg,202,109,0,impostor,156
7,0239_1.jpg,0154_2.jpg,239,154,0,impostor,156
7,0012_1.jpg,0012_2.jpg,12,12,1,genuine,0
7,0038_1.jpg,0238_2.jpg,38,238,0,impostor,156
7,0276_1.jpg,0276_2.jpg,276,276,1,genuine,0
7,0183_1.jpg,0093_2.jpg,183,93,0,impostor,156
7,0282_1.jpg,0204_2.jpg,282,204,0,impostor,156
7,0090_1.jpg,0279_2.jpg,90,279,0,impostor,156
7,0253_1.jpg,0168_2.jpg,253,168,0,impostor,156
7,0179_1.jpg,0090_2.jpg,179,90,0,impostor,156
7,0031_1.jpg,0231_2.jpg,31,231,0,impostor,156
7,0062_1.jpg,0062_2.jpg,62,62,1,genuine,0
7,0065_1.jpg,0257_2.jpg,65,257,0,impostor,156
7,0216_1.jpg,0216_2.jpg,216,216,1,genuine,0
7,0071_1.jpg,0264_2.jpg,71,264,0,impostor,156
7,0075_1.jpg,0267_2.jpg,75,267,0,impostor,156
7,0262_1.jpg,0179_2.jpg,262,179,0,impostor,156
7,0107_1.jpg,0018_2.jpg,107,18,0,impostor,156
7,0188_1.jpg,0188_2.jpg,188,188,1,genuine,0
7,0227_1.jpg,0227_2.jpg,227,227,1,genuine,0
7,0148_1.jpg,0148_2.jpg,148,148,1,genuine,0
7,0135_1.jpg,0135_2.jpg,135,135,1,genuine,0
7,0198_1.jpg,0104_2.jpg,198,104,0,impostor,156
7,0042_1.jpg,0042_2.jpg,42,42,1,genuine,0
7,0011_1.jpg,0011_2.jpg,11,11,1,genuine,0
7,0131_1.jpg,0038_2.jpg,131,38,0,impostor,156
7,0078_1.jpg,0270_2.jpg,78,270,0,impostor,156
7,0241_1.jpg,0156_2.jpg,241,156,0,impostor,156
7,0073_1.jpg,0073_2.jpg,73,73,1,genuine,0
7,0223_1.jpg,0223_2.jpg,223,223,1,genuine,0
7,0042_1.jpg,0241_2.jpg,42,241,0,impostor,156
7,0019_1.jpg,0019_2.jpg,19,19,1,genuine,0
7,0034_1.jpg,0235_2.jpg,34,235,0,impostor,156
7,0231_1.jpg,0146_2.jpg,231,146,0,impostor,156
7,0231_1.jpg,0231_2.jpg,231,231,1,genuine,0
7,0258_1.jpg,0174_2.jpg,258,174,0,impostor,156
7,0272_1.jpg,0272_2.jpg,272,272,1,genuine,0
7,0145_1.jpg,0054_2.jpg,145,54,0,impostor,156
7,0257_1.jpg,0172_2.jpg,257,172,0,impostor,156
7,0079_1.jpg,0271_2.jpg,79,271,0,impostor,156
7,0168_1.jpg,0168_2.jpg,168,168,1,genuine,0
7,0078_1.jpg,0078_2.jpg,78,78,1,genuine,0
7,0273_1.jpg,0197_2.jpg,273,197,0,impostor,156
7,0142_1.jpg,0142_2.jpg,142,142,1,genuine,0
7,0277_1.jpg,0200_2.jpg,277,200,0,impostor,156
7,0240_1.jpg,0155_2.jpg,240,155,0,impostor,156
7,0066_1.jpg,0066_2.jpg,66,66,1,genuine,0
7,0235_1.jpg,0150_2.jpg,235,150,0,impostor,156
7,0043_1.jpg,0242_2.jpg,43,242,0,impostor,156
7,0097_1.jpg,0097_2.jpg,97,97,1,genuine,0
7,0237_1.jpg,0152_2.jpg,237,152,0,impostor,156
7,0129_1.jpg,0129_2.jpg,129,129,1,genuine,0
7,0219_1.jpg,0131_2.jpg,219,131,0,impostor,156
7,0039_1.jpg,0039_2.jpg,39,39,1,genuine,0
7,0020_1.jpg,0221_2.jpg,20,221,0,impostor,156
7,0174_1.jpg,0086_2.jpg,174,86,0,impostor,156
7,0192_1.jpg,0098_2.jpg,192,98,0,impostor,156
7,0144_1.jpg,0144_2.jpg,144,144,1,genuine,0
7,0243_1.jpg,0243_2.jpg,243,243,1,genuine,0
7,0008_1.jpg,0008_2.jpg,8,8,1,genuine,0
7,0225_1.jpg,0225_2.jpg,225,225,1,genuine,0
7,0211_1.jpg,0211_2.jpg,211,211,1,genuine,0
7,0091_1.jpg,0091_2.jpg,91,91,1,genuine,0
7,0269_1.jpg,0191_2.jpg,269,191,0,impostor,156
7,0207_1.jpg,0119_2.jpg,207,119,0,impostor,156
7,0062_1.jpg,0255_2.jpg,62,255,0,impostor,156
7,0018_1.jpg,0018_2.jpg,18,18,1,genuine,0
7,0154_1.jpg,0154_2.jpg,154,154,1,genuine,0
7,0206_1.jpg,0118_2.jpg,206,118,0,impostor,156
7,0015_1.jpg,0015_2.jpg,15,15,1,genuine,0
7,0142_1.jpg,0049_2.jpg,142,49,0,impostor,156
7,0124_1.jpg,0030_2.jpg,124,30,0,impostor,156
7,0203_1.jpg,0203_2.jpg,203,203,1,genuine,0
7,0159_1.jpg,0159_2.jpg,159,159,1,genuine,0
7,0095_1.jpg,0095_2.jpg,95,95,1,genuine,0
7,0129_1.jpg,0034_2.jpg,129,34,0,impostor,156
7,0106_1.jpg,0015_2.jpg,106,15,0,impostor,156
7,0100_1.jpg,0008_2.jpg,100,8,0,impostor,156
7,0196_1.jpg,0196_2.jpg,196,196,1,genuine,0
7,0261_1.jpg,0261_2.jpg,261,261,1,genuine,0
7,0119_1.jpg,0119_2.jpg,119,119,1,genuine,0
7,0196_1.jpg,0101_2.jpg,196,101,0,impostor,156
7,0138_1.jpg,0138_2.jpg,138,138,1,genuine,0
7,0097_1.jpg,0006_2.jpg,97,6,0,impostor,156
7,0001_1.jpg,0001_2.jpg,1,1,1,genuine,0
7,0167_1.jpg,0167_2.jpg,167,167,1,genuine,0
7,0266_1.jpg,0185_2.jpg,266,185,0,impostor,156
7,0162_1.jpg,0162_2.jpg,162,162,1,genuine,0
7,0145_1.jpg,0145_2.jpg,145,145,1,genuine,0
7,0220_1.jpg,0132_2.jpg,220,132,0,impostor,156
7,0127_1.jpg,0127_2.jpg,127,127,1,genuine,0
7,0106_1.jpg,0106_2.jpg,106,106,1,genuine,0
7,0029_1.jpg,0228_2.jpg,29,228,0,impostor,156
7,0273_1.jpg,0273_2.jpg,273,273,1,genuine,0
7,0104_1.jpg,0011_2.jpg,104,11,0,impostor,156
7,0069_1.jpg,0069_2.jpg,69,69,1,genuine,0
7,0242_1.jpg,0242_2.jpg,242,242,1,genuine,0
7,0122_1.jpg,0122_2.jpg,122,122,1,genuine,0
7,0022_1.jpg,0022_2.jpg,22,22,1,genuine,0
7,0107_1.jpg,0107_2.jpg,107,107,1,genuine,0
7,0040_1.jpg,0040_2.jpg,40,40,1,genuine,0
7,0140_1.jpg,0047_2.jpg,140,47,0,impostor,156
7,0030_1.jpg,0030_2.jpg,30,30,1,genuine,0
7,0255_1.jpg,0255_2.jpg,255,255,1,genuine,0
7,0085_1.jpg,0274_2.jpg,85,274,0,impostor,156
7,0199_1.jpg,0199_2.jpg,199,199,1,genuine,0
7,0209_1.jpg,0209_2.jpg,209,209,1,genuine,0
7,0170_1.jpg,0170_2.jpg,170,170,1,genuine,0
7,0047_1.jpg,0047_2.jpg,47,47,1,genuine,0
7,0166_1.jpg,0166_2.jpg,166,166,1,genuine,0
7,0204_1.jpg,0204_2.jpg,204,204,1,genuine,0
7,0189_1.jpg,0096_2.jpg,189,96,0,impostor,156
7,0167_1.jpg,0077_2.jpg,167,77,0,impostor,156
7,0056_1.jpg,0250_2.jpg,56,250,0,impostor,156
7,0038_1.jpg,0038_2.jpg,38,38,1,genuine,0
7,0282_1.jpg,0282_2.jpg,282,282,1,genuine,0
7,0209_1.jpg,0122_2.jpg,209,122,0,impostor,156
7,0081_1.jpg,0081_2.jpg,81,81,1,genuine,0
7,0274_1.jpg,0198_2.jpg,274,198,0,impostor,156
7,0101_1.jpg,0101_2.jpg,101,101,1,genuine,0
7,0083_1.jpg,0083_2.jpg,83,83,1,genuine,0
7,0279_1.jpg,0279_2.jpg,279,279,1,genuine,0
7,0128_1.jpg,0128_2.jpg,128,128,1,genuine,0
7,0105_1.jpg,0105_2.jpg,105,105,1,genuine,0
7,0245_1.jpg,0245_2.jpg,245,245,1,genuine,0
7,0201_1.jpg,0107_2.jpg,201,107,0,impostor,156
7,0279_1.jpg,0202_2.jpg,279,202,0,impostor,156
7,0180_1.jpg,0091_2.jpg,180,91,0,impostor,156
7,0205_1.jpg,0205_2.jpg,205,205,1,genuine,0
7,0086_1.jpg,0086_2.jpg,86,86,1,genuine,0
7,0076_1.jpg,0076_2.jpg,76,76,1,genuine,0
7,0068_1.jpg,0068_2.jpg,68,68,1,genuine,0
7,0046_1.jpg,0046_2.jpg,46,46,1,genuine,0
7,0264_1.jpg,0264_2.jpg,264,264,1,genuine,0
7,0057_1.jpg,0057_2.jpg,57,57,1,genuine,0
7,0208_1.jpg,0208_2.jpg,208,208,1,genuine,0
7,0150_1.jpg,0150_2.jpg,150,150,1,genuine,0
7,0240_1.jpg,0240_2.jpg,240,240,1,genuine,0
7,0134_1.jpg,0042_2.jpg,134,42,0,impostor,156
7,0060_1.jpg,0060_2.jpg,60,60,1,genuine,0
7,0074_1.jpg,0266_2.jpg,74,266,0,impostor,156
7,0065_1.jpg,0065_2.jpg,65,65,1,genuine,0
7,0181_1.jpg,0181_2.jpg,181,181,1,genuine,0
7,0178_1.jpg,0178_2.jpg,178,178,1,genuine,0
7,0056_1.jpg,0056_2.jpg,56,56,1,genuine,0
7,0243_1.jpg,0158_2.jpg,243,158,0,impostor,156
7,0220_1.jpg,0220_2.jpg,220,220,1,genuine,0
7,0226_1.jpg,0226_2.jpg,226,226,1,genuine,0
7,0007_1.jpg,0007_2.jpg,7,7,1,genuine,0
7,0025_1.jpg,0224_2.jpg,25,224,0,impostor,156
7,0116_1.jpg,0022_2.jpg,116,22,0,impostor,156
7,0257_1.jpg,0257_2.jpg,257,257,1,genuine,0
7,0132_1.jpg,0132_2.jpg,132,132,1,genuine,0
7,0152_1.jpg,0152_2.jpg,152,152,1,genuine,0
7,0197_1.jpg,0103_2.jpg,197,103,0,impostor,156
7,0221_1.jpg,0221_2.jpg,221,221,1,genuine,0
7,0189_1.jpg,0189_2.jpg,189,189,1,genuine,0
7,0059_1.jpg,0252_2.jpg,59,252,0,impostor,156
7,0110_1.jpg,0020_2.jpg,110,20,0,impostor,156
7,0178_1.jpg,0089_2.jpg,178,89,0,impostor,156
7,0131_1.jpg,0131_2.jpg,131,131,1,genuine,0
7,0244_1.jpg,0159_2.jpg,244,159,0,impostor,156
7,0003_1.jpg,0207_2.jpg,3,207,0,impostor,156
7,0061_1.jpg,0254_2.jpg,61,254,0,impostor,156
7,0067_1.jpg,0067_2.jpg,67,67,1,genuine,0
7,0092_1.jpg,0282_2.jpg,92,282,0,impostor,156
7,0207_1.jpg,0207_2.jpg,207,207,1,genuine,0
7,0216_1.jpg,0129_2.jpg,216,129,0,impostor,156
7,0229_1.jpg,0145_2.jpg,229,145,0,impostor,156
7,0077_1.jpg,0077_2.jpg,77,77,1,genuine,0
7,0105_1.jpg,0012_2.jpg,105,12,0,impostor,156
7,0176_1.jpg,0176_2.jpg,176,176,1,genuine,0
7,0248_1.jpg,0248_2.jpg,248,248,1,genuine,0
7,0005_1.jpg,0005_2.jpg,5,5,1,genuine,0
7,0047_1.jpg,0245_2.jpg,47,245,0,impostor,156
7,0051_1.jpg,0051_2.jpg,51,51,1,genuine,0
7,0255_1.jpg,0170_2.jpg,255,170,0,impostor,156
7,0160_1.jpg,0069_2.jpg,160,69,0,impostor,156
7,0241_1.jpg,0241_2.jpg,241,241,1,genuine,0
7,0237_1.jpg,0237_2.jpg,237,237,1,genuine,0
7,0163_1.jpg,0163_2.jpg,163,163,1,genuine,0
7,0239_1.jpg,0239_2.jpg,239,239,1,genuine,0
7,0089_1.jpg,0089_2.jpg,89,89,1,genuine,0
7,0063_1.jpg,0256_2.jpg,63,256,0,impostor,156
7,0218_1.jpg,0130_2.jpg,218,130,0,impostor,156
7,0168_1.jpg,0078_2.jpg,168,78,0,impostor,156
7,0001_1.jpg,0205_2.jpg,1,205,0,impostor,156
7,0180_1.jpg,0180_2.jpg,180,180,1,genuine,0
7,0163_1.jpg,0073_2.jpg,163,73,0,impostor,156
7,0232_1.jpg,0232_2.jpg,232,232,1,genuine,0
7,0125_1.jpg,0031_2.jpg,125,31,0,impostor,156
7,0068_1.jpg,0261_2.jpg,68,261,0,impostor,156
7,0011_1.jpg,0214_2.jpg,11,214,0,impostor,156
7,0263_1.jpg,0180_2.jpg,263,180,0,impostor,156
7,0242_1.jpg,0157_2.jpg,242,157,0,impostor,156
7,0210_1.jpg,0210_2.jpg,210,210,1,genuine,0
7,0144_1.jpg,0051_2.jpg,144,51,0,impostor,156
7,0199_1.jpg,0105_2.jpg,199,105,0,impostor,156
7,0218_1.jpg,0218_2.jpg,218,218,1,genuine,0
7,0251_1.jpg,0251_2.jpg,251,251,1,genuine,0
7,0081_1.jpg,0272_2.jpg,81,272,0,impostor,156
7,0119_1.jpg,0026_2.jpg,119,26,0,impostor,156
7,0122_1.jpg,0028_2.jpg,122,28,0,impostor,156
7,0046_1.jpg,0244_2.jpg,46,244,0,impostor,156
7,0258_1.jpg,0258_2.jpg,258,258,1,genuine,0
7,0250_1.jpg,0250_2.jpg,250,250,1,genuine,0
7,0244_1.jpg,0244_2.jpg,244,244,1,genuine,0
7,0123_1.jpg,0029_2.jpg,123,29,0,impostor,156
7,0093_1.jpg,0001_2.jpg,93,1,0,impostor,156
7,0135_1.jpg,0043_2.jpg,135,43,0,impostor,156
7,0104_1.jpg,0104_2.jpg,104,104,1,genuine,0
7,0124_1.jpg,0124_2.jpg,124,124,1,genuine,0
7,0224_1.jpg,0138_2.jpg,224,138,0,impostor,156
7,0169_1.jpg,0079_2.jpg,169,79,0,impostor,156
7,0245_1.jpg,0160_2.jpg,245,160,0,impostor,156
7,0121_1.jpg,0027_2.jpg,121,27,0,impostor,156
7,0213_1.jpg,0127_2.jpg,213,127,0,impostor,156
7,0238_1.jpg,0153_2.jpg,238,153,0,impostor,156
7,0150_1.jpg,0059_2.jpg,150,59,0,impostor,156
7,0281_1.jpg,0281_2.jpg,281,281,1,genuine,0
7,0183_1.jpg,0183_2.jpg,183,183,1,genuine,0
7,0049_1.jpg,0049_2.jpg,49,49,1,genuine,0
7,0193_1.jpg,0193_2.jpg,193,193,1,genuine,0
7,0228_1.jpg,0228_2.jpg,228,228,1,genuine,0
7,0203_1.jpg,0110_2.jpg,203,110,0,impostor,156
7,0165_1.jpg,0165_2.jpg,165,165,1,genuine,0
7,0212_1.jpg,0125_2.jpg,212,125,0,impostor,156
7,0221_1.jpg,0133_2.jpg,221,133,0,impostor,156
7,0191_1.jpg,0097_2.jpg,191,97,0,impostor,156
7,0026_1.jpg,0225_2.jpg,26,225,0,impostor,156
7,0235_1.jpg,0235_2.jpg,235,235,1,genuine,0
7,0252_1.jpg,0167_2.jpg,252,167,0,impostor,156
7,0224_1.jpg,0224_2.jpg,224,224,1,genuine,0
7,0254_1.jpg,0169_2.jpg,254,169,0,impostor,156
8,0251_1.jpg,0274_2.jpg,251,274,0,impostor,22
8,0171_1.jpg,0203_2.jpg,171,203,0,impostor,22
8,0191_1.jpg,0191_2.jpg,191,191,1,genuine,0
8,0223_1.jpg,0223_2.jpg,223,223,1,genuine,0
8,0231_1.jpg,0255_2.jpg,231,255,0,impostor,22
8,0090_1.jpg,0090_2.jpg,90,90,1,genuine,0
8,0198_1.jpg,0222_2.jpg,198,222,0,impostor,22
8,0271_1.jpg,0271_2.jpg,271,271,1,genuine,0
8,0155_1.jpg,0155_2.jpg,155,155,1,genuine,0
8,0046_1.jpg,0046_2.jpg,46,46,1,genuine,0
8,0032_1.jpg,0032_2.jpg,32,32,1,genuine,0
8,0274_1.jpg,0274_2.jpg,274,274,1,genuine,0
8,0238_1.jpg,0261_2.jpg,238,261,0,impostor,22
8,0179_1.jpg,0208_2.jpg,179,208,0,impostor,22
8,0178_1.jpg,0178_2.jpg,178,178,1,genuine,0
8,0001_1.jpg,0030_2.jpg,1,30,0,impostor,22
8,0051_1.jpg,0078_2.jpg,51,78,0,impostor,22
8,0237_1.jpg,0260_2.jpg,237,260,0,impostor,22
8,0219_1.jpg,0244_2.jpg,219,244,0,impostor,22
8,0165_1.jpg,0165_2.jpg,165,165,1,genuine,0
8,0274_1.jpg,0021_2.jpg,274,21,0,impostor,22
8,0207_1.jpg,0207_2.jpg,207,207,1,genuine,0
8,0244_1.jpg,0244_2.jpg,244,244,1,genuine,0
8,0075_1.jpg,0103_2.jpg,75,103,0,impostor,22
8,0153_1.jpg,0153_2.jpg,153,153,1,genuine,0
8,0239_1.jpg,0262_2.jpg,239,262,0,impostor,22
8,0118_1.jpg,0118_2.jpg,118,118,1,genuine,0
8,0068_1.jpg,0095_2.jpg,68,95,0,impostor,22
8,0010_1.jpg,0010_2.jpg,10,10,1,genuine,0
8,0018_1.jpg,0046_2.jpg,18,46,0,impostor,22
8,0163_1.jpg,0163_2.jpg,163,163,1,genuine,0
8,0059_1.jpg,0059_2.jpg,59,59,1,genuine,0
8,0133_1.jpg,0161_2.jpg,133,161,0,impostor,22
8,0054_1.jpg,0054_2.jpg,54,54,1,genuine,0
8,0059_1.jpg,0086_2.jpg,59,86,0,impostor,22
8,0028_1.jpg,0059_2.jpg,28,59,0,impostor,22
8,0178_1.jpg,0207_2.jpg,178,207,0,impostor,22
8,0157_1.jpg,0183_2.jpg,157,183,0,impostor,22
8,0039_1.jpg,0039_2.jpg,39,39,1,genuine,0
8,0270_1.jpg,0015_2.jpg,270,15,0,impostor,22
8,0131_1.jpg,0131_2.jpg,131,131,1,genuine,0
8,0135_1.jpg,0163_2.jpg,135,163,0,impostor,22
8,0268_1.jpg,0011_2.jpg,268,11,0,impostor,22
8,0183_1.jpg,0183_2.jpg,183,183,1,genuine,0
8,0202_1.jpg,0226_2.jpg,202,226,0,impostor,22
8,0119_1.jpg,0119_2.jpg,119,119,1,genuine,0
8,0077_1.jpg,0105_2.jpg,77,105,0,impostor,22
8,0154_1.jpg,0154_2.jpg,154,154,1,genuine,0
8,0226_1.jpg,0251_2.jpg,226,251,0,impostor,22
8,0061_1.jpg,0089_2.jpg,61,89,0,impostor,22
8,0101_1.jpg,0101_2.jpg,101,101,1,genuine,0
8,0008_1.jpg,0038_2.jpg,8,38,0,impostor,22
8,0031_1.jpg,0031_2.jpg,31,31,1,genuine,0
8,0132_1.jpg,0132_2.jpg,132,132,1,genuine,0
8,0071_1.jpg,0098_2.jpg,71,98,0,impostor,22
8,0135_1.jpg,0135_2.jpg,135,135,1,genuine,0
8,0159_1.jpg,0159_2.jpg,159,159,1,genuine,0
8,0150_1.jpg,0150_2.jpg,150,150,1,genuine,0
8,0240_1.jpg,0263_2.jpg,240,263,0,impostor,22
8,0209_1.jpg,0209_2.jpg,209,209,1,genuine,0
8,0030_1.jpg,0061_2.jpg,30,61,0,impostor,22
8,0221_1.jpg,0221_2.jpg,221,221,1,genuine,0
8,0094_1.jpg,0125_2.jpg,94,125,0,impostor,22
8,0015_1.jpg,0015_2.jpg,15,15,1,genuine,0
8,0106_1.jpg,0106_2.jpg,106,106,1,genuine,0
8,0124_1.jpg,0153_2.jpg,124,153,0,impostor,22
8,0130_1.jpg,0130_2.jpg,130,130,1,genuine,0
8,0167_1.jpg,0199_2.jpg,167,199,0,impostor,22
8,0144_1.jpg,0144_2.jpg,144,144,1,genuine,0
8,0206_1.jpg,0231_2.jpg,206,231,0,impostor,22
8,0116_1.jpg,0116_2.jpg,116,116,1,genuine,0
8,0028_1.jpg,0028_2.jpg,28,28,1,genuine,0
8,0051_1.jpg,0051_2.jpg,51,51,1,genuine,0
8,0270_1.jpg,0270_2.jpg,270,270,1,genuine,0
8,0138_1.jpg,0164_2.jpg,138,164,0,impostor,22
8,0042_1.jpg,0042_2.jpg,42,42,1,genuine,0
8,0213_1.jpg,0240_2.jpg,213,240,0,impostor,22
8,0189_1.jpg,0214_2.jpg,189,214,0,impostor,22
8,0150_1.jpg,0174_2.jpg,150,174,0,impostor,22
8,0002_1.jpg,0002_2.jpg,2,2,1,genuine,0
8,0242_1.jpg,0242_2.jpg,242,242,1,genuine,0
8,0224_1.jpg,0249_2.jpg,224,249,0,impostor,22
8,0208_1.jpg,0234_2.jpg,208,234,0,impostor,22
8,0139_1.jpg,0165_2.jpg,139,165,0,impostor,22
8,0252_1.jpg,0252_2.jpg,252,252,1,genuine,0
8,0003_1.jpg,0003_2.jpg,3,3,1,genuine,0
8,0263_1.jpg,0263_2.jpg,263,263,1,genuine,0
8,0133_1.jpg,0133_2.jpg,133,133,1,genuine,0
8,0222_1.jpg,0247_2.jpg,222,247,0,impostor,22
8,0093_1.jpg,0124_2.jpg,93,124,0,impostor,22
8,0066_1.jpg,0093_2.jpg,66,93,0,impostor,22
8,0205_1.jpg,0229_2.jpg,205,229,0,impostor,22
8,0253_1.jpg,0277_2.jpg,253,277,0,impostor,22
8,0257_1.jpg,0282_2.jpg,257,282,0,impostor,22
8,0065_1.jpg,0092_2.jpg,65,92,0,impostor,22
8,0033_1.jpg,0033_2.jpg,33,33,1,genuine,0
8,0267_1.jpg,0267_2.jpg,267,267,1,genuine,0
8,0085_1.jpg,0085_2.jpg,85,85,1,genuine,0
8,0241_1.jpg,0264_2.jpg,241,264,0,impostor,22
8,0228_1.jpg,0253_2.jpg,228,253,0,impostor,22
8,0039_1.jpg,0069_2.jpg,39,69,0,impostor,22
8,0160_1.jpg,0160_2.jpg,160,160,1,genuine,0
8,0250_1.jpg,0273_2.jpg,250,273,0,impostor,22
8,0278_1.jpg,0026_2.jpg,278,26,0,impostor,22
8,0199_1.jpg,0199_2.jpg,199,199,1,genuine,0
8,0054_1.jpg,0079_2.jpg,54,79,0,impostor,22
8,0022_1.jpg,0054_2.jpg,22,54,0,impostor,22
8,0166_1.jpg,0166_2.jpg,166,166,1,genuine,0
8,0063_1.jpg,0063_2.jpg,63,63,1,genuine,0
8,0144_1.jpg,0168_2.jpg,144,168,0,impostor,22
8,0197_1.jpg,0197_2.jpg,197,197,1,genuine,0
8,0211_1.jpg,0211_2.jpg,211,211,1,genuine,0
8,0159_1.jpg,0188_2.jpg,159,188,0,impostor,22
8,0011_1.jpg,0011_2.jpg,11,11,1,genuine,0
8,0026_1.jpg,0026_2.jpg,26,26,1,genuine,0
8,0142_1.jpg,0167_2.jpg,142,167,0,impostor,22
8,0219_1.jpg,0219_2.jpg,219,219,1,genuine,0
8,0005_1.jpg,0005_2.jpg,5,5,1,genuine,0
8,0216_1.jpg,0216_2.jpg,216,216,1,genuine,0
8,0047_1.jpg,0047_2.jpg,47,47,1,genuine,0
8,0100_1.jpg,0131_2.jpg,100,131,0,impostor,22
8,0074_1.jpg,0074_2.jpg,74,74,1,genuine,0
8,0087_1.jpg,0087_2.jpg,87,87,1,genuine,0
8,0022_1.jpg,0022_2.jpg,22,22,1,genuine,0
8,0169_1.jpg,0201_2.jpg,169,201,0,impostor,22
8,0206_1.jpg,0206_2.jpg,206,206,1,genuine,0
8,0234_1.jpg,0234_2.jpg,234,234,1,genuine,0
8,0025_1.jpg,0055_2.jpg,25,55,0,impostor,22
8,0121_1.jpg,0121_2.jpg,121,121,1,genuine,0
8,0145_1.jpg,0169_2.jpg,145,169,0,impostor,22
8,0268_1.jpg,0268_2.jpg,268,268,1,genuine,0
8,0192_1.jpg,0192_2.jpg,192,192,1,genuine,0
8,0061_1.jpg,0061_2.jpg,61,61,1,genuine,0
8,0181_1.jpg,0210_2.jpg,181,210,0,impostor,22
8,0060_1.jpg,0060_2.jpg,60,60,1,genuine,0
8,0247_1.jpg,0270_2.jpg,247,270,0,impostor,22
8,0081_1.jpg,0081_2.jpg,81,81,1,genuine,0
8,0255_1.jpg,0255_2.jpg,255,255,1,genuine,0
8,0096_1.jpg,0096_2.jpg,96,96,1,genuine,0
8,0076_1.jpg,0104_2.jpg,76,104,0,impostor,22
8,0132_1.jpg,0160_2.jpg,132,160,0,impostor,22
8,0062_1.jpg,0090_2.jpg,62,90,0,impostor,22
8,0231_1.jpg,0231_2.jpg,231,231,1,genuine,0
8,0138_1.jpg,0138_2.jpg,138,138,1,genuine,0
8,0263_1.jpg,0006_2.jpg,263,6,0,impostor,22
8,0068_1.jpg,0068_2.jpg,68,68,1,genuine,0
8,0258_1.jpg,0258_2.jpg,258,258,1,genuine,0
8,0185_1.jpg,0185_2.jpg,185,185,1,genuine,0
8,0091_1.jpg,0122_2.jpg,91,122,0,impostor,22
8,0200_1.jpg,0200_2.jpg,200,200,1,genuine,0
8,0278_1.jpg,0278_2.jpg,278,278,1,genuine,0
8,0255_1.jpg,0279_2.jpg,255,279,0,impostor,22
8,0261_1.jpg,0261_2.jpg,261,261,1,genuine,0
8,0234_1.jpg,0257_2.jpg,234,257,0,impostor,22
8,0007_1.jpg,0035_2.jpg,7,35,0,impostor,22
8,0031_1.jpg,0062_2.jpg,31,62,0,impostor,22
8,0125_1.jpg,0154_2.jpg,125,154,0,impostor,22
8,0232_1.jpg,0256_2.jpg,232,256,0,impostor,22
8,0226_1.jpg,0226_2.jpg,226,226,1,genuine,0
8,0006_1.jpg,0034_2.jpg,6,34,0,impostor,22
8,0165_1.jpg,0197_2.jpg,165,197,0,impostor,22
8,0010_1.jpg,0040_2.jpg,10,40,0,impostor,22
8,0097_1.jpg,0097_2.jpg,97,97,1,genuine,0
8,0202_1.jpg,0202_2.jpg,202,202,1,genuine,0
8,0122_1.jpg,0122_2.jpg,122,122,1,genuine,0
8,0162_1.jpg,0162_2.jpg,162,162,1,genuine,0
8,0225_1.jpg,0250_2.jpg,225,250,0,impostor,22
8,0118_1.jpg,0146_2.jpg,118,146,0,impostor,22
8,0201_1.jpg,0225_2.jpg,201,225,0,impostor,22
8,0066_1.jpg,0066_2.jpg,66,66,1,genuine,0
8,0033_1.jpg,0065_2.jpg,33,65,0,impostor,22
8,0176_1.jpg,0176_2.jpg,176,176,1,genuine,0
8,0114_1.jpg,0114_2.jpg,114,114,1,genuine,0
8,0106_1.jpg,0138_2.jpg,106,138,0,impostor,22
8,0021_1.jpg,0021_2.jpg,21,21,1,genuine,0
8,0228_1.jpg,0228_2.jpg,228,228,1,genuine,0
8,0180_1.jpg,0180_2.jpg,180,180,1,genuine,0
8,0204_1.jpg,0228_2.jpg,204,228,0,impostor,22
8,0145_1.jpg,0145_2.jpg,145,145,1,genuine,0
8,0193_1.jpg,0193_2.jpg,193,193,1,genuine,0
8,0232_1.jpg,0232_2.jpg,232,232,1,genuine,0
8,0002_1.jpg,0031_2.jpg,2,31,0,impostor,22
8,0122_1.jpg,0150_2.jpg,122,150,0,impostor,22
8,0029_1.jpg,0060_2.jpg,29,60,0,impostor,22
8,0257_1.jpg,0257_2.jpg,257,257,1,genuine,0
8,0258_1.jpg,0001_2.jpg,258,1,0,impostor,22
8,0179_1.jpg,0179_2.jpg,179,179,1,genuine,0
8,0269_1.jpg,0269_2.jpg,269,269,1,genuine,0
8,0089_1.jpg,0089_2.jpg,89,89,1,genuine,0
8,0223_1.jpg,0248_2.jpg,223,248,0,impostor,22
8,0254_1.jpg,0278_2.jpg,254,278,0,impostor,22
8,0191_1.jpg,0216_2.jpg,191,216,0,impostor,22
8,0026_1.jpg,0056_2.jpg,26,56,0,impostor,22
8,0256_1.jpg,0256_2.jpg,256,256,1,genuine,0
8,0055_1.jpg,0055_2.jpg,55,55,1,genuine,0
8,0218_1.jpg,0218_2.jpg,218,218,1,genuine,0
8,0214_1.jpg,0241_2.jpg,214,241,0,impostor,22
8,0060_1.jpg,0087_2.jpg,60,87,0,impostor,22
8,0246_1.jpg,0269_2.jpg,246,269,0,impostor,22
8,0027_1.jpg,0027_2.jpg,27,27,1,genuine,0
8,0197_1.jpg,0221_2.jpg,197,221,0,impostor,22
8,0110_1.jpg,0110_2.jpg,110,110,1,genuine,0
8,0238_1.jpg,0238_2.jpg,238,238,1,genuine,0
8,0245_1.jpg,0268_2.jpg,245,268,0,impostor,22
8,0282_1.jpg,0282_2.jpg,282,282,1,genuine,0
8,0057_1.jpg,0057_2.jpg,57,57,1,genuine,0
8,0012_1.jpg,0043_2.jpg,12,43,0,impostor,22
8,0279_1.jpg,0279_2.jpg,279,279,1,genuine,0
8,0239_1.jpg,0239_2.jpg,239,239,1,genuine,0
8,0264_1.jpg,0264_2.jpg,264,264,1,genuine,0
8,0103_1.jpg,0133_2.jpg,103,133,0,impostor,22
8,0095_1.jpg,0095_2.jpg,95,95,1,genuine,0
8,0235_1.jpg,0235_2.jpg,235,235,1,genuine,0
8,0107_1.jpg,0107_2.jpg,107,107,1,genuine,0
8,0012_1.jpg,0012_2.jpg,12,12,1,genuine,0
8,0210_1.jpg,0210_2.jpg,210,210,1,genuine,0
8,0148_1.jpg,0172_2.jpg,148,172,0,impostor,22
8,0164_1.jpg,0196_2.jpg,164,196,0,impostor,22
8,0248_1.jpg,0248_2.jpg,248,248,1,genuine,0
8,0030_1.jpg,0030_2.jpg,30,30,1,genuine,0
8,0152_1.jpg,0152_2.jpg,152,152,1,genuine,0
8,0208_1.jpg,0208_2.jpg,208,208,1,genuine,0
8,0265_1.jpg,0265_2.jpg,265,265,1,genuine,0
8,0262_1.jpg,0262_2.jpg,262,262,1,genuine,0
8,0245_1.jpg,0245_2.jpg,245,245,1,genuine,0
8,0161_1.jpg,0161_2.jpg,161,161,1,genuine,0
8,0172_1.jpg,0204_2.jpg,172,204,0,impostor,22
8,0279_1.jpg,0027_2.jpg,279,27,0,impostor,22
8,0078_1.jpg,0078_2.jpg,78,78,1,genuine,0
8,0193_1.jpg,0219_2.jpg,193,219,0,impostor,22
8,0250_1.jpg,0250_2.jpg,250,250,1,genuine,0
8,0043_1.jpg,0043_2.jpg,43,43,1,genuine,0
8,0110_1.jpg,0142_2.jpg,110,142,0,impostor,22
8,0042_1.jpg,0071_2.jpg,42,71,0,impostor,22
8,0074_1.jpg,0101_2.jpg,74,101,0,impostor,22
8,0109_1.jpg,0109_2.jpg,109,109,1,genuine,0
8,0044_1.jpg,0044_2.jpg,44,44,1,genuine,0
8,0152_1.jpg,0176_2.jpg,152,176,0,impostor,22
8,0209_1.jpg,0235_2.jpg,209,235,0,impostor,22
8,0090_1.jpg,0121_2.jpg,90,121,0,impostor,22
8,0092_1.jpg,0123_2.jpg,92,123,0,impostor,22
8,0044_1.jpg,0074_2.jpg,44,74,0,impostor,22
8,0073_1.jpg,0100_2.jpg,73,100,0,impostor,22
8,0071_1.jpg,0071_2.jpg,71,71,1,genuine,0
8,0035_1.jpg,0067_2.jpg,35,67,0,impostor,22
8,0129_1.jpg,0129_2.jpg,129,129,1,genuine,0
8,0100_1.jpg,0100_2.jpg,100,100,1,genuine,0
8,0203_1.jpg,0227_2.jpg,203,227,0,impostor,22
8,0018_1.jpg,0018_2.jpg,18,18,1,genuine,0
8,0252_1.jpg,0276_2.jpg,252,276,0,impostor,22
8,0180_1.jpg,0209_2.jpg,180,209,0,impostor,22
8,0123_1.jpg,0152_2.jpg,123,152,0,impostor,22
8,0146_1.jpg,0170_2.jpg,146,170,0,impostor,22
8,0158_1.jpg,0158_2.jpg,158,158,1,genuine,0
8,0104_1.jpg,0134_2.jpg,104,134,0,impostor,22
8,0199_1.jpg,0223_2.jpg,199,223,0,impostor,22
8,0168_1.jpg,0168_2.jpg,168,168,1,genuine,0
8,0229_1.jpg,0229_2.jpg,229,229,1,genuine,0
8,0047_1.jpg,0076_2.jpg,47,76,0,impostor,22
8,0011_1.jpg,0042_2.jpg,11,42,0,impostor,22
8,0092_1.jpg,0092_2.jpg,92,92,1,genuine,0
8,0276_1.jpg,0276_2.jpg,276,276,1,genuine,0
8,0249_1.jpg,0249_2.jpg,249,249,1,genuine,0
8,0056_1.jpg,0056_2.jpg,56,56,1,genuine,0
8,0063_1.jpg,0091_2.jpg,63,91,0,impostor,22
8,0158_1.jpg,0185_2.jpg,158,185,0,impostor,22
8,0237_1.jpg,0237_2.jpg,237,237,1,genuine,0
8,0164_1.jpg,0164_2.jpg,164,164,1,genuine,0
8,0134_1.jpg,0162_2.jpg,134,162,0,impostor,22
8,0272_1.jpg,0272_2.jpg,272,272,1,genuine,0
8,0243_1.jpg,0266_2.jpg,243,266,0,impostor,22
8,0046_1.jpg,0075_2.jpg,46,75,0,impostor,22
8,0176_1.jpg,0206_2.jpg,176,206,0,impostor,22
8,0254_1.jpg,0254_2.jpg,254,254,1,genuine,0
8,0098_1.jpg,0130_2.jpg,98,130,0,impostor,22
8,0271_1.jpg,0018_2.jpg,271,18,0,impostor,22
8,0131_1.jpg,0159_2.jpg,131,159,0,impostor,22
8,0086_1.jpg,0116_2.jpg,86,116,0,impostor,22
8,0260_1.jpg,0260_2.jpg,260,260,1,genuine,0
8,0198_1.jpg,0198_2.jpg,198,198,1,genuine,0
8,0029_1.jpg,0029_2.jpg,29,29,1,genuine,0
8,0073_1.jpg,0073_2.jpg,73,73,1,genuine,0
8,0027_1.jpg,0057_2.jpg,27,57,0,impostor,22
8,0216_1.jpg,0242_2.jpg,216,242,0,impostor,22
8,0034_1.jpg,0066_2.jpg,34,66,0,impostor,22
8,0168_1.jpg,0200_2.jpg,168,200,0,impostor,22
8,0220_1.jpg,0220_2.jpg,220,220,1,genuine,0
8,0166_1.jpg,0198_2.jpg,166,198,0,impostor,22
8,0241_1.jpg,0241_2.jpg,241,241,1,genuine,0
8,0038_1.jpg,0038_2.jpg,38,38,1,genuine,0
8,0019_1.jpg,0047_2.jpg,19,47,0,impostor,22
8,0021_1.jpg,0051_2.jpg,21,51,0,impostor,22
8,0282_1.jpg,0029_2.jpg,282,29,0,impostor,22
8,0249_1.jpg,0272_2.jpg,249,272,0,impostor,22
8,0140_1.jpg,0166_2.jpg,140,166,0,impostor,22
8,0183_1.jpg,0211_2.jpg,183,211,0,impostor,22
8,0207_1.jpg,0232_2.jpg,207,232,0,impostor,22
8,0160_1.jpg,0189_2.jpg,160,189,0,impostor,22
8,0224_1.jpg,0224_2.jpg,224,224,1,genuine,0
8,0244_1.jpg,0267_2.jpg,244,267,0,impostor,22
8,0070_1.jpg,0070_2.jpg,70,70,1,genuine,0
8,0211_1.jpg,0238_2.jpg,211,238,0,impostor,22
8,0139_1.jpg,0139_2.jpg,139,139,1,genuine,0
8,0269_1.jpg,0012_2.jpg,269,12,0,impostor,22
8,0188_1.jpg,0188_2.jpg,188,188,1,genuine,0
8,0147_1.jpg,0171_2.jpg,147,171,0,impostor,22
8,0157_1.jpg,0157_2.jpg,157,157,1,genuine,0
8,0019_1.jpg,0019_2.jpg,19,19,1,genuine,0
8,0214_1.jpg,0214_2.jpg,214,214,1,genuine,0
8,0247_1.jpg,0247_2.jpg,247,247,1,genuine,0
8,0170_1.jpg,0202_2.jpg,170,202,0,impostor,22
8,0277_1.jpg,0025_2.jpg,277,25,0,impostor,22
8,0227_1.jpg,0252_2.jpg,227,252,0,impostor,22
8,0020_1.jpg,0049_2.jpg,20,49,0,impostor,22
8,0114_1.jpg,0144_2.jpg,114,144,0,impostor,22
8,0105_1.jpg,0105_2.jpg,105,105,1,genuine,0
8,0077_1.jpg,0077_2.jpg,77,77,1,genuine,0
8,0086_1.jpg,0086_2.jpg,86,86,1,genuine,0
8,0038_1.jpg,0068_2.jpg,38,68,0,impostor,22
8,0076_1.jpg,0076_2.jpg,76,76,1,genuine,0
8,0089_1.jpg,0119_2.jpg,89,119,0,impostor,22
8,0009_1.jpg,0039_2.jpg,9,39,0,impostor,22
8,0040_1.jpg,0040_2.jpg,40,40,1,genuine,0
8,0281_1.jpg,0028_2.jpg,281,28,0,impostor,22
8,0196_1.jpg,0220_2.jpg,196,220,0,impostor,22
8,0156_1.jpg,0156_2.jpg,156,156,1,genuine,0
8,0020_1.jpg,0020_2.jpg,20,20,1,genuine,0
8,0098_1.jpg,0098_2.jpg,98,98,1,genuine,0
8,0163_1.jpg,0193_2.jpg,163,193,0,impostor,22
8,0075_1.jpg,0075_2.jpg,75,75,1,genuine,0
8,0040_1.jpg,0070_2.jpg,40,70,0,impostor,22
8,0272_1.jpg,0019_2.jpg,272,19,0,impostor,22
8,0162_1.jpg,0192_2.jpg,162,192,0,impostor,22
8,0273_1.jpg,0020_2.jpg,273,20,0,impostor,22
8,0069_1.jpg,0096_2.jpg,69,96,0,impostor,22
8,0170_1.jpg,0170_2.jpg,170,170,1,genuine,0
8,0264_1.jpg,0007_2.jpg,264,7,0,impostor,22
8,0265_1.jpg,0008_2.jpg,265,8,0,impostor,22
8,0009_1.jpg,0009_2.jpg,9,9,1,genuine,0
8,0121_1.jpg,0148_2.jpg,121,148,0,impostor,22
8,0204_1.jpg,0204_2.jpg,204,204,1,genuine,0
8,0057_1.jpg,0085_2.jpg,57,85,0,impostor,22
8,0221_1.jpg,0246_2.jpg,221,246,0,impostor,22
8,0260_1.jpg,0002_2.jpg,260,2,0,impostor,22
8,0025_1.jpg,0025_2.jpg,25,25,1,genuine,0
8,0095_1.jpg,0127_2.jpg,95,127,0,impostor,22
8,0148_1.jpg,0148_2.jpg,148,148,1,genuine,0
8,0091_1.jpg,0091_2.jpg,91,91,1,genuine,0
8,0101_1.jpg,0132_2.jpg,101,132,0,impostor,22
8,0116_1.jpg,0145_2.jpg,116,145,0,impostor,22
8,0267_1.jpg,0010_2.jpg,267,10,0,impostor,22
8,0007_1.jpg,0007_2.jpg,7,7,1,genuine,0
8,0189_1.jpg,0189_2.jpg,189,189,1,genuine,0
8,0210_1.jpg,0237_2.jpg,210,237,0,impostor,22
8,0105_1.jpg,0135_2.jpg,105,135,0,impostor,22
8,0035_1.jpg,0035_2.jpg,35,35,1,genuine,0
8,0087_1.jpg,0118_2.jpg,87,118,0,impostor,22
8,0222_1.jpg,0222_2.jpg,222,222,1,genuine,0
8,0188_1.jpg,0213_2.jpg,188,213,0,impostor,22
8,0079_1.jpg,0107_2.jpg,79,107,0,impostor,22
8,0174_1.jpg,0205_2.jpg,174,205,0,impostor,22
8,0281_1.jpg,0281_2.jpg,281,281,1,genuine,0
8,0200_1.jpg,0224_2.jpg,200,224,0,impostor,22
8,0212_1.jpg,0239_2.jpg,212,239,0,impostor,22
8,0155_1.jpg,0180_2.jpg,155,180,0,impostor,22
8,0006_1.jpg,0006_2.jpg,6,6,1,genuine,0
8,0103_1.jpg,0103_2.jpg,103,103,1,genuine,0
8,0109_1.jpg,0140_2.jpg,109,140,0,impostor,22
8,0097_1.jpg,0129_2.jpg,97,129,0,impostor,22
8,0218_1.jpg,0243_2.jpg,218,243,0,impostor,22
8,0153_1.jpg,0178_2.jpg,153,178,0,impostor,22
8,0213_1.jpg,0213_2.jpg,213,213,1,genuine,0
8,0128_1.jpg,0156_2.jpg,128,156,0,impostor,22
8,0049_1.jpg,0077_2.jpg,49,77,0,impostor,22
8,0124_1.jpg,0124_2.jpg,124,124,1,genuine,0
8,0251_1.jpg,0251_2.jpg,251,251,1,genuine,0
8,0065_1.jpg,0065_2.jpg,65,65,1,genuine,0
8,0067_1.jpg,0094_2.jpg,67,94,0,impostor,22
8,0083_1.jpg,0110_2.jpg,83,110,0,impostor,22
8,0156_1.jpg,0181_2.jpg,156,181,0,impostor,22
8,0134_1.jpg,0134_2.jpg,134,134,1,genuine,0
8,0107_1.jpg,0139_2.jpg,107,139,0,impostor,22
8,0078_1.jpg,0106_2.jpg,78,106,0,impostor,22
8,0055_1.jpg,0081_2.jpg,55,81,0,impostor,22
8,0243_1.jpg,0243_2.jpg,243,243,1,genuine,0
8,0266_1.jpg,0266_2.jpg,266,266,1,genuine,0
8,0062_1.jpg,0062_2.jpg,62,62,1,genuine,0
8,0119_1.jpg,0147_2.jpg,119,147,0,impostor,22
8,0246_1.jpg,0246_2.jpg,246,246,1,genuine,0
8,0256_1.jpg,0281_2.jpg,256,281,0,impostor,22
8,0240_1.jpg,0240_2.jpg,240,240,1,genuine,0
8,0167_1.jpg,0167_2.jpg,167,167,1,genuine,0
8,0003_1.jpg,0032_2.jpg,3,32,0,impostor,22
8,0049_1.jpg,0049_2.jpg,49,49,1,genuine,0
8,0253_1.jpg,0253_2.jpg,253,253,1,genuine,0
8,0083_1.jpg,0083_2.jpg,83,83,1,genuine,0
8,0225_1.jpg,0225_2.jpg,225,225,1,genuine,0
8,0262_1.jpg,0005_2.jpg,262,5,0,impostor,22
8,0201_1.jpg,0201_2.jpg,201,201,1,genuine,0
8,0205_1.jpg,0205_2.jpg,205,205,1,genuine,0
8,0069_1.jpg,0069_2.jpg,69,69,1,genuine,0
8,0266_1.jpg,0009_2.jpg,266,9,0,impostor,22
8,0261_1.jpg,0003_2.jpg,261,3,0,impostor,22
8,0181_1.jpg,0181_2.jpg,181,181,1,genuine,0
8,0235_1.jpg,0258_2.jpg,235,258,0,impostor,22
8,0127_1.jpg,0127_2.jpg,127,127,1,genuine,0
8,0277_1.jpg,0277_2.jpg,277,277,1,genuine,0
8,0125_1.jpg,0125_2.jpg,125,125,1,genuine,0
8,0001_1.jpg,0001_2.jpg,1,1,1,genuine,0
8,0147_1.jpg,0147_2.jpg,147,147,1,genuine,0
8,0056_1.jpg,0083_2.jpg,56,83,0,impostor,22
8,0248_1.jpg,0271_2.jpg,248,271,0,impostor,22
8,0130_1.jpg,0158_2.jpg,130,158,0,impostor,22
8,0129_1.jpg,0157_2.jpg,129,157,0,impostor,22
8,0192_1.jpg,0218_2.jpg,192,218,0,impostor,22
8,0079_1.jpg,0079_2.jpg,79,79,1,genuine,0
8,0034_1.jpg,0034_2.jpg,34,34,1,genuine,0
8,0140_1.jpg,0140_2.jpg,140,140,1,genuine,0
8,0242_1.jpg,0265_2.jpg,242,265,0,impostor,22
8,0104_1.jpg,0104_2.jpg,104,104,1,genuine,0
8,0169_1.jpg,0169_2.jpg,169,169,1,genuine,0
8,0196_1.jpg,0196_2.jpg,196,196,1,genuine,0
8,0008_1.jpg,0008_2.jpg,8,8,1,genuine,0
8,0127_1.jpg,0155_2.jpg,127,155,0,impostor,22
8,0142_1.jpg,0142_2.jpg,142,142,1,genuine,0
8,0154_1.jpg,0179_2.jpg,154,179,0,impostor,22
8,0067_1.jpg,0067_2.jpg,67,67,1,genuine,0
8,0081_1.jpg,0109_2.jpg,81,109,0,impostor,22
8,0096_1.jpg,0128_2.jpg,96,128,0,impostor,22
8,0229_1.jpg,0254_2.jpg,229,254,0,impostor,22
8,0174_1.jpg,0174_2.jpg,174,174,1,genuine,0
8,0273_1.jpg,0273_2.jpg,273,273,1,genuine,0
8,0203_1.jpg,0203_2.jpg,203,203,1,genuine,0
8,0123_1.jpg,0123_2.jpg,123,123,1,genuine,0
8,0161_1.jpg,0191_2.jpg,161,191,0,impostor,22
8,0212_1.jpg,0212_2.jpg,212,212,1,genuine,0
8,0185_1.jpg,0212_2.jpg,185,212,0,impostor,22
8,0094_1.jpg,0094_2.jpg,94,94,1,genuine,0
8,0032_1.jpg,0063_2.jpg,32,63,0,impostor,22
8,0128_1.jpg,0128_2.jpg,128,128,1,genuine,0
8,0043_1.jpg,0073_2.jpg,43,73,0,impostor,22
8,0172_1.jpg,0172_2.jpg,172,172,1,genuine,0
8,0015_1.jpg,0044_2.jpg,15,44,0,impostor,22
8,0070_1.jpg,0097_2.jpg,70,97,0,impostor,22
8,0276_1.jpg,0022_2.jpg,276,22,0,impostor,22
8,0005_1.jpg,0033_2.jpg,5,33,0,impostor,22
8,0093_1.jpg,0093_2.jpg,93,93,1,genuine,0
8,0171_1.jpg,0171_2.jpg,171,171,1,genuine,0
8,0085_1.jpg,0114_2.jpg,85,114,0,impostor,22
8,0146_1.jpg,0146_2.jpg,146,146,1,genuine,0
8,0220_1.jpg,0245_2.jpg,220,245,0,impostor,22
8,0227_1.jpg,0227_2.jpg,227,227,1,genuine,0
9,0110_1.jpg,0169_2.jpg,110,169,0,impostor,46
9,0200_1.jpg,0200_2.jpg,200,200,1,genuine,0
9,0031_1.jpg,0031_2.jpg,31,31,1,genuine,0
9,0061_1.jpg,0122_2.jpg,61,122,0,impostor,46
9,0090_1.jpg,0090_2.jpg,90,90,1,genuine,0
9,0214_1.jpg,0214_2.jpg,214,214,1,genuine,0
9,0078_1.jpg,0078_2.jpg,78,78,1,genuine,0
9,0106_1.jpg,0166_2.jpg,106,166,0,impostor,46
9,0170_1.jpg,0228_2.jpg,170,228,0,impostor,46
9,0015_1.jpg,0076_2.jpg,15,76,0,impostor,46
9,0059_1.jpg,0059_2.jpg,59,59,1,genuine,0
9,0232_1.jpg,0232_2.jpg,232,232,1,genuine,0
9,0009_1.jpg,0009_2.jpg,9,9,1,genuine,0
9,0278_1.jpg,0059_2.jpg,278,59,0,impostor,46
9,0248_1.jpg,0020_2.jpg,248,20,0,impostor,46
9,0235_1.jpg,0235_2.jpg,235,235,1,genuine,0
9,0256_1.jpg,0030_2.jpg,256,30,0,impostor,46
9,0162_1.jpg,0220_2.jpg,162,220,0,impostor,46
9,0192_1.jpg,0245_2.jpg,192,245,0,impostor,46
9,0101_1.jpg,0162_2.jpg,101,162,0,impostor,46
9,0179_1.jpg,0237_2.jpg,179,237,0,impostor,46
9,0170_1.jpg,0170_2.jpg,170,170,1,genuine,0
9,0220_1.jpg,0220_2.jpg,220,220,1,genuine,0
9,0207_1.jpg,0258_2.jpg,207,258,0,impostor,46
9,0202_1.jpg,0253_2.jpg,202,253,0,impostor,46
9,0246_1.jpg,0246_2.jpg,246,246,1,genuine,0
9,0211_1.jpg,0263_2.jpg,211,263,0,impostor,46
9,0252_1.jpg,0252_2.jpg,252,252,1,genuine,0
9,0157_1.jpg,0157_2.jpg,157,157,1,genuine,0
9,0135_1.jpg,0197_2.jpg,135,197,0,impostor,46
9,0039_1.jpg,0039_2.jpg,39,39,1,genuine,0
9,0211_1.jpg,0211_2.jpg,211,211,1,genuine,0
9,0081_1.jpg,0144_2.jpg,81,144,0,impostor,46
9,0139_1.jpg,0199_2.jpg,139,199,0,impostor,46
9,0196_1.jpg,0247_2.jpg,196,247,0,impostor,46
9,0264_1.jpg,0039_2.jpg,264,39,0,impostor,46
9,0262_1.jpg,0262_2.jpg,262,262,1,genuine,0
9,0073_1.jpg,0133_2.jpg,73,133,0,impostor,46
9,0229_1.jpg,0281_2.jpg,229,281,0,impostor,46
9,0019_1.jpg,0078_2.jpg,19,78,0,impostor,46
9,0027_1.jpg,0087_2.jpg,27,87,0,impostor,46
9,0242_1.jpg,0242_2.jpg,242,242,1,genuine,0
9,0247_1.jpg,0019_2.jpg,247,19,0,impostor,46
9,0075_1.jpg,0075_2.jpg,75,75,1,genuine,0
9,0001_1.jpg,0063_2.jpg,1,63,0,impostor,46
9,0189_1.jpg,0189_2.jpg,189,189,1,genuine,0
9,0130_1.jpg,0189_2.jpg,130,189,0,impostor,46
9,0218_1.jpg,0268_2.jpg,218,268,0,impostor,46
9,0046_1.jpg,0105_2.jpg,46,105,0,impostor,46
9,0220_1.jpg,0270_2.jpg,220,270,0,impostor,46
9,0008_1.jpg,0070_2.jpg,8,70,0,impostor,46
9,0150_1.jpg,0207_2.jpg,150,207,0,impostor,46
9,0039_1.jpg,0098_2.jpg,39,98,0,impostor,46
9,0244_1.jpg,0244_2.jpg,244,244,1,genuine,0
9,0210_1.jpg,0262_2.jpg,210,262,0,impostor,46
9,0152_1.jpg,0208_2.jpg,152,208,0,impostor,46
9,0042_1.jpg,0101_2.jpg,42,101,0,impostor,46
9,0205_1.jpg,0256_2.jpg,205,256,0,impostor,46
9,0150_1.jpg,0150_2.jpg,150,150,1,genuine,0
9,0067_1.jpg,0128_2.jpg,67,128,0,impostor,46
9,0265_1.jpg,0265_2.jpg,265,265,1,genuine,0
9,0077_1.jpg,0077_2.jpg,77,77,1,genuine,0
9,0209_1.jpg,0209_2.jpg,209,209,1,genuine,0
9,0168_1.jpg,0226_2.jpg,168,226,0,impostor,46
9,0206_1.jpg,0257_2.jpg,206,257,0,impostor,46
9,0012_1.jpg,0012_2.jpg,12,12,1,genuine,0
9,0011_1.jpg,0011_2.jpg,11,11,1,genuine,0
9,0097_1.jpg,0159_2.jpg,97,159,0,impostor,46
9,0131_1.jpg,0131_2.jpg,131,131,1,genuine,0
9,0142_1.jpg,0142_2.jpg,142,142,1,genuine,0
9,0127_1.jpg,0127_2.jpg,127,127,1,genuine,0
9,0222_1.jpg,0222_2.jpg,222,222,1,genuine,0
9,0165_1.jpg,0223_2.jpg,165,223,0,impostor,46
9,0253_1.jpg,0253_2.jpg,253,253,1,genuine,0
9,0235_1.jpg,0003_2.jpg,235,3,0,impostor,46
9,0032_1.jpg,0093_2.jpg,32,93,0,impostor,46
9,0040_1.jpg,0040_2.jpg,40,40,1,genuine,0
9,0257_1.jpg,0257_2.jpg,257,257,1,genuine,0
9,0081_1.jpg,0081_2.jpg,81,81,1,genuine,0
9,0160_1.jpg,0218_2.jpg,160,218,0,impostor,46
9,0181_1.jpg,0239_2.jpg,181,239,0,impostor,46
9,0134_1.jpg,0134_2.jpg,134,134,1,genuine,0
9,0091_1.jpg,0091_2.jpg,91,91,1,genuine,0
9,0089_1.jpg,0150_2.jpg,89,150,0,impostor,46
9,0270_1.jpg,0270_2.jpg,270,270,1,genuine,0
9,0047_1.jpg,0047_2.jpg,47,47,1,genuine,0
9,0071_1.jpg,0132_2.jpg,71,132,0,impostor,46
9,0069_1.jpg,0069_2.jpg,69,69,1,genuine,0
9,0122_1.jpg,0178_2.jpg,122,178,0,impostor,46
9,0208_1.jpg,0260_2.jpg,208,260,0,impostor,46
9,0138_1.jpg,0198_2.jpg,138,198,0,impostor,46
9,0221_1.jpg,0221_2.jpg,221,221,1,genuine,0
9,0273_1.jpg,0054_2.jpg,273,54,0,impostor,46
9,0028_1.jpg,0028_2.jpg,28,28,1,genuine,0
9,0228_1.jpg,0228_2.jpg,228,228,1,genuine,0
9,0051_1.jpg,0109_2.jpg,51,109,0,impostor,46
9,0258_1.jpg,0258_2.jpg,258,258,1,genuine,0
9,0043_1.jpg,0103_2.jpg,43,103,0,impostor,46
9,0176_1.jpg,0176_2.jpg,176,176,1,genuine,0
9,0180_1.jpg,0238_2.jpg,180,238,0,impostor,46
9,0179_1.jpg,0179_2.jpg,179,179,1,genuine,0
9,0203_1.jpg,0254_2.jpg,203,254,0,impostor,46
9,0192_1.jpg,0192_2.jpg,192,192,1,genuine,0
9,0056_1.jpg,0116_2.jpg,56,116,0,impostor,46
9,0092_1.jpg,0154_2.jpg,92,154,0,impostor,46
9,0134_1.jpg,0196_2.jpg,134,196,0,impostor,46
9,0154_1.jpg,0210_2.jpg,154,210,0,impostor,46
9,0169_1.jpg,0169_2.jpg,169,169,1,genuine,0
9,0202_1.jpg,0202_2.jpg,202,202,1,genuine,0
9,0083_1.jpg,0145_2.jpg,83,145,0,impostor,46
9,0148_1.jpg,0148_2.jpg,148,148,1,genuine,0
9,0116_1.jpg,0116_2.jpg,116,116,1,genuine,0
9,0200_1.jpg,0251_2.jpg,200,251,0,impostor,46
9,0026_1.jpg,0026_2.jpg,26,26,1,genuine,0
9,0165_1.jpg,0165_2.jpg,165,165,1,genuine,0
9,0118_1.jpg,0172_2.jpg,118,172,0,impostor,46
9,0162_1.jpg,0162_2.jpg,162,162,1,genuine,0
9,0254_1.jpg,0254_2.jpg,254,254,1,genuine,0
9,0223_1.jpg,0273_2.jpg,223,273,0,impostor,46
9,0055_1.jpg,0055_2.jpg,55,55,1,genuine,0
9,0061_1.jpg,0061_2.jpg,61,61,1,genuine,0
9,0216_1.jpg,0267_2.jpg,216,267,0,impostor,46
9,0224_1.jpg,0274_2.jpg,224,274,0,impostor,46
9,0171_1.jpg,0171_2.jpg,171,171,1,genuine,0
9,0204_1.jpg,0255_2.jpg,204,255,0,impostor,46
9,0229_1.jpg,0229_2.jpg,229,229,1,genuine,0
9,0160_1.jpg,0160_2.jpg,160,160,1,genuine,0
9,0139_1.jpg,0139_2.jpg,139,139,1,genuine,0
9,0010_1.jpg,0073_2.jpg,10,73,0,impostor,46
9,0133_1.jpg,0133_2.jpg,133,133,1,genuine,0
9,0237_1.jpg,0005_2.jpg,237,5,0,impostor,46
9,0095_1.jpg,0157_2.jpg,95,157,0,impostor,46
9,0021_1.jpg,0021_2.jpg,21,21,1,genuine,0
9,0087_1.jpg,0087_2.jpg,87,87,1,genuine,0
9,0131_1.jpg,0191_2.jpg,131,191,0,impostor,46
9,0250_1.jpg,0022_2.jpg,250,22,0,impostor,46
9,0127_1.jpg,0183_2.jpg,127,183,0,impostor,46
9,0201_1.jpg,0252_2.jpg,201,252,0,impostor,46
9,0198_1.jpg,0249_2.jpg,198,249,0,impostor,46
9,0094_1.jpg,0156_2.jpg,94,156,0,impostor,46
9,0169_1.jpg,0227_2.jpg,169,227,0,impostor,46
9,0154_1.jpg,0154_2.jpg,154,154,1,genuine,0
9,0266_1.jpg,0266_2.jpg,266,266,1,genuine,0
9,0065_1.jpg,0125_2.jpg,65,125,0,impostor,46
9,0243_1.jpg,0011_2.jpg,243,11,0,impostor,46
9,0268_1.jpg,0268_2.jpg,268,268,1,genuine,0
9,0093_1.jpg,0155_2.jpg,93,155,0,impostor,46
9,0129_1.jpg,0188_2.jpg,129,188,0,impostor,46
9,0086_1.jpg,0086_2.jpg,86,86,1,genuine,0
9,0062_1.jpg,0062_2.jpg,62,62,1,genuine,0
9,0237_1.jpg,0237_2.jpg,237,237,1,genuine,0
9,0196_1.jpg,0196_2.jpg,196,196,1,genuine,0
9,0197_1.jpg,0197_2.jpg,197,197,1,genuine,0
9,0114_1.jpg,0170_2.jpg,114,170,0,impostor,46
9,0123_1.jpg,0179_2.jpg,123,179,0,impostor,46
9,0145_1.jpg,0145_2.jpg,145,145,1,genuine,0
9,0205_1.jpg,0205_2.jpg,205,205,1,genuine,0
9,0269_1.jpg,0046_2.jpg,269,46,0,impostor,46
9,0272_1.jpg,0272_2.jpg,272,272,1,genuine,0
9,0152_1.jpg,0152_2.jpg,152,152,1,genuine,0
9,0201_1.jpg,0201_2.jpg,201,201,1,genuine,0
9,0044_1.jpg,0044_2.jpg,44,44,1,genuine,0
9,0040_1.jpg,0100_2.jpg,40,100,0,impostor,46
9,0157_1.jpg,0213_2.jpg,157,213,0,impostor,46
9,0095_1.jpg,0095_2.jpg,95,95,1,genuine,0
9,0033_1.jpg,0033_2.jpg,33,33,1,genuine,0
9,0105_1.jpg,0165_2.jpg,105,165,0,impostor,46
9,0261_1.jpg,0261_2.jpg,261,261,1,genuine,0
9,0002_1.jpg,0002_2.jpg,2,2,1,genuine,0
9,0098_1.jpg,0160_2.jpg,98,160,0,impostor,46
9,0042_1.jpg,0042_2.jpg,42,42,1,genuine,0
9,0002_1.jpg,0065_2.jpg,2,65,0,impostor,46
9,0093_1.jpg,0093_2.jpg,93,93,1,genuine,0
9,0269_1.jpg,0269_2.jpg,269,269,1,genuine,0
9,0159_1.jpg,0216_2.jpg,159,216,0,impostor,46
9,0027_1.jpg,0027_2.jpg,27,27,1,genuine,0
9,0248_1.jpg,0248_2.jpg,248,248,1,genuine,0
9,0046_1.jpg,0046_2.jpg,46,46,1,genuine,0
9,0158_1.jpg,0214_2.jpg,158,214,0,impostor,46
9,0007_1.jpg,0069_2.jpg,7,69,0,impostor,46
9,0155_1.jpg,0211_2.jpg,155,211,0,impostor,46
9,0096_1.jpg,0096_2.jpg,96,96,1,genuine,0
9,0003_1.jpg,0066_2.jpg,3,66,0,impostor,46
9,0119_1.jpg,0119_2.jpg,119,119,1,genuine,0
9,0138_1.jpg,0138_2.jpg,138,138,1,genuine,0
9,0213_1.jpg,0265_2.jpg,213,265,0,impostor,46
9,0019_1.jpg,0019_2.jpg,19,19,1,genuine,0
9,0116_1.jpg,0171_2.jpg,116,171,0,impostor,46
9,0153_1.jpg,0153_2.jpg,153,153,1,genuine,0
9,0198_1.jpg,0198_2.jpg,198,198,1,genuine,0
9,0262_1.jpg,0035_2.jpg,262,35,0,impostor,46
9,0054_1.jpg,0110_2.jpg,54,110,0,impostor,46
9,0128_1.jpg,0185_2.jpg,128,185,0,impostor,46
9,0166_1.jpg,0166_2.jpg,166,166,1,genuine,0
9,0174_1.jpg,0232_2.jpg,174,232,0,impostor,46
9,0191_1.jpg,0244_2.jpg,191,244,0,impostor,46
9,0015_1.jpg,0015_2.jpg,15,15,1,genuine,0
9,0228_1.jpg,0279_2.jpg,228,279,0,impostor,46
9,0011_1.jpg,0074_2.jpg,11,74,0,impostor,46
9,0119_1.jpg,0174_2.jpg,119,174,0,impostor,46
9,0122_1.jpg,0122_2.jpg,122,122,1,genuine,0
9,0049_1.jpg,0049_2.jpg,49,49,1,genuine,0
9,0104_1.jpg,0164_2.jpg,104,164,0,impostor,46
9,0281_1.jpg,0061_2.jpg,281,61,0,impostor,46
9,0054_1.jpg,0054_2.jpg,54,54,1,genuine,0
9,0264_1.jpg,0264_2.jpg,264,264,1,genuine,0
9,0246_1.jpg,0018_2.jpg,246,18,0,impostor,46
9,0250_1.jpg,0250_2.jpg,250,250,1,genuine,0
9,0238_1.jpg,0238_2.jpg,238,238,1,genuine,0
9,0227_1.jpg,0278_2.jpg,227,278,0,impostor,46
9,0029_1.jpg,0090_2.jpg,29,90,0,impostor,46
9,0130_1.jpg,0130_2.jpg,130,130,1,genuine,0
9,0241_1.jpg,0241_2.jpg,241,241,1,genuine,0
9,0085_1.jpg,0085_2.jpg,85,85,1,genuine,0
9,0020_1.jpg,0020_2.jpg,20,20,1,genuine,0
9,0247_1.jpg,0247_2.jpg,247,247,1,genuine,0
9,0028_1.jpg,0089_2.jpg,28,89,0,impostor,46
9,0105_1.jpg,0105_2.jpg,105,105,1,genuine,0
9,0010_1.jpg,0010_2.jpg,10,10,1,genuine,0
9,0240_1.jpg,0240_2.jpg,240,240,1,genuine,0
9,0224_1.jpg,0224_2.jpg,224,224,1,genuine,0
9,0188_1.jpg,0188_2.jpg,188,188,1,genuine,0
9,0087_1.jpg,0148_2.jpg,87,148,0,impostor,46
9,0101_1.jpg,0101_2.jpg,101,101,1,genuine,0
9,0256_1.jpg,0256_2.jpg,256,256,1,genuine,0
9,0189_1.jpg,0243_2.jpg,189,243,0,impostor,46
9,0263_1.jpg,0038_2.jpg,263,38,0,impostor,46
9,0104_1.jpg,0104_2.jpg,104,104,1,genuine,0
9,0035_1.jpg,0035_2.jpg,35,35,1,genuine,0
9,0252_1.jpg,0026_2.jpg,252,26,0,impostor,46
9,0133_1.jpg,0193_2.jpg,133,193,0,impostor,46
9,0001_1.jpg,0001_2.jpg,1,1,1,genuine,0
9,0225_1.jpg,0276_2.jpg,225,276,0,impostor,46
9,0222_1.jpg,0272_2.jpg,222,272,0,impostor,46
9,0210_1.jpg,0210_2.jpg,210,210,1,genuine,0
9,0121_1.jpg,0121_2.jpg,121,121,1,genuine,0
9,0056_1.jpg,0056_2.jpg,56,56,1,genuine,0
9,0255_1.jpg,0029_2.jpg,255,29,0,impostor,46
9,0063_1.jpg,0124_2.jpg,63,124,0,impostor,46
9,0271_1.jpg,0049_2.jpg,271,49,0,impostor,46
9,0197_1.jpg,0248_2.jpg,197,248,0,impostor,46
9,0031_1.jpg,0092_2.jpg,31,92,0,impostor,46
9,0180_1.jpg,0180_2.jpg,180,180,1,genuine,0
9,0279_1.jpg,0060_2.jpg,279,60,0,impostor,46
9,0125_1.jpg,0125_2.jpg,125,125,1,genuine,0
9,0006_1.jpg,0006_2.jpg,6,6,1,genuine,0
9,0103_1.jpg,0103_2.jpg,103,103,1,genuine,0
9,0272_1.jpg,0051_2.jpg,272,51,0,impostor,46
9,0147_1.jpg,0205_2.jpg,147,205,0,impostor,46
9,0242_1.jpg,0010_2.jpg,242,10,0,impostor,46
9,0166_1.jpg,0224_2.jpg,166,224,0,impostor,46
9,0055_1.jpg,0114_2.jpg,55,114,0,impostor,46
9,0114_1.jpg,0114_2.jpg,114,114,1,genuine,0
9,0244_1.jpg,0012_2.jpg,244,12,0,impostor,46
9,0094_1.jpg,0094_2.jpg,94,94,1,genuine,0
9,0034_1.jpg,0034_2.jpg,34,34,1,genuine,0
9,0145_1.jpg,0203_2.jpg,145,203,0,impostor,46
9,0132_1.jpg,0132_2.jpg,132,132,1,genuine,0
9,0253_1.jpg,0027_2.jpg,253,27,0,impostor,46
9,0191_1.jpg,0191_2.jpg,191,191,1,genuine,0
9,0267_1.jpg,0267_2.jpg,267,267,1,genuine,0
9,0096_1.jpg,0158_2.jpg,96,158,0,impostor,46
9,0279_1.jpg,0279_2.jpg,279,279,1,genuine,0
9,0129_1.jpg,0129_2.jpg,129,129,1,genuine,0
9,0059_1.jpg,0119_2.jpg,59,119,0,impostor,46
9,0231_1.jpg,0231_2.jpg,231,231,1,genuine,0
9,0234_1.jpg,0002_2.jpg,234,2,0,impostor,46
9,0029_1.jpg,0029_2.jpg,29,29,1,genuine,0
9,0282_1.jpg,0282_2.jpg,282,282,1,genuine,0
9,0079_1.jpg,0142_2.jpg,79,142,0,impostor,46
9,0106_1.jpg,0106_2.jpg,106,106,1,genuine,0
9,0199_1.jpg,0199_2.jpg,199,199,1,genuine,0
9,0022_1.jpg,0083_2.jpg,22,83,0,impostor,46
9,0277_1.jpg,0057_2.jpg,277,57,0,impostor,46
9,0005_1.jpg,0067_2.jpg,5,67,0,impostor,46
9,0069_1.jpg,0130_2.jpg,69,130,0,impostor,46
9,0159_1.jpg,0159_2.jpg,159,159,1,genuine,0
9,0146_1.jpg,0204_2.jpg,146,204,0,impostor,46
9,0123_1.jpg,0123_2.jpg,123,123,1,genuine,0
9,0033_1.jpg,0094_2.jpg,33,94,0,impostor,46
9,0125_1.jpg,0181_2.jpg,125,181,0,impostor,46
9,0238_1.jpg,0006_2.jpg,238,6,0,impostor,46
9,0076_1.jpg,0138_2.jpg,76,138,0,impostor,46
9,0100_1.jpg,0100_2.jpg,100,100,1,genuine,0
9,0208_1.jpg,0208_2.jpg,208,208,1,genuine,0
9,0121_1.jpg,0176_2.jpg,121,176,0,impostor,46
9,0174_1.jpg,0174_2.jpg,174,174,1,genuine,0
9,0018_1.jpg,0077_2.jpg,18,77,0,impostor,46
9,0071_1.jpg,0071_2.jpg,71,71,1,genuine,0
9,0066_1.jpg,0066_2.jpg,66,66,1,genuine,0
9,0030_1.jpg,0030_2.jpg,30,30,1,genuine,0
9,0090_1.jpg,0152_2.jpg,90,152,0,impostor,46
9,0148_1.jpg,0206_2.jpg,148,206,0,impostor,46
9,0038_1.jpg,0097_2.jpg,38,97,0,impostor,46
9,0273_1.jpg,0273_2.jpg,273,273,1,genuine,0
9,0271_1.jpg,0271_2.jpg,271,271,1,genuine,0
9,0068_1.jpg,0068_2.jpg,68,68,1,genuine,0
9,0060_1.jpg,0121_2.jpg,60,121,0,impostor,46
9,0227_1.jpg,0227_2.jpg,227,227,1,genuine,0
9,0209_1.jpg,0261_2.jpg,209,261,0,impostor,46
9,0060_1.jpg,0060_2.jpg,60,60,1,genuine,0
9,0083_1.jpg,0083_2.jpg,83,83,1,genuine,0
9,0044_1.jpg,0104_2.jpg,44,104,0,impostor,46
9,0163_1.jpg,0163_2.jpg,163,163,1,genuine,0
9,0077_1.jpg,0139_2.jpg,77,139,0,impostor,46
9,0043_1.jpg,0043_2.jpg,43,43,1,genuine,0
9,0012_1.jpg,0075_2.jpg,12,75,0,impostor,46
9,0057_1.jpg,0118_2.jpg,57,118,0,impostor,46
9,0124_1.jpg,0124_2.jpg,124,124,1,genuine,0
9,0107_1.jpg,0107_2.jpg,107,107,1,genuine,0
9,0006_1.jpg,0068_2.jpg,6,68,0,impostor,46
9,0144_1.jpg,0144_2.jpg,144,144,1,genuine,0
9,0277_1.jpg,0277_2.jpg,277,277,1,genuine,0
9,0140_1.jpg,0200_2.jpg,140,200,0,impostor,46
9,0234_1.jpg,0234_2.jpg,234,234,1,genuine,0
9,0100_1.jpg,0161_2.jpg,100,161,0,impostor,46
9,0062_1.jpg,0123_2.jpg,62,123,0,impostor,46
9,0178_1.jpg,0235_2.jpg,178,235,0,impostor,46
9,0047_1.jpg,0106_2.jpg,47,106,0,impostor,46
9,0181_1.jpg,0181_2.jpg,181,181,1,genuine,0
9,0188_1.jpg,0242_2.jpg,188,242,0,impostor,46
9,0232_1.jpg,0001_2.jpg,232,1,0,impostor,46
9,0216_1.jpg,0216_2.jpg,216,216,1,genuine,0
9,0255_1.jpg,0255_2.jpg,255,255,1,genuine,0
9,0257_1.jpg,0031_2.jpg,257,31,0,impostor,46
9,0078_1.jpg,0140_2.jpg,78,140,0,impostor,46
9,0203_1.jpg,0203_2.jpg,203,203,1,genuine,0
9,0226_1.jpg,0277_2.jpg,226,277,0,impostor,46
9,0007_1.jpg,0007_2.jpg,7,7,1,genuine,0
9,0085_1.jpg,0146_2.jpg,85,146,0,impostor,46
9,0049_1.jpg,0107_2.jpg,49,107,0,impostor,46
9,0263_1.jpg,0263_2.jpg,263,263,1,genuine,0
9,0270_1.jpg,0047_2.jpg,270,47,0,impostor,46
9,0171_1.jpg,0229_2.jpg,171,229,0,impostor,46
9,0003_1.jpg,0003_2.jpg,3,3,1,genuine,0
9,0268_1.jpg,0044_2.jpg,268,44,0,impostor,46
9,0239_1.jpg,0239_2.jpg,239,239,1,genuine,0
9,0161_1.jpg,0219_2.jpg,161,219,0,impostor,46
9,0226_1.jpg,0226_2.jpg,226,226,1,genuine,0
9,0183_1.jpg,0183_2.jpg,183,183,1,genuine,0
9,0109_1.jpg,0109_2.jpg,109,109,1,genuine,0
9,0241_1.jpg,0009_2.jpg,241,9,0,impostor,46
9,0155_1.jpg,0155_2.jpg,155,155,1,genuine,0
9,0063_1.jpg,0063_2.jpg,63,63,1,genuine,0
9,0057_1.jpg,0057_2.jpg,57,57,1,genuine,0
9,0193_1.jpg,0193_2.jpg,193,193,1,genuine,0
9,0276_1.jpg,0276_2.jpg,276,276,1,genuine,0
9,0218_1.jpg,0218_2.jpg,218,218,1,genuine,0
9,0221_1.jpg,0271_2.jpg,221,271,0,impostor,46
9,0018_1.jpg,0018_2.jpg,18,18,1,genuine,0
9,0172_1.jpg,0172_2.jpg,172,172,1,genuine,0
9,0164_1.jpg,0222_2.jpg,164,222,0,impostor,46
9,0089_1.jpg,0089_2.jpg,89,89,1,genuine,0
9,0199_1.jpg,0250_2.jpg,199,250,0,impostor,46
9,0185_1.jpg,0241_2.jpg,185,241,0,impostor,46
9,0167_1.jpg,0167_2.jpg,167,167,1,genuine,0
9,0144_1.jpg,0202_2.jpg,144,202,0,impostor,46
9,0142_1.jpg,0201_2.jpg,142,201,0,impostor,46
9,0223_1.jpg,0223_2.jpg,223,223,1,genuine,0
9,0009_1.jpg,0071_2.jpg,9,71,0,impostor,46
9,0097_1.jpg,0097_2.jpg,97,97,1,genuine,0
9,0172_1.jpg,0231_2.jpg,172,231,0,impostor,46
9,0206_1.jpg,0206_2.jpg,206,206,1,genuine,0
9,0147_1.jpg,0147_2.jpg,147,147,1,genuine,0
9,0135_1.jpg,0135_2.jpg,135,135,1,genuine,0
9,0110_1.jpg,0110_2.jpg,110,110,1,genuine,0
9,0065_1.jpg,0065_2.jpg,65,65,1,genuine,0
9,0026_1.jpg,0086_2.jpg,26,86,0,impostor,46
9,0276_1.jpg,0056_2.jpg,276,56,0,impostor,46
9,0109_1.jpg,0168_2.jpg,109,168,0,impostor,46
9,0158_1.jpg,0158_2.jpg,158,158,1,genuine,0
9,0020_1.jpg,0079_2.jpg,20,79,0,impostor,46
9,0225_1.jpg,0225_2.jpg,225,225,1,genuine,0
9,0164_1.jpg,0164_2.jpg,164,164,1,genuine,0
9,0107_1.jpg,0167_2.jpg,107,167,0,impostor,46
9,0075_1.jpg,0135_2.jpg,75,135,0,impostor,46
9,0068_1.jpg,0129_2.jpg,68,129,0,impostor,46
9,0274_1.jpg,0055_2.jpg,274,55,0,impostor,46
9,0025_1.jpg,0085_2.jpg,25,85,0,impostor,46
9,0128_1.jpg,0128_2.jpg,128,128,1,genuine,0
9,0124_1.jpg,0180_2.jpg,124,180,0,impostor,46
9,0212_1.jpg,0264_2.jpg,212,264,0,impostor,46
9,0140_1.jpg,0140_2.jpg,140,140,1,genuine,0
9,0167_1.jpg,0225_2.jpg,167,225,0,impostor,46
9,0156_1.jpg,0212_2.jpg,156,212,0,impostor,46
9,0204_1.jpg,0204_2.jpg,204,204,1,genuine,0
9,0070_1.jpg,0131_2.jpg,70,131,0,impostor,46
9,0005_1.jpg,0005_2.jpg,5,5,1,genuine,0
9,0067_1.jpg,0067_2.jpg,67,67,1,genuine,0
9,0168_1.jpg,0168_2.jpg,168,168,1,genuine,0
9,0070_1.jpg,0070_2.jpg,70,70,1,genuine,0
9,0021_1.jpg,0081_2.jpg,21,81,0,impostor,46
9,0092_1.jpg,0092_2.jpg,92,92,1,genuine,0
9,0118_1.jpg,0118_2.jpg,118,118,1,genuine,0
9,0260_1.jpg,0033_2.jpg,260,33,0,impostor,46
9,0185_1.jpg,0185_2.jpg,185,185,1,genuine,0
9,0091_1.jpg,0153_2.jpg,91,153,0,impostor,46
9,0178_1.jpg,0178_2.jpg,178,178,1,genuine,0
9,0146_1.jpg,0146_2.jpg,146,146,1,genuine,0
9,0156_1.jpg,0156_2.jpg,156,156,1,genuine,0
9,0240_1.jpg,0008_2.jpg,240,8,0,impostor,46
9,0025_1.jpg,0025_2.jpg,25,25,1,genuine,0
9,0074_1.jpg,0074_2.jpg,74,74,1,genuine,0
9,0207_1.jpg,0207_2.jpg,207,207,1,genuine,0
9,0086_1.jpg,0147_2.jpg,86,147,0,impostor,46
9,0030_1.jpg,0091_2.jpg,30,91,0,impostor,46
9,0243_1.jpg,0243_2.jpg,243,243,1,genuine,0
9,0274_1.jpg,0274_2.jpg,274,274,1,genuine,0
9,0035_1.jpg,0096_2.jpg,35,96,0,impostor,46
9,0214_1.jpg,0266_2.jpg,214,266,0,impostor,46
9,0267_1.jpg,0043_2.jpg,267,43,0,impostor,46
9,0034_1.jpg,0095_2.jpg,34,95,0,impostor,46
9,0249_1.jpg,0249_2.jpg,249,249,1,genuine,0
9,0098_1.jpg,0098_2.jpg,98,98,1,genuine,0
9,0245_1.jpg,0245_2.jpg,245,245,1,genuine,0
9,0066_1.jpg,0127_2.jpg,66,127,0,impostor,46
9,0282_1.jpg,0062_2.jpg,282,62,0,impostor,46
9,0132_1.jpg,0192_2.jpg,132,192,0,impostor,46
9,0261_1.jpg,0034_2.jpg,261,34,0,impostor,46
9,0258_1.jpg,0032_2.jpg,258,32,0,impostor,46
9,0260_1.jpg,0260_2.jpg,260,260,1,genuine,0
9,0073_1.jpg,0073_2.jpg,73,73,1,genuine,0
9,0219_1.jpg,0219_2.jpg,219,219,1,genuine,0
9,0032_1.jpg,0032_2.jpg,32,32,1,genuine,0
9,0103_1.jpg,0163_2.jpg,103,163,0,impostor,46
9,0251_1.jpg,0025_2.jpg,251,25,0,impostor,46
9,0245_1.jpg,0015_2.jpg,245,15,0,impostor,46
9,0074_1.jpg,0134_2.jpg,74,134,0,impostor,46
9,0008_1.jpg,0008_2.jpg,8,8,1,genuine,0
9,0219_1.jpg,0269_2.jpg,219,269,0,impostor,46
9,0193_1.jpg,0246_2.jpg,193,246,0,impostor,46
9,0254_1.jpg,0028_2.jpg,254,28,0,impostor,46
9,0266_1.jpg,0042_2.jpg,266,42,0,impostor,46
9,0239_1.jpg,0007_2.jpg,239,7,0,impostor,46
9,0212_1.jpg,0212_2.jpg,212,212,1,genuine,0
9,0213_1.jpg,0213_2.jpg,213,213,1,genuine,0
9,0153_1.jpg,0209_2.jpg,153,209,0,impostor,46
9,0038_1.jpg,0038_2.jpg,38,38,1,genuine,0
9,0163_1.jpg,0221_2.jpg,163,221,0,impostor,46
9,0079_1.jpg,0079_2.jpg,79,79,1,genuine,0
9,0051_1.jpg,0051_2.jpg,51,51,1,genuine,0
9,0183_1.jpg,0240_2.jpg,183,240,0,impostor,46
9,0161_1.jpg,0161_2.jpg,161,161,1,genuine,0
9,0249_1.jpg,0021_2.jpg,249,21,0,impostor,46
9,0176_1.jpg,0234_2.jpg,176,234,0,impostor,46
9,0265_1.jpg,0040_2.jpg,265,40,0,impostor,46
9,0278_1.jpg,0278_2.jpg,278,278,1,genuine,0
9,0231_1.jpg,0282_2.jpg,231,282,0,impostor,46
9,0022_1.jpg,0022_2.jpg,22,22,1,genuine,0
9,0251_1.jpg,0251_2.jpg,251,251,1,genuine,0
9,0281_1.jpg,0281_2.jpg,281,281,1,genuine,0
9,0076_1.jpg,0076_2.jpg,76,76,1,genuine,0
10,0211_1.jpg,0211_2.jpg,211,211,1,genuine,0
10,0027_1.jpg,0027_2.jpg,27,27,1,genuine,0
10,0232_1.jpg,0191_2.jpg,232,191,0,impostor,190
10,0147_1.jpg,0147_2.jpg,147,147,1,genuine,0
10,0164_1.jpg,0121_2.jpg,164,121,0,impostor,190
10,0237_1.jpg,0237_2.jpg,237,237,1,genuine,0
10,0019_1.jpg,0257_2.jpg,19,257,0,impostor,190
10,0246_1.jpg,0246_2.jpg,246,246,1,genuine,0
10,0227_1.jpg,0183_2.jpg,227,183,0,impostor,190
10,0035_1.jpg,0035_2.jpg,35,35,1,genuine,0
10,0067_1.jpg,0019_2.jpg,67,19,0,impostor,190
10,0020_1.jpg,0258_2.jpg,20,258,0,impostor,190
10,0167_1.jpg,0124_2.jpg,167,124,0,impostor,190
10,0179_1.jpg,0179_2.jpg,179,179,1,genuine,0
10,0028_1.jpg,0028_2.jpg,28,28,1,genuine,0
10,0266_1.jpg,0266_2.jpg,266,266,1,genuine,0
10,0028_1.jpg,0265_2.jpg,28,265,0,impostor,190
10,0156_1.jpg,0106_2.jpg,156,106,0,impostor,190
10,0138_1.jpg,0138_2.jpg,138,138,1,genuine,0
10,0203_1.jpg,0157_2.jpg,203,157,0,impostor,190
10,0229_1.jpg,0229_2.jpg,229,229,1,genuine,0
10,0223_1.jpg,0223_2.jpg,223,223,1,genuine,0
10,0159_1.jpg,0159_2.jpg,159,159,1,genuine,0
10,0006_1.jpg,0006_2.jpg,6,6,1,genuine,0
10,0225_1.jpg,0180_2.jpg,225,180,0,impostor,190
10,0164_1.jpg,0164_2.jpg,164,164,1,genuine,0
10,0210_1.jpg,0210_2.jpg,210,210,1,genuine,0
10,0281_1.jpg,0281_2.jpg,281,281,1,genuine,0
10,0243_1.jpg,0202_2.jpg,243,202,0,impostor,190
10,0116_1.jpg,0068_2.jpg,116,68,0,impostor,190
10,0086_1.jpg,0038_2.jpg,86,38,0,impostor,190
10,0197_1.jpg,0150_2.jpg,197,150,0,impostor,190
10,0231_1.jpg,0231_2.jpg,231,231,1,genuine,0
10,0070_1.jpg,0070_2.jpg,70,70,1,genuine,0
10,0252_1.jpg,0252_2.jpg,252,252,1,genuine,0
10,0033_1.jpg,0270_2.jpg,33,270,0,impostor,190
10,0152_1.jpg,0152_2.jpg,152,152,1,genuine,0
10,0238_1.jpg,0197_2.jpg,238,197,0,impostor,190
10,0076_1.jpg,0076_2.jpg,76,76,1,genuine,0
10,0229_1.jpg,0188_2.jpg,229,188,0,impostor,190
10,0007_1.jpg,0249_2.jpg,7,249,0,impostor,190
10,0207_1.jpg,0161_2.jpg,207,161,0,impostor,190
10,0209_1.jpg,0209_2.jpg,209,209,1,genuine,0
10,0260_1.jpg,0220_2.jpg,260,220,0,impostor,190
10,0171_1.jpg,0129_2.jpg,171,129,0,impostor,190
10,0172_1.jpg,0130_2.jpg,172,130,0,impostor,190
10,0277_1.jpg,0239_2.jpg,277,239,0,impostor,190
10,0232_1.jpg,0232_2.jpg,232,232,1,genuine,0
10,0199_1.jpg,0199_2.jpg,199,199,1,genuine,0
10,0146_1.jpg,0146_2.jpg,146,146,1,genuine,0
10,0208_1.jpg,0208_2.jpg,208,208,1,genuine,0
10,0101_1.jpg,0101_2.jpg,101,101,1,genuine,0
10,0146_1.jpg,0096_2.jpg,146,96,0,impostor,190
10,0042_1.jpg,0277_2.jpg,42,277,0,impostor,190
10,0038_1.jpg,0273_2.jpg,38,273,0,impostor,190
10,0256_1.jpg,0256_2.jpg,256,256,1,genuine,0
10,0179_1.jpg,0134_2.jpg,179,134,0,impostor,190
10,0057_1.jpg,0057_2.jpg,57,57,1,genuine,0
10,0153_1.jpg,0153_2.jpg,153,153,1,genuine,0
10,0015_1.jpg,0015_2.jpg,15,15,1,genuine,0
10,0241_1.jpg,0200_2.jpg,241,200,0,impostor,190
10,0214_1.jpg,0214_2.jpg,214,214,1,genuine,0
10,0018_1.jpg,0256_2.jpg,18,256,0,impostor,190
10,0276_1.jpg,0238_2.jpg,276,238,0,impostor,190
10,0063_1.jpg,0063_2.jpg,63,63,1,genuine,0
10,0002_1.jpg,0002_2.jpg,2,2,1,genuine,0
10,0060_1.jpg,0060_2.jpg,60,60,1,genuine,0
10,0027_1.jpg,0264_2.jpg,27,264,0,impostor,190
10,0181_1.jpg,0138_2.jpg,181,138,0,impostor,190
10,0188_1.jpg,0142_2.jpg,188,142,0,impostor,190
10,0142_1.jpg,0093_2.jpg,142,93,0,impostor,190
10,0066_1.jpg,0018_2.jpg,66,18,0,impostor,190
10,0008_1.jpg,0008_2.jpg,8,8,1,genuine,0
10,0216_1.jpg,0169_2.jpg,216,169,0,impostor,190
10,0226_1.jpg,0226_2.jpg,226,226,1,genuine,0
10,0138_1.jpg,0090_2.jpg,138,90,0,impostor,190
10,0077_1.jpg,0077_2.jpg,77,77,1,genuine,0
10,0166_1.jpg,0166_2.jpg,166,166,1,genuine,0
10,0219_1.jpg,0219_2.jpg,219,219,1,genuine,0
10,0065_1.jpg,0065_2.jpg,65,65,1,genuine,0
10,0039_1.jpg,0274_2.jpg,39,274,0,impostor,190
10,0061_1.jpg,0010_2.jpg,61,10,0,impostor,190
10,0251_1.jpg,0210_2.jpg,251,210,0,impostor,190
10,0061_1.jpg,0061_2.jpg,61,61,1,genuine,0
10,0109_1.jpg,0065_2.jpg,109,65,0,impostor,190
10,0219_1.jpg,0171_2.jpg,219,171,0,impostor,190
10,0091_1.jpg,0043_2.jpg,91,43,0,impostor,190
10,0049_1.jpg,0001_2.jpg,49,1,0,impostor,190
10,0043_1.jpg,0278_2.jpg,43,278,0,impostor,190
10,0090_1.jpg,0042_2.jpg,90,42,0,impostor,190
10,0273_1.jpg,0235_2.jpg,273,235,0,impostor,190
10,0162_1.jpg,0118_2.jpg,162,118,0,impostor,190
10,0265_1.jpg,0225_2.jpg,265,225,0,impostor,190
10,0213_1.jpg,0213_2.jpg,213,213,1,genuine,0
10,0192_1.jpg,0192_2.jpg,192,192,1,genuine,0
10,0152_1.jpg,0101_2.jpg,152,101,0,impostor,190
10,0130_1.jpg,0081_2.jpg,130,81,0,impostor,190
10,0234_1.jpg,0192_2.jpg,234,192,0,impostor,190
10,0205_1.jpg,0159_2.jpg,205,159,0,impostor,190
10,0147_1.jpg,0097_2.jpg,147,97,0,impostor,190
10,0012_1.jpg,0254_2.jpg,12,254,0,impostor,190
10,0093_1.jpg,0046_2.jpg,93,46,0,impostor,190
10,0069_1.jpg,0021_2.jpg,69,21,0,impostor,190
10,0268_1.jpg,0228_2.jpg,268,228,0,impostor,190
10,0238_1.jpg,0238_2.jpg,238,238,1,genuine,0
10,0083_1.jpg,0083_2.jpg,83,83,1,genuine,0
10,0209_1.jpg,0163_2.jpg,209,163,0,impostor,190
10,0123_1.jpg,0123_2.jpg,123,123,1,genuine,0
10,0242_1.jpg,0242_2.jpg,242,242,1,genuine,0
10,0258_1.jpg,0258_2.jpg,258,258,1,genuine,0
10,0033_1.jpg,0033_2.jpg,33,33,1,genuine,0
10,0022_1.jpg,0261_2.jpg,22,261,0,impostor,190
10,0198_1.jpg,0198_2.jpg,198,198,1,genuine,0
10,0168_1.jpg,0168_2.jpg,168,168,1,genuine,0
10,0267_1.jpg,0227_2.jpg,267,227,0,impostor,190
10,0192_1.jpg,0146_2.jpg,192,146,0,impostor,190
10,0278_1.jpg,0240_2.jpg,278,240,0,impostor,190
10,0253_1.jpg,0253_2.jpg,253,253,1,genuine,0
10,0091_1.jpg,0091_2.jpg,91,91,1,genuine,0
10,0273_1.jpg,0273_2.jpg,273,273,1,genuine,0
10,0278_1.jpg,0278_2.jpg,278,278,1,genuine,0
10,0128_1.jpg,0078_2.jpg,128,78,0,impostor,190
10,0270_1.jpg,0270_2.jpg,270,270,1,genuine,0
10,0079_1.jpg,0079_2.jpg,79,79,1,genuine,0
10,0156_1.jpg,0156_2.jpg,156,156,1,genuine,0
10,0031_1.jpg,0031_2.jpg,31,31,1,genuine,0
10,0234_1.jpg,0234_2.jpg,234,234,1,genuine,0
10,0121_1.jpg,0121_2.jpg,121,121,1,genuine,0
10,0103_1.jpg,0103_2.jpg,103,103,1,genuine,0
10,0178_1.jpg,0178_2.jpg,178,178,1,genuine,0
10,0044_1.jpg,0044_2.jpg,44,44,1,genuine,0
10,0155_1.jpg,0105_2.jpg,155,105,0,impostor,190
10,0129_1.jpg,0079_2.jpg,129,79,0,impostor,190
10,0005_1.jpg,0005_2.jpg,5,5,1,genuine,0
10,0235_1.jpg,0193_2.jpg,235,193,0,impostor,190
10,0172_1.jpg,0172_2.jpg,172,172,1,genuine,0
10,0251_1.jpg,0251_2.jpg,251,251,1,genuine,0
10,0174_1.jpg,0131_2.jpg,174,131,0,impostor,190
10,0122_1.jpg,0073_2.jpg,122,73,0,impostor,190
10,0059_1.jpg,0059_2.jpg,59,59,1,genuine,0
10,0127_1.jpg,0077_2.jpg,127,77,0,impostor,190
10,0174_1.jpg,0174_2.jpg,174,174,1,genuine,0
10,0047_1.jpg,0047_2.jpg,47,47,1,genuine,0
10,0183_1.jpg,0139_2.jpg,183,139,0,impostor,190
10,0026_1.jpg,0263_2.jpg,26,263,0,impostor,190
10,0075_1.jpg,0028_2.jpg,75,28,0,impostor,190
10,0096_1.jpg,0051_2.jpg,96,51,0,impostor,190
10,0030_1.jpg,0030_2.jpg,30,30,1,genuine,0
10,0266_1.jpg,0226_2.jpg,266,226,0,impostor,190
10,0148_1.jpg,0148_2.jpg,148,148,1,genuine,0
10,0073_1.jpg,0026_2.jpg,73,26,0,impostor,190
10,0114_1.jpg,0114_2.jpg,114,114,1,genuine,0
10,0001_1.jpg,0001_2.jpg,1,1,1,genuine,0
10,0222_1.jpg,0176_2.jpg,222,176,0,impostor,190
10,0154_1.jpg,0154_2.jpg,154,154,1,genuine,0
10,0262_1.jpg,0262_2.jpg,262,262,1,genuine,0
10,0163_1.jpg,0119_2.jpg,163,119,0,impostor,190
10,0005_1.jpg,0247_2.jpg,5,247,0,impostor,190
10,0144_1.jpg,0144_2.jpg,144,144,1,genuine,0
10,0150_1.jpg,0100_2.jpg,150,100,0,impostor,190
10,0248_1.jpg,0248_2.jpg,248,248,1,genuine,0
10,0158_1.jpg,0158_2.jpg,158,158,1,genuine,0
10,0128_1.jpg,0128_2.jpg,128,128,1,genuine,0
10,0127_1.jpg,0127_2.jpg,127,127,1,genuine,0
10,0274_1.jpg,0274_2.jpg,274,274,1,genuine,0
10,0003_1.jpg,0003_2.jpg,3,3,1,genuine,0
10,0227_1.jpg,0227_2.jpg,227,227,1,genuine,0
10,0006_1.jpg,0248_2.jpg,6,248,0,impostor,190
10,0100_1.jpg,0100_2.jpg,100,100,1,genuine,0
10,0210_1.jpg,0164_2.jpg,210,164,0,impostor,190
10,0092_1.jpg,0044_2.jpg,92,44,0,impostor,190
10,0104_1.jpg,0104_2.jpg,104,104,1,genuine,0
10,0066_1.jpg,0066_2.jpg,66,66,1,genuine,0
10,0245_1.jpg,0245_2.jpg,245,245,1,genuine,0
10,0168_1.jpg,0125_2.jpg,168,125,0,impostor,190
10,0263_1.jpg,0223_2.jpg,263,223,0,impostor,190
10,0161_1.jpg,0161_2.jpg,161,161,1,genuine,0
10,0264_1.jpg,0224_2.jpg,264,224,0,impostor,190
10,0244_1.jpg,0244_2.jpg,244,244,1,genuine,0
10,0119_1.jpg,0070_2.jpg,119,70,0,impostor,190
10,0250_1.jpg,0209_2.jpg,250,209,0,impostor,190
10,0042_1.jpg,0042_2.jpg,42,42,1,genuine,0
10,0034_1.jpg,0034_2.jpg,34,34,1,genuine,0
10,0139_1.jpg,0139_2.jpg,139,139,1,genuine,0
10,0125_1.jpg,0125_2.jpg,125,125,1,genuine,0
10,0231_1.jpg,0189_2.jpg,231,189,0,impostor,190
10,0193_1.jpg,0147_2.jpg,193,147,0,impostor,190
10,0222_1.jpg,0222_2.jpg,222,222,1,genuine,0
10,0180_1.jpg,0135_2.jpg,180,135,0,impostor,190
10,0256_1.jpg,0216_2.jpg,256,216,0,impostor,190
10,0153_1.jpg,0103_2.jpg,153,103,0,impostor,190
10,0246_1.jpg,0205_2.jpg,246,205,0,impostor,190
10,0081_1.jpg,0081_2.jpg,81,81,1,genuine,0
10,0135_1.jpg,0089_2.jpg,135,89,0,impostor,190
10,0010_1.jpg,0010_2.jpg,10,10,1,genuine,0
10,0154_1.jpg,0104_2.jpg,154,104,0,impostor,190
10,0142_1.jpg,0142_2.jpg,142,142,1,genuine,0
10,0032_1.jpg,0032_2.jpg,32,32,1,genuine,0
10,0276_1.jpg,0276_2.jpg,276,276,1,genuine,0
10,0100_1.jpg,0056_2.jpg,100,56,0,impostor,190
10,0249_1.jpg,0208_2.jpg,249,208,0,impostor,190
10,0228_1.jpg,0228_2.jpg,228,228,1,genuine,0
10,0071_1.jpg,0025_2.jpg,71,25,0,impostor,190
10,0056_1.jpg,0056_2.jpg,56,56,1,genuine,0
10,0198_1.jpg,0152_2.jpg,198,152,0,impostor,190
10,0235_1.jpg,0235_2.jpg,235,235,1,genuine,0
10,0132_1.jpg,0085_2.jpg,132,85,0,impostor,190
10,0109_1.jpg,0109_2.jpg,109,109,1,genuine,0
10,0071_1.jpg,0071_2.jpg,71,71,1,genuine,0
10,0218_1.jpg,0218_2.jpg,218,218,1,genuine,0
10,0095_1.jpg,0095_2.jpg,95,95,1,genuine,0
10,0261_1.jpg,0261_2.jpg,261,261,1,genuine,0
10,0009_1.jpg,0251_2.jpg,9,251,0,impostor,190
10,0204_1.jpg,0204_2.jpg,204,204,1,genuine,0
10,0176_1.jpg,0176_2.jpg,176,176,1,genuine,0
10,0065_1.jpg,0015_2.jpg,65,15,0,impostor,190
10,0078_1.jpg,0031_2.jpg,78,31,0,impostor,190
10,0029_1.jpg,0029_2.jpg,29,29,1,genuine,0
10,0040_1.jpg,0276_2.jpg,40,276,0,impostor,190
10,0201_1.jpg,0201_2.jpg,201,201,1,genuine,0
10,0264_1.jpg,0264_2.jpg,264,264,1,genuine,0
10,0021_1.jpg,0021_2.jpg,21,21,1,genuine,0
10,0180_1.jpg,0180_2.jpg,180,180,1,genuine,0
10,0098_1.jpg,0055_2.jpg,98,55,0,impostor,190
10,0044_1.jpg,0279_2.jpg,44,279,0,impostor,190
10,0250_1.jpg,0250_2.jpg,250,250,1,genuine,0
10,0075_1.jpg,0075_2.jpg,75,75,1,genuine,0
10,0122_1.jpg,0122_2.jpg,122,122,1,genuine,0
10,0105_1.jpg,0061_2.jpg,105,61,0,impostor,190
10,0160_1.jpg,0114_2.jpg,160,114,0,impostor,190
10,0218_1.jpg,0170_2.jpg,218,170,0,impostor,190
10,0252_1.jpg,0211_2.jpg,252,211,0,impostor,190
10,0282_1.jpg,0243_2.jpg,282,243,0,impostor,190
10,0202_1.jpg,0156_2.jpg,202,156,0,impostor,190
10,0204_1.jpg,0158_2.jpg,204,158,0,impostor,190
10,0131_1.jpg,0083_2.jpg,131,83,0,impostor,190
10,0200_1.jpg,0154_2.jpg,200,154,0,impostor,190
10,0170_1.jpg,0170_2.jpg,170,170,1,genuine,0
10,0043_1.jpg,0043_2.jpg,43,43,1,genuine,0
10,0123_1.jpg,0074_2.jpg,123,74,0,impostor,190
10,0094_1.jpg,0094_2.jpg,94,94,1,genuine,0
10,0131_1.jpg,0131_2.jpg,131,131,1,genuine,0
10,0001_1.jpg,0244_2.jpg,1,244,0,impostor,190
10,0046_1.jpg,0281_2.jpg,46,281,0,impostor,190
10,0269_1.jpg,0269_2.jpg,269,269,1,genuine,0
10,0140_1.jpg,0092_2.jpg,140,92,0,impostor,190
10,0094_1.jpg,0047_2.jpg,94,47,0,impostor,190
10,0145_1.jpg,0145_2.jpg,145,145,1,genuine,0
10,0201_1.jpg,0155_2.jpg,201,155,0,impostor,190
10,0015_1.jpg,0255_2.jpg,15,255,0,impostor,190
10,0158_1.jpg,0109_2.jpg,158,109,0,impostor,190
10,0124_1.jpg,0075_2.jpg,124,75,0,impostor,190
10,0054_1.jpg,0003_2.jpg,54,3,0,impostor,190
10,0124_1.jpg,0124_2.jpg,124,124,1,genuine,0
10,0265_1.jpg,0265_2.jpg,265,265,1,genuine,0
10,0051_1.jpg,0051_2.jpg,51,51,1,genuine,0
10,0106_1.jpg,0062_2.jpg,106,62,0,impostor,190
10,0221_1.jpg,0174_2.jpg,221,174,0,impostor,190
10,0076_1.jpg,0029_2.jpg,76,29,0,impostor,190
10,0118_1.jpg,0069_2.jpg,118,69,0,impostor,190
10,0155_1.jpg,0155_2.jpg,155,155,1,genuine,0
10,0118_1.jpg,0118_2.jpg,118,118,1,genuine,0
10,0271_1.jpg,0271_2.jpg,271,271,1,genuine,0
10,0157_1.jpg,0107_2.jpg,157,107,0,impostor,190
10,0097_1.jpg,0097_2.jpg,97,97,1,genuine,0
10,0254_1.jpg,0213_2.jpg,254,213,0,impostor,190
10,0101_1.jpg,0057_2.jpg,101,57,0,impostor,190
10,0185_1.jpg,0140_2.jpg,185,140,0,impostor,190
10,0262_1.jpg,0222_2.jpg,262,222,0,impostor,190
10,0216_1.jpg,0216_2.jpg,216,216,1,genuine,0
10,0206_1.jpg,0206_2.jpg,206,206,1,genuine,0
10,0189_1.jpg,0189_2.jpg,189,189,1,genuine,0
10,0087_1.jpg,0039_2.jpg,87,39,0,impostor,190
10,0025_1.jpg,0262_2.jpg,25,262,0,impostor,190
10,0133_1.jpg,0133_2.jpg,133,133,1,genuine,0
10,0260_1.jpg,0260_2.jpg,260,260,1,genuine,0
10,0090_1.jpg,0090_2.jpg,90,90,1,genuine,0
10,0107_1.jpg,0063_2.jpg,107,63,0,impostor,190
10,0189_1.jpg,0144_2.jpg,189,144,0,impostor,190
10,0279_1.jpg,0241_2.jpg,279,241,0,impostor,190
10,0247_1.jpg,0206_2.jpg,247,206,0,impostor,190
10,0239_1.jpg,0239_2.jpg,239,239,1,genuine,0
10,0169_1.jpg,0127_2.jpg,169,127,0,impostor,190
10,0035_1.jpg,0272_2.jpg,35,272,0,impostor,190
10,0007_1.jpg,0007_2.jpg,7,7,1,genuine,0
10,0245_1.jpg,0204_2.jpg,245,204,0,impostor,190
10,0092_1.jpg,0092_2.jpg,92,92,1,genuine,0
10,0169_1.jpg,0169_2.jpg,169,169,1,genuine,0
10,0114_1.jpg,0067_2.jpg,114,67,0,impostor,190
10,0228_1.jpg,0185_2.jpg,228,185,0,impostor,190
10,0093_1.jpg,0093_2.jpg,93,93,1,genuine,0
10,0148_1.jpg,0098_2.jpg,148,98,0,impostor,190
10,0083_1.jpg,0034_2.jpg,83,34,0,impostor,190
10,0012_1.jpg,0012_2.jpg,12,12,1,genuine,0
10,0105_1.jpg,0105_2.jpg,105,105,1,genuine,0
10,0248_1.jpg,0207_2.jpg,248,207,0,impostor,190
10,0060_1.jpg,0009_2.jpg,60,9,0,impostor,190
10,0272_1.jpg,0234_2.jpg,272,234,0,impostor,190
10,0178_1.jpg,0133_2.jpg,178,133,0,impostor,190
10,0133_1.jpg,0086_2.jpg,133,86,0,impostor,190
10,0119_1.jpg,0119_2.jpg,119,119,1,genuine,0
10,0220_1.jpg,0220_2.jpg,220,220,1,genuine,0
10,0038_1.jpg,0038_2.jpg,38,38,1,genuine,0
10,0160_1.jpg,0160_2.jpg,160,160,1,genuine,0
10,0188_1.jpg,0188_2.jpg,188,188,1,genuine,0
10,0206_1.jpg,0160_2.jpg,206,160,0,impostor,190
10,0096_1.jpg,0096_2.jpg,96,96,1,genuine,0
10,0018_1.jpg,0018_2.jpg,18,18,1,genuine,0
10,0062_1.jpg,0062_2.jpg,62,62,1,genuine,0
10,0098_1.jpg,0098_2.jpg,98,98,1,genuine,0
10,0191_1.jpg,0145_2.jpg,191,145,0,impostor,190
10,0225_1.jpg,0225_2.jpg,225,225,1,genuine,0
10,0240_1.jpg,0240_2.jpg,240,240,1,genuine,0
10,0097_1.jpg,0054_2.jpg,97,54,0,impostor,190
10,0202_1.jpg,0202_2.jpg,202,202,1,genuine,0
10,0026_1.jpg,0026_2.jpg,26,26,1,genuine,0
10,0161_1.jpg,0116_2.jpg,161,116,0,impostor,190
10,0269_1.jpg,0229_2.jpg,269,229,0,impostor,190
10,0089_1.jpg,0040_2.jpg,89,40,0,impostor,190
10,0106_1.jpg,0106_2.jpg,106,106,1,genuine,0
10,0165_1.jpg,0122_2.jpg,165,122,0,impostor,190
10,0069_1.jpg,0069_2.jpg,69,69,1,genuine,0
10,0196_1.jpg,0196_2.jpg,196,196,1,genuine,0
10,0247_1.jpg,0247_2.jpg,247,247,1,genuine,0
10,0103_1.jpg,0059_2.jpg,103,59,0,impostor,190
10,0051_1.jpg,0002_2.jpg,51,2,0,impostor,190
10,0062_1.jpg,0011_2.jpg,62,11,0,impostor,190
10,0171_1.jpg,0171_2.jpg,171,171,1,genuine,0
10,0270_1.jpg,0231_2.jpg,270,231,0,impostor,190
10,0089_1.jpg,0089_2.jpg,89,89,1,genuine,0
10,0034_1.jpg,0271_2.jpg,34,271,0,impostor,190
10,0081_1.jpg,0033_2.jpg,81,33,0,impostor,190
10,0193_1.jpg,0193_2.jpg,193,193,1,genuine,0
10,0191_1.jpg,0191_2.jpg,191,191,1,genuine,0
10,0068_1.jpg,0068_2.jpg,68,68,1,genuine,0
10,0029_1.jpg,0266_2.jpg,29,266,0,impostor,190
10,0150_1.jpg,0150_2.jpg,150,150,1,genuine,0
10,0263_1.jpg,0263_2.jpg,263,263,1,genuine,0
10,0008_1.jpg,0250_2.jpg,8,250,0,impostor,190
10,0135_1.jpg,0135_2.jpg,135,135,1,genuine,0
10,0208_1.jpg,0162_2.jpg,208,162,0,impostor,190
10,0039_1.jpg,0039_2.jpg,39,39,1,genuine,0
10,0212_1.jpg,0166_2.jpg,212,166,0,impostor,190
10,0271_1.jpg,0232_2.jpg,271,232,0,impostor,190
10,0254_1.jpg,0254_2.jpg,254,254,1,genuine,0
10,0282_1.jpg,0282_2.jpg,282,282,1,genuine,0
10,0132_1.jpg,0132_2.jpg,132,132,1,genuine,0
10,0274_1.jpg,0237_2.jpg,274,237,0,impostor,190
10,0140_1.jpg,0140_2.jpg,140,140,1,genuine,0
10,0129_1.jpg,0129_2.jpg,129,129,1,genuine,0
10,0145_1.jpg,0095_2.jpg,145,95,0,impostor,190
10,0281_1.jpg,0242_2.jpg,281,242,0,impostor,190
10,0049_1.jpg,0049_2.jpg,49,49,1,genuine,0
10,0130_1.jpg,0130_2.jpg,130,130,1,genuine,0
10,0207_1.jpg,0207_2.jpg,207,207,1,genuine,0
10,0020_1.jpg,0020_2.jpg,20,20,1,genuine,0
10,0242_1.jpg,0201_2.jpg,242,201,0,impostor,190
10,0223_1.jpg,0178_2.jpg,223,178,0,impostor,190
10,0277_1.jpg,0277_2.jpg,277,277,1,genuine,0
10,0009_1.jpg,0009_2.jpg,9,9,1,genuine,0
10,0110_1.jpg,0110_2.jpg,110,110,1,genuine,0
10,0257_1.jpg,0218_2.jpg,257,218,0,impostor,190
10,0031_1.jpg,0268_2.jpg,31,268,0,impostor,190
10,0211_1.jpg,0165_2.jpg,211,165,0,impostor,190
10,0078_1.jpg,0078_2.jpg,78,78,1,genuine,0
10,0226_1.jpg,0181_2.jpg,226,181,0,impostor,190
10,0121_1.jpg,0071_2.jpg,121,71,0,impostor,190
10,0104_1.jpg,0060_2.jpg,104,60,0,impostor,190
10,0144_1.jpg,0094_2.jpg,144,94,0,impostor,190
10,0170_1.jpg,0128_2.jpg,170,128,0,impostor,190
10,0255_1.jpg,0255_2.jpg,255,255,1,genuine,0
10,0162_1.jpg,0162_2.jpg,162,162,1,genuine,0
10,0261_1.jpg,0221_2.jpg,261,221,0,impostor,190
10,0079_1.jpg,0032_2.jpg,79,32,0,impostor,190
10,0165_1.jpg,0165_2.jpg,165,165,1,genuine,0
10,0011_1.jpg,0253_2.jpg,11,253,0,impostor,190
10,0074_1.jpg,0074_2.jpg,74,74,1,genuine,0
10,0249_1.jpg,0249_2.jpg,249,249,1,genuine,0
10,0077_1.jpg,0030_2.jpg,77,30,0,impostor,190
10,0183_1.jpg,0183_2.jpg,183,183,1,genuine,0
10,0253_1.jpg,0212_2.jpg,253,212,0,impostor,190
10,0063_1.jpg,0012_2.jpg,63,12,0,impostor,190
10,0011_1.jpg,0011_2.jpg,11,11,1,genuine,0
10,0221_1.jpg,0221_2.jpg,221,221,1,genuine,0
10,0257_1.jpg,0257_2.jpg,257,257,1,genuine,0
10,0197_1.jpg,0197_2.jpg,197,197,1,genuine,0
10,0059_1.jpg,0008_2.jpg,59,8,0,impostor,190
10,0030_1.jpg,0267_2.jpg,30,267,0,impostor,190
10,0241_1.jpg,0241_2.jpg,241,241,1,genuine,0
10,0196_1.jpg,0148_2.jpg,196,148,0,impostor,190
10,0185_1.jpg,0185_2.jpg,185,185,1,genuine,0
10,0056_1.jpg,0006_2.jpg,56,6,0,impostor,190
10,0239_1.jpg,0198_2.jpg,239,198,0,impostor,190
10,0272_1.jpg,0272_2.jpg,272,272,1,genuine,0
10,0074_1.jpg,0027_2.jpg,74,27,0,impostor,190
10,0157_1.jpg,0157_2.jpg,157,157,1,genuine,0
10,0139_1.jpg,0091_2.jpg,139,91,0,impostor,190
10,0176_1.jpg,0132_2.jpg,176,132,0,impostor,190
10,0025_1.jpg,0025_2.jpg,25,25,1,genuine,0
10,0055_1.jpg,0005_2.jpg,55,5,0,impostor,190
10,0067_1.jpg,0067_2.jpg,67,67,1,genuine,0
10,0199_1.jpg,0153_2.jpg,199,153,0,impostor,190
10,0040_1.jpg,0040_2.jpg,40,40,1,genuine,0
10,0054_1.jpg,0054_2.jpg,54,54,1,genuine,0
10,0163_1.jpg,0163_2.jpg,163,163,1,genuine,0
10,0159_1.jpg,0110_2.jpg,159,110,0,impostor,190
10,0167_1.jpg,0167_2.jpg,167,167,1,genuine,0
10,0203_1.jpg,0203_2.jpg,203,203,1,genuine,0
10,0268_1.jpg,0268_2.jpg,268,268,1,genuine,0
10,0279_1.jpg,0279_2.jpg,279,279,1,genuine,0
10,0224_1.jpg,0179_2.jpg,224,179,0,impostor,190
10,0237_1.jpg,0196_2.jpg,237,196,0,impostor,190
10,0213_1.jpg,0167_2.jpg,213,167,0,impostor,190
10,0107_1.jpg,0107_2.jpg,107,107,1,genuine,0
10,0134_1.jpg,0134_2.jpg,134,134,1,genuine,0
10,0087_1.jpg,0087_2.jpg,87,87,1,genuine,0
10,0125_1.jpg,0076_2.jpg,125,76,0,impostor,190
10,0086_1.jpg,0086_2.jpg,86,86,1,genuine,0
10,0267_1.jpg,0267_2.jpg,267,267,1,genuine,0
10,0046_1.jpg,0046_2.jpg,46,46,1,genuine,0
10,0068_1.jpg,0020_2.jpg,68,20,0,impostor,190
10,0085_1.jpg,0085_2.jpg,85,85,1,genuine,0
10,0214_1.jpg,0168_2.jpg,214,168,0,impostor,190
10,0255_1.jpg,0214_2.jpg,255,214,0,impostor,190
10,0134_1.jpg,0087_2.jpg,134,87,0,impostor,190
10,0070_1.jpg,0022_2.jpg,70,22,0,impostor,190
10,0003_1.jpg,0246_2.jpg,3,246,0,impostor,190
10,0055_1.jpg,0055_2.jpg,55,55,1,genuine,0
10,0110_1.jpg,0066_2.jpg,110,66,0,impostor,190
10,0224_1.jpg,0224_2.jpg,224,224,1,genuine,0
10,0243_1.jpg,0243_2.jpg,243,243,1,genuine,0
10,0095_1.jpg,0049_2.jpg,95,49,0,impostor,190
10,0258_1.jpg,0219_2.jpg,258,219,0,impostor,190
10,0073_1.jpg,0073_2.jpg,73,73,1,genuine,0
10,0181_1.jpg,0181_2.jpg,181,181,1,genuine,0
10,0022_1.jpg,0022_2.jpg,22,22,1,genuine,0
10,0021_1.jpg,0260_2.jpg,21,260,0,impostor,190
10,0047_1.jpg,0282_2.jpg,47,282,0,impostor,190
10,0085_1.jpg,0035_2.jpg,85,35,0,impostor,190
10,0002_1.jpg,0245_2.jpg,2,245,0,impostor,190
10,0166_1.jpg,0123_2.jpg,166,123,0,impostor,190
10,0212_1.jpg,0212_2.jpg,212,212,1,genuine,0
10,0032_1.jpg,0269_2.jpg,32,269,0,impostor,190
10,0220_1.jpg,0172_2.jpg,220,172,0,impostor,190
10,0010_1.jpg,0252_2.jpg,10,252,0,impostor,190
10,0244_1.jpg,0203_2.jpg,244,203,0,impostor,190
10,0240_1.jpg,0199_2.jpg,240,199,0,impostor,190
10,0116_1.jpg,0116_2.jpg,116,116,1,genuine,0
10,0200_1.jpg,0200_2.jpg,200,200,1,genuine,0
10,0019_1.jpg,0019_2.jpg,19,19,1,genuine,0
10,0057_1.jpg,0007_2.jpg,57,7,0,impostor,190
10,0205_1.jpg,0205_2.jpg,205,205,1,genuine,0
