filename_a,filename_b,writer_a,writer_b,page_a,page_b,condition,pair_label,embedding_index_a,embedding_index_b
0006_1.jpg,0006_3.jpg,6,6,1,3,cross_variable_variable,1,16,18
0006_1.jpg,0012_3.jpg,6,12,1,3,cross_variable_variable,0,16,42
0006_1.jpg,0015_3.jpg,6,15,1,3,cross_variable_variable,0,16,46
0006_1.jpg,0018_3.jpg,6,18,1,3,cross_variable_variable,0,16,50
0006_1.jpg,0035_3.jpg,6,35,1,3,cross_variable_variable,0,16,110
0006_1.jpg,0042_3.jpg,6,42,1,3,cross_variable_variable,0,16,126
0006_1.jpg,0043_3.jpg,6,43,1,3,cross_variable_variable,0,16,130
0006_1.jpg,0060_3.jpg,6,60,1,3,cross_variable_variable,0,16,174
0006_1.jpg,0066_3.jpg,6,66,1,3,cross_variable_variable,0,16,194
0006_1.jpg,0067_3.jpg,6,67,1,3,cross_variable_variable,0,16,198
0006_1.jpg,0079_3.jpg,6,79,1,3,cross_variable_variable,0,16,242
0006_1.jpg,0086_3.jpg,6,86,1,3,cross_variable_variable,0,16,258
0006_1.jpg,0087_3.jpg,6,87,1,3,cross_variable_variable,0,16,262
0006_1.jpg,0089_3.jpg,6,89,1,3,cross_variable_variable,0,16,266
0006_1.jpg,0091_3.jpg,6,91,1,3,cross_variable_variable,0,16,274
0006_1.jpg,0093_3.jpg,6,93,1,3,cross_variable_variable,0,16,282
0006_1.jpg,0106_3.jpg,6,106,1,3,cross_variable_variable,0,16,326
0006_1.jpg,0109_3.jpg,6,109,1,3,cross_variable_variable,0,16,334
0006_1.jpg,0114_3.jpg,6,114,1,3,cross_variable_variable,0,16,342
0006_1.jpg,0130_3.jpg,6,130,1,3,cross_variable_variable,0,16,390
0006_1.jpg,0132_3.jpg,6,132,1,3,cross_variable_variable,0,16,398
0006_1.jpg,0148_3.jpg,6,148,1,3,cross_variable_variable,0,16,446
0006_1.jpg,0154_3.jpg,6,154,1,3,cross_variable_variable,0,16,462
0006_1.jpg,0161_3.jpg,6,161,1,3,cross_variable_variable,0,16,490
0006_1.jpg,0200_3.jpg,6,200,1,3,cross_variable_variable,0,16,606
0006_1.jpg,0204_3.jpg,6,204,1,3,cross_variable_variable,0,16,622
0006_1.jpg,0216_3.jpg,6,216,1,3,cross_variable_variable,0,16,666
0006_1.jpg,0219_3.jpg,6,219,1,3,cross_variable_variable,0,16,674
0006_1.jpg,0224_3.jpg,6,224,1,3,cross_variable_variable,0,16,694
0006_1.jpg,0237_3.jpg,6,237,1,3,cross_variable_variable,0,16,734
0006_1.jpg,0239_3.jpg,6,239,1,3,cross_variable_variable,0,16,742
0006_1.jpg,0248_3.jpg,6,248,1,3,cross_variable_variable,0,16,778
0006_1.jpg,0266_3.jpg,6,266,1,3,cross_variable_variable,0,16,846
0006_1.jpg,0271_3.jpg,6,271,1,3,cross_variable_variable,0,16,866
0006_1.jpg,0279_3.jpg,6,279,1,3,cross_variable_variable,0,16,894
0006_1.jpg,0282_3.jpg,6,282,1,3,cross_variable_variable,0,16,902
0012_1.jpg,0006_3.jpg,12,6,1,3,cross_variable_variable,0,40,18
0012_1.jpg,0012_3.jpg,12,12,1,3,cross_variable_variable,1,40,42
0012_1.jpg,0015_3.jpg,12,15,1,3,cross_variable_variable,0,40,46
0012_1.jpg,0018_3.jpg,12,18,1,3,cross_variable_variable,0,40,50
0012_1.jpg,0035_3.jpg,12,35,1,3,cross_variable_variable,0,40,110
0012_1.jpg,0042_3.jpg,12,42,1,3,cross_variable_variable,0,40,126
0012_1.jpg,0043_3.jpg,12,43,1,3,cross_variable_variable,0,40,130
0012_1.jpg,0060_3.jpg,12,60,1,3,cross_variable_variable,0,40,174
0012_1.jpg,0066_3.jpg,12,66,1,3,cross_variable_variable,0,40,194
0012_1.jpg,0067_3.jpg,12,67,1,3,cross_variable_variable,0,40,198
0012_1.jpg,0079_3.jpg,12,79,1,3,cross_variable_variable,0,40,242
0012_1.jpg,0086_3.jpg,12,86,1,3,cross_variable_variable,0,40,258
0012_1.jpg,0087_3.jpg,12,87,1,3,cross_variable_variable,0,40,262
0012_1.jpg,0089_3.jpg,12,89,1,3,cross_variable_variable,0,40,266
0012_1.jpg,0091_3.jpg,12,91,1,3,cross_variable_variable,0,40,274
0012_1.jpg,0093_3.jpg,12,93,1,3,cross_variable_variable,0,40,282
0012_1.jpg,0106_3.jpg,12,106,1,3,cross_variable_variable,0,40,326
0012_1.jpg,0109_3.jpg,12,109,1,3,cross_variable_variable,0,40,334
0012_1.jpg,0114_3.jpg,12,114,1,3,cross_variable_variable,0,40,342
0012_1.jpg,0130_3.jpg,12,130,1,3,cross_variable_variable,0,40,390
0012_1.jpg,0132_3.jpg,12,132,1,3,cross_variable_variable,0,40,398
0012_1.jpg,0148_3.jpg,12,148,1,3,cross_variable_variable,0,40,446
0012_1.jpg,0154_3.jpg,12,154,1,3,cross_variable_variable,0,40,462
0012_1.jpg,0161_3.jpg,12,161,1,3,cross_variable_variable,0,40,490
0012_1.jpg,0200_3.jpg,12,200,1,3,cross_variable_variable,0,40,606
0012_1.jpg,0204_3.jpg,12,204,1,3,cross_variable_variable,0,40,622
0012_1.jpg,0216_3.jpg,12,216,1,3,cross_variable_variable,0,40,666
0012_1.jpg,0219_3.jpg,12,219,1,3,cross_variable_variable,0,40,674
0012_1.jpg,0224_3.jpg,12,224,1,3,cross_variable_variable,0,40,694
0012_1.jpg,0237_3.jpg,12,237,1,3,cross_variable_variable,0,40,734
0012_1.jpg,0239_3.jpg,12,239,1,3,cross_variable_variable,0,40,742
0012_1.jpg,0248_3.jpg,12,248,1,3,cross_variable_variable,0,40,778
0012_1.jpg,0266_3.jpg,12,266,1,3,cross_variable_variable,0,40,846
0012_1.jpg,0271_3.jpg,12,271,1,3,cross_variable_variable,0,40,866
0012_1.jpg,0279_3.jpg,12,279,1,3,cross_variable_variable,0,40,894
0012_1.jpg,0282_3.jpg,12,282,1,3,cross_variable_variable,0,40,902
0015_1.jpg,0006_3.jpg,15,6,1,3,cross_variable_variable,0,44,18
0015_1.jpg,0012_3.jpg,15,12,1,3,cross_variable_variable,0,44,42
0015_1.jpg,0015_3.jpg,15,15,1,3,cross_variable_variable,1,44,46
0015_1.jpg,0018_3.jpg,15,18,1,3,cross_variable_variable,0,44,50
0015_1.jpg,0035_3.jpg,15,35,1,3,cross_variable_variable,0,44,110
0015_1.jpg,0042_3.jpg,15,42,1,3,cross_variable_variable,0,44,126
0015_1.jpg,0043_3.jpg,15,43,1,3,cross_variable_variable,0,44,130
0015_1.jpg,0060_3.jpg,15,60,1,3,cross_variable_variable,0,44,174
0015_1.jpg,0066_3.jpg,15,66,1,3,cross_variable_variable,0,44,194
0015_1.jpg,0067_3.jpg,15,67,1,3,cross_variable_variable,0,44,198
0015_1.jpg,0079_3.jpg,15,79,1,3,cross_variable_variable,0,44,242
0015_1.jpg,0086_3.jpg,15,86,1,3,cross_variable_variable,0,44,258
0015_1.jpg,0087_3.jpg,15,87,1,3,cross_variable_variable,0,44,262
0015_1.jpg,0089_3.jpg,15,89,1,3,cross_variable_variable,0,44,266
0015_1.jpg,0091_3.jpg,15,91,1,3,cross_variable_variable,0,44,274
0015_1.jpg,0093_3.jpg,15,93,1,3,cross_variable_variable,0,44,282
0015_1.jpg,0106_3.jpg,15,106,1,3,cross_variable_variable,0,44,326
0015_1.jpg,0109_3.jpg,15,109,1,3,cross_variable_variable,0,44,334
0015_1.jpg,0114_3.jpg,15,114,1,3,cross_variable_variable,0,44,342
0015_1.jpg,0130_3.jpg,15,130,1,3,cross_variable_variable,0,44,390
0015_1.jpg,0132_3.jpg,15,132,1,3,cross_variable_variable,0,44,398
0015_1.jpg,0148_3.jpg,15,148,1,3,cross_variable_variable,0,44,446
0015_1.jpg,0154_3.jpg,15,154,1,3,cross_variable_variable,0,44,462
0015_1.jpg,0161_3.jpg,15,161,1,3,cross_variable_variable,0,44,490
0015_1.jpg,0200_3.jpg,15,200,1,3,cross_variable_variable,0,44,606
0015_1.jpg,0204_3.jpg,15,204,1,3,cross_variable_variable,0,44,622
0015_1.jpg,0216_3.jpg,15,216,1,3,cross_variable_variable,0,44,666
0015_1.jpg,0219_3.jpg,15,219,1,3,cross_variable_variable,0,44,674
0015_1.jpg,0224_3.jpg,15,224,1,3,cross_variable_variable,0,44,694
0015_1.jpg,0237_3.jpg,15,237,1,3,cross_variable_variable,0,44,734
0015_1.jpg,0239_3.jpg,15,239,1,3,cross_variable_variable,0,44,742
0015_1.jpg,0248_3.jpg,15,248,1,3,cross_variable_variable,0,44,778
0015_1.jpg,0266_3.jpg,15,266,1,3,cross_variable_variable,0,44,846
0015_1.jpg,0271_3.jpg,15,271,1,3,cross_variable_variable,0,44,866
0015_1.jpg,0279_3.jpg,15,279,1,3,cross_variable_variable,0,44,894
0015_1.jpg,0282_3.jpg,15,282,1,3,cross_variable_variable,0,44,902
0018_1.jpg,0006_3.jpg,18,6,1,3,cross_variable_variable,0,48,18
0018_1.jpg,0012_3.jpg,18,12,1,3,cross_variable_variable,0,48,42
0018_1.jpg,0015_3.jpg,18,15,1,3,cross_variable_variable,0,48,46
0018_1.jpg,0018_3.jpg,18,18,1,3,cross_variable_variable,1,48,50
0018_1.jpg,0035_3.jpg,18,35,1,3,cross_variable_variable,0,48,110
0018_1.jpg,0042_3.jpg,18,42,1,3,cross_variable_variable,0,48,126
0018_1.jpg,0043_3.jpg,18,43,1,3,cross_variable_variable,0,48,130
0018_1.jpg,0060_3.jpg,18,60,1,3,cross_variable_variable,0,48,174
0018_1.jpg,0066_3.jpg,18,66,1,3,cross_variable_variable,0,48,194
0018_1.jpg,0067_3.jpg,18,67,1,3,cross_variable_variable,0,48,198
0018_1.jpg,0079_3.jpg,18,79,1,3,cross_variable_variable,0,48,242
0018_1.jpg,0086_3.jpg,18,86,1,3,cross_variable_variable,0,48,258
0018_1.jpg,0087_3.jpg,18,87,1,3,cross_variable_variable,0,48,262
0018_1.jpg,0089_3.jpg,18,89,1,3,cross_variable_variable,0,48,266
0018_1.jpg,0091_3.jpg,18,91,1,3,cross_variable_variable,0,48,274
0018_1.jpg,0093_3.jpg,18,93,1,3,cross_variable_variable,0,48,282
0018_1.jpg,0106_3.jpg,18,106,1,3,cross_variable_variable,0,48,326
0018_1.jpg,0109_3.jpg,18,109,1,3,cross_variable_variable,0,48,334
0018_1.jpg,0114_3.jpg,18,114,1,3,cross_variable_variable,0,48,342
0018_1.jpg,0130_3.jpg,18,130,1,3,cross_variable_variable,0,48,390
0018_1.jpg,0132_3.jpg,18,132,1,3,cross_variable_variable,0,48,398
0018_1.jpg,0148_3.jpg,18,148,1,3,cross_variable_variable,0,48,446
0018_1.jpg,0154_3.jpg,18,154,1,3,cross_variable_variable,0,48,462
0018_1.jpg,0161_3.jpg,18,161,1,3,cross_variable_variable,0,48,490
0018_1.jpg,0200_3.jpg,18,200,1,3,cross_variable_variable,0,48,606
0018_1.jpg,0204_3.jpg,18,204,1,3,cross_variable_variable,0,48,622
0018_1.jpg,0216_3.jpg,18,216,1,3,cross_variable_variable,0,48,666
0018_1.jpg,0219_3.jpg,18,219,1,3,cross_variable_variable,0,48,674
0018_1.jpg,0224_3.jpg,18,224,1,3,cross_variable_variable,0,48,694
0018_1.jpg,0237_3.jpg,18,237,1,3,cross_variable_variable,0,48,734
0018_1.jpg,0239_3.jpg,18,239,1,3,cross_variable_variable,0,48,742
0018_1.jpg,0248_3.jpg,18,248,1,3,cross_variable_variable,0,48,778
0018_1.jpg,0266_3.jpg,18,266,1,3,cross_variable_variable,0,48,846
0018_1.jpg,0271_3.jpg,18,271,1,3,cross_variable_variable,0,48,866
0018_1.jpg,0279_3.jpg,18,279,1,3,cross_variable_variable,0,48,894
0018_1.jpg,0282_3.jpg,18,282,1,3,cross_variable_variable,0,48,902
0035_1.jpg,0006_3.jpg,35,6,1,3,cross_variable_variable,0,108,18
0035_1.jpg,0012_3.jpg,35,12,1,3,cross_variable_variable,0,108,42
0035_1.jpg,0015_3.jpg,35,15,1,3,cross_variable_variable,0,108,46
0035_1.jpg,0018_3.jpg,35,18,1,3,cross_variable_variable,0,108,50
0035_1.jpg,0035_3.jpg,35,35,1,3,cross_variable_variable,1,108,110
0035_1.jpg,0042_3.jpg,35,42,1,3,cross_variable_variable,0,108,126
0035_1.jpg,0043_3.jpg,35,43,1,3,cross_variable_variable,0,108,130
0035_1.jpg,0060_3.jpg,35,60,1,3,cross_variable_variable,0,108,174
0035_1.jpg,0066_3.jpg,35,66,1,3,cross_variable_variable,0,108,194
0035_1.jpg,0067_3.jpg,35,67,1,3,cross_variable_variable,0,108,198
0035_1.jpg,0079_3.jpg,35,79,1,3,cross_variable_variable,0,108,242
0035_1.jpg,0086_3.jpg,35,86,1,3,cross_variable_variable,0,108,258
0035_1.jpg,0087_3.jpg,35,87,1,3,cross_variable_variable,0,108,262
0035_1.jpg,0089_3.jpg,35,89,1,3,cross_variable_variable,0,108,266
0035_1.jpg,0091_3.jpg,35,91,1,3,cross_variable_variable,0,108,274
0035_1.jpg,0093_3.jpg,35,93,1,3,cross_variable_variable,0,108,282
0035_1.jpg,0106_3.jpg,35,106,1,3,cross_variable_variable,0,108,326
0035_1.jpg,0109_3.jpg,35,109,1,3,cross_variable_variable,0,108,334
0035_1.jpg,0114_3.jpg,35,114,1,3,cross_variable_variable,0,108,342
0035_1.jpg,0130_3.jpg,35,130,1,3,cross_variable_variable,0,108,390
0035_1.jpg,0132_3.jpg,35,132,1,3,cross_variable_variable,0,108,398
0035_1.jpg,0148_3.jpg,35,148,1,3,cross_variable_variable,0,108,446
0035_1.jpg,0154_3.jpg,35,154,1,3,cross_variable_variable,0,108,462
0035_1.jpg,0161_3.jpg,35,161,1,3,cross_variable_variable,0,108,490
0035_1.jpg,0200_3.jpg,35,200,1,3,cross_variable_variable,0,108,606
0035_1.jpg,0204_3.jpg,35,204,1,3,cross_variable_variable,0,108,622
0035_1.jpg,0216_3.jpg,35,216,1,3,cross_variable_variable,0,108,666
0035_1.jpg,0219_3.jpg,35,219,1,3,cross_variable_variable,0,108,674
0035_1.jpg,0224_3.jpg,35,224,1,3,cross_variable_variable,0,108,694
0035_1.jpg,0237_3.jpg,35,237,1,3,cross_variable_variable,0,108,734
0035_1.jpg,0239_3.jpg,35,239,1,3,cross_variable_variable,0,108,742
0035_1.jpg,0248_3.jpg,35,248,1,3,cross_variable_variable,0,108,778
0035_1.jpg,0266_3.jpg,35,266,1,3,cross_variable_variable,0,108,846
0035_1.jpg,0271_3.jpg,35,271,1,3,cross_variable_variable,0,108,866
0035_1.jpg,0279_3.jpg,35,279,1,3,cross_variable_variable,0,108,894
0035_1.jpg,0282_3.jpg,35,282,1,3,cross_variable_variable,0,108,902
0042_1.jpg,0006_3.jpg,42,6,1,3,cross_variable_variable,0,124,18
0042_1.jpg,0012_3.jpg,42,12,1,3,cross_variable_variable,0,124,42
0042_1.jpg,0015_3.jpg,42,15,1,3,cross_variable_variable,0,124,46
0042_1.jpg,0018_3.jpg,42,18,1,3,cross_variable_variable,0,124,50
0042_1.jpg,0035_3.jpg,42,35,1,3,cross_variable_variable,0,124,110
0042_1.jpg,0042_3.jpg,42,42,1,3,cross_variable_variable,1,124,126
0042_1.jpg,0043_3.jpg,42,43,1,3,cross_variable_variable,0,124,130
0042_1.jpg,0060_3.jpg,42,60,1,3,cross_variable_variable,0,124,174
0042_1.jpg,0066_3.jpg,42,66,1,3,cross_variable_variable,0,124,194
0042_1.jpg,0067_3.jpg,42,67,1,3,cross_variable_variable,0,124,198
0042_1.jpg,0079_3.jpg,42,79,1,3,cross_variable_variable,0,124,242
0042_1.jpg,0086_3.jpg,42,86,1,3,cross_variable_variable,0,124,258
0042_1.jpg,0087_3.jpg,42,87,1,3,cross_variable_variable,0,124,262
0042_1.jpg,0089_3.jpg,42,89,1,3,cross_variable_variable,0,124,266
0042_1.jpg,0091_3.jpg,42,91,1,3,cross_variable_variable,0,124,274
0042_1.jpg,0093_3.jpg,42,93,1,3,cross_variable_variable,0,124,282
0042_1.jpg,0106_3.jpg,42,106,1,3,cross_variable_variable,0,124,326
0042_1.jpg,0109_3.jpg,42,109,1,3,cross_variable_variable,0,124,334
0042_1.jpg,0114_3.jpg,42,114,1,3,cross_variable_variable,0,124,342
0042_1.jpg,0130_3.jpg,42,130,1,3,cross_variable_variable,0,124,390
0042_1.jpg,0132_3.jpg,42,132,1,3,cross_variable_variable,0,124,398
0042_1.jpg,0148_3.jpg,42,148,1,3,cross_variable_variable,0,124,446
0042_1.jpg,0154_3.jpg,42,154,1,3,cross_variable_variable,0,124,462
0042_1.jpg,0161_3.jpg,42,161,1,3,cross_variable_variable,0,124,490
0042_1.jpg,0200_3.jpg,42,200,1,3,cross_variable_variable,0,124,606
0042_1.jpg,0204_3.jpg,42,204,1,3,cross_variable_variable,0,124,622
0042_1.jpg,0216_3.jpg,42,216,1,3,cross_variable_variable,0,124,666
0042_1.jpg,0219_3.jpg,42,219,1,3,cross_variable_variable,0,124,674
0042_1.jpg,0224_3.jpg,42,224,1,3,cross_variable_variable,0,124,694
0042_1.jpg,0237_3.jpg,42,237,1,3,cross_variable_variable,0,124,734
0042_1.jpg,0239_3.jpg,42,239,1,3,cross_variable_variable,0,124,742
0042_1.jpg,0248_3.jpg,42,248,1,3,cross_variable_variable,0,124,778
0042_1.jpg,0266_3.jpg,42,266,1,3,cross_variable_variable,0,124,846
0042_1.jpg,0271_3.jpg,42,271,1,3,cross_variable_variable,0,124,866
0042_1.jpg,0279_3.jpg,42,279,1,3,cross_variable_variable,0,124,894
0042_1.jpg,0282_3.jpg,42,282,1,3,cross_variable_variable,0,124,902
0043_1.jpg,0006_3.jpg,43,6,1,3,cross_variable_variable,0,128,18
0043_1.jpg,0012_3.jpg,43,12,1,3,cross_variable_variable,0,128,42
0043_1.jpg,0015_3.jpg,43,15,1,3,cross_variable_variable,0,128,46
0043_1.jpg,0018_3.jpg,43,18,1,3,cross_variable_variable,0,128,50
0043_1.jpg,0035_3.jpg,43,35,1,3,cross_variable_variable,0,128,110
0043_1.jpg,0042_3.jpg,43,42,1,3,cross_variable_variable,0,128,126
0043_1.jpg,0043_3.jpg,43,43,1,3,cross_variable_variable,1,128,130
0043_1.jpg,0060_3.jpg,43,60,1,3,cross_variable_variable,0,128,174
0043_1.jpg,0066_3.jpg,43,66,1,3,cross_variable_variable,0,128,194
0043_1.jpg,0067_3.jpg,43,67,1,3,cross_variable_variable,0,128,198
0043_1.jpg,0079_3.jpg,43,79,1,3,cross_variable_variable,0,128,242
0043_1.jpg,0086_3.jpg,43,86,1,3,cross_variable_variable,0,128,258
0043_1.jpg,0087_3.jpg,43,87,1,3,cross_variable_variable,0,128,262
0043_1.jpg,0089_3.jpg,43,89,1,3,cross_variable_variable,0,128,266
0043_1.jpg,0091_3.jpg,43,91,1,3,cross_variable_variable,0,128,274
0043_1.jpg,0093_3.jpg,43,93,1,3,cross_variable_variable,0,128,282
0043_1.jpg,0106_3.jpg,43,106,1,3,cross_variable_variable,0,128,326
0043_1.jpg,0109_3.jpg,43,109,1,3,cross_variable_variable,0,128,334
0043_1.jpg,0114_3.jpg,43,114,1,3,cross_variable_variable,0,128,342
0043_1.jpg,0130_3.jpg,43,130,1,3,cross_variable_variable,0,128,390
0043_1.jpg,0132_3.jpg,43,132,1,3,cross_variable_variable,0,128,398
0043_1.jpg,0148_3.jpg,43,148,1,3,cross_variable_variable,0,128,446
0043_1.jpg,0154_3.jpg,43,154,1,3,cross_variable_variable,0,128,462
0043_1.jpg,0161_3.jpg,43,161,1,3,cross_variable_variable,0,128,490
0043_1.jpg,0200_3.jpg,43,200,1,3,cross_variable_variable,0,128,606
0043_1.jpg,0204_3.jpg,43,204,1,3,cross_variable_variable,0,128,622
0043_1.jpg,0216_3.jpg,43,216,1,3,cross_variable_variable,0,128,666
0043_1.jpg,0219_3.jpg,43,219,1,3,cross_variable_variable,0,128,674
0043_1.jpg,0224_3.jpg,43,224,1,3,cross_variable_variable,0,128,694
0043_1.jpg,0237_3.jpg,43,237,1,3,cross_variable_variable,0,128,734
0043_1.jpg,0239_3.jpg,43,239,1,3,cross_variable_variable,0,128,742
0043_1.jpg,0248_3.jpg,43,248,1,3,cross_variable_variable,0,128,778
0043_1.jpg,0266_3.jpg,43,266,1,3,cross_variable_variable,0,128,846
0043_1.jpg,0271_3.jpg,43,271,1,3,cross_variable_variable,0,128,866
0043_1.jpg,0279_3.jpg,43,279,1,3,cross_variable_variable,0,128,894
0043_1.jpg,0282_3.jpg,43,282,1,3,cross_variable_variable,0,128,902
0060_1.jpg,0006_3.jpg,60,6,1,3,cross_variable_variable,0,172,18
0060_1.jpg,0012_3.jpg,60,12,1,3,cross_variable_variable,0,172,42
0060_1.jpg,0015_3.jpg,60,15,1,3,cross_variable_variable,0,172,46
0060_1.jpg,0018_3.jpg,60,18,1,3,cross_variable_variable,0,172,50
0060_1.jpg,0035_3.jpg,60,35,1,3,cross_variable_variable,0,172,110
0060_1.jpg,0042_3.jpg,60,42,1,3,cross_variable_variable,0,172,126
0060_1.jpg,0043_3.jpg,60,43,1,3,cross_variable_variable,0,172,130
0060_1.jpg,0060_3.jpg,60,60,1,3,cross_variable_variable,1,172,174
0060_1.jpg,0066_3.jpg,60,66,1,3,cross_variable_variable,0,172,194
0060_1.jpg,0067_3.jpg,60,67,1,3,cross_variable_variable,0,172,198
0060_1.jpg,0079_3.jpg,60,79,1,3,cross_variable_variable,0,172,242
0060_1.jpg,0086_3.jpg,60,86,1,3,cross_variable_variable,0,172,258
0060_1.jpg,0087_3.jpg,60,87,1,3,cross_variable_variable,0,172,262
0060_1.jpg,0089_3.jpg,60,89,1,3,cross_variable_variable,0,172,266
0060_1.jpg,0091_3.jpg,60,91,1,3,cross_variable_variable,0,172,274
0060_1.jpg,0093_3.jpg,60,93,1,3,cross_variable_variable,0,172,282
0060_1.jpg,0106_3.jpg,60,106,1,3,cross_variable_variable,0,172,326
0060_1.jpg,0109_3.jpg,60,109,1,3,cross_variable_variable,0,172,334
0060_1.jpg,0114_3.jpg,60,114,1,3,cross_variable_variable,0,172,342
0060_1.jpg,0130_3.jpg,60,130,1,3,cross_variable_variable,0,172,390
0060_1.jpg,0132_3.jpg,60,132,1,3,cross_variable_variable,0,172,398
0060_1.jpg,0148_3.jpg,60,148,1,3,cross_variable_variable,0,172,446
0060_1.jpg,0154_3.jpg,60,154,1,3,cross_variable_variable,0,172,462
0060_1.jpg,0161_3.jpg,60,161,1,3,cross_variable_variable,0,172,490
0060_1.jpg,0200_3.jpg,60,200,1,3,cross_variable_variable,0,172,606
0060_1.jpg,0204_3.jpg,60,204,1,3,cross_variable_variable,0,172,622
0060_1.jpg,0216_3.jpg,60,216,1,3,cross_variable_variable,0,172,666
0060_1.jpg,0219_3.jpg,60,219,1,3,cross_variable_variable,0,172,674
0060_1.jpg,0224_3.jpg,60,224,1,3,cross_variable_variable,0,172,694
0060_1.jpg,0237_3.jpg,60,237,1,3,cross_variable_variable,0,172,734
0060_1.jpg,0239_3.jpg,60,239,1,3,cross_variable_variable,0,172,742
0060_1.jpg,0248_3.jpg,60,248,1,3,cross_variable_variable,0,172,778
0060_1.jpg,0266_3.jpg,60,266,1,3,cross_variable_variable,0,172,846
0060_1.jpg,0271_3.jpg,60,271,1,3,cross_variable_variable,0,172,866
0060_1.jpg,0279_3.jpg,60,279,1,3,cross_variable_variable,0,172,894
0060_1.jpg,0282_3.jpg,60,282,1,3,cross_variable_variable,0,172,902
0066_1.jpg,0006_3.jpg,66,6,1,3,cross_variable_variable,0,192,18
0066_1.jpg,0012_3.jpg,66,12,1,3,cross_variable_variable,0,192,42
0066_1.jpg,0015_3.jpg,66,15,1,3,cross_variable_variable,0,192,46
0066_1.jpg,0018_3.jpg,66,18,1,3,cross_variable_variable,0,192,50
0066_1.jpg,0035_3.jpg,66,35,1,3,cross_variable_variable,0,192,110
0066_1.jpg,0042_3.jpg,66,42,1,3,cross_variable_variable,0,192,126
0066_1.jpg,0043_3.jpg,66,43,1,3,cross_variable_variable,0,192,130
0066_1.jpg,0060_3.jpg,66,60,1,3,cross_variable_variable,0,192,174
0066_1.jpg,0066_3.jpg,66,66,1,3,cross_variable_variable,1,192,194
0066_1.jpg,0067_3.jpg,66,67,1,3,cross_variable_variable,0,192,198
0066_1.jpg,0079_3.jpg,66,79,1,3,cross_variable_variable,0,192,242
0066_1.jpg,0086_3.jpg,66,86,1,3,cross_variable_variable,0,192,258
0066_1.jpg,0087_3.jpg,66,87,1,3,cross_variable_variable,0,192,262
0066_1.jpg,0089_3.jpg,66,89,1,3,cross_variable_variable,0,192,266
0066_1.jpg,0091_3.jpg,66,91,1,3,cross_variable_variable,0,192,274
0066_1.jpg,0093_3.jpg,66,93,1,3,cross_variable_variable,0,192,282
0066_1.jpg,0106_3.jpg,66,106,1,3,cross_variable_variable,0,192,326
0066_1.jpg,0109_3.jpg,66,109,1,3,cross_variable_variable,0,192,334
0066_1.jpg,0114_3.jpg,66,114,1,3,cross_variable_variable,0,192,342
0066_1.jpg,0130_3.jpg,66,130,1,3,cross_variable_variable,0,192,390
0066_1.jpg,0132_3.jpg,66,132,1,3,cross_variable_variable,0,192,398
0066_1.jpg,0148_3.jpg,66,148,1,3,cross_variable_variable,0,192,446
0066_1.jpg,0154_3.jpg,66,154,1,3,cross_variable_variable,0,192,462
0066_1.jpg,0161_3.jpg,66,161,1,3,cross_variable_variable,0,192,490
0066_1.jpg,0200_3.jpg,66,200,1,3,cross_variable_variable,0,192,606
0066_1.jpg,0204_3.jpg,66,204,1,3,cross_variable_variable,0,192,622
0066_1.jpg,0216_3.jpg,66,216,1,3,cross_variable_variable,0,192,666
0066_1.jpg,0219_3.jpg,66,219,1,3,cross_variable_variable,0,192,674
0066_1.jpg,0224_3.jpg,66,224,1,3,cross_variable_variable,0,192,694
0066_1.jpg,0237_3.jpg,66,237,1,3,cross_variable_variable,0,192,734
0066_1.jpg,0239_3.jpg,66,239,1,3,cross_variable_variable,0,192,742
0066_1.jpg,0248_3.jpg,66,248,1,3,cross_variable_variable,0,192,778
0066_1.jpg,0266_3.jpg,66,266,1,3,cross_variable_variable,0,192,846
0066_1.jpg,0271_3.jpg,66,271,1,3,cross_variable_variable,0,192,866
0066_1.jpg,0279_3.jpg,66,279,1,3,cross_variable_variable,0,192,894
0066_1.jpg,0282_3.jpg,66,282,1,3,cross_variable_variable,0,192,902
0067_1.jpg,0006_3.jpg,67,6,1,3,cross_variable_variable,0,196,18
0067_1.jpg,0012_3.jpg,67,12,1,3,cross_variable_variable,0,196,42
0067_1.jpg,0015_3.jpg,67,15,1,3,cross_variable_variable,0,196,46
0067_1.jpg,0018_3.jpg,67,18,1,3,cross_variable_variable,0,196,50
0067_1.jpg,0035_3.jpg,67,35,1,3,cross_variable_variable,0,196,110
0067_1.jpg,0042_3.jpg,67,42,1,3,cross_variable_variable,0,196,126
0067_1.jpg,0043_3.jpg,67,43,1,3,cross_variable_variable,0,196,130
0067_1.jpg,0060_3.jpg,67,60,1,3,cross_variable_variable,0,196,174
0067_1.jpg,0066_3.jpg,67,66,1,3,cross_variable_variable,0,196,194
0067_1.jpg,0067_3.jpg,67,67,1,3,cross_variable_variable,1,196,198
0067_1.jpg,0079_3.jpg,67,79,1,3,cross_variable_variable,0,196,242
0067_1.jpg,0086_3.jpg,67,86,1,3,cross_variable_variable,0,196,258
0067_1.jpg,0087_3.jpg,67,87,1,3,cross_variable_variable,0,196,262
0067_1.jpg,0089_3.jpg,67,89,1,3,cross_variable_variable,0,196,266
0067_1.jpg,0091_3.jpg,67,91,1,3,cross_variable_variable,0,196,274
0067_1.jpg,0093_3.jpg,67,93,1,3,cross_variable_variable,0,196,282
0067_1.jpg,0106_3.jpg,67,106,1,3,cross_variable_variable,0,196,326
0067_1.jpg,0109_3.jpg,67,109,1,3,cross_variable_variable,0,196,334
0067_1.jpg,0114_3.jpg,67,114,1,3,cross_variable_variable,0,196,342
0067_1.jpg,0130_3.jpg,67,130,1,3,cross_variable_variable,0,196,390
0067_1.jpg,0132_3.jpg,67,132,1,3,cross_variable_variable,0,196,398
0067_1.jpg,0148_3.jpg,67,148,1,3,cross_variable_variable,0,196,446
0067_1.jpg,0154_3.jpg,67,154,1,3,cross_variable_variable,0,196,462
0067_1.jpg,0161_3.jpg,67,161,1,3,cross_variable_variable,0,196,490
0067_1.jpg,0200_3.jpg,67,200,1,3,cross_variable_variable,0,196,606
0067_1.jpg,0204_3.jpg,67,204,1,3,cross_variable_variable,0,196,622
0067_1.jpg,0216_3.jpg,67,216,1,3,cross_variable_variable,0,196,666
0067_1.jpg,0219_3.jpg,67,219,1,3,cross_variable_variable,0,196,674
0067_1.jpg,0224_3.jpg,67,224,1,3,cross_variable_variable,0,196,694
0067_1.jpg,0237_3.jpg,67,237,1,3,cross_variable_variable,0,196,734
0067_1.jpg,0239_3.jpg,67,239,1,3,cross_variable_variable,0,196,742
0067_1.jpg,0248_3.jpg,67,248,1,3,cross_variable_variable,0,196,778
0067_1.jpg,0266_3.jpg,67,266,1,3,cross_variable_variable,0,196,846
0067_1.jpg,0271_3.jpg,67,271,1,3,cross_variable_variable,0,196,866
0067_1.jpg,0279_3.jpg,67,279,1,3,cross_variable_variable,0,196,894
0067_1.jpg,0282_3.jpg,67,282,1,3,cross_variable_variable,0,196,902
0079_1.jpg,0006_3.jpg,79,6,1,3,cross_variable_variable,0,240,18
0079_1.jpg,0012_3.jpg,79,12,1,3,cross_variable_variable,0,240,42
0079_1.jpg,0015_3.jpg,79,15,1,3,cross_variable_variable,0,240,46
0079_1.jpg,0018_3.jpg,79,18,1,3,cross_variable_variable,0,240,50
0079_1.jpg,0035_3.jpg,79,35,1,3,cross_variable_variable,0,240,110
0079_1.jpg,0042_3.jpg,79,42,1,3,cross_variable_variable,0,240,126
0079_1.jpg,0043_3.jpg,79,43,1,3,cross_variable_variable,0,240,130
0079_1.jpg,0060_3.jpg,79,60,1,3,cross_variable_variable,0,240,174
0079_1.jpg,0066_3.jpg,79,66,1,3,cross_variable_variable,0,240,194
0079_1.jpg,0067_3.jpg,79,67,1,3,cross_variable_variable,0,240,198
0079_1.jpg,0079_3.jpg,79,79,1,3,cross_variable_variable,1,240,242
0079_1.jpg,0086_3.jpg,79,86,1,3,cross_variable_variable,0,240,258
0079_1.jpg,0087_3.jpg,79,87,1,3,cross_variable_variable,0,240,262
0079_1.jpg,0089_3.jpg,79,89,1,3,cross_variable_variable,0,240,266
0079_1.jpg,0091_3.jpg,79,91,1,3,cross_variable_variable,0,240,274
0079_1.jpg,0093_3.jpg,79,93,1,3,cross_variable_variable,0,240,282
0079_1.jpg,0106_3.jpg,79,106,1,3,cross_variable_variable,0,240,326
0079_1.jpg,0109_3.jpg,79,109,1,3,cross_variable_variable,0,240,334
0079_1.jpg,0114_3.jpg,79,114,1,3,cross_variable_variable,0,240,342
0079_1.jpg,0130_3.jpg,79,130,1,3,cross_variable_variable,0,240,390
0079_1.jpg,0132_3.jpg,79,132,1,3,cross_variable_variable,0,240,398
0079_1.jpg,0148_3.jpg,79,148,1,3,cross_variable_variable,0,240,446
0079_1.jpg,0154_3.jpg,79,154,1,3,cross_variable_variable,0,240,462
0079_1.jpg,0161_3.jpg,79,161,1,3,cross_variable_variable,0,240,490
0079_1.jpg,0200_3.jpg,79,200,1,3,cross_variable_variable,0,240,606
0079_1.jpg,0204_3.jpg,79,204,1,3,cross_variable_variable,0,240,622
0079_1.jpg,0216_3.jpg,79,216,1,3,cross_variable_variable,0,240,666
0079_1.jpg,0219_3.jpg,79,219,1,3,cross_variable_variable,0,240,674
0079_1.jpg,0224_3.jpg,79,224,1,3,cross_variable_variable,0,240,694
0079_1.jpg,0237_3.jpg,79,237,1,3,cross_variable_variable,0,240,734
0079_1.jpg,0239_3.jpg,79,239,1,3,cross_variable_variable,0,240,742
0079_1.jpg,0248_3.jpg,79,248,1,3,cross_variable_variable,0,240,778
0079_1.jpg,0266_3.jpg,79,266,1,3,cross_variable_variable,0,240,846
0079_1.jpg,0271_3.jpg,79,271,1,3,cross_variable_variable,0,240,866
0079_1.jpg,0279_3.jpg,79,279,1,3,cross_variable_variable,0,240,894
0079_1.jpg,0282_3.jpg,79,282,1,3,cross_variable_variable,0,240,902
0086_1.jpg,0006_3.jpg,86,6,1,3,cross_variable_variable,0,256,18
0086_1.jpg,0012_3.jpg,86,12,1,3,cross_variable_variable,0,256,42
0086_1.jpg,0015_3.jpg,86,15,1,3,cross_variable_variable,0,256,46
0086_1.jpg,0018_3.jpg,86,18,1,3,cross_variable_variable,0,256,50
0086_1.jpg,0035_3.jpg,86,35,1,3,cross_variable_variable,0,256,110
0086_1.jpg,0042_3.jpg,86,42,1,3,cross_variable_variable,0,256,126
0086_1.jpg,0043_3.jpg,86,43,1,3,cross_variable_variable,0,256,130
0086_1.jpg,0060_3.jpg,86,60,1,3,cross_variable_variable,0,256,174
0086_1.jpg,0066_3.jpg,86,66,1,3,cross_variable_variable,0,256,194
0086_1.jpg,0067_3.jpg,86,67,1,3,cross_variable_variable,0,256,198
0086_1.jpg,0079_3.jpg,86,79,1,3,cross_variable_variable,0,256,242
0086_1.jpg,0086_3.jpg,86,86,1,3,cross_variable_variable,1,256,258
0086_1.jpg,0087_3.jpg,86,87,1,3,cross_variable_variable,0,256,262
0086_1.jpg,0089_3.jpg,86,89,1,3,cross_variable_variable,0,256,266
0086_1.jpg,0091_3.jpg,86,91,1,3,cross_variable_variable,0,256,274
0086_1.jpg,0093_3.jpg,86,93,1,3,cross_variable_variable,0,256,282
0086_1.jpg,0106_3.jpg,86,106,1,3,cross_variable_variable,0,256,326
0086_1.jpg,0109_3.jpg,86,109,1,3,cross_variable_variable,0,256,334
0086_1.jpg,0114_3.jpg,86,114,1,3,cross_variable_variable,0,256,342
0086_1.jpg,0130_3.jpg,86,130,1,3,cross_variable_variable,0,256,390
0086_1.jpg,0132_3.jpg,86,132,1,3,cross_variable_variable,0,256,398
0086_1.jpg,0148_3.jpg,86,148,1,3,cross_variable_variable,0,256,446
0086_1.jpg,0154_3.jpg,86,154,1,3,cross_variable_variable,0,256,462
0086_1.jpg,0161_3.jpg,86,161,1,3,cross_variable_variable,0,256,490
0086_1.jpg,0200_3.jpg,86,200,1,3,cross_variable_variable,0,256,606
0086_1.jpg,0204_3.jpg,86,204,1,3,cross_variable_variable,0,256,622
0086_1.jpg,0216_3.jpg,86,216,1,3,cross_variable_variable,0,256,666
0086_1.jpg,0219_3.jpg,86,219,1,3,cross_variable_variable,0,256,674
0086_1.jpg,0224_3.jpg,86,224,1,3,cross_variable_variable,0,256,694
0086_1.jpg,0237_3.jpg,86,237,1,3,cross_variable_variable,0,256,734
0086_1.jpg,0239_3.jpg,86,239,1,3,cross_variable_variable,0,256,742
0086_1.jpg,0248_3.jpg,86,248,1,3,cross_variable_variable,0,256,778
0086_1.jpg,0266_3.jpg,86,266,1,3,cross_variable_variable,0,256,846
0086_1.jpg,0271_3.jpg,86,271,1,3,cross_variable_variable,0,256,866
0086_1.jpg,0279_3.jpg,86,279,1,3,cross_variable_variable,0,256,894
0086_1.jpg,0282_3.jpg,86,282,1,3,cross_variable_variable,0,256,902
0087_1.jpg,0006_3.jpg,87,6,1,3,cross_variable_variable,0,260,18
0087_1.jpg,0012_3.jpg,87,12,1,3,cross_variable_variable,0,260,42
0087_1.jpg,0015_3.jpg,87,15,1,3,cross_variable_variable,0,260,46
0087_1.jpg,0018_3.jpg,87,18,1,3,cross_variable_variable,0,260,50
0087_1.jpg,0035_3.jpg,87,35,1,3,cross_variable_variable,0,260,110
0087_1.jpg,0042_3.jpg,87,42,1,3,cross_variable_variable,0,260,126
0087_1.jpg,0043_3.jpg,87,43,1,3,cross_variable_variable,0,260,130
0087_1.jpg,0060_3.jpg,87,60,1,3,cross_variable_variable,0,260,174
0087_1.jpg,0066_3.jpg,87,66,1,3,cross_variable_variable,0,260,194
0087_1.jpg,0067_3.jpg,87,67,1,3,cross_variable_variable,0,260,198
0087_1.jpg,0079_3.jpg,87,79,1,3,cross_variable_variable,0,260,242
0087_1.jpg,0086_3.jpg,87,86,1,3,cross_variable_variable,0,260,258
0087_1.jpg,0087_3.jpg,87,87,1,3,cross_variable_variable,1,260,262
0087_1.jpg,0089_3.jpg,87,89,1,3,cross_variable_variable,0,260,266
0087_1.jpg,0091_3.jpg,87,91,1,3,cross_variable_variable,0,260,274
0087_1.jpg,0093_3.jpg,87,93,1,3,cross_variable_variable,0,260,282
0087_1.jpg,0106_3.jpg,87,106,1,3,cross_variable_variable,0,260,326
0087_1.jpg,0109_3.jpg,87,109,1,3,cross_variable_variable,0,260,334
0087_1.jpg,0114_3.jpg,87,114,1,3,cross_variable_variable,0,260,342
0087_1.jpg,0130_3.jpg,87,130,1,3,cross_variable_variable,0,260,390
0087_1.jpg,0132_3.jpg,87,132,1,3,cross_variable_variable,0,260,398
0087_1.jpg,0148_3.jpg,87,148,1,3,cross_variable_variable,0,260,446
0087_1.jpg,0154_3.jpg,87,154,1,3,cross_variable_variable,0,260,462
0087_1.jpg,0161_3.jpg,87,161,1,3,cross_variable_variable,0,260,490
0087_1.jpg,0200_3.jpg,87,200,1,3,cross_variable_variable,0,260,606
0087_1.jpg,0204_3.jpg,87,204,1,3,cross_variable_variable,0,260,622
0087_1.jpg,0216_3.jpg,87,216,1,3,cross_variable_variable,0,260,666
0087_1.jpg,0219_3.jpg,87,219,1,3,cross_variable_variable,0,260,674
0087_1.jpg,0224_3.jpg,87,224,1,3,cross_variable_variable,0,260,694
0087_1.jpg,0237_3.jpg,87,237,1,3,cross_variable_variable,0,260,734
0087_1.jpg,0239_3.jpg,87,239,1,3,cross_variable_variable,0,260,742
0087_1.jpg,0248_3.jpg,87,248,1,3,cross_variable_variable,0,260,778
0087_1.jpg,0266_3.jpg,87,266,1,3,cross_variable_variable,0,260,846
0087_1.jpg,0271_3.jpg,87,271,1,3,cross_variable_variable,0,260,866
0087_1.jpg,0279_3.jpg,87,279,1,3,cross_variable_variable,0,260,894
0087_1.jpg,0282_3.jpg,87,282,1,3,cross_variable_variable,0,260,902
0089_1.jpg,0006_3.jpg,89,6,1,3,cross_variable_variable,0,264,18
0089_1.jpg,0012_3.jpg,89,12,1,3,cross_variable_variable,0,264,42
0089_1.jpg,0015_3.jpg,89,15,1,3,cross_variable_variable,0,264,46
0089_1.jpg,0018_3.jpg,89,18,1,3,cross_variable_variable,0,264,50
0089_1.jpg,0035_3.jpg,89,35,1,3,cross_variable_variable,0,264,110
0089_1.jpg,0042_3.jpg,89,42,1,3,cross_variable_variable,0,264,126
0089_1.jpg,0043_3.jpg,89,43,1,3,cross_variable_variable,0,264,130
0089_1.jpg,0060_3.jpg,89,60,1,3,cross_variable_variable,0,264,174
0089_1.jpg,0066_3.jpg,89,66,1,3,cross_variable_variable,0,264,194
0089_1.jpg,0067_3.jpg,89,67,1,3,cross_variable_variable,0,264,198
0089_1.jpg,0079_3.jpg,89,79,1,3,cross_variable_variable,0,264,242
0089_1.jpg,0086_3.jpg,89,86,1,3,cross_variable_variable,0,264,258
0089_1.jpg,0087_3.jpg,89,87,1,3,cross_variable_variable,0,264,262
0089_1.jpg,0089_3.jpg,89,89,1,3,cross_variable_variable,1,264,266
0089_1.jpg,0091_3.jpg,89,91,1,3,cross_variable_variable,0,264,274
0089_1.jpg,0093_3.jpg,89,93,1,3,cross_variable_variable,0,264,282
0089_1.jpg,0106_3.jpg,89,106,1,3,cross_variable_variable,0,264,326
0089_1.jpg,0109_3.jpg,89,109,1,3,cross_variable_variable,0,264,334
0089_1.jpg,0114_3.jpg,89,114,1,3,cross_variable_variable,0,264,342
0089_1.jpg,0130_3.jpg,89,130,1,3,cross_variable_variable,0,264,390
0089_1.jpg,0132_3.jpg,89,132,1,3,cross_variable_variable,0,264,398
0089_1.jpg,0148_3.jpg,89,148,1,3,cross_variable_variable,0,264,446
0089_1.jpg,0154_3.jpg,89,154,1,3,cross_variable_variable,0,264,462
0089_1.jpg,0161_3.jpg,89,161,1,3,cross_variable_variable,0,264,490
0089_1.jpg,0200_3.jpg,89,200,1,3,cross_variable_variable,0,264,606
0089_1.jpg,0204_3.jpg,89,204,1,3,cross_variable_variable,0,264,622
0089_1.jpg,0216_3.jpg,89,216,1,3,cross_variable_variable,0,264,666
0089_1.jpg,0219_3.jpg,89,219,1,3,cross_variable_variable,0,264,674
0089_1.jpg,0224_3.jpg,89,224,1,3,cross_variable_variable,0,264,694
0089_1.jpg,0237_3.jpg,89,237,1,3,cross_variable_variable,0,264,734
0089_1.jpg,0239_3.jpg,89,239,1,3,cross_variable_variable,0,264,742
0089_1.jpg,0248_3.jpg,89,248,1,3,cross_variable_variable,0,264,778
0089_1.jpg,0266_3.jpg,89,266,1,3,cross_variable_variable,0,264,846
0089_1.jpg,0271_3.jpg,89,271,1,3,cross_variable_variable,0,264,866
0089_1.jpg,0279_3.jpg,89,279,1,3,cross_variable_variable,0,264,894
0089_1.jpg,0282_3.jpg,89,282,1,3,cross_variable_variable,0,264,902
0091_1.jpg,0006_3.jpg,91,6,1,3,cross_variable_variable,0,272,18
0091_1.jpg,0012_3.jpg,91,12,1,3,cross_variable_variable,0,272,42
0091_1.jpg,0015_3.jpg,91,15,1,3,cross_variable_variable,0,272,46
0091_1.jpg,0018_3.jpg,91,18,1,3,cross_variable_variable,0,272,50
0091_1.jpg,0035_3.jpg,91,35,1,3,cross_variable_variable,0,272,110
0091_1.jpg,0042_3.jpg,91,42,1,3,cross_variable_variable,0,272,126
0091_1.jpg,0043_3.jpg,91,43,1,3,cross_variable_variable,0,272,130
0091_1.jpg,0060_3.jpg,91,60,1,3,cross_variable_variable,0,272,174
0091_1.jpg,0066_3.jpg,91,66,1,3,cross_variable_variable,0,272,194
0091_1.jpg,0067_3.jpg,91,67,1,3,cross_variable_variable,0,272,198
0091_1.jpg,0079_3.jpg,91,79,1,3,cross_variable_variable,0,272,242
0091_1.jpg,0086_3.jpg,91,86,1,3,cross_variable_variable,0,272,258
0091_1.jpg,0087_3.jpg,91,87,1,3,cross_variable_variable,0,272,262
0091_1.jpg,0089_3.jpg,91,89,1,3,cross_variable_variable,0,272,266
0091_1.jpg,0091_3.jpg,91,91,1,3,cross_variable_variable,1,272,274
0091_1.jpg,0093_3.jpg,91,93,1,3,cross_variable_variable,0,272,282
0091_1.jpg,0106_3.jpg,91,106,1,3,cross_variable_variable,0,272,326
0091_1.jpg,0109_3.jpg,91,109,1,3,cross_variable_variable,0,272,334
0091_1.jpg,0114_3.jpg,91,114,1,3,cross_variable_variable,0,272,342
0091_1.jpg,0130_3.jpg,91,130,1,3,cross_variable_variable,0,272,390
0091_1.jpg,0132_3.jpg,91,132,1,3,cross_variable_variable,0,272,398
0091_1.jpg,0148_3.jpg,91,148,1,3,cross_variable_variable,0,272,446
0091_1.jpg,0154_3.jpg,91,154,1,3,cross_variable_variable,0,272,462
0091_1.jpg,0161_3.jpg,91,161,1,3,cross_variable_variable,0,272,490
0091_1.jpg,0200_3.jpg,91,200,1,3,cross_variable_variable,0,272,606
0091_1.jpg,0204_3.jpg,91,204,1,3,cross_variable_variable,0,272,622
0091_1.jpg,0216_3.jpg,91,216,1,3,cross_variable_variable,0,272,666
0091_1.jpg,0219_3.jpg,91,219,1,3,cross_variable_variable,0,272,674
0091_1.jpg,0224_3.jpg,91,224,1,3,cross_variable_variable,0,272,694
0091_1.jpg,0237_3.jpg,91,237,1,3,cross_variable_variable,0,272,734
0091_1.jpg,0239_3.jpg,91,239,1,3,cross_variable_variable,0,272,742
0091_1.jpg,0248_3.jpg,91,248,1,3,cross_variable_variable,0,272,778
0091_1.jpg,0266_3.jpg,91,266,1,3,cross_variable_variable,0,272,846
0091_1.jpg,0271_3.jpg,91,271,1,3,cross_variable_variable,0,272,866
0091_1.jpg,0279_3.jpg,91,279,1,3,cross_variable_variable,0,272,894
0091_1.jpg,0282_3.jpg,91,282,1,3,cross_variable_variable,0,272,902
0093_1.jpg,0006_3.jpg,93,6,1,3,cross_variable_variable,0,280,18
0093_1.jpg,0012_3.jpg,93,12,1,3,cross_variable_variable,0,280,42
0093_1.jpg,0015_3.jpg,93,15,1,3,cross_variable_variable,0,280,46
0093_1.jpg,0018_3.jpg,93,18,1,3,cross_variable_variable,0,280,50
0093_1.jpg,0035_3.jpg,93,35,1,3,cross_variable_variable,0,280,110
0093_1.jpg,0042_3.jpg,93,42,1,3,cross_variable_variable,0,280,126
0093_1.jpg,0043_3.jpg,93,43,1,3,cross_variable_variable,0,280,130
0093_1.jpg,0060_3.jpg,93,60,1,3,cross_variable_variable,0,280,174
0093_1.jpg,0066_3.jpg,93,66,1,3,cross_variable_variable,0,280,194
0093_1.jpg,0067_3.jpg,93,67,1,3,cross_variable_variable,0,280,198
0093_1.jpg,0079_3.jpg,93,79,1,3,cross_variable_variable,0,280,242
0093_1.jpg,0086_3.jpg,93,86,1,3,cross_variable_variable,0,280,258
0093_1.jpg,0087_3.jpg,93,87,1,3,cross_variable_variable,0,280,262
0093_1.jpg,0089_3.jpg,93,89,1,3,cross_variable_variable,0,280,266
0093_1.jpg,0091_3.jpg,93,91,1,3,cross_variable_variable,0,280,274
0093_1.jpg,0093_3.jpg,93,93,1,3,cross_variable_variable,1,280,282
0093_1.jpg,0106_3.jpg,93,106,1,3,cross_variable_variable,0,280,326
0093_1.jpg,0109_3.jpg,93,109,1,3,cross_variable_variable,0,280,334
0093_1.jpg,0114_3.jpg,93,114,1,3,cross_variable_variable,0,280,342
0093_1.jpg,0130_3.jpg,93,130,1,3,cross_variable_variable,0,280,390
0093_1.jpg,0132_3.jpg,93,132,1,3,cross_variable_variable,0,280,398
0093_1.jpg,0148_3.jpg,93,148,1,3,cross_variable_variable,0,280,446
0093_1.jpg,0154_3.jpg,93,154,1,3,cross_variable_variable,0,280,462
0093_1.jpg,0161_3.jpg,93,161,1,3,cross_variable_variable,0,280,490
0093_1.jpg,0200_3.jpg,93,200,1,3,cross_variable_variable,0,280,606
0093_1.jpg,0204_3.jpg,93,204,1,3,cross_variable_variable,0,280,622
0093_1.jpg,0216_3.jpg,93,216,1,3,cross_variable_variable,0,280,666
0093_1.jpg,0219_3.jpg,93,219,1,3,cross_variable_variable,0,280,674
0093_1.jpg,0224_3.jpg,93,224,1,3,cross_variable_variable,0,280,694
0093_1.jpg,0237_3.jpg,93,237,1,3,cross_variable_variable,0,280,734
0093_1.jpg,0239_3.jpg,93,239,1,3,cross_variable_variable,0,280,742
0093_1.jpg,0248_3.jpg,93,248,1,3,cross_variable_variable,0,280,778
0093_1.jpg,0266_3.jpg,93,266,1,3,cross_variable_variable,0,280,846
0093_1.jpg,0271_3.jpg,93,271,1,3,cross_variable_variable,0,280,866
0093_1.jpg,0279_3.jpg,93,279,1,3,cross_variable_variable,0,280,894
0093_1.jpg,0282_3.jpg,93,282,1,3,cross_variable_variable,0,280,902
0106_1.jpg,0006_3.jpg,106,6,1,3,cross_variable_variable,0,324,18
0106_1.jpg,0012_3.jpg,106,12,1,3,cross_variable_variable,0,324,42
0106_1.jpg,0015_3.jpg,106,15,1,3,cross_variable_variable,0,324,46
0106_1.jpg,0018_3.jpg,106,18,1,3,cross_variable_variable,0,324,50
0106_1.jpg,0035_3.jpg,106,35,1,3,cross_variable_variable,0,324,110
0106_1.jpg,0042_3.jpg,106,42,1,3,cross_variable_variable,0,324,126
0106_1.jpg,0043_3.jpg,106,43,1,3,cross_variable_variable,0,324,130
0106_1.jpg,0060_3.jpg,106,60,1,3,cross_variable_variable,0,324,174
0106_1.jpg,0066_3.jpg,106,66,1,3,cross_variable_variable,0,324,194
0106_1.jpg,0067_3.jpg,106,67,1,3,cross_variable_variable,0,324,198
0106_1.jpg,0079_3.jpg,106,79,1,3,cross_variable_variable,0,324,242
0106_1.jpg,0086_3.jpg,106,86,1,3,cross_variable_variable,0,324,258
0106_1.jpg,0087_3.jpg,106,87,1,3,cross_variable_variable,0,324,262
0106_1.jpg,0089_3.jpg,106,89,1,3,cross_variable_variable,0,324,266
0106_1.jpg,0091_3.jpg,106,91,1,3,cross_variable_variable,0,324,274
0106_1.jpg,0093_3.jpg,106,93,1,3,cross_variable_variable,0,324,282
0106_1.jpg,0106_3.jpg,106,106,1,3,cross_variable_variable,1,324,326
0106_1.jpg,0109_3.jpg,106,109,1,3,cross_variable_variable,0,324,334
0106_1.jpg,0114_3.jpg,106,114,1,3,cross_variable_variable,0,324,342
0106_1.jpg,0130_3.jpg,106,130,1,3,cross_variable_variable,0,324,390
0106_1.jpg,0132_3.jpg,106,132,1,3,cross_variable_variable,0,324,398
0106_1.jpg,0148_3.jpg,106,148,1,3,cross_variable_variable,0,324,446
0106_1.jpg,0154_3.jpg,106,154,1,3,cross_variable_variable,0,324,462
0106_1.jpg,0161_3.jpg,106,161,1,3,cross_variable_variable,0,324,490
0106_1.jpg,0200_3.jpg,106,200,1,3,cross_variable_variable,0,324,606
0106_1.jpg,0204_3.jpg,106,204,1,3,cross_variable_variable,0,324,622
0106_1.jpg,0216_3.jpg,106,216,1,3,cross_variable_variable,0,324,666
0106_1.jpg,0219_3.jpg,106,219,1,3,cross_variable_variable,0,324,674
0106_1.jpg,0224_3.jpg,106,224,1,3,cross_variable_variable,0,324,694
0106_1.jpg,0237_3.jpg,106,237,1,3,cross_variable_variable,0,324,734
0106_1.jpg,0239_3.jpg,106,239,1,3,cross_variable_variable,0,324,742
0106_1.jpg,0248_3.jpg,106,248,1,3,cross_variable_variable,0,324,778
0106_1.jpg,0266_3.jpg,106,266,1,3,cross_variable_variable,0,324,846
0106_1.jpg,0271_3.jpg,106,271,1,3,cross_variable_variable,0,324,866
0106_1.jpg,0279_3.jpg,106,279,1,3,cross_variable_variable,0,324,894
0106_1.jpg,0282_3.jpg,106,282,1,3,cross_variable_variable,0,324,902
0109_1.jpg,0006_3.jpg,109,6,1,3,cross_variable_variable,0,332,18
0109_1.jpg,0012_3.jpg,109,12,1,3,cross_variable_variable,0,332,42
0109_1.jpg,0015_3.jpg,109,15,1,3,cross_variable_variable,0,332,46
0109_1.jpg,0018_3.jpg,109,18,1,3,cross_variable_variable,0,332,50
0109_1.jpg,0035_3.jpg,109,35,1,3,cross_variable_variable,0,332,110
0109_1.jpg,0042_3.jpg,109,42,1,3,cross_variable_variable,0,332,126
0109_1.jpg,0043_3.jpg,109,43,1,3,cross_variable_variable,0,332,130
0109_1.jpg,0060_3.jpg,109,60,1,3,cross_variable_variable,0,332,174
0109_1.jpg,0066_3.jpg,109,66,1,3,cross_variable_variable,0,332,194
0109_1.jpg,0067_3.jpg,109,67,1,3,cross_variable_variable,0,332,198
0109_1.jpg,0079_3.jpg,109,79,1,3,cross_variable_variable,0,332,242
0109_1.jpg,0086_3.jpg,109,86,1,3,cross_variable_variable,0,332,258
0109_1.jpg,0087_3.jpg,109,87,1,3,cross_variable_variable,0,332,262
0109_1.jpg,0089_3.jpg,109,89,1,3,cross_variable_variable,0,332,266
0109_1.jpg,0091_3.jpg,109,91,1,3,cross_variable_variable,0,332,274
0109_1.jpg,0093_3.jpg,109,93,1,3,cross_variable_variable,0,332,282
0109_1.jpg,0106_3.jpg,109,106,1,3,cross_variable_variable,0,332,326
0109_1.jpg,0109_3.jpg,109,109,1,3,cross_variable_variable,1,332,334
0109_1.jpg,0114_3.jpg,109,114,1,3,cross_variable_variable,0,332,342
0109_1.jpg,0130_3.jpg,109,130,1,3,cross_variable_variable,0,332,390
0109_1.jpg,0132_3.jpg,109,132,1,3,cross_variable_variable,0,332,398
0109_1.jpg,0148_3.jpg,109,148,1,3,cross_variable_variable,0,332,446
0109_1.jpg,0154_3.jpg,109,154,1,3,cross_variable_variable,0,332,462
0109_1.jpg,0161_3.jpg,109,161,1,3,cross_variable_variable,0,332,490
0109_1.jpg,0200_3.jpg,109,200,1,3,cross_variable_variable,0,332,606
0109_1.jpg,0204_3.jpg,109,204,1,3,cross_variable_variable,0,332,622
0109_1.jpg,0216_3.jpg,109,216,1,3,cross_variable_variable,0,332,666
0109_1.jpg,0219_3.jpg,109,219,1,3,cross_variable_variable,0,332,674
0109_1.jpg,0224_3.jpg,109,224,1,3,cross_variable_variable,0,332,694
0109_1.jpg,0237_3.jpg,109,237,1,3,cross_variable_variable,0,332,734
0109_1.jpg,0239_3.jpg,109,239,1,3,cross_variable_variable,0,332,742
0109_1.jpg,0248_3.jpg,109,248,1,3,cross_variable_variable,0,332,778
0109_1.jpg,0266_3.jpg,109,266,1,3,cross_variable_variable,0,332,846
0109_1.jpg,0271_3.jpg,109,271,1,3,cross_variable_variable,0,332,866
0109_1.jpg,0279_3.jpg,109,279,1,3,cross_variable_variable,0,332,894
0109_1.jpg,0282_3.jpg,109,282,1,3,cross_variable_variable,0,332,902
0114_1.jpg,0006_3.jpg,114,6,1,3,cross_variable_variable,0,340,18
0114_1.jpg,0012_3.jpg,114,12,1,3,cross_variable_variable,0,340,42
0114_1.jpg,0015_3.jpg,114,15,1,3,cross_variable_variable,0,340,46
0114_1.jpg,0018_3.jpg,114,18,1,3,cross_variable_variable,0,340,50
0114_1.jpg,0035_3.jpg,114,35,1,3,cross_variable_variable,0,340,110
0114_1.jpg,0042_3.jpg,114,42,1,3,cross_variable_variable,0,340,126
0114_1.jpg,0043_3.jpg,114,43,1,3,cross_variable_variable,0,340,130
0114_1.jpg,0060_3.jpg,114,60,1,3,cross_variable_variable,0,340,174
0114_1.jpg,0066_3.jpg,114,66,1,3,cross_variable_variable,0,340,194
0114_1.jpg,0067_3.jpg,114,67,1,3,cross_variable_variable,0,340,198
0114_1.jpg,0079_3.jpg,114,79,1,3,cross_variable_variable,0,340,242
0114_1.jpg,0086_3.jpg,114,86,1,3,cross_variable_variable,0,340,258
0114_1.jpg,0087_3.jpg,114,87,1,3,cross_variable_variable,0,340,262
0114_1.jpg,0089_3.jpg,114,89,1,3,cross_variable_variable,0,340,266
0114_1.jpg,0091_3.jpg,114,91,1,3,cross_variable_variable,0,340,274
0114_1.jpg,0093_3.jpg,114,93,1,3,cross_variable_variable,0,340,282
0114_1.jpg,0106_3.jpg,114,106,1,3,cross_variable_variable,0,340,326
0114_1.jpg,0109_3.jpg,114,109,1,3,cross_variable_variable,0,340,334
0114_1.jpg,0114_3.jpg,114,114,1,3,cross_variable_variable,1,340,342
0114_1.jpg,0130_3.jpg,114,130,1,3,cross_variable_variable,0,340,390
0114_1.jpg,0132_3.jpg,114,132,1,3,cross_variable_variable,0,340,398
0114_1.jpg,0148_3.jpg,114,148,1,3,cross_variable_variable,0,340,446
0114_1.jpg,0154_3.jpg,114,154,1,3,cross_variable_variable,0,340,462
0114_1.jpg,0161_3.jpg,114,161,1,3,cross_variable_variable,0,340,490
0114_1.jpg,0200_3.jpg,114,200,1,3,cross_variable_variable,0,340,606
0114_1.jpg,0204_3.jpg,114,204,1,3,cross_variable_variable,0,340,622
0114_1.jpg,0216_3.jpg,114,216,1,3,cross_variable_variable,0,340,666
0114_1.jpg,0219_3.jpg,114,219,1,3,cross_variable_variable,0,340,674
0114_1.jpg,0224_3.jpg,114,224,1,3,cross_variable_variable,0,340,694
0114_1.jpg,0237_3.jpg,114,237,1,3,cross_variable_variable,0,340,734
0114_1.jpg,0239_3.jpg,114,239,1,3,cross_variable_variable,0,340,742
0114_1.jpg,0248_3.jpg,114,248,1,3,cross_variable_variable,0,340,778
0114_1.jpg,0266_3.jpg,114,266,1,3,cross_variable_variable,0,340,846
0114_1.jpg,0271_3.jpg,114,271,1,3,cross_variable_variable,0,340,866
0114_1.jpg,0279_3.jpg,114,279,1,3,cross_variable_variable,0,340,894
0114_1.jpg,0282_3.jpg,114,282,1,3,cross_variable_variable,0,340,902
0130_1.jpg,0006_3.jpg,130,6,1,3,cross_variable_variable,0,388,18
0130_1.jpg,0012_3.jpg,130,12,1,3,cross_variable_variable,0,388,42
0130_1.jpg,0015_3.jpg,130,15,1,3,cross_variable_variable,0,388,46
0130_1.jpg,0018_3.jpg,130,18,1,3,cross_variable_variable,0,388,50
0130_1.jpg,0035_3.jpg,130,35,1,3,cross_variable_variable,0,388,110
0130_1.jpg,0042_3.jpg,130,42,1,3,cross_variable_variable,0,388,126
0130_1.jpg,0043_3.jpg,130,43,1,3,cross_variable_variable,0,388,130
0130_1.jpg,0060_3.jpg,130,60,1,3,cross_variable_variable,0,388,174
0130_1.jpg,0066_3.jpg,130,66,1,3,cross_variable_variable,0,388,194
0130_1.jpg,0067_3.jpg,130,67,1,3,cross_variable_variable,0,388,198
0130_1.jpg,0079_3.jpg,130,79,1,3,cross_variable_variable,0,388,242
0130_1.jpg,0086_3.jpg,130,86,1,3,cross_variable_variable,0,388,258
0130_1.jpg,0087_3.jpg,130,87,1,3,cross_variable_variable,0,388,262
0130_1.jpg,0089_3.jpg,130,89,1,3,cross_variable_variable,0,388,266
0130_1.jpg,0091_3.jpg,130,91,1,3,cross_variable_variable,0,388,274
0130_1.jpg,0093_3.jpg,130,93,1,3,cross_variable_variable,0,388,282
0130_1.jpg,0106_3.jpg,130,106,1,3,cross_variable_variable,0,388,326
0130_1.jpg,0109_3.jpg,130,109,1,3,cross_variable_variable,0,388,334
0130_1.jpg,0114_3.jpg,130,114,1,3,cross_variable_variable,0,388,342
0130_1.jpg,0130_3.jpg,130,130,1,3,cross_variable_variable,1,388,390
0130_1.jpg,0132_3.jpg,130,132,1,3,cross_variable_variable,0,388,398
0130_1.jpg,0148_3.jpg,130,148,1,3,cross_variable_variable,0,388,446
0130_1.jpg,0154_3.jpg,130,154,1,3,cross_variable_variable,0,388,462
0130_1.jpg,0161_3.jpg,130,161,1,3,cross_variable_variable,0,388,490
0130_1.jpg,0200_3.jpg,130,200,1,3,cross_variable_variable,0,388,606
0130_1.jpg,0204_3.jpg,130,204,1,3,cross_variable_variable,0,388,622
0130_1.jpg,0216_3.jpg,130,216,1,3,cross_variable_variable,0,388,666
0130_1.jpg,0219_3.jpg,130,219,1,3,cross_variable_variable,0,388,674
0130_1.jpg,0224_3.jpg,130,224,1,3,cross_variable_variable,0,388,694
0130_1.jpg,0237_3.jpg,130,237,1,3,cross_variable_variable,0,388,734
0130_1.jpg,0239_3.jpg,130,239,1,3,cross_variable_variable,0,388,742
0130_1.jpg,0248_3.jpg,130,248,1,3,cross_variable_variable,0,388,778
0130_1.jpg,0266_3.jpg,130,266,1,3,cross_variable_variable,0,388,846
0130_1.jpg,0271_3.jpg,130,271,1,3,cross_variable_variable,0,388,866
0130_1.jpg,0279_3.jpg,130,279,1,3,cross_variable_variable,0,388,894
0130_1.jpg,0282_3.jpg,130,282,1,3,cross_variable_variable,0,388,902
0132_1.jpg,0006_3.jpg,132,6,1,3,cross_variable_variable,0,396,18
0132_1.jpg,0012_3.jpg,132,12,1,3,cross_variable_variable,0,396,42
0132_1.jpg,0015_3.jpg,132,15,1,3,cross_variable_variable,0,396,46
0132_1.jpg,0018_3.jpg,132,18,1,3,cross_variable_variable,0,396,50
0132_1.jpg,0035_3.jpg,132,35,1,3,cross_variable_variable,0,396,110
0132_1.jpg,0042_3.jpg,132,42,1,3,cross_variable_variable,0,396,126
0132_1.jpg,0043_3.jpg,132,43,1,3,cross_variable_variable,0,396,130
0132_1.jpg,0060_3.jpg,132,60,1,3,cross_variable_variable,0,396,174
0132_1.jpg,0066_3.jpg,132,66,1,3,cross_variable_variable,0,396,194
0132_1.jpg,0067_3.jpg,132,67,1,3,cross_variable_variable,0,396,198
0132_1.jpg,0079_3.jpg,132,79,1,3,cross_variable_variable,0,396,242
0132_1.jpg,0086_3.jpg,132,86,1,3,cross_variable_variable,0,396,258
0132_1.jpg,0087_3.jpg,132,87,1,3,cross_variable_variable,0,396,262
0132_1.jpg,0089_3.jpg,132,89,1,3,cross_variable_variable,0,396,266
0132_1.jpg,0091_3.jpg,132,91,1,3,cross_variable_variable,0,396,274
0132_1.jpg,0093_3.jpg,132,93,1,3,cross_variable_variable,0,396,282
0132_1.jpg,0106_3.jpg,132,106,1,3,cross_variable_variable,0,396,326
0132_1.jpg,0109_3.jpg,132,109,1,3,cross_variable_variable,0,396,334
0132_1.jpg,0114_3.jpg,132,114,1,3,cross_variable_variable,0,396,342
0132_1.jpg,0130_3.jpg,132,130,1,3,cross_variable_variable,0,396,390
0132_1.jpg,0132_3.jpg,132,132,1,3,cross_variable_variable,1,396,398
0132_1.jpg,0148_3.jpg,132,148,1,3,cross_variable_variable,0,396,446
0132_1.jpg,0154_3.jpg,132,154,1,3,cross_variable_variable,0,396,462
0132_1.jpg,0161_3.jpg,132,161,1,3,cross_variable_variable,0,396,490
0132_1.jpg,0200_3.jpg,132,200,1,3,cross_variable_variable,0,396,606
0132_1.jpg,0204_3.jpg,132,204,1,3,cross_variable_variable,0,396,622
0132_1.jpg,0216_3.jpg,132,216,1,3,cross_variable_variable,0,396,666
0132_1.jpg,0219_3.jpg,132,219,1,3,cross_variable_variable,0,396,674
0132_1.jpg,0224_3.jpg,132,224,1,3,cross_variable_variable,0,396,694
0132_1.jpg,0237_3.jpg,132,237,1,3,cross_variable_variable,0,396,734
0132_1.jpg,0239_3.jpg,132,239,1,3,cross_variable_variable,0,396,742
0132_1.jpg,0248_3.jpg,132,248,1,3,cross_variable_variable,0,396,778
0132_1.jpg,0266_3.jpg,132,266,1,3,cross_variable_variable,0,396,846
0132_1.jpg,0271_3.jpg,132,271,1,3,cross_variable_variable,0,396,866
0132_1.jpg,0279_3.jpg,132,279,1,3,cross_variable_variable,0,396,894
0132_1.jpg,0282_3.jpg,132,282,1,3,cross_variable_variable,0,396,902
0148_1.jpg,0006_3.jpg,148,6,1,3,cross_variable_variable,0,444,18
0148_1.jpg,0012_3.jpg,148,12,1,3,cross_variable_variable,0,444,42
0148_1.jpg,0015_3.jpg,148,15,1,3,cross_variable_variable,0,444,46
0148_1.jpg,0018_3.jpg,148,18,1,3,cross_variable_variable,0,444,50
0148_1.jpg,0035_3.jpg,148,35,1,3,cross_variable_variable,0,444,110
0148_1.jpg,0042_3.jpg,148,42,1,3,cross_variable_variable,0,444,126
0148_1.jpg,0043_3.jpg,148,43,1,3,cross_variable_variable,0,444,130
0148_1.jpg,0060_3.jpg,148,60,1,3,cross_variable_variable,0,444,174
0148_1.jpg,0066_3.jpg,148,66,1,3,cross_variable_variable,0,444,194
0148_1.jpg,0067_3.jpg,148,67,1,3,cross_variable_variable,0,444,198
0148_1.jpg,0079_3.jpg,148,79,1,3,cross_variable_variable,0,444,242
0148_1.jpg,0086_3.jpg,148,86,1,3,cross_variable_variable,0,444,258
0148_1.jpg,0087_3.jpg,148,87,1,3,cross_variable_variable,0,444,262
0148_1.jpg,0089_3.jpg,148,89,1,3,cross_variable_variable,0,444,266
0148_1.jpg,0091_3.jpg,148,91,1,3,cross_variable_variable,0,444,274
0148_1.jpg,0093_3.jpg,148,93,1,3,cross_variable_variable,0,444,282
0148_1.jpg,0106_3.jpg,148,106,1,3,cross_variable_variable,0,444,326
0148_1.jpg,0109_3.jpg,148,109,1,3,cross_variable_variable,0,444,334
0148_1.jpg,0114_3.jpg,148,114,1,3,cross_variable_variable,0,444,342
0148_1.jpg,0130_3.jpg,148,130,1,3,cross_variable_variable,0,444,390
0148_1.jpg,0132_3.jpg,148,132,1,3,cross_variable_variable,0,444,398
0148_1.jpg,0148_3.jpg,148,148,1,3,cross_variable_variable,1,444,446
0148_1.jpg,0154_3.jpg,148,154,1,3,cross_variable_variable,0,444,462
0148_1.jpg,0161_3.jpg,148,161,1,3,cross_variable_variable,0,444,490
0148_1.jpg,0200_3.jpg,148,200,1,3,cross_variable_variable,0,444,606
0148_1.jpg,0204_3.jpg,148,204,1,3,cross_variable_variable,0,444,622
0148_1.jpg,0216_3.jpg,148,216,1,3,cross_variable_variable,0,444,666
0148_1.jpg,0219_3.jpg,148,219,1,3,cross_variable_variable,0,444,674
0148_1.jpg,0224_3.jpg,148,224,1,3,cross_variable_variable,0,444,694
0148_1.jpg,0237_3.jpg,148,237,1,3,cross_variable_variable,0,444,734
0148_1.jpg,0239_3.jpg,148,239,1,3,cross_variable_variable,0,444,742
0148_1.jpg,0248_3.jpg,148,248,1,3,cross_variable_variable,0,444,778
0148_1.jpg,0266_3.jpg,148,266,1,3,cross_variable_variable,0,444,846
0148_1.jpg,0271_3.jpg,148,271,1,3,cross_variable_variable,0,444,866
0148_1.jpg,0279_3.jpg,148,279,1,3,cross_variable_variable,0,444,894
0148_1.jpg,0282_3.jpg,148,282,1,3,cross_variable_variable,0,444,902
0154_1.jpg,0006_3.jpg,154,6,1,3,cross_variable_variable,0,460,18
0154_1.jpg,0012_3.jpg,154,12,1,3,cross_variable_variable,0,460,42
0154_1.jpg,0015_3.jpg,154,15,1,3,cross_variable_variable,0,460,46
0154_1.jpg,0018_3.jpg,154,18,1,3,cross_variable_variable,0,460,50
0154_1.jpg,0035_3.jpg,154,35,1,3,cross_variable_variable,0,460,110
0154_1.jpg,0042_3.jpg,154,42,1,3,cross_variable_variable,0,460,126
0154_1.jpg,0043_3.jpg,154,43,1,3,cross_variable_variable,0,460,130
0154_1.jpg,0060_3.jpg,154,60,1,3,cross_variable_variable,0,460,174
0154_1.jpg,0066_3.jpg,154,66,1,3,cross_variable_variable,0,460,194
0154_1.jpg,0067_3.jpg,154,67,1,3,cross_variable_variable,0,460,198
0154_1.jpg,0079_3.jpg,154,79,1,3,cross_variable_variable,0,460,242
0154_1.jpg,0086_3.jpg,154,86,1,3,cross_variable_variable,0,460,258
0154_1.jpg,0087_3.jpg,154,87,1,3,cross_variable_variable,0,460,262
0154_1.jpg,0089_3.jpg,154,89,1,3,cross_variable_variable,0,460,266
0154_1.jpg,0091_3.jpg,154,91,1,3,cross_variable_variable,0,460,274
0154_1.jpg,0093_3.jpg,154,93,1,3,cross_variable_variable,0,460,282
0154_1.jpg,0106_3.jpg,154,106,1,3,cross_variable_variable,0,460,326
0154_1.jpg,0109_3.jpg,154,109,1,3,cross_variable_variable,0,460,334
0154_1.jpg,0114_3.jpg,154,114,1,3,cross_variable_variable,0,460,342
0154_1.jpg,0130_3.jpg,154,130,1,3,cross_variable_variable,0,460,390
0154_1.jpg,0132_3.jpg,154,132,1,3,cross_variable_variable,0,460,398
0154_1.jpg,0148_3.jpg,154,148,1,3,cross_variable_variable,0,460,446
0154_1.jpg,0154_3.jpg,154,154,1,3,cross_variable_variable,1,460,462
0154_1.jpg,0161_3.jpg,154,161,1,3,cross_variable_variable,0,460,490
0154_1.jpg,0200_3.jpg,154,200,1,3,cross_variable_variable,0,460,606
0154_1.jpg,0204_3.jpg,154,204,1,3,cross_variable_variable,0,460,622
0154_1.jpg,0216_3.jpg,154,216,1,3,cross_variable_variable,0,460,666
0154_1.jpg,0219_3.jpg,154,219,1,3,cross_variable_variable,0,460,674
0154_1.jpg,0224_3.jpg,154,224,1,3,cross_variable_variable,0,460,694
0154_1.jpg,0237_3.jpg,154,237,1,3,cross_variable_variable,0,460,734
0154_1.jpg,0239_3.jpg,154,239,1,3,cross_variable_variable,0,460,742
0154_1.jpg,0248_3.jpg,154,248,1,3,cross_variable_variable,0,460,778
0154_1.jpg,0266_3.jpg,154,266,1,3,cross_variable_variable,0,460,846
0154_1.jpg,0271_3.jpg,154,271,1,3,cross_variable_variable,0,460,866
0154_1.jpg,0279_3.jpg,154,279,1,3,cross_variable_variable,0,460,894
0154_1.jpg,0282_3.jpg,154,282,1,3,cross_variable_variable,0,460,902
0161_1.jpg,0006_3.jpg,161,6,1,3,cross_variable_variable,0,488,18
0161_1.jpg,0012_3.jpg,161,12,1,3,cross_variable_variable,0,488,42
0161_1.jpg,0015_3.jpg,161,15,1,3,cross_variable_variable,0,488,46
0161_1.jpg,0018_3.jpg,161,18,1,3,cross_variable_variable,0,488,50
0161_1.jpg,0035_3.jpg,161,35,1,3,cross_variable_variable,0,488,110
0161_1.jpg,0042_3.jpg,161,42,1,3,cross_variable_variable,0,488,126
0161_1.jpg,0043_3.jpg,161,43,1,3,cross_variable_variable,0,488,130
0161_1.jpg,0060_3.jpg,161,60,1,3,cross_variable_variable,0,488,174
0161_1.jpg,0066_3.jpg,161,66,1,3,cross_variable_variable,0,488,194
0161_1.jpg,0067_3.jpg,161,67,1,3,cross_variable_variable,0,488,198
0161_1.jpg,0079_3.jpg,161,79,1,3,cross_variable_variable,0,488,242
0161_1.jpg,0086_3.jpg,161,86,1,3,cross_variable_variable,0,488,258
0161_1.jpg,0087_3.jpg,161,87,1,3,cross_variable_variable,0,488,262
0161_1.jpg,0089_3.jpg,161,89,1,3,cross_variable_variable,0,488,266
0161_1.jpg,0091_3.jpg,161,91,1,3,cross_variable_variable,0,488,274
0161_1.jpg,0093_3.jpg,161,93,1,3,cross_variable_variable,0,488,282
0161_1.jpg,0106_3.jpg,161,106,1,3,cross_variable_variable,0,488,326
0161_1.jpg,0109_3.jpg,161,109,1,3,cross_variable_variable,0,488,334
0161_1.jpg,0114_3.jpg,161,114,1,3,cross_variable_variable,0,488,342
0161_1.jpg,0130_3.jpg,161,130,1,3,cross_variable_variable,0,488,390
0161_1.jpg,0132_3.jpg,161,132,1,3,cross_variable_variable,0,488,398
0161_1.jpg,0148_3.jpg,161,148,1,3,cross_variable_variable,0,488,446
0161_1.jpg,0154_3.jpg,161,154,1,3,cross_variable_variable,0,488,462
0161_1.jpg,0161_3.jpg,161,161,1,3,cross_variable_variable,1,488,490
0161_1.jpg,0200_3.jpg,161,200,1,3,cross_variable_variable,0,488,606
0161_1.jpg,0204_3.jpg,161,204,1,3,cross_variable_variable,0,488,622
0161_1.jpg,0216_3.jpg,161,216,1,3,cross_variable_variable,0,488,666
0161_1.jpg,0219_3.jpg,161,219,1,3,cross_variable_variable,0,488,674
0161_1.jpg,0224_3.jpg,161,224,1,3,cross_variable_variable,0,488,694
0161_1.jpg,0237_3.jpg,161,237,1,3,cross_variable_variable,0,488,734
0161_1.jpg,0239_3.jpg,161,239,1,3,cross_variable_variable,0,488,742
0161_1.jpg,0248_3.jpg,161,248,1,3,cross_variable_variable,0,488,778
0161_1.jpg,0266_3.jpg,161,266,1,3,cross_variable_variable,0,488,846
0161_1.jpg,0271_3.jpg,161,271,1,3,cross_variable_variable,0,488,866
0161_1.jpg,0279_3.jpg,161,279,1,3,cross_variable_variable,0,488,894
0161_1.jpg,0282_3.jpg,161,282,1,3,cross_variable_variable,0,488,902
0200_1.jpg,0006_3.jpg,200,6,1,3,cross_variable_variable,0,604,18
0200_1.jpg,0012_3.jpg,200,12,1,3,cross_variable_variable,0,604,42
0200_1.jpg,0015_3.jpg,200,15,1,3,cross_variable_variable,0,604,46
0200_1.jpg,0018_3.jpg,200,18,1,3,cross_variable_variable,0,604,50
0200_1.jpg,0035_3.jpg,200,35,1,3,cross_variable_variable,0,604,110
0200_1.jpg,0042_3.jpg,200,42,1,3,cross_variable_variable,0,604,126
0200_1.jpg,0043_3.jpg,200,43,1,3,cross_variable_variable,0,604,130
0200_1.jpg,0060_3.jpg,200,60,1,3,cross_variable_variable,0,604,174
0200_1.jpg,0066_3.jpg,200,66,1,3,cross_variable_variable,0,604,194
0200_1.jpg,0067_3.jpg,200,67,1,3,cross_variable_variable,0,604,198
0200_1.jpg,0079_3.jpg,200,79,1,3,cross_variable_variable,0,604,242
0200_1.jpg,0086_3.jpg,200,86,1,3,cross_variable_variable,0,604,258
0200_1.jpg,0087_3.jpg,200,87,1,3,cross_variable_variable,0,604,262
0200_1.jpg,0089_3.jpg,200,89,1,3,cross_variable_variable,0,604,266
0200_1.jpg,0091_3.jpg,200,91,1,3,cross_variable_variable,0,604,274
0200_1.jpg,0093_3.jpg,200,93,1,3,cross_variable_variable,0,604,282
0200_1.jpg,0106_3.jpg,200,106,1,3,cross_variable_variable,0,604,326
0200_1.jpg,0109_3.jpg,200,109,1,3,cross_variable_variable,0,604,334
0200_1.jpg,0114_3.jpg,200,114,1,3,cross_variable_variable,0,604,342
0200_1.jpg,0130_3.jpg,200,130,1,3,cross_variable_variable,0,604,390
0200_1.jpg,0132_3.jpg,200,132,1,3,cross_variable_variable,0,604,398
0200_1.jpg,0148_3.jpg,200,148,1,3,cross_variable_variable,0,604,446
0200_1.jpg,0154_3.jpg,200,154,1,3,cross_variable_variable,0,604,462
0200_1.jpg,0161_3.jpg,200,161,1,3,cross_variable_variable,0,604,490
0200_1.jpg,0200_3.jpg,200,200,1,3,cross_variable_variable,1,604,606
0200_1.jpg,0204_3.jpg,200,204,1,3,cross_variable_variable,0,604,622
0200_1.jpg,0216_3.jpg,200,216,1,3,cross_variable_variable,0,604,666
0200_1.jpg,0219_3.jpg,200,219,1,3,cross_variable_variable,0,604,674
0200_1.jpg,0224_3.jpg,200,224,1,3,cross_variable_variable,0,604,694
0200_1.jpg,0237_3.jpg,200,237,1,3,cross_variable_variable,0,604,734
0200_1.jpg,0239_3.jpg,200,239,1,3,cross_variable_variable,0,604,742
0200_1.jpg,0248_3.jpg,200,248,1,3,cross_variable_variable,0,604,778
0200_1.jpg,0266_3.jpg,200,266,1,3,cross_variable_variable,0,604,846
0200_1.jpg,0271_3.jpg,200,271,1,3,cross_variable_variable,0,604,866
0200_1.jpg,0279_3.jpg,200,279,1,3,cross_variable_variable,0,604,894
0200_1.jpg,0282_3.jpg,200,282,1,3,cross_variable_variable,0,604,902
0204_1.jpg,0006_3.jpg,204,6,1,3,cross_variable_variable,0,620,18
0204_1.jpg,0012_3.jpg,204,12,1,3,cross_variable_variable,0,620,42
0204_1.jpg,0015_3.jpg,204,15,1,3,cross_variable_variable,0,620,46
0204_1.jpg,0018_3.jpg,204,18,1,3,cross_variable_variable,0,620,50
0204_1.jpg,0035_3.jpg,204,35,1,3,cross_variable_variable,0,620,110
0204_1.jpg,0042_3.jpg,204,42,1,3,cross_variable_variable,0,620,126
0204_1.jpg,0043_3.jpg,204,43,1,3,cross_variable_variable,0,620,130
0204_1.jpg,0060_3.jpg,204,60,1,3,cross_variable_variable,0,620,174
0204_1.jpg,0066_3.jpg,204,66,1,3,cross_variable_variable,0,620,194
0204_1.jpg,0067_3.jpg,204,67,1,3,cross_variable_variable,0,620,198
0204_1.jpg,0079_3.jpg,204,79,1,3,cross_variable_variable,0,620,242
0204_1.jpg,0086_3.jpg,204,86,1,3,cross_variable_variable,0,620,258
0204_1.jpg,0087_3.jpg,204,87,1,3,cross_variable_variable,0,620,262
0204_1.jpg,0089_3.jpg,204,89,1,3,cross_variable_variable,0,620,266
0204_1.jpg,0091_3.jpg,204,91,1,3,cross_variable_variable,0,620,274
0204_1.jpg,0093_3.jpg,204,93,1,3,cross_variable_variable,0,620,282
0204_1.jpg,0106_3.jpg,204,106,1,3,cross_variable_variable,0,620,326
0204_1.jpg,0109_3.jpg,204,109,1,3,cross_variable_variable,0,620,334
0204_1.jpg,0114_3.jpg,204,114,1,3,cross_variable_variable,0,620,342
0204_1.jpg,0130_3.jpg,204,130,1,3,cross_variable_variable,0,620,390
0204_1.jpg,0132_3.jpg,204,132,1,3,cross_variable_variable,0,620,398
0204_1.jpg,0148_3.jpg,204,148,1,3,cross_variable_variable,0,620,446
0204_1.jpg,0154_3.jpg,204,154,1,3,cross_variable_variable,0,620,462
0204_1.jpg,0161_3.jpg,204,161,1,3,cross_variable_variable,0,620,490
0204_1.jpg,0200_3.jpg,204,200,1,3,cross_variable_variable,0,620,606
0204_1.jpg,0204_3.jpg,204,204,1,3,cross_variable_variable,1,620,622
0204_1.jpg,0216_3.jpg,204,216,1,3,cross_variable_variable,0,620,666
0204_1.jpg,0219_3.jpg,204,219,1,3,cross_variable_variable,0,620,674
0204_1.jpg,0224_3.jpg,204,224,1,3,cross_variable_variable,0,620,694
0204_1.jpg,0237_3.jpg,204,237,1,3,cross_variable_variable,0,620,734
0204_1.jpg,0239_3.jpg,204,239,1,3,cross_variable_variable,0,620,742
0204_1.jpg,0248_3.jpg,204,248,1,3,cross_variable_variable,0,620,778
0204_1.jpg,0266_3.jpg,204,266,1,3,cross_variable_variable,0,620,846
0204_1.jpg,0271_3.jpg,204,271,1,3,cross_variable_variable,0,620,866
0204_1.jpg,0279_3.jpg,204,279,1,3,cross_variable_variable,0,620,894
0204_1.jpg,0282_3.jpg,204,282,1,3,cross_variable_variable,0,620,902
0216_1.jpg,0006_3.jpg,216,6,1,3,cross_variable_variable,0,664,18
0216_1.jpg,0012_3.jpg,216,12,1,3,cross_variable_variable,0,664,42
0216_1.jpg,0015_3.jpg,216,15,1,3,cross_variable_variable,0,664,46
0216_1.jpg,0018_3.jpg,216,18,1,3,cross_variable_variable,0,664,50
0216_1.jpg,0035_3.jpg,216,35,1,3,cross_variable_variable,0,664,110
0216_1.jpg,0042_3.jpg,216,42,1,3,cross_variable_variable,0,664,126
0216_1.jpg,0043_3.jpg,216,43,1,3,cross_variable_variable,0,664,130
0216_1.jpg,0060_3.jpg,216,60,1,3,cross_variable_variable,0,664,174
0216_1.jpg,0066_3.jpg,216,66,1,3,cross_variable_variable,0,664,194
0216_1.jpg,0067_3.jpg,216,67,1,3,cross_variable_variable,0,664,198
0216_1.jpg,0079_3.jpg,216,79,1,3,cross_variable_variable,0,664,242
0216_1.jpg,0086_3.jpg,216,86,1,3,cross_variable_variable,0,664,258
0216_1.jpg,0087_3.jpg,216,87,1,3,cross_variable_variable,0,664,262
0216_1.jpg,0089_3.jpg,216,89,1,3,cross_variable_variable,0,664,266
0216_1.jpg,0091_3.jpg,216,91,1,3,cross_variable_variable,0,664,274
0216_1.jpg,0093_3.jpg,216,93,1,3,cross_variable_variable,0,664,282
0216_1.jpg,0106_3.jpg,216,106,1,3,cross_variable_variable,0,664,326
0216_1.jpg,0109_3.jpg,216,109,1,3,cross_variable_variable,0,664,334
0216_1.jpg,0114_3.jpg,216,114,1,3,cross_variable_variable,0,664,342
0216_1.jpg,0130_3.jpg,216,130,1,3,cross_variable_variable,0,664,390
0216_1.jpg,0132_3.jpg,216,132,1,3,cross_variable_variable,0,664,398
0216_1.jpg,0148_3.jpg,216,148,1,3,cross_variable_variable,0,664,446
0216_1.jpg,0154_3.jpg,216,154,1,3,cross_variable_variable,0,664,462
0216_1.jpg,0161_3.jpg,216,161,1,3,cross_variable_variable,0,664,490
0216_1.jpg,0200_3.jpg,216,200,1,3,cross_variable_variable,0,664,606
0216_1.jpg,0204_3.jpg,216,204,1,3,cross_variable_variable,0,664,622
0216_1.jpg,0216_3.jpg,216,216,1,3,cross_variable_variable,1,664,666
0216_1.jpg,0219_3.jpg,216,219,1,3,cross_variable_variable,0,664,674
0216_1.jpg,0224_3.jpg,216,224,1,3,cross_variable_variable,0,664,694
0216_1.jpg,0237_3.jpg,216,237,1,3,cross_variable_variable,0,664,734
0216_1.jpg,0239_3.jpg,216,239,1,3,cross_variable_variable,0,664,742
0216_1.jpg,0248_3.jpg,216,248,1,3,cross_variable_variable,0,664,778
0216_1.jpg,0266_3.jpg,216,266,1,3,cross_variable_variable,0,664,846
0216_1.jpg,0271_3.jpg,216,271,1,3,cross_variable_variable,0,664,866
0216_1.jpg,0279_3.jpg,216,279,1,3,cross_variable_variable,0,664,894
0216_1.jpg,0282_3.jpg,216,282,1,3,cross_variable_variable,0,664,902
0219_1.jpg,0006_3.jpg,219,6,1,3,cross_variable_variable,0,672,18
0219_1.jpg,0012_3.jpg,219,12,1,3,cross_variable_variable,0,672,42
0219_1.jpg,0015_3.jpg,219,15,1,3,cross_variable_variable,0,672,46
0219_1.jpg,0018_3.jpg,219,18,1,3,cross_variable_variable,0,672,50
0219_1.jpg,0035_3.jpg,219,35,1,3,cross_variable_variable,0,672,110
0219_1.jpg,0042_3.jpg,219,42,1,3,cross_variable_variable,0,672,126
0219_1.jpg,0043_3.jpg,219,43,1,3,cross_variable_variable,0,672,130
0219_1.jpg,0060_3.jpg,219,60,1,3,cross_variable_variable,0,672,174
0219_1.jpg,0066_3.jpg,219,66,1,3,cross_variable_variable,0,672,194
0219_1.jpg,0067_3.jpg,219,67,1,3,cross_variable_variable,0,672,198
0219_1.jpg,0079_3.jpg,219,79,1,3,cross_variable_variable,0,672,242
0219_1.jpg,0086_3.jpg,219,86,1,3,cross_variable_variable,0,672,258
0219_1.jpg,0087_3.jpg,219,87,1,3,cross_variable_variable,0,672,262
0219_1.jpg,0089_3.jpg,219,89,1,3,cross_variable_variable,0,672,266
0219_1.jpg,0091_3.jpg,219,91,1,3,cross_variable_variable,0,672,274
0219_1.jpg,0093_3.jpg,219,93,1,3,cross_variable_variable,0,672,282
0219_1.jpg,0106_3.jpg,219,106,1,3,cross_variable_variable,0,672,326
0219_1.jpg,0109_3.jpg,219,109,1,3,cross_variable_variable,0,672,334
0219_1.jpg,0114_3.jpg,219,114,1,3,cross_variable_variable,0,672,342
0219_1.jpg,0130_3.jpg,219,130,1,3,cross_variable_variable,0,672,390
0219_1.jpg,0132_3.jpg,219,132,1,3,cross_variable_variable,0,672,398
0219_1.jpg,0148_3.jpg,219,148,1,3,cross_variable_variable,0,672,446
0219_1.jpg,0154_3.jpg,219,154,1,3,cross_variable_variable,0,672,462
0219_1.jpg,0161_3.jpg,219,161,1,3,cross_variable_variable,0,672,490
0219_1.jpg,0200_3.jpg,219,200,1,3,cross_variable_variable,0,672,606
0219_1.jpg,0204_3.jpg,219,204,1,3,cross_variable_variable,0,672,622
0219_1.jpg,0216_3.jpg,219,216,1,3,cross_variable_variable,0,672,666
0219_1.jpg,0219_3.jpg,219,219,1,3,cross_variable_variable,1,672,674
0219_1.jpg,0224_3.jpg,219,224,1,3,cross_variable_variable,0,672,694
0219_1.jpg,0237_3.jpg,219,237,1,3,cross_variable_variable,0,672,734
0219_1.jpg,0239_3.jpg,219,239,1,3,cross_variable_variable,0,672,742
0219_1.jpg,0248_3.jpg,219,248,1,3,cross_variable_variable,0,672,778
0219_1.jpg,0266_3.jpg,219,266,1,3,cross_variable_variable,0,672,846
0219_1.jpg,0271_3.jpg,219,271,1,3,cross_variable_variable,0,672,866
0219_1.jpg,0279_3.jpg,219,279,1,3,cross_variable_variable,0,672,894
0219_1.jpg,0282_3.jpg,219,282,1,3,cross_variable_variable,0,672,902
0224_1.jpg,0006_3.jpg,224,6,1,3,cross_variable_variable,0,692,18
0224_1.jpg,0012_3.jpg,224,12,1,3,cross_variable_variable,0,692,42
0224_1.jpg,0015_3.jpg,224,15,1,3,cross_variable_variable,0,692,46
0224_1.jpg,0018_3.jpg,224,18,1,3,cross_variable_variable,0,692,50
0224_1.jpg,0035_3.jpg,224,35,1,3,cross_variable_variable,0,692,110
0224_1.jpg,0042_3.jpg,224,42,1,3,cross_variable_variable,0,692,126
0224_1.jpg,0043_3.jpg,224,43,1,3,cross_variable_variable,0,692,130
0224_1.jpg,0060_3.jpg,224,60,1,3,cross_variable_variable,0,692,174
0224_1.jpg,0066_3.jpg,224,66,1,3,cross_variable_variable,0,692,194
0224_1.jpg,0067_3.jpg,224,67,1,3,cross_variable_variable,0,692,198
0224_1.jpg,0079_3.jpg,224,79,1,3,cross_variable_variable,0,692,242
0224_1.jpg,0086_3.jpg,224,86,1,3,cross_variable_variable,0,692,258
0224_1.jpg,0087_3.jpg,224,87,1,3,cross_variable_variable,0,692,262
0224_1.jpg,0089_3.jpg,224,89,1,3,cross_variable_variable,0,692,266
0224_1.jpg,0091_3.jpg,224,91,1,3,cross_variable_variable,0,692,274
0224_1.jpg,0093_3.jpg,224,93,1,3,cross_variable_variable,0,692,282
0224_1.jpg,0106_3.jpg,224,106,1,3,cross_variable_variable,0,692,326
0224_1.jpg,0109_3.jpg,224,109,1,3,cross_variable_variable,0,692,334
0224_1.jpg,0114_3.jpg,224,114,1,3,cross_variable_variable,0,692,342
0224_1.jpg,0130_3.jpg,224,130,1,3,cross_variable_variable,0,692,390
0224_1.jpg,0132_3.jpg,224,132,1,3,cross_variable_variable,0,692,398
0224_1.jpg,0148_3.jpg,224,148,1,3,cross_variable_variable,0,692,446
0224_1.jpg,0154_3.jpg,224,154,1,3,cross_variable_variable,0,692,462
0224_1.jpg,0161_3.jpg,224,161,1,3,cross_variable_variable,0,692,490
0224_1.jpg,0200_3.jpg,224,200,1,3,cross_variable_variable,0,692,606
0224_1.jpg,0204_3.jpg,224,204,1,3,cross_variable_variable,0,692,622
0224_1.jpg,0216_3.jpg,224,216,1,3,cross_variable_variable,0,692,666
0224_1.jpg,0219_3.jpg,224,219,1,3,cross_variable_variable,0,692,674
0224_1.jpg,0224_3.jpg,224,224,1,3,cross_variable_variable,1,692,694
0224_1.jpg,0237_3.jpg,224,237,1,3,cross_variable_variable,0,692,734
0224_1.jpg,0239_3.jpg,224,239,1,3,cross_variable_variable,0,692,742
0224_1.jpg,0248_3.jpg,224,248,1,3,cross_variable_variable,0,692,778
0224_1.jpg,0266_3.jpg,224,266,1,3,cross_variable_variable,0,692,846
0224_1.jpg,0271_3.jpg,224,271,1,3,cross_variable_variable,0,692,866
0224_1.jpg,0279_3.jpg,224,279,1,3,cross_variable_variable,0,692,894
0224_1.jpg,0282_3.jpg,224,282,1,3,cross_variable_variable,0,692,902
0237_1.jpg,0006_3.jpg,237,6,1,3,cross_variable_variable,0,732,18
0237_1.jpg,0012_3.jpg,237,12,1,3,cross_variable_variable,0,732,42
0237_1.jpg,0015_3.jpg,237,15,1,3,cross_variable_variable,0,732,46
0237_1.jpg,0018_3.jpg,237,18,1,3,cross_variable_variable,0,732,50
0237_1.jpg,0035_3.jpg,237,35,1,3,cross_variable_variable,0,732,110
0237_1.jpg,0042_3.jpg,237,42,1,3,cross_variable_variable,0,732,126
0237_1.jpg,0043_3.jpg,237,43,1,3,cross_variable_variable,0,732,130
0237_1.jpg,0060_3.jpg,237,60,1,3,cross_variable_variable,0,732,174
0237_1.jpg,0066_3.jpg,237,66,1,3,cross_variable_variable,0,732,194
0237_1.jpg,0067_3.jpg,237,67,1,3,cross_variable_variable,0,732,198
0237_1.jpg,0079_3.jpg,237,79,1,3,cross_variable_variable,0,732,242
0237_1.jpg,0086_3.jpg,237,86,1,3,cross_variable_variable,0,732,258
0237_1.jpg,0087_3.jpg,237,87,1,3,cross_variable_variable,0,732,262
0237_1.jpg,0089_3.jpg,237,89,1,3,cross_variable_variable,0,732,266
0237_1.jpg,0091_3.jpg,237,91,1,3,cross_variable_variable,0,732,274
0237_1.jpg,0093_3.jpg,237,93,1,3,cross_variable_variable,0,732,282
0237_1.jpg,0106_3.jpg,237,106,1,3,cross_variable_variable,0,732,326
0237_1.jpg,0109_3.jpg,237,109,1,3,cross_variable_variable,0,732,334
0237_1.jpg,0114_3.jpg,237,114,1,3,cross_variable_variable,0,732,342
0237_1.jpg,0130_3.jpg,237,130,1,3,cross_variable_variable,0,732,390
0237_1.jpg,0132_3.jpg,237,132,1,3,cross_variable_variable,0,732,398
0237_1.jpg,0148_3.jpg,237,148,1,3,cross_variable_variable,0,732,446
0237_1.jpg,0154_3.jpg,237,154,1,3,cross_variable_variable,0,732,462
0237_1.jpg,0161_3.jpg,237,161,1,3,cross_variable_variable,0,732,490
0237_1.jpg,0200_3.jpg,237,200,1,3,cross_variable_variable,0,732,606
0237_1.jpg,0204_3.jpg,237,204,1,3,cross_variable_variable,0,732,622
0237_1.jpg,0216_3.jpg,237,216,1,3,cross_variable_variable,0,732,666
0237_1.jpg,0219_3.jpg,237,219,1,3,cross_variable_variable,0,732,674
0237_1.jpg,0224_3.jpg,237,224,1,3,cross_variable_variable,0,732,694
0237_1.jpg,0237_3.jpg,237,237,1,3,cross_variable_variable,1,732,734
0237_1.jpg,0239_3.jpg,237,239,1,3,cross_variable_variable,0,732,742
0237_1.jpg,0248_3.jpg,237,248,1,3,cross_variable_variable,0,732,778
0237_1.jpg,0266_3.jpg,237,266,1,3,cross_variable_variable,0,732,846
0237_1.jpg,0271_3.jpg,237,271,1,3,cross_variable_variable,0,732,866
0237_1.jpg,0279_3.jpg,237,279,1,3,cross_variable_variable,0,732,894
0237_1.jpg,0282_3.jpg,237,282,1,3,cross_variable_variable,0,732,902
0239_1.jpg,0006_3.jpg,239,6,1,3,cross_variable_variable,0,740,18
0239_1.jpg,0012_3.jpg,239,12,1,3,cross_variable_variable,0,740,42
0239_1.jpg,0015_3.jpg,239,15,1,3,cross_variable_variable,0,740,46
0239_1.jpg,0018_3.jpg,239,18,1,3,cross_variable_variable,0,740,50
0239_1.jpg,0035_3.jpg,239,35,1,3,cross_variable_variable,0,740,110
0239_1.jpg,0042_3.jpg,239,42,1,3,cross_variable_variable,0,740,126
0239_1.jpg,0043_3.jpg,239,43,1,3,cross_variable_variable,0,740,130
0239_1.jpg,0060_3.jpg,239,60,1,3,cross_variable_variable,0,740,174
0239_1.jpg,0066_3.jpg,239,66,1,3,cross_variable_variable,0,740,194
0239_1.jpg,0067_3.jpg,239,67,1,3,cross_variable_variable,0,740,198
0239_1.jpg,0079_3.jpg,239,79,1,3,cross_variable_variable,0,740,242
0239_1.jpg,0086_3.jpg,239,86,1,3,cross_variable_variable,0,740,258
0239_1.jpg,0087_3.jpg,239,87,1,3,cross_variable_variable,0,740,262
0239_1.jpg,0089_3.jpg,239,89,1,3,cross_variable_variable,0,740,266
0239_1.jpg,0091_3.jpg,239,91,1,3,cross_variable_variable,0,740,274
0239_1.jpg,0093_3.jpg,239,93,1,3,cross_variable_variable,0,740,282
0239_1.jpg,0106_3.jpg,239,106,1,3,cross_variable_variable,0,740,326
0239_1.jpg,0109_3.jpg,239,109,1,3,cross_variable_variable,0,740,334
0239_1.jpg,0114_3.jpg,239,114,1,3,cross_variable_variable,0,740,342
0239_1.jpg,0130_3.jpg,239,130,1,3,cross_variable_variable,0,740,390
0239_1.jpg,0132_3.jpg,239,132,1,3,cross_variable_variable,0,740,398
0239_1.jpg,0148_3.jpg,239,148,1,3,cross_variable_variable,0,740,446
0239_1.jpg,0154_3.jpg,239,154,1,3,cross_variable_variable,0,740,462
0239_1.jpg,0161_3.jpg,239,161,1,3,cross_variable_variable,0,740,490
0239_1.jpg,0200_3.jpg,239,200,1,3,cross_variable_variable,0,740,606
0239_1.jpg,0204_3.jpg,239,204,1,3,cross_variable_variable,0,740,622
0239_1.jpg,0216_3.jpg,239,216,1,3,cross_variable_variable,0,740,666
0239_1.jpg,0219_3.jpg,239,219,1,3,cross_variable_variable,0,740,674
0239_1.jpg,0224_3.jpg,239,224,1,3,cross_variable_variable,0,740,694
0239_1.jpg,0237_3.jpg,239,237,1,3,cross_variable_variable,0,740,734
0239_1.jpg,0239_3.jpg,239,239,1,3,cross_variable_variable,1,740,742
0239_1.jpg,0248_3.jpg,239,248,1,3,cross_variable_variable,0,740,778
0239_1.jpg,0266_3.jpg,239,266,1,3,cross_variable_variable,0,740,846
0239_1.jpg,0271_3.jpg,239,271,1,3,cross_variable_variable,0,740,866
0239_1.jpg,0279_3.jpg,239,279,1,3,cross_variable_variable,0,740,894
0239_1.jpg,0282_3.jpg,239,282,1,3,cross_variable_variable,0,740,902
0248_1.jpg,0006_3.jpg,248,6,1,3,cross_variable_variable,0,776,18
0248_1.jpg,0012_3.jpg,248,12,1,3,cross_variable_variable,0,776,42
0248_1.jpg,0015_3.jpg,248,15,1,3,cross_variable_variable,0,776,46
0248_1.jpg,0018_3.jpg,248,18,1,3,cross_variable_variable,0,776,50
0248_1.jpg,0035_3.jpg,248,35,1,3,cross_variable_variable,0,776,110
0248_1.jpg,0042_3.jpg,248,42,1,3,cross_variable_variable,0,776,126
0248_1.jpg,0043_3.jpg,248,43,1,3,cross_variable_variable,0,776,130
0248_1.jpg,0060_3.jpg,248,60,1,3,cross_variable_variable,0,776,174
0248_1.jpg,0066_3.jpg,248,66,1,3,cross_variable_variable,0,776,194
0248_1.jpg,0067_3.jpg,248,67,1,3,cross_variable_variable,0,776,198
0248_1.jpg,0079_3.jpg,248,79,1,3,cross_variable_variable,0,776,242
0248_1.jpg,0086_3.jpg,248,86,1,3,cross_variable_variable,0,776,258
0248_1.jpg,0087_3.jpg,248,87,1,3,cross_variable_variable,0,776,262
0248_1.jpg,0089_3.jpg,248,89,1,3,cross_variable_variable,0,776,266
0248_1.jpg,0091_3.jpg,248,91,1,3,cross_variable_variable,0,776,274
0248_1.jpg,0093_3.jpg,248,93,1,3,cross_variable_variable,0,776,282
0248_1.jpg,0106_3.jpg,248,106,1,3,cross_variable_variable,0,776,326
0248_1.jpg,0109_3.jpg,248,109,1,3,cross_variable_variable,0,776,334
0248_1.jpg,0114_3.jpg,248,114,1,3,cross_variable_variable,0,776,342
0248_1.jpg,0130_3.jpg,248,130,1,3,cross_variable_variable,0,776,390
0248_1.jpg,0132_3.jpg,248,132,1,3,cross_variable_variable,0,776,398
0248_1.jpg,0148_3.jpg,248,148,1,3,cross_variable_variable,0,776,446
0248_1.jpg,0154_3.jpg,248,154,1,3,cross_variable_variable,0,776,462
0248_1.jpg,0161_3.jpg,248,161,1,3,cross_variable_variable,0,776,490
0248_1.jpg,0200_3.jpg,248,200,1,3,cross_variable_variable,0,776,606
0248_1.jpg,0204_3.jpg,248,204,1,3,cross_variable_variable,0,776,622
0248_1.jpg,0216_3.jpg,248,216,1,3,cross_variable_variable,0,776,666
0248_1.jpg,0219_3.jpg,248,219,1,3,cross_variable_variable,0,776,674
0248_1.jpg,0224_3.jpg,248,224,1,3,cross_variable_variable,0,776,694
0248_1.jpg,0237_3.jpg,248,237,1,3,cross_variable_variable,0,776,734
0248_1.jpg,0239_3.jpg,248,239,1,3,cross_variable_variable,0,776,742
0248_1.jpg,0248_3.jpg,248,248,1,3,cross_variable_variable,1,776,778
0248_1.jpg,0266_3.jpg,248,266,1,3,cross_variable_variable,0,776,846
0248_1.jpg,0271_3.jpg,248,271,1,3,cross_variable_variable,0,776,866
0248_1.jpg,0279_3.jpg,248,279,1,3,cross_variable_variable,0,776,894
0248_1.jpg,0282_3.jpg,248,282,1,3,cross_variable_variable,0,776,902
0266_1.jpg,0006_3.jpg,266,6,1,3,cross_variable_variable,0,844,18
0266_1.jpg,0012_3.jpg,266,12,1,3,cross_variable_variable,0,844,42
0266_1.jpg,0015_3.jpg,266,15,1,3,cross_variable_variable,0,844,46
0266_1.jpg,0018_3.jpg,266,18,1,3,cross_variable_variable,0,844,50
0266_1.jpg,0035_3.jpg,266,35,1,3,cross_variable_variable,0,844,110
0266_1.jpg,0042_3.jpg,266,42,1,3,cross_variable_variable,0,844,126
0266_1.jpg,0043_3.jpg,266,43,1,3,cross_variable_variable,0,844,130
0266_1.jpg,0060_3.jpg,266,60,1,3,cross_variable_variable,0,844,174
0266_1.jpg,0066_3.jpg,266,66,1,3,cross_variable_variable,0,844,194
0266_1.jpg,0067_3.jpg,266,67,1,3,cross_variable_variable,0,844,198
0266_1.jpg,0079_3.jpg,266,79,1,3,cross_variable_variable,0,844,242
0266_1.jpg,0086_3.jpg,266,86,1,3,cross_variable_variable,0,844,258
0266_1.jpg,0087_3.jpg,266,87,1,3,cross_variable_variable,0,844,262
0266_1.jpg,0089_3.jpg,266,89,1,3,cross_variable_variable,0,844,266
0266_1.jpg,0091_3.jpg,266,91,1,3,cross_variable_variable,0,844,274
0266_1.jpg,0093_3.jpg,266,93,1,3,cross_variable_variable,0,844,282
0266_1.jpg,0106_3.jpg,266,106,1,3,cross_variable_variable,0,844,326
0266_1.jpg,0109_3.jpg,266,109,1,3,cross_variable_variable,0,844,334
0266_1.jpg,0114_3.jpg,266,114,1,3,cross_variable_variable,0,844,342
0266_1.jpg,0130_3.jpg,266,130,1,3,cross_variable_variable,0,844,390
0266_1.jpg,0132_3.jpg,266,132,1,3,cross_variable_variable,0,844,398
0266_1.jpg,0148_3.jpg,266,148,1,3,cross_variable_variable,0,844,446
0266_1.jpg,0154_3.jpg,266,154,1,3,cross_variable_variable,0,844,462
0266_1.jpg,0161_3.jpg,266,161,1,3,cross_variable_variable,0,844,490
0266_1.jpg,0200_3.jpg,266,200,1,3,cross_variable_variable,0,844,606
0266_1.jpg,0204_3.jpg,266,204,1,3,cross_variable_variable,0,844,622
0266_1.jpg,0216_3.jpg,266,216,1,3,cross_variable_variable,0,844,666
0266_1.jpg,0219_3.jpg,266,219,1,3,cross_variable_variable,0,844,674
0266_1.jpg,0224_3.jpg,266,224,1,3,cross_variable_variable,0,844,694
0266_1.jpg,0237_3.jpg,266,237,1,3,cross_variable_variable,0,844,734
0266_1.jpg,0239_3.jpg,266,239,1,3,cross_variable_variable,0,844,742
0266_1.jpg,0248_3.jpg,266,248,1,3,cross_variable_variable,0,844,778
0266_1.jpg,0266_3.jpg,266,266,1,3,cross_variable_variable,1,844,846
0266_1.jpg,0271_3.jpg,266,271,1,3,cross_variable_variable,0,844,866
0266_1.jpg,0279_3.jpg,266,279,1,3,cross_variable_variable,0,844,894
0266_1.jpg,0282_3.jpg,266,282,1,3,cross_variable_variable,0,844,902
0271_1.jpg,0006_3.jpg,271,6,1,3,cross_variable_variable,0,864,18
0271_1.jpg,0012_3.jpg,271,12,1,3,cross_variable_variable,0,864,42
0271_1.jpg,0015_3.jpg,271,15,1,3,cross_variable_variable,0,864,46
0271_1.jpg,0018_3.jpg,271,18,1,3,cross_variable_variable,0,864,50
0271_1.jpg,0035_3.jpg,271,35,1,3,cross_variable_variable,0,864,110
0271_1.jpg,0042_3.jpg,271,42,1,3,cross_variable_variable,0,864,126
0271_1.jpg,0043_3.jpg,271,43,1,3,cross_variable_variable,0,864,130
0271_1.jpg,0060_3.jpg,271,60,1,3,cross_variable_variable,0,864,174
0271_1.jpg,0066_3.jpg,271,66,1,3,cross_variable_variable,0,864,194
0271_1.jpg,0067_3.jpg,271,67,1,3,cross_variable_variable,0,864,198
0271_1.jpg,0079_3.jpg,271,79,1,3,cross_variable_variable,0,864,242
0271_1.jpg,0086_3.jpg,271,86,1,3,cross_variable_variable,0,864,258
0271_1.jpg,0087_3.jpg,271,87,1,3,cross_variable_variable,0,864,262
0271_1.jpg,0089_3.jpg,271,89,1,3,cross_variable_variable,0,864,266
0271_1.jpg,0091_3.jpg,271,91,1,3,cross_variable_variable,0,864,274
0271_1.jpg,0093_3.jpg,271,93,1,3,cross_variable_variable,0,864,282
0271_1.jpg,0106_3.jpg,271,106,1,3,cross_variable_variable,0,864,326
0271_1.jpg,0109_3.jpg,271,109,1,3,cross_variable_variable,0,864,334
0271_1.jpg,0114_3.jpg,271,114,1,3,cross_variable_variable,0,864,342
0271_1.jpg,0130_3.jpg,271,130,1,3,cross_variable_variable,0,864,390
0271_1.jpg,0132_3.jpg,271,132,1,3,cross_variable_variable,0,864,398
0271_1.jpg,0148_3.jpg,271,148,1,3,cross_variable_variable,0,864,446
0271_1.jpg,0154_3.jpg,271,154,1,3,cross_variable_variable,0,864,462
0271_1.jpg,0161_3.jpg,271,161,1,3,cross_variable_variable,0,864,490
0271_1.jpg,0200_3.jpg,271,200,1,3,cross_variable_variable,0,864,606
0271_1.jpg,0204_3.jpg,271,204,1,3,cross_variable_variable,0,864,622
0271_1.jpg,0216_3.jpg,271,216,1,3,cross_variable_variable,0,864,666
0271_1.jpg,0219_3.jpg,271,219,1,3,cross_variable_variable,0,864,674
0271_1.jpg,0224_3.jpg,271,224,1,3,cross_variable_variable,0,864,694
0271_1.jpg,0237_3.jpg,271,237,1,3,cross_variable_variable,0,864,734
0271_1.jpg,0239_3.jpg,271,239,1,3,cross_variable_variable,0,864,742
0271_1.jpg,0248_3.jpg,271,248,1,3,cross_variable_variable,0,864,778
0271_1.jpg,0266_3.jpg,271,266,1,3,cross_variable_variable,0,864,846
0271_1.jpg,0271_3.jpg,271,271,1,3,cross_variable_variable,1,864,866
0271_1.jpg,0279_3.jpg,271,279,1,3,cross_variable_variable,0,864,894
0271_1.jpg,0282_3.jpg,271,282,1,3,cross_variable_variable,0,864,902
0279_1.jpg,0006_3.jpg,279,6,1,3,cross_variable_variable,0,892,18
0279_1.jpg,0012_3.jpg,279,12,1,3,cross_variable_variable,0,892,42
0279_1.jpg,0015_3.jpg,279,15,1,3,cross_variable_variable,0,892,46
0279_1.jpg,0018_3.jpg,279,18,1,3,cross_variable_variable,0,892,50
0279_1.jpg,0035_3.jpg,279,35,1,3,cross_variable_variable,0,892,110
0279_1.jpg,0042_3.jpg,279,42,1,3,cross_variable_variable,0,892,126
0279_1.jpg,0043_3.jpg,279,43,1,3,cross_variable_variable,0,892,130
0279_1.jpg,0060_3.jpg,279,60,1,3,cross_variable_variable,0,892,174
0279_1.jpg,0066_3.jpg,279,66,1,3,cross_variable_variable,0,892,194
0279_1.jpg,0067_3.jpg,279,67,1,3,cross_variable_variable,0,892,198
0279_1.jpg,0079_3.jpg,279,79,1,3,cross_variable_variable,0,892,242
0279_1.jpg,0086_3.jpg,279,86,1,3,cross_variable_variable,0,892,258
0279_1.jpg,0087_3.jpg,279,87,1,3,cross_variable_variable,0,892,262
0279_1.jpg,0089_3.jpg,279,89,1,3,cross_variable_variable,0,892,266
0279_1.jpg,0091_3.jpg,279,91,1,3,cross_variable_variable,0,892,274
0279_1.jpg,0093_3.jpg,279,93,1,3,cross_variable_variable,0,892,282
0279_1.jpg,0106_3.jpg,279,106,1,3,cross_variable_variable,0,892,326
0279_1.jpg,0109_3.jpg,279,109,1,3,cross_variable_variable,0,892,334
0279_1.jpg,0114_3.jpg,279,114,1,3,cross_variable_variable,0,892,342
0279_1.jpg,0130_3.jpg,279,130,1,3,cross_variable_variable,0,892,390
0279_1.jpg,0132_3.jpg,279,132,1,3,cross_variable_variable,0,892,398
0279_1.jpg,0148_3.jpg,279,148,1,3,cross_variable_variable,0,892,446
0279_1.jpg,0154_3.jpg,279,154,1,3,cross_variable_variable,0,892,462
0279_1.jpg,0161_3.jpg,279,161,1,3,cross_variable_variable,0,892,490
0279_1.jpg,0200_3.jpg,279,200,1,3,cross_variable_variable,0,892,606
0279_1.jpg,0204_3.jpg,279,204,1,3,cross_variable_variable,0,892,622
0279_1.jpg,0216_3.jpg,279,216,1,3,cross_variable_variable,0,892,666
0279_1.jpg,0219_3.jpg,279,219,1,3,cross_variable_variable,0,892,674
0279_1.jpg,0224_3.jpg,279,224,1,3,cross_variable_variable,0,892,694
0279_1.jpg,0237_3.jpg,279,237,1,3,cross_variable_variable,0,892,734
0279_1.jpg,0239_3.jpg,279,239,1,3,cross_variable_variable,0,892,742
0279_1.jpg,0248_3.jpg,279,248,1,3,cross_variable_variable,0,892,778
0279_1.jpg,0266_3.jpg,279,266,1,3,cross_variable_variable,0,892,846
0279_1.jpg,0271_3.jpg,279,271,1,3,cross_variable_variable,0,892,866
0279_1.jpg,0279_3.jpg,279,279,1,3,cross_variable_variable,1,892,894
0279_1.jpg,0282_3.jpg,279,282,1,3,cross_variable_variable,0,892,902
0282_1.jpg,0006_3.jpg,282,6,1,3,cross_variable_variable,0,900,18
0282_1.jpg,0012_3.jpg,282,12,1,3,cross_variable_variable,0,900,42
0282_1.jpg,0015_3.jpg,282,15,1,3,cross_variable_variable,0,900,46
0282_1.jpg,0018_3.jpg,282,18,1,3,cross_variable_variable,0,900,50
0282_1.jpg,0035_3.jpg,282,35,1,3,cross_variable_variable,0,900,110
0282_1.jpg,0042_3.jpg,282,42,1,3,cross_variable_variable,0,900,126
0282_1.jpg,0043_3.jpg,282,43,1,3,cross_variable_variable,0,900,130
0282_1.jpg,0060_3.jpg,282,60,1,3,cross_variable_variable,0,900,174
0282_1.jpg,0066_3.jpg,282,66,1,3,cross_variable_variable,0,900,194
0282_1.jpg,0067_3.jpg,282,67,1,3,cross_variable_variable,0,900,198
0282_1.jpg,0079_3.jpg,282,79,1,3,cross_variable_variable,0,900,242
0282_1.jpg,0086_3.jpg,282,86,1,3,cross_variable_variable,0,900,258
0282_1.jpg,0087_3.jpg,282,87,1,3,cross_variable_variable,0,900,262
0282_1.jpg,0089_3.jpg,282,89,1,3,cross_variable_variable,0,900,266
0282_1.jpg,0091_3.jpg,282,91,1,3,cross_variable_variable,0,900,274
0282_1.jpg,0093_3.jpg,282,93,1,3,cross_variable_variable,0,900,282
0282_1.jpg,0106_3.jpg,282,106,1,3,cross_variable_variable,0,900,326
0282_1.jpg,0109_3.jpg,282,109,1,3,cross_variable_variable,0,900,334
0282_1.jpg,0114_3.jpg,282,114,1,3,cross_variable_variable,0,900,342
0282_1.jpg,0130_3.jpg,282,130,1,3,cross_variable_variable,0,900,390
0282_1.jpg,0132_3.jpg,282,132,1,3,cross_variable_variable,0,900,398
0282_1.jpg,0148_3.jpg,282,148,1,3,cross_variable_variable,0,900,446
0282_1.jpg,0154_3.jpg,282,154,1,3,cross_variable_variable,0,900,462
0282_1.jpg,0161_3.jpg,282,161,1,3,cross_variable_variable,0,900,490
0282_1.jpg,0200_3.jpg,282,200,1,3,cross_variable_variable,0,900,606
0282_1.jpg,0204_3.jpg,282,204,1,3,cross_variable_variable,0,900,622
0282_1.jpg,0216_3.jpg,282,216,1,3,cross_variable_variable,0,900,666
0282_1.jpg,0219_3.jpg,282,219,1,3,cross_variable_variable,0,900,674
0282_1.jpg,0224_3.jpg,282,224,1,3,cross_variable_variable,0,900,694
0282_1.jpg,0237_3.jpg,282,237,1,3,cross_variable_variable,0,900,734
0282_1.jpg,0239_3.jpg,282,239,1,3,cross_variable_variable,0,900,742
0282_1.jpg,0248_3.jpg,282,248,1,3,cross_variable_variable,0,900,778
0282_1.jpg,0266_3.jpg,282,266,1,3,cross_variable_variable,0,900,846
0282_1.jpg,0271_3.jpg,282,271,1,3,cross_variable_variable,0,900,866
0282_1.jpg,0279_3.jpg,282,279,1,3,cross_variable_variable,0,900,894
0282_1.jpg,0282_3.jpg,282,282,1,3,cross_variable_variable,1,900,902
0006_1.jpg,0006_4.jpg,6,6,1,4,cross_variable_same,1,16,19
0006_1.jpg,0012_4.jpg,6,12,1,4,cross_variable_same,0,16,43
0006_1.jpg,0015_4.jpg,6,15,1,4,cross_variable_same,0,16,47
0006_1.jpg,0018_4.jpg,6,18,1,4,cross_variable_same,0,16,51
0006_1.jpg,0035_4.jpg,6,35,1,4,cross_variable_same,0,16,111
0006_1.jpg,0042_4.jpg,6,42,1,4,cross_variable_same,0,16,127
0006_1.jpg,0043_4.jpg,6,43,1,4,cross_variable_same,0,16,131
0006_1.jpg,0060_4.jpg,6,60,1,4,cross_variable_same,0,16,175
0006_1.jpg,0066_4.jpg,6,66,1,4,cross_variable_same,0,16,195
0006_1.jpg,0067_4.jpg,6,67,1,4,cross_variable_same,0,16,199
0006_1.jpg,0079_4.jpg,6,79,1,4,cross_variable_same,0,16,243
0006_1.jpg,0086_4.jpg,6,86,1,4,cross_variable_same,0,16,259
0006_1.jpg,0087_4.jpg,6,87,1,4,cross_variable_same,0,16,263
0006_1.jpg,0089_4.jpg,6,89,1,4,cross_variable_same,0,16,267
0006_1.jpg,0091_4.jpg,6,91,1,4,cross_variable_same,0,16,275
0006_1.jpg,0093_4.jpg,6,93,1,4,cross_variable_same,0,16,283
0006_1.jpg,0106_4.jpg,6,106,1,4,cross_variable_same,0,16,327
0006_1.jpg,0109_4.jpg,6,109,1,4,cross_variable_same,0,16,335
0006_1.jpg,0114_4.jpg,6,114,1,4,cross_variable_same,0,16,343
0006_1.jpg,0130_4.jpg,6,130,1,4,cross_variable_same,0,16,391
0006_1.jpg,0132_4.jpg,6,132,1,4,cross_variable_same,0,16,399
0006_1.jpg,0148_4.jpg,6,148,1,4,cross_variable_same,0,16,447
0006_1.jpg,0154_4.jpg,6,154,1,4,cross_variable_same,0,16,463
0006_1.jpg,0161_4.jpg,6,161,1,4,cross_variable_same,0,16,491
0006_1.jpg,0200_4.jpg,6,200,1,4,cross_variable_same,0,16,607
0006_1.jpg,0204_4.jpg,6,204,1,4,cross_variable_same,0,16,623
0006_1.jpg,0216_4.jpg,6,216,1,4,cross_variable_same,0,16,667
0006_1.jpg,0219_4.jpg,6,219,1,4,cross_variable_same,0,16,675
0006_1.jpg,0224_4.jpg,6,224,1,4,cross_variable_same,0,16,695
0006_1.jpg,0237_4.jpg,6,237,1,4,cross_variable_same,0,16,735
0006_1.jpg,0239_4.jpg,6,239,1,4,cross_variable_same,0,16,743
0006_1.jpg,0248_4.jpg,6,248,1,4,cross_variable_same,0,16,779
0006_1.jpg,0266_4.jpg,6,266,1,4,cross_variable_same,0,16,847
0006_1.jpg,0271_4.jpg,6,271,1,4,cross_variable_same,0,16,867
0006_1.jpg,0279_4.jpg,6,279,1,4,cross_variable_same,0,16,895
0006_1.jpg,0282_4.jpg,6,282,1,4,cross_variable_same,0,16,903
0012_1.jpg,0006_4.jpg,12,6,1,4,cross_variable_same,0,40,19
0012_1.jpg,0012_4.jpg,12,12,1,4,cross_variable_same,1,40,43
0012_1.jpg,0015_4.jpg,12,15,1,4,cross_variable_same,0,40,47
0012_1.jpg,0018_4.jpg,12,18,1,4,cross_variable_same,0,40,51
0012_1.jpg,0035_4.jpg,12,35,1,4,cross_variable_same,0,40,111
0012_1.jpg,0042_4.jpg,12,42,1,4,cross_variable_same,0,40,127
0012_1.jpg,0043_4.jpg,12,43,1,4,cross_variable_same,0,40,131
0012_1.jpg,0060_4.jpg,12,60,1,4,cross_variable_same,0,40,175
0012_1.jpg,0066_4.jpg,12,66,1,4,cross_variable_same,0,40,195
0012_1.jpg,0067_4.jpg,12,67,1,4,cross_variable_same,0,40,199
0012_1.jpg,0079_4.jpg,12,79,1,4,cross_variable_same,0,40,243
0012_1.jpg,0086_4.jpg,12,86,1,4,cross_variable_same,0,40,259
0012_1.jpg,0087_4.jpg,12,87,1,4,cross_variable_same,0,40,263
0012_1.jpg,0089_4.jpg,12,89,1,4,cross_variable_same,0,40,267
0012_1.jpg,0091_4.jpg,12,91,1,4,cross_variable_same,0,40,275
0012_1.jpg,0093_4.jpg,12,93,1,4,cross_variable_same,0,40,283
0012_1.jpg,0106_4.jpg,12,106,1,4,cross_variable_same,0,40,327
0012_1.jpg,0109_4.jpg,12,109,1,4,cross_variable_same,0,40,335
0012_1.jpg,0114_4.jpg,12,114,1,4,cross_variable_same,0,40,343
0012_1.jpg,0130_4.jpg,12,130,1,4,cross_variable_same,0,40,391
0012_1.jpg,0132_4.jpg,12,132,1,4,cross_variable_same,0,40,399
0012_1.jpg,0148_4.jpg,12,148,1,4,cross_variable_same,0,40,447
0012_1.jpg,0154_4.jpg,12,154,1,4,cross_variable_same,0,40,463
0012_1.jpg,0161_4.jpg,12,161,1,4,cross_variable_same,0,40,491
0012_1.jpg,0200_4.jpg,12,200,1,4,cross_variable_same,0,40,607
0012_1.jpg,0204_4.jpg,12,204,1,4,cross_variable_same,0,40,623
0012_1.jpg,0216_4.jpg,12,216,1,4,cross_variable_same,0,40,667
0012_1.jpg,0219_4.jpg,12,219,1,4,cross_variable_same,0,40,675
0012_1.jpg,0224_4.jpg,12,224,1,4,cross_variable_same,0,40,695
0012_1.jpg,0237_4.jpg,12,237,1,4,cross_variable_same,0,40,735
0012_1.jpg,0239_4.jpg,12,239,1,4,cross_variable_same,0,40,743
0012_1.jpg,0248_4.jpg,12,248,1,4,cross_variable_same,0,40,779
0012_1.jpg,0266_4.jpg,12,266,1,4,cross_variable_same,0,40,847
0012_1.jpg,0271_4.jpg,12,271,1,4,cross_variable_same,0,40,867
0012_1.jpg,0279_4.jpg,12,279,1,4,cross_variable_same,0,40,895
0012_1.jpg,0282_4.jpg,12,282,1,4,cross_variable_same,0,40,903
0015_1.jpg,0006_4.jpg,15,6,1,4,cross_variable_same,0,44,19
0015_1.jpg,0012_4.jpg,15,12,1,4,cross_variable_same,0,44,43
0015_1.jpg,0015_4.jpg,15,15,1,4,cross_variable_same,1,44,47
0015_1.jpg,0018_4.jpg,15,18,1,4,cross_variable_same,0,44,51
0015_1.jpg,0035_4.jpg,15,35,1,4,cross_variable_same,0,44,111
0015_1.jpg,0042_4.jpg,15,42,1,4,cross_variable_same,0,44,127
0015_1.jpg,0043_4.jpg,15,43,1,4,cross_variable_same,0,44,131
0015_1.jpg,0060_4.jpg,15,60,1,4,cross_variable_same,0,44,175
0015_1.jpg,0066_4.jpg,15,66,1,4,cross_variable_same,0,44,195
0015_1.jpg,0067_4.jpg,15,67,1,4,cross_variable_same,0,44,199
0015_1.jpg,0079_4.jpg,15,79,1,4,cross_variable_same,0,44,243
0015_1.jpg,0086_4.jpg,15,86,1,4,cross_variable_same,0,44,259
0015_1.jpg,0087_4.jpg,15,87,1,4,cross_variable_same,0,44,263
0015_1.jpg,0089_4.jpg,15,89,1,4,cross_variable_same,0,44,267
0015_1.jpg,0091_4.jpg,15,91,1,4,cross_variable_same,0,44,275
0015_1.jpg,0093_4.jpg,15,93,1,4,cross_variable_same,0,44,283
0015_1.jpg,0106_4.jpg,15,106,1,4,cross_variable_same,0,44,327
0015_1.jpg,0109_4.jpg,15,109,1,4,cross_variable_same,0,44,335
0015_1.jpg,0114_4.jpg,15,114,1,4,cross_variable_same,0,44,343
0015_1.jpg,0130_4.jpg,15,130,1,4,cross_variable_same,0,44,391
0015_1.jpg,0132_4.jpg,15,132,1,4,cross_variable_same,0,44,399
0015_1.jpg,0148_4.jpg,15,148,1,4,cross_variable_same,0,44,447
0015_1.jpg,0154_4.jpg,15,154,1,4,cross_variable_same,0,44,463
0015_1.jpg,0161_4.jpg,15,161,1,4,cross_variable_same,0,44,491
0015_1.jpg,0200_4.jpg,15,200,1,4,cross_variable_same,0,44,607
0015_1.jpg,0204_4.jpg,15,204,1,4,cross_variable_same,0,44,623
0015_1.jpg,0216_4.jpg,15,216,1,4,cross_variable_same,0,44,667
0015_1.jpg,0219_4.jpg,15,219,1,4,cross_variable_same,0,44,675
0015_1.jpg,0224_4.jpg,15,224,1,4,cross_variable_same,0,44,695
0015_1.jpg,0237_4.jpg,15,237,1,4,cross_variable_same,0,44,735
0015_1.jpg,0239_4.jpg,15,239,1,4,cross_variable_same,0,44,743
0015_1.jpg,0248_4.jpg,15,248,1,4,cross_variable_same,0,44,779
0015_1.jpg,0266_4.jpg,15,266,1,4,cross_variable_same,0,44,847
0015_1.jpg,0271_4.jpg,15,271,1,4,cross_variable_same,0,44,867
0015_1.jpg,0279_4.jpg,15,279,1,4,cross_variable_same,0,44,895
0015_1.jpg,0282_4.jpg,15,282,1,4,cross_variable_same,0,44,903
0018_1.jpg,0006_4.jpg,18,6,1,4,cross_variable_same,0,48,19
0018_1.jpg,0012_4.jpg,18,12,1,4,cross_variable_same,0,48,43
0018_1.jpg,0015_4.jpg,18,15,1,4,cross_variable_same,0,48,47
0018_1.jpg,0018_4.jpg,18,18,1,4,cross_variable_same,1,48,51
0018_1.jpg,0035_4.jpg,18,35,1,4,cross_variable_same,0,48,111
0018_1.jpg,0042_4.jpg,18,42,1,4,cross_variable_same,0,48,127
0018_1.jpg,0043_4.jpg,18,43,1,4,cross_variable_same,0,48,131
0018_1.jpg,0060_4.jpg,18,60,1,4,cross_variable_same,0,48,175
0018_1.jpg,0066_4.jpg,18,66,1,4,cross_variable_same,0,48,195
0018_1.jpg,0067_4.jpg,18,67,1,4,cross_variable_same,0,48,199
0018_1.jpg,0079_4.jpg,18,79,1,4,cross_variable_same,0,48,243
0018_1.jpg,0086_4.jpg,18,86,1,4,cross_variable_same,0,48,259
0018_1.jpg,0087_4.jpg,18,87,1,4,cross_variable_same,0,48,263
0018_1.jpg,0089_4.jpg,18,89,1,4,cross_variable_same,0,48,267
0018_1.jpg,0091_4.jpg,18,91,1,4,cross_variable_same,0,48,275
0018_1.jpg,0093_4.jpg,18,93,1,4,cross_variable_same,0,48,283
0018_1.jpg,0106_4.jpg,18,106,1,4,cross_variable_same,0,48,327
0018_1.jpg,0109_4.jpg,18,109,1,4,cross_variable_same,0,48,335
0018_1.jpg,0114_4.jpg,18,114,1,4,cross_variable_same,0,48,343
0018_1.jpg,0130_4.jpg,18,130,1,4,cross_variable_same,0,48,391
0018_1.jpg,0132_4.jpg,18,132,1,4,cross_variable_same,0,48,399
0018_1.jpg,0148_4.jpg,18,148,1,4,cross_variable_same,0,48,447
0018_1.jpg,0154_4.jpg,18,154,1,4,cross_variable_same,0,48,463
0018_1.jpg,0161_4.jpg,18,161,1,4,cross_variable_same,0,48,491
0018_1.jpg,0200_4.jpg,18,200,1,4,cross_variable_same,0,48,607
0018_1.jpg,0204_4.jpg,18,204,1,4,cross_variable_same,0,48,623
0018_1.jpg,0216_4.jpg,18,216,1,4,cross_variable_same,0,48,667
0018_1.jpg,0219_4.jpg,18,219,1,4,cross_variable_same,0,48,675
0018_1.jpg,0224_4.jpg,18,224,1,4,cross_variable_same,0,48,695
0018_1.jpg,0237_4.jpg,18,237,1,4,cross_variable_same,0,48,735
0018_1.jpg,0239_4.jpg,18,239,1,4,cross_variable_same,0,48,743
0018_1.jpg,0248_4.jpg,18,248,1,4,cross_variable_same,0,48,779
0018_1.jpg,0266_4.jpg,18,266,1,4,cross_variable_same,0,48,847
0018_1.jpg,0271_4.jpg,18,271,1,4,cross_variable_same,0,48,867
0018_1.jpg,0279_4.jpg,18,279,1,4,cross_variable_same,0,48,895
0018_1.jpg,0282_4.jpg,18,282,1,4,cross_variable_same,0,48,903
0035_1.jpg,0006_4.jpg,35,6,1,4,cross_variable_same,0,108,19
0035_1.jpg,0012_4.jpg,35,12,1,4,cross_variable_same,0,108,43
0035_1.jpg,0015_4.jpg,35,15,1,4,cross_variable_same,0,108,47
0035_1.jpg,0018_4.jpg,35,18,1,4,cross_variable_same,0,108,51
0035_1.jpg,0035_4.jpg,35,35,1,4,cross_variable_same,1,108,111
0035_1.jpg,0042_4.jpg,35,42,1,4,cross_variable_same,0,108,127
0035_1.jpg,0043_4.jpg,35,43,1,4,cross_variable_same,0,108,131
0035_1.jpg,0060_4.jpg,35,60,1,4,cross_variable_same,0,108,175
0035_1.jpg,0066_4.jpg,35,66,1,4,cross_variable_same,0,108,195
0035_1.jpg,0067_4.jpg,35,67,1,4,cross_variable_same,0,108,199
0035_1.jpg,0079_4.jpg,35,79,1,4,cross_variable_same,0,108,243
0035_1.jpg,0086_4.jpg,35,86,1,4,cross_variable_same,0,108,259
0035_1.jpg,0087_4.jpg,35,87,1,4,cross_variable_same,0,108,263
0035_1.jpg,0089_4.jpg,35,89,1,4,cross_variable_same,0,108,267
0035_1.jpg,0091_4.jpg,35,91,1,4,cross_variable_same,0,108,275
0035_1.jpg,0093_4.jpg,35,93,1,4,cross_variable_same,0,108,283
0035_1.jpg,0106_4.jpg,35,106,1,4,cross_variable_same,0,108,327
0035_1.jpg,0109_4.jpg,35,109,1,4,cross_variable_same,0,108,335
0035_1.jpg,0114_4.jpg,35,114,1,4,cross_variable_same,0,108,343
0035_1.jpg,0130_4.jpg,35,130,1,4,cross_variable_same,0,108,391
0035_1.jpg,0132_4.jpg,35,132,1,4,cross_variable_same,0,108,399
0035_1.jpg,0148_4.jpg,35,148,1,4,cross_variable_same,0,108,447
0035_1.jpg,0154_4.jpg,35,154,1,4,cross_variable_same,0,108,463
0035_1.jpg,0161_4.jpg,35,161,1,4,cross_variable_same,0,108,491
0035_1.jpg,0200_4.jpg,35,200,1,4,cross_variable_same,0,108,607
0035_1.jpg,0204_4.jpg,35,204,1,4,cross_variable_same,0,108,623
0035_1.jpg,0216_4.jpg,35,216,1,4,cross_variable_same,0,108,667
0035_1.jpg,0219_4.jpg,35,219,1,4,cross_variable_same,0,108,675
0035_1.jpg,0224_4.jpg,35,224,1,4,cross_variable_same,0,108,695
0035_1.jpg,0237_4.jpg,35,237,1,4,cross_variable_same,0,108,735
0035_1.jpg,0239_4.jpg,35,239,1,4,cross_variable_same,0,108,743
0035_1.jpg,0248_4.jpg,35,248,1,4,cross_variable_same,0,108,779
0035_1.jpg,0266_4.jpg,35,266,1,4,cross_variable_same,0,108,847
0035_1.jpg,0271_4.jpg,35,271,1,4,cross_variable_same,0,108,867
0035_1.jpg,0279_4.jpg,35,279,1,4,cross_variable_same,0,108,895
0035_1.jpg,0282_4.jpg,35,282,1,4,cross_variable_same,0,108,903
0042_1.jpg,0006_4.jpg,42,6,1,4,cross_variable_same,0,124,19
0042_1.jpg,0012_4.jpg,42,12,1,4,cross_variable_same,0,124,43
0042_1.jpg,0015_4.jpg,42,15,1,4,cross_variable_same,0,124,47
0042_1.jpg,0018_4.jpg,42,18,1,4,cross_variable_same,0,124,51
0042_1.jpg,0035_4.jpg,42,35,1,4,cross_variable_same,0,124,111
0042_1.jpg,0042_4.jpg,42,42,1,4,cross_variable_same,1,124,127
0042_1.jpg,0043_4.jpg,42,43,1,4,cross_variable_same,0,124,131
0042_1.jpg,0060_4.jpg,42,60,1,4,cross_variable_same,0,124,175
0042_1.jpg,0066_4.jpg,42,66,1,4,cross_variable_same,0,124,195
0042_1.jpg,0067_4.jpg,42,67,1,4,cross_variable_same,0,124,199
0042_1.jpg,0079_4.jpg,42,79,1,4,cross_variable_same,0,124,243
0042_1.jpg,0086_4.jpg,42,86,1,4,cross_variable_same,0,124,259
0042_1.jpg,0087_4.jpg,42,87,1,4,cross_variable_same,0,124,263
0042_1.jpg,0089_4.jpg,42,89,1,4,cross_variable_same,0,124,267
0042_1.jpg,0091_4.jpg,42,91,1,4,cross_variable_same,0,124,275
0042_1.jpg,0093_4.jpg,42,93,1,4,cross_variable_same,0,124,283
0042_1.jpg,0106_4.jpg,42,106,1,4,cross_variable_same,0,124,327
0042_1.jpg,0109_4.jpg,42,109,1,4,cross_variable_same,0,124,335
0042_1.jpg,0114_4.jpg,42,114,1,4,cross_variable_same,0,124,343
0042_1.jpg,0130_4.jpg,42,130,1,4,cross_variable_same,0,124,391
0042_1.jpg,0132_4.jpg,42,132,1,4,cross_variable_same,0,124,399
0042_1.jpg,0148_4.jpg,42,148,1,4,cross_variable_same,0,124,447
0042_1.jpg,0154_4.jpg,42,154,1,4,cross_variable_same,0,124,463
0042_1.jpg,0161_4.jpg,42,161,1,4,cross_variable_same,0,124,491
0042_1.jpg,0200_4.jpg,42,200,1,4,cross_variable_same,0,124,607
0042_1.jpg,0204_4.jpg,42,204,1,4,cross_variable_same,0,124,623
0042_1.jpg,0216_4.jpg,42,216,1,4,cross_variable_same,0,124,667
0042_1.jpg,0219_4.jpg,42,219,1,4,cross_variable_same,0,124,675
0042_1.jpg,0224_4.jpg,42,224,1,4,cross_variable_same,0,124,695
0042_1.jpg,0237_4.jpg,42,237,1,4,cross_variable_same,0,124,735
0042_1.jpg,0239_4.jpg,42,239,1,4,cross_variable_same,0,124,743
0042_1.jpg,0248_4.jpg,42,248,1,4,cross_variable_same,0,124,779
0042_1.jpg,0266_4.jpg,42,266,1,4,cross_variable_same,0,124,847
0042_1.jpg,0271_4.jpg,42,271,1,4,cross_variable_same,0,124,867
0042_1.jpg,0279_4.jpg,42,279,1,4,cross_variable_same,0,124,895
0042_1.jpg,0282_4.jpg,42,282,1,4,cross_variable_same,0,124,903
0043_1.jpg,0006_4.jpg,43,6,1,4,cross_variable_same,0,128,19
0043_1.jpg,0012_4.jpg,43,12,1,4,cross_variable_same,0,128,43
0043_1.jpg,0015_4.jpg,43,15,1,4,cross_variable_same,0,128,47
0043_1.jpg,0018_4.jpg,43,18,1,4,cross_variable_same,0,128,51
0043_1.jpg,0035_4.jpg,43,35,1,4,cross_variable_same,0,128,111
0043_1.jpg,0042_4.jpg,43,42,1,4,cross_variable_same,0,128,127
0043_1.jpg,0043_4.jpg,43,43,1,4,cross_variable_same,1,128,131
0043_1.jpg,0060_4.jpg,43,60,1,4,cross_variable_same,0,128,175
0043_1.jpg,0066_4.jpg,43,66,1,4,cross_variable_same,0,128,195
0043_1.jpg,0067_4.jpg,43,67,1,4,cross_variable_same,0,128,199
0043_1.jpg,0079_4.jpg,43,79,1,4,cross_variable_same,0,128,243
0043_1.jpg,0086_4.jpg,43,86,1,4,cross_variable_same,0,128,259
0043_1.jpg,0087_4.jpg,43,87,1,4,cross_variable_same,0,128,263
0043_1.jpg,0089_4.jpg,43,89,1,4,cross_variable_same,0,128,267
0043_1.jpg,0091_4.jpg,43,91,1,4,cross_variable_same,0,128,275
0043_1.jpg,0093_4.jpg,43,93,1,4,cross_variable_same,0,128,283
0043_1.jpg,0106_4.jpg,43,106,1,4,cross_variable_same,0,128,327
0043_1.jpg,0109_4.jpg,43,109,1,4,cross_variable_same,0,128,335
0043_1.jpg,0114_4.jpg,43,114,1,4,cross_variable_same,0,128,343
0043_1.jpg,0130_4.jpg,43,130,1,4,cross_variable_same,0,128,391
0043_1.jpg,0132_4.jpg,43,132,1,4,cross_variable_same,0,128,399
0043_1.jpg,0148_4.jpg,43,148,1,4,cross_variable_same,0,128,447
0043_1.jpg,0154_4.jpg,43,154,1,4,cross_variable_same,0,128,463
0043_1.jpg,0161_4.jpg,43,161,1,4,cross_variable_same,0,128,491
0043_1.jpg,0200_4.jpg,43,200,1,4,cross_variable_same,0,128,607
0043_1.jpg,0204_4.jpg,43,204,1,4,cross_variable_same,0,128,623
0043_1.jpg,0216_4.jpg,43,216,1,4,cross_variable_same,0,128,667
0043_1.jpg,0219_4.jpg,43,219,1,4,cross_variable_same,0,128,675
0043_1.jpg,0224_4.jpg,43,224,1,4,cross_variable_same,0,128,695
0043_1.jpg,0237_4.jpg,43,237,1,4,cross_variable_same,0,128,735
0043_1.jpg,0239_4.jpg,43,239,1,4,cross_variable_same,0,128,743
0043_1.jpg,0248_4.jpg,43,248,1,4,cross_variable_same,0,128,779
0043_1.jpg,0266_4.jpg,43,266,1,4,cross_variable_same,0,128,847
0043_1.jpg,0271_4.jpg,43,271,1,4,cross_variable_same,0,128,867
0043_1.jpg,0279_4.jpg,43,279,1,4,cross_variable_same,0,128,895
0043_1.jpg,0282_4.jpg,43,282,1,4,cross_variable_same,0,128,903
0060_1.jpg,0006_4.jpg,60,6,1,4,cross_variable_same,0,172,19
0060_1.jpg,0012_4.jpg,60,12,1,4,cross_variable_same,0,172,43
0060_1.jpg,0015_4.jpg,60,15,1,4,cross_variable_same,0,172,47
0060_1.jpg,0018_4.jpg,60,18,1,4,cross_variable_same,0,172,51
0060_1.jpg,0035_4.jpg,60,35,1,4,cross_variable_same,0,172,111
0060_1.jpg,0042_4.jpg,60,42,1,4,cross_variable_same,0,172,127
0060_1.jpg,0043_4.jpg,60,43,1,4,cross_variable_same,0,172,131
0060_1.jpg,0060_4.jpg,60,60,1,4,cross_variable_same,1,172,175
0060_1.jpg,0066_4.jpg,60,66,1,4,cross_variable_same,0,172,195
0060_1.jpg,0067_4.jpg,60,67,1,4,cross_variable_same,0,172,199
0060_1.jpg,0079_4.jpg,60,79,1,4,cross_variable_same,0,172,243
0060_1.jpg,0086_4.jpg,60,86,1,4,cross_variable_same,0,172,259
0060_1.jpg,0087_4.jpg,60,87,1,4,cross_variable_same,0,172,263
0060_1.jpg,0089_4.jpg,60,89,1,4,cross_variable_same,0,172,267
0060_1.jpg,0091_4.jpg,60,91,1,4,cross_variable_same,0,172,275
0060_1.jpg,0093_4.jpg,60,93,1,4,cross_variable_same,0,172,283
0060_1.jpg,0106_4.jpg,60,106,1,4,cross_variable_same,0,172,327
0060_1.jpg,0109_4.jpg,60,109,1,4,cross_variable_same,0,172,335
0060_1.jpg,0114_4.jpg,60,114,1,4,cross_variable_same,0,172,343
0060_1.jpg,0130_4.jpg,60,130,1,4,cross_variable_same,0,172,391
0060_1.jpg,0132_4.jpg,60,132,1,4,cross_variable_same,0,172,399
0060_1.jpg,0148_4.jpg,60,148,1,4,cross_variable_same,0,172,447
0060_1.jpg,0154_4.jpg,60,154,1,4,cross_variable_same,0,172,463
0060_1.jpg,0161_4.jpg,60,161,1,4,cross_variable_same,0,172,491
0060_1.jpg,0200_4.jpg,60,200,1,4,cross_variable_same,0,172,607
0060_1.jpg,0204_4.jpg,60,204,1,4,cross_variable_same,0,172,623
0060_1.jpg,0216_4.jpg,60,216,1,4,cross_variable_same,0,172,667
0060_1.jpg,0219_4.jpg,60,219,1,4,cross_variable_same,0,172,675
0060_1.jpg,0224_4.jpg,60,224,1,4,cross_variable_same,0,172,695
0060_1.jpg,0237_4.jpg,60,237,1,4,cross_variable_same,0,172,735
0060_1.jpg,0239_4.jpg,60,239,1,4,cross_variable_same,0,172,743
0060_1.jpg,0248_4.jpg,60,248,1,4,cross_variable_same,0,172,779
0060_1.jpg,0266_4.jpg,60,266,1,4,cross_variable_same,0,172,847
0060_1.jpg,0271_4.jpg,60,271,1,4,cross_variable_same,0,172,867
0060_1.jpg,0279_4.jpg,60,279,1,4,cross_variable_same,0,172,895
0060_1.jpg,0282_4.jpg,60,282,1,4,cross_variable_same,0,172,903
0066_1.jpg,0006_4.jpg,66,6,1,4,cross_variable_same,0,192,19
0066_1.jpg,0012_4.jpg,66,12,1,4,cross_variable_same,0,192,43
0066_1.jpg,0015_4.jpg,66,15,1,4,cross_variable_same,0,192,47
0066_1.jpg,0018_4.jpg,66,18,1,4,cross_variable_same,0,192,51
0066_1.jpg,0035_4.jpg,66,35,1,4,cross_variable_same,0,192,111
0066_1.jpg,0042_4.jpg,66,42,1,4,cross_variable_same,0,192,127
0066_1.jpg,0043_4.jpg,66,43,1,4,cross_variable_same,0,192,131
0066_1.jpg,0060_4.jpg,66,60,1,4,cross_variable_same,0,192,175
0066_1.jpg,0066_4.jpg,66,66,1,4,cross_variable_same,1,192,195
0066_1.jpg,0067_4.jpg,66,67,1,4,cross_variable_same,0,192,199
0066_1.jpg,0079_4.jpg,66,79,1,4,cross_variable_same,0,192,243
0066_1.jpg,0086_4.jpg,66,86,1,4,cross_variable_same,0,192,259
0066_1.jpg,0087_4.jpg,66,87,1,4,cross_variable_same,0,192,263
0066_1.jpg,0089_4.jpg,66,89,1,4,cross_variable_same,0,192,267
0066_1.jpg,0091_4.jpg,66,91,1,4,cross_variable_same,0,192,275
0066_1.jpg,0093_4.jpg,66,93,1,4,cross_variable_same,0,192,283
0066_1.jpg,0106_4.jpg,66,106,1,4,cross_variable_same,0,192,327
0066_1.jpg,0109_4.jpg,66,109,1,4,cross_variable_same,0,192,335
0066_1.jpg,0114_4.jpg,66,114,1,4,cross_variable_same,0,192,343
0066_1.jpg,0130_4.jpg,66,130,1,4,cross_variable_same,0,192,391
0066_1.jpg,0132_4.jpg,66,132,1,4,cross_variable_same,0,192,399
0066_1.jpg,0148_4.jpg,66,148,1,4,cross_variable_same,0,192,447
0066_1.jpg,0154_4.jpg,66,154,1,4,cross_variable_same,0,192,463
0066_1.jpg,0161_4.jpg,66,161,1,4,cross_variable_same,0,192,491
0066_1.jpg,0200_4.jpg,66,200,1,4,cross_variable_same,0,192,607
0066_1.jpg,0204_4.jpg,66,204,1,4,cross_variable_same,0,192,623
0066_1.jpg,0216_4.jpg,66,216,1,4,cross_variable_same,0,192,667
0066_1.jpg,0219_4.jpg,66,219,1,4,cross_variable_same,0,192,675
0066_1.jpg,0224_4.jpg,66,224,1,4,cross_variable_same,0,192,695
0066_1.jpg,0237_4.jpg,66,237,1,4,cross_variable_same,0,192,735
0066_1.jpg,0239_4.jpg,66,239,1,4,cross_variable_same,0,192,743
0066_1.jpg,0248_4.jpg,66,248,1,4,cross_variable_same,0,192,779
0066_1.jpg,0266_4.jpg,66,266,1,4,cross_variable_same,0,192,847
0066_1.jpg,0271_4.jpg,66,271,1,4,cross_variable_same,0,192,867
0066_1.jpg,0279_4.jpg,66,279,1,4,cross_variable_same,0,192,895
0066_1.jpg,0282_4.jpg,66,282,1,4,cross_variable_same,0,192,903
0067_1.jpg,0006_4.jpg,67,6,1,4,cross_variable_same,0,196,19
0067_1.jpg,0012_4.jpg,67,12,1,4,cross_variable_same,0,196,43
0067_1.jpg,0015_4.jpg,67,15,1,4,cross_variable_same,0,196,47
0067_1.jpg,0018_4.jpg,67,18,1,4,cross_variable_same,0,196,51
0067_1.jpg,0035_4.jpg,67,35,1,4,cross_variable_same,0,196,111
0067_1.jpg,0042_4.jpg,67,42,1,4,cross_variable_same,0,196,127
0067_1.jpg,0043_4.jpg,67,43,1,4,cross_variable_same,0,196,131
0067_1.jpg,0060_4.jpg,67,60,1,4,cross_variable_same,0,196,175
0067_1.jpg,0066_4.jpg,67,66,1,4,cross_variable_same,0,196,195
0067_1.jpg,0067_4.jpg,67,67,1,4,cross_variable_same,1,196,199
0067_1.jpg,0079_4.jpg,67,79,1,4,cross_variable_same,0,196,243
0067_1.jpg,0086_4.jpg,67,86,1,4,cross_variable_same,0,196,259
0067_1.jpg,0087_4.jpg,67,87,1,4,cross_variable_same,0,196,263
0067_1.jpg,0089_4.jpg,67,89,1,4,cross_variable_same,0,196,267
0067_1.jpg,0091_4.jpg,67,91,1,4,cross_variable_same,0,196,275
0067_1.jpg,0093_4.jpg,67,93,1,4,cross_variable_same,0,196,283
0067_1.jpg,0106_4.jpg,67,106,1,4,cross_variable_same,0,196,327
0067_1.jpg,0109_4.jpg,67,109,1,4,cross_variable_same,0,196,335
0067_1.jpg,0114_4.jpg,67,114,1,4,cross_variable_same,0,196,343
0067_1.jpg,0130_4.jpg,67,130,1,4,cross_variable_same,0,196,391
0067_1.jpg,0132_4.jpg,67,132,1,4,cross_variable_same,0,196,399
0067_1.jpg,0148_4.jpg,67,148,1,4,cross_variable_same,0,196,447
0067_1.jpg,0154_4.jpg,67,154,1,4,cross_variable_same,0,196,463
0067_1.jpg,0161_4.jpg,67,161,1,4,cross_variable_same,0,196,491
0067_1.jpg,0200_4.jpg,67,200,1,4,cross_variable_same,0,196,607
0067_1.jpg,0204_4.jpg,67,204,1,4,cross_variable_same,0,196,623
0067_1.jpg,0216_4.jpg,67,216,1,4,cross_variable_same,0,196,667
0067_1.jpg,0219_4.jpg,67,219,1,4,cross_variable_same,0,196,675
0067_1.jpg,0224_4.jpg,67,224,1,4,cross_variable_same,0,196,695
0067_1.jpg,0237_4.jpg,67,237,1,4,cross_variable_same,0,196,735
0067_1.jpg,0239_4.jpg,67,239,1,4,cross_variable_same,0,196,743
0067_1.jpg,0248_4.jpg,67,248,1,4,cross_variable_same,0,196,779
0067_1.jpg,0266_4.jpg,67,266,1,4,cross_variable_same,0,196,847
0067_1.jpg,0271_4.jpg,67,271,1,4,cross_variable_same,0,196,867
0067_1.jpg,0279_4.jpg,67,279,1,4,cross_variable_same,0,196,895
0067_1.jpg,0282_4.jpg,67,282,1,4,cross_variable_same,0,196,903
0079_1.jpg,0006_4.jpg,79,6,1,4,cross_variable_same,0,240,19
0079_1.jpg,0012_4.jpg,79,12,1,4,cross_variable_same,0,240,43
0079_1.jpg,0015_4.jpg,79,15,1,4,cross_variable_same,0,240,47
0079_1.jpg,0018_4.jpg,79,18,1,4,cross_variable_same,0,240,51
0079_1.jpg,0035_4.jpg,79,35,1,4,cross_variable_same,0,240,111
0079_1.jpg,0042_4.jpg,79,42,1,4,cross_variable_same,0,240,127
0079_1.jpg,0043_4.jpg,79,43,1,4,cross_variable_same,0,240,131
0079_1.jpg,0060_4.jpg,79,60,1,4,cross_variable_same,0,240,175
0079_1.jpg,0066_4.jpg,79,66,1,4,cross_variable_same,0,240,195
0079_1.jpg,0067_4.jpg,79,67,1,4,cross_variable_same,0,240,199
0079_1.jpg,0079_4.jpg,79,79,1,4,cross_variable_same,1,240,243
0079_1.jpg,0086_4.jpg,79,86,1,4,cross_variable_same,0,240,259
0079_1.jpg,0087_4.jpg,79,87,1,4,cross_variable_same,0,240,263
0079_1.jpg,0089_4.jpg,79,89,1,4,cross_variable_same,0,240,267
0079_1.jpg,0091_4.jpg,79,91,1,4,cross_variable_same,0,240,275
0079_1.jpg,0093_4.jpg,79,93,1,4,cross_variable_same,0,240,283
0079_1.jpg,0106_4.jpg,79,106,1,4,cross_variable_same,0,240,327
0079_1.jpg,0109_4.jpg,79,109,1,4,cross_variable_same,0,240,335
0079_1.jpg,0114_4.jpg,79,114,1,4,cross_variable_same,0,240,343
0079_1.jpg,0130_4.jpg,79,130,1,4,cross_variable_same,0,240,391
0079_1.jpg,0132_4.jpg,79,132,1,4,cross_variable_same,0,240,399
0079_1.jpg,0148_4.jpg,79,148,1,4,cross_variable_same,0,240,447
0079_1.jpg,0154_4.jpg,79,154,1,4,cross_variable_same,0,240,463
0079_1.jpg,0161_4.jpg,79,161,1,4,cross_variable_same,0,240,491
0079_1.jpg,0200_4.jpg,79,200,1,4,cross_variable_same,0,240,607
0079_1.jpg,0204_4.jpg,79,204,1,4,cross_variable_same,0,240,623
0079_1.jpg,0216_4.jpg,79,216,1,4,cross_variable_same,0,240,667
0079_1.jpg,0219_4.jpg,79,219,1,4,cross_variable_same,0,240,675
0079_1.jpg,0224_4.jpg,79,224,1,4,cross_variable_same,0,240,695
0079_1.jpg,0237_4.jpg,79,237,1,4,cross_variable_same,0,240,735
0079_1.jpg,0239_4.jpg,79,239,1,4,cross_variable_same,0,240,743
0079_1.jpg,0248_4.jpg,79,248,1,4,cross_variable_same,0,240,779
0079_1.jpg,0266_4.jpg,79,266,1,4,cross_variable_same,0,240,847
0079_1.jpg,0271_4.jpg,79,271,1,4,cross_variable_same,0,240,867
0079_1.jpg,0279_4.jpg,79,279,1,4,cross_variable_same,0,240,895
0079_1.jpg,0282_4.jpg,79,282,1,4,cross_variable_same,0,240,903
0086_1.jpg,0006_4.jpg,86,6,1,4,cross_variable_same,0,256,19
0086_1.jpg,0012_4.jpg,86,12,1,4,cross_variable_same,0,256,43
0086_1.jpg,0015_4.jpg,86,15,1,4,cross_variable_same,0,256,47
0086_1.jpg,0018_4.jpg,86,18,1,4,cross_variable_same,0,256,51
0086_1.jpg,0035_4.jpg,86,35,1,4,cross_variable_same,0,256,111
0086_1.jpg,0042_4.jpg,86,42,1,4,cross_variable_same,0,256,127
0086_1.jpg,0043_4.jpg,86,43,1,4,cross_variable_same,0,256,131
0086_1.jpg,0060_4.jpg,86,60,1,4,cross_variable_same,0,256,175
0086_1.jpg,0066_4.jpg,86,66,1,4,cross_variable_same,0,256,195
0086_1.jpg,0067_4.jpg,86,67,1,4,cross_variable_same,0,256,199
0086_1.jpg,0079_4.jpg,86,79,1,4,cross_variable_same,0,256,243
0086_1.jpg,0086_4.jpg,86,86,1,4,cross_variable_same,1,256,259
0086_1.jpg,0087_4.jpg,86,87,1,4,cross_variable_same,0,256,263
0086_1.jpg,0089_4.jpg,86,89,1,4,cross_variable_same,0,256,267
0086_1.jpg,0091_4.jpg,86,91,1,4,cross_variable_same,0,256,275
0086_1.jpg,0093_4.jpg,86,93,1,4,cross_variable_same,0,256,283
0086_1.jpg,0106_4.jpg,86,106,1,4,cross_variable_same,0,256,327
0086_1.jpg,0109_4.jpg,86,109,1,4,cross_variable_same,0,256,335
0086_1.jpg,0114_4.jpg,86,114,1,4,cross_variable_same,0,256,343
0086_1.jpg,0130_4.jpg,86,130,1,4,cross_variable_same,0,256,391
0086_1.jpg,0132_4.jpg,86,132,1,4,cross_variable_same,0,256,399
0086_1.jpg,0148_4.jpg,86,148,1,4,cross_variable_same,0,256,447
0086_1.jpg,0154_4.jpg,86,154,1,4,cross_variable_same,0,256,463
0086_1.jpg,0161_4.jpg,86,161,1,4,cross_variable_same,0,256,491
0086_1.jpg,0200_4.jpg,86,200,1,4,cross_variable_same,0,256,607
0086_1.jpg,0204_4.jpg,86,204,1,4,cross_variable_same,0,256,623
0086_1.jpg,0216_4.jpg,86,216,1,4,cross_variable_same,0,256,667
0086_1.jpg,0219_4.jpg,86,219,1,4,cross_variable_same,0,256,675
0086_1.jpg,0224_4.jpg,86,224,1,4,cross_variable_same,0,256,695
0086_1.jpg,0237_4.jpg,86,237,1,4,cross_variable_same,0,256,735
0086_1.jpg,0239_4.jpg,86,239,1,4,cross_variable_same,0,256,743
0086_1.jpg,0248_4.jpg,86,248,1,4,cross_variable_same,0,256,779
0086_1.jpg,0266_4.jpg,86,266,1,4,cross_variable_same,0,256,847
0086_1.jpg,0271_4.jpg,86,271,1,4,cross_variable_same,0,256,867
0086_1.jpg,0279_4.jpg,86,279,1,4,cross_variable_same,0,256,895
0086_1.jpg,0282_4.jpg,86,282,1,4,cross_variable_same,0,256,903
0087_1.jpg,0006_4.jpg,87,6,1,4,cross_variable_same,0,260,19
0087_1.jpg,0012_4.jpg,87,12,1,4,cross_variable_same,0,260,43
0087_1.jpg,0015_4.jpg,87,15,1,4,cross_variable_same,0,260,47
0087_1.jpg,0018_4.jpg,87,18,1,4,cross_variable_same,0,260,51
0087_1.jpg,0035_4.jpg,87,35,1,4,cross_variable_same,0,260,111
0087_1.jpg,0042_4.jpg,87,42,1,4,cross_variable_same,0,260,127
0087_1.jpg,0043_4.jpg,87,43,1,4,cross_variable_same,0,260,131
0087_1.jpg,0060_4.jpg,87,60,1,4,cross_variable_same,0,260,175
0087_1.jpg,0066_4.jpg,87,66,1,4,cross_variable_same,0,260,195
0087_1.jpg,0067_4.jpg,87,67,1,4,cross_variable_same,0,260,199
0087_1.jpg,0079_4.jpg,87,79,1,4,cross_variable_same,0,260,243
0087_1.jpg,0086_4.jpg,87,86,1,4,cross_variable_same,0,260,259
0087_1.jpg,0087_4.jpg,87,87,1,4,cross_variable_same,1,260,263
0087_1.jpg,0089_4.jpg,87,89,1,4,cross_variable_same,0,260,267
0087_1.jpg,0091_4.jpg,87,91,1,4,cross_variable_same,0,260,275
0087_1.jpg,0093_4.jpg,87,93,1,4,cross_variable_same,0,260,283
0087_1.jpg,0106_4.jpg,87,106,1,4,cross_variable_same,0,260,327
0087_1.jpg,0109_4.jpg,87,109,1,4,cross_variable_same,0,260,335
0087_1.jpg,0114_4.jpg,87,114,1,4,cross_variable_same,0,260,343
0087_1.jpg,0130_4.jpg,87,130,1,4,cross_variable_same,0,260,391
0087_1.jpg,0132_4.jpg,87,132,1,4,cross_variable_same,0,260,399
0087_1.jpg,0148_4.jpg,87,148,1,4,cross_variable_same,0,260,447
0087_1.jpg,0154_4.jpg,87,154,1,4,cross_variable_same,0,260,463
0087_1.jpg,0161_4.jpg,87,161,1,4,cross_variable_same,0,260,491
0087_1.jpg,0200_4.jpg,87,200,1,4,cross_variable_same,0,260,607
0087_1.jpg,0204_4.jpg,87,204,1,4,cross_variable_same,0,260,623
0087_1.jpg,0216_4.jpg,87,216,1,4,cross_variable_same,0,260,667
0087_1.jpg,0219_4.jpg,87,219,1,4,cross_variable_same,0,260,675
0087_1.jpg,0224_4.jpg,87,224,1,4,cross_variable_same,0,260,695
0087_1.jpg,0237_4.jpg,87,237,1,4,cross_variable_same,0,260,735
0087_1.jpg,0239_4.jpg,87,239,1,4,cross_variable_same,0,260,743
0087_1.jpg,0248_4.jpg,87,248,1,4,cross_variable_same,0,260,779
0087_1.jpg,0266_4.jpg,87,266,1,4,cross_variable_same,0,260,847
0087_1.jpg,0271_4.jpg,87,271,1,4,cross_variable_same,0,260,867
0087_1.jpg,0279_4.jpg,87,279,1,4,cross_variable_same,0,260,895
0087_1.jpg,0282_4.jpg,87,282,1,4,cross_variable_same,0,260,903
0089_1.jpg,0006_4.jpg,89,6,1,4,cross_variable_same,0,264,19
0089_1.jpg,0012_4.jpg,89,12,1,4,cross_variable_same,0,264,43
0089_1.jpg,0015_4.jpg,89,15,1,4,cross_variable_same,0,264,47
0089_1.jpg,0018_4.jpg,89,18,1,4,cross_variable_same,0,264,51
0089_1.jpg,0035_4.jpg,89,35,1,4,cross_variable_same,0,264,111
0089_1.jpg,0042_4.jpg,89,42,1,4,cross_variable_same,0,264,127
0089_1.jpg,0043_4.jpg,89,43,1,4,cross_variable_same,0,264,131
0089_1.jpg,0060_4.jpg,89,60,1,4,cross_variable_same,0,264,175
0089_1.jpg,0066_4.jpg,89,66,1,4,cross_variable_same,0,264,195
0089_1.jpg,0067_4.jpg,89,67,1,4,cross_variable_same,0,264,199
0089_1.jpg,0079_4.jpg,89,79,1,4,cross_variable_same,0,264,243
0089_1.jpg,0086_4.jpg,89,86,1,4,cross_variable_same,0,264,259
0089_1.jpg,0087_4.jpg,89,87,1,4,cross_variable_same,0,264,263
0089_1.jpg,0089_4.jpg,89,89,1,4,cross_variable_same,1,264,267
0089_1.jpg,0091_4.jpg,89,91,1,4,cross_variable_same,0,264,275
0089_1.jpg,0093_4.jpg,89,93,1,4,cross_variable_same,0,264,283
0089_1.jpg,0106_4.jpg,89,106,1,4,cross_variable_same,0,264,327
0089_1.jpg,0109_4.jpg,89,109,1,4,cross_variable_same,0,264,335
0089_1.jpg,0114_4.jpg,89,114,1,4,cross_variable_same,0,264,343
0089_1.jpg,0130_4.jpg,89,130,1,4,cross_variable_same,0,264,391
0089_1.jpg,0132_4.jpg,89,132,1,4,cross_variable_same,0,264,399
0089_1.jpg,0148_4.jpg,89,148,1,4,cross_variable_same,0,264,447
0089_1.jpg,0154_4.jpg,89,154,1,4,cross_variable_same,0,264,463
0089_1.jpg,0161_4.jpg,89,161,1,4,cross_variable_same,0,264,491
0089_1.jpg,0200_4.jpg,89,200,1,4,cross_variable_same,0,264,607
0089_1.jpg,0204_4.jpg,89,204,1,4,cross_variable_same,0,264,623
0089_1.jpg,0216_4.jpg,89,216,1,4,cross_variable_same,0,264,667
0089_1.jpg,0219_4.jpg,89,219,1,4,cross_variable_same,0,264,675
0089_1.jpg,0224_4.jpg,89,224,1,4,cross_variable_same,0,264,695
0089_1.jpg,0237_4.jpg,89,237,1,4,cross_variable_same,0,264,735
0089_1.jpg,0239_4.jpg,89,239,1,4,cross_variable_same,0,264,743
0089_1.jpg,0248_4.jpg,89,248,1,4,cross_variable_same,0,264,779
0089_1.jpg,0266_4.jpg,89,266,1,4,cross_variable_same,0,264,847
0089_1.jpg,0271_4.jpg,89,271,1,4,cross_variable_same,0,264,867
0089_1.jpg,0279_4.jpg,89,279,1,4,cross_variable_same,0,264,895
0089_1.jpg,0282_4.jpg,89,282,1,4,cross_variable_same,0,264,903
0091_1.jpg,0006_4.jpg,91,6,1,4,cross_variable_same,0,272,19
0091_1.jpg,0012_4.jpg,91,12,1,4,cross_variable_same,0,272,43
0091_1.jpg,0015_4.jpg,91,15,1,4,cross_variable_same,0,272,47
0091_1.jpg,0018_4.jpg,91,18,1,4,cross_variable_same,0,272,51
0091_1.jpg,0035_4.jpg,91,35,1,4,cross_variable_same,0,272,111
0091_1.jpg,0042_4.jpg,91,42,1,4,cross_variable_same,0,272,127
0091_1.jpg,0043_4.jpg,91,43,1,4,cross_variable_same,0,272,131
0091_1.jpg,0060_4.jpg,91,60,1,4,cross_variable_same,0,272,175
0091_1.jpg,0066_4.jpg,91,66,1,4,cross_variable_same,0,272,195
0091_1.jpg,0067_4.jpg,91,67,1,4,cross_variable_same,0,272,199
0091_1.jpg,0079_4.jpg,91,79,1,4,cross_variable_same,0,272,243
0091_1.jpg,0086_4.jpg,91,86,1,4,cross_variable_same,0,272,259
0091_1.jpg,0087_4.jpg,91,87,1,4,cross_variable_same,0,272,263
0091_1.jpg,0089_4.jpg,91,89,1,4,cross_variable_same,0,272,267
0091_1.jpg,0091_4.jpg,91,91,1,4,cross_variable_same,1,272,275
0091_1.jpg,0093_4.jpg,91,93,1,4,cross_variable_same,0,272,283
0091_1.jpg,0106_4.jpg,91,106,1,4,cross_variable_same,0,272,327
0091_1.jpg,0109_4.jpg,91,109,1,4,cross_variable_same,0,272,335
0091_1.jpg,0114_4.jpg,91,114,1,4,cross_variable_same,0,272,343
0091_1.jpg,0130_4.jpg,91,130,1,4,cross_variable_same,0,272,391
0091_1.jpg,0132_4.jpg,91,132,1,4,cross_variable_same,0,272,399
0091_1.jpg,0148_4.jpg,91,148,1,4,cross_variable_same,0,272,447
0091_1.jpg,0154_4.jpg,91,154,1,4,cross_variable_same,0,272,463
0091_1.jpg,0161_4.jpg,91,161,1,4,cross_variable_same,0,272,491
0091_1.jpg,0200_4.jpg,91,200,1,4,cross_variable_same,0,272,607
0091_1.jpg,0204_4.jpg,91,204,1,4,cross_variable_same,0,272,623
0091_1.jpg,0216_4.jpg,91,216,1,4,cross_variable_same,0,272,667
0091_1.jpg,0219_4.jpg,91,219,1,4,cross_variable_same,0,272,675
0091_1.jpg,0224_4.jpg,91,224,1,4,cross_variable_same,0,272,695
0091_1.jpg,0237_4.jpg,91,237,1,4,cross_variable_same,0,272,735
0091_1.jpg,0239_4.jpg,91,239,1,4,cross_variable_same,0,272,743
0091_1.jpg,0248_4.jpg,91,248,1,4,cross_variable_same,0,272,779
0091_1.jpg,0266_4.jpg,91,266,1,4,cross_variable_same,0,272,847
0091_1.jpg,0271_4.jpg,91,271,1,4,cross_variable_same,0,272,867
0091_1.jpg,0279_4.jpg,91,279,1,4,cross_variable_same,0,272,895
0091_1.jpg,0282_4.jpg,91,282,1,4,cross_variable_same,0,272,903
0093_1.jpg,0006_4.jpg,93,6,1,4,cross_variable_same,0,280,19
0093_1.jpg,0012_4.jpg,93,12,1,4,cross_variable_same,0,280,43
0093_1.jpg,0015_4.jpg,93,15,1,4,cross_variable_same,0,280,47
0093_1.jpg,0018_4.jpg,93,18,1,4,cross_variable_same,0,280,51
0093_1.jpg,0035_4.jpg,93,35,1,4,cross_variable_same,0,280,111
0093_1.jpg,0042_4.jpg,93,42,1,4,cross_variable_same,0,280,127
0093_1.jpg,0043_4.jpg,93,43,1,4,cross_variable_same,0,280,131
0093_1.jpg,0060_4.jpg,93,60,1,4,cross_variable_same,0,280,175
0093_1.jpg,0066_4.jpg,93,66,1,4,cross_variable_same,0,280,195
0093_1.jpg,0067_4.jpg,93,67,1,4,cross_variable_same,0,280,199
0093_1.jpg,0079_4.jpg,93,79,1,4,cross_variable_same,0,280,243
0093_1.jpg,0086_4.jpg,93,86,1,4,cross_variable_same,0,280,259
0093_1.jpg,0087_4.jpg,93,87,1,4,cross_variable_same,0,280,263
0093_1.jpg,0089_4.jpg,93,89,1,4,cross_variable_same,0,280,267
0093_1.jpg,0091_4.jpg,93,91,1,4,cross_variable_same,0,280,275
0093_1.jpg,0093_4.jpg,93,93,1,4,cross_variable_same,1,280,283
0093_1.jpg,0106_4.jpg,93,106,1,4,cross_variable_same,0,280,327
0093_1.jpg,0109_4.jpg,93,109,1,4,cross_variable_same,0,280,335
0093_1.jpg,0114_4.jpg,93,114,1,4,cross_variable_same,0,280,343
0093_1.jpg,0130_4.jpg,93,130,1,4,cross_variable_same,0,280,391
0093_1.jpg,0132_4.jpg,93,132,1,4,cross_variable_same,0,280,399
0093_1.jpg,0148_4.jpg,93,148,1,4,cross_variable_same,0,280,447
0093_1.jpg,0154_4.jpg,93,154,1,4,cross_variable_same,0,280,463
0093_1.jpg,0161_4.jpg,93,161,1,4,cross_variable_same,0,280,491
0093_1.jpg,0200_4.jpg,93,200,1,4,cross_variable_same,0,280,607
0093_1.jpg,0204_4.jpg,93,204,1,4,cross_variable_same,0,280,623
0093_1.jpg,0216_4.jpg,93,216,1,4,cross_variable_same,0,280,667
0093_1.jpg,0219_4.jpg,93,219,1,4,cross_variable_same,0,280,675
0093_1.jpg,0224_4.jpg,93,224,1,4,cross_variable_same,0,280,695
0093_1.jpg,0237_4.jpg,93,237,1,4,cross_variable_same,0,280,735
0093_1.jpg,0239_4.jpg,93,239,1,4,cross_variable_same,0,280,743
0093_1.jpg,0248_4.jpg,93,248,1,4,cross_variable_same,0,280,779
0093_1.jpg,0266_4.jpg,93,266,1,4,cross_variable_same,0,280,847
0093_1.jpg,0271_4.jpg,93,271,1,4,cross_variable_same,0,280,867
0093_1.jpg,0279_4.jpg,93,279,1,4,cross_variable_same,0,280,895
0093_1.jpg,0282_4.jpg,93,282,1,4,cross_variable_same,0,280,903
0106_1.jpg,0006_4.jpg,106,6,1,4,cross_variable_same,0,324,19
0106_1.jpg,0012_4.jpg,106,12,1,4,cross_variable_same,0,324,43
0106_1.jpg,0015_4.jpg,106,15,1,4,cross_variable_same,0,324,47
0106_1.jpg,0018_4.jpg,106,18,1,4,cross_variable_same,0,324,51
0106_1.jpg,0035_4.jpg,106,35,1,4,cross_variable_same,0,324,111
0106_1.jpg,0042_4.jpg,106,42,1,4,cross_variable_same,0,324,127
0106_1.jpg,0043_4.jpg,106,43,1,4,cross_variable_same,0,324,131
0106_1.jpg,0060_4.jpg,106,60,1,4,cross_variable_same,0,324,175
0106_1.jpg,0066_4.jpg,106,66,1,4,cross_variable_same,0,324,195
0106_1.jpg,0067_4.jpg,106,67,1,4,cross_variable_same,0,324,199
0106_1.jpg,0079_4.jpg,106,79,1,4,cross_variable_same,0,324,243
0106_1.jpg,0086_4.jpg,106,86,1,4,cross_variable_same,0,324,259
0106_1.jpg,0087_4.jpg,106,87,1,4,cross_variable_same,0,324,263
0106_1.jpg,0089_4.jpg,106,89,1,4,cross_variable_same,0,324,267
0106_1.jpg,0091_4.jpg,106,91,1,4,cross_variable_same,0,324,275
0106_1.jpg,0093_4.jpg,106,93,1,4,cross_variable_same,0,324,283
0106_1.jpg,0106_4.jpg,106,106,1,4,cross_variable_same,1,324,327
0106_1.jpg,0109_4.jpg,106,109,1,4,cross_variable_same,0,324,335
0106_1.jpg,0114_4.jpg,106,114,1,4,cross_variable_same,0,324,343
0106_1.jpg,0130_4.jpg,106,130,1,4,cross_variable_same,0,324,391
0106_1.jpg,0132_4.jpg,106,132,1,4,cross_variable_same,0,324,399
0106_1.jpg,0148_4.jpg,106,148,1,4,cross_variable_same,0,324,447
0106_1.jpg,0154_4.jpg,106,154,1,4,cross_variable_same,0,324,463
0106_1.jpg,0161_4.jpg,106,161,1,4,cross_variable_same,0,324,491
0106_1.jpg,0200_4.jpg,106,200,1,4,cross_variable_same,0,324,607
0106_1.jpg,0204_4.jpg,106,204,1,4,cross_variable_same,0,324,623
0106_1.jpg,0216_4.jpg,106,216,1,4,cross_variable_same,0,324,667
0106_1.jpg,0219_4.jpg,106,219,1,4,cross_variable_same,0,324,675
0106_1.jpg,0224_4.jpg,106,224,1,4,cross_variable_same,0,324,695
0106_1.jpg,0237_4.jpg,106,237,1,4,cross_variable_same,0,324,735
0106_1.jpg,0239_4.jpg,106,239,1,4,cross_variable_same,0,324,743
0106_1.jpg,0248_4.jpg,106,248,1,4,cross_variable_same,0,324,779
0106_1.jpg,0266_4.jpg,106,266,1,4,cross_variable_same,0,324,847
0106_1.jpg,0271_4.jpg,106,271,1,4,cross_variable_same,0,324,867
0106_1.jpg,0279_4.jpg,106,279,1,4,cross_variable_same,0,324,895
0106_1.jpg,0282_4.jpg,106,282,1,4,cross_variable_same,0,324,903
0109_1.jpg,0006_4.jpg,109,6,1,4,cross_variable_same,0,332,19
0109_1.jpg,0012_4.jpg,109,12,1,4,cross_variable_same,0,332,43
0109_1.jpg,0015_4.jpg,109,15,1,4,cross_variable_same,0,332,47
0109_1.jpg,0018_4.jpg,109,18,1,4,cross_variable_same,0,332,51
0109_1.jpg,0035_4.jpg,109,35,1,4,cross_variable_same,0,332,111
0109_1.jpg,0042_4.jpg,109,42,1,4,cross_variable_same,0,332,127
0109_1.jpg,0043_4.jpg,109,43,1,4,cross_variable_same,0,332,131
0109_1.jpg,0060_4.jpg,109,60,1,4,cross_variable_same,0,332,175
0109_1.jpg,0066_4.jpg,109,66,1,4,cross_variable_same,0,332,195
0109_1.jpg,0067_4.jpg,109,67,1,4,cross_variable_same,0,332,199
0109_1.jpg,0079_4.jpg,109,79,1,4,cross_variable_same,0,332,243
0109_1.jpg,0086_4.jpg,109,86,1,4,cross_variable_same,0,332,259
0109_1.jpg,0087_4.jpg,109,87,1,4,cross_variable_same,0,332,263
0109_1.jpg,0089_4.jpg,109,89,1,4,cross_variable_same,0,332,267
0109_1.jpg,0091_4.jpg,109,91,1,4,cross_variable_same,0,332,275
0109_1.jpg,0093_4.jpg,109,93,1,4,cross_variable_same,0,332,283
0109_1.jpg,0106_4.jpg,109,106,1,4,cross_variable_same,0,332,327
0109_1.jpg,0109_4.jpg,109,109,1,4,cross_variable_same,1,332,335
0109_1.jpg,0114_4.jpg,109,114,1,4,cross_variable_same,0,332,343
0109_1.jpg,0130_4.jpg,109,130,1,4,cross_variable_same,0,332,391
0109_1.jpg,0132_4.jpg,109,132,1,4,cross_variable_same,0,332,399
0109_1.jpg,0148_4.jpg,109,148,1,4,cross_variable_same,0,332,447
0109_1.jpg,0154_4.jpg,109,154,1,4,cross_variable_same,0,332,463
0109_1.jpg,0161_4.jpg,109,161,1,4,cross_variable_same,0,332,491
0109_1.jpg,0200_4.jpg,109,200,1,4,cross_variable_same,0,332,607
0109_1.jpg,0204_4.jpg,109,204,1,4,cross_variable_same,0,332,623
0109_1.jpg,0216_4.jpg,109,216,1,4,cross_variable_same,0,332,667
0109_1.jpg,0219_4.jpg,109,219,1,4,cross_variable_same,0,332,675
0109_1.jpg,0224_4.jpg,109,224,1,4,cross_variable_same,0,332,695
0109_1.jpg,0237_4.jpg,109,237,1,4,cross_variable_same,0,332,735
0109_1.jpg,0239_4.jpg,109,239,1,4,cross_variable_same,0,332,743
0109_1.jpg,0248_4.jpg,109,248,1,4,cross_variable_same,0,332,779
0109_1.jpg,0266_4.jpg,109,266,1,4,cross_variable_same,0,332,847
0109_1.jpg,0271_4.jpg,109,271,1,4,cross_variable_same,0,332,867
0109_1.jpg,0279_4.jpg,109,279,1,4,cross_variable_same,0,332,895
0109_1.jpg,0282_4.jpg,109,282,1,4,cross_variable_same,0,332,903
0114_1.jpg,0006_4.jpg,114,6,1,4,cross_variable_same,0,340,19
0114_1.jpg,0012_4.jpg,114,12,1,4,cross_variable_same,0,340,43
0114_1.jpg,0015_4.jpg,114,15,1,4,cross_variable_same,0,340,47
0114_1.jpg,0018_4.jpg,114,18,1,4,cross_variable_same,0,340,51
0114_1.jpg,0035_4.jpg,114,35,1,4,cross_variable_same,0,340,111
0114_1.jpg,0042_4.jpg,114,42,1,4,cross_variable_same,0,340,127
0114_1.jpg,0043_4.jpg,114,43,1,4,cross_variable_same,0,340,131
0114_1.jpg,0060_4.jpg,114,60,1,4,cross_variable_same,0,340,175
0114_1.jpg,0066_4.jpg,114,66,1,4,cross_variable_same,0,340,195
0114_1.jpg,0067_4.jpg,114,67,1,4,cross_variable_same,0,340,199
0114_1.jpg,0079_4.jpg,114,79,1,4,cross_variable_same,0,340,243
0114_1.jpg,0086_4.jpg,114,86,1,4,cross_variable_same,0,340,259
0114_1.jpg,0087_4.jpg,114,87,1,4,cross_variable_same,0,340,263
0114_1.jpg,0089_4.jpg,114,89,1,4,cross_variable_same,0,340,267
0114_1.jpg,0091_4.jpg,114,91,1,4,cross_variable_same,0,340,275
0114_1.jpg,0093_4.jpg,114,93,1,4,cross_variable_same,0,340,283
0114_1.jpg,0106_4.jpg,114,106,1,4,cross_variable_same,0,340,327
0114_1.jpg,0109_4.jpg,114,109,1,4,cross_variable_same,0,340,335
0114_1.jpg,0114_4.jpg,114,114,1,4,cross_variable_same,1,340,343
0114_1.jpg,0130_4.jpg,114,130,1,4,cross_variable_same,0,340,391
0114_1.jpg,0132_4.jpg,114,132,1,4,cross_variable_same,0,340,399
0114_1.jpg,0148_4.jpg,114,148,1,4,cross_variable_same,0,340,447
0114_1.jpg,0154_4.jpg,114,154,1,4,cross_variable_same,0,340,463
0114_1.jpg,0161_4.jpg,114,161,1,4,cross_variable_same,0,340,491
0114_1.jpg,0200_4.jpg,114,200,1,4,cross_variable_same,0,340,607
0114_1.jpg,0204_4.jpg,114,204,1,4,cross_variable_same,0,340,623
0114_1.jpg,0216_4.jpg,114,216,1,4,cross_variable_same,0,340,667
0114_1.jpg,0219_4.jpg,114,219,1,4,cross_variable_same,0,340,675
0114_1.jpg,0224_4.jpg,114,224,1,4,cross_variable_same,0,340,695
0114_1.jpg,0237_4.jpg,114,237,1,4,cross_variable_same,0,340,735
0114_1.jpg,0239_4.jpg,114,239,1,4,cross_variable_same,0,340,743
0114_1.jpg,0248_4.jpg,114,248,1,4,cross_variable_same,0,340,779
0114_1.jpg,0266_4.jpg,114,266,1,4,cross_variable_same,0,340,847
0114_1.jpg,0271_4.jpg,114,271,1,4,cross_variable_same,0,340,867
0114_1.jpg,0279_4.jpg,114,279,1,4,cross_variable_same,0,340,895
0114_1.jpg,0282_4.jpg,114,282,1,4,cross_variable_same,0,340,903
0130_1.jpg,0006_4.jpg,130,6,1,4,cross_variable_same,0,388,19
0130_1.jpg,0012_4.jpg,130,12,1,4,cross_variable_same,0,388,43
0130_1.jpg,0015_4.jpg,130,15,1,4,cross_variable_same,0,388,47
0130_1.jpg,0018_4.jpg,130,18,1,4,cross_variable_same,0,388,51
0130_1.jpg,0035_4.jpg,130,35,1,4,cross_variable_same,0,388,111
0130_1.jpg,0042_4.jpg,130,42,1,4,cross_variable_same,0,388,127
0130_1.jpg,0043_4.jpg,130,43,1,4,cross_variable_same,0,388,131
0130_1.jpg,0060_4.jpg,130,60,1,4,cross_variable_same,0,388,175
0130_1.jpg,0066_4.jpg,130,66,1,4,cross_variable_same,0,388,195
0130_1.jpg,0067_4.jpg,130,67,1,4,cross_variable_same,0,388,199
0130_1.jpg,0079_4.jpg,130,79,1,4,cross_variable_same,0,388,243
0130_1.jpg,0086_4.jpg,130,86,1,4,cross_variable_same,0,388,259
0130_1.jpg,0087_4.jpg,130,87,1,4,cross_variable_same,0,388,263
0130_1.jpg,0089_4.jpg,130,89,1,4,cross_variable_same,0,388,267
0130_1.jpg,0091_4.jpg,130,91,1,4,cross_variable_same,0,388,275
0130_1.jpg,0093_4.jpg,130,93,1,4,cross_variable_same,0,388,283
0130_1.jpg,0106_4.jpg,130,106,1,4,cross_variable_same,0,388,327
0130_1.jpg,0109_4.jpg,130,109,1,4,cross_variable_same,0,388,335
0130_1.jpg,0114_4.jpg,130,114,1,4,cross_variable_same,0,388,343
0130_1.jpg,0130_4.jpg,130,130,1,4,cross_variable_same,1,388,391
0130_1.jpg,0132_4.jpg,130,132,1,4,cross_variable_same,0,388,399
0130_1.jpg,0148_4.jpg,130,148,1,4,cross_variable_same,0,388,447
0130_1.jpg,0154_4.jpg,130,154,1,4,cross_variable_same,0,388,463
0130_1.jpg,0161_4.jpg,130,161,1,4,cross_variable_same,0,388,491
0130_1.jpg,0200_4.jpg,130,200,1,4,cross_variable_same,0,388,607
0130_1.jpg,0204_4.jpg,130,204,1,4,cross_variable_same,0,388,623
0130_1.jpg,0216_4.jpg,130,216,1,4,cross_variable_same,0,388,667
0130_1.jpg,0219_4.jpg,130,219,1,4,cross_variable_same,0,388,675
0130_1.jpg,0224_4.jpg,130,224,1,4,cross_variable_same,0,388,695
0130_1.jpg,0237_4.jpg,130,237,1,4,cross_variable_same,0,388,735
0130_1.jpg,0239_4.jpg,130,239,1,4,cross_variable_same,0,388,743
0130_1.jpg,0248_4.jpg,130,248,1,4,cross_variable_same,0,388,779
0130_1.jpg,0266_4.jpg,130,266,1,4,cross_variable_same,0,388,847
0130_1.jpg,0271_4.jpg,130,271,1,4,cross_variable_same,0,388,867
0130_1.jpg,0279_4.jpg,130,279,1,4,cross_variable_same,0,388,895
0130_1.jpg,0282_4.jpg,130,282,1,4,cross_variable_same,0,388,903
0132_1.jpg,0006_4.jpg,132,6,1,4,cross_variable_same,0,396,19
0132_1.jpg,0012_4.jpg,132,12,1,4,cross_variable_same,0,396,43
0132_1.jpg,0015_4.jpg,132,15,1,4,cross_variable_same,0,396,47
0132_1.jpg,0018_4.jpg,132,18,1,4,cross_variable_same,0,396,51
0132_1.jpg,0035_4.jpg,132,35,1,4,cross_variable_same,0,396,111
0132_1.jpg,0042_4.jpg,132,42,1,4,cross_variable_same,0,396,127
0132_1.jpg,0043_4.jpg,132,43,1,4,cross_variable_same,0,396,131
0132_1.jpg,0060_4.jpg,132,60,1,4,cross_variable_same,0,396,175
0132_1.jpg,0066_4.jpg,132,66,1,4,cross_variable_same,0,396,195
0132_1.jpg,0067_4.jpg,132,67,1,4,cross_variable_same,0,396,199
0132_1.jpg,0079_4.jpg,132,79,1,4,cross_variable_same,0,396,243
0132_1.jpg,0086_4.jpg,132,86,1,4,cross_variable_same,0,396,259
0132_1.jpg,0087_4.jpg,132,87,1,4,cross_variable_same,0,396,263
0132_1.jpg,0089_4.jpg,132,89,1,4,cross_variable_same,0,396,267
0132_1.jpg,0091_4.jpg,132,91,1,4,cross_variable_same,0,396,275
0132_1.jpg,0093_4.jpg,132,93,1,4,cross_variable_same,0,396,283
0132_1.jpg,0106_4.jpg,132,106,1,4,cross_variable_same,0,396,327
0132_1.jpg,0109_4.jpg,132,109,1,4,cross_variable_same,0,396,335
0132_1.jpg,0114_4.jpg,132,114,1,4,cross_variable_same,0,396,343
0132_1.jpg,0130_4.jpg,132,130,1,4,cross_variable_same,0,396,391
0132_1.jpg,0132_4.jpg,132,132,1,4,cross_variable_same,1,396,399
0132_1.jpg,0148_4.jpg,132,148,1,4,cross_variable_same,0,396,447
0132_1.jpg,0154_4.jpg,132,154,1,4,cross_variable_same,0,396,463
0132_1.jpg,0161_4.jpg,132,161,1,4,cross_variable_same,0,396,491
0132_1.jpg,0200_4.jpg,132,200,1,4,cross_variable_same,0,396,607
0132_1.jpg,0204_4.jpg,132,204,1,4,cross_variable_same,0,396,623
0132_1.jpg,0216_4.jpg,132,216,1,4,cross_variable_same,0,396,667
0132_1.jpg,0219_4.jpg,132,219,1,4,cross_variable_same,0,396,675
0132_1.jpg,0224_4.jpg,132,224,1,4,cross_variable_same,0,396,695
0132_1.jpg,0237_4.jpg,132,237,1,4,cross_variable_same,0,396,735
0132_1.jpg,0239_4.jpg,132,239,1,4,cross_variable_same,0,396,743
0132_1.jpg,0248_4.jpg,132,248,1,4,cross_variable_same,0,396,779
0132_1.jpg,0266_4.jpg,132,266,1,4,cross_variable_same,0,396,847
0132_1.jpg,0271_4.jpg,132,271,1,4,cross_variable_same,0,396,867
0132_1.jpg,0279_4.jpg,132,279,1,4,cross_variable_same,0,396,895
0132_1.jpg,0282_4.jpg,132,282,1,4,cross_variable_same,0,396,903
0148_1.jpg,0006_4.jpg,148,6,1,4,cross_variable_same,0,444,19
0148_1.jpg,0012_4.jpg,148,12,1,4,cross_variable_same,0,444,43
0148_1.jpg,0015_4.jpg,148,15,1,4,cross_variable_same,0,444,47
0148_1.jpg,0018_4.jpg,148,18,1,4,cross_variable_same,0,444,51
0148_1.jpg,0035_4.jpg,148,35,1,4,cross_variable_same,0,444,111
0148_1.jpg,0042_4.jpg,148,42,1,4,cross_variable_same,0,444,127
0148_1.jpg,0043_4.jpg,148,43,1,4,cross_variable_same,0,444,131
0148_1.jpg,0060_4.jpg,148,60,1,4,cross_variable_same,0,444,175
0148_1.jpg,0066_4.jpg,148,66,1,4,cross_variable_same,0,444,195
0148_1.jpg,0067_4.jpg,148,67,1,4,cross_variable_same,0,444,199
0148_1.jpg,0079_4.jpg,148,79,1,4,cross_variable_same,0,444,243
0148_1.jpg,0086_4.jpg,148,86,1,4,cross_variable_same,0,444,259
0148_1.jpg,0087_4.jpg,148,87,1,4,cross_variable_same,0,444,263
0148_1.jpg,0089_4.jpg,148,89,1,4,cross_variable_same,0,444,267
0148_1.jpg,0091_4.jpg,148,91,1,4,cross_variable_same,0,444,275
0148_1.jpg,0093_4.jpg,148,93,1,4,cross_variable_same,0,444,283
0148_1.jpg,0106_4.jpg,148,106,1,4,cross_variable_same,0,444,327
0148_1.jpg,0109_4.jpg,148,109,1,4,cross_variable_same,0,444,335
0148_1.jpg,0114_4.jpg,148,114,1,4,cross_variable_same,0,444,343
0148_1.jpg,0130_4.jpg,148,130,1,4,cross_variable_same,0,444,391
0148_1.jpg,0132_4.jpg,148,132,1,4,cross_variable_same,0,444,399
0148_1.jpg,0148_4.jpg,148,148,1,4,cross_variable_same,1,444,447
0148_1.jpg,0154_4.jpg,148,154,1,4,cross_variable_same,0,444,463
0148_1.jpg,0161_4.jpg,148,161,1,4,cross_variable_same,0,444,491
0148_1.jpg,0200_4.jpg,148,200,1,4,cross_variable_same,0,444,607
0148_1.jpg,0204_4.jpg,148,204,1,4,cross_variable_same,0,444,623
0148_1.jpg,0216_4.jpg,148,216,1,4,cross_variable_same,0,444,667
0148_1.jpg,0219_4.jpg,148,219,1,4,cross_variable_same,0,444,675
0148_1.jpg,0224_4.jpg,148,224,1,4,cross_variable_same,0,444,695
0148_1.jpg,0237_4.jpg,148,237,1,4,cross_variable_same,0,444,735
0148_1.jpg,0239_4.jpg,148,239,1,4,cross_variable_same,0,444,743
0148_1.jpg,0248_4.jpg,148,248,1,4,cross_variable_same,0,444,779
0148_1.jpg,0266_4.jpg,148,266,1,4,cross_variable_same,0,444,847
0148_1.jpg,0271_4.jpg,148,271,1,4,cross_variable_same,0,444,867
0148_1.jpg,0279_4.jpg,148,279,1,4,cross_variable_same,0,444,895
0148_1.jpg,0282_4.jpg,148,282,1,4,cross_variable_same,0,444,903
0154_1.jpg,0006_4.jpg,154,6,1,4,cross_variable_same,0,460,19
0154_1.jpg,0012_4.jpg,154,12,1,4,cross_variable_same,0,460,43
0154_1.jpg,0015_4.jpg,154,15,1,4,cross_variable_same,0,460,47
0154_1.jpg,0018_4.jpg,154,18,1,4,cross_variable_same,0,460,51
0154_1.jpg,0035_4.jpg,154,35,1,4,cross_variable_same,0,460,111
0154_1.jpg,0042_4.jpg,154,42,1,4,cross_variable_same,0,460,127
0154_1.jpg,0043_4.jpg,154,43,1,4,cross_variable_same,0,460,131
0154_1.jpg,0060_4.jpg,154,60,1,4,cross_variable_same,0,460,175
0154_1.jpg,0066_4.jpg,154,66,1,4,cross_variable_same,0,460,195
0154_1.jpg,0067_4.jpg,154,67,1,4,cross_variable_same,0,460,199
0154_1.jpg,0079_4.jpg,154,79,1,4,cross_variable_same,0,460,243
0154_1.jpg,0086_4.jpg,154,86,1,4,cross_variable_same,0,460,259
0154_1.jpg,0087_4.jpg,154,87,1,4,cross_variable_same,0,460,263
0154_1.jpg,0089_4.jpg,154,89,1,4,cross_variable_same,0,460,267
0154_1.jpg,0091_4.jpg,154,91,1,4,cross_variable_same,0,460,275
0154_1.jpg,0093_4.jpg,154,93,1,4,cross_variable_same,0,460,283
0154_1.jpg,0106_4.jpg,154,106,1,4,cross_variable_same,0,460,327
0154_1.jpg,0109_4.jpg,154,109,1,4,cross_variable_same,0,460,335
0154_1.jpg,0114_4.jpg,154,114,1,4,cross_variable_same,0,460,343
0154_1.jpg,0130_4.jpg,154,130,1,4,cross_variable_same,0,460,391
0154_1.jpg,0132_4.jpg,154,132,1,4,cross_variable_same,0,460,399
0154_1.jpg,0148_4.jpg,154,148,1,4,cross_variable_same,0,460,447
0154_1.jpg,0154_4.jpg,154,154,1,4,cross_variable_same,1,460,463
0154_1.jpg,0161_4.jpg,154,161,1,4,cross_variable_same,0,460,491
0154_1.jpg,0200_4.jpg,154,200,1,4,cross_variable_same,0,460,607
0154_1.jpg,0204_4.jpg,154,204,1,4,cross_variable_same,0,460,623
0154_1.jpg,0216_4.jpg,154,216,1,4,cross_variable_same,0,460,667
0154_1.jpg,0219_4.jpg,154,219,1,4,cross_variable_same,0,460,675
0154_1.jpg,0224_4.jpg,154,224,1,4,cross_variable_same,0,460,695
0154_1.jpg,0237_4.jpg,154,237,1,4,cross_variable_same,0,460,735
0154_1.jpg,0239_4.jpg,154,239,1,4,cross_variable_same,0,460,743
0154_1.jpg,0248_4.jpg,154,248,1,4,cross_variable_same,0,460,779
0154_1.jpg,0266_4.jpg,154,266,1,4,cross_variable_same,0,460,847
0154_1.jpg,0271_4.jpg,154,271,1,4,cross_variable_same,0,460,867
0154_1.jpg,0279_4.jpg,154,279,1,4,cross_variable_same,0,460,895
0154_1.jpg,0282_4.jpg,154,282,1,4,cross_variable_same,0,460,903
0161_1.jpg,0006_4.jpg,161,6,1,4,cross_variable_same,0,488,19
0161_1.jpg,0012_4.jpg,161,12,1,4,cross_variable_same,0,488,43
0161_1.jpg,0015_4.jpg,161,15,1,4,cross_variable_same,0,488,47
0161_1.jpg,0018_4.jpg,161,18,1,4,cross_variable_same,0,488,51
0161_1.jpg,0035_4.jpg,161,35,1,4,cross_variable_same,0,488,111
0161_1.jpg,0042_4.jpg,161,42,1,4,cross_variable_same,0,488,127
0161_1.jpg,0043_4.jpg,161,43,1,4,cross_variable_same,0,488,131
0161_1.jpg,0060_4.jpg,161,60,1,4,cross_variable_same,0,488,175
0161_1.jpg,0066_4.jpg,161,66,1,4,cross_variable_same,0,488,195
0161_1.jpg,0067_4.jpg,161,67,1,4,cross_variable_same,0,488,199
0161_1.jpg,0079_4.jpg,161,79,1,4,cross_variable_same,0,488,243
0161_1.jpg,0086_4.jpg,161,86,1,4,cross_variable_same,0,488,259
0161_1.jpg,0087_4.jpg,161,87,1,4,cross_variable_same,0,488,263
0161_1.jpg,0089_4.jpg,161,89,1,4,cross_variable_same,0,488,267
0161_1.jpg,0091_4.jpg,161,91,1,4,cross_variable_same,0,488,275
0161_1.jpg,0093_4.jpg,161,93,1,4,cross_variable_same,0,488,283
0161_1.jpg,0106_4.jpg,161,106,1,4,cross_variable_same,0,488,327
0161_1.jpg,0109_4.jpg,161,109,1,4,cross_variable_same,0,488,335
0161_1.jpg,0114_4.jpg,161,114,1,4,cross_variable_same,0,488,343
0161_1.jpg,0130_4.jpg,161,130,1,4,cross_variable_same,0,488,391
0161_1.jpg,0132_4.jpg,161,132,1,4,cross_variable_same,0,488,399
0161_1.jpg,0148_4.jpg,161,148,1,4,cross_variable_same,0,488,447
0161_1.jpg,0154_4.jpg,161,154,1,4,cross_variable_same,0,488,463
0161_1.jpg,0161_4.jpg,161,161,1,4,cross_variable_same,1,488,491
0161_1.jpg,0200_4.jpg,161,200,1,4,cross_variable_same,0,488,607
0161_1.jpg,0204_4.jpg,161,204,1,4,cross_variable_same,0,488,623
0161_1.jpg,0216_4.jpg,161,216,1,4,cross_variable_same,0,488,667
0161_1.jpg,0219_4.jpg,161,219,1,4,cross_variable_same,0,488,675
0161_1.jpg,0224_4.jpg,161,224,1,4,cross_variable_same,0,488,695
0161_1.jpg,0237_4.jpg,161,237,1,4,cross_variable_same,0,488,735
0161_1.jpg,0239_4.jpg,161,239,1,4,cross_variable_same,0,488,743
0161_1.jpg,0248_4.jpg,161,248,1,4,cross_variable_same,0,488,779
0161_1.jpg,0266_4.jpg,161,266,1,4,cross_variable_same,0,488,847
0161_1.jpg,0271_4.jpg,161,271,1,4,cross_variable_same,0,488,867
0161_1.jpg,0279_4.jpg,161,279,1,4,cross_variable_same,0,488,895
0161_1.jpg,0282_4.jpg,161,282,1,4,cross_variable_same,0,488,903
0200_1.jpg,0006_4.jpg,200,6,1,4,cross_variable_same,0,604,19
0200_1.jpg,0012_4.jpg,200,12,1,4,cross_variable_same,0,604,43
0200_1.jpg,0015_4.jpg,200,15,1,4,cross_variable_same,0,604,47
0200_1.jpg,0018_4.jpg,200,18,1,4,cross_variable_same,0,604,51
0200_1.jpg,0035_4.jpg,200,35,1,4,cross_variable_same,0,604,111
0200_1.jpg,0042_4.jpg,200,42,1,4,cross_variable_same,0,604,127
0200_1.jpg,0043_4.jpg,200,43,1,4,cross_variable_same,0,604,131
0200_1.jpg,0060_4.jpg,200,60,1,4,cross_variable_same,0,604,175
0200_1.jpg,0066_4.jpg,200,66,1,4,cross_variable_same,0,604,195
0200_1.jpg,0067_4.jpg,200,67,1,4,cross_variable_same,0,604,199
0200_1.jpg,0079_4.jpg,200,79,1,4,cross_variable_same,0,604,243
0200_1.jpg,0086_4.jpg,200,86,1,4,cross_variable_same,0,604,259
0200_1.jpg,0087_4.jpg,200,87,1,4,cross_variable_same,0,604,263
0200_1.jpg,0089_4.jpg,200,89,1,4,cross_variable_same,0,604,267
0200_1.jpg,0091_4.jpg,200,91,1,4,cross_variable_same,0,604,275
0200_1.jpg,0093_4.jpg,200,93,1,4,cross_variable_same,0,604,283
0200_1.jpg,0106_4.jpg,200,106,1,4,cross_variable_same,0,604,327
0200_1.jpg,0109_4.jpg,200,109,1,4,cross_variable_same,0,604,335
0200_1.jpg,0114_4.jpg,200,114,1,4,cross_variable_same,0,604,343
0200_1.jpg,0130_4.jpg,200,130,1,4,cross_variable_same,0,604,391
0200_1.jpg,0132_4.jpg,200,132,1,4,cross_variable_same,0,604,399
0200_1.jpg,0148_4.jpg,200,148,1,4,cross_variable_same,0,604,447
0200_1.jpg,0154_4.jpg,200,154,1,4,cross_variable_same,0,604,463
0200_1.jpg,0161_4.jpg,200,161,1,4,cross_variable_same,0,604,491
0200_1.jpg,0200_4.jpg,200,200,1,4,cross_variable_same,1,604,607
0200_1.jpg,0204_4.jpg,200,204,1,4,cross_variable_same,0,604,623
0200_1.jpg,0216_4.jpg,200,216,1,4,cross_variable_same,0,604,667
0200_1.jpg,0219_4.jpg,200,219,1,4,cross_variable_same,0,604,675
0200_1.jpg,0224_4.jpg,200,224,1,4,cross_variable_same,0,604,695
0200_1.jpg,0237_4.jpg,200,237,1,4,cross_variable_same,0,604,735
0200_1.jpg,0239_4.jpg,200,239,1,4,cross_variable_same,0,604,743
0200_1.jpg,0248_4.jpg,200,248,1,4,cross_variable_same,0,604,779
0200_1.jpg,0266_4.jpg,200,266,1,4,cross_variable_same,0,604,847
0200_1.jpg,0271_4.jpg,200,271,1,4,cross_variable_same,0,604,867
0200_1.jpg,0279_4.jpg,200,279,1,4,cross_variable_same,0,604,895
0200_1.jpg,0282_4.jpg,200,282,1,4,cross_variable_same,0,604,903
0204_1.jpg,0006_4.jpg,204,6,1,4,cross_variable_same,0,620,19
0204_1.jpg,0012_4.jpg,204,12,1,4,cross_variable_same,0,620,43
0204_1.jpg,0015_4.jpg,204,15,1,4,cross_variable_same,0,620,47
0204_1.jpg,0018_4.jpg,204,18,1,4,cross_variable_same,0,620,51
0204_1.jpg,0035_4.jpg,204,35,1,4,cross_variable_same,0,620,111
0204_1.jpg,0042_4.jpg,204,42,1,4,cross_variable_same,0,620,127
0204_1.jpg,0043_4.jpg,204,43,1,4,cross_variable_same,0,620,131
0204_1.jpg,0060_4.jpg,204,60,1,4,cross_variable_same,0,620,175
0204_1.jpg,0066_4.jpg,204,66,1,4,cross_variable_same,0,620,195
0204_1.jpg,0067_4.jpg,204,67,1,4,cross_variable_same,0,620,199
0204_1.jpg,0079_4.jpg,204,79,1,4,cross_variable_same,0,620,243
0204_1.jpg,0086_4.jpg,204,86,1,4,cross_variable_same,0,620,259
0204_1.jpg,0087_4.jpg,204,87,1,4,cross_variable_same,0,620,263
0204_1.jpg,0089_4.jpg,204,89,1,4,cross_variable_same,0,620,267
0204_1.jpg,0091_4.jpg,204,91,1,4,cross_variable_same,0,620,275
0204_1.jpg,0093_4.jpg,204,93,1,4,cross_variable_same,0,620,283
0204_1.jpg,0106_4.jpg,204,106,1,4,cross_variable_same,0,620,327
0204_1.jpg,0109_4.jpg,204,109,1,4,cross_variable_same,0,620,335
0204_1.jpg,0114_4.jpg,204,114,1,4,cross_variable_same,0,620,343
0204_1.jpg,0130_4.jpg,204,130,1,4,cross_variable_same,0,620,391
0204_1.jpg,0132_4.jpg,204,132,1,4,cross_variable_same,0,620,399
0204_1.jpg,0148_4.jpg,204,148,1,4,cross_variable_same,0,620,447
0204_1.jpg,0154_4.jpg,204,154,1,4,cross_variable_same,0,620,463
0204_1.jpg,0161_4.jpg,204,161,1,4,cross_variable_same,0,620,491
0204_1.jpg,0200_4.jpg,204,200,1,4,cross_variable_same,0,620,607
0204_1.jpg,0204_4.jpg,204,204,1,4,cross_variable_same,1,620,623
0204_1.jpg,0216_4.jpg,204,216,1,4,cross_variable_same,0,620,667
0204_1.jpg,0219_4.jpg,204,219,1,4,cross_variable_same,0,620,675
0204_1.jpg,0224_4.jpg,204,224,1,4,cross_variable_same,0,620,695
0204_1.jpg,0237_4.jpg,204,237,1,4,cross_variable_same,0,620,735
0204_1.jpg,0239_4.jpg,204,239,1,4,cross_variable_same,0,620,743
0204_1.jpg,0248_4.jpg,204,248,1,4,cross_variable_same,0,620,779
0204_1.jpg,0266_4.jpg,204,266,1,4,cross_variable_same,0,620,847
0204_1.jpg,0271_4.jpg,204,271,1,4,cross_variable_same,0,620,867
0204_1.jpg,0279_4.jpg,204,279,1,4,cross_variable_same,0,620,895
0204_1.jpg,0282_4.jpg,204,282,1,4,cross_variable_same,0,620,903
0216_1.jpg,0006_4.jpg,216,6,1,4,cross_variable_same,0,664,19
0216_1.jpg,0012_4.jpg,216,12,1,4,cross_variable_same,0,664,43
0216_1.jpg,0015_4.jpg,216,15,1,4,cross_variable_same,0,664,47
0216_1.jpg,0018_4.jpg,216,18,1,4,cross_variable_same,0,664,51
0216_1.jpg,0035_4.jpg,216,35,1,4,cross_variable_same,0,664,111
0216_1.jpg,0042_4.jpg,216,42,1,4,cross_variable_same,0,664,127
0216_1.jpg,0043_4.jpg,216,43,1,4,cross_variable_same,0,664,131
0216_1.jpg,0060_4.jpg,216,60,1,4,cross_variable_same,0,664,175
0216_1.jpg,0066_4.jpg,216,66,1,4,cross_variable_same,0,664,195
0216_1.jpg,0067_4.jpg,216,67,1,4,cross_variable_same,0,664,199
0216_1.jpg,0079_4.jpg,216,79,1,4,cross_variable_same,0,664,243
0216_1.jpg,0086_4.jpg,216,86,1,4,cross_variable_same,0,664,259
0216_1.jpg,0087_4.jpg,216,87,1,4,cross_variable_same,0,664,263
0216_1.jpg,0089_4.jpg,216,89,1,4,cross_variable_same,0,664,267
0216_1.jpg,0091_4.jpg,216,91,1,4,cross_variable_same,0,664,275
0216_1.jpg,0093_4.jpg,216,93,1,4,cross_variable_same,0,664,283
0216_1.jpg,0106_4.jpg,216,106,1,4,cross_variable_same,0,664,327
0216_1.jpg,0109_4.jpg,216,109,1,4,cross_variable_same,0,664,335
0216_1.jpg,0114_4.jpg,216,114,1,4,cross_variable_same,0,664,343
0216_1.jpg,0130_4.jpg,216,130,1,4,cross_variable_same,0,664,391
0216_1.jpg,0132_4.jpg,216,132,1,4,cross_variable_same,0,664,399
0216_1.jpg,0148_4.jpg,216,148,1,4,cross_variable_same,0,664,447
0216_1.jpg,0154_4.jpg,216,154,1,4,cross_variable_same,0,664,463
0216_1.jpg,0161_4.jpg,216,161,1,4,cross_variable_same,0,664,491
0216_1.jpg,0200_4.jpg,216,200,1,4,cross_variable_same,0,664,607
0216_1.jpg,0204_4.jpg,216,204,1,4,cross_variable_same,0,664,623
0216_1.jpg,0216_4.jpg,216,216,1,4,cross_variable_same,1,664,667
0216_1.jpg,0219_4.jpg,216,219,1,4,cross_variable_same,0,664,675
0216_1.jpg,0224_4.jpg,216,224,1,4,cross_variable_same,0,664,695
0216_1.jpg,0237_4.jpg,216,237,1,4,cross_variable_same,0,664,735
0216_1.jpg,0239_4.jpg,216,239,1,4,cross_variable_same,0,664,743
0216_1.jpg,0248_4.jpg,216,248,1,4,cross_variable_same,0,664,779
0216_1.jpg,0266_4.jpg,216,266,1,4,cross_variable_same,0,664,847
0216_1.jpg,0271_4.jpg,216,271,1,4,cross_variable_same,0,664,867
0216_1.jpg,0279_4.jpg,216,279,1,4,cross_variable_same,0,664,895
0216_1.jpg,0282_4.jpg,216,282,1,4,cross_variable_same,0,664,903
0219_1.jpg,0006_4.jpg,219,6,1,4,cross_variable_same,0,672,19
0219_1.jpg,0012_4.jpg,219,12,1,4,cross_variable_same,0,672,43
0219_1.jpg,0015_4.jpg,219,15,1,4,cross_variable_same,0,672,47
0219_1.jpg,0018_4.jpg,219,18,1,4,cross_variable_same,0,672,51
0219_1.jpg,0035_4.jpg,219,35,1,4,cross_variable_same,0,672,111
0219_1.jpg,0042_4.jpg,219,42,1,4,cross_variable_same,0,672,127
0219_1.jpg,0043_4.jpg,219,43,1,4,cross_variable_same,0,672,131
0219_1.jpg,0060_4.jpg,219,60,1,4,cross_variable_same,0,672,175
0219_1.jpg,0066_4.jpg,219,66,1,4,cross_variable_same,0,672,195
0219_1.jpg,0067_4.jpg,219,67,1,4,cross_variable_same,0,672,199
0219_1.jpg,0079_4.jpg,219,79,1,4,cross_variable_same,0,672,243
0219_1.jpg,0086_4.jpg,219,86,1,4,cross_variable_same,0,672,259
0219_1.jpg,0087_4.jpg,219,87,1,4,cross_variable_same,0,672,263
0219_1.jpg,0089_4.jpg,219,89,1,4,cross_variable_same,0,672,267
0219_1.jpg,0091_4.jpg,219,91,1,4,cross_variable_same,0,672,275
0219_1.jpg,0093_4.jpg,219,93,1,4,cross_variable_same,0,672,283
0219_1.jpg,0106_4.jpg,219,106,1,4,cross_variable_same,0,672,327
0219_1.jpg,0109_4.jpg,219,109,1,4,cross_variable_same,0,672,335
0219_1.jpg,0114_4.jpg,219,114,1,4,cross_variable_same,0,672,343
0219_1.jpg,0130_4.jpg,219,130,1,4,cross_variable_same,0,672,391
0219_1.jpg,0132_4.jpg,219,132,1,4,cross_variable_same,0,672,399
0219_1.jpg,0148_4.jpg,219,148,1,4,cross_variable_same,0,672,447
0219_1.jpg,0154_4.jpg,219,154,1,4,cross_variable_same,0,672,463
0219_1.jpg,0161_4.jpg,219,161,1,4,cross_variable_same,0,672,491
0219_1.jpg,0200_4.jpg,219,200,1,4,cross_variable_same,0,672,607
0219_1.jpg,0204_4.jpg,219,204,1,4,cross_variable_same,0,672,623
0219_1.jpg,0216_4.jpg,219,216,1,4,cross_variable_same,0,672,667
0219_1.jpg,0219_4.jpg,219,219,1,4,cross_variable_same,1,672,675
0219_1.jpg,0224_4.jpg,219,224,1,4,cross_variable_same,0,672,695
0219_1.jpg,0237_4.jpg,219,237,1,4,cross_variable_same,0,672,735
0219_1.jpg,0239_4.jpg,219,239,1,4,cross_variable_same,0,672,743
0219_1.jpg,0248_4.jpg,219,248,1,4,cross_variable_same,0,672,779
0219_1.jpg,0266_4.jpg,219,266,1,4,cross_variable_same,0,672,847
0219_1.jpg,0271_4.jpg,219,271,1,4,cross_variable_same,0,672,867
0219_1.jpg,0279_4.jpg,219,279,1,4,cross_variable_same,0,672,895
0219_1.jpg,0282_4.jpg,219,282,1,4,cross_variable_same,0,672,903
0224_1.jpg,0006_4.jpg,224,6,1,4,cross_variable_same,0,692,19
0224_1.jpg,0012_4.jpg,224,12,1,4,cross_variable_same,0,692,43
0224_1.jpg,0015_4.jpg,224,15,1,4,cross_variable_same,0,692,47
0224_1.jpg,0018_4.jpg,224,18,1,4,cross_variable_same,0,692,51
0224_1.jpg,0035_4.jpg,224,35,1,4,cross_variable_same,0,692,111
0224_1.jpg,0042_4.jpg,224,42,1,4,cross_variable_same,0,692,127
0224_1.jpg,0043_4.jpg,224,43,1,4,cross_variable_same,0,692,131
0224_1.jpg,0060_4.jpg,224,60,1,4,cross_variable_same,0,692,175
0224_1.jpg,0066_4.jpg,224,66,1,4,cross_variable_same,0,692,195
0224_1.jpg,0067_4.jpg,224,67,1,4,cross_variable_same,0,692,199
0224_1.jpg,0079_4.jpg,224,79,1,4,cross_variable_same,0,692,243
0224_1.jpg,0086_4.jpg,224,86,1,4,cross_variable_same,0,692,259
0224_1.jpg,0087_4.jpg,224,87,1,4,cross_variable_same,0,692,263
0224_1.jpg,0089_4.jpg,224,89,1,4,cross_variable_same,0,692,267
0224_1.jpg,0091_4.jpg,224,91,1,4,cross_variable_same,0,692,275
0224_1.jpg,0093_4.jpg,224,93,1,4,cross_variable_same,0,692,283
0224_1.jpg,0106_4.jpg,224,106,1,4,cross_variable_same,0,692,327
0224_1.jpg,0109_4.jpg,224,109,1,4,cross_variable_same,0,692,335
0224_1.jpg,0114_4.jpg,224,114,1,4,cross_variable_same,0,692,343
0224_1.jpg,0130_4.jpg,224,130,1,4,cross_variable_same,0,692,391
0224_1.jpg,0132_4.jpg,224,132,1,4,cross_variable_same,0,692,399
0224_1.jpg,0148_4.jpg,224,148,1,4,cross_variable_same,0,692,447
0224_1.jpg,0154_4.jpg,224,154,1,4,cross_variable_same,0,692,463
0224_1.jpg,0161_4.jpg,224,161,1,4,cross_variable_same,0,692,491
0224_1.jpg,0200_4.jpg,224,200,1,4,cross_variable_same,0,692,607
0224_1.jpg,0204_4.jpg,224,204,1,4,cross_variable_same,0,692,623
0224_1.jpg,0216_4.jpg,224,216,1,4,cross_variable_same,0,692,667
0224_1.jpg,0219_4.jpg,224,219,1,4,cross_variable_same,0,692,675
0224_1.jpg,0224_4.jpg,224,224,1,4,cross_variable_same,1,692,695
0224_1.jpg,0237_4.jpg,224,237,1,4,cross_variable_same,0,692,735
0224_1.jpg,0239_4.jpg,224,239,1,4,cross_variable_same,0,692,743
0224_1.jpg,0248_4.jpg,224,248,1,4,cross_variable_same,0,692,779
0224_1.jpg,0266_4.jpg,224,266,1,4,cross_variable_same,0,692,847
0224_1.jpg,0271_4.jpg,224,271,1,4,cross_variable_same,0,692,867
0224_1.jpg,0279_4.jpg,224,279,1,4,cross_variable_same,0,692,895
0224_1.jpg,0282_4.jpg,224,282,1,4,cross_variable_same,0,692,903
0237_1.jpg,0006_4.jpg,237,6,1,4,cross_variable_same,0,732,19
0237_1.jpg,0012_4.jpg,237,12,1,4,cross_variable_same,0,732,43
0237_1.jpg,0015_4.jpg,237,15,1,4,cross_variable_same,0,732,47
0237_1.jpg,0018_4.jpg,237,18,1,4,cross_variable_same,0,732,51
0237_1.jpg,0035_4.jpg,237,35,1,4,cross_variable_same,0,732,111
0237_1.jpg,0042_4.jpg,237,42,1,4,cross_variable_same,0,732,127
0237_1.jpg,0043_4.jpg,237,43,1,4,cross_variable_same,0,732,131
0237_1.jpg,0060_4.jpg,237,60,1,4,cross_variable_same,0,732,175
0237_1.jpg,0066_4.jpg,237,66,1,4,cross_variable_same,0,732,195
0237_1.jpg,0067_4.jpg,237,67,1,4,cross_variable_same,0,732,199
0237_1.jpg,0079_4.jpg,237,79,1,4,cross_variable_same,0,732,243
0237_1.jpg,0086_4.jpg,237,86,1,4,cross_variable_same,0,732,259
0237_1.jpg,0087_4.jpg,237,87,1,4,cross_variable_same,0,732,263
0237_1.jpg,0089_4.jpg,237,89,1,4,cross_variable_same,0,732,267
0237_1.jpg,0091_4.jpg,237,91,1,4,cross_variable_same,0,732,275
0237_1.jpg,0093_4.jpg,237,93,1,4,cross_variable_same,0,732,283
0237_1.jpg,0106_4.jpg,237,106,1,4,cross_variable_same,0,732,327
0237_1.jpg,0109_4.jpg,237,109,1,4,cross_variable_same,0,732,335
0237_1.jpg,0114_4.jpg,237,114,1,4,cross_variable_same,0,732,343
0237_1.jpg,0130_4.jpg,237,130,1,4,cross_variable_same,0,732,391
0237_1.jpg,0132_4.jpg,237,132,1,4,cross_variable_same,0,732,399
0237_1.jpg,0148_4.jpg,237,148,1,4,cross_variable_same,0,732,447
0237_1.jpg,0154_4.jpg,237,154,1,4,cross_variable_same,0,732,463
0237_1.jpg,0161_4.jpg,237,161,1,4,cross_variable_same,0,732,491
0237_1.jpg,0200_4.jpg,237,200,1,4,cross_variable_same,0,732,607
0237_1.jpg,0204_4.jpg,237,204,1,4,cross_variable_same,0,732,623
0237_1.jpg,0216_4.jpg,237,216,1,4,cross_variable_same,0,732,667
0237_1.jpg,0219_4.jpg,237,219,1,4,cross_variable_same,0,732,675
0237_1.jpg,0224_4.jpg,237,224,1,4,cross_variable_same,0,732,695
0237_1.jpg,0237_4.jpg,237,237,1,4,cross_variable_same,1,732,735
0237_1.jpg,0239_4.jpg,237,239,1,4,cross_variable_same,0,732,743
0237_1.jpg,0248_4.jpg,237,248,1,4,cross_variable_same,0,732,779
0237_1.jpg,0266_4.jpg,237,266,1,4,cross_variable_same,0,732,847
0237_1.jpg,0271_4.jpg,237,271,1,4,cross_variable_same,0,732,867
0237_1.jpg,0279_4.jpg,237,279,1,4,cross_variable_same,0,732,895
0237_1.jpg,0282_4.jpg,237,282,1,4,cross_variable_same,0,732,903
0239_1.jpg,0006_4.jpg,239,6,1,4,cross_variable_same,0,740,19
0239_1.jpg,0012_4.jpg,239,12,1,4,cross_variable_same,0,740,43
0239_1.jpg,0015_4.jpg,239,15,1,4,cross_variable_same,0,740,47
0239_1.jpg,0018_4.jpg,239,18,1,4,cross_variable_same,0,740,51
0239_1.jpg,0035_4.jpg,239,35,1,4,cross_variable_same,0,740,111
0239_1.jpg,0042_4.jpg,239,42,1,4,cross_variable_same,0,740,127
0239_1.jpg,0043_4.jpg,239,43,1,4,cross_variable_same,0,740,131
0239_1.jpg,0060_4.jpg,239,60,1,4,cross_variable_same,0,740,175
0239_1.jpg,0066_4.jpg,239,66,1,4,cross_variable_same,0,740,195
0239_1.jpg,0067_4.jpg,239,67,1,4,cross_variable_same,0,740,199
0239_1.jpg,0079_4.jpg,239,79,1,4,cross_variable_same,0,740,243
0239_1.jpg,0086_4.jpg,239,86,1,4,cross_variable_same,0,740,259
0239_1.jpg,0087_4.jpg,239,87,1,4,cross_variable_same,0,740,263
0239_1.jpg,0089_4.jpg,239,89,1,4,cross_variable_same,0,740,267
0239_1.jpg,0091_4.jpg,239,91,1,4,cross_variable_same,0,740,275
0239_1.jpg,0093_4.jpg,239,93,1,4,cross_variable_same,0,740,283
0239_1.jpg,0106_4.jpg,239,106,1,4,cross_variable_same,0,740,327
0239_1.jpg,0109_4.jpg,239,109,1,4,cross_variable_same,0,740,335
0239_1.jpg,0114_4.jpg,239,114,1,4,cross_variable_same,0,740,343
0239_1.jpg,0130_4.jpg,239,130,1,4,cross_variable_same,0,740,391
0239_1.jpg,0132_4.jpg,239,132,1,4,cross_variable_same,0,740,399
0239_1.jpg,0148_4.jpg,239,148,1,4,cross_variable_same,0,740,447
0239_1.jpg,0154_4.jpg,239,154,1,4,cross_variable_same,0,740,463
0239_1.jpg,0161_4.jpg,239,161,1,4,cross_variable_same,0,740,491
0239_1.jpg,0200_4.jpg,239,200,1,4,cross_variable_same,0,740,607
0239_1.jpg,0204_4.jpg,239,204,1,4,cross_variable_same,0,740,623
0239_1.jpg,0216_4.jpg,239,216,1,4,cross_variable_same,0,740,667
0239_1.jpg,0219_4.jpg,239,219,1,4,cross_variable_same,0,740,675
0239_1.jpg,0224_4.jpg,239,224,1,4,cross_variable_same,0,740,695
0239_1.jpg,0237_4.jpg,239,237,1,4,cross_variable_same,0,740,735
0239_1.jpg,0239_4.jpg,239,239,1,4,cross_variable_same,1,740,743
0239_1.jpg,0248_4.jpg,239,248,1,4,cross_variable_same,0,740,779
0239_1.jpg,0266_4.jpg,239,266,1,4,cross_variable_same,0,740,847
0239_1.jpg,0271_4.jpg,239,271,1,4,cross_variable_same,0,740,867
0239_1.jpg,0279_4.jpg,239,279,1,4,cross_variable_same,0,740,895
0239_1.jpg,0282_4.jpg,239,282,1,4,cross_variable_same,0,740,903
0248_1.jpg,0006_4.jpg,248,6,1,4,cross_variable_same,0,776,19
0248_1.jpg,0012_4.jpg,248,12,1,4,cross_variable_same,0,776,43
0248_1.jpg,0015_4.jpg,248,15,1,4,cross_variable_same,0,776,47
0248_1.jpg,0018_4.jpg,248,18,1,4,cross_variable_same,0,776,51
0248_1.jpg,0035_4.jpg,248,35,1,4,cross_variable_same,0,776,111
0248_1.jpg,0042_4.jpg,248,42,1,4,cross_variable_same,0,776,127
0248_1.jpg,0043_4.jpg,248,43,1,4,cross_variable_same,0,776,131
0248_1.jpg,0060_4.jpg,248,60,1,4,cross_variable_same,0,776,175
0248_1.jpg,0066_4.jpg,248,66,1,4,cross_variable_same,0,776,195
0248_1.jpg,0067_4.jpg,248,67,1,4,cross_variable_same,0,776,199
0248_1.jpg,0079_4.jpg,248,79,1,4,cross_variable_same,0,776,243
0248_1.jpg,0086_4.jpg,248,86,1,4,cross_variable_same,0,776,259
0248_1.jpg,0087_4.jpg,248,87,1,4,cross_variable_same,0,776,263
0248_1.jpg,0089_4.jpg,248,89,1,4,cross_variable_same,0,776,267
0248_1.jpg,0091_4.jpg,248,91,1,4,cross_variable_same,0,776,275
0248_1.jpg,0093_4.jpg,248,93,1,4,cross_variable_same,0,776,283
0248_1.jpg,0106_4.jpg,248,106,1,4,cross_variable_same,0,776,327
0248_1.jpg,0109_4.jpg,248,109,1,4,cross_variable_same,0,776,335
0248_1.jpg,0114_4.jpg,248,114,1,4,cross_variable_same,0,776,343
0248_1.jpg,0130_4.jpg,248,130,1,4,cross_variable_same,0,776,391
0248_1.jpg,0132_4.jpg,248,132,1,4,cross_variable_same,0,776,399
0248_1.jpg,0148_4.jpg,248,148,1,4,cross_variable_same,0,776,447
0248_1.jpg,0154_4.jpg,248,154,1,4,cross_variable_same,0,776,463
0248_1.jpg,0161_4.jpg,248,161,1,4,cross_variable_same,0,776,491
0248_1.jpg,0200_4.jpg,248,200,1,4,cross_variable_same,0,776,607
0248_1.jpg,0204_4.jpg,248,204,1,4,cross_variable_same,0,776,623
0248_1.jpg,0216_4.jpg,248,216,1,4,cross_variable_same,0,776,667
0248_1.jpg,0219_4.jpg,248,219,1,4,cross_variable_same,0,776,675
0248_1.jpg,0224_4.jpg,248,224,1,4,cross_variable_same,0,776,695
0248_1.jpg,0237_4.jpg,248,237,1,4,cross_variable_same,0,776,735
0248_1.jpg,0239_4.jpg,248,239,1,4,cross_variable_same,0,776,743
0248_1.jpg,0248_4.jpg,248,248,1,4,cross_variable_same,1,776,779
0248_1.jpg,0266_4.jpg,248,266,1,4,cross_variable_same,0,776,847
0248_1.jpg,0271_4.jpg,248,271,1,4,cross_variable_same,0,776,867
0248_1.jpg,0279_4.jpg,248,279,1,4,cross_variable_same,0,776,895
0248_1.jpg,0282_4.jpg,248,282,1,4,cross_variable_same,0,776,903
0266_1.jpg,0006_4.jpg,266,6,1,4,cross_variable_same,0,844,19
0266_1.jpg,0012_4.jpg,266,12,1,4,cross_variable_same,0,844,43
0266_1.jpg,0015_4.jpg,266,15,1,4,cross_variable_same,0,844,47
0266_1.jpg,0018_4.jpg,266,18,1,4,cross_variable_same,0,844,51
0266_1.jpg,0035_4.jpg,266,35,1,4,cross_variable_same,0,844,111
0266_1.jpg,0042_4.jpg,266,42,1,4,cross_variable_same,0,844,127
0266_1.jpg,0043_4.jpg,266,43,1,4,cross_variable_same,0,844,131
0266_1.jpg,0060_4.jpg,266,60,1,4,cross_variable_same,0,844,175
0266_1.jpg,0066_4.jpg,266,66,1,4,cross_variable_same,0,844,195
0266_1.jpg,0067_4.jpg,266,67,1,4,cross_variable_same,0,844,199
0266_1.jpg,0079_4.jpg,266,79,1,4,cross_variable_same,0,844,243
0266_1.jpg,0086_4.jpg,266,86,1,4,cross_variable_same,0,844,259
0266_1.jpg,0087_4.jpg,266,87,1,4,cross_variable_same,0,844,263
0266_1.jpg,0089_4.jpg,266,89,1,4,cross_variable_same,0,844,267
0266_1.jpg,0091_4.jpg,266,91,1,4,cross_variable_same,0,844,275
0266_1.jpg,0093_4.jpg,266,93,1,4,cross_variable_same,0,844,283
0266_1.jpg,0106_4.jpg,266,106,1,4,cross_variable_same,0,844,327
0266_1.jpg,0109_4.jpg,266,109,1,4,cross_variable_same,0,844,335
0266_1.jpg,0114_4.jpg,266,114,1,4,cross_variable_same,0,844,343
0266_1.jpg,0130_4.jpg,266,130,1,4,cross_variable_same,0,844,391
0266_1.jpg,0132_4.jpg,266,132,1,4,cross_variable_same,0,844,399
0266_1.jpg,0148_4.jpg,266,148,1,4,cross_variable_same,0,844,447
0266_1.jpg,0154_4.jpg,266,154,1,4,cross_variable_same,0,844,463
0266_1.jpg,0161_4.jpg,266,161,1,4,cross_variable_same,0,844,491
0266_1.jpg,0200_4.jpg,266,200,1,4,cross_variable_same,0,844,607
0266_1.jpg,0204_4.jpg,266,204,1,4,cross_variable_same,0,844,623
0266_1.jpg,0216_4.jpg,266,216,1,4,cross_variable_same,0,844,667
0266_1.jpg,0219_4.jpg,266,219,1,4,cross_variable_same,0,844,675
0266_1.jpg,0224_4.jpg,266,224,1,4,cross_variable_same,0,844,695
0266_1.jpg,0237_4.jpg,266,237,1,4,cross_variable_same,0,844,735
0266_1.jpg,0239_4.jpg,266,239,1,4,cross_variable_same,0,844,743
0266_1.jpg,0248_4.jpg,266,248,1,4,cross_variable_same,0,844,779
0266_1.jpg,0266_4.jpg,266,266,1,4,cross_variable_same,1,844,847
0266_1.jpg,0271_4.jpg,266,271,1,4,cross_variable_same,0,844,867
0266_1.jpg,0279_4.jpg,266,279,1,4,cross_variable_same,0,844,895
0266_1.jpg,0282_4.jpg,266,282,1,4,cross_variable_same,0,844,903
0271_1.jpg,0006_4.jpg,271,6,1,4,cross_variable_same,0,864,19
0271_1.jpg,0012_4.jpg,271,12,1,4,cross_variable_same,0,864,43
0271_1.jpg,0015_4.jpg,271,15,1,4,cross_variable_same,0,864,47
0271_1.jpg,0018_4.jpg,271,18,1,4,cross_variable_same,0,864,51
0271_1.jpg,0035_4.jpg,271,35,1,4,cross_variable_same,0,864,111
0271_1.jpg,0042_4.jpg,271,42,1,4,cross_variable_same,0,864,127
0271_1.jpg,0043_4.jpg,271,43,1,4,cross_variable_same,0,864,131
0271_1.jpg,0060_4.jpg,271,60,1,4,cross_variable_same,0,864,175
0271_1.jpg,0066_4.jpg,271,66,1,4,cross_variable_same,0,864,195
0271_1.jpg,0067_4.jpg,271,67,1,4,cross_variable_same,0,864,199
0271_1.jpg,0079_4.jpg,271,79,1,4,cross_variable_same,0,864,243
0271_1.jpg,0086_4.jpg,271,86,1,4,cross_variable_same,0,864,259
0271_1.jpg,0087_4.jpg,271,87,1,4,cross_variable_same,0,864,263
0271_1.jpg,0089_4.jpg,271,89,1,4,cross_variable_same,0,864,267
0271_1.jpg,0091_4.jpg,271,91,1,4,cross_variable_same,0,864,275
0271_1.jpg,0093_4.jpg,271,93,1,4,cross_variable_same,0,864,283
0271_1.jpg,0106_4.jpg,271,106,1,4,cross_variable_same,0,864,327
0271_1.jpg,0109_4.jpg,271,109,1,4,cross_variable_same,0,864,335
0271_1.jpg,0114_4.jpg,271,114,1,4,cross_variable_same,0,864,343
0271_1.jpg,0130_4.jpg,271,130,1,4,cross_variable_same,0,864,391
0271_1.jpg,0132_4.jpg,271,132,1,4,cross_variable_same,0,864,399
0271_1.jpg,0148_4.jpg,271,148,1,4,cross_variable_same,0,864,447
0271_1.jpg,0154_4.jpg,271,154,1,4,cross_variable_same,0,864,463
0271_1.jpg,0161_4.jpg,271,161,1,4,cross_variable_same,0,864,491
0271_1.jpg,0200_4.jpg,271,200,1,4,cross_variable_same,0,864,607
0271_1.jpg,0204_4.jpg,271,204,1,4,cross_variable_same,0,864,623
0271_1.jpg,0216_4.jpg,271,216,1,4,cross_variable_same,0,864,667
0271_1.jpg,0219_4.jpg,271,219,1,4,cross_variable_same,0,864,675
0271_1.jpg,0224_4.jpg,271,224,1,4,cross_variable_same,0,864,695
0271_1.jpg,0237_4.jpg,271,237,1,4,cross_variable_same,0,864,735
0271_1.jpg,0239_4.jpg,271,239,1,4,cross_variable_same,0,864,743
0271_1.jpg,0248_4.jpg,271,248,1,4,cross_variable_same,0,864,779
0271_1.jpg,0266_4.jpg,271,266,1,4,cross_variable_same,0,864,847
0271_1.jpg,0271_4.jpg,271,271,1,4,cross_variable_same,1,864,867
0271_1.jpg,0279_4.jpg,271,279,1,4,cross_variable_same,0,864,895
0271_1.jpg,0282_4.jpg,271,282,1,4,cross_variable_same,0,864,903
0279_1.jpg,0006_4.jpg,279,6,1,4,cross_variable_same,0,892,19
0279_1.jpg,0012_4.jpg,279,12,1,4,cross_variable_same,0,892,43
0279_1.jpg,0015_4.jpg,279,15,1,4,cross_variable_same,0,892,47
0279_1.jpg,0018_4.jpg,279,18,1,4,cross_variable_same,0,892,51
0279_1.jpg,0035_4.jpg,279,35,1,4,cross_variable_same,0,892,111
0279_1.jpg,0042_4.jpg,279,42,1,4,cross_variable_same,0,892,127
0279_1.jpg,0043_4.jpg,279,43,1,4,cross_variable_same,0,892,131
0279_1.jpg,0060_4.jpg,279,60,1,4,cross_variable_same,0,892,175
0279_1.jpg,0066_4.jpg,279,66,1,4,cross_variable_same,0,892,195
0279_1.jpg,0067_4.jpg,279,67,1,4,cross_variable_same,0,892,199
0279_1.jpg,0079_4.jpg,279,79,1,4,cross_variable_same,0,892,243
0279_1.jpg,0086_4.jpg,279,86,1,4,cross_variable_same,0,892,259
0279_1.jpg,0087_4.jpg,279,87,1,4,cross_variable_same,0,892,263
0279_1.jpg,0089_4.jpg,279,89,1,4,cross_variable_same,0,892,267
0279_1.jpg,0091_4.jpg,279,91,1,4,cross_variable_same,0,892,275
0279_1.jpg,0093_4.jpg,279,93,1,4,cross_variable_same,0,892,283
0279_1.jpg,0106_4.jpg,279,106,1,4,cross_variable_same,0,892,327
0279_1.jpg,0109_4.jpg,279,109,1,4,cross_variable_same,0,892,335
0279_1.jpg,0114_4.jpg,279,114,1,4,cross_variable_same,0,892,343
0279_1.jpg,0130_4.jpg,279,130,1,4,cross_variable_same,0,892,391
0279_1.jpg,0132_4.jpg,279,132,1,4,cross_variable_same,0,892,399
0279_1.jpg,0148_4.jpg,279,148,1,4,cross_variable_same,0,892,447
0279_1.jpg,0154_4.jpg,279,154,1,4,cross_variable_same,0,892,463
0279_1.jpg,0161_4.jpg,279,161,1,4,cross_variable_same,0,892,491
0279_1.jpg,0200_4.jpg,279,200,1,4,cross_variable_same,0,892,607
0279_1.jpg,0204_4.jpg,279,204,1,4,cross_variable_same,0,892,623
0279_1.jpg,0216_4.jpg,279,216,1,4,cross_variable_same,0,892,667
0279_1.jpg,0219_4.jpg,279,219,1,4,cross_variable_same,0,892,675
0279_1.jpg,0224_4.jpg,279,224,1,4,cross_variable_same,0,892,695
0279_1.jpg,0237_4.jpg,279,237,1,4,cross_variable_same,0,892,735
0279_1.jpg,0239_4.jpg,279,239,1,4,cross_variable_same,0,892,743
0279_1.jpg,0248_4.jpg,279,248,1,4,cross_variable_same,0,892,779
0279_1.jpg,0266_4.jpg,279,266,1,4,cross_variable_same,0,892,847
0279_1.jpg,0271_4.jpg,279,271,1,4,cross_variable_same,0,892,867
0279_1.jpg,0279_4.jpg,279,279,1,4,cross_variable_same,1,892,895
0279_1.jpg,0282_4.jpg,279,282,1,4,cross_variable_same,0,892,903
0282_1.jpg,0006_4.jpg,282,6,1,4,cross_variable_same,0,900,19
0282_1.jpg,0012_4.jpg,282,12,1,4,cross_variable_same,0,900,43
0282_1.jpg,0015_4.jpg,282,15,1,4,cross_variable_same,0,900,47
0282_1.jpg,0018_4.jpg,282,18,1,4,cross_variable_same,0,900,51
0282_1.jpg,0035_4.jpg,282,35,1,4,cross_variable_same,0,900,111
0282_1.jpg,0042_4.jpg,282,42,1,4,cross_variable_same,0,900,127
0282_1.jpg,0043_4.jpg,282,43,1,4,cross_variable_same,0,900,131
0282_1.jpg,0060_4.jpg,282,60,1,4,cross_variable_same,0,900,175
0282_1.jpg,0066_4.jpg,282,66,1,4,cross_variable_same,0,900,195
0282_1.jpg,0067_4.jpg,282,67,1,4,cross_variable_same,0,900,199
0282_1.jpg,0079_4.jpg,282,79,1,4,cross_variable_same,0,900,243
0282_1.jpg,0086_4.jpg,282,86,1,4,cross_variable_same,0,900,259
0282_1.jpg,0087_4.jpg,282,87,1,4,cross_variable_same,0,900,263
0282_1.jpg,0089_4.jpg,282,89,1,4,cross_variable_same,0,900,267
0282_1.jpg,0091_4.jpg,282,91,1,4,cross_variable_same,0,900,275
0282_1.jpg,0093_4.jpg,282,93,1,4,cross_variable_same,0,900,283
0282_1.jpg,0106_4.jpg,282,106,1,4,cross_variable_same,0,900,327
0282_1.jpg,0109_4.jpg,282,109,1,4,cross_variable_same,0,900,335
0282_1.jpg,0114_4.jpg,282,114,1,4,cross_variable_same,0,900,343
0282_1.jpg,0130_4.jpg,282,130,1,4,cross_variable_same,0,900,391
0282_1.jpg,0132_4.jpg,282,132,1,4,cross_variable_same,0,900,399
0282_1.jpg,0148_4.jpg,282,148,1,4,cross_variable_same,0,900,447
0282_1.jpg,0154_4.jpg,282,154,1,4,cross_variable_same,0,900,463
0282_1.jpg,0161_4.jpg,282,161,1,4,cross_variable_same,0,900,491
0282_1.jpg,0200_4.jpg,282,200,1,4,cross_variable_same,0,900,607
0282_1.jpg,0204_4.jpg,282,204,1,4,cross_variable_same,0,900,623
0282_1.jpg,0216_4.jpg,282,216,1,4,cross_variable_same,0,900,667
0282_1.jpg,0219_4.jpg,282,219,1,4,cross_variable_same,0,900,675
0282_1.jpg,0224_4.jpg,282,224,1,4,cross_variable_same,0,900,695
0282_1.jpg,0237_4.jpg,282,237,1,4,cross_variable_same,0,900,735
0282_1.jpg,0239_4.jpg,282,239,1,4,cross_variable_same,0,900,743
0282_1.jpg,0248_4.jpg,282,248,1,4,cross_variable_same,0,900,779
0282_1.jpg,0266_4.jpg,282,266,1,4,cross_variable_same,0,900,847
0282_1.jpg,0271_4.jpg,282,271,1,4,cross_variable_same,0,900,867
0282_1.jpg,0279_4.jpg,282,279,1,4,cross_variable_same,0,900,895
0282_1.jpg,0282_4.jpg,282,282,1,4,cross_variable_same,1,900,903
0006_2.jpg,0006_3.jpg,6,6,2,3,cross_same_variable,1,17,18
0006_2.jpg,0012_3.jpg,6,12,2,3,cross_same_variable,0,17,42
0006_2.jpg,0015_3.jpg,6,15,2,3,cross_same_variable,0,17,46
0006_2.jpg,0018_3.jpg,6,18,2,3,cross_same_variable,0,17,50
0006_2.jpg,0035_3.jpg,6,35,2,3,cross_same_variable,0,17,110
0006_2.jpg,0042_3.jpg,6,42,2,3,cross_same_variable,0,17,126
0006_2.jpg,0043_3.jpg,6,43,2,3,cross_same_variable,0,17,130
0006_2.jpg,0060_3.jpg,6,60,2,3,cross_same_variable,0,17,174
0006_2.jpg,0066_3.jpg,6,66,2,3,cross_same_variable,0,17,194
0006_2.jpg,0067_3.jpg,6,67,2,3,cross_same_variable,0,17,198
0006_2.jpg,0079_3.jpg,6,79,2,3,cross_same_variable,0,17,242
0006_2.jpg,0086_3.jpg,6,86,2,3,cross_same_variable,0,17,258
0006_2.jpg,0087_3.jpg,6,87,2,3,cross_same_variable,0,17,262
0006_2.jpg,0089_3.jpg,6,89,2,3,cross_same_variable,0,17,266
0006_2.jpg,0091_3.jpg,6,91,2,3,cross_same_variable,0,17,274
0006_2.jpg,0093_3.jpg,6,93,2,3,cross_same_variable,0,17,282
0006_2.jpg,0106_3.jpg,6,106,2,3,cross_same_variable,0,17,326
0006_2.jpg,0109_3.jpg,6,109,2,3,cross_same_variable,0,17,334
0006_2.jpg,0114_3.jpg,6,114,2,3,cross_same_variable,0,17,342
0006_2.jpg,0130_3.jpg,6,130,2,3,cross_same_variable,0,17,390
0006_2.jpg,0132_3.jpg,6,132,2,3,cross_same_variable,0,17,398
0006_2.jpg,0148_3.jpg,6,148,2,3,cross_same_variable,0,17,446
0006_2.jpg,0154_3.jpg,6,154,2,3,cross_same_variable,0,17,462
0006_2.jpg,0161_3.jpg,6,161,2,3,cross_same_variable,0,17,490
0006_2.jpg,0200_3.jpg,6,200,2,3,cross_same_variable,0,17,606
0006_2.jpg,0204_3.jpg,6,204,2,3,cross_same_variable,0,17,622
0006_2.jpg,0216_3.jpg,6,216,2,3,cross_same_variable,0,17,666
0006_2.jpg,0219_3.jpg,6,219,2,3,cross_same_variable,0,17,674
0006_2.jpg,0224_3.jpg,6,224,2,3,cross_same_variable,0,17,694
0006_2.jpg,0237_3.jpg,6,237,2,3,cross_same_variable,0,17,734
0006_2.jpg,0239_3.jpg,6,239,2,3,cross_same_variable,0,17,742
0006_2.jpg,0248_3.jpg,6,248,2,3,cross_same_variable,0,17,778
0006_2.jpg,0266_3.jpg,6,266,2,3,cross_same_variable,0,17,846
0006_2.jpg,0271_3.jpg,6,271,2,3,cross_same_variable,0,17,866
0006_2.jpg,0279_3.jpg,6,279,2,3,cross_same_variable,0,17,894
0006_2.jpg,0282_3.jpg,6,282,2,3,cross_same_variable,0,17,902
0012_2.jpg,0006_3.jpg,12,6,2,3,cross_same_variable,0,41,18
0012_2.jpg,0012_3.jpg,12,12,2,3,cross_same_variable,1,41,42
0012_2.jpg,0015_3.jpg,12,15,2,3,cross_same_variable,0,41,46
0012_2.jpg,0018_3.jpg,12,18,2,3,cross_same_variable,0,41,50
0012_2.jpg,0035_3.jpg,12,35,2,3,cross_same_variable,0,41,110
0012_2.jpg,0042_3.jpg,12,42,2,3,cross_same_variable,0,41,126
0012_2.jpg,0043_3.jpg,12,43,2,3,cross_same_variable,0,41,130
0012_2.jpg,0060_3.jpg,12,60,2,3,cross_same_variable,0,41,174
0012_2.jpg,0066_3.jpg,12,66,2,3,cross_same_variable,0,41,194
0012_2.jpg,0067_3.jpg,12,67,2,3,cross_same_variable,0,41,198
0012_2.jpg,0079_3.jpg,12,79,2,3,cross_same_variable,0,41,242
0012_2.jpg,0086_3.jpg,12,86,2,3,cross_same_variable,0,41,258
0012_2.jpg,0087_3.jpg,12,87,2,3,cross_same_variable,0,41,262
0012_2.jpg,0089_3.jpg,12,89,2,3,cross_same_variable,0,41,266
0012_2.jpg,0091_3.jpg,12,91,2,3,cross_same_variable,0,41,274
0012_2.jpg,0093_3.jpg,12,93,2,3,cross_same_variable,0,41,282
0012_2.jpg,0106_3.jpg,12,106,2,3,cross_same_variable,0,41,326
0012_2.jpg,0109_3.jpg,12,109,2,3,cross_same_variable,0,41,334
0012_2.jpg,0114_3.jpg,12,114,2,3,cross_same_variable,0,41,342
0012_2.jpg,0130_3.jpg,12,130,2,3,cross_same_variable,0,41,390
0012_2.jpg,0132_3.jpg,12,132,2,3,cross_same_variable,0,41,398
0012_2.jpg,0148_3.jpg,12,148,2,3,cross_same_variable,0,41,446
0012_2.jpg,0154_3.jpg,12,154,2,3,cross_same_variable,0,41,462
0012_2.jpg,0161_3.jpg,12,161,2,3,cross_same_variable,0,41,490
0012_2.jpg,0200_3.jpg,12,200,2,3,cross_same_variable,0,41,606
0012_2.jpg,0204_3.jpg,12,204,2,3,cross_same_variable,0,41,622
0012_2.jpg,0216_3.jpg,12,216,2,3,cross_same_variable,0,41,666
0012_2.jpg,0219_3.jpg,12,219,2,3,cross_same_variable,0,41,674
0012_2.jpg,0224_3.jpg,12,224,2,3,cross_same_variable,0,41,694
0012_2.jpg,0237_3.jpg,12,237,2,3,cross_same_variable,0,41,734
0012_2.jpg,0239_3.jpg,12,239,2,3,cross_same_variable,0,41,742
0012_2.jpg,0248_3.jpg,12,248,2,3,cross_same_variable,0,41,778
0012_2.jpg,0266_3.jpg,12,266,2,3,cross_same_variable,0,41,846
0012_2.jpg,0271_3.jpg,12,271,2,3,cross_same_variable,0,41,866
0012_2.jpg,0279_3.jpg,12,279,2,3,cross_same_variable,0,41,894
0012_2.jpg,0282_3.jpg,12,282,2,3,cross_same_variable,0,41,902
0015_2.jpg,0006_3.jpg,15,6,2,3,cross_same_variable,0,45,18
0015_2.jpg,0012_3.jpg,15,12,2,3,cross_same_variable,0,45,42
0015_2.jpg,0015_3.jpg,15,15,2,3,cross_same_variable,1,45,46
0015_2.jpg,0018_3.jpg,15,18,2,3,cross_same_variable,0,45,50
0015_2.jpg,0035_3.jpg,15,35,2,3,cross_same_variable,0,45,110
0015_2.jpg,0042_3.jpg,15,42,2,3,cross_same_variable,0,45,126
0015_2.jpg,0043_3.jpg,15,43,2,3,cross_same_variable,0,45,130
0015_2.jpg,0060_3.jpg,15,60,2,3,cross_same_variable,0,45,174
0015_2.jpg,0066_3.jpg,15,66,2,3,cross_same_variable,0,45,194
0015_2.jpg,0067_3.jpg,15,67,2,3,cross_same_variable,0,45,198
0015_2.jpg,0079_3.jpg,15,79,2,3,cross_same_variable,0,45,242
0015_2.jpg,0086_3.jpg,15,86,2,3,cross_same_variable,0,45,258
0015_2.jpg,0087_3.jpg,15,87,2,3,cross_same_variable,0,45,262
0015_2.jpg,0089_3.jpg,15,89,2,3,cross_same_variable,0,45,266
0015_2.jpg,0091_3.jpg,15,91,2,3,cross_same_variable,0,45,274
0015_2.jpg,0093_3.jpg,15,93,2,3,cross_same_variable,0,45,282
0015_2.jpg,0106_3.jpg,15,106,2,3,cross_same_variable,0,45,326
0015_2.jpg,0109_3.jpg,15,109,2,3,cross_same_variable,0,45,334
0015_2.jpg,0114_3.jpg,15,114,2,3,cross_same_variable,0,45,342
0015_2.jpg,0130_3.jpg,15,130,2,3,cross_same_variable,0,45,390
0015_2.jpg,0132_3.jpg,15,132,2,3,cross_same_variable,0,45,398
0015_2.jpg,0148_3.jpg,15,148,2,3,cross_same_variable,0,45,446
0015_2.jpg,0154_3.jpg,15,154,2,3,cross_same_variable,0,45,462
0015_2.jpg,0161_3.jpg,15,161,2,3,cross_same_variable,0,45,490
0015_2.jpg,0200_3.jpg,15,200,2,3,cross_same_variable,0,45,606
0015_2.jpg,0204_3.jpg,15,204,2,3,cross_same_variable,0,45,622
0015_2.jpg,0216_3.jpg,15,216,2,3,cross_same_variable,0,45,666
0015_2.jpg,0219_3.jpg,15,219,2,3,cross_same_variable,0,45,674
0015_2.jpg,0224_3.jpg,15,224,2,3,cross_same_variable,0,45,694
0015_2.jpg,0237_3.jpg,15,237,2,3,cross_same_variable,0,45,734
0015_2.jpg,0239_3.jpg,15,239,2,3,cross_same_variable,0,45,742
0015_2.jpg,0248_3.jpg,15,248,2,3,cross_same_variable,0,45,778
0015_2.jpg,0266_3.jpg,15,266,2,3,cross_same_variable,0,45,846
0015_2.jpg,0271_3.jpg,15,271,2,3,cross_same_variable,0,45,866
0015_2.jpg,0279_3.jpg,15,279,2,3,cross_same_variable,0,45,894
0015_2.jpg,0282_3.jpg,15,282,2,3,cross_same_variable,0,45,902
0018_2.jpg,0006_3.jpg,18,6,2,3,cross_same_variable,0,49,18
0018_2.jpg,0012_3.jpg,18,12,2,3,cross_same_variable,0,49,42
0018_2.jpg,0015_3.jpg,18,15,2,3,cross_same_variable,0,49,46
0018_2.jpg,0018_3.jpg,18,18,2,3,cross_same_variable,1,49,50
0018_2.jpg,0035_3.jpg,18,35,2,3,cross_same_variable,0,49,110
0018_2.jpg,0042_3.jpg,18,42,2,3,cross_same_variable,0,49,126
0018_2.jpg,0043_3.jpg,18,43,2,3,cross_same_variable,0,49,130
0018_2.jpg,0060_3.jpg,18,60,2,3,cross_same_variable,0,49,174
0018_2.jpg,0066_3.jpg,18,66,2,3,cross_same_variable,0,49,194
0018_2.jpg,0067_3.jpg,18,67,2,3,cross_same_variable,0,49,198
0018_2.jpg,0079_3.jpg,18,79,2,3,cross_same_variable,0,49,242
0018_2.jpg,0086_3.jpg,18,86,2,3,cross_same_variable,0,49,258
0018_2.jpg,0087_3.jpg,18,87,2,3,cross_same_variable,0,49,262
0018_2.jpg,0089_3.jpg,18,89,2,3,cross_same_variable,0,49,266
0018_2.jpg,0091_3.jpg,18,91,2,3,cross_same_variable,0,49,274
0018_2.jpg,0093_3.jpg,18,93,2,3,cross_same_variable,0,49,282
0018_2.jpg,0106_3.jpg,18,106,2,3,cross_same_variable,0,49,326
0018_2.jpg,0109_3.jpg,18,109,2,3,cross_same_variable,0,49,334
0018_2.jpg,0114_3.jpg,18,114,2,3,cross_same_variable,0,49,342
0018_2.jpg,0130_3.jpg,18,130,2,3,cross_same_variable,0,49,390
0018_2.jpg,0132_3.jpg,18,132,2,3,cross_same_variable,0,49,398
0018_2.jpg,0148_3.jpg,18,148,2,3,cross_same_variable,0,49,446
0018_2.jpg,0154_3.jpg,18,154,2,3,cross_same_variable,0,49,462
0018_2.jpg,0161_3.jpg,18,161,2,3,cross_same_variable,0,49,490
0018_2.jpg,0200_3.jpg,18,200,2,3,cross_same_variable,0,49,606
0018_2.jpg,0204_3.jpg,18,204,2,3,cross_same_variable,0,49,622
0018_2.jpg,0216_3.jpg,18,216,2,3,cross_same_variable,0,49,666
0018_2.jpg,0219_3.jpg,18,219,2,3,cross_same_variable,0,49,674
0018_2.jpg,0224_3.jpg,18,224,2,3,cross_same_variable,0,49,694
0018_2.jpg,0237_3.jpg,18,237,2,3,cross_same_variable,0,49,734
0018_2.jpg,0239_3.jpg,18,239,2,3,cross_same_variable,0,49,742
0018_2.jpg,0248_3.jpg,18,248,2,3,cross_same_variable,0,49,778
0018_2.jpg,0266_3.jpg,18,266,2,3,cross_same_variable,0,49,846
0018_2.jpg,0271_3.jpg,18,271,2,3,cross_same_variable,0,49,866
0018_2.jpg,0279_3.jpg,18,279,2,3,cross_same_variable,0,49,894
0018_2.jpg,0282_3.jpg,18,282,2,3,cross_same_variable,0,49,902
0035_2.jpg,0006_3.jpg,35,6,2,3,cross_same_variable,0,109,18
0035_2.jpg,0012_3.jpg,35,12,2,3,cross_same_variable,0,109,42
0035_2.jpg,0015_3.jpg,35,15,2,3,cross_same_variable,0,109,46
0035_2.jpg,0018_3.jpg,35,18,2,3,cross_same_variable,0,109,50
0035_2.jpg,0035_3.jpg,35,35,2,3,cross_same_variable,1,109,110
0035_2.jpg,0042_3.jpg,35,42,2,3,cross_same_variable,0,109,126
0035_2.jpg,0043_3.jpg,35,43,2,3,cross_same_variable,0,109,130
0035_2.jpg,0060_3.jpg,35,60,2,3,cross_same_variable,0,109,174
0035_2.jpg,0066_3.jpg,35,66,2,3,cross_same_variable,0,109,194
0035_2.jpg,0067_3.jpg,35,67,2,3,cross_same_variable,0,109,198
0035_2.jpg,0079_3.jpg,35,79,2,3,cross_same_variable,0,109,242
0035_2.jpg,0086_3.jpg,35,86,2,3,cross_same_variable,0,109,258
0035_2.jpg,0087_3.jpg,35,87,2,3,cross_same_variable,0,109,262
0035_2.jpg,0089_3.jpg,35,89,2,3,cross_same_variable,0,109,266
0035_2.jpg,0091_3.jpg,35,91,2,3,cross_same_variable,0,109,274
0035_2.jpg,0093_3.jpg,35,93,2,3,cross_same_variable,0,109,282
0035_2.jpg,0106_3.jpg,35,106,2,3,cross_same_variable,0,109,326
0035_2.jpg,0109_3.jpg,35,109,2,3,cross_same_variable,0,109,334
0035_2.jpg,0114_3.jpg,35,114,2,3,cross_same_variable,0,109,342
0035_2.jpg,0130_3.jpg,35,130,2,3,cross_same_variable,0,109,390
0035_2.jpg,0132_3.jpg,35,132,2,3,cross_same_variable,0,109,398
0035_2.jpg,0148_3.jpg,35,148,2,3,cross_same_variable,0,109,446
0035_2.jpg,0154_3.jpg,35,154,2,3,cross_same_variable,0,109,462
0035_2.jpg,0161_3.jpg,35,161,2,3,cross_same_variable,0,109,490
0035_2.jpg,0200_3.jpg,35,200,2,3,cross_same_variable,0,109,606
0035_2.jpg,0204_3.jpg,35,204,2,3,cross_same_variable,0,109,622
0035_2.jpg,0216_3.jpg,35,216,2,3,cross_same_variable,0,109,666
0035_2.jpg,0219_3.jpg,35,219,2,3,cross_same_variable,0,109,674
0035_2.jpg,0224_3.jpg,35,224,2,3,cross_same_variable,0,109,694
0035_2.jpg,0237_3.jpg,35,237,2,3,cross_same_variable,0,109,734
0035_2.jpg,0239_3.jpg,35,239,2,3,cross_same_variable,0,109,742
0035_2.jpg,0248_3.jpg,35,248,2,3,cross_same_variable,0,109,778
0035_2.jpg,0266_3.jpg,35,266,2,3,cross_same_variable,0,109,846
0035_2.jpg,0271_3.jpg,35,271,2,3,cross_same_variable,0,109,866
0035_2.jpg,0279_3.jpg,35,279,2,3,cross_same_variable,0,109,894
0035_2.jpg,0282_3.jpg,35,282,2,3,cross_same_variable,0,109,902
0042_2.jpg,0006_3.jpg,42,6,2,3,cross_same_variable,0,125,18
0042_2.jpg,0012_3.jpg,42,12,2,3,cross_same_variable,0,125,42
0042_2.jpg,0015_3.jpg,42,15,2,3,cross_same_variable,0,125,46
0042_2.jpg,0018_3.jpg,42,18,2,3,cross_same_variable,0,125,50
0042_2.jpg,0035_3.jpg,42,35,2,3,cross_same_variable,0,125,110
0042_2.jpg,0042_3.jpg,42,42,2,3,cross_same_variable,1,125,126
0042_2.jpg,0043_3.jpg,42,43,2,3,cross_same_variable,0,125,130
0042_2.jpg,0060_3.jpg,42,60,2,3,cross_same_variable,0,125,174
0042_2.jpg,0066_3.jpg,42,66,2,3,cross_same_variable,0,125,194
0042_2.jpg,0067_3.jpg,42,67,2,3,cross_same_variable,0,125,198
0042_2.jpg,0079_3.jpg,42,79,2,3,cross_same_variable,0,125,242
0042_2.jpg,0086_3.jpg,42,86,2,3,cross_same_variable,0,125,258
0042_2.jpg,0087_3.jpg,42,87,2,3,cross_same_variable,0,125,262
0042_2.jpg,0089_3.jpg,42,89,2,3,cross_same_variable,0,125,266
0042_2.jpg,0091_3.jpg,42,91,2,3,cross_same_variable,0,125,274
0042_2.jpg,0093_3.jpg,42,93,2,3,cross_same_variable,0,125,282
0042_2.jpg,0106_3.jpg,42,106,2,3,cross_same_variable,0,125,326
0042_2.jpg,0109_3.jpg,42,109,2,3,cross_same_variable,0,125,334
0042_2.jpg,0114_3.jpg,42,114,2,3,cross_same_variable,0,125,342
0042_2.jpg,0130_3.jpg,42,130,2,3,cross_same_variable,0,125,390
0042_2.jpg,0132_3.jpg,42,132,2,3,cross_same_variable,0,125,398
0042_2.jpg,0148_3.jpg,42,148,2,3,cross_same_variable,0,125,446
0042_2.jpg,0154_3.jpg,42,154,2,3,cross_same_variable,0,125,462
0042_2.jpg,0161_3.jpg,42,161,2,3,cross_same_variable,0,125,490
0042_2.jpg,0200_3.jpg,42,200,2,3,cross_same_variable,0,125,606
0042_2.jpg,0204_3.jpg,42,204,2,3,cross_same_variable,0,125,622
0042_2.jpg,0216_3.jpg,42,216,2,3,cross_same_variable,0,125,666
0042_2.jpg,0219_3.jpg,42,219,2,3,cross_same_variable,0,125,674
0042_2.jpg,0224_3.jpg,42,224,2,3,cross_same_variable,0,125,694
0042_2.jpg,0237_3.jpg,42,237,2,3,cross_same_variable,0,125,734
0042_2.jpg,0239_3.jpg,42,239,2,3,cross_same_variable,0,125,742
0042_2.jpg,0248_3.jpg,42,248,2,3,cross_same_variable,0,125,778
0042_2.jpg,0266_3.jpg,42,266,2,3,cross_same_variable,0,125,846
0042_2.jpg,0271_3.jpg,42,271,2,3,cross_same_variable,0,125,866
0042_2.jpg,0279_3.jpg,42,279,2,3,cross_same_variable,0,125,894
0042_2.jpg,0282_3.jpg,42,282,2,3,cross_same_variable,0,125,902
0043_2.jpg,0006_3.jpg,43,6,2,3,cross_same_variable,0,129,18
0043_2.jpg,0012_3.jpg,43,12,2,3,cross_same_variable,0,129,42
0043_2.jpg,0015_3.jpg,43,15,2,3,cross_same_variable,0,129,46
0043_2.jpg,0018_3.jpg,43,18,2,3,cross_same_variable,0,129,50
0043_2.jpg,0035_3.jpg,43,35,2,3,cross_same_variable,0,129,110
0043_2.jpg,0042_3.jpg,43,42,2,3,cross_same_variable,0,129,126
0043_2.jpg,0043_3.jpg,43,43,2,3,cross_same_variable,1,129,130
0043_2.jpg,0060_3.jpg,43,60,2,3,cross_same_variable,0,129,174
0043_2.jpg,0066_3.jpg,43,66,2,3,cross_same_variable,0,129,194
0043_2.jpg,0067_3.jpg,43,67,2,3,cross_same_variable,0,129,198
0043_2.jpg,0079_3.jpg,43,79,2,3,cross_same_variable,0,129,242
0043_2.jpg,0086_3.jpg,43,86,2,3,cross_same_variable,0,129,258
0043_2.jpg,0087_3.jpg,43,87,2,3,cross_same_variable,0,129,262
0043_2.jpg,0089_3.jpg,43,89,2,3,cross_same_variable,0,129,266
0043_2.jpg,0091_3.jpg,43,91,2,3,cross_same_variable,0,129,274
0043_2.jpg,0093_3.jpg,43,93,2,3,cross_same_variable,0,129,282
0043_2.jpg,0106_3.jpg,43,106,2,3,cross_same_variable,0,129,326
0043_2.jpg,0109_3.jpg,43,109,2,3,cross_same_variable,0,129,334
0043_2.jpg,0114_3.jpg,43,114,2,3,cross_same_variable,0,129,342
0043_2.jpg,0130_3.jpg,43,130,2,3,cross_same_variable,0,129,390
0043_2.jpg,0132_3.jpg,43,132,2,3,cross_same_variable,0,129,398
0043_2.jpg,0148_3.jpg,43,148,2,3,cross_same_variable,0,129,446
0043_2.jpg,0154_3.jpg,43,154,2,3,cross_same_variable,0,129,462
0043_2.jpg,0161_3.jpg,43,161,2,3,cross_same_variable,0,129,490
0043_2.jpg,0200_3.jpg,43,200,2,3,cross_same_variable,0,129,606
0043_2.jpg,0204_3.jpg,43,204,2,3,cross_same_variable,0,129,622
0043_2.jpg,0216_3.jpg,43,216,2,3,cross_same_variable,0,129,666
0043_2.jpg,0219_3.jpg,43,219,2,3,cross_same_variable,0,129,674
0043_2.jpg,0224_3.jpg,43,224,2,3,cross_same_variable,0,129,694
0043_2.jpg,0237_3.jpg,43,237,2,3,cross_same_variable,0,129,734
0043_2.jpg,0239_3.jpg,43,239,2,3,cross_same_variable,0,129,742
0043_2.jpg,0248_3.jpg,43,248,2,3,cross_same_variable,0,129,778
0043_2.jpg,0266_3.jpg,43,266,2,3,cross_same_variable,0,129,846
0043_2.jpg,0271_3.jpg,43,271,2,3,cross_same_variable,0,129,866
0043_2.jpg,0279_3.jpg,43,279,2,3,cross_same_variable,0,129,894
0043_2.jpg,0282_3.jpg,43,282,2,3,cross_same_variable,0,129,902
0060_2.jpg,0006_3.jpg,60,6,2,3,cross_same_variable,0,173,18
0060_2.jpg,0012_3.jpg,60,12,2,3,cross_same_variable,0,173,42
0060_2.jpg,0015_3.jpg,60,15,2,3,cross_same_variable,0,173,46
0060_2.jpg,0018_3.jpg,60,18,2,3,cross_same_variable,0,173,50
0060_2.jpg,0035_3.jpg,60,35,2,3,cross_same_variable,0,173,110
0060_2.jpg,0042_3.jpg,60,42,2,3,cross_same_variable,0,173,126
0060_2.jpg,0043_3.jpg,60,43,2,3,cross_same_variable,0,173,130
0060_2.jpg,0060_3.jpg,60,60,2,3,cross_same_variable,1,173,174
0060_2.jpg,0066_3.jpg,60,66,2,3,cross_same_variable,0,173,194
0060_2.jpg,0067_3.jpg,60,67,2,3,cross_same_variable,0,173,198
0060_2.jpg,0079_3.jpg,60,79,2,3,cross_same_variable,0,173,242
0060_2.jpg,0086_3.jpg,60,86,2,3,cross_same_variable,0,173,258
0060_2.jpg,0087_3.jpg,60,87,2,3,cross_same_variable,0,173,262
0060_2.jpg,0089_3.jpg,60,89,2,3,cross_same_variable,0,173,266
0060_2.jpg,0091_3.jpg,60,91,2,3,cross_same_variable,0,173,274
0060_2.jpg,0093_3.jpg,60,93,2,3,cross_same_variable,0,173,282
0060_2.jpg,0106_3.jpg,60,106,2,3,cross_same_variable,0,173,326
0060_2.jpg,0109_3.jpg,60,109,2,3,cross_same_variable,0,173,334
0060_2.jpg,0114_3.jpg,60,114,2,3,cross_same_variable,0,173,342
0060_2.jpg,0130_3.jpg,60,130,2,3,cross_same_variable,0,173,390
0060_2.jpg,0132_3.jpg,60,132,2,3,cross_same_variable,0,173,398
0060_2.jpg,0148_3.jpg,60,148,2,3,cross_same_variable,0,173,446
0060_2.jpg,0154_3.jpg,60,154,2,3,cross_same_variable,0,173,462
0060_2.jpg,0161_3.jpg,60,161,2,3,cross_same_variable,0,173,490
0060_2.jpg,0200_3.jpg,60,200,2,3,cross_same_variable,0,173,606
0060_2.jpg,0204_3.jpg,60,204,2,3,cross_same_variable,0,173,622
0060_2.jpg,0216_3.jpg,60,216,2,3,cross_same_variable,0,173,666
0060_2.jpg,0219_3.jpg,60,219,2,3,cross_same_variable,0,173,674
0060_2.jpg,0224_3.jpg,60,224,2,3,cross_same_variable,0,173,694
0060_2.jpg,0237_3.jpg,60,237,2,3,cross_same_variable,0,173,734
0060_2.jpg,0239_3.jpg,60,239,2,3,cross_same_variable,0,173,742
0060_2.jpg,0248_3.jpg,60,248,2,3,cross_same_variable,0,173,778
0060_2.jpg,0266_3.jpg,60,266,2,3,cross_same_variable,0,173,846
0060_2.jpg,0271_3.jpg,60,271,2,3,cross_same_variable,0,173,866
0060_2.jpg,0279_3.jpg,60,279,2,3,cross_same_variable,0,173,894
0060_2.jpg,0282_3.jpg,60,282,2,3,cross_same_variable,0,173,902
0066_2.jpg,0006_3.jpg,66,6,2,3,cross_same_variable,0,193,18
0066_2.jpg,0012_3.jpg,66,12,2,3,cross_same_variable,0,193,42
0066_2.jpg,0015_3.jpg,66,15,2,3,cross_same_variable,0,193,46
0066_2.jpg,0018_3.jpg,66,18,2,3,cross_same_variable,0,193,50
0066_2.jpg,0035_3.jpg,66,35,2,3,cross_same_variable,0,193,110
0066_2.jpg,0042_3.jpg,66,42,2,3,cross_same_variable,0,193,126
0066_2.jpg,0043_3.jpg,66,43,2,3,cross_same_variable,0,193,130
0066_2.jpg,0060_3.jpg,66,60,2,3,cross_same_variable,0,193,174
0066_2.jpg,0066_3.jpg,66,66,2,3,cross_same_variable,1,193,194
0066_2.jpg,0067_3.jpg,66,67,2,3,cross_same_variable,0,193,198
0066_2.jpg,0079_3.jpg,66,79,2,3,cross_same_variable,0,193,242
0066_2.jpg,0086_3.jpg,66,86,2,3,cross_same_variable,0,193,258
0066_2.jpg,0087_3.jpg,66,87,2,3,cross_same_variable,0,193,262
0066_2.jpg,0089_3.jpg,66,89,2,3,cross_same_variable,0,193,266
0066_2.jpg,0091_3.jpg,66,91,2,3,cross_same_variable,0,193,274
0066_2.jpg,0093_3.jpg,66,93,2,3,cross_same_variable,0,193,282
0066_2.jpg,0106_3.jpg,66,106,2,3,cross_same_variable,0,193,326
0066_2.jpg,0109_3.jpg,66,109,2,3,cross_same_variable,0,193,334
0066_2.jpg,0114_3.jpg,66,114,2,3,cross_same_variable,0,193,342
0066_2.jpg,0130_3.jpg,66,130,2,3,cross_same_variable,0,193,390
0066_2.jpg,0132_3.jpg,66,132,2,3,cross_same_variable,0,193,398
0066_2.jpg,0148_3.jpg,66,148,2,3,cross_same_variable,0,193,446
0066_2.jpg,0154_3.jpg,66,154,2,3,cross_same_variable,0,193,462
0066_2.jpg,0161_3.jpg,66,161,2,3,cross_same_variable,0,193,490
0066_2.jpg,0200_3.jpg,66,200,2,3,cross_same_variable,0,193,606
0066_2.jpg,0204_3.jpg,66,204,2,3,cross_same_variable,0,193,622
0066_2.jpg,0216_3.jpg,66,216,2,3,cross_same_variable,0,193,666
0066_2.jpg,0219_3.jpg,66,219,2,3,cross_same_variable,0,193,674
0066_2.jpg,0224_3.jpg,66,224,2,3,cross_same_variable,0,193,694
0066_2.jpg,0237_3.jpg,66,237,2,3,cross_same_variable,0,193,734
0066_2.jpg,0239_3.jpg,66,239,2,3,cross_same_variable,0,193,742
0066_2.jpg,0248_3.jpg,66,248,2,3,cross_same_variable,0,193,778
0066_2.jpg,0266_3.jpg,66,266,2,3,cross_same_variable,0,193,846
0066_2.jpg,0271_3.jpg,66,271,2,3,cross_same_variable,0,193,866
0066_2.jpg,0279_3.jpg,66,279,2,3,cross_same_variable,0,193,894
0066_2.jpg,0282_3.jpg,66,282,2,3,cross_same_variable,0,193,902
0067_2.jpg,0006_3.jpg,67,6,2,3,cross_same_variable,0,197,18
0067_2.jpg,0012_3.jpg,67,12,2,3,cross_same_variable,0,197,42
0067_2.jpg,0015_3.jpg,67,15,2,3,cross_same_variable,0,197,46
0067_2.jpg,0018_3.jpg,67,18,2,3,cross_same_variable,0,197,50
0067_2.jpg,0035_3.jpg,67,35,2,3,cross_same_variable,0,197,110
0067_2.jpg,0042_3.jpg,67,42,2,3,cross_same_variable,0,197,126
0067_2.jpg,0043_3.jpg,67,43,2,3,cross_same_variable,0,197,130
0067_2.jpg,0060_3.jpg,67,60,2,3,cross_same_variable,0,197,174
0067_2.jpg,0066_3.jpg,67,66,2,3,cross_same_variable,0,197,194
0067_2.jpg,0067_3.jpg,67,67,2,3,cross_same_variable,1,197,198
0067_2.jpg,0079_3.jpg,67,79,2,3,cross_same_variable,0,197,242
0067_2.jpg,0086_3.jpg,67,86,2,3,cross_same_variable,0,197,258
0067_2.jpg,0087_3.jpg,67,87,2,3,cross_same_variable,0,197,262
0067_2.jpg,0089_3.jpg,67,89,2,3,cross_same_variable,0,197,266
0067_2.jpg,0091_3.jpg,67,91,2,3,cross_same_variable,0,197,274
0067_2.jpg,0093_3.jpg,67,93,2,3,cross_same_variable,0,197,282
0067_2.jpg,0106_3.jpg,67,106,2,3,cross_same_variable,0,197,326
0067_2.jpg,0109_3.jpg,67,109,2,3,cross_same_variable,0,197,334
0067_2.jpg,0114_3.jpg,67,114,2,3,cross_same_variable,0,197,342
0067_2.jpg,0130_3.jpg,67,130,2,3,cross_same_variable,0,197,390
0067_2.jpg,0132_3.jpg,67,132,2,3,cross_same_variable,0,197,398
0067_2.jpg,0148_3.jpg,67,148,2,3,cross_same_variable,0,197,446
0067_2.jpg,0154_3.jpg,67,154,2,3,cross_same_variable,0,197,462
0067_2.jpg,0161_3.jpg,67,161,2,3,cross_same_variable,0,197,490
0067_2.jpg,0200_3.jpg,67,200,2,3,cross_same_variable,0,197,606
0067_2.jpg,0204_3.jpg,67,204,2,3,cross_same_variable,0,197,622
0067_2.jpg,0216_3.jpg,67,216,2,3,cross_same_variable,0,197,666
0067_2.jpg,0219_3.jpg,67,219,2,3,cross_same_variable,0,197,674
0067_2.jpg,0224_3.jpg,67,224,2,3,cross_same_variable,0,197,694
0067_2.jpg,0237_3.jpg,67,237,2,3,cross_same_variable,0,197,734
0067_2.jpg,0239_3.jpg,67,239,2,3,cross_same_variable,0,197,742
0067_2.jpg,0248_3.jpg,67,248,2,3,cross_same_variable,0,197,778
0067_2.jpg,0266_3.jpg,67,266,2,3,cross_same_variable,0,197,846
0067_2.jpg,0271_3.jpg,67,271,2,3,cross_same_variable,0,197,866
0067_2.jpg,0279_3.jpg,67,279,2,3,cross_same_variable,0,197,894
0067_2.jpg,0282_3.jpg,67,282,2,3,cross_same_variable,0,197,902
0079_2.jpg,0006_3.jpg,79,6,2,3,cross_same_variable,0,241,18
0079_2.jpg,0012_3.jpg,79,12,2,3,cross_same_variable,0,241,42
0079_2.jpg,0015_3.jpg,79,15,2,3,cross_same_variable,0,241,46
0079_2.jpg,0018_3.jpg,79,18,2,3,cross_same_variable,0,241,50
0079_2.jpg,0035_3.jpg,79,35,2,3,cross_same_variable,0,241,110
0079_2.jpg,0042_3.jpg,79,42,2,3,cross_same_variable,0,241,126
0079_2.jpg,0043_3.jpg,79,43,2,3,cross_same_variable,0,241,130
0079_2.jpg,0060_3.jpg,79,60,2,3,cross_same_variable,0,241,174
0079_2.jpg,0066_3.jpg,79,66,2,3,cross_same_variable,0,241,194
0079_2.jpg,0067_3.jpg,79,67,2,3,cross_same_variable,0,241,198
0079_2.jpg,0079_3.jpg,79,79,2,3,cross_same_variable,1,241,242
0079_2.jpg,0086_3.jpg,79,86,2,3,cross_same_variable,0,241,258
0079_2.jpg,0087_3.jpg,79,87,2,3,cross_same_variable,0,241,262
0079_2.jpg,0089_3.jpg,79,89,2,3,cross_same_variable,0,241,266
0079_2.jpg,0091_3.jpg,79,91,2,3,cross_same_variable,0,241,274
0079_2.jpg,0093_3.jpg,79,93,2,3,cross_same_variable,0,241,282
0079_2.jpg,0106_3.jpg,79,106,2,3,cross_same_variable,0,241,326
0079_2.jpg,0109_3.jpg,79,109,2,3,cross_same_variable,0,241,334
0079_2.jpg,0114_3.jpg,79,114,2,3,cross_same_variable,0,241,342
0079_2.jpg,0130_3.jpg,79,130,2,3,cross_same_variable,0,241,390
0079_2.jpg,0132_3.jpg,79,132,2,3,cross_same_variable,0,241,398
0079_2.jpg,0148_3.jpg,79,148,2,3,cross_same_variable,0,241,446
0079_2.jpg,0154_3.jpg,79,154,2,3,cross_same_variable,0,241,462
0079_2.jpg,0161_3.jpg,79,161,2,3,cross_same_variable,0,241,490
0079_2.jpg,0200_3.jpg,79,200,2,3,cross_same_variable,0,241,606
0079_2.jpg,0204_3.jpg,79,204,2,3,cross_same_variable,0,241,622
0079_2.jpg,0216_3.jpg,79,216,2,3,cross_same_variable,0,241,666
0079_2.jpg,0219_3.jpg,79,219,2,3,cross_same_variable,0,241,674
0079_2.jpg,0224_3.jpg,79,224,2,3,cross_same_variable,0,241,694
0079_2.jpg,0237_3.jpg,79,237,2,3,cross_same_variable,0,241,734
0079_2.jpg,0239_3.jpg,79,239,2,3,cross_same_variable,0,241,742
0079_2.jpg,0248_3.jpg,79,248,2,3,cross_same_variable,0,241,778
0079_2.jpg,0266_3.jpg,79,266,2,3,cross_same_variable,0,241,846
0079_2.jpg,0271_3.jpg,79,271,2,3,cross_same_variable,0,241,866
0079_2.jpg,0279_3.jpg,79,279,2,3,cross_same_variable,0,241,894
0079_2.jpg,0282_3.jpg,79,282,2,3,cross_same_variable,0,241,902
0086_2.jpg,0006_3.jpg,86,6,2,3,cross_same_variable,0,257,18
0086_2.jpg,0012_3.jpg,86,12,2,3,cross_same_variable,0,257,42
0086_2.jpg,0015_3.jpg,86,15,2,3,cross_same_variable,0,257,46
0086_2.jpg,0018_3.jpg,86,18,2,3,cross_same_variable,0,257,50
0086_2.jpg,0035_3.jpg,86,35,2,3,cross_same_variable,0,257,110
0086_2.jpg,0042_3.jpg,86,42,2,3,cross_same_variable,0,257,126
0086_2.jpg,0043_3.jpg,86,43,2,3,cross_same_variable,0,257,130
0086_2.jpg,0060_3.jpg,86,60,2,3,cross_same_variable,0,257,174
0086_2.jpg,0066_3.jpg,86,66,2,3,cross_same_variable,0,257,194
0086_2.jpg,0067_3.jpg,86,67,2,3,cross_same_variable,0,257,198
0086_2.jpg,0079_3.jpg,86,79,2,3,cross_same_variable,0,257,242
0086_2.jpg,0086_3.jpg,86,86,2,3,cross_same_variable,1,257,258
0086_2.jpg,0087_3.jpg,86,87,2,3,cross_same_variable,0,257,262
0086_2.jpg,0089_3.jpg,86,89,2,3,cross_same_variable,0,257,266
0086_2.jpg,0091_3.jpg,86,91,2,3,cross_same_variable,0,257,274
0086_2.jpg,0093_3.jpg,86,93,2,3,cross_same_variable,0,257,282
0086_2.jpg,0106_3.jpg,86,106,2,3,cross_same_variable,0,257,326
0086_2.jpg,0109_3.jpg,86,109,2,3,cross_same_variable,0,257,334
0086_2.jpg,0114_3.jpg,86,114,2,3,cross_same_variable,0,257,342
0086_2.jpg,0130_3.jpg,86,130,2,3,cross_same_variable,0,257,390
0086_2.jpg,0132_3.jpg,86,132,2,3,cross_same_variable,0,257,398
0086_2.jpg,0148_3.jpg,86,148,2,3,cross_same_variable,0,257,446
0086_2.jpg,0154_3.jpg,86,154,2,3,cross_same_variable,0,257,462
0086_2.jpg,0161_3.jpg,86,161,2,3,cross_same_variable,0,257,490
0086_2.jpg,0200_3.jpg,86,200,2,3,cross_same_variable,0,257,606
0086_2.jpg,0204_3.jpg,86,204,2,3,cross_same_variable,0,257,622
0086_2.jpg,0216_3.jpg,86,216,2,3,cross_same_variable,0,257,666
0086_2.jpg,0219_3.jpg,86,219,2,3,cross_same_variable,0,257,674
0086_2.jpg,0224_3.jpg,86,224,2,3,cross_same_variable,0,257,694
0086_2.jpg,0237_3.jpg,86,237,2,3,cross_same_variable,0,257,734
0086_2.jpg,0239_3.jpg,86,239,2,3,cross_same_variable,0,257,742
0086_2.jpg,0248_3.jpg,86,248,2,3,cross_same_variable,0,257,778
0086_2.jpg,0266_3.jpg,86,266,2,3,cross_same_variable,0,257,846
0086_2.jpg,0271_3.jpg,86,271,2,3,cross_same_variable,0,257,866
0086_2.jpg,0279_3.jpg,86,279,2,3,cross_same_variable,0,257,894
0086_2.jpg,0282_3.jpg,86,282,2,3,cross_same_variable,0,257,902
0087_2.jpg,0006_3.jpg,87,6,2,3,cross_same_variable,0,261,18
0087_2.jpg,0012_3.jpg,87,12,2,3,cross_same_variable,0,261,42
0087_2.jpg,0015_3.jpg,87,15,2,3,cross_same_variable,0,261,46
0087_2.jpg,0018_3.jpg,87,18,2,3,cross_same_variable,0,261,50
0087_2.jpg,0035_3.jpg,87,35,2,3,cross_same_variable,0,261,110
0087_2.jpg,0042_3.jpg,87,42,2,3,cross_same_variable,0,261,126
0087_2.jpg,0043_3.jpg,87,43,2,3,cross_same_variable,0,261,130
0087_2.jpg,0060_3.jpg,87,60,2,3,cross_same_variable,0,261,174
0087_2.jpg,0066_3.jpg,87,66,2,3,cross_same_variable,0,261,194
0087_2.jpg,0067_3.jpg,87,67,2,3,cross_same_variable,0,261,198
0087_2.jpg,0079_3.jpg,87,79,2,3,cross_same_variable,0,261,242
0087_2.jpg,0086_3.jpg,87,86,2,3,cross_same_variable,0,261,258
0087_2.jpg,0087_3.jpg,87,87,2,3,cross_same_variable,1,261,262
0087_2.jpg,0089_3.jpg,87,89,2,3,cross_same_variable,0,261,266
0087_2.jpg,0091_3.jpg,87,91,2,3,cross_same_variable,0,261,274
0087_2.jpg,0093_3.jpg,87,93,2,3,cross_same_variable,0,261,282
0087_2.jpg,0106_3.jpg,87,106,2,3,cross_same_variable,0,261,326
0087_2.jpg,0109_3.jpg,87,109,2,3,cross_same_variable,0,261,334
0087_2.jpg,0114_3.jpg,87,114,2,3,cross_same_variable,0,261,342
0087_2.jpg,0130_3.jpg,87,130,2,3,cross_same_variable,0,261,390
0087_2.jpg,0132_3.jpg,87,132,2,3,cross_same_variable,0,261,398
0087_2.jpg,0148_3.jpg,87,148,2,3,cross_same_variable,0,261,446
0087_2.jpg,0154_3.jpg,87,154,2,3,cross_same_variable,0,261,462
0087_2.jpg,0161_3.jpg,87,161,2,3,cross_same_variable,0,261,490
0087_2.jpg,0200_3.jpg,87,200,2,3,cross_same_variable,0,261,606
0087_2.jpg,0204_3.jpg,87,204,2,3,cross_same_variable,0,261,622
0087_2.jpg,0216_3.jpg,87,216,2,3,cross_same_variable,0,261,666
0087_2.jpg,0219_3.jpg,87,219,2,3,cross_same_variable,0,261,674
0087_2.jpg,0224_3.jpg,87,224,2,3,cross_same_variable,0,261,694
0087_2.jpg,0237_3.jpg,87,237,2,3,cross_same_variable,0,261,734
0087_2.jpg,0239_3.jpg,87,239,2,3,cross_same_variable,0,261,742
0087_2.jpg,0248_3.jpg,87,248,2,3,cross_same_variable,0,261,778
0087_2.jpg,0266_3.jpg,87,266,2,3,cross_same_variable,0,261,846
0087_2.jpg,0271_3.jpg,87,271,2,3,cross_same_variable,0,261,866
0087_2.jpg,0279_3.jpg,87,279,2,3,cross_same_variable,0,261,894
0087_2.jpg,0282_3.jpg,87,282,2,3,cross_same_variable,0,261,902
0089_2.jpg,0006_3.jpg,89,6,2,3,cross_same_variable,0,265,18
0089_2.jpg,0012_3.jpg,89,12,2,3,cross_same_variable,0,265,42
0089_2.jpg,0015_3.jpg,89,15,2,3,cross_same_variable,0,265,46
0089_2.jpg,0018_3.jpg,89,18,2,3,cross_same_variable,0,265,50
0089_2.jpg,0035_3.jpg,89,35,2,3,cross_same_variable,0,265,110
0089_2.jpg,0042_3.jpg,89,42,2,3,cross_same_variable,0,265,126
0089_2.jpg,0043_3.jpg,89,43,2,3,cross_same_variable,0,265,130
0089_2.jpg,0060_3.jpg,89,60,2,3,cross_same_variable,0,265,174
0089_2.jpg,0066_3.jpg,89,66,2,3,cross_same_variable,0,265,194
0089_2.jpg,0067_3.jpg,89,67,2,3,cross_same_variable,0,265,198
0089_2.jpg,0079_3.jpg,89,79,2,3,cross_same_variable,0,265,242
0089_2.jpg,0086_3.jpg,89,86,2,3,cross_same_variable,0,265,258
0089_2.jpg,0087_3.jpg,89,87,2,3,cross_same_variable,0,265,262
0089_2.jpg,0089_3.jpg,89,89,2,3,cross_same_variable,1,265,266
0089_2.jpg,0091_3.jpg,89,91,2,3,cross_same_variable,0,265,274
0089_2.jpg,0093_3.jpg,89,93,2,3,cross_same_variable,0,265,282
0089_2.jpg,0106_3.jpg,89,106,2,3,cross_same_variable,0,265,326
0089_2.jpg,0109_3.jpg,89,109,2,3,cross_same_variable,0,265,334
0089_2.jpg,0114_3.jpg,89,114,2,3,cross_same_variable,0,265,342
0089_2.jpg,0130_3.jpg,89,130,2,3,cross_same_variable,0,265,390
0089_2.jpg,0132_3.jpg,89,132,2,3,cross_same_variable,0,265,398
0089_2.jpg,0148_3.jpg,89,148,2,3,cross_same_variable,0,265,446
0089_2.jpg,0154_3.jpg,89,154,2,3,cross_same_variable,0,265,462
0089_2.jpg,0161_3.jpg,89,161,2,3,cross_same_variable,0,265,490
0089_2.jpg,0200_3.jpg,89,200,2,3,cross_same_variable,0,265,606
0089_2.jpg,0204_3.jpg,89,204,2,3,cross_same_variable,0,265,622
0089_2.jpg,0216_3.jpg,89,216,2,3,cross_same_variable,0,265,666
0089_2.jpg,0219_3.jpg,89,219,2,3,cross_same_variable,0,265,674
0089_2.jpg,0224_3.jpg,89,224,2,3,cross_same_variable,0,265,694
0089_2.jpg,0237_3.jpg,89,237,2,3,cross_same_variable,0,265,734
0089_2.jpg,0239_3.jpg,89,239,2,3,cross_same_variable,0,265,742
0089_2.jpg,0248_3.jpg,89,248,2,3,cross_same_variable,0,265,778
0089_2.jpg,0266_3.jpg,89,266,2,3,cross_same_variable,0,265,846
0089_2.jpg,0271_3.jpg,89,271,2,3,cross_same_variable,0,265,866
0089_2.jpg,0279_3.jpg,89,279,2,3,cross_same_variable,0,265,894
0089_2.jpg,0282_3.jpg,89,282,2,3,cross_same_variable,0,265,902
0091_2.jpg,0006_3.jpg,91,6,2,3,cross_same_variable,0,273,18
0091_2.jpg,0012_3.jpg,91,12,2,3,cross_same_variable,0,273,42
0091_2.jpg,0015_3.jpg,91,15,2,3,cross_same_variable,0,273,46
0091_2.jpg,0018_3.jpg,91,18,2,3,cross_same_variable,0,273,50
0091_2.jpg,0035_3.jpg,91,35,2,3,cross_same_variable,0,273,110
0091_2.jpg,0042_3.jpg,91,42,2,3,cross_same_variable,0,273,126
0091_2.jpg,0043_3.jpg,91,43,2,3,cross_same_variable,0,273,130
0091_2.jpg,0060_3.jpg,91,60,2,3,cross_same_variable,0,273,174
0091_2.jpg,0066_3.jpg,91,66,2,3,cross_same_variable,0,273,194
0091_2.jpg,0067_3.jpg,91,67,2,3,cross_same_variable,0,273,198
0091_2.jpg,0079_3.jpg,91,79,2,3,cross_same_variable,0,273,242
0091_2.jpg,0086_3.jpg,91,86,2,3,cross_same_variable,0,273,258
0091_2.jpg,0087_3.jpg,91,87,2,3,cross_same_variable,0,273,262
0091_2.jpg,0089_3.jpg,91,89,2,3,cross_same_variable,0,273,266
0091_2.jpg,0091_3.jpg,91,91,2,3,cross_same_variable,1,273,274
0091_2.jpg,0093_3.jpg,91,93,2,3,cross_same_variable,0,273,282
0091_2.jpg,0106_3.jpg,91,106,2,3,cross_same_variable,0,273,326
0091_2.jpg,0109_3.jpg,91,109,2,3,cross_same_variable,0,273,334
0091_2.jpg,0114_3.jpg,91,114,2,3,cross_same_variable,0,273,342
0091_2.jpg,0130_3.jpg,91,130,2,3,cross_same_variable,0,273,390
0091_2.jpg,0132_3.jpg,91,132,2,3,cross_same_variable,0,273,398
0091_2.jpg,0148_3.jpg,91,148,2,3,cross_same_variable,0,273,446
0091_2.jpg,0154_3.jpg,91,154,2,3,cross_same_variable,0,273,462
0091_2.jpg,0161_3.jpg,91,161,2,3,cross_same_variable,0,273,490
0091_2.jpg,0200_3.jpg,91,200,2,3,cross_same_variable,0,273,606
0091_2.jpg,0204_3.jpg,91,204,2,3,cross_same_variable,0,273,622
0091_2.jpg,0216_3.jpg,91,216,2,3,cross_same_variable,0,273,666
0091_2.jpg,0219_3.jpg,91,219,2,3,cross_same_variable,0,273,674
0091_2.jpg,0224_3.jpg,91,224,2,3,cross_same_variable,0,273,694
0091_2.jpg,0237_3.jpg,91,237,2,3,cross_same_variable,0,273,734
0091_2.jpg,0239_3.jpg,91,239,2,3,cross_same_variable,0,273,742
0091_2.jpg,0248_3.jpg,91,248,2,3,cross_same_variable,0,273,778
0091_2.jpg,0266_3.jpg,91,266,2,3,cross_same_variable,0,273,846
0091_2.jpg,0271_3.jpg,91,271,2,3,cross_same_variable,0,273,866
0091_2.jpg,0279_3.jpg,91,279,2,3,cross_same_variable,0,273,894
0091_2.jpg,0282_3.jpg,91,282,2,3,cross_same_variable,0,273,902
0093_2.jpg,0006_3.jpg,93,6,2,3,cross_same_variable,0,281,18
0093_2.jpg,0012_3.jpg,93,12,2,3,cross_same_variable,0,281,42
0093_2.jpg,0015_3.jpg,93,15,2,3,cross_same_variable,0,281,46
0093_2.jpg,0018_3.jpg,93,18,2,3,cross_same_variable,0,281,50
0093_2.jpg,0035_3.jpg,93,35,2,3,cross_same_variable,0,281,110
0093_2.jpg,0042_3.jpg,93,42,2,3,cross_same_variable,0,281,126
0093_2.jpg,0043_3.jpg,93,43,2,3,cross_same_variable,0,281,130
0093_2.jpg,0060_3.jpg,93,60,2,3,cross_same_variable,0,281,174
0093_2.jpg,0066_3.jpg,93,66,2,3,cross_same_variable,0,281,194
0093_2.jpg,0067_3.jpg,93,67,2,3,cross_same_variable,0,281,198
0093_2.jpg,0079_3.jpg,93,79,2,3,cross_same_variable,0,281,242
0093_2.jpg,0086_3.jpg,93,86,2,3,cross_same_variable,0,281,258
0093_2.jpg,0087_3.jpg,93,87,2,3,cross_same_variable,0,281,262
0093_2.jpg,0089_3.jpg,93,89,2,3,cross_same_variable,0,281,266
0093_2.jpg,0091_3.jpg,93,91,2,3,cross_same_variable,0,281,274
0093_2.jpg,0093_3.jpg,93,93,2,3,cross_same_variable,1,281,282
0093_2.jpg,0106_3.jpg,93,106,2,3,cross_same_variable,0,281,326
0093_2.jpg,0109_3.jpg,93,109,2,3,cross_same_variable,0,281,334
0093_2.jpg,0114_3.jpg,93,114,2,3,cross_same_variable,0,281,342
0093_2.jpg,0130_3.jpg,93,130,2,3,cross_same_variable,0,281,390
0093_2.jpg,0132_3.jpg,93,132,2,3,cross_same_variable,0,281,398
0093_2.jpg,0148_3.jpg,93,148,2,3,cross_same_variable,0,281,446
0093_2.jpg,0154_3.jpg,93,154,2,3,cross_same_variable,0,281,462
0093_2.jpg,0161_3.jpg,93,161,2,3,cross_same_variable,0,281,490
0093_2.jpg,0200_3.jpg,93,200,2,3,cross_same_variable,0,281,606
0093_2.jpg,0204_3.jpg,93,204,2,3,cross_same_variable,0,281,622
0093_2.jpg,0216_3.jpg,93,216,2,3,cross_same_variable,0,281,666
0093_2.jpg,0219_3.jpg,93,219,2,3,cross_same_variable,0,281,674
0093_2.jpg,0224_3.jpg,93,224,2,3,cross_same_variable,0,281,694
0093_2.jpg,0237_3.jpg,93,237,2,3,cross_same_variable,0,281,734
0093_2.jpg,0239_3.jpg,93,239,2,3,cross_same_variable,0,281,742
0093_2.jpg,0248_3.jpg,93,248,2,3,cross_same_variable,0,281,778
0093_2.jpg,0266_3.jpg,93,266,2,3,cross_same_variable,0,281,846
0093_2.jpg,0271_3.jpg,93,271,2,3,cross_same_variable,0,281,866
0093_2.jpg,0279_3.jpg,93,279,2,3,cross_same_variable,0,281,894
0093_2.jpg,0282_3.jpg,93,282,2,3,cross_same_variable,0,281,902
0106_2.jpg,0006_3.jpg,106,6,2,3,cross_same_variable,0,325,18
0106_2.jpg,0012_3.jpg,106,12,2,3,cross_same_variable,0,325,42
0106_2.jpg,0015_3.jpg,106,15,2,3,cross_same_variable,0,325,46
0106_2.jpg,0018_3.jpg,106,18,2,3,cross_same_variable,0,325,50
0106_2.jpg,0035_3.jpg,106,35,2,3,cross_same_variable,0,325,110
0106_2.jpg,0042_3.jpg,106,42,2,3,cross_same_variable,0,325,126
0106_2.jpg,0043_3.jpg,106,43,2,3,cross_same_variable,0,325,130
0106_2.jpg,0060_3.jpg,106,60,2,3,cross_same_variable,0,325,174
0106_2.jpg,0066_3.jpg,106,66,2,3,cross_same_variable,0,325,194
0106_2.jpg,0067_3.jpg,106,67,2,3,cross_same_variable,0,325,198
0106_2.jpg,0079_3.jpg,106,79,2,3,cross_same_variable,0,325,242
0106_2.jpg,0086_3.jpg,106,86,2,3,cross_same_variable,0,325,258
0106_2.jpg,0087_3.jpg,106,87,2,3,cross_same_variable,0,325,262
0106_2.jpg,0089_3.jpg,106,89,2,3,cross_same_variable,0,325,266
0106_2.jpg,0091_3.jpg,106,91,2,3,cross_same_variable,0,325,274
0106_2.jpg,0093_3.jpg,106,93,2,3,cross_same_variable,0,325,282
0106_2.jpg,0106_3.jpg,106,106,2,3,cross_same_variable,1,325,326
0106_2.jpg,0109_3.jpg,106,109,2,3,cross_same_variable,0,325,334
0106_2.jpg,0114_3.jpg,106,114,2,3,cross_same_variable,0,325,342
0106_2.jpg,0130_3.jpg,106,130,2,3,cross_same_variable,0,325,390
0106_2.jpg,0132_3.jpg,106,132,2,3,cross_same_variable,0,325,398
0106_2.jpg,0148_3.jpg,106,148,2,3,cross_same_variable,0,325,446
0106_2.jpg,0154_3.jpg,106,154,2,3,cross_same_variable,0,325,462
0106_2.jpg,0161_3.jpg,106,161,2,3,cross_same_variable,0,325,490
0106_2.jpg,0200_3.jpg,106,200,2,3,cross_same_variable,0,325,606
0106_2.jpg,0204_3.jpg,106,204,2,3,cross_same_variable,0,325,622
0106_2.jpg,0216_3.jpg,106,216,2,3,cross_same_variable,0,325,666
0106_2.jpg,0219_3.jpg,106,219,2,3,cross_same_variable,0,325,674
0106_2.jpg,0224_3.jpg,106,224,2,3,cross_same_variable,0,325,694
0106_2.jpg,0237_3.jpg,106,237,2,3,cross_same_variable,0,325,734
0106_2.jpg,0239_3.jpg,106,239,2,3,cross_same_variable,0,325,742
0106_2.jpg,0248_3.jpg,106,248,2,3,cross_same_variable,0,325,778
0106_2.jpg,0266_3.jpg,106,266,2,3,cross_same_variable,0,325,846
0106_2.jpg,0271_3.jpg,106,271,2,3,cross_same_variable,0,325,866
0106_2.jpg,0279_3.jpg,106,279,2,3,cross_same_variable,0,325,894
0106_2.jpg,0282_3.jpg,106,282,2,3,cross_same_variable,0,325,902
0109_2.jpg,0006_3.jpg,109,6,2,3,cross_same_variable,0,333,18
0109_2.jpg,0012_3.jpg,109,12,2,3,cross_same_variable,0,333,42
0109_2.jpg,0015_3.jpg,109,15,2,3,cross_same_variable,0,333,46
0109_2.jpg,0018_3.jpg,109,18,2,3,cross_same_variable,0,333,50
0109_2.jpg,0035_3.jpg,109,35,2,3,cross_same_variable,0,333,110
0109_2.jpg,0042_3.jpg,109,42,2,3,cross_same_variable,0,333,126
0109_2.jpg,0043_3.jpg,109,43,2,3,cross_same_variable,0,333,130
0109_2.jpg,0060_3.jpg,109,60,2,3,cross_same_variable,0,333,174
0109_2.jpg,0066_3.jpg,109,66,2,3,cross_same_variable,0,333,194
0109_2.jpg,0067_3.jpg,109,67,2,3,cross_same_variable,0,333,198
0109_2.jpg,0079_3.jpg,109,79,2,3,cross_same_variable,0,333,242
0109_2.jpg,0086_3.jpg,109,86,2,3,cross_same_variable,0,333,258
0109_2.jpg,0087_3.jpg,109,87,2,3,cross_same_variable,0,333,262
0109_2.jpg,0089_3.jpg,109,89,2,3,cross_same_variable,0,333,266
0109_2.jpg,0091_3.jpg,109,91,2,3,cross_same_variable,0,333,274
0109_2.jpg,0093_3.jpg,109,93,2,3,cross_same_variable,0,333,282
0109_2.jpg,0106_3.jpg,109,106,2,3,cross_same_variable,0,333,326
0109_2.jpg,0109_3.jpg,109,109,2,3,cross_same_variable,1,333,334
0109_2.jpg,0114_3.jpg,109,114,2,3,cross_same_variable,0,333,342
0109_2.jpg,0130_3.jpg,109,130,2,3,cross_same_variable,0,333,390
0109_2.jpg,0132_3.jpg,109,132,2,3,cross_same_variable,0,333,398
0109_2.jpg,0148_3.jpg,109,148,2,3,cross_same_variable,0,333,446
0109_2.jpg,0154_3.jpg,109,154,2,3,cross_same_variable,0,333,462
0109_2.jpg,0161_3.jpg,109,161,2,3,cross_same_variable,0,333,490
0109_2.jpg,0200_3.jpg,109,200,2,3,cross_same_variable,0,333,606
0109_2.jpg,0204_3.jpg,109,204,2,3,cross_same_variable,0,333,622
0109_2.jpg,0216_3.jpg,109,216,2,3,cross_same_variable,0,333,666
0109_2.jpg,0219_3.jpg,109,219,2,3,cross_same_variable,0,333,674
0109_2.jpg,0224_3.jpg,109,224,2,3,cross_same_variable,0,333,694
0109_2.jpg,0237_3.jpg,109,237,2,3,cross_same_variable,0,333,734
0109_2.jpg,0239_3.jpg,109,239,2,3,cross_same_variable,0,333,742
0109_2.jpg,0248_3.jpg,109,248,2,3,cross_same_variable,0,333,778
0109_2.jpg,0266_3.jpg,109,266,2,3,cross_same_variable,0,333,846
0109_2.jpg,0271_3.jpg,109,271,2,3,cross_same_variable,0,333,866
0109_2.jpg,0279_3.jpg,109,279,2,3,cross_same_variable,0,333,894
0109_2.jpg,0282_3.jpg,109,282,2,3,cross_same_variable,0,333,902
0114_2.jpg,0006_3.jpg,114,6,2,3,cross_same_variable,0,341,18
0114_2.jpg,0012_3.jpg,114,12,2,3,cross_same_variable,0,341,42
0114_2.jpg,0015_3.jpg,114,15,2,3,cross_same_variable,0,341,46
0114_2.jpg,0018_3.jpg,114,18,2,3,cross_same_variable,0,341,50
0114_2.jpg,0035_3.jpg,114,35,2,3,cross_same_variable,0,341,110
0114_2.jpg,0042_3.jpg,114,42,2,3,cross_same_variable,0,341,126
0114_2.jpg,0043_3.jpg,114,43,2,3,cross_same_variable,0,341,130
0114_2.jpg,0060_3.jpg,114,60,2,3,cross_same_variable,0,341,174
0114_2.jpg,0066_3.jpg,114,66,2,3,cross_same_variable,0,341,194
0114_2.jpg,0067_3.jpg,114,67,2,3,cross_same_variable,0,341,198
0114_2.jpg,0079_3.jpg,114,79,2,3,cross_same_variable,0,341,242
0114_2.jpg,0086_3.jpg,114,86,2,3,cross_same_variable,0,341,258
0114_2.jpg,0087_3.jpg,114,87,2,3,cross_same_variable,0,341,262
0114_2.jpg,0089_3.jpg,114,89,2,3,cross_same_variable,0,341,266
0114_2.jpg,0091_3.jpg,114,91,2,3,cross_same_variable,0,341,274
0114_2.jpg,0093_3.jpg,114,93,2,3,cross_same_variable,0,341,282
0114_2.jpg,0106_3.jpg,114,106,2,3,cross_same_variable,0,341,326
0114_2.jpg,0109_3.jpg,114,109,2,3,cross_same_variable,0,341,334
0114_2.jpg,0114_3.jpg,114,114,2,3,cross_same_variable,1,341,342
0114_2.jpg,0130_3.jpg,114,130,2,3,cross_same_variable,0,341,390
0114_2.jpg,0132_3.jpg,114,132,2,3,cross_same_variable,0,341,398
0114_2.jpg,0148_3.jpg,114,148,2,3,cross_same_variable,0,341,446
0114_2.jpg,0154_3.jpg,114,154,2,3,cross_same_variable,0,341,462
0114_2.jpg,0161_3.jpg,114,161,2,3,cross_same_variable,0,341,490
0114_2.jpg,0200_3.jpg,114,200,2,3,cross_same_variable,0,341,606
0114_2.jpg,0204_3.jpg,114,204,2,3,cross_same_variable,0,341,622
0114_2.jpg,0216_3.jpg,114,216,2,3,cross_same_variable,0,341,666
0114_2.jpg,0219_3.jpg,114,219,2,3,cross_same_variable,0,341,674
0114_2.jpg,0224_3.jpg,114,224,2,3,cross_same_variable,0,341,694
0114_2.jpg,0237_3.jpg,114,237,2,3,cross_same_variable,0,341,734
0114_2.jpg,0239_3.jpg,114,239,2,3,cross_same_variable,0,341,742
0114_2.jpg,0248_3.jpg,114,248,2,3,cross_same_variable,0,341,778
0114_2.jpg,0266_3.jpg,114,266,2,3,cross_same_variable,0,341,846
0114_2.jpg,0271_3.jpg,114,271,2,3,cross_same_variable,0,341,866
0114_2.jpg,0279_3.jpg,114,279,2,3,cross_same_variable,0,341,894
0114_2.jpg,0282_3.jpg,114,282,2,3,cross_same_variable,0,341,902
0130_2.jpg,0006_3.jpg,130,6,2,3,cross_same_variable,0,389,18
0130_2.jpg,0012_3.jpg,130,12,2,3,cross_same_variable,0,389,42
0130_2.jpg,0015_3.jpg,130,15,2,3,cross_same_variable,0,389,46
0130_2.jpg,0018_3.jpg,130,18,2,3,cross_same_variable,0,389,50
0130_2.jpg,0035_3.jpg,130,35,2,3,cross_same_variable,0,389,110
0130_2.jpg,0042_3.jpg,130,42,2,3,cross_same_variable,0,389,126
0130_2.jpg,0043_3.jpg,130,43,2,3,cross_same_variable,0,389,130
0130_2.jpg,0060_3.jpg,130,60,2,3,cross_same_variable,0,389,174
0130_2.jpg,0066_3.jpg,130,66,2,3,cross_same_variable,0,389,194
0130_2.jpg,0067_3.jpg,130,67,2,3,cross_same_variable,0,389,198
0130_2.jpg,0079_3.jpg,130,79,2,3,cross_same_variable,0,389,242
0130_2.jpg,0086_3.jpg,130,86,2,3,cross_same_variable,0,389,258
0130_2.jpg,0087_3.jpg,130,87,2,3,cross_same_variable,0,389,262
0130_2.jpg,0089_3.jpg,130,89,2,3,cross_same_variable,0,389,266
0130_2.jpg,0091_3.jpg,130,91,2,3,cross_same_variable,0,389,274
0130_2.jpg,0093_3.jpg,130,93,2,3,cross_same_variable,0,389,282
0130_2.jpg,0106_3.jpg,130,106,2,3,cross_same_variable,0,389,326
0130_2.jpg,0109_3.jpg,130,109,2,3,cross_same_variable,0,389,334
0130_2.jpg,0114_3.jpg,130,114,2,3,cross_same_variable,0,389,342
0130_2.jpg,0130_3.jpg,130,130,2,3,cross_same_variable,1,389,390
0130_2.jpg,0132_3.jpg,130,132,2,3,cross_same_variable,0,389,398
0130_2.jpg,0148_3.jpg,130,148,2,3,cross_same_variable,0,389,446
0130_2.jpg,0154_3.jpg,130,154,2,3,cross_same_variable,0,389,462
0130_2.jpg,0161_3.jpg,130,161,2,3,cross_same_variable,0,389,490
0130_2.jpg,0200_3.jpg,130,200,2,3,cross_same_variable,0,389,606
0130_2.jpg,0204_3.jpg,130,204,2,3,cross_same_variable,0,389,622
0130_2.jpg,0216_3.jpg,130,216,2,3,cross_same_variable,0,389,666
0130_2.jpg,0219_3.jpg,130,219,2,3,cross_same_variable,0,389,674
0130_2.jpg,0224_3.jpg,130,224,2,3,cross_same_variable,0,389,694
0130_2.jpg,0237_3.jpg,130,237,2,3,cross_same_variable,0,389,734
0130_2.jpg,0239_3.jpg,130,239,2,3,cross_same_variable,0,389,742
0130_2.jpg,0248_3.jpg,130,248,2,3,cross_same_variable,0,389,778
0130_2.jpg,0266_3.jpg,130,266,2,3,cross_same_variable,0,389,846
0130_2.jpg,0271_3.jpg,130,271,2,3,cross_same_variable,0,389,866
0130_2.jpg,0279_3.jpg,130,279,2,3,cross_same_variable,0,389,894
0130_2.jpg,0282_3.jpg,130,282,2,3,cross_same_variable,0,389,902
0132_2.jpg,0006_3.jpg,132,6,2,3,cross_same_variable,0,397,18
0132_2.jpg,0012_3.jpg,132,12,2,3,cross_same_variable,0,397,42
0132_2.jpg,0015_3.jpg,132,15,2,3,cross_same_variable,0,397,46
0132_2.jpg,0018_3.jpg,132,18,2,3,cross_same_variable,0,397,50
0132_2.jpg,0035_3.jpg,132,35,2,3,cross_same_variable,0,397,110
0132_2.jpg,0042_3.jpg,132,42,2,3,cross_same_variable,0,397,126
0132_2.jpg,0043_3.jpg,132,43,2,3,cross_same_variable,0,397,130
0132_2.jpg,0060_3.jpg,132,60,2,3,cross_same_variable,0,397,174
0132_2.jpg,0066_3.jpg,132,66,2,3,cross_same_variable,0,397,194
0132_2.jpg,0067_3.jpg,132,67,2,3,cross_same_variable,0,397,198
0132_2.jpg,0079_3.jpg,132,79,2,3,cross_same_variable,0,397,242
0132_2.jpg,0086_3.jpg,132,86,2,3,cross_same_variable,0,397,258
0132_2.jpg,0087_3.jpg,132,87,2,3,cross_same_variable,0,397,262
0132_2.jpg,0089_3.jpg,132,89,2,3,cross_same_variable,0,397,266
0132_2.jpg,0091_3.jpg,132,91,2,3,cross_same_variable,0,397,274
0132_2.jpg,0093_3.jpg,132,93,2,3,cross_same_variable,0,397,282
0132_2.jpg,0106_3.jpg,132,106,2,3,cross_same_variable,0,397,326
0132_2.jpg,0109_3.jpg,132,109,2,3,cross_same_variable,0,397,334
0132_2.jpg,0114_3.jpg,132,114,2,3,cross_same_variable,0,397,342
0132_2.jpg,0130_3.jpg,132,130,2,3,cross_same_variable,0,397,390
0132_2.jpg,0132_3.jpg,132,132,2,3,cross_same_variable,1,397,398
0132_2.jpg,0148_3.jpg,132,148,2,3,cross_same_variable,0,397,446
0132_2.jpg,0154_3.jpg,132,154,2,3,cross_same_variable,0,397,462
0132_2.jpg,0161_3.jpg,132,161,2,3,cross_same_variable,0,397,490
0132_2.jpg,0200_3.jpg,132,200,2,3,cross_same_variable,0,397,606
0132_2.jpg,0204_3.jpg,132,204,2,3,cross_same_variable,0,397,622
0132_2.jpg,0216_3.jpg,132,216,2,3,cross_same_variable,0,397,666
0132_2.jpg,0219_3.jpg,132,219,2,3,cross_same_variable,0,397,674
0132_2.jpg,0224_3.jpg,132,224,2,3,cross_same_variable,0,397,694
0132_2.jpg,0237_3.jpg,132,237,2,3,cross_same_variable,0,397,734
0132_2.jpg,0239_3.jpg,132,239,2,3,cross_same_variable,0,397,742
0132_2.jpg,0248_3.jpg,132,248,2,3,cross_same_variable,0,397,778
0132_2.jpg,0266_3.jpg,132,266,2,3,cross_same_variable,0,397,846
0132_2.jpg,0271_3.jpg,132,271,2,3,cross_same_variable,0,397,866
0132_2.jpg,0279_3.jpg,132,279,2,3,cross_same_variable,0,397,894
0132_2.jpg,0282_3.jpg,132,282,2,3,cross_same_variable,0,397,902
0148_2.jpg,0006_3.jpg,148,6,2,3,cross_same_variable,0,445,18
0148_2.jpg,0012_3.jpg,148,12,2,3,cross_same_variable,0,445,42
0148_2.jpg,0015_3.jpg,148,15,2,3,cross_same_variable,0,445,46
0148_2.jpg,0018_3.jpg,148,18,2,3,cross_same_variable,0,445,50
0148_2.jpg,0035_3.jpg,148,35,2,3,cross_same_variable,0,445,110
0148_2.jpg,0042_3.jpg,148,42,2,3,cross_same_variable,0,445,126
0148_2.jpg,0043_3.jpg,148,43,2,3,cross_same_variable,0,445,130
0148_2.jpg,0060_3.jpg,148,60,2,3,cross_same_variable,0,445,174
0148_2.jpg,0066_3.jpg,148,66,2,3,cross_same_variable,0,445,194
0148_2.jpg,0067_3.jpg,148,67,2,3,cross_same_variable,0,445,198
0148_2.jpg,0079_3.jpg,148,79,2,3,cross_same_variable,0,445,242
0148_2.jpg,0086_3.jpg,148,86,2,3,cross_same_variable,0,445,258
0148_2.jpg,0087_3.jpg,148,87,2,3,cross_same_variable,0,445,262
0148_2.jpg,0089_3.jpg,148,89,2,3,cross_same_variable,0,445,266
0148_2.jpg,0091_3.jpg,148,91,2,3,cross_same_variable,0,445,274
0148_2.jpg,0093_3.jpg,148,93,2,3,cross_same_variable,0,445,282
0148_2.jpg,0106_3.jpg,148,106,2,3,cross_same_variable,0,445,326
0148_2.jpg,0109_3.jpg,148,109,2,3,cross_same_variable,0,445,334
0148_2.jpg,0114_3.jpg,148,114,2,3,cross_same_variable,0,445,342
0148_2.jpg,0130_3.jpg,148,130,2,3,cross_same_variable,0,445,390
0148_2.jpg,0132_3.jpg,148,132,2,3,cross_same_variable,0,445,398
0148_2.jpg,0148_3.jpg,148,148,2,3,cross_same_variable,1,445,446
0148_2.jpg,0154_3.jpg,148,154,2,3,cross_same_variable,0,445,462
0148_2.jpg,0161_3.jpg,148,161,2,3,cross_same_variable,0,445,490
0148_2.jpg,0200_3.jpg,148,200,2,3,cross_same_variable,0,445,606
0148_2.jpg,0204_3.jpg,148,204,2,3,cross_same_variable,0,445,622
0148_2.jpg,0216_3.jpg,148,216,2,3,cross_same_variable,0,445,666
0148_2.jpg,0219_3.jpg,148,219,2,3,cross_same_variable,0,445,674
0148_2.jpg,0224_3.jpg,148,224,2,3,cross_same_variable,0,445,694
0148_2.jpg,0237_3.jpg,148,237,2,3,cross_same_variable,0,445,734
0148_2.jpg,0239_3.jpg,148,239,2,3,cross_same_variable,0,445,742
0148_2.jpg,0248_3.jpg,148,248,2,3,cross_same_variable,0,445,778
0148_2.jpg,0266_3.jpg,148,266,2,3,cross_same_variable,0,445,846
0148_2.jpg,0271_3.jpg,148,271,2,3,cross_same_variable,0,445,866
0148_2.jpg,0279_3.jpg,148,279,2,3,cross_same_variable,0,445,894
0148_2.jpg,0282_3.jpg,148,282,2,3,cross_same_variable,0,445,902
0154_2.jpg,0006_3.jpg,154,6,2,3,cross_same_variable,0,461,18
0154_2.jpg,0012_3.jpg,154,12,2,3,cross_same_variable,0,461,42
0154_2.jpg,0015_3.jpg,154,15,2,3,cross_same_variable,0,461,46
0154_2.jpg,0018_3.jpg,154,18,2,3,cross_same_variable,0,461,50
0154_2.jpg,0035_3.jpg,154,35,2,3,cross_same_variable,0,461,110
0154_2.jpg,0042_3.jpg,154,42,2,3,cross_same_variable,0,461,126
0154_2.jpg,0043_3.jpg,154,43,2,3,cross_same_variable,0,461,130
0154_2.jpg,0060_3.jpg,154,60,2,3,cross_same_variable,0,461,174
0154_2.jpg,0066_3.jpg,154,66,2,3,cross_same_variable,0,461,194
0154_2.jpg,0067_3.jpg,154,67,2,3,cross_same_variable,0,461,198
0154_2.jpg,0079_3.jpg,154,79,2,3,cross_same_variable,0,461,242
0154_2.jpg,0086_3.jpg,154,86,2,3,cross_same_variable,0,461,258
0154_2.jpg,0087_3.jpg,154,87,2,3,cross_same_variable,0,461,262
0154_2.jpg,0089_3.jpg,154,89,2,3,cross_same_variable,0,461,266
0154_2.jpg,0091_3.jpg,154,91,2,3,cross_same_variable,0,461,274
0154_2.jpg,0093_3.jpg,154,93,2,3,cross_same_variable,0,461,282
0154_2.jpg,0106_3.jpg,154,106,2,3,cross_same_variable,0,461,326
0154_2.jpg,0109_3.jpg,154,109,2,3,cross_same_variable,0,461,334
0154_2.jpg,0114_3.jpg,154,114,2,3,cross_same_variable,0,461,342
0154_2.jpg,0130_3.jpg,154,130,2,3,cross_same_variable,0,461,390
0154_2.jpg,0132_3.jpg,154,132,2,3,cross_same_variable,0,461,398
0154_2.jpg,0148_3.jpg,154,148,2,3,cross_same_variable,0,461,446
0154_2.jpg,0154_3.jpg,154,154,2,3,cross_same_variable,1,461,462
0154_2.jpg,0161_3.jpg,154,161,2,3,cross_same_variable,0,461,490
0154_2.jpg,0200_3.jpg,154,200,2,3,cross_same_variable,0,461,606
0154_2.jpg,0204_3.jpg,154,204,2,3,cross_same_variable,0,461,622
0154_2.jpg,0216_3.jpg,154,216,2,3,cross_same_variable,0,461,666
0154_2.jpg,0219_3.jpg,154,219,2,3,cross_same_variable,0,461,674
0154_2.jpg,0224_3.jpg,154,224,2,3,cross_same_variable,0,461,694
0154_2.jpg,0237_3.jpg,154,237,2,3,cross_same_variable,0,461,734
0154_2.jpg,0239_3.jpg,154,239,2,3,cross_same_variable,0,461,742
0154_2.jpg,0248_3.jpg,154,248,2,3,cross_same_variable,0,461,778
0154_2.jpg,0266_3.jpg,154,266,2,3,cross_same_variable,0,461,846
0154_2.jpg,0271_3.jpg,154,271,2,3,cross_same_variable,0,461,866
0154_2.jpg,0279_3.jpg,154,279,2,3,cross_same_variable,0,461,894
0154_2.jpg,0282_3.jpg,154,282,2,3,cross_same_variable,0,461,902
0161_2.jpg,0006_3.jpg,161,6,2,3,cross_same_variable,0,489,18
0161_2.jpg,0012_3.jpg,161,12,2,3,cross_same_variable,0,489,42
0161_2.jpg,0015_3.jpg,161,15,2,3,cross_same_variable,0,489,46
0161_2.jpg,0018_3.jpg,161,18,2,3,cross_same_variable,0,489,50
0161_2.jpg,0035_3.jpg,161,35,2,3,cross_same_variable,0,489,110
0161_2.jpg,0042_3.jpg,161,42,2,3,cross_same_variable,0,489,126
0161_2.jpg,0043_3.jpg,161,43,2,3,cross_same_variable,0,489,130
0161_2.jpg,0060_3.jpg,161,60,2,3,cross_same_variable,0,489,174
0161_2.jpg,0066_3.jpg,161,66,2,3,cross_same_variable,0,489,194
0161_2.jpg,0067_3.jpg,161,67,2,3,cross_same_variable,0,489,198
0161_2.jpg,0079_3.jpg,161,79,2,3,cross_same_variable,0,489,242
0161_2.jpg,0086_3.jpg,161,86,2,3,cross_same_variable,0,489,258
0161_2.jpg,0087_3.jpg,161,87,2,3,cross_same_variable,0,489,262
0161_2.jpg,0089_3.jpg,161,89,2,3,cross_same_variable,0,489,266
0161_2.jpg,0091_3.jpg,161,91,2,3,cross_same_variable,0,489,274
0161_2.jpg,0093_3.jpg,161,93,2,3,cross_same_variable,0,489,282
0161_2.jpg,0106_3.jpg,161,106,2,3,cross_same_variable,0,489,326
0161_2.jpg,0109_3.jpg,161,109,2,3,cross_same_variable,0,489,334
0161_2.jpg,0114_3.jpg,161,114,2,3,cross_same_variable,0,489,342
0161_2.jpg,0130_3.jpg,161,130,2,3,cross_same_variable,0,489,390
0161_2.jpg,0132_3.jpg,161,132,2,3,cross_same_variable,0,489,398
0161_2.jpg,0148_3.jpg,161,148,2,3,cross_same_variable,0,489,446
0161_2.jpg,0154_3.jpg,161,154,2,3,cross_same_variable,0,489,462
0161_2.jpg,0161_3.jpg,161,161,2,3,cross_same_variable,1,489,490
0161_2.jpg,0200_3.jpg,161,200,2,3,cross_same_variable,0,489,606
0161_2.jpg,0204_3.jpg,161,204,2,3,cross_same_variable,0,489,622
0161_2.jpg,0216_3.jpg,161,216,2,3,cross_same_variable,0,489,666
0161_2.jpg,0219_3.jpg,161,219,2,3,cross_same_variable,0,489,674
0161_2.jpg,0224_3.jpg,161,224,2,3,cross_same_variable,0,489,694
0161_2.jpg,0237_3.jpg,161,237,2,3,cross_same_variable,0,489,734
0161_2.jpg,0239_3.jpg,161,239,2,3,cross_same_variable,0,489,742
0161_2.jpg,0248_3.jpg,161,248,2,3,cross_same_variable,0,489,778
0161_2.jpg,0266_3.jpg,161,266,2,3,cross_same_variable,0,489,846
0161_2.jpg,0271_3.jpg,161,271,2,3,cross_same_variable,0,489,866
0161_2.jpg,0279_3.jpg,161,279,2,3,cross_same_variable,0,489,894
0161_2.jpg,0282_3.jpg,161,282,2,3,cross_same_variable,0,489,902
0200_2.jpg,0006_3.jpg,200,6,2,3,cross_same_variable,0,605,18
0200_2.jpg,0012_3.jpg,200,12,2,3,cross_same_variable,0,605,42
0200_2.jpg,0015_3.jpg,200,15,2,3,cross_same_variable,0,605,46
0200_2.jpg,0018_3.jpg,200,18,2,3,cross_same_variable,0,605,50
0200_2.jpg,0035_3.jpg,200,35,2,3,cross_same_variable,0,605,110
0200_2.jpg,0042_3.jpg,200,42,2,3,cross_same_variable,0,605,126
0200_2.jpg,0043_3.jpg,200,43,2,3,cross_same_variable,0,605,130
0200_2.jpg,0060_3.jpg,200,60,2,3,cross_same_variable,0,605,174
0200_2.jpg,0066_3.jpg,200,66,2,3,cross_same_variable,0,605,194
0200_2.jpg,0067_3.jpg,200,67,2,3,cross_same_variable,0,605,198
0200_2.jpg,0079_3.jpg,200,79,2,3,cross_same_variable,0,605,242
0200_2.jpg,0086_3.jpg,200,86,2,3,cross_same_variable,0,605,258
0200_2.jpg,0087_3.jpg,200,87,2,3,cross_same_variable,0,605,262
0200_2.jpg,0089_3.jpg,200,89,2,3,cross_same_variable,0,605,266
0200_2.jpg,0091_3.jpg,200,91,2,3,cross_same_variable,0,605,274
0200_2.jpg,0093_3.jpg,200,93,2,3,cross_same_variable,0,605,282
0200_2.jpg,0106_3.jpg,200,106,2,3,cross_same_variable,0,605,326
0200_2.jpg,0109_3.jpg,200,109,2,3,cross_same_variable,0,605,334
0200_2.jpg,0114_3.jpg,200,114,2,3,cross_same_variable,0,605,342
0200_2.jpg,0130_3.jpg,200,130,2,3,cross_same_variable,0,605,390
0200_2.jpg,0132_3.jpg,200,132,2,3,cross_same_variable,0,605,398
0200_2.jpg,0148_3.jpg,200,148,2,3,cross_same_variable,0,605,446
0200_2.jpg,0154_3.jpg,200,154,2,3,cross_same_variable,0,605,462
0200_2.jpg,0161_3.jpg,200,161,2,3,cross_same_variable,0,605,490
0200_2.jpg,0200_3.jpg,200,200,2,3,cross_same_variable,1,605,606
0200_2.jpg,0204_3.jpg,200,204,2,3,cross_same_variable,0,605,622
0200_2.jpg,0216_3.jpg,200,216,2,3,cross_same_variable,0,605,666
0200_2.jpg,0219_3.jpg,200,219,2,3,cross_same_variable,0,605,674
0200_2.jpg,0224_3.jpg,200,224,2,3,cross_same_variable,0,605,694
0200_2.jpg,0237_3.jpg,200,237,2,3,cross_same_variable,0,605,734
0200_2.jpg,0239_3.jpg,200,239,2,3,cross_same_variable,0,605,742
0200_2.jpg,0248_3.jpg,200,248,2,3,cross_same_variable,0,605,778
0200_2.jpg,0266_3.jpg,200,266,2,3,cross_same_variable,0,605,846
0200_2.jpg,0271_3.jpg,200,271,2,3,cross_same_variable,0,605,866
0200_2.jpg,0279_3.jpg,200,279,2,3,cross_same_variable,0,605,894
0200_2.jpg,0282_3.jpg,200,282,2,3,cross_same_variable,0,605,902
0204_2.jpg,0006_3.jpg,204,6,2,3,cross_same_variable,0,621,18
0204_2.jpg,0012_3.jpg,204,12,2,3,cross_same_variable,0,621,42
0204_2.jpg,0015_3.jpg,204,15,2,3,cross_same_variable,0,621,46
0204_2.jpg,0018_3.jpg,204,18,2,3,cross_same_variable,0,621,50
0204_2.jpg,0035_3.jpg,204,35,2,3,cross_same_variable,0,621,110
0204_2.jpg,0042_3.jpg,204,42,2,3,cross_same_variable,0,621,126
0204_2.jpg,0043_3.jpg,204,43,2,3,cross_same_variable,0,621,130
0204_2.jpg,0060_3.jpg,204,60,2,3,cross_same_variable,0,621,174
0204_2.jpg,0066_3.jpg,204,66,2,3,cross_same_variable,0,621,194
0204_2.jpg,0067_3.jpg,204,67,2,3,cross_same_variable,0,621,198
0204_2.jpg,0079_3.jpg,204,79,2,3,cross_same_variable,0,621,242
0204_2.jpg,0086_3.jpg,204,86,2,3,cross_same_variable,0,621,258
0204_2.jpg,0087_3.jpg,204,87,2,3,cross_same_variable,0,621,262
0204_2.jpg,0089_3.jpg,204,89,2,3,cross_same_variable,0,621,266
0204_2.jpg,0091_3.jpg,204,91,2,3,cross_same_variable,0,621,274
0204_2.jpg,0093_3.jpg,204,93,2,3,cross_same_variable,0,621,282
0204_2.jpg,0106_3.jpg,204,106,2,3,cross_same_variable,0,621,326
0204_2.jpg,0109_3.jpg,204,109,2,3,cross_same_variable,0,621,334
0204_2.jpg,0114_3.jpg,204,114,2,3,cross_same_variable,0,621,342
0204_2.jpg,0130_3.jpg,204,130,2,3,cross_same_variable,0,621,390
0204_2.jpg,0132_3.jpg,204,132,2,3,cross_same_variable,0,621,398
0204_2.jpg,0148_3.jpg,204,148,2,3,cross_same_variable,0,621,446
0204_2.jpg,0154_3.jpg,204,154,2,3,cross_same_variable,0,621,462
0204_2.jpg,0161_3.jpg,204,161,2,3,cross_same_variable,0,621,490
0204_2.jpg,0200_3.jpg,204,200,2,3,cross_same_variable,0,621,606
0204_2.jpg,0204_3.jpg,204,204,2,3,cross_same_variable,1,621,622
0204_2.jpg,0216_3.jpg,204,216,2,3,cross_same_variable,0,621,666
0204_2.jpg,0219_3.jpg,204,219,2,3,cross_same_variable,0,621,674
0204_2.jpg,0224_3.jpg,204,224,2,3,cross_same_variable,0,621,694
0204_2.jpg,0237_3.jpg,204,237,2,3,cross_same_variable,0,621,734
0204_2.jpg,0239_3.jpg,204,239,2,3,cross_same_variable,0,621,742
0204_2.jpg,0248_3.jpg,204,248,2,3,cross_same_variable,0,621,778
0204_2.jpg,0266_3.jpg,204,266,2,3,cross_same_variable,0,621,846
0204_2.jpg,0271_3.jpg,204,271,2,3,cross_same_variable,0,621,866
0204_2.jpg,0279_3.jpg,204,279,2,3,cross_same_variable,0,621,894
0204_2.jpg,0282_3.jpg,204,282,2,3,cross_same_variable,0,621,902
0216_2.jpg,0006_3.jpg,216,6,2,3,cross_same_variable,0,665,18
0216_2.jpg,0012_3.jpg,216,12,2,3,cross_same_variable,0,665,42
0216_2.jpg,0015_3.jpg,216,15,2,3,cross_same_variable,0,665,46
0216_2.jpg,0018_3.jpg,216,18,2,3,cross_same_variable,0,665,50
0216_2.jpg,0035_3.jpg,216,35,2,3,cross_same_variable,0,665,110
0216_2.jpg,0042_3.jpg,216,42,2,3,cross_same_variable,0,665,126
0216_2.jpg,0043_3.jpg,216,43,2,3,cross_same_variable,0,665,130
0216_2.jpg,0060_3.jpg,216,60,2,3,cross_same_variable,0,665,174
0216_2.jpg,0066_3.jpg,216,66,2,3,cross_same_variable,0,665,194
0216_2.jpg,0067_3.jpg,216,67,2,3,cross_same_variable,0,665,198
0216_2.jpg,0079_3.jpg,216,79,2,3,cross_same_variable,0,665,242
0216_2.jpg,0086_3.jpg,216,86,2,3,cross_same_variable,0,665,258
0216_2.jpg,0087_3.jpg,216,87,2,3,cross_same_variable,0,665,262
0216_2.jpg,0089_3.jpg,216,89,2,3,cross_same_variable,0,665,266
0216_2.jpg,0091_3.jpg,216,91,2,3,cross_same_variable,0,665,274
0216_2.jpg,0093_3.jpg,216,93,2,3,cross_same_variable,0,665,282
0216_2.jpg,0106_3.jpg,216,106,2,3,cross_same_variable,0,665,326
0216_2.jpg,0109_3.jpg,216,109,2,3,cross_same_variable,0,665,334
0216_2.jpg,0114_3.jpg,216,114,2,3,cross_same_variable,0,665,342
0216_2.jpg,0130_3.jpg,216,130,2,3,cross_same_variable,0,665,390
0216_2.jpg,0132_3.jpg,216,132,2,3,cross_same_variable,0,665,398
0216_2.jpg,0148_3.jpg,216,148,2,3,cross_same_variable,0,665,446
0216_2.jpg,0154_3.jpg,216,154,2,3,cross_same_variable,0,665,462
0216_2.jpg,0161_3.jpg,216,161,2,3,cross_same_variable,0,665,490
0216_2.jpg,0200_3.jpg,216,200,2,3,cross_same_variable,0,665,606
0216_2.jpg,0204_3.jpg,216,204,2,3,cross_same_variable,0,665,622
0216_2.jpg,0216_3.jpg,216,216,2,3,cross_same_variable,1,665,666
0216_2.jpg,0219_3.jpg,216,219,2,3,cross_same_variable,0,665,674
0216_2.jpg,0224_3.jpg,216,224,2,3,cross_same_variable,0,665,694
0216_2.jpg,0237_3.jpg,216,237,2,3,cross_same_variable,0,665,734
0216_2.jpg,0239_3.jpg,216,239,2,3,cross_same_variable,0,665,742
0216_2.jpg,0248_3.jpg,216,248,2,3,cross_same_variable,0,665,778
0216_2.jpg,0266_3.jpg,216,266,2,3,cross_same_variable,0,665,846
0216_2.jpg,0271_3.jpg,216,271,2,3,cross_same_variable,0,665,866
0216_2.jpg,0279_3.jpg,216,279,2,3,cross_same_variable,0,665,894
0216_2.jpg,0282_3.jpg,216,282,2,3,cross_same_variable,0,665,902
0219_2.jpg,0006_3.jpg,219,6,2,3,cross_same_variable,0,673,18
0219_2.jpg,0012_3.jpg,219,12,2,3,cross_same_variable,0,673,42
0219_2.jpg,0015_3.jpg,219,15,2,3,cross_same_variable,0,673,46
0219_2.jpg,0018_3.jpg,219,18,2,3,cross_same_variable,0,673,50
0219_2.jpg,0035_3.jpg,219,35,2,3,cross_same_variable,0,673,110
0219_2.jpg,0042_3.jpg,219,42,2,3,cross_same_variable,0,673,126
0219_2.jpg,0043_3.jpg,219,43,2,3,cross_same_variable,0,673,130
0219_2.jpg,0060_3.jpg,219,60,2,3,cross_same_variable,0,673,174
0219_2.jpg,0066_3.jpg,219,66,2,3,cross_same_variable,0,673,194
0219_2.jpg,0067_3.jpg,219,67,2,3,cross_same_variable,0,673,198
0219_2.jpg,0079_3.jpg,219,79,2,3,cross_same_variable,0,673,242
0219_2.jpg,0086_3.jpg,219,86,2,3,cross_same_variable,0,673,258
0219_2.jpg,0087_3.jpg,219,87,2,3,cross_same_variable,0,673,262
0219_2.jpg,0089_3.jpg,219,89,2,3,cross_same_variable,0,673,266
0219_2.jpg,0091_3.jpg,219,91,2,3,cross_same_variable,0,673,274
0219_2.jpg,0093_3.jpg,219,93,2,3,cross_same_variable,0,673,282
0219_2.jpg,0106_3.jpg,219,106,2,3,cross_same_variable,0,673,326
0219_2.jpg,0109_3.jpg,219,109,2,3,cross_same_variable,0,673,334
0219_2.jpg,0114_3.jpg,219,114,2,3,cross_same_variable,0,673,342
0219_2.jpg,0130_3.jpg,219,130,2,3,cross_same_variable,0,673,390
0219_2.jpg,0132_3.jpg,219,132,2,3,cross_same_variable,0,673,398
0219_2.jpg,0148_3.jpg,219,148,2,3,cross_same_variable,0,673,446
0219_2.jpg,0154_3.jpg,219,154,2,3,cross_same_variable,0,673,462
0219_2.jpg,0161_3.jpg,219,161,2,3,cross_same_variable,0,673,490
0219_2.jpg,0200_3.jpg,219,200,2,3,cross_same_variable,0,673,606
0219_2.jpg,0204_3.jpg,219,204,2,3,cross_same_variable,0,673,622
0219_2.jpg,0216_3.jpg,219,216,2,3,cross_same_variable,0,673,666
0219_2.jpg,0219_3.jpg,219,219,2,3,cross_same_variable,1,673,674
0219_2.jpg,0224_3.jpg,219,224,2,3,cross_same_variable,0,673,694
0219_2.jpg,0237_3.jpg,219,237,2,3,cross_same_variable,0,673,734
0219_2.jpg,0239_3.jpg,219,239,2,3,cross_same_variable,0,673,742
0219_2.jpg,0248_3.jpg,219,248,2,3,cross_same_variable,0,673,778
0219_2.jpg,0266_3.jpg,219,266,2,3,cross_same_variable,0,673,846
0219_2.jpg,0271_3.jpg,219,271,2,3,cross_same_variable,0,673,866
0219_2.jpg,0279_3.jpg,219,279,2,3,cross_same_variable,0,673,894
0219_2.jpg,0282_3.jpg,219,282,2,3,cross_same_variable,0,673,902
0224_2.jpg,0006_3.jpg,224,6,2,3,cross_same_variable,0,693,18
0224_2.jpg,0012_3.jpg,224,12,2,3,cross_same_variable,0,693,42
0224_2.jpg,0015_3.jpg,224,15,2,3,cross_same_variable,0,693,46
0224_2.jpg,0018_3.jpg,224,18,2,3,cross_same_variable,0,693,50
0224_2.jpg,0035_3.jpg,224,35,2,3,cross_same_variable,0,693,110
0224_2.jpg,0042_3.jpg,224,42,2,3,cross_same_variable,0,693,126
0224_2.jpg,0043_3.jpg,224,43,2,3,cross_same_variable,0,693,130
0224_2.jpg,0060_3.jpg,224,60,2,3,cross_same_variable,0,693,174
0224_2.jpg,0066_3.jpg,224,66,2,3,cross_same_variable,0,693,194
0224_2.jpg,0067_3.jpg,224,67,2,3,cross_same_variable,0,693,198
0224_2.jpg,0079_3.jpg,224,79,2,3,cross_same_variable,0,693,242
0224_2.jpg,0086_3.jpg,224,86,2,3,cross_same_variable,0,693,258
0224_2.jpg,0087_3.jpg,224,87,2,3,cross_same_variable,0,693,262
0224_2.jpg,0089_3.jpg,224,89,2,3,cross_same_variable,0,693,266
0224_2.jpg,0091_3.jpg,224,91,2,3,cross_same_variable,0,693,274
0224_2.jpg,0093_3.jpg,224,93,2,3,cross_same_variable,0,693,282
0224_2.jpg,0106_3.jpg,224,106,2,3,cross_same_variable,0,693,326
0224_2.jpg,0109_3.jpg,224,109,2,3,cross_same_variable,0,693,334
0224_2.jpg,0114_3.jpg,224,114,2,3,cross_same_variable,0,693,342
0224_2.jpg,0130_3.jpg,224,130,2,3,cross_same_variable,0,693,390
0224_2.jpg,0132_3.jpg,224,132,2,3,cross_same_variable,0,693,398
0224_2.jpg,0148_3.jpg,224,148,2,3,cross_same_variable,0,693,446
0224_2.jpg,0154_3.jpg,224,154,2,3,cross_same_variable,0,693,462
0224_2.jpg,0161_3.jpg,224,161,2,3,cross_same_variable,0,693,490
0224_2.jpg,0200_3.jpg,224,200,2,3,cross_same_variable,0,693,606
0224_2.jpg,0204_3.jpg,224,204,2,3,cross_same_variable,0,693,622
0224_2.jpg,0216_3.jpg,224,216,2,3,cross_same_variable,0,693,666
0224_2.jpg,0219_3.jpg,224,219,2,3,cross_same_variable,0,693,674
0224_2.jpg,0224_3.jpg,224,224,2,3,cross_same_variable,1,693,694
0224_2.jpg,0237_3.jpg,224,237,2,3,cross_same_variable,0,693,734
0224_2.jpg,0239_3.jpg,224,239,2,3,cross_same_variable,0,693,742
0224_2.jpg,0248_3.jpg,224,248,2,3,cross_same_variable,0,693,778
0224_2.jpg,0266_3.jpg,224,266,2,3,cross_same_variable,0,693,846
0224_2.jpg,0271_3.jpg,224,271,2,3,cross_same_variable,0,693,866
0224_2.jpg,0279_3.jpg,224,279,2,3,cross_same_variable,0,693,894
0224_2.jpg,0282_3.jpg,224,282,2,3,cross_same_variable,0,693,902
0237_2.jpg,0006_3.jpg,237,6,2,3,cross_same_variable,0,733,18
0237_2.jpg,0012_3.jpg,237,12,2,3,cross_same_variable,0,733,42
0237_2.jpg,0015_3.jpg,237,15,2,3,cross_same_variable,0,733,46
0237_2.jpg,0018_3.jpg,237,18,2,3,cross_same_variable,0,733,50
0237_2.jpg,0035_3.jpg,237,35,2,3,cross_same_variable,0,733,110
0237_2.jpg,0042_3.jpg,237,42,2,3,cross_same_variable,0,733,126
0237_2.jpg,0043_3.jpg,237,43,2,3,cross_same_variable,0,733,130
0237_2.jpg,0060_3.jpg,237,60,2,3,cross_same_variable,0,733,174
0237_2.jpg,0066_3.jpg,237,66,2,3,cross_same_variable,0,733,194
0237_2.jpg,0067_3.jpg,237,67,2,3,cross_same_variable,0,733,198
0237_2.jpg,0079_3.jpg,237,79,2,3,cross_same_variable,0,733,242
0237_2.jpg,0086_3.jpg,237,86,2,3,cross_same_variable,0,733,258
0237_2.jpg,0087_3.jpg,237,87,2,3,cross_same_variable,0,733,262
0237_2.jpg,0089_3.jpg,237,89,2,3,cross_same_variable,0,733,266
0237_2.jpg,0091_3.jpg,237,91,2,3,cross_same_variable,0,733,274
0237_2.jpg,0093_3.jpg,237,93,2,3,cross_same_variable,0,733,282
0237_2.jpg,0106_3.jpg,237,106,2,3,cross_same_variable,0,733,326
0237_2.jpg,0109_3.jpg,237,109,2,3,cross_same_variable,0,733,334
0237_2.jpg,0114_3.jpg,237,114,2,3,cross_same_variable,0,733,342
0237_2.jpg,0130_3.jpg,237,130,2,3,cross_same_variable,0,733,390
0237_2.jpg,0132_3.jpg,237,132,2,3,cross_same_variable,0,733,398
0237_2.jpg,0148_3.jpg,237,148,2,3,cross_same_variable,0,733,446
0237_2.jpg,0154_3.jpg,237,154,2,3,cross_same_variable,0,733,462
0237_2.jpg,0161_3.jpg,237,161,2,3,cross_same_variable,0,733,490
0237_2.jpg,0200_3.jpg,237,200,2,3,cross_same_variable,0,733,606
0237_2.jpg,0204_3.jpg,237,204,2,3,cross_same_variable,0,733,622
0237_2.jpg,0216_3.jpg,237,216,2,3,cross_same_variable,0,733,666
0237_2.jpg,0219_3.jpg,237,219,2,3,cross_same_variable,0,733,674
0237_2.jpg,0224_3.jpg,237,224,2,3,cross_same_variable,0,733,694
0237_2.jpg,0237_3.jpg,237,237,2,3,cross_same_variable,1,733,734
0237_2.jpg,0239_3.jpg,237,239,2,3,cross_same_variable,0,733,742
0237_2.jpg,0248_3.jpg,237,248,2,3,cross_same_variable,0,733,778
0237_2.jpg,0266_3.jpg,237,266,2,3,cross_same_variable,0,733,846
0237_2.jpg,0271_3.jpg,237,271,2,3,cross_same_variable,0,733,866
0237_2.jpg,0279_3.jpg,237,279,2,3,cross_same_variable,0,733,894
0237_2.jpg,0282_3.jpg,237,282,2,3,cross_same_variable,0,733,902
0239_2.jpg,0006_3.jpg,239,6,2,3,cross_same_variable,0,741,18
0239_2.jpg,0012_3.jpg,239,12,2,3,cross_same_variable,0,741,42
0239_2.jpg,0015_3.jpg,239,15,2,3,cross_same_variable,0,741,46
0239_2.jpg,0018_3.jpg,239,18,2,3,cross_same_variable,0,741,50
0239_2.jpg,0035_3.jpg,239,35,2,3,cross_same_variable,0,741,110
0239_2.jpg,0042_3.jpg,239,42,2,3,cross_same_variable,0,741,126
0239_2.jpg,0043_3.jpg,239,43,2,3,cross_same_variable,0,741,130
0239_2.jpg,0060_3.jpg,239,60,2,3,cross_same_variable,0,741,174
0239_2.jpg,0066_3.jpg,239,66,2,3,cross_same_variable,0,741,194
0239_2.jpg,0067_3.jpg,239,67,2,3,cross_same_variable,0,741,198
0239_2.jpg,0079_3.jpg,239,79,2,3,cross_same_variable,0,741,242
0239_2.jpg,0086_3.jpg,239,86,2,3,cross_same_variable,0,741,258
0239_2.jpg,0087_3.jpg,239,87,2,3,cross_same_variable,0,741,262
0239_2.jpg,0089_3.jpg,239,89,2,3,cross_same_variable,0,741,266
0239_2.jpg,0091_3.jpg,239,91,2,3,cross_same_variable,0,741,274
0239_2.jpg,0093_3.jpg,239,93,2,3,cross_same_variable,0,741,282
0239_2.jpg,0106_3.jpg,239,106,2,3,cross_same_variable,0,741,326
0239_2.jpg,0109_3.jpg,239,109,2,3,cross_same_variable,0,741,334
0239_2.jpg,0114_3.jpg,239,114,2,3,cross_same_variable,0,741,342
0239_2.jpg,0130_3.jpg,239,130,2,3,cross_same_variable,0,741,390
0239_2.jpg,0132_3.jpg,239,132,2,3,cross_same_variable,0,741,398
0239_2.jpg,0148_3.jpg,239,148,2,3,cross_same_variable,0,741,446
0239_2.jpg,0154_3.jpg,239,154,2,3,cross_same_variable,0,741,462
0239_2.jpg,0161_3.jpg,239,161,2,3,cross_same_variable,0,741,490
0239_2.jpg,0200_3.jpg,239,200,2,3,cross_same_variable,0,741,606
0239_2.jpg,0204_3.jpg,239,204,2,3,cross_same_variable,0,741,622
0239_2.jpg,0216_3.jpg,239,216,2,3,cross_same_variable,0,741,666
0239_2.jpg,0219_3.jpg,239,219,2,3,cross_same_variable,0,741,674
0239_2.jpg,0224_3.jpg,239,224,2,3,cross_same_variable,0,741,694
0239_2.jpg,0237_3.jpg,239,237,2,3,cross_same_variable,0,741,734
0239_2.jpg,0239_3.jpg,239,239,2,3,cross_same_variable,1,741,742
0239_2.jpg,0248_3.jpg,239,248,2,3,cross_same_variable,0,741,778
0239_2.jpg,0266_3.jpg,239,266,2,3,cross_same_variable,0,741,846
0239_2.jpg,0271_3.jpg,239,271,2,3,cross_same_variable,0,741,866
0239_2.jpg,0279_3.jpg,239,279,2,3,cross_same_variable,0,741,894
0239_2.jpg,0282_3.jpg,239,282,2,3,cross_same_variable,0,741,902
0248_2.jpg,0006_3.jpg,248,6,2,3,cross_same_variable,0,777,18
0248_2.jpg,0012_3.jpg,248,12,2,3,cross_same_variable,0,777,42
0248_2.jpg,0015_3.jpg,248,15,2,3,cross_same_variable,0,777,46
0248_2.jpg,0018_3.jpg,248,18,2,3,cross_same_variable,0,777,50
0248_2.jpg,0035_3.jpg,248,35,2,3,cross_same_variable,0,777,110
0248_2.jpg,0042_3.jpg,248,42,2,3,cross_same_variable,0,777,126
0248_2.jpg,0043_3.jpg,248,43,2,3,cross_same_variable,0,777,130
0248_2.jpg,0060_3.jpg,248,60,2,3,cross_same_variable,0,777,174
0248_2.jpg,0066_3.jpg,248,66,2,3,cross_same_variable,0,777,194
0248_2.jpg,0067_3.jpg,248,67,2,3,cross_same_variable,0,777,198
0248_2.jpg,0079_3.jpg,248,79,2,3,cross_same_variable,0,777,242
0248_2.jpg,0086_3.jpg,248,86,2,3,cross_same_variable,0,777,258
0248_2.jpg,0087_3.jpg,248,87,2,3,cross_same_variable,0,777,262
0248_2.jpg,0089_3.jpg,248,89,2,3,cross_same_variable,0,777,266
0248_2.jpg,0091_3.jpg,248,91,2,3,cross_same_variable,0,777,274
0248_2.jpg,0093_3.jpg,248,93,2,3,cross_same_variable,0,777,282
0248_2.jpg,0106_3.jpg,248,106,2,3,cross_same_variable,0,777,326
0248_2.jpg,0109_3.jpg,248,109,2,3,cross_same_variable,0,777,334
0248_2.jpg,0114_3.jpg,248,114,2,3,cross_same_variable,0,777,342
0248_2.jpg,0130_3.jpg,248,130,2,3,cross_same_variable,0,777,390
0248_2.jpg,0132_3.jpg,248,132,2,3,cross_same_variable,0,777,398
0248_2.jpg,0148_3.jpg,248,148,2,3,cross_same_variable,0,777,446
0248_2.jpg,0154_3.jpg,248,154,2,3,cross_same_variable,0,777,462
0248_2.jpg,0161_3.jpg,248,161,2,3,cross_same_variable,0,777,490
0248_2.jpg,0200_3.jpg,248,200,2,3,cross_same_variable,0,777,606
0248_2.jpg,0204_3.jpg,248,204,2,3,cross_same_variable,0,777,622
0248_2.jpg,0216_3.jpg,248,216,2,3,cross_same_variable,0,777,666
0248_2.jpg,0219_3.jpg,248,219,2,3,cross_same_variable,0,777,674
0248_2.jpg,0224_3.jpg,248,224,2,3,cross_same_variable,0,777,694
0248_2.jpg,0237_3.jpg,248,237,2,3,cross_same_variable,0,777,734
0248_2.jpg,0239_3.jpg,248,239,2,3,cross_same_variable,0,777,742
0248_2.jpg,0248_3.jpg,248,248,2,3,cross_same_variable,1,777,778
0248_2.jpg,0266_3.jpg,248,266,2,3,cross_same_variable,0,777,846
0248_2.jpg,0271_3.jpg,248,271,2,3,cross_same_variable,0,777,866
0248_2.jpg,0279_3.jpg,248,279,2,3,cross_same_variable,0,777,894
0248_2.jpg,0282_3.jpg,248,282,2,3,cross_same_variable,0,777,902
0266_2.jpg,0006_3.jpg,266,6,2,3,cross_same_variable,0,845,18
0266_2.jpg,0012_3.jpg,266,12,2,3,cross_same_variable,0,845,42
0266_2.jpg,0015_3.jpg,266,15,2,3,cross_same_variable,0,845,46
0266_2.jpg,0018_3.jpg,266,18,2,3,cross_same_variable,0,845,50
0266_2.jpg,0035_3.jpg,266,35,2,3,cross_same_variable,0,845,110
0266_2.jpg,0042_3.jpg,266,42,2,3,cross_same_variable,0,845,126
0266_2.jpg,0043_3.jpg,266,43,2,3,cross_same_variable,0,845,130
0266_2.jpg,0060_3.jpg,266,60,2,3,cross_same_variable,0,845,174
0266_2.jpg,0066_3.jpg,266,66,2,3,cross_same_variable,0,845,194
0266_2.jpg,0067_3.jpg,266,67,2,3,cross_same_variable,0,845,198
0266_2.jpg,0079_3.jpg,266,79,2,3,cross_same_variable,0,845,242
0266_2.jpg,0086_3.jpg,266,86,2,3,cross_same_variable,0,845,258
0266_2.jpg,0087_3.jpg,266,87,2,3,cross_same_variable,0,845,262
0266_2.jpg,0089_3.jpg,266,89,2,3,cross_same_variable,0,845,266
0266_2.jpg,0091_3.jpg,266,91,2,3,cross_same_variable,0,845,274
0266_2.jpg,0093_3.jpg,266,93,2,3,cross_same_variable,0,845,282
0266_2.jpg,0106_3.jpg,266,106,2,3,cross_same_variable,0,845,326
0266_2.jpg,0109_3.jpg,266,109,2,3,cross_same_variable,0,845,334
0266_2.jpg,0114_3.jpg,266,114,2,3,cross_same_variable,0,845,342
0266_2.jpg,0130_3.jpg,266,130,2,3,cross_same_variable,0,845,390
0266_2.jpg,0132_3.jpg,266,132,2,3,cross_same_variable,0,845,398
0266_2.jpg,0148_3.jpg,266,148,2,3,cross_same_variable,0,845,446
0266_2.jpg,0154_3.jpg,266,154,2,3,cross_same_variable,0,845,462
0266_2.jpg,0161_3.jpg,266,161,2,3,cross_same_variable,0,845,490
0266_2.jpg,0200_3.jpg,266,200,2,3,cross_same_variable,0,845,606
0266_2.jpg,0204_3.jpg,266,204,2,3,cross_same_variable,0,845,622
0266_2.jpg,0216_3.jpg,266,216,2,3,cross_same_variable,0,845,666
0266_2.jpg,0219_3.jpg,266,219,2,3,cross_same_variable,0,845,674
0266_2.jpg,0224_3.jpg,266,224,2,3,cross_same_variable,0,845,694
0266_2.jpg,0237_3.jpg,266,237,2,3,cross_same_variable,0,845,734
0266_2.jpg,0239_3.jpg,266,239,2,3,cross_same_variable,0,845,742
0266_2.jpg,0248_3.jpg,266,248,2,3,cross_same_variable,0,845,778
0266_2.jpg,0266_3.jpg,266,266,2,3,cross_same_variable,1,845,846
0266_2.jpg,0271_3.jpg,266,271,2,3,cross_same_variable,0,845,866
0266_2.jpg,0279_3.jpg,266,279,2,3,cross_same_variable,0,845,894
0266_2.jpg,0282_3.jpg,266,282,2,3,cross_same_variable,0,845,902
0271_2.jpg,0006_3.jpg,271,6,2,3,cross_same_variable,0,865,18
0271_2.jpg,0012_3.jpg,271,12,2,3,cross_same_variable,0,865,42
0271_2.jpg,0015_3.jpg,271,15,2,3,cross_same_variable,0,865,46
0271_2.jpg,0018_3.jpg,271,18,2,3,cross_same_variable,0,865,50
0271_2.jpg,0035_3.jpg,271,35,2,3,cross_same_variable,0,865,110
0271_2.jpg,0042_3.jpg,271,42,2,3,cross_same_variable,0,865,126
0271_2.jpg,0043_3.jpg,271,43,2,3,cross_same_variable,0,865,130
0271_2.jpg,0060_3.jpg,271,60,2,3,cross_same_variable,0,865,174
0271_2.jpg,0066_3.jpg,271,66,2,3,cross_same_variable,0,865,194
0271_2.jpg,0067_3.jpg,271,67,2,3,cross_same_variable,0,865,198
0271_2.jpg,0079_3.jpg,271,79,2,3,cross_same_variable,0,865,242
0271_2.jpg,0086_3.jpg,271,86,2,3,cross_same_variable,0,865,258
0271_2.jpg,0087_3.jpg,271,87,2,3,cross_same_variable,0,865,262
0271_2.jpg,0089_3.jpg,271,89,2,3,cross_same_variable,0,865,266
0271_2.jpg,0091_3.jpg,271,91,2,3,cross_same_variable,0,865,274
0271_2.jpg,0093_3.jpg,271,93,2,3,cross_same_variable,0,865,282
0271_2.jpg,0106_3.jpg,271,106,2,3,cross_same_variable,0,865,326
0271_2.jpg,0109_3.jpg,271,109,2,3,cross_same_variable,0,865,334
0271_2.jpg,0114_3.jpg,271,114,2,3,cross_same_variable,0,865,342
0271_2.jpg,0130_3.jpg,271,130,2,3,cross_same_variable,0,865,390
0271_2.jpg,0132_3.jpg,271,132,2,3,cross_same_variable,0,865,398
0271_2.jpg,0148_3.jpg,271,148,2,3,cross_same_variable,0,865,446
0271_2.jpg,0154_3.jpg,271,154,2,3,cross_same_variable,0,865,462
0271_2.jpg,0161_3.jpg,271,161,2,3,cross_same_variable,0,865,490
0271_2.jpg,0200_3.jpg,271,200,2,3,cross_same_variable,0,865,606
0271_2.jpg,0204_3.jpg,271,204,2,3,cross_same_variable,0,865,622
0271_2.jpg,0216_3.jpg,271,216,2,3,cross_same_variable,0,865,666
0271_2.jpg,0219_3.jpg,271,219,2,3,cross_same_variable,0,865,674
0271_2.jpg,0224_3.jpg,271,224,2,3,cross_same_variable,0,865,694
0271_2.jpg,0237_3.jpg,271,237,2,3,cross_same_variable,0,865,734
0271_2.jpg,0239_3.jpg,271,239,2,3,cross_same_variable,0,865,742
0271_2.jpg,0248_3.jpg,271,248,2,3,cross_same_variable,0,865,778
0271_2.jpg,0266_3.jpg,271,266,2,3,cross_same_variable,0,865,846
0271_2.jpg,0271_3.jpg,271,271,2,3,cross_same_variable,1,865,866
0271_2.jpg,0279_3.jpg,271,279,2,3,cross_same_variable,0,865,894
0271_2.jpg,0282_3.jpg,271,282,2,3,cross_same_variable,0,865,902
0279_2.jpg,0006_3.jpg,279,6,2,3,cross_same_variable,0,893,18
0279_2.jpg,0012_3.jpg,279,12,2,3,cross_same_variable,0,893,42
0279_2.jpg,0015_3.jpg,279,15,2,3,cross_same_variable,0,893,46
0279_2.jpg,0018_3.jpg,279,18,2,3,cross_same_variable,0,893,50
0279_2.jpg,0035_3.jpg,279,35,2,3,cross_same_variable,0,893,110
0279_2.jpg,0042_3.jpg,279,42,2,3,cross_same_variable,0,893,126
0279_2.jpg,0043_3.jpg,279,43,2,3,cross_same_variable,0,893,130
0279_2.jpg,0060_3.jpg,279,60,2,3,cross_same_variable,0,893,174
0279_2.jpg,0066_3.jpg,279,66,2,3,cross_same_variable,0,893,194
0279_2.jpg,0067_3.jpg,279,67,2,3,cross_same_variable,0,893,198
0279_2.jpg,0079_3.jpg,279,79,2,3,cross_same_variable,0,893,242
0279_2.jpg,0086_3.jpg,279,86,2,3,cross_same_variable,0,893,258
0279_2.jpg,0087_3.jpg,279,87,2,3,cross_same_variable,0,893,262
0279_2.jpg,0089_3.jpg,279,89,2,3,cross_same_variable,0,893,266
0279_2.jpg,0091_3.jpg,279,91,2,3,cross_same_variable,0,893,274
0279_2.jpg,0093_3.jpg,279,93,2,3,cross_same_variable,0,893,282
0279_2.jpg,0106_3.jpg,279,106,2,3,cross_same_variable,0,893,326
0279_2.jpg,0109_3.jpg,279,109,2,3,cross_same_variable,0,893,334
0279_2.jpg,0114_3.jpg,279,114,2,3,cross_same_variable,0,893,342
0279_2.jpg,0130_3.jpg,279,130,2,3,cross_same_variable,0,893,390
0279_2.jpg,0132_3.jpg,279,132,2,3,cross_same_variable,0,893,398
0279_2.jpg,0148_3.jpg,279,148,2,3,cross_same_variable,0,893,446
0279_2.jpg,0154_3.jpg,279,154,2,3,cross_same_variable,0,893,462
0279_2.jpg,0161_3.jpg,279,161,2,3,cross_same_variable,0,893,490
0279_2.jpg,0200_3.jpg,279,200,2,3,cross_same_variable,0,893,606
0279_2.jpg,0204_3.jpg,279,204,2,3,cross_same_variable,0,893,622
0279_2.jpg,0216_3.jpg,279,216,2,3,cross_same_variable,0,893,666
0279_2.jpg,0219_3.jpg,279,219,2,3,cross_same_variable,0,893,674
0279_2.jpg,0224_3.jpg,279,224,2,3,cross_same_variable,0,893,694
0279_2.jpg,0237_3.jpg,279,237,2,3,cross_same_variable,0,893,734
0279_2.jpg,0239_3.jpg,279,239,2,3,cross_same_variable,0,893,742
0279_2.jpg,0248_3.jpg,279,248,2,3,cross_same_variable,0,893,778
0279_2.jpg,0266_3.jpg,279,266,2,3,cross_same_variable,0,893,846
0279_2.jpg,0271_3.jpg,279,271,2,3,cross_same_variable,0,893,866
0279_2.jpg,0279_3.jpg,279,279,2,3,cross_same_variable,1,893,894
0279_2.jpg,0282_3.jpg,279,282,2,3,cross_same_variable,0,893,902
0282_2.jpg,0006_3.jpg,282,6,2,3,cross_same_variable,0,901,18
0282_2.jpg,0012_3.jpg,282,12,2,3,cross_same_variable,0,901,42
0282_2.jpg,0015_3.jpg,282,15,2,3,cross_same_variable,0,901,46
0282_2.jpg,0018_3.jpg,282,18,2,3,cross_same_variable,0,901,50
0282_2.jpg,0035_3.jpg,282,35,2,3,cross_same_variable,0,901,110
0282_2.jpg,0042_3.jpg,282,42,2,3,cross_same_variable,0,901,126
0282_2.jpg,0043_3.jpg,282,43,2,3,cross_same_variable,0,901,130
0282_2.jpg,0060_3.jpg,282,60,2,3,cross_same_variable,0,901,174
0282_2.jpg,0066_3.jpg,282,66,2,3,cross_same_variable,0,901,194
0282_2.jpg,0067_3.jpg,282,67,2,3,cross_same_variable,0,901,198
0282_2.jpg,0079_3.jpg,282,79,2,3,cross_same_variable,0,901,242
0282_2.jpg,0086_3.jpg,282,86,2,3,cross_same_variable,0,901,258
0282_2.jpg,0087_3.jpg,282,87,2,3,cross_same_variable,0,901,262
0282_2.jpg,0089_3.jpg,282,89,2,3,cross_same_variable,0,901,266
0282_2.jpg,0091_3.jpg,282,91,2,3,cross_same_variable,0,901,274
0282_2.jpg,0093_3.jpg,282,93,2,3,cross_same_variable,0,901,282
0282_2.jpg,0106_3.jpg,282,106,2,3,cross_same_variable,0,901,326
0282_2.jpg,0109_3.jpg,282,109,2,3,cross_same_variable,0,901,334
0282_2.jpg,0114_3.jpg,282,114,2,3,cross_same_variable,0,901,342
0282_2.jpg,0130_3.jpg,282,130,2,3,cross_same_variable,0,901,390
0282_2.jpg,0132_3.jpg,282,132,2,3,cross_same_variable,0,901,398
0282_2.jpg,0148_3.jpg,282,148,2,3,cross_same_variable,0,901,446
0282_2.jpg,0154_3.jpg,282,154,2,3,cross_same_variable,0,901,462
0282_2.jpg,0161_3.jpg,282,161,2,3,cross_same_variable,0,901,490
0282_2.jpg,0200_3.jpg,282,200,2,3,cross_same_variable,0,901,606
0282_2.jpg,0204_3.jpg,282,204,2,3,cross_same_variable,0,901,622
0282_2.jpg,0216_3.jpg,282,216,2,3,cross_same_variable,0,901,666
0282_2.jpg,0219_3.jpg,282,219,2,3,cross_same_variable,0,901,674
0282_2.jpg,0224_3.jpg,282,224,2,3,cross_same_variable,0,901,694
0282_2.jpg,0237_3.jpg,282,237,2,3,cross_same_variable,0,901,734
0282_2.jpg,0239_3.jpg,282,239,2,3,cross_same_variable,0,901,742
0282_2.jpg,0248_3.jpg,282,248,2,3,cross_same_variable,0,901,778
0282_2.jpg,0266_3.jpg,282,266,2,3,cross_same_variable,0,901,846
0282_2.jpg,0271_3.jpg,282,271,2,3,cross_same_variable,0,901,866
0282_2.jpg,0279_3.jpg,282,279,2,3,cross_same_variable,0,901,894
0282_2.jpg,0282_3.jpg,282,282,2,3,cross_same_variable,1,901,902
0006_2.jpg,0006_4.jpg,6,6,2,4,cross_same_same,1,17,19
0006_2.jpg,0012_4.jpg,6,12,2,4,cross_same_same,0,17,43
0006_2.jpg,0015_4.jpg,6,15,2,4,cross_same_same,0,17,47
0006_2.jpg,0018_4.jpg,6,18,2,4,cross_same_same,0,17,51
0006_2.jpg,0035_4.jpg,6,35,2,4,cross_same_same,0,17,111
0006_2.jpg,0042_4.jpg,6,42,2,4,cross_same_same,0,17,127
0006_2.jpg,0043_4.jpg,6,43,2,4,cross_same_same,0,17,131
0006_2.jpg,0060_4.jpg,6,60,2,4,cross_same_same,0,17,175
0006_2.jpg,0066_4.jpg,6,66,2,4,cross_same_same,0,17,195
0006_2.jpg,0067_4.jpg,6,67,2,4,cross_same_same,0,17,199
0006_2.jpg,0079_4.jpg,6,79,2,4,cross_same_same,0,17,243
0006_2.jpg,0086_4.jpg,6,86,2,4,cross_same_same,0,17,259
0006_2.jpg,0087_4.jpg,6,87,2,4,cross_same_same,0,17,263
0006_2.jpg,0089_4.jpg,6,89,2,4,cross_same_same,0,17,267
0006_2.jpg,0091_4.jpg,6,91,2,4,cross_same_same,0,17,275
0006_2.jpg,0093_4.jpg,6,93,2,4,cross_same_same,0,17,283
0006_2.jpg,0106_4.jpg,6,106,2,4,cross_same_same,0,17,327
0006_2.jpg,0109_4.jpg,6,109,2,4,cross_same_same,0,17,335
0006_2.jpg,0114_4.jpg,6,114,2,4,cross_same_same,0,17,343
0006_2.jpg,0130_4.jpg,6,130,2,4,cross_same_same,0,17,391
0006_2.jpg,0132_4.jpg,6,132,2,4,cross_same_same,0,17,399
0006_2.jpg,0148_4.jpg,6,148,2,4,cross_same_same,0,17,447
0006_2.jpg,0154_4.jpg,6,154,2,4,cross_same_same,0,17,463
0006_2.jpg,0161_4.jpg,6,161,2,4,cross_same_same,0,17,491
0006_2.jpg,0200_4.jpg,6,200,2,4,cross_same_same,0,17,607
0006_2.jpg,0204_4.jpg,6,204,2,4,cross_same_same,0,17,623
0006_2.jpg,0216_4.jpg,6,216,2,4,cross_same_same,0,17,667
0006_2.jpg,0219_4.jpg,6,219,2,4,cross_same_same,0,17,675
0006_2.jpg,0224_4.jpg,6,224,2,4,cross_same_same,0,17,695
0006_2.jpg,0237_4.jpg,6,237,2,4,cross_same_same,0,17,735
0006_2.jpg,0239_4.jpg,6,239,2,4,cross_same_same,0,17,743
0006_2.jpg,0248_4.jpg,6,248,2,4,cross_same_same,0,17,779
0006_2.jpg,0266_4.jpg,6,266,2,4,cross_same_same,0,17,847
0006_2.jpg,0271_4.jpg,6,271,2,4,cross_same_same,0,17,867
0006_2.jpg,0279_4.jpg,6,279,2,4,cross_same_same,0,17,895
0006_2.jpg,0282_4.jpg,6,282,2,4,cross_same_same,0,17,903
0012_2.jpg,0006_4.jpg,12,6,2,4,cross_same_same,0,41,19
0012_2.jpg,0012_4.jpg,12,12,2,4,cross_same_same,1,41,43
0012_2.jpg,0015_4.jpg,12,15,2,4,cross_same_same,0,41,47
0012_2.jpg,0018_4.jpg,12,18,2,4,cross_same_same,0,41,51
0012_2.jpg,0035_4.jpg,12,35,2,4,cross_same_same,0,41,111
0012_2.jpg,0042_4.jpg,12,42,2,4,cross_same_same,0,41,127
0012_2.jpg,0043_4.jpg,12,43,2,4,cross_same_same,0,41,131
0012_2.jpg,0060_4.jpg,12,60,2,4,cross_same_same,0,41,175
0012_2.jpg,0066_4.jpg,12,66,2,4,cross_same_same,0,41,195
0012_2.jpg,0067_4.jpg,12,67,2,4,cross_same_same,0,41,199
0012_2.jpg,0079_4.jpg,12,79,2,4,cross_same_same,0,41,243
0012_2.jpg,0086_4.jpg,12,86,2,4,cross_same_same,0,41,259
0012_2.jpg,0087_4.jpg,12,87,2,4,cross_same_same,0,41,263
0012_2.jpg,0089_4.jpg,12,89,2,4,cross_same_same,0,41,267
0012_2.jpg,0091_4.jpg,12,91,2,4,cross_same_same,0,41,275
0012_2.jpg,0093_4.jpg,12,93,2,4,cross_same_same,0,41,283
0012_2.jpg,0106_4.jpg,12,106,2,4,cross_same_same,0,41,327
0012_2.jpg,0109_4.jpg,12,109,2,4,cross_same_same,0,41,335
0012_2.jpg,0114_4.jpg,12,114,2,4,cross_same_same,0,41,343
0012_2.jpg,0130_4.jpg,12,130,2,4,cross_same_same,0,41,391
0012_2.jpg,0132_4.jpg,12,132,2,4,cross_same_same,0,41,399
0012_2.jpg,0148_4.jpg,12,148,2,4,cross_same_same,0,41,447
0012_2.jpg,0154_4.jpg,12,154,2,4,cross_same_same,0,41,463
0012_2.jpg,0161_4.jpg,12,161,2,4,cross_same_same,0,41,491
0012_2.jpg,0200_4.jpg,12,200,2,4,cross_same_same,0,41,607
0012_2.jpg,0204_4.jpg,12,204,2,4,cross_same_same,0,41,623
0012_2.jpg,0216_4.jpg,12,216,2,4,cross_same_same,0,41,667
0012_2.jpg,0219_4.jpg,12,219,2,4,cross_same_same,0,41,675
0012_2.jpg,0224_4.jpg,12,224,2,4,cross_same_same,0,41,695
0012_2.jpg,0237_4.jpg,12,237,2,4,cross_same_same,0,41,735
0012_2.jpg,0239_4.jpg,12,239,2,4,cross_same_same,0,41,743
0012_2.jpg,0248_4.jpg,12,248,2,4,cross_same_same,0,41,779
0012_2.jpg,0266_4.jpg,12,266,2,4,cross_same_same,0,41,847
0012_2.jpg,0271_4.jpg,12,271,2,4,cross_same_same,0,41,867
0012_2.jpg,0279_4.jpg,12,279,2,4,cross_same_same,0,41,895
0012_2.jpg,0282_4.jpg,12,282,2,4,cross_same_same,0,41,903
0015_2.jpg,0006_4.jpg,15,6,2,4,cross_same_same,0,45,19
0015_2.jpg,0012_4.jpg,15,12,2,4,cross_same_same,0,45,43
0015_2.jpg,0015_4.jpg,15,15,2,4,cross_same_same,1,45,47
0015_2.jpg,0018_4.jpg,15,18,2,4,cross_same_same,0,45,51
0015_2.jpg,0035_4.jpg,15,35,2,4,cross_same_same,0,45,111
0015_2.jpg,0042_4.jpg,15,42,2,4,cross_same_same,0,45,127
0015_2.jpg,0043_4.jpg,15,43,2,4,cross_same_same,0,45,131
0015_2.jpg,0060_4.jpg,15,60,2,4,cross_same_same,0,45,175
0015_2.jpg,0066_4.jpg,15,66,2,4,cross_same_same,0,45,195
0015_2.jpg,0067_4.jpg,15,67,2,4,cross_same_same,0,45,199
0015_2.jpg,0079_4.jpg,15,79,2,4,cross_same_same,0,45,243
0015_2.jpg,0086_4.jpg,15,86,2,4,cross_same_same,0,45,259
0015_2.jpg,0087_4.jpg,15,87,2,4,cross_same_same,0,45,263
0015_2.jpg,0089_4.jpg,15,89,2,4,cross_same_same,0,45,267
0015_2.jpg,0091_4.jpg,15,91,2,4,cross_same_same,0,45,275
0015_2.jpg,0093_4.jpg,15,93,2,4,cross_same_same,0,45,283
0015_2.jpg,0106_4.jpg,15,106,2,4,cross_same_same,0,45,327
0015_2.jpg,0109_4.jpg,15,109,2,4,cross_same_same,0,45,335
0015_2.jpg,0114_4.jpg,15,114,2,4,cross_same_same,0,45,343
0015_2.jpg,0130_4.jpg,15,130,2,4,cross_same_same,0,45,391
0015_2.jpg,0132_4.jpg,15,132,2,4,cross_same_same,0,45,399
0015_2.jpg,0148_4.jpg,15,148,2,4,cross_same_same,0,45,447
0015_2.jpg,0154_4.jpg,15,154,2,4,cross_same_same,0,45,463
0015_2.jpg,0161_4.jpg,15,161,2,4,cross_same_same,0,45,491
0015_2.jpg,0200_4.jpg,15,200,2,4,cross_same_same,0,45,607
0015_2.jpg,0204_4.jpg,15,204,2,4,cross_same_same,0,45,623
0015_2.jpg,0216_4.jpg,15,216,2,4,cross_same_same,0,45,667
0015_2.jpg,0219_4.jpg,15,219,2,4,cross_same_same,0,45,675
0015_2.jpg,0224_4.jpg,15,224,2,4,cross_same_same,0,45,695
0015_2.jpg,0237_4.jpg,15,237,2,4,cross_same_same,0,45,735
0015_2.jpg,0239_4.jpg,15,239,2,4,cross_same_same,0,45,743
0015_2.jpg,0248_4.jpg,15,248,2,4,cross_same_same,0,45,779
0015_2.jpg,0266_4.jpg,15,266,2,4,cross_same_same,0,45,847
0015_2.jpg,0271_4.jpg,15,271,2,4,cross_same_same,0,45,867
0015_2.jpg,0279_4.jpg,15,279,2,4,cross_same_same,0,45,895
0015_2.jpg,0282_4.jpg,15,282,2,4,cross_same_same,0,45,903
0018_2.jpg,0006_4.jpg,18,6,2,4,cross_same_same,0,49,19
0018_2.jpg,0012_4.jpg,18,12,2,4,cross_same_same,0,49,43
0018_2.jpg,0015_4.jpg,18,15,2,4,cross_same_same,0,49,47
0018_2.jpg,0018_4.jpg,18,18,2,4,cross_same_same,1,49,51
0018_2.jpg,0035_4.jpg,18,35,2,4,cross_same_same,0,49,111
0018_2.jpg,0042_4.jpg,18,42,2,4,cross_same_same,0,49,127
0018_2.jpg,0043_4.jpg,18,43,2,4,cross_same_same,0,49,131
0018_2.jpg,0060_4.jpg,18,60,2,4,cross_same_same,0,49,175
0018_2.jpg,0066_4.jpg,18,66,2,4,cross_same_same,0,49,195
0018_2.jpg,0067_4.jpg,18,67,2,4,cross_same_same,0,49,199
0018_2.jpg,0079_4.jpg,18,79,2,4,cross_same_same,0,49,243
0018_2.jpg,0086_4.jpg,18,86,2,4,cross_same_same,0,49,259
0018_2.jpg,0087_4.jpg,18,87,2,4,cross_same_same,0,49,263
0018_2.jpg,0089_4.jpg,18,89,2,4,cross_same_same,0,49,267
0018_2.jpg,0091_4.jpg,18,91,2,4,cross_same_same,0,49,275
0018_2.jpg,0093_4.jpg,18,93,2,4,cross_same_same,0,49,283
0018_2.jpg,0106_4.jpg,18,106,2,4,cross_same_same,0,49,327
0018_2.jpg,0109_4.jpg,18,109,2,4,cross_same_same,0,49,335
0018_2.jpg,0114_4.jpg,18,114,2,4,cross_same_same,0,49,343
0018_2.jpg,0130_4.jpg,18,130,2,4,cross_same_same,0,49,391
0018_2.jpg,0132_4.jpg,18,132,2,4,cross_same_same,0,49,399
0018_2.jpg,0148_4.jpg,18,148,2,4,cross_same_same,0,49,447
0018_2.jpg,0154_4.jpg,18,154,2,4,cross_same_same,0,49,463
0018_2.jpg,0161_4.jpg,18,161,2,4,cross_same_same,0,49,491
0018_2.jpg,0200_4.jpg,18,200,2,4,cross_same_same,0,49,607
0018_2.jpg,0204_4.jpg,18,204,2,4,cross_same_same,0,49,623
0018_2.jpg,0216_4.jpg,18,216,2,4,cross_same_same,0,49,667
0018_2.jpg,0219_4.jpg,18,219,2,4,cross_same_same,0,49,675
0018_2.jpg,0224_4.jpg,18,224,2,4,cross_same_same,0,49,695
0018_2.jpg,0237_4.jpg,18,237,2,4,cross_same_same,0,49,735
0018_2.jpg,0239_4.jpg,18,239,2,4,cross_same_same,0,49,743
0018_2.jpg,0248_4.jpg,18,248,2,4,cross_same_same,0,49,779
0018_2.jpg,0266_4.jpg,18,266,2,4,cross_same_same,0,49,847
0018_2.jpg,0271_4.jpg,18,271,2,4,cross_same_same,0,49,867
0018_2.jpg,0279_4.jpg,18,279,2,4,cross_same_same,0,49,895
0018_2.jpg,0282_4.jpg,18,282,2,4,cross_same_same,0,49,903
0035_2.jpg,0006_4.jpg,35,6,2,4,cross_same_same,0,109,19
0035_2.jpg,0012_4.jpg,35,12,2,4,cross_same_same,0,109,43
0035_2.jpg,0015_4.jpg,35,15,2,4,cross_same_same,0,109,47
0035_2.jpg,0018_4.jpg,35,18,2,4,cross_same_same,0,109,51
0035_2.jpg,0035_4.jpg,35,35,2,4,cross_same_same,1,109,111
0035_2.jpg,0042_4.jpg,35,42,2,4,cross_same_same,0,109,127
0035_2.jpg,0043_4.jpg,35,43,2,4,cross_same_same,0,109,131
0035_2.jpg,0060_4.jpg,35,60,2,4,cross_same_same,0,109,175
0035_2.jpg,0066_4.jpg,35,66,2,4,cross_same_same,0,109,195
0035_2.jpg,0067_4.jpg,35,67,2,4,cross_same_same,0,109,199
0035_2.jpg,0079_4.jpg,35,79,2,4,cross_same_same,0,109,243
0035_2.jpg,0086_4.jpg,35,86,2,4,cross_same_same,0,109,259
0035_2.jpg,0087_4.jpg,35,87,2,4,cross_same_same,0,109,263
0035_2.jpg,0089_4.jpg,35,89,2,4,cross_same_same,0,109,267
0035_2.jpg,0091_4.jpg,35,91,2,4,cross_same_same,0,109,275
0035_2.jpg,0093_4.jpg,35,93,2,4,cross_same_same,0,109,283
0035_2.jpg,0106_4.jpg,35,106,2,4,cross_same_same,0,109,327
0035_2.jpg,0109_4.jpg,35,109,2,4,cross_same_same,0,109,335
0035_2.jpg,0114_4.jpg,35,114,2,4,cross_same_same,0,109,343
0035_2.jpg,0130_4.jpg,35,130,2,4,cross_same_same,0,109,391
0035_2.jpg,0132_4.jpg,35,132,2,4,cross_same_same,0,109,399
0035_2.jpg,0148_4.jpg,35,148,2,4,cross_same_same,0,109,447
0035_2.jpg,0154_4.jpg,35,154,2,4,cross_same_same,0,109,463
0035_2.jpg,0161_4.jpg,35,161,2,4,cross_same_same,0,109,491
0035_2.jpg,0200_4.jpg,35,200,2,4,cross_same_same,0,109,607
0035_2.jpg,0204_4.jpg,35,204,2,4,cross_same_same,0,109,623
0035_2.jpg,0216_4.jpg,35,216,2,4,cross_same_same,0,109,667
0035_2.jpg,0219_4.jpg,35,219,2,4,cross_same_same,0,109,675
0035_2.jpg,0224_4.jpg,35,224,2,4,cross_same_same,0,109,695
0035_2.jpg,0237_4.jpg,35,237,2,4,cross_same_same,0,109,735
0035_2.jpg,0239_4.jpg,35,239,2,4,cross_same_same,0,109,743
0035_2.jpg,0248_4.jpg,35,248,2,4,cross_same_same,0,109,779
0035_2.jpg,0266_4.jpg,35,266,2,4,cross_same_same,0,109,847
0035_2.jpg,0271_4.jpg,35,271,2,4,cross_same_same,0,109,867
0035_2.jpg,0279_4.jpg,35,279,2,4,cross_same_same,0,109,895
0035_2.jpg,0282_4.jpg,35,282,2,4,cross_same_same,0,109,903
0042_2.jpg,0006_4.jpg,42,6,2,4,cross_same_same,0,125,19
0042_2.jpg,0012_4.jpg,42,12,2,4,cross_same_same,0,125,43
0042_2.jpg,0015_4.jpg,42,15,2,4,cross_same_same,0,125,47
0042_2.jpg,0018_4.jpg,42,18,2,4,cross_same_same,0,125,51
0042_2.jpg,0035_4.jpg,42,35,2,4,cross_same_same,0,125,111
0042_2.jpg,0042_4.jpg,42,42,2,4,cross_same_same,1,125,127
0042_2.jpg,0043_4.jpg,42,43,2,4,cross_same_same,0,125,131
0042_2.jpg,0060_4.jpg,42,60,2,4,cross_same_same,0,125,175
0042_2.jpg,0066_4.jpg,42,66,2,4,cross_same_same,0,125,195
0042_2.jpg,0067_4.jpg,42,67,2,4,cross_same_same,0,125,199
0042_2.jpg,0079_4.jpg,42,79,2,4,cross_same_same,0,125,243
0042_2.jpg,0086_4.jpg,42,86,2,4,cross_same_same,0,125,259
0042_2.jpg,0087_4.jpg,42,87,2,4,cross_same_same,0,125,263
0042_2.jpg,0089_4.jpg,42,89,2,4,cross_same_same,0,125,267
0042_2.jpg,0091_4.jpg,42,91,2,4,cross_same_same,0,125,275
0042_2.jpg,0093_4.jpg,42,93,2,4,cross_same_same,0,125,283
0042_2.jpg,0106_4.jpg,42,106,2,4,cross_same_same,0,125,327
0042_2.jpg,0109_4.jpg,42,109,2,4,cross_same_same,0,125,335
0042_2.jpg,0114_4.jpg,42,114,2,4,cross_same_same,0,125,343
0042_2.jpg,0130_4.jpg,42,130,2,4,cross_same_same,0,125,391
0042_2.jpg,0132_4.jpg,42,132,2,4,cross_same_same,0,125,399
0042_2.jpg,0148_4.jpg,42,148,2,4,cross_same_same,0,125,447
0042_2.jpg,0154_4.jpg,42,154,2,4,cross_same_same,0,125,463
0042_2.jpg,0161_4.jpg,42,161,2,4,cross_same_same,0,125,491
0042_2.jpg,0200_4.jpg,42,200,2,4,cross_same_same,0,125,607
0042_2.jpg,0204_4.jpg,42,204,2,4,cross_same_same,0,125,623
0042_2.jpg,0216_4.jpg,42,216,2,4,cross_same_same,0,125,667
0042_2.jpg,0219_4.jpg,42,219,2,4,cross_same_same,0,125,675
0042_2.jpg,0224_4.jpg,42,224,2,4,cross_same_same,0,125,695
0042_2.jpg,0237_4.jpg,42,237,2,4,cross_same_same,0,125,735
0042_2.jpg,0239_4.jpg,42,239,2,4,cross_same_same,0,125,743
0042_2.jpg,0248_4.jpg,42,248,2,4,cross_same_same,0,125,779
0042_2.jpg,0266_4.jpg,42,266,2,4,cross_same_same,0,125,847
0042_2.jpg,0271_4.jpg,42,271,2,4,cross_same_same,0,125,867
0042_2.jpg,0279_4.jpg,42,279,2,4,cross_same_same,0,125,895
0042_2.jpg,0282_4.jpg,42,282,2,4,cross_same_same,0,125,903
0043_2.jpg,0006_4.jpg,43,6,2,4,cross_same_same,0,129,19
0043_2.jpg,0012_4.jpg,43,12,2,4,cross_same_same,0,129,43
0043_2.jpg,0015_4.jpg,43,15,2,4,cross_same_same,0,129,47
0043_2.jpg,0018_4.jpg,43,18,2,4,cross_same_same,0,129,51
0043_2.jpg,0035_4.jpg,43,35,2,4,cross_same_same,0,129,111
0043_2.jpg,0042_4.jpg,43,42,2,4,cross_same_same,0,129,127
0043_2.jpg,0043_4.jpg,43,43,2,4,cross_same_same,1,129,131
0043_2.jpg,0060_4.jpg,43,60,2,4,cross_same_same,0,129,175
0043_2.jpg,0066_4.jpg,43,66,2,4,cross_same_same,0,129,195
0043_2.jpg,0067_4.jpg,43,67,2,4,cross_same_same,0,129,199
0043_2.jpg,0079_4.jpg,43,79,2,4,cross_same_same,0,129,243
0043_2.jpg,0086_4.jpg,43,86,2,4,cross_same_same,0,129,259
0043_2.jpg,0087_4.jpg,43,87,2,4,cross_same_same,0,129,263
0043_2.jpg,0089_4.jpg,43,89,2,4,cross_same_same,0,129,267
0043_2.jpg,0091_4.jpg,43,91,2,4,cross_same_same,0,129,275
0043_2.jpg,0093_4.jpg,43,93,2,4,cross_same_same,0,129,283
0043_2.jpg,0106_4.jpg,43,106,2,4,cross_same_same,0,129,327
0043_2.jpg,0109_4.jpg,43,109,2,4,cross_same_same,0,129,335
0043_2.jpg,0114_4.jpg,43,114,2,4,cross_same_same,0,129,343
0043_2.jpg,0130_4.jpg,43,130,2,4,cross_same_same,0,129,391
0043_2.jpg,0132_4.jpg,43,132,2,4,cross_same_same,0,129,399
0043_2.jpg,0148_4.jpg,43,148,2,4,cross_same_same,0,129,447
0043_2.jpg,0154_4.jpg,43,154,2,4,cross_same_same,0,129,463
0043_2.jpg,0161_4.jpg,43,161,2,4,cross_same_same,0,129,491
0043_2.jpg,0200_4.jpg,43,200,2,4,cross_same_same,0,129,607
0043_2.jpg,0204_4.jpg,43,204,2,4,cross_same_same,0,129,623
0043_2.jpg,0216_4.jpg,43,216,2,4,cross_same_same,0,129,667
0043_2.jpg,0219_4.jpg,43,219,2,4,cross_same_same,0,129,675
0043_2.jpg,0224_4.jpg,43,224,2,4,cross_same_same,0,129,695
0043_2.jpg,0237_4.jpg,43,237,2,4,cross_same_same,0,129,735
0043_2.jpg,0239_4.jpg,43,239,2,4,cross_same_same,0,129,743
0043_2.jpg,0248_4.jpg,43,248,2,4,cross_same_same,0,129,779
0043_2.jpg,0266_4.jpg,43,266,2,4,cross_same_same,0,129,847
0043_2.jpg,0271_4.jpg,43,271,2,4,cross_same_same,0,129,867
0043_2.jpg,0279_4.jpg,43,279,2,4,cross_same_same,0,129,895
0043_2.jpg,0282_4.jpg,43,282,2,4,cross_same_same,0,129,903
0060_2.jpg,0006_4.jpg,60,6,2,4,cross_same_same,0,173,19
0060_2.jpg,0012_4.jpg,60,12,2,4,cross_same_same,0,173,43
0060_2.jpg,0015_4.jpg,60,15,2,4,cross_same_same,0,173,47
0060_2.jpg,0018_4.jpg,60,18,2,4,cross_same_same,0,173,51
0060_2.jpg,0035_4.jpg,60,35,2,4,cross_same_same,0,173,111
0060_2.jpg,0042_4.jpg,60,42,2,4,cross_same_same,0,173,127
0060_2.jpg,0043_4.jpg,60,43,2,4,cross_same_same,0,173,131
0060_2.jpg,0060_4.jpg,60,60,2,4,cross_same_same,1,173,175
0060_2.jpg,0066_4.jpg,60,66,2,4,cross_same_same,0,173,195
0060_2.jpg,0067_4.jpg,60,67,2,4,cross_same_same,0,173,199
0060_2.jpg,0079_4.jpg,60,79,2,4,cross_same_same,0,173,243
0060_2.jpg,0086_4.jpg,60,86,2,4,cross_same_same,0,173,259
0060_2.jpg,0087_4.jpg,60,87,2,4,cross_same_same,0,173,263
0060_2.jpg,0089_4.jpg,60,89,2,4,cross_same_same,0,173,267
0060_2.jpg,0091_4.jpg,60,91,2,4,cross_same_same,0,173,275
0060_2.jpg,0093_4.jpg,60,93,2,4,cross_same_same,0,173,283
0060_2.jpg,0106_4.jpg,60,106,2,4,cross_same_same,0,173,327
0060_2.jpg,0109_4.jpg,60,109,2,4,cross_same_same,0,173,335
0060_2.jpg,0114_4.jpg,60,114,2,4,cross_same_same,0,173,343
0060_2.jpg,0130_4.jpg,60,130,2,4,cross_same_same,0,173,391
0060_2.jpg,0132_4.jpg,60,132,2,4,cross_same_same,0,173,399
0060_2.jpg,0148_4.jpg,60,148,2,4,cross_same_same,0,173,447
0060_2.jpg,0154_4.jpg,60,154,2,4,cross_same_same,0,173,463
0060_2.jpg,0161_4.jpg,60,161,2,4,cross_same_same,0,173,491
0060_2.jpg,0200_4.jpg,60,200,2,4,cross_same_same,0,173,607
0060_2.jpg,0204_4.jpg,60,204,2,4,cross_same_same,0,173,623
0060_2.jpg,0216_4.jpg,60,216,2,4,cross_same_same,0,173,667
0060_2.jpg,0219_4.jpg,60,219,2,4,cross_same_same,0,173,675
0060_2.jpg,0224_4.jpg,60,224,2,4,cross_same_same,0,173,695
0060_2.jpg,0237_4.jpg,60,237,2,4,cross_same_same,0,173,735
0060_2.jpg,0239_4.jpg,60,239,2,4,cross_same_same,0,173,743
0060_2.jpg,0248_4.jpg,60,248,2,4,cross_same_same,0,173,779
0060_2.jpg,0266_4.jpg,60,266,2,4,cross_same_same,0,173,847
0060_2.jpg,0271_4.jpg,60,271,2,4,cross_same_same,0,173,867
0060_2.jpg,0279_4.jpg,60,279,2,4,cross_same_same,0,173,895
0060_2.jpg,0282_4.jpg,60,282,2,4,cross_same_same,0,173,903
0066_2.jpg,0006_4.jpg,66,6,2,4,cross_same_same,0,193,19
0066_2.jpg,0012_4.jpg,66,12,2,4,cross_same_same,0,193,43
0066_2.jpg,0015_4.jpg,66,15,2,4,cross_same_same,0,193,47
0066_2.jpg,0018_4.jpg,66,18,2,4,cross_same_same,0,193,51
0066_2.jpg,0035_4.jpg,66,35,2,4,cross_same_same,0,193,111
0066_2.jpg,0042_4.jpg,66,42,2,4,cross_same_same,0,193,127
0066_2.jpg,0043_4.jpg,66,43,2,4,cross_same_same,0,193,131
0066_2.jpg,0060_4.jpg,66,60,2,4,cross_same_same,0,193,175
0066_2.jpg,0066_4.jpg,66,66,2,4,cross_same_same,1,193,195
0066_2.jpg,0067_4.jpg,66,67,2,4,cross_same_same,0,193,199
0066_2.jpg,0079_4.jpg,66,79,2,4,cross_same_same,0,193,243
0066_2.jpg,0086_4.jpg,66,86,2,4,cross_same_same,0,193,259
0066_2.jpg,0087_4.jpg,66,87,2,4,cross_same_same,0,193,263
0066_2.jpg,0089_4.jpg,66,89,2,4,cross_same_same,0,193,267
0066_2.jpg,0091_4.jpg,66,91,2,4,cross_same_same,0,193,275
0066_2.jpg,0093_4.jpg,66,93,2,4,cross_same_same,0,193,283
0066_2.jpg,0106_4.jpg,66,106,2,4,cross_same_same,0,193,327
0066_2.jpg,0109_4.jpg,66,109,2,4,cross_same_same,0,193,335
0066_2.jpg,0114_4.jpg,66,114,2,4,cross_same_same,0,193,343
0066_2.jpg,0130_4.jpg,66,130,2,4,cross_same_same,0,193,391
0066_2.jpg,0132_4.jpg,66,132,2,4,cross_same_same,0,193,399
0066_2.jpg,0148_4.jpg,66,148,2,4,cross_same_same,0,193,447
0066_2.jpg,0154_4.jpg,66,154,2,4,cross_same_same,0,193,463
0066_2.jpg,0161_4.jpg,66,161,2,4,cross_same_same,0,193,491
0066_2.jpg,0200_4.jpg,66,200,2,4,cross_same_same,0,193,607
0066_2.jpg,0204_4.jpg,66,204,2,4,cross_same_same,0,193,623
0066_2.jpg,0216_4.jpg,66,216,2,4,cross_same_same,0,193,667
0066_2.jpg,0219_4.jpg,66,219,2,4,cross_same_same,0,193,675
0066_2.jpg,0224_4.jpg,66,224,2,4,cross_same_same,0,193,695
0066_2.jpg,0237_4.jpg,66,237,2,4,cross_same_same,0,193,735
0066_2.jpg,0239_4.jpg,66,239,2,4,cross_same_same,0,193,743
0066_2.jpg,0248_4.jpg,66,248,2,4,cross_same_same,0,193,779
0066_2.jpg,0266_4.jpg,66,266,2,4,cross_same_same,0,193,847
0066_2.jpg,0271_4.jpg,66,271,2,4,cross_same_same,0,193,867
0066_2.jpg,0279_4.jpg,66,279,2,4,cross_same_same,0,193,895
0066_2.jpg,0282_4.jpg,66,282,2,4,cross_same_same,0,193,903
0067_2.jpg,0006_4.jpg,67,6,2,4,cross_same_same,0,197,19
0067_2.jpg,0012_4.jpg,67,12,2,4,cross_same_same,0,197,43
0067_2.jpg,0015_4.jpg,67,15,2,4,cross_same_same,0,197,47
0067_2.jpg,0018_4.jpg,67,18,2,4,cross_same_same,0,197,51
0067_2.jpg,0035_4.jpg,67,35,2,4,cross_same_same,0,197,111
0067_2.jpg,0042_4.jpg,67,42,2,4,cross_same_same,0,197,127
0067_2.jpg,0043_4.jpg,67,43,2,4,cross_same_same,0,197,131
0067_2.jpg,0060_4.jpg,67,60,2,4,cross_same_same,0,197,175
0067_2.jpg,0066_4.jpg,67,66,2,4,cross_same_same,0,197,195
0067_2.jpg,0067_4.jpg,67,67,2,4,cross_same_same,1,197,199
0067_2.jpg,0079_4.jpg,67,79,2,4,cross_same_same,0,197,243
0067_2.jpg,0086_4.jpg,67,86,2,4,cross_same_same,0,197,259
0067_2.jpg,0087_4.jpg,67,87,2,4,cross_same_same,0,197,263
0067_2.jpg,0089_4.jpg,67,89,2,4,cross_same_same,0,197,267
0067_2.jpg,0091_4.jpg,67,91,2,4,cross_same_same,0,197,275
0067_2.jpg,0093_4.jpg,67,93,2,4,cross_same_same,0,197,283
0067_2.jpg,0106_4.jpg,67,106,2,4,cross_same_same,0,197,327
0067_2.jpg,0109_4.jpg,67,109,2,4,cross_same_same,0,197,335
0067_2.jpg,0114_4.jpg,67,114,2,4,cross_same_same,0,197,343
0067_2.jpg,0130_4.jpg,67,130,2,4,cross_same_same,0,197,391
0067_2.jpg,0132_4.jpg,67,132,2,4,cross_same_same,0,197,399
0067_2.jpg,0148_4.jpg,67,148,2,4,cross_same_same,0,197,447
0067_2.jpg,0154_4.jpg,67,154,2,4,cross_same_same,0,197,463
0067_2.jpg,0161_4.jpg,67,161,2,4,cross_same_same,0,197,491
0067_2.jpg,0200_4.jpg,67,200,2,4,cross_same_same,0,197,607
0067_2.jpg,0204_4.jpg,67,204,2,4,cross_same_same,0,197,623
0067_2.jpg,0216_4.jpg,67,216,2,4,cross_same_same,0,197,667
0067_2.jpg,0219_4.jpg,67,219,2,4,cross_same_same,0,197,675
0067_2.jpg,0224_4.jpg,67,224,2,4,cross_same_same,0,197,695
0067_2.jpg,0237_4.jpg,67,237,2,4,cross_same_same,0,197,735
0067_2.jpg,0239_4.jpg,67,239,2,4,cross_same_same,0,197,743
0067_2.jpg,0248_4.jpg,67,248,2,4,cross_same_same,0,197,779
0067_2.jpg,0266_4.jpg,67,266,2,4,cross_same_same,0,197,847
0067_2.jpg,0271_4.jpg,67,271,2,4,cross_same_same,0,197,867
0067_2.jpg,0279_4.jpg,67,279,2,4,cross_same_same,0,197,895
0067_2.jpg,0282_4.jpg,67,282,2,4,cross_same_same,0,197,903
0079_2.jpg,0006_4.jpg,79,6,2,4,cross_same_same,0,241,19
0079_2.jpg,0012_4.jpg,79,12,2,4,cross_same_same,0,241,43
0079_2.jpg,0015_4.jpg,79,15,2,4,cross_same_same,0,241,47
0079_2.jpg,0018_4.jpg,79,18,2,4,cross_same_same,0,241,51
0079_2.jpg,0035_4.jpg,79,35,2,4,cross_same_same,0,241,111
0079_2.jpg,0042_4.jpg,79,42,2,4,cross_same_same,0,241,127
0079_2.jpg,0043_4.jpg,79,43,2,4,cross_same_same,0,241,131
0079_2.jpg,0060_4.jpg,79,60,2,4,cross_same_same,0,241,175
0079_2.jpg,0066_4.jpg,79,66,2,4,cross_same_same,0,241,195
0079_2.jpg,0067_4.jpg,79,67,2,4,cross_same_same,0,241,199
0079_2.jpg,0079_4.jpg,79,79,2,4,cross_same_same,1,241,243
0079_2.jpg,0086_4.jpg,79,86,2,4,cross_same_same,0,241,259
0079_2.jpg,0087_4.jpg,79,87,2,4,cross_same_same,0,241,263
0079_2.jpg,0089_4.jpg,79,89,2,4,cross_same_same,0,241,267
0079_2.jpg,0091_4.jpg,79,91,2,4,cross_same_same,0,241,275
0079_2.jpg,0093_4.jpg,79,93,2,4,cross_same_same,0,241,283
0079_2.jpg,0106_4.jpg,79,106,2,4,cross_same_same,0,241,327
0079_2.jpg,0109_4.jpg,79,109,2,4,cross_same_same,0,241,335
0079_2.jpg,0114_4.jpg,79,114,2,4,cross_same_same,0,241,343
0079_2.jpg,0130_4.jpg,79,130,2,4,cross_same_same,0,241,391
0079_2.jpg,0132_4.jpg,79,132,2,4,cross_same_same,0,241,399
0079_2.jpg,0148_4.jpg,79,148,2,4,cross_same_same,0,241,447
0079_2.jpg,0154_4.jpg,79,154,2,4,cross_same_same,0,241,463
0079_2.jpg,0161_4.jpg,79,161,2,4,cross_same_same,0,241,491
0079_2.jpg,0200_4.jpg,79,200,2,4,cross_same_same,0,241,607
0079_2.jpg,0204_4.jpg,79,204,2,4,cross_same_same,0,241,623
0079_2.jpg,0216_4.jpg,79,216,2,4,cross_same_same,0,241,667
0079_2.jpg,0219_4.jpg,79,219,2,4,cross_same_same,0,241,675
0079_2.jpg,0224_4.jpg,79,224,2,4,cross_same_same,0,241,695
0079_2.jpg,0237_4.jpg,79,237,2,4,cross_same_same,0,241,735
0079_2.jpg,0239_4.jpg,79,239,2,4,cross_same_same,0,241,743
0079_2.jpg,0248_4.jpg,79,248,2,4,cross_same_same,0,241,779
0079_2.jpg,0266_4.jpg,79,266,2,4,cross_same_same,0,241,847
0079_2.jpg,0271_4.jpg,79,271,2,4,cross_same_same,0,241,867
0079_2.jpg,0279_4.jpg,79,279,2,4,cross_same_same,0,241,895
0079_2.jpg,0282_4.jpg,79,282,2,4,cross_same_same,0,241,903
0086_2.jpg,0006_4.jpg,86,6,2,4,cross_same_same,0,257,19
0086_2.jpg,0012_4.jpg,86,12,2,4,cross_same_same,0,257,43
0086_2.jpg,0015_4.jpg,86,15,2,4,cross_same_same,0,257,47
0086_2.jpg,0018_4.jpg,86,18,2,4,cross_same_same,0,257,51
0086_2.jpg,0035_4.jpg,86,35,2,4,cross_same_same,0,257,111
0086_2.jpg,0042_4.jpg,86,42,2,4,cross_same_same,0,257,127
0086_2.jpg,0043_4.jpg,86,43,2,4,cross_same_same,0,257,131
0086_2.jpg,0060_4.jpg,86,60,2,4,cross_same_same,0,257,175
0086_2.jpg,0066_4.jpg,86,66,2,4,cross_same_same,0,257,195
0086_2.jpg,0067_4.jpg,86,67,2,4,cross_same_same,0,257,199
0086_2.jpg,0079_4.jpg,86,79,2,4,cross_same_same,0,257,243
0086_2.jpg,0086_4.jpg,86,86,2,4,cross_same_same,1,257,259
0086_2.jpg,0087_4.jpg,86,87,2,4,cross_same_same,0,257,263
0086_2.jpg,0089_4.jpg,86,89,2,4,cross_same_same,0,257,267
0086_2.jpg,0091_4.jpg,86,91,2,4,cross_same_same,0,257,275
0086_2.jpg,0093_4.jpg,86,93,2,4,cross_same_same,0,257,283
0086_2.jpg,0106_4.jpg,86,106,2,4,cross_same_same,0,257,327
0086_2.jpg,0109_4.jpg,86,109,2,4,cross_same_same,0,257,335
0086_2.jpg,0114_4.jpg,86,114,2,4,cross_same_same,0,257,343
0086_2.jpg,0130_4.jpg,86,130,2,4,cross_same_same,0,257,391
0086_2.jpg,0132_4.jpg,86,132,2,4,cross_same_same,0,257,399
0086_2.jpg,0148_4.jpg,86,148,2,4,cross_same_same,0,257,447
0086_2.jpg,0154_4.jpg,86,154,2,4,cross_same_same,0,257,463
0086_2.jpg,0161_4.jpg,86,161,2,4,cross_same_same,0,257,491
0086_2.jpg,0200_4.jpg,86,200,2,4,cross_same_same,0,257,607
0086_2.jpg,0204_4.jpg,86,204,2,4,cross_same_same,0,257,623
0086_2.jpg,0216_4.jpg,86,216,2,4,cross_same_same,0,257,667
0086_2.jpg,0219_4.jpg,86,219,2,4,cross_same_same,0,257,675
0086_2.jpg,0224_4.jpg,86,224,2,4,cross_same_same,0,257,695
0086_2.jpg,0237_4.jpg,86,237,2,4,cross_same_same,0,257,735
0086_2.jpg,0239_4.jpg,86,239,2,4,cross_same_same,0,257,743
0086_2.jpg,0248_4.jpg,86,248,2,4,cross_same_same,0,257,779
0086_2.jpg,0266_4.jpg,86,266,2,4,cross_same_same,0,257,847
0086_2.jpg,0271_4.jpg,86,271,2,4,cross_same_same,0,257,867
0086_2.jpg,0279_4.jpg,86,279,2,4,cross_same_same,0,257,895
0086_2.jpg,0282_4.jpg,86,282,2,4,cross_same_same,0,257,903
0087_2.jpg,0006_4.jpg,87,6,2,4,cross_same_same,0,261,19
0087_2.jpg,0012_4.jpg,87,12,2,4,cross_same_same,0,261,43
0087_2.jpg,0015_4.jpg,87,15,2,4,cross_same_same,0,261,47
0087_2.jpg,0018_4.jpg,87,18,2,4,cross_same_same,0,261,51
0087_2.jpg,0035_4.jpg,87,35,2,4,cross_same_same,0,261,111
0087_2.jpg,0042_4.jpg,87,42,2,4,cross_same_same,0,261,127
0087_2.jpg,0043_4.jpg,87,43,2,4,cross_same_same,0,261,131
0087_2.jpg,0060_4.jpg,87,60,2,4,cross_same_same,0,261,175
0087_2.jpg,0066_4.jpg,87,66,2,4,cross_same_same,0,261,195
0087_2.jpg,0067_4.jpg,87,67,2,4,cross_same_same,0,261,199
0087_2.jpg,0079_4.jpg,87,79,2,4,cross_same_same,0,261,243
0087_2.jpg,0086_4.jpg,87,86,2,4,cross_same_same,0,261,259
0087_2.jpg,0087_4.jpg,87,87,2,4,cross_same_same,1,261,263
0087_2.jpg,0089_4.jpg,87,89,2,4,cross_same_same,0,261,267
0087_2.jpg,0091_4.jpg,87,91,2,4,cross_same_same,0,261,275
0087_2.jpg,0093_4.jpg,87,93,2,4,cross_same_same,0,261,283
0087_2.jpg,0106_4.jpg,87,106,2,4,cross_same_same,0,261,327
0087_2.jpg,0109_4.jpg,87,109,2,4,cross_same_same,0,261,335
0087_2.jpg,0114_4.jpg,87,114,2,4,cross_same_same,0,261,343
0087_2.jpg,0130_4.jpg,87,130,2,4,cross_same_same,0,261,391
0087_2.jpg,0132_4.jpg,87,132,2,4,cross_same_same,0,261,399
0087_2.jpg,0148_4.jpg,87,148,2,4,cross_same_same,0,261,447
0087_2.jpg,0154_4.jpg,87,154,2,4,cross_same_same,0,261,463
0087_2.jpg,0161_4.jpg,87,161,2,4,cross_same_same,0,261,491
0087_2.jpg,0200_4.jpg,87,200,2,4,cross_same_same,0,261,607
0087_2.jpg,0204_4.jpg,87,204,2,4,cross_same_same,0,261,623
0087_2.jpg,0216_4.jpg,87,216,2,4,cross_same_same,0,261,667
0087_2.jpg,0219_4.jpg,87,219,2,4,cross_same_same,0,261,675
0087_2.jpg,0224_4.jpg,87,224,2,4,cross_same_same,0,261,695
0087_2.jpg,0237_4.jpg,87,237,2,4,cross_same_same,0,261,735
0087_2.jpg,0239_4.jpg,87,239,2,4,cross_same_same,0,261,743
0087_2.jpg,0248_4.jpg,87,248,2,4,cross_same_same,0,261,779
0087_2.jpg,0266_4.jpg,87,266,2,4,cross_same_same,0,261,847
0087_2.jpg,0271_4.jpg,87,271,2,4,cross_same_same,0,261,867
0087_2.jpg,0279_4.jpg,87,279,2,4,cross_same_same,0,261,895
0087_2.jpg,0282_4.jpg,87,282,2,4,cross_same_same,0,261,903
0089_2.jpg,0006_4.jpg,89,6,2,4,cross_same_same,0,265,19
0089_2.jpg,0012_4.jpg,89,12,2,4,cross_same_same,0,265,43
0089_2.jpg,0015_4.jpg,89,15,2,4,cross_same_same,0,265,47
0089_2.jpg,0018_4.jpg,89,18,2,4,cross_same_same,0,265,51
0089_2.jpg,0035_4.jpg,89,35,2,4,cross_same_same,0,265,111
0089_2.jpg,0042_4.jpg,89,42,2,4,cross_same_same,0,265,127
0089_2.jpg,0043_4.jpg,89,43,2,4,cross_same_same,0,265,131
0089_2.jpg,0060_4.jpg,89,60,2,4,cross_same_same,0,265,175
0089_2.jpg,0066_4.jpg,89,66,2,4,cross_same_same,0,265,195
0089_2.jpg,0067_4.jpg,89,67,2,4,cross_same_same,0,265,199
0089_2.jpg,0079_4.jpg,89,79,2,4,cross_same_same,0,265,243
0089_2.jpg,0086_4.jpg,89,86,2,4,cross_same_same,0,265,259
0089_2.jpg,0087_4.jpg,89,87,2,4,cross_same_same,0,265,263
0089_2.jpg,0089_4.jpg,89,89,2,4,cross_same_same,1,265,267
0089_2.jpg,0091_4.jpg,89,91,2,4,cross_same_same,0,265,275
0089_2.jpg,0093_4.jpg,89,93,2,4,cross_same_same,0,265,283
0089_2.jpg,0106_4.jpg,89,106,2,4,cross_same_same,0,265,327
0089_2.jpg,0109_4.jpg,89,109,2,4,cross_same_same,0,265,335
0089_2.jpg,0114_4.jpg,89,114,2,4,cross_same_same,0,265,343
0089_2.jpg,0130_4.jpg,89,130,2,4,cross_same_same,0,265,391
0089_2.jpg,0132_4.jpg,89,132,2,4,cross_same_same,0,265,399
0089_2.jpg,0148_4.jpg,89,148,2,4,cross_same_same,0,265,447
0089_2.jpg,0154_4.jpg,89,154,2,4,cross_same_same,0,265,463
0089_2.jpg,0161_4.jpg,89,161,2,4,cross_same_same,0,265,491
0089_2.jpg,0200_4.jpg,89,200,2,4,cross_same_same,0,265,607
0089_2.jpg,0204_4.jpg,89,204,2,4,cross_same_same,0,265,623
0089_2.jpg,0216_4.jpg,89,216,2,4,cross_same_same,0,265,667
0089_2.jpg,0219_4.jpg,89,219,2,4,cross_same_same,0,265,675
0089_2.jpg,0224_4.jpg,89,224,2,4,cross_same_same,0,265,695
0089_2.jpg,0237_4.jpg,89,237,2,4,cross_same_same,0,265,735
0089_2.jpg,0239_4.jpg,89,239,2,4,cross_same_same,0,265,743
0089_2.jpg,0248_4.jpg,89,248,2,4,cross_same_same,0,265,779
0089_2.jpg,0266_4.jpg,89,266,2,4,cross_same_same,0,265,847
0089_2.jpg,0271_4.jpg,89,271,2,4,cross_same_same,0,265,867
0089_2.jpg,0279_4.jpg,89,279,2,4,cross_same_same,0,265,895
0089_2.jpg,0282_4.jpg,89,282,2,4,cross_same_same,0,265,903
0091_2.jpg,0006_4.jpg,91,6,2,4,cross_same_same,0,273,19
0091_2.jpg,0012_4.jpg,91,12,2,4,cross_same_same,0,273,43
0091_2.jpg,0015_4.jpg,91,15,2,4,cross_same_same,0,273,47
0091_2.jpg,0018_4.jpg,91,18,2,4,cross_same_same,0,273,51
0091_2.jpg,0035_4.jpg,91,35,2,4,cross_same_same,0,273,111
0091_2.jpg,0042_4.jpg,91,42,2,4,cross_same_same,0,273,127
0091_2.jpg,0043_4.jpg,91,43,2,4,cross_same_same,0,273,131
0091_2.jpg,0060_4.jpg,91,60,2,4,cross_same_same,0,273,175
0091_2.jpg,0066_4.jpg,91,66,2,4,cross_same_same,0,273,195
0091_2.jpg,0067_4.jpg,91,67,2,4,cross_same_same,0,273,199
0091_2.jpg,0079_4.jpg,91,79,2,4,cross_same_same,0,273,243
0091_2.jpg,0086_4.jpg,91,86,2,4,cross_same_same,0,273,259
0091_2.jpg,0087_4.jpg,91,87,2,4,cross_same_same,0,273,263
0091_2.jpg,0089_4.jpg,91,89,2,4,cross_same_same,0,273,267
0091_2.jpg,0091_4.jpg,91,91,2,4,cross_same_same,1,273,275
0091_2.jpg,0093_4.jpg,91,93,2,4,cross_same_same,0,273,283
0091_2.jpg,0106_4.jpg,91,106,2,4,cross_same_same,0,273,327
0091_2.jpg,0109_4.jpg,91,109,2,4,cross_same_same,0,273,335
0091_2.jpg,0114_4.jpg,91,114,2,4,cross_same_same,0,273,343
0091_2.jpg,0130_4.jpg,91,130,2,4,cross_same_same,0,273,391
0091_2.jpg,0132_4.jpg,91,132,2,4,cross_same_same,0,273,399
0091_2.jpg,0148_4.jpg,91,148,2,4,cross_same_same,0,273,447
0091_2.jpg,0154_4.jpg,91,154,2,4,cross_same_same,0,273,463
0091_2.jpg,0161_4.jpg,91,161,2,4,cross_same_same,0,273,491
0091_2.jpg,0200_4.jpg,91,200,2,4,cross_same_same,0,273,607
0091_2.jpg,0204_4.jpg,91,204,2,4,cross_same_same,0,273,623
0091_2.jpg,0216_4.jpg,91,216,2,4,cross_same_same,0,273,667
0091_2.jpg,0219_4.jpg,91,219,2,4,cross_same_same,0,273,675
0091_2.jpg,0224_4.jpg,91,224,2,4,cross_same_same,0,273,695
0091_2.jpg,0237_4.jpg,91,237,2,4,cross_same_same,0,273,735
0091_2.jpg,0239_4.jpg,91,239,2,4,cross_same_same,0,273,743
0091_2.jpg,0248_4.jpg,91,248,2,4,cross_same_same,0,273,779
0091_2.jpg,0266_4.jpg,91,266,2,4,cross_same_same,0,273,847
0091_2.jpg,0271_4.jpg,91,271,2,4,cross_same_same,0,273,867
0091_2.jpg,0279_4.jpg,91,279,2,4,cross_same_same,0,273,895
0091_2.jpg,0282_4.jpg,91,282,2,4,cross_same_same,0,273,903
0093_2.jpg,0006_4.jpg,93,6,2,4,cross_same_same,0,281,19
0093_2.jpg,0012_4.jpg,93,12,2,4,cross_same_same,0,281,43
0093_2.jpg,0015_4.jpg,93,15,2,4,cross_same_same,0,281,47
0093_2.jpg,0018_4.jpg,93,18,2,4,cross_same_same,0,281,51
0093_2.jpg,0035_4.jpg,93,35,2,4,cross_same_same,0,281,111
0093_2.jpg,0042_4.jpg,93,42,2,4,cross_same_same,0,281,127
0093_2.jpg,0043_4.jpg,93,43,2,4,cross_same_same,0,281,131
0093_2.jpg,0060_4.jpg,93,60,2,4,cross_same_same,0,281,175
0093_2.jpg,0066_4.jpg,93,66,2,4,cross_same_same,0,281,195
0093_2.jpg,0067_4.jpg,93,67,2,4,cross_same_same,0,281,199
0093_2.jpg,0079_4.jpg,93,79,2,4,cross_same_same,0,281,243
0093_2.jpg,0086_4.jpg,93,86,2,4,cross_same_same,0,281,259
0093_2.jpg,0087_4.jpg,93,87,2,4,cross_same_same,0,281,263
0093_2.jpg,0089_4.jpg,93,89,2,4,cross_same_same,0,281,267
0093_2.jpg,0091_4.jpg,93,91,2,4,cross_same_same,0,281,275
0093_2.jpg,0093_4.jpg,93,93,2,4,cross_same_same,1,281,283
0093_2.jpg,0106_4.jpg,93,106,2,4,cross_same_same,0,281,327
0093_2.jpg,0109_4.jpg,93,109,2,4,cross_same_same,0,281,335
0093_2.jpg,0114_4.jpg,93,114,2,4,cross_same_same,0,281,343
0093_2.jpg,0130_4.jpg,93,130,2,4,cross_same_same,0,281,391
0093_2.jpg,0132_4.jpg,93,132,2,4,cross_same_same,0,281,399
0093_2.jpg,0148_4.jpg,93,148,2,4,cross_same_same,0,281,447
0093_2.jpg,0154_4.jpg,93,154,2,4,cross_same_same,0,281,463
0093_2.jpg,0161_4.jpg,93,161,2,4,cross_same_same,0,281,491
0093_2.jpg,0200_4.jpg,93,200,2,4,cross_same_same,0,281,607
0093_2.jpg,0204_4.jpg,93,204,2,4,cross_same_same,0,281,623
0093_2.jpg,0216_4.jpg,93,216,2,4,cross_same_same,0,281,667
0093_2.jpg,0219_4.jpg,93,219,2,4,cross_same_same,0,281,675
0093_2.jpg,0224_4.jpg,93,224,2,4,cross_same_same,0,281,695
0093_2.jpg,0237_4.jpg,93,237,2,4,cross_same_same,0,281,735
0093_2.jpg,0239_4.jpg,93,239,2,4,cross_same_same,0,281,743
0093_2.jpg,0248_4.jpg,93,248,2,4,cross_same_same,0,281,779
0093_2.jpg,0266_4.jpg,93,266,2,4,cross_same_same,0,281,847
0093_2.jpg,0271_4.jpg,93,271,2,4,cross_same_same,0,281,867
0093_2.jpg,0279_4.jpg,93,279,2,4,cross_same_same,0,281,895
0093_2.jpg,0282_4.jpg,93,282,2,4,cross_same_same,0,281,903
0106_2.jpg,0006_4.jpg,106,6,2,4,cross_same_same,0,325,19
0106_2.jpg,0012_4.jpg,106,12,2,4,cross_same_same,0,325,43
0106_2.jpg,0015_4.jpg,106,15,2,4,cross_same_same,0,325,47
0106_2.jpg,0018_4.jpg,106,18,2,4,cross_same_same,0,325,51
0106_2.jpg,0035_4.jpg,106,35,2,4,cross_same_same,0,325,111
0106_2.jpg,0042_4.jpg,106,42,2,4,cross_same_same,0,325,127
0106_2.jpg,0043_4.jpg,106,43,2,4,cross_same_same,0,325,131
0106_2.jpg,0060_4.jpg,106,60,2,4,cross_same_same,0,325,175
0106_2.jpg,0066_4.jpg,106,66,2,4,cross_same_same,0,325,195
0106_2.jpg,0067_4.jpg,106,67,2,4,cross_same_same,0,325,199
0106_2.jpg,0079_4.jpg,106,79,2,4,cross_same_same,0,325,243
0106_2.jpg,0086_4.jpg,106,86,2,4,cross_same_same,0,325,259
0106_2.jpg,0087_4.jpg,106,87,2,4,cross_same_same,0,325,263
0106_2.jpg,0089_4.jpg,106,89,2,4,cross_same_same,0,325,267
0106_2.jpg,0091_4.jpg,106,91,2,4,cross_same_same,0,325,275
0106_2.jpg,0093_4.jpg,106,93,2,4,cross_same_same,0,325,283
0106_2.jpg,0106_4.jpg,106,106,2,4,cross_same_same,1,325,327
0106_2.jpg,0109_4.jpg,106,109,2,4,cross_same_same,0,325,335
0106_2.jpg,0114_4.jpg,106,114,2,4,cross_same_same,0,325,343
0106_2.jpg,0130_4.jpg,106,130,2,4,cross_same_same,0,325,391
0106_2.jpg,0132_4.jpg,106,132,2,4,cross_same_same,0,325,399
0106_2.jpg,0148_4.jpg,106,148,2,4,cross_same_same,0,325,447
0106_2.jpg,0154_4.jpg,106,154,2,4,cross_same_same,0,325,463
0106_2.jpg,0161_4.jpg,106,161,2,4,cross_same_same,0,325,491
0106_2.jpg,0200_4.jpg,106,200,2,4,cross_same_same,0,325,607
0106_2.jpg,0204_4.jpg,106,204,2,4,cross_same_same,0,325,623
0106_2.jpg,0216_4.jpg,106,216,2,4,cross_same_same,0,325,667
0106_2.jpg,0219_4.jpg,106,219,2,4,cross_same_same,0,325,675
0106_2.jpg,0224_4.jpg,106,224,2,4,cross_same_same,0,325,695
0106_2.jpg,0237_4.jpg,106,237,2,4,cross_same_same,0,325,735
0106_2.jpg,0239_4.jpg,106,239,2,4,cross_same_same,0,325,743
0106_2.jpg,0248_4.jpg,106,248,2,4,cross_same_same,0,325,779
0106_2.jpg,0266_4.jpg,106,266,2,4,cross_same_same,0,325,847
0106_2.jpg,0271_4.jpg,106,271,2,4,cross_same_same,0,325,867
0106_2.jpg,0279_4.jpg,106,279,2,4,cross_same_same,0,325,895
0106_2.jpg,0282_4.jpg,106,282,2,4,cross_same_same,0,325,903
0109_2.jpg,0006_4.jpg,109,6,2,4,cross_same_same,0,333,19
0109_2.jpg,0012_4.jpg,109,12,2,4,cross_same_same,0,333,43
0109_2.jpg,0015_4.jpg,109,15,2,4,cross_same_same,0,333,47
0109_2.jpg,0018_4.jpg,109,18,2,4,cross_same_same,0,333,51
0109_2.jpg,0035_4.jpg,109,35,2,4,cross_same_same,0,333,111
0109_2.jpg,0042_4.jpg,109,42,2,4,cross_same_same,0,333,127
0109_2.jpg,0043_4.jpg,109,43,2,4,cross_same_same,0,333,131
0109_2.jpg,0060_4.jpg,109,60,2,4,cross_same_same,0,333,175
0109_2.jpg,0066_4.jpg,109,66,2,4,cross_same_same,0,333,195
0109_2.jpg,0067_4.jpg,109,67,2,4,cross_same_same,0,333,199
0109_2.jpg,0079_4.jpg,109,79,2,4,cross_same_same,0,333,243
0109_2.jpg,0086_4.jpg,109,86,2,4,cross_same_same,0,333,259
0109_2.jpg,0087_4.jpg,109,87,2,4,cross_same_same,0,333,263
0109_2.jpg,0089_4.jpg,109,89,2,4,cross_same_same,0,333,267
0109_2.jpg,0091_4.jpg,109,91,2,4,cross_same_same,0,333,275
0109_2.jpg,0093_4.jpg,109,93,2,4,cross_same_same,0,333,283
0109_2.jpg,0106_4.jpg,109,106,2,4,cross_same_same,0,333,327
0109_2.jpg,0109_4.jpg,109,109,2,4,cross_same_same,1,333,335
0109_2.jpg,0114_4.jpg,109,114,2,4,cross_same_same,0,333,343
0109_2.jpg,0130_4.jpg,109,130,2,4,cross_same_same,0,333,391
0109_2.jpg,0132_4.jpg,109,132,2,4,cross_same_same,0,333,399
0109_2.jpg,0148_4.jpg,109,148,2,4,cross_same_same,0,333,447
0109_2.jpg,0154_4.jpg,109,154,2,4,cross_same_same,0,333,463
0109_2.jpg,0161_4.jpg,109,161,2,4,cross_same_same,0,333,491
0109_2.jpg,0200_4.jpg,109,200,2,4,cross_same_same,0,333,607
0109_2.jpg,0204_4.jpg,109,204,2,4,cross_same_same,0,333,623
0109_2.jpg,0216_4.jpg,109,216,2,4,cross_same_same,0,333,667
0109_2.jpg,0219_4.jpg,109,219,2,4,cross_same_same,0,333,675
0109_2.jpg,0224_4.jpg,109,224,2,4,cross_same_same,0,333,695
0109_2.jpg,0237_4.jpg,109,237,2,4,cross_same_same,0,333,735
0109_2.jpg,0239_4.jpg,109,239,2,4,cross_same_same,0,333,743
0109_2.jpg,0248_4.jpg,109,248,2,4,cross_same_same,0,333,779
0109_2.jpg,0266_4.jpg,109,266,2,4,cross_same_same,0,333,847
0109_2.jpg,0271_4.jpg,109,271,2,4,cross_same_same,0,333,867
0109_2.jpg,0279_4.jpg,109,279,2,4,cross_same_same,0,333,895
0109_2.jpg,0282_4.jpg,109,282,2,4,cross_same_same,0,333,903
0114_2.jpg,0006_4.jpg,114,6,2,4,cross_same_same,0,341,19
0114_2.jpg,0012_4.jpg,114,12,2,4,cross_same_same,0,341,43
0114_2.jpg,0015_4.jpg,114,15,2,4,cross_same_same,0,341,47
0114_2.jpg,0018_4.jpg,114,18,2,4,cross_same_same,0,341,51
0114_2.jpg,0035_4.jpg,114,35,2,4,cross_same_same,0,341,111
0114_2.jpg,0042_4.jpg,114,42,2,4,cross_same_same,0,341,127
0114_2.jpg,0043_4.jpg,114,43,2,4,cross_same_same,0,341,131
0114_2.jpg,0060_4.jpg,114,60,2,4,cross_same_same,0,341,175
0114_2.jpg,0066_4.jpg,114,66,2,4,cross_same_same,0,341,195
0114_2.jpg,0067_4.jpg,114,67,2,4,cross_same_same,0,341,199
0114_2.jpg,0079_4.jpg,114,79,2,4,cross_same_same,0,341,243
0114_2.jpg,0086_4.jpg,114,86,2,4,cross_same_same,0,341,259
0114_2.jpg,0087_4.jpg,114,87,2,4,cross_same_same,0,341,263
0114_2.jpg,0089_4.jpg,114,89,2,4,cross_same_same,0,341,267
0114_2.jpg,0091_4.jpg,114,91,2,4,cross_same_same,0,341,275
0114_2.jpg,0093_4.jpg,114,93,2,4,cross_same_same,0,341,283
0114_2.jpg,0106_4.jpg,114,106,2,4,cross_same_same,0,341,327
0114_2.jpg,0109_4.jpg,114,109,2,4,cross_same_same,0,341,335
0114_2.jpg,0114_4.jpg,114,114,2,4,cross_same_same,1,341,343
0114_2.jpg,0130_4.jpg,114,130,2,4,cross_same_same,0,341,391
0114_2.jpg,0132_4.jpg,114,132,2,4,cross_same_same,0,341,399
0114_2.jpg,0148_4.jpg,114,148,2,4,cross_same_same,0,341,447
0114_2.jpg,0154_4.jpg,114,154,2,4,cross_same_same,0,341,463
0114_2.jpg,0161_4.jpg,114,161,2,4,cross_same_same,0,341,491
0114_2.jpg,0200_4.jpg,114,200,2,4,cross_same_same,0,341,607
0114_2.jpg,0204_4.jpg,114,204,2,4,cross_same_same,0,341,623
0114_2.jpg,0216_4.jpg,114,216,2,4,cross_same_same,0,341,667
0114_2.jpg,0219_4.jpg,114,219,2,4,cross_same_same,0,341,675
0114_2.jpg,0224_4.jpg,114,224,2,4,cross_same_same,0,341,695
0114_2.jpg,0237_4.jpg,114,237,2,4,cross_same_same,0,341,735
0114_2.jpg,0239_4.jpg,114,239,2,4,cross_same_same,0,341,743
0114_2.jpg,0248_4.jpg,114,248,2,4,cross_same_same,0,341,779
0114_2.jpg,0266_4.jpg,114,266,2,4,cross_same_same,0,341,847
0114_2.jpg,0271_4.jpg,114,271,2,4,cross_same_same,0,341,867
0114_2.jpg,0279_4.jpg,114,279,2,4,cross_same_same,0,341,895
0114_2.jpg,0282_4.jpg,114,282,2,4,cross_same_same,0,341,903
0130_2.jpg,0006_4.jpg,130,6,2,4,cross_same_same,0,389,19
0130_2.jpg,0012_4.jpg,130,12,2,4,cross_same_same,0,389,43
0130_2.jpg,0015_4.jpg,130,15,2,4,cross_same_same,0,389,47
0130_2.jpg,0018_4.jpg,130,18,2,4,cross_same_same,0,389,51
0130_2.jpg,0035_4.jpg,130,35,2,4,cross_same_same,0,389,111
0130_2.jpg,0042_4.jpg,130,42,2,4,cross_same_same,0,389,127
0130_2.jpg,0043_4.jpg,130,43,2,4,cross_same_same,0,389,131
0130_2.jpg,0060_4.jpg,130,60,2,4,cross_same_same,0,389,175
0130_2.jpg,0066_4.jpg,130,66,2,4,cross_same_same,0,389,195
0130_2.jpg,0067_4.jpg,130,67,2,4,cross_same_same,0,389,199
0130_2.jpg,0079_4.jpg,130,79,2,4,cross_same_same,0,389,243
0130_2.jpg,0086_4.jpg,130,86,2,4,cross_same_same,0,389,259
0130_2.jpg,0087_4.jpg,130,87,2,4,cross_same_same,0,389,263
0130_2.jpg,0089_4.jpg,130,89,2,4,cross_same_same,0,389,267
0130_2.jpg,0091_4.jpg,130,91,2,4,cross_same_same,0,389,275
0130_2.jpg,0093_4.jpg,130,93,2,4,cross_same_same,0,389,283
0130_2.jpg,0106_4.jpg,130,106,2,4,cross_same_same,0,389,327
0130_2.jpg,0109_4.jpg,130,109,2,4,cross_same_same,0,389,335
0130_2.jpg,0114_4.jpg,130,114,2,4,cross_same_same,0,389,343
0130_2.jpg,0130_4.jpg,130,130,2,4,cross_same_same,1,389,391
0130_2.jpg,0132_4.jpg,130,132,2,4,cross_same_same,0,389,399
0130_2.jpg,0148_4.jpg,130,148,2,4,cross_same_same,0,389,447
0130_2.jpg,0154_4.jpg,130,154,2,4,cross_same_same,0,389,463
0130_2.jpg,0161_4.jpg,130,161,2,4,cross_same_same,0,389,491
0130_2.jpg,0200_4.jpg,130,200,2,4,cross_same_same,0,389,607
0130_2.jpg,0204_4.jpg,130,204,2,4,cross_same_same,0,389,623
0130_2.jpg,0216_4.jpg,130,216,2,4,cross_same_same,0,389,667
0130_2.jpg,0219_4.jpg,130,219,2,4,cross_same_same,0,389,675
0130_2.jpg,0224_4.jpg,130,224,2,4,cross_same_same,0,389,695
0130_2.jpg,0237_4.jpg,130,237,2,4,cross_same_same,0,389,735
0130_2.jpg,0239_4.jpg,130,239,2,4,cross_same_same,0,389,743
0130_2.jpg,0248_4.jpg,130,248,2,4,cross_same_same,0,389,779
0130_2.jpg,0266_4.jpg,130,266,2,4,cross_same_same,0,389,847
0130_2.jpg,0271_4.jpg,130,271,2,4,cross_same_same,0,389,867
0130_2.jpg,0279_4.jpg,130,279,2,4,cross_same_same,0,389,895
0130_2.jpg,0282_4.jpg,130,282,2,4,cross_same_same,0,389,903
0132_2.jpg,0006_4.jpg,132,6,2,4,cross_same_same,0,397,19
0132_2.jpg,0012_4.jpg,132,12,2,4,cross_same_same,0,397,43
0132_2.jpg,0015_4.jpg,132,15,2,4,cross_same_same,0,397,47
0132_2.jpg,0018_4.jpg,132,18,2,4,cross_same_same,0,397,51
0132_2.jpg,0035_4.jpg,132,35,2,4,cross_same_same,0,397,111
0132_2.jpg,0042_4.jpg,132,42,2,4,cross_same_same,0,397,127
0132_2.jpg,0043_4.jpg,132,43,2,4,cross_same_same,0,397,131
0132_2.jpg,0060_4.jpg,132,60,2,4,cross_same_same,0,397,175
0132_2.jpg,0066_4.jpg,132,66,2,4,cross_same_same,0,397,195
0132_2.jpg,0067_4.jpg,132,67,2,4,cross_same_same,0,397,199
0132_2.jpg,0079_4.jpg,132,79,2,4,cross_same_same,0,397,243
0132_2.jpg,0086_4.jpg,132,86,2,4,cross_same_same,0,397,259
0132_2.jpg,0087_4.jpg,132,87,2,4,cross_same_same,0,397,263
0132_2.jpg,0089_4.jpg,132,89,2,4,cross_same_same,0,397,267
0132_2.jpg,0091_4.jpg,132,91,2,4,cross_same_same,0,397,275
0132_2.jpg,0093_4.jpg,132,93,2,4,cross_same_same,0,397,283
0132_2.jpg,0106_4.jpg,132,106,2,4,cross_same_same,0,397,327
0132_2.jpg,0109_4.jpg,132,109,2,4,cross_same_same,0,397,335
0132_2.jpg,0114_4.jpg,132,114,2,4,cross_same_same,0,397,343
0132_2.jpg,0130_4.jpg,132,130,2,4,cross_same_same,0,397,391
0132_2.jpg,0132_4.jpg,132,132,2,4,cross_same_same,1,397,399
0132_2.jpg,0148_4.jpg,132,148,2,4,cross_same_same,0,397,447
0132_2.jpg,0154_4.jpg,132,154,2,4,cross_same_same,0,397,463
0132_2.jpg,0161_4.jpg,132,161,2,4,cross_same_same,0,397,491
0132_2.jpg,0200_4.jpg,132,200,2,4,cross_same_same,0,397,607
0132_2.jpg,0204_4.jpg,132,204,2,4,cross_same_same,0,397,623
0132_2.jpg,0216_4.jpg,132,216,2,4,cross_same_same,0,397,667
0132_2.jpg,0219_4.jpg,132,219,2,4,cross_same_same,0,397,675
0132_2.jpg,0224_4.jpg,132,224,2,4,cross_same_same,0,397,695
0132_2.jpg,0237_4.jpg,132,237,2,4,cross_same_same,0,397,735
0132_2.jpg,0239_4.jpg,132,239,2,4,cross_same_same,0,397,743
0132_2.jpg,0248_4.jpg,132,248,2,4,cross_same_same,0,397,779
0132_2.jpg,0266_4.jpg,132,266,2,4,cross_same_same,0,397,847
0132_2.jpg,0271_4.jpg,132,271,2,4,cross_same_same,0,397,867
0132_2.jpg,0279_4.jpg,132,279,2,4,cross_same_same,0,397,895
0132_2.jpg,0282_4.jpg,132,282,2,4,cross_same_same,0,397,903
0148_2.jpg,0006_4.jpg,148,6,2,4,cross_same_same,0,445,19
0148_2.jpg,0012_4.jpg,148,12,2,4,cross_same_same,0,445,43
0148_2.jpg,0015_4.jpg,148,15,2,4,cross_same_same,0,445,47
0148_2.jpg,0018_4.jpg,148,18,2,4,cross_same_same,0,445,51
0148_2.jpg,0035_4.jpg,148,35,2,4,cross_same_same,0,445,111
0148_2.jpg,0042_4.jpg,148,42,2,4,cross_same_same,0,445,127
0148_2.jpg,0043_4.jpg,148,43,2,4,cross_same_same,0,445,131
0148_2.jpg,0060_4.jpg,148,60,2,4,cross_same_same,0,445,175
0148_2.jpg,0066_4.jpg,148,66,2,4,cross_same_same,0,445,195
0148_2.jpg,0067_4.jpg,148,67,2,4,cross_same_same,0,445,199
0148_2.jpg,0079_4.jpg,148,79,2,4,cross_same_same,0,445,243
0148_2.jpg,0086_4.jpg,148,86,2,4,cross_same_same,0,445,259
0148_2.jpg,0087_4.jpg,148,87,2,4,cross_same_same,0,445,263
0148_2.jpg,0089_4.jpg,148,89,2,4,cross_same_same,0,445,267
0148_2.jpg,0091_4.jpg,148,91,2,4,cross_same_same,0,445,275
0148_2.jpg,0093_4.jpg,148,93,2,4,cross_same_same,0,445,283
0148_2.jpg,0106_4.jpg,148,106,2,4,cross_same_same,0,445,327
0148_2.jpg,0109_4.jpg,148,109,2,4,cross_same_same,0,445,335
0148_2.jpg,0114_4.jpg,148,114,2,4,cross_same_same,0,445,343
0148_2.jpg,0130_4.jpg,148,130,2,4,cross_same_same,0,445,391
0148_2.jpg,0132_4.jpg,148,132,2,4,cross_same_same,0,445,399
0148_2.jpg,0148_4.jpg,148,148,2,4,cross_same_same,1,445,447
0148_2.jpg,0154_4.jpg,148,154,2,4,cross_same_same,0,445,463
0148_2.jpg,0161_4.jpg,148,161,2,4,cross_same_same,0,445,491
0148_2.jpg,0200_4.jpg,148,200,2,4,cross_same_same,0,445,607
0148_2.jpg,0204_4.jpg,148,204,2,4,cross_same_same,0,445,623
0148_2.jpg,0216_4.jpg,148,216,2,4,cross_same_same,0,445,667
0148_2.jpg,0219_4.jpg,148,219,2,4,cross_same_same,0,445,675
0148_2.jpg,0224_4.jpg,148,224,2,4,cross_same_same,0,445,695
0148_2.jpg,0237_4.jpg,148,237,2,4,cross_same_same,0,445,735
0148_2.jpg,0239_4.jpg,148,239,2,4,cross_same_same,0,445,743
0148_2.jpg,0248_4.jpg,148,248,2,4,cross_same_same,0,445,779
0148_2.jpg,0266_4.jpg,148,266,2,4,cross_same_same,0,445,847
0148_2.jpg,0271_4.jpg,148,271,2,4,cross_same_same,0,445,867
0148_2.jpg,0279_4.jpg,148,279,2,4,cross_same_same,0,445,895
0148_2.jpg,0282_4.jpg,148,282,2,4,cross_same_same,0,445,903
0154_2.jpg,0006_4.jpg,154,6,2,4,cross_same_same,0,461,19
0154_2.jpg,0012_4.jpg,154,12,2,4,cross_same_same,0,461,43
0154_2.jpg,0015_4.jpg,154,15,2,4,cross_same_same,0,461,47
0154_2.jpg,0018_4.jpg,154,18,2,4,cross_same_same,0,461,51
0154_2.jpg,0035_4.jpg,154,35,2,4,cross_same_same,0,461,111
0154_2.jpg,0042_4.jpg,154,42,2,4,cross_same_same,0,461,127
0154_2.jpg,0043_4.jpg,154,43,2,4,cross_same_same,0,461,131
0154_2.jpg,0060_4.jpg,154,60,2,4,cross_same_same,0,461,175
0154_2.jpg,0066_4.jpg,154,66,2,4,cross_same_same,0,461,195
0154_2.jpg,0067_4.jpg,154,67,2,4,cross_same_same,0,461,199
0154_2.jpg,0079_4.jpg,154,79,2,4,cross_same_same,0,461,243
0154_2.jpg,0086_4.jpg,154,86,2,4,cross_same_same,0,461,259
0154_2.jpg,0087_4.jpg,154,87,2,4,cross_same_same,0,461,263
0154_2.jpg,0089_4.jpg,154,89,2,4,cross_same_same,0,461,267
0154_2.jpg,0091_4.jpg,154,91,2,4,cross_same_same,0,461,275
0154_2.jpg,0093_4.jpg,154,93,2,4,cross_same_same,0,461,283
0154_2.jpg,0106_4.jpg,154,106,2,4,cross_same_same,0,461,327
0154_2.jpg,0109_4.jpg,154,109,2,4,cross_same_same,0,461,335
0154_2.jpg,0114_4.jpg,154,114,2,4,cross_same_same,0,461,343
0154_2.jpg,0130_4.jpg,154,130,2,4,cross_same_same,0,461,391
0154_2.jpg,0132_4.jpg,154,132,2,4,cross_same_same,0,461,399
0154_2.jpg,0148_4.jpg,154,148,2,4,cross_same_same,0,461,447
0154_2.jpg,0154_4.jpg,154,154,2,4,cross_same_same,1,461,463
0154_2.jpg,0161_4.jpg,154,161,2,4,cross_same_same,0,461,491
0154_2.jpg,0200_4.jpg,154,200,2,4,cross_same_same,0,461,607
0154_2.jpg,0204_4.jpg,154,204,2,4,cross_same_same,0,461,623
0154_2.jpg,0216_4.jpg,154,216,2,4,cross_same_same,0,461,667
0154_2.jpg,0219_4.jpg,154,219,2,4,cross_same_same,0,461,675
0154_2.jpg,0224_4.jpg,154,224,2,4,cross_same_same,0,461,695
0154_2.jpg,0237_4.jpg,154,237,2,4,cross_same_same,0,461,735
0154_2.jpg,0239_4.jpg,154,239,2,4,cross_same_same,0,461,743
0154_2.jpg,0248_4.jpg,154,248,2,4,cross_same_same,0,461,779
0154_2.jpg,0266_4.jpg,154,266,2,4,cross_same_same,0,461,847
0154_2.jpg,0271_4.jpg,154,271,2,4,cross_same_same,0,461,867
0154_2.jpg,0279_4.jpg,154,279,2,4,cross_same_same,0,461,895
0154_2.jpg,0282_4.jpg,154,282,2,4,cross_same_same,0,461,903
0161_2.jpg,0006_4.jpg,161,6,2,4,cross_same_same,0,489,19
0161_2.jpg,0012_4.jpg,161,12,2,4,cross_same_same,0,489,43
0161_2.jpg,0015_4.jpg,161,15,2,4,cross_same_same,0,489,47
0161_2.jpg,0018_4.jpg,161,18,2,4,cross_same_same,0,489,51
0161_2.jpg,0035_4.jpg,161,35,2,4,cross_same_same,0,489,111
0161_2.jpg,0042_4.jpg,161,42,2,4,cross_same_same,0,489,127
0161_2.jpg,0043_4.jpg,161,43,2,4,cross_same_same,0,489,131
0161_2.jpg,0060_4.jpg,161,60,2,4,cross_same_same,0,489,175
0161_2.jpg,0066_4.jpg,161,66,2,4,cross_same_same,0,489,195
0161_2.jpg,0067_4.jpg,161,67,2,4,cross_same_same,0,489,199
0161_2.jpg,0079_4.jpg,161,79,2,4,cross_same_same,0,489,243
0161_2.jpg,0086_4.jpg,161,86,2,4,cross_same_same,0,489,259
0161_2.jpg,0087_4.jpg,161,87,2,4,cross_same_same,0,489,263
0161_2.jpg,0089_4.jpg,161,89,2,4,cross_same_same,0,489,267
0161_2.jpg,0091_4.jpg,161,91,2,4,cross_same_same,0,489,275
0161_2.jpg,0093_4.jpg,161,93,2,4,cross_same_same,0,489,283
0161_2.jpg,0106_4.jpg,161,106,2,4,cross_same_same,0,489,327
0161_2.jpg,0109_4.jpg,161,109,2,4,cross_same_same,0,489,335
0161_2.jpg,0114_4.jpg,161,114,2,4,cross_same_same,0,489,343
0161_2.jpg,0130_4.jpg,161,130,2,4,cross_same_same,0,489,391
0161_2.jpg,0132_4.jpg,161,132,2,4,cross_same_same,0,489,399
0161_2.jpg,0148_4.jpg,161,148,2,4,cross_same_same,0,489,447
0161_2.jpg,0154_4.jpg,161,154,2,4,cross_same_same,0,489,463
0161_2.jpg,0161_4.jpg,161,161,2,4,cross_same_same,1,489,491
0161_2.jpg,0200_4.jpg,161,200,2,4,cross_same_same,0,489,607
0161_2.jpg,0204_4.jpg,161,204,2,4,cross_same_same,0,489,623
0161_2.jpg,0216_4.jpg,161,216,2,4,cross_same_same,0,489,667
0161_2.jpg,0219_4.jpg,161,219,2,4,cross_same_same,0,489,675
0161_2.jpg,0224_4.jpg,161,224,2,4,cross_same_same,0,489,695
0161_2.jpg,0237_4.jpg,161,237,2,4,cross_same_same,0,489,735
0161_2.jpg,0239_4.jpg,161,239,2,4,cross_same_same,0,489,743
0161_2.jpg,0248_4.jpg,161,248,2,4,cross_same_same,0,489,779
0161_2.jpg,0266_4.jpg,161,266,2,4,cross_same_same,0,489,847
0161_2.jpg,0271_4.jpg,161,271,2,4,cross_same_same,0,489,867
0161_2.jpg,0279_4.jpg,161,279,2,4,cross_same_same,0,489,895
0161_2.jpg,0282_4.jpg,161,282,2,4,cross_same_same,0,489,903
0200_2.jpg,0006_4.jpg,200,6,2,4,cross_same_same,0,605,19
0200_2.jpg,0012_4.jpg,200,12,2,4,cross_same_same,0,605,43
0200_2.jpg,0015_4.jpg,200,15,2,4,cross_same_same,0,605,47
0200_2.jpg,0018_4.jpg,200,18,2,4,cross_same_same,0,605,51
0200_2.jpg,0035_4.jpg,200,35,2,4,cross_same_same,0,605,111
0200_2.jpg,0042_4.jpg,200,42,2,4,cross_same_same,0,605,127
0200_2.jpg,0043_4.jpg,200,43,2,4,cross_same_same,0,605,131
0200_2.jpg,0060_4.jpg,200,60,2,4,cross_same_same,0,605,175
0200_2.jpg,0066_4.jpg,200,66,2,4,cross_same_same,0,605,195
0200_2.jpg,0067_4.jpg,200,67,2,4,cross_same_same,0,605,199
0200_2.jpg,0079_4.jpg,200,79,2,4,cross_same_same,0,605,243
0200_2.jpg,0086_4.jpg,200,86,2,4,cross_same_same,0,605,259
0200_2.jpg,0087_4.jpg,200,87,2,4,cross_same_same,0,605,263
0200_2.jpg,0089_4.jpg,200,89,2,4,cross_same_same,0,605,267
0200_2.jpg,0091_4.jpg,200,91,2,4,cross_same_same,0,605,275
0200_2.jpg,0093_4.jpg,200,93,2,4,cross_same_same,0,605,283
0200_2.jpg,0106_4.jpg,200,106,2,4,cross_same_same,0,605,327
0200_2.jpg,0109_4.jpg,200,109,2,4,cross_same_same,0,605,335
0200_2.jpg,0114_4.jpg,200,114,2,4,cross_same_same,0,605,343
0200_2.jpg,0130_4.jpg,200,130,2,4,cross_same_same,0,605,391
0200_2.jpg,0132_4.jpg,200,132,2,4,cross_same_same,0,605,399
0200_2.jpg,0148_4.jpg,200,148,2,4,cross_same_same,0,605,447
0200_2.jpg,0154_4.jpg,200,154,2,4,cross_same_same,0,605,463
0200_2.jpg,0161_4.jpg,200,161,2,4,cross_same_same,0,605,491
0200_2.jpg,0200_4.jpg,200,200,2,4,cross_same_same,1,605,607
0200_2.jpg,0204_4.jpg,200,204,2,4,cross_same_same,0,605,623
0200_2.jpg,0216_4.jpg,200,216,2,4,cross_same_same,0,605,667
0200_2.jpg,0219_4.jpg,200,219,2,4,cross_same_same,0,605,675
0200_2.jpg,0224_4.jpg,200,224,2,4,cross_same_same,0,605,695
0200_2.jpg,0237_4.jpg,200,237,2,4,cross_same_same,0,605,735
0200_2.jpg,0239_4.jpg,200,239,2,4,cross_same_same,0,605,743
0200_2.jpg,0248_4.jpg,200,248,2,4,cross_same_same,0,605,779
0200_2.jpg,0266_4.jpg,200,266,2,4,cross_same_same,0,605,847
0200_2.jpg,0271_4.jpg,200,271,2,4,cross_same_same,0,605,867
0200_2.jpg,0279_4.jpg,200,279,2,4,cross_same_same,0,605,895
0200_2.jpg,0282_4.jpg,200,282,2,4,cross_same_same,0,605,903
0204_2.jpg,0006_4.jpg,204,6,2,4,cross_same_same,0,621,19
0204_2.jpg,0012_4.jpg,204,12,2,4,cross_same_same,0,621,43
0204_2.jpg,0015_4.jpg,204,15,2,4,cross_same_same,0,621,47
0204_2.jpg,0018_4.jpg,204,18,2,4,cross_same_same,0,621,51
0204_2.jpg,0035_4.jpg,204,35,2,4,cross_same_same,0,621,111
0204_2.jpg,0042_4.jpg,204,42,2,4,cross_same_same,0,621,127
0204_2.jpg,0043_4.jpg,204,43,2,4,cross_same_same,0,621,131
0204_2.jpg,0060_4.jpg,204,60,2,4,cross_same_same,0,621,175
0204_2.jpg,0066_4.jpg,204,66,2,4,cross_same_same,0,621,195
0204_2.jpg,0067_4.jpg,204,67,2,4,cross_same_same,0,621,199
0204_2.jpg,0079_4.jpg,204,79,2,4,cross_same_same,0,621,243
0204_2.jpg,0086_4.jpg,204,86,2,4,cross_same_same,0,621,259
0204_2.jpg,0087_4.jpg,204,87,2,4,cross_same_same,0,621,263
0204_2.jpg,0089_4.jpg,204,89,2,4,cross_same_same,0,621,267
0204_2.jpg,0091_4.jpg,204,91,2,4,cross_same_same,0,621,275
0204_2.jpg,0093_4.jpg,204,93,2,4,cross_same_same,0,621,283
0204_2.jpg,0106_4.jpg,204,106,2,4,cross_same_same,0,621,327
0204_2.jpg,0109_4.jpg,204,109,2,4,cross_same_same,0,621,335
0204_2.jpg,0114_4.jpg,204,114,2,4,cross_same_same,0,621,343
0204_2.jpg,0130_4.jpg,204,130,2,4,cross_same_same,0,621,391
0204_2.jpg,0132_4.jpg,204,132,2,4,cross_same_same,0,621,399
0204_2.jpg,0148_4.jpg,204,148,2,4,cross_same_same,0,621,447
0204_2.jpg,0154_4.jpg,204,154,2,4,cross_same_same,0,621,463
0204_2.jpg,0161_4.jpg,204,161,2,4,cross_same_same,0,621,491
0204_2.jpg,0200_4.jpg,204,200,2,4,cross_same_same,0,621,607
0204_2.jpg,0204_4.jpg,204,204,2,4,cross_same_same,1,621,623
0204_2.jpg,0216_4.jpg,204,216,2,4,cross_same_same,0,621,667
0204_2.jpg,0219_4.jpg,204,219,2,4,cross_same_same,0,621,675
0204_2.jpg,0224_4.jpg,204,224,2,4,cross_same_same,0,621,695
0204_2.jpg,0237_4.jpg,204,237,2,4,cross_same_same,0,621,735
0204_2.jpg,0239_4.jpg,204,239,2,4,cross_same_same,0,621,743
0204_2.jpg,0248_4.jpg,204,248,2,4,cross_same_same,0,621,779
0204_2.jpg,0266_4.jpg,204,266,2,4,cross_same_same,0,621,847
0204_2.jpg,0271_4.jpg,204,271,2,4,cross_same_same,0,621,867
0204_2.jpg,0279_4.jpg,204,279,2,4,cross_same_same,0,621,895
0204_2.jpg,0282_4.jpg,204,282,2,4,cross_same_same,0,621,903
0216_2.jpg,0006_4.jpg,216,6,2,4,cross_same_same,0,665,19
0216_2.jpg,0012_4.jpg,216,12,2,4,cross_same_same,0,665,43
0216_2.jpg,0015_4.jpg,216,15,2,4,cross_same_same,0,665,47
0216_2.jpg,0018_4.jpg,216,18,2,4,cross_same_same,0,665,51
0216_2.jpg,0035_4.jpg,216,35,2,4,cross_same_same,0,665,111
0216_2.jpg,0042_4.jpg,216,42,2,4,cross_same_same,0,665,127
0216_2.jpg,0043_4.jpg,216,43,2,4,cross_same_same,0,665,131
0216_2.jpg,0060_4.jpg,216,60,2,4,cross_same_same,0,665,175
0216_2.jpg,0066_4.jpg,216,66,2,4,cross_same_same,0,665,195
0216_2.jpg,0067_4.jpg,216,67,2,4,cross_same_same,0,665,199
0216_2.jpg,0079_4.jpg,216,79,2,4,cross_same_same,0,665,243
0216_2.jpg,0086_4.jpg,216,86,2,4,cross_same_same,0,665,259
0216_2.jpg,0087_4.jpg,216,87,2,4,cross_same_same,0,665,263
0216_2.jpg,0089_4.jpg,216,89,2,4,cross_same_same,0,665,267
0216_2.jpg,0091_4.jpg,216,91,2,4,cross_same_same,0,665,275
0216_2.jpg,0093_4.jpg,216,93,2,4,cross_same_same,0,665,283
0216_2.jpg,0106_4.jpg,216,106,2,4,cross_same_same,0,665,327
0216_2.jpg,0109_4.jpg,216,109,2,4,cross_same_same,0,665,335
0216_2.jpg,0114_4.jpg,216,114,2,4,cross_same_same,0,665,343
0216_2.jpg,0130_4.jpg,216,130,2,4,cross_same_same,0,665,391
0216_2.jpg,0132_4.jpg,216,132,2,4,cross_same_same,0,665,399
0216_2.jpg,0148_4.jpg,216,148,2,4,cross_same_same,0,665,447
0216_2.jpg,0154_4.jpg,216,154,2,4,cross_same_same,0,665,463
0216_2.jpg,0161_4.jpg,216,161,2,4,cross_same_same,0,665,491
0216_2.jpg,0200_4.jpg,216,200,2,4,cross_same_same,0,665,607
0216_2.jpg,0204_4.jpg,216,204,2,4,cross_same_same,0,665,623
0216_2.jpg,0216_4.jpg,216,216,2,4,cross_same_same,1,665,667
0216_2.jpg,0219_4.jpg,216,219,2,4,cross_same_same,0,665,675
0216_2.jpg,0224_4.jpg,216,224,2,4,cross_same_same,0,665,695
0216_2.jpg,0237_4.jpg,216,237,2,4,cross_same_same,0,665,735
0216_2.jpg,0239_4.jpg,216,239,2,4,cross_same_same,0,665,743
0216_2.jpg,0248_4.jpg,216,248,2,4,cross_same_same,0,665,779
0216_2.jpg,0266_4.jpg,216,266,2,4,cross_same_same,0,665,847
0216_2.jpg,0271_4.jpg,216,271,2,4,cross_same_same,0,665,867
0216_2.jpg,0279_4.jpg,216,279,2,4,cross_same_same,0,665,895
0216_2.jpg,0282_4.jpg,216,282,2,4,cross_same_same,0,665,903
0219_2.jpg,0006_4.jpg,219,6,2,4,cross_same_same,0,673,19
0219_2.jpg,0012_4.jpg,219,12,2,4,cross_same_same,0,673,43
0219_2.jpg,0015_4.jpg,219,15,2,4,cross_same_same,0,673,47
0219_2.jpg,0018_4.jpg,219,18,2,4,cross_same_same,0,673,51
0219_2.jpg,0035_4.jpg,219,35,2,4,cross_same_same,0,673,111
0219_2.jpg,0042_4.jpg,219,42,2,4,cross_same_same,0,673,127
0219_2.jpg,0043_4.jpg,219,43,2,4,cross_same_same,0,673,131
0219_2.jpg,0060_4.jpg,219,60,2,4,cross_same_same,0,673,175
0219_2.jpg,0066_4.jpg,219,66,2,4,cross_same_same,0,673,195
0219_2.jpg,0067_4.jpg,219,67,2,4,cross_same_same,0,673,199
0219_2.jpg,0079_4.jpg,219,79,2,4,cross_same_same,0,673,243
0219_2.jpg,0086_4.jpg,219,86,2,4,cross_same_same,0,673,259
0219_2.jpg,0087_4.jpg,219,87,2,4,cross_same_same,0,673,263
0219_2.jpg,0089_4.jpg,219,89,2,4,cross_same_same,0,673,267
0219_2.jpg,0091_4.jpg,219,91,2,4,cross_same_same,0,673,275
0219_2.jpg,0093_4.jpg,219,93,2,4,cross_same_same,0,673,283
0219_2.jpg,0106_4.jpg,219,106,2,4,cross_same_same,0,673,327
0219_2.jpg,0109_4.jpg,219,109,2,4,cross_same_same,0,673,335
0219_2.jpg,0114_4.jpg,219,114,2,4,cross_same_same,0,673,343
0219_2.jpg,0130_4.jpg,219,130,2,4,cross_same_same,0,673,391
0219_2.jpg,0132_4.jpg,219,132,2,4,cross_same_same,0,673,399
0219_2.jpg,0148_4.jpg,219,148,2,4,cross_same_same,0,673,447
0219_2.jpg,0154_4.jpg,219,154,2,4,cross_same_same,0,673,463
0219_2.jpg,0161_4.jpg,219,161,2,4,cross_same_same,0,673,491
0219_2.jpg,0200_4.jpg,219,200,2,4,cross_same_same,0,673,607
0219_2.jpg,0204_4.jpg,219,204,2,4,cross_same_same,0,673,623
0219_2.jpg,0216_4.jpg,219,216,2,4,cross_same_same,0,673,667
0219_2.jpg,0219_4.jpg,219,219,2,4,cross_same_same,1,673,675
0219_2.jpg,0224_4.jpg,219,224,2,4,cross_same_same,0,673,695
0219_2.jpg,0237_4.jpg,219,237,2,4,cross_same_same,0,673,735
0219_2.jpg,0239_4.jpg,219,239,2,4,cross_same_same,0,673,743
0219_2.jpg,0248_4.jpg,219,248,2,4,cross_same_same,0,673,779
0219_2.jpg,0266_4.jpg,219,266,2,4,cross_same_same,0,673,847
0219_2.jpg,0271_4.jpg,219,271,2,4,cross_same_same,0,673,867
0219_2.jpg,0279_4.jpg,219,279,2,4,cross_same_same,0,673,895
0219_2.jpg,0282_4.jpg,219,282,2,4,cross_same_same,0,673,903
0224_2.jpg,0006_4.jpg,224,6,2,4,cross_same_same,0,693,19
0224_2.jpg,0012_4.jpg,224,12,2,4,cross_same_same,0,693,43
0224_2.jpg,0015_4.jpg,224,15,2,4,cross_same_same,0,693,47
0224_2.jpg,0018_4.jpg,224,18,2,4,cross_same_same,0,693,51
0224_2.jpg,0035_4.jpg,224,35,2,4,cross_same_same,0,693,111
0224_2.jpg,0042_4.jpg,224,42,2,4,cross_same_same,0,693,127
0224_2.jpg,0043_4.jpg,224,43,2,4,cross_same_same,0,693,131
0224_2.jpg,0060_4.jpg,224,60,2,4,cross_same_same,0,693,175
0224_2.jpg,0066_4.jpg,224,66,2,4,cross_same_same,0,693,195
0224_2.jpg,0067_4.jpg,224,67,2,4,cross_same_same,0,693,199
0224_2.jpg,0079_4.jpg,224,79,2,4,cross_same_same,0,693,243
0224_2.jpg,0086_4.jpg,224,86,2,4,cross_same_same,0,693,259
0224_2.jpg,0087_4.jpg,224,87,2,4,cross_same_same,0,693,263
0224_2.jpg,0089_4.jpg,224,89,2,4,cross_same_same,0,693,267
0224_2.jpg,0091_4.jpg,224,91,2,4,cross_same_same,0,693,275
0224_2.jpg,0093_4.jpg,224,93,2,4,cross_same_same,0,693,283
0224_2.jpg,0106_4.jpg,224,106,2,4,cross_same_same,0,693,327
0224_2.jpg,0109_4.jpg,224,109,2,4,cross_same_same,0,693,335
0224_2.jpg,0114_4.jpg,224,114,2,4,cross_same_same,0,693,343
0224_2.jpg,0130_4.jpg,224,130,2,4,cross_same_same,0,693,391
0224_2.jpg,0132_4.jpg,224,132,2,4,cross_same_same,0,693,399
0224_2.jpg,0148_4.jpg,224,148,2,4,cross_same_same,0,693,447
0224_2.jpg,0154_4.jpg,224,154,2,4,cross_same_same,0,693,463
0224_2.jpg,0161_4.jpg,224,161,2,4,cross_same_same,0,693,491
0224_2.jpg,0200_4.jpg,224,200,2,4,cross_same_same,0,693,607
0224_2.jpg,0204_4.jpg,224,204,2,4,cross_same_same,0,693,623
0224_2.jpg,0216_4.jpg,224,216,2,4,cross_same_same,0,693,667
0224_2.jpg,0219_4.jpg,224,219,2,4,cross_same_same,0,693,675
0224_2.jpg,0224_4.jpg,224,224,2,4,cross_same_same,1,693,695
0224_2.jpg,0237_4.jpg,224,237,2,4,cross_same_same,0,693,735
0224_2.jpg,0239_4.jpg,224,239,2,4,cross_same_same,0,693,743
0224_2.jpg,0248_4.jpg,224,248,2,4,cross_same_same,0,693,779
0224_2.jpg,0266_4.jpg,224,266,2,4,cross_same_same,0,693,847
0224_2.jpg,0271_4.jpg,224,271,2,4,cross_same_same,0,693,867
0224_2.jpg,0279_4.jpg,224,279,2,4,cross_same_same,0,693,895
0224_2.jpg,0282_4.jpg,224,282,2,4,cross_same_same,0,693,903
0237_2.jpg,0006_4.jpg,237,6,2,4,cross_same_same,0,733,19
0237_2.jpg,0012_4.jpg,237,12,2,4,cross_same_same,0,733,43
0237_2.jpg,0015_4.jpg,237,15,2,4,cross_same_same,0,733,47
0237_2.jpg,0018_4.jpg,237,18,2,4,cross_same_same,0,733,51
0237_2.jpg,0035_4.jpg,237,35,2,4,cross_same_same,0,733,111
0237_2.jpg,0042_4.jpg,237,42,2,4,cross_same_same,0,733,127
0237_2.jpg,0043_4.jpg,237,43,2,4,cross_same_same,0,733,131
0237_2.jpg,0060_4.jpg,237,60,2,4,cross_same_same,0,733,175
0237_2.jpg,0066_4.jpg,237,66,2,4,cross_same_same,0,733,195
0237_2.jpg,0067_4.jpg,237,67,2,4,cross_same_same,0,733,199
0237_2.jpg,0079_4.jpg,237,79,2,4,cross_same_same,0,733,243
0237_2.jpg,0086_4.jpg,237,86,2,4,cross_same_same,0,733,259
0237_2.jpg,0087_4.jpg,237,87,2,4,cross_same_same,0,733,263
0237_2.jpg,0089_4.jpg,237,89,2,4,cross_same_same,0,733,267
0237_2.jpg,0091_4.jpg,237,91,2,4,cross_same_same,0,733,275
0237_2.jpg,0093_4.jpg,237,93,2,4,cross_same_same,0,733,283
0237_2.jpg,0106_4.jpg,237,106,2,4,cross_same_same,0,733,327
0237_2.jpg,0109_4.jpg,237,109,2,4,cross_same_same,0,733,335
0237_2.jpg,0114_4.jpg,237,114,2,4,cross_same_same,0,733,343
0237_2.jpg,0130_4.jpg,237,130,2,4,cross_same_same,0,733,391
0237_2.jpg,0132_4.jpg,237,132,2,4,cross_same_same,0,733,399
0237_2.jpg,0148_4.jpg,237,148,2,4,cross_same_same,0,733,447
0237_2.jpg,0154_4.jpg,237,154,2,4,cross_same_same,0,733,463
0237_2.jpg,0161_4.jpg,237,161,2,4,cross_same_same,0,733,491
0237_2.jpg,0200_4.jpg,237,200,2,4,cross_same_same,0,733,607
0237_2.jpg,0204_4.jpg,237,204,2,4,cross_same_same,0,733,623
0237_2.jpg,0216_4.jpg,237,216,2,4,cross_same_same,0,733,667
0237_2.jpg,0219_4.jpg,237,219,2,4,cross_same_same,0,733,675
0237_2.jpg,0224_4.jpg,237,224,2,4,cross_same_same,0,733,695
0237_2.jpg,0237_4.jpg,237,237,2,4,cross_same_same,1,733,735
0237_2.jpg,0239_4.jpg,237,239,2,4,cross_same_same,0,733,743
0237_2.jpg,0248_4.jpg,237,248,2,4,cross_same_same,0,733,779
0237_2.jpg,0266_4.jpg,237,266,2,4,cross_same_same,0,733,847
0237_2.jpg,0271_4.jpg,237,271,2,4,cross_same_same,0,733,867
0237_2.jpg,0279_4.jpg,237,279,2,4,cross_same_same,0,733,895
0237_2.jpg,0282_4.jpg,237,282,2,4,cross_same_same,0,733,903
0239_2.jpg,0006_4.jpg,239,6,2,4,cross_same_same,0,741,19
0239_2.jpg,0012_4.jpg,239,12,2,4,cross_same_same,0,741,43
0239_2.jpg,0015_4.jpg,239,15,2,4,cross_same_same,0,741,47
0239_2.jpg,0018_4.jpg,239,18,2,4,cross_same_same,0,741,51
0239_2.jpg,0035_4.jpg,239,35,2,4,cross_same_same,0,741,111
0239_2.jpg,0042_4.jpg,239,42,2,4,cross_same_same,0,741,127
0239_2.jpg,0043_4.jpg,239,43,2,4,cross_same_same,0,741,131
0239_2.jpg,0060_4.jpg,239,60,2,4,cross_same_same,0,741,175
0239_2.jpg,0066_4.jpg,239,66,2,4,cross_same_same,0,741,195
0239_2.jpg,0067_4.jpg,239,67,2,4,cross_same_same,0,741,199
0239_2.jpg,0079_4.jpg,239,79,2,4,cross_same_same,0,741,243
0239_2.jpg,0086_4.jpg,239,86,2,4,cross_same_same,0,741,259
0239_2.jpg,0087_4.jpg,239,87,2,4,cross_same_same,0,741,263
0239_2.jpg,0089_4.jpg,239,89,2,4,cross_same_same,0,741,267
0239_2.jpg,0091_4.jpg,239,91,2,4,cross_same_same,0,741,275
0239_2.jpg,0093_4.jpg,239,93,2,4,cross_same_same,0,741,283
0239_2.jpg,0106_4.jpg,239,106,2,4,cross_same_same,0,741,327
0239_2.jpg,0109_4.jpg,239,109,2,4,cross_same_same,0,741,335
0239_2.jpg,0114_4.jpg,239,114,2,4,cross_same_same,0,741,343
0239_2.jpg,0130_4.jpg,239,130,2,4,cross_same_same,0,741,391
0239_2.jpg,0132_4.jpg,239,132,2,4,cross_same_same,0,741,399
0239_2.jpg,0148_4.jpg,239,148,2,4,cross_same_same,0,741,447
0239_2.jpg,0154_4.jpg,239,154,2,4,cross_same_same,0,741,463
0239_2.jpg,0161_4.jpg,239,161,2,4,cross_same_same,0,741,491
0239_2.jpg,0200_4.jpg,239,200,2,4,cross_same_same,0,741,607
0239_2.jpg,0204_4.jpg,239,204,2,4,cross_same_same,0,741,623
0239_2.jpg,0216_4.jpg,239,216,2,4,cross_same_same,0,741,667
0239_2.jpg,0219_4.jpg,239,219,2,4,cross_same_same,0,741,675
0239_2.jpg,0224_4.jpg,239,224,2,4,cross_same_same,0,741,695
0239_2.jpg,0237_4.jpg,239,237,2,4,cross_same_same,0,741,735
0239_2.jpg,0239_4.jpg,239,239,2,4,cross_same_same,1,741,743
0239_2.jpg,0248_4.jpg,239,248,2,4,cross_same_same,0,741,779
0239_2.jpg,0266_4.jpg,239,266,2,4,cross_same_same,0,741,847
0239_2.jpg,0271_4.jpg,239,271,2,4,cross_same_same,0,741,867
0239_2.jpg,0279_4.jpg,239,279,2,4,cross_same_same,0,741,895
0239_2.jpg,0282_4.jpg,239,282,2,4,cross_same_same,0,741,903
0248_2.jpg,0006_4.jpg,248,6,2,4,cross_same_same,0,777,19
0248_2.jpg,0012_4.jpg,248,12,2,4,cross_same_same,0,777,43
0248_2.jpg,0015_4.jpg,248,15,2,4,cross_same_same,0,777,47
0248_2.jpg,0018_4.jpg,248,18,2,4,cross_same_same,0,777,51
0248_2.jpg,0035_4.jpg,248,35,2,4,cross_same_same,0,777,111
0248_2.jpg,0042_4.jpg,248,42,2,4,cross_same_same,0,777,127
0248_2.jpg,0043_4.jpg,248,43,2,4,cross_same_same,0,777,131
0248_2.jpg,0060_4.jpg,248,60,2,4,cross_same_same,0,777,175
0248_2.jpg,0066_4.jpg,248,66,2,4,cross_same_same,0,777,195
0248_2.jpg,0067_4.jpg,248,67,2,4,cross_same_same,0,777,199
0248_2.jpg,0079_4.jpg,248,79,2,4,cross_same_same,0,777,243
0248_2.jpg,0086_4.jpg,248,86,2,4,cross_same_same,0,777,259
0248_2.jpg,0087_4.jpg,248,87,2,4,cross_same_same,0,777,263
0248_2.jpg,0089_4.jpg,248,89,2,4,cross_same_same,0,777,267
0248_2.jpg,0091_4.jpg,248,91,2,4,cross_same_same,0,777,275
0248_2.jpg,0093_4.jpg,248,93,2,4,cross_same_same,0,777,283
0248_2.jpg,0106_4.jpg,248,106,2,4,cross_same_same,0,777,327
0248_2.jpg,0109_4.jpg,248,109,2,4,cross_same_same,0,777,335
0248_2.jpg,0114_4.jpg,248,114,2,4,cross_same_same,0,777,343
0248_2.jpg,0130_4.jpg,248,130,2,4,cross_same_same,0,777,391
0248_2.jpg,0132_4.jpg,248,132,2,4,cross_same_same,0,777,399
0248_2.jpg,0148_4.jpg,248,148,2,4,cross_same_same,0,777,447
0248_2.jpg,0154_4.jpg,248,154,2,4,cross_same_same,0,777,463
0248_2.jpg,0161_4.jpg,248,161,2,4,cross_same_same,0,777,491
0248_2.jpg,0200_4.jpg,248,200,2,4,cross_same_same,0,777,607
0248_2.jpg,0204_4.jpg,248,204,2,4,cross_same_same,0,777,623
0248_2.jpg,0216_4.jpg,248,216,2,4,cross_same_same,0,777,667
0248_2.jpg,0219_4.jpg,248,219,2,4,cross_same_same,0,777,675
0248_2.jpg,0224_4.jpg,248,224,2,4,cross_same_same,0,777,695
0248_2.jpg,0237_4.jpg,248,237,2,4,cross_same_same,0,777,735
0248_2.jpg,0239_4.jpg,248,239,2,4,cross_same_same,0,777,743
0248_2.jpg,0248_4.jpg,248,248,2,4,cross_same_same,1,777,779
0248_2.jpg,0266_4.jpg,248,266,2,4,cross_same_same,0,777,847
0248_2.jpg,0271_4.jpg,248,271,2,4,cross_same_same,0,777,867
0248_2.jpg,0279_4.jpg,248,279,2,4,cross_same_same,0,777,895
0248_2.jpg,0282_4.jpg,248,282,2,4,cross_same_same,0,777,903
0266_2.jpg,0006_4.jpg,266,6,2,4,cross_same_same,0,845,19
0266_2.jpg,0012_4.jpg,266,12,2,4,cross_same_same,0,845,43
0266_2.jpg,0015_4.jpg,266,15,2,4,cross_same_same,0,845,47
0266_2.jpg,0018_4.jpg,266,18,2,4,cross_same_same,0,845,51
0266_2.jpg,0035_4.jpg,266,35,2,4,cross_same_same,0,845,111
0266_2.jpg,0042_4.jpg,266,42,2,4,cross_same_same,0,845,127
0266_2.jpg,0043_4.jpg,266,43,2,4,cross_same_same,0,845,131
0266_2.jpg,0060_4.jpg,266,60,2,4,cross_same_same,0,845,175
0266_2.jpg,0066_4.jpg,266,66,2,4,cross_same_same,0,845,195
0266_2.jpg,0067_4.jpg,266,67,2,4,cross_same_same,0,845,199
0266_2.jpg,0079_4.jpg,266,79,2,4,cross_same_same,0,845,243
0266_2.jpg,0086_4.jpg,266,86,2,4,cross_same_same,0,845,259
0266_2.jpg,0087_4.jpg,266,87,2,4,cross_same_same,0,845,263
0266_2.jpg,0089_4.jpg,266,89,2,4,cross_same_same,0,845,267
0266_2.jpg,0091_4.jpg,266,91,2,4,cross_same_same,0,845,275
0266_2.jpg,0093_4.jpg,266,93,2,4,cross_same_same,0,845,283
0266_2.jpg,0106_4.jpg,266,106,2,4,cross_same_same,0,845,327
0266_2.jpg,0109_4.jpg,266,109,2,4,cross_same_same,0,845,335
0266_2.jpg,0114_4.jpg,266,114,2,4,cross_same_same,0,845,343
0266_2.jpg,0130_4.jpg,266,130,2,4,cross_same_same,0,845,391
0266_2.jpg,0132_4.jpg,266,132,2,4,cross_same_same,0,845,399
0266_2.jpg,0148_4.jpg,266,148,2,4,cross_same_same,0,845,447
0266_2.jpg,0154_4.jpg,266,154,2,4,cross_same_same,0,845,463
0266_2.jpg,0161_4.jpg,266,161,2,4,cross_same_same,0,845,491
0266_2.jpg,0200_4.jpg,266,200,2,4,cross_same_same,0,845,607
0266_2.jpg,0204_4.jpg,266,204,2,4,cross_same_same,0,845,623
0266_2.jpg,0216_4.jpg,266,216,2,4,cross_same_same,0,845,667
0266_2.jpg,0219_4.jpg,266,219,2,4,cross_same_same,0,845,675
0266_2.jpg,0224_4.jpg,266,224,2,4,cross_same_same,0,845,695
0266_2.jpg,0237_4.jpg,266,237,2,4,cross_same_same,0,845,735
0266_2.jpg,0239_4.jpg,266,239,2,4,cross_same_same,0,845,743
0266_2.jpg,0248_4.jpg,266,248,2,4,cross_same_same,0,845,779
0266_2.jpg,0266_4.jpg,266,266,2,4,cross_same_same,1,845,847
0266_2.jpg,0271_4.jpg,266,271,2,4,cross_same_same,0,845,867
0266_2.jpg,0279_4.jpg,266,279,2,4,cross_same_same,0,845,895
0266_2.jpg,0282_4.jpg,266,282,2,4,cross_same_same,0,845,903
0271_2.jpg,0006_4.jpg,271,6,2,4,cross_same_same,0,865,19
0271_2.jpg,0012_4.jpg,271,12,2,4,cross_same_same,0,865,43
0271_2.jpg,0015_4.jpg,271,15,2,4,cross_same_same,0,865,47
0271_2.jpg,0018_4.jpg,271,18,2,4,cross_same_same,0,865,51
0271_2.jpg,0035_4.jpg,271,35,2,4,cross_same_same,0,865,111
0271_2.jpg,0042_4.jpg,271,42,2,4,cross_same_same,0,865,127
0271_2.jpg,0043_4.jpg,271,43,2,4,cross_same_same,0,865,131
0271_2.jpg,0060_4.jpg,271,60,2,4,cross_same_same,0,865,175
0271_2.jpg,0066_4.jpg,271,66,2,4,cross_same_same,0,865,195
0271_2.jpg,0067_4.jpg,271,67,2,4,cross_same_same,0,865,199
0271_2.jpg,0079_4.jpg,271,79,2,4,cross_same_same,0,865,243
0271_2.jpg,0086_4.jpg,271,86,2,4,cross_same_same,0,865,259
0271_2.jpg,0087_4.jpg,271,87,2,4,cross_same_same,0,865,263
0271_2.jpg,0089_4.jpg,271,89,2,4,cross_same_same,0,865,267
0271_2.jpg,0091_4.jpg,271,91,2,4,cross_same_same,0,865,275
0271_2.jpg,0093_4.jpg,271,93,2,4,cross_same_same,0,865,283
0271_2.jpg,0106_4.jpg,271,106,2,4,cross_same_same,0,865,327
0271_2.jpg,0109_4.jpg,271,109,2,4,cross_same_same,0,865,335
0271_2.jpg,0114_4.jpg,271,114,2,4,cross_same_same,0,865,343
0271_2.jpg,0130_4.jpg,271,130,2,4,cross_same_same,0,865,391
0271_2.jpg,0132_4.jpg,271,132,2,4,cross_same_same,0,865,399
0271_2.jpg,0148_4.jpg,271,148,2,4,cross_same_same,0,865,447
0271_2.jpg,0154_4.jpg,271,154,2,4,cross_same_same,0,865,463
0271_2.jpg,0161_4.jpg,271,161,2,4,cross_same_same,0,865,491
0271_2.jpg,0200_4.jpg,271,200,2,4,cross_same_same,0,865,607
0271_2.jpg,0204_4.jpg,271,204,2,4,cross_same_same,0,865,623
0271_2.jpg,0216_4.jpg,271,216,2,4,cross_same_same,0,865,667
0271_2.jpg,0219_4.jpg,271,219,2,4,cross_same_same,0,865,675
0271_2.jpg,0224_4.jpg,271,224,2,4,cross_same_same,0,865,695
0271_2.jpg,0237_4.jpg,271,237,2,4,cross_same_same,0,865,735
0271_2.jpg,0239_4.jpg,271,239,2,4,cross_same_same,0,865,743
0271_2.jpg,0248_4.jpg,271,248,2,4,cross_same_same,0,865,779
0271_2.jpg,0266_4.jpg,271,266,2,4,cross_same_same,0,865,847
0271_2.jpg,0271_4.jpg,271,271,2,4,cross_same_same,1,865,867
0271_2.jpg,0279_4.jpg,271,279,2,4,cross_same_same,0,865,895
0271_2.jpg,0282_4.jpg,271,282,2,4,cross_same_same,0,865,903
0279_2.jpg,0006_4.jpg,279,6,2,4,cross_same_same,0,893,19
0279_2.jpg,0012_4.jpg,279,12,2,4,cross_same_same,0,893,43
0279_2.jpg,0015_4.jpg,279,15,2,4,cross_same_same,0,893,47
0279_2.jpg,0018_4.jpg,279,18,2,4,cross_same_same,0,893,51
0279_2.jpg,0035_4.jpg,279,35,2,4,cross_same_same,0,893,111
0279_2.jpg,0042_4.jpg,279,42,2,4,cross_same_same,0,893,127
0279_2.jpg,0043_4.jpg,279,43,2,4,cross_same_same,0,893,131
0279_2.jpg,0060_4.jpg,279,60,2,4,cross_same_same,0,893,175
0279_2.jpg,0066_4.jpg,279,66,2,4,cross_same_same,0,893,195
0279_2.jpg,0067_4.jpg,279,67,2,4,cross_same_same,0,893,199
0279_2.jpg,0079_4.jpg,279,79,2,4,cross_same_same,0,893,243
0279_2.jpg,0086_4.jpg,279,86,2,4,cross_same_same,0,893,259
0279_2.jpg,0087_4.jpg,279,87,2,4,cross_same_same,0,893,263
0279_2.jpg,0089_4.jpg,279,89,2,4,cross_same_same,0,893,267
0279_2.jpg,0091_4.jpg,279,91,2,4,cross_same_same,0,893,275
0279_2.jpg,0093_4.jpg,279,93,2,4,cross_same_same,0,893,283
0279_2.jpg,0106_4.jpg,279,106,2,4,cross_same_same,0,893,327
0279_2.jpg,0109_4.jpg,279,109,2,4,cross_same_same,0,893,335
0279_2.jpg,0114_4.jpg,279,114,2,4,cross_same_same,0,893,343
0279_2.jpg,0130_4.jpg,279,130,2,4,cross_same_same,0,893,391
0279_2.jpg,0132_4.jpg,279,132,2,4,cross_same_same,0,893,399
0279_2.jpg,0148_4.jpg,279,148,2,4,cross_same_same,0,893,447
0279_2.jpg,0154_4.jpg,279,154,2,4,cross_same_same,0,893,463
0279_2.jpg,0161_4.jpg,279,161,2,4,cross_same_same,0,893,491
0279_2.jpg,0200_4.jpg,279,200,2,4,cross_same_same,0,893,607
0279_2.jpg,0204_4.jpg,279,204,2,4,cross_same_same,0,893,623
0279_2.jpg,0216_4.jpg,279,216,2,4,cross_same_same,0,893,667
0279_2.jpg,0219_4.jpg,279,219,2,4,cross_same_same,0,893,675
0279_2.jpg,0224_4.jpg,279,224,2,4,cross_same_same,0,893,695
0279_2.jpg,0237_4.jpg,279,237,2,4,cross_same_same,0,893,735
0279_2.jpg,0239_4.jpg,279,239,2,4,cross_same_same,0,893,743
0279_2.jpg,0248_4.jpg,279,248,2,4,cross_same_same,0,893,779
0279_2.jpg,0266_4.jpg,279,266,2,4,cross_same_same,0,893,847
0279_2.jpg,0271_4.jpg,279,271,2,4,cross_same_same,0,893,867
0279_2.jpg,0279_4.jpg,279,279,2,4,cross_same_same,1,893,895
0279_2.jpg,0282_4.jpg,279,282,2,4,cross_same_same,0,893,903
0282_2.jpg,0006_4.jpg,282,6,2,4,cross_same_same,0,901,19
0282_2.jpg,0012_4.jpg,282,12,2,4,cross_same_same,0,901,43
0282_2.jpg,0015_4.jpg,282,15,2,4,cross_same_same,0,901,47
0282_2.jpg,0018_4.jpg,282,18,2,4,cross_same_same,0,901,51
0282_2.jpg,0035_4.jpg,282,35,2,4,cross_same_same,0,901,111
0282_2.jpg,0042_4.jpg,282,42,2,4,cross_same_same,0,901,127
0282_2.jpg,0043_4.jpg,282,43,2,4,cross_same_same,0,901,131
0282_2.jpg,0060_4.jpg,282,60,2,4,cross_same_same,0,901,175
0282_2.jpg,0066_4.jpg,282,66,2,4,cross_same_same,0,901,195
0282_2.jpg,0067_4.jpg,282,67,2,4,cross_same_same,0,901,199
0282_2.jpg,0079_4.jpg,282,79,2,4,cross_same_same,0,901,243
0282_2.jpg,0086_4.jpg,282,86,2,4,cross_same_same,0,901,259
0282_2.jpg,0087_4.jpg,282,87,2,4,cross_same_same,0,901,263
0282_2.jpg,0089_4.jpg,282,89,2,4,cross_same_same,0,901,267
0282_2.jpg,0091_4.jpg,282,91,2,4,cross_same_same,0,901,275
0282_2.jpg,0093_4.jpg,282,93,2,4,cross_same_same,0,901,283
0282_2.jpg,0106_4.jpg,282,106,2,4,cross_same_same,0,901,327
0282_2.jpg,0109_4.jpg,282,109,2,4,cross_same_same,0,901,335
0282_2.jpg,0114_4.jpg,282,114,2,4,cross_same_same,0,901,343
0282_2.jpg,0130_4.jpg,282,130,2,4,cross_same_same,0,901,391
0282_2.jpg,0132_4.jpg,282,132,2,4,cross_same_same,0,901,399
0282_2.jpg,0148_4.jpg,282,148,2,4,cross_same_same,0,901,447
0282_2.jpg,0154_4.jpg,282,154,2,4,cross_same_same,0,901,463
0282_2.jpg,0161_4.jpg,282,161,2,4,cross_same_same,0,901,491
0282_2.jpg,0200_4.jpg,282,200,2,4,cross_same_same,0,901,607
0282_2.jpg,0204_4.jpg,282,204,2,4,cross_same_same,0,901,623
0282_2.jpg,0216_4.jpg,282,216,2,4,cross_same_same,0,901,667
0282_2.jpg,0219_4.jpg,282,219,2,4,cross_same_same,0,901,675
0282_2.jpg,0224_4.jpg,282,224,2,4,cross_same_same,0,901,695
0282_2.jpg,0237_4.jpg,282,237,2,4,cross_same_same,0,901,735
0282_2.jpg,0239_4.jpg,282,239,2,4,cross_same_same,0,901,743
0282_2.jpg,0248_4.jpg,282,248,2,4,cross_same_same,0,901,779
0282_2.jpg,0266_4.jpg,282,266,2,4,cross_same_same,0,901,847
0282_2.jpg,0271_4.jpg,282,271,2,4,cross_same_same,0,901,867
0282_2.jpg,0279_4.jpg,282,279,2,4,cross_same_same,0,901,895
0282_2.jpg,0282_4.jpg,282,282,2,4,cross_same_same,1,901,903
