role,condition,left_writer,right_writer,left_filename,right_filename,label
selection,cross_variable_variable,6,6,0006_1.jpg,0006_3.jpg,1
selection,cross_variable_variable,6,12,0006_1.jpg,0012_3.jpg,0
selection,cross_variable_variable,6,15,0006_1.jpg,0015_3.jpg,0
selection,cross_variable_variable,6,18,0006_1.jpg,0018_3.jpg,0
selection,cross_variable_variable,6,35,0006_1.jpg,0035_3.jpg,0
selection,cross_variable_variable,6,42,0006_1.jpg,0042_3.jpg,0
selection,cross_variable_variable,6,43,0006_1.jpg,0043_3.jpg,0
selection,cross_variable_variable,6,60,0006_1.jpg,0060_3.jpg,0
selection,cross_variable_variable,6,66,0006_1.jpg,0066_3.jpg,0
selection,cross_variable_variable,6,67,0006_1.jpg,0067_3.jpg,0
selection,cross_variable_variable,6,79,0006_1.jpg,0079_3.jpg,0
selection,cross_variable_variable,6,86,0006_1.jpg,0086_3.jpg,0
selection,cross_variable_variable,6,87,0006_1.jpg,0087_3.jpg,0
selection,cross_variable_variable,6,89,0006_1.jpg,0089_3.jpg,0
selection,cross_variable_variable,6,91,0006_1.jpg,0091_3.jpg,0
selection,cross_variable_variable,6,93,0006_1.jpg,0093_3.jpg,0
selection,cross_variable_variable,6,106,0006_1.jpg,0106_3.jpg,0
selection,cross_variable_variable,6,109,0006_1.jpg,0109_3.jpg,0
selection,cross_variable_variable,6,114,0006_1.jpg,0114_3.jpg,0
selection,cross_variable_variable,6,130,0006_1.jpg,0130_3.jpg,0
selection,cross_variable_variable,6,132,0006_1.jpg,0132_3.jpg,0
selection,cross_variable_variable,6,148,0006_1.jpg,0148_3.jpg,0
selection,cross_variable_variable,6,154,0006_1.jpg,0154_3.jpg,0
selection,cross_variable_variable,6,161,0006_1.jpg,0161_3.jpg,0
selection,cross_variable_variable,6,200,0006_1.jpg,0200_3.jpg,0
selection,cross_variable_variable,6,204,0006_1.jpg,0204_3.jpg,0
selection,cross_variable_variable,6,216,0006_1.jpg,0216_3.jpg,0
selection,cross_variable_variable,6,219,0006_1.jpg,0219_3.jpg,0
selection,cross_variable_variable,6,224,0006_1.jpg,0224_3.jpg,0
selection,cross_variable_variable,6,237,0006_1.jpg,0237_3.jpg,0
selection,cross_variable_variable,6,239,0006_1.jpg,0239_3.jpg,0
selection,cross_variable_variable,6,248,0006_1.jpg,0248_3.jpg,0
selection,cross_variable_variable,6,266,0006_1.jpg,0266_3.jpg,0
selection,cross_variable_variable,6,271,0006_1.jpg,0271_3.jpg,0
selection,cross_variable_variable,6,279,0006_1.jpg,0279_3.jpg,0
selection,cross_variable_variable,6,282,0006_1.jpg,0282_3.jpg,0
selection,cross_variable_variable,12,6,0012_1.jpg,0006_3.jpg,0
selection,cross_variable_variable,12,12,0012_1.jpg,0012_3.jpg,1
selection,cross_variable_variable,12,15,0012_1.jpg,0015_3.jpg,0
selection,cross_variable_variable,12,18,0012_1.jpg,0018_3.jpg,0
selection,cross_variable_variable,12,35,0012_1.jpg,0035_3.jpg,0
selection,cross_variable_variable,12,42,0012_1.jpg,0042_3.jpg,0
selection,cross_variable_variable,12,43,0012_1.jpg,0043_3.jpg,0
selection,cross_variable_variable,12,60,0012_1.jpg,0060_3.jpg,0
selection,cross_variable_variable,12,66,0012_1.jpg,0066_3.jpg,0
selection,cross_variable_variable,12,67,0012_1.jpg,0067_3.jpg,0
selection,cross_variable_variable,12,79,0012_1.jpg,0079_3.jpg,0
selection,cross_variable_variable,12,86,0012_1.jpg,0086_3.jpg,0
selection,cross_variable_variable,12,87,0012_1.jpg,0087_3.jpg,0
selection,cross_variable_variable,12,89,0012_1.jpg,0089_3.jpg,0
selection,cross_variable_variable,12,91,0012_1.jpg,0091_3.jpg,0
selection,cross_variable_variable,12,93,0012_1.jpg,0093_3.jpg,0
selection,cross_variable_variable,12,106,0012_1.jpg,0106_3.jpg,0
selection,cross_variable_variable,12,109,0012_1.jpg,0109_3.jpg,0
selection,cross_variable_variable,12,114,0012_1.jpg,0114_3.jpg,0
selection,cross_variable_variable,12,130,0012_1.jpg,0130_3.jpg,0
selection,cross_variable_variable,12,132,0012_1.jpg,0132_3.jpg,0
selection,cross_variable_variable,12,148,0012_1.jpg,0148_3.jpg,0
selection,cross_variable_variable,12,154,0012_1.jpg,0154_3.jpg,0
selection,cross_variable_variable,12,161,0012_1.jpg,0161_3.jpg,0
selection,cross_variable_variable,12,200,0012_1.jpg,0200_3.jpg,0
selection,cross_variable_variable,12,204,0012_1.jpg,0204_3.jpg,0
selection,cross_variable_variable,12,216,0012_1.jpg,0216_3.jpg,0
selection,cross_variable_variable,12,219,0012_1.jpg,0219_3.jpg,0
selection,cross_variable_variable,12,224,0012_1.jpg,0224_3.jpg,0
selection,cross_variable_variable,12,237,0012_1.jpg,0237_3.jpg,0
selection,cross_variable_variable,12,239,0012_1.jpg,0239_3.jpg,0
selection,cross_variable_variable,12,248,0012_1.jpg,0248_3.jpg,0
selection,cross_variable_variable,12,266,0012_1.jpg,0266_3.jpg,0
selection,cross_variable_variable,12,271,0012_1.jpg,0271_3.jpg,0
selection,cross_variable_variable,12,279,0012_1.jpg,0279_3.jpg,0
selection,cross_variable_variable,12,282,0012_1.jpg,0282_3.jpg,0
selection,cross_variable_variable,15,6,0015_1.jpg,0006_3.jpg,0
selection,cross_variable_variable,15,12,0015_1.jpg,0012_3.jpg,0
selection,cross_variable_variable,15,15,0015_1.jpg,0015_3.jpg,1
selection,cross_variable_variable,15,18,0015_1.jpg,0018_3.jpg,0
selection,cross_variable_variable,15,35,0015_1.jpg,0035_3.jpg,0
selection,cross_variable_variable,15,42,0015_1.jpg,0042_3.jpg,0
selection,cross_variable_variable,15,43,0015_1.jpg,0043_3.jpg,0
selection,cross_variable_variable,15,60,0015_1.jpg,0060_3.jpg,0
selection,cross_variable_variable,15,66,0015_1.jpg,0066_3.jpg,0
selection,cross_variable_variable,15,67,0015_1.jpg,0067_3.jpg,0
selection,cross_variable_variable,15,79,0015_1.jpg,0079_3.jpg,0
selection,cross_variable_variable,15,86,0015_1.jpg,0086_3.jpg,0
selection,cross_variable_variable,15,87,0015_1.jpg,0087_3.jpg,0
selection,cross_variable_variable,15,89,0015_1.jpg,0089_3.jpg,0
selection,cross_variable_variable,15,91,0015_1.jpg,0091_3.jpg,0
selection,cross_variable_variable,15,93,0015_1.jpg,0093_3.jpg,0
selection,cross_variable_variable,15,106,0015_1.jpg,0106_3.jpg,0
selection,cross_variable_variable,15,109,0015_1.jpg,0109_3.jpg,0
selection,cross_variable_variable,15,114,0015_1.jpg,0114_3.jpg,0
selection,cross_variable_variable,15,130,0015_1.jpg,0130_3.jpg,0
selection,cross_variable_variable,15,132,0015_1.jpg,0132_3.jpg,0
selection,cross_variable_variable,15,148,0015_1.jpg,0148_3.jpg,0
selection,cross_variable_variable,15,154,0015_1.jpg,0154_3.jpg,0
selection,cross_variable_variable,15,161,0015_1.jpg,0161_3.jpg,0
selection,cross_variable_variable,15,200,0015_1.jpg,0200_3.jpg,0
selection,cross_variable_variable,15,204,0015_1.jpg,0204_3.jpg,0
selection,cross_variable_variable,15,216,0015_1.jpg,0216_3.jpg,0
selection,cross_variable_variable,15,219,0015_1.jpg,0219_3.jpg,0
selection,cross_variable_variable,15,224,0015_1.jpg,0224_3.jpg,0
selection,cross_variable_variable,15,237,0015_1.jpg,0237_3.jpg,0
selection,cross_variable_variable,15,239,0015_1.jpg,0239_3.jpg,0
selection,cross_variable_variable,15,248,0015_1.jpg,0248_3.jpg,0
selection,cross_variable_variable,15,266,0015_1.jpg,0266_3.jpg,0
selection,cross_variable_variable,15,271,0015_1.jpg,0271_3.jpg,0
selection,cross_variable_variable,15,279,0015_1.jpg,0279_3.jpg,0
selection,cross_variable_variable,15,282,0015_1.jpg,0282_3.jpg,0
selection,cross_variable_variable,18,6,0018_1.jpg,0006_3.jpg,0
selection,cross_variable_variable,18,12,0018_1.jpg,0012_3.jpg,0
selection,cross_variable_variable,18,15,0018_1.jpg,0015_3.jpg,0
selection,cross_variable_variable,18,18,0018_1.jpg,0018_3.jpg,1
selection,cross_variable_variable,18,35,0018_1.jpg,0035_3.jpg,0
selection,cross_variable_variable,18,42,0018_1.jpg,0042_3.jpg,0
selection,cross_variable_variable,18,43,0018_1.jpg,0043_3.jpg,0
selection,cross_variable_variable,18,60,0018_1.jpg,0060_3.jpg,0
selection,cross_variable_variable,18,66,0018_1.jpg,0066_3.jpg,0
selection,cross_variable_variable,18,67,0018_1.jpg,0067_3.jpg,0
selection,cross_variable_variable,18,79,0018_1.jpg,0079_3.jpg,0
selection,cross_variable_variable,18,86,0018_1.jpg,0086_3.jpg,0
selection,cross_variable_variable,18,87,0018_1.jpg,0087_3.jpg,0
selection,cross_variable_variable,18,89,0018_1.jpg,0089_3.jpg,0
selection,cross_variable_variable,18,91,0018_1.jpg,0091_3.jpg,0
selection,cross_variable_variable,18,93,0018_1.jpg,0093_3.jpg,0
selection,cross_variable_variable,18,106,0018_1.jpg,0106_3.jpg,0
selection,cross_variable_variable,18,109,0018_1.jpg,0109_3.jpg,0
selection,cross_variable_variable,18,114,0018_1.jpg,0114_3.jpg,0
selection,cross_variable_variable,18,130,0018_1.jpg,0130_3.jpg,0
selection,cross_variable_variable,18,132,0018_1.jpg,0132_3.jpg,0
selection,cross_variable_variable,18,148,0018_1.jpg,0148_3.jpg,0
selection,cross_variable_variable,18,154,0018_1.jpg,0154_3.jpg,0
selection,cross_variable_variable,18,161,0018_1.jpg,0161_3.jpg,0
selection,cross_variable_variable,18,200,0018_1.jpg,0200_3.jpg,0
selection,cross_variable_variable,18,204,0018_1.jpg,0204_3.jpg,0
selection,cross_variable_variable,18,216,0018_1.jpg,0216_3.jpg,0
selection,cross_variable_variable,18,219,0018_1.jpg,0219_3.jpg,0
selection,cross_variable_variable,18,224,0018_1.jpg,0224_3.jpg,0
selection,cross_variable_variable,18,237,0018_1.jpg,0237_3.jpg,0
selection,cross_variable_variable,18,239,0018_1.jpg,0239_3.jpg,0
selection,cross_variable_variable,18,248,0018_1.jpg,0248_3.jpg,0
selection,cross_variable_variable,18,266,0018_1.jpg,0266_3.jpg,0
selection,cross_variable_variable,18,271,0018_1.jpg,0271_3.jpg,0
selection,cross_variable_variable,18,279,0018_1.jpg,0279_3.jpg,0
selection,cross_variable_variable,18,282,0018_1.jpg,0282_3.jpg,0
selection,cross_variable_variable,35,6,0035_1.jpg,0006_3.jpg,0
selection,cross_variable_variable,35,12,0035_1.jpg,0012_3.jpg,0
selection,cross_variable_variable,35,15,0035_1.jpg,0015_3.jpg,0
selection,cross_variable_variable,35,18,0035_1.jpg,0018_3.jpg,0
selection,cross_variable_variable,35,35,0035_1.jpg,0035_3.jpg,1
selection,cross_variable_variable,35,42,0035_1.jpg,0042_3.jpg,0
selection,cross_variable_variable,35,43,0035_1.jpg,0043_3.jpg,0
selection,cross_variable_variable,35,60,0035_1.jpg,0060_3.jpg,0
selection,cross_variable_variable,35,66,0035_1.jpg,0066_3.jpg,0
selection,cross_variable_variable,35,67,0035_1.jpg,0067_3.jpg,0
selection,cross_variable_variable,35,79,0035_1.jpg,0079_3.jpg,0
selection,cross_variable_variable,35,86,0035_1.jpg,0086_3.jpg,0
selection,cross_variable_variable,35,87,0035_1.jpg,0087_3.jpg,0
selection,cross_variable_variable,35,89,0035_1.jpg,0089_3.jpg,0
selection,cross_variable_variable,35,91,0035_1.jpg,0091_3.jpg,0
selection,cross_variable_variable,35,93,0035_1.jpg,0093_3.jpg,0
selection,cross_variable_variable,35,106,0035_1.jpg,0106_3.jpg,0
selection,cross_variable_variable,35,109,0035_1.jpg,0109_3.jpg,0
selection,cross_variable_variable,35,114,0035_1.jpg,0114_3.jpg,0
selection,cross_variable_variable,35,130,0035_1.jpg,0130_3.jpg,0
selection,cross_variable_variable,35,132,0035_1.jpg,0132_3.jpg,0
selection,cross_variable_variable,35,148,0035_1.jpg,0148_3.jpg,0
selection,cross_variable_variable,35,154,0035_1.jpg,0154_3.jpg,0
selection,cross_variable_variable,35,161,0035_1.jpg,0161_3.jpg,0
selection,cross_variable_variable,35,200,0035_1.jpg,0200_3.jpg,0
selection,cross_variable_variable,35,204,0035_1.jpg,0204_3.jpg,0
selection,cross_variable_variable,35,216,0035_1.jpg,0216_3.jpg,0
selection,cross_variable_variable,35,219,0035_1.jpg,0219_3.jpg,0
selection,cross_variable_variable,35,224,0035_1.jpg,0224_3.jpg,0
selection,cross_variable_variable,35,237,0035_1.jpg,0237_3.jpg,0
selection,cross_variable_variable,35,239,0035_1.jpg,0239_3.jpg,0
selection,cross_variable_variable,35,248,0035_1.jpg,0248_3.jpg,0
selection,cross_variable_variable,35,266,0035_1.jpg,0266_3.jpg,0
selection,cross_variable_variable,35,271,0035_1.jpg,0271_3.jpg,0
selection,cross_variable_variable,35,279,0035_1.jpg,0279_3.jpg,0
selection,cross_variable_variable,35,282,0035_1.jpg,0282_3.jpg,0
selection,cross_variable_variable,42,6,0042_1.jpg,0006_3.jpg,0
selection,cross_variable_variable,42,12,0042_1.jpg,0012_3.jpg,0
selection,cross_variable_variable,42,15,0042_1.jpg,0015_3.jpg,0
selection,cross_variable_variable,42,18,0042_1.jpg,0018_3.jpg,0
selection,cross_variable_variable,42,35,0042_1.jpg,0035_3.jpg,0
selection,cross_variable_variable,42,42,0042_1.jpg,0042_3.jpg,1
selection,cross_variable_variable,42,43,0042_1.jpg,0043_3.jpg,0
selection,cross_variable_variable,42,60,0042_1.jpg,0060_3.jpg,0
selection,cross_variable_variable,42,66,0042_1.jpg,0066_3.jpg,0
selection,cross_variable_variable,42,67,0042_1.jpg,0067_3.jpg,0
selection,cross_variable_variable,42,79,0042_1.jpg,0079_3.jpg,0
selection,cross_variable_variable,42,86,0042_1.jpg,0086_3.jpg,0
selection,cross_variable_variable,42,87,0042_1.jpg,0087_3.jpg,0
selection,cross_variable_variable,42,89,0042_1.jpg,0089_3.jpg,0
selection,cross_variable_variable,42,91,0042_1.jpg,0091_3.jpg,0
selection,cross_variable_variable,42,93,0042_1.jpg,0093_3.jpg,0
selection,cross_variable_variable,42,106,0042_1.jpg,0106_3.jpg,0
selection,cross_variable_variable,42,109,0042_1.jpg,0109_3.jpg,0
selection,cross_variable_variable,42,114,0042_1.jpg,0114_3.jpg,0
selection,cross_variable_variable,42,130,0042_1.jpg,0130_3.jpg,0
selection,cross_variable_variable,42,132,0042_1.jpg,0132_3.jpg,0
selection,cross_variable_variable,42,148,0042_1.jpg,0148_3.jpg,0
selection,cross_variable_variable,42,154,0042_1.jpg,0154_3.jpg,0
selection,cross_variable_variable,42,161,0042_1.jpg,0161_3.jpg,0
selection,cross_variable_variable,42,200,0042_1.jpg,0200_3.jpg,0
selection,cross_variable_variable,42,204,0042_1.jpg,0204_3.jpg,0
selection,cross_variable_variable,42,216,0042_1.jpg,0216_3.jpg,0
selection,cross_variable_variable,42,219,0042_1.jpg,0219_3.jpg,0
selection,cross_variable_variable,42,224,0042_1.jpg,0224_3.jpg,0
selection,cross_variable_variable,42,237,0042_1.jpg,0237_3.jpg,0
selection,cross_variable_variable,42,239,0042_1.jpg,0239_3.jpg,0
selection,cross_variable_variable,42,248,0042_1.jpg,0248_3.jpg,0
selection,cross_variable_variable,42,266,0042_1.jpg,0266_3.jpg,0
selection,cross_variable_variable,42,271,0042_1.jpg,0271_3.jpg,0
selection,cross_variable_variable,42,279,0042_1.jpg,0279_3.jpg,0
selection,cross_variable_variable,42,282,0042_1.jpg,0282_3.jpg,0
selection,cross_variable_variable,43,6,0043_1.jpg,0006_3.jpg,0
selection,cross_variable_variable,43,12,0043_1.jpg,0012_3.jpg,0
selection,cross_variable_variable,43,15,0043_1.jpg,0015_3.jpg,0
selection,cross_variable_variable,43,18,0043_1.jpg,0018_3.jpg,0
selection,cross_variable_variable,43,35,0043_1.jpg,0035_3.jpg,0
selection,cross_variable_variable,43,42,0043_1.jpg,0042_3.jpg,0
selection,cross_variable_variable,43,43,0043_1.jpg,0043_3.jpg,1
selection,cross_variable_variable,43,60,0043_1.jpg,0060_3.jpg,0
selection,cross_variable_variable,43,66,0043_1.jpg,0066_3.jpg,0
selection,cross_variable_variable,43,67,0043_1.jpg,0067_3.jpg,0
selection,cross_variable_variable,43,79,0043_1.jpg,0079_3.jpg,0
selection,cross_variable_variable,43,86,0043_1.jpg,0086_3.jpg,0
selection,cross_variable_variable,43,87,0043_1.jpg,0087_3.jpg,0
selection,cross_variable_variable,43,89,0043_1.jpg,0089_3.jpg,0
selection,cross_variable_variable,43,91,0043_1.jpg,0091_3.jpg,0
selection,cross_variable_variable,43,93,0043_1.jpg,0093_3.jpg,0
selection,cross_variable_variable,43,106,0043_1.jpg,0106_3.jpg,0
selection,cross_variable_variable,43,109,0043_1.jpg,0109_3.jpg,0
selection,cross_variable_variable,43,114,0043_1.jpg,0114_3.jpg,0
selection,cross_variable_variable,43,130,0043_1.jpg,0130_3.jpg,0
selection,cross_variable_variable,43,132,0043_1.jpg,0132_3.jpg,0
selection,cross_variable_variable,43,148,0043_1.jpg,0148_3.jpg,0
selection,cross_variable_variable,43,154,0043_1.jpg,0154_3.jpg,0
selection,cross_variable_variable,43,161,0043_1.jpg,0161_3.jpg,0
selection,cross_variable_variable,43,200,0043_1.jpg,0200_3.jpg,0
selection,cross_variable_variable,43,204,0043_1.jpg,0204_3.jpg,0
selection,cross_variable_variable,43,216,0043_1.jpg,0216_3.jpg,0
selection,cross_variable_variable,43,219,0043_1.jpg,0219_3.jpg,0
selection,cross_variable_variable,43,224,0043_1.jpg,0224_3.jpg,0
selection,cross_variable_variable,43,237,0043_1.jpg,0237_3.jpg,0
selection,cross_variable_variable,43,239,0043_1.jpg,0239_3.jpg,0
selection,cross_variable_variable,43,248,0043_1.jpg,0248_3.jpg,0
selection,cross_variable_variable,43,266,0043_1.jpg,0266_3.jpg,0
selection,cross_variable_variable,43,271,0043_1.jpg,0271_3.jpg,0
selection,cross_variable_variable,43,279,0043_1.jpg,0279_3.jpg,0
selection,cross_variable_variable,43,282,0043_1.jpg,0282_3.jpg,0
selection,cross_variable_variable,60,6,0060_1.jpg,0006_3.jpg,0
selection,cross_variable_variable,60,12,0060_1.jpg,0012_3.jpg,0
selection,cross_variable_variable,60,15,0060_1.jpg,0015_3.jpg,0
selection,cross_variable_variable,60,18,0060_1.jpg,0018_3.jpg,0
selection,cross_variable_variable,60,35,0060_1.jpg,0035_3.jpg,0
selection,cross_variable_variable,60,42,0060_1.jpg,0042_3.jpg,0
selection,cross_variable_variable,60,43,0060_1.jpg,0043_3.jpg,0
selection,cross_variable_variable,60,60,0060_1.jpg,0060_3.jpg,1
selection,cross_variable_variable,60,66,0060_1.jpg,0066_3.jpg,0
selection,cross_variable_variable,60,67,0060_1.jpg,0067_3.jpg,0
selection,cross_variable_variable,60,79,0060_1.jpg,0079_3.jpg,0
selection,cross_variable_variable,60,86,0060_1.jpg,0086_3.jpg,0
selection,cross_variable_variable,60,87,0060_1.jpg,0087_3.jpg,0
selection,cross_variable_variable,60,89,0060_1.jpg,0089_3.jpg,0
selection,cross_variable_variable,60,91,0060_1.jpg,0091_3.jpg,0
selection,cross_variable_variable,60,93,0060_1.jpg,0093_3.jpg,0
selection,cross_variable_variable,60,106,0060_1.jpg,0106_3.jpg,0
selection,cross_variable_variable,60,109,0060_1.jpg,0109_3.jpg,0
selection,cross_variable_variable,60,114,0060_1.jpg,0114_3.jpg,0
selection,cross_variable_variable,60,130,0060_1.jpg,0130_3.jpg,0
selection,cross_variable_variable,60,132,0060_1.jpg,0132_3.jpg,0
selection,cross_variable_variable,60,148,0060_1.jpg,0148_3.jpg,0
selection,cross_variable_variable,60,154,0060_1.jpg,0154_3.jpg,0
selection,cross_variable_variable,60,161,0060_1.jpg,0161_3.jpg,0
selection,cross_variable_variable,60,200,0060_1.jpg,0200_3.jpg,0
selection,cross_variable_variable,60,204,0060_1.jpg,0204_3.jpg,0
selection,cross_variable_variable,60,216,0060_1.jpg,0216_3.jpg,0
selection,cross_variable_variable,60,219,0060_1.jpg,0219_3.jpg,0
selection,cross_variable_variable,60,224,0060_1.jpg,0224_3.jpg,0
selection,cross_variable_variable,60,237,0060_1.jpg,0237_3.jpg,0
selection,cross_variable_variable,60,239,0060_1.jpg,0239_3.jpg,0
selection,cross_variable_variable,60,248,0060_1.jpg,0248_3.jpg,0
selection,cross_variable_variable,60,266,0060_1.jpg,0266_3.jpg,0
selection,cross_variable_variable,60,271,0060_1.jpg,0271_3.jpg,0
selection,cross_variable_variable,60,279,0060_1.jpg,0279_3.jpg,0
selection,cross_variable_variable,60,282,0060_1.jpg,0282_3.jpg,0
selection,cross_variable_variable,66,6,0066_1.jpg,0006_3.jpg,0
selection,cross_variable_variable,66,12,0066_1.jpg,0012_3.jpg,0
selection,cross_variable_variable,66,15,0066_1.jpg,0015_3.jpg,0
selection,cross_variable_variable,66,18,0066_1.jpg,0018_3.jpg,0
selection,cross_variable_variable,66,35,0066_1.jpg,0035_3.jpg,0
selection,cross_variable_variable,66,42,0066_1.jpg,0042_3.jpg,0
selection,cross_variable_variable,66,43,0066_1.jpg,0043_3.jpg,0
selection,cross_variable_variable,66,60,0066_1.jpg,0060_3.jpg,0
selection,cross_variable_variable,66,66,0066_1.jpg,0066_3.jpg,1
selection,cross_variable_variable,66,67,0066_1.jpg,0067_3.jpg,0
selection,cross_variable_variable,66,79,0066_1.jpg,0079_3.jpg,0
selection,cross_variable_variable,66,86,0066_1.jpg,0086_3.jpg,0
selection,cross_variable_variable,66,87,0066_1.jpg,0087_3.jpg,0
selection,cross_variable_variable,66,89,0066_1.jpg,0089_3.jpg,0
selection,cross_variable_variable,66,91,0066_1.jpg,0091_3.jpg,0
selection,cross_variable_variable,66,93,0066_1.jpg,0093_3.jpg,0
selection,cross_variable_variable,66,106,0066_1.jpg,0106_3.jpg,0
selection,cross_variable_variable,66,109,0066_1.jpg,0109_3.jpg,0
selection,cross_variable_variable,66,114,0066_1.jpg,0114_3.jpg,0
selection,cross_variable_variable,66,130,0066_1.jpg,0130_3.jpg,0
selection,cross_variable_variable,66,132,0066_1.jpg,0132_3.jpg,0
selection,cross_variable_variable,66,148,0066_1.jpg,0148_3.jpg,0
selection,cross_variable_variable,66,154,0066_1.jpg,0154_3.jpg,0
selection,cross_variable_variable,66,161,0066_1.jpg,0161_3.jpg,0
selection,cross_variable_variable,66,200,0066_1.jpg,0200_3.jpg,0
selection,cross_variable_variable,66,204,0066_1.jpg,0204_3.jpg,0
selection,cross_variable_variable,66,216,0066_1.jpg,0216_3.jpg,0
selection,cross_variable_variable,66,219,0066_1.jpg,0219_3.jpg,0
selection,cross_variable_variable,66,224,0066_1.jpg,0224_3.jpg,0
selection,cross_variable_variable,66,237,0066_1.jpg,0237_3.jpg,0
selection,cross_variable_variable,66,239,0066_1.jpg,0239_3.jpg,0
selection,cross_variable_variable,66,248,0066_1.jpg,0248_3.jpg,0
selection,cross_variable_variable,66,266,0066_1.jpg,0266_3.jpg,0
selection,cross_variable_variable,66,271,0066_1.jpg,0271_3.jpg,0
selection,cross_variable_variable,66,279,0066_1.jpg,0279_3.jpg,0
selection,cross_variable_variable,66,282,0066_1.jpg,0282_3.jpg,0
selection,cross_variable_variable,67,6,0067_1.jpg,0006_3.jpg,0
selection,cross_variable_variable,67,12,0067_1.jpg,0012_3.jpg,0
selection,cross_variable_variable,67,15,0067_1.jpg,0015_3.jpg,0
selection,cross_variable_variable,67,18,0067_1.jpg,0018_3.jpg,0
selection,cross_variable_variable,67,35,0067_1.jpg,0035_3.jpg,0
selection,cross_variable_variable,67,42,0067_1.jpg,0042_3.jpg,0
selection,cross_variable_variable,67,43,0067_1.jpg,0043_3.jpg,0
selection,cross_variable_variable,67,60,0067_1.jpg,0060_3.jpg,0
selection,cross_variable_variable,67,66,0067_1.jpg,0066_3.jpg,0
selection,cross_variable_variable,67,67,0067_1.jpg,0067_3.jpg,1
selection,cross_variable_variable,67,79,0067_1.jpg,0079_3.jpg,0
selection,cross_variable_variable,67,86,0067_1.jpg,0086_3.jpg,0
selection,cross_variable_variable,67,87,0067_1.jpg,0087_3.jpg,0
selection,cross_variable_variable,67,89,0067_1.jpg,0089_3.jpg,0
selection,cross_variable_variable,67,91,0067_1.jpg,0091_3.jpg,0
selection,cross_variable_variable,67,93,0067_1.jpg,0093_3.jpg,0
selection,cross_variable_variable,67,106,0067_1.jpg,0106_3.jpg,0
selection,cross_variable_variable,67,109,0067_1.jpg,0109_3.jpg,0
selection,cross_variable_variable,67,114,0067_1.jpg,0114_3.jpg,0
selection,cross_variable_variable,67,130,0067_1.jpg,0130_3.jpg,0
selection,cross_variable_variable,67,132,0067_1.jpg,0132_3.jpg,0
selection,cross_variable_variable,67,148,0067_1.jpg,0148_3.jpg,0
selection,cross_variable_variable,67,154,0067_1.jpg,0154_3.jpg,0
selection,cross_variable_variable,67,161,0067_1.jpg,0161_3.jpg,0
selection,cross_variable_variable,67,200,0067_1.jpg,0200_3.jpg,0
selection,cross_variable_variable,67,204,0067_1.jpg,0204_3.jpg,0
selection,cross_variable_variable,67,216,0067_1.jpg,0216_3.jpg,0
selection,cross_variable_variable,67,219,0067_1.jpg,0219_3.jpg,0
selection,cross_variable_variable,67,224,0067_1.jpg,0224_3.jpg,0
selection,cross_variable_variable,67,237,0067_1.jpg,0237_3.jpg,0
selection,cross_variable_variable,67,239,0067_1.jpg,0239_3.jpg,0
selection,cross_variable_variable,67,248,0067_1.jpg,0248_3.jpg,0
selection,cross_variable_variable,67,266,0067_1.jpg,0266_3.jpg,0
selection,cross_variable_variable,67,271,0067_1.jpg,0271_3.jpg,0
selection,cross_variable_variable,67,279,0067_1.jpg,0279_3.jpg,0
selection,cross_variable_variable,67,282,0067_1.jpg,0282_3.jpg,0
selection,cross_variable_variable,79,6,0079_1.jpg,0006_3.jpg,0
selection,cross_variable_variable,79,12,0079_1.jpg,0012_3.jpg,0
selection,cross_variable_variable,79,15,0079_1.jpg,0015_3.jpg,0
selection,cross_variable_variable,79,18,0079_1.jpg,0018_3.jpg,0
selection,cross_variable_variable,79,35,0079_1.jpg,0035_3.jpg,0
selection,cross_variable_variable,79,42,0079_1.jpg,0042_3.jpg,0
selection,cross_variable_variable,79,43,0079_1.jpg,0043_3.jpg,0
selection,cross_variable_variable,79,60,0079_1.jpg,0060_3.jpg,0
selection,cross_variable_variable,79,66,0079_1.jpg,0066_3.jpg,0
selection,cross_variable_variable,79,67,0079_1.jpg,0067_3.jpg,0
selection,cross_variable_variable,79,79,0079_1.jpg,0079_3.jpg,1
selection,cross_variable_variable,79,86,0079_1.jpg,0086_3.jpg,0
selection,cross_variable_variable,79,87,0079_1.jpg,0087_3.jpg,0
selection,cross_variable_variable,79,89,0079_1.jpg,0089_3.jpg,0
selection,cross_variable_variable,79,91,0079_1.jpg,0091_3.jpg,0
selection,cross_variable_variable,79,93,0079_1.jpg,0093_3.jpg,0
selection,cross_variable_variable,79,106,0079_1.jpg,0106_3.jpg,0
selection,cross_variable_variable,79,109,0079_1.jpg,0109_3.jpg,0
selection,cross_variable_variable,79,114,0079_1.jpg,0114_3.jpg,0
selection,cross_variable_variable,79,130,0079_1.jpg,0130_3.jpg,0
selection,cross_variable_variable,79,132,0079_1.jpg,0132_3.jpg,0
selection,cross_variable_variable,79,148,0079_1.jpg,0148_3.jpg,0
selection,cross_variable_variable,79,154,0079_1.jpg,0154_3.jpg,0
selection,cross_variable_variable,79,161,0079_1.jpg,0161_3.jpg,0
selection,cross_variable_variable,79,200,0079_1.jpg,0200_3.jpg,0
selection,cross_variable_variable,79,204,0079_1.jpg,0204_3.jpg,0
selection,cross_variable_variable,79,216,0079_1.jpg,0216_3.jpg,0
selection,cross_variable_variable,79,219,0079_1.jpg,0219_3.jpg,0
selection,cross_variable_variable,79,224,0079_1.jpg,0224_3.jpg,0
selection,cross_variable_variable,79,237,0079_1.jpg,0237_3.jpg,0
selection,cross_variable_variable,79,239,0079_1.jpg,0239_3.jpg,0
selection,cross_variable_variable,79,248,0079_1.jpg,0248_3.jpg,0
selection,cross_variable_variable,79,266,0079_1.jpg,0266_3.jpg,0
selection,cross_variable_variable,79,271,0079_1.jpg,0271_3.jpg,0
selection,cross_variable_variable,79,279,0079_1.jpg,0279_3.jpg,0
selection,cross_variable_variable,79,282,0079_1.jpg,0282_3.jpg,0
selection,cross_variable_variable,86,6,0086_1.jpg,0006_3.jpg,0
selection,cross_variable_variable,86,12,0086_1.jpg,0012_3.jpg,0
selection,cross_variable_variable,86,15,0086_1.jpg,0015_3.jpg,0
selection,cross_variable_variable,86,18,0086_1.jpg,0018_3.jpg,0
selection,cross_variable_variable,86,35,0086_1.jpg,0035_3.jpg,0
selection,cross_variable_variable,86,42,0086_1.jpg,0042_3.jpg,0
selection,cross_variable_variable,86,43,0086_1.jpg,0043_3.jpg,0
selection,cross_variable_variable,86,60,0086_1.jpg,0060_3.jpg,0
selection,cross_variable_variable,86,66,0086_1.jpg,0066_3.jpg,0
selection,cross_variable_variable,86,67,0086_1.jpg,0067_3.jpg,0
selection,cross_variable_variable,86,79,0086_1.jpg,0079_3.jpg,0
selection,cross_variable_variable,86,86,0086_1.jpg,0086_3.jpg,1
selection,cross_variable_variable,86,87,0086_1.jpg,0087_3.jpg,0
selection,cross_variable_variable,86,89,0086_1.jpg,0089_3.jpg,0
selection,cross_variable_variable,86,91,0086_1.jpg,0091_3.jpg,0
selection,cross_variable_variable,86,93,0086_1.jpg,0093_3.jpg,0
selection,cross_variable_variable,86,106,0086_1.jpg,0106_3.jpg,0
selection,cross_variable_variable,86,109,0086_1.jpg,0109_3.jpg,0
selection,cross_variable_variable,86,114,0086_1.jpg,0114_3.jpg,0
selection,cross_variable_variable,86,130,0086_1.jpg,0130_3.jpg,0
selection,cross_variable_variable,86,132,0086_1.jpg,0132_3.jpg,0
selection,cross_variable_variable,86,148,0086_1.jpg,0148_3.jpg,0
selection,cross_variable_variable,86,154,0086_1.jpg,0154_3.jpg,0
selection,cross_variable_variable,86,161,0086_1.jpg,0161_3.jpg,0
selection,cross_variable_variable,86,200,0086_1.jpg,0200_3.jpg,0
selection,cross_variable_variable,86,204,0086_1.jpg,0204_3.jpg,0
selection,cross_variable_variable,86,216,0086_1.jpg,0216_3.jpg,0
selection,cross_variable_variable,86,219,0086_1.jpg,0219_3.jpg,0
selection,cross_variable_variable,86,224,0086_1.jpg,0224_3.jpg,0
selection,cross_variable_variable,86,237,0086_1.jpg,0237_3.jpg,0
selection,cross_variable_variable,86,239,0086_1.jpg,0239_3.jpg,0
selection,cross_variable_variable,86,248,0086_1.jpg,0248_3.jpg,0
selection,cross_variable_variable,86,266,0086_1.jpg,0266_3.jpg,0
selection,cross_variable_variable,86,271,0086_1.jpg,0271_3.jpg,0
selection,cross_variable_variable,86,279,0086_1.jpg,0279_3.jpg,0
selection,cross_variable_variable,86,282,0086_1.jpg,0282_3.jpg,0
selection,cross_variable_variable,87,6,0087_1.jpg,0006_3.jpg,0
selection,cross_variable_variable,87,12,0087_1.jpg,0012_3.jpg,0
selection,cross_variable_variable,87,15,0087_1.jpg,0015_3.jpg,0
selection,cross_variable_variable,87,18,0087_1.jpg,0018_3.jpg,0
selection,cross_variable_variable,87,35,0087_1.jpg,0035_3.jpg,0
selection,cross_variable_variable,87,42,0087_1.jpg,0042_3.jpg,0
selection,cross_variable_variable,87,43,0087_1.jpg,0043_3.jpg,0
selection,cross_variable_variable,87,60,0087_1.jpg,0060_3.jpg,0
selection,cross_variable_variable,87,66,0087_1.jpg,0066_3.jpg,0
selection,cross_variable_variable,87,67,0087_1.jpg,0067_3.jpg,0
selection,cross_variable_variable,87,79,0087_1.jpg,0079_3.jpg,0
selection,cross_variable_variable,87,86,0087_1.jpg,0086_3.jpg,0
selection,cross_variable_variable,87,87,0087_1.jpg,0087_3.jpg,1
selection,cross_variable_variable,87,89,0087_1.jpg,0089_3.jpg,0
selection,cross_variable_variable,87,91,0087_1.jpg,0091_3.jpg,0
selection,cross_variable_variable,87,93,0087_1.jpg,0093_3.jpg,0
selection,cross_variable_variable,87,106,0087_1.jpg,0106_3.jpg,0
selection,cross_variable_variable,87,109,0087_1.jpg,0109_3.jpg,0
selection,cross_variable_variable,87,114,0087_1.jpg,0114_3.jpg,0
selection,cross_variable_variable,87,130,0087_1.jpg,0130_3.jpg,0
selection,cross_variable_variable,87,132,0087_1.jpg,0132_3.jpg,0
selection,cross_variable_variable,87,148,0087_1.jpg,0148_3.jpg,0
selection,cross_variable_variable,87,154,0087_1.jpg,0154_3.jpg,0
selection,cross_variable_variable,87,161,0087_1.jpg,0161_3.jpg,0
selection,cross_variable_variable,87,200,0087_1.jpg,0200_3.jpg,0
selection,cross_variable_variable,87,204,0087_1.jpg,0204_3.jpg,0
selection,cross_variable_variable,87,216,0087_1.jpg,0216_3.jpg,0
selection,cross_variable_variable,87,219,0087_1.jpg,0219_3.jpg,0
selection,cross_variable_variable,87,224,0087_1.jpg,0224_3.jpg,0
selection,cross_variable_variable,87,237,0087_1.jpg,0237_3.jpg,0
selection,cross_variable_variable,87,239,0087_1.jpg,0239_3.jpg,0
selection,cross_variable_variable,87,248,0087_1.jpg,0248_3.jpg,0
selection,cross_variable_variable,87,266,0087_1.jpg,0266_3.jpg,0
selection,cross_variable_variable,87,271,0087_1.jpg,0271_3.jpg,0
selection,cross_variable_variable,87,279,0087_1.jpg,0279_3.jpg,0
selection,cross_variable_variable,87,282,0087_1.jpg,0282_3.jpg,0
selection,cross_variable_variable,89,6,0089_1.jpg,0006_3.jpg,0
selection,cross_variable_variable,89,12,0089_1.jpg,0012_3.jpg,0
selection,cross_variable_variable,89,15,0089_1.jpg,0015_3.jpg,0
selection,cross_variable_variable,89,18,0089_1.jpg,0018_3.jpg,0
selection,cross_variable_variable,89,35,0089_1.jpg,0035_3.jpg,0
selection,cross_variable_variable,89,42,0089_1.jpg,0042_3.jpg,0
selection,cross_variable_variable,89,43,0089_1.jpg,0043_3.jpg,0
selection,cross_variable_variable,89,60,0089_1.jpg,0060_3.jpg,0
selection,cross_variable_variable,89,66,0089_1.jpg,0066_3.jpg,0
selection,cross_variable_variable,89,67,0089_1.jpg,0067_3.jpg,0
selection,cross_variable_variable,89,79,0089_1.jpg,0079_3.jpg,0
selection,cross_variable_variable,89,86,0089_1.jpg,0086_3.jpg,0
selection,cross_variable_variable,89,87,0089_1.jpg,0087_3.jpg,0
selection,cross_variable_variable,89,89,0089_1.jpg,0089_3.jpg,1
selection,cross_variable_variable,89,91,0089_1.jpg,0091_3.jpg,0
selection,cross_variable_variable,89,93,0089_1.jpg,0093_3.jpg,0
selection,cross_variable_variable,89,106,0089_1.jpg,0106_3.jpg,0
selection,cross_variable_variable,89,109,0089_1.jpg,0109_3.jpg,0
selection,cross_variable_variable,89,114,0089_1.jpg,0114_3.jpg,0
selection,cross_variable_variable,89,130,0089_1.jpg,0130_3.jpg,0
selection,cross_variable_variable,89,132,0089_1.jpg,0132_3.jpg,0
selection,cross_variable_variable,89,148,0089_1.jpg,0148_3.jpg,0
selection,cross_variable_variable,89,154,0089_1.jpg,0154_3.jpg,0
selection,cross_variable_variable,89,161,0089_1.jpg,0161_3.jpg,0
selection,cross_variable_variable,89,200,0089_1.jpg,0200_3.jpg,0
selection,cross_variable_variable,89,204,0089_1.jpg,0204_3.jpg,0
selection,cross_variable_variable,89,216,0089_1.jpg,0216_3.jpg,0
selection,cross_variable_variable,89,219,0089_1.jpg,0219_3.jpg,0
selection,cross_variable_variable,89,224,0089_1.jpg,0224_3.jpg,0
selection,cross_variable_variable,89,237,0089_1.jpg,0237_3.jpg,0
selection,cross_variable_variable,89,239,0089_1.jpg,0239_3.jpg,0
selection,cross_variable_variable,89,248,0089_1.jpg,0248_3.jpg,0
selection,cross_variable_variable,89,266,0089_1.jpg,0266_3.jpg,0
selection,cross_variable_variable,89,271,0089_1.jpg,0271_3.jpg,0
selection,cross_variable_variable,89,279,0089_1.jpg,0279_3.jpg,0
selection,cross_variable_variable,89,282,0089_1.jpg,0282_3.jpg,0
selection,cross_variable_variable,91,6,0091_1.jpg,0006_3.jpg,0
selection,cross_variable_variable,91,12,0091_1.jpg,0012_3.jpg,0
selection,cross_variable_variable,91,15,0091_1.jpg,0015_3.jpg,0
selection,cross_variable_variable,91,18,0091_1.jpg,0018_3.jpg,0
selection,cross_variable_variable,91,35,0091_1.jpg,0035_3.jpg,0
selection,cross_variable_variable,91,42,0091_1.jpg,0042_3.jpg,0
selection,cross_variable_variable,91,43,0091_1.jpg,0043_3.jpg,0
selection,cross_variable_variable,91,60,0091_1.jpg,0060_3.jpg,0
selection,cross_variable_variable,91,66,0091_1.jpg,0066_3.jpg,0
selection,cross_variable_variable,91,67,0091_1.jpg,0067_3.jpg,0
selection,cross_variable_variable,91,79,0091_1.jpg,0079_3.jpg,0
selection,cross_variable_variable,91,86,0091_1.jpg,0086_3.jpg,0
selection,cross_variable_variable,91,87,0091_1.jpg,0087_3.jpg,0
selection,cross_variable_variable,91,89,0091_1.jpg,0089_3.jpg,0
selection,cross_variable_variable,91,91,0091_1.jpg,0091_3.jpg,1
selection,cross_variable_variable,91,93,0091_1.jpg,0093_3.jpg,0
selection,cross_variable_variable,91,106,0091_1.jpg,0106_3.jpg,0
selection,cross_variable_variable,91,109,0091_1.jpg,0109_3.jpg,0
selection,cross_variable_variable,91,114,0091_1.jpg,0114_3.jpg,0
selection,cross_variable_variable,91,130,0091_1.jpg,0130_3.jpg,0
selection,cross_variable_variable,91,132,0091_1.jpg,0132_3.jpg,0
selection,cross_variable_variable,91,148,0091_1.jpg,0148_3.jpg,0
selection,cross_variable_variable,91,154,0091_1.jpg,0154_3.jpg,0
selection,cross_variable_variable,91,161,0091_1.jpg,0161_3.jpg,0
selection,cross_variable_variable,91,200,0091_1.jpg,0200_3.jpg,0
selection,cross_variable_variable,91,204,0091_1.jpg,0204_3.jpg,0
selection,cross_variable_variable,91,216,0091_1.jpg,0216_3.jpg,0
selection,cross_variable_variable,91,219,0091_1.jpg,0219_3.jpg,0
selection,cross_variable_variable,91,224,0091_1.jpg,0224_3.jpg,0
selection,cross_variable_variable,91,237,0091_1.jpg,0237_3.jpg,0
selection,cross_variable_variable,91,239,0091_1.jpg,0239_3.jpg,0
selection,cross_variable_variable,91,248,0091_1.jpg,0248_3.jpg,0
selection,cross_variable_variable,91,266,0091_1.jpg,0266_3.jpg,0
selection,cross_variable_variable,91,271,0091_1.jpg,0271_3.jpg,0
selection,cross_variable_variable,91,279,0091_1.jpg,0279_3.jpg,0
selection,cross_variable_variable,91,282,0091_1.jpg,0282_3.jpg,0
selection,cross_variable_variable,93,6,0093_1.jpg,0006_3.jpg,0
selection,cross_variable_variable,93,12,0093_1.jpg,0012_3.jpg,0
selection,cross_variable_variable,93,15,0093_1.jpg,0015_3.jpg,0
selection,cross_variable_variable,93,18,0093_1.jpg,0018_3.jpg,0
selection,cross_variable_variable,93,35,0093_1.jpg,0035_3.jpg,0
selection,cross_variable_variable,93,42,0093_1.jpg,0042_3.jpg,0
selection,cross_variable_variable,93,43,0093_1.jpg,0043_3.jpg,0
selection,cross_variable_variable,93,60,0093_1.jpg,0060_3.jpg,0
selection,cross_variable_variable,93,66,0093_1.jpg,0066_3.jpg,0
selection,cross_variable_variable,93,67,0093_1.jpg,0067_3.jpg,0
selection,cross_variable_variable,93,79,0093_1.jpg,0079_3.jpg,0
selection,cross_variable_variable,93,86,0093_1.jpg,0086_3.jpg,0
selection,cross_variable_variable,93,87,0093_1.jpg,0087_3.jpg,0
selection,cross_variable_variable,93,89,0093_1.jpg,0089_3.jpg,0
selection,cross_variable_variable,93,91,0093_1.jpg,0091_3.jpg,0
selection,cross_variable_variable,93,93,0093_1.jpg,0093_3.jpg,1
selection,cross_variable_variable,93,106,0093_1.jpg,0106_3.jpg,0
selection,cross_variable_variable,93,109,0093_1.jpg,0109_3.jpg,0
selection,cross_variable_variable,93,114,0093_1.jpg,0114_3.jpg,0
selection,cross_variable_variable,93,130,0093_1.jpg,0130_3.jpg,0
selection,cross_variable_variable,93,132,0093_1.jpg,0132_3.jpg,0
selection,cross_variable_variable,93,148,0093_1.jpg,0148_3.jpg,0
selection,cross_variable_variable,93,154,0093_1.jpg,0154_3.jpg,0
selection,cross_variable_variable,93,161,0093_1.jpg,0161_3.jpg,0
selection,cross_variable_variable,93,200,0093_1.jpg,0200_3.jpg,0
selection,cross_variable_variable,93,204,0093_1.jpg,0204_3.jpg,0
selection,cross_variable_variable,93,216,0093_1.jpg,0216_3.jpg,0
selection,cross_variable_variable,93,219,0093_1.jpg,0219_3.jpg,0
selection,cross_variable_variable,93,224,0093_1.jpg,0224_3.jpg,0
selection,cross_variable_variable,93,237,0093_1.jpg,0237_3.jpg,0
selection,cross_variable_variable,93,239,0093_1.jpg,0239_3.jpg,0
selection,cross_variable_variable,93,248,0093_1.jpg,0248_3.jpg,0
selection,cross_variable_variable,93,266,0093_1.jpg,0266_3.jpg,0
selection,cross_variable_variable,93,271,0093_1.jpg,0271_3.jpg,0
selection,cross_variable_variable,93,279,0093_1.jpg,0279_3.jpg,0
selection,cross_variable_variable,93,282,0093_1.jpg,0282_3.jpg,0
selection,cross_variable_variable,106,6,0106_1.jpg,0006_3.jpg,0
selection,cross_variable_variable,106,12,0106_1.jpg,0012_3.jpg,0
selection,cross_variable_variable,106,15,0106_1.jpg,0015_3.jpg,0
selection,cross_variable_variable,106,18,0106_1.jpg,0018_3.jpg,0
selection,cross_variable_variable,106,35,0106_1.jpg,0035_3.jpg,0
selection,cross_variable_variable,106,42,0106_1.jpg,0042_3.jpg,0
selection,cross_variable_variable,106,43,0106_1.jpg,0043_3.jpg,0
selection,cross_variable_variable,106,60,0106_1.jpg,0060_3.jpg,0
selection,cross_variable_variable,106,66,0106_1.jpg,0066_3.jpg,0
selection,cross_variable_variable,106,67,0106_1.jpg,0067_3.jpg,0
selection,cross_variable_variable,106,79,0106_1.jpg,0079_3.jpg,0
selection,cross_variable_variable,106,86,0106_1.jpg,0086_3.jpg,0
selection,cross_variable_variable,106,87,0106_1.jpg,0087_3.jpg,0
selection,cross_variable_variable,106,89,0106_1.jpg,0089_3.jpg,0
selection,cross_variable_variable,106,91,0106_1.jpg,0091_3.jpg,0
selection,cross_variable_variable,106,93,0106_1.jpg,0093_3.jpg,0
selection,cross_variable_variable,106,106,0106_1.jpg,0106_3.jpg,1
selection,cross_variable_variable,106,109,0106_1.jpg,0109_3.jpg,0
selection,cross_variable_variable,106,114,0106_1.jpg,0114_3.jpg,0
selection,cross_variable_variable,106,130,0106_1.jpg,0130_3.jpg,0
selection,cross_variable_variable,106,132,0106_1.jpg,0132_3.jpg,0
selection,cross_variable_variable,106,148,0106_1.jpg,0148_3.jpg,0
selection,cross_variable_variable,106,154,0106_1.jpg,0154_3.jpg,0
selection,cross_variable_variable,106,161,0106_1.jpg,0161_3.jpg,0
selection,cross_variable_variable,106,200,0106_1.jpg,0200_3.jpg,0
selection,cross_variable_variable,106,204,0106_1.jpg,0204_3.jpg,0
selection,cross_variable_variable,106,216,0106_1.jpg,0216_3.jpg,0
selection,cross_variable_variable,106,219,0106_1.jpg,0219_3.jpg,0
selection,cross_variable_variable,106,224,0106_1.jpg,0224_3.jpg,0
selection,cross_variable_variable,106,237,0106_1.jpg,0237_3.jpg,0
selection,cross_variable_variable,106,239,0106_1.jpg,0239_3.jpg,0
selection,cross_variable_variable,106,248,0106_1.jpg,0248_3.jpg,0
selection,cross_variable_variable,106,266,0106_1.jpg,0266_3.jpg,0
selection,cross_variable_variable,106,271,0106_1.jpg,0271_3.jpg,0
selection,cross_variable_variable,106,279,0106_1.jpg,0279_3.jpg,0
selection,cross_variable_variable,106,282,0106_1.jpg,0282_3.jpg,0
selection,cross_variable_variable,109,6,0109_1.jpg,0006_3.jpg,0
selection,cross_variable_variable,109,12,0109_1.jpg,0012_3.jpg,0
selection,cross_variable_variable,109,15,0109_1.jpg,0015_3.jpg,0
selection,cross_variable_variable,109,18,0109_1.jpg,0018_3.jpg,0
selection,cross_variable_variable,109,35,0109_1.jpg,0035_3.jpg,0
selection,cross_variable_variable,109,42,0109_1.jpg,0042_3.jpg,0
selection,cross_variable_variable,109,43,0109_1.jpg,0043_3.jpg,0
selection,cross_variable_variable,109,60,0109_1.jpg,0060_3.jpg,0
selection,cross_variable_variable,109,66,0109_1.jpg,0066_3.jpg,0
selection,cross_variable_variable,109,67,0109_1.jpg,0067_3.jpg,0
selection,cross_variable_variable,109,79,0109_1.jpg,0079_3.jpg,0
selection,cross_variable_variable,109,86,0109_1.jpg,0086_3.jpg,0
selection,cross_variable_variable,109,87,0109_1.jpg,0087_3.jpg,0
selection,cross_variable_variable,109,89,0109_1.jpg,0089_3.jpg,0
selection,cross_variable_variable,109,91,0109_1.jpg,0091_3.jpg,0
selection,cross_variable_variable,109,93,0109_1.jpg,0093_3.jpg,0
selection,cross_variable_variable,109,106,0109_1.jpg,0106_3.jpg,0
selection,cross_variable_variable,109,109,0109_1.jpg,0109_3.jpg,1
selection,cross_variable_variable,109,114,0109_1.jpg,0114_3.jpg,0
selection,cross_variable_variable,109,130,0109_1.jpg,0130_3.jpg,0
selection,cross_variable_variable,109,132,0109_1.jpg,0132_3.jpg,0
selection,cross_variable_variable,109,148,0109_1.jpg,0148_3.jpg,0
selection,cross_variable_variable,109,154,0109_1.jpg,0154_3.jpg,0
selection,cross_variable_variable,109,161,0109_1.jpg,0161_3.jpg,0
selection,cross_variable_variable,109,200,0109_1.jpg,0200_3.jpg,0
selection,cross_variable_variable,109,204,0109_1.jpg,0204_3.jpg,0
selection,cross_variable_variable,109,216,0109_1.jpg,0216_3.jpg,0
selection,cross_variable_variable,109,219,0109_1.jpg,0219_3.jpg,0
selection,cross_variable_variable,109,224,0109_1.jpg,0224_3.jpg,0
selection,cross_variable_variable,109,237,0109_1.jpg,0237_3.jpg,0
selection,cross_variable_variable,109,239,0109_1.jpg,0239_3.jpg,0
selection,cross_variable_variable,109,248,0109_1.jpg,0248_3.jpg,0
selection,cross_variable_variable,109,266,0109_1.jpg,0266_3.jpg,0
selection,cross_variable_variable,109,271,0109_1.jpg,0271_3.jpg,0
selection,cross_variable_variable,109,279,0109_1.jpg,0279_3.jpg,0
selection,cross_variable_variable,109,282,0109_1.jpg,0282_3.jpg,0
selection,cross_variable_variable,114,6,0114_1.jpg,0006_3.jpg,0
selection,cross_variable_variable,114,12,0114_1.jpg,0012_3.jpg,0
selection,cross_variable_variable,114,15,0114_1.jpg,0015_3.jpg,0
selection,cross_variable_variable,114,18,0114_1.jpg,0018_3.jpg,0
selection,cross_variable_variable,114,35,0114_1.jpg,0035_3.jpg,0
selection,cross_variable_variable,114,42,0114_1.jpg,0042_3.jpg,0
selection,cross_variable_variable,114,43,0114_1.jpg,0043_3.jpg,0
selection,cross_variable_variable,114,60,0114_1.jpg,0060_3.jpg,0
selection,cross_variable_variable,114,66,0114_1.jpg,0066_3.jpg,0
selection,cross_variable_variable,114,67,0114_1.jpg,0067_3.jpg,0
selection,cross_variable_variable,114,79,0114_1.jpg,0079_3.jpg,0
selection,cross_variable_variable,114,86,0114_1.jpg,0086_3.jpg,0
selection,cross_variable_variable,114,87,0114_1.jpg,0087_3.jpg,0
selection,cross_variable_variable,114,89,0114_1.jpg,0089_3.jpg,0
selection,cross_variable_variable,114,91,0114_1.jpg,0091_3.jpg,0
selection,cross_variable_variable,114,93,0114_1.jpg,0093_3.jpg,0
selection,cross_variable_variable,114,106,0114_1.jpg,0106_3.jpg,0
selection,cross_variable_variable,114,109,0114_1.jpg,0109_3.jpg,0
selection,cross_variable_variable,114,114,0114_1.jpg,0114_3.jpg,1
selection,cross_variable_variable,114,130,0114_1.jpg,0130_3.jpg,0
selection,cross_variable_variable,114,132,0114_1.jpg,0132_3.jpg,0
selection,cross_variable_variable,114,148,0114_1.jpg,0148_3.jpg,0
selection,cross_variable_variable,114,154,0114_1.jpg,0154_3.jpg,0
selection,cross_variable_variable,114,161,0114_1.jpg,0161_3.jpg,0
selection,cross_variable_variable,114,200,0114_1.jpg,0200_3.jpg,0
selection,cross_variable_variable,114,204,0114_1.jpg,0204_3.jpg,0
selection,cross_variable_variable,114,216,0114_1.jpg,0216_3.jpg,0
selection,cross_variable_variable,114,219,0114_1.jpg,0219_3.jpg,0
selection,cross_variable_variable,114,224,0114_1.jpg,0224_3.jpg,0
selection,cross_variable_variable,114,237,0114_1.jpg,0237_3.jpg,0
selection,cross_variable_variable,114,239,0114_1.jpg,0239_3.jpg,0
selection,cross_variable_variable,114,248,0114_1.jpg,0248_3.jpg,0
selection,cross_variable_variable,114,266,0114_1.jpg,0266_3.jpg,0
selection,cross_variable_variable,114,271,0114_1.jpg,0271_3.jpg,0
selection,cross_variable_variable,114,279,0114_1.jpg,0279_3.jpg,0
selection,cross_variable_variable,114,282,0114_1.jpg,0282_3.jpg,0
selection,cross_variable_variable,130,6,0130_1.jpg,0006_3.jpg,0
selection,cross_variable_variable,130,12,0130_1.jpg,0012_3.jpg,0
selection,cross_variable_variable,130,15,0130_1.jpg,0015_3.jpg,0
selection,cross_variable_variable,130,18,0130_1.jpg,0018_3.jpg,0
selection,cross_variable_variable,130,35,0130_1.jpg,0035_3.jpg,0
selection,cross_variable_variable,130,42,0130_1.jpg,0042_3.jpg,0
selection,cross_variable_variable,130,43,0130_1.jpg,0043_3.jpg,0
selection,cross_variable_variable,130,60,0130_1.jpg,0060_3.jpg,0
selection,cross_variable_variable,130,66,0130_1.jpg,0066_3.jpg,0
selection,cross_variable_variable,130,67,0130_1.jpg,0067_3.jpg,0
selection,cross_variable_variable,130,79,0130_1.jpg,0079_3.jpg,0
selection,cross_variable_variable,130,86,0130_1.jpg,0086_3.jpg,0
selection,cross_variable_variable,130,87,0130_1.jpg,0087_3.jpg,0
selection,cross_variable_variable,130,89,0130_1.jpg,0089_3.jpg,0
selection,cross_variable_variable,130,91,0130_1.jpg,0091_3.jpg,0
selection,cross_variable_variable,130,93,0130_1.jpg,0093_3.jpg,0
selection,cross_variable_variable,130,106,0130_1.jpg,0106_3.jpg,0
selection,cross_variable_variable,130,109,0130_1.jpg,0109_3.jpg,0
selection,cross_variable_variable,130,114,0130_1.jpg,0114_3.jpg,0
selection,cross_variable_variable,130,130,0130_1.jpg,0130_3.jpg,1
selection,cross_variable_variable,130,132,0130_1.jpg,0132_3.jpg,0
selection,cross_variable_variable,130,148,0130_1.jpg,0148_3.jpg,0
selection,cross_variable_variable,130,154,0130_1.jpg,0154_3.jpg,0
selection,cross_variable_variable,130,161,0130_1.jpg,0161_3.jpg,0
selection,cross_variable_variable,130,200,0130_1.jpg,0200_3.jpg,0
selection,cross_variable_variable,130,204,0130_1.jpg,0204_3.jpg,0
selection,cross_variable_variable,130,216,0130_1.jpg,0216_3.jpg,0
selection,cross_variable_variable,130,219,0130_1.jpg,0219_3.jpg,0
selection,cross_variable_variable,130,224,0130_1.jpg,0224_3.jpg,0
selection,cross_variable_variable,130,237,0130_1.jpg,0237_3.jpg,0
selection,cross_variable_variable,130,239,0130_1.jpg,0239_3.jpg,0
selection,cross_variable_variable,130,248,0130_1.jpg,0248_3.jpg,0
selection,cross_variable_variable,130,266,0130_1.jpg,0266_3.jpg,0
selection,cross_variable_variable,130,271,0130_1.jpg,0271_3.jpg,0
selection,cross_variable_variable,130,279,0130_1.jpg,0279_3.jpg,0
selection,cross_variable_variable,130,282,0130_1.jpg,0282_3.jpg,0
selection,cross_variable_variable,132,6,0132_1.jpg,0006_3.jpg,0
selection,cross_variable_variable,132,12,0132_1.jpg,0012_3.jpg,0
selection,cross_variable_variable,132,15,0132_1.jpg,0015_3.jpg,0
selection,cross_variable_variable,132,18,0132_1.jpg,0018_3.jpg,0
selection,cross_variable_variable,132,35,0132_1.jpg,0035_3.jpg,0
selection,cross_variable_variable,132,42,0132_1.jpg,0042_3.jpg,0
selection,cross_variable_variable,132,43,0132_1.jpg,0043_3.jpg,0
selection,cross_variable_variable,132,60,0132_1.jpg,0060_3.jpg,0
selection,cross_variable_variable,132,66,0132_1.jpg,0066_3.jpg,0
selection,cross_variable_variable,132,67,0132_1.jpg,0067_3.jpg,0
selection,cross_variable_variable,132,79,0132_1.jpg,0079_3.jpg,0
selection,cross_variable_variable,132,86,0132_1.jpg,0086_3.jpg,0
selection,cross_variable_variable,132,87,0132_1.jpg,0087_3.jpg,0
selection,cross_variable_variable,132,89,0132_1.jpg,0089_3.jpg,0
selection,cross_variable_variable,132,91,0132_1.jpg,0091_3.jpg,0
selection,cross_variable_variable,132,93,0132_1.jpg,0093_3.jpg,0
selection,cross_variable_variable,132,106,0132_1.jpg,0106_3.jpg,0
selection,cross_variable_variable,132,109,0132_1.jpg,0109_3.jpg,0
selection,cross_variable_variable,132,114,0132_1.jpg,0114_3.jpg,0
selection,cross_variable_variable,132,130,0132_1.jpg,0130_3.jpg,0
selection,cross_variable_variable,132,132,0132_1.jpg,0132_3.jpg,1
selection,cross_variable_variable,132,148,0132_1.jpg,0148_3.jpg,0
selection,cross_variable_variable,132,154,0132_1.jpg,0154_3.jpg,0
selection,cross_variable_variable,132,161,0132_1.jpg,0161_3.jpg,0
selection,cross_variable_variable,132,200,0132_1.jpg,0200_3.jpg,0
selection,cross_variable_variable,132,204,0132_1.jpg,0204_3.jpg,0
selection,cross_variable_variable,132,216,0132_1.jpg,0216_3.jpg,0
selection,cross_variable_variable,132,219,0132_1.jpg,0219_3.jpg,0
selection,cross_variable_variable,132,224,0132_1.jpg,0224_3.jpg,0
selection,cross_variable_variable,132,237,0132_1.jpg,0237_3.jpg,0
selection,cross_variable_variable,132,239,0132_1.jpg,0239_3.jpg,0
selection,cross_variable_variable,132,248,0132_1.jpg,0248_3.jpg,0
selection,cross_variable_variable,132,266,0132_1.jpg,0266_3.jpg,0
selection,cross_variable_variable,132,271,0132_1.jpg,0271_3.jpg,0
selection,cross_variable_variable,132,279,0132_1.jpg,0279_3.jpg,0
selection,cross_variable_variable,132,282,0132_1.jpg,0282_3.jpg,0
selection,cross_variable_variable,148,6,0148_1.jpg,0006_3.jpg,0
selection,cross_variable_variable,148,12,0148_1.jpg,0012_3.jpg,0
selection,cross_variable_variable,148,15,0148_1.jpg,0015_3.jpg,0
selection,cross_variable_variable,148,18,0148_1.jpg,0018_3.jpg,0
selection,cross_variable_variable,148,35,0148_1.jpg,0035_3.jpg,0
selection,cross_variable_variable,148,42,0148_1.jpg,0042_3.jpg,0
selection,cross_variable_variable,148,43,0148_1.jpg,0043_3.jpg,0
selection,cross_variable_variable,148,60,0148_1.jpg,0060_3.jpg,0
selection,cross_variable_variable,148,66,0148_1.jpg,0066_3.jpg,0
selection,cross_variable_variable,148,67,0148_1.jpg,0067_3.jpg,0
selection,cross_variable_variable,148,79,0148_1.jpg,0079_3.jpg,0
selection,cross_variable_variable,148,86,0148_1.jpg,0086_3.jpg,0
selection,cross_variable_variable,148,87,0148_1.jpg,0087_3.jpg,0
selection,cross_variable_variable,148,89,0148_1.jpg,0089_3.jpg,0
selection,cross_variable_variable,148,91,0148_1.jpg,0091_3.jpg,0
selection,cross_variable_variable,148,93,0148_1.jpg,0093_3.jpg,0
selection,cross_variable_variable,148,106,0148_1.jpg,0106_3.jpg,0
selection,cross_variable_variable,148,109,0148_1.jpg,0109_3.jpg,0
selection,cross_variable_variable,148,114,0148_1.jpg,0114_3.jpg,0
selection,cross_variable_variable,148,130,0148_1.jpg,0130_3.jpg,0
selection,cross_variable_variable,148,132,0148_1.jpg,0132_3.jpg,0
selection,cross_variable_variable,148,148,0148_1.jpg,0148_3.jpg,1
selection,cross_variable_variable,148,154,0148_1.jpg,0154_3.jpg,0
selection,cross_variable_variable,148,161,0148_1.jpg,0161_3.jpg,0
selection,cross_variable_variable,148,200,0148_1.jpg,0200_3.jpg,0
selection,cross_variable_variable,148,204,0148_1.jpg,0204_3.jpg,0
selection,cross_variable_variable,148,216,0148_1.jpg,0216_3.jpg,0
selection,cross_variable_variable,148,219,0148_1.jpg,0219_3.jpg,0
selection,cross_variable_variable,148,224,0148_1.jpg,0224_3.jpg,0
selection,cross_variable_variable,148,237,0148_1.jpg,0237_3.jpg,0
selection,cross_variable_variable,148,239,0148_1.jpg,0239_3.jpg,0
selection,cross_variable_variable,148,248,0148_1.jpg,0248_3.jpg,0
selection,cross_variable_variable,148,266,0148_1.jpg,0266_3.jpg,0
selection,cross_variable_variable,148,271,0148_1.jpg,0271_3.jpg,0
selection,cross_variable_variable,148,279,0148_1.jpg,0279_3.jpg,0
selection,cross_variable_variable,148,282,0148_1.jpg,0282_3.jpg,0
selection,cross_variable_variable,154,6,0154_1.jpg,0006_3.jpg,0
selection,cross_variable_variable,154,12,0154_1.jpg,0012_3.jpg,0
selection,cross_variable_variable,154,15,0154_1.jpg,0015_3.jpg,0
selection,cross_variable_variable,154,18,0154_1.jpg,0018_3.jpg,0
selection,cross_variable_variable,154,35,0154_1.jpg,0035_3.jpg,0
selection,cross_variable_variable,154,42,0154_1.jpg,0042_3.jpg,0
selection,cross_variable_variable,154,43,0154_1.jpg,0043_3.jpg,0
selection,cross_variable_variable,154,60,0154_1.jpg,0060_3.jpg,0
selection,cross_variable_variable,154,66,0154_1.jpg,0066_3.jpg,0
selection,cross_variable_variable,154,67,0154_1.jpg,0067_3.jpg,0
selection,cross_variable_variable,154,79,0154_1.jpg,0079_3.jpg,0
selection,cross_variable_variable,154,86,0154_1.jpg,0086_3.jpg,0
selection,cross_variable_variable,154,87,0154_1.jpg,0087_3.jpg,0
selection,cross_variable_variable,154,89,0154_1.jpg,0089_3.jpg,0
selection,cross_variable_variable,154,91,0154_1.jpg,0091_3.jpg,0
selection,cross_variable_variable,154,93,0154_1.jpg,0093_3.jpg,0
selection,cross_variable_variable,154,106,0154_1.jpg,0106_3.jpg,0
selection,cross_variable_variable,154,109,0154_1.jpg,0109_3.jpg,0
selection,cross_variable_variable,154,114,0154_1.jpg,0114_3.jpg,0
selection,cross_variable_variable,154,130,0154_1.jpg,0130_3.jpg,0
selection,cross_variable_variable,154,132,0154_1.jpg,0132_3.jpg,0
selection,cross_variable_variable,154,148,0154_1.jpg,0148_3.jpg,0
selection,cross_variable_variable,154,154,0154_1.jpg,0154_3.jpg,1
selection,cross_variable_variable,154,161,0154_1.jpg,0161_3.jpg,0
selection,cross_variable_variable,154,200,0154_1.jpg,0200_3.jpg,0
selection,cross_variable_variable,154,204,0154_1.jpg,0204_3.jpg,0
selection,cross_variable_variable,154,216,0154_1.jpg,0216_3.jpg,0
selection,cross_variable_variable,154,219,0154_1.jpg,0219_3.jpg,0
selection,cross_variable_variable,154,224,0154_1.jpg,0224_3.jpg,0
selection,cross_variable_variable,154,237,0154_1.jpg,0237_3.jpg,0
selection,cross_variable_variable,154,239,0154_1.jpg,0239_3.jpg,0
selection,cross_variable_variable,154,248,0154_1.jpg,0248_3.jpg,0
selection,cross_variable_variable,154,266,0154_1.jpg,0266_3.jpg,0
selection,cross_variable_variable,154,271,0154_1.jpg,0271_3.jpg,0
selection,cross_variable_variable,154,279,0154_1.jpg,0279_3.jpg,0
selection,cross_variable_variable,154,282,0154_1.jpg,0282_3.jpg,0
selection,cross_variable_variable,161,6,0161_1.jpg,0006_3.jpg,0
selection,cross_variable_variable,161,12,0161_1.jpg,0012_3.jpg,0
selection,cross_variable_variable,161,15,0161_1.jpg,0015_3.jpg,0
selection,cross_variable_variable,161,18,0161_1.jpg,0018_3.jpg,0
selection,cross_variable_variable,161,35,0161_1.jpg,0035_3.jpg,0
selection,cross_variable_variable,161,42,0161_1.jpg,0042_3.jpg,0
selection,cross_variable_variable,161,43,0161_1.jpg,0043_3.jpg,0
selection,cross_variable_variable,161,60,0161_1.jpg,0060_3.jpg,0
selection,cross_variable_variable,161,66,0161_1.jpg,0066_3.jpg,0
selection,cross_variable_variable,161,67,0161_1.jpg,0067_3.jpg,0
selection,cross_variable_variable,161,79,0161_1.jpg,0079_3.jpg,0
selection,cross_variable_variable,161,86,0161_1.jpg,0086_3.jpg,0
selection,cross_variable_variable,161,87,0161_1.jpg,0087_3.jpg,0
selection,cross_variable_variable,161,89,0161_1.jpg,0089_3.jpg,0
selection,cross_variable_variable,161,91,0161_1.jpg,0091_3.jpg,0
selection,cross_variable_variable,161,93,0161_1.jpg,0093_3.jpg,0
selection,cross_variable_variable,161,106,0161_1.jpg,0106_3.jpg,0
selection,cross_variable_variable,161,109,0161_1.jpg,0109_3.jpg,0
selection,cross_variable_variable,161,114,0161_1.jpg,0114_3.jpg,0
selection,cross_variable_variable,161,130,0161_1.jpg,0130_3.jpg,0
selection,cross_variable_variable,161,132,0161_1.jpg,0132_3.jpg,0
selection,cross_variable_variable,161,148,0161_1.jpg,0148_3.jpg,0
selection,cross_variable_variable,161,154,0161_1.jpg,0154_3.jpg,0
selection,cross_variable_variable,161,161,0161_1.jpg,0161_3.jpg,1
selection,cross_variable_variable,161,200,0161_1.jpg,0200_3.jpg,0
selection,cross_variable_variable,161,204,0161_1.jpg,0204_3.jpg,0
selection,cross_variable_variable,161,216,0161_1.jpg,0216_3.jpg,0
selection,cross_variable_variable,161,219,0161_1.jpg,0219_3.jpg,0
selection,cross_variable_variable,161,224,0161_1.jpg,0224_3.jpg,0
selection,cross_variable_variable,161,237,0161_1.jpg,0237_3.jpg,0
selection,cross_variable_variable,161,239,0161_1.jpg,0239_3.jpg,0
selection,cross_variable_variable,161,248,0161_1.jpg,0248_3.jpg,0
selection,cross_variable_variable,161,266,0161_1.jpg,0266_3.jpg,0
selection,cross_variable_variable,161,271,0161_1.jpg,0271_3.jpg,0
selection,cross_variable_variable,161,279,0161_1.jpg,0279_3.jpg,0
selection,cross_variable_variable,161,282,0161_1.jpg,0282_3.jpg,0
selection,cross_variable_variable,200,6,0200_1.jpg,0006_3.jpg,0
selection,cross_variable_variable,200,12,0200_1.jpg,0012_3.jpg,0
selection,cross_variable_variable,200,15,0200_1.jpg,0015_3.jpg,0
selection,cross_variable_variable,200,18,0200_1.jpg,0018_3.jpg,0
selection,cross_variable_variable,200,35,0200_1.jpg,0035_3.jpg,0
selection,cross_variable_variable,200,42,0200_1.jpg,0042_3.jpg,0
selection,cross_variable_variable,200,43,0200_1.jpg,0043_3.jpg,0
selection,cross_variable_variable,200,60,0200_1.jpg,0060_3.jpg,0
selection,cross_variable_variable,200,66,0200_1.jpg,0066_3.jpg,0
selection,cross_variable_variable,200,67,0200_1.jpg,0067_3.jpg,0
selection,cross_variable_variable,200,79,0200_1.jpg,0079_3.jpg,0
selection,cross_variable_variable,200,86,0200_1.jpg,0086_3.jpg,0
selection,cross_variable_variable,200,87,0200_1.jpg,0087_3.jpg,0
selection,cross_variable_variable,200,89,0200_1.jpg,0089_3.jpg,0
selection,cross_variable_variable,200,91,0200_1.jpg,0091_3.jpg,0
selection,cross_variable_variable,200,93,0200_1.jpg,0093_3.jpg,0
selection,cross_variable_variable,200,106,0200_1.jpg,0106_3.jpg,0
selection,cross_variable_variable,200,109,0200_1.jpg,0109_3.jpg,0
selection,cross_variable_variable,200,114,0200_1.jpg,0114_3.jpg,0
selection,cross_variable_variable,200,130,0200_1.jpg,0130_3.jpg,0
selection,cross_variable_variable,200,132,0200_1.jpg,0132_3.jpg,0
selection,cross_variable_variable,200,148,0200_1.jpg,0148_3.jpg,0
selection,cross_variable_variable,200,154,0200_1.jpg,0154_3.jpg,0
selection,cross_variable_variable,200,161,0200_1.jpg,0161_3.jpg,0
selection,cross_variable_variable,200,200,0200_1.jpg,0200_3.jpg,1
selection,cross_variable_variable,200,204,0200_1.jpg,0204_3.jpg,0
selection,cross_variable_variable,200,216,0200_1.jpg,0216_3.jpg,0
selection,cross_variable_variable,200,219,0200_1.jpg,0219_3.jpg,0
selection,cross_variable_variable,200,224,0200_1.jpg,0224_3.jpg,0
selection,cross_variable_variable,200,237,0200_1.jpg,0237_3.jpg,0
selection,cross_variable_variable,200,239,0200_1.jpg,0239_3.jpg,0
selection,cross_variable_variable,200,248,0200_1.jpg,0248_3.jpg,0
selection,cross_variable_variable,200,266,0200_1.jpg,0266_3.jpg,0
selection,cross_variable_variable,200,271,0200_1.jpg,0271_3.jpg,0
selection,cross_variable_variable,200,279,0200_1.jpg,0279_3.jpg,0
selection,cross_variable_variable,200,282,0200_1.jpg,0282_3.jpg,0
selection,cross_variable_variable,204,6,0204_1.jpg,0006_3.jpg,0
selection,cross_variable_variable,204,12,0204_1.jpg,0012_3.jpg,0
selection,cross_variable_variable,204,15,0204_1.jpg,0015_3.jpg,0
selection,cross_variable_variable,204,18,0204_1.jpg,0018_3.jpg,0
selection,cross_variable_variable,204,35,0204_1.jpg,0035_3.jpg,0
selection,cross_variable_variable,204,42,0204_1.jpg,0042_3.jpg,0
selection,cross_variable_variable,204,43,0204_1.jpg,0043_3.jpg,0
selection,cross_variable_variable,204,60,0204_1.jpg,0060_3.jpg,0
selection,cross_variable_variable,204,66,0204_1.jpg,0066_3.jpg,0
selection,cross_variable_variable,204,67,0204_1.jpg,0067_3.jpg,0
selection,cross_variable_variable,204,79,0204_1.jpg,0079_3.jpg,0
selection,cross_variable_variable,204,86,0204_1.jpg,0086_3.jpg,0
selection,cross_variable_variable,204,87,0204_1.jpg,0087_3.jpg,0
selection,cross_variable_variable,204,89,0204_1.jpg,0089_3.jpg,0
selection,cross_variable_variable,204,91,0204_1.jpg,0091_3.jpg,0
selection,cross_variable_variable,204,93,0204_1.jpg,0093_3.jpg,0
selection,cross_variable_variable,204,106,0204_1.jpg,0106_3.jpg,0
selection,cross_variable_variable,204,109,0204_1.jpg,0109_3.jpg,0
selection,cross_variable_variable,204,114,0204_1.jpg,0114_3.jpg,0
selection,cross_variable_variable,204,130,0204_1.jpg,0130_3.jpg,0
selection,cross_variable_variable,204,132,0204_1.jpg,0132_3.jpg,0
selection,cross_variable_variable,204,148,0204_1.jpg,0148_3.jpg,0
selection,cross_variable_variable,204,154,0204_1.jpg,0154_3.jpg,0
selection,cross_variable_variable,204,161,0204_1.jpg,0161_3.jpg,0
selection,cross_variable_variable,204,200,0204_1.jpg,0200_3.jpg,0
selection,cross_variable_variable,204,204,0204_1.jpg,0204_3.jpg,1
selection,cross_variable_variable,204,216,0204_1.jpg,0216_3.jpg,0
selection,cross_variable_variable,204,219,0204_1.jpg,0219_3.jpg,0
selection,cross_variable_variable,204,224,0204_1.jpg,0224_3.jpg,0
selection,cross_variable_variable,204,237,0204_1.jpg,0237_3.jpg,0
selection,cross_variable_variable,204,239,0204_1.jpg,0239_3.jpg,0
selection,cross_variable_variable,204,248,0204_1.jpg,0248_3.jpg,0
selection,cross_variable_variable,204,266,0204_1.jpg,0266_3.jpg,0
selection,cross_variable_variable,204,271,0204_1.jpg,0271_3.jpg,0
selection,cross_variable_variable,204,279,0204_1.jpg,0279_3.jpg,0
selection,cross_variable_variable,204,282,0204_1.jpg,0282_3.jpg,0
selection,cross_variable_variable,216,6,0216_1.jpg,0006_3.jpg,0
selection,cross_variable_variable,216,12,0216_1.jpg,0012_3.jpg,0
selection,cross_variable_variable,216,15,0216_1.jpg,0015_3.jpg,0
selection,cross_variable_variable,216,18,0216_1.jpg,0018_3.jpg,0
selection,cross_variable_variable,216,35,0216_1.jpg,0035_3.jpg,0
selection,cross_variable_variable,216,42,0216_1.jpg,0042_3.jpg,0
selection,cross_variable_variable,216,43,0216_1.jpg,0043_3.jpg,0
selection,cross_variable_variable,216,60,0216_1.jpg,0060_3.jpg,0
selection,cross_variable_variable,216,66,0216_1.jpg,0066_3.jpg,0
selection,cross_variable_variable,216,67,0216_1.jpg,0067_3.jpg,0
selection,cross_variable_variable,216,79,0216_1.jpg,0079_3.jpg,0
selection,cross_variable_variable,216,86,0216_1.jpg,0086_3.jpg,0
selection,cross_variable_variable,216,87,0216_1.jpg,0087_3.jpg,0
selection,cross_variable_variable,216,89,0216_1.jpg,0089_3.jpg,0
selection,cross_variable_variable,216,91,0216_1.jpg,0091_3.jpg,0
selection,cross_variable_variable,216,93,0216_1.jpg,0093_3.jpg,0
selection,cross_variable_variable,216,106,0216_1.jpg,0106_3.jpg,0
selection,cross_variable_variable,216,109,0216_1.jpg,0109_3.jpg,0
selection,cross_variable_variable,216,114,0216_1.jpg,0114_3.jpg,0
selection,cross_variable_variable,216,130,0216_1.jpg,0130_3.jpg,0
selection,cross_variable_variable,216,132,0216_1.jpg,0132_3.jpg,0
selection,cross_variable_variable,216,148,0216_1.jpg,0148_3.jpg,0
selection,cross_variable_variable,216,154,0216_1.jpg,0154_3.jpg,0
selection,cross_variable_variable,216,161,0216_1.jpg,0161_3.jpg,0
selection,cross_variable_variable,216,200,0216_1.jpg,0200_3.jpg,0
selection,cross_variable_variable,216,204,0216_1.jpg,0204_3.jpg,0
selection,cross_variable_variable,216,216,0216_1.jpg,0216_3.jpg,1
selection,cross_variable_variable,216,219,0216_1.jpg,0219_3.jpg,0
selection,cross_variable_variable,216,224,0216_1.jpg,0224_3.jpg,0
selection,cross_variable_variable,216,237,0216_1.jpg,0237_3.jpg,0
selection,cross_variable_variable,216,239,0216_1.jpg,0239_3.jpg,0
selection,cross_variable_variable,216,248,0216_1.jpg,0248_3.jpg,0
selection,cross_variable_variable,216,266,0216_1.jpg,0266_3.jpg,0
selection,cross_variable_variable,216,271,0216_1.jpg,0271_3.jpg,0
selection,cross_variable_variable,216,279,0216_1.jpg,0279_3.jpg,0
selection,cross_variable_variable,216,282,0216_1.jpg,0282_3.jpg,0
selection,cross_variable_variable,219,6,0219_1.jpg,0006_3.jpg,0
selection,cross_variable_variable,219,12,0219_1.jpg,0012_3.jpg,0
selection,cross_variable_variable,219,15,0219_1.jpg,0015_3.jpg,0
selection,cross_variable_variable,219,18,0219_1.jpg,0018_3.jpg,0
selection,cross_variable_variable,219,35,0219_1.jpg,0035_3.jpg,0
selection,cross_variable_variable,219,42,0219_1.jpg,0042_3.jpg,0
selection,cross_variable_variable,219,43,0219_1.jpg,0043_3.jpg,0
selection,cross_variable_variable,219,60,0219_1.jpg,0060_3.jpg,0
selection,cross_variable_variable,219,66,0219_1.jpg,0066_3.jpg,0
selection,cross_variable_variable,219,67,0219_1.jpg,0067_3.jpg,0
selection,cross_variable_variable,219,79,0219_1.jpg,0079_3.jpg,0
selection,cross_variable_variable,219,86,0219_1.jpg,0086_3.jpg,0
selection,cross_variable_variable,219,87,0219_1.jpg,0087_3.jpg,0
selection,cross_variable_variable,219,89,0219_1.jpg,0089_3.jpg,0
selection,cross_variable_variable,219,91,0219_1.jpg,0091_3.jpg,0
selection,cross_variable_variable,219,93,0219_1.jpg,0093_3.jpg,0
selection,cross_variable_variable,219,106,0219_1.jpg,0106_3.jpg,0
selection,cross_variable_variable,219,109,0219_1.jpg,0109_3.jpg,0
selection,cross_variable_variable,219,114,0219_1.jpg,0114_3.jpg,0
selection,cross_variable_variable,219,130,0219_1.jpg,0130_3.jpg,0
selection,cross_variable_variable,219,132,0219_1.jpg,0132_3.jpg,0
selection,cross_variable_variable,219,148,0219_1.jpg,0148_3.jpg,0
selection,cross_variable_variable,219,154,0219_1.jpg,0154_3.jpg,0
selection,cross_variable_variable,219,161,0219_1.jpg,0161_3.jpg,0
selection,cross_variable_variable,219,200,0219_1.jpg,0200_3.jpg,0
selection,cross_variable_variable,219,204,0219_1.jpg,0204_3.jpg,0
selection,cross_variable_variable,219,216,0219_1.jpg,0216_3.jpg,0
selection,cross_variable_variable,219,219,0219_1.jpg,0219_3.jpg,1
selection,cross_variable_variable,219,224,0219_1.jpg,0224_3.jpg,0
selection,cross_variable_variable,219,237,0219_1.jpg,0237_3.jpg,0
selection,cross_variable_variable,219,239,0219_1.jpg,0239_3.jpg,0
selection,cross_variable_variable,219,248,0219_1.jpg,0248_3.jpg,0
selection,cross_variable_variable,219,266,0219_1.jpg,0266_3.jpg,0
selection,cross_variable_variable,219,271,0219_1.jpg,0271_3.jpg,0
selection,cross_variable_variable,219,279,0219_1.jpg,0279_3.jpg,0
selection,cross_variable_variable,219,282,0219_1.jpg,0282_3.jpg,0
selection,cross_variable_variable,224,6,0224_1.jpg,0006_3.jpg,0
selection,cross_variable_variable,224,12,0224_1.jpg,0012_3.jpg,0
selection,cross_variable_variable,224,15,0224_1.jpg,0015_3.jpg,0
selection,cross_variable_variable,224,18,0224_1.jpg,0018_3.jpg,0
selection,cross_variable_variable,224,35,0224_1.jpg,0035_3.jpg,0
selection,cross_variable_variable,224,42,0224_1.jpg,0042_3.jpg,0
selection,cross_variable_variable,224,43,0224_1.jpg,0043_3.jpg,0
selection,cross_variable_variable,224,60,0224_1.jpg,0060_3.jpg,0
selection,cross_variable_variable,224,66,0224_1.jpg,0066_3.jpg,0
selection,cross_variable_variable,224,67,0224_1.jpg,0067_3.jpg,0
selection,cross_variable_variable,224,79,0224_1.jpg,0079_3.jpg,0
selection,cross_variable_variable,224,86,0224_1.jpg,0086_3.jpg,0
selection,cross_variable_variable,224,87,0224_1.jpg,0087_3.jpg,0
selection,cross_variable_variable,224,89,0224_1.jpg,0089_3.jpg,0
selection,cross_variable_variable,224,91,0224_1.jpg,0091_3.jpg,0
selection,cross_variable_variable,224,93,0224_1.jpg,0093_3.jpg,0
selection,cross_variable_variable,224,106,0224_1.jpg,0106_3.jpg,0
selection,cross_variable_variable,224,109,0224_1.jpg,0109_3.jpg,0
selection,cross_variable_variable,224,114,0224_1.jpg,0114_3.jpg,0
selection,cross_variable_variable,224,130,0224_1.jpg,0130_3.jpg,0
selection,cross_variable_variable,224,132,0224_1.jpg,0132_3.jpg,0
selection,cross_variable_variable,224,148,0224_1.jpg,0148_3.jpg,0
selection,cross_variable_variable,224,154,0224_1.jpg,0154_3.jpg,0
selection,cross_variable_variable,224,161,0224_1.jpg,0161_3.jpg,0
selection,cross_variable_variable,224,200,0224_1.jpg,0200_3.jpg,0
selection,cross_variable_variable,224,204,0224_1.jpg,0204_3.jpg,0
selection,cross_variable_variable,224,216,0224_1.jpg,0216_3.jpg,0
selection,cross_variable_variable,224,219,0224_1.jpg,0219_3.jpg,0
selection,cross_variable_variable,224,224,0224_1.jpg,0224_3.jpg,1
selection,cross_variable_variable,224,237,0224_1.jpg,0237_3.jpg,0
selection,cross_variable_variable,224,239,0224_1.jpg,0239_3.jpg,0
selection,cross_variable_variable,224,248,0224_1.jpg,0248_3.jpg,0
selection,cross_variable_variable,224,266,0224_1.jpg,0266_3.jpg,0
selection,cross_variable_variable,224,271,0224_1.jpg,0271_3.jpg,0
selection,cross_variable_variable,224,279,0224_1.jpg,0279_3.jpg,0
selection,cross_variable_variable,224,282,0224_1.jpg,0282_3.jpg,0
selection,cross_variable_variable,237,6,0237_1.jpg,0006_3.jpg,0
selection,cross_variable_variable,237,12,0237_1.jpg,0012_3.jpg,0
selection,cross_variable_variable,237,15,0237_1.jpg,0015_3.jpg,0
selection,cross_variable_variable,237,18,0237_1.jpg,0018_3.jpg,0
selection,cross_variable_variable,237,35,0237_1.jpg,0035_3.jpg,0
selection,cross_variable_variable,237,42,0237_1.jpg,0042_3.jpg,0
selection,cross_variable_variable,237,43,0237_1.jpg,0043_3.jpg,0
selection,cross_variable_variable,237,60,0237_1.jpg,0060_3.jpg,0
selection,cross_variable_variable,237,66,0237_1.jpg,0066_3.jpg,0
selection,cross_variable_variable,237,67,0237_1.jpg,0067_3.jpg,0
selection,cross_variable_variable,237,79,0237_1.jpg,0079_3.jpg,0
selection,cross_variable_variable,237,86,0237_1.jpg,0086_3.jpg,0
selection,cross_variable_variable,237,87,0237_1.jpg,0087_3.jpg,0
selection,cross_variable_variable,237,89,0237_1.jpg,0089_3.jpg,0
selection,cross_variable_variable,237,91,0237_1.jpg,0091_3.jpg,0
selection,cross_variable_variable,237,93,0237_1.jpg,0093_3.jpg,0
selection,cross_variable_variable,237,106,0237_1.jpg,0106_3.jpg,0
selection,cross_variable_variable,237,109,0237_1.jpg,0109_3.jpg,0
selection,cross_variable_variable,237,114,0237_1.jpg,0114_3.jpg,0
selection,cross_variable_variable,237,130,0237_1.jpg,0130_3.jpg,0
selection,cross_variable_variable,237,132,0237_1.jpg,0132_3.jpg,0
selection,cross_variable_variable,237,148,0237_1.jpg,0148_3.jpg,0
selection,cross_variable_variable,237,154,0237_1.jpg,0154_3.jpg,0
selection,cross_variable_variable,237,161,0237_1.jpg,0161_3.jpg,0
selection,cross_variable_variable,237,200,0237_1.jpg,0200_3.jpg,0
selection,cross_variable_variable,237,204,0237_1.jpg,0204_3.jpg,0
selection,cross_variable_variable,237,216,0237_1.jpg,0216_3.jpg,0
selection,cross_variable_variable,237,219,0237_1.jpg,0219_3.jpg,0
selection,cross_variable_variable,237,224,0237_1.jpg,0224_3.jpg,0
selection,cross_variable_variable,237,237,0237_1.jpg,0237_3.jpg,1
selection,cross_variable_variable,237,239,0237_1.jpg,0239_3.jpg,0
selection,cross_variable_variable,237,248,0237_1.jpg,0248_3.jpg,0
selection,cross_variable_variable,237,266,0237_1.jpg,0266_3.jpg,0
selection,cross_variable_variable,237,271,0237_1.jpg,0271_3.jpg,0
selection,cross_variable_variable,237,279,0237_1.jpg,0279_3.jpg,0
selection,cross_variable_variable,237,282,0237_1.jpg,0282_3.jpg,0
selection,cross_variable_variable,239,6,0239_1.jpg,0006_3.jpg,0
selection,cross_variable_variable,239,12,0239_1.jpg,0012_3.jpg,0
selection,cross_variable_variable,239,15,0239_1.jpg,0015_3.jpg,0
selection,cross_variable_variable,239,18,0239_1.jpg,0018_3.jpg,0
selection,cross_variable_variable,239,35,0239_1.jpg,0035_3.jpg,0
selection,cross_variable_variable,239,42,0239_1.jpg,0042_3.jpg,0
selection,cross_variable_variable,239,43,0239_1.jpg,0043_3.jpg,0
selection,cross_variable_variable,239,60,0239_1.jpg,0060_3.jpg,0
selection,cross_variable_variable,239,66,0239_1.jpg,0066_3.jpg,0
selection,cross_variable_variable,239,67,0239_1.jpg,0067_3.jpg,0
selection,cross_variable_variable,239,79,0239_1.jpg,0079_3.jpg,0
selection,cross_variable_variable,239,86,0239_1.jpg,0086_3.jpg,0
selection,cross_variable_variable,239,87,0239_1.jpg,0087_3.jpg,0
selection,cross_variable_variable,239,89,0239_1.jpg,0089_3.jpg,0
selection,cross_variable_variable,239,91,0239_1.jpg,0091_3.jpg,0
selection,cross_variable_variable,239,93,0239_1.jpg,0093_3.jpg,0
selection,cross_variable_variable,239,106,0239_1.jpg,0106_3.jpg,0
selection,cross_variable_variable,239,109,0239_1.jpg,0109_3.jpg,0
selection,cross_variable_variable,239,114,0239_1.jpg,0114_3.jpg,0
selection,cross_variable_variable,239,130,0239_1.jpg,0130_3.jpg,0
selection,cross_variable_variable,239,132,0239_1.jpg,0132_3.jpg,0
selection,cross_variable_variable,239,148,0239_1.jpg,0148_3.jpg,0
selection,cross_variable_variable,239,154,0239_1.jpg,0154_3.jpg,0
selection,cross_variable_variable,239,161,0239_1.jpg,0161_3.jpg,0
selection,cross_variable_variable,239,200,0239_1.jpg,0200_3.jpg,0
selection,cross_variable_variable,239,204,0239_1.jpg,0204_3.jpg,0
selection,cross_variable_variable,239,216,0239_1.jpg,0216_3.jpg,0
selection,cross_variable_variable,239,219,0239_1.jpg,0219_3.jpg,0
selection,cross_variable_variable,239,224,0239_1.jpg,0224_3.jpg,0
selection,cross_variable_variable,239,237,0239_1.jpg,0237_3.jpg,0
selection,cross_variable_variable,239,239,0239_1.jpg,0239_3.jpg,1
selection,cross_variable_variable,239,248,0239_1.jpg,0248_3.jpg,0
selection,cross_variable_variable,239,266,0239_1.jpg,0266_3.jpg,0
selection,cross_variable_variable,239,271,0239_1.jpg,0271_3.jpg,0
selection,cross_variable_variable,239,279,0239_1.jpg,0279_3.jpg,0
selection,cross_variable_variable,239,282,0239_1.jpg,0282_3.jpg,0
selection,cross_variable_variable,248,6,0248_1.jpg,0006_3.jpg,0
selection,cross_variable_variable,248,12,0248_1.jpg,0012_3.jpg,0
selection,cross_variable_variable,248,15,0248_1.jpg,0015_3.jpg,0
selection,cross_variable_variable,248,18,0248_1.jpg,0018_3.jpg,0
selection,cross_variable_variable,248,35,0248_1.jpg,0035_3.jpg,0
selection,cross_variable_variable,248,42,0248_1.jpg,0042_3.jpg,0
selection,cross_variable_variable,248,43,0248_1.jpg,0043_3.jpg,0
selection,cross_variable_variable,248,60,0248_1.jpg,0060_3.jpg,0
selection,cross_variable_variable,248,66,0248_1.jpg,0066_3.jpg,0
selection,cross_variable_variable,248,67,0248_1.jpg,0067_3.jpg,0
selection,cross_variable_variable,248,79,0248_1.jpg,0079_3.jpg,0
selection,cross_variable_variable,248,86,0248_1.jpg,0086_3.jpg,0
selection,cross_variable_variable,248,87,0248_1.jpg,0087_3.jpg,0
selection,cross_variable_variable,248,89,0248_1.jpg,0089_3.jpg,0
selection,cross_variable_variable,248,91,0248_1.jpg,0091_3.jpg,0
selection,cross_variable_variable,248,93,0248_1.jpg,0093_3.jpg,0
selection,cross_variable_variable,248,106,0248_1.jpg,0106_3.jpg,0
selection,cross_variable_variable,248,109,0248_1.jpg,0109_3.jpg,0
selection,cross_variable_variable,248,114,0248_1.jpg,0114_3.jpg,0
selection,cross_variable_variable,248,130,0248_1.jpg,0130_3.jpg,0
selection,cross_variable_variable,248,132,0248_1.jpg,0132_3.jpg,0
selection,cross_variable_variable,248,148,0248_1.jpg,0148_3.jpg,0
selection,cross_variable_variable,248,154,0248_1.jpg,0154_3.jpg,0
selection,cross_variable_variable,248,161,0248_1.jpg,0161_3.jpg,0
selection,cross_variable_variable,248,200,0248_1.jpg,0200_3.jpg,0
selection,cross_variable_variable,248,204,0248_1.jpg,0204_3.jpg,0
selection,cross_variable_variable,248,216,0248_1.jpg,0216_3.jpg,0
selection,cross_variable_variable,248,219,0248_1.jpg,0219_3.jpg,0
selection,cross_variable_variable,248,224,0248_1.jpg,0224_3.jpg,0
selection,cross_variable_variable,248,237,0248_1.jpg,0237_3.jpg,0
selection,cross_variable_variable,248,239,0248_1.jpg,0239_3.jpg,0
selection,cross_variable_variable,248,248,0248_1.jpg,0248_3.jpg,1
selection,cross_variable_variable,248,266,0248_1.jpg,0266_3.jpg,0
selection,cross_variable_variable,248,271,0248_1.jpg,0271_3.jpg,0
selection,cross_variable_variable,248,279,0248_1.jpg,0279_3.jpg,0
selection,cross_variable_variable,248,282,0248_1.jpg,0282_3.jpg,0
selection,cross_variable_variable,266,6,0266_1.jpg,0006_3.jpg,0
selection,cross_variable_variable,266,12,0266_1.jpg,0012_3.jpg,0
selection,cross_variable_variable,266,15,0266_1.jpg,0015_3.jpg,0
selection,cross_variable_variable,266,18,0266_1.jpg,0018_3.jpg,0
selection,cross_variable_variable,266,35,0266_1.jpg,0035_3.jpg,0
selection,cross_variable_variable,266,42,0266_1.jpg,0042_3.jpg,0
selection,cross_variable_variable,266,43,0266_1.jpg,0043_3.jpg,0
selection,cross_variable_variable,266,60,0266_1.jpg,0060_3.jpg,0
selection,cross_variable_variable,266,66,0266_1.jpg,0066_3.jpg,0
selection,cross_variable_variable,266,67,0266_1.jpg,0067_3.jpg,0
selection,cross_variable_variable,266,79,0266_1.jpg,0079_3.jpg,0
selection,cross_variable_variable,266,86,0266_1.jpg,0086_3.jpg,0
selection,cross_variable_variable,266,87,0266_1.jpg,0087_3.jpg,0
selection,cross_variable_variable,266,89,0266_1.jpg,0089_3.jpg,0
selection,cross_variable_variable,266,91,0266_1.jpg,0091_3.jpg,0
selection,cross_variable_variable,266,93,0266_1.jpg,0093_3.jpg,0
selection,cross_variable_variable,266,106,0266_1.jpg,0106_3.jpg,0
selection,cross_variable_variable,266,109,0266_1.jpg,0109_3.jpg,0
selection,cross_variable_variable,266,114,0266_1.jpg,0114_3.jpg,0
selection,cross_variable_variable,266,130,0266_1.jpg,0130_3.jpg,0
selection,cross_variable_variable,266,132,0266_1.jpg,0132_3.jpg,0
selection,cross_variable_variable,266,148,0266_1.jpg,0148_3.jpg,0
selection,cross_variable_variable,266,154,0266_1.jpg,0154_3.jpg,0
selection,cross_variable_variable,266,161,0266_1.jpg,0161_3.jpg,0
selection,cross_variable_variable,266,200,0266_1.jpg,0200_3.jpg,0
selection,cross_variable_variable,266,204,0266_1.jpg,0204_3.jpg,0
selection,cross_variable_variable,266,216,0266_1.jpg,0216_3.jpg,0
selection,cross_variable_variable,266,219,0266_1.jpg,0219_3.jpg,0
selection,cross_variable_variable,266,224,0266_1.jpg,0224_3.jpg,0
selection,cross_variable_variable,266,237,0266_1.jpg,0237_3.jpg,0
selection,cross_variable_variable,266,239,0266_1.jpg,0239_3.jpg,0
selection,cross_variable_variable,266,248,0266_1.jpg,0248_3.jpg,0
selection,cross_variable_variable,266,266,0266_1.jpg,0266_3.jpg,1
selection,cross_variable_variable,266,271,0266_1.jpg,0271_3.jpg,0
selection,cross_variable_variable,266,279,0266_1.jpg,0279_3.jpg,0
selection,cross_variable_variable,266,282,0266_1.jpg,0282_3.jpg,0
selection,cross_variable_variable,271,6,0271_1.jpg,0006_3.jpg,0
selection,cross_variable_variable,271,12,0271_1.jpg,0012_3.jpg,0
selection,cross_variable_variable,271,15,0271_1.jpg,0015_3.jpg,0
selection,cross_variable_variable,271,18,0271_1.jpg,0018_3.jpg,0
selection,cross_variable_variable,271,35,0271_1.jpg,0035_3.jpg,0
selection,cross_variable_variable,271,42,0271_1.jpg,0042_3.jpg,0
selection,cross_variable_variable,271,43,0271_1.jpg,0043_3.jpg,0
selection,cross_variable_variable,271,60,0271_1.jpg,0060_3.jpg,0
selection,cross_variable_variable,271,66,0271_1.jpg,0066_3.jpg,0
selection,cross_variable_variable,271,67,0271_1.jpg,0067_3.jpg,0
selection,cross_variable_variable,271,79,0271_1.jpg,0079_3.jpg,0
selection,cross_variable_variable,271,86,0271_1.jpg,0086_3.jpg,0
selection,cross_variable_variable,271,87,0271_1.jpg,0087_3.jpg,0
selection,cross_variable_variable,271,89,0271_1.jpg,0089_3.jpg,0
selection,cross_variable_variable,271,91,0271_1.jpg,0091_3.jpg,0
selection,cross_variable_variable,271,93,0271_1.jpg,0093_3.jpg,0
selection,cross_variable_variable,271,106,0271_1.jpg,0106_3.jpg,0
selection,cross_variable_variable,271,109,0271_1.jpg,0109_3.jpg,0
selection,cross_variable_variable,271,114,0271_1.jpg,0114_3.jpg,0
selection,cross_variable_variable,271,130,0271_1.jpg,0130_3.jpg,0
selection,cross_variable_variable,271,132,0271_1.jpg,0132_3.jpg,0
selection,cross_variable_variable,271,148,0271_1.jpg,0148_3.jpg,0
selection,cross_variable_variable,271,154,0271_1.jpg,0154_3.jpg,0
selection,cross_variable_variable,271,161,0271_1.jpg,0161_3.jpg,0
selection,cross_variable_variable,271,200,0271_1.jpg,0200_3.jpg,0
selection,cross_variable_variable,271,204,0271_1.jpg,0204_3.jpg,0
selection,cross_variable_variable,271,216,0271_1.jpg,0216_3.jpg,0
selection,cross_variable_variable,271,219,0271_1.jpg,0219_3.jpg,0
selection,cross_variable_variable,271,224,0271_1.jpg,0224_3.jpg,0
selection,cross_variable_variable,271,237,0271_1.jpg,0237_3.jpg,0
selection,cross_variable_variable,271,239,0271_1.jpg,0239_3.jpg,0
selection,cross_variable_variable,271,248,0271_1.jpg,0248_3.jpg,0
selection,cross_variable_variable,271,266,0271_1.jpg,0266_3.jpg,0
selection,cross_variable_variable,271,271,0271_1.jpg,0271_3.jpg,1
selection,cross_variable_variable,271,279,0271_1.jpg,0279_3.jpg,0
selection,cross_variable_variable,271,282,0271_1.jpg,0282_3.jpg,0
selection,cross_variable_variable,279,6,0279_1.jpg,0006_3.jpg,0
selection,cross_variable_variable,279,12,0279_1.jpg,0012_3.jpg,0
selection,cross_variable_variable,279,15,0279_1.jpg,0015_3.jpg,0
selection,cross_variable_variable,279,18,0279_1.jpg,0018_3.jpg,0
selection,cross_variable_variable,279,35,0279_1.jpg,0035_3.jpg,0
selection,cross_variable_variable,279,42,0279_1.jpg,0042_3.jpg,0
selection,cross_variable_variable,279,43,0279_1.jpg,0043_3.jpg,0
selection,cross_variable_variable,279,60,0279_1.jpg,0060_3.jpg,0
selection,cross_variable_variable,279,66,0279_1.jpg,0066_3.jpg,0
selection,cross_variable_variable,279,67,0279_1.jpg,0067_3.jpg,0
selection,cross_variable_variable,279,79,0279_1.jpg,0079_3.jpg,0
selection,cross_variable_variable,279,86,0279_1.jpg,0086_3.jpg,0
selection,cross_variable_variable,279,87,0279_1.jpg,0087_3.jpg,0
selection,cross_variable_variable,279,89,0279_1.jpg,0089_3.jpg,0
selection,cross_variable_variable,279,91,0279_1.jpg,0091_3.jpg,0
selection,cross_variable_variable,279,93,0279_1.jpg,0093_3.jpg,0
selection,cross_variable_variable,279,106,0279_1.jpg,0106_3.jpg,0
selection,cross_variable_variable,279,109,0279_1.jpg,0109_3.jpg,0
selection,cross_variable_variable,279,114,0279_1.jpg,0114_3.jpg,0
selection,cross_variable_variable,279,130,0279_1.jpg,0130_3.jpg,0
selection,cross_variable_variable,279,132,0279_1.jpg,0132_3.jpg,0
selection,cross_variable_variable,279,148,0279_1.jpg,0148_3.jpg,0
selection,cross_variable_variable,279,154,0279_1.jpg,0154_3.jpg,0
selection,cross_variable_variable,279,161,0279_1.jpg,0161_3.jpg,0
selection,cross_variable_variable,279,200,0279_1.jpg,0200_3.jpg,0
selection,cross_variable_variable,279,204,0279_1.jpg,0204_3.jpg,0
selection,cross_variable_variable,279,216,0279_1.jpg,0216_3.jpg,0
selection,cross_variable_variable,279,219,0279_1.jpg,0219_3.jpg,0
selection,cross_variable_variable,279,224,0279_1.jpg,0224_3.jpg,0
selection,cross_variable_variable,279,237,0279_1.jpg,0237_3.jpg,0
selection,cross_variable_variable,279,239,0279_1.jpg,0239_3.jpg,0
selection,cross_variable_variable,279,248,0279_1.jpg,0248_3.jpg,0
selection,cross_variable_variable,279,266,0279_1.jpg,0266_3.jpg,0
selection,cross_variable_variable,279,271,0279_1.jpg,0271_3.jpg,0
selection,cross_variable_variable,279,279,0279_1.jpg,0279_3.jpg,1
selection,cross_variable_variable,279,282,0279_1.jpg,0282_3.jpg,0
selection,cross_variable_variable,282,6,0282_1.jpg,0006_3.jpg,0
selection,cross_variable_variable,282,12,0282_1.jpg,0012_3.jpg,0
selection,cross_variable_variable,282,15,0282_1.jpg,0015_3.jpg,0
selection,cross_variable_variable,282,18,0282_1.jpg,0018_3.jpg,0
selection,cross_variable_variable,282,35,0282_1.jpg,0035_3.jpg,0
selection,cross_variable_variable,282,42,0282_1.jpg,0042_3.jpg,0
selection,cross_variable_variable,282,43,0282_1.jpg,0043_3.jpg,0
selection,cross_variable_variable,282,60,0282_1.jpg,0060_3.jpg,0
selection,cross_variable_variable,282,66,0282_1.jpg,0066_3.jpg,0
selection,cross_variable_variable,282,67,0282_1.jpg,0067_3.jpg,0
selection,cross_variable_variable,282,79,0282_1.jpg,0079_3.jpg,0
selection,cross_variable_variable,282,86,0282_1.jpg,0086_3.jpg,0
selection,cross_variable_variable,282,87,0282_1.jpg,0087_3.jpg,0
selection,cross_variable_variable,282,89,0282_1.jpg,0089_3.jpg,0
selection,cross_variable_variable,282,91,0282_1.jpg,0091_3.jpg,0
selection,cross_variable_variable,282,93,0282_1.jpg,0093_3.jpg,0
selection,cross_variable_variable,282,106,0282_1.jpg,0106_3.jpg,0
selection,cross_variable_variable,282,109,0282_1.jpg,0109_3.jpg,0
selection,cross_variable_variable,282,114,0282_1.jpg,0114_3.jpg,0
selection,cross_variable_variable,282,130,0282_1.jpg,0130_3.jpg,0
selection,cross_variable_variable,282,132,0282_1.jpg,0132_3.jpg,0
selection,cross_variable_variable,282,148,0282_1.jpg,0148_3.jpg,0
selection,cross_variable_variable,282,154,0282_1.jpg,0154_3.jpg,0
selection,cross_variable_variable,282,161,0282_1.jpg,0161_3.jpg,0
selection,cross_variable_variable,282,200,0282_1.jpg,0200_3.jpg,0
selection,cross_variable_variable,282,204,0282_1.jpg,0204_3.jpg,0
selection,cross_variable_variable,282,216,0282_1.jpg,0216_3.jpg,0
selection,cross_variable_variable,282,219,0282_1.jpg,0219_3.jpg,0
selection,cross_variable_variable,282,224,0282_1.jpg,0224_3.jpg,0
selection,cross_variable_variable,282,237,0282_1.jpg,0237_3.jpg,0
selection,cross_variable_variable,282,239,0282_1.jpg,0239_3.jpg,0
selection,cross_variable_variable,282,248,0282_1.jpg,0248_3.jpg,0
selection,cross_variable_variable,282,266,0282_1.jpg,0266_3.jpg,0
selection,cross_variable_variable,282,271,0282_1.jpg,0271_3.jpg,0
selection,cross_variable_variable,282,279,0282_1.jpg,0279_3.jpg,0
selection,cross_variable_variable,282,282,0282_1.jpg,0282_3.jpg,1
selection,cross_variable_same,6,6,0006_1.jpg,0006_4.jpg,1
selection,cross_variable_same,6,12,0006_1.jpg,0012_4.jpg,0
selection,cross_variable_same,6,15,0006_1.jpg,0015_4.jpg,0
selection,cross_variable_same,6,18,0006_1.jpg,0018_4.jpg,0
selection,cross_variable_same,6,35,0006_1.jpg,0035_4.jpg,0
selection,cross_variable_same,6,42,0006_1.jpg,0042_4.jpg,0
selection,cross_variable_same,6,43,0006_1.jpg,0043_4.jpg,0
selection,cross_variable_same,6,60,0006_1.jpg,0060_4.jpg,0
selection,cross_variable_same,6,66,0006_1.jpg,0066_4.jpg,0
selection,cross_variable_same,6,67,0006_1.jpg,0067_4.jpg,0
selection,cross_variable_same,6,79,0006_1.jpg,0079_4.jpg,0
selection,cross_variable_same,6,86,0006_1.jpg,0086_4.jpg,0
selection,cross_variable_same,6,87,0006_1.jpg,0087_4.jpg,0
selection,cross_variable_same,6,89,0006_1.jpg,0089_4.jpg,0
selection,cross_variable_same,6,91,0006_1.jpg,0091_4.jpg,0
selection,cross_variable_same,6,93,0006_1.jpg,0093_4.jpg,0
selection,cross_variable_same,6,106,0006_1.jpg,0106_4.jpg,0
selection,cross_variable_same,6,109,0006_1.jpg,0109_4.jpg,0
selection,cross_variable_same,6,114,0006_1.jpg,0114_4.jpg,0
selection,cross_variable_same,6,130,0006_1.jpg,0130_4.jpg,0
selection,cross_variable_same,6,132,0006_1.jpg,0132_4.jpg,0
selection,cross_variable_same,6,148,0006_1.jpg,0148_4.jpg,0
selection,cross_variable_same,6,154,0006_1.jpg,0154_4.jpg,0
selection,cross_variable_same,6,161,0006_1.jpg,0161_4.jpg,0
selection,cross_variable_same,6,200,0006_1.jpg,0200_4.jpg,0
selection,cross_variable_same,6,204,0006_1.jpg,0204_4.jpg,0
selection,cross_variable_same,6,216,0006_1.jpg,0216_4.jpg,0
selection,cross_variable_same,6,219,0006_1.jpg,0219_4.jpg,0
selection,cross_variable_same,6,224,0006_1.jpg,0224_4.jpg,0
selection,cross_variable_same,6,237,0006_1.jpg,0237_4.jpg,0
selection,cross_variable_same,6,239,0006_1.jpg,0239_4.jpg,0
selection,cross_variable_same,6,248,0006_1.jpg,0248_4.jpg,0
selection,cross_variable_same,6,266,0006_1.jpg,0266_4.jpg,0
selection,cross_variable_same,6,271,0006_1.jpg,0271_4.jpg,0
selection,cross_variable_same,6,279,0006_1.jpg,0279_4.jpg,0
selection,cross_variable_same,6,282,0006_1.jpg,0282_4.jpg,0
selection,cross_variable_same,12,6,0012_1.jpg,0006_4.jpg,0
selection,cross_variable_same,12,12,0012_1.jpg,0012_4.jpg,1
selection,cross_variable_same,12,15,0012_1.jpg,0015_4.jpg,0
selection,cross_variable_same,12,18,0012_1.jpg,0018_4.jpg,0
selection,cross_variable_same,12,35,0012_1.jpg,0035_4.jpg,0
selection,cross_variable_same,12,42,0012_1.jpg,0042_4.jpg,0
selection,cross_variable_same,12,43,0012_1.jpg,0043_4.jpg,0
selection,cross_variable_same,12,60,0012_1.jpg,0060_4.jpg,0
selection,cross_variable_same,12,66,0012_1.jpg,0066_4.jpg,0
selection,cross_variable_same,12,67,0012_1.jpg,0067_4.jpg,0
selection,cross_variable_same,12,79,0012_1.jpg,0079_4.jpg,0
selection,cross_variable_same,12,86,0012_1.jpg,0086_4.jpg,0
selection,cross_variable_same,12,87,0012_1.jpg,0087_4.jpg,0
selection,cross_variable_same,12,89,0012_1.jpg,0089_4.jpg,0
selection,cross_variable_same,12,91,0012_1.jpg,0091_4.jpg,0
selection,cross_variable_same,12,93,0012_1.jpg,0093_4.jpg,0
selection,cross_variable_same,12,106,0012_1.jpg,0106_4.jpg,0
selection,cross_variable_same,12,109,0012_1.jpg,0109_4.jpg,0
selection,cross_variable_same,12,114,0012_1.jpg,0114_4.jpg,0
selection,cross_variable_same,12,130,0012_1.jpg,0130_4.jpg,0
selection,cross_variable_same,12,132,0012_1.jpg,0132_4.jpg,0
selection,cross_variable_same,12,148,0012_1.jpg,0148_4.jpg,0
selection,cross_variable_same,12,154,0012_1.jpg,0154_4.jpg,0
selection,cross_variable_same,12,161,0012_1.jpg,0161_4.jpg,0
selection,cross_variable_same,12,200,0012_1.jpg,0200_4.jpg,0
selection,cross_variable_same,12,204,0012_1.jpg,0204_4.jpg,0
selection,cross_variable_same,12,216,0012_1.jpg,0216_4.jpg,0
selection,cross_variable_same,12,219,0012_1.jpg,0219_4.jpg,0
selection,cross_variable_same,12,224,0012_1.jpg,0224_4.jpg,0
selection,cross_variable_same,12,237,0012_1.jpg,0237_4.jpg,0
selection,cross_variable_same,12,239,0012_1.jpg,0239_4.jpg,0
selection,cross_variable_same,12,248,0012_1.jpg,0248_4.jpg,0
selection,cross_variable_same,12,266,0012_1.jpg,0266_4.jpg,0
selection,cross_variable_same,12,271,0012_1.jpg,0271_4.jpg,0
selection,cross_variable_same,12,279,0012_1.jpg,0279_4.jpg,0
selection,cross_variable_same,12,282,0012_1.jpg,0282_4.jpg,0
selection,cross_variable_same,15,6,0015_1.jpg,0006_4.jpg,0
selection,cross_variable_same,15,12,0015_1.jpg,0012_4.jpg,0
selection,cross_variable_same,15,15,0015_1.jpg,0015_4.jpg,1
selection,cross_variable_same,15,18,0015_1.jpg,0018_4.jpg,0
selection,cross_variable_same,15,35,0015_1.jpg,0035_4.jpg,0
selection,cross_variable_same,15,42,0015_1.jpg,0042_4.jpg,0
selection,cross_variable_same,15,43,0015_1.jpg,0043_4.jpg,0
selection,cross_variable_same,15,60,0015_1.jpg,0060_4.jpg,0
selection,cross_variable_same,15,66,0015_1.jpg,0066_4.jpg,0
selection,cross_variable_same,15,67,0015_1.jpg,0067_4.jpg,0
selection,cross_variable_same,15,79,0015_1.jpg,0079_4.jpg,0
selection,cross_variable_same,15,86,0015_1.jpg,0086_4.jpg,0
selection,cross_variable_same,15,87,0015_1.jpg,0087_4.jpg,0
selection,cross_variable_same,15,89,0015_1.jpg,0089_4.jpg,0
selection,cross_variable_same,15,91,0015_1.jpg,0091_4.jpg,0
selection,cross_variable_same,15,93,0015_1.jpg,0093_4.jpg,0
selection,cross_variable_same,15,106,0015_1.jpg,0106_4.jpg,0
selection,cross_variable_same,15,109,0015_1.jpg,0109_4.jpg,0
selection,cross_variable_same,15,114,0015_1.jpg,0114_4.jpg,0
selection,cross_variable_same,15,130,0015_1.jpg,0130_4.jpg,0
selection,cross_variable_same,15,132,0015_1.jpg,0132_4.jpg,0
selection,cross_variable_same,15,148,0015_1.jpg,0148_4.jpg,0
selection,cross_variable_same,15,154,0015_1.jpg,0154_4.jpg,0
selection,cross_variable_same,15,161,0015_1.jpg,0161_4.jpg,0
selection,cross_variable_same,15,200,0015_1.jpg,0200_4.jpg,0
selection,cross_variable_same,15,204,0015_1.jpg,0204_4.jpg,0
selection,cross_variable_same,15,216,0015_1.jpg,0216_4.jpg,0
selection,cross_variable_same,15,219,0015_1.jpg,0219_4.jpg,0
selection,cross_variable_same,15,224,0015_1.jpg,0224_4.jpg,0
selection,cross_variable_same,15,237,0015_1.jpg,0237_4.jpg,0
selection,cross_variable_same,15,239,0015_1.jpg,0239_4.jpg,0
selection,cross_variable_same,15,248,0015_1.jpg,0248_4.jpg,0
selection,cross_variable_same,15,266,0015_1.jpg,0266_4.jpg,0
selection,cross_variable_same,15,271,0015_1.jpg,0271_4.jpg,0
selection,cross_variable_same,15,279,0015_1.jpg,0279_4.jpg,0
selection,cross_variable_same,15,282,0015_1.jpg,0282_4.jpg,0
selection,cross_variable_same,18,6,0018_1.jpg,0006_4.jpg,0
selection,cross_variable_same,18,12,0018_1.jpg,0012_4.jpg,0
selection,cross_variable_same,18,15,0018_1.jpg,0015_4.jpg,0
selection,cross_variable_same,18,18,0018_1.jpg,0018_4.jpg,1
selection,cross_variable_same,18,35,0018_1.jpg,0035_4.jpg,0
selection,cross_variable_same,18,42,0018_1.jpg,0042_4.jpg,0
selection,cross_variable_same,18,43,0018_1.jpg,0043_4.jpg,0
selection,cross_variable_same,18,60,0018_1.jpg,0060_4.jpg,0
selection,cross_variable_same,18,66,0018_1.jpg,0066_4.jpg,0
selection,cross_variable_same,18,67,0018_1.jpg,0067_4.jpg,0
selection,cross_variable_same,18,79,0018_1.jpg,0079_4.jpg,0
selection,cross_variable_same,18,86,0018_1.jpg,0086_4.jpg,0
selection,cross_variable_same,18,87,0018_1.jpg,0087_4.jpg,0
selection,cross_variable_same,18,89,0018_1.jpg,0089_4.jpg,0
selection,cross_variable_same,18,91,0018_1.jpg,0091_4.jpg,0
selection,cross_variable_same,18,93,0018_1.jpg,0093_4.jpg,0
selection,cross_variable_same,18,106,0018_1.jpg,0106_4.jpg,0
selection,cross_variable_same,18,109,0018_1.jpg,0109_4.jpg,0
selection,cross_variable_same,18,114,0018_1.jpg,0114_4.jpg,0
selection,cross_variable_same,18,130,0018_1.jpg,0130_4.jpg,0
selection,cross_variable_same,18,132,0018_1.jpg,0132_4.jpg,0
selection,cross_variable_same,18,148,0018_1.jpg,0148_4.jpg,0
selection,cross_variable_same,18,154,0018_1.jpg,0154_4.jpg,0
selection,cross_variable_same,18,161,0018_1.jpg,0161_4.jpg,0
selection,cross_variable_same,18,200,0018_1.jpg,0200_4.jpg,0
selection,cross_variable_same,18,204,0018_1.jpg,0204_4.jpg,0
selection,cross_variable_same,18,216,0018_1.jpg,0216_4.jpg,0
selection,cross_variable_same,18,219,0018_1.jpg,0219_4.jpg,0
selection,cross_variable_same,18,224,0018_1.jpg,0224_4.jpg,0
selection,cross_variable_same,18,237,0018_1.jpg,0237_4.jpg,0
selection,cross_variable_same,18,239,0018_1.jpg,0239_4.jpg,0
selection,cross_variable_same,18,248,0018_1.jpg,0248_4.jpg,0
selection,cross_variable_same,18,266,0018_1.jpg,0266_4.jpg,0
selection,cross_variable_same,18,271,0018_1.jpg,0271_4.jpg,0
selection,cross_variable_same,18,279,0018_1.jpg,0279_4.jpg,0
selection,cross_variable_same,18,282,0018_1.jpg,0282_4.jpg,0
selection,cross_variable_same,35,6,0035_1.jpg,0006_4.jpg,0
selection,cross_variable_same,35,12,0035_1.jpg,0012_4.jpg,0
selection,cross_variable_same,35,15,0035_1.jpg,0015_4.jpg,0
selection,cross_variable_same,35,18,0035_1.jpg,0018_4.jpg,0
selection,cross_variable_same,35,35,0035_1.jpg,0035_4.jpg,1
selection,cross_variable_same,35,42,0035_1.jpg,0042_4.jpg,0
selection,cross_variable_same,35,43,0035_1.jpg,0043_4.jpg,0
selection,cross_variable_same,35,60,0035_1.jpg,0060_4.jpg,0
selection,cross_variable_same,35,66,0035_1.jpg,0066_4.jpg,0
selection,cross_variable_same,35,67,0035_1.jpg,0067_4.jpg,0
selection,cross_variable_same,35,79,0035_1.jpg,0079_4.jpg,0
selection,cross_variable_same,35,86,0035_1.jpg,0086_4.jpg,0
selection,cross_variable_same,35,87,0035_1.jpg,0087_4.jpg,0
selection,cross_variable_same,35,89,0035_1.jpg,0089_4.jpg,0
selection,cross_variable_same,35,91,0035_1.jpg,0091_4.jpg,0
selection,cross_variable_same,35,93,0035_1.jpg,0093_4.jpg,0
selection,cross_variable_same,35,106,0035_1.jpg,0106_4.jpg,0
selection,cross_variable_same,35,109,0035_1.jpg,0109_4.jpg,0
selection,cross_variable_same,35,114,0035_1.jpg,0114_4.jpg,0
selection,cross_variable_same,35,130,0035_1.jpg,0130_4.jpg,0
selection,cross_variable_same,35,132,0035_1.jpg,0132_4.jpg,0
selection,cross_variable_same,35,148,0035_1.jpg,0148_4.jpg,0
selection,cross_variable_same,35,154,0035_1.jpg,0154_4.jpg,0
selection,cross_variable_same,35,161,0035_1.jpg,0161_4.jpg,0
selection,cross_variable_same,35,200,0035_1.jpg,0200_4.jpg,0
selection,cross_variable_same,35,204,0035_1.jpg,0204_4.jpg,0
selection,cross_variable_same,35,216,0035_1.jpg,0216_4.jpg,0
selection,cross_variable_same,35,219,0035_1.jpg,0219_4.jpg,0
selection,cross_variable_same,35,224,0035_1.jpg,0224_4.jpg,0
selection,cross_variable_same,35,237,0035_1.jpg,0237_4.jpg,0
selection,cross_variable_same,35,239,0035_1.jpg,0239_4.jpg,0
selection,cross_variable_same,35,248,0035_1.jpg,0248_4.jpg,0
selection,cross_variable_same,35,266,0035_1.jpg,0266_4.jpg,0
selection,cross_variable_same,35,271,0035_1.jpg,0271_4.jpg,0
selection,cross_variable_same,35,279,0035_1.jpg,0279_4.jpg,0
selection,cross_variable_same,35,282,0035_1.jpg,0282_4.jpg,0
selection,cross_variable_same,42,6,0042_1.jpg,0006_4.jpg,0
selection,cross_variable_same,42,12,0042_1.jpg,0012_4.jpg,0
selection,cross_variable_same,42,15,0042_1.jpg,0015_4.jpg,0
selection,cross_variable_same,42,18,0042_1.jpg,0018_4.jpg,0
selection,cross_variable_same,42,35,0042_1.jpg,0035_4.jpg,0
selection,cross_variable_same,42,42,0042_1.jpg,0042_4.jpg,1
selection,cross_variable_same,42,43,0042_1.jpg,0043_4.jpg,0
selection,cross_variable_same,42,60,0042_1.jpg,0060_4.jpg,0
selection,cross_variable_same,42,66,0042_1.jpg,0066_4.jpg,0
selection,cross_variable_same,42,67,0042_1.jpg,0067_4.jpg,0
selection,cross_variable_same,42,79,0042_1.jpg,0079_4.jpg,0
selection,cross_variable_same,42,86,0042_1.jpg,0086_4.jpg,0
selection,cross_variable_same,42,87,0042_1.jpg,0087_4.jpg,0
selection,cross_variable_same,42,89,0042_1.jpg,0089_4.jpg,0
selection,cross_variable_same,42,91,0042_1.jpg,0091_4.jpg,0
selection,cross_variable_same,42,93,0042_1.jpg,0093_4.jpg,0
selection,cross_variable_same,42,106,0042_1.jpg,0106_4.jpg,0
selection,cross_variable_same,42,109,0042_1.jpg,0109_4.jpg,0
selection,cross_variable_same,42,114,0042_1.jpg,0114_4.jpg,0
selection,cross_variable_same,42,130,0042_1.jpg,0130_4.jpg,0
selection,cross_variable_same,42,132,0042_1.jpg,0132_4.jpg,0
selection,cross_variable_same,42,148,0042_1.jpg,0148_4.jpg,0
selection,cross_variable_same,42,154,0042_1.jpg,0154_4.jpg,0
selection,cross_variable_same,42,161,0042_1.jpg,0161_4.jpg,0
selection,cross_variable_same,42,200,0042_1.jpg,0200_4.jpg,0
selection,cross_variable_same,42,204,0042_1.jpg,0204_4.jpg,0
selection,cross_variable_same,42,216,0042_1.jpg,0216_4.jpg,0
selection,cross_variable_same,42,219,0042_1.jpg,0219_4.jpg,0
selection,cross_variable_same,42,224,0042_1.jpg,0224_4.jpg,0
selection,cross_variable_same,42,237,0042_1.jpg,0237_4.jpg,0
selection,cross_variable_same,42,239,0042_1.jpg,0239_4.jpg,0
selection,cross_variable_same,42,248,0042_1.jpg,0248_4.jpg,0
selection,cross_variable_same,42,266,0042_1.jpg,0266_4.jpg,0
selection,cross_variable_same,42,271,0042_1.jpg,0271_4.jpg,0
selection,cross_variable_same,42,279,0042_1.jpg,0279_4.jpg,0
selection,cross_variable_same,42,282,0042_1.jpg,0282_4.jpg,0
selection,cross_variable_same,43,6,0043_1.jpg,0006_4.jpg,0
selection,cross_variable_same,43,12,0043_1.jpg,0012_4.jpg,0
selection,cross_variable_same,43,15,0043_1.jpg,0015_4.jpg,0
selection,cross_variable_same,43,18,0043_1.jpg,0018_4.jpg,0
selection,cross_variable_same,43,35,0043_1.jpg,0035_4.jpg,0
selection,cross_variable_same,43,42,0043_1.jpg,0042_4.jpg,0
selection,cross_variable_same,43,43,0043_1.jpg,0043_4.jpg,1
selection,cross_variable_same,43,60,0043_1.jpg,0060_4.jpg,0
selection,cross_variable_same,43,66,0043_1.jpg,0066_4.jpg,0
selection,cross_variable_same,43,67,0043_1.jpg,0067_4.jpg,0
selection,cross_variable_same,43,79,0043_1.jpg,0079_4.jpg,0
selection,cross_variable_same,43,86,0043_1.jpg,0086_4.jpg,0
selection,cross_variable_same,43,87,0043_1.jpg,0087_4.jpg,0
selection,cross_variable_same,43,89,0043_1.jpg,0089_4.jpg,0
selection,cross_variable_same,43,91,0043_1.jpg,0091_4.jpg,0
selection,cross_variable_same,43,93,0043_1.jpg,0093_4.jpg,0
selection,cross_variable_same,43,106,0043_1.jpg,0106_4.jpg,0
selection,cross_variable_same,43,109,0043_1.jpg,0109_4.jpg,0
selection,cross_variable_same,43,114,0043_1.jpg,0114_4.jpg,0
selection,cross_variable_same,43,130,0043_1.jpg,0130_4.jpg,0
selection,cross_variable_same,43,132,0043_1.jpg,0132_4.jpg,0
selection,cross_variable_same,43,148,0043_1.jpg,0148_4.jpg,0
selection,cross_variable_same,43,154,0043_1.jpg,0154_4.jpg,0
selection,cross_variable_same,43,161,0043_1.jpg,0161_4.jpg,0
selection,cross_variable_same,43,200,0043_1.jpg,0200_4.jpg,0
selection,cross_variable_same,43,204,0043_1.jpg,0204_4.jpg,0
selection,cross_variable_same,43,216,0043_1.jpg,0216_4.jpg,0
selection,cross_variable_same,43,219,0043_1.jpg,0219_4.jpg,0
selection,cross_variable_same,43,224,0043_1.jpg,0224_4.jpg,0
selection,cross_variable_same,43,237,0043_1.jpg,0237_4.jpg,0
selection,cross_variable_same,43,239,0043_1.jpg,0239_4.jpg,0
selection,cross_variable_same,43,248,0043_1.jpg,0248_4.jpg,0
selection,cross_variable_same,43,266,0043_1.jpg,0266_4.jpg,0
selection,cross_variable_same,43,271,0043_1.jpg,0271_4.jpg,0
selection,cross_variable_same,43,279,0043_1.jpg,0279_4.jpg,0
selection,cross_variable_same,43,282,0043_1.jpg,0282_4.jpg,0
selection,cross_variable_same,60,6,0060_1.jpg,0006_4.jpg,0
selection,cross_variable_same,60,12,0060_1.jpg,0012_4.jpg,0
selection,cross_variable_same,60,15,0060_1.jpg,0015_4.jpg,0
selection,cross_variable_same,60,18,0060_1.jpg,0018_4.jpg,0
selection,cross_variable_same,60,35,0060_1.jpg,0035_4.jpg,0
selection,cross_variable_same,60,42,0060_1.jpg,0042_4.jpg,0
selection,cross_variable_same,60,43,0060_1.jpg,0043_4.jpg,0
selection,cross_variable_same,60,60,0060_1.jpg,0060_4.jpg,1
selection,cross_variable_same,60,66,0060_1.jpg,0066_4.jpg,0
selection,cross_variable_same,60,67,0060_1.jpg,0067_4.jpg,0
selection,cross_variable_same,60,79,0060_1.jpg,0079_4.jpg,0
selection,cross_variable_same,60,86,0060_1.jpg,0086_4.jpg,0
selection,cross_variable_same,60,87,0060_1.jpg,0087_4.jpg,0
selection,cross_variable_same,60,89,0060_1.jpg,0089_4.jpg,0
selection,cross_variable_same,60,91,0060_1.jpg,0091_4.jpg,0
selection,cross_variable_same,60,93,0060_1.jpg,0093_4.jpg,0
selection,cross_variable_same,60,106,0060_1.jpg,0106_4.jpg,0
selection,cross_variable_same,60,109,0060_1.jpg,0109_4.jpg,0
selection,cross_variable_same,60,114,0060_1.jpg,0114_4.jpg,0
selection,cross_variable_same,60,130,0060_1.jpg,0130_4.jpg,0
selection,cross_variable_same,60,132,0060_1.jpg,0132_4.jpg,0
selection,cross_variable_same,60,148,0060_1.jpg,0148_4.jpg,0
selection,cross_variable_same,60,154,0060_1.jpg,0154_4.jpg,0
selection,cross_variable_same,60,161,0060_1.jpg,0161_4.jpg,0
selection,cross_variable_same,60,200,0060_1.jpg,0200_4.jpg,0
selection,cross_variable_same,60,204,0060_1.jpg,0204_4.jpg,0
selection,cross_variable_same,60,216,0060_1.jpg,0216_4.jpg,0
selection,cross_variable_same,60,219,0060_1.jpg,0219_4.jpg,0
selection,cross_variable_same,60,224,0060_1.jpg,0224_4.jpg,0
selection,cross_variable_same,60,237,0060_1.jpg,0237_4.jpg,0
selection,cross_variable_same,60,239,0060_1.jpg,0239_4.jpg,0
selection,cross_variable_same,60,248,0060_1.jpg,0248_4.jpg,0
selection,cross_variable_same,60,266,0060_1.jpg,0266_4.jpg,0
selection,cross_variable_same,60,271,0060_1.jpg,0271_4.jpg,0
selection,cross_variable_same,60,279,0060_1.jpg,0279_4.jpg,0
selection,cross_variable_same,60,282,0060_1.jpg,0282_4.jpg,0
selection,cross_variable_same,66,6,0066_1.jpg,0006_4.jpg,0
selection,cross_variable_same,66,12,0066_1.jpg,0012_4.jpg,0
selection,cross_variable_same,66,15,0066_1.jpg,0015_4.jpg,0
selection,cross_variable_same,66,18,0066_1.jpg,0018_4.jpg,0
selection,cross_variable_same,66,35,0066_1.jpg,0035_4.jpg,0
selection,cross_variable_same,66,42,0066_1.jpg,0042_4.jpg,0
selection,cross_variable_same,66,43,0066_1.jpg,0043_4.jpg,0
selection,cross_variable_same,66,60,0066_1.jpg,0060_4.jpg,0
selection,cross_variable_same,66,66,0066_1.jpg,0066_4.jpg,1
selection,cross_variable_same,66,67,0066_1.jpg,0067_4.jpg,0
selection,cross_variable_same,66,79,0066_1.jpg,0079_4.jpg,0
selection,cross_variable_same,66,86,0066_1.jpg,0086_4.jpg,0
selection,cross_variable_same,66,87,0066_1.jpg,0087_4.jpg,0
selection,cross_variable_same,66,89,0066_1.jpg,0089_4.jpg,0
selection,cross_variable_same,66,91,0066_1.jpg,0091_4.jpg,0
selection,cross_variable_same,66,93,0066_1.jpg,0093_4.jpg,0
selection,cross_variable_same,66,106,0066_1.jpg,0106_4.jpg,0
selection,cross_variable_same,66,109,0066_1.jpg,0109_4.jpg,0
selection,cross_variable_same,66,114,0066_1.jpg,0114_4.jpg,0
selection,cross_variable_same,66,130,0066_1.jpg,0130_4.jpg,0
selection,cross_variable_same,66,132,0066_1.jpg,0132_4.jpg,0
selection,cross_variable_same,66,148,0066_1.jpg,0148_4.jpg,0
selection,cross_variable_same,66,154,0066_1.jpg,0154_4.jpg,0
selection,cross_variable_same,66,161,0066_1.jpg,0161_4.jpg,0
selection,cross_variable_same,66,200,0066_1.jpg,0200_4.jpg,0
selection,cross_variable_same,66,204,0066_1.jpg,0204_4.jpg,0
selection,cross_variable_same,66,216,0066_1.jpg,0216_4.jpg,0
selection,cross_variable_same,66,219,0066_1.jpg,0219_4.jpg,0
selection,cross_variable_same,66,224,0066_1.jpg,0224_4.jpg,0
selection,cross_variable_same,66,237,0066_1.jpg,0237_4.jpg,0
selection,cross_variable_same,66,239,0066_1.jpg,0239_4.jpg,0
selection,cross_variable_same,66,248,0066_1.jpg,0248_4.jpg,0
selection,cross_variable_same,66,266,0066_1.jpg,0266_4.jpg,0
selection,cross_variable_same,66,271,0066_1.jpg,0271_4.jpg,0
selection,cross_variable_same,66,279,0066_1.jpg,0279_4.jpg,0
selection,cross_variable_same,66,282,0066_1.jpg,0282_4.jpg,0
selection,cross_variable_same,67,6,0067_1.jpg,0006_4.jpg,0
selection,cross_variable_same,67,12,0067_1.jpg,0012_4.jpg,0
selection,cross_variable_same,67,15,0067_1.jpg,0015_4.jpg,0
selection,cross_variable_same,67,18,0067_1.jpg,0018_4.jpg,0
selection,cross_variable_same,67,35,0067_1.jpg,0035_4.jpg,0
selection,cross_variable_same,67,42,0067_1.jpg,0042_4.jpg,0
selection,cross_variable_same,67,43,0067_1.jpg,0043_4.jpg,0
selection,cross_variable_same,67,60,0067_1.jpg,0060_4.jpg,0
selection,cross_variable_same,67,66,0067_1.jpg,0066_4.jpg,0
selection,cross_variable_same,67,67,0067_1.jpg,0067_4.jpg,1
selection,cross_variable_same,67,79,0067_1.jpg,0079_4.jpg,0
selection,cross_variable_same,67,86,0067_1.jpg,0086_4.jpg,0
selection,cross_variable_same,67,87,0067_1.jpg,0087_4.jpg,0
selection,cross_variable_same,67,89,0067_1.jpg,0089_4.jpg,0
selection,cross_variable_same,67,91,0067_1.jpg,0091_4.jpg,0
selection,cross_variable_same,67,93,0067_1.jpg,0093_4.jpg,0
selection,cross_variable_same,67,106,0067_1.jpg,0106_4.jpg,0
selection,cross_variable_same,67,109,0067_1.jpg,0109_4.jpg,0
selection,cross_variable_same,67,114,0067_1.jpg,0114_4.jpg,0
selection,cross_variable_same,67,130,0067_1.jpg,0130_4.jpg,0
selection,cross_variable_same,67,132,0067_1.jpg,0132_4.jpg,0
selection,cross_variable_same,67,148,0067_1.jpg,0148_4.jpg,0
selection,cross_variable_same,67,154,0067_1.jpg,0154_4.jpg,0
selection,cross_variable_same,67,161,0067_1.jpg,0161_4.jpg,0
selection,cross_variable_same,67,200,0067_1.jpg,0200_4.jpg,0
selection,cross_variable_same,67,204,0067_1.jpg,0204_4.jpg,0
selection,cross_variable_same,67,216,0067_1.jpg,0216_4.jpg,0
selection,cross_variable_same,67,219,0067_1.jpg,0219_4.jpg,0
selection,cross_variable_same,67,224,0067_1.jpg,0224_4.jpg,0
selection,cross_variable_same,67,237,0067_1.jpg,0237_4.jpg,0
selection,cross_variable_same,67,239,0067_1.jpg,0239_4.jpg,0
selection,cross_variable_same,67,248,0067_1.jpg,0248_4.jpg,0
selection,cross_variable_same,67,266,0067_1.jpg,0266_4.jpg,0
selection,cross_variable_same,67,271,0067_1.jpg,0271_4.jpg,0
selection,cross_variable_same,67,279,0067_1.jpg,0279_4.jpg,0
selection,cross_variable_same,67,282,0067_1.jpg,0282_4.jpg,0
selection,cross_variable_same,79,6,0079_1.jpg,0006_4.jpg,0
selection,cross_variable_same,79,12,0079_1.jpg,0012_4.jpg,0
selection,cross_variable_same,79,15,0079_1.jpg,0015_4.jpg,0
selection,cross_variable_same,79,18,0079_1.jpg,0018_4.jpg,0
selection,cross_variable_same,79,35,0079_1.jpg,0035_4.jpg,0
selection,cross_variable_same,79,42,0079_1.jpg,0042_4.jpg,0
selection,cross_variable_same,79,43,0079_1.jpg,0043_4.jpg,0
selection,cross_variable_same,79,60,0079_1.jpg,0060_4.jpg,0
selection,cross_variable_same,79,66,0079_1.jpg,0066_4.jpg,0
selection,cross_variable_same,79,67,0079_1.jpg,0067_4.jpg,0
selection,cross_variable_same,79,79,0079_1.jpg,0079_4.jpg,1
selection,cross_variable_same,79,86,0079_1.jpg,0086_4.jpg,0
selection,cross_variable_same,79,87,0079_1.jpg,0087_4.jpg,0
selection,cross_variable_same,79,89,0079_1.jpg,0089_4.jpg,0
selection,cross_variable_same,79,91,0079_1.jpg,0091_4.jpg,0
selection,cross_variable_same,79,93,0079_1.jpg,0093_4.jpg,0
selection,cross_variable_same,79,106,0079_1.jpg,0106_4.jpg,0
selection,cross_variable_same,79,109,0079_1.jpg,0109_4.jpg,0
selection,cross_variable_same,79,114,0079_1.jpg,0114_4.jpg,0
selection,cross_variable_same,79,130,0079_1.jpg,0130_4.jpg,0
selection,cross_variable_same,79,132,0079_1.jpg,0132_4.jpg,0
selection,cross_variable_same,79,148,0079_1.jpg,0148_4.jpg,0
selection,cross_variable_same,79,154,0079_1.jpg,0154_4.jpg,0
selection,cross_variable_same,79,161,0079_1.jpg,0161_4.jpg,0
selection,cross_variable_same,79,200,0079_1.jpg,0200_4.jpg,0
selection,cross_variable_same,79,204,0079_1.jpg,0204_4.jpg,0
selection,cross_variable_same,79,216,0079_1.jpg,0216_4.jpg,0
selection,cross_variable_same,79,219,0079_1.jpg,0219_4.jpg,0
selection,cross_variable_same,79,224,0079_1.jpg,0224_4.jpg,0
selection,cross_variable_same,79,237,0079_1.jpg,0237_4.jpg,0
selection,cross_variable_same,79,239,0079_1.jpg,0239_4.jpg,0
selection,cross_variable_same,79,248,0079_1.jpg,0248_4.jpg,0
selection,cross_variable_same,79,266,0079_1.jpg,0266_4.jpg,0
selection,cross_variable_same,79,271,0079_1.jpg,0271_4.jpg,0
selection,cross_variable_same,79,279,0079_1.jpg,0279_4.jpg,0
selection,cross_variable_same,79,282,0079_1.jpg,0282_4.jpg,0
selection,cross_variable_same,86,6,0086_1.jpg,0006_4.jpg,0
selection,cross_variable_same,86,12,0086_1.jpg,0012_4.jpg,0
selection,cross_variable_same,86,15,0086_1.jpg,0015_4.jpg,0
selection,cross_variable_same,86,18,0086_1.jpg,0018_4.jpg,0
selection,cross_variable_same,86,35,0086_1.jpg,0035_4.jpg,0
selection,cross_variable_same,86,42,0086_1.jpg,0042_4.jpg,0
selection,cross_variable_same,86,43,0086_1.jpg,0043_4.jpg,0
selection,cross_variable_same,86,60,0086_1.jpg,0060_4.jpg,0
selection,cross_variable_same,86,66,0086_1.jpg,0066_4.jpg,0
selection,cross_variable_same,86,67,0086_1.jpg,0067_4.jpg,0
selection,cross_variable_same,86,79,0086_1.jpg,0079_4.jpg,0
selection,cross_variable_same,86,86,0086_1.jpg,0086_4.jpg,1
selection,cross_variable_same,86,87,0086_1.jpg,0087_4.jpg,0
selection,cross_variable_same,86,89,0086_1.jpg,0089_4.jpg,0
selection,cross_variable_same,86,91,0086_1.jpg,0091_4.jpg,0
selection,cross_variable_same,86,93,0086_1.jpg,0093_4.jpg,0
selection,cross_variable_same,86,106,0086_1.jpg,0106_4.jpg,0
selection,cross_variable_same,86,109,0086_1.jpg,0109_4.jpg,0
selection,cross_variable_same,86,114,0086_1.jpg,0114_4.jpg,0
selection,cross_variable_same,86,130,0086_1.jpg,0130_4.jpg,0
selection,cross_variable_same,86,132,0086_1.jpg,0132_4.jpg,0
selection,cross_variable_same,86,148,0086_1.jpg,0148_4.jpg,0
selection,cross_variable_same,86,154,0086_1.jpg,0154_4.jpg,0
selection,cross_variable_same,86,161,0086_1.jpg,0161_4.jpg,0
selection,cross_variable_same,86,200,0086_1.jpg,0200_4.jpg,0
selection,cross_variable_same,86,204,0086_1.jpg,0204_4.jpg,0
selection,cross_variable_same,86,216,0086_1.jpg,0216_4.jpg,0
selection,cross_variable_same,86,219,0086_1.jpg,0219_4.jpg,0
selection,cross_variable_same,86,224,0086_1.jpg,0224_4.jpg,0
selection,cross_variable_same,86,237,0086_1.jpg,0237_4.jpg,0
selection,cross_variable_same,86,239,0086_1.jpg,0239_4.jpg,0
selection,cross_variable_same,86,248,0086_1.jpg,0248_4.jpg,0
selection,cross_variable_same,86,266,0086_1.jpg,0266_4.jpg,0
selection,cross_variable_same,86,271,0086_1.jpg,0271_4.jpg,0
selection,cross_variable_same,86,279,0086_1.jpg,0279_4.jpg,0
selection,cross_variable_same,86,282,0086_1.jpg,0282_4.jpg,0
selection,cross_variable_same,87,6,0087_1.jpg,0006_4.jpg,0
selection,cross_variable_same,87,12,0087_1.jpg,0012_4.jpg,0
selection,cross_variable_same,87,15,0087_1.jpg,0015_4.jpg,0
selection,cross_variable_same,87,18,0087_1.jpg,0018_4.jpg,0
selection,cross_variable_same,87,35,0087_1.jpg,0035_4.jpg,0
selection,cross_variable_same,87,42,0087_1.jpg,0042_4.jpg,0
selection,cross_variable_same,87,43,0087_1.jpg,0043_4.jpg,0
selection,cross_variable_same,87,60,0087_1.jpg,0060_4.jpg,0
selection,cross_variable_same,87,66,0087_1.jpg,0066_4.jpg,0
selection,cross_variable_same,87,67,0087_1.jpg,0067_4.jpg,0
selection,cross_variable_same,87,79,0087_1.jpg,0079_4.jpg,0
selection,cross_variable_same,87,86,0087_1.jpg,0086_4.jpg,0
selection,cross_variable_same,87,87,0087_1.jpg,0087_4.jpg,1
selection,cross_variable_same,87,89,0087_1.jpg,0089_4.jpg,0
selection,cross_variable_same,87,91,0087_1.jpg,0091_4.jpg,0
selection,cross_variable_same,87,93,0087_1.jpg,0093_4.jpg,0
selection,cross_variable_same,87,106,0087_1.jpg,0106_4.jpg,0
selection,cross_variable_same,87,109,0087_1.jpg,0109_4.jpg,0
selection,cross_variable_same,87,114,0087_1.jpg,0114_4.jpg,0
selection,cross_variable_same,87,130,0087_1.jpg,0130_4.jpg,0
selection,cross_variable_same,87,132,0087_1.jpg,0132_4.jpg,0
selection,cross_variable_same,87,148,0087_1.jpg,0148_4.jpg,0
selection,cross_variable_same,87,154,0087_1.jpg,0154_4.jpg,0
selection,cross_variable_same,87,161,0087_1.jpg,0161_4.jpg,0
selection,cross_variable_same,87,200,0087_1.jpg,0200_4.jpg,0
selection,cross_variable_same,87,204,0087_1.jpg,0204_4.jpg,0
selection,cross_variable_same,87,216,0087_1.jpg,0216_4.jpg,0
selection,cross_variable_same,87,219,0087_1.jpg,0219_4.jpg,0
selection,cross_variable_same,87,224,0087_1.jpg,0224_4.jpg,0
selection,cross_variable_same,87,237,0087_1.jpg,0237_4.jpg,0
selection,cross_variable_same,87,239,0087_1.jpg,0239_4.jpg,0
selection,cross_variable_same,87,248,0087_1.jpg,0248_4.jpg,0
selection,cross_variable_same,87,266,0087_1.jpg,0266_4.jpg,0
selection,cross_variable_same,87,271,0087_1.jpg,0271_4.jpg,0
selection,cross_variable_same,87,279,0087_1.jpg,0279_4.jpg,0
selection,cross_variable_same,87,282,0087_1.jpg,0282_4.jpg,0
selection,cross_variable_same,89,6,0089_1.jpg,0006_4.jpg,0
selection,cross_variable_same,89,12,0089_1.jpg,0012_4.jpg,0
selection,cross_variable_same,89,15,0089_1.jpg,0015_4.jpg,0
selection,cross_variable_same,89,18,0089_1.jpg,0018_4.jpg,0
selection,cross_variable_same,89,35,0089_1.jpg,0035_4.jpg,0
selection,cross_variable_same,89,42,0089_1.jpg,0042_4.jpg,0
selection,cross_variable_same,89,43,0089_1.jpg,0043_4.jpg,0
selection,cross_variable_same,89,60,0089_1.jpg,0060_4.jpg,0
selection,cross_variable_same,89,66,0089_1.jpg,0066_4.jpg,0
selection,cross_variable_same,89,67,0089_1.jpg,0067_4.jpg,0
selection,cross_variable_same,89,79,0089_1.jpg,0079_4.jpg,0
selection,cross_variable_same,89,86,0089_1.jpg,0086_4.jpg,0
selection,cross_variable_same,89,87,0089_1.jpg,0087_4.jpg,0
selection,cross_variable_same,89,89,0089_1.jpg,0089_4.jpg,1
selection,cross_variable_same,89,91,0089_1.jpg,0091_4.jpg,0
selection,cross_variable_same,89,93,0089_1.jpg,0093_4.jpg,0
selection,cross_variable_same,89,106,0089_1.jpg,0106_4.jpg,0
selection,cross_variable_same,89,109,0089_1.jpg,0109_4.jpg,0
selection,cross_variable_same,89,114,0089_1.jpg,0114_4.jpg,0
selection,cross_variable_same,89,130,0089_1.jpg,0130_4.jpg,0
selection,cross_variable_same,89,132,0089_1.jpg,0132_4.jpg,0
selection,cross_variable_same,89,148,0089_1.jpg,0148_4.jpg,0
selection,cross_variable_same,89,154,0089_1.jpg,0154_4.jpg,0
selection,cross_variable_same,89,161,0089_1.jpg,0161_4.jpg,0
selection,cross_variable_same,89,200,0089_1.jpg,0200_4.jpg,0
selection,cross_variable_same,89,204,0089_1.jpg,0204_4.jpg,0
selection,cross_variable_same,89,216,0089_1.jpg,0216_4.jpg,0
selection,cross_variable_same,89,219,0089_1.jpg,0219_4.jpg,0
selection,cross_variable_same,89,224,0089_1.jpg,0224_4.jpg,0
selection,cross_variable_same,89,237,0089_1.jpg,0237_4.jpg,0
selection,cross_variable_same,89,239,0089_1.jpg,0239_4.jpg,0
selection,cross_variable_same,89,248,0089_1.jpg,0248_4.jpg,0
selection,cross_variable_same,89,266,0089_1.jpg,0266_4.jpg,0
selection,cross_variable_same,89,271,0089_1.jpg,0271_4.jpg,0
selection,cross_variable_same,89,279,0089_1.jpg,0279_4.jpg,0
selection,cross_variable_same,89,282,0089_1.jpg,0282_4.jpg,0
selection,cross_variable_same,91,6,0091_1.jpg,0006_4.jpg,0
selection,cross_variable_same,91,12,0091_1.jpg,0012_4.jpg,0
selection,cross_variable_same,91,15,0091_1.jpg,0015_4.jpg,0
selection,cross_variable_same,91,18,0091_1.jpg,0018_4.jpg,0
selection,cross_variable_same,91,35,0091_1.jpg,0035_4.jpg,0
selection,cross_variable_same,91,42,0091_1.jpg,0042_4.jpg,0
selection,cross_variable_same,91,43,0091_1.jpg,0043_4.jpg,0
selection,cross_variable_same,91,60,0091_1.jpg,0060_4.jpg,0
selection,cross_variable_same,91,66,0091_1.jpg,0066_4.jpg,0
selection,cross_variable_same,91,67,0091_1.jpg,0067_4.jpg,0
selection,cross_variable_same,91,79,0091_1.jpg,0079_4.jpg,0
selection,cross_variable_same,91,86,0091_1.jpg,0086_4.jpg,0
selection,cross_variable_same,91,87,0091_1.jpg,0087_4.jpg,0
selection,cross_variable_same,91,89,0091_1.jpg,0089_4.jpg,0
selection,cross_variable_same,91,91,0091_1.jpg,0091_4.jpg,1
selection,cross_variable_same,91,93,0091_1.jpg,0093_4.jpg,0
selection,cross_variable_same,91,106,0091_1.jpg,0106_4.jpg,0
selection,cross_variable_same,91,109,0091_1.jpg,0109_4.jpg,0
selection,cross_variable_same,91,114,0091_1.jpg,0114_4.jpg,0
selection,cross_variable_same,91,130,0091_1.jpg,0130_4.jpg,0
selection,cross_variable_same,91,132,0091_1.jpg,0132_4.jpg,0
selection,cross_variable_same,91,148,0091_1.jpg,0148_4.jpg,0
selection,cross_variable_same,91,154,0091_1.jpg,0154_4.jpg,0
selection,cross_variable_same,91,161,0091_1.jpg,0161_4.jpg,0
selection,cross_variable_same,91,200,0091_1.jpg,0200_4.jpg,0
selection,cross_variable_same,91,204,0091_1.jpg,0204_4.jpg,0
selection,cross_variable_same,91,216,0091_1.jpg,0216_4.jpg,0
selection,cross_variable_same,91,219,0091_1.jpg,0219_4.jpg,0
selection,cross_variable_same,91,224,0091_1.jpg,0224_4.jpg,0
selection,cross_variable_same,91,237,0091_1.jpg,0237_4.jpg,0
selection,cross_variable_same,91,239,0091_1.jpg,0239_4.jpg,0
selection,cross_variable_same,91,248,0091_1.jpg,0248_4.jpg,0
selection,cross_variable_same,91,266,0091_1.jpg,0266_4.jpg,0
selection,cross_variable_same,91,271,0091_1.jpg,0271_4.jpg,0
selection,cross_variable_same,91,279,0091_1.jpg,0279_4.jpg,0
selection,cross_variable_same,91,282,0091_1.jpg,0282_4.jpg,0
selection,cross_variable_same,93,6,0093_1.jpg,0006_4.jpg,0
selection,cross_variable_same,93,12,0093_1.jpg,0012_4.jpg,0
selection,cross_variable_same,93,15,0093_1.jpg,0015_4.jpg,0
selection,cross_variable_same,93,18,0093_1.jpg,0018_4.jpg,0
selection,cross_variable_same,93,35,0093_1.jpg,0035_4.jpg,0
selection,cross_variable_same,93,42,0093_1.jpg,0042_4.jpg,0
selection,cross_variable_same,93,43,0093_1.jpg,0043_4.jpg,0
selection,cross_variable_same,93,60,0093_1.jpg,0060_4.jpg,0
selection,cross_variable_same,93,66,0093_1.jpg,0066_4.jpg,0
selection,cross_variable_same,93,67,0093_1.jpg,0067_4.jpg,0
selection,cross_variable_same,93,79,0093_1.jpg,0079_4.jpg,0
selection,cross_variable_same,93,86,0093_1.jpg,0086_4.jpg,0
selection,cross_variable_same,93,87,0093_1.jpg,0087_4.jpg,0
selection,cross_variable_same,93,89,0093_1.jpg,0089_4.jpg,0
selection,cross_variable_same,93,91,0093_1.jpg,0091_4.jpg,0
selection,cross_variable_same,93,93,0093_1.jpg,0093_4.jpg,1
selection,cross_variable_same,93,106,0093_1.jpg,0106_4.jpg,0
selection,cross_variable_same,93,109,0093_1.jpg,0109_4.jpg,0
selection,cross_variable_same,93,114,0093_1.jpg,0114_4.jpg,0
selection,cross_variable_same,93,130,0093_1.jpg,0130_4.jpg,0
selection,cross_variable_same,93,132,0093_1.jpg,0132_4.jpg,0
selection,cross_variable_same,93,148,0093_1.jpg,0148_4.jpg,0
selection,cross_variable_same,93,154,0093_1.jpg,0154_4.jpg,0
selection,cross_variable_same,93,161,0093_1.jpg,0161_4.jpg,0
selection,cross_variable_same,93,200,0093_1.jpg,0200_4.jpg,0
selection,cross_variable_same,93,204,0093_1.jpg,0204_4.jpg,0
selection,cross_variable_same,93,216,0093_1.jpg,0216_4.jpg,0
selection,cross_variable_same,93,219,0093_1.jpg,0219_4.jpg,0
selection,cross_variable_same,93,224,0093_1.jpg,0224_4.jpg,0
selection,cross_variable_same,93,237,0093_1.jpg,0237_4.jpg,0
selection,cross_variable_same,93,239,0093_1.jpg,0239_4.jpg,0
selection,cross_variable_same,93,248,0093_1.jpg,0248_4.jpg,0
selection,cross_variable_same,93,266,0093_1.jpg,0266_4.jpg,0
selection,cross_variable_same,93,271,0093_1.jpg,0271_4.jpg,0
selection,cross_variable_same,93,279,0093_1.jpg,0279_4.jpg,0
selection,cross_variable_same,93,282,0093_1.jpg,0282_4.jpg,0
selection,cross_variable_same,106,6,0106_1.jpg,0006_4.jpg,0
selection,cross_variable_same,106,12,0106_1.jpg,0012_4.jpg,0
selection,cross_variable_same,106,15,0106_1.jpg,0015_4.jpg,0
selection,cross_variable_same,106,18,0106_1.jpg,0018_4.jpg,0
selection,cross_variable_same,106,35,0106_1.jpg,0035_4.jpg,0
selection,cross_variable_same,106,42,0106_1.jpg,0042_4.jpg,0
selection,cross_variable_same,106,43,0106_1.jpg,0043_4.jpg,0
selection,cross_variable_same,106,60,0106_1.jpg,0060_4.jpg,0
selection,cross_variable_same,106,66,0106_1.jpg,0066_4.jpg,0
selection,cross_variable_same,106,67,0106_1.jpg,0067_4.jpg,0
selection,cross_variable_same,106,79,0106_1.jpg,0079_4.jpg,0
selection,cross_variable_same,106,86,0106_1.jpg,0086_4.jpg,0
selection,cross_variable_same,106,87,0106_1.jpg,0087_4.jpg,0
selection,cross_variable_same,106,89,0106_1.jpg,0089_4.jpg,0
selection,cross_variable_same,106,91,0106_1.jpg,0091_4.jpg,0
selection,cross_variable_same,106,93,0106_1.jpg,0093_4.jpg,0
selection,cross_variable_same,106,106,0106_1.jpg,0106_4.jpg,1
selection,cross_variable_same,106,109,0106_1.jpg,0109_4.jpg,0
selection,cross_variable_same,106,114,0106_1.jpg,0114_4.jpg,0
selection,cross_variable_same,106,130,0106_1.jpg,0130_4.jpg,0
selection,cross_variable_same,106,132,0106_1.jpg,0132_4.jpg,0
selection,cross_variable_same,106,148,0106_1.jpg,0148_4.jpg,0
selection,cross_variable_same,106,154,0106_1.jpg,0154_4.jpg,0
selection,cross_variable_same,106,161,0106_1.jpg,0161_4.jpg,0
selection,cross_variable_same,106,200,0106_1.jpg,0200_4.jpg,0
selection,cross_variable_same,106,204,0106_1.jpg,0204_4.jpg,0
selection,cross_variable_same,106,216,0106_1.jpg,0216_4.jpg,0
selection,cross_variable_same,106,219,0106_1.jpg,0219_4.jpg,0
selection,cross_variable_same,106,224,0106_1.jpg,0224_4.jpg,0
selection,cross_variable_same,106,237,0106_1.jpg,0237_4.jpg,0
selection,cross_variable_same,106,239,0106_1.jpg,0239_4.jpg,0
selection,cross_variable_same,106,248,0106_1.jpg,0248_4.jpg,0
selection,cross_variable_same,106,266,0106_1.jpg,0266_4.jpg,0
selection,cross_variable_same,106,271,0106_1.jpg,0271_4.jpg,0
selection,cross_variable_same,106,279,0106_1.jpg,0279_4.jpg,0
selection,cross_variable_same,106,282,0106_1.jpg,0282_4.jpg,0
selection,cross_variable_same,109,6,0109_1.jpg,0006_4.jpg,0
selection,cross_variable_same,109,12,0109_1.jpg,0012_4.jpg,0
selection,cross_variable_same,109,15,0109_1.jpg,0015_4.jpg,0
selection,cross_variable_same,109,18,0109_1.jpg,0018_4.jpg,0
selection,cross_variable_same,109,35,0109_1.jpg,0035_4.jpg,0
selection,cross_variable_same,109,42,0109_1.jpg,0042_4.jpg,0
selection,cross_variable_same,109,43,0109_1.jpg,0043_4.jpg,0
selection,cross_variable_same,109,60,0109_1.jpg,0060_4.jpg,0
selection,cross_variable_same,109,66,0109_1.jpg,0066_4.jpg,0
selection,cross_variable_same,109,67,0109_1.jpg,0067_4.jpg,0
selection,cross_variable_same,109,79,0109_1.jpg,0079_4.jpg,0
selection,cross_variable_same,109,86,0109_1.jpg,0086_4.jpg,0
selection,cross_variable_same,109,87,0109_1.jpg,0087_4.jpg,0
selection,cross_variable_same,109,89,0109_1.jpg,0089_4.jpg,0
selection,cross_variable_same,109,91,0109_1.jpg,0091_4.jpg,0
selection,cross_variable_same,109,93,0109_1.jpg,0093_4.jpg,0
selection,cross_variable_same,109,106,0109_1.jpg,0106_4.jpg,0
selection,cross_variable_same,109,109,0109_1.jpg,0109_4.jpg,1
selection,cross_variable_same,109,114,0109_1.jpg,0114_4.jpg,0
selection,cross_variable_same,109,130,0109_1.jpg,0130_4.jpg,0
selection,cross_variable_same,109,132,0109_1.jpg,0132_4.jpg,0
selection,cross_variable_same,109,148,0109_1.jpg,0148_4.jpg,0
selection,cross_variable_same,109,154,0109_1.jpg,0154_4.jpg,0
selection,cross_variable_same,109,161,0109_1.jpg,0161_4.jpg,0
selection,cross_variable_same,109,200,0109_1.jpg,0200_4.jpg,0
selection,cross_variable_same,109,204,0109_1.jpg,0204_4.jpg,0
selection,cross_variable_same,109,216,0109_1.jpg,0216_4.jpg,0
selection,cross_variable_same,109,219,0109_1.jpg,0219_4.jpg,0
selection,cross_variable_same,109,224,0109_1.jpg,0224_4.jpg,0
selection,cross_variable_same,109,237,0109_1.jpg,0237_4.jpg,0
selection,cross_variable_same,109,239,0109_1.jpg,0239_4.jpg,0
selection,cross_variable_same,109,248,0109_1.jpg,0248_4.jpg,0
selection,cross_variable_same,109,266,0109_1.jpg,0266_4.jpg,0
selection,cross_variable_same,109,271,0109_1.jpg,0271_4.jpg,0
selection,cross_variable_same,109,279,0109_1.jpg,0279_4.jpg,0
selection,cross_variable_same,109,282,0109_1.jpg,0282_4.jpg,0
selection,cross_variable_same,114,6,0114_1.jpg,0006_4.jpg,0
selection,cross_variable_same,114,12,0114_1.jpg,0012_4.jpg,0
selection,cross_variable_same,114,15,0114_1.jpg,0015_4.jpg,0
selection,cross_variable_same,114,18,0114_1.jpg,0018_4.jpg,0
selection,cross_variable_same,114,35,0114_1.jpg,0035_4.jpg,0
selection,cross_variable_same,114,42,0114_1.jpg,0042_4.jpg,0
selection,cross_variable_same,114,43,0114_1.jpg,0043_4.jpg,0
selection,cross_variable_same,114,60,0114_1.jpg,0060_4.jpg,0
selection,cross_variable_same,114,66,0114_1.jpg,0066_4.jpg,0
selection,cross_variable_same,114,67,0114_1.jpg,0067_4.jpg,0
selection,cross_variable_same,114,79,0114_1.jpg,0079_4.jpg,0
selection,cross_variable_same,114,86,0114_1.jpg,0086_4.jpg,0
selection,cross_variable_same,114,87,0114_1.jpg,0087_4.jpg,0
selection,cross_variable_same,114,89,0114_1.jpg,0089_4.jpg,0
selection,cross_variable_same,114,91,0114_1.jpg,0091_4.jpg,0
selection,cross_variable_same,114,93,0114_1.jpg,0093_4.jpg,0
selection,cross_variable_same,114,106,0114_1.jpg,0106_4.jpg,0
selection,cross_variable_same,114,109,0114_1.jpg,0109_4.jpg,0
selection,cross_variable_same,114,114,0114_1.jpg,0114_4.jpg,1
selection,cross_variable_same,114,130,0114_1.jpg,0130_4.jpg,0
selection,cross_variable_same,114,132,0114_1.jpg,0132_4.jpg,0
selection,cross_variable_same,114,148,0114_1.jpg,0148_4.jpg,0
selection,cross_variable_same,114,154,0114_1.jpg,0154_4.jpg,0
selection,cross_variable_same,114,161,0114_1.jpg,0161_4.jpg,0
selection,cross_variable_same,114,200,0114_1.jpg,0200_4.jpg,0
selection,cross_variable_same,114,204,0114_1.jpg,0204_4.jpg,0
selection,cross_variable_same,114,216,0114_1.jpg,0216_4.jpg,0
selection,cross_variable_same,114,219,0114_1.jpg,0219_4.jpg,0
selection,cross_variable_same,114,224,0114_1.jpg,0224_4.jpg,0
selection,cross_variable_same,114,237,0114_1.jpg,0237_4.jpg,0
selection,cross_variable_same,114,239,0114_1.jpg,0239_4.jpg,0
selection,cross_variable_same,114,248,0114_1.jpg,0248_4.jpg,0
selection,cross_variable_same,114,266,0114_1.jpg,0266_4.jpg,0
selection,cross_variable_same,114,271,0114_1.jpg,0271_4.jpg,0
selection,cross_variable_same,114,279,0114_1.jpg,0279_4.jpg,0
selection,cross_variable_same,114,282,0114_1.jpg,0282_4.jpg,0
selection,cross_variable_same,130,6,0130_1.jpg,0006_4.jpg,0
selection,cross_variable_same,130,12,0130_1.jpg,0012_4.jpg,0
selection,cross_variable_same,130,15,0130_1.jpg,0015_4.jpg,0
selection,cross_variable_same,130,18,0130_1.jpg,0018_4.jpg,0
selection,cross_variable_same,130,35,0130_1.jpg,0035_4.jpg,0
selection,cross_variable_same,130,42,0130_1.jpg,0042_4.jpg,0
selection,cross_variable_same,130,43,0130_1.jpg,0043_4.jpg,0
selection,cross_variable_same,130,60,0130_1.jpg,0060_4.jpg,0
selection,cross_variable_same,130,66,0130_1.jpg,0066_4.jpg,0
selection,cross_variable_same,130,67,0130_1.jpg,0067_4.jpg,0
selection,cross_variable_same,130,79,0130_1.jpg,0079_4.jpg,0
selection,cross_variable_same,130,86,0130_1.jpg,0086_4.jpg,0
selection,cross_variable_same,130,87,0130_1.jpg,0087_4.jpg,0
selection,cross_variable_same,130,89,0130_1.jpg,0089_4.jpg,0
selection,cross_variable_same,130,91,0130_1.jpg,0091_4.jpg,0
selection,cross_variable_same,130,93,0130_1.jpg,0093_4.jpg,0
selection,cross_variable_same,130,106,0130_1.jpg,0106_4.jpg,0
selection,cross_variable_same,130,109,0130_1.jpg,0109_4.jpg,0
selection,cross_variable_same,130,114,0130_1.jpg,0114_4.jpg,0
selection,cross_variable_same,130,130,0130_1.jpg,0130_4.jpg,1
selection,cross_variable_same,130,132,0130_1.jpg,0132_4.jpg,0
selection,cross_variable_same,130,148,0130_1.jpg,0148_4.jpg,0
selection,cross_variable_same,130,154,0130_1.jpg,0154_4.jpg,0
selection,cross_variable_same,130,161,0130_1.jpg,0161_4.jpg,0
selection,cross_variable_same,130,200,0130_1.jpg,0200_4.jpg,0
selection,cross_variable_same,130,204,0130_1.jpg,0204_4.jpg,0
selection,cross_variable_same,130,216,0130_1.jpg,0216_4.jpg,0
selection,cross_variable_same,130,219,0130_1.jpg,0219_4.jpg,0
selection,cross_variable_same,130,224,0130_1.jpg,0224_4.jpg,0
selection,cross_variable_same,130,237,0130_1.jpg,0237_4.jpg,0
selection,cross_variable_same,130,239,0130_1.jpg,0239_4.jpg,0
selection,cross_variable_same,130,248,0130_1.jpg,0248_4.jpg,0
selection,cross_variable_same,130,266,0130_1.jpg,0266_4.jpg,0
selection,cross_variable_same,130,271,0130_1.jpg,0271_4.jpg,0
selection,cross_variable_same,130,279,0130_1.jpg,0279_4.jpg,0
selection,cross_variable_same,130,282,0130_1.jpg,0282_4.jpg,0
selection,cross_variable_same,132,6,0132_1.jpg,0006_4.jpg,0
selection,cross_variable_same,132,12,0132_1.jpg,0012_4.jpg,0
selection,cross_variable_same,132,15,0132_1.jpg,0015_4.jpg,0
selection,cross_variable_same,132,18,0132_1.jpg,0018_4.jpg,0
selection,cross_variable_same,132,35,0132_1.jpg,0035_4.jpg,0
selection,cross_variable_same,132,42,0132_1.jpg,0042_4.jpg,0
selection,cross_variable_same,132,43,0132_1.jpg,0043_4.jpg,0
selection,cross_variable_same,132,60,0132_1.jpg,0060_4.jpg,0
selection,cross_variable_same,132,66,0132_1.jpg,0066_4.jpg,0
selection,cross_variable_same,132,67,0132_1.jpg,0067_4.jpg,0
selection,cross_variable_same,132,79,0132_1.jpg,0079_4.jpg,0
selection,cross_variable_same,132,86,0132_1.jpg,0086_4.jpg,0
selection,cross_variable_same,132,87,0132_1.jpg,0087_4.jpg,0
selection,cross_variable_same,132,89,0132_1.jpg,0089_4.jpg,0
selection,cross_variable_same,132,91,0132_1.jpg,0091_4.jpg,0
selection,cross_variable_same,132,93,0132_1.jpg,0093_4.jpg,0
selection,cross_variable_same,132,106,0132_1.jpg,0106_4.jpg,0
selection,cross_variable_same,132,109,0132_1.jpg,0109_4.jpg,0
selection,cross_variable_same,132,114,0132_1.jpg,0114_4.jpg,0
selection,cross_variable_same,132,130,0132_1.jpg,0130_4.jpg,0
selection,cross_variable_same,132,132,0132_1.jpg,0132_4.jpg,1
selection,cross_variable_same,132,148,0132_1.jpg,0148_4.jpg,0
selection,cross_variable_same,132,154,0132_1.jpg,0154_4.jpg,0
selection,cross_variable_same,132,161,0132_1.jpg,0161_4.jpg,0
selection,cross_variable_same,132,200,0132_1.jpg,0200_4.jpg,0
selection,cross_variable_same,132,204,0132_1.jpg,0204_4.jpg,0
selection,cross_variable_same,132,216,0132_1.jpg,0216_4.jpg,0
selection,cross_variable_same,132,219,0132_1.jpg,0219_4.jpg,0
selection,cross_variable_same,132,224,0132_1.jpg,0224_4.jpg,0
selection,cross_variable_same,132,237,0132_1.jpg,0237_4.jpg,0
selection,cross_variable_same,132,239,0132_1.jpg,0239_4.jpg,0
selection,cross_variable_same,132,248,0132_1.jpg,0248_4.jpg,0
selection,cross_variable_same,132,266,0132_1.jpg,0266_4.jpg,0
selection,cross_variable_same,132,271,0132_1.jpg,0271_4.jpg,0
selection,cross_variable_same,132,279,0132_1.jpg,0279_4.jpg,0
selection,cross_variable_same,132,282,0132_1.jpg,0282_4.jpg,0
selection,cross_variable_same,148,6,0148_1.jpg,0006_4.jpg,0
selection,cross_variable_same,148,12,0148_1.jpg,0012_4.jpg,0
selection,cross_variable_same,148,15,0148_1.jpg,0015_4.jpg,0
selection,cross_variable_same,148,18,0148_1.jpg,0018_4.jpg,0
selection,cross_variable_same,148,35,0148_1.jpg,0035_4.jpg,0
selection,cross_variable_same,148,42,0148_1.jpg,0042_4.jpg,0
selection,cross_variable_same,148,43,0148_1.jpg,0043_4.jpg,0
selection,cross_variable_same,148,60,0148_1.jpg,0060_4.jpg,0
selection,cross_variable_same,148,66,0148_1.jpg,0066_4.jpg,0
selection,cross_variable_same,148,67,0148_1.jpg,0067_4.jpg,0
selection,cross_variable_same,148,79,0148_1.jpg,0079_4.jpg,0
selection,cross_variable_same,148,86,0148_1.jpg,0086_4.jpg,0
selection,cross_variable_same,148,87,0148_1.jpg,0087_4.jpg,0
selection,cross_variable_same,148,89,0148_1.jpg,0089_4.jpg,0
selection,cross_variable_same,148,91,0148_1.jpg,0091_4.jpg,0
selection,cross_variable_same,148,93,0148_1.jpg,0093_4.jpg,0
selection,cross_variable_same,148,106,0148_1.jpg,0106_4.jpg,0
selection,cross_variable_same,148,109,0148_1.jpg,0109_4.jpg,0
selection,cross_variable_same,148,114,0148_1.jpg,0114_4.jpg,0
selection,cross_variable_same,148,130,0148_1.jpg,0130_4.jpg,0
selection,cross_variable_same,148,132,0148_1.jpg,0132_4.jpg,0
selection,cross_variable_same,148,148,0148_1.jpg,0148_4.jpg,1
selection,cross_variable_same,148,154,0148_1.jpg,0154_4.jpg,0
selection,cross_variable_same,148,161,0148_1.jpg,0161_4.jpg,0
selection,cross_variable_same,148,200,0148_1.jpg,0200_4.jpg,0
selection,cross_variable_same,148,204,0148_1.jpg,0204_4.jpg,0
selection,cross_variable_same,148,216,0148_1.jpg,0216_4.jpg,0
selection,cross_variable_same,148,219,0148_1.jpg,0219_4.jpg,0
selection,cross_variable_same,148,224,0148_1.jpg,0224_4.jpg,0
selection,cross_variable_same,148,237,0148_1.jpg,0237_4.jpg,0
selection,cross_variable_same,148,239,0148_1.jpg,0239_4.jpg,0
selection,cross_variable_same,148,248,0148_1.jpg,0248_4.jpg,0
selection,cross_variable_same,148,266,0148_1.jpg,0266_4.jpg,0
selection,cross_variable_same,148,271,0148_1.jpg,0271_4.jpg,0
selection,cross_variable_same,148,279,0148_1.jpg,0279_4.jpg,0
selection,cross_variable_same,148,282,0148_1.jpg,0282_4.jpg,0
selection,cross_variable_same,154,6,0154_1.jpg,0006_4.jpg,0
selection,cross_variable_same,154,12,0154_1.jpg,0012_4.jpg,0
selection,cross_variable_same,154,15,0154_1.jpg,0015_4.jpg,0
selection,cross_variable_same,154,18,0154_1.jpg,0018_4.jpg,0
selection,cross_variable_same,154,35,0154_1.jpg,0035_4.jpg,0
selection,cross_variable_same,154,42,0154_1.jpg,0042_4.jpg,0
selection,cross_variable_same,154,43,0154_1.jpg,0043_4.jpg,0
selection,cross_variable_same,154,60,0154_1.jpg,0060_4.jpg,0
selection,cross_variable_same,154,66,0154_1.jpg,0066_4.jpg,0
selection,cross_variable_same,154,67,0154_1.jpg,0067_4.jpg,0
selection,cross_variable_same,154,79,0154_1.jpg,0079_4.jpg,0
selection,cross_variable_same,154,86,0154_1.jpg,0086_4.jpg,0
selection,cross_variable_same,154,87,0154_1.jpg,0087_4.jpg,0
selection,cross_variable_same,154,89,0154_1.jpg,0089_4.jpg,0
selection,cross_variable_same,154,91,0154_1.jpg,0091_4.jpg,0
selection,cross_variable_same,154,93,0154_1.jpg,0093_4.jpg,0
selection,cross_variable_same,154,106,0154_1.jpg,0106_4.jpg,0
selection,cross_variable_same,154,109,0154_1.jpg,0109_4.jpg,0
selection,cross_variable_same,154,114,0154_1.jpg,0114_4.jpg,0
selection,cross_variable_same,154,130,0154_1.jpg,0130_4.jpg,0
selection,cross_variable_same,154,132,0154_1.jpg,0132_4.jpg,0
selection,cross_variable_same,154,148,0154_1.jpg,0148_4.jpg,0
selection,cross_variable_same,154,154,0154_1.jpg,0154_4.jpg,1
selection,cross_variable_same,154,161,0154_1.jpg,0161_4.jpg,0
selection,cross_variable_same,154,200,0154_1.jpg,0200_4.jpg,0
selection,cross_variable_same,154,204,0154_1.jpg,0204_4.jpg,0
selection,cross_variable_same,154,216,0154_1.jpg,0216_4.jpg,0
selection,cross_variable_same,154,219,0154_1.jpg,0219_4.jpg,0
selection,cross_variable_same,154,224,0154_1.jpg,0224_4.jpg,0
selection,cross_variable_same,154,237,0154_1.jpg,0237_4.jpg,0
selection,cross_variable_same,154,239,0154_1.jpg,0239_4.jpg,0
selection,cross_variable_same,154,248,0154_1.jpg,0248_4.jpg,0
selection,cross_variable_same,154,266,0154_1.jpg,0266_4.jpg,0
selection,cross_variable_same,154,271,0154_1.jpg,0271_4.jpg,0
selection,cross_variable_same,154,279,0154_1.jpg,0279_4.jpg,0
selection,cross_variable_same,154,282,0154_1.jpg,0282_4.jpg,0
selection,cross_variable_same,161,6,0161_1.jpg,0006_4.jpg,0
selection,cross_variable_same,161,12,0161_1.jpg,0012_4.jpg,0
selection,cross_variable_same,161,15,0161_1.jpg,0015_4.jpg,0
selection,cross_variable_same,161,18,0161_1.jpg,0018_4.jpg,0
selection,cross_variable_same,161,35,0161_1.jpg,0035_4.jpg,0
selection,cross_variable_same,161,42,0161_1.jpg,0042_4.jpg,0
selection,cross_variable_same,161,43,0161_1.jpg,0043_4.jpg,0
selection,cross_variable_same,161,60,0161_1.jpg,0060_4.jpg,0
selection,cross_variable_same,161,66,0161_1.jpg,0066_4.jpg,0
selection,cross_variable_same,161,67,0161_1.jpg,0067_4.jpg,0
selection,cross_variable_same,161,79,0161_1.jpg,0079_4.jpg,0
selection,cross_variable_same,161,86,0161_1.jpg,0086_4.jpg,0
selection,cross_variable_same,161,87,0161_1.jpg,0087_4.jpg,0
selection,cross_variable_same,161,89,0161_1.jpg,0089_4.jpg,0
selection,cross_variable_same,161,91,0161_1.jpg,0091_4.jpg,0
selection,cross_variable_same,161,93,0161_1.jpg,0093_4.jpg,0
selection,cross_variable_same,161,106,0161_1.jpg,0106_4.jpg,0
selection,cross_variable_same,161,109,0161_1.jpg,0109_4.jpg,0
selection,cross_variable_same,161,114,0161_1.jpg,0114_4.jpg,0
selection,cross_variable_same,161,130,0161_1.jpg,0130_4.jpg,0
selection,cross_variable_same,161,132,0161_1.jpg,0132_4.jpg,0
selection,cross_variable_same,161,148,0161_1.jpg,0148_4.jpg,0
selection,cross_variable_same,161,154,0161_1.jpg,0154_4.jpg,0
selection,cross_variable_same,161,161,0161_1.jpg,0161_4.jpg,1
selection,cross_variable_same,161,200,0161_1.jpg,0200_4.jpg,0
selection,cross_variable_same,161,204,0161_1.jpg,0204_4.jpg,0
selection,cross_variable_same,161,216,0161_1.jpg,0216_4.jpg,0
selection,cross_variable_same,161,219,0161_1.jpg,0219_4.jpg,0
selection,cross_variable_same,161,224,0161_1.jpg,0224_4.jpg,0
selection,cross_variable_same,161,237,0161_1.jpg,0237_4.jpg,0
selection,cross_variable_same,161,239,0161_1.jpg,0239_4.jpg,0
selection,cross_variable_same,161,248,0161_1.jpg,0248_4.jpg,0
selection,cross_variable_same,161,266,0161_1.jpg,0266_4.jpg,0
selection,cross_variable_same,161,271,0161_1.jpg,0271_4.jpg,0
selection,cross_variable_same,161,279,0161_1.jpg,0279_4.jpg,0
selection,cross_variable_same,161,282,0161_1.jpg,0282_4.jpg,0
selection,cross_variable_same,200,6,0200_1.jpg,0006_4.jpg,0
selection,cross_variable_same,200,12,0200_1.jpg,0012_4.jpg,0
selection,cross_variable_same,200,15,0200_1.jpg,0015_4.jpg,0
selection,cross_variable_same,200,18,0200_1.jpg,0018_4.jpg,0
selection,cross_variable_same,200,35,0200_1.jpg,0035_4.jpg,0
selection,cross_variable_same,200,42,0200_1.jpg,0042_4.jpg,0
selection,cross_variable_same,200,43,0200_1.jpg,0043_4.jpg,0
selection,cross_variable_same,200,60,0200_1.jpg,0060_4.jpg,0
selection,cross_variable_same,200,66,0200_1.jpg,0066_4.jpg,0
selection,cross_variable_same,200,67,0200_1.jpg,0067_4.jpg,0
selection,cross_variable_same,200,79,0200_1.jpg,0079_4.jpg,0
selection,cross_variable_same,200,86,0200_1.jpg,0086_4.jpg,0
selection,cross_variable_same,200,87,0200_1.jpg,0087_4.jpg,0
selection,cross_variable_same,200,89,0200_1.jpg,0089_4.jpg,0
selection,cross_variable_same,200,91,0200_1.jpg,0091_4.jpg,0
selection,cross_variable_same,200,93,0200_1.jpg,0093_4.jpg,0
selection,cross_variable_same,200,106,0200_1.jpg,0106_4.jpg,0
selection,cross_variable_same,200,109,0200_1.jpg,0109_4.jpg,0
selection,cross_variable_same,200,114,0200_1.jpg,0114_4.jpg,0
selection,cross_variable_same,200,130,0200_1.jpg,0130_4.jpg,0
selection,cross_variable_same,200,132,0200_1.jpg,0132_4.jpg,0
selection,cross_variable_same,200,148,0200_1.jpg,0148_4.jpg,0
selection,cross_variable_same,200,154,0200_1.jpg,0154_4.jpg,0
selection,cross_variable_same,200,161,0200_1.jpg,0161_4.jpg,0
selection,cross_variable_same,200,200,0200_1.jpg,0200_4.jpg,1
selection,cross_variable_same,200,204,0200_1.jpg,0204_4.jpg,0
selection,cross_variable_same,200,216,0200_1.jpg,0216_4.jpg,0
selection,cross_variable_same,200,219,0200_1.jpg,0219_4.jpg,0
selection,cross_variable_same,200,224,0200_1.jpg,0224_4.jpg,0
selection,cross_variable_same,200,237,0200_1.jpg,0237_4.jpg,0
selection,cross_variable_same,200,239,0200_1.jpg,0239_4.jpg,0
selection,cross_variable_same,200,248,0200_1.jpg,0248_4.jpg,0
selection,cross_variable_same,200,266,0200_1.jpg,0266_4.jpg,0
selection,cross_variable_same,200,271,0200_1.jpg,0271_4.jpg,0
selection,cross_variable_same,200,279,0200_1.jpg,0279_4.jpg,0
selection,cross_variable_same,200,282,0200_1.jpg,0282_4.jpg,0
selection,cross_variable_same,204,6,0204_1.jpg,0006_4.jpg,0
selection,cross_variable_same,204,12,0204_1.jpg,0012_4.jpg,0
selection,cross_variable_same,204,15,0204_1.jpg,0015_4.jpg,0
selection,cross_variable_same,204,18,0204_1.jpg,0018_4.jpg,0
selection,cross_variable_same,204,35,0204_1.jpg,0035_4.jpg,0
selection,cross_variable_same,204,42,0204_1.jpg,0042_4.jpg,0
selection,cross_variable_same,204,43,0204_1.jpg,0043_4.jpg,0
selection,cross_variable_same,204,60,0204_1.jpg,0060_4.jpg,0
selection,cross_variable_same,204,66,0204_1.jpg,0066_4.jpg,0
selection,cross_variable_same,204,67,0204_1.jpg,0067_4.jpg,0
selection,cross_variable_same,204,79,0204_1.jpg,0079_4.jpg,0
selection,cross_variable_same,204,86,0204_1.jpg,0086_4.jpg,0
selection,cross_variable_same,204,87,0204_1.jpg,0087_4.jpg,0
selection,cross_variable_same,204,89,0204_1.jpg,0089_4.jpg,0
selection,cross_variable_same,204,91,0204_1.jpg,0091_4.jpg,0
selection,cross_variable_same,204,93,0204_1.jpg,0093_4.jpg,0
selection,cross_variable_same,204,106,0204_1.jpg,0106_4.jpg,0
selection,cross_variable_same,204,109,0204_1.jpg,0109_4.jpg,0
selection,cross_variable_same,204,114,0204_1.jpg,0114_4.jpg,0
selection,cross_variable_same,204,130,0204_1.jpg,0130_4.jpg,0
selection,cross_variable_same,204,132,0204_1.jpg,0132_4.jpg,0
selection,cross_variable_same,204,148,0204_1.jpg,0148_4.jpg,0
selection,cross_variable_same,204,154,0204_1.jpg,0154_4.jpg,0
selection,cross_variable_same,204,161,0204_1.jpg,0161_4.jpg,0
selection,cross_variable_same,204,200,0204_1.jpg,0200_4.jpg,0
selection,cross_variable_same,204,204,0204_1.jpg,0204_4.jpg,1
selection,cross_variable_same,204,216,0204_1.jpg,0216_4.jpg,0
selection,cross_variable_same,204,219,0204_1.jpg,0219_4.jpg,0
selection,cross_variable_same,204,224,0204_1.jpg,0224_4.jpg,0
selection,cross_variable_same,204,237,0204_1.jpg,0237_4.jpg,0
selection,cross_variable_same,204,239,0204_1.jpg,0239_4.jpg,0
selection,cross_variable_same,204,248,0204_1.jpg,0248_4.jpg,0
selection,cross_variable_same,204,266,0204_1.jpg,0266_4.jpg,0
selection,cross_variable_same,204,271,0204_1.jpg,0271_4.jpg,0
selection,cross_variable_same,204,279,0204_1.jpg,0279_4.jpg,0
selection,cross_variable_same,204,282,0204_1.jpg,0282_4.jpg,0
selection,cross_variable_same,216,6,0216_1.jpg,0006_4.jpg,0
selection,cross_variable_same,216,12,0216_1.jpg,0012_4.jpg,0
selection,cross_variable_same,216,15,0216_1.jpg,0015_4.jpg,0
selection,cross_variable_same,216,18,0216_1.jpg,0018_4.jpg,0
selection,cross_variable_same,216,35,0216_1.jpg,0035_4.jpg,0
selection,cross_variable_same,216,42,0216_1.jpg,0042_4.jpg,0
selection,cross_variable_same,216,43,0216_1.jpg,0043_4.jpg,0
selection,cross_variable_same,216,60,0216_1.jpg,0060_4.jpg,0
selection,cross_variable_same,216,66,0216_1.jpg,0066_4.jpg,0
selection,cross_variable_same,216,67,0216_1.jpg,0067_4.jpg,0
selection,cross_variable_same,216,79,0216_1.jpg,0079_4.jpg,0
selection,cross_variable_same,216,86,0216_1.jpg,0086_4.jpg,0
selection,cross_variable_same,216,87,0216_1.jpg,0087_4.jpg,0
selection,cross_variable_same,216,89,0216_1.jpg,0089_4.jpg,0
selection,cross_variable_same,216,91,0216_1.jpg,0091_4.jpg,0
selection,cross_variable_same,216,93,0216_1.jpg,0093_4.jpg,0
selection,cross_variable_same,216,106,0216_1.jpg,0106_4.jpg,0
selection,cross_variable_same,216,109,0216_1.jpg,0109_4.jpg,0
selection,cross_variable_same,216,114,0216_1.jpg,0114_4.jpg,0
selection,cross_variable_same,216,130,0216_1.jpg,0130_4.jpg,0
selection,cross_variable_same,216,132,0216_1.jpg,0132_4.jpg,0
selection,cross_variable_same,216,148,0216_1.jpg,0148_4.jpg,0
selection,cross_variable_same,216,154,0216_1.jpg,0154_4.jpg,0
selection,cross_variable_same,216,161,0216_1.jpg,0161_4.jpg,0
selection,cross_variable_same,216,200,0216_1.jpg,0200_4.jpg,0
selection,cross_variable_same,216,204,0216_1.jpg,0204_4.jpg,0
selection,cross_variable_same,216,216,0216_1.jpg,0216_4.jpg,1
selection,cross_variable_same,216,219,0216_1.jpg,0219_4.jpg,0
selection,cross_variable_same,216,224,0216_1.jpg,0224_4.jpg,0
selection,cross_variable_same,216,237,0216_1.jpg,0237_4.jpg,0
selection,cross_variable_same,216,239,0216_1.jpg,0239_4.jpg,0
selection,cross_variable_same,216,248,0216_1.jpg,0248_4.jpg,0
selection,cross_variable_same,216,266,0216_1.jpg,0266_4.jpg,0
selection,cross_variable_same,216,271,0216_1.jpg,0271_4.jpg,0
selection,cross_variable_same,216,279,0216_1.jpg,0279_4.jpg,0
selection,cross_variable_same,216,282,0216_1.jpg,0282_4.jpg,0
selection,cross_variable_same,219,6,0219_1.jpg,0006_4.jpg,0
selection,cross_variable_same,219,12,0219_1.jpg,0012_4.jpg,0
selection,cross_variable_same,219,15,0219_1.jpg,0015_4.jpg,0
selection,cross_variable_same,219,18,0219_1.jpg,0018_4.jpg,0
selection,cross_variable_same,219,35,0219_1.jpg,0035_4.jpg,0
selection,cross_variable_same,219,42,0219_1.jpg,0042_4.jpg,0
selection,cross_variable_same,219,43,0219_1.jpg,0043_4.jpg,0
selection,cross_variable_same,219,60,0219_1.jpg,0060_4.jpg,0
selection,cross_variable_same,219,66,0219_1.jpg,0066_4.jpg,0
selection,cross_variable_same,219,67,0219_1.jpg,0067_4.jpg,0
selection,cross_variable_same,219,79,0219_1.jpg,0079_4.jpg,0
selection,cross_variable_same,219,86,0219_1.jpg,0086_4.jpg,0
selection,cross_variable_same,219,87,0219_1.jpg,0087_4.jpg,0
selection,cross_variable_same,219,89,0219_1.jpg,0089_4.jpg,0
selection,cross_variable_same,219,91,0219_1.jpg,0091_4.jpg,0
selection,cross_variable_same,219,93,0219_1.jpg,0093_4.jpg,0
selection,cross_variable_same,219,106,0219_1.jpg,0106_4.jpg,0
selection,cross_variable_same,219,109,0219_1.jpg,0109_4.jpg,0
selection,cross_variable_same,219,114,0219_1.jpg,0114_4.jpg,0
selection,cross_variable_same,219,130,0219_1.jpg,0130_4.jpg,0
selection,cross_variable_same,219,132,0219_1.jpg,0132_4.jpg,0
selection,cross_variable_same,219,148,0219_1.jpg,0148_4.jpg,0
selection,cross_variable_same,219,154,0219_1.jpg,0154_4.jpg,0
selection,cross_variable_same,219,161,0219_1.jpg,0161_4.jpg,0
selection,cross_variable_same,219,200,0219_1.jpg,0200_4.jpg,0
selection,cross_variable_same,219,204,0219_1.jpg,0204_4.jpg,0
selection,cross_variable_same,219,216,0219_1.jpg,0216_4.jpg,0
selection,cross_variable_same,219,219,0219_1.jpg,0219_4.jpg,1
selection,cross_variable_same,219,224,0219_1.jpg,0224_4.jpg,0
selection,cross_variable_same,219,237,0219_1.jpg,0237_4.jpg,0
selection,cross_variable_same,219,239,0219_1.jpg,0239_4.jpg,0
selection,cross_variable_same,219,248,0219_1.jpg,0248_4.jpg,0
selection,cross_variable_same,219,266,0219_1.jpg,0266_4.jpg,0
selection,cross_variable_same,219,271,0219_1.jpg,0271_4.jpg,0
selection,cross_variable_same,219,279,0219_1.jpg,0279_4.jpg,0
selection,cross_variable_same,219,282,0219_1.jpg,0282_4.jpg,0
selection,cross_variable_same,224,6,0224_1.jpg,0006_4.jpg,0
selection,cross_variable_same,224,12,0224_1.jpg,0012_4.jpg,0
selection,cross_variable_same,224,15,0224_1.jpg,0015_4.jpg,0
selection,cross_variable_same,224,18,0224_1.jpg,0018_4.jpg,0
selection,cross_variable_same,224,35,0224_1.jpg,0035_4.jpg,0
selection,cross_variable_same,224,42,0224_1.jpg,0042_4.jpg,0
selection,cross_variable_same,224,43,0224_1.jpg,0043_4.jpg,0
selection,cross_variable_same,224,60,0224_1.jpg,0060_4.jpg,0
selection,cross_variable_same,224,66,0224_1.jpg,0066_4.jpg,0
selection,cross_variable_same,224,67,0224_1.jpg,0067_4.jpg,0
selection,cross_variable_same,224,79,0224_1.jpg,0079_4.jpg,0
selection,cross_variable_same,224,86,0224_1.jpg,0086_4.jpg,0
selection,cross_variable_same,224,87,0224_1.jpg,0087_4.jpg,0
selection,cross_variable_same,224,89,0224_1.jpg,0089_4.jpg,0
selection,cross_variable_same,224,91,0224_1.jpg,0091_4.jpg,0
selection,cross_variable_same,224,93,0224_1.jpg,0093_4.jpg,0
selection,cross_variable_same,224,106,0224_1.jpg,0106_4.jpg,0
selection,cross_variable_same,224,109,0224_1.jpg,0109_4.jpg,0
selection,cross_variable_same,224,114,0224_1.jpg,0114_4.jpg,0
selection,cross_variable_same,224,130,0224_1.jpg,0130_4.jpg,0
selection,cross_variable_same,224,132,0224_1.jpg,0132_4.jpg,0
selection,cross_variable_same,224,148,0224_1.jpg,0148_4.jpg,0
selection,cross_variable_same,224,154,0224_1.jpg,0154_4.jpg,0
selection,cross_variable_same,224,161,0224_1.jpg,0161_4.jpg,0
selection,cross_variable_same,224,200,0224_1.jpg,0200_4.jpg,0
selection,cross_variable_same,224,204,0224_1.jpg,0204_4.jpg,0
selection,cross_variable_same,224,216,0224_1.jpg,0216_4.jpg,0
selection,cross_variable_same,224,219,0224_1.jpg,0219_4.jpg,0
selection,cross_variable_same,224,224,0224_1.jpg,0224_4.jpg,1
selection,cross_variable_same,224,237,0224_1.jpg,0237_4.jpg,0
selection,cross_variable_same,224,239,0224_1.jpg,0239_4.jpg,0
selection,cross_variable_same,224,248,0224_1.jpg,0248_4.jpg,0
selection,cross_variable_same,224,266,0224_1.jpg,0266_4.jpg,0
selection,cross_variable_same,224,271,0224_1.jpg,0271_4.jpg,0
selection,cross_variable_same,224,279,0224_1.jpg,0279_4.jpg,0
selection,cross_variable_same,224,282,0224_1.jpg,0282_4.jpg,0
selection,cross_variable_same,237,6,0237_1.jpg,0006_4.jpg,0
selection,cross_variable_same,237,12,0237_1.jpg,0012_4.jpg,0
selection,cross_variable_same,237,15,0237_1.jpg,0015_4.jpg,0
selection,cross_variable_same,237,18,0237_1.jpg,0018_4.jpg,0
selection,cross_variable_same,237,35,0237_1.jpg,0035_4.jpg,0
selection,cross_variable_same,237,42,0237_1.jpg,0042_4.jpg,0
selection,cross_variable_same,237,43,0237_1.jpg,0043_4.jpg,0
selection,cross_variable_same,237,60,0237_1.jpg,0060_4.jpg,0
selection,cross_variable_same,237,66,0237_1.jpg,0066_4.jpg,0
selection,cross_variable_same,237,67,0237_1.jpg,0067_4.jpg,0
selection,cross_variable_same,237,79,0237_1.jpg,0079_4.jpg,0
selection,cross_variable_same,237,86,0237_1.jpg,0086_4.jpg,0
selection,cross_variable_same,237,87,0237_1.jpg,0087_4.jpg,0
selection,cross_variable_same,237,89,0237_1.jpg,0089_4.jpg,0
selection,cross_variable_same,237,91,0237_1.jpg,0091_4.jpg,0
selection,cross_variable_same,237,93,0237_1.jpg,0093_4.jpg,0
selection,cross_variable_same,237,106,0237_1.jpg,0106_4.jpg,0
selection,cross_variable_same,237,109,0237_1.jpg,0109_4.jpg,0
selection,cross_variable_same,237,114,0237_1.jpg,0114_4.jpg,0
selection,cross_variable_same,237,130,0237_1.jpg,0130_4.jpg,0
selection,cross_variable_same,237,132,0237_1.jpg,0132_4.jpg,0
selection,cross_variable_same,237,148,0237_1.jpg,0148_4.jpg,0
selection,cross_variable_same,237,154,0237_1.jpg,0154_4.jpg,0
selection,cross_variable_same,237,161,0237_1.jpg,0161_4.jpg,0
selection,cross_variable_same,237,200,0237_1.jpg,0200_4.jpg,0
selection,cross_variable_same,237,204,0237_1.jpg,0204_4.jpg,0
selection,cross_variable_same,237,216,0237_1.jpg,0216_4.jpg,0
selection,cross_variable_same,237,219,0237_1.jpg,0219_4.jpg,0
selection,cross_variable_same,237,224,0237_1.jpg,0224_4.jpg,0
selection,cross_variable_same,237,237,0237_1.jpg,0237_4.jpg,1
selection,cross_variable_same,237,239,0237_1.jpg,0239_4.jpg,0
selection,cross_variable_same,237,248,0237_1.jpg,0248_4.jpg,0
selection,cross_variable_same,237,266,0237_1.jpg,0266_4.jpg,0
selection,cross_variable_same,237,271,0237_1.jpg,0271_4.jpg,0
selection,cross_variable_same,237,279,0237_1.jpg,0279_4.jpg,0
selection,cross_variable_same,237,282,0237_1.jpg,0282_4.jpg,0
selection,cross_variable_same,239,6,0239_1.jpg,0006_4.jpg,0
selection,cross_variable_same,239,12,0239_1.jpg,0012_4.jpg,0
selection,cross_variable_same,239,15,0239_1.jpg,0015_4.jpg,0
selection,cross_variable_same,239,18,0239_1.jpg,0018_4.jpg,0
selection,cross_variable_same,239,35,0239_1.jpg,0035_4.jpg,0
selection,cross_variable_same,239,42,0239_1.jpg,0042_4.jpg,0
selection,cross_variable_same,239,43,0239_1.jpg,0043_4.jpg,0
selection,cross_variable_same,239,60,0239_1.jpg,0060_4.jpg,0
selection,cross_variable_same,239,66,0239_1.jpg,0066_4.jpg,0
selection,cross_variable_same,239,67,0239_1.jpg,0067_4.jpg,0
selection,cross_variable_same,239,79,0239_1.jpg,0079_4.jpg,0
selection,cross_variable_same,239,86,0239_1.jpg,0086_4.jpg,0
selection,cross_variable_same,239,87,0239_1.jpg,0087_4.jpg,0
selection,cross_variable_same,239,89,0239_1.jpg,0089_4.jpg,0
selection,cross_variable_same,239,91,0239_1.jpg,0091_4.jpg,0
selection,cross_variable_same,239,93,0239_1.jpg,0093_4.jpg,0
selection,cross_variable_same,239,106,0239_1.jpg,0106_4.jpg,0
selection,cross_variable_same,239,109,0239_1.jpg,0109_4.jpg,0
selection,cross_variable_same,239,114,0239_1.jpg,0114_4.jpg,0
selection,cross_variable_same,239,130,0239_1.jpg,0130_4.jpg,0
selection,cross_variable_same,239,132,0239_1.jpg,0132_4.jpg,0
selection,cross_variable_same,239,148,0239_1.jpg,0148_4.jpg,0
selection,cross_variable_same,239,154,0239_1.jpg,0154_4.jpg,0
selection,cross_variable_same,239,161,0239_1.jpg,0161_4.jpg,0
selection,cross_variable_same,239,200,0239_1.jpg,0200_4.jpg,0
selection,cross_variable_same,239,204,0239_1.jpg,0204_4.jpg,0
selection,cross_variable_same,239,216,0239_1.jpg,0216_4.jpg,0
selection,cross_variable_same,239,219,0239_1.jpg,0219_4.jpg,0
selection,cross_variable_same,239,224,0239_1.jpg,0224_4.jpg,0
selection,cross_variable_same,239,237,0239_1.jpg,0237_4.jpg,0
selection,cross_variable_same,239,239,0239_1.jpg,0239_4.jpg,1
selection,cross_variable_same,239,248,0239_1.jpg,0248_4.jpg,0
selection,cross_variable_same,239,266,0239_1.jpg,0266_4.jpg,0
selection,cross_variable_same,239,271,0239_1.jpg,0271_4.jpg,0
selection,cross_variable_same,239,279,0239_1.jpg,0279_4.jpg,0
selection,cross_variable_same,239,282,0239_1.jpg,0282_4.jpg,0
selection,cross_variable_same,248,6,0248_1.jpg,0006_4.jpg,0
selection,cross_variable_same,248,12,0248_1.jpg,0012_4.jpg,0
selection,cross_variable_same,248,15,0248_1.jpg,0015_4.jpg,0
selection,cross_variable_same,248,18,0248_1.jpg,0018_4.jpg,0
selection,cross_variable_same,248,35,0248_1.jpg,0035_4.jpg,0
selection,cross_variable_same,248,42,0248_1.jpg,0042_4.jpg,0
selection,cross_variable_same,248,43,0248_1.jpg,0043_4.jpg,0
selection,cross_variable_same,248,60,0248_1.jpg,0060_4.jpg,0
selection,cross_variable_same,248,66,0248_1.jpg,0066_4.jpg,0
selection,cross_variable_same,248,67,0248_1.jpg,0067_4.jpg,0
selection,cross_variable_same,248,79,0248_1.jpg,0079_4.jpg,0
selection,cross_variable_same,248,86,0248_1.jpg,0086_4.jpg,0
selection,cross_variable_same,248,87,0248_1.jpg,0087_4.jpg,0
selection,cross_variable_same,248,89,0248_1.jpg,0089_4.jpg,0
selection,cross_variable_same,248,91,0248_1.jpg,0091_4.jpg,0
selection,cross_variable_same,248,93,0248_1.jpg,0093_4.jpg,0
selection,cross_variable_same,248,106,0248_1.jpg,0106_4.jpg,0
selection,cross_variable_same,248,109,0248_1.jpg,0109_4.jpg,0
selection,cross_variable_same,248,114,0248_1.jpg,0114_4.jpg,0
selection,cross_variable_same,248,130,0248_1.jpg,0130_4.jpg,0
selection,cross_variable_same,248,132,0248_1.jpg,0132_4.jpg,0
selection,cross_variable_same,248,148,0248_1.jpg,0148_4.jpg,0
selection,cross_variable_same,248,154,0248_1.jpg,0154_4.jpg,0
selection,cross_variable_same,248,161,0248_1.jpg,0161_4.jpg,0
selection,cross_variable_same,248,200,0248_1.jpg,0200_4.jpg,0
selection,cross_variable_same,248,204,0248_1.jpg,0204_4.jpg,0
selection,cross_variable_same,248,216,0248_1.jpg,0216_4.jpg,0
selection,cross_variable_same,248,219,0248_1.jpg,0219_4.jpg,0
selection,cross_variable_same,248,224,0248_1.jpg,0224_4.jpg,0
selection,cross_variable_same,248,237,0248_1.jpg,0237_4.jpg,0
selection,cross_variable_same,248,239,0248_1.jpg,0239_4.jpg,0
selection,cross_variable_same,248,248,0248_1.jpg,0248_4.jpg,1
selection,cross_variable_same,248,266,0248_1.jpg,0266_4.jpg,0
selection,cross_variable_same,248,271,0248_1.jpg,0271_4.jpg,0
selection,cross_variable_same,248,279,0248_1.jpg,0279_4.jpg,0
selection,cross_variable_same,248,282,0248_1.jpg,0282_4.jpg,0
selection,cross_variable_same,266,6,0266_1.jpg,0006_4.jpg,0
selection,cross_variable_same,266,12,0266_1.jpg,0012_4.jpg,0
selection,cross_variable_same,266,15,0266_1.jpg,0015_4.jpg,0
selection,cross_variable_same,266,18,0266_1.jpg,0018_4.jpg,0
selection,cross_variable_same,266,35,0266_1.jpg,0035_4.jpg,0
selection,cross_variable_same,266,42,0266_1.jpg,0042_4.jpg,0
selection,cross_variable_same,266,43,0266_1.jpg,0043_4.jpg,0
selection,cross_variable_same,266,60,0266_1.jpg,0060_4.jpg,0
selection,cross_variable_same,266,66,0266_1.jpg,0066_4.jpg,0
selection,cross_variable_same,266,67,0266_1.jpg,0067_4.jpg,0
selection,cross_variable_same,266,79,0266_1.jpg,0079_4.jpg,0
selection,cross_variable_same,266,86,0266_1.jpg,0086_4.jpg,0
selection,cross_variable_same,266,87,0266_1.jpg,0087_4.jpg,0
selection,cross_variable_same,266,89,0266_1.jpg,0089_4.jpg,0
selection,cross_variable_same,266,91,0266_1.jpg,0091_4.jpg,0
selection,cross_variable_same,266,93,0266_1.jpg,0093_4.jpg,0
selection,cross_variable_same,266,106,0266_1.jpg,0106_4.jpg,0
selection,cross_variable_same,266,109,0266_1.jpg,0109_4.jpg,0
selection,cross_variable_same,266,114,0266_1.jpg,0114_4.jpg,0
selection,cross_variable_same,266,130,0266_1.jpg,0130_4.jpg,0
selection,cross_variable_same,266,132,0266_1.jpg,0132_4.jpg,0
selection,cross_variable_same,266,148,0266_1.jpg,0148_4.jpg,0
selection,cross_variable_same,266,154,0266_1.jpg,0154_4.jpg,0
selection,cross_variable_same,266,161,0266_1.jpg,0161_4.jpg,0
selection,cross_variable_same,266,200,0266_1.jpg,0200_4.jpg,0
selection,cross_variable_same,266,204,0266_1.jpg,0204_4.jpg,0
selection,cross_variable_same,266,216,0266_1.jpg,0216_4.jpg,0
selection,cross_variable_same,266,219,0266_1.jpg,0219_4.jpg,0
selection,cross_variable_same,266,224,0266_1.jpg,0224_4.jpg,0
selection,cross_variable_same,266,237,0266_1.jpg,0237_4.jpg,0
selection,cross_variable_same,266,239,0266_1.jpg,0239_4.jpg,0
selection,cross_variable_same,266,248,0266_1.jpg,0248_4.jpg,0
selection,cross_variable_same,266,266,0266_1.jpg,0266_4.jpg,1
selection,cross_variable_same,266,271,0266_1.jpg,0271_4.jpg,0
selection,cross_variable_same,266,279,0266_1.jpg,0279_4.jpg,0
selection,cross_variable_same,266,282,0266_1.jpg,0282_4.jpg,0
selection,cross_variable_same,271,6,0271_1.jpg,0006_4.jpg,0
selection,cross_variable_same,271,12,0271_1.jpg,0012_4.jpg,0
selection,cross_variable_same,271,15,0271_1.jpg,0015_4.jpg,0
selection,cross_variable_same,271,18,0271_1.jpg,0018_4.jpg,0
selection,cross_variable_same,271,35,0271_1.jpg,0035_4.jpg,0
selection,cross_variable_same,271,42,0271_1.jpg,0042_4.jpg,0
selection,cross_variable_same,271,43,0271_1.jpg,0043_4.jpg,0
selection,cross_variable_same,271,60,0271_1.jpg,0060_4.jpg,0
selection,cross_variable_same,271,66,0271_1.jpg,0066_4.jpg,0
selection,cross_variable_same,271,67,0271_1.jpg,0067_4.jpg,0
selection,cross_variable_same,271,79,0271_1.jpg,0079_4.jpg,0
selection,cross_variable_same,271,86,0271_1.jpg,0086_4.jpg,0
selection,cross_variable_same,271,87,0271_1.jpg,0087_4.jpg,0
selection,cross_variable_same,271,89,0271_1.jpg,0089_4.jpg,0
selection,cross_variable_same,271,91,0271_1.jpg,0091_4.jpg,0
selection,cross_variable_same,271,93,0271_1.jpg,0093_4.jpg,0
selection,cross_variable_same,271,106,0271_1.jpg,0106_4.jpg,0
selection,cross_variable_same,271,109,0271_1.jpg,0109_4.jpg,0
selection,cross_variable_same,271,114,0271_1.jpg,0114_4.jpg,0
selection,cross_variable_same,271,130,0271_1.jpg,0130_4.jpg,0
selection,cross_variable_same,271,132,0271_1.jpg,0132_4.jpg,0
selection,cross_variable_same,271,148,0271_1.jpg,0148_4.jpg,0
selection,cross_variable_same,271,154,0271_1.jpg,0154_4.jpg,0
selection,cross_variable_same,271,161,0271_1.jpg,0161_4.jpg,0
selection,cross_variable_same,271,200,0271_1.jpg,0200_4.jpg,0
selection,cross_variable_same,271,204,0271_1.jpg,0204_4.jpg,0
selection,cross_variable_same,271,216,0271_1.jpg,0216_4.jpg,0
selection,cross_variable_same,271,219,0271_1.jpg,0219_4.jpg,0
selection,cross_variable_same,271,224,0271_1.jpg,0224_4.jpg,0
selection,cross_variable_same,271,237,0271_1.jpg,0237_4.jpg,0
selection,cross_variable_same,271,239,0271_1.jpg,0239_4.jpg,0
selection,cross_variable_same,271,248,0271_1.jpg,0248_4.jpg,0
selection,cross_variable_same,271,266,0271_1.jpg,0266_4.jpg,0
selection,cross_variable_same,271,271,0271_1.jpg,0271_4.jpg,1
selection,cross_variable_same,271,279,0271_1.jpg,0279_4.jpg,0
selection,cross_variable_same,271,282,0271_1.jpg,0282_4.jpg,0
selection,cross_variable_same,279,6,0279_1.jpg,0006_4.jpg,0
selection,cross_variable_same,279,12,0279_1.jpg,0012_4.jpg,0
selection,cross_variable_same,279,15,0279_1.jpg,0015_4.jpg,0
selection,cross_variable_same,279,18,0279_1.jpg,0018_4.jpg,0
selection,cross_variable_same,279,35,0279_1.jpg,0035_4.jpg,0
selection,cross_variable_same,279,42,0279_1.jpg,0042_4.jpg,0
selection,cross_variable_same,279,43,0279_1.jpg,0043_4.jpg,0
selection,cross_variable_same,279,60,0279_1.jpg,0060_4.jpg,0
selection,cross_variable_same,279,66,0279_1.jpg,0066_4.jpg,0
selection,cross_variable_same,279,67,0279_1.jpg,0067_4.jpg,0
selection,cross_variable_same,279,79,0279_1.jpg,0079_4.jpg,0
selection,cross_variable_same,279,86,0279_1.jpg,0086_4.jpg,0
selection,cross_variable_same,279,87,0279_1.jpg,0087_4.jpg,0
selection,cross_variable_same,279,89,0279_1.jpg,0089_4.jpg,0
selection,cross_variable_same,279,91,0279_1.jpg,0091_4.jpg,0
selection,cross_variable_same,279,93,0279_1.jpg,0093_4.jpg,0
selection,cross_variable_same,279,106,0279_1.jpg,0106_4.jpg,0
selection,cross_variable_same,279,109,0279_1.jpg,0109_4.jpg,0
selection,cross_variable_same,279,114,0279_1.jpg,0114_4.jpg,0
selection,cross_variable_same,279,130,0279_1.jpg,0130_4.jpg,0
selection,cross_variable_same,279,132,0279_1.jpg,0132_4.jpg,0
selection,cross_variable_same,279,148,0279_1.jpg,0148_4.jpg,0
selection,cross_variable_same,279,154,0279_1.jpg,0154_4.jpg,0
selection,cross_variable_same,279,161,0279_1.jpg,0161_4.jpg,0
selection,cross_variable_same,279,200,0279_1.jpg,0200_4.jpg,0
selection,cross_variable_same,279,204,0279_1.jpg,0204_4.jpg,0
selection,cross_variable_same,279,216,0279_1.jpg,0216_4.jpg,0
selection,cross_variable_same,279,219,0279_1.jpg,0219_4.jpg,0
selection,cross_variable_same,279,224,0279_1.jpg,0224_4.jpg,0
selection,cross_variable_same,279,237,0279_1.jpg,0237_4.jpg,0
selection,cross_variable_same,279,239,0279_1.jpg,0239_4.jpg,0
selection,cross_variable_same,279,248,0279_1.jpg,0248_4.jpg,0
selection,cross_variable_same,279,266,0279_1.jpg,0266_4.jpg,0
selection,cross_variable_same,279,271,0279_1.jpg,0271_4.jpg,0
selection,cross_variable_same,279,279,0279_1.jpg,0279_4.jpg,1
selection,cross_variable_same,279,282,0279_1.jpg,0282_4.jpg,0
selection,cross_variable_same,282,6,0282_1.jpg,0006_4.jpg,0
selection,cross_variable_same,282,12,0282_1.jpg,0012_4.jpg,0
selection,cross_variable_same,282,15,0282_1.jpg,0015_4.jpg,0
selection,cross_variable_same,282,18,0282_1.jpg,0018_4.jpg,0
selection,cross_variable_same,282,35,0282_1.jpg,0035_4.jpg,0
selection,cross_variable_same,282,42,0282_1.jpg,0042_4.jpg,0
selection,cross_variable_same,282,43,0282_1.jpg,0043_4.jpg,0
selection,cross_variable_same,282,60,0282_1.jpg,0060_4.jpg,0
selection,cross_variable_same,282,66,0282_1.jpg,0066_4.jpg,0
selection,cross_variable_same,282,67,0282_1.jpg,0067_4.jpg,0
selection,cross_variable_same,282,79,0282_1.jpg,0079_4.jpg,0
selection,cross_variable_same,282,86,0282_1.jpg,0086_4.jpg,0
selection,cross_variable_same,282,87,0282_1.jpg,0087_4.jpg,0
selection,cross_variable_same,282,89,0282_1.jpg,0089_4.jpg,0
selection,cross_variable_same,282,91,0282_1.jpg,0091_4.jpg,0
selection,cross_variable_same,282,93,0282_1.jpg,0093_4.jpg,0
selection,cross_variable_same,282,106,0282_1.jpg,0106_4.jpg,0
selection,cross_variable_same,282,109,0282_1.jpg,0109_4.jpg,0
selection,cross_variable_same,282,114,0282_1.jpg,0114_4.jpg,0
selection,cross_variable_same,282,130,0282_1.jpg,0130_4.jpg,0
selection,cross_variable_same,282,132,0282_1.jpg,0132_4.jpg,0
selection,cross_variable_same,282,148,0282_1.jpg,0148_4.jpg,0
selection,cross_variable_same,282,154,0282_1.jpg,0154_4.jpg,0
selection,cross_variable_same,282,161,0282_1.jpg,0161_4.jpg,0
selection,cross_variable_same,282,200,0282_1.jpg,0200_4.jpg,0
selection,cross_variable_same,282,204,0282_1.jpg,0204_4.jpg,0
selection,cross_variable_same,282,216,0282_1.jpg,0216_4.jpg,0
selection,cross_variable_same,282,219,0282_1.jpg,0219_4.jpg,0
selection,cross_variable_same,282,224,0282_1.jpg,0224_4.jpg,0
selection,cross_variable_same,282,237,0282_1.jpg,0237_4.jpg,0
selection,cross_variable_same,282,239,0282_1.jpg,0239_4.jpg,0
selection,cross_variable_same,282,248,0282_1.jpg,0248_4.jpg,0
selection,cross_variable_same,282,266,0282_1.jpg,0266_4.jpg,0
selection,cross_variable_same,282,271,0282_1.jpg,0271_4.jpg,0
selection,cross_variable_same,282,279,0282_1.jpg,0279_4.jpg,0
selection,cross_variable_same,282,282,0282_1.jpg,0282_4.jpg,1
selection,cross_same_variable,6,6,0006_2.jpg,0006_3.jpg,1
selection,cross_same_variable,6,12,0006_2.jpg,0012_3.jpg,0
selection,cross_same_variable,6,15,0006_2.jpg,0015_3.jpg,0
selection,cross_same_variable,6,18,0006_2.jpg,0018_3.jpg,0
selection,cross_same_variable,6,35,0006_2.jpg,0035_3.jpg,0
selection,cross_same_variable,6,42,0006_2.jpg,0042_3.jpg,0
selection,cross_same_variable,6,43,0006_2.jpg,0043_3.jpg,0
selection,cross_same_variable,6,60,0006_2.jpg,0060_3.jpg,0
selection,cross_same_variable,6,66,0006_2.jpg,0066_3.jpg,0
selection,cross_same_variable,6,67,0006_2.jpg,0067_3.jpg,0
selection,cross_same_variable,6,79,0006_2.jpg,0079_3.jpg,0
selection,cross_same_variable,6,86,0006_2.jpg,0086_3.jpg,0
selection,cross_same_variable,6,87,0006_2.jpg,0087_3.jpg,0
selection,cross_same_variable,6,89,0006_2.jpg,0089_3.jpg,0
selection,cross_same_variable,6,91,0006_2.jpg,0091_3.jpg,0
selection,cross_same_variable,6,93,0006_2.jpg,0093_3.jpg,0
selection,cross_same_variable,6,106,0006_2.jpg,0106_3.jpg,0
selection,cross_same_variable,6,109,0006_2.jpg,0109_3.jpg,0
selection,cross_same_variable,6,114,0006_2.jpg,0114_3.jpg,0
selection,cross_same_variable,6,130,0006_2.jpg,0130_3.jpg,0
selection,cross_same_variable,6,132,0006_2.jpg,0132_3.jpg,0
selection,cross_same_variable,6,148,0006_2.jpg,0148_3.jpg,0
selection,cross_same_variable,6,154,0006_2.jpg,0154_3.jpg,0
selection,cross_same_variable,6,161,0006_2.jpg,0161_3.jpg,0
selection,cross_same_variable,6,200,0006_2.jpg,0200_3.jpg,0
selection,cross_same_variable,6,204,0006_2.jpg,0204_3.jpg,0
selection,cross_same_variable,6,216,0006_2.jpg,0216_3.jpg,0
selection,cross_same_variable,6,219,0006_2.jpg,0219_3.jpg,0
selection,cross_same_variable,6,224,0006_2.jpg,0224_3.jpg,0
selection,cross_same_variable,6,237,0006_2.jpg,0237_3.jpg,0
selection,cross_same_variable,6,239,0006_2.jpg,0239_3.jpg,0
selection,cross_same_variable,6,248,0006_2.jpg,0248_3.jpg,0
selection,cross_same_variable,6,266,0006_2.jpg,0266_3.jpg,0
selection,cross_same_variable,6,271,0006_2.jpg,0271_3.jpg,0
selection,cross_same_variable,6,279,0006_2.jpg,0279_3.jpg,0
selection,cross_same_variable,6,282,0006_2.jpg,0282_3.jpg,0
selection,cross_same_variable,12,6,0012_2.jpg,0006_3.jpg,0
selection,cross_same_variable,12,12,0012_2.jpg,0012_3.jpg,1
selection,cross_same_variable,12,15,0012_2.jpg,0015_3.jpg,0
selection,cross_same_variable,12,18,0012_2.jpg,0018_3.jpg,0
selection,cross_same_variable,12,35,0012_2.jpg,0035_3.jpg,0
selection,cross_same_variable,12,42,0012_2.jpg,0042_3.jpg,0
selection,cross_same_variable,12,43,0012_2.jpg,0043_3.jpg,0
selection,cross_same_variable,12,60,0012_2.jpg,0060_3.jpg,0
selection,cross_same_variable,12,66,0012_2.jpg,0066_3.jpg,0
selection,cross_same_variable,12,67,0012_2.jpg,0067_3.jpg,0
selection,cross_same_variable,12,79,0012_2.jpg,0079_3.jpg,0
selection,cross_same_variable,12,86,0012_2.jpg,0086_3.jpg,0
selection,cross_same_variable,12,87,0012_2.jpg,0087_3.jpg,0
selection,cross_same_variable,12,89,0012_2.jpg,0089_3.jpg,0
selection,cross_same_variable,12,91,0012_2.jpg,0091_3.jpg,0
selection,cross_same_variable,12,93,0012_2.jpg,0093_3.jpg,0
selection,cross_same_variable,12,106,0012_2.jpg,0106_3.jpg,0
selection,cross_same_variable,12,109,0012_2.jpg,0109_3.jpg,0
selection,cross_same_variable,12,114,0012_2.jpg,0114_3.jpg,0
selection,cross_same_variable,12,130,0012_2.jpg,0130_3.jpg,0
selection,cross_same_variable,12,132,0012_2.jpg,0132_3.jpg,0
selection,cross_same_variable,12,148,0012_2.jpg,0148_3.jpg,0
selection,cross_same_variable,12,154,0012_2.jpg,0154_3.jpg,0
selection,cross_same_variable,12,161,0012_2.jpg,0161_3.jpg,0
selection,cross_same_variable,12,200,0012_2.jpg,0200_3.jpg,0
selection,cross_same_variable,12,204,0012_2.jpg,0204_3.jpg,0
selection,cross_same_variable,12,216,0012_2.jpg,0216_3.jpg,0
selection,cross_same_variable,12,219,0012_2.jpg,0219_3.jpg,0
selection,cross_same_variable,12,224,0012_2.jpg,0224_3.jpg,0
selection,cross_same_variable,12,237,0012_2.jpg,0237_3.jpg,0
selection,cross_same_variable,12,239,0012_2.jpg,0239_3.jpg,0
selection,cross_same_variable,12,248,0012_2.jpg,0248_3.jpg,0
selection,cross_same_variable,12,266,0012_2.jpg,0266_3.jpg,0
selection,cross_same_variable,12,271,0012_2.jpg,0271_3.jpg,0
selection,cross_same_variable,12,279,0012_2.jpg,0279_3.jpg,0
selection,cross_same_variable,12,282,0012_2.jpg,0282_3.jpg,0
selection,cross_same_variable,15,6,0015_2.jpg,0006_3.jpg,0
selection,cross_same_variable,15,12,0015_2.jpg,0012_3.jpg,0
selection,cross_same_variable,15,15,0015_2.jpg,0015_3.jpg,1
selection,cross_same_variable,15,18,0015_2.jpg,0018_3.jpg,0
selection,cross_same_variable,15,35,0015_2.jpg,0035_3.jpg,0
selection,cross_same_variable,15,42,0015_2.jpg,0042_3.jpg,0
selection,cross_same_variable,15,43,0015_2.jpg,0043_3.jpg,0
selection,cross_same_variable,15,60,0015_2.jpg,0060_3.jpg,0
selection,cross_same_variable,15,66,0015_2.jpg,0066_3.jpg,0
selection,cross_same_variable,15,67,0015_2.jpg,0067_3.jpg,0
selection,cross_same_variable,15,79,0015_2.jpg,0079_3.jpg,0
selection,cross_same_variable,15,86,0015_2.jpg,0086_3.jpg,0
selection,cross_same_variable,15,87,0015_2.jpg,0087_3.jpg,0
selection,cross_same_variable,15,89,0015_2.jpg,0089_3.jpg,0
selection,cross_same_variable,15,91,0015_2.jpg,0091_3.jpg,0
selection,cross_same_variable,15,93,0015_2.jpg,0093_3.jpg,0
selection,cross_same_variable,15,106,0015_2.jpg,0106_3.jpg,0
selection,cross_same_variable,15,109,0015_2.jpg,0109_3.jpg,0
selection,cross_same_variable,15,114,0015_2.jpg,0114_3.jpg,0
selection,cross_same_variable,15,130,0015_2.jpg,0130_3.jpg,0
selection,cross_same_variable,15,132,0015_2.jpg,0132_3.jpg,0
selection,cross_same_variable,15,148,0015_2.jpg,0148_3.jpg,0
selection,cross_same_variable,15,154,0015_2.jpg,0154_3.jpg,0
selection,cross_same_variable,15,161,0015_2.jpg,0161_3.jpg,0
selection,cross_same_variable,15,200,0015_2.jpg,0200_3.jpg,0
selection,cross_same_variable,15,204,0015_2.jpg,0204_3.jpg,0
selection,cross_same_variable,15,216,0015_2.jpg,0216_3.jpg,0
selection,cross_same_variable,15,219,0015_2.jpg,0219_3.jpg,0
selection,cross_same_variable,15,224,0015_2.jpg,0224_3.jpg,0
selection,cross_same_variable,15,237,0015_2.jpg,0237_3.jpg,0
selection,cross_same_variable,15,239,0015_2.jpg,0239_3.jpg,0
selection,cross_same_variable,15,248,0015_2.jpg,0248_3.jpg,0
selection,cross_same_variable,15,266,0015_2.jpg,0266_3.jpg,0
selection,cross_same_variable,15,271,0015_2.jpg,0271_3.jpg,0
selection,cross_same_variable,15,279,0015_2.jpg,0279_3.jpg,0
selection,cross_same_variable,15,282,0015_2.jpg,0282_3.jpg,0
selection,cross_same_variable,18,6,0018_2.jpg,0006_3.jpg,0
selection,cross_same_variable,18,12,0018_2.jpg,0012_3.jpg,0
selection,cross_same_variable,18,15,0018_2.jpg,0015_3.jpg,0
selection,cross_same_variable,18,18,0018_2.jpg,0018_3.jpg,1
selection,cross_same_variable,18,35,0018_2.jpg,0035_3.jpg,0
selection,cross_same_variable,18,42,0018_2.jpg,0042_3.jpg,0
selection,cross_same_variable,18,43,0018_2.jpg,0043_3.jpg,0
selection,cross_same_variable,18,60,0018_2.jpg,0060_3.jpg,0
selection,cross_same_variable,18,66,0018_2.jpg,0066_3.jpg,0
selection,cross_same_variable,18,67,0018_2.jpg,0067_3.jpg,0
selection,cross_same_variable,18,79,0018_2.jpg,0079_3.jpg,0
selection,cross_same_variable,18,86,0018_2.jpg,0086_3.jpg,0
selection,cross_same_variable,18,87,0018_2.jpg,0087_3.jpg,0
selection,cross_same_variable,18,89,0018_2.jpg,0089_3.jpg,0
selection,cross_same_variable,18,91,0018_2.jpg,0091_3.jpg,0
selection,cross_same_variable,18,93,0018_2.jpg,0093_3.jpg,0
selection,cross_same_variable,18,106,0018_2.jpg,0106_3.jpg,0
selection,cross_same_variable,18,109,0018_2.jpg,0109_3.jpg,0
selection,cross_same_variable,18,114,0018_2.jpg,0114_3.jpg,0
selection,cross_same_variable,18,130,0018_2.jpg,0130_3.jpg,0
selection,cross_same_variable,18,132,0018_2.jpg,0132_3.jpg,0
selection,cross_same_variable,18,148,0018_2.jpg,0148_3.jpg,0
selection,cross_same_variable,18,154,0018_2.jpg,0154_3.jpg,0
selection,cross_same_variable,18,161,0018_2.jpg,0161_3.jpg,0
selection,cross_same_variable,18,200,0018_2.jpg,0200_3.jpg,0
selection,cross_same_variable,18,204,0018_2.jpg,0204_3.jpg,0
selection,cross_same_variable,18,216,0018_2.jpg,0216_3.jpg,0
selection,cross_same_variable,18,219,0018_2.jpg,0219_3.jpg,0
selection,cross_same_variable,18,224,0018_2.jpg,0224_3.jpg,0
selection,cross_same_variable,18,237,0018_2.jpg,0237_3.jpg,0
selection,cross_same_variable,18,239,0018_2.jpg,0239_3.jpg,0
selection,cross_same_variable,18,248,0018_2.jpg,0248_3.jpg,0
selection,cross_same_variable,18,266,0018_2.jpg,0266_3.jpg,0
selection,cross_same_variable,18,271,0018_2.jpg,0271_3.jpg,0
selection,cross_same_variable,18,279,0018_2.jpg,0279_3.jpg,0
selection,cross_same_variable,18,282,0018_2.jpg,0282_3.jpg,0
selection,cross_same_variable,35,6,0035_2.jpg,0006_3.jpg,0
selection,cross_same_variable,35,12,0035_2.jpg,0012_3.jpg,0
selection,cross_same_variable,35,15,0035_2.jpg,0015_3.jpg,0
selection,cross_same_variable,35,18,0035_2.jpg,0018_3.jpg,0
selection,cross_same_variable,35,35,0035_2.jpg,0035_3.jpg,1
selection,cross_same_variable,35,42,0035_2.jpg,0042_3.jpg,0
selection,cross_same_variable,35,43,0035_2.jpg,0043_3.jpg,0
selection,cross_same_variable,35,60,0035_2.jpg,0060_3.jpg,0
selection,cross_same_variable,35,66,0035_2.jpg,0066_3.jpg,0
selection,cross_same_variable,35,67,0035_2.jpg,0067_3.jpg,0
selection,cross_same_variable,35,79,0035_2.jpg,0079_3.jpg,0
selection,cross_same_variable,35,86,0035_2.jpg,0086_3.jpg,0
selection,cross_same_variable,35,87,0035_2.jpg,0087_3.jpg,0
selection,cross_same_variable,35,89,0035_2.jpg,0089_3.jpg,0
selection,cross_same_variable,35,91,0035_2.jpg,0091_3.jpg,0
selection,cross_same_variable,35,93,0035_2.jpg,0093_3.jpg,0
selection,cross_same_variable,35,106,0035_2.jpg,0106_3.jpg,0
selection,cross_same_variable,35,109,0035_2.jpg,0109_3.jpg,0
selection,cross_same_variable,35,114,0035_2.jpg,0114_3.jpg,0
selection,cross_same_variable,35,130,0035_2.jpg,0130_3.jpg,0
selection,cross_same_variable,35,132,0035_2.jpg,0132_3.jpg,0
selection,cross_same_variable,35,148,0035_2.jpg,0148_3.jpg,0
selection,cross_same_variable,35,154,0035_2.jpg,0154_3.jpg,0
selection,cross_same_variable,35,161,0035_2.jpg,0161_3.jpg,0
selection,cross_same_variable,35,200,0035_2.jpg,0200_3.jpg,0
selection,cross_same_variable,35,204,0035_2.jpg,0204_3.jpg,0
selection,cross_same_variable,35,216,0035_2.jpg,0216_3.jpg,0
selection,cross_same_variable,35,219,0035_2.jpg,0219_3.jpg,0
selection,cross_same_variable,35,224,0035_2.jpg,0224_3.jpg,0
selection,cross_same_variable,35,237,0035_2.jpg,0237_3.jpg,0
selection,cross_same_variable,35,239,0035_2.jpg,0239_3.jpg,0
selection,cross_same_variable,35,248,0035_2.jpg,0248_3.jpg,0
selection,cross_same_variable,35,266,0035_2.jpg,0266_3.jpg,0
selection,cross_same_variable,35,271,0035_2.jpg,0271_3.jpg,0
selection,cross_same_variable,35,279,0035_2.jpg,0279_3.jpg,0
selection,cross_same_variable,35,282,0035_2.jpg,0282_3.jpg,0
selection,cross_same_variable,42,6,0042_2.jpg,0006_3.jpg,0
selection,cross_same_variable,42,12,0042_2.jpg,0012_3.jpg,0
selection,cross_same_variable,42,15,0042_2.jpg,0015_3.jpg,0
selection,cross_same_variable,42,18,0042_2.jpg,0018_3.jpg,0
selection,cross_same_variable,42,35,0042_2.jpg,0035_3.jpg,0
selection,cross_same_variable,42,42,0042_2.jpg,0042_3.jpg,1
selection,cross_same_variable,42,43,0042_2.jpg,0043_3.jpg,0
selection,cross_same_variable,42,60,0042_2.jpg,0060_3.jpg,0
selection,cross_same_variable,42,66,0042_2.jpg,0066_3.jpg,0
selection,cross_same_variable,42,67,0042_2.jpg,0067_3.jpg,0
selection,cross_same_variable,42,79,0042_2.jpg,0079_3.jpg,0
selection,cross_same_variable,42,86,0042_2.jpg,0086_3.jpg,0
selection,cross_same_variable,42,87,0042_2.jpg,0087_3.jpg,0
selection,cross_same_variable,42,89,0042_2.jpg,0089_3.jpg,0
selection,cross_same_variable,42,91,0042_2.jpg,0091_3.jpg,0
selection,cross_same_variable,42,93,0042_2.jpg,0093_3.jpg,0
selection,cross_same_variable,42,106,0042_2.jpg,0106_3.jpg,0
selection,cross_same_variable,42,109,0042_2.jpg,0109_3.jpg,0
selection,cross_same_variable,42,114,0042_2.jpg,0114_3.jpg,0
selection,cross_same_variable,42,130,0042_2.jpg,0130_3.jpg,0
selection,cross_same_variable,42,132,0042_2.jpg,0132_3.jpg,0
selection,cross_same_variable,42,148,0042_2.jpg,0148_3.jpg,0
selection,cross_same_variable,42,154,0042_2.jpg,0154_3.jpg,0
selection,cross_same_variable,42,161,0042_2.jpg,0161_3.jpg,0
selection,cross_same_variable,42,200,0042_2.jpg,0200_3.jpg,0
selection,cross_same_variable,42,204,0042_2.jpg,0204_3.jpg,0
selection,cross_same_variable,42,216,0042_2.jpg,0216_3.jpg,0
selection,cross_same_variable,42,219,0042_2.jpg,0219_3.jpg,0
selection,cross_same_variable,42,224,0042_2.jpg,0224_3.jpg,0
selection,cross_same_variable,42,237,0042_2.jpg,0237_3.jpg,0
selection,cross_same_variable,42,239,0042_2.jpg,0239_3.jpg,0
selection,cross_same_variable,42,248,0042_2.jpg,0248_3.jpg,0
selection,cross_same_variable,42,266,0042_2.jpg,0266_3.jpg,0
selection,cross_same_variable,42,271,0042_2.jpg,0271_3.jpg,0
selection,cross_same_variable,42,279,0042_2.jpg,0279_3.jpg,0
selection,cross_same_variable,42,282,0042_2.jpg,0282_3.jpg,0
selection,cross_same_variable,43,6,0043_2.jpg,0006_3.jpg,0
selection,cross_same_variable,43,12,0043_2.jpg,0012_3.jpg,0
selection,cross_same_variable,43,15,0043_2.jpg,0015_3.jpg,0
selection,cross_same_variable,43,18,0043_2.jpg,0018_3.jpg,0
selection,cross_same_variable,43,35,0043_2.jpg,0035_3.jpg,0
selection,cross_same_variable,43,42,0043_2.jpg,0042_3.jpg,0
selection,cross_same_variable,43,43,0043_2.jpg,0043_3.jpg,1
selection,cross_same_variable,43,60,0043_2.jpg,0060_3.jpg,0
selection,cross_same_variable,43,66,0043_2.jpg,0066_3.jpg,0
selection,cross_same_variable,43,67,0043_2.jpg,0067_3.jpg,0
selection,cross_same_variable,43,79,0043_2.jpg,0079_3.jpg,0
selection,cross_same_variable,43,86,0043_2.jpg,0086_3.jpg,0
selection,cross_same_variable,43,87,0043_2.jpg,0087_3.jpg,0
selection,cross_same_variable,43,89,0043_2.jpg,0089_3.jpg,0
selection,cross_same_variable,43,91,0043_2.jpg,0091_3.jpg,0
selection,cross_same_variable,43,93,0043_2.jpg,0093_3.jpg,0
selection,cross_same_variable,43,106,0043_2.jpg,0106_3.jpg,0
selection,cross_same_variable,43,109,0043_2.jpg,0109_3.jpg,0
selection,cross_same_variable,43,114,0043_2.jpg,0114_3.jpg,0
selection,cross_same_variable,43,130,0043_2.jpg,0130_3.jpg,0
selection,cross_same_variable,43,132,0043_2.jpg,0132_3.jpg,0
selection,cross_same_variable,43,148,0043_2.jpg,0148_3.jpg,0
selection,cross_same_variable,43,154,0043_2.jpg,0154_3.jpg,0
selection,cross_same_variable,43,161,0043_2.jpg,0161_3.jpg,0
selection,cross_same_variable,43,200,0043_2.jpg,0200_3.jpg,0
selection,cross_same_variable,43,204,0043_2.jpg,0204_3.jpg,0
selection,cross_same_variable,43,216,0043_2.jpg,0216_3.jpg,0
selection,cross_same_variable,43,219,0043_2.jpg,0219_3.jpg,0
selection,cross_same_variable,43,224,0043_2.jpg,0224_3.jpg,0
selection,cross_same_variable,43,237,0043_2.jpg,0237_3.jpg,0
selection,cross_same_variable,43,239,0043_2.jpg,0239_3.jpg,0
selection,cross_same_variable,43,248,0043_2.jpg,0248_3.jpg,0
selection,cross_same_variable,43,266,0043_2.jpg,0266_3.jpg,0
selection,cross_same_variable,43,271,0043_2.jpg,0271_3.jpg,0
selection,cross_same_variable,43,279,0043_2.jpg,0279_3.jpg,0
selection,cross_same_variable,43,282,0043_2.jpg,0282_3.jpg,0
selection,cross_same_variable,60,6,0060_2.jpg,0006_3.jpg,0
selection,cross_same_variable,60,12,0060_2.jpg,0012_3.jpg,0
selection,cross_same_variable,60,15,0060_2.jpg,0015_3.jpg,0
selection,cross_same_variable,60,18,0060_2.jpg,0018_3.jpg,0
selection,cross_same_variable,60,35,0060_2.jpg,0035_3.jpg,0
selection,cross_same_variable,60,42,0060_2.jpg,0042_3.jpg,0
selection,cross_same_variable,60,43,0060_2.jpg,0043_3.jpg,0
selection,cross_same_variable,60,60,0060_2.jpg,0060_3.jpg,1
selection,cross_same_variable,60,66,0060_2.jpg,0066_3.jpg,0
selection,cross_same_variable,60,67,0060_2.jpg,0067_3.jpg,0
selection,cross_same_variable,60,79,0060_2.jpg,0079_3.jpg,0
selection,cross_same_variable,60,86,0060_2.jpg,0086_3.jpg,0
selection,cross_same_variable,60,87,0060_2.jpg,0087_3.jpg,0
selection,cross_same_variable,60,89,0060_2.jpg,0089_3.jpg,0
selection,cross_same_variable,60,91,0060_2.jpg,0091_3.jpg,0
selection,cross_same_variable,60,93,0060_2.jpg,0093_3.jpg,0
selection,cross_same_variable,60,106,0060_2.jpg,0106_3.jpg,0
selection,cross_same_variable,60,109,0060_2.jpg,0109_3.jpg,0
selection,cross_same_variable,60,114,0060_2.jpg,0114_3.jpg,0
selection,cross_same_variable,60,130,0060_2.jpg,0130_3.jpg,0
selection,cross_same_variable,60,132,0060_2.jpg,0132_3.jpg,0
selection,cross_same_variable,60,148,0060_2.jpg,0148_3.jpg,0
selection,cross_same_variable,60,154,0060_2.jpg,0154_3.jpg,0
selection,cross_same_variable,60,161,0060_2.jpg,0161_3.jpg,0
selection,cross_same_variable,60,200,0060_2.jpg,0200_3.jpg,0
selection,cross_same_variable,60,204,0060_2.jpg,0204_3.jpg,0
selection,cross_same_variable,60,216,0060_2.jpg,0216_3.jpg,0
selection,cross_same_variable,60,219,0060_2.jpg,0219_3.jpg,0
selection,cross_same_variable,60,224,0060_2.jpg,0224_3.jpg,0
selection,cross_same_variable,60,237,0060_2.jpg,0237_3.jpg,0
selection,cross_same_variable,60,239,0060_2.jpg,0239_3.jpg,0
selection,cross_same_variable,60,248,0060_2.jpg,0248_3.jpg,0
selection,cross_same_variable,60,266,0060_2.jpg,0266_3.jpg,0
selection,cross_same_variable,60,271,0060_2.jpg,0271_3.jpg,0
selection,cross_same_variable,60,279,0060_2.jpg,0279_3.jpg,0
selection,cross_same_variable,60,282,0060_2.jpg,0282_3.jpg,0
selection,cross_same_variable,66,6,0066_2.jpg,0006_3.jpg,0
selection,cross_same_variable,66,12,0066_2.jpg,0012_3.jpg,0
selection,cross_same_variable,66,15,0066_2.jpg,0015_3.jpg,0
selection,cross_same_variable,66,18,0066_2.jpg,0018_3.jpg,0
selection,cross_same_variable,66,35,0066_2.jpg,0035_3.jpg,0
selection,cross_same_variable,66,42,0066_2.jpg,0042_3.jpg,0
selection,cross_same_variable,66,43,0066_2.jpg,0043_3.jpg,0
selection,cross_same_variable,66,60,0066_2.jpg,0060_3.jpg,0
selection,cross_same_variable,66,66,0066_2.jpg,0066_3.jpg,1
selection,cross_same_variable,66,67,0066_2.jpg,0067_3.jpg,0
selection,cross_same_variable,66,79,0066_2.jpg,0079_3.jpg,0
selection,cross_same_variable,66,86,0066_2.jpg,0086_3.jpg,0
selection,cross_same_variable,66,87,0066_2.jpg,0087_3.jpg,0
selection,cross_same_variable,66,89,0066_2.jpg,0089_3.jpg,0
selection,cross_same_variable,66,91,0066_2.jpg,0091_3.jpg,0
selection,cross_same_variable,66,93,0066_2.jpg,0093_3.jpg,0
selection,cross_same_variable,66,106,0066_2.jpg,0106_3.jpg,0
selection,cross_same_variable,66,109,0066_2.jpg,0109_3.jpg,0
selection,cross_same_variable,66,114,0066_2.jpg,0114_3.jpg,0
selection,cross_same_variable,66,130,0066_2.jpg,0130_3.jpg,0
selection,cross_same_variable,66,132,0066_2.jpg,0132_3.jpg,0
selection,cross_same_variable,66,148,0066_2.jpg,0148_3.jpg,0
selection,cross_same_variable,66,154,0066_2.jpg,0154_3.jpg,0
selection,cross_same_variable,66,161,0066_2.jpg,0161_3.jpg,0
selection,cross_same_variable,66,200,0066_2.jpg,0200_3.jpg,0
selection,cross_same_variable,66,204,0066_2.jpg,0204_3.jpg,0
selection,cross_same_variable,66,216,0066_2.jpg,0216_3.jpg,0
selection,cross_same_variable,66,219,0066_2.jpg,0219_3.jpg,0
selection,cross_same_variable,66,224,0066_2.jpg,0224_3.jpg,0
selection,cross_same_variable,66,237,0066_2.jpg,0237_3.jpg,0
selection,cross_same_variable,66,239,0066_2.jpg,0239_3.jpg,0
selection,cross_same_variable,66,248,0066_2.jpg,0248_3.jpg,0
selection,cross_same_variable,66,266,0066_2.jpg,0266_3.jpg,0
selection,cross_same_variable,66,271,0066_2.jpg,0271_3.jpg,0
selection,cross_same_variable,66,279,0066_2.jpg,0279_3.jpg,0
selection,cross_same_variable,66,282,0066_2.jpg,0282_3.jpg,0
selection,cross_same_variable,67,6,0067_2.jpg,0006_3.jpg,0
selection,cross_same_variable,67,12,0067_2.jpg,0012_3.jpg,0
selection,cross_same_variable,67,15,0067_2.jpg,0015_3.jpg,0
selection,cross_same_variable,67,18,0067_2.jpg,0018_3.jpg,0
selection,cross_same_variable,67,35,0067_2.jpg,0035_3.jpg,0
selection,cross_same_variable,67,42,0067_2.jpg,0042_3.jpg,0
selection,cross_same_variable,67,43,0067_2.jpg,0043_3.jpg,0
selection,cross_same_variable,67,60,0067_2.jpg,0060_3.jpg,0
selection,cross_same_variable,67,66,0067_2.jpg,0066_3.jpg,0
selection,cross_same_variable,67,67,0067_2.jpg,0067_3.jpg,1
selection,cross_same_variable,67,79,0067_2.jpg,0079_3.jpg,0
selection,cross_same_variable,67,86,0067_2.jpg,0086_3.jpg,0
selection,cross_same_variable,67,87,0067_2.jpg,0087_3.jpg,0
selection,cross_same_variable,67,89,0067_2.jpg,0089_3.jpg,0
selection,cross_same_variable,67,91,0067_2.jpg,0091_3.jpg,0
selection,cross_same_variable,67,93,0067_2.jpg,0093_3.jpg,0
selection,cross_same_variable,67,106,0067_2.jpg,0106_3.jpg,0
selection,cross_same_variable,67,109,0067_2.jpg,0109_3.jpg,0
selection,cross_same_variable,67,114,0067_2.jpg,0114_3.jpg,0
selection,cross_same_variable,67,130,0067_2.jpg,0130_3.jpg,0
selection,cross_same_variable,67,132,0067_2.jpg,0132_3.jpg,0
selection,cross_same_variable,67,148,0067_2.jpg,0148_3.jpg,0
selection,cross_same_variable,67,154,0067_2.jpg,0154_3.jpg,0
selection,cross_same_variable,67,161,0067_2.jpg,0161_3.jpg,0
selection,cross_same_variable,67,200,0067_2.jpg,0200_3.jpg,0
selection,cross_same_variable,67,204,0067_2.jpg,0204_3.jpg,0
selection,cross_same_variable,67,216,0067_2.jpg,0216_3.jpg,0
selection,cross_same_variable,67,219,0067_2.jpg,0219_3.jpg,0
selection,cross_same_variable,67,224,0067_2.jpg,0224_3.jpg,0
selection,cross_same_variable,67,237,0067_2.jpg,0237_3.jpg,0
selection,cross_same_variable,67,239,0067_2.jpg,0239_3.jpg,0
selection,cross_same_variable,67,248,0067_2.jpg,0248_3.jpg,0
selection,cross_same_variable,67,266,0067_2.jpg,0266_3.jpg,0
selection,cross_same_variable,67,271,0067_2.jpg,0271_3.jpg,0
selection,cross_same_variable,67,279,0067_2.jpg,0279_3.jpg,0
selection,cross_same_variable,67,282,0067_2.jpg,0282_3.jpg,0
selection,cross_same_variable,79,6,0079_2.jpg,0006_3.jpg,0
selection,cross_same_variable,79,12,0079_2.jpg,0012_3.jpg,0
selection,cross_same_variable,79,15,0079_2.jpg,0015_3.jpg,0
selection,cross_same_variable,79,18,0079_2.jpg,0018_3.jpg,0
selection,cross_same_variable,79,35,0079_2.jpg,0035_3.jpg,0
selection,cross_same_variable,79,42,0079_2.jpg,0042_3.jpg,0
selection,cross_same_variable,79,43,0079_2.jpg,0043_3.jpg,0
selection,cross_same_variable,79,60,0079_2.jpg,0060_3.jpg,0
selection,cross_same_variable,79,66,0079_2.jpg,0066_3.jpg,0
selection,cross_same_variable,79,67,0079_2.jpg,0067_3.jpg,0
selection,cross_same_variable,79,79,0079_2.jpg,0079_3.jpg,1
selection,cross_same_variable,79,86,0079_2.jpg,0086_3.jpg,0
selection,cross_same_variable,79,87,0079_2.jpg,0087_3.jpg,0
selection,cross_same_variable,79,89,0079_2.jpg,0089_3.jpg,0
selection,cross_same_variable,79,91,0079_2.jpg,0091_3.jpg,0
selection,cross_same_variable,79,93,0079_2.jpg,0093_3.jpg,0
selection,cross_same_variable,79,106,0079_2.jpg,0106_3.jpg,0
selection,cross_same_variable,79,109,0079_2.jpg,0109_3.jpg,0
selection,cross_same_variable,79,114,0079_2.jpg,0114_3.jpg,0
selection,cross_same_variable,79,130,0079_2.jpg,0130_3.jpg,0
selection,cross_same_variable,79,132,0079_2.jpg,0132_3.jpg,0
selection,cross_same_variable,79,148,0079_2.jpg,0148_3.jpg,0
selection,cross_same_variable,79,154,0079_2.jpg,0154_3.jpg,0
selection,cross_same_variable,79,161,0079_2.jpg,0161_3.jpg,0
selection,cross_same_variable,79,200,0079_2.jpg,0200_3.jpg,0
selection,cross_same_variable,79,204,0079_2.jpg,0204_3.jpg,0
selection,cross_same_variable,79,216,0079_2.jpg,0216_3.jpg,0
selection,cross_same_variable,79,219,0079_2.jpg,0219_3.jpg,0
selection,cross_same_variable,79,224,0079_2.jpg,0224_3.jpg,0
selection,cross_same_variable,79,237,0079_2.jpg,0237_3.jpg,0
selection,cross_same_variable,79,239,0079_2.jpg,0239_3.jpg,0
selection,cross_same_variable,79,248,0079_2.jpg,0248_3.jpg,0
selection,cross_same_variable,79,266,0079_2.jpg,0266_3.jpg,0
selection,cross_same_variable,79,271,0079_2.jpg,0271_3.jpg,0
selection,cross_same_variable,79,279,0079_2.jpg,0279_3.jpg,0
selection,cross_same_variable,79,282,0079_2.jpg,0282_3.jpg,0
selection,cross_same_variable,86,6,0086_2.jpg,0006_3.jpg,0
selection,cross_same_variable,86,12,0086_2.jpg,0012_3.jpg,0
selection,cross_same_variable,86,15,0086_2.jpg,0015_3.jpg,0
selection,cross_same_variable,86,18,0086_2.jpg,0018_3.jpg,0
selection,cross_same_variable,86,35,0086_2.jpg,0035_3.jpg,0
selection,cross_same_variable,86,42,0086_2.jpg,0042_3.jpg,0
selection,cross_same_variable,86,43,0086_2.jpg,0043_3.jpg,0
selection,cross_same_variable,86,60,0086_2.jpg,0060_3.jpg,0
selection,cross_same_variable,86,66,0086_2.jpg,0066_3.jpg,0
selection,cross_same_variable,86,67,0086_2.jpg,0067_3.jpg,0
selection,cross_same_variable,86,79,0086_2.jpg,0079_3.jpg,0
selection,cross_same_variable,86,86,0086_2.jpg,0086_3.jpg,1
selection,cross_same_variable,86,87,0086_2.jpg,0087_3.jpg,0
selection,cross_same_variable,86,89,0086_2.jpg,0089_3.jpg,0
selection,cross_same_variable,86,91,0086_2.jpg,0091_3.jpg,0
selection,cross_same_variable,86,93,0086_2.jpg,0093_3.jpg,0
selection,cross_same_variable,86,106,0086_2.jpg,0106_3.jpg,0
selection,cross_same_variable,86,109,0086_2.jpg,0109_3.jpg,0
selection,cross_same_variable,86,114,0086_2.jpg,0114_3.jpg,0
selection,cross_same_variable,86,130,0086_2.jpg,0130_3.jpg,0
selection,cross_same_variable,86,132,0086_2.jpg,0132_3.jpg,0
selection,cross_same_variable,86,148,0086_2.jpg,0148_3.jpg,0
selection,cross_same_variable,86,154,0086_2.jpg,0154_3.jpg,0
selection,cross_same_variable,86,161,0086_2.jpg,0161_3.jpg,0
selection,cross_same_variable,86,200,0086_2.jpg,0200_3.jpg,0
selection,cross_same_variable,86,204,0086_2.jpg,0204_3.jpg,0
selection,cross_same_variable,86,216,0086_2.jpg,0216_3.jpg,0
selection,cross_same_variable,86,219,0086_2.jpg,0219_3.jpg,0
selection,cross_same_variable,86,224,0086_2.jpg,0224_3.jpg,0
selection,cross_same_variable,86,237,0086_2.jpg,0237_3.jpg,0
selection,cross_same_variable,86,239,0086_2.jpg,0239_3.jpg,0
selection,cross_same_variable,86,248,0086_2.jpg,0248_3.jpg,0
selection,cross_same_variable,86,266,0086_2.jpg,0266_3.jpg,0
selection,cross_same_variable,86,271,0086_2.jpg,0271_3.jpg,0
selection,cross_same_variable,86,279,0086_2.jpg,0279_3.jpg,0
selection,cross_same_variable,86,282,0086_2.jpg,0282_3.jpg,0
selection,cross_same_variable,87,6,0087_2.jpg,0006_3.jpg,0
selection,cross_same_variable,87,12,0087_2.jpg,0012_3.jpg,0
selection,cross_same_variable,87,15,0087_2.jpg,0015_3.jpg,0
selection,cross_same_variable,87,18,0087_2.jpg,0018_3.jpg,0
selection,cross_same_variable,87,35,0087_2.jpg,0035_3.jpg,0
selection,cross_same_variable,87,42,0087_2.jpg,0042_3.jpg,0
selection,cross_same_variable,87,43,0087_2.jpg,0043_3.jpg,0
selection,cross_same_variable,87,60,0087_2.jpg,0060_3.jpg,0
selection,cross_same_variable,87,66,0087_2.jpg,0066_3.jpg,0
selection,cross_same_variable,87,67,0087_2.jpg,0067_3.jpg,0
selection,cross_same_variable,87,79,0087_2.jpg,0079_3.jpg,0
selection,cross_same_variable,87,86,0087_2.jpg,0086_3.jpg,0
selection,cross_same_variable,87,87,0087_2.jpg,0087_3.jpg,1
selection,cross_same_variable,87,89,0087_2.jpg,0089_3.jpg,0
selection,cross_same_variable,87,91,0087_2.jpg,0091_3.jpg,0
selection,cross_same_variable,87,93,0087_2.jpg,0093_3.jpg,0
selection,cross_same_variable,87,106,0087_2.jpg,0106_3.jpg,0
selection,cross_same_variable,87,109,0087_2.jpg,0109_3.jpg,0
selection,cross_same_variable,87,114,0087_2.jpg,0114_3.jpg,0
selection,cross_same_variable,87,130,0087_2.jpg,0130_3.jpg,0
selection,cross_same_variable,87,132,0087_2.jpg,0132_3.jpg,0
selection,cross_same_variable,87,148,0087_2.jpg,0148_3.jpg,0
selection,cross_same_variable,87,154,0087_2.jpg,0154_3.jpg,0
selection,cross_same_variable,87,161,0087_2.jpg,0161_3.jpg,0
selection,cross_same_variable,87,200,0087_2.jpg,0200_3.jpg,0
selection,cross_same_variable,87,204,0087_2.jpg,0204_3.jpg,0
selection,cross_same_variable,87,216,0087_2.jpg,0216_3.jpg,0
selection,cross_same_variable,87,219,0087_2.jpg,0219_3.jpg,0
selection,cross_same_variable,87,224,0087_2.jpg,0224_3.jpg,0
selection,cross_same_variable,87,237,0087_2.jpg,0237_3.jpg,0
selection,cross_same_variable,87,239,0087_2.jpg,0239_3.jpg,0
selection,cross_same_variable,87,248,0087_2.jpg,0248_3.jpg,0
selection,cross_same_variable,87,266,0087_2.jpg,0266_3.jpg,0
selection,cross_same_variable,87,271,0087_2.jpg,0271_3.jpg,0
selection,cross_same_variable,87,279,0087_2.jpg,0279_3.jpg,0
selection,cross_same_variable,87,282,0087_2.jpg,0282_3.jpg,0
selection,cross_same_variable,89,6,0089_2.jpg,0006_3.jpg,0
selection,cross_same_variable,89,12,0089_2.jpg,0012_3.jpg,0
selection,cross_same_variable,89,15,0089_2.jpg,0015_3.jpg,0
selection,cross_same_variable,89,18,0089_2.jpg,0018_3.jpg,0
selection,cross_same_variable,89,35,0089_2.jpg,0035_3.jpg,0
selection,cross_same_variable,89,42,0089_2.jpg,0042_3.jpg,0
selection,cross_same_variable,89,43,0089_2.jpg,0043_3.jpg,0
selection,cross_same_variable,89,60,0089_2.jpg,0060_3.jpg,0
selection,cross_same_variable,89,66,0089_2.jpg,0066_3.jpg,0
selection,cross_same_variable,89,67,0089_2.jpg,0067_3.jpg,0
selection,cross_same_variable,89,79,0089_2.jpg,0079_3.jpg,0
selection,cross_same_variable,89,86,0089_2.jpg,0086_3.jpg,0
selection,cross_same_variable,89,87,0089_2.jpg,0087_3.jpg,0
selection,cross_same_variable,89,89,0089_2.jpg,0089_3.jpg,1
selection,cross_same_variable,89,91,0089_2.jpg,0091_3.jpg,0
selection,cross_same_variable,89,93,0089_2.jpg,0093_3.jpg,0
selection,cross_same_variable,89,106,0089_2.jpg,0106_3.jpg,0
selection,cross_same_variable,89,109,0089_2.jpg,0109_3.jpg,0
selection,cross_same_variable,89,114,0089_2.jpg,0114_3.jpg,0
selection,cross_same_variable,89,130,0089_2.jpg,0130_3.jpg,0
selection,cross_same_variable,89,132,0089_2.jpg,0132_3.jpg,0
selection,cross_same_variable,89,148,0089_2.jpg,0148_3.jpg,0
selection,cross_same_variable,89,154,0089_2.jpg,0154_3.jpg,0
selection,cross_same_variable,89,161,0089_2.jpg,0161_3.jpg,0
selection,cross_same_variable,89,200,0089_2.jpg,0200_3.jpg,0
selection,cross_same_variable,89,204,0089_2.jpg,0204_3.jpg,0
selection,cross_same_variable,89,216,0089_2.jpg,0216_3.jpg,0
selection,cross_same_variable,89,219,0089_2.jpg,0219_3.jpg,0
selection,cross_same_variable,89,224,0089_2.jpg,0224_3.jpg,0
selection,cross_same_variable,89,237,0089_2.jpg,0237_3.jpg,0
selection,cross_same_variable,89,239,0089_2.jpg,0239_3.jpg,0
selection,cross_same_variable,89,248,0089_2.jpg,0248_3.jpg,0
selection,cross_same_variable,89,266,0089_2.jpg,0266_3.jpg,0
selection,cross_same_variable,89,271,0089_2.jpg,0271_3.jpg,0
selection,cross_same_variable,89,279,0089_2.jpg,0279_3.jpg,0
selection,cross_same_variable,89,282,0089_2.jpg,0282_3.jpg,0
selection,cross_same_variable,91,6,0091_2.jpg,0006_3.jpg,0
selection,cross_same_variable,91,12,0091_2.jpg,0012_3.jpg,0
selection,cross_same_variable,91,15,0091_2.jpg,0015_3.jpg,0
selection,cross_same_variable,91,18,0091_2.jpg,0018_3.jpg,0
selection,cross_same_variable,91,35,0091_2.jpg,0035_3.jpg,0
selection,cross_same_variable,91,42,0091_2.jpg,0042_3.jpg,0
selection,cross_same_variable,91,43,0091_2.jpg,0043_3.jpg,0
selection,cross_same_variable,91,60,0091_2.jpg,0060_3.jpg,0
selection,cross_same_variable,91,66,0091_2.jpg,0066_3.jpg,0
selection,cross_same_variable,91,67,0091_2.jpg,0067_3.jpg,0
selection,cross_same_variable,91,79,0091_2.jpg,0079_3.jpg,0
selection,cross_same_variable,91,86,0091_2.jpg,0086_3.jpg,0
selection,cross_same_variable,91,87,0091_2.jpg,0087_3.jpg,0
selection,cross_same_variable,91,89,0091_2.jpg,0089_3.jpg,0
selection,cross_same_variable,91,91,0091_2.jpg,0091_3.jpg,1
selection,cross_same_variable,91,93,0091_2.jpg,0093_3.jpg,0
selection,cross_same_variable,91,106,0091_2.jpg,0106_3.jpg,0
selection,cross_same_variable,91,109,0091_2.jpg,0109_3.jpg,0
selection,cross_same_variable,91,114,0091_2.jpg,0114_3.jpg,0
selection,cross_same_variable,91,130,0091_2.jpg,0130_3.jpg,0
selection,cross_same_variable,91,132,0091_2.jpg,0132_3.jpg,0
selection,cross_same_variable,91,148,0091_2.jpg,0148_3.jpg,0
selection,cross_same_variable,91,154,0091_2.jpg,0154_3.jpg,0
selection,cross_same_variable,91,161,0091_2.jpg,0161_3.jpg,0
selection,cross_same_variable,91,200,0091_2.jpg,0200_3.jpg,0
selection,cross_same_variable,91,204,0091_2.jpg,0204_3.jpg,0
selection,cross_same_variable,91,216,0091_2.jpg,0216_3.jpg,0
selection,cross_same_variable,91,219,0091_2.jpg,0219_3.jpg,0
selection,cross_same_variable,91,224,0091_2.jpg,0224_3.jpg,0
selection,cross_same_variable,91,237,0091_2.jpg,0237_3.jpg,0
selection,cross_same_variable,91,239,0091_2.jpg,0239_3.jpg,0
selection,cross_same_variable,91,248,0091_2.jpg,0248_3.jpg,0
selection,cross_same_variable,91,266,0091_2.jpg,0266_3.jpg,0
selection,cross_same_variable,91,271,0091_2.jpg,0271_3.jpg,0
selection,cross_same_variable,91,279,0091_2.jpg,0279_3.jpg,0
selection,cross_same_variable,91,282,0091_2.jpg,0282_3.jpg,0
selection,cross_same_variable,93,6,0093_2.jpg,0006_3.jpg,0
selection,cross_same_variable,93,12,0093_2.jpg,0012_3.jpg,0
selection,cross_same_variable,93,15,0093_2.jpg,0015_3.jpg,0
selection,cross_same_variable,93,18,0093_2.jpg,0018_3.jpg,0
selection,cross_same_variable,93,35,0093_2.jpg,0035_3.jpg,0
selection,cross_same_variable,93,42,0093_2.jpg,0042_3.jpg,0
selection,cross_same_variable,93,43,0093_2.jpg,0043_3.jpg,0
selection,cross_same_variable,93,60,0093_2.jpg,0060_3.jpg,0
selection,cross_same_variable,93,66,0093_2.jpg,0066_3.jpg,0
selection,cross_same_variable,93,67,0093_2.jpg,0067_3.jpg,0
selection,cross_same_variable,93,79,0093_2.jpg,0079_3.jpg,0
selection,cross_same_variable,93,86,0093_2.jpg,0086_3.jpg,0
selection,cross_same_variable,93,87,0093_2.jpg,0087_3.jpg,0
selection,cross_same_variable,93,89,0093_2.jpg,0089_3.jpg,0
selection,cross_same_variable,93,91,0093_2.jpg,0091_3.jpg,0
selection,cross_same_variable,93,93,0093_2.jpg,0093_3.jpg,1
selection,cross_same_variable,93,106,0093_2.jpg,0106_3.jpg,0
selection,cross_same_variable,93,109,0093_2.jpg,0109_3.jpg,0
selection,cross_same_variable,93,114,0093_2.jpg,0114_3.jpg,0
selection,cross_same_variable,93,130,0093_2.jpg,0130_3.jpg,0
selection,cross_same_variable,93,132,0093_2.jpg,0132_3.jpg,0
selection,cross_same_variable,93,148,0093_2.jpg,0148_3.jpg,0
selection,cross_same_variable,93,154,0093_2.jpg,0154_3.jpg,0
selection,cross_same_variable,93,161,0093_2.jpg,0161_3.jpg,0
selection,cross_same_variable,93,200,0093_2.jpg,0200_3.jpg,0
selection,cross_same_variable,93,204,0093_2.jpg,0204_3.jpg,0
selection,cross_same_variable,93,216,0093_2.jpg,0216_3.jpg,0
selection,cross_same_variable,93,219,0093_2.jpg,0219_3.jpg,0
selection,cross_same_variable,93,224,0093_2.jpg,0224_3.jpg,0
selection,cross_same_variable,93,237,0093_2.jpg,0237_3.jpg,0
selection,cross_same_variable,93,239,0093_2.jpg,0239_3.jpg,0
selection,cross_same_variable,93,248,0093_2.jpg,0248_3.jpg,0
selection,cross_same_variable,93,266,0093_2.jpg,0266_3.jpg,0
selection,cross_same_variable,93,271,0093_2.jpg,0271_3.jpg,0
selection,cross_same_variable,93,279,0093_2.jpg,0279_3.jpg,0
selection,cross_same_variable,93,282,0093_2.jpg,0282_3.jpg,0
selection,cross_same_variable,106,6,0106_2.jpg,0006_3.jpg,0
selection,cross_same_variable,106,12,0106_2.jpg,0012_3.jpg,0
selection,cross_same_variable,106,15,0106_2.jpg,0015_3.jpg,0
selection,cross_same_variable,106,18,0106_2.jpg,0018_3.jpg,0
selection,cross_same_variable,106,35,0106_2.jpg,0035_3.jpg,0
selection,cross_same_variable,106,42,0106_2.jpg,0042_3.jpg,0
selection,cross_same_variable,106,43,0106_2.jpg,0043_3.jpg,0
selection,cross_same_variable,106,60,0106_2.jpg,0060_3.jpg,0
selection,cross_same_variable,106,66,0106_2.jpg,0066_3.jpg,0
selection,cross_same_variable,106,67,0106_2.jpg,0067_3.jpg,0
selection,cross_same_variable,106,79,0106_2.jpg,0079_3.jpg,0
selection,cross_same_variable,106,86,0106_2.jpg,0086_3.jpg,0
selection,cross_same_variable,106,87,0106_2.jpg,0087_3.jpg,0
selection,cross_same_variable,106,89,0106_2.jpg,0089_3.jpg,0
selection,cross_same_variable,106,91,0106_2.jpg,0091_3.jpg,0
selection,cross_same_variable,106,93,0106_2.jpg,0093_3.jpg,0
selection,cross_same_variable,106,106,0106_2.jpg,0106_3.jpg,1
selection,cross_same_variable,106,109,0106_2.jpg,0109_3.jpg,0
selection,cross_same_variable,106,114,0106_2.jpg,0114_3.jpg,0
selection,cross_same_variable,106,130,0106_2.jpg,0130_3.jpg,0
selection,cross_same_variable,106,132,0106_2.jpg,0132_3.jpg,0
selection,cross_same_variable,106,148,0106_2.jpg,0148_3.jpg,0
selection,cross_same_variable,106,154,0106_2.jpg,0154_3.jpg,0
selection,cross_same_variable,106,161,0106_2.jpg,0161_3.jpg,0
selection,cross_same_variable,106,200,0106_2.jpg,0200_3.jpg,0
selection,cross_same_variable,106,204,0106_2.jpg,0204_3.jpg,0
selection,cross_same_variable,106,216,0106_2.jpg,0216_3.jpg,0
selection,cross_same_variable,106,219,0106_2.jpg,0219_3.jpg,0
selection,cross_same_variable,106,224,0106_2.jpg,0224_3.jpg,0
selection,cross_same_variable,106,237,0106_2.jpg,0237_3.jpg,0
selection,cross_same_variable,106,239,0106_2.jpg,0239_3.jpg,0
selection,cross_same_variable,106,248,0106_2.jpg,0248_3.jpg,0
selection,cross_same_variable,106,266,0106_2.jpg,0266_3.jpg,0
selection,cross_same_variable,106,271,0106_2.jpg,0271_3.jpg,0
selection,cross_same_variable,106,279,0106_2.jpg,0279_3.jpg,0
selection,cross_same_variable,106,282,0106_2.jpg,0282_3.jpg,0
selection,cross_same_variable,109,6,0109_2.jpg,0006_3.jpg,0
selection,cross_same_variable,109,12,0109_2.jpg,0012_3.jpg,0
selection,cross_same_variable,109,15,0109_2.jpg,0015_3.jpg,0
selection,cross_same_variable,109,18,0109_2.jpg,0018_3.jpg,0
selection,cross_same_variable,109,35,0109_2.jpg,0035_3.jpg,0
selection,cross_same_variable,109,42,0109_2.jpg,0042_3.jpg,0
selection,cross_same_variable,109,43,0109_2.jpg,0043_3.jpg,0
selection,cross_same_variable,109,60,0109_2.jpg,0060_3.jpg,0
selection,cross_same_variable,109,66,0109_2.jpg,0066_3.jpg,0
selection,cross_same_variable,109,67,0109_2.jpg,0067_3.jpg,0
selection,cross_same_variable,109,79,0109_2.jpg,0079_3.jpg,0
selection,cross_same_variable,109,86,0109_2.jpg,0086_3.jpg,0
selection,cross_same_variable,109,87,0109_2.jpg,0087_3.jpg,0
selection,cross_same_variable,109,89,0109_2.jpg,0089_3.jpg,0
selection,cross_same_variable,109,91,0109_2.jpg,0091_3.jpg,0
selection,cross_same_variable,109,93,0109_2.jpg,0093_3.jpg,0
selection,cross_same_variable,109,106,0109_2.jpg,0106_3.jpg,0
selection,cross_same_variable,109,109,0109_2.jpg,0109_3.jpg,1
selection,cross_same_variable,109,114,0109_2.jpg,0114_3.jpg,0
selection,cross_same_variable,109,130,0109_2.jpg,0130_3.jpg,0
selection,cross_same_variable,109,132,0109_2.jpg,0132_3.jpg,0
selection,cross_same_variable,109,148,0109_2.jpg,0148_3.jpg,0
selection,cross_same_variable,109,154,0109_2.jpg,0154_3.jpg,0
selection,cross_same_variable,109,161,0109_2.jpg,0161_3.jpg,0
selection,cross_same_variable,109,200,0109_2.jpg,0200_3.jpg,0
selection,cross_same_variable,109,204,0109_2.jpg,0204_3.jpg,0
selection,cross_same_variable,109,216,0109_2.jpg,0216_3.jpg,0
selection,cross_same_variable,109,219,0109_2.jpg,0219_3.jpg,0
selection,cross_same_variable,109,224,0109_2.jpg,0224_3.jpg,0
selection,cross_same_variable,109,237,0109_2.jpg,0237_3.jpg,0
selection,cross_same_variable,109,239,0109_2.jpg,0239_3.jpg,0
selection,cross_same_variable,109,248,0109_2.jpg,0248_3.jpg,0
selection,cross_same_variable,109,266,0109_2.jpg,0266_3.jpg,0
selection,cross_same_variable,109,271,0109_2.jpg,0271_3.jpg,0
selection,cross_same_variable,109,279,0109_2.jpg,0279_3.jpg,0
selection,cross_same_variable,109,282,0109_2.jpg,0282_3.jpg,0
selection,cross_same_variable,114,6,0114_2.jpg,0006_3.jpg,0
selection,cross_same_variable,114,12,0114_2.jpg,0012_3.jpg,0
selection,cross_same_variable,114,15,0114_2.jpg,0015_3.jpg,0
selection,cross_same_variable,114,18,0114_2.jpg,0018_3.jpg,0
selection,cross_same_variable,114,35,0114_2.jpg,0035_3.jpg,0
selection,cross_same_variable,114,42,0114_2.jpg,0042_3.jpg,0
selection,cross_same_variable,114,43,0114_2.jpg,0043_3.jpg,0
selection,cross_same_variable,114,60,0114_2.jpg,0060_3.jpg,0
selection,cross_same_variable,114,66,0114_2.jpg,0066_3.jpg,0
selection,cross_same_variable,114,67,0114_2.jpg,0067_3.jpg,0
selection,cross_same_variable,114,79,0114_2.jpg,0079_3.jpg,0
selection,cross_same_variable,114,86,0114_2.jpg,0086_3.jpg,0
selection,cross_same_variable,114,87,0114_2.jpg,0087_3.jpg,0
selection,cross_same_variable,114,89,0114_2.jpg,0089_3.jpg,0
selection,cross_same_variable,114,91,0114_2.jpg,0091_3.jpg,0
selection,cross_same_variable,114,93,0114_2.jpg,0093_3.jpg,0
selection,cross_same_variable,114,106,0114_2.jpg,0106_3.jpg,0
selection,cross_same_variable,114,109,0114_2.jpg,0109_3.jpg,0
selection,cross_same_variable,114,114,0114_2.jpg,0114_3.jpg,1
selection,cross_same_variable,114,130,0114_2.jpg,0130_3.jpg,0
selection,cross_same_variable,114,132,0114_2.jpg,0132_3.jpg,0
selection,cross_same_variable,114,148,0114_2.jpg,0148_3.jpg,0
selection,cross_same_variable,114,154,0114_2.jpg,0154_3.jpg,0
selection,cross_same_variable,114,161,0114_2.jpg,0161_3.jpg,0
selection,cross_same_variable,114,200,0114_2.jpg,0200_3.jpg,0
selection,cross_same_variable,114,204,0114_2.jpg,0204_3.jpg,0
selection,cross_same_variable,114,216,0114_2.jpg,0216_3.jpg,0
selection,cross_same_variable,114,219,0114_2.jpg,0219_3.jpg,0
selection,cross_same_variable,114,224,0114_2.jpg,0224_3.jpg,0
selection,cross_same_variable,114,237,0114_2.jpg,0237_3.jpg,0
selection,cross_same_variable,114,239,0114_2.jpg,0239_3.jpg,0
selection,cross_same_variable,114,248,0114_2.jpg,0248_3.jpg,0
selection,cross_same_variable,114,266,0114_2.jpg,0266_3.jpg,0
selection,cross_same_variable,114,271,0114_2.jpg,0271_3.jpg,0
selection,cross_same_variable,114,279,0114_2.jpg,0279_3.jpg,0
selection,cross_same_variable,114,282,0114_2.jpg,0282_3.jpg,0
selection,cross_same_variable,130,6,0130_2.jpg,0006_3.jpg,0
selection,cross_same_variable,130,12,0130_2.jpg,0012_3.jpg,0
selection,cross_same_variable,130,15,0130_2.jpg,0015_3.jpg,0
selection,cross_same_variable,130,18,0130_2.jpg,0018_3.jpg,0
selection,cross_same_variable,130,35,0130_2.jpg,0035_3.jpg,0
selection,cross_same_variable,130,42,0130_2.jpg,0042_3.jpg,0
selection,cross_same_variable,130,43,0130_2.jpg,0043_3.jpg,0
selection,cross_same_variable,130,60,0130_2.jpg,0060_3.jpg,0
selection,cross_same_variable,130,66,0130_2.jpg,0066_3.jpg,0
selection,cross_same_variable,130,67,0130_2.jpg,0067_3.jpg,0
selection,cross_same_variable,130,79,0130_2.jpg,0079_3.jpg,0
selection,cross_same_variable,130,86,0130_2.jpg,0086_3.jpg,0
selection,cross_same_variable,130,87,0130_2.jpg,0087_3.jpg,0
selection,cross_same_variable,130,89,0130_2.jpg,0089_3.jpg,0
selection,cross_same_variable,130,91,0130_2.jpg,0091_3.jpg,0
selection,cross_same_variable,130,93,0130_2.jpg,0093_3.jpg,0
selection,cross_same_variable,130,106,0130_2.jpg,0106_3.jpg,0
selection,cross_same_variable,130,109,0130_2.jpg,0109_3.jpg,0
selection,cross_same_variable,130,114,0130_2.jpg,0114_3.jpg,0
selection,cross_same_variable,130,130,0130_2.jpg,0130_3.jpg,1
selection,cross_same_variable,130,132,0130_2.jpg,0132_3.jpg,0
selection,cross_same_variable,130,148,0130_2.jpg,0148_3.jpg,0
selection,cross_same_variable,130,154,0130_2.jpg,0154_3.jpg,0
selection,cross_same_variable,130,161,0130_2.jpg,0161_3.jpg,0
selection,cross_same_variable,130,200,0130_2.jpg,0200_3.jpg,0
selection,cross_same_variable,130,204,0130_2.jpg,0204_3.jpg,0
selection,cross_same_variable,130,216,0130_2.jpg,0216_3.jpg,0
selection,cross_same_variable,130,219,0130_2.jpg,0219_3.jpg,0
selection,cross_same_variable,130,224,0130_2.jpg,0224_3.jpg,0
selection,cross_same_variable,130,237,0130_2.jpg,0237_3.jpg,0
selection,cross_same_variable,130,239,0130_2.jpg,0239_3.jpg,0
selection,cross_same_variable,130,248,0130_2.jpg,0248_3.jpg,0
selection,cross_same_variable,130,266,0130_2.jpg,0266_3.jpg,0
selection,cross_same_variable,130,271,0130_2.jpg,0271_3.jpg,0
selection,cross_same_variable,130,279,0130_2.jpg,0279_3.jpg,0
selection,cross_same_variable,130,282,0130_2.jpg,0282_3.jpg,0
selection,cross_same_variable,132,6,0132_2.jpg,0006_3.jpg,0
selection,cross_same_variable,132,12,0132_2.jpg,0012_3.jpg,0
selection,cross_same_variable,132,15,0132_2.jpg,0015_3.jpg,0
selection,cross_same_variable,132,18,0132_2.jpg,0018_3.jpg,0
selection,cross_same_variable,132,35,0132_2.jpg,0035_3.jpg,0
selection,cross_same_variable,132,42,0132_2.jpg,0042_3.jpg,0
selection,cross_same_variable,132,43,0132_2.jpg,0043_3.jpg,0
selection,cross_same_variable,132,60,0132_2.jpg,0060_3.jpg,0
selection,cross_same_variable,132,66,0132_2.jpg,0066_3.jpg,0
selection,cross_same_variable,132,67,0132_2.jpg,0067_3.jpg,0
selection,cross_same_variable,132,79,0132_2.jpg,0079_3.jpg,0
selection,cross_same_variable,132,86,0132_2.jpg,0086_3.jpg,0
selection,cross_same_variable,132,87,0132_2.jpg,0087_3.jpg,0
selection,cross_same_variable,132,89,0132_2.jpg,0089_3.jpg,0
selection,cross_same_variable,132,91,0132_2.jpg,0091_3.jpg,0
selection,cross_same_variable,132,93,0132_2.jpg,0093_3.jpg,0
selection,cross_same_variable,132,106,0132_2.jpg,0106_3.jpg,0
selection,cross_same_variable,132,109,0132_2.jpg,0109_3.jpg,0
selection,cross_same_variable,132,114,0132_2.jpg,0114_3.jpg,0
selection,cross_same_variable,132,130,0132_2.jpg,0130_3.jpg,0
selection,cross_same_variable,132,132,0132_2.jpg,0132_3.jpg,1
selection,cross_same_variable,132,148,0132_2.jpg,0148_3.jpg,0
selection,cross_same_variable,132,154,0132_2.jpg,0154_3.jpg,0
selection,cross_same_variable,132,161,0132_2.jpg,0161_3.jpg,0
selection,cross_same_variable,132,200,0132_2.jpg,0200_3.jpg,0
selection,cross_same_variable,132,204,0132_2.jpg,0204_3.jpg,0
selection,cross_same_variable,132,216,0132_2.jpg,0216_3.jpg,0
selection,cross_same_variable,132,219,0132_2.jpg,0219_3.jpg,0
selection,cross_same_variable,132,224,0132_2.jpg,0224_3.jpg,0
selection,cross_same_variable,132,237,0132_2.jpg,0237_3.jpg,0
selection,cross_same_variable,132,239,0132_2.jpg,0239_3.jpg,0
selection,cross_same_variable,132,248,0132_2.jpg,0248_3.jpg,0
selection,cross_same_variable,132,266,0132_2.jpg,0266_3.jpg,0
selection,cross_same_variable,132,271,0132_2.jpg,0271_3.jpg,0
selection,cross_same_variable,132,279,0132_2.jpg,0279_3.jpg,0
selection,cross_same_variable,132,282,0132_2.jpg,0282_3.jpg,0
selection,cross_same_variable,148,6,0148_2.jpg,0006_3.jpg,0
selection,cross_same_variable,148,12,0148_2.jpg,0012_3.jpg,0
selection,cross_same_variable,148,15,0148_2.jpg,0015_3.jpg,0
selection,cross_same_variable,148,18,0148_2.jpg,0018_3.jpg,0
selection,cross_same_variable,148,35,0148_2.jpg,0035_3.jpg,0
selection,cross_same_variable,148,42,0148_2.jpg,0042_3.jpg,0
selection,cross_same_variable,148,43,0148_2.jpg,0043_3.jpg,0
selection,cross_same_variable,148,60,0148_2.jpg,0060_3.jpg,0
selection,cross_same_variable,148,66,0148_2.jpg,0066_3.jpg,0
selection,cross_same_variable,148,67,0148_2.jpg,0067_3.jpg,0
selection,cross_same_variable,148,79,0148_2.jpg,0079_3.jpg,0
selection,cross_same_variable,148,86,0148_2.jpg,0086_3.jpg,0
selection,cross_same_variable,148,87,0148_2.jpg,0087_3.jpg,0
selection,cross_same_variable,148,89,0148_2.jpg,0089_3.jpg,0
selection,cross_same_variable,148,91,0148_2.jpg,0091_3.jpg,0
selection,cross_same_variable,148,93,0148_2.jpg,0093_3.jpg,0
selection,cross_same_variable,148,106,0148_2.jpg,0106_3.jpg,0
selection,cross_same_variable,148,109,0148_2.jpg,0109_3.jpg,0
selection,cross_same_variable,148,114,0148_2.jpg,0114_3.jpg,0
selection,cross_same_variable,148,130,0148_2.jpg,0130_3.jpg,0
selection,cross_same_variable,148,132,0148_2.jpg,0132_3.jpg,0
selection,cross_same_variable,148,148,0148_2.jpg,0148_3.jpg,1
selection,cross_same_variable,148,154,0148_2.jpg,0154_3.jpg,0
selection,cross_same_variable,148,161,0148_2.jpg,0161_3.jpg,0
selection,cross_same_variable,148,200,0148_2.jpg,0200_3.jpg,0
selection,cross_same_variable,148,204,0148_2.jpg,0204_3.jpg,0
selection,cross_same_variable,148,216,0148_2.jpg,0216_3.jpg,0
selection,cross_same_variable,148,219,0148_2.jpg,0219_3.jpg,0
selection,cross_same_variable,148,224,0148_2.jpg,0224_3.jpg,0
selection,cross_same_variable,148,237,0148_2.jpg,0237_3.jpg,0
selection,cross_same_variable,148,239,0148_2.jpg,0239_3.jpg,0
selection,cross_same_variable,148,248,0148_2.jpg,0248_3.jpg,0
selection,cross_same_variable,148,266,0148_2.jpg,0266_3.jpg,0
selection,cross_same_variable,148,271,0148_2.jpg,0271_3.jpg,0
selection,cross_same_variable,148,279,0148_2.jpg,0279_3.jpg,0
selection,cross_same_variable,148,282,0148_2.jpg,0282_3.jpg,0
selection,cross_same_variable,154,6,0154_2.jpg,0006_3.jpg,0
selection,cross_same_variable,154,12,0154_2.jpg,0012_3.jpg,0
selection,cross_same_variable,154,15,0154_2.jpg,0015_3.jpg,0
selection,cross_same_variable,154,18,0154_2.jpg,0018_3.jpg,0
selection,cross_same_variable,154,35,0154_2.jpg,0035_3.jpg,0
selection,cross_same_variable,154,42,0154_2.jpg,0042_3.jpg,0
selection,cross_same_variable,154,43,0154_2.jpg,0043_3.jpg,0
selection,cross_same_variable,154,60,0154_2.jpg,0060_3.jpg,0
selection,cross_same_variable,154,66,0154_2.jpg,0066_3.jpg,0
selection,cross_same_variable,154,67,0154_2.jpg,0067_3.jpg,0
selection,cross_same_variable,154,79,0154_2.jpg,0079_3.jpg,0
selection,cross_same_variable,154,86,0154_2.jpg,0086_3.jpg,0
selection,cross_same_variable,154,87,0154_2.jpg,0087_3.jpg,0
selection,cross_same_variable,154,89,0154_2.jpg,0089_3.jpg,0
selection,cross_same_variable,154,91,0154_2.jpg,0091_3.jpg,0
selection,cross_same_variable,154,93,0154_2.jpg,0093_3.jpg,0
selection,cross_same_variable,154,106,0154_2.jpg,0106_3.jpg,0
selection,cross_same_variable,154,109,0154_2.jpg,0109_3.jpg,0
selection,cross_same_variable,154,114,0154_2.jpg,0114_3.jpg,0
selection,cross_same_variable,154,130,0154_2.jpg,0130_3.jpg,0
selection,cross_same_variable,154,132,0154_2.jpg,0132_3.jpg,0
selection,cross_same_variable,154,148,0154_2.jpg,0148_3.jpg,0
selection,cross_same_variable,154,154,0154_2.jpg,0154_3.jpg,1
selection,cross_same_variable,154,161,0154_2.jpg,0161_3.jpg,0
selection,cross_same_variable,154,200,0154_2.jpg,0200_3.jpg,0
selection,cross_same_variable,154,204,0154_2.jpg,0204_3.jpg,0
selection,cross_same_variable,154,216,0154_2.jpg,0216_3.jpg,0
selection,cross_same_variable,154,219,0154_2.jpg,0219_3.jpg,0
selection,cross_same_variable,154,224,0154_2.jpg,0224_3.jpg,0
selection,cross_same_variable,154,237,0154_2.jpg,0237_3.jpg,0
selection,cross_same_variable,154,239,0154_2.jpg,0239_3.jpg,0
selection,cross_same_variable,154,248,0154_2.jpg,0248_3.jpg,0
selection,cross_same_variable,154,266,0154_2.jpg,0266_3.jpg,0
selection,cross_same_variable,154,271,0154_2.jpg,0271_3.jpg,0
selection,cross_same_variable,154,279,0154_2.jpg,0279_3.jpg,0
selection,cross_same_variable,154,282,0154_2.jpg,0282_3.jpg,0
selection,cross_same_variable,161,6,0161_2.jpg,0006_3.jpg,0
selection,cross_same_variable,161,12,0161_2.jpg,0012_3.jpg,0
selection,cross_same_variable,161,15,0161_2.jpg,0015_3.jpg,0
selection,cross_same_variable,161,18,0161_2.jpg,0018_3.jpg,0
selection,cross_same_variable,161,35,0161_2.jpg,0035_3.jpg,0
selection,cross_same_variable,161,42,0161_2.jpg,0042_3.jpg,0
selection,cross_same_variable,161,43,0161_2.jpg,0043_3.jpg,0
selection,cross_same_variable,161,60,0161_2.jpg,0060_3.jpg,0
selection,cross_same_variable,161,66,0161_2.jpg,0066_3.jpg,0
selection,cross_same_variable,161,67,0161_2.jpg,0067_3.jpg,0
selection,cross_same_variable,161,79,0161_2.jpg,0079_3.jpg,0
selection,cross_same_variable,161,86,0161_2.jpg,0086_3.jpg,0
selection,cross_same_variable,161,87,0161_2.jpg,0087_3.jpg,0
selection,cross_same_variable,161,89,0161_2.jpg,0089_3.jpg,0
selection,cross_same_variable,161,91,0161_2.jpg,0091_3.jpg,0
selection,cross_same_variable,161,93,0161_2.jpg,0093_3.jpg,0
selection,cross_same_variable,161,106,0161_2.jpg,0106_3.jpg,0
selection,cross_same_variable,161,109,0161_2.jpg,0109_3.jpg,0
selection,cross_same_variable,161,114,0161_2.jpg,0114_3.jpg,0
selection,cross_same_variable,161,130,0161_2.jpg,0130_3.jpg,0
selection,cross_same_variable,161,132,0161_2.jpg,0132_3.jpg,0
selection,cross_same_variable,161,148,0161_2.jpg,0148_3.jpg,0
selection,cross_same_variable,161,154,0161_2.jpg,0154_3.jpg,0
selection,cross_same_variable,161,161,0161_2.jpg,0161_3.jpg,1
selection,cross_same_variable,161,200,0161_2.jpg,0200_3.jpg,0
selection,cross_same_variable,161,204,0161_2.jpg,0204_3.jpg,0
selection,cross_same_variable,161,216,0161_2.jpg,0216_3.jpg,0
selection,cross_same_variable,161,219,0161_2.jpg,0219_3.jpg,0
selection,cross_same_variable,161,224,0161_2.jpg,0224_3.jpg,0
selection,cross_same_variable,161,237,0161_2.jpg,0237_3.jpg,0
selection,cross_same_variable,161,239,0161_2.jpg,0239_3.jpg,0
selection,cross_same_variable,161,248,0161_2.jpg,0248_3.jpg,0
selection,cross_same_variable,161,266,0161_2.jpg,0266_3.jpg,0
selection,cross_same_variable,161,271,0161_2.jpg,0271_3.jpg,0
selection,cross_same_variable,161,279,0161_2.jpg,0279_3.jpg,0
selection,cross_same_variable,161,282,0161_2.jpg,0282_3.jpg,0
selection,cross_same_variable,200,6,0200_2.jpg,0006_3.jpg,0
selection,cross_same_variable,200,12,0200_2.jpg,0012_3.jpg,0
selection,cross_same_variable,200,15,0200_2.jpg,0015_3.jpg,0
selection,cross_same_variable,200,18,0200_2.jpg,0018_3.jpg,0
selection,cross_same_variable,200,35,0200_2.jpg,0035_3.jpg,0
selection,cross_same_variable,200,42,0200_2.jpg,0042_3.jpg,0
selection,cross_same_variable,200,43,0200_2.jpg,0043_3.jpg,0
selection,cross_same_variable,200,60,0200_2.jpg,0060_3.jpg,0
selection,cross_same_variable,200,66,0200_2.jpg,0066_3.jpg,0
selection,cross_same_variable,200,67,0200_2.jpg,0067_3.jpg,0
selection,cross_same_variable,200,79,0200_2.jpg,0079_3.jpg,0
selection,cross_same_variable,200,86,0200_2.jpg,0086_3.jpg,0
selection,cross_same_variable,200,87,0200_2.jpg,0087_3.jpg,0
selection,cross_same_variable,200,89,0200_2.jpg,0089_3.jpg,0
selection,cross_same_variable,200,91,0200_2.jpg,0091_3.jpg,0
selection,cross_same_variable,200,93,0200_2.jpg,0093_3.jpg,0
selection,cross_same_variable,200,106,0200_2.jpg,0106_3.jpg,0
selection,cross_same_variable,200,109,0200_2.jpg,0109_3.jpg,0
selection,cross_same_variable,200,114,0200_2.jpg,0114_3.jpg,0
selection,cross_same_variable,200,130,0200_2.jpg,0130_3.jpg,0
selection,cross_same_variable,200,132,0200_2.jpg,0132_3.jpg,0
selection,cross_same_variable,200,148,0200_2.jpg,0148_3.jpg,0
selection,cross_same_variable,200,154,0200_2.jpg,0154_3.jpg,0
selection,cross_same_variable,200,161,0200_2.jpg,0161_3.jpg,0
selection,cross_same_variable,200,200,0200_2.jpg,0200_3.jpg,1
selection,cross_same_variable,200,204,0200_2.jpg,0204_3.jpg,0
selection,cross_same_variable,200,216,0200_2.jpg,0216_3.jpg,0
selection,cross_same_variable,200,219,0200_2.jpg,0219_3.jpg,0
selection,cross_same_variable,200,224,0200_2.jpg,0224_3.jpg,0
selection,cross_same_variable,200,237,0200_2.jpg,0237_3.jpg,0
selection,cross_same_variable,200,239,0200_2.jpg,0239_3.jpg,0
selection,cross_same_variable,200,248,0200_2.jpg,0248_3.jpg,0
selection,cross_same_variable,200,266,0200_2.jpg,0266_3.jpg,0
selection,cross_same_variable,200,271,0200_2.jpg,0271_3.jpg,0
selection,cross_same_variable,200,279,0200_2.jpg,0279_3.jpg,0
selection,cross_same_variable,200,282,0200_2.jpg,0282_3.jpg,0
selection,cross_same_variable,204,6,0204_2.jpg,0006_3.jpg,0
selection,cross_same_variable,204,12,0204_2.jpg,0012_3.jpg,0
selection,cross_same_variable,204,15,0204_2.jpg,0015_3.jpg,0
selection,cross_same_variable,204,18,0204_2.jpg,0018_3.jpg,0
selection,cross_same_variable,204,35,0204_2.jpg,0035_3.jpg,0
selection,cross_same_variable,204,42,0204_2.jpg,0042_3.jpg,0
selection,cross_same_variable,204,43,0204_2.jpg,0043_3.jpg,0
selection,cross_same_variable,204,60,0204_2.jpg,0060_3.jpg,0
selection,cross_same_variable,204,66,0204_2.jpg,0066_3.jpg,0
selection,cross_same_variable,204,67,0204_2.jpg,0067_3.jpg,0
selection,cross_same_variable,204,79,0204_2.jpg,0079_3.jpg,0
selection,cross_same_variable,204,86,0204_2.jpg,0086_3.jpg,0
selection,cross_same_variable,204,87,0204_2.jpg,0087_3.jpg,0
selection,cross_same_variable,204,89,0204_2.jpg,0089_3.jpg,0
selection,cross_same_variable,204,91,0204_2.jpg,0091_3.jpg,0
selection,cross_same_variable,204,93,0204_2.jpg,0093_3.jpg,0
selection,cross_same_variable,204,106,0204_2.jpg,0106_3.jpg,0
selection,cross_same_variable,204,109,0204_2.jpg,0109_3.jpg,0
selection,cross_same_variable,204,114,0204_2.jpg,0114_3.jpg,0
selection,cross_same_variable,204,130,0204_2.jpg,0130_3.jpg,0
selection,cross_same_variable,204,132,0204_2.jpg,0132_3.jpg,0
selection,cross_same_variable,204,148,0204_2.jpg,0148_3.jpg,0
selection,cross_same_variable,204,154,0204_2.jpg,0154_3.jpg,0
selection,cross_same_variable,204,161,0204_2.jpg,0161_3.jpg,0
selection,cross_same_variable,204,200,0204_2.jpg,0200_3.jpg,0
selection,cross_same_variable,204,204,0204_2.jpg,0204_3.jpg,1
selection,cross_same_variable,204,216,0204_2.jpg,0216_3.jpg,0
selection,cross_same_variable,204,219,0204_2.jpg,0219_3.jpg,0
selection,cross_same_variable,204,224,0204_2.jpg,0224_3.jpg,0
selection,cross_same_variable,204,237,0204_2.jpg,0237_3.jpg,0
selection,cross_same_variable,204,239,0204_2.jpg,0239_3.jpg,0
selection,cross_same_variable,204,248,0204_2.jpg,0248_3.jpg,0
selection,cross_same_variable,204,266,0204_2.jpg,0266_3.jpg,0
selection,cross_same_variable,204,271,0204_2.jpg,0271_3.jpg,0
selection,cross_same_variable,204,279,0204_2.jpg,0279_3.jpg,0
selection,cross_same_variable,204,282,0204_2.jpg,0282_3.jpg,0
selection,cross_same_variable,216,6,0216_2.jpg,0006_3.jpg,0
selection,cross_same_variable,216,12,0216_2.jpg,0012_3.jpg,0
selection,cross_same_variable,216,15,0216_2.jpg,0015_3.jpg,0
selection,cross_same_variable,216,18,0216_2.jpg,0018_3.jpg,0
selection,cross_same_variable,216,35,0216_2.jpg,0035_3.jpg,0
selection,cross_same_variable,216,42,0216_2.jpg,0042_3.jpg,0
selection,cross_same_variable,216,43,0216_2.jpg,0043_3.jpg,0
selection,cross_same_variable,216,60,0216_2.jpg,0060_3.jpg,0
selection,cross_same_variable,216,66,0216_2.jpg,0066_3.jpg,0
selection,cross_same_variable,216,67,0216_2.jpg,0067_3.jpg,0
selection,cross_same_variable,216,79,0216_2.jpg,0079_3.jpg,0
selection,cross_same_variable,216,86,0216_2.jpg,0086_3.jpg,0
selection,cross_same_variable,216,87,0216_2.jpg,0087_3.jpg,0
selection,cross_same_variable,216,89,0216_2.jpg,0089_3.jpg,0
selection,cross_same_variable,216,91,0216_2.jpg,0091_3.jpg,0
selection,cross_same_variable,216,93,0216_2.jpg,0093_3.jpg,0
selection,cross_same_variable,216,106,0216_2.jpg,0106_3.jpg,0
selection,cross_same_variable,216,109,0216_2.jpg,0109_3.jpg,0
selection,cross_same_variable,216,114,0216_2.jpg,0114_3.jpg,0
selection,cross_same_variable,216,130,0216_2.jpg,0130_3.jpg,0
selection,cross_same_variable,216,132,0216_2.jpg,0132_3.jpg,0
selection,cross_same_variable,216,148,0216_2.jpg,0148_3.jpg,0
selection,cross_same_variable,216,154,0216_2.jpg,0154_3.jpg,0
selection,cross_same_variable,216,161,0216_2.jpg,0161_3.jpg,0
selection,cross_same_variable,216,200,0216_2.jpg,0200_3.jpg,0
selection,cross_same_variable,216,204,0216_2.jpg,0204_3.jpg,0
selection,cross_same_variable,216,216,0216_2.jpg,0216_3.jpg,1
selection,cross_same_variable,216,219,0216_2.jpg,0219_3.jpg,0
selection,cross_same_variable,216,224,0216_2.jpg,0224_3.jpg,0
selection,cross_same_variable,216,237,0216_2.jpg,0237_3.jpg,0
selection,cross_same_variable,216,239,0216_2.jpg,0239_3.jpg,0
selection,cross_same_variable,216,248,0216_2.jpg,0248_3.jpg,0
selection,cross_same_variable,216,266,0216_2.jpg,0266_3.jpg,0
selection,cross_same_variable,216,271,0216_2.jpg,0271_3.jpg,0
selection,cross_same_variable,216,279,0216_2.jpg,0279_3.jpg,0
selection,cross_same_variable,216,282,0216_2.jpg,0282_3.jpg,0
selection,cross_same_variable,219,6,0219_2.jpg,0006_3.jpg,0
selection,cross_same_variable,219,12,0219_2.jpg,0012_3.jpg,0
selection,cross_same_variable,219,15,0219_2.jpg,0015_3.jpg,0
selection,cross_same_variable,219,18,0219_2.jpg,0018_3.jpg,0
selection,cross_same_variable,219,35,0219_2.jpg,0035_3.jpg,0
selection,cross_same_variable,219,42,0219_2.jpg,0042_3.jpg,0
selection,cross_same_variable,219,43,0219_2.jpg,0043_3.jpg,0
selection,cross_same_variable,219,60,0219_2.jpg,0060_3.jpg,0
selection,cross_same_variable,219,66,0219_2.jpg,0066_3.jpg,0
selection,cross_same_variable,219,67,0219_2.jpg,0067_3.jpg,0
selection,cross_same_variable,219,79,0219_2.jpg,0079_3.jpg,0
selection,cross_same_variable,219,86,0219_2.jpg,0086_3.jpg,0
selection,cross_same_variable,219,87,0219_2.jpg,0087_3.jpg,0
selection,cross_same_variable,219,89,0219_2.jpg,0089_3.jpg,0
selection,cross_same_variable,219,91,0219_2.jpg,0091_3.jpg,0
selection,cross_same_variable,219,93,0219_2.jpg,0093_3.jpg,0
selection,cross_same_variable,219,106,0219_2.jpg,0106_3.jpg,0
selection,cross_same_variable,219,109,0219_2.jpg,0109_3.jpg,0
selection,cross_same_variable,219,114,0219_2.jpg,0114_3.jpg,0
selection,cross_same_variable,219,130,0219_2.jpg,0130_3.jpg,0
selection,cross_same_variable,219,132,0219_2.jpg,0132_3.jpg,0
selection,cross_same_variable,219,148,0219_2.jpg,0148_3.jpg,0
selection,cross_same_variable,219,154,0219_2.jpg,0154_3.jpg,0
selection,cross_same_variable,219,161,0219_2.jpg,0161_3.jpg,0
selection,cross_same_variable,219,200,0219_2.jpg,0200_3.jpg,0
selection,cross_same_variable,219,204,0219_2.jpg,0204_3.jpg,0
selection,cross_same_variable,219,216,0219_2.jpg,0216_3.jpg,0
selection,cross_same_variable,219,219,0219_2.jpg,0219_3.jpg,1
selection,cross_same_variable,219,224,0219_2.jpg,0224_3.jpg,0
selection,cross_same_variable,219,237,0219_2.jpg,0237_3.jpg,0
selection,cross_same_variable,219,239,0219_2.jpg,0239_3.jpg,0
selection,cross_same_variable,219,248,0219_2.jpg,0248_3.jpg,0
selection,cross_same_variable,219,266,0219_2.jpg,0266_3.jpg,0
selection,cross_same_variable,219,271,0219_2.jpg,0271_3.jpg,0
selection,cross_same_variable,219,279,0219_2.jpg,0279_3.jpg,0
selection,cross_same_variable,219,282,0219_2.jpg,0282_3.jpg,0
selection,cross_same_variable,224,6,0224_2.jpg,0006_3.jpg,0
selection,cross_same_variable,224,12,0224_2.jpg,0012_3.jpg,0
selection,cross_same_variable,224,15,0224_2.jpg,0015_3.jpg,0
selection,cross_same_variable,224,18,0224_2.jpg,0018_3.jpg,0
selection,cross_same_variable,224,35,0224_2.jpg,0035_3.jpg,0
selection,cross_same_variable,224,42,0224_2.jpg,0042_3.jpg,0
selection,cross_same_variable,224,43,0224_2.jpg,0043_3.jpg,0
selection,cross_same_variable,224,60,0224_2.jpg,0060_3.jpg,0
selection,cross_same_variable,224,66,0224_2.jpg,0066_3.jpg,0
selection,cross_same_variable,224,67,0224_2.jpg,0067_3.jpg,0
selection,cross_same_variable,224,79,0224_2.jpg,0079_3.jpg,0
selection,cross_same_variable,224,86,0224_2.jpg,0086_3.jpg,0
selection,cross_same_variable,224,87,0224_2.jpg,0087_3.jpg,0
selection,cross_same_variable,224,89,0224_2.jpg,0089_3.jpg,0
selection,cross_same_variable,224,91,0224_2.jpg,0091_3.jpg,0
selection,cross_same_variable,224,93,0224_2.jpg,0093_3.jpg,0
selection,cross_same_variable,224,106,0224_2.jpg,0106_3.jpg,0
selection,cross_same_variable,224,109,0224_2.jpg,0109_3.jpg,0
selection,cross_same_variable,224,114,0224_2.jpg,0114_3.jpg,0
selection,cross_same_variable,224,130,0224_2.jpg,0130_3.jpg,0
selection,cross_same_variable,224,132,0224_2.jpg,0132_3.jpg,0
selection,cross_same_variable,224,148,0224_2.jpg,0148_3.jpg,0
selection,cross_same_variable,224,154,0224_2.jpg,0154_3.jpg,0
selection,cross_same_variable,224,161,0224_2.jpg,0161_3.jpg,0
selection,cross_same_variable,224,200,0224_2.jpg,0200_3.jpg,0
selection,cross_same_variable,224,204,0224_2.jpg,0204_3.jpg,0
selection,cross_same_variable,224,216,0224_2.jpg,0216_3.jpg,0
selection,cross_same_variable,224,219,0224_2.jpg,0219_3.jpg,0
selection,cross_same_variable,224,224,0224_2.jpg,0224_3.jpg,1
selection,cross_same_variable,224,237,0224_2.jpg,0237_3.jpg,0
selection,cross_same_variable,224,239,0224_2.jpg,0239_3.jpg,0
selection,cross_same_variable,224,248,0224_2.jpg,0248_3.jpg,0
selection,cross_same_variable,224,266,0224_2.jpg,0266_3.jpg,0
selection,cross_same_variable,224,271,0224_2.jpg,0271_3.jpg,0
selection,cross_same_variable,224,279,0224_2.jpg,0279_3.jpg,0
selection,cross_same_variable,224,282,0224_2.jpg,0282_3.jpg,0
selection,cross_same_variable,237,6,0237_2.jpg,0006_3.jpg,0
selection,cross_same_variable,237,12,0237_2.jpg,0012_3.jpg,0
selection,cross_same_variable,237,15,0237_2.jpg,0015_3.jpg,0
selection,cross_same_variable,237,18,0237_2.jpg,0018_3.jpg,0
selection,cross_same_variable,237,35,0237_2.jpg,0035_3.jpg,0
selection,cross_same_variable,237,42,0237_2.jpg,0042_3.jpg,0
selection,cross_same_variable,237,43,0237_2.jpg,0043_3.jpg,0
selection,cross_same_variable,237,60,0237_2.jpg,0060_3.jpg,0
selection,cross_same_variable,237,66,0237_2.jpg,0066_3.jpg,0
selection,cross_same_variable,237,67,0237_2.jpg,0067_3.jpg,0
selection,cross_same_variable,237,79,0237_2.jpg,0079_3.jpg,0
selection,cross_same_variable,237,86,0237_2.jpg,0086_3.jpg,0
selection,cross_same_variable,237,87,0237_2.jpg,0087_3.jpg,0
selection,cross_same_variable,237,89,0237_2.jpg,0089_3.jpg,0
selection,cross_same_variable,237,91,0237_2.jpg,0091_3.jpg,0
selection,cross_same_variable,237,93,0237_2.jpg,0093_3.jpg,0
selection,cross_same_variable,237,106,0237_2.jpg,0106_3.jpg,0
selection,cross_same_variable,237,109,0237_2.jpg,0109_3.jpg,0
selection,cross_same_variable,237,114,0237_2.jpg,0114_3.jpg,0
selection,cross_same_variable,237,130,0237_2.jpg,0130_3.jpg,0
selection,cross_same_variable,237,132,0237_2.jpg,0132_3.jpg,0
selection,cross_same_variable,237,148,0237_2.jpg,0148_3.jpg,0
selection,cross_same_variable,237,154,0237_2.jpg,0154_3.jpg,0
selection,cross_same_variable,237,161,0237_2.jpg,0161_3.jpg,0
selection,cross_same_variable,237,200,0237_2.jpg,0200_3.jpg,0
selection,cross_same_variable,237,204,0237_2.jpg,0204_3.jpg,0
selection,cross_same_variable,237,216,0237_2.jpg,0216_3.jpg,0
selection,cross_same_variable,237,219,0237_2.jpg,0219_3.jpg,0
selection,cross_same_variable,237,224,0237_2.jpg,0224_3.jpg,0
selection,cross_same_variable,237,237,0237_2.jpg,0237_3.jpg,1
selection,cross_same_variable,237,239,0237_2.jpg,0239_3.jpg,0
selection,cross_same_variable,237,248,0237_2.jpg,0248_3.jpg,0
selection,cross_same_variable,237,266,0237_2.jpg,0266_3.jpg,0
selection,cross_same_variable,237,271,0237_2.jpg,0271_3.jpg,0
selection,cross_same_variable,237,279,0237_2.jpg,0279_3.jpg,0
selection,cross_same_variable,237,282,0237_2.jpg,0282_3.jpg,0
selection,cross_same_variable,239,6,0239_2.jpg,0006_3.jpg,0
selection,cross_same_variable,239,12,0239_2.jpg,0012_3.jpg,0
selection,cross_same_variable,239,15,0239_2.jpg,0015_3.jpg,0
selection,cross_same_variable,239,18,0239_2.jpg,0018_3.jpg,0
selection,cross_same_variable,239,35,0239_2.jpg,0035_3.jpg,0
selection,cross_same_variable,239,42,0239_2.jpg,0042_3.jpg,0
selection,cross_same_variable,239,43,0239_2.jpg,0043_3.jpg,0
selection,cross_same_variable,239,60,0239_2.jpg,0060_3.jpg,0
selection,cross_same_variable,239,66,0239_2.jpg,0066_3.jpg,0
selection,cross_same_variable,239,67,0239_2.jpg,0067_3.jpg,0
selection,cross_same_variable,239,79,0239_2.jpg,0079_3.jpg,0
selection,cross_same_variable,239,86,0239_2.jpg,0086_3.jpg,0
selection,cross_same_variable,239,87,0239_2.jpg,0087_3.jpg,0
selection,cross_same_variable,239,89,0239_2.jpg,0089_3.jpg,0
selection,cross_same_variable,239,91,0239_2.jpg,0091_3.jpg,0
selection,cross_same_variable,239,93,0239_2.jpg,0093_3.jpg,0
selection,cross_same_variable,239,106,0239_2.jpg,0106_3.jpg,0
selection,cross_same_variable,239,109,0239_2.jpg,0109_3.jpg,0
selection,cross_same_variable,239,114,0239_2.jpg,0114_3.jpg,0
selection,cross_same_variable,239,130,0239_2.jpg,0130_3.jpg,0
selection,cross_same_variable,239,132,0239_2.jpg,0132_3.jpg,0
selection,cross_same_variable,239,148,0239_2.jpg,0148_3.jpg,0
selection,cross_same_variable,239,154,0239_2.jpg,0154_3.jpg,0
selection,cross_same_variable,239,161,0239_2.jpg,0161_3.jpg,0
selection,cross_same_variable,239,200,0239_2.jpg,0200_3.jpg,0
selection,cross_same_variable,239,204,0239_2.jpg,0204_3.jpg,0
selection,cross_same_variable,239,216,0239_2.jpg,0216_3.jpg,0
selection,cross_same_variable,239,219,0239_2.jpg,0219_3.jpg,0
selection,cross_same_variable,239,224,0239_2.jpg,0224_3.jpg,0
selection,cross_same_variable,239,237,0239_2.jpg,0237_3.jpg,0
selection,cross_same_variable,239,239,0239_2.jpg,0239_3.jpg,1
selection,cross_same_variable,239,248,0239_2.jpg,0248_3.jpg,0
selection,cross_same_variable,239,266,0239_2.jpg,0266_3.jpg,0
selection,cross_same_variable,239,271,0239_2.jpg,0271_3.jpg,0
selection,cross_same_variable,239,279,0239_2.jpg,0279_3.jpg,0
selection,cross_same_variable,239,282,0239_2.jpg,0282_3.jpg,0
selection,cross_same_variable,248,6,0248_2.jpg,0006_3.jpg,0
selection,cross_same_variable,248,12,0248_2.jpg,0012_3.jpg,0
selection,cross_same_variable,248,15,0248_2.jpg,0015_3.jpg,0
selection,cross_same_variable,248,18,0248_2.jpg,0018_3.jpg,0
selection,cross_same_variable,248,35,0248_2.jpg,0035_3.jpg,0
selection,cross_same_variable,248,42,0248_2.jpg,0042_3.jpg,0
selection,cross_same_variable,248,43,0248_2.jpg,0043_3.jpg,0
selection,cross_same_variable,248,60,0248_2.jpg,0060_3.jpg,0
selection,cross_same_variable,248,66,0248_2.jpg,0066_3.jpg,0
selection,cross_same_variable,248,67,0248_2.jpg,0067_3.jpg,0
selection,cross_same_variable,248,79,0248_2.jpg,0079_3.jpg,0
selection,cross_same_variable,248,86,0248_2.jpg,0086_3.jpg,0
selection,cross_same_variable,248,87,0248_2.jpg,0087_3.jpg,0
selection,cross_same_variable,248,89,0248_2.jpg,0089_3.jpg,0
selection,cross_same_variable,248,91,0248_2.jpg,0091_3.jpg,0
selection,cross_same_variable,248,93,0248_2.jpg,0093_3.jpg,0
selection,cross_same_variable,248,106,0248_2.jpg,0106_3.jpg,0
selection,cross_same_variable,248,109,0248_2.jpg,0109_3.jpg,0
selection,cross_same_variable,248,114,0248_2.jpg,0114_3.jpg,0
selection,cross_same_variable,248,130,0248_2.jpg,0130_3.jpg,0
selection,cross_same_variable,248,132,0248_2.jpg,0132_3.jpg,0
selection,cross_same_variable,248,148,0248_2.jpg,0148_3.jpg,0
selection,cross_same_variable,248,154,0248_2.jpg,0154_3.jpg,0
selection,cross_same_variable,248,161,0248_2.jpg,0161_3.jpg,0
selection,cross_same_variable,248,200,0248_2.jpg,0200_3.jpg,0
selection,cross_same_variable,248,204,0248_2.jpg,0204_3.jpg,0
selection,cross_same_variable,248,216,0248_2.jpg,0216_3.jpg,0
selection,cross_same_variable,248,219,0248_2.jpg,0219_3.jpg,0
selection,cross_same_variable,248,224,0248_2.jpg,0224_3.jpg,0
selection,cross_same_variable,248,237,0248_2.jpg,0237_3.jpg,0
selection,cross_same_variable,248,239,0248_2.jpg,0239_3.jpg,0
selection,cross_same_variable,248,248,0248_2.jpg,0248_3.jpg,1
selection,cross_same_variable,248,266,0248_2.jpg,0266_3.jpg,0
selection,cross_same_variable,248,271,0248_2.jpg,0271_3.jpg,0
selection,cross_same_variable,248,279,0248_2.jpg,0279_3.jpg,0
selection,cross_same_variable,248,282,0248_2.jpg,0282_3.jpg,0
selection,cross_same_variable,266,6,0266_2.jpg,0006_3.jpg,0
selection,cross_same_variable,266,12,0266_2.jpg,0012_3.jpg,0
selection,cross_same_variable,266,15,0266_2.jpg,0015_3.jpg,0
selection,cross_same_variable,266,18,0266_2.jpg,0018_3.jpg,0
selection,cross_same_variable,266,35,0266_2.jpg,0035_3.jpg,0
selection,cross_same_variable,266,42,0266_2.jpg,0042_3.jpg,0
selection,cross_same_variable,266,43,0266_2.jpg,0043_3.jpg,0
selection,cross_same_variable,266,60,0266_2.jpg,0060_3.jpg,0
selection,cross_same_variable,266,66,0266_2.jpg,0066_3.jpg,0
selection,cross_same_variable,266,67,0266_2.jpg,0067_3.jpg,0
selection,cross_same_variable,266,79,0266_2.jpg,0079_3.jpg,0
selection,cross_same_variable,266,86,0266_2.jpg,0086_3.jpg,0
selection,cross_same_variable,266,87,0266_2.jpg,0087_3.jpg,0
selection,cross_same_variable,266,89,0266_2.jpg,0089_3.jpg,0
selection,cross_same_variable,266,91,0266_2.jpg,0091_3.jpg,0
selection,cross_same_variable,266,93,0266_2.jpg,0093_3.jpg,0
selection,cross_same_variable,266,106,0266_2.jpg,0106_3.jpg,0
selection,cross_same_variable,266,109,0266_2.jpg,0109_3.jpg,0
selection,cross_same_variable,266,114,0266_2.jpg,0114_3.jpg,0
selection,cross_same_variable,266,130,0266_2.jpg,0130_3.jpg,0
selection,cross_same_variable,266,132,0266_2.jpg,0132_3.jpg,0
selection,cross_same_variable,266,148,0266_2.jpg,0148_3.jpg,0
selection,cross_same_variable,266,154,0266_2.jpg,0154_3.jpg,0
selection,cross_same_variable,266,161,0266_2.jpg,0161_3.jpg,0
selection,cross_same_variable,266,200,0266_2.jpg,0200_3.jpg,0
selection,cross_same_variable,266,204,0266_2.jpg,0204_3.jpg,0
selection,cross_same_variable,266,216,0266_2.jpg,0216_3.jpg,0
selection,cross_same_variable,266,219,0266_2.jpg,0219_3.jpg,0
selection,cross_same_variable,266,224,0266_2.jpg,0224_3.jpg,0
selection,cross_same_variable,266,237,0266_2.jpg,0237_3.jpg,0
selection,cross_same_variable,266,239,0266_2.jpg,0239_3.jpg,0
selection,cross_same_variable,266,248,0266_2.jpg,0248_3.jpg,0
selection,cross_same_variable,266,266,0266_2.jpg,0266_3.jpg,1
selection,cross_same_variable,266,271,0266_2.jpg,0271_3.jpg,0
selection,cross_same_variable,266,279,0266_2.jpg,0279_3.jpg,0
selection,cross_same_variable,266,282,0266_2.jpg,0282_3.jpg,0
selection,cross_same_variable,271,6,0271_2.jpg,0006_3.jpg,0
selection,cross_same_variable,271,12,0271_2.jpg,0012_3.jpg,0
selection,cross_same_variable,271,15,0271_2.jpg,0015_3.jpg,0
selection,cross_same_variable,271,18,0271_2.jpg,0018_3.jpg,0
selection,cross_same_variable,271,35,0271_2.jpg,0035_3.jpg,0
selection,cross_same_variable,271,42,0271_2.jpg,0042_3.jpg,0
selection,cross_same_variable,271,43,0271_2.jpg,0043_3.jpg,0
selection,cross_same_variable,271,60,0271_2.jpg,0060_3.jpg,0
selection,cross_same_variable,271,66,0271_2.jpg,0066_3.jpg,0
selection,cross_same_variable,271,67,0271_2.jpg,0067_3.jpg,0
selection,cross_same_variable,271,79,0271_2.jpg,0079_3.jpg,0
selection,cross_same_variable,271,86,0271_2.jpg,0086_3.jpg,0
selection,cross_same_variable,271,87,0271_2.jpg,0087_3.jpg,0
selection,cross_same_variable,271,89,0271_2.jpg,0089_3.jpg,0
selection,cross_same_variable,271,91,0271_2.jpg,0091_3.jpg,0
selection,cross_same_variable,271,93,0271_2.jpg,0093_3.jpg,0
selection,cross_same_variable,271,106,0271_2.jpg,0106_3.jpg,0
selection,cross_same_variable,271,109,0271_2.jpg,0109_3.jpg,0
selection,cross_same_variable,271,114,0271_2.jpg,0114_3.jpg,0
selection,cross_same_variable,271,130,0271_2.jpg,0130_3.jpg,0
selection,cross_same_variable,271,132,0271_2.jpg,0132_3.jpg,0
selection,cross_same_variable,271,148,0271_2.jpg,0148_3.jpg,0
selection,cross_same_variable,271,154,0271_2.jpg,0154_3.jpg,0
selection,cross_same_variable,271,161,0271_2.jpg,0161_3.jpg,0
selection,cross_same_variable,271,200,0271_2.jpg,0200_3.jpg,0
selection,cross_same_variable,271,204,0271_2.jpg,0204_3.jpg,0
selection,cross_same_variable,271,216,0271_2.jpg,0216_3.jpg,0
selection,cross_same_variable,271,219,0271_2.jpg,0219_3.jpg,0
selection,cross_same_variable,271,224,0271_2.jpg,0224_3.jpg,0
selection,cross_same_variable,271,237,0271_2.jpg,0237_3.jpg,0
selection,cross_same_variable,271,239,0271_2.jpg,0239_3.jpg,0
selection,cross_same_variable,271,248,0271_2.jpg,0248_3.jpg,0
selection,cross_same_variable,271,266,0271_2.jpg,0266_3.jpg,0
selection,cross_same_variable,271,271,0271_2.jpg,0271_3.jpg,1
selection,cross_same_variable,271,279,0271_2.jpg,0279_3.jpg,0
selection,cross_same_variable,271,282,0271_2.jpg,0282_3.jpg,0
selection,cross_same_variable,279,6,0279_2.jpg,0006_3.jpg,0
selection,cross_same_variable,279,12,0279_2.jpg,0012_3.jpg,0
selection,cross_same_variable,279,15,0279_2.jpg,0015_3.jpg,0
selection,cross_same_variable,279,18,0279_2.jpg,0018_3.jpg,0
selection,cross_same_variable,279,35,0279_2.jpg,0035_3.jpg,0
selection,cross_same_variable,279,42,0279_2.jpg,0042_3.jpg,0
selection,cross_same_variable,279,43,0279_2.jpg,0043_3.jpg,0
selection,cross_same_variable,279,60,0279_2.jpg,0060_3.jpg,0
selection,cross_same_variable,279,66,0279_2.jpg,0066_3.jpg,0
selection,cross_same_variable,279,67,0279_2.jpg,0067_3.jpg,0
selection,cross_same_variable,279,79,0279_2.jpg,0079_3.jpg,0
selection,cross_same_variable,279,86,0279_2.jpg,0086_3.jpg,0
selection,cross_same_variable,279,87,0279_2.jpg,0087_3.jpg,0
selection,cross_same_variable,279,89,0279_2.jpg,0089_3.jpg,0
selection,cross_same_variable,279,91,0279_2.jpg,0091_3.jpg,0
selection,cross_same_variable,279,93,0279_2.jpg,0093_3.jpg,0
selection,cross_same_variable,279,106,0279_2.jpg,0106_3.jpg,0
selection,cross_same_variable,279,109,0279_2.jpg,0109_3.jpg,0
selection,cross_same_variable,279,114,0279_2.jpg,0114_3.jpg,0
selection,cross_same_variable,279,130,0279_2.jpg,0130_3.jpg,0
selection,cross_same_variable,279,132,0279_2.jpg,0132_3.jpg,0
selection,cross_same_variable,279,148,0279_2.jpg,0148_3.jpg,0
selection,cross_same_variable,279,154,0279_2.jpg,0154_3.jpg,0
selection,cross_same_variable,279,161,0279_2.jpg,0161_3.jpg,0
selection,cross_same_variable,279,200,0279_2.jpg,0200_3.jpg,0
selection,cross_same_variable,279,204,0279_2.jpg,0204_3.jpg,0
selection,cross_same_variable,279,216,0279_2.jpg,0216_3.jpg,0
selection,cross_same_variable,279,219,0279_2.jpg,0219_3.jpg,0
selection,cross_same_variable,279,224,0279_2.jpg,0224_3.jpg,0
selection,cross_same_variable,279,237,0279_2.jpg,0237_3.jpg,0
selection,cross_same_variable,279,239,0279_2.jpg,0239_3.jpg,0
selection,cross_same_variable,279,248,0279_2.jpg,0248_3.jpg,0
selection,cross_same_variable,279,266,0279_2.jpg,0266_3.jpg,0
selection,cross_same_variable,279,271,0279_2.jpg,0271_3.jpg,0
selection,cross_same_variable,279,279,0279_2.jpg,0279_3.jpg,1
selection,cross_same_variable,279,282,0279_2.jpg,0282_3.jpg,0
selection,cross_same_variable,282,6,0282_2.jpg,0006_3.jpg,0
selection,cross_same_variable,282,12,0282_2.jpg,0012_3.jpg,0
selection,cross_same_variable,282,15,0282_2.jpg,0015_3.jpg,0
selection,cross_same_variable,282,18,0282_2.jpg,0018_3.jpg,0
selection,cross_same_variable,282,35,0282_2.jpg,0035_3.jpg,0
selection,cross_same_variable,282,42,0282_2.jpg,0042_3.jpg,0
selection,cross_same_variable,282,43,0282_2.jpg,0043_3.jpg,0
selection,cross_same_variable,282,60,0282_2.jpg,0060_3.jpg,0
selection,cross_same_variable,282,66,0282_2.jpg,0066_3.jpg,0
selection,cross_same_variable,282,67,0282_2.jpg,0067_3.jpg,0
selection,cross_same_variable,282,79,0282_2.jpg,0079_3.jpg,0
selection,cross_same_variable,282,86,0282_2.jpg,0086_3.jpg,0
selection,cross_same_variable,282,87,0282_2.jpg,0087_3.jpg,0
selection,cross_same_variable,282,89,0282_2.jpg,0089_3.jpg,0
selection,cross_same_variable,282,91,0282_2.jpg,0091_3.jpg,0
selection,cross_same_variable,282,93,0282_2.jpg,0093_3.jpg,0
selection,cross_same_variable,282,106,0282_2.jpg,0106_3.jpg,0
selection,cross_same_variable,282,109,0282_2.jpg,0109_3.jpg,0
selection,cross_same_variable,282,114,0282_2.jpg,0114_3.jpg,0
selection,cross_same_variable,282,130,0282_2.jpg,0130_3.jpg,0
selection,cross_same_variable,282,132,0282_2.jpg,0132_3.jpg,0
selection,cross_same_variable,282,148,0282_2.jpg,0148_3.jpg,0
selection,cross_same_variable,282,154,0282_2.jpg,0154_3.jpg,0
selection,cross_same_variable,282,161,0282_2.jpg,0161_3.jpg,0
selection,cross_same_variable,282,200,0282_2.jpg,0200_3.jpg,0
selection,cross_same_variable,282,204,0282_2.jpg,0204_3.jpg,0
selection,cross_same_variable,282,216,0282_2.jpg,0216_3.jpg,0
selection,cross_same_variable,282,219,0282_2.jpg,0219_3.jpg,0
selection,cross_same_variable,282,224,0282_2.jpg,0224_3.jpg,0
selection,cross_same_variable,282,237,0282_2.jpg,0237_3.jpg,0
selection,cross_same_variable,282,239,0282_2.jpg,0239_3.jpg,0
selection,cross_same_variable,282,248,0282_2.jpg,0248_3.jpg,0
selection,cross_same_variable,282,266,0282_2.jpg,0266_3.jpg,0
selection,cross_same_variable,282,271,0282_2.jpg,0271_3.jpg,0
selection,cross_same_variable,282,279,0282_2.jpg,0279_3.jpg,0
selection,cross_same_variable,282,282,0282_2.jpg,0282_3.jpg,1
selection,cross_same_same,6,6,0006_2.jpg,0006_4.jpg,1
selection,cross_same_same,6,12,0006_2.jpg,0012_4.jpg,0
selection,cross_same_same,6,15,0006_2.jpg,0015_4.jpg,0
selection,cross_same_same,6,18,0006_2.jpg,0018_4.jpg,0
selection,cross_same_same,6,35,0006_2.jpg,0035_4.jpg,0
selection,cross_same_same,6,42,0006_2.jpg,0042_4.jpg,0
selection,cross_same_same,6,43,0006_2.jpg,0043_4.jpg,0
selection,cross_same_same,6,60,0006_2.jpg,0060_4.jpg,0
selection,cross_same_same,6,66,0006_2.jpg,0066_4.jpg,0
selection,cross_same_same,6,67,0006_2.jpg,0067_4.jpg,0
selection,cross_same_same,6,79,0006_2.jpg,0079_4.jpg,0
selection,cross_same_same,6,86,0006_2.jpg,0086_4.jpg,0
selection,cross_same_same,6,87,0006_2.jpg,0087_4.jpg,0
selection,cross_same_same,6,89,0006_2.jpg,0089_4.jpg,0
selection,cross_same_same,6,91,0006_2.jpg,0091_4.jpg,0
selection,cross_same_same,6,93,0006_2.jpg,0093_4.jpg,0
selection,cross_same_same,6,106,0006_2.jpg,0106_4.jpg,0
selection,cross_same_same,6,109,0006_2.jpg,0109_4.jpg,0
selection,cross_same_same,6,114,0006_2.jpg,0114_4.jpg,0
selection,cross_same_same,6,130,0006_2.jpg,0130_4.jpg,0
selection,cross_same_same,6,132,0006_2.jpg,0132_4.jpg,0
selection,cross_same_same,6,148,0006_2.jpg,0148_4.jpg,0
selection,cross_same_same,6,154,0006_2.jpg,0154_4.jpg,0
selection,cross_same_same,6,161,0006_2.jpg,0161_4.jpg,0
selection,cross_same_same,6,200,0006_2.jpg,0200_4.jpg,0
selection,cross_same_same,6,204,0006_2.jpg,0204_4.jpg,0
selection,cross_same_same,6,216,0006_2.jpg,0216_4.jpg,0
selection,cross_same_same,6,219,0006_2.jpg,0219_4.jpg,0
selection,cross_same_same,6,224,0006_2.jpg,0224_4.jpg,0
selection,cross_same_same,6,237,0006_2.jpg,0237_4.jpg,0
selection,cross_same_same,6,239,0006_2.jpg,0239_4.jpg,0
selection,cross_same_same,6,248,0006_2.jpg,0248_4.jpg,0
selection,cross_same_same,6,266,0006_2.jpg,0266_4.jpg,0
selection,cross_same_same,6,271,0006_2.jpg,0271_4.jpg,0
selection,cross_same_same,6,279,0006_2.jpg,0279_4.jpg,0
selection,cross_same_same,6,282,0006_2.jpg,0282_4.jpg,0
selection,cross_same_same,12,6,0012_2.jpg,0006_4.jpg,0
selection,cross_same_same,12,12,0012_2.jpg,0012_4.jpg,1
selection,cross_same_same,12,15,0012_2.jpg,0015_4.jpg,0
selection,cross_same_same,12,18,0012_2.jpg,0018_4.jpg,0
selection,cross_same_same,12,35,0012_2.jpg,0035_4.jpg,0
selection,cross_same_same,12,42,0012_2.jpg,0042_4.jpg,0
selection,cross_same_same,12,43,0012_2.jpg,0043_4.jpg,0
selection,cross_same_same,12,60,0012_2.jpg,0060_4.jpg,0
selection,cross_same_same,12,66,0012_2.jpg,0066_4.jpg,0
selection,cross_same_same,12,67,0012_2.jpg,0067_4.jpg,0
selection,cross_same_same,12,79,0012_2.jpg,0079_4.jpg,0
selection,cross_same_same,12,86,0012_2.jpg,0086_4.jpg,0
selection,cross_same_same,12,87,0012_2.jpg,0087_4.jpg,0
selection,cross_same_same,12,89,0012_2.jpg,0089_4.jpg,0
selection,cross_same_same,12,91,0012_2.jpg,0091_4.jpg,0
selection,cross_same_same,12,93,0012_2.jpg,0093_4.jpg,0
selection,cross_same_same,12,106,0012_2.jpg,0106_4.jpg,0
selection,cross_same_same,12,109,0012_2.jpg,0109_4.jpg,0
selection,cross_same_same,12,114,0012_2.jpg,0114_4.jpg,0
selection,cross_same_same,12,130,0012_2.jpg,0130_4.jpg,0
selection,cross_same_same,12,132,0012_2.jpg,0132_4.jpg,0
selection,cross_same_same,12,148,0012_2.jpg,0148_4.jpg,0
selection,cross_same_same,12,154,0012_2.jpg,0154_4.jpg,0
selection,cross_same_same,12,161,0012_2.jpg,0161_4.jpg,0
selection,cross_same_same,12,200,0012_2.jpg,0200_4.jpg,0
selection,cross_same_same,12,204,0012_2.jpg,0204_4.jpg,0
selection,cross_same_same,12,216,0012_2.jpg,0216_4.jpg,0
selection,cross_same_same,12,219,0012_2.jpg,0219_4.jpg,0
selection,cross_same_same,12,224,0012_2.jpg,0224_4.jpg,0
selection,cross_same_same,12,237,0012_2.jpg,0237_4.jpg,0
selection,cross_same_same,12,239,0012_2.jpg,0239_4.jpg,0
selection,cross_same_same,12,248,0012_2.jpg,0248_4.jpg,0
selection,cross_same_same,12,266,0012_2.jpg,0266_4.jpg,0
selection,cross_same_same,12,271,0012_2.jpg,0271_4.jpg,0
selection,cross_same_same,12,279,0012_2.jpg,0279_4.jpg,0
selection,cross_same_same,12,282,0012_2.jpg,0282_4.jpg,0
selection,cross_same_same,15,6,0015_2.jpg,0006_4.jpg,0
selection,cross_same_same,15,12,0015_2.jpg,0012_4.jpg,0
selection,cross_same_same,15,15,0015_2.jpg,0015_4.jpg,1
selection,cross_same_same,15,18,0015_2.jpg,0018_4.jpg,0
selection,cross_same_same,15,35,0015_2.jpg,0035_4.jpg,0
selection,cross_same_same,15,42,0015_2.jpg,0042_4.jpg,0
selection,cross_same_same,15,43,0015_2.jpg,0043_4.jpg,0
selection,cross_same_same,15,60,0015_2.jpg,0060_4.jpg,0
selection,cross_same_same,15,66,0015_2.jpg,0066_4.jpg,0
selection,cross_same_same,15,67,0015_2.jpg,0067_4.jpg,0
selection,cross_same_same,15,79,0015_2.jpg,0079_4.jpg,0
selection,cross_same_same,15,86,0015_2.jpg,0086_4.jpg,0
selection,cross_same_same,15,87,0015_2.jpg,0087_4.jpg,0
selection,cross_same_same,15,89,0015_2.jpg,0089_4.jpg,0
selection,cross_same_same,15,91,0015_2.jpg,0091_4.jpg,0
selection,cross_same_same,15,93,0015_2.jpg,0093_4.jpg,0
selection,cross_same_same,15,106,0015_2.jpg,0106_4.jpg,0
selection,cross_same_same,15,109,0015_2.jpg,0109_4.jpg,0
selection,cross_same_same,15,114,0015_2.jpg,0114_4.jpg,0
selection,cross_same_same,15,130,0015_2.jpg,0130_4.jpg,0
selection,cross_same_same,15,132,0015_2.jpg,0132_4.jpg,0
selection,cross_same_same,15,148,0015_2.jpg,0148_4.jpg,0
selection,cross_same_same,15,154,0015_2.jpg,0154_4.jpg,0
selection,cross_same_same,15,161,0015_2.jpg,0161_4.jpg,0
selection,cross_same_same,15,200,0015_2.jpg,0200_4.jpg,0
selection,cross_same_same,15,204,0015_2.jpg,0204_4.jpg,0
selection,cross_same_same,15,216,0015_2.jpg,0216_4.jpg,0
selection,cross_same_same,15,219,0015_2.jpg,0219_4.jpg,0
selection,cross_same_same,15,224,0015_2.jpg,0224_4.jpg,0
selection,cross_same_same,15,237,0015_2.jpg,0237_4.jpg,0
selection,cross_same_same,15,239,0015_2.jpg,0239_4.jpg,0
selection,cross_same_same,15,248,0015_2.jpg,0248_4.jpg,0
selection,cross_same_same,15,266,0015_2.jpg,0266_4.jpg,0
selection,cross_same_same,15,271,0015_2.jpg,0271_4.jpg,0
selection,cross_same_same,15,279,0015_2.jpg,0279_4.jpg,0
selection,cross_same_same,15,282,0015_2.jpg,0282_4.jpg,0
selection,cross_same_same,18,6,0018_2.jpg,0006_4.jpg,0
selection,cross_same_same,18,12,0018_2.jpg,0012_4.jpg,0
selection,cross_same_same,18,15,0018_2.jpg,0015_4.jpg,0
selection,cross_same_same,18,18,0018_2.jpg,0018_4.jpg,1
selection,cross_same_same,18,35,0018_2.jpg,0035_4.jpg,0
selection,cross_same_same,18,42,0018_2.jpg,0042_4.jpg,0
selection,cross_same_same,18,43,0018_2.jpg,0043_4.jpg,0
selection,cross_same_same,18,60,0018_2.jpg,0060_4.jpg,0
selection,cross_same_same,18,66,0018_2.jpg,0066_4.jpg,0
selection,cross_same_same,18,67,0018_2.jpg,0067_4.jpg,0
selection,cross_same_same,18,79,0018_2.jpg,0079_4.jpg,0
selection,cross_same_same,18,86,0018_2.jpg,0086_4.jpg,0
selection,cross_same_same,18,87,0018_2.jpg,0087_4.jpg,0
selection,cross_same_same,18,89,0018_2.jpg,0089_4.jpg,0
selection,cross_same_same,18,91,0018_2.jpg,0091_4.jpg,0
selection,cross_same_same,18,93,0018_2.jpg,0093_4.jpg,0
selection,cross_same_same,18,106,0018_2.jpg,0106_4.jpg,0
selection,cross_same_same,18,109,0018_2.jpg,0109_4.jpg,0
selection,cross_same_same,18,114,0018_2.jpg,0114_4.jpg,0
selection,cross_same_same,18,130,0018_2.jpg,0130_4.jpg,0
selection,cross_same_same,18,132,0018_2.jpg,0132_4.jpg,0
selection,cross_same_same,18,148,0018_2.jpg,0148_4.jpg,0
selection,cross_same_same,18,154,0018_2.jpg,0154_4.jpg,0
selection,cross_same_same,18,161,0018_2.jpg,0161_4.jpg,0
selection,cross_same_same,18,200,0018_2.jpg,0200_4.jpg,0
selection,cross_same_same,18,204,0018_2.jpg,0204_4.jpg,0
selection,cross_same_same,18,216,0018_2.jpg,0216_4.jpg,0
selection,cross_same_same,18,219,0018_2.jpg,0219_4.jpg,0
selection,cross_same_same,18,224,0018_2.jpg,0224_4.jpg,0
selection,cross_same_same,18,237,0018_2.jpg,0237_4.jpg,0
selection,cross_same_same,18,239,0018_2.jpg,0239_4.jpg,0
selection,cross_same_same,18,248,0018_2.jpg,0248_4.jpg,0
selection,cross_same_same,18,266,0018_2.jpg,0266_4.jpg,0
selection,cross_same_same,18,271,0018_2.jpg,0271_4.jpg,0
selection,cross_same_same,18,279,0018_2.jpg,0279_4.jpg,0
selection,cross_same_same,18,282,0018_2.jpg,0282_4.jpg,0
selection,cross_same_same,35,6,0035_2.jpg,0006_4.jpg,0
selection,cross_same_same,35,12,0035_2.jpg,0012_4.jpg,0
selection,cross_same_same,35,15,0035_2.jpg,0015_4.jpg,0
selection,cross_same_same,35,18,0035_2.jpg,0018_4.jpg,0
selection,cross_same_same,35,35,0035_2.jpg,0035_4.jpg,1
selection,cross_same_same,35,42,0035_2.jpg,0042_4.jpg,0
selection,cross_same_same,35,43,0035_2.jpg,0043_4.jpg,0
selection,cross_same_same,35,60,0035_2.jpg,0060_4.jpg,0
selection,cross_same_same,35,66,0035_2.jpg,0066_4.jpg,0
selection,cross_same_same,35,67,0035_2.jpg,0067_4.jpg,0
selection,cross_same_same,35,79,0035_2.jpg,0079_4.jpg,0
selection,cross_same_same,35,86,0035_2.jpg,0086_4.jpg,0
selection,cross_same_same,35,87,0035_2.jpg,0087_4.jpg,0
selection,cross_same_same,35,89,0035_2.jpg,0089_4.jpg,0
selection,cross_same_same,35,91,0035_2.jpg,0091_4.jpg,0
selection,cross_same_same,35,93,0035_2.jpg,0093_4.jpg,0
selection,cross_same_same,35,106,0035_2.jpg,0106_4.jpg,0
selection,cross_same_same,35,109,0035_2.jpg,0109_4.jpg,0
selection,cross_same_same,35,114,0035_2.jpg,0114_4.jpg,0
selection,cross_same_same,35,130,0035_2.jpg,0130_4.jpg,0
selection,cross_same_same,35,132,0035_2.jpg,0132_4.jpg,0
selection,cross_same_same,35,148,0035_2.jpg,0148_4.jpg,0
selection,cross_same_same,35,154,0035_2.jpg,0154_4.jpg,0
selection,cross_same_same,35,161,0035_2.jpg,0161_4.jpg,0
selection,cross_same_same,35,200,0035_2.jpg,0200_4.jpg,0
selection,cross_same_same,35,204,0035_2.jpg,0204_4.jpg,0
selection,cross_same_same,35,216,0035_2.jpg,0216_4.jpg,0
selection,cross_same_same,35,219,0035_2.jpg,0219_4.jpg,0
selection,cross_same_same,35,224,0035_2.jpg,0224_4.jpg,0
selection,cross_same_same,35,237,0035_2.jpg,0237_4.jpg,0
selection,cross_same_same,35,239,0035_2.jpg,0239_4.jpg,0
selection,cross_same_same,35,248,0035_2.jpg,0248_4.jpg,0
selection,cross_same_same,35,266,0035_2.jpg,0266_4.jpg,0
selection,cross_same_same,35,271,0035_2.jpg,0271_4.jpg,0
selection,cross_same_same,35,279,0035_2.jpg,0279_4.jpg,0
selection,cross_same_same,35,282,0035_2.jpg,0282_4.jpg,0
selection,cross_same_same,42,6,0042_2.jpg,0006_4.jpg,0
selection,cross_same_same,42,12,0042_2.jpg,0012_4.jpg,0
selection,cross_same_same,42,15,0042_2.jpg,0015_4.jpg,0
selection,cross_same_same,42,18,0042_2.jpg,0018_4.jpg,0
selection,cross_same_same,42,35,0042_2.jpg,0035_4.jpg,0
selection,cross_same_same,42,42,0042_2.jpg,0042_4.jpg,1
selection,cross_same_same,42,43,0042_2.jpg,0043_4.jpg,0
selection,cross_same_same,42,60,0042_2.jpg,0060_4.jpg,0
selection,cross_same_same,42,66,0042_2.jpg,0066_4.jpg,0
selection,cross_same_same,42,67,0042_2.jpg,0067_4.jpg,0
selection,cross_same_same,42,79,0042_2.jpg,0079_4.jpg,0
selection,cross_same_same,42,86,0042_2.jpg,0086_4.jpg,0
selection,cross_same_same,42,87,0042_2.jpg,0087_4.jpg,0
selection,cross_same_same,42,89,0042_2.jpg,0089_4.jpg,0
selection,cross_same_same,42,91,0042_2.jpg,0091_4.jpg,0
selection,cross_same_same,42,93,0042_2.jpg,0093_4.jpg,0
selection,cross_same_same,42,106,0042_2.jpg,0106_4.jpg,0
selection,cross_same_same,42,109,0042_2.jpg,0109_4.jpg,0
selection,cross_same_same,42,114,0042_2.jpg,0114_4.jpg,0
selection,cross_same_same,42,130,0042_2.jpg,0130_4.jpg,0
selection,cross_same_same,42,132,0042_2.jpg,0132_4.jpg,0
selection,cross_same_same,42,148,0042_2.jpg,0148_4.jpg,0
selection,cross_same_same,42,154,0042_2.jpg,0154_4.jpg,0
selection,cross_same_same,42,161,0042_2.jpg,0161_4.jpg,0
selection,cross_same_same,42,200,0042_2.jpg,0200_4.jpg,0
selection,cross_same_same,42,204,0042_2.jpg,0204_4.jpg,0
selection,cross_same_same,42,216,0042_2.jpg,0216_4.jpg,0
selection,cross_same_same,42,219,0042_2.jpg,0219_4.jpg,0
selection,cross_same_same,42,224,0042_2.jpg,0224_4.jpg,0
selection,cross_same_same,42,237,0042_2.jpg,0237_4.jpg,0
selection,cross_same_same,42,239,0042_2.jpg,0239_4.jpg,0
selection,cross_same_same,42,248,0042_2.jpg,0248_4.jpg,0
selection,cross_same_same,42,266,0042_2.jpg,0266_4.jpg,0
selection,cross_same_same,42,271,0042_2.jpg,0271_4.jpg,0
selection,cross_same_same,42,279,0042_2.jpg,0279_4.jpg,0
selection,cross_same_same,42,282,0042_2.jpg,0282_4.jpg,0
selection,cross_same_same,43,6,0043_2.jpg,0006_4.jpg,0
selection,cross_same_same,43,12,0043_2.jpg,0012_4.jpg,0
selection,cross_same_same,43,15,0043_2.jpg,0015_4.jpg,0
selection,cross_same_same,43,18,0043_2.jpg,0018_4.jpg,0
selection,cross_same_same,43,35,0043_2.jpg,0035_4.jpg,0
selection,cross_same_same,43,42,0043_2.jpg,0042_4.jpg,0
selection,cross_same_same,43,43,0043_2.jpg,0043_4.jpg,1
selection,cross_same_same,43,60,0043_2.jpg,0060_4.jpg,0
selection,cross_same_same,43,66,0043_2.jpg,0066_4.jpg,0
selection,cross_same_same,43,67,0043_2.jpg,0067_4.jpg,0
selection,cross_same_same,43,79,0043_2.jpg,0079_4.jpg,0
selection,cross_same_same,43,86,0043_2.jpg,0086_4.jpg,0
selection,cross_same_same,43,87,0043_2.jpg,0087_4.jpg,0
selection,cross_same_same,43,89,0043_2.jpg,0089_4.jpg,0
selection,cross_same_same,43,91,0043_2.jpg,0091_4.jpg,0
selection,cross_same_same,43,93,0043_2.jpg,0093_4.jpg,0
selection,cross_same_same,43,106,0043_2.jpg,0106_4.jpg,0
selection,cross_same_same,43,109,0043_2.jpg,0109_4.jpg,0
selection,cross_same_same,43,114,0043_2.jpg,0114_4.jpg,0
selection,cross_same_same,43,130,0043_2.jpg,0130_4.jpg,0
selection,cross_same_same,43,132,0043_2.jpg,0132_4.jpg,0
selection,cross_same_same,43,148,0043_2.jpg,0148_4.jpg,0
selection,cross_same_same,43,154,0043_2.jpg,0154_4.jpg,0
selection,cross_same_same,43,161,0043_2.jpg,0161_4.jpg,0
selection,cross_same_same,43,200,0043_2.jpg,0200_4.jpg,0
selection,cross_same_same,43,204,0043_2.jpg,0204_4.jpg,0
selection,cross_same_same,43,216,0043_2.jpg,0216_4.jpg,0
selection,cross_same_same,43,219,0043_2.jpg,0219_4.jpg,0
selection,cross_same_same,43,224,0043_2.jpg,0224_4.jpg,0
selection,cross_same_same,43,237,0043_2.jpg,0237_4.jpg,0
selection,cross_same_same,43,239,0043_2.jpg,0239_4.jpg,0
selection,cross_same_same,43,248,0043_2.jpg,0248_4.jpg,0
selection,cross_same_same,43,266,0043_2.jpg,0266_4.jpg,0
selection,cross_same_same,43,271,0043_2.jpg,0271_4.jpg,0
selection,cross_same_same,43,279,0043_2.jpg,0279_4.jpg,0
selection,cross_same_same,43,282,0043_2.jpg,0282_4.jpg,0
selection,cross_same_same,60,6,0060_2.jpg,0006_4.jpg,0
selection,cross_same_same,60,12,0060_2.jpg,0012_4.jpg,0
selection,cross_same_same,60,15,0060_2.jpg,0015_4.jpg,0
selection,cross_same_same,60,18,0060_2.jpg,0018_4.jpg,0
selection,cross_same_same,60,35,0060_2.jpg,0035_4.jpg,0
selection,cross_same_same,60,42,0060_2.jpg,0042_4.jpg,0
selection,cross_same_same,60,43,0060_2.jpg,0043_4.jpg,0
selection,cross_same_same,60,60,0060_2.jpg,0060_4.jpg,1
selection,cross_same_same,60,66,0060_2.jpg,0066_4.jpg,0
selection,cross_same_same,60,67,0060_2.jpg,0067_4.jpg,0
selection,cross_same_same,60,79,0060_2.jpg,0079_4.jpg,0
selection,cross_same_same,60,86,0060_2.jpg,0086_4.jpg,0
selection,cross_same_same,60,87,0060_2.jpg,0087_4.jpg,0
selection,cross_same_same,60,89,0060_2.jpg,0089_4.jpg,0
selection,cross_same_same,60,91,0060_2.jpg,0091_4.jpg,0
selection,cross_same_same,60,93,0060_2.jpg,0093_4.jpg,0
selection,cross_same_same,60,106,0060_2.jpg,0106_4.jpg,0
selection,cross_same_same,60,109,0060_2.jpg,0109_4.jpg,0
selection,cross_same_same,60,114,0060_2.jpg,0114_4.jpg,0
selection,cross_same_same,60,130,0060_2.jpg,0130_4.jpg,0
selection,cross_same_same,60,132,0060_2.jpg,0132_4.jpg,0
selection,cross_same_same,60,148,0060_2.jpg,0148_4.jpg,0
selection,cross_same_same,60,154,0060_2.jpg,0154_4.jpg,0
selection,cross_same_same,60,161,0060_2.jpg,0161_4.jpg,0
selection,cross_same_same,60,200,0060_2.jpg,0200_4.jpg,0
selection,cross_same_same,60,204,0060_2.jpg,0204_4.jpg,0
selection,cross_same_same,60,216,0060_2.jpg,0216_4.jpg,0
selection,cross_same_same,60,219,0060_2.jpg,0219_4.jpg,0
selection,cross_same_same,60,224,0060_2.jpg,0224_4.jpg,0
selection,cross_same_same,60,237,0060_2.jpg,0237_4.jpg,0
selection,cross_same_same,60,239,0060_2.jpg,0239_4.jpg,0
selection,cross_same_same,60,248,0060_2.jpg,0248_4.jpg,0
selection,cross_same_same,60,266,0060_2.jpg,0266_4.jpg,0
selection,cross_same_same,60,271,0060_2.jpg,0271_4.jpg,0
selection,cross_same_same,60,279,0060_2.jpg,0279_4.jpg,0
selection,cross_same_same,60,282,0060_2.jpg,0282_4.jpg,0
selection,cross_same_same,66,6,0066_2.jpg,0006_4.jpg,0
selection,cross_same_same,66,12,0066_2.jpg,0012_4.jpg,0
selection,cross_same_same,66,15,0066_2.jpg,0015_4.jpg,0
selection,cross_same_same,66,18,0066_2.jpg,0018_4.jpg,0
selection,cross_same_same,66,35,0066_2.jpg,0035_4.jpg,0
selection,cross_same_same,66,42,0066_2.jpg,0042_4.jpg,0
selection,cross_same_same,66,43,0066_2.jpg,0043_4.jpg,0
selection,cross_same_same,66,60,0066_2.jpg,0060_4.jpg,0
selection,cross_same_same,66,66,0066_2.jpg,0066_4.jpg,1
selection,cross_same_same,66,67,0066_2.jpg,0067_4.jpg,0
selection,cross_same_same,66,79,0066_2.jpg,0079_4.jpg,0
selection,cross_same_same,66,86,0066_2.jpg,0086_4.jpg,0
selection,cross_same_same,66,87,0066_2.jpg,0087_4.jpg,0
selection,cross_same_same,66,89,0066_2.jpg,0089_4.jpg,0
selection,cross_same_same,66,91,0066_2.jpg,0091_4.jpg,0
selection,cross_same_same,66,93,0066_2.jpg,0093_4.jpg,0
selection,cross_same_same,66,106,0066_2.jpg,0106_4.jpg,0
selection,cross_same_same,66,109,0066_2.jpg,0109_4.jpg,0
selection,cross_same_same,66,114,0066_2.jpg,0114_4.jpg,0
selection,cross_same_same,66,130,0066_2.jpg,0130_4.jpg,0
selection,cross_same_same,66,132,0066_2.jpg,0132_4.jpg,0
selection,cross_same_same,66,148,0066_2.jpg,0148_4.jpg,0
selection,cross_same_same,66,154,0066_2.jpg,0154_4.jpg,0
selection,cross_same_same,66,161,0066_2.jpg,0161_4.jpg,0
selection,cross_same_same,66,200,0066_2.jpg,0200_4.jpg,0
selection,cross_same_same,66,204,0066_2.jpg,0204_4.jpg,0
selection,cross_same_same,66,216,0066_2.jpg,0216_4.jpg,0
selection,cross_same_same,66,219,0066_2.jpg,0219_4.jpg,0
selection,cross_same_same,66,224,0066_2.jpg,0224_4.jpg,0
selection,cross_same_same,66,237,0066_2.jpg,0237_4.jpg,0
selection,cross_same_same,66,239,0066_2.jpg,0239_4.jpg,0
selection,cross_same_same,66,248,0066_2.jpg,0248_4.jpg,0
selection,cross_same_same,66,266,0066_2.jpg,0266_4.jpg,0
selection,cross_same_same,66,271,0066_2.jpg,0271_4.jpg,0
selection,cross_same_same,66,279,0066_2.jpg,0279_4.jpg,0
selection,cross_same_same,66,282,0066_2.jpg,0282_4.jpg,0
selection,cross_same_same,67,6,0067_2.jpg,0006_4.jpg,0
selection,cross_same_same,67,12,0067_2.jpg,0012_4.jpg,0
selection,cross_same_same,67,15,0067_2.jpg,0015_4.jpg,0
selection,cross_same_same,67,18,0067_2.jpg,0018_4.jpg,0
selection,cross_same_same,67,35,0067_2.jpg,0035_4.jpg,0
selection,cross_same_same,67,42,0067_2.jpg,0042_4.jpg,0
selection,cross_same_same,67,43,0067_2.jpg,0043_4.jpg,0
selection,cross_same_same,67,60,0067_2.jpg,0060_4.jpg,0
selection,cross_same_same,67,66,0067_2.jpg,0066_4.jpg,0
selection,cross_same_same,67,67,0067_2.jpg,0067_4.jpg,1
selection,cross_same_same,67,79,0067_2.jpg,0079_4.jpg,0
selection,cross_same_same,67,86,0067_2.jpg,0086_4.jpg,0
selection,cross_same_same,67,87,0067_2.jpg,0087_4.jpg,0
selection,cross_same_same,67,89,0067_2.jpg,0089_4.jpg,0
selection,cross_same_same,67,91,0067_2.jpg,0091_4.jpg,0
selection,cross_same_same,67,93,0067_2.jpg,0093_4.jpg,0
selection,cross_same_same,67,106,0067_2.jpg,0106_4.jpg,0
selection,cross_same_same,67,109,0067_2.jpg,0109_4.jpg,0
selection,cross_same_same,67,114,0067_2.jpg,0114_4.jpg,0
selection,cross_same_same,67,130,0067_2.jpg,0130_4.jpg,0
selection,cross_same_same,67,132,0067_2.jpg,0132_4.jpg,0
selection,cross_same_same,67,148,0067_2.jpg,0148_4.jpg,0
selection,cross_same_same,67,154,0067_2.jpg,0154_4.jpg,0
selection,cross_same_same,67,161,0067_2.jpg,0161_4.jpg,0
selection,cross_same_same,67,200,0067_2.jpg,0200_4.jpg,0
selection,cross_same_same,67,204,0067_2.jpg,0204_4.jpg,0
selection,cross_same_same,67,216,0067_2.jpg,0216_4.jpg,0
selection,cross_same_same,67,219,0067_2.jpg,0219_4.jpg,0
selection,cross_same_same,67,224,0067_2.jpg,0224_4.jpg,0
selection,cross_same_same,67,237,0067_2.jpg,0237_4.jpg,0
selection,cross_same_same,67,239,0067_2.jpg,0239_4.jpg,0
selection,cross_same_same,67,248,0067_2.jpg,0248_4.jpg,0
selection,cross_same_same,67,266,0067_2.jpg,0266_4.jpg,0
selection,cross_same_same,67,271,0067_2.jpg,0271_4.jpg,0
selection,cross_same_same,67,279,0067_2.jpg,0279_4.jpg,0
selection,cross_same_same,67,282,0067_2.jpg,0282_4.jpg,0
selection,cross_same_same,79,6,0079_2.jpg,0006_4.jpg,0
selection,cross_same_same,79,12,0079_2.jpg,0012_4.jpg,0
selection,cross_same_same,79,15,0079_2.jpg,0015_4.jpg,0
selection,cross_same_same,79,18,0079_2.jpg,0018_4.jpg,0
selection,cross_same_same,79,35,0079_2.jpg,0035_4.jpg,0
selection,cross_same_same,79,42,0079_2.jpg,0042_4.jpg,0
selection,cross_same_same,79,43,0079_2.jpg,0043_4.jpg,0
selection,cross_same_same,79,60,0079_2.jpg,0060_4.jpg,0
selection,cross_same_same,79,66,0079_2.jpg,0066_4.jpg,0
selection,cross_same_same,79,67,0079_2.jpg,0067_4.jpg,0
selection,cross_same_same,79,79,0079_2.jpg,0079_4.jpg,1
selection,cross_same_same,79,86,0079_2.jpg,0086_4.jpg,0
selection,cross_same_same,79,87,0079_2.jpg,0087_4.jpg,0
selection,cross_same_same,79,89,0079_2.jpg,0089_4.jpg,0
selection,cross_same_same,79,91,0079_2.jpg,0091_4.jpg,0
selection,cross_same_same,79,93,0079_2.jpg,0093_4.jpg,0
selection,cross_same_same,79,106,0079_2.jpg,0106_4.jpg,0
selection,cross_same_same,79,109,0079_2.jpg,0109_4.jpg,0
selection,cross_same_same,79,114,0079_2.jpg,0114_4.jpg,0
selection,cross_same_same,79,130,0079_2.jpg,0130_4.jpg,0
selection,cross_same_same,79,132,0079_2.jpg,0132_4.jpg,0
selection,cross_same_same,79,148,0079_2.jpg,0148_4.jpg,0
selection,cross_same_same,79,154,0079_2.jpg,0154_4.jpg,0
selection,cross_same_same,79,161,0079_2.jpg,0161_4.jpg,0
selection,cross_same_same,79,200,0079_2.jpg,0200_4.jpg,0
selection,cross_same_same,79,204,0079_2.jpg,0204_4.jpg,0
selection,cross_same_same,79,216,0079_2.jpg,0216_4.jpg,0
selection,cross_same_same,79,219,0079_2.jpg,0219_4.jpg,0
selection,cross_same_same,79,224,0079_2.jpg,0224_4.jpg,0
selection,cross_same_same,79,237,0079_2.jpg,0237_4.jpg,0
selection,cross_same_same,79,239,0079_2.jpg,0239_4.jpg,0
selection,cross_same_same,79,248,0079_2.jpg,0248_4.jpg,0
selection,cross_same_same,79,266,0079_2.jpg,0266_4.jpg,0
selection,cross_same_same,79,271,0079_2.jpg,0271_4.jpg,0
selection,cross_same_same,79,279,0079_2.jpg,0279_4.jpg,0
selection,cross_same_same,79,282,0079_2.jpg,0282_4.jpg,0
selection,cross_same_same,86,6,0086_2.jpg,0006_4.jpg,0
selection,cross_same_same,86,12,0086_2.jpg,0012_4.jpg,0
selection,cross_same_same,86,15,0086_2.jpg,0015_4.jpg,0
selection,cross_same_same,86,18,0086_2.jpg,0018_4.jpg,0
selection,cross_same_same,86,35,0086_2.jpg,0035_4.jpg,0
selection,cross_same_same,86,42,0086_2.jpg,0042_4.jpg,0
selection,cross_same_same,86,43,0086_2.jpg,0043_4.jpg,0
selection,cross_same_same,86,60,0086_2.jpg,0060_4.jpg,0
selection,cross_same_same,86,66,0086_2.jpg,0066_4.jpg,0
selection,cross_same_same,86,67,0086_2.jpg,0067_4.jpg,0
selection,cross_same_same,86,79,0086_2.jpg,0079_4.jpg,0
selection,cross_same_same,86,86,0086_2.jpg,0086_4.jpg,1
selection,cross_same_same,86,87,0086_2.jpg,0087_4.jpg,0
selection,cross_same_same,86,89,0086_2.jpg,0089_4.jpg,0
selection,cross_same_same,86,91,0086_2.jpg,0091_4.jpg,0
selection,cross_same_same,86,93,0086_2.jpg,0093_4.jpg,0
selection,cross_same_same,86,106,0086_2.jpg,0106_4.jpg,0
selection,cross_same_same,86,109,0086_2.jpg,0109_4.jpg,0
selection,cross_same_same,86,114,0086_2.jpg,0114_4.jpg,0
selection,cross_same_same,86,130,0086_2.jpg,0130_4.jpg,0
selection,cross_same_same,86,132,0086_2.jpg,0132_4.jpg,0
selection,cross_same_same,86,148,0086_2.jpg,0148_4.jpg,0
selection,cross_same_same,86,154,0086_2.jpg,0154_4.jpg,0
selection,cross_same_same,86,161,0086_2.jpg,0161_4.jpg,0
selection,cross_same_same,86,200,0086_2.jpg,0200_4.jpg,0
selection,cross_same_same,86,204,0086_2.jpg,0204_4.jpg,0
selection,cross_same_same,86,216,0086_2.jpg,0216_4.jpg,0
selection,cross_same_same,86,219,0086_2.jpg,0219_4.jpg,0
selection,cross_same_same,86,224,0086_2.jpg,0224_4.jpg,0
selection,cross_same_same,86,237,0086_2.jpg,0237_4.jpg,0
selection,cross_same_same,86,239,0086_2.jpg,0239_4.jpg,0
selection,cross_same_same,86,248,0086_2.jpg,0248_4.jpg,0
selection,cross_same_same,86,266,0086_2.jpg,0266_4.jpg,0
selection,cross_same_same,86,271,0086_2.jpg,0271_4.jpg,0
selection,cross_same_same,86,279,0086_2.jpg,0279_4.jpg,0
selection,cross_same_same,86,282,0086_2.jpg,0282_4.jpg,0
selection,cross_same_same,87,6,0087_2.jpg,0006_4.jpg,0
selection,cross_same_same,87,12,0087_2.jpg,0012_4.jpg,0
selection,cross_same_same,87,15,0087_2.jpg,0015_4.jpg,0
selection,cross_same_same,87,18,0087_2.jpg,0018_4.jpg,0
selection,cross_same_same,87,35,0087_2.jpg,0035_4.jpg,0
selection,cross_same_same,87,42,0087_2.jpg,0042_4.jpg,0
selection,cross_same_same,87,43,0087_2.jpg,0043_4.jpg,0
selection,cross_same_same,87,60,0087_2.jpg,0060_4.jpg,0
selection,cross_same_same,87,66,0087_2.jpg,0066_4.jpg,0
selection,cross_same_same,87,67,0087_2.jpg,0067_4.jpg,0
selection,cross_same_same,87,79,0087_2.jpg,0079_4.jpg,0
selection,cross_same_same,87,86,0087_2.jpg,0086_4.jpg,0
selection,cross_same_same,87,87,0087_2.jpg,0087_4.jpg,1
selection,cross_same_same,87,89,0087_2.jpg,0089_4.jpg,0
selection,cross_same_same,87,91,0087_2.jpg,0091_4.jpg,0
selection,cross_same_same,87,93,0087_2.jpg,0093_4.jpg,0
selection,cross_same_same,87,106,0087_2.jpg,0106_4.jpg,0
selection,cross_same_same,87,109,0087_2.jpg,0109_4.jpg,0
selection,cross_same_same,87,114,0087_2.jpg,0114_4.jpg,0
selection,cross_same_same,87,130,0087_2.jpg,0130_4.jpg,0
selection,cross_same_same,87,132,0087_2.jpg,0132_4.jpg,0
selection,cross_same_same,87,148,0087_2.jpg,0148_4.jpg,0
selection,cross_same_same,87,154,0087_2.jpg,0154_4.jpg,0
selection,cross_same_same,87,161,0087_2.jpg,0161_4.jpg,0
selection,cross_same_same,87,200,0087_2.jpg,0200_4.jpg,0
selection,cross_same_same,87,204,0087_2.jpg,0204_4.jpg,0
selection,cross_same_same,87,216,0087_2.jpg,0216_4.jpg,0
selection,cross_same_same,87,219,0087_2.jpg,0219_4.jpg,0
selection,cross_same_same,87,224,0087_2.jpg,0224_4.jpg,0
selection,cross_same_same,87,237,0087_2.jpg,0237_4.jpg,0
selection,cross_same_same,87,239,0087_2.jpg,0239_4.jpg,0
selection,cross_same_same,87,248,0087_2.jpg,0248_4.jpg,0
selection,cross_same_same,87,266,0087_2.jpg,0266_4.jpg,0
selection,cross_same_same,87,271,0087_2.jpg,0271_4.jpg,0
selection,cross_same_same,87,279,0087_2.jpg,0279_4.jpg,0
selection,cross_same_same,87,282,0087_2.jpg,0282_4.jpg,0
selection,cross_same_same,89,6,0089_2.jpg,0006_4.jpg,0
selection,cross_same_same,89,12,0089_2.jpg,0012_4.jpg,0
selection,cross_same_same,89,15,0089_2.jpg,0015_4.jpg,0
selection,cross_same_same,89,18,0089_2.jpg,0018_4.jpg,0
selection,cross_same_same,89,35,0089_2.jpg,0035_4.jpg,0
selection,cross_same_same,89,42,0089_2.jpg,0042_4.jpg,0
selection,cross_same_same,89,43,0089_2.jpg,0043_4.jpg,0
selection,cross_same_same,89,60,0089_2.jpg,0060_4.jpg,0
selection,cross_same_same,89,66,0089_2.jpg,0066_4.jpg,0
selection,cross_same_same,89,67,0089_2.jpg,0067_4.jpg,0
selection,cross_same_same,89,79,0089_2.jpg,0079_4.jpg,0
selection,cross_same_same,89,86,0089_2.jpg,0086_4.jpg,0
selection,cross_same_same,89,87,0089_2.jpg,0087_4.jpg,0
selection,cross_same_same,89,89,0089_2.jpg,0089_4.jpg,1
selection,cross_same_same,89,91,0089_2.jpg,0091_4.jpg,0
selection,cross_same_same,89,93,0089_2.jpg,0093_4.jpg,0
selection,cross_same_same,89,106,0089_2.jpg,0106_4.jpg,0
selection,cross_same_same,89,109,0089_2.jpg,0109_4.jpg,0
selection,cross_same_same,89,114,0089_2.jpg,0114_4.jpg,0
selection,cross_same_same,89,130,0089_2.jpg,0130_4.jpg,0
selection,cross_same_same,89,132,0089_2.jpg,0132_4.jpg,0
selection,cross_same_same,89,148,0089_2.jpg,0148_4.jpg,0
selection,cross_same_same,89,154,0089_2.jpg,0154_4.jpg,0
selection,cross_same_same,89,161,0089_2.jpg,0161_4.jpg,0
selection,cross_same_same,89,200,0089_2.jpg,0200_4.jpg,0
selection,cross_same_same,89,204,0089_2.jpg,0204_4.jpg,0
selection,cross_same_same,89,216,0089_2.jpg,0216_4.jpg,0
selection,cross_same_same,89,219,0089_2.jpg,0219_4.jpg,0
selection,cross_same_same,89,224,0089_2.jpg,0224_4.jpg,0
selection,cross_same_same,89,237,0089_2.jpg,0237_4.jpg,0
selection,cross_same_same,89,239,0089_2.jpg,0239_4.jpg,0
selection,cross_same_same,89,248,0089_2.jpg,0248_4.jpg,0
selection,cross_same_same,89,266,0089_2.jpg,0266_4.jpg,0
selection,cross_same_same,89,271,0089_2.jpg,0271_4.jpg,0
selection,cross_same_same,89,279,0089_2.jpg,0279_4.jpg,0
selection,cross_same_same,89,282,0089_2.jpg,0282_4.jpg,0
selection,cross_same_same,91,6,0091_2.jpg,0006_4.jpg,0
selection,cross_same_same,91,12,0091_2.jpg,0012_4.jpg,0
selection,cross_same_same,91,15,0091_2.jpg,0015_4.jpg,0
selection,cross_same_same,91,18,0091_2.jpg,0018_4.jpg,0
selection,cross_same_same,91,35,0091_2.jpg,0035_4.jpg,0
selection,cross_same_same,91,42,0091_2.jpg,0042_4.jpg,0
selection,cross_same_same,91,43,0091_2.jpg,0043_4.jpg,0
selection,cross_same_same,91,60,0091_2.jpg,0060_4.jpg,0
selection,cross_same_same,91,66,0091_2.jpg,0066_4.jpg,0
selection,cross_same_same,91,67,0091_2.jpg,0067_4.jpg,0
selection,cross_same_same,91,79,0091_2.jpg,0079_4.jpg,0
selection,cross_same_same,91,86,0091_2.jpg,0086_4.jpg,0
selection,cross_same_same,91,87,0091_2.jpg,0087_4.jpg,0
selection,cross_same_same,91,89,0091_2.jpg,0089_4.jpg,0
selection,cross_same_same,91,91,0091_2.jpg,0091_4.jpg,1
selection,cross_same_same,91,93,0091_2.jpg,0093_4.jpg,0
selection,cross_same_same,91,106,0091_2.jpg,0106_4.jpg,0
selection,cross_same_same,91,109,0091_2.jpg,0109_4.jpg,0
selection,cross_same_same,91,114,0091_2.jpg,0114_4.jpg,0
selection,cross_same_same,91,130,0091_2.jpg,0130_4.jpg,0
selection,cross_same_same,91,132,0091_2.jpg,0132_4.jpg,0
selection,cross_same_same,91,148,0091_2.jpg,0148_4.jpg,0
selection,cross_same_same,91,154,0091_2.jpg,0154_4.jpg,0
selection,cross_same_same,91,161,0091_2.jpg,0161_4.jpg,0
selection,cross_same_same,91,200,0091_2.jpg,0200_4.jpg,0
selection,cross_same_same,91,204,0091_2.jpg,0204_4.jpg,0
selection,cross_same_same,91,216,0091_2.jpg,0216_4.jpg,0
selection,cross_same_same,91,219,0091_2.jpg,0219_4.jpg,0
selection,cross_same_same,91,224,0091_2.jpg,0224_4.jpg,0
selection,cross_same_same,91,237,0091_2.jpg,0237_4.jpg,0
selection,cross_same_same,91,239,0091_2.jpg,0239_4.jpg,0
selection,cross_same_same,91,248,0091_2.jpg,0248_4.jpg,0
selection,cross_same_same,91,266,0091_2.jpg,0266_4.jpg,0
selection,cross_same_same,91,271,0091_2.jpg,0271_4.jpg,0
selection,cross_same_same,91,279,0091_2.jpg,0279_4.jpg,0
selection,cross_same_same,91,282,0091_2.jpg,0282_4.jpg,0
selection,cross_same_same,93,6,0093_2.jpg,0006_4.jpg,0
selection,cross_same_same,93,12,0093_2.jpg,0012_4.jpg,0
selection,cross_same_same,93,15,0093_2.jpg,0015_4.jpg,0
selection,cross_same_same,93,18,0093_2.jpg,0018_4.jpg,0
selection,cross_same_same,93,35,0093_2.jpg,0035_4.jpg,0
selection,cross_same_same,93,42,0093_2.jpg,0042_4.jpg,0
selection,cross_same_same,93,43,0093_2.jpg,0043_4.jpg,0
selection,cross_same_same,93,60,0093_2.jpg,0060_4.jpg,0
selection,cross_same_same,93,66,0093_2.jpg,0066_4.jpg,0
selection,cross_same_same,93,67,0093_2.jpg,0067_4.jpg,0
selection,cross_same_same,93,79,0093_2.jpg,0079_4.jpg,0
selection,cross_same_same,93,86,0093_2.jpg,0086_4.jpg,0
selection,cross_same_same,93,87,0093_2.jpg,0087_4.jpg,0
selection,cross_same_same,93,89,0093_2.jpg,0089_4.jpg,0
selection,cross_same_same,93,91,0093_2.jpg,0091_4.jpg,0
selection,cross_same_same,93,93,0093_2.jpg,0093_4.jpg,1
selection,cross_same_same,93,106,0093_2.jpg,0106_4.jpg,0
selection,cross_same_same,93,109,0093_2.jpg,0109_4.jpg,0
selection,cross_same_same,93,114,0093_2.jpg,0114_4.jpg,0
selection,cross_same_same,93,130,0093_2.jpg,0130_4.jpg,0
selection,cross_same_same,93,132,0093_2.jpg,0132_4.jpg,0
selection,cross_same_same,93,148,0093_2.jpg,0148_4.jpg,0
selection,cross_same_same,93,154,0093_2.jpg,0154_4.jpg,0
selection,cross_same_same,93,161,0093_2.jpg,0161_4.jpg,0
selection,cross_same_same,93,200,0093_2.jpg,0200_4.jpg,0
selection,cross_same_same,93,204,0093_2.jpg,0204_4.jpg,0
selection,cross_same_same,93,216,0093_2.jpg,0216_4.jpg,0
selection,cross_same_same,93,219,0093_2.jpg,0219_4.jpg,0
selection,cross_same_same,93,224,0093_2.jpg,0224_4.jpg,0
selection,cross_same_same,93,237,0093_2.jpg,0237_4.jpg,0
selection,cross_same_same,93,239,0093_2.jpg,0239_4.jpg,0
selection,cross_same_same,93,248,0093_2.jpg,0248_4.jpg,0
selection,cross_same_same,93,266,0093_2.jpg,0266_4.jpg,0
selection,cross_same_same,93,271,0093_2.jpg,0271_4.jpg,0
selection,cross_same_same,93,279,0093_2.jpg,0279_4.jpg,0
selection,cross_same_same,93,282,0093_2.jpg,0282_4.jpg,0
selection,cross_same_same,106,6,0106_2.jpg,0006_4.jpg,0
selection,cross_same_same,106,12,0106_2.jpg,0012_4.jpg,0
selection,cross_same_same,106,15,0106_2.jpg,0015_4.jpg,0
selection,cross_same_same,106,18,0106_2.jpg,0018_4.jpg,0
selection,cross_same_same,106,35,0106_2.jpg,0035_4.jpg,0
selection,cross_same_same,106,42,0106_2.jpg,0042_4.jpg,0
selection,cross_same_same,106,43,0106_2.jpg,0043_4.jpg,0
selection,cross_same_same,106,60,0106_2.jpg,0060_4.jpg,0
selection,cross_same_same,106,66,0106_2.jpg,0066_4.jpg,0
selection,cross_same_same,106,67,0106_2.jpg,0067_4.jpg,0
selection,cross_same_same,106,79,0106_2.jpg,0079_4.jpg,0
selection,cross_same_same,106,86,0106_2.jpg,0086_4.jpg,0
selection,cross_same_same,106,87,0106_2.jpg,0087_4.jpg,0
selection,cross_same_same,106,89,0106_2.jpg,0089_4.jpg,0
selection,cross_same_same,106,91,0106_2.jpg,0091_4.jpg,0
selection,cross_same_same,106,93,0106_2.jpg,0093_4.jpg,0
selection,cross_same_same,106,106,0106_2.jpg,0106_4.jpg,1
selection,cross_same_same,106,109,0106_2.jpg,0109_4.jpg,0
selection,cross_same_same,106,114,0106_2.jpg,0114_4.jpg,0
selection,cross_same_same,106,130,0106_2.jpg,0130_4.jpg,0
selection,cross_same_same,106,132,0106_2.jpg,0132_4.jpg,0
selection,cross_same_same,106,148,0106_2.jpg,0148_4.jpg,0
selection,cross_same_same,106,154,0106_2.jpg,0154_4.jpg,0
selection,cross_same_same,106,161,0106_2.jpg,0161_4.jpg,0
selection,cross_same_same,106,200,0106_2.jpg,0200_4.jpg,0
selection,cross_same_same,106,204,0106_2.jpg,0204_4.jpg,0
selection,cross_same_same,106,216,0106_2.jpg,0216_4.jpg,0
selection,cross_same_same,106,219,0106_2.jpg,0219_4.jpg,0
selection,cross_same_same,106,224,0106_2.jpg,0224_4.jpg,0
selection,cross_same_same,106,237,0106_2.jpg,0237_4.jpg,0
selection,cross_same_same,106,239,0106_2.jpg,0239_4.jpg,0
selection,cross_same_same,106,248,0106_2.jpg,0248_4.jpg,0
selection,cross_same_same,106,266,0106_2.jpg,0266_4.jpg,0
selection,cross_same_same,106,271,0106_2.jpg,0271_4.jpg,0
selection,cross_same_same,106,279,0106_2.jpg,0279_4.jpg,0
selection,cross_same_same,106,282,0106_2.jpg,0282_4.jpg,0
selection,cross_same_same,109,6,0109_2.jpg,0006_4.jpg,0
selection,cross_same_same,109,12,0109_2.jpg,0012_4.jpg,0
selection,cross_same_same,109,15,0109_2.jpg,0015_4.jpg,0
selection,cross_same_same,109,18,0109_2.jpg,0018_4.jpg,0
selection,cross_same_same,109,35,0109_2.jpg,0035_4.jpg,0
selection,cross_same_same,109,42,0109_2.jpg,0042_4.jpg,0
selection,cross_same_same,109,43,0109_2.jpg,0043_4.jpg,0
selection,cross_same_same,109,60,0109_2.jpg,0060_4.jpg,0
selection,cross_same_same,109,66,0109_2.jpg,0066_4.jpg,0
selection,cross_same_same,109,67,0109_2.jpg,0067_4.jpg,0
selection,cross_same_same,109,79,0109_2.jpg,0079_4.jpg,0
selection,cross_same_same,109,86,0109_2.jpg,0086_4.jpg,0
selection,cross_same_same,109,87,0109_2.jpg,0087_4.jpg,0
selection,cross_same_same,109,89,0109_2.jpg,0089_4.jpg,0
selection,cross_same_same,109,91,0109_2.jpg,0091_4.jpg,0
selection,cross_same_same,109,93,0109_2.jpg,0093_4.jpg,0
selection,cross_same_same,109,106,0109_2.jpg,0106_4.jpg,0
selection,cross_same_same,109,109,0109_2.jpg,0109_4.jpg,1
selection,cross_same_same,109,114,0109_2.jpg,0114_4.jpg,0
selection,cross_same_same,109,130,0109_2.jpg,0130_4.jpg,0
selection,cross_same_same,109,132,0109_2.jpg,0132_4.jpg,0
selection,cross_same_same,109,148,0109_2.jpg,0148_4.jpg,0
selection,cross_same_same,109,154,0109_2.jpg,0154_4.jpg,0
selection,cross_same_same,109,161,0109_2.jpg,0161_4.jpg,0
selection,cross_same_same,109,200,0109_2.jpg,0200_4.jpg,0
selection,cross_same_same,109,204,0109_2.jpg,0204_4.jpg,0
selection,cross_same_same,109,216,0109_2.jpg,0216_4.jpg,0
selection,cross_same_same,109,219,0109_2.jpg,0219_4.jpg,0
selection,cross_same_same,109,224,0109_2.jpg,0224_4.jpg,0
selection,cross_same_same,109,237,0109_2.jpg,0237_4.jpg,0
selection,cross_same_same,109,239,0109_2.jpg,0239_4.jpg,0
selection,cross_same_same,109,248,0109_2.jpg,0248_4.jpg,0
selection,cross_same_same,109,266,0109_2.jpg,0266_4.jpg,0
selection,cross_same_same,109,271,0109_2.jpg,0271_4.jpg,0
selection,cross_same_same,109,279,0109_2.jpg,0279_4.jpg,0
selection,cross_same_same,109,282,0109_2.jpg,0282_4.jpg,0
selection,cross_same_same,114,6,0114_2.jpg,0006_4.jpg,0
selection,cross_same_same,114,12,0114_2.jpg,0012_4.jpg,0
selection,cross_same_same,114,15,0114_2.jpg,0015_4.jpg,0
selection,cross_same_same,114,18,0114_2.jpg,0018_4.jpg,0
selection,cross_same_same,114,35,0114_2.jpg,0035_4.jpg,0
selection,cross_same_same,114,42,0114_2.jpg,0042_4.jpg,0
selection,cross_same_same,114,43,0114_2.jpg,0043_4.jpg,0
selection,cross_same_same,114,60,0114_2.jpg,0060_4.jpg,0
selection,cross_same_same,114,66,0114_2.jpg,0066_4.jpg,0
selection,cross_same_same,114,67,0114_2.jpg,0067_4.jpg,0
selection,cross_same_same,114,79,0114_2.jpg,0079_4.jpg,0
selection,cross_same_same,114,86,0114_2.jpg,0086_4.jpg,0
selection,cross_same_same,114,87,0114_2.jpg,0087_4.jpg,0
selection,cross_same_same,114,89,0114_2.jpg,0089_4.jpg,0
selection,cross_same_same,114,91,0114_2.jpg,0091_4.jpg,0
selection,cross_same_same,114,93,0114_2.jpg,0093_4.jpg,0
selection,cross_same_same,114,106,0114_2.jpg,0106_4.jpg,0
selection,cross_same_same,114,109,0114_2.jpg,0109_4.jpg,0
selection,cross_same_same,114,114,0114_2.jpg,0114_4.jpg,1
selection,cross_same_same,114,130,0114_2.jpg,0130_4.jpg,0
selection,cross_same_same,114,132,0114_2.jpg,0132_4.jpg,0
selection,cross_same_same,114,148,0114_2.jpg,0148_4.jpg,0
selection,cross_same_same,114,154,0114_2.jpg,0154_4.jpg,0
selection,cross_same_same,114,161,0114_2.jpg,0161_4.jpg,0
selection,cross_same_same,114,200,0114_2.jpg,0200_4.jpg,0
selection,cross_same_same,114,204,0114_2.jpg,0204_4.jpg,0
selection,cross_same_same,114,216,0114_2.jpg,0216_4.jpg,0
selection,cross_same_same,114,219,0114_2.jpg,0219_4.jpg,0
selection,cross_same_same,114,224,0114_2.jpg,0224_4.jpg,0
selection,cross_same_same,114,237,0114_2.jpg,0237_4.jpg,0
selection,cross_same_same,114,239,0114_2.jpg,0239_4.jpg,0
selection,cross_same_same,114,248,0114_2.jpg,0248_4.jpg,0
selection,cross_same_same,114,266,0114_2.jpg,0266_4.jpg,0
selection,cross_same_same,114,271,0114_2.jpg,0271_4.jpg,0
selection,cross_same_same,114,279,0114_2.jpg,0279_4.jpg,0
selection,cross_same_same,114,282,0114_2.jpg,0282_4.jpg,0
selection,cross_same_same,130,6,0130_2.jpg,0006_4.jpg,0
selection,cross_same_same,130,12,0130_2.jpg,0012_4.jpg,0
selection,cross_same_same,130,15,0130_2.jpg,0015_4.jpg,0
selection,cross_same_same,130,18,0130_2.jpg,0018_4.jpg,0
selection,cross_same_same,130,35,0130_2.jpg,0035_4.jpg,0
selection,cross_same_same,130,42,0130_2.jpg,0042_4.jpg,0
selection,cross_same_same,130,43,0130_2.jpg,0043_4.jpg,0
selection,cross_same_same,130,60,0130_2.jpg,0060_4.jpg,0
selection,cross_same_same,130,66,0130_2.jpg,0066_4.jpg,0
selection,cross_same_same,130,67,0130_2.jpg,0067_4.jpg,0
selection,cross_same_same,130,79,0130_2.jpg,0079_4.jpg,0
selection,cross_same_same,130,86,0130_2.jpg,0086_4.jpg,0
selection,cross_same_same,130,87,0130_2.jpg,0087_4.jpg,0
selection,cross_same_same,130,89,0130_2.jpg,0089_4.jpg,0
selection,cross_same_same,130,91,0130_2.jpg,0091_4.jpg,0
selection,cross_same_same,130,93,0130_2.jpg,0093_4.jpg,0
selection,cross_same_same,130,106,0130_2.jpg,0106_4.jpg,0
selection,cross_same_same,130,109,0130_2.jpg,0109_4.jpg,0
selection,cross_same_same,130,114,0130_2.jpg,0114_4.jpg,0
selection,cross_same_same,130,130,0130_2.jpg,0130_4.jpg,1
selection,cross_same_same,130,132,0130_2.jpg,0132_4.jpg,0
selection,cross_same_same,130,148,0130_2.jpg,0148_4.jpg,0
selection,cross_same_same,130,154,0130_2.jpg,0154_4.jpg,0
selection,cross_same_same,130,161,0130_2.jpg,0161_4.jpg,0
selection,cross_same_same,130,200,0130_2.jpg,0200_4.jpg,0
selection,cross_same_same,130,204,0130_2.jpg,0204_4.jpg,0
selection,cross_same_same,130,216,0130_2.jpg,0216_4.jpg,0
selection,cross_same_same,130,219,0130_2.jpg,0219_4.jpg,0
selection,cross_same_same,130,224,0130_2.jpg,0224_4.jpg,0
selection,cross_same_same,130,237,0130_2.jpg,0237_4.jpg,0
selection,cross_same_same,130,239,0130_2.jpg,0239_4.jpg,0
selection,cross_same_same,130,248,0130_2.jpg,0248_4.jpg,0
selection,cross_same_same,130,266,0130_2.jpg,0266_4.jpg,0
selection,cross_same_same,130,271,0130_2.jpg,0271_4.jpg,0
selection,cross_same_same,130,279,0130_2.jpg,0279_4.jpg,0
selection,cross_same_same,130,282,0130_2.jpg,0282_4.jpg,0
selection,cross_same_same,132,6,0132_2.jpg,0006_4.jpg,0
selection,cross_same_same,132,12,0132_2.jpg,0012_4.jpg,0
selection,cross_same_same,132,15,0132_2.jpg,0015_4.jpg,0
selection,cross_same_same,132,18,0132_2.jpg,0018_4.jpg,0
selection,cross_same_same,132,35,0132_2.jpg,0035_4.jpg,0
selection,cross_same_same,132,42,0132_2.jpg,0042_4.jpg,0
selection,cross_same_same,132,43,0132_2.jpg,0043_4.jpg,0
selection,cross_same_same,132,60,0132_2.jpg,0060_4.jpg,0
selection,cross_same_same,132,66,0132_2.jpg,0066_4.jpg,0
selection,cross_same_same,132,67,0132_2.jpg,0067_4.jpg,0
selection,cross_same_same,132,79,0132_2.jpg,0079_4.jpg,0
selection,cross_same_same,132,86,0132_2.jpg,0086_4.jpg,0
selection,cross_same_same,132,87,0132_2.jpg,0087_4.jpg,0
selection,cross_same_same,132,89,0132_2.jpg,0089_4.jpg,0
selection,cross_same_same,132,91,0132_2.jpg,0091_4.jpg,0
selection,cross_same_same,132,93,0132_2.jpg,0093_4.jpg,0
selection,cross_same_same,132,106,0132_2.jpg,0106_4.jpg,0
selection,cross_same_same,132,109,0132_2.jpg,0109_4.jpg,0
selection,cross_same_same,132,114,0132_2.jpg,0114_4.jpg,0
selection,cross_same_same,132,130,0132_2.jpg,0130_4.jpg,0
selection,cross_same_same,132,132,0132_2.jpg,0132_4.jpg,1
selection,cross_same_same,132,148,0132_2.jpg,0148_4.jpg,0
selection,cross_same_same,132,154,0132_2.jpg,0154_4.jpg,0
selection,cross_same_same,132,161,0132_2.jpg,0161_4.jpg,0
selection,cross_same_same,132,200,0132_2.jpg,0200_4.jpg,0
selection,cross_same_same,132,204,0132_2.jpg,0204_4.jpg,0
selection,cross_same_same,132,216,0132_2.jpg,0216_4.jpg,0
selection,cross_same_same,132,219,0132_2.jpg,0219_4.jpg,0
selection,cross_same_same,132,224,0132_2.jpg,0224_4.jpg,0
selection,cross_same_same,132,237,0132_2.jpg,0237_4.jpg,0
selection,cross_same_same,132,239,0132_2.jpg,0239_4.jpg,0
selection,cross_same_same,132,248,0132_2.jpg,0248_4.jpg,0
selection,cross_same_same,132,266,0132_2.jpg,0266_4.jpg,0
selection,cross_same_same,132,271,0132_2.jpg,0271_4.jpg,0
selection,cross_same_same,132,279,0132_2.jpg,0279_4.jpg,0
selection,cross_same_same,132,282,0132_2.jpg,0282_4.jpg,0
selection,cross_same_same,148,6,0148_2.jpg,0006_4.jpg,0
selection,cross_same_same,148,12,0148_2.jpg,0012_4.jpg,0
selection,cross_same_same,148,15,0148_2.jpg,0015_4.jpg,0
selection,cross_same_same,148,18,0148_2.jpg,0018_4.jpg,0
selection,cross_same_same,148,35,0148_2.jpg,0035_4.jpg,0
selection,cross_same_same,148,42,0148_2.jpg,0042_4.jpg,0
selection,cross_same_same,148,43,0148_2.jpg,0043_4.jpg,0
selection,cross_same_same,148,60,0148_2.jpg,0060_4.jpg,0
selection,cross_same_same,148,66,0148_2.jpg,0066_4.jpg,0
selection,cross_same_same,148,67,0148_2.jpg,0067_4.jpg,0
selection,cross_same_same,148,79,0148_2.jpg,0079_4.jpg,0
selection,cross_same_same,148,86,0148_2.jpg,0086_4.jpg,0
selection,cross_same_same,148,87,0148_2.jpg,0087_4.jpg,0
selection,cross_same_same,148,89,0148_2.jpg,0089_4.jpg,0
selection,cross_same_same,148,91,0148_2.jpg,0091_4.jpg,0
selection,cross_same_same,148,93,0148_2.jpg,0093_4.jpg,0
selection,cross_same_same,148,106,0148_2.jpg,0106_4.jpg,0
selection,cross_same_same,148,109,0148_2.jpg,0109_4.jpg,0
selection,cross_same_same,148,114,0148_2.jpg,0114_4.jpg,0
selection,cross_same_same,148,130,0148_2.jpg,0130_4.jpg,0
selection,cross_same_same,148,132,0148_2.jpg,0132_4.jpg,0
selection,cross_same_same,148,148,0148_2.jpg,0148_4.jpg,1
selection,cross_same_same,148,154,0148_2.jpg,0154_4.jpg,0
selection,cross_same_same,148,161,0148_2.jpg,0161_4.jpg,0
selection,cross_same_same,148,200,0148_2.jpg,0200_4.jpg,0
selection,cross_same_same,148,204,0148_2.jpg,0204_4.jpg,0
selection,cross_same_same,148,216,0148_2.jpg,0216_4.jpg,0
selection,cross_same_same,148,219,0148_2.jpg,0219_4.jpg,0
selection,cross_same_same,148,224,0148_2.jpg,0224_4.jpg,0
selection,cross_same_same,148,237,0148_2.jpg,0237_4.jpg,0
selection,cross_same_same,148,239,0148_2.jpg,0239_4.jpg,0
selection,cross_same_same,148,248,0148_2.jpg,0248_4.jpg,0
selection,cross_same_same,148,266,0148_2.jpg,0266_4.jpg,0
selection,cross_same_same,148,271,0148_2.jpg,0271_4.jpg,0
selection,cross_same_same,148,279,0148_2.jpg,0279_4.jpg,0
selection,cross_same_same,148,282,0148_2.jpg,0282_4.jpg,0
selection,cross_same_same,154,6,0154_2.jpg,0006_4.jpg,0
selection,cross_same_same,154,12,0154_2.jpg,0012_4.jpg,0
selection,cross_same_same,154,15,0154_2.jpg,0015_4.jpg,0
selection,cross_same_same,154,18,0154_2.jpg,0018_4.jpg,0
selection,cross_same_same,154,35,0154_2.jpg,0035_4.jpg,0
selection,cross_same_same,154,42,0154_2.jpg,0042_4.jpg,0
selection,cross_same_same,154,43,0154_2.jpg,0043_4.jpg,0
selection,cross_same_same,154,60,0154_2.jpg,0060_4.jpg,0
selection,cross_same_same,154,66,0154_2.jpg,0066_4.jpg,0
selection,cross_same_same,154,67,0154_2.jpg,0067_4.jpg,0
selection,cross_same_same,154,79,0154_2.jpg,0079_4.jpg,0
selection,cross_same_same,154,86,0154_2.jpg,0086_4.jpg,0
selection,cross_same_same,154,87,0154_2.jpg,0087_4.jpg,0
selection,cross_same_same,154,89,0154_2.jpg,0089_4.jpg,0
selection,cross_same_same,154,91,0154_2.jpg,0091_4.jpg,0
selection,cross_same_same,154,93,0154_2.jpg,0093_4.jpg,0
selection,cross_same_same,154,106,0154_2.jpg,0106_4.jpg,0
selection,cross_same_same,154,109,0154_2.jpg,0109_4.jpg,0
selection,cross_same_same,154,114,0154_2.jpg,0114_4.jpg,0
selection,cross_same_same,154,130,0154_2.jpg,0130_4.jpg,0
selection,cross_same_same,154,132,0154_2.jpg,0132_4.jpg,0
selection,cross_same_same,154,148,0154_2.jpg,0148_4.jpg,0
selection,cross_same_same,154,154,0154_2.jpg,0154_4.jpg,1
selection,cross_same_same,154,161,0154_2.jpg,0161_4.jpg,0
selection,cross_same_same,154,200,0154_2.jpg,0200_4.jpg,0
selection,cross_same_same,154,204,0154_2.jpg,0204_4.jpg,0
selection,cross_same_same,154,216,0154_2.jpg,0216_4.jpg,0
selection,cross_same_same,154,219,0154_2.jpg,0219_4.jpg,0
selection,cross_same_same,154,224,0154_2.jpg,0224_4.jpg,0
selection,cross_same_same,154,237,0154_2.jpg,0237_4.jpg,0
selection,cross_same_same,154,239,0154_2.jpg,0239_4.jpg,0
selection,cross_same_same,154,248,0154_2.jpg,0248_4.jpg,0
selection,cross_same_same,154,266,0154_2.jpg,0266_4.jpg,0
selection,cross_same_same,154,271,0154_2.jpg,0271_4.jpg,0
selection,cross_same_same,154,279,0154_2.jpg,0279_4.jpg,0
selection,cross_same_same,154,282,0154_2.jpg,0282_4.jpg,0
selection,cross_same_same,161,6,0161_2.jpg,0006_4.jpg,0
selection,cross_same_same,161,12,0161_2.jpg,0012_4.jpg,0
selection,cross_same_same,161,15,0161_2.jpg,0015_4.jpg,0
selection,cross_same_same,161,18,0161_2.jpg,0018_4.jpg,0
selection,cross_same_same,161,35,0161_2.jpg,0035_4.jpg,0
selection,cross_same_same,161,42,0161_2.jpg,0042_4.jpg,0
selection,cross_same_same,161,43,0161_2.jpg,0043_4.jpg,0
selection,cross_same_same,161,60,0161_2.jpg,0060_4.jpg,0
selection,cross_same_same,161,66,0161_2.jpg,0066_4.jpg,0
selection,cross_same_same,161,67,0161_2.jpg,0067_4.jpg,0
selection,cross_same_same,161,79,0161_2.jpg,0079_4.jpg,0
selection,cross_same_same,161,86,0161_2.jpg,0086_4.jpg,0
selection,cross_same_same,161,87,0161_2.jpg,0087_4.jpg,0
selection,cross_same_same,161,89,0161_2.jpg,0089_4.jpg,0
selection,cross_same_same,161,91,0161_2.jpg,0091_4.jpg,0
selection,cross_same_same,161,93,0161_2.jpg,0093_4.jpg,0
selection,cross_same_same,161,106,0161_2.jpg,0106_4.jpg,0
selection,cross_same_same,161,109,0161_2.jpg,0109_4.jpg,0
selection,cross_same_same,161,114,0161_2.jpg,0114_4.jpg,0
selection,cross_same_same,161,130,0161_2.jpg,0130_4.jpg,0
selection,cross_same_same,161,132,0161_2.jpg,0132_4.jpg,0
selection,cross_same_same,161,148,0161_2.jpg,0148_4.jpg,0
selection,cross_same_same,161,154,0161_2.jpg,0154_4.jpg,0
selection,cross_same_same,161,161,0161_2.jpg,0161_4.jpg,1
selection,cross_same_same,161,200,0161_2.jpg,0200_4.jpg,0
selection,cross_same_same,161,204,0161_2.jpg,0204_4.jpg,0
selection,cross_same_same,161,216,0161_2.jpg,0216_4.jpg,0
selection,cross_same_same,161,219,0161_2.jpg,0219_4.jpg,0
selection,cross_same_same,161,224,0161_2.jpg,0224_4.jpg,0
selection,cross_same_same,161,237,0161_2.jpg,0237_4.jpg,0
selection,cross_same_same,161,239,0161_2.jpg,0239_4.jpg,0
selection,cross_same_same,161,248,0161_2.jpg,0248_4.jpg,0
selection,cross_same_same,161,266,0161_2.jpg,0266_4.jpg,0
selection,cross_same_same,161,271,0161_2.jpg,0271_4.jpg,0
selection,cross_same_same,161,279,0161_2.jpg,0279_4.jpg,0
selection,cross_same_same,161,282,0161_2.jpg,0282_4.jpg,0
selection,cross_same_same,200,6,0200_2.jpg,0006_4.jpg,0
selection,cross_same_same,200,12,0200_2.jpg,0012_4.jpg,0
selection,cross_same_same,200,15,0200_2.jpg,0015_4.jpg,0
selection,cross_same_same,200,18,0200_2.jpg,0018_4.jpg,0
selection,cross_same_same,200,35,0200_2.jpg,0035_4.jpg,0
selection,cross_same_same,200,42,0200_2.jpg,0042_4.jpg,0
selection,cross_same_same,200,43,0200_2.jpg,0043_4.jpg,0
selection,cross_same_same,200,60,0200_2.jpg,0060_4.jpg,0
selection,cross_same_same,200,66,0200_2.jpg,0066_4.jpg,0
selection,cross_same_same,200,67,0200_2.jpg,0067_4.jpg,0
selection,cross_same_same,200,79,0200_2.jpg,0079_4.jpg,0
selection,cross_same_same,200,86,0200_2.jpg,0086_4.jpg,0
selection,cross_same_same,200,87,0200_2.jpg,0087_4.jpg,0
selection,cross_same_same,200,89,0200_2.jpg,0089_4.jpg,0
selection,cross_same_same,200,91,0200_2.jpg,0091_4.jpg,0
selection,cross_same_same,200,93,0200_2.jpg,0093_4.jpg,0
selection,cross_same_same,200,106,0200_2.jpg,0106_4.jpg,0
selection,cross_same_same,200,109,0200_2.jpg,0109_4.jpg,0
selection,cross_same_same,200,114,0200_2.jpg,0114_4.jpg,0
selection,cross_same_same,200,130,0200_2.jpg,0130_4.jpg,0
selection,cross_same_same,200,132,0200_2.jpg,0132_4.jpg,0
selection,cross_same_same,200,148,0200_2.jpg,0148_4.jpg,0
selection,cross_same_same,200,154,0200_2.jpg,0154_4.jpg,0
selection,cross_same_same,200,161,0200_2.jpg,0161_4.jpg,0
selection,cross_same_same,200,200,0200_2.jpg,0200_4.jpg,1
selection,cross_same_same,200,204,0200_2.jpg,0204_4.jpg,0
selection,cross_same_same,200,216,0200_2.jpg,0216_4.jpg,0
selection,cross_same_same,200,219,0200_2.jpg,0219_4.jpg,0
selection,cross_same_same,200,224,0200_2.jpg,0224_4.jpg,0
selection,cross_same_same,200,237,0200_2.jpg,0237_4.jpg,0
selection,cross_same_same,200,239,0200_2.jpg,0239_4.jpg,0
selection,cross_same_same,200,248,0200_2.jpg,0248_4.jpg,0
selection,cross_same_same,200,266,0200_2.jpg,0266_4.jpg,0
selection,cross_same_same,200,271,0200_2.jpg,0271_4.jpg,0
selection,cross_same_same,200,279,0200_2.jpg,0279_4.jpg,0
selection,cross_same_same,200,282,0200_2.jpg,0282_4.jpg,0
selection,cross_same_same,204,6,0204_2.jpg,0006_4.jpg,0
selection,cross_same_same,204,12,0204_2.jpg,0012_4.jpg,0
selection,cross_same_same,204,15,0204_2.jpg,0015_4.jpg,0
selection,cross_same_same,204,18,0204_2.jpg,0018_4.jpg,0
selection,cross_same_same,204,35,0204_2.jpg,0035_4.jpg,0
selection,cross_same_same,204,42,0204_2.jpg,0042_4.jpg,0
selection,cross_same_same,204,43,0204_2.jpg,0043_4.jpg,0
selection,cross_same_same,204,60,0204_2.jpg,0060_4.jpg,0
selection,cross_same_same,204,66,0204_2.jpg,0066_4.jpg,0
selection,cross_same_same,204,67,0204_2.jpg,0067_4.jpg,0
selection,cross_same_same,204,79,0204_2.jpg,0079_4.jpg,0
selection,cross_same_same,204,86,0204_2.jpg,0086_4.jpg,0
selection,cross_same_same,204,87,0204_2.jpg,0087_4.jpg,0
selection,cross_same_same,204,89,0204_2.jpg,0089_4.jpg,0
selection,cross_same_same,204,91,0204_2.jpg,0091_4.jpg,0
selection,cross_same_same,204,93,0204_2.jpg,0093_4.jpg,0
selection,cross_same_same,204,106,0204_2.jpg,0106_4.jpg,0
selection,cross_same_same,204,109,0204_2.jpg,0109_4.jpg,0
selection,cross_same_same,204,114,0204_2.jpg,0114_4.jpg,0
selection,cross_same_same,204,130,0204_2.jpg,0130_4.jpg,0
selection,cross_same_same,204,132,0204_2.jpg,0132_4.jpg,0
selection,cross_same_same,204,148,0204_2.jpg,0148_4.jpg,0
selection,cross_same_same,204,154,0204_2.jpg,0154_4.jpg,0
selection,cross_same_same,204,161,0204_2.jpg,0161_4.jpg,0
selection,cross_same_same,204,200,0204_2.jpg,0200_4.jpg,0
selection,cross_same_same,204,204,0204_2.jpg,0204_4.jpg,1
selection,cross_same_same,204,216,0204_2.jpg,0216_4.jpg,0
selection,cross_same_same,204,219,0204_2.jpg,0219_4.jpg,0
selection,cross_same_same,204,224,0204_2.jpg,0224_4.jpg,0
selection,cross_same_same,204,237,0204_2.jpg,0237_4.jpg,0
selection,cross_same_same,204,239,0204_2.jpg,0239_4.jpg,0
selection,cross_same_same,204,248,0204_2.jpg,0248_4.jpg,0
selection,cross_same_same,204,266,0204_2.jpg,0266_4.jpg,0
selection,cross_same_same,204,271,0204_2.jpg,0271_4.jpg,0
selection,cross_same_same,204,279,0204_2.jpg,0279_4.jpg,0
selection,cross_same_same,204,282,0204_2.jpg,0282_4.jpg,0
selection,cross_same_same,216,6,0216_2.jpg,0006_4.jpg,0
selection,cross_same_same,216,12,0216_2.jpg,0012_4.jpg,0
selection,cross_same_same,216,15,0216_2.jpg,0015_4.jpg,0
selection,cross_same_same,216,18,0216_2.jpg,0018_4.jpg,0
selection,cross_same_same,216,35,0216_2.jpg,0035_4.jpg,0
selection,cross_same_same,216,42,0216_2.jpg,0042_4.jpg,0
selection,cross_same_same,216,43,0216_2.jpg,0043_4.jpg,0
selection,cross_same_same,216,60,0216_2.jpg,0060_4.jpg,0
selection,cross_same_same,216,66,0216_2.jpg,0066_4.jpg,0
selection,cross_same_same,216,67,0216_2.jpg,0067_4.jpg,0
selection,cross_same_same,216,79,0216_2.jpg,0079_4.jpg,0
selection,cross_same_same,216,86,0216_2.jpg,0086_4.jpg,0
selection,cross_same_same,216,87,0216_2.jpg,0087_4.jpg,0
selection,cross_same_same,216,89,0216_2.jpg,0089_4.jpg,0
selection,cross_same_same,216,91,0216_2.jpg,0091_4.jpg,0
selection,cross_same_same,216,93,0216_2.jpg,0093_4.jpg,0
selection,cross_same_same,216,106,0216_2.jpg,0106_4.jpg,0
selection,cross_same_same,216,109,0216_2.jpg,0109_4.jpg,0
selection,cross_same_same,216,114,0216_2.jpg,0114_4.jpg,0
selection,cross_same_same,216,130,0216_2.jpg,0130_4.jpg,0
selection,cross_same_same,216,132,0216_2.jpg,0132_4.jpg,0
selection,cross_same_same,216,148,0216_2.jpg,0148_4.jpg,0
selection,cross_same_same,216,154,0216_2.jpg,0154_4.jpg,0
selection,cross_same_same,216,161,0216_2.jpg,0161_4.jpg,0
selection,cross_same_same,216,200,0216_2.jpg,0200_4.jpg,0
selection,cross_same_same,216,204,0216_2.jpg,0204_4.jpg,0
selection,cross_same_same,216,216,0216_2.jpg,0216_4.jpg,1
selection,cross_same_same,216,219,0216_2.jpg,0219_4.jpg,0
selection,cross_same_same,216,224,0216_2.jpg,0224_4.jpg,0
selection,cross_same_same,216,237,0216_2.jpg,0237_4.jpg,0
selection,cross_same_same,216,239,0216_2.jpg,0239_4.jpg,0
selection,cross_same_same,216,248,0216_2.jpg,0248_4.jpg,0
selection,cross_same_same,216,266,0216_2.jpg,0266_4.jpg,0
selection,cross_same_same,216,271,0216_2.jpg,0271_4.jpg,0
selection,cross_same_same,216,279,0216_2.jpg,0279_4.jpg,0
selection,cross_same_same,216,282,0216_2.jpg,0282_4.jpg,0
selection,cross_same_same,219,6,0219_2.jpg,0006_4.jpg,0
selection,cross_same_same,219,12,0219_2.jpg,0012_4.jpg,0
selection,cross_same_same,219,15,0219_2.jpg,0015_4.jpg,0
selection,cross_same_same,219,18,0219_2.jpg,0018_4.jpg,0
selection,cross_same_same,219,35,0219_2.jpg,0035_4.jpg,0
selection,cross_same_same,219,42,0219_2.jpg,0042_4.jpg,0
selection,cross_same_same,219,43,0219_2.jpg,0043_4.jpg,0
selection,cross_same_same,219,60,0219_2.jpg,0060_4.jpg,0
selection,cross_same_same,219,66,0219_2.jpg,0066_4.jpg,0
selection,cross_same_same,219,67,0219_2.jpg,0067_4.jpg,0
selection,cross_same_same,219,79,0219_2.jpg,0079_4.jpg,0
selection,cross_same_same,219,86,0219_2.jpg,0086_4.jpg,0
selection,cross_same_same,219,87,0219_2.jpg,0087_4.jpg,0
selection,cross_same_same,219,89,0219_2.jpg,0089_4.jpg,0
selection,cross_same_same,219,91,0219_2.jpg,0091_4.jpg,0
selection,cross_same_same,219,93,0219_2.jpg,0093_4.jpg,0
selection,cross_same_same,219,106,0219_2.jpg,0106_4.jpg,0
selection,cross_same_same,219,109,0219_2.jpg,0109_4.jpg,0
selection,cross_same_same,219,114,0219_2.jpg,0114_4.jpg,0
selection,cross_same_same,219,130,0219_2.jpg,0130_4.jpg,0
selection,cross_same_same,219,132,0219_2.jpg,0132_4.jpg,0
selection,cross_same_same,219,148,0219_2.jpg,0148_4.jpg,0
selection,cross_same_same,219,154,0219_2.jpg,0154_4.jpg,0
selection,cross_same_same,219,161,0219_2.jpg,0161_4.jpg,0
selection,cross_same_same,219,200,0219_2.jpg,0200_4.jpg,0
selection,cross_same_same,219,204,0219_2.jpg,0204_4.jpg,0
selection,cross_same_same,219,216,0219_2.jpg,0216_4.jpg,0
selection,cross_same_same,219,219,0219_2.jpg,0219_4.jpg,1
selection,cross_same_same,219,224,0219_2.jpg,0224_4.jpg,0
selection,cross_same_same,219,237,0219_2.jpg,0237_4.jpg,0
selection,cross_same_same,219,239,0219_2.jpg,0239_4.jpg,0
selection,cross_same_same,219,248,0219_2.jpg,0248_4.jpg,0
selection,cross_same_same,219,266,0219_2.jpg,0266_4.jpg,0
selection,cross_same_same,219,271,0219_2.jpg,0271_4.jpg,0
selection,cross_same_same,219,279,0219_2.jpg,0279_4.jpg,0
selection,cross_same_same,219,282,0219_2.jpg,0282_4.jpg,0
selection,cross_same_same,224,6,0224_2.jpg,0006_4.jpg,0
selection,cross_same_same,224,12,0224_2.jpg,0012_4.jpg,0
selection,cross_same_same,224,15,0224_2.jpg,0015_4.jpg,0
selection,cross_same_same,224,18,0224_2.jpg,0018_4.jpg,0
selection,cross_same_same,224,35,0224_2.jpg,0035_4.jpg,0
selection,cross_same_same,224,42,0224_2.jpg,0042_4.jpg,0
selection,cross_same_same,224,43,0224_2.jpg,0043_4.jpg,0
selection,cross_same_same,224,60,0224_2.jpg,0060_4.jpg,0
selection,cross_same_same,224,66,0224_2.jpg,0066_4.jpg,0
selection,cross_same_same,224,67,0224_2.jpg,0067_4.jpg,0
selection,cross_same_same,224,79,0224_2.jpg,0079_4.jpg,0
selection,cross_same_same,224,86,0224_2.jpg,0086_4.jpg,0
selection,cross_same_same,224,87,0224_2.jpg,0087_4.jpg,0
selection,cross_same_same,224,89,0224_2.jpg,0089_4.jpg,0
selection,cross_same_same,224,91,0224_2.jpg,0091_4.jpg,0
selection,cross_same_same,224,93,0224_2.jpg,0093_4.jpg,0
selection,cross_same_same,224,106,0224_2.jpg,0106_4.jpg,0
selection,cross_same_same,224,109,0224_2.jpg,0109_4.jpg,0
selection,cross_same_same,224,114,0224_2.jpg,0114_4.jpg,0
selection,cross_same_same,224,130,0224_2.jpg,0130_4.jpg,0
selection,cross_same_same,224,132,0224_2.jpg,0132_4.jpg,0
selection,cross_same_same,224,148,0224_2.jpg,0148_4.jpg,0
selection,cross_same_same,224,154,0224_2.jpg,0154_4.jpg,0
selection,cross_same_same,224,161,0224_2.jpg,0161_4.jpg,0
selection,cross_same_same,224,200,0224_2.jpg,0200_4.jpg,0
selection,cross_same_same,224,204,0224_2.jpg,0204_4.jpg,0
selection,cross_same_same,224,216,0224_2.jpg,0216_4.jpg,0
selection,cross_same_same,224,219,0224_2.jpg,0219_4.jpg,0
selection,cross_same_same,224,224,0224_2.jpg,0224_4.jpg,1
selection,cross_same_same,224,237,0224_2.jpg,0237_4.jpg,0
selection,cross_same_same,224,239,0224_2.jpg,0239_4.jpg,0
selection,cross_same_same,224,248,0224_2.jpg,0248_4.jpg,0
selection,cross_same_same,224,266,0224_2.jpg,0266_4.jpg,0
selection,cross_same_same,224,271,0224_2.jpg,0271_4.jpg,0
selection,cross_same_same,224,279,0224_2.jpg,0279_4.jpg,0
selection,cross_same_same,224,282,0224_2.jpg,0282_4.jpg,0
selection,cross_same_same,237,6,0237_2.jpg,0006_4.jpg,0
selection,cross_same_same,237,12,0237_2.jpg,0012_4.jpg,0
selection,cross_same_same,237,15,0237_2.jpg,0015_4.jpg,0
selection,cross_same_same,237,18,0237_2.jpg,0018_4.jpg,0
selection,cross_same_same,237,35,0237_2.jpg,0035_4.jpg,0
selection,cross_same_same,237,42,0237_2.jpg,0042_4.jpg,0
selection,cross_same_same,237,43,0237_2.jpg,0043_4.jpg,0
selection,cross_same_same,237,60,0237_2.jpg,0060_4.jpg,0
selection,cross_same_same,237,66,0237_2.jpg,0066_4.jpg,0
selection,cross_same_same,237,67,0237_2.jpg,0067_4.jpg,0
selection,cross_same_same,237,79,0237_2.jpg,0079_4.jpg,0
selection,cross_same_same,237,86,0237_2.jpg,0086_4.jpg,0
selection,cross_same_same,237,87,0237_2.jpg,0087_4.jpg,0
selection,cross_same_same,237,89,0237_2.jpg,0089_4.jpg,0
selection,cross_same_same,237,91,0237_2.jpg,0091_4.jpg,0
selection,cross_same_same,237,93,0237_2.jpg,0093_4.jpg,0
selection,cross_same_same,237,106,0237_2.jpg,0106_4.jpg,0
selection,cross_same_same,237,109,0237_2.jpg,0109_4.jpg,0
selection,cross_same_same,237,114,0237_2.jpg,0114_4.jpg,0
selection,cross_same_same,237,130,0237_2.jpg,0130_4.jpg,0
selection,cross_same_same,237,132,0237_2.jpg,0132_4.jpg,0
selection,cross_same_same,237,148,0237_2.jpg,0148_4.jpg,0
selection,cross_same_same,237,154,0237_2.jpg,0154_4.jpg,0
selection,cross_same_same,237,161,0237_2.jpg,0161_4.jpg,0
selection,cross_same_same,237,200,0237_2.jpg,0200_4.jpg,0
selection,cross_same_same,237,204,0237_2.jpg,0204_4.jpg,0
selection,cross_same_same,237,216,0237_2.jpg,0216_4.jpg,0
selection,cross_same_same,237,219,0237_2.jpg,0219_4.jpg,0
selection,cross_same_same,237,224,0237_2.jpg,0224_4.jpg,0
selection,cross_same_same,237,237,0237_2.jpg,0237_4.jpg,1
selection,cross_same_same,237,239,0237_2.jpg,0239_4.jpg,0
selection,cross_same_same,237,248,0237_2.jpg,0248_4.jpg,0
selection,cross_same_same,237,266,0237_2.jpg,0266_4.jpg,0
selection,cross_same_same,237,271,0237_2.jpg,0271_4.jpg,0
selection,cross_same_same,237,279,0237_2.jpg,0279_4.jpg,0
selection,cross_same_same,237,282,0237_2.jpg,0282_4.jpg,0
selection,cross_same_same,239,6,0239_2.jpg,0006_4.jpg,0
selection,cross_same_same,239,12,0239_2.jpg,0012_4.jpg,0
selection,cross_same_same,239,15,0239_2.jpg,0015_4.jpg,0
selection,cross_same_same,239,18,0239_2.jpg,0018_4.jpg,0
selection,cross_same_same,239,35,0239_2.jpg,0035_4.jpg,0
selection,cross_same_same,239,42,0239_2.jpg,0042_4.jpg,0
selection,cross_same_same,239,43,0239_2.jpg,0043_4.jpg,0
selection,cross_same_same,239,60,0239_2.jpg,0060_4.jpg,0
selection,cross_same_same,239,66,0239_2.jpg,0066_4.jpg,0
selection,cross_same_same,239,67,0239_2.jpg,0067_4.jpg,0
selection,cross_same_same,239,79,0239_2.jpg,0079_4.jpg,0
selection,cross_same_same,239,86,0239_2.jpg,0086_4.jpg,0
selection,cross_same_same,239,87,0239_2.jpg,0087_4.jpg,0
selection,cross_same_same,239,89,0239_2.jpg,0089_4.jpg,0
selection,cross_same_same,239,91,0239_2.jpg,0091_4.jpg,0
selection,cross_same_same,239,93,0239_2.jpg,0093_4.jpg,0
selection,cross_same_same,239,106,0239_2.jpg,0106_4.jpg,0
selection,cross_same_same,239,109,0239_2.jpg,0109_4.jpg,0
selection,cross_same_same,239,114,0239_2.jpg,0114_4.jpg,0
selection,cross_same_same,239,130,0239_2.jpg,0130_4.jpg,0
selection,cross_same_same,239,132,0239_2.jpg,0132_4.jpg,0
selection,cross_same_same,239,148,0239_2.jpg,0148_4.jpg,0
selection,cross_same_same,239,154,0239_2.jpg,0154_4.jpg,0
selection,cross_same_same,239,161,0239_2.jpg,0161_4.jpg,0
selection,cross_same_same,239,200,0239_2.jpg,0200_4.jpg,0
selection,cross_same_same,239,204,0239_2.jpg,0204_4.jpg,0
selection,cross_same_same,239,216,0239_2.jpg,0216_4.jpg,0
selection,cross_same_same,239,219,0239_2.jpg,0219_4.jpg,0
selection,cross_same_same,239,224,0239_2.jpg,0224_4.jpg,0
selection,cross_same_same,239,237,0239_2.jpg,0237_4.jpg,0
selection,cross_same_same,239,239,0239_2.jpg,0239_4.jpg,1
selection,cross_same_same,239,248,0239_2.jpg,0248_4.jpg,0
selection,cross_same_same,239,266,0239_2.jpg,0266_4.jpg,0
selection,cross_same_same,239,271,0239_2.jpg,0271_4.jpg,0
selection,cross_same_same,239,279,0239_2.jpg,0279_4.jpg,0
selection,cross_same_same,239,282,0239_2.jpg,0282_4.jpg,0
selection,cross_same_same,248,6,0248_2.jpg,0006_4.jpg,0
selection,cross_same_same,248,12,0248_2.jpg,0012_4.jpg,0
selection,cross_same_same,248,15,0248_2.jpg,0015_4.jpg,0
selection,cross_same_same,248,18,0248_2.jpg,0018_4.jpg,0
selection,cross_same_same,248,35,0248_2.jpg,0035_4.jpg,0
selection,cross_same_same,248,42,0248_2.jpg,0042_4.jpg,0
selection,cross_same_same,248,43,0248_2.jpg,0043_4.jpg,0
selection,cross_same_same,248,60,0248_2.jpg,0060_4.jpg,0
selection,cross_same_same,248,66,0248_2.jpg,0066_4.jpg,0
selection,cross_same_same,248,67,0248_2.jpg,0067_4.jpg,0
selection,cross_same_same,248,79,0248_2.jpg,0079_4.jpg,0
selection,cross_same_same,248,86,0248_2.jpg,0086_4.jpg,0
selection,cross_same_same,248,87,0248_2.jpg,0087_4.jpg,0
selection,cross_same_same,248,89,0248_2.jpg,0089_4.jpg,0
selection,cross_same_same,248,91,0248_2.jpg,0091_4.jpg,0
selection,cross_same_same,248,93,0248_2.jpg,0093_4.jpg,0
selection,cross_same_same,248,106,0248_2.jpg,0106_4.jpg,0
selection,cross_same_same,248,109,0248_2.jpg,0109_4.jpg,0
selection,cross_same_same,248,114,0248_2.jpg,0114_4.jpg,0
selection,cross_same_same,248,130,0248_2.jpg,0130_4.jpg,0
selection,cross_same_same,248,132,0248_2.jpg,0132_4.jpg,0
selection,cross_same_same,248,148,0248_2.jpg,0148_4.jpg,0
selection,cross_same_same,248,154,0248_2.jpg,0154_4.jpg,0
selection,cross_same_same,248,161,0248_2.jpg,0161_4.jpg,0
selection,cross_same_same,248,200,0248_2.jpg,0200_4.jpg,0
selection,cross_same_same,248,204,0248_2.jpg,0204_4.jpg,0
selection,cross_same_same,248,216,0248_2.jpg,0216_4.jpg,0
selection,cross_same_same,248,219,0248_2.jpg,0219_4.jpg,0
selection,cross_same_same,248,224,0248_2.jpg,0224_4.jpg,0
selection,cross_same_same,248,237,0248_2.jpg,0237_4.jpg,0
selection,cross_same_same,248,239,0248_2.jpg,0239_4.jpg,0
selection,cross_same_same,248,248,0248_2.jpg,0248_4.jpg,1
selection,cross_same_same,248,266,0248_2.jpg,0266_4.jpg,0
selection,cross_same_same,248,271,0248_2.jpg,0271_4.jpg,0
selection,cross_same_same,248,279,0248_2.jpg,0279_4.jpg,0
selection,cross_same_same,248,282,0248_2.jpg,0282_4.jpg,0
selection,cross_same_same,266,6,0266_2.jpg,0006_4.jpg,0
selection,cross_same_same,266,12,0266_2.jpg,0012_4.jpg,0
selection,cross_same_same,266,15,0266_2.jpg,0015_4.jpg,0
selection,cross_same_same,266,18,0266_2.jpg,0018_4.jpg,0
selection,cross_same_same,266,35,0266_2.jpg,0035_4.jpg,0
selection,cross_same_same,266,42,0266_2.jpg,0042_4.jpg,0
selection,cross_same_same,266,43,0266_2.jpg,0043_4.jpg,0
selection,cross_same_same,266,60,0266_2.jpg,0060_4.jpg,0
selection,cross_same_same,266,66,0266_2.jpg,0066_4.jpg,0
selection,cross_same_same,266,67,0266_2.jpg,0067_4.jpg,0
selection,cross_same_same,266,79,0266_2.jpg,0079_4.jpg,0
selection,cross_same_same,266,86,0266_2.jpg,0086_4.jpg,0
selection,cross_same_same,266,87,0266_2.jpg,0087_4.jpg,0
selection,cross_same_same,266,89,0266_2.jpg,0089_4.jpg,0
selection,cross_same_same,266,91,0266_2.jpg,0091_4.jpg,0
selection,cross_same_same,266,93,0266_2.jpg,0093_4.jpg,0
selection,cross_same_same,266,106,0266_2.jpg,0106_4.jpg,0
selection,cross_same_same,266,109,0266_2.jpg,0109_4.jpg,0
selection,cross_same_same,266,114,0266_2.jpg,0114_4.jpg,0
selection,cross_same_same,266,130,0266_2.jpg,0130_4.jpg,0
selection,cross_same_same,266,132,0266_2.jpg,0132_4.jpg,0
selection,cross_same_same,266,148,0266_2.jpg,0148_4.jpg,0
selection,cross_same_same,266,154,0266_2.jpg,0154_4.jpg,0
selection,cross_same_same,266,161,0266_2.jpg,0161_4.jpg,0
selection,cross_same_same,266,200,0266_2.jpg,0200_4.jpg,0
selection,cross_same_same,266,204,0266_2.jpg,0204_4.jpg,0
selection,cross_same_same,266,216,0266_2.jpg,0216_4.jpg,0
selection,cross_same_same,266,219,0266_2.jpg,0219_4.jpg,0
selection,cross_same_same,266,224,0266_2.jpg,0224_4.jpg,0
selection,cross_same_same,266,237,0266_2.jpg,0237_4.jpg,0
selection,cross_same_same,266,239,0266_2.jpg,0239_4.jpg,0
selection,cross_same_same,266,248,0266_2.jpg,0248_4.jpg,0
selection,cross_same_same,266,266,0266_2.jpg,0266_4.jpg,1
selection,cross_same_same,266,271,0266_2.jpg,0271_4.jpg,0
selection,cross_same_same,266,279,0266_2.jpg,0279_4.jpg,0
selection,cross_same_same,266,282,0266_2.jpg,0282_4.jpg,0
selection,cross_same_same,271,6,0271_2.jpg,0006_4.jpg,0
selection,cross_same_same,271,12,0271_2.jpg,0012_4.jpg,0
selection,cross_same_same,271,15,0271_2.jpg,0015_4.jpg,0
selection,cross_same_same,271,18,0271_2.jpg,0018_4.jpg,0
selection,cross_same_same,271,35,0271_2.jpg,0035_4.jpg,0
selection,cross_same_same,271,42,0271_2.jpg,0042_4.jpg,0
selection,cross_same_same,271,43,0271_2.jpg,0043_4.jpg,0
selection,cross_same_same,271,60,0271_2.jpg,0060_4.jpg,0
selection,cross_same_same,271,66,0271_2.jpg,0066_4.jpg,0
selection,cross_same_same,271,67,0271_2.jpg,0067_4.jpg,0
selection,cross_same_same,271,79,0271_2.jpg,0079_4.jpg,0
selection,cross_same_same,271,86,0271_2.jpg,0086_4.jpg,0
selection,cross_same_same,271,87,0271_2.jpg,0087_4.jpg,0
selection,cross_same_same,271,89,0271_2.jpg,0089_4.jpg,0
selection,cross_same_same,271,91,0271_2.jpg,0091_4.jpg,0
selection,cross_same_same,271,93,0271_2.jpg,0093_4.jpg,0
selection,cross_same_same,271,106,0271_2.jpg,0106_4.jpg,0
selection,cross_same_same,271,109,0271_2.jpg,0109_4.jpg,0
selection,cross_same_same,271,114,0271_2.jpg,0114_4.jpg,0
selection,cross_same_same,271,130,0271_2.jpg,0130_4.jpg,0
selection,cross_same_same,271,132,0271_2.jpg,0132_4.jpg,0
selection,cross_same_same,271,148,0271_2.jpg,0148_4.jpg,0
selection,cross_same_same,271,154,0271_2.jpg,0154_4.jpg,0
selection,cross_same_same,271,161,0271_2.jpg,0161_4.jpg,0
selection,cross_same_same,271,200,0271_2.jpg,0200_4.jpg,0
selection,cross_same_same,271,204,0271_2.jpg,0204_4.jpg,0
selection,cross_same_same,271,216,0271_2.jpg,0216_4.jpg,0
selection,cross_same_same,271,219,0271_2.jpg,0219_4.jpg,0
selection,cross_same_same,271,224,0271_2.jpg,0224_4.jpg,0
selection,cross_same_same,271,237,0271_2.jpg,0237_4.jpg,0
selection,cross_same_same,271,239,0271_2.jpg,0239_4.jpg,0
selection,cross_same_same,271,248,0271_2.jpg,0248_4.jpg,0
selection,cross_same_same,271,266,0271_2.jpg,0266_4.jpg,0
selection,cross_same_same,271,271,0271_2.jpg,0271_4.jpg,1
selection,cross_same_same,271,279,0271_2.jpg,0279_4.jpg,0
selection,cross_same_same,271,282,0271_2.jpg,0282_4.jpg,0
selection,cross_same_same,279,6,0279_2.jpg,0006_4.jpg,0
selection,cross_same_same,279,12,0279_2.jpg,0012_4.jpg,0
selection,cross_same_same,279,15,0279_2.jpg,0015_4.jpg,0
selection,cross_same_same,279,18,0279_2.jpg,0018_4.jpg,0
selection,cross_same_same,279,35,0279_2.jpg,0035_4.jpg,0
selection,cross_same_same,279,42,0279_2.jpg,0042_4.jpg,0
selection,cross_same_same,279,43,0279_2.jpg,0043_4.jpg,0
selection,cross_same_same,279,60,0279_2.jpg,0060_4.jpg,0
selection,cross_same_same,279,66,0279_2.jpg,0066_4.jpg,0
selection,cross_same_same,279,67,0279_2.jpg,0067_4.jpg,0
selection,cross_same_same,279,79,0279_2.jpg,0079_4.jpg,0
selection,cross_same_same,279,86,0279_2.jpg,0086_4.jpg,0
selection,cross_same_same,279,87,0279_2.jpg,0087_4.jpg,0
selection,cross_same_same,279,89,0279_2.jpg,0089_4.jpg,0
selection,cross_same_same,279,91,0279_2.jpg,0091_4.jpg,0
selection,cross_same_same,279,93,0279_2.jpg,0093_4.jpg,0
selection,cross_same_same,279,106,0279_2.jpg,0106_4.jpg,0
selection,cross_same_same,279,109,0279_2.jpg,0109_4.jpg,0
selection,cross_same_same,279,114,0279_2.jpg,0114_4.jpg,0
selection,cross_same_same,279,130,0279_2.jpg,0130_4.jpg,0
selection,cross_same_same,279,132,0279_2.jpg,0132_4.jpg,0
selection,cross_same_same,279,148,0279_2.jpg,0148_4.jpg,0
selection,cross_same_same,279,154,0279_2.jpg,0154_4.jpg,0
selection,cross_same_same,279,161,0279_2.jpg,0161_4.jpg,0
selection,cross_same_same,279,200,0279_2.jpg,0200_4.jpg,0
selection,cross_same_same,279,204,0279_2.jpg,0204_4.jpg,0
selection,cross_same_same,279,216,0279_2.jpg,0216_4.jpg,0
selection,cross_same_same,279,219,0279_2.jpg,0219_4.jpg,0
selection,cross_same_same,279,224,0279_2.jpg,0224_4.jpg,0
selection,cross_same_same,279,237,0279_2.jpg,0237_4.jpg,0
selection,cross_same_same,279,239,0279_2.jpg,0239_4.jpg,0
selection,cross_same_same,279,248,0279_2.jpg,0248_4.jpg,0
selection,cross_same_same,279,266,0279_2.jpg,0266_4.jpg,0
selection,cross_same_same,279,271,0279_2.jpg,0271_4.jpg,0
selection,cross_same_same,279,279,0279_2.jpg,0279_4.jpg,1
selection,cross_same_same,279,282,0279_2.jpg,0282_4.jpg,0
selection,cross_same_same,282,6,0282_2.jpg,0006_4.jpg,0
selection,cross_same_same,282,12,0282_2.jpg,0012_4.jpg,0
selection,cross_same_same,282,15,0282_2.jpg,0015_4.jpg,0
selection,cross_same_same,282,18,0282_2.jpg,0018_4.jpg,0
selection,cross_same_same,282,35,0282_2.jpg,0035_4.jpg,0
selection,cross_same_same,282,42,0282_2.jpg,0042_4.jpg,0
selection,cross_same_same,282,43,0282_2.jpg,0043_4.jpg,0
selection,cross_same_same,282,60,0282_2.jpg,0060_4.jpg,0
selection,cross_same_same,282,66,0282_2.jpg,0066_4.jpg,0
selection,cross_same_same,282,67,0282_2.jpg,0067_4.jpg,0
selection,cross_same_same,282,79,0282_2.jpg,0079_4.jpg,0
selection,cross_same_same,282,86,0282_2.jpg,0086_4.jpg,0
selection,cross_same_same,282,87,0282_2.jpg,0087_4.jpg,0
selection,cross_same_same,282,89,0282_2.jpg,0089_4.jpg,0
selection,cross_same_same,282,91,0282_2.jpg,0091_4.jpg,0
selection,cross_same_same,282,93,0282_2.jpg,0093_4.jpg,0
selection,cross_same_same,282,106,0282_2.jpg,0106_4.jpg,0
selection,cross_same_same,282,109,0282_2.jpg,0109_4.jpg,0
selection,cross_same_same,282,114,0282_2.jpg,0114_4.jpg,0
selection,cross_same_same,282,130,0282_2.jpg,0130_4.jpg,0
selection,cross_same_same,282,132,0282_2.jpg,0132_4.jpg,0
selection,cross_same_same,282,148,0282_2.jpg,0148_4.jpg,0
selection,cross_same_same,282,154,0282_2.jpg,0154_4.jpg,0
selection,cross_same_same,282,161,0282_2.jpg,0161_4.jpg,0
selection,cross_same_same,282,200,0282_2.jpg,0200_4.jpg,0
selection,cross_same_same,282,204,0282_2.jpg,0204_4.jpg,0
selection,cross_same_same,282,216,0282_2.jpg,0216_4.jpg,0
selection,cross_same_same,282,219,0282_2.jpg,0219_4.jpg,0
selection,cross_same_same,282,224,0282_2.jpg,0224_4.jpg,0
selection,cross_same_same,282,237,0282_2.jpg,0237_4.jpg,0
selection,cross_same_same,282,239,0282_2.jpg,0239_4.jpg,0
selection,cross_same_same,282,248,0282_2.jpg,0248_4.jpg,0
selection,cross_same_same,282,266,0282_2.jpg,0266_4.jpg,0
selection,cross_same_same,282,271,0282_2.jpg,0271_4.jpg,0
selection,cross_same_same,282,279,0282_2.jpg,0279_4.jpg,0
selection,cross_same_same,282,282,0282_2.jpg,0282_4.jpg,1
