condition,left_writer,right_writer,left_page_id,right_page_id,left_filename,right_filename,label,score
cross_variable_variable,5,5,1,3,0005_1.jpg,0005_3.jpg,1,0.7213324308395386
cross_variable_variable,5,9,1,3,0005_1.jpg,0009_3.jpg,0,0.5115432143211365
cross_variable_variable,5,10,1,3,0005_1.jpg,0010_3.jpg,0,0.6262641549110413
cross_variable_variable,5,28,1,3,0005_1.jpg,0028_3.jpg,0,0.3694247007369995
cross_variable_variable,5,32,1,3,0005_1.jpg,0032_3.jpg,0,0.7864189743995667
cross_variable_variable,5,33,1,3,0005_1.jpg,0033_3.jpg,0,0.718113899230957
cross_variable_variable,5,34,1,3,0005_1.jpg,0034_3.jpg,0,0.8002756834030151
cross_variable_variable,5,44,1,3,0005_1.jpg,0044_3.jpg,0,0.5974558591842651
cross_variable_variable,5,51,1,3,0005_1.jpg,0051_3.jpg,0,0.38654470443725586
cross_variable_variable,5,54,1,3,0005_1.jpg,0054_3.jpg,0,0.7348955273628235
cross_variable_variable,5,63,1,3,0005_1.jpg,0063_3.jpg,0,0.6053122878074646
cross_variable_variable,5,68,1,3,0005_1.jpg,0068_3.jpg,0,0.8748154640197754
cross_variable_variable,5,69,1,3,0005_1.jpg,0069_3.jpg,0,0.6481120586395264
cross_variable_variable,5,73,1,3,0005_1.jpg,0073_3.jpg,0,0.5331836938858032
cross_variable_variable,5,95,1,3,0005_1.jpg,0095_3.jpg,0,0.8483202457427979
cross_variable_variable,5,121,1,3,0005_1.jpg,0121_3.jpg,0,0.8103485107421875
cross_variable_variable,5,128,1,3,0005_1.jpg,0128_3.jpg,0,0.5896505117416382
cross_variable_variable,5,129,1,3,0005_1.jpg,0129_3.jpg,0,0.43632879853248596
cross_variable_variable,5,131,1,3,0005_1.jpg,0131_3.jpg,0,0.4900984764099121
cross_variable_variable,5,139,1,3,0005_1.jpg,0139_3.jpg,0,0.5207558870315552
cross_variable_variable,5,144,1,3,0005_1.jpg,0144_3.jpg,0,0.7086184024810791
cross_variable_variable,5,145,1,3,0005_1.jpg,0145_3.jpg,0,0.5215963125228882
cross_variable_variable,5,150,1,3,0005_1.jpg,0150_3.jpg,0,0.43171411752700806
cross_variable_variable,5,160,1,3,0005_1.jpg,0160_3.jpg,0,0.7243877649307251
cross_variable_variable,5,165,1,3,0005_1.jpg,0165_3.jpg,0,0.12308503687381744
cross_variable_variable,5,166,1,3,0005_1.jpg,0166_3.jpg,0,0.27725905179977417
cross_variable_variable,5,170,1,3,0005_1.jpg,0170_3.jpg,0,0.3331107497215271
cross_variable_variable,5,174,1,3,0005_1.jpg,0174_3.jpg,0,0.41826972365379333
cross_variable_variable,5,176,1,3,0005_1.jpg,0176_3.jpg,0,0.13108454644680023
cross_variable_variable,5,193,1,3,0005_1.jpg,0193_3.jpg,0,0.34492307901382446
cross_variable_variable,5,202,1,3,0005_1.jpg,0202_3.jpg,0,0.7873865962028503
cross_variable_variable,5,205,1,3,0005_1.jpg,0205_3.jpg,0,0.6772629618644714
cross_variable_variable,5,210,1,3,0005_1.jpg,0210_3.jpg,0,0.17648492753505707
cross_variable_variable,5,218,1,3,0005_1.jpg,0218_3.jpg,0,0.5462944507598877
cross_variable_variable,5,222,1,3,0005_1.jpg,0222_3.jpg,0,0.7644367218017578
cross_variable_variable,5,238,1,3,0005_1.jpg,0238_3.jpg,0,0.5582975149154663
cross_variable_variable,5,253,1,3,0005_1.jpg,0253_3.jpg,0,0.7898821830749512
cross_variable_variable,5,254,1,3,0005_1.jpg,0254_3.jpg,0,0.48689329624176025
cross_variable_variable,5,257,1,3,0005_1.jpg,0257_3.jpg,0,0.4234875738620758
cross_variable_variable,5,258,1,3,0005_1.jpg,0258_3.jpg,0,0.6161880493164062
cross_variable_variable,5,268,1,3,0005_1.jpg,0268_3.jpg,0,0.4168953001499176
cross_variable_variable,5,269,1,3,0005_1.jpg,0269_3.jpg,0,0.7989915013313293
cross_variable_variable,5,270,1,3,0005_1.jpg,0270_3.jpg,0,0.5194831490516663
cross_variable_variable,5,277,1,3,0005_1.jpg,0277_3.jpg,0,0.6651155352592468
cross_variable_variable,5,278,1,3,0005_1.jpg,0278_3.jpg,0,0.8695169687271118
cross_variable_variable,9,5,1,3,0009_1.jpg,0005_3.jpg,0,0.7538600564002991
cross_variable_variable,9,9,1,3,0009_1.jpg,0009_3.jpg,1,0.8524298071861267
cross_variable_variable,9,10,1,3,0009_1.jpg,0010_3.jpg,0,0.7512264251708984
cross_variable_variable,9,28,1,3,0009_1.jpg,0028_3.jpg,0,0.5445524454116821
cross_variable_variable,9,32,1,3,0009_1.jpg,0032_3.jpg,0,0.6773657202720642
cross_variable_variable,9,33,1,3,0009_1.jpg,0033_3.jpg,0,0.7277758717536926
cross_variable_variable,9,34,1,3,0009_1.jpg,0034_3.jpg,0,0.6485397815704346
cross_variable_variable,9,44,1,3,0009_1.jpg,0044_3.jpg,0,0.5455173254013062
cross_variable_variable,9,51,1,3,0009_1.jpg,0051_3.jpg,0,0.6960732340812683
cross_variable_variable,9,54,1,3,0009_1.jpg,0054_3.jpg,0,0.7166381478309631
cross_variable_variable,9,63,1,3,0009_1.jpg,0063_3.jpg,0,0.7229506373405457
cross_variable_variable,9,68,1,3,0009_1.jpg,0068_3.jpg,0,0.6075162887573242
cross_variable_variable,9,69,1,3,0009_1.jpg,0069_3.jpg,0,0.8014757633209229
cross_variable_variable,9,73,1,3,0009_1.jpg,0073_3.jpg,0,0.4639776349067688
cross_variable_variable,9,95,1,3,0009_1.jpg,0095_3.jpg,0,0.7284712195396423
cross_variable_variable,9,121,1,3,0009_1.jpg,0121_3.jpg,0,0.5248818397521973
cross_variable_variable,9,128,1,3,0009_1.jpg,0128_3.jpg,0,0.872708261013031
cross_variable_variable,9,129,1,3,0009_1.jpg,0129_3.jpg,0,0.781069815158844
cross_variable_variable,9,131,1,3,0009_1.jpg,0131_3.jpg,0,0.32061681151390076
cross_variable_variable,9,139,1,3,0009_1.jpg,0139_3.jpg,0,0.6901640295982361
cross_variable_variable,9,144,1,3,0009_1.jpg,0144_3.jpg,0,0.9201533794403076
cross_variable_variable,9,145,1,3,0009_1.jpg,0145_3.jpg,0,0.7757230997085571
cross_variable_variable,9,150,1,3,0009_1.jpg,0150_3.jpg,0,0.28493744134902954
cross_variable_variable,9,160,1,3,0009_1.jpg,0160_3.jpg,0,0.6910313963890076
cross_variable_variable,9,165,1,3,0009_1.jpg,0165_3.jpg,0,0.4492524564266205
cross_variable_variable,9,166,1,3,0009_1.jpg,0166_3.jpg,0,0.5189403891563416
cross_variable_variable,9,170,1,3,0009_1.jpg,0170_3.jpg,0,0.7340113520622253
cross_variable_variable,9,174,1,3,0009_1.jpg,0174_3.jpg,0,0.784980297088623
cross_variable_variable,9,176,1,3,0009_1.jpg,0176_3.jpg,0,0.26319608092308044
cross_variable_variable,9,193,1,3,0009_1.jpg,0193_3.jpg,0,0.24464213848114014
cross_variable_variable,9,202,1,3,0009_1.jpg,0202_3.jpg,0,0.590877115726471
cross_variable_variable,9,205,1,3,0009_1.jpg,0205_3.jpg,0,0.7501286864280701
cross_variable_variable,9,210,1,3,0009_1.jpg,0210_3.jpg,0,0.6630282998085022
cross_variable_variable,9,218,1,3,0009_1.jpg,0218_3.jpg,0,0.3083247244358063
cross_variable_variable,9,222,1,3,0009_1.jpg,0222_3.jpg,0,0.7010586261749268
cross_variable_variable,9,238,1,3,0009_1.jpg,0238_3.jpg,0,0.5492361187934875
cross_variable_variable,9,253,1,3,0009_1.jpg,0253_3.jpg,0,0.5487106442451477
cross_variable_variable,9,254,1,3,0009_1.jpg,0254_3.jpg,0,0.735348105430603
cross_variable_variable,9,257,1,3,0009_1.jpg,0257_3.jpg,0,0.6976827383041382
cross_variable_variable,9,258,1,3,0009_1.jpg,0258_3.jpg,0,0.7790790796279907
cross_variable_variable,9,268,1,3,0009_1.jpg,0268_3.jpg,0,0.6530253291130066
cross_variable_variable,9,269,1,3,0009_1.jpg,0269_3.jpg,0,0.6627390384674072
cross_variable_variable,9,270,1,3,0009_1.jpg,0270_3.jpg,0,0.7862886786460876
cross_variable_variable,9,277,1,3,0009_1.jpg,0277_3.jpg,0,0.9318157434463501
cross_variable_variable,9,278,1,3,0009_1.jpg,0278_3.jpg,0,0.7169755101203918
cross_variable_variable,10,5,1,3,0010_1.jpg,0005_3.jpg,0,0.42160725593566895
cross_variable_variable,10,9,1,3,0010_1.jpg,0009_3.jpg,0,0.3549596667289734
cross_variable_variable,10,10,1,3,0010_1.jpg,0010_3.jpg,1,0.487739622592926
cross_variable_variable,10,28,1,3,0010_1.jpg,0028_3.jpg,0,0.6511980295181274
cross_variable_variable,10,32,1,3,0010_1.jpg,0032_3.jpg,0,0.21016854047775269
cross_variable_variable,10,33,1,3,0010_1.jpg,0033_3.jpg,0,0.26212558150291443
cross_variable_variable,10,34,1,3,0010_1.jpg,0034_3.jpg,0,0.3297352194786072
cross_variable_variable,10,44,1,3,0010_1.jpg,0044_3.jpg,0,0.42997610569000244
cross_variable_variable,10,51,1,3,0010_1.jpg,0051_3.jpg,0,0.5244989395141602
cross_variable_variable,10,54,1,3,0010_1.jpg,0054_3.jpg,0,0.3867005705833435
cross_variable_variable,10,63,1,3,0010_1.jpg,0063_3.jpg,0,0.28538191318511963
cross_variable_variable,10,68,1,3,0010_1.jpg,0068_3.jpg,0,0.26808688044548035
cross_variable_variable,10,69,1,3,0010_1.jpg,0069_3.jpg,0,0.45786619186401367
cross_variable_variable,10,73,1,3,0010_1.jpg,0073_3.jpg,0,0.5393211841583252
cross_variable_variable,10,95,1,3,0010_1.jpg,0095_3.jpg,0,0.48001739382743835
cross_variable_variable,10,121,1,3,0010_1.jpg,0121_3.jpg,0,0.37675148248672485
cross_variable_variable,10,128,1,3,0010_1.jpg,0128_3.jpg,0,0.31590405106544495
cross_variable_variable,10,129,1,3,0010_1.jpg,0129_3.jpg,0,0.29401347041130066
cross_variable_variable,10,131,1,3,0010_1.jpg,0131_3.jpg,0,0.561309278011322
cross_variable_variable,10,139,1,3,0010_1.jpg,0139_3.jpg,0,0.47224047780036926
cross_variable_variable,10,144,1,3,0010_1.jpg,0144_3.jpg,0,0.28209030628204346
cross_variable_variable,10,145,1,3,0010_1.jpg,0145_3.jpg,0,0.44200366735458374
cross_variable_variable,10,150,1,3,0010_1.jpg,0150_3.jpg,0,0.714802086353302
cross_variable_variable,10,160,1,3,0010_1.jpg,0160_3.jpg,0,0.14111503958702087
cross_variable_variable,10,165,1,3,0010_1.jpg,0165_3.jpg,0,0.3319361209869385
cross_variable_variable,10,166,1,3,0010_1.jpg,0166_3.jpg,0,0.688440203666687
cross_variable_variable,10,170,1,3,0010_1.jpg,0170_3.jpg,0,0.3604409992694855
cross_variable_variable,10,174,1,3,0010_1.jpg,0174_3.jpg,0,0.056776389479637146
cross_variable_variable,10,176,1,3,0010_1.jpg,0176_3.jpg,0,0.5582641363143921
cross_variable_variable,10,193,1,3,0010_1.jpg,0193_3.jpg,0,0.7409099340438843
cross_variable_variable,10,202,1,3,0010_1.jpg,0202_3.jpg,0,0.4071682095527649
cross_variable_variable,10,205,1,3,0010_1.jpg,0205_3.jpg,0,0.1416877806186676
cross_variable_variable,10,210,1,3,0010_1.jpg,0210_3.jpg,0,0.2426210343837738
cross_variable_variable,10,218,1,3,0010_1.jpg,0218_3.jpg,0,0.6361963152885437
cross_variable_variable,10,222,1,3,0010_1.jpg,0222_3.jpg,0,0.06260985881090164
cross_variable_variable,10,238,1,3,0010_1.jpg,0238_3.jpg,0,0.18427570164203644
cross_variable_variable,10,253,1,3,0010_1.jpg,0253_3.jpg,0,0.47438710927963257
cross_variable_variable,10,254,1,3,0010_1.jpg,0254_3.jpg,0,0.004969301167875528
cross_variable_variable,10,257,1,3,0010_1.jpg,0257_3.jpg,0,0.04736257344484329
cross_variable_variable,10,258,1,3,0010_1.jpg,0258_3.jpg,0,-0.08274522423744202
cross_variable_variable,10,268,1,3,0010_1.jpg,0268_3.jpg,0,0.1408640742301941
cross_variable_variable,10,269,1,3,0010_1.jpg,0269_3.jpg,0,0.1385968029499054
cross_variable_variable,10,270,1,3,0010_1.jpg,0270_3.jpg,0,0.2711183428764343
cross_variable_variable,10,277,1,3,0010_1.jpg,0277_3.jpg,0,0.3689797818660736
cross_variable_variable,10,278,1,3,0010_1.jpg,0278_3.jpg,0,0.42379501461982727
cross_variable_variable,28,5,1,3,0028_1.jpg,0005_3.jpg,0,0.6302134990692139
cross_variable_variable,28,9,1,3,0028_1.jpg,0009_3.jpg,0,0.49997004866600037
cross_variable_variable,28,10,1,3,0028_1.jpg,0010_3.jpg,0,0.484422892332077
cross_variable_variable,28,28,1,3,0028_1.jpg,0028_3.jpg,1,0.8266070485115051
cross_variable_variable,28,32,1,3,0028_1.jpg,0032_3.jpg,0,0.3864111602306366
cross_variable_variable,28,33,1,3,0028_1.jpg,0033_3.jpg,0,0.313802570104599
cross_variable_variable,28,34,1,3,0028_1.jpg,0034_3.jpg,0,0.5121249556541443
cross_variable_variable,28,44,1,3,0028_1.jpg,0044_3.jpg,0,0.6708823442459106
cross_variable_variable,28,51,1,3,0028_1.jpg,0051_3.jpg,0,0.507407009601593
cross_variable_variable,28,54,1,3,0028_1.jpg,0054_3.jpg,0,0.5627316236495972
cross_variable_variable,28,63,1,3,0028_1.jpg,0063_3.jpg,0,0.5346154570579529
cross_variable_variable,28,68,1,3,0028_1.jpg,0068_3.jpg,0,0.4621741771697998
cross_variable_variable,28,69,1,3,0028_1.jpg,0069_3.jpg,0,0.6055115461349487
cross_variable_variable,28,73,1,3,0028_1.jpg,0073_3.jpg,0,0.6112043261528015
cross_variable_variable,28,95,1,3,0028_1.jpg,0095_3.jpg,0,0.5995168685913086
cross_variable_variable,28,121,1,3,0028_1.jpg,0121_3.jpg,0,0.4785587191581726
cross_variable_variable,28,128,1,3,0028_1.jpg,0128_3.jpg,0,0.5157898664474487
cross_variable_variable,28,129,1,3,0028_1.jpg,0129_3.jpg,0,0.4565507769584656
cross_variable_variable,28,131,1,3,0028_1.jpg,0131_3.jpg,0,0.7144598960876465
cross_variable_variable,28,139,1,3,0028_1.jpg,0139_3.jpg,0,0.41385728120803833
cross_variable_variable,28,144,1,3,0028_1.jpg,0144_3.jpg,0,0.4593086540699005
cross_variable_variable,28,145,1,3,0028_1.jpg,0145_3.jpg,0,0.4957163333892822
cross_variable_variable,28,150,1,3,0028_1.jpg,0150_3.jpg,0,0.8015443086624146
cross_variable_variable,28,160,1,3,0028_1.jpg,0160_3.jpg,0,0.3612675964832306
cross_variable_variable,28,165,1,3,0028_1.jpg,0165_3.jpg,0,0.5305309891700745
cross_variable_variable,28,166,1,3,0028_1.jpg,0166_3.jpg,0,0.7748311161994934
cross_variable_variable,28,170,1,3,0028_1.jpg,0170_3.jpg,0,0.3899098336696625
cross_variable_variable,28,174,1,3,0028_1.jpg,0174_3.jpg,0,0.2044173777103424
cross_variable_variable,28,176,1,3,0028_1.jpg,0176_3.jpg,0,0.6527292728424072
cross_variable_variable,28,193,1,3,0028_1.jpg,0193_3.jpg,0,0.6675245761871338
cross_variable_variable,28,202,1,3,0028_1.jpg,0202_3.jpg,0,0.4898064434528351
cross_variable_variable,28,205,1,3,0028_1.jpg,0205_3.jpg,0,0.22117744386196136
cross_variable_variable,28,210,1,3,0028_1.jpg,0210_3.jpg,0,0.4030308425426483
cross_variable_variable,28,218,1,3,0028_1.jpg,0218_3.jpg,0,0.7131324410438538
cross_variable_variable,28,222,1,3,0028_1.jpg,0222_3.jpg,0,0.20316298305988312
cross_variable_variable,28,238,1,3,0028_1.jpg,0238_3.jpg,0,0.30429163575172424
cross_variable_variable,28,253,1,3,0028_1.jpg,0253_3.jpg,0,0.659635066986084
cross_variable_variable,28,254,1,3,0028_1.jpg,0254_3.jpg,0,0.08591394871473312
cross_variable_variable,28,257,1,3,0028_1.jpg,0257_3.jpg,0,0.11809418350458145
cross_variable_variable,28,258,1,3,0028_1.jpg,0258_3.jpg,0,0.17140430212020874
cross_variable_variable,28,268,1,3,0028_1.jpg,0268_3.jpg,0,0.15447139739990234
cross_variable_variable,28,269,1,3,0028_1.jpg,0269_3.jpg,0,0.2638642191886902
cross_variable_variable,28,270,1,3,0028_1.jpg,0270_3.jpg,0,0.3955936133861542
cross_variable_variable,28,277,1,3,0028_1.jpg,0277_3.jpg,0,0.5504950881004333
cross_variable_variable,28,278,1,3,0028_1.jpg,0278_3.jpg,0,0.5637816786766052
cross_variable_variable,32,5,1,3,0032_1.jpg,0005_3.jpg,0,0.5760266184806824
cross_variable_variable,32,9,1,3,0032_1.jpg,0009_3.jpg,0,0.4578964412212372
cross_variable_variable,32,10,1,3,0032_1.jpg,0010_3.jpg,0,0.3870646059513092
cross_variable_variable,32,28,1,3,0032_1.jpg,0028_3.jpg,0,0.6155297756195068
cross_variable_variable,32,32,1,3,0032_1.jpg,0032_3.jpg,1,0.8031575679779053
cross_variable_variable,32,33,1,3,0032_1.jpg,0033_3.jpg,0,0.40524062514305115
cross_variable_variable,32,34,1,3,0032_1.jpg,0034_3.jpg,0,0.7628214955329895
cross_variable_variable,32,44,1,3,0032_1.jpg,0044_3.jpg,0,0.807746946811676
cross_variable_variable,32,51,1,3,0032_1.jpg,0051_3.jpg,0,0.15019170939922333
cross_variable_variable,32,54,1,3,0032_1.jpg,0054_3.jpg,0,0.773160994052887
cross_variable_variable,32,63,1,3,0032_1.jpg,0063_3.jpg,0,0.678566038608551
cross_variable_variable,32,68,1,3,0032_1.jpg,0068_3.jpg,0,0.6860747933387756
cross_variable_variable,32,69,1,3,0032_1.jpg,0069_3.jpg,0,0.42549076676368713
cross_variable_variable,32,73,1,3,0032_1.jpg,0073_3.jpg,0,0.8132783770561218
cross_variable_variable,32,95,1,3,0032_1.jpg,0095_3.jpg,0,0.6232426166534424
cross_variable_variable,32,121,1,3,0032_1.jpg,0121_3.jpg,0,0.7705907821655273
cross_variable_variable,32,128,1,3,0032_1.jpg,0128_3.jpg,0,0.5591873526573181
cross_variable_variable,32,129,1,3,0032_1.jpg,0129_3.jpg,0,0.24050086736679077
cross_variable_variable,32,131,1,3,0032_1.jpg,0131_3.jpg,0,0.8179966807365417
cross_variable_variable,32,139,1,3,0032_1.jpg,0139_3.jpg,0,0.18362782895565033
cross_variable_variable,32,144,1,3,0032_1.jpg,0144_3.jpg,0,0.4477454125881195
cross_variable_variable,32,145,1,3,0032_1.jpg,0145_3.jpg,0,0.29300880432128906
cross_variable_variable,32,150,1,3,0032_1.jpg,0150_3.jpg,0,0.6731603145599365
cross_variable_variable,32,160,1,3,0032_1.jpg,0160_3.jpg,0,0.65532386302948
cross_variable_variable,32,165,1,3,0032_1.jpg,0165_3.jpg,0,0.38595259189605713
cross_variable_variable,32,166,1,3,0032_1.jpg,0166_3.jpg,0,0.48292455077171326
cross_variable_variable,32,170,1,3,0032_1.jpg,0170_3.jpg,0,0.09805615991353989
cross_variable_variable,32,174,1,3,0032_1.jpg,0174_3.jpg,0,0.3068768084049225
cross_variable_variable,32,176,1,3,0032_1.jpg,0176_3.jpg,0,0.5518149733543396
cross_variable_variable,32,193,1,3,0032_1.jpg,0193_3.jpg,0,0.3223361372947693
cross_variable_variable,32,202,1,3,0032_1.jpg,0202_3.jpg,0,0.7460892796516418
cross_variable_variable,32,205,1,3,0032_1.jpg,0205_3.jpg,0,0.385856956243515
cross_variable_variable,32,210,1,3,0032_1.jpg,0210_3.jpg,0,0.18385612964630127
cross_variable_variable,32,218,1,3,0032_1.jpg,0218_3.jpg,0,0.7499467134475708
cross_variable_variable,32,222,1,3,0032_1.jpg,0222_3.jpg,0,0.6276541948318481
cross_variable_variable,32,238,1,3,0032_1.jpg,0238_3.jpg,0,0.6238429546356201
cross_variable_variable,32,253,1,3,0032_1.jpg,0253_3.jpg,0,0.887274980545044
cross_variable_variable,32,254,1,3,0032_1.jpg,0254_3.jpg,0,0.14983944594860077
cross_variable_variable,32,257,1,3,0032_1.jpg,0257_3.jpg,0,0.01176356803625822
cross_variable_variable,32,258,1,3,0032_1.jpg,0258_3.jpg,0,0.48715996742248535
cross_variable_variable,32,268,1,3,0032_1.jpg,0268_3.jpg,0,0.003676789812743664
cross_variable_variable,32,269,1,3,0032_1.jpg,0269_3.jpg,0,0.46412837505340576
cross_variable_variable,32,270,1,3,0032_1.jpg,0270_3.jpg,0,0.25408735871315
cross_variable_variable,32,277,1,3,0032_1.jpg,0277_3.jpg,0,0.649170994758606
cross_variable_variable,32,278,1,3,0032_1.jpg,0278_3.jpg,0,0.7652363777160645
cross_variable_variable,33,5,1,3,0033_1.jpg,0005_3.jpg,0,0.6369345784187317
cross_variable_variable,33,9,1,3,0033_1.jpg,0009_3.jpg,0,0.7672203779220581
cross_variable_variable,33,10,1,3,0033_1.jpg,0010_3.jpg,0,0.6760064363479614
cross_variable_variable,33,28,1,3,0033_1.jpg,0028_3.jpg,0,0.3171871602535248
cross_variable_variable,33,32,1,3,0033_1.jpg,0032_3.jpg,0,0.7558531761169434
cross_variable_variable,33,33,1,3,0033_1.jpg,0033_3.jpg,1,0.7999597191810608
cross_variable_variable,33,34,1,3,0033_1.jpg,0034_3.jpg,0,0.7247238159179688
cross_variable_variable,33,44,1,3,0033_1.jpg,0044_3.jpg,0,0.49380582571029663
cross_variable_variable,33,51,1,3,0033_1.jpg,0051_3.jpg,0,0.5359700322151184
cross_variable_variable,33,54,1,3,0033_1.jpg,0054_3.jpg,0,0.7518247365951538
cross_variable_variable,33,63,1,3,0033_1.jpg,0063_3.jpg,0,0.7877808213233948
cross_variable_variable,33,68,1,3,0033_1.jpg,0068_3.jpg,0,0.628290057182312
cross_variable_variable,33,69,1,3,0033_1.jpg,0069_3.jpg,0,0.7442172169685364
cross_variable_variable,33,73,1,3,0033_1.jpg,0073_3.jpg,0,0.43866461515426636
cross_variable_variable,33,95,1,3,0033_1.jpg,0095_3.jpg,0,0.68742835521698
cross_variable_variable,33,121,1,3,0033_1.jpg,0121_3.jpg,0,0.573965847492218
cross_variable_variable,33,128,1,3,0033_1.jpg,0128_3.jpg,0,0.8251031637191772
cross_variable_variable,33,129,1,3,0033_1.jpg,0129_3.jpg,0,0.7366382479667664
cross_variable_variable,33,131,1,3,0033_1.jpg,0131_3.jpg,0,0.22929319739341736
cross_variable_variable,33,139,1,3,0033_1.jpg,0139_3.jpg,0,0.6101105213165283
cross_variable_variable,33,144,1,3,0033_1.jpg,0144_3.jpg,0,0.9085029363632202
cross_variable_variable,33,145,1,3,0033_1.jpg,0145_3.jpg,0,0.6703848838806152
cross_variable_variable,33,150,1,3,0033_1.jpg,0150_3.jpg,0,0.01658746972680092
cross_variable_variable,33,160,1,3,0033_1.jpg,0160_3.jpg,0,0.7989519834518433
cross_variable_variable,33,165,1,3,0033_1.jpg,0165_3.jpg,0,0.3396957218647003
cross_variable_variable,33,166,1,3,0033_1.jpg,0166_3.jpg,0,0.26396283507347107
cross_variable_variable,33,170,1,3,0033_1.jpg,0170_3.jpg,0,0.6499509215354919
cross_variable_variable,33,174,1,3,0033_1.jpg,0174_3.jpg,0,0.8276968002319336
cross_variable_variable,33,176,1,3,0033_1.jpg,0176_3.jpg,0,0.06297744065523148
cross_variable_variable,33,193,1,3,0033_1.jpg,0193_3.jpg,0,-0.022874778136610985
cross_variable_variable,33,202,1,3,0033_1.jpg,0202_3.jpg,0,0.5934897661209106
cross_variable_variable,33,205,1,3,0033_1.jpg,0205_3.jpg,0,0.8393648266792297
cross_variable_variable,33,210,1,3,0033_1.jpg,0210_3.jpg,0,0.549264132976532
cross_variable_variable,33,218,1,3,0033_1.jpg,0218_3.jpg,0,0.15627498924732208
cross_variable_variable,33,222,1,3,0033_1.jpg,0222_3.jpg,0,0.8298879265785217
cross_variable_variable,33,238,1,3,0033_1.jpg,0238_3.jpg,0,0.5894713997840881
cross_variable_variable,33,253,1,3,0033_1.jpg,0253_3.jpg,0,0.5092885494232178
cross_variable_variable,33,254,1,3,0033_1.jpg,0254_3.jpg,0,0.8514696955680847
cross_variable_variable,33,257,1,3,0033_1.jpg,0257_3.jpg,0,0.7644442915916443
cross_variable_variable,33,258,1,3,0033_1.jpg,0258_3.jpg,0,0.8664288520812988
cross_variable_variable,33,268,1,3,0033_1.jpg,0268_3.jpg,0,0.7091487050056458
cross_variable_variable,33,269,1,3,0033_1.jpg,0269_3.jpg,0,0.7807290554046631
cross_variable_variable,33,270,1,3,0033_1.jpg,0270_3.jpg,0,0.7591392993927002
cross_variable_variable,33,277,1,3,0033_1.jpg,0277_3.jpg,0,0.8788820505142212
cross_variable_variable,33,278,1,3,0033_1.jpg,0278_3.jpg,0,0.7052738666534424
cross_variable_variable,34,5,1,3,0034_1.jpg,0005_3.jpg,0,0.6471078395843506
cross_variable_variable,34,9,1,3,0034_1.jpg,0009_3.jpg,0,0.5785701870918274
cross_variable_variable,34,10,1,3,0034_1.jpg,0010_3.jpg,0,0.4323475658893585
cross_variable_variable,34,28,1,3,0034_1.jpg,0028_3.jpg,0,0.48149916529655457
cross_variable_variable,34,32,1,3,0034_1.jpg,0032_3.jpg,0,0.829531729221344
cross_variable_variable,34,33,1,3,0034_1.jpg,0033_3.jpg,0,0.5578797459602356
cross_variable_variable,34,34,1,3,0034_1.jpg,0034_3.jpg,1,0.861190915107727
cross_variable_variable,34,44,1,3,0034_1.jpg,0044_3.jpg,0,0.7807539105415344
cross_variable_variable,34,51,1,3,0034_1.jpg,0051_3.jpg,0,0.18848584592342377
cross_variable_variable,34,54,1,3,0034_1.jpg,0054_3.jpg,0,0.7994492053985596
cross_variable_variable,34,63,1,3,0034_1.jpg,0063_3.jpg,0,0.7818604707717896
cross_variable_variable,34,68,1,3,0034_1.jpg,0068_3.jpg,0,0.7366757988929749
cross_variable_variable,34,69,1,3,0034_1.jpg,0069_3.jpg,0,0.6489771008491516
cross_variable_variable,34,73,1,3,0034_1.jpg,0073_3.jpg,0,0.5957782864570618
cross_variable_variable,34,95,1,3,0034_1.jpg,0095_3.jpg,0,0.6501909494400024
cross_variable_variable,34,121,1,3,0034_1.jpg,0121_3.jpg,0,0.7839317917823792
cross_variable_variable,34,128,1,3,0034_1.jpg,0128_3.jpg,0,0.7013164758682251
cross_variable_variable,34,129,1,3,0034_1.jpg,0129_3.jpg,0,0.4819597601890564
cross_variable_variable,34,131,1,3,0034_1.jpg,0131_3.jpg,0,0.6204819679260254
cross_variable_variable,34,139,1,3,0034_1.jpg,0139_3.jpg,0,0.23588299751281738
cross_variable_variable,34,144,1,3,0034_1.jpg,0144_3.jpg,0,0.6533605456352234
cross_variable_variable,34,145,1,3,0034_1.jpg,0145_3.jpg,0,0.3755486309528351
cross_variable_variable,34,150,1,3,0034_1.jpg,0150_3.jpg,0,0.38380691409111023
cross_variable_variable,34,160,1,3,0034_1.jpg,0160_3.jpg,0,0.778603732585907
cross_variable_variable,34,165,1,3,0034_1.jpg,0165_3.jpg,0,0.41870543360710144
cross_variable_variable,34,166,1,3,0034_1.jpg,0166_3.jpg,0,0.3405671715736389
cross_variable_variable,34,170,1,3,0034_1.jpg,0170_3.jpg,0,0.20820045471191406
cross_variable_variable,34,174,1,3,0034_1.jpg,0174_3.jpg,0,0.5505523085594177
cross_variable_variable,34,176,1,3,0034_1.jpg,0176_3.jpg,0,0.2551012933254242
cross_variable_variable,34,193,1,3,0034_1.jpg,0193_3.jpg,0,0.07179432362318039
cross_variable_variable,34,202,1,3,0034_1.jpg,0202_3.jpg,0,0.6781840324401855
cross_variable_variable,34,205,1,3,0034_1.jpg,0205_3.jpg,0,0.5523459911346436
cross_variable_variable,34,210,1,3,0034_1.jpg,0210_3.jpg,0,0.3342742323875427
cross_variable_variable,34,218,1,3,0034_1.jpg,0218_3.jpg,0,0.4592033922672272
cross_variable_variable,34,222,1,3,0034_1.jpg,0222_3.jpg,0,0.7703515887260437
cross_variable_variable,34,238,1,3,0034_1.jpg,0238_3.jpg,0,0.5590049028396606
cross_variable_variable,34,253,1,3,0034_1.jpg,0253_3.jpg,0,0.7395231127738953
cross_variable_variable,34,254,1,3,0034_1.jpg,0254_3.jpg,0,0.43490469455718994
cross_variable_variable,34,257,1,3,0034_1.jpg,0257_3.jpg,0,0.33275166153907776
cross_variable_variable,34,258,1,3,0034_1.jpg,0258_3.jpg,0,0.7460729479789734
cross_variable_variable,34,268,1,3,0034_1.jpg,0268_3.jpg,0,0.2548539638519287
cross_variable_variable,34,269,1,3,0034_1.jpg,0269_3.jpg,0,0.636900007724762
cross_variable_variable,34,270,1,3,0034_1.jpg,0270_3.jpg,0,0.46578359603881836
cross_variable_variable,34,277,1,3,0034_1.jpg,0277_3.jpg,0,0.7285060882568359
cross_variable_variable,34,278,1,3,0034_1.jpg,0278_3.jpg,0,0.748408317565918
cross_variable_variable,44,5,1,3,0044_1.jpg,0005_3.jpg,0,0.5142172574996948
cross_variable_variable,44,9,1,3,0044_1.jpg,0009_3.jpg,0,0.5458241105079651
cross_variable_variable,44,10,1,3,0044_1.jpg,0010_3.jpg,0,0.4016241431236267
cross_variable_variable,44,28,1,3,0044_1.jpg,0028_3.jpg,0,0.6192450523376465
cross_variable_variable,44,32,1,3,0044_1.jpg,0032_3.jpg,0,0.8325539231300354
cross_variable_variable,44,33,1,3,0044_1.jpg,0033_3.jpg,0,0.3737333118915558
cross_variable_variable,44,34,1,3,0044_1.jpg,0034_3.jpg,0,0.7796316146850586
cross_variable_variable,44,44,1,3,0044_1.jpg,0044_3.jpg,1,0.8530739545822144
cross_variable_variable,44,51,1,3,0044_1.jpg,0051_3.jpg,0,0.07372475415468216
cross_variable_variable,44,54,1,3,0044_1.jpg,0054_3.jpg,0,0.7876793146133423
cross_variable_variable,44,63,1,3,0044_1.jpg,0063_3.jpg,0,0.7970109581947327
cross_variable_variable,44,68,1,3,0044_1.jpg,0068_3.jpg,0,0.5553551912307739
cross_variable_variable,44,69,1,3,0044_1.jpg,0069_3.jpg,0,0.5226458311080933
cross_variable_variable,44,73,1,3,0044_1.jpg,0073_3.jpg,0,0.7039650082588196
cross_variable_variable,44,95,1,3,0044_1.jpg,0095_3.jpg,0,0.4876462519168854
cross_variable_variable,44,121,1,3,0044_1.jpg,0121_3.jpg,0,0.6925840377807617
cross_variable_variable,44,128,1,3,0044_1.jpg,0128_3.jpg,0,0.6746479868888855
cross_variable_variable,44,129,1,3,0044_1.jpg,0129_3.jpg,0,0.39624661207199097
cross_variable_variable,44,131,1,3,0044_1.jpg,0131_3.jpg,0,0.7459481954574585
cross_variable_variable,44,139,1,3,0044_1.jpg,0139_3.jpg,0,0.08225752413272858
cross_variable_variable,44,144,1,3,0044_1.jpg,0144_3.jpg,0,0.5138237476348877
cross_variable_variable,44,145,1,3,0044_1.jpg,0145_3.jpg,0,0.21248529851436615
cross_variable_variable,44,150,1,3,0044_1.jpg,0150_3.jpg,0,0.4215877652168274
cross_variable_variable,44,160,1,3,0044_1.jpg,0160_3.jpg,0,0.7011921405792236
cross_variable_variable,44,165,1,3,0044_1.jpg,0165_3.jpg,0,0.5406447052955627
cross_variable_variable,44,166,1,3,0044_1.jpg,0166_3.jpg,0,0.4304024279117584
cross_variable_variable,44,170,1,3,0044_1.jpg,0170_3.jpg,0,0.13187459111213684
cross_variable_variable,44,174,1,3,0044_1.jpg,0174_3.jpg,0,0.5856716632843018
cross_variable_variable,44,176,1,3,0044_1.jpg,0176_3.jpg,0,0.48740091919898987
cross_variable_variable,44,193,1,3,0044_1.jpg,0193_3.jpg,0,0.05247044935822487
cross_variable_variable,44,202,1,3,0044_1.jpg,0202_3.jpg,0,0.6236332058906555
cross_variable_variable,44,205,1,3,0044_1.jpg,0205_3.jpg,0,0.36960235238075256
cross_variable_variable,44,210,1,3,0044_1.jpg,0210_3.jpg,0,0.37317585945129395
cross_variable_variable,44,218,1,3,0044_1.jpg,0218_3.jpg,0,0.5382297039031982
cross_variable_variable,44,222,1,3,0044_1.jpg,0222_3.jpg,0,0.6910766363143921
cross_variable_variable,44,238,1,3,0044_1.jpg,0238_3.jpg,0,0.5682299137115479
cross_variable_variable,44,253,1,3,0044_1.jpg,0253_3.jpg,0,0.7330880165100098
cross_variable_variable,44,254,1,3,0044_1.jpg,0254_3.jpg,0,0.28158363699913025
cross_variable_variable,44,257,1,3,0044_1.jpg,0257_3.jpg,0,0.13443873822689056
cross_variable_variable,44,258,1,3,0044_1.jpg,0258_3.jpg,0,0.6854028105735779
cross_variable_variable,44,268,1,3,0044_1.jpg,0268_3.jpg,0,0.04778405651450157
cross_variable_variable,44,269,1,3,0044_1.jpg,0269_3.jpg,0,0.42445990443229675
cross_variable_variable,44,270,1,3,0044_1.jpg,0270_3.jpg,0,0.3135318458080292
cross_variable_variable,44,277,1,3,0044_1.jpg,0277_3.jpg,0,0.735133945941925
cross_variable_variable,44,278,1,3,0044_1.jpg,0278_3.jpg,0,0.6274098753929138
cross_variable_variable,51,5,1,3,0051_1.jpg,0005_3.jpg,0,0.5472705364227295
cross_variable_variable,51,9,1,3,0051_1.jpg,0009_3.jpg,0,0.744762122631073
cross_variable_variable,51,10,1,3,0051_1.jpg,0010_3.jpg,0,0.45789939165115356
cross_variable_variable,51,28,1,3,0051_1.jpg,0028_3.jpg,0,0.737934947013855
cross_variable_variable,51,32,1,3,0051_1.jpg,0032_3.jpg,0,0.031110739335417747
cross_variable_variable,51,33,1,3,0051_1.jpg,0033_3.jpg,0,0.0792379304766655
cross_variable_variable,51,34,1,3,0051_1.jpg,0034_3.jpg,0,0.1368628442287445
cross_variable_variable,51,44,1,3,0051_1.jpg,0044_3.jpg,0,0.3920617699623108
cross_variable_variable,51,51,1,3,0051_1.jpg,0051_3.jpg,1,0.7398231625556946
cross_variable_variable,51,54,1,3,0051_1.jpg,0054_3.jpg,0,0.2563759386539459
cross_variable_variable,51,63,1,3,0051_1.jpg,0063_3.jpg,0,0.33126100897789
cross_variable_variable,51,68,1,3,0051_1.jpg,0068_3.jpg,0,0.10353309661149979
cross_variable_variable,51,69,1,3,0051_1.jpg,0069_3.jpg,0,0.5721424221992493
cross_variable_variable,51,73,1,3,0051_1.jpg,0073_3.jpg,0,0.2567245662212372
cross_variable_variable,51,95,1,3,0051_1.jpg,0095_3.jpg,0,0.27425655722618103
cross_variable_variable,51,121,1,3,0051_1.jpg,0121_3.jpg,0,0.04726129025220871
cross_variable_variable,51,128,1,3,0051_1.jpg,0128_3.jpg,0,0.6386849284172058
cross_variable_variable,51,129,1,3,0051_1.jpg,0129_3.jpg,0,0.7146819829940796
cross_variable_variable,51,131,1,3,0051_1.jpg,0131_3.jpg,0,0.22928524017333984
cross_variable_variable,51,139,1,3,0051_1.jpg,0139_3.jpg,0,0.45041993260383606
cross_variable_variable,51,144,1,3,0051_1.jpg,0144_3.jpg,0,0.46536004543304443
cross_variable_variable,51,145,1,3,0051_1.jpg,0145_3.jpg,0,0.6735566258430481
cross_variable_variable,51,150,1,3,0051_1.jpg,0150_3.jpg,0,0.5092295408248901
cross_variable_variable,51,160,1,3,0051_1.jpg,0160_3.jpg,0,0.15381772816181183
cross_variable_variable,51,165,1,3,0051_1.jpg,0165_3.jpg,0,0.7658304572105408
cross_variable_variable,51,166,1,3,0051_1.jpg,0166_3.jpg,0,0.8796947002410889
cross_variable_variable,51,170,1,3,0051_1.jpg,0170_3.jpg,0,0.708112359046936
cross_variable_variable,51,174,1,3,0051_1.jpg,0174_3.jpg,0,0.47291669249534607
cross_variable_variable,51,176,1,3,0051_1.jpg,0176_3.jpg,0,0.5358895659446716
cross_variable_variable,51,193,1,3,0051_1.jpg,0193_3.jpg,0,0.4477669894695282
cross_variable_variable,51,202,1,3,0051_1.jpg,0202_3.jpg,0,0.027319809421896935
cross_variable_variable,51,205,1,3,0051_1.jpg,0205_3.jpg,0,0.14206562936306
cross_variable_variable,51,210,1,3,0051_1.jpg,0210_3.jpg,0,0.8174064755439758
cross_variable_variable,51,218,1,3,0051_1.jpg,0218_3.jpg,0,0.22399044036865234
cross_variable_variable,51,222,1,3,0051_1.jpg,0222_3.jpg,0,-0.01825665310025215
cross_variable_variable,51,238,1,3,0051_1.jpg,0238_3.jpg,0,0.15693123638629913
cross_variable_variable,51,253,1,3,0051_1.jpg,0253_3.jpg,0,0.18124373257160187
cross_variable_variable,51,254,1,3,0051_1.jpg,0254_3.jpg,0,0.27469685673713684
cross_variable_variable,51,257,1,3,0051_1.jpg,0257_3.jpg,0,0.3595651090145111
cross_variable_variable,51,258,1,3,0051_1.jpg,0258_3.jpg,0,0.23746898770332336
cross_variable_variable,51,268,1,3,0051_1.jpg,0268_3.jpg,0,0.3066515326499939
cross_variable_variable,51,269,1,3,0051_1.jpg,0269_3.jpg,0,-0.06403318792581558
cross_variable_variable,51,270,1,3,0051_1.jpg,0270_3.jpg,0,0.5996592044830322
cross_variable_variable,51,277,1,3,0051_1.jpg,0277_3.jpg,0,0.5629298686981201
cross_variable_variable,51,278,1,3,0051_1.jpg,0278_3.jpg,0,0.17135077714920044
cross_variable_variable,54,5,1,3,0054_1.jpg,0005_3.jpg,0,0.5287128686904907
cross_variable_variable,54,9,1,3,0054_1.jpg,0009_3.jpg,0,0.35870835185050964
cross_variable_variable,54,10,1,3,0054_1.jpg,0010_3.jpg,0,0.39487072825431824
cross_variable_variable,54,28,1,3,0054_1.jpg,0028_3.jpg,0,0.4392794072628021
cross_variable_variable,54,32,1,3,0054_1.jpg,0032_3.jpg,0,0.7521224021911621
cross_variable_variable,54,33,1,3,0054_1.jpg,0033_3.jpg,0,0.5411956906318665
cross_variable_variable,54,34,1,3,0054_1.jpg,0034_3.jpg,0,0.8307482004165649
cross_variable_variable,54,44,1,3,0054_1.jpg,0044_3.jpg,0,0.7275819182395935
cross_variable_variable,54,51,1,3,0054_1.jpg,0051_3.jpg,0,0.17897412180900574
cross_variable_variable,54,54,1,3,0054_1.jpg,0054_3.jpg,1,0.7499155402183533
cross_variable_variable,54,63,1,3,0054_1.jpg,0063_3.jpg,0,0.6923013925552368
cross_variable_variable,54,68,1,3,0054_1.jpg,0068_3.jpg,0,0.7351181507110596
cross_variable_variable,54,69,1,3,0054_1.jpg,0069_3.jpg,0,0.5439194440841675
cross_variable_variable,54,73,1,3,0054_1.jpg,0073_3.jpg,0,0.7210405468940735
cross_variable_variable,54,95,1,3,0054_1.jpg,0095_3.jpg,0,0.6768038272857666
cross_variable_variable,54,121,1,3,0054_1.jpg,0121_3.jpg,0,0.7582334280014038
cross_variable_variable,54,128,1,3,0054_1.jpg,0128_3.jpg,0,0.47702085971832275
cross_variable_variable,54,129,1,3,0054_1.jpg,0129_3.jpg,0,0.34157201647758484
cross_variable_variable,54,131,1,3,0054_1.jpg,0131_3.jpg,0,0.7112744450569153
cross_variable_variable,54,139,1,3,0054_1.jpg,0139_3.jpg,0,0.2804981470108032
cross_variable_variable,54,144,1,3,0054_1.jpg,0144_3.jpg,0,0.46665674448013306
cross_variable_variable,54,145,1,3,0054_1.jpg,0145_3.jpg,0,0.27224045991897583
cross_variable_variable,54,150,1,3,0054_1.jpg,0150_3.jpg,0,0.5261114239692688
cross_variable_variable,54,160,1,3,0054_1.jpg,0160_3.jpg,0,0.677969753742218
cross_variable_variable,54,165,1,3,0054_1.jpg,0165_3.jpg,0,0.24373182654380798
cross_variable_variable,54,166,1,3,0054_1.jpg,0166_3.jpg,0,0.3914472460746765
cross_variable_variable,54,170,1,3,0054_1.jpg,0170_3.jpg,0,0.12645968794822693
cross_variable_variable,54,174,1,3,0054_1.jpg,0174_3.jpg,0,0.24559423327445984
cross_variable_variable,54,176,1,3,0054_1.jpg,0176_3.jpg,0,0.3249163329601288
cross_variable_variable,54,193,1,3,0054_1.jpg,0193_3.jpg,0,0.29638490080833435
cross_variable_variable,54,202,1,3,0054_1.jpg,0202_3.jpg,0,0.7903100252151489
cross_variable_variable,54,205,1,3,0054_1.jpg,0205_3.jpg,0,0.5161933898925781
cross_variable_variable,54,210,1,3,0054_1.jpg,0210_3.jpg,0,0.10068276524543762
cross_variable_variable,54,218,1,3,0054_1.jpg,0218_3.jpg,0,0.6111024618148804
cross_variable_variable,54,222,1,3,0054_1.jpg,0222_3.jpg,0,0.5976122617721558
cross_variable_variable,54,238,1,3,0054_1.jpg,0238_3.jpg,0,0.505550742149353
cross_variable_variable,54,253,1,3,0054_1.jpg,0253_3.jpg,0,0.8031283020973206
cross_variable_variable,54,254,1,3,0054_1.jpg,0254_3.jpg,0,0.24709650874137878
cross_variable_variable,54,257,1,3,0054_1.jpg,0257_3.jpg,0,0.14847658574581146
cross_variable_variable,54,258,1,3,0054_1.jpg,0258_3.jpg,0,0.4140971302986145
cross_variable_variable,54,268,1,3,0054_1.jpg,0268_3.jpg,0,0.18409283459186554
cross_variable_variable,54,269,1,3,0054_1.jpg,0269_3.jpg,0,0.5997457504272461
cross_variable_variable,54,270,1,3,0054_1.jpg,0270_3.jpg,0,0.33272528648376465
cross_variable_variable,54,277,1,3,0054_1.jpg,0277_3.jpg,0,0.5337225198745728
cross_variable_variable,54,278,1,3,0054_1.jpg,0278_3.jpg,0,0.7800458073616028
cross_variable_variable,63,5,1,3,0063_1.jpg,0005_3.jpg,0,0.45361873507499695
cross_variable_variable,63,9,1,3,0063_1.jpg,0009_3.jpg,0,0.648826003074646
cross_variable_variable,63,10,1,3,0063_1.jpg,0010_3.jpg,0,0.46151018142700195
cross_variable_variable,63,28,1,3,0063_1.jpg,0028_3.jpg,0,0.19490735232830048
cross_variable_variable,63,32,1,3,0063_1.jpg,0032_3.jpg,0,0.7732032537460327
cross_variable_variable,63,33,1,3,0063_1.jpg,0033_3.jpg,0,0.6174797415733337
cross_variable_variable,63,34,1,3,0063_1.jpg,0034_3.jpg,0,0.6962267756462097
cross_variable_variable,63,44,1,3,0063_1.jpg,0044_3.jpg,0,0.4769192337989807
cross_variable_variable,63,51,1,3,0063_1.jpg,0051_3.jpg,0,0.25046783685684204
cross_variable_variable,63,54,1,3,0063_1.jpg,0054_3.jpg,0,0.7044359445571899
cross_variable_variable,63,63,1,3,0063_1.jpg,0063_3.jpg,1,0.7886513471603394
cross_variable_variable,63,68,1,3,0063_1.jpg,0068_3.jpg,0,0.5950596928596497
cross_variable_variable,63,69,1,3,0063_1.jpg,0069_3.jpg,0,0.5854133367538452
cross_variable_variable,63,73,1,3,0063_1.jpg,0073_3.jpg,0,0.4513961970806122
cross_variable_variable,63,95,1,3,0063_1.jpg,0095_3.jpg,0,0.5002145767211914
cross_variable_variable,63,121,1,3,0063_1.jpg,0121_3.jpg,0,0.4866822361946106
cross_variable_variable,63,128,1,3,0063_1.jpg,0128_3.jpg,0,0.759712278842926
cross_variable_variable,63,129,1,3,0063_1.jpg,0129_3.jpg,0,0.6160030364990234
cross_variable_variable,63,131,1,3,0063_1.jpg,0131_3.jpg,0,0.22239474952220917
cross_variable_variable,63,139,1,3,0063_1.jpg,0139_3.jpg,0,0.2837938368320465
cross_variable_variable,63,144,1,3,0063_1.jpg,0144_3.jpg,0,0.7385674715042114
cross_variable_variable,63,145,1,3,0063_1.jpg,0145_3.jpg,0,0.4348633587360382
cross_variable_variable,63,150,1,3,0063_1.jpg,0150_3.jpg,0,-0.10975692421197891
cross_variable_variable,63,160,1,3,0063_1.jpg,0160_3.jpg,0,0.8406705260276794
cross_variable_variable,63,165,1,3,0063_1.jpg,0165_3.jpg,0,0.4083864688873291
cross_variable_variable,63,166,1,3,0063_1.jpg,0166_3.jpg,0,0.14813445508480072
cross_variable_variable,63,170,1,3,0063_1.jpg,0170_3.jpg,0,0.4232408106327057
cross_variable_variable,63,174,1,3,0063_1.jpg,0174_3.jpg,0,0.7927709221839905
cross_variable_variable,63,176,1,3,0063_1.jpg,0176_3.jpg,0,0.0596792995929718
cross_variable_variable,63,193,1,3,0063_1.jpg,0193_3.jpg,0,-0.32041946053504944
cross_variable_variable,63,202,1,3,0063_1.jpg,0202_3.jpg,0,0.5501812100410461
cross_variable_variable,63,205,1,3,0063_1.jpg,0205_3.jpg,0,0.7141433954238892
cross_variable_variable,63,210,1,3,0063_1.jpg,0210_3.jpg,0,0.5135223269462585
cross_variable_variable,63,218,1,3,0063_1.jpg,0218_3.jpg,0,0.022543003782629967
cross_variable_variable,63,222,1,3,0063_1.jpg,0222_3.jpg,0,0.8034262657165527
cross_variable_variable,63,238,1,3,0063_1.jpg,0238_3.jpg,0,0.5673902630805969
cross_variable_variable,63,253,1,3,0063_1.jpg,0253_3.jpg,0,0.45983177423477173
cross_variable_variable,63,254,1,3,0063_1.jpg,0254_3.jpg,0,0.7465240359306335
cross_variable_variable,63,257,1,3,0063_1.jpg,0257_3.jpg,0,0.5978685021400452
cross_variable_variable,63,258,1,3,0063_1.jpg,0258_3.jpg,0,0.8921778202056885
cross_variable_variable,63,268,1,3,0063_1.jpg,0268_3.jpg,0,0.5088856816291809
cross_variable_variable,63,269,1,3,0063_1.jpg,0269_3.jpg,0,0.6467885971069336
cross_variable_variable,63,270,1,3,0063_1.jpg,0270_3.jpg,0,0.6142885684967041
cross_variable_variable,63,277,1,3,0063_1.jpg,0277_3.jpg,0,0.7449799180030823
cross_variable_variable,63,278,1,3,0063_1.jpg,0278_3.jpg,0,0.5611209273338318
cross_variable_variable,68,5,1,3,0068_1.jpg,0005_3.jpg,0,0.7204421758651733
cross_variable_variable,68,9,1,3,0068_1.jpg,0009_3.jpg,0,0.6417754888534546
cross_variable_variable,68,10,1,3,0068_1.jpg,0010_3.jpg,0,0.675927460193634
cross_variable_variable,68,28,1,3,0068_1.jpg,0028_3.jpg,0,0.4616272449493408
cross_variable_variable,68,32,1,3,0068_1.jpg,0032_3.jpg,0,0.6693377494812012
cross_variable_variable,68,33,1,3,0068_1.jpg,0033_3.jpg,0,0.6717026829719543
cross_variable_variable,68,34,1,3,0068_1.jpg,0034_3.jpg,0,0.8188113570213318
cross_variable_variable,68,44,1,3,0068_1.jpg,0044_3.jpg,0,0.6052713990211487
cross_variable_variable,68,51,1,3,0068_1.jpg,0051_3.jpg,0,0.5114299058914185
cross_variable_variable,68,54,1,3,0068_1.jpg,0054_3.jpg,0,0.7154645323753357
cross_variable_variable,68,63,1,3,0068_1.jpg,0063_3.jpg,0,0.6258355379104614
cross_variable_variable,68,68,1,3,0068_1.jpg,0068_3.jpg,1,0.783940851688385
cross_variable_variable,68,69,1,3,0068_1.jpg,0069_3.jpg,0,0.7902823686599731
cross_variable_variable,68,73,1,3,0068_1.jpg,0073_3.jpg,0,0.4732878804206848
cross_variable_variable,68,95,1,3,0068_1.jpg,0095_3.jpg,0,0.7658158540725708
cross_variable_variable,68,121,1,3,0068_1.jpg,0121_3.jpg,0,0.7132546901702881
cross_variable_variable,68,128,1,3,0068_1.jpg,0128_3.jpg,0,0.7288540005683899
cross_variable_variable,68,129,1,3,0068_1.jpg,0129_3.jpg,0,0.6857643723487854
cross_variable_variable,68,131,1,3,0068_1.jpg,0131_3.jpg,0,0.4621407389640808
cross_variable_variable,68,139,1,3,0068_1.jpg,0139_3.jpg,0,0.5571340918540955
cross_variable_variable,68,144,1,3,0068_1.jpg,0144_3.jpg,0,0.7516303062438965
cross_variable_variable,68,145,1,3,0068_1.jpg,0145_3.jpg,0,0.615440845489502
cross_variable_variable,68,150,1,3,0068_1.jpg,0150_3.jpg,0,0.4079629182815552
cross_variable_variable,68,160,1,3,0068_1.jpg,0160_3.jpg,0,0.7051690816879272
cross_variable_variable,68,165,1,3,0068_1.jpg,0165_3.jpg,0,0.3589636981487274
cross_variable_variable,68,166,1,3,0068_1.jpg,0166_3.jpg,0,0.44355058670043945
cross_variable_variable,68,170,1,3,0068_1.jpg,0170_3.jpg,0,0.4831734001636505
cross_variable_variable,68,174,1,3,0068_1.jpg,0174_3.jpg,0,0.5997189283370972
cross_variable_variable,68,176,1,3,0068_1.jpg,0176_3.jpg,0,0.15335142612457275
cross_variable_variable,68,193,1,3,0068_1.jpg,0193_3.jpg,0,0.32414573431015015
cross_variable_variable,68,202,1,3,0068_1.jpg,0202_3.jpg,0,0.6479834318161011
cross_variable_variable,68,205,1,3,0068_1.jpg,0205_3.jpg,0,0.6651178002357483
cross_variable_variable,68,210,1,3,0068_1.jpg,0210_3.jpg,0,0.4009089767932892
cross_variable_variable,68,218,1,3,0068_1.jpg,0218_3.jpg,0,0.38330918550491333
cross_variable_variable,68,222,1,3,0068_1.jpg,0222_3.jpg,0,0.6559964418411255
cross_variable_variable,68,238,1,3,0068_1.jpg,0238_3.jpg,0,0.3799535036087036
cross_variable_variable,68,253,1,3,0068_1.jpg,0253_3.jpg,0,0.641119658946991
cross_variable_variable,68,254,1,3,0068_1.jpg,0254_3.jpg,0,0.5845908522605896
cross_variable_variable,68,257,1,3,0068_1.jpg,0257_3.jpg,0,0.5582484602928162
cross_variable_variable,68,258,1,3,0068_1.jpg,0258_3.jpg,0,0.6375839710235596
cross_variable_variable,68,268,1,3,0068_1.jpg,0268_3.jpg,0,0.508051335811615
cross_variable_variable,68,269,1,3,0068_1.jpg,0269_3.jpg,0,0.6594897508621216
cross_variable_variable,68,270,1,3,0068_1.jpg,0270_3.jpg,0,0.6954708695411682
cross_variable_variable,68,277,1,3,0068_1.jpg,0277_3.jpg,0,0.7273383736610413
cross_variable_variable,68,278,1,3,0068_1.jpg,0278_3.jpg,0,0.74522465467453
cross_variable_variable,69,5,1,3,0069_1.jpg,0005_3.jpg,0,0.6386047005653381
cross_variable_variable,69,9,1,3,0069_1.jpg,0009_3.jpg,0,0.39053118228912354
cross_variable_variable,69,10,1,3,0069_1.jpg,0010_3.jpg,0,0.4892309010028839
cross_variable_variable,69,28,1,3,0069_1.jpg,0028_3.jpg,0,0.7124817967414856
cross_variable_variable,69,32,1,3,0069_1.jpg,0032_3.jpg,0,0.5945842266082764
cross_variable_variable,69,33,1,3,0069_1.jpg,0033_3.jpg,0,0.42802560329437256
cross_variable_variable,69,34,1,3,0069_1.jpg,0034_3.jpg,0,0.6539455652236938
cross_variable_variable,69,44,1,3,0069_1.jpg,0044_3.jpg,0,0.7082957625389099
cross_variable_variable,69,51,1,3,0069_1.jpg,0051_3.jpg,0,0.36135444045066833
cross_variable_variable,69,54,1,3,0069_1.jpg,0054_3.jpg,0,0.642215371131897
cross_variable_variable,69,63,1,3,0069_1.jpg,0063_3.jpg,0,0.5093241333961487
cross_variable_variable,69,68,1,3,0069_1.jpg,0068_3.jpg,0,0.6165022253990173
cross_variable_variable,69,69,1,3,0069_1.jpg,0069_3.jpg,1,0.5257807374000549
cross_variable_variable,69,73,1,3,0069_1.jpg,0073_3.jpg,0,0.7125203013420105
cross_variable_variable,69,95,1,3,0069_1.jpg,0095_3.jpg,0,0.6886439323425293
cross_variable_variable,69,121,1,3,0069_1.jpg,0121_3.jpg,0,0.7228738069534302
cross_variable_variable,69,128,1,3,0069_1.jpg,0128_3.jpg,0,0.41232359409332275
cross_variable_variable,69,129,1,3,0069_1.jpg,0129_3.jpg,0,0.2683057487010956
cross_variable_variable,69,131,1,3,0069_1.jpg,0131_3.jpg,0,0.8017498254776001
cross_variable_variable,69,139,1,3,0069_1.jpg,0139_3.jpg,0,0.379999041557312
cross_variable_variable,69,144,1,3,0069_1.jpg,0144_3.jpg,0,0.4097742736339569
cross_variable_variable,69,145,1,3,0069_1.jpg,0145_3.jpg,0,0.36041030287742615
cross_variable_variable,69,150,1,3,0069_1.jpg,0150_3.jpg,0,0.8185162544250488
cross_variable_variable,69,160,1,3,0069_1.jpg,0160_3.jpg,0,0.4132140874862671
cross_variable_variable,69,165,1,3,0069_1.jpg,0165_3.jpg,0,0.29009631276130676
cross_variable_variable,69,166,1,3,0069_1.jpg,0166_3.jpg,0,0.5833956599235535
cross_variable_variable,69,170,1,3,0069_1.jpg,0170_3.jpg,0,0.19443480670452118
cross_variable_variable,69,174,1,3,0069_1.jpg,0174_3.jpg,0,0.13200236856937408
cross_variable_variable,69,176,1,3,0069_1.jpg,0176_3.jpg,0,0.5369167923927307
cross_variable_variable,69,193,1,3,0069_1.jpg,0193_3.jpg,0,0.6747915744781494
cross_variable_variable,69,202,1,3,0069_1.jpg,0202_3.jpg,0,0.7294965386390686
cross_variable_variable,69,205,1,3,0069_1.jpg,0205_3.jpg,0,0.30448636412620544
cross_variable_variable,69,210,1,3,0069_1.jpg,0210_3.jpg,0,0.12505453824996948
cross_variable_variable,69,218,1,3,0069_1.jpg,0218_3.jpg,0,0.8598260283470154
cross_variable_variable,69,222,1,3,0069_1.jpg,0222_3.jpg,0,0.42549455165863037
cross_variable_variable,69,238,1,3,0069_1.jpg,0238_3.jpg,0,0.4662788510322571
cross_variable_variable,69,253,1,3,0069_1.jpg,0253_3.jpg,0,0.8149830102920532
cross_variable_variable,69,254,1,3,0069_1.jpg,0254_3.jpg,0,0.04721912741661072
cross_variable_variable,69,257,1,3,0069_1.jpg,0257_3.jpg,0,0.02122187614440918
cross_variable_variable,69,258,1,3,0069_1.jpg,0258_3.jpg,0,0.2021944522857666
cross_variable_variable,69,268,1,3,0069_1.jpg,0268_3.jpg,0,0.07427745312452316
cross_variable_variable,69,269,1,3,0069_1.jpg,0269_3.jpg,0,0.4178199768066406
cross_variable_variable,69,270,1,3,0069_1.jpg,0270_3.jpg,0,0.23478810489177704
cross_variable_variable,69,277,1,3,0069_1.jpg,0277_3.jpg,0,0.5334089398384094
cross_variable_variable,69,278,1,3,0069_1.jpg,0278_3.jpg,0,0.7267124056816101
cross_variable_variable,73,5,1,3,0073_1.jpg,0005_3.jpg,0,0.25195983052253723
cross_variable_variable,73,9,1,3,0073_1.jpg,0009_3.jpg,0,0.4635692238807678
cross_variable_variable,73,10,1,3,0073_1.jpg,0010_3.jpg,0,0.20364171266555786
cross_variable_variable,73,28,1,3,0073_1.jpg,0028_3.jpg,0,0.5365216135978699
cross_variable_variable,73,32,1,3,0073_1.jpg,0032_3.jpg,0,-0.15031662583351135
cross_variable_variable,73,33,1,3,0073_1.jpg,0033_3.jpg,0,-0.09650599956512451
cross_variable_variable,73,34,1,3,0073_1.jpg,0034_3.jpg,0,-0.0644473060965538
cross_variable_variable,73,44,1,3,0073_1.jpg,0044_3.jpg,0,0.15552884340286255
cross_variable_variable,73,51,1,3,0073_1.jpg,0051_3.jpg,0,0.5862946510314941
cross_variable_variable,73,54,1,3,0073_1.jpg,0054_3.jpg,0,0.032449331134557724
cross_variable_variable,73,63,1,3,0073_1.jpg,0063_3.jpg,0,0.18314144015312195
cross_variable_variable,73,68,1,3,0073_1.jpg,0068_3.jpg,0,-0.01600498892366886
cross_variable_variable,73,69,1,3,0073_1.jpg,0069_3.jpg,0,0.34980469942092896
cross_variable_variable,73,73,1,3,0073_1.jpg,0073_3.jpg,1,0.2222338169813156
cross_variable_variable,73,95,1,3,0073_1.jpg,0095_3.jpg,0,0.08590221405029297
cross_variable_variable,73,121,1,3,0073_1.jpg,0121_3.jpg,0,-0.23599956929683685
cross_variable_variable,73,128,1,3,0073_1.jpg,0128_3.jpg,0,0.35071760416030884
cross_variable_variable,73,129,1,3,0073_1.jpg,0129_3.jpg,0,0.5267081260681152
cross_variable_variable,73,131,1,3,0073_1.jpg,0131_3.jpg,0,0.14057417213916779
cross_variable_variable,73,139,1,3,0073_1.jpg,0139_3.jpg,0,0.2865780293941498
cross_variable_variable,73,144,1,3,0073_1.jpg,0144_3.jpg,0,0.21920056641101837
cross_variable_variable,73,145,1,3,0073_1.jpg,0145_3.jpg,0,0.44449418783187866
cross_variable_variable,73,150,1,3,0073_1.jpg,0150_3.jpg,0,0.414795458316803
cross_variable_variable,73,160,1,3,0073_1.jpg,0160_3.jpg,0,-0.024082273244857788
cross_variable_variable,73,165,1,3,0073_1.jpg,0165_3.jpg,0,0.6301064491271973
cross_variable_variable,73,166,1,3,0073_1.jpg,0166_3.jpg,0,0.75458824634552
cross_variable_variable,73,170,1,3,0073_1.jpg,0170_3.jpg,0,0.5530111789703369
cross_variable_variable,73,174,1,3,0073_1.jpg,0174_3.jpg,0,0.22284285724163055
cross_variable_variable,73,176,1,3,0073_1.jpg,0176_3.jpg,0,0.5153522491455078
cross_variable_variable,73,193,1,3,0073_1.jpg,0193_3.jpg,0,0.359058678150177
cross_variable_variable,73,202,1,3,0073_1.jpg,0202_3.jpg,0,0.02016638219356537
cross_variable_variable,73,205,1,3,0073_1.jpg,0205_3.jpg,0,0.025084201246500015
cross_variable_variable,73,210,1,3,0073_1.jpg,0210_3.jpg,0,0.6600242257118225
cross_variable_variable,73,218,1,3,0073_1.jpg,0218_3.jpg,0,0.08570162206888199
cross_variable_variable,73,222,1,3,0073_1.jpg,0222_3.jpg,0,-0.264370858669281
cross_variable_variable,73,238,1,3,0073_1.jpg,0238_3.jpg,0,-0.01632879115641117
cross_variable_variable,73,253,1,3,0073_1.jpg,0253_3.jpg,0,-0.006776435766369104
cross_variable_variable,73,254,1,3,0073_1.jpg,0254_3.jpg,0,0.08972261101007462
cross_variable_variable,73,257,1,3,0073_1.jpg,0257_3.jpg,0,0.1566588282585144
cross_variable_variable,73,258,1,3,0073_1.jpg,0258_3.jpg,0,-0.02136624976992607
cross_variable_variable,73,268,1,3,0073_1.jpg,0268_3.jpg,0,0.1856977641582489
cross_variable_variable,73,269,1,3,0073_1.jpg,0269_3.jpg,0,-0.23018307983875275
cross_variable_variable,73,270,1,3,0073_1.jpg,0270_3.jpg,0,0.4122343063354492
cross_variable_variable,73,277,1,3,0073_1.jpg,0277_3.jpg,0,0.2690611183643341
cross_variable_variable,73,278,1,3,0073_1.jpg,0278_3.jpg,0,-0.044517744332551956
cross_variable_variable,95,5,1,3,0095_1.jpg,0005_3.jpg,0,0.6553785800933838
cross_variable_variable,95,9,1,3,0095_1.jpg,0009_3.jpg,0,0.7363929748535156
cross_variable_variable,95,10,1,3,0095_1.jpg,0010_3.jpg,0,0.76915043592453
cross_variable_variable,95,28,1,3,0095_1.jpg,0028_3.jpg,0,0.339008629322052
cross_variable_variable,95,32,1,3,0095_1.jpg,0032_3.jpg,0,0.6682707071304321
cross_variable_variable,95,33,1,3,0095_1.jpg,0033_3.jpg,0,0.7794218063354492
cross_variable_variable,95,34,1,3,0095_1.jpg,0034_3.jpg,0,0.7571291327476501
cross_variable_variable,95,44,1,3,0095_1.jpg,0044_3.jpg,0,0.47472500801086426
cross_variable_variable,95,51,1,3,0095_1.jpg,0051_3.jpg,0,0.5910055041313171
cross_variable_variable,95,54,1,3,0095_1.jpg,0054_3.jpg,0,0.7212632894515991
cross_variable_variable,95,63,1,3,0095_1.jpg,0063_3.jpg,0,0.6696194410324097
cross_variable_variable,95,68,1,3,0095_1.jpg,0068_3.jpg,0,0.687059223651886
cross_variable_variable,95,69,1,3,0095_1.jpg,0069_3.jpg,0,0.8316972255706787
cross_variable_variable,95,73,1,3,0095_1.jpg,0073_3.jpg,0,0.39468467235565186
cross_variable_variable,95,95,1,3,0095_1.jpg,0095_3.jpg,1,0.7569101452827454
cross_variable_variable,95,121,1,3,0095_1.jpg,0121_3.jpg,0,0.5602104663848877
cross_variable_variable,95,128,1,3,0095_1.jpg,0128_3.jpg,0,0.8097261786460876
cross_variable_variable,95,129,1,3,0095_1.jpg,0129_3.jpg,0,0.7917230725288391
cross_variable_variable,95,131,1,3,0095_1.jpg,0131_3.jpg,0,0.2638833820819855
cross_variable_variable,95,139,1,3,0095_1.jpg,0139_3.jpg,0,0.657664954662323
cross_variable_variable,95,144,1,3,0095_1.jpg,0144_3.jpg,0,0.8998979330062866
cross_variable_variable,95,145,1,3,0095_1.jpg,0145_3.jpg,0,0.7073657512664795
cross_variable_variable,95,150,1,3,0095_1.jpg,0150_3.jpg,0,0.13297054171562195
cross_variable_variable,95,160,1,3,0095_1.jpg,0160_3.jpg,0,0.7391920685768127
cross_variable_variable,95,165,1,3,0095_1.jpg,0165_3.jpg,0,0.3510993719100952
cross_variable_variable,95,166,1,3,0095_1.jpg,0166_3.jpg,0,0.3485383093357086
cross_variable_variable,95,170,1,3,0095_1.jpg,0170_3.jpg,0,0.6351680755615234
cross_variable_variable,95,174,1,3,0095_1.jpg,0174_3.jpg,0,0.8233841061592102
cross_variable_variable,95,176,1,3,0095_1.jpg,0176_3.jpg,0,0.06722428649663925
cross_variable_variable,95,193,1,3,0095_1.jpg,0193_3.jpg,0,0.13556383550167084
cross_variable_variable,95,202,1,3,0095_1.jpg,0202_3.jpg,0,0.609916090965271
cross_variable_variable,95,205,1,3,0095_1.jpg,0205_3.jpg,0,0.7896252274513245
cross_variable_variable,95,210,1,3,0095_1.jpg,0210_3.jpg,0,0.5564217567443848
cross_variable_variable,95,218,1,3,0095_1.jpg,0218_3.jpg,0,0.15567845106124878
cross_variable_variable,95,222,1,3,0095_1.jpg,0222_3.jpg,0,0.7297265529632568
cross_variable_variable,95,238,1,3,0095_1.jpg,0238_3.jpg,0,0.4073999524116516
cross_variable_variable,95,253,1,3,0095_1.jpg,0253_3.jpg,0,0.4624982476234436
cross_variable_variable,95,254,1,3,0095_1.jpg,0254_3.jpg,0,0.8024346828460693
cross_variable_variable,95,257,1,3,0095_1.jpg,0257_3.jpg,0,0.7538991570472717
cross_variable_variable,95,258,1,3,0095_1.jpg,0258_3.jpg,0,0.7696402668952942
cross_variable_variable,95,268,1,3,0095_1.jpg,0268_3.jpg,0,0.7076582908630371
cross_variable_variable,95,269,1,3,0095_1.jpg,0269_3.jpg,0,0.7212609648704529
cross_variable_variable,95,270,1,3,0095_1.jpg,0270_3.jpg,0,0.8243927359580994
cross_variable_variable,95,277,1,3,0095_1.jpg,0277_3.jpg,0,0.8127034902572632
cross_variable_variable,95,278,1,3,0095_1.jpg,0278_3.jpg,0,0.6815186738967896
cross_variable_variable,121,5,1,3,0121_1.jpg,0005_3.jpg,0,0.49032101035118103
cross_variable_variable,121,9,1,3,0121_1.jpg,0009_3.jpg,0,0.20003464818000793
cross_variable_variable,121,10,1,3,0121_1.jpg,0010_3.jpg,0,0.35675016045570374
cross_variable_variable,121,28,1,3,0121_1.jpg,0028_3.jpg,0,0.37267011404037476
cross_variable_variable,121,32,1,3,0121_1.jpg,0032_3.jpg,0,0.7267649173736572
cross_variable_variable,121,33,1,3,0121_1.jpg,0033_3.jpg,0,0.4225592017173767
cross_variable_variable,121,34,1,3,0121_1.jpg,0034_3.jpg,0,0.7220101356506348
cross_variable_variable,121,44,1,3,0121_1.jpg,0044_3.jpg,0,0.6773014664649963
cross_variable_variable,121,51,1,3,0121_1.jpg,0051_3.jpg,0,-0.026087185367941856
cross_variable_variable,121,54,1,3,0121_1.jpg,0054_3.jpg,0,0.6641700863838196
cross_variable_variable,121,63,1,3,0121_1.jpg,0063_3.jpg,0,0.4756045341491699
cross_variable_variable,121,68,1,3,0121_1.jpg,0068_3.jpg,0,0.6992069482803345
cross_variable_variable,121,69,1,3,0121_1.jpg,0069_3.jpg,0,0.3148341476917267
cross_variable_variable,121,73,1,3,0121_1.jpg,0073_3.jpg,0,0.6090968251228333
cross_variable_variable,121,95,1,3,0121_1.jpg,0095_3.jpg,0,0.6176444292068481
cross_variable_variable,121,121,1,3,0121_1.jpg,0121_3.jpg,1,0.7758817076683044
cross_variable_variable,121,128,1,3,0121_1.jpg,0128_3.jpg,0,0.344485878944397
cross_variable_variable,121,129,1,3,0121_1.jpg,0129_3.jpg,0,0.05962979048490524
cross_variable_variable,121,131,1,3,0121_1.jpg,0131_3.jpg,0,0.7157851457595825
cross_variable_variable,121,139,1,3,0121_1.jpg,0139_3.jpg,0,0.12755118310451508
cross_variable_variable,121,144,1,3,0121_1.jpg,0144_3.jpg,0,0.34931647777557373
cross_variable_variable,121,145,1,3,0121_1.jpg,0145_3.jpg,0,0.11935031414031982
cross_variable_variable,121,150,1,3,0121_1.jpg,0150_3.jpg,0,0.5279588103294373
cross_variable_variable,121,160,1,3,0121_1.jpg,0160_3.jpg,0,0.5703455209732056
cross_variable_variable,121,165,1,3,0121_1.jpg,0165_3.jpg,0,0.10485566407442093
cross_variable_variable,121,166,1,3,0121_1.jpg,0166_3.jpg,0,0.19269892573356628
cross_variable_variable,121,170,1,3,0121_1.jpg,0170_3.jpg,0,-0.0822482705116272
cross_variable_variable,121,174,1,3,0121_1.jpg,0174_3.jpg,0,0.19072414934635162
cross_variable_variable,121,176,1,3,0121_1.jpg,0176_3.jpg,0,0.2988959550857544
cross_variable_variable,121,193,1,3,0121_1.jpg,0193_3.jpg,0,0.27965083718299866
cross_variable_variable,121,202,1,3,0121_1.jpg,0202_3.jpg,0,0.6965300440788269
cross_variable_variable,121,205,1,3,0121_1.jpg,0205_3.jpg,0,0.35356318950653076
cross_variable_variable,121,210,1,3,0121_1.jpg,0210_3.jpg,0,-0.09110787510871887
cross_variable_variable,121,218,1,3,0121_1.jpg,0218_3.jpg,0,0.657794713973999
cross_variable_variable,121,222,1,3,0121_1.jpg,0222_3.jpg,0,0.5963841080665588
cross_variable_variable,121,238,1,3,0121_1.jpg,0238_3.jpg,0,0.45478665828704834
cross_variable_variable,121,253,1,3,0121_1.jpg,0253_3.jpg,0,0.7855905294418335
cross_variable_variable,121,254,1,3,0121_1.jpg,0254_3.jpg,0,0.10233230143785477
cross_variable_variable,121,257,1,3,0121_1.jpg,0257_3.jpg,0,-0.03396473079919815
cross_variable_variable,121,258,1,3,0121_1.jpg,0258_3.jpg,0,0.3796171247959137
cross_variable_variable,121,268,1,3,0121_1.jpg,0268_3.jpg,0,-0.0037009650841355324
cross_variable_variable,121,269,1,3,0121_1.jpg,0269_3.jpg,0,0.5106382966041565
cross_variable_variable,121,270,1,3,0121_1.jpg,0270_3.jpg,0,0.13073623180389404
cross_variable_variable,121,277,1,3,0121_1.jpg,0277_3.jpg,0,0.4655515253543854
cross_variable_variable,121,278,1,3,0121_1.jpg,0278_3.jpg,0,0.6978650689125061
cross_variable_variable,128,5,1,3,0128_1.jpg,0005_3.jpg,0,0.5046669244766235
cross_variable_variable,128,9,1,3,0128_1.jpg,0009_3.jpg,0,0.8175236582756042
cross_variable_variable,128,10,1,3,0128_1.jpg,0010_3.jpg,0,0.6445936560630798
cross_variable_variable,128,28,1,3,0128_1.jpg,0028_3.jpg,0,0.4796290993690491
cross_variable_variable,128,32,1,3,0128_1.jpg,0032_3.jpg,0,0.5911431908607483
cross_variable_variable,128,33,1,3,0128_1.jpg,0033_3.jpg,0,0.5876992344856262
cross_variable_variable,128,34,1,3,0128_1.jpg,0034_3.jpg,0,0.6923938989639282
cross_variable_variable,128,44,1,3,0128_1.jpg,0044_3.jpg,0,0.4638897478580475
cross_variable_variable,128,51,1,3,0128_1.jpg,0051_3.jpg,0,0.6072109341621399
cross_variable_variable,128,54,1,3,0128_1.jpg,0054_3.jpg,0,0.6480035185813904
cross_variable_variable,128,63,1,3,0128_1.jpg,0063_3.jpg,0,0.7458950281143188
cross_variable_variable,128,68,1,3,0128_1.jpg,0068_3.jpg,0,0.4993667006492615
cross_variable_variable,128,69,1,3,0128_1.jpg,0069_3.jpg,0,0.753427267074585
cross_variable_variable,128,73,1,3,0128_1.jpg,0073_3.jpg,0,0.5765694975852966
cross_variable_variable,128,95,1,3,0128_1.jpg,0095_3.jpg,0,0.5984926819801331
cross_variable_variable,128,121,1,3,0128_1.jpg,0121_3.jpg,0,0.4713946282863617
cross_variable_variable,128,128,1,3,0128_1.jpg,0128_3.jpg,1,0.8954620957374573
cross_variable_variable,128,129,1,3,0128_1.jpg,0129_3.jpg,0,0.7277346849441528
cross_variable_variable,128,131,1,3,0128_1.jpg,0131_3.jpg,0,0.34714144468307495
cross_variable_variable,128,139,1,3,0128_1.jpg,0139_3.jpg,0,0.5334916710853577
cross_variable_variable,128,144,1,3,0128_1.jpg,0144_3.jpg,0,0.7836998105049133
cross_variable_variable,128,145,1,3,0128_1.jpg,0145_3.jpg,0,0.6868449449539185
cross_variable_variable,128,150,1,3,0128_1.jpg,0150_3.jpg,0,0.2281568944454193
cross_variable_variable,128,160,1,3,0128_1.jpg,0160_3.jpg,0,0.7137492299079895
cross_variable_variable,128,165,1,3,0128_1.jpg,0165_3.jpg,0,0.5472785830497742
cross_variable_variable,128,166,1,3,0128_1.jpg,0166_3.jpg,0,0.520352303981781
cross_variable_variable,128,170,1,3,0128_1.jpg,0170_3.jpg,0,0.6363518238067627
cross_variable_variable,128,174,1,3,0128_1.jpg,0174_3.jpg,0,0.7599351406097412
cross_variable_variable,128,176,1,3,0128_1.jpg,0176_3.jpg,0,0.3096894919872284
cross_variable_variable,128,193,1,3,0128_1.jpg,0193_3.jpg,0,0.07482384890317917
cross_variable_variable,128,202,1,3,0128_1.jpg,0202_3.jpg,0,0.4953609108924866
cross_variable_variable,128,205,1,3,0128_1.jpg,0205_3.jpg,0,0.6122182011604309
cross_variable_variable,128,210,1,3,0128_1.jpg,0210_3.jpg,0,0.6538516879081726
cross_variable_variable,128,218,1,3,0128_1.jpg,0218_3.jpg,0,0.18717168271541595
cross_variable_variable,128,222,1,3,0128_1.jpg,0222_3.jpg,0,0.5960260629653931
cross_variable_variable,128,238,1,3,0128_1.jpg,0238_3.jpg,0,0.5292216539382935
cross_variable_variable,128,253,1,3,0128_1.jpg,0253_3.jpg,0,0.45174074172973633
cross_variable_variable,128,254,1,3,0128_1.jpg,0254_3.jpg,0,0.6665773987770081
cross_variable_variable,128,257,1,3,0128_1.jpg,0257_3.jpg,0,0.587734580039978
cross_variable_variable,128,258,1,3,0128_1.jpg,0258_3.jpg,0,0.6784979701042175
cross_variable_variable,128,268,1,3,0128_1.jpg,0268_3.jpg,0,0.5134609937667847
cross_variable_variable,128,269,1,3,0128_1.jpg,0269_3.jpg,0,0.4969843327999115
cross_variable_variable,128,270,1,3,0128_1.jpg,0270_3.jpg,0,0.7044413685798645
cross_variable_variable,128,277,1,3,0128_1.jpg,0277_3.jpg,0,0.8082202672958374
cross_variable_variable,128,278,1,3,0128_1.jpg,0278_3.jpg,0,0.5396837592124939
cross_variable_variable,129,5,1,3,0129_1.jpg,0005_3.jpg,0,0.400894433259964
cross_variable_variable,129,9,1,3,0129_1.jpg,0009_3.jpg,0,0.29317396879196167
cross_variable_variable,129,10,1,3,0129_1.jpg,0010_3.jpg,0,0.3483221232891083
cross_variable_variable,129,28,1,3,0129_1.jpg,0028_3.jpg,0,0.5996896624565125
cross_variable_variable,129,32,1,3,0129_1.jpg,0032_3.jpg,0,-0.15528038144111633
cross_variable_variable,129,33,1,3,0129_1.jpg,0033_3.jpg,0,-0.021584300324320793
cross_variable_variable,129,34,1,3,0129_1.jpg,0034_3.jpg,0,-0.03602628409862518
cross_variable_variable,129,44,1,3,0129_1.jpg,0044_3.jpg,0,0.24388252198696136
cross_variable_variable,129,51,1,3,0129_1.jpg,0051_3.jpg,0,0.5396924614906311
cross_variable_variable,129,54,1,3,0129_1.jpg,0054_3.jpg,0,0.06871278584003448
cross_variable_variable,129,63,1,3,0129_1.jpg,0063_3.jpg,0,0.01526444498449564
cross_variable_variable,129,68,1,3,0129_1.jpg,0068_3.jpg,0,0.15052886307239532
cross_variable_variable,129,69,1,3,0129_1.jpg,0069_3.jpg,0,0.3553469479084015
cross_variable_variable,129,73,1,3,0129_1.jpg,0073_3.jpg,0,0.2143584042787552
cross_variable_variable,129,95,1,3,0129_1.jpg,0095_3.jpg,0,0.2779577672481537
cross_variable_variable,129,121,1,3,0129_1.jpg,0121_3.jpg,0,-0.0462600514292717
cross_variable_variable,129,128,1,3,0129_1.jpg,0128_3.jpg,0,0.14298202097415924
cross_variable_variable,129,129,1,3,0129_1.jpg,0129_3.jpg,1,0.3601742088794708
cross_variable_variable,129,131,1,3,0129_1.jpg,0131_3.jpg,0,0.30955415964126587
cross_variable_variable,129,139,1,3,0129_1.jpg,0139_3.jpg,0,0.43132224678993225
cross_variable_variable,129,144,1,3,0129_1.jpg,0144_3.jpg,0,0.13376274704933167
cross_variable_variable,129,145,1,3,0129_1.jpg,0145_3.jpg,0,0.42258867621421814
cross_variable_variable,129,150,1,3,0129_1.jpg,0150_3.jpg,0,0.7172093987464905
cross_variable_variable,129,160,1,3,0129_1.jpg,0160_3.jpg,0,-0.1687982976436615
cross_variable_variable,129,165,1,3,0129_1.jpg,0165_3.jpg,0,0.3850994408130646
cross_variable_variable,129,166,1,3,0129_1.jpg,0166_3.jpg,0,0.7604727149009705
cross_variable_variable,129,170,1,3,0129_1.jpg,0170_3.jpg,0,0.41962340474128723
cross_variable_variable,129,174,1,3,0129_1.jpg,0174_3.jpg,0,-0.03261217847466469
cross_variable_variable,129,176,1,3,0129_1.jpg,0176_3.jpg,0,0.5532110333442688
cross_variable_variable,129,193,1,3,0129_1.jpg,0193_3.jpg,0,0.8098708391189575
cross_variable_variable,129,202,1,3,0129_1.jpg,0202_3.jpg,0,0.11122506856918335
cross_variable_variable,129,205,1,3,0129_1.jpg,0205_3.jpg,0,-0.021705057471990585
cross_variable_variable,129,210,1,3,0129_1.jpg,0210_3.jpg,0,0.37170490622520447
cross_variable_variable,129,218,1,3,0129_1.jpg,0218_3.jpg,0,0.41726499795913696
cross_variable_variable,129,222,1,3,0129_1.jpg,0222_3.jpg,0,-0.3305053412914276
cross_variable_variable,129,238,1,3,0129_1.jpg,0238_3.jpg,0,-0.14134453237056732
cross_variable_variable,129,253,1,3,0129_1.jpg,0253_3.jpg,0,0.15809307992458344
cross_variable_variable,129,254,1,3,0129_1.jpg,0254_3.jpg,0,-0.08611755818128586
cross_variable_variable,129,257,1,3,0129_1.jpg,0257_3.jpg,0,0.009920373558998108
cross_variable_variable,129,258,1,3,0129_1.jpg,0258_3.jpg,0,-0.23896807432174683
cross_variable_variable,129,268,1,3,0129_1.jpg,0268_3.jpg,0,0.14180581271648407
cross_variable_variable,129,269,1,3,0129_1.jpg,0269_3.jpg,0,-0.14262841641902924
cross_variable_variable,129,270,1,3,0129_1.jpg,0270_3.jpg,0,0.3143603205680847
cross_variable_variable,129,277,1,3,0129_1.jpg,0277_3.jpg,0,0.18832655251026154
cross_variable_variable,129,278,1,3,0129_1.jpg,0278_3.jpg,0,0.11963404715061188
cross_variable_variable,131,5,1,3,0131_1.jpg,0005_3.jpg,0,0.5714111924171448
cross_variable_variable,131,9,1,3,0131_1.jpg,0009_3.jpg,0,0.42620304226875305
cross_variable_variable,131,10,1,3,0131_1.jpg,0010_3.jpg,0,0.36912432312965393
cross_variable_variable,131,28,1,3,0131_1.jpg,0028_3.jpg,0,0.831280529499054
cross_variable_variable,131,32,1,3,0131_1.jpg,0032_3.jpg,0,0.43745023012161255
cross_variable_variable,131,33,1,3,0131_1.jpg,0033_3.jpg,0,0.15711715817451477
cross_variable_variable,131,34,1,3,0131_1.jpg,0034_3.jpg,0,0.5158790946006775
cross_variable_variable,131,44,1,3,0131_1.jpg,0044_3.jpg,0,0.8378429412841797
cross_variable_variable,131,51,1,3,0131_1.jpg,0051_3.jpg,0,0.24857406318187714
cross_variable_variable,131,54,1,3,0131_1.jpg,0054_3.jpg,0,0.627111554145813
cross_variable_variable,131,63,1,3,0131_1.jpg,0063_3.jpg,0,0.5253879427909851
cross_variable_variable,131,68,1,3,0131_1.jpg,0068_3.jpg,0,0.3954203724861145
cross_variable_variable,131,69,1,3,0131_1.jpg,0069_3.jpg,0,0.43054020404815674
cross_variable_variable,131,73,1,3,0131_1.jpg,0073_3.jpg,0,0.6102438569068909
cross_variable_variable,131,95,1,3,0131_1.jpg,0095_3.jpg,0,0.4598010778427124
cross_variable_variable,131,121,1,3,0131_1.jpg,0121_3.jpg,0,0.5098202228546143
cross_variable_variable,131,128,1,3,0131_1.jpg,0128_3.jpg,0,0.474587082862854
cross_variable_variable,131,129,1,3,0131_1.jpg,0129_3.jpg,0,0.3468096852302551
cross_variable_variable,131,131,1,3,0131_1.jpg,0131_3.jpg,1,0.8355962038040161
cross_variable_variable,131,139,1,3,0131_1.jpg,0139_3.jpg,0,0.161617711186409
cross_variable_variable,131,144,1,3,0131_1.jpg,0144_3.jpg,0,0.3493731617927551
cross_variable_variable,131,145,1,3,0131_1.jpg,0145_3.jpg,0,0.2704334855079651
cross_variable_variable,131,150,1,3,0131_1.jpg,0150_3.jpg,0,0.7682881951332092
cross_variable_variable,131,160,1,3,0131_1.jpg,0160_3.jpg,0,0.3579533100128174
cross_variable_variable,131,165,1,3,0131_1.jpg,0165_3.jpg,0,0.5663646459579468
cross_variable_variable,131,166,1,3,0131_1.jpg,0166_3.jpg,0,0.7559195756912231
cross_variable_variable,131,170,1,3,0131_1.jpg,0170_3.jpg,0,0.16023676097393036
cross_variable_variable,131,174,1,3,0131_1.jpg,0174_3.jpg,0,0.25596603751182556
cross_variable_variable,131,176,1,3,0131_1.jpg,0176_3.jpg,0,0.715427815914154
cross_variable_variable,131,193,1,3,0131_1.jpg,0193_3.jpg,0,0.5115438103675842
cross_variable_variable,131,202,1,3,0131_1.jpg,0202_3.jpg,0,0.43606024980545044
cross_variable_variable,131,205,1,3,0131_1.jpg,0205_3.jpg,0,0.09431333094835281
cross_variable_variable,131,210,1,3,0131_1.jpg,0210_3.jpg,0,0.36561575531959534
cross_variable_variable,131,218,1,3,0131_1.jpg,0218_3.jpg,0,0.7057762145996094
cross_variable_variable,131,222,1,3,0131_1.jpg,0222_3.jpg,0,0.24195948243141174
cross_variable_variable,131,238,1,3,0131_1.jpg,0238_3.jpg,0,0.24857015907764435
cross_variable_variable,131,253,1,3,0131_1.jpg,0253_3.jpg,0,0.6589782238006592
cross_variable_variable,131,254,1,3,0131_1.jpg,0254_3.jpg,0,-0.016855737194418907
cross_variable_variable,131,257,1,3,0131_1.jpg,0257_3.jpg,0,-0.06795694679021835
cross_variable_variable,131,258,1,3,0131_1.jpg,0258_3.jpg,0,0.21740907430648804
cross_variable_variable,131,268,1,3,0131_1.jpg,0268_3.jpg,0,-0.04354850575327873
cross_variable_variable,131,269,1,3,0131_1.jpg,0269_3.jpg,0,0.13231736421585083
cross_variable_variable,131,270,1,3,0131_1.jpg,0270_3.jpg,0,0.2755493223667145
cross_variable_variable,131,277,1,3,0131_1.jpg,0277_3.jpg,0,0.5711408257484436
cross_variable_variable,131,278,1,3,0131_1.jpg,0278_3.jpg,0,0.5095620155334473
cross_variable_variable,139,5,1,3,0139_1.jpg,0005_3.jpg,0,0.6841808557510376
cross_variable_variable,139,9,1,3,0139_1.jpg,0009_3.jpg,0,0.7623686194419861
cross_variable_variable,139,10,1,3,0139_1.jpg,0010_3.jpg,0,0.7288362979888916
cross_variable_variable,139,28,1,3,0139_1.jpg,0028_3.jpg,0,0.5525889992713928
cross_variable_variable,139,32,1,3,0139_1.jpg,0032_3.jpg,0,0.5864769220352173
cross_variable_variable,139,33,1,3,0139_1.jpg,0033_3.jpg,0,0.6823721528053284
cross_variable_variable,139,34,1,3,0139_1.jpg,0034_3.jpg,0,0.6073328852653503
cross_variable_variable,139,44,1,3,0139_1.jpg,0044_3.jpg,0,0.5467039942741394
cross_variable_variable,139,51,1,3,0139_1.jpg,0051_3.jpg,0,0.6683403253555298
cross_variable_variable,139,54,1,3,0139_1.jpg,0054_3.jpg,0,0.6705090403556824
cross_variable_variable,139,63,1,3,0139_1.jpg,0063_3.jpg,0,0.738662600517273
cross_variable_variable,139,68,1,3,0139_1.jpg,0068_3.jpg,0,0.5731098055839539
cross_variable_variable,139,69,1,3,0139_1.jpg,0069_3.jpg,0,0.8106834292411804
cross_variable_variable,139,73,1,3,0139_1.jpg,0073_3.jpg,0,0.5169963240623474
cross_variable_variable,139,95,1,3,0139_1.jpg,0095_3.jpg,0,0.6883759498596191
cross_variable_variable,139,121,1,3,0139_1.jpg,0121_3.jpg,0,0.5004807710647583
cross_variable_variable,139,128,1,3,0139_1.jpg,0128_3.jpg,0,0.7472901940345764
cross_variable_variable,139,129,1,3,0139_1.jpg,0129_3.jpg,0,0.753892719745636
cross_variable_variable,139,131,1,3,0139_1.jpg,0131_3.jpg,0,0.3774593770503998
cross_variable_variable,139,139,1,3,0139_1.jpg,0139_3.jpg,1,0.6975377798080444
cross_variable_variable,139,144,1,3,0139_1.jpg,0144_3.jpg,0,0.8078487515449524
cross_variable_variable,139,145,1,3,0139_1.jpg,0145_3.jpg,0,0.7237263321876526
cross_variable_variable,139,150,1,3,0139_1.jpg,0150_3.jpg,0,0.34183865785598755
cross_variable_variable,139,160,1,3,0139_1.jpg,0160_3.jpg,0,0.6057344079017639
cross_variable_variable,139,165,1,3,0139_1.jpg,0165_3.jpg,0,0.4435229003429413
cross_variable_variable,139,166,1,3,0139_1.jpg,0166_3.jpg,0,0.5430406332015991
cross_variable_variable,139,170,1,3,0139_1.jpg,0170_3.jpg,0,0.7240672707557678
cross_variable_variable,139,174,1,3,0139_1.jpg,0174_3.jpg,0,0.6351831555366516
cross_variable_variable,139,176,1,3,0139_1.jpg,0176_3.jpg,0,0.3378966152667999
cross_variable_variable,139,193,1,3,0139_1.jpg,0193_3.jpg,0,0.3640514612197876
cross_variable_variable,139,202,1,3,0139_1.jpg,0202_3.jpg,0,0.5579410791397095
cross_variable_variable,139,205,1,3,0139_1.jpg,0205_3.jpg,0,0.6933588981628418
cross_variable_variable,139,210,1,3,0139_1.jpg,0210_3.jpg,0,0.5961211919784546
cross_variable_variable,139,218,1,3,0139_1.jpg,0218_3.jpg,0,0.38000208139419556
cross_variable_variable,139,222,1,3,0139_1.jpg,0222_3.jpg,0,0.5497193336486816
cross_variable_variable,139,238,1,3,0139_1.jpg,0238_3.jpg,0,0.45286986231803894
cross_variable_variable,139,253,1,3,0139_1.jpg,0253_3.jpg,0,0.5278785228729248
cross_variable_variable,139,254,1,3,0139_1.jpg,0254_3.jpg,0,0.6509260535240173
cross_variable_variable,139,257,1,3,0139_1.jpg,0257_3.jpg,0,0.6309967041015625
cross_variable_variable,139,258,1,3,0139_1.jpg,0258_3.jpg,0,0.6132429838180542
cross_variable_variable,139,268,1,3,0139_1.jpg,0268_3.jpg,0,0.641685962677002
cross_variable_variable,139,269,1,3,0139_1.jpg,0269_3.jpg,0,0.6363633275032043
cross_variable_variable,139,270,1,3,0139_1.jpg,0270_3.jpg,0,0.7381762862205505
cross_variable_variable,139,277,1,3,0139_1.jpg,0277_3.jpg,0,0.8101101517677307
cross_variable_variable,139,278,1,3,0139_1.jpg,0278_3.jpg,0,0.6618819236755371
cross_variable_variable,144,5,1,3,0144_1.jpg,0005_3.jpg,0,0.493355929851532
cross_variable_variable,144,9,1,3,0144_1.jpg,0009_3.jpg,0,0.584892213344574
cross_variable_variable,144,10,1,3,0144_1.jpg,0010_3.jpg,0,0.5641192197799683
cross_variable_variable,144,28,1,3,0144_1.jpg,0028_3.jpg,0,0.09642764925956726
cross_variable_variable,144,32,1,3,0144_1.jpg,0032_3.jpg,0,0.8458306789398193
cross_variable_variable,144,33,1,3,0144_1.jpg,0033_3.jpg,0,0.7894945740699768
cross_variable_variable,144,34,1,3,0144_1.jpg,0034_3.jpg,0,0.7749648690223694
cross_variable_variable,144,44,1,3,0144_1.jpg,0044_3.jpg,0,0.40373682975769043
cross_variable_variable,144,51,1,3,0144_1.jpg,0051_3.jpg,0,0.2874874174594879
cross_variable_variable,144,54,1,3,0144_1.jpg,0054_3.jpg,0,0.7170068621635437
cross_variable_variable,144,63,1,3,0144_1.jpg,0063_3.jpg,0,0.6864506602287292
cross_variable_variable,144,68,1,3,0144_1.jpg,0068_3.jpg,0,0.6811160445213318
cross_variable_variable,144,69,1,3,0144_1.jpg,0069_3.jpg,0,0.596560537815094
cross_variable_variable,144,73,1,3,0144_1.jpg,0073_3.jpg,0,0.413296639919281
cross_variable_variable,144,95,1,3,0144_1.jpg,0095_3.jpg,0,0.6465532779693604
cross_variable_variable,144,121,1,3,0144_1.jpg,0121_3.jpg,0,0.6529169678688049
cross_variable_variable,144,128,1,3,0144_1.jpg,0128_3.jpg,0,0.7189720273017883
cross_variable_variable,144,129,1,3,0144_1.jpg,0129_3.jpg,0,0.508135974407196
cross_variable_variable,144,131,1,3,0144_1.jpg,0131_3.jpg,0,0.19572289288043976
cross_variable_variable,144,139,1,3,0144_1.jpg,0139_3.jpg,0,0.4085233211517334
cross_variable_variable,144,144,1,3,0144_1.jpg,0144_3.jpg,1,0.7816486358642578
cross_variable_variable,144,145,1,3,0144_1.jpg,0145_3.jpg,0,0.47321000695228577
cross_variable_variable,144,150,1,3,0144_1.jpg,0150_3.jpg,0,-0.09376353770494461
cross_variable_variable,144,160,1,3,0144_1.jpg,0160_3.jpg,0,0.8496092557907104
cross_variable_variable,144,165,1,3,0144_1.jpg,0165_3.jpg,0,0.15319210290908813
cross_variable_variable,144,166,1,3,0144_1.jpg,0166_3.jpg,0,8.448900189250708e-05
cross_variable_variable,144,170,1,3,0144_1.jpg,0170_3.jpg,0,0.3736659586429596
cross_variable_variable,144,174,1,3,0144_1.jpg,0174_3.jpg,0,0.7394605278968811
cross_variable_variable,144,176,1,3,0144_1.jpg,0176_3.jpg,0,-0.10133901238441467
cross_variable_variable,144,193,1,3,0144_1.jpg,0193_3.jpg,0,-0.19861812889575958
cross_variable_variable,144,202,1,3,0144_1.jpg,0202_3.jpg,0,0.6691534519195557
cross_variable_variable,144,205,1,3,0144_1.jpg,0205_3.jpg,0,0.7957553863525391
cross_variable_variable,144,210,1,3,0144_1.jpg,0210_3.jpg,0,0.3091515004634857
cross_variable_variable,144,218,1,3,0144_1.jpg,0218_3.jpg,0,0.1088390126824379
cross_variable_variable,144,222,1,3,0144_1.jpg,0222_3.jpg,0,0.9483494758605957
cross_variable_variable,144,238,1,3,0144_1.jpg,0238_3.jpg,0,0.6280478835105896
cross_variable_variable,144,253,1,3,0144_1.jpg,0253_3.jpg,0,0.5324532985687256
cross_variable_variable,144,254,1,3,0144_1.jpg,0254_3.jpg,0,0.7629212737083435
cross_variable_variable,144,257,1,3,0144_1.jpg,0257_3.jpg,0,0.6425361037254333
cross_variable_variable,144,258,1,3,0144_1.jpg,0258_3.jpg,0,0.8840068578720093
cross_variable_variable,144,268,1,3,0144_1.jpg,0268_3.jpg,0,0.5448925495147705
cross_variable_variable,144,269,1,3,0144_1.jpg,0269_3.jpg,0,0.809553861618042
cross_variable_variable,144,270,1,3,0144_1.jpg,0270_3.jpg,0,0.5824177265167236
cross_variable_variable,144,277,1,3,0144_1.jpg,0277_3.jpg,0,0.7377082705497742
cross_variable_variable,144,278,1,3,0144_1.jpg,0278_3.jpg,0,0.7021050453186035
cross_variable_variable,145,5,1,3,0145_1.jpg,0005_3.jpg,0,0.5818213224411011
cross_variable_variable,145,9,1,3,0145_1.jpg,0009_3.jpg,0,0.7359123229980469
cross_variable_variable,145,10,1,3,0145_1.jpg,0010_3.jpg,0,0.47392913699150085
cross_variable_variable,145,28,1,3,0145_1.jpg,0028_3.jpg,0,0.6667494773864746
cross_variable_variable,145,32,1,3,0145_1.jpg,0032_3.jpg,0,0.1792992204427719
cross_variable_variable,145,33,1,3,0145_1.jpg,0033_3.jpg,0,0.1762373298406601
cross_variable_variable,145,34,1,3,0145_1.jpg,0034_3.jpg,0,0.2803948223590851
cross_variable_variable,145,44,1,3,0145_1.jpg,0044_3.jpg,0,0.4690384566783905
cross_variable_variable,145,51,1,3,0145_1.jpg,0051_3.jpg,0,0.62200927734375
cross_variable_variable,145,54,1,3,0145_1.jpg,0054_3.jpg,0,0.44528377056121826
cross_variable_variable,145,63,1,3,0145_1.jpg,0063_3.jpg,0,0.501650869846344
cross_variable_variable,145,68,1,3,0145_1.jpg,0068_3.jpg,0,0.257051557302475
cross_variable_variable,145,69,1,3,0145_1.jpg,0069_3.jpg,0,0.594947338104248
cross_variable_variable,145,73,1,3,0145_1.jpg,0073_3.jpg,0,0.30323898792266846
cross_variable_variable,145,95,1,3,0145_1.jpg,0095_3.jpg,0,0.32445600628852844
cross_variable_variable,145,121,1,3,0145_1.jpg,0121_3.jpg,0,0.12846851348876953
cross_variable_variable,145,128,1,3,0145_1.jpg,0128_3.jpg,0,0.7231729030609131
cross_variable_variable,145,129,1,3,0145_1.jpg,0129_3.jpg,0,0.7900847792625427
cross_variable_variable,145,131,1,3,0145_1.jpg,0131_3.jpg,0,0.2670093774795532
cross_variable_variable,145,139,1,3,0145_1.jpg,0139_3.jpg,0,0.38457930088043213
cross_variable_variable,145,144,1,3,0145_1.jpg,0144_3.jpg,0,0.5842178463935852
cross_variable_variable,145,145,1,3,0145_1.jpg,0145_3.jpg,1,0.6537609100341797
cross_variable_variable,145,150,1,3,0145_1.jpg,0150_3.jpg,0,0.3737986087799072
cross_variable_variable,145,160,1,3,0145_1.jpg,0160_3.jpg,0,0.3566393554210663
cross_variable_variable,145,165,1,3,0145_1.jpg,0165_3.jpg,0,0.7937504053115845
cross_variable_variable,145,166,1,3,0145_1.jpg,0166_3.jpg,0,0.766599714756012
cross_variable_variable,145,170,1,3,0145_1.jpg,0170_3.jpg,0,0.6618424654006958
cross_variable_variable,145,174,1,3,0145_1.jpg,0174_3.jpg,0,0.599730908870697
cross_variable_variable,145,176,1,3,0145_1.jpg,0176_3.jpg,0,0.5031638741493225
cross_variable_variable,145,193,1,3,0145_1.jpg,0193_3.jpg,0,0.24504239857196808
cross_variable_variable,145,202,1,3,0145_1.jpg,0202_3.jpg,0,0.09852694720029831
cross_variable_variable,145,205,1,3,0145_1.jpg,0205_3.jpg,0,0.24546511471271515
cross_variable_variable,145,210,1,3,0145_1.jpg,0210_3.jpg,0,0.8537222743034363
cross_variable_variable,145,218,1,3,0145_1.jpg,0218_3.jpg,0,0.15887686610221863
cross_variable_variable,145,222,1,3,0145_1.jpg,0222_3.jpg,0,0.14734676480293274
cross_variable_variable,145,238,1,3,0145_1.jpg,0238_3.jpg,0,0.11213789135217667
cross_variable_variable,145,253,1,3,0145_1.jpg,0253_3.jpg,0,0.2568252980709076
cross_variable_variable,145,254,1,3,0145_1.jpg,0254_3.jpg,0,0.41177433729171753
cross_variable_variable,145,257,1,3,0145_1.jpg,0257_3.jpg,0,0.4331938326358795
cross_variable_variable,145,258,1,3,0145_1.jpg,0258_3.jpg,0,0.4335069954395294
cross_variable_variable,145,268,1,3,0145_1.jpg,0268_3.jpg,0,0.38929247856140137
cross_variable_variable,145,269,1,3,0145_1.jpg,0269_3.jpg,0,0.09349846839904785
cross_variable_variable,145,270,1,3,0145_1.jpg,0270_3.jpg,0,0.7057430744171143
cross_variable_variable,145,277,1,3,0145_1.jpg,0277_3.jpg,0,0.6471214294433594
cross_variable_variable,145,278,1,3,0145_1.jpg,0278_3.jpg,0,0.26508793234825134
cross_variable_variable,150,5,1,3,0150_1.jpg,0005_3.jpg,0,0.4120141863822937
cross_variable_variable,150,9,1,3,0150_1.jpg,0009_3.jpg,0,0.2577846348285675
cross_variable_variable,150,10,1,3,0150_1.jpg,0010_3.jpg,0,0.2539898157119751
cross_variable_variable,150,28,1,3,0150_1.jpg,0028_3.jpg,0,0.6429446935653687
cross_variable_variable,150,32,1,3,0150_1.jpg,0032_3.jpg,0,0.18826758861541748
cross_variable_variable,150,33,1,3,0150_1.jpg,0033_3.jpg,0,-0.022114891558885574
cross_variable_variable,150,34,1,3,0150_1.jpg,0034_3.jpg,0,0.35307765007019043
cross_variable_variable,150,44,1,3,0150_1.jpg,0044_3.jpg,0,0.5183844566345215
cross_variable_variable,150,51,1,3,0150_1.jpg,0051_3.jpg,0,0.26352423429489136
cross_variable_variable,150,54,1,3,0150_1.jpg,0054_3.jpg,0,0.2918248474597931
cross_variable_variable,150,63,1,3,0150_1.jpg,0063_3.jpg,0,0.20641197264194489
cross_variable_variable,150,68,1,3,0150_1.jpg,0068_3.jpg,0,0.37322673201560974
cross_variable_variable,150,69,1,3,0150_1.jpg,0069_3.jpg,0,0.31579074263572693
cross_variable_variable,150,73,1,3,0150_1.jpg,0073_3.jpg,0,0.5089996457099915
cross_variable_variable,150,95,1,3,0150_1.jpg,0095_3.jpg,0,0.3923347592353821
cross_variable_variable,150,121,1,3,0150_1.jpg,0121_3.jpg,0,0.36198821663856506
cross_variable_variable,150,128,1,3,0150_1.jpg,0128_3.jpg,0,0.24668428301811218
cross_variable_variable,150,129,1,3,0150_1.jpg,0129_3.jpg,0,0.17631541192531586
cross_variable_variable,150,131,1,3,0150_1.jpg,0131_3.jpg,0,0.6378889679908752
cross_variable_variable,150,139,1,3,0150_1.jpg,0139_3.jpg,0,0.15167012810707092
cross_variable_variable,150,144,1,3,0150_1.jpg,0144_3.jpg,0,0.10703742504119873
cross_variable_variable,150,145,1,3,0150_1.jpg,0145_3.jpg,0,0.255889892578125
cross_variable_variable,150,150,1,3,0150_1.jpg,0150_3.jpg,1,0.8631986975669861
cross_variable_variable,150,160,1,3,0150_1.jpg,0160_3.jpg,0,0.14647851884365082
cross_variable_variable,150,165,1,3,0150_1.jpg,0165_3.jpg,0,0.42564892768859863
cross_variable_variable,150,166,1,3,0150_1.jpg,0166_3.jpg,0,0.6758326888084412
cross_variable_variable,150,170,1,3,0150_1.jpg,0170_3.jpg,0,0.10126125067472458
cross_variable_variable,150,174,1,3,0150_1.jpg,0174_3.jpg,0,-0.03347580507397652
cross_variable_variable,150,176,1,3,0150_1.jpg,0176_3.jpg,0,0.5811365246772766
cross_variable_variable,150,193,1,3,0150_1.jpg,0193_3.jpg,0,0.6523118019104004
cross_variable_variable,150,202,1,3,0150_1.jpg,0202_3.jpg,0,0.3368058502674103
cross_variable_variable,150,205,1,3,0150_1.jpg,0205_3.jpg,0,-0.023720236495137215
cross_variable_variable,150,210,1,3,0150_1.jpg,0210_3.jpg,0,0.17119531333446503
cross_variable_variable,150,218,1,3,0150_1.jpg,0218_3.jpg,0,0.6450996994972229
cross_variable_variable,150,222,1,3,0150_1.jpg,0222_3.jpg,0,-0.015097294002771378
cross_variable_variable,150,238,1,3,0150_1.jpg,0238_3.jpg,0,0.13169139623641968
cross_variable_variable,150,253,1,3,0150_1.jpg,0253_3.jpg,0,0.5140055418014526
cross_variable_variable,150,254,1,3,0150_1.jpg,0254_3.jpg,0,-0.1884855031967163
cross_variable_variable,150,257,1,3,0150_1.jpg,0257_3.jpg,0,-0.19164510071277618
cross_variable_variable,150,258,1,3,0150_1.jpg,0258_3.jpg,0,-0.0661000907421112
cross_variable_variable,150,268,1,3,0150_1.jpg,0268_3.jpg,0,-0.14140458405017853
cross_variable_variable,150,269,1,3,0150_1.jpg,0269_3.jpg,0,-0.030270589515566826
cross_variable_variable,150,270,1,3,0150_1.jpg,0270_3.jpg,0,0.13846278190612793
cross_variable_variable,150,277,1,3,0150_1.jpg,0277_3.jpg,0,0.2306358516216278
cross_variable_variable,150,278,1,3,0150_1.jpg,0278_3.jpg,0,0.33577582240104675
cross_variable_variable,160,5,1,3,0160_1.jpg,0005_3.jpg,0,0.6756410598754883
cross_variable_variable,160,9,1,3,0160_1.jpg,0009_3.jpg,0,0.5316070318222046
cross_variable_variable,160,10,1,3,0160_1.jpg,0010_3.jpg,0,0.44646069407463074
cross_variable_variable,160,28,1,3,0160_1.jpg,0028_3.jpg,0,0.44723817706108093
cross_variable_variable,160,32,1,3,0160_1.jpg,0032_3.jpg,0,0.7941914200782776
cross_variable_variable,160,33,1,3,0160_1.jpg,0033_3.jpg,0,0.6158688068389893
cross_variable_variable,160,34,1,3,0160_1.jpg,0034_3.jpg,0,0.7870569229125977
cross_variable_variable,160,44,1,3,0160_1.jpg,0044_3.jpg,0,0.7150388956069946
cross_variable_variable,160,51,1,3,0160_1.jpg,0051_3.jpg,0,0.2920834720134735
cross_variable_variable,160,54,1,3,0160_1.jpg,0054_3.jpg,0,0.8104865550994873
cross_variable_variable,160,63,1,3,0160_1.jpg,0063_3.jpg,0,0.7705768942832947
cross_variable_variable,160,68,1,3,0160_1.jpg,0068_3.jpg,0,0.759376585483551
cross_variable_variable,160,69,1,3,0160_1.jpg,0069_3.jpg,0,0.5260351300239563
cross_variable_variable,160,73,1,3,0160_1.jpg,0073_3.jpg,0,0.7387614846229553
cross_variable_variable,160,95,1,3,0160_1.jpg,0095_3.jpg,0,0.7214480638504028
cross_variable_variable,160,121,1,3,0160_1.jpg,0121_3.jpg,0,0.8132781982421875
cross_variable_variable,160,128,1,3,0160_1.jpg,0128_3.jpg,0,0.6080561280250549
cross_variable_variable,160,129,1,3,0160_1.jpg,0129_3.jpg,0,0.3611842095851898
cross_variable_variable,160,131,1,3,0160_1.jpg,0131_3.jpg,0,0.638473629951477
cross_variable_variable,160,139,1,3,0160_1.jpg,0139_3.jpg,0,0.36335426568984985
cross_variable_variable,160,144,1,3,0160_1.jpg,0144_3.jpg,0,0.5868498086929321
cross_variable_variable,160,145,1,3,0160_1.jpg,0145_3.jpg,0,0.44227561354637146
cross_variable_variable,160,150,1,3,0160_1.jpg,0150_3.jpg,0,0.5028021931648254
cross_variable_variable,160,160,1,3,0160_1.jpg,0160_3.jpg,1,0.7646827101707458
cross_variable_variable,160,165,1,3,0160_1.jpg,0165_3.jpg,0,0.2739473283290863
cross_variable_variable,160,166,1,3,0160_1.jpg,0166_3.jpg,0,0.3754228949546814
cross_variable_variable,160,170,1,3,0160_1.jpg,0170_3.jpg,0,0.25961801409721375
cross_variable_variable,160,174,1,3,0160_1.jpg,0174_3.jpg,0,0.30174684524536133
cross_variable_variable,160,176,1,3,0160_1.jpg,0176_3.jpg,0,0.33020731806755066
cross_variable_variable,160,193,1,3,0160_1.jpg,0193_3.jpg,0,0.25978609919548035
cross_variable_variable,160,202,1,3,0160_1.jpg,0202_3.jpg,0,0.7089865207672119
cross_variable_variable,160,205,1,3,0160_1.jpg,0205_3.jpg,0,0.5914838910102844
cross_variable_variable,160,210,1,3,0160_1.jpg,0210_3.jpg,0,0.18591096997261047
cross_variable_variable,160,218,1,3,0160_1.jpg,0218_3.jpg,0,0.6289593577384949
cross_variable_variable,160,222,1,3,0160_1.jpg,0222_3.jpg,0,0.7025139927864075
cross_variable_variable,160,238,1,3,0160_1.jpg,0238_3.jpg,0,0.6790421009063721
cross_variable_variable,160,253,1,3,0160_1.jpg,0253_3.jpg,0,0.8890816569328308
cross_variable_variable,160,254,1,3,0160_1.jpg,0254_3.jpg,0,0.37123769521713257
cross_variable_variable,160,257,1,3,0160_1.jpg,0257_3.jpg,0,0.2818012237548828
cross_variable_variable,160,258,1,3,0160_1.jpg,0258_3.jpg,0,0.547558605670929
cross_variable_variable,160,268,1,3,0160_1.jpg,0268_3.jpg,0,0.2861751317977905
cross_variable_variable,160,269,1,3,0160_1.jpg,0269_3.jpg,0,0.6832622289657593
cross_variable_variable,160,270,1,3,0160_1.jpg,0270_3.jpg,0,0.4194723069667816
cross_variable_variable,160,277,1,3,0160_1.jpg,0277_3.jpg,0,0.649799644947052
cross_variable_variable,160,278,1,3,0160_1.jpg,0278_3.jpg,0,0.8781177401542664
cross_variable_variable,165,5,1,3,0165_1.jpg,0005_3.jpg,0,0.22562585771083832
cross_variable_variable,165,9,1,3,0165_1.jpg,0009_3.jpg,0,0.40774694085121155
cross_variable_variable,165,10,1,3,0165_1.jpg,0010_3.jpg,0,0.41157615184783936
cross_variable_variable,165,28,1,3,0165_1.jpg,0028_3.jpg,0,0.533179521560669
cross_variable_variable,165,32,1,3,0165_1.jpg,0032_3.jpg,0,0.39243587851524353
cross_variable_variable,165,33,1,3,0165_1.jpg,0033_3.jpg,0,0.21362726390361786
cross_variable_variable,165,34,1,3,0165_1.jpg,0034_3.jpg,0,0.4670557975769043
cross_variable_variable,165,44,1,3,0165_1.jpg,0044_3.jpg,0,0.44819310307502747
cross_variable_variable,165,51,1,3,0165_1.jpg,0051_3.jpg,0,0.2562345266342163
cross_variable_variable,165,54,1,3,0165_1.jpg,0054_3.jpg,0,0.4420899450778961
cross_variable_variable,165,63,1,3,0165_1.jpg,0063_3.jpg,0,0.5488380789756775
cross_variable_variable,165,68,1,3,0165_1.jpg,0068_3.jpg,0,0.36346304416656494
cross_variable_variable,165,69,1,3,0165_1.jpg,0069_3.jpg,0,0.5438537001609802
cross_variable_variable,165,73,1,3,0165_1.jpg,0073_3.jpg,0,0.5528445243835449
cross_variable_variable,165,95,1,3,0165_1.jpg,0095_3.jpg,0,0.3942061960697174
cross_variable_variable,165,121,1,3,0165_1.jpg,0121_3.jpg,0,0.16536633670330048
cross_variable_variable,165,128,1,3,0165_1.jpg,0128_3.jpg,0,0.45246854424476624
cross_variable_variable,165,129,1,3,0165_1.jpg,0129_3.jpg,0,0.457602322101593
cross_variable_variable,165,131,1,3,0165_1.jpg,0131_3.jpg,0,0.5105352401733398
cross_variable_variable,165,139,1,3,0165_1.jpg,0139_3.jpg,0,0.21546699106693268
cross_variable_variable,165,144,1,3,0165_1.jpg,0144_3.jpg,0,0.390007883310318
cross_variable_variable,165,145,1,3,0165_1.jpg,0145_3.jpg,0,0.23455722630023956
cross_variable_variable,165,150,1,3,0165_1.jpg,0150_3.jpg,0,0.33636581897735596
cross_variable_variable,165,160,1,3,0165_1.jpg,0160_3.jpg,0,0.40689414739608765
cross_variable_variable,165,165,1,3,0165_1.jpg,0165_3.jpg,1,0.5420605540275574
cross_variable_variable,165,166,1,3,0165_1.jpg,0166_3.jpg,0,0.50008225440979
cross_variable_variable,165,170,1,3,0165_1.jpg,0170_3.jpg,0,0.31978335976600647
cross_variable_variable,165,174,1,3,0165_1.jpg,0174_3.jpg,0,0.4855044186115265
cross_variable_variable,165,176,1,3,0165_1.jpg,0176_3.jpg,0,0.538902223110199
cross_variable_variable,165,193,1,3,0165_1.jpg,0193_3.jpg,0,0.1868891566991806
cross_variable_variable,165,202,1,3,0165_1.jpg,0202_3.jpg,0,0.48039621114730835
cross_variable_variable,165,205,1,3,0165_1.jpg,0205_3.jpg,0,0.2662598490715027
cross_variable_variable,165,210,1,3,0165_1.jpg,0210_3.jpg,0,0.4783638119697571
cross_variable_variable,165,218,1,3,0165_1.jpg,0218_3.jpg,0,0.29514238238334656
cross_variable_variable,165,222,1,3,0165_1.jpg,0222_3.jpg,0,0.22243846952915192
cross_variable_variable,165,238,1,3,0165_1.jpg,0238_3.jpg,0,0.22504554688930511
cross_variable_variable,165,253,1,3,0165_1.jpg,0253_3.jpg,0,0.3124070167541504
cross_variable_variable,165,254,1,3,0165_1.jpg,0254_3.jpg,0,0.24824249744415283
cross_variable_variable,165,257,1,3,0165_1.jpg,0257_3.jpg,0,0.12870460748672485
cross_variable_variable,165,258,1,3,0165_1.jpg,0258_3.jpg,0,0.3095341622829437
cross_variable_variable,165,268,1,3,0165_1.jpg,0268_3.jpg,0,0.15776975452899933
cross_variable_variable,165,269,1,3,0165_1.jpg,0269_3.jpg,0,0.1699194759130478
cross_variable_variable,165,270,1,3,0165_1.jpg,0270_3.jpg,0,0.34173035621643066
cross_variable_variable,165,277,1,3,0165_1.jpg,0277_3.jpg,0,0.4923480153083801
cross_variable_variable,165,278,1,3,0165_1.jpg,0278_3.jpg,0,0.24878010153770447
cross_variable_variable,166,5,1,3,0166_1.jpg,0005_3.jpg,0,0.4688502252101898
cross_variable_variable,166,9,1,3,0166_1.jpg,0009_3.jpg,0,0.5645497441291809
cross_variable_variable,166,10,1,3,0166_1.jpg,0010_3.jpg,0,0.25950953364372253
cross_variable_variable,166,28,1,3,0166_1.jpg,0028_3.jpg,0,0.9080091714859009
cross_variable_variable,166,32,1,3,0166_1.jpg,0032_3.jpg,0,0.18921981751918793
cross_variable_variable,166,33,1,3,0166_1.jpg,0033_3.jpg,0,-0.06818921864032745
cross_variable_variable,166,34,1,3,0166_1.jpg,0034_3.jpg,0,0.24963922798633575
cross_variable_variable,166,44,1,3,0166_1.jpg,0044_3.jpg,0,0.6369744539260864
cross_variable_variable,166,51,1,3,0166_1.jpg,0051_3.jpg,0,0.4042694568634033
cross_variable_variable,166,54,1,3,0166_1.jpg,0054_3.jpg,0,0.3459397852420807
cross_variable_variable,166,63,1,3,0166_1.jpg,0063_3.jpg,0,0.4125716984272003
cross_variable_variable,166,68,1,3,0166_1.jpg,0068_3.jpg,0,0.15580865740776062
cross_variable_variable,166,69,1,3,0166_1.jpg,0069_3.jpg,0,0.4504584074020386
cross_variable_variable,166,73,1,3,0166_1.jpg,0073_3.jpg,0,0.5307853817939758
cross_variable_variable,166,95,1,3,0166_1.jpg,0095_3.jpg,0,0.27748432755470276
cross_variable_variable,166,121,1,3,0166_1.jpg,0121_3.jpg,0,0.17780296504497528
cross_variable_variable,166,128,1,3,0166_1.jpg,0128_3.jpg,0,0.5227490067481995
cross_variable_variable,166,129,1,3,0166_1.jpg,0129_3.jpg,0,0.4284569323062897
cross_variable_variable,166,131,1,3,0166_1.jpg,0131_3.jpg,0,0.6085398197174072
cross_variable_variable,166,139,1,3,0166_1.jpg,0139_3.jpg,0,0.13189929723739624
cross_variable_variable,166,144,1,3,0166_1.jpg,0144_3.jpg,0,0.25461605191230774
cross_variable_variable,166,145,1,3,0166_1.jpg,0145_3.jpg,0,0.3716477155685425
cross_variable_variable,166,150,1,3,0166_1.jpg,0150_3.jpg,0,0.7522174715995789
cross_variable_variable,166,160,1,3,0166_1.jpg,0160_3.jpg,0,0.21203619241714478
cross_variable_variable,166,165,1,3,0166_1.jpg,0165_3.jpg,0,0.820841908454895
cross_variable_variable,166,166,1,3,0166_1.jpg,0166_3.jpg,1,0.9180967211723328
cross_variable_variable,166,170,1,3,0166_1.jpg,0170_3.jpg,0,0.36571061611175537
cross_variable_variable,166,174,1,3,0166_1.jpg,0174_3.jpg,0,0.2597143054008484
cross_variable_variable,166,176,1,3,0166_1.jpg,0176_3.jpg,0,0.812246561050415
cross_variable_variable,166,193,1,3,0166_1.jpg,0193_3.jpg,0,0.47198691964149475
cross_variable_variable,166,202,1,3,0166_1.jpg,0202_3.jpg,0,0.197102889418602
cross_variable_variable,166,205,1,3,0166_1.jpg,0205_3.jpg,0,-0.061680544167757034
cross_variable_variable,166,210,1,3,0166_1.jpg,0210_3.jpg,0,0.6301489472389221
cross_variable_variable,166,218,1,3,0166_1.jpg,0218_3.jpg,0,0.5317597985267639
cross_variable_variable,166,222,1,3,0166_1.jpg,0222_3.jpg,0,-0.01689709536731243
cross_variable_variable,166,238,1,3,0166_1.jpg,0238_3.jpg,0,0.26734659075737
cross_variable_variable,166,253,1,3,0166_1.jpg,0253_3.jpg,0,0.438229501247406
cross_variable_variable,166,254,1,3,0166_1.jpg,0254_3.jpg,0,-0.05033276602625847
cross_variable_variable,166,257,1,3,0166_1.jpg,0257_3.jpg,0,-0.03763478249311447
cross_variable_variable,166,258,1,3,0166_1.jpg,0258_3.jpg,0,0.13991540670394897
cross_variable_variable,166,268,1,3,0166_1.jpg,0268_3.jpg,0,-0.07511206716299057
cross_variable_variable,166,269,1,3,0166_1.jpg,0269_3.jpg,0,-0.1476406753063202
cross_variable_variable,166,270,1,3,0166_1.jpg,0270_3.jpg,0,0.280600368976593
cross_variable_variable,166,277,1,3,0166_1.jpg,0277_3.jpg,0,0.49166619777679443
cross_variable_variable,166,278,1,3,0166_1.jpg,0278_3.jpg,0,0.21319802105426788
cross_variable_variable,170,5,1,3,0170_1.jpg,0005_3.jpg,0,0.39543503522872925
cross_variable_variable,170,9,1,3,0170_1.jpg,0009_3.jpg,0,0.6332334280014038
cross_variable_variable,170,10,1,3,0170_1.jpg,0010_3.jpg,0,0.471417635679245
cross_variable_variable,170,28,1,3,0170_1.jpg,0028_3.jpg,0,0.557393491268158
cross_variable_variable,170,32,1,3,0170_1.jpg,0032_3.jpg,0,-0.10416781157255173
cross_variable_variable,170,33,1,3,0170_1.jpg,0033_3.jpg,0,0.10883370786905289
cross_variable_variable,170,34,1,3,0170_1.jpg,0034_3.jpg,0,-0.05280731990933418
cross_variable_variable,170,44,1,3,0170_1.jpg,0044_3.jpg,0,0.11881617456674576
cross_variable_variable,170,51,1,3,0170_1.jpg,0051_3.jpg,0,0.7801519632339478
cross_variable_variable,170,54,1,3,0170_1.jpg,0054_3.jpg,0,0.0813450738787651
cross_variable_variable,170,63,1,3,0170_1.jpg,0063_3.jpg,0,0.18325917422771454
cross_variable_variable,170,68,1,3,0170_1.jpg,0068_3.jpg,0,0.04052398353815079
cross_variable_variable,170,69,1,3,0170_1.jpg,0069_3.jpg,0,0.5306351780891418
cross_variable_variable,170,73,1,3,0170_1.jpg,0073_3.jpg,0,0.1255512237548828
cross_variable_variable,170,95,1,3,0170_1.jpg,0095_3.jpg,0,0.23349139094352722
cross_variable_variable,170,121,1,3,0170_1.jpg,0121_3.jpg,0,-0.2143581658601761
cross_variable_variable,170,128,1,3,0170_1.jpg,0128_3.jpg,0,0.4694008231163025
cross_variable_variable,170,129,1,3,0170_1.jpg,0129_3.jpg,0,0.6787296533584595
cross_variable_variable,170,131,1,3,0170_1.jpg,0131_3.jpg,0,0.013991535641252995
cross_variable_variable,170,139,1,3,0170_1.jpg,0139_3.jpg,0,0.5607813596725464
cross_variable_variable,170,144,1,3,0170_1.jpg,0144_3.jpg,0,0.424780935049057
cross_variable_variable,170,145,1,3,0170_1.jpg,0145_3.jpg,0,0.6749674081802368
cross_variable_variable,170,150,1,3,0170_1.jpg,0150_3.jpg,0,0.34820958971977234
cross_variable_variable,170,160,1,3,0170_1.jpg,0160_3.jpg,0,0.025535771623253822
cross_variable_variable,170,165,1,3,0170_1.jpg,0165_3.jpg,0,0.5951743721961975
cross_variable_variable,170,166,1,3,0170_1.jpg,0166_3.jpg,0,0.7596319317817688
cross_variable_variable,170,170,1,3,0170_1.jpg,0170_3.jpg,1,0.8014532923698425
cross_variable_variable,170,174,1,3,0170_1.jpg,0174_3.jpg,0,0.422233909368515
cross_variable_variable,170,176,1,3,0170_1.jpg,0176_3.jpg,0,0.46229925751686096
cross_variable_variable,170,193,1,3,0170_1.jpg,0193_3.jpg,0,0.4546250104904175
cross_variable_variable,170,202,1,3,0170_1.jpg,0202_3.jpg,0,0.021283164620399475
cross_variable_variable,170,205,1,3,0170_1.jpg,0205_3.jpg,0,0.18661776185035706
cross_variable_variable,170,210,1,3,0170_1.jpg,0210_3.jpg,0,0.7835701704025269
cross_variable_variable,170,218,1,3,0170_1.jpg,0218_3.jpg,0,0.04850016161799431
cross_variable_variable,170,222,1,3,0170_1.jpg,0222_3.jpg,0,-0.17090654373168945
cross_variable_variable,170,238,1,3,0170_1.jpg,0238_3.jpg,0,-0.021301424130797386
cross_variable_variable,170,253,1,3,0170_1.jpg,0253_3.jpg,0,-0.02740873396396637
cross_variable_variable,170,254,1,3,0170_1.jpg,0254_3.jpg,0,0.31474828720092773
cross_variable_variable,170,257,1,3,0170_1.jpg,0257_3.jpg,0,0.4144950807094574
cross_variable_variable,170,258,1,3,0170_1.jpg,0258_3.jpg,0,0.10708695650100708
cross_variable_variable,170,268,1,3,0170_1.jpg,0268_3.jpg,0,0.4398132264614105
cross_variable_variable,170,269,1,3,0170_1.jpg,0269_3.jpg,0,-0.06851473450660706
cross_variable_variable,170,270,1,3,0170_1.jpg,0270_3.jpg,0,0.6191401481628418
cross_variable_variable,170,277,1,3,0170_1.jpg,0277_3.jpg,0,0.42517057061195374
cross_variable_variable,170,278,1,3,0170_1.jpg,0278_3.jpg,0,0.04042953625321388
cross_variable_variable,174,5,1,3,0174_1.jpg,0005_3.jpg,0,0.46662649512290955
cross_variable_variable,174,9,1,3,0174_1.jpg,0009_3.jpg,0,0.625283420085907
cross_variable_variable,174,10,1,3,0174_1.jpg,0010_3.jpg,0,0.6518427729606628
cross_variable_variable,174,28,1,3,0174_1.jpg,0028_3.jpg,0,0.1808391809463501
cross_variable_variable,174,32,1,3,0174_1.jpg,0032_3.jpg,0,0.7139491438865662
cross_variable_variable,174,33,1,3,0174_1.jpg,0033_3.jpg,0,0.70382159948349
cross_variable_variable,174,34,1,3,0174_1.jpg,0034_3.jpg,0,0.6629594564437866
cross_variable_variable,174,44,1,3,0174_1.jpg,0044_3.jpg,0,0.3996613621711731
cross_variable_variable,174,51,1,3,0174_1.jpg,0051_3.jpg,0,0.3529490530490875
cross_variable_variable,174,54,1,3,0174_1.jpg,0054_3.jpg,0,0.6723726391792297
cross_variable_variable,174,63,1,3,0174_1.jpg,0063_3.jpg,0,0.6475264430046082
cross_variable_variable,174,68,1,3,0174_1.jpg,0068_3.jpg,0,0.5249925255775452
cross_variable_variable,174,69,1,3,0174_1.jpg,0069_3.jpg,0,0.6160119771957397
cross_variable_variable,174,73,1,3,0174_1.jpg,0073_3.jpg,0,0.3290754556655884
cross_variable_variable,174,95,1,3,0174_1.jpg,0095_3.jpg,0,0.5245490670204163
cross_variable_variable,174,121,1,3,0174_1.jpg,0121_3.jpg,0,0.4966595470905304
cross_variable_variable,174,128,1,3,0174_1.jpg,0128_3.jpg,0,0.7301117181777954
cross_variable_variable,174,129,1,3,0174_1.jpg,0129_3.jpg,0,0.6304402947425842
cross_variable_variable,174,131,1,3,0174_1.jpg,0131_3.jpg,0,0.16209548711776733
cross_variable_variable,174,139,1,3,0174_1.jpg,0139_3.jpg,0,0.4628361761569977
cross_variable_variable,174,144,1,3,0174_1.jpg,0144_3.jpg,0,0.7967826128005981
cross_variable_variable,174,145,1,3,0174_1.jpg,0145_3.jpg,0,0.4826633930206299
cross_variable_variable,174,150,1,3,0174_1.jpg,0150_3.jpg,0,-0.1471833735704422
cross_variable_variable,174,160,1,3,0174_1.jpg,0160_3.jpg,0,0.7167693376541138
cross_variable_variable,174,165,1,3,0174_1.jpg,0165_3.jpg,0,0.2617601156234741
cross_variable_variable,174,166,1,3,0174_1.jpg,0166_3.jpg,0,0.11686083674430847
cross_variable_variable,174,170,1,3,0174_1.jpg,0170_3.jpg,0,0.47897869348526
cross_variable_variable,174,174,1,3,0174_1.jpg,0174_3.jpg,1,0.8880643844604492
cross_variable_variable,174,176,1,3,0174_1.jpg,0176_3.jpg,0,-0.012011942453682423
cross_variable_variable,174,193,1,3,0174_1.jpg,0193_3.jpg,0,-0.15464790165424347
cross_variable_variable,174,202,1,3,0174_1.jpg,0202_3.jpg,0,0.5280128121376038
cross_variable_variable,174,205,1,3,0174_1.jpg,0205_3.jpg,0,0.7347875237464905
cross_variable_variable,174,210,1,3,0174_1.jpg,0210_3.jpg,0,0.4716840386390686
cross_variable_variable,174,218,1,3,0174_1.jpg,0218_3.jpg,0,0.01655685529112816
cross_variable_variable,174,222,1,3,0174_1.jpg,0222_3.jpg,0,0.8195733428001404
cross_variable_variable,174,238,1,3,0174_1.jpg,0238_3.jpg,0,0.40395423769950867
cross_variable_variable,174,253,1,3,0174_1.jpg,0253_3.jpg,0,0.35025888681411743
cross_variable_variable,174,254,1,3,0174_1.jpg,0254_3.jpg,0,0.7942869067192078
cross_variable_variable,174,257,1,3,0174_1.jpg,0257_3.jpg,0,0.6733701825141907
cross_variable_variable,174,258,1,3,0174_1.jpg,0258_3.jpg,0,0.8526718616485596
cross_variable_variable,174,268,1,3,0174_1.jpg,0268_3.jpg,0,0.6131356358528137
cross_variable_variable,174,269,1,3,0174_1.jpg,0269_3.jpg,0,0.6561691164970398
cross_variable_variable,174,270,1,3,0174_1.jpg,0270_3.jpg,0,0.6647571921348572
cross_variable_variable,174,277,1,3,0174_1.jpg,0277_3.jpg,0,0.8025547862052917
cross_variable_variable,174,278,1,3,0174_1.jpg,0278_3.jpg,0,0.561037540435791
cross_variable_variable,176,5,1,3,0176_1.jpg,0005_3.jpg,0,0.5175877213478088
cross_variable_variable,176,9,1,3,0176_1.jpg,0009_3.jpg,0,0.6717075109481812
cross_variable_variable,176,10,1,3,0176_1.jpg,0010_3.jpg,0,0.49846184253692627
cross_variable_variable,176,28,1,3,0176_1.jpg,0028_3.jpg,0,0.7308435440063477
cross_variable_variable,176,32,1,3,0176_1.jpg,0032_3.jpg,0,0.597542941570282
cross_variable_variable,176,33,1,3,0176_1.jpg,0033_3.jpg,0,0.38151073455810547
cross_variable_variable,176,34,1,3,0176_1.jpg,0034_3.jpg,0,0.5869078040122986
cross_variable_variable,176,44,1,3,0176_1.jpg,0044_3.jpg,0,0.7345666885375977
cross_variable_variable,176,51,1,3,0176_1.jpg,0051_3.jpg,0,0.34253379702568054
cross_variable_variable,176,54,1,3,0176_1.jpg,0054_3.jpg,0,0.7166838645935059
cross_variable_variable,176,63,1,3,0176_1.jpg,0063_3.jpg,0,0.7929579019546509
cross_variable_variable,176,68,1,3,0176_1.jpg,0068_3.jpg,0,0.34413382411003113
cross_variable_variable,176,69,1,3,0176_1.jpg,0069_3.jpg,0,0.592591404914856
cross_variable_variable,176,73,1,3,0176_1.jpg,0073_3.jpg,0,0.6581584811210632
cross_variable_variable,176,95,1,3,0176_1.jpg,0095_3.jpg,0,0.4451788067817688
cross_variable_variable,176,121,1,3,0176_1.jpg,0121_3.jpg,0,0.4930484890937805
cross_variable_variable,176,128,1,3,0176_1.jpg,0128_3.jpg,0,0.7279424667358398
cross_variable_variable,176,129,1,3,0176_1.jpg,0129_3.jpg,0,0.5673704743385315
cross_variable_variable,176,131,1,3,0176_1.jpg,0131_3.jpg,0,0.6524807810783386
cross_variable_variable,176,139,1,3,0176_1.jpg,0139_3.jpg,0,0.2810792922973633
cross_variable_variable,176,144,1,3,0176_1.jpg,0144_3.jpg,0,0.595789909362793
cross_variable_variable,176,145,1,3,0176_1.jpg,0145_3.jpg,0,0.37159302830696106
cross_variable_variable,176,150,1,3,0176_1.jpg,0150_3.jpg,0,0.40542173385620117
cross_variable_variable,176,160,1,3,0176_1.jpg,0160_3.jpg,0,0.5385363698005676
cross_variable_variable,176,165,1,3,0176_1.jpg,0165_3.jpg,0,0.5990861654281616
cross_variable_variable,176,166,1,3,0176_1.jpg,0166_3.jpg,0,0.608597457408905
cross_variable_variable,176,170,1,3,0176_1.jpg,0170_3.jpg,0,0.39670300483703613
cross_variable_variable,176,174,1,3,0176_1.jpg,0174_3.jpg,0,0.608941912651062
cross_variable_variable,176,176,1,3,0176_1.jpg,0176_3.jpg,1,0.6072176098823547
cross_variable_variable,176,193,1,3,0176_1.jpg,0193_3.jpg,0,0.17867031693458557
cross_variable_variable,176,202,1,3,0176_1.jpg,0202_3.jpg,0,0.455568790435791
cross_variable_variable,176,205,1,3,0176_1.jpg,0205_3.jpg,0,0.34576618671417236
cross_variable_variable,176,210,1,3,0176_1.jpg,0210_3.jpg,0,0.5748745799064636
cross_variable_variable,176,218,1,3,0176_1.jpg,0218_3.jpg,0,0.4793853759765625
cross_variable_variable,176,222,1,3,0176_1.jpg,0222_3.jpg,0,0.49253323674201965
cross_variable_variable,176,238,1,3,0176_1.jpg,0238_3.jpg,0,0.45387452840805054
cross_variable_variable,176,253,1,3,0176_1.jpg,0253_3.jpg,0,0.5552065372467041
cross_variable_variable,176,254,1,3,0176_1.jpg,0254_3.jpg,0,0.3604072630405426
cross_variable_variable,176,257,1,3,0176_1.jpg,0257_3.jpg,0,0.2663222849369049
cross_variable_variable,176,258,1,3,0176_1.jpg,0258_3.jpg,0,0.5620790719985962
cross_variable_variable,176,268,1,3,0176_1.jpg,0268_3.jpg,0,0.23063720762729645
cross_variable_variable,176,269,1,3,0176_1.jpg,0269_3.jpg,0,0.33189040422439575
cross_variable_variable,176,270,1,3,0176_1.jpg,0270_3.jpg,0,0.4429783821105957
cross_variable_variable,176,277,1,3,0176_1.jpg,0277_3.jpg,0,0.8052820563316345
cross_variable_variable,176,278,1,3,0176_1.jpg,0278_3.jpg,0,0.5150238275527954
cross_variable_variable,193,5,1,3,0193_1.jpg,0005_3.jpg,0,0.29216596484184265
cross_variable_variable,193,9,1,3,0193_1.jpg,0009_3.jpg,0,0.13824990391731262
cross_variable_variable,193,10,1,3,0193_1.jpg,0010_3.jpg,0,0.28537821769714355
cross_variable_variable,193,28,1,3,0193_1.jpg,0028_3.jpg,0,0.3983306884765625
cross_variable_variable,193,32,1,3,0193_1.jpg,0032_3.jpg,0,-0.27973929047584534
cross_variable_variable,193,33,1,3,0193_1.jpg,0033_3.jpg,0,0.009377041831612587
cross_variable_variable,193,34,1,3,0193_1.jpg,0034_3.jpg,0,-0.12137557566165924
cross_variable_variable,193,44,1,3,0193_1.jpg,0044_3.jpg,0,0.0182622279971838
cross_variable_variable,193,51,1,3,0193_1.jpg,0051_3.jpg,0,0.566723108291626
cross_variable_variable,193,54,1,3,0193_1.jpg,0054_3.jpg,0,-0.10212551057338715
cross_variable_variable,193,63,1,3,0193_1.jpg,0063_3.jpg,0,-0.1867297738790512
cross_variable_variable,193,68,1,3,0193_1.jpg,0068_3.jpg,0,0.08742379397153854
cross_variable_variable,193,69,1,3,0193_1.jpg,0069_3.jpg,0,0.25283902883529663
cross_variable_variable,193,73,1,3,0193_1.jpg,0073_3.jpg,0,0.08898624777793884
cross_variable_variable,193,95,1,3,0193_1.jpg,0095_3.jpg,0,0.2650916576385498
cross_variable_variable,193,121,1,3,0193_1.jpg,0121_3.jpg,0,-0.0781748816370964
cross_variable_variable,193,128,1,3,0193_1.jpg,0128_3.jpg,0,-0.016431506723165512
cross_variable_variable,193,129,1,3,0193_1.jpg,0129_3.jpg,0,0.20888972282409668
cross_variable_variable,193,131,1,3,0193_1.jpg,0131_3.jpg,0,0.13264165818691254
cross_variable_variable,193,139,1,3,0193_1.jpg,0139_3.jpg,0,0.4868626594543457
cross_variable_variable,193,144,1,3,0193_1.jpg,0144_3.jpg,0,0.041740767657756805
cross_variable_variable,193,145,1,3,0193_1.jpg,0145_3.jpg,0,0.422078013420105
cross_variable_variable,193,150,1,3,0193_1.jpg,0150_3.jpg,0,0.6134766936302185
cross_variable_variable,193,160,1,3,0193_1.jpg,0160_3.jpg,0,-0.2567127048969269
cross_variable_variable,193,165,1,3,0193_1.jpg,0165_3.jpg,0,0.12378763407468796
cross_variable_variable,193,166,1,3,0193_1.jpg,0166_3.jpg,0,0.5964959263801575
cross_variable_variable,193,170,1,3,0193_1.jpg,0170_3.jpg,0,0.38730835914611816
cross_variable_variable,193,174,1,3,0193_1.jpg,0174_3.jpg,0,-0.24710695445537567
cross_variable_variable,193,176,1,3,0193_1.jpg,0176_3.jpg,0,0.33977773785591125
cross_variable_variable,193,193,1,3,0193_1.jpg,0193_3.jpg,1,0.8275013566017151
cross_variable_variable,193,202,1,3,0193_1.jpg,0202_3.jpg,0,0.08888090401887894
cross_variable_variable,193,205,1,3,0193_1.jpg,0205_3.jpg,0,-0.025635845959186554
cross_variable_variable,193,210,1,3,0193_1.jpg,0210_3.jpg,0,0.15631058812141418
cross_variable_variable,193,218,1,3,0193_1.jpg,0218_3.jpg,0,0.3484951853752136
cross_variable_variable,193,222,1,3,0193_1.jpg,0222_3.jpg,0,-0.3936596214771271
cross_variable_variable,193,238,1,3,0193_1.jpg,0238_3.jpg,0,-0.18555352091789246
cross_variable_variable,193,253,1,3,0193_1.jpg,0253_3.jpg,0,0.081535205245018
cross_variable_variable,193,254,1,3,0193_1.jpg,0254_3.jpg,0,-0.1369902640581131
cross_variable_variable,193,257,1,3,0193_1.jpg,0257_3.jpg,0,0.005485301837325096
cross_variable_variable,193,258,1,3,0193_1.jpg,0258_3.jpg,0,-0.4153866171836853
cross_variable_variable,193,268,1,3,0193_1.jpg,0268_3.jpg,0,0.16675397753715515
cross_variable_variable,193,269,1,3,0193_1.jpg,0269_3.jpg,0,-0.11167972534894943
cross_variable_variable,193,270,1,3,0193_1.jpg,0270_3.jpg,0,0.21151186525821686
cross_variable_variable,193,277,1,3,0193_1.jpg,0277_3.jpg,0,-0.006625760346651077
cross_variable_variable,193,278,1,3,0193_1.jpg,0278_3.jpg,0,0.08462537825107574
cross_variable_variable,202,5,1,3,0202_1.jpg,0005_3.jpg,0,0.5500929355621338
cross_variable_variable,202,9,1,3,0202_1.jpg,0009_3.jpg,0,0.30230405926704407
cross_variable_variable,202,10,1,3,0202_1.jpg,0010_3.jpg,0,0.33914926648139954
cross_variable_variable,202,28,1,3,0202_1.jpg,0028_3.jpg,0,0.5305473804473877
cross_variable_variable,202,32,1,3,0202_1.jpg,0032_3.jpg,0,0.7689412236213684
cross_variable_variable,202,33,1,3,0202_1.jpg,0033_3.jpg,0,0.4563484191894531
cross_variable_variable,202,34,1,3,0202_1.jpg,0034_3.jpg,0,0.7584929466247559
cross_variable_variable,202,44,1,3,0202_1.jpg,0044_3.jpg,0,0.7580970525741577
cross_variable_variable,202,51,1,3,0202_1.jpg,0051_3.jpg,0,0.09677764028310776
cross_variable_variable,202,54,1,3,0202_1.jpg,0054_3.jpg,0,0.7048436403274536
cross_variable_variable,202,63,1,3,0202_1.jpg,0063_3.jpg,0,0.6150945425033569
cross_variable_variable,202,68,1,3,0202_1.jpg,0068_3.jpg,0,0.692973792552948
cross_variable_variable,202,69,1,3,0202_1.jpg,0069_3.jpg,0,0.42673856019973755
cross_variable_variable,202,73,1,3,0202_1.jpg,0073_3.jpg,0,0.7815931439399719
cross_variable_variable,202,95,1,3,0202_1.jpg,0095_3.jpg,0,0.6781690716743469
cross_variable_variable,202,121,1,3,0202_1.jpg,0121_3.jpg,0,0.8192518949508667
cross_variable_variable,202,128,1,3,0202_1.jpg,0128_3.jpg,0,0.3985361158847809
cross_variable_variable,202,129,1,3,0202_1.jpg,0129_3.jpg,0,0.12861131131649017
cross_variable_variable,202,131,1,3,0202_1.jpg,0131_3.jpg,0,0.8127254247665405
cross_variable_variable,202,139,1,3,0202_1.jpg,0139_3.jpg,0,0.18921685218811035
cross_variable_variable,202,144,1,3,0202_1.jpg,0144_3.jpg,0,0.35042962431907654
cross_variable_variable,202,145,1,3,0202_1.jpg,0145_3.jpg,0,0.19328001141548157
cross_variable_variable,202,150,1,3,0202_1.jpg,0150_3.jpg,0,0.6704250574111938
cross_variable_variable,202,160,1,3,0202_1.jpg,0160_3.jpg,0,0.6031659245491028
cross_variable_variable,202,165,1,3,0202_1.jpg,0165_3.jpg,0,0.20748461782932281
cross_variable_variable,202,166,1,3,0202_1.jpg,0166_3.jpg,0,0.3693488836288452
cross_variable_variable,202,170,1,3,0202_1.jpg,0170_3.jpg,0,0.007411840837448835
cross_variable_variable,202,174,1,3,0202_1.jpg,0174_3.jpg,0,0.0954606831073761
cross_variable_variable,202,176,1,3,0202_1.jpg,0176_3.jpg,0,0.4305107295513153
cross_variable_variable,202,193,1,3,0202_1.jpg,0193_3.jpg,0,0.38597819209098816
cross_variable_variable,202,202,1,3,0202_1.jpg,0202_3.jpg,1,0.7856625318527222
cross_variable_variable,202,205,1,3,0202_1.jpg,0205_3.jpg,0,0.356049507856369
cross_variable_variable,202,210,1,3,0202_1.jpg,0210_3.jpg,0,-0.029007431119680405
cross_variable_variable,202,218,1,3,0202_1.jpg,0218_3.jpg,0,0.7929604649543762
cross_variable_variable,202,222,1,3,0202_1.jpg,0222_3.jpg,0,0.5815656185150146
cross_variable_variable,202,238,1,3,0202_1.jpg,0238_3.jpg,0,0.6437250971794128
cross_variable_variable,202,253,1,3,0202_1.jpg,0253_3.jpg,0,0.9180643558502197
cross_variable_variable,202,254,1,3,0202_1.jpg,0254_3.jpg,0,0.05851591005921364
cross_variable_variable,202,257,1,3,0202_1.jpg,0257_3.jpg,0,-0.03591952472925186
cross_variable_variable,202,258,1,3,0202_1.jpg,0258_3.jpg,0,0.3308247923851013
cross_variable_variable,202,268,1,3,0202_1.jpg,0268_3.jpg,0,-0.020234210416674614
cross_variable_variable,202,269,1,3,0202_1.jpg,0269_3.jpg,0,0.53376704454422
cross_variable_variable,202,270,1,3,0202_1.jpg,0270_3.jpg,0,0.1246628686785698
cross_variable_variable,202,277,1,3,0202_1.jpg,0277_3.jpg,0,0.4847043752670288
cross_variable_variable,202,278,1,3,0202_1.jpg,0278_3.jpg,0,0.774196207523346
cross_variable_variable,205,5,1,3,0205_1.jpg,0005_3.jpg,0,0.6226199269294739
cross_variable_variable,205,9,1,3,0205_1.jpg,0009_3.jpg,0,0.5520392060279846
cross_variable_variable,205,10,1,3,0205_1.jpg,0010_3.jpg,0,0.5312614440917969
cross_variable_variable,205,28,1,3,0205_1.jpg,0028_3.jpg,0,0.5617331266403198
cross_variable_variable,205,32,1,3,0205_1.jpg,0032_3.jpg,0,0.8787176012992859
cross_variable_variable,205,33,1,3,0205_1.jpg,0033_3.jpg,0,0.6525397896766663
cross_variable_variable,205,34,1,3,0205_1.jpg,0034_3.jpg,0,0.8466795682907104
cross_variable_variable,205,44,1,3,0205_1.jpg,0044_3.jpg,0,0.753146767616272
cross_variable_variable,205,51,1,3,0205_1.jpg,0051_3.jpg,0,0.2911567986011505
cross_variable_variable,205,54,1,3,0205_1.jpg,0054_3.jpg,0,0.8127783536911011
cross_variable_variable,205,63,1,3,0205_1.jpg,0063_3.jpg,0,0.7897810339927673
cross_variable_variable,205,68,1,3,0205_1.jpg,0068_3.jpg,0,0.7247336506843567
cross_variable_variable,205,69,1,3,0205_1.jpg,0069_3.jpg,0,0.6210317015647888
cross_variable_variable,205,73,1,3,0205_1.jpg,0073_3.jpg,0,0.8005416393280029
cross_variable_variable,205,95,1,3,0205_1.jpg,0095_3.jpg,0,0.7489445805549622
cross_variable_variable,205,121,1,3,0205_1.jpg,0121_3.jpg,0,0.7741134762763977
cross_variable_variable,205,128,1,3,0205_1.jpg,0128_3.jpg,0,0.6484313011169434
cross_variable_variable,205,129,1,3,0205_1.jpg,0129_3.jpg,0,0.38333308696746826
cross_variable_variable,205,131,1,3,0205_1.jpg,0131_3.jpg,0,0.7348899841308594
cross_variable_variable,205,139,1,3,0205_1.jpg,0139_3.jpg,0,0.382658988237381
cross_variable_variable,205,144,1,3,0205_1.jpg,0144_3.jpg,0,0.6163066625595093
cross_variable_variable,205,145,1,3,0205_1.jpg,0145_3.jpg,0,0.4260842800140381
cross_variable_variable,205,150,1,3,0205_1.jpg,0150_3.jpg,0,0.5387184023857117
cross_variable_variable,205,160,1,3,0205_1.jpg,0160_3.jpg,0,0.7606117725372314
cross_variable_variable,205,165,1,3,0205_1.jpg,0165_3.jpg,0,0.31388914585113525
cross_variable_variable,205,166,1,3,0205_1.jpg,0166_3.jpg,0,0.4434514343738556
cross_variable_variable,205,170,1,3,0205_1.jpg,0170_3.jpg,0,0.2747212052345276
cross_variable_variable,205,174,1,3,0205_1.jpg,0174_3.jpg,0,0.4472176134586334
cross_variable_variable,205,176,1,3,0205_1.jpg,0176_3.jpg,0,0.44589945673942566
cross_variable_variable,205,193,1,3,0205_1.jpg,0193_3.jpg,0,0.30916279554367065
cross_variable_variable,205,202,1,3,0205_1.jpg,0202_3.jpg,0,0.8592610955238342
cross_variable_variable,205,205,1,3,0205_1.jpg,0205_3.jpg,1,0.6038529276847839
cross_variable_variable,205,210,1,3,0205_1.jpg,0210_3.jpg,0,0.24551799893379211
cross_variable_variable,205,218,1,3,0205_1.jpg,0218_3.jpg,0,0.6657572984695435
cross_variable_variable,205,222,1,3,0205_1.jpg,0222_3.jpg,0,0.7221574187278748
cross_variable_variable,205,238,1,3,0205_1.jpg,0238_3.jpg,0,0.659916341304779
cross_variable_variable,205,253,1,3,0205_1.jpg,0253_3.jpg,0,0.8487008810043335
cross_variable_variable,205,254,1,3,0205_1.jpg,0254_3.jpg,0,0.35675686597824097
cross_variable_variable,205,257,1,3,0205_1.jpg,0257_3.jpg,0,0.25121593475341797
cross_variable_variable,205,258,1,3,0205_1.jpg,0258_3.jpg,0,0.5799707770347595
cross_variable_variable,205,268,1,3,0205_1.jpg,0268_3.jpg,0,0.24951674044132233
cross_variable_variable,205,269,1,3,0205_1.jpg,0269_3.jpg,0,0.6574786901473999
cross_variable_variable,205,270,1,3,0205_1.jpg,0270_3.jpg,0,0.4187784492969513
cross_variable_variable,205,277,1,3,0205_1.jpg,0277_3.jpg,0,0.7401997447013855
cross_variable_variable,205,278,1,3,0205_1.jpg,0278_3.jpg,0,0.8555328249931335
cross_variable_variable,210,5,1,3,0210_1.jpg,0005_3.jpg,0,0.5942355394363403
cross_variable_variable,210,9,1,3,0210_1.jpg,0009_3.jpg,0,0.7918868064880371
cross_variable_variable,210,10,1,3,0210_1.jpg,0010_3.jpg,0,0.5162478089332581
cross_variable_variable,210,28,1,3,0210_1.jpg,0028_3.jpg,0,0.7175673842430115
cross_variable_variable,210,32,1,3,0210_1.jpg,0032_3.jpg,0,0.37759867310523987
cross_variable_variable,210,33,1,3,0210_1.jpg,0033_3.jpg,0,0.23392321169376373
cross_variable_variable,210,34,1,3,0210_1.jpg,0034_3.jpg,0,0.3512916564941406
cross_variable_variable,210,44,1,3,0210_1.jpg,0044_3.jpg,0,0.5664544105529785
cross_variable_variable,210,51,1,3,0210_1.jpg,0051_3.jpg,0,0.5304804444313049
cross_variable_variable,210,54,1,3,0210_1.jpg,0054_3.jpg,0,0.5170609951019287
cross_variable_variable,210,63,1,3,0210_1.jpg,0063_3.jpg,0,0.6005277633666992
cross_variable_variable,210,68,1,3,0210_1.jpg,0068_3.jpg,0,0.29179325699806213
cross_variable_variable,210,69,1,3,0210_1.jpg,0069_3.jpg,0,0.6238301396369934
cross_variable_variable,210,73,1,3,0210_1.jpg,0073_3.jpg,0,0.36006996035575867
cross_variable_variable,210,95,1,3,0210_1.jpg,0095_3.jpg,0,0.35704687237739563
cross_variable_variable,210,121,1,3,0210_1.jpg,0121_3.jpg,0,0.22065719962120056
cross_variable_variable,210,128,1,3,0210_1.jpg,0128_3.jpg,0,0.7548936605453491
cross_variable_variable,210,129,1,3,0210_1.jpg,0129_3.jpg,0,0.7309373021125793
cross_variable_variable,210,131,1,3,0210_1.jpg,0131_3.jpg,0,0.3337969183921814
cross_variable_variable,210,139,1,3,0210_1.jpg,0139_3.jpg,0,0.3567940890789032
cross_variable_variable,210,144,1,3,0210_1.jpg,0144_3.jpg,0,0.6391083002090454
cross_variable_variable,210,145,1,3,0210_1.jpg,0145_3.jpg,0,0.5849280953407288
cross_variable_variable,210,150,1,3,0210_1.jpg,0150_3.jpg,0,0.33652687072753906
cross_variable_variable,210,160,1,3,0210_1.jpg,0160_3.jpg,0,0.42330020666122437
cross_variable_variable,210,165,1,3,0210_1.jpg,0165_3.jpg,0,0.7891897559165955
cross_variable_variable,210,166,1,3,0210_1.jpg,0166_3.jpg,0,0.7085506916046143
cross_variable_variable,210,170,1,3,0210_1.jpg,0170_3.jpg,0,0.6501307487487793
cross_variable_variable,210,174,1,3,0210_1.jpg,0174_3.jpg,0,0.7212453484535217
cross_variable_variable,210,176,1,3,0210_1.jpg,0176_3.jpg,0,0.5249332785606384
cross_variable_variable,210,193,1,3,0210_1.jpg,0193_3.jpg,0,0.19382205605506897
cross_variable_variable,210,202,1,3,0210_1.jpg,0202_3.jpg,0,0.21675565838813782
cross_variable_variable,210,205,1,3,0210_1.jpg,0205_3.jpg,0,0.30397099256515503
cross_variable_variable,210,210,1,3,0210_1.jpg,0210_3.jpg,1,0.8544630408287048
cross_variable_variable,210,218,1,3,0210_1.jpg,0218_3.jpg,0,0.24800512194633484
cross_variable_variable,210,222,1,3,0210_1.jpg,0222_3.jpg,0,0.3365277945995331
cross_variable_variable,210,238,1,3,0210_1.jpg,0238_3.jpg,0,0.2970491051673889
cross_variable_variable,210,253,1,3,0210_1.jpg,0253_3.jpg,0,0.3527529835700989
cross_variable_variable,210,254,1,3,0210_1.jpg,0254_3.jpg,0,0.46270501613616943
cross_variable_variable,210,257,1,3,0210_1.jpg,0257_3.jpg,0,0.43219196796417236
cross_variable_variable,210,258,1,3,0210_1.jpg,0258_3.jpg,0,0.5977162718772888
cross_variable_variable,210,268,1,3,0210_1.jpg,0268_3.jpg,0,0.3677542209625244
cross_variable_variable,210,269,1,3,0210_1.jpg,0269_3.jpg,0,0.18840332329273224
cross_variable_variable,210,270,1,3,0210_1.jpg,0270_3.jpg,0,0.6268652677536011
cross_variable_variable,210,277,1,3,0210_1.jpg,0277_3.jpg,0,0.7678947448730469
cross_variable_variable,210,278,1,3,0210_1.jpg,0278_3.jpg,0,0.33957257866859436
cross_variable_variable,218,5,1,3,0218_1.jpg,0005_3.jpg,0,0.3983827531337738
cross_variable_variable,218,9,1,3,0218_1.jpg,0009_3.jpg,0,0.13866056501865387
cross_variable_variable,218,10,1,3,0218_1.jpg,0010_3.jpg,0,0.32433250546455383
cross_variable_variable,218,28,1,3,0218_1.jpg,0028_3.jpg,0,0.6176955103874207
cross_variable_variable,218,32,1,3,0218_1.jpg,0032_3.jpg,0,0.5567858815193176
cross_variable_variable,218,33,1,3,0218_1.jpg,0033_3.jpg,0,0.22579029202461243
cross_variable_variable,218,34,1,3,0218_1.jpg,0034_3.jpg,0,0.5456214547157288
cross_variable_variable,218,44,1,3,0218_1.jpg,0044_3.jpg,0,0.6234586238861084
cross_variable_variable,218,51,1,3,0218_1.jpg,0051_3.jpg,0,0.095120370388031
cross_variable_variable,218,54,1,3,0218_1.jpg,0054_3.jpg,0,0.5255970358848572
cross_variable_variable,218,63,1,3,0218_1.jpg,0063_3.jpg,0,0.394465833902359
cross_variable_variable,218,68,1,3,0218_1.jpg,0068_3.jpg,0,0.532193660736084
cross_variable_variable,218,69,1,3,0218_1.jpg,0069_3.jpg,0,0.2692670524120331
cross_variable_variable,218,73,1,3,0218_1.jpg,0073_3.jpg,0,0.7540658116340637
cross_variable_variable,218,95,1,3,0218_1.jpg,0095_3.jpg,0,0.5182856917381287
cross_variable_variable,218,121,1,3,0218_1.jpg,0121_3.jpg,0,0.59404057264328
cross_variable_variable,218,128,1,3,0218_1.jpg,0128_3.jpg,0,0.21331457793712616
cross_variable_variable,218,129,1,3,0218_1.jpg,0129_3.jpg,0,-0.004950761795043945
cross_variable_variable,218,131,1,3,0218_1.jpg,0131_3.jpg,0,0.8034877181053162
cross_variable_variable,218,139,1,3,0218_1.jpg,0139_3.jpg,0,0.13223707675933838
cross_variable_variable,218,144,1,3,0218_1.jpg,0144_3.jpg,0,0.15399150550365448
cross_variable_variable,218,145,1,3,0218_1.jpg,0145_3.jpg,0,0.11076737195253372
cross_variable_variable,218,150,1,3,0218_1.jpg,0150_3.jpg,0,0.7842464447021484
cross_variable_variable,218,160,1,3,0218_1.jpg,0160_3.jpg,0,0.34033292531967163
cross_variable_variable,218,165,1,3,0218_1.jpg,0165_3.jpg,0,0.240949347615242
cross_variable_variable,218,166,1,3,0218_1.jpg,0166_3.jpg,0,0.4583047330379486
cross_variable_variable,218,170,1,3,0218_1.jpg,0170_3.jpg,0,-0.03562653809785843
cross_variable_variable,218,174,1,3,0218_1.jpg,0174_3.jpg,0,-0.04201340675354004
cross_variable_variable,218,176,1,3,0218_1.jpg,0176_3.jpg,0,0.5749426484107971
cross_variable_variable,218,193,1,3,0218_1.jpg,0193_3.jpg,0,0.594825029373169
cross_variable_variable,218,202,1,3,0218_1.jpg,0202_3.jpg,0,0.6897218823432922
cross_variable_variable,218,205,1,3,0218_1.jpg,0205_3.jpg,0,0.1368040293455124
cross_variable_variable,218,210,1,3,0218_1.jpg,0210_3.jpg,0,-0.049978066235780716
cross_variable_variable,218,218,1,3,0218_1.jpg,0218_3.jpg,1,0.8885026574134827
cross_variable_variable,218,222,1,3,0218_1.jpg,0222_3.jpg,0,0.30531105399131775
cross_variable_variable,218,238,1,3,0218_1.jpg,0238_3.jpg,0,0.4316481649875641
cross_variable_variable,218,253,1,3,0218_1.jpg,0253_3.jpg,0,0.7848266959190369
cross_variable_variable,218,254,1,3,0218_1.jpg,0254_3.jpg,0,-0.16923868656158447
cross_variable_variable,218,257,1,3,0218_1.jpg,0257_3.jpg,0,-0.23795157670974731
cross_variable_variable,218,258,1,3,0218_1.jpg,0258_3.jpg,0,0.05340244248509407
cross_variable_variable,218,268,1,3,0218_1.jpg,0268_3.jpg,0,-0.15905806422233582
cross_variable_variable,218,269,1,3,0218_1.jpg,0269_3.jpg,0,0.24915826320648193
cross_variable_variable,218,270,1,3,0218_1.jpg,0270_3.jpg,0,-0.014835663139820099
cross_variable_variable,218,277,1,3,0218_1.jpg,0277_3.jpg,0,0.333280086517334
cross_variable_variable,218,278,1,3,0218_1.jpg,0278_3.jpg,0,0.583193838596344
cross_variable_variable,222,5,1,3,0222_1.jpg,0005_3.jpg,0,0.4048513174057007
cross_variable_variable,222,9,1,3,0222_1.jpg,0009_3.jpg,0,0.43649208545684814
cross_variable_variable,222,10,1,3,0222_1.jpg,0010_3.jpg,0,0.22690773010253906
cross_variable_variable,222,28,1,3,0222_1.jpg,0028_3.jpg,0,0.5198410749435425
cross_variable_variable,222,32,1,3,0222_1.jpg,0032_3.jpg,0,0.8099910616874695
cross_variable_variable,222,33,1,3,0222_1.jpg,0033_3.jpg,0,0.2691750228404999
cross_variable_variable,222,34,1,3,0222_1.jpg,0034_3.jpg,0,0.7104502320289612
cross_variable_variable,222,44,1,3,0222_1.jpg,0044_3.jpg,0,0.8081853985786438
cross_variable_variable,222,51,1,3,0222_1.jpg,0051_3.jpg,0,-0.08705516904592514
cross_variable_variable,222,54,1,3,0222_1.jpg,0054_3.jpg,0,0.7837008237838745
cross_variable_variable,222,63,1,3,0222_1.jpg,0063_3.jpg,0,0.7880982160568237
cross_variable_variable,222,68,1,3,0222_1.jpg,0068_3.jpg,0,0.5231247544288635
cross_variable_variable,222,69,1,3,0222_1.jpg,0069_3.jpg,0,0.3369939923286438
cross_variable_variable,222,73,1,3,0222_1.jpg,0073_3.jpg,0,0.74154132604599
cross_variable_variable,222,95,1,3,0222_1.jpg,0095_3.jpg,0,0.4099749028682709
cross_variable_variable,222,121,1,3,0222_1.jpg,0121_3.jpg,0,0.6635530591011047
cross_variable_variable,222,128,1,3,0222_1.jpg,0128_3.jpg,0,0.576960027217865
cross_variable_variable,222,129,1,3,0222_1.jpg,0129_3.jpg,0,0.2229565978050232
cross_variable_variable,222,131,1,3,0222_1.jpg,0131_3.jpg,0,0.7351361513137817
cross_variable_variable,222,139,1,3,0222_1.jpg,0139_3.jpg,0,-0.08869363367557526
cross_variable_variable,222,144,1,3,0222_1.jpg,0144_3.jpg,0,0.39373108744621277
cross_variable_variable,222,145,1,3,0222_1.jpg,0145_3.jpg,0,0.10134129971265793
cross_variable_variable,222,150,1,3,0222_1.jpg,0150_3.jpg,0,0.37827321887016296
cross_variable_variable,222,160,1,3,0222_1.jpg,0160_3.jpg,0,0.7027080655097961
cross_variable_variable,222,165,1,3,0222_1.jpg,0165_3.jpg,0,0.5261546969413757
cross_variable_variable,222,166,1,3,0222_1.jpg,0166_3.jpg,0,0.32063448429107666
cross_variable_variable,222,170,1,3,0222_1.jpg,0170_3.jpg,0,-0.01932048238813877
cross_variable_variable,222,174,1,3,0222_1.jpg,0174_3.jpg,0,0.43101730942726135
cross_variable_variable,222,176,1,3,0222_1.jpg,0176_3.jpg,0,0.5032079815864563
cross_variable_variable,222,193,1,3,0222_1.jpg,0193_3.jpg,0,-0.0896998718380928
cross_variable_variable,222,202,1,3,0222_1.jpg,0202_3.jpg,0,0.5492897629737854
cross_variable_variable,222,205,1,3,0222_1.jpg,0205_3.jpg,0,0.2743598520755768
cross_variable_variable,222,210,1,3,0222_1.jpg,0210_3.jpg,0,0.27875280380249023
cross_variable_variable,222,218,1,3,0222_1.jpg,0218_3.jpg,0,0.521882176399231
cross_variable_variable,222,222,1,3,0222_1.jpg,0222_3.jpg,1,0.6695142984390259
cross_variable_variable,222,238,1,3,0222_1.jpg,0238_3.jpg,0,0.6173389554023743
cross_variable_variable,222,253,1,3,0222_1.jpg,0253_3.jpg,0,0.7522276639938354
cross_variable_variable,222,254,1,3,0222_1.jpg,0254_3.jpg,0,0.18063940107822418
cross_variable_variable,222,257,1,3,0222_1.jpg,0257_3.jpg,0,-0.012019404210150242
cross_variable_variable,222,258,1,3,0222_1.jpg,0258_3.jpg,0,0.6361696720123291
cross_variable_variable,222,268,1,3,0222_1.jpg,0268_3.jpg,0,-0.08641812205314636
cross_variable_variable,222,269,1,3,0222_1.jpg,0269_3.jpg,0,0.3734145164489746
cross_variable_variable,222,270,1,3,0222_1.jpg,0270_3.jpg,0,0.1676495224237442
cross_variable_variable,222,277,1,3,0222_1.jpg,0277_3.jpg,0,0.6200904846191406
cross_variable_variable,222,278,1,3,0222_1.jpg,0278_3.jpg,0,0.5721858739852905
cross_variable_variable,238,5,1,3,0238_1.jpg,0005_3.jpg,0,0.4716636836528778
cross_variable_variable,238,9,1,3,0238_1.jpg,0009_3.jpg,0,0.7105668783187866
cross_variable_variable,238,10,1,3,0238_1.jpg,0010_3.jpg,0,0.5069887638092041
cross_variable_variable,238,28,1,3,0238_1.jpg,0028_3.jpg,0,0.24332280457019806
cross_variable_variable,238,32,1,3,0238_1.jpg,0032_3.jpg,0,0.8325867652893066
cross_variable_variable,238,33,1,3,0238_1.jpg,0033_3.jpg,0,0.7086095809936523
cross_variable_variable,238,34,1,3,0238_1.jpg,0034_3.jpg,0,0.7847789525985718
cross_variable_variable,238,44,1,3,0238_1.jpg,0044_3.jpg,0,0.49395474791526794
cross_variable_variable,238,51,1,3,0238_1.jpg,0051_3.jpg,0,0.35475867986679077
cross_variable_variable,238,54,1,3,0238_1.jpg,0054_3.jpg,0,0.7317756414413452
cross_variable_variable,238,63,1,3,0238_1.jpg,0063_3.jpg,0,0.8121936917304993
cross_variable_variable,238,68,1,3,0238_1.jpg,0068_3.jpg,0,0.6276982426643372
cross_variable_variable,238,69,1,3,0238_1.jpg,0069_3.jpg,0,0.6688129305839539
cross_variable_variable,238,73,1,3,0238_1.jpg,0073_3.jpg,0,0.5531673431396484
cross_variable_variable,238,95,1,3,0238_1.jpg,0095_3.jpg,0,0.5987113118171692
cross_variable_variable,238,121,1,3,0238_1.jpg,0121_3.jpg,0,0.5915041565895081
cross_variable_variable,238,128,1,3,0238_1.jpg,0128_3.jpg,0,0.807044506072998
cross_variable_variable,238,129,1,3,0238_1.jpg,0129_3.jpg,0,0.6091930866241455
cross_variable_variable,238,131,1,3,0238_1.jpg,0131_3.jpg,0,0.30596116185188293
cross_variable_variable,238,139,1,3,0238_1.jpg,0139_3.jpg,0,0.4042852222919464
cross_variable_variable,238,144,1,3,0238_1.jpg,0144_3.jpg,0,0.7569341659545898
cross_variable_variable,238,145,1,3,0238_1.jpg,0145_3.jpg,0,0.5158958435058594
cross_variable_variable,238,150,1,3,0238_1.jpg,0150_3.jpg,0,0.03472021222114563
cross_variable_variable,238,160,1,3,0238_1.jpg,0160_3.jpg,0,0.8617666959762573
cross_variable_variable,238,165,1,3,0238_1.jpg,0165_3.jpg,0,0.3346157968044281
cross_variable_variable,238,166,1,3,0238_1.jpg,0166_3.jpg,0,0.22889134287834167
cross_variable_variable,238,170,1,3,0238_1.jpg,0170_3.jpg,0,0.46717923879623413
cross_variable_variable,238,174,1,3,0238_1.jpg,0174_3.jpg,0,0.7510215640068054
cross_variable_variable,238,176,1,3,0238_1.jpg,0176_3.jpg,0,0.10698750615119934
cross_variable_variable,238,193,1,3,0238_1.jpg,0193_3.jpg,0,-0.17563292384147644
cross_variable_variable,238,202,1,3,0238_1.jpg,0202_3.jpg,0,0.670527458190918
cross_variable_variable,238,205,1,3,0238_1.jpg,0205_3.jpg,0,0.7806633114814758
cross_variable_variable,238,210,1,3,0238_1.jpg,0210_3.jpg,0,0.45721304416656494
cross_variable_variable,238,218,1,3,0238_1.jpg,0218_3.jpg,0,0.13761325180530548
cross_variable_variable,238,222,1,3,0238_1.jpg,0222_3.jpg,0,0.8364876508712769
cross_variable_variable,238,238,1,3,0238_1.jpg,0238_3.jpg,1,0.6911467909812927
cross_variable_variable,238,253,1,3,0238_1.jpg,0253_3.jpg,0,0.5546834468841553
cross_variable_variable,238,254,1,3,0238_1.jpg,0254_3.jpg,0,0.723448634147644
cross_variable_variable,238,257,1,3,0238_1.jpg,0257_3.jpg,0,0.5994723439216614
cross_variable_variable,238,258,1,3,0238_1.jpg,0258_3.jpg,0,0.8653802275657654
cross_variable_variable,238,268,1,3,0238_1.jpg,0268_3.jpg,0,0.49226731061935425
cross_variable_variable,238,269,1,3,0238_1.jpg,0269_3.jpg,0,0.7199158072471619
cross_variable_variable,238,270,1,3,0238_1.jpg,0270_3.jpg,0,0.6195666193962097
cross_variable_variable,238,277,1,3,0238_1.jpg,0277_3.jpg,0,0.7676610946655273
cross_variable_variable,238,278,1,3,0238_1.jpg,0278_3.jpg,0,0.658446729183197
cross_variable_variable,253,5,1,3,0253_1.jpg,0005_3.jpg,0,0.6819813251495361
cross_variable_variable,253,9,1,3,0253_1.jpg,0009_3.jpg,0,0.3120953142642975
cross_variable_variable,253,10,1,3,0253_1.jpg,0010_3.jpg,0,0.5188274383544922
cross_variable_variable,253,28,1,3,0253_1.jpg,0028_3.jpg,0,0.2914430797100067
cross_variable_variable,253,32,1,3,0253_1.jpg,0032_3.jpg,0,0.6408092379570007
cross_variable_variable,253,33,1,3,0253_1.jpg,0033_3.jpg,0,0.652157723903656
cross_variable_variable,253,34,1,3,0253_1.jpg,0034_3.jpg,0,0.6936432719230652
cross_variable_variable,253,44,1,3,0253_1.jpg,0044_3.jpg,0,0.530102014541626
cross_variable_variable,253,51,1,3,0253_1.jpg,0051_3.jpg,0,0.32273927330970764
cross_variable_variable,253,54,1,3,0253_1.jpg,0054_3.jpg,0,0.6164222359657288
cross_variable_variable,253,63,1,3,0253_1.jpg,0063_3.jpg,0,0.383150577545166
cross_variable_variable,253,68,1,3,0253_1.jpg,0068_3.jpg,0,0.793482780456543
cross_variable_variable,253,69,1,3,0253_1.jpg,0069_3.jpg,0,0.48047274351119995
cross_variable_variable,253,73,1,3,0253_1.jpg,0073_3.jpg,0,0.4774029552936554
cross_variable_variable,253,95,1,3,0253_1.jpg,0095_3.jpg,0,0.7940009832382202
cross_variable_variable,253,121,1,3,0253_1.jpg,0121_3.jpg,0,0.8232089281082153
cross_variable_variable,253,128,1,3,0253_1.jpg,0128_3.jpg,0,0.36100542545318604
cross_variable_variable,253,129,1,3,0253_1.jpg,0129_3.jpg,0,0.22450406849384308
cross_variable_variable,253,131,1,3,0253_1.jpg,0131_3.jpg,0,0.48473936319351196
cross_variable_variable,253,139,1,3,0253_1.jpg,0139_3.jpg,0,0.48931819200515747
cross_variable_variable,253,144,1,3,0253_1.jpg,0144_3.jpg,0,0.4797571003437042
cross_variable_variable,253,145,1,3,0253_1.jpg,0145_3.jpg,0,0.44134289026260376
cross_variable_variable,253,150,1,3,0253_1.jpg,0150_3.jpg,0,0.541530966758728
cross_variable_variable,253,160,1,3,0253_1.jpg,0160_3.jpg,0,0.5636677742004395
cross_variable_variable,253,165,1,3,0253_1.jpg,0165_3.jpg,0,-0.05143950134515762
cross_variable_variable,253,166,1,3,0253_1.jpg,0166_3.jpg,0,0.2618396580219269
cross_variable_variable,253,170,1,3,0253_1.jpg,0170_3.jpg,0,0.1928103119134903
cross_variable_variable,253,174,1,3,0253_1.jpg,0174_3.jpg,0,0.08548183739185333
cross_variable_variable,253,176,1,3,0253_1.jpg,0176_3.jpg,0,0.08192522823810577
cross_variable_variable,253,193,1,3,0253_1.jpg,0193_3.jpg,0,0.5283384919166565
cross_variable_variable,253,202,1,3,0253_1.jpg,0202_3.jpg,0,0.7262958288192749
cross_variable_variable,253,205,1,3,0253_1.jpg,0205_3.jpg,0,0.5579046010971069
cross_variable_variable,253,210,1,3,0253_1.jpg,0210_3.jpg,0,-0.0845055803656578
cross_variable_variable,253,218,1,3,0253_1.jpg,0218_3.jpg,0,0.6392757296562195
cross_variable_variable,253,222,1,3,0253_1.jpg,0222_3.jpg,0,0.5921981930732727
cross_variable_variable,253,238,1,3,0253_1.jpg,0238_3.jpg,0,0.4298918545246124
cross_variable_variable,253,253,1,3,0253_1.jpg,0253_3.jpg,1,0.815546989440918
cross_variable_variable,253,254,1,3,0253_1.jpg,0254_3.jpg,0,0.26358509063720703
cross_variable_variable,253,257,1,3,0253_1.jpg,0257_3.jpg,0,0.25447675585746765
cross_variable_variable,253,258,1,3,0253_1.jpg,0258_3.jpg,0,0.309393972158432
cross_variable_variable,253,268,1,3,0253_1.jpg,0268_3.jpg,0,0.31737497448921204
cross_variable_variable,253,269,1,3,0253_1.jpg,0269_3.jpg,0,0.6947832703590393
cross_variable_variable,253,270,1,3,0253_1.jpg,0270_3.jpg,0,0.3589077591896057
cross_variable_variable,253,277,1,3,0253_1.jpg,0277_3.jpg,0,0.4335458278656006
cross_variable_variable,253,278,1,3,0253_1.jpg,0278_3.jpg,0,0.8721368908882141
cross_variable_variable,254,5,1,3,0254_1.jpg,0005_3.jpg,0,0.5771586894989014
cross_variable_variable,254,9,1,3,0254_1.jpg,0009_3.jpg,0,0.6820287108421326
cross_variable_variable,254,10,1,3,0254_1.jpg,0010_3.jpg,0,0.67924565076828
cross_variable_variable,254,28,1,3,0254_1.jpg,0028_3.jpg,0,0.05059485882520676
cross_variable_variable,254,32,1,3,0254_1.jpg,0032_3.jpg,0,0.42468345165252686
cross_variable_variable,254,33,1,3,0254_1.jpg,0033_3.jpg,0,0.7525097131729126
cross_variable_variable,254,34,1,3,0254_1.jpg,0034_3.jpg,0,0.46255549788475037
cross_variable_variable,254,44,1,3,0254_1.jpg,0044_3.jpg,0,0.17173200845718384
cross_variable_variable,254,51,1,3,0254_1.jpg,0051_3.jpg,0,0.6442732810974121
cross_variable_variable,254,54,1,3,0254_1.jpg,0054_3.jpg,0,0.5043423175811768
cross_variable_variable,254,63,1,3,0254_1.jpg,0063_3.jpg,0,0.4542287588119507
cross_variable_variable,254,68,1,3,0254_1.jpg,0068_3.jpg,0,0.529035747051239
cross_variable_variable,254,69,1,3,0254_1.jpg,0069_3.jpg,0,0.6503241062164307
cross_variable_variable,254,73,1,3,0254_1.jpg,0073_3.jpg,0,0.08578687906265259
cross_variable_variable,254,95,1,3,0254_1.jpg,0095_3.jpg,0,0.5826012492179871
cross_variable_variable,254,121,1,3,0254_1.jpg,0121_3.jpg,0,0.3429509401321411
cross_variable_variable,254,128,1,3,0254_1.jpg,0128_3.jpg,0,0.6882883906364441
cross_variable_variable,254,129,1,3,0254_1.jpg,0129_3.jpg,0,0.7764689922332764
cross_variable_variable,254,131,1,3,0254_1.jpg,0131_3.jpg,0,-0.12430604547262192
cross_variable_variable,254,139,1,3,0254_1.jpg,0139_3.jpg,0,0.7355775237083435
cross_variable_variable,254,144,1,3,0254_1.jpg,0144_3.jpg,0,0.8624201416969299
cross_variable_variable,254,145,1,3,0254_1.jpg,0145_3.jpg,0,0.7603034377098083
cross_variable_variable,254,150,1,3,0254_1.jpg,0150_3.jpg,0,-0.14113035798072815
cross_variable_variable,254,160,1,3,0254_1.jpg,0160_3.jpg,0,0.5876858234405518
cross_variable_variable,254,165,1,3,0254_1.jpg,0165_3.jpg,0,0.14597554504871368
cross_variable_variable,254,166,1,3,0254_1.jpg,0166_3.jpg,0,0.18104946613311768
cross_variable_variable,254,170,1,3,0254_1.jpg,0170_3.jpg,0,0.7481231093406677
cross_variable_variable,254,174,1,3,0254_1.jpg,0174_3.jpg,0,0.744013249874115
cross_variable_variable,254,176,1,3,0254_1.jpg,0176_3.jpg,0,-0.1908467411994934
cross_variable_variable,254,193,1,3,0254_1.jpg,0193_3.jpg,0,0.0181233212351799
cross_variable_variable,254,202,1,3,0254_1.jpg,0202_3.jpg,0,0.33519595861434937
cross_variable_variable,254,205,1,3,0254_1.jpg,0205_3.jpg,0,0.8346832990646362
cross_variable_variable,254,210,1,3,0254_1.jpg,0210_3.jpg,0,0.5241562128067017
cross_variable_variable,254,218,1,3,0254_1.jpg,0218_3.jpg,0,-0.13884343206882477
cross_variable_variable,254,222,1,3,0254_1.jpg,0222_3.jpg,0,0.6018840670585632
cross_variable_variable,254,238,1,3,0254_1.jpg,0238_3.jpg,0,0.2336205542087555
cross_variable_variable,254,253,1,3,0254_1.jpg,0253_3.jpg,0,0.21014848351478577
cross_variable_variable,254,254,1,3,0254_1.jpg,0254_3.jpg,1,0.921533465385437
cross_variable_variable,254,257,1,3,0254_1.jpg,0257_3.jpg,0,0.8983941078186035
cross_variable_variable,254,258,1,3,0254_1.jpg,0258_3.jpg,0,0.7150411605834961
cross_variable_variable,254,268,1,3,0254_1.jpg,0268_3.jpg,0,0.895925760269165
cross_variable_variable,254,269,1,3,0254_1.jpg,0269_3.jpg,0,0.6870220303535461
cross_variable_variable,254,270,1,3,0254_1.jpg,0270_3.jpg,0,0.8738260865211487
cross_variable_variable,254,277,1,3,0254_1.jpg,0277_3.jpg,0,0.69305819272995
cross_variable_variable,254,278,1,3,0254_1.jpg,0278_3.jpg,0,0.524815559387207
cross_variable_variable,257,5,1,3,0257_1.jpg,0005_3.jpg,0,0.47054532170295715
cross_variable_variable,257,9,1,3,0257_1.jpg,0009_3.jpg,0,0.8680135011672974
cross_variable_variable,257,10,1,3,0257_1.jpg,0010_3.jpg,0,0.579675555229187
cross_variable_variable,257,28,1,3,0257_1.jpg,0028_3.jpg,0,0.2750795781612396
cross_variable_variable,257,32,1,3,0257_1.jpg,0032_3.jpg,0,0.291785329580307
cross_variable_variable,257,33,1,3,0257_1.jpg,0033_3.jpg,0,0.49416211247444153
cross_variable_variable,257,34,1,3,0257_1.jpg,0034_3.jpg,0,0.34030020236968994
cross_variable_variable,257,44,1,3,0257_1.jpg,0044_3.jpg,0,0.1777970939874649
cross_variable_variable,257,51,1,3,0257_1.jpg,0051_3.jpg,0,0.7269800901412964
cross_variable_variable,257,54,1,3,0257_1.jpg,0054_3.jpg,0,0.39057907462120056
cross_variable_variable,257,63,1,3,0257_1.jpg,0063_3.jpg,0,0.5235830545425415
cross_variable_variable,257,68,1,3,0257_1.jpg,0068_3.jpg,0,0.3037956953048706
cross_variable_variable,257,69,1,3,0257_1.jpg,0069_3.jpg,0,0.6957623958587646
cross_variable_variable,257,73,1,3,0257_1.jpg,0073_3.jpg,0,0.20110653340816498
cross_variable_variable,257,95,1,3,0257_1.jpg,0095_3.jpg,0,0.40408068895339966
cross_variable_variable,257,121,1,3,0257_1.jpg,0121_3.jpg,0,0.11885873228311539
cross_variable_variable,257,128,1,3,0257_1.jpg,0128_3.jpg,0,0.8405485153198242
cross_variable_variable,257,129,1,3,0257_1.jpg,0129_3.jpg,0,0.8695389628410339
cross_variable_variable,257,131,1,3,0257_1.jpg,0131_3.jpg,0,-0.10206002742052078
cross_variable_variable,257,139,1,3,0257_1.jpg,0139_3.jpg,0,0.5823843479156494
cross_variable_variable,257,144,1,3,0257_1.jpg,0144_3.jpg,0,0.7687410712242126
cross_variable_variable,257,145,1,3,0257_1.jpg,0145_3.jpg,0,0.8126397728919983
cross_variable_variable,257,150,1,3,0257_1.jpg,0150_3.jpg,0,-0.047419074922800064
cross_variable_variable,257,160,1,3,0257_1.jpg,0160_3.jpg,0,0.5455933213233948
cross_variable_variable,257,165,1,3,0257_1.jpg,0165_3.jpg,0,0.5657081604003906
cross_variable_variable,257,166,1,3,0257_1.jpg,0166_3.jpg,0,0.45650067925453186
cross_variable_variable,257,170,1,3,0257_1.jpg,0170_3.jpg,0,0.8448741436004639
cross_variable_variable,257,174,1,3,0257_1.jpg,0174_3.jpg,0,0.8046296834945679
cross_variable_variable,257,176,1,3,0257_1.jpg,0176_3.jpg,0,0.08439803123474121
cross_variable_variable,257,193,1,3,0257_1.jpg,0193_3.jpg,0,-0.05939734727144241
cross_variable_variable,257,202,1,3,0257_1.jpg,0202_3.jpg,0,0.16469420492649078
cross_variable_variable,257,205,1,3,0257_1.jpg,0205_3.jpg,0,0.6259064078330994
cross_variable_variable,257,210,1,3,0257_1.jpg,0210_3.jpg,0,0.8444338440895081
cross_variable_variable,257,218,1,3,0257_1.jpg,0218_3.jpg,0,-0.19394877552986145
cross_variable_variable,257,222,1,3,0257_1.jpg,0222_3.jpg,0,0.3954766094684601
cross_variable_variable,257,238,1,3,0257_1.jpg,0238_3.jpg,0,0.34912368655204773
cross_variable_variable,257,253,1,3,0257_1.jpg,0253_3.jpg,0,0.10900551825761795
cross_variable_variable,257,254,1,3,0257_1.jpg,0254_3.jpg,0,0.8150312900543213
cross_variable_variable,257,257,1,3,0257_1.jpg,0257_3.jpg,1,0.819037675857544
cross_variable_variable,257,258,1,3,0257_1.jpg,0258_3.jpg,0,0.6749471426010132
cross_variable_variable,257,268,1,3,0257_1.jpg,0268_3.jpg,0,0.7198343873023987
cross_variable_variable,257,269,1,3,0257_1.jpg,0269_3.jpg,0,0.3573329448699951
cross_variable_variable,257,270,1,3,0257_1.jpg,0270_3.jpg,0,0.8665028214454651
cross_variable_variable,257,277,1,3,0257_1.jpg,0277_3.jpg,0,0.7046670317649841
cross_variable_variable,257,278,1,3,0257_1.jpg,0278_3.jpg,0,0.28982797265052795
cross_variable_variable,258,5,1,3,0258_1.jpg,0005_3.jpg,0,0.48557865619659424
cross_variable_variable,258,9,1,3,0258_1.jpg,0009_3.jpg,0,0.6521276235580444
cross_variable_variable,258,10,1,3,0258_1.jpg,0010_3.jpg,0,0.3451700806617737
cross_variable_variable,258,28,1,3,0258_1.jpg,0028_3.jpg,0,0.25756320357322693
cross_variable_variable,258,32,1,3,0258_1.jpg,0032_3.jpg,0,0.7846200466156006
cross_variable_variable,258,33,1,3,0258_1.jpg,0033_3.jpg,0,0.5090065598487854
cross_variable_variable,258,34,1,3,0258_1.jpg,0034_3.jpg,0,0.6556064486503601
cross_variable_variable,258,44,1,3,0258_1.jpg,0044_3.jpg,0,0.5464924573898315
cross_variable_variable,258,51,1,3,0258_1.jpg,0051_3.jpg,0,0.1568695306777954
cross_variable_variable,258,54,1,3,0258_1.jpg,0054_3.jpg,0,0.6788562536239624
cross_variable_variable,258,63,1,3,0258_1.jpg,0063_3.jpg,0,0.7374612092971802
cross_variable_variable,258,68,1,3,0258_1.jpg,0068_3.jpg,0,0.5708066821098328
cross_variable_variable,258,69,1,3,0258_1.jpg,0069_3.jpg,0,0.48652440309524536
cross_variable_variable,258,73,1,3,0258_1.jpg,0073_3.jpg,0,0.4271782636642456
cross_variable_variable,258,95,1,3,0258_1.jpg,0095_3.jpg,0,0.467853307723999
cross_variable_variable,258,121,1,3,0258_1.jpg,0121_3.jpg,0,0.5678549408912659
cross_variable_variable,258,128,1,3,0258_1.jpg,0128_3.jpg,0,0.7538185715675354
cross_variable_variable,258,129,1,3,0258_1.jpg,0129_3.jpg,0,0.48135340213775635
cross_variable_variable,258,131,1,3,0258_1.jpg,0131_3.jpg,0,0.2754102051258087
cross_variable_variable,258,139,1,3,0258_1.jpg,0139_3.jpg,0,0.14296270906925201
cross_variable_variable,258,144,1,3,0258_1.jpg,0144_3.jpg,0,0.6753886938095093
cross_variable_variable,258,145,1,3,0258_1.jpg,0145_3.jpg,0,0.3790859878063202
cross_variable_variable,258,150,1,3,0258_1.jpg,0150_3.jpg,0,0.03278933838009834
cross_variable_variable,258,160,1,3,0258_1.jpg,0160_3.jpg,0,0.8137014508247375
cross_variable_variable,258,165,1,3,0258_1.jpg,0165_3.jpg,0,0.39925652742385864
cross_variable_variable,258,166,1,3,0258_1.jpg,0166_3.jpg,0,0.14989635348320007
cross_variable_variable,258,170,1,3,0258_1.jpg,0170_3.jpg,0,0.29652369022369385
cross_variable_variable,258,174,1,3,0258_1.jpg,0174_3.jpg,0,0.6837307214736938
cross_variable_variable,258,176,1,3,0258_1.jpg,0176_3.jpg,0,0.10392836481332779
cross_variable_variable,258,193,1,3,0258_1.jpg,0193_3.jpg,0,-0.2896977961063385
cross_variable_variable,258,202,1,3,0258_1.jpg,0202_3.jpg,0,0.46513402462005615
cross_variable_variable,258,205,1,3,0258_1.jpg,0205_3.jpg,0,0.5856255292892456
cross_variable_variable,258,210,1,3,0258_1.jpg,0210_3.jpg,0,0.4568641781806946
cross_variable_variable,258,218,1,3,0258_1.jpg,0218_3.jpg,0,0.1584334373474121
cross_variable_variable,258,222,1,3,0258_1.jpg,0222_3.jpg,0,0.821150004863739
cross_variable_variable,258,238,1,3,0258_1.jpg,0238_3.jpg,0,0.6685937643051147
cross_variable_variable,258,253,1,3,0258_1.jpg,0253_3.jpg,0,0.5668200254440308
cross_variable_variable,258,254,1,3,0258_1.jpg,0254_3.jpg,0,0.5964998602867126
cross_variable_variable,258,257,1,3,0258_1.jpg,0257_3.jpg,0,0.4711017906665802
cross_variable_variable,258,258,1,3,0258_1.jpg,0258_3.jpg,1,0.9304372668266296
cross_variable_variable,258,268,1,3,0258_1.jpg,0268_3.jpg,0,0.297998309135437
cross_variable_variable,258,269,1,3,0258_1.jpg,0269_3.jpg,0,0.6062932014465332
cross_variable_variable,258,270,1,3,0258_1.jpg,0270_3.jpg,0,0.4875958561897278
cross_variable_variable,258,277,1,3,0258_1.jpg,0277_3.jpg,0,0.725633442401886
cross_variable_variable,258,278,1,3,0258_1.jpg,0278_3.jpg,0,0.5865778923034668
cross_variable_variable,268,5,1,3,0268_1.jpg,0005_3.jpg,0,0.5891568064689636
cross_variable_variable,268,9,1,3,0268_1.jpg,0009_3.jpg,0,0.44239139556884766
cross_variable_variable,268,10,1,3,0268_1.jpg,0010_3.jpg,0,0.6519991159439087
cross_variable_variable,268,28,1,3,0268_1.jpg,0028_3.jpg,0,0.044539447873830795
cross_variable_variable,268,32,1,3,0268_1.jpg,0032_3.jpg,0,0.4143529236316681
cross_variable_variable,268,33,1,3,0268_1.jpg,0033_3.jpg,0,0.7711736559867859
cross_variable_variable,268,34,1,3,0268_1.jpg,0034_3.jpg,0,0.4636099636554718
cross_variable_variable,268,44,1,3,0268_1.jpg,0044_3.jpg,0,0.16390711069107056
cross_variable_variable,268,51,1,3,0268_1.jpg,0051_3.jpg,0,0.5621117949485779
cross_variable_variable,268,54,1,3,0268_1.jpg,0054_3.jpg,0,0.47180601954460144
cross_variable_variable,268,63,1,3,0268_1.jpg,0063_3.jpg,0,0.3192320764064789
cross_variable_variable,268,68,1,3,0268_1.jpg,0068_3.jpg,0,0.6165676116943359
cross_variable_variable,268,69,1,3,0268_1.jpg,0069_3.jpg,0,0.5770581960678101
cross_variable_variable,268,73,1,3,0268_1.jpg,0073_3.jpg,0,0.11791727691888809
cross_variable_variable,268,95,1,3,0268_1.jpg,0095_3.jpg,0,0.7096518278121948
cross_variable_variable,268,121,1,3,0268_1.jpg,0121_3.jpg,0,0.35558611154556274
cross_variable_variable,268,128,1,3,0268_1.jpg,0128_3.jpg,0,0.46095266938209534
cross_variable_variable,268,129,1,3,0268_1.jpg,0129_3.jpg,0,0.5459719300270081
cross_variable_variable,268,131,1,3,0268_1.jpg,0131_3.jpg,0,-0.003078030189499259
cross_variable_variable,268,139,1,3,0268_1.jpg,0139_3.jpg,0,0.7221441268920898
cross_variable_variable,268,144,1,3,0268_1.jpg,0144_3.jpg,0,0.7048522233963013
cross_variable_variable,268,145,1,3,0268_1.jpg,0145_3.jpg,0,0.6463867425918579
cross_variable_variable,268,150,1,3,0268_1.jpg,0150_3.jpg,0,0.02521650493144989
cross_variable_variable,268,160,1,3,0268_1.jpg,0160_3.jpg,0,0.5574028491973877
cross_variable_variable,268,165,1,3,0268_1.jpg,0165_3.jpg,0,-0.05436364561319351
cross_variable_variable,268,166,1,3,0268_1.jpg,0166_3.jpg,0,0.18657992780208588
cross_variable_variable,268,170,1,3,0268_1.jpg,0170_3.jpg,0,0.5867926478385925
cross_variable_variable,268,174,1,3,0268_1.jpg,0174_3.jpg,0,0.46251705288887024
cross_variable_variable,268,176,1,3,0268_1.jpg,0176_3.jpg,0,-0.1396797001361847
cross_variable_variable,268,193,1,3,0268_1.jpg,0193_3.jpg,0,0.2633844316005707
cross_variable_variable,268,202,1,3,0268_1.jpg,0202_3.jpg,0,0.5041049718856812
cross_variable_variable,268,205,1,3,0268_1.jpg,0205_3.jpg,0,0.7841061949729919
cross_variable_variable,268,210,1,3,0268_1.jpg,0210_3.jpg,0,0.262520968914032
cross_variable_variable,268,218,1,3,0268_1.jpg,0218_3.jpg,0,0.07229084521532059
cross_variable_variable,268,222,1,3,0268_1.jpg,0222_3.jpg,0,0.49252769351005554
cross_variable_variable,268,238,1,3,0268_1.jpg,0238_3.jpg,0,0.15231426060199738
cross_variable_variable,268,253,1,3,0268_1.jpg,0253_3.jpg,0,0.3458324074745178
cross_variable_variable,268,254,1,3,0268_1.jpg,0254_3.jpg,0,0.6871112585067749
cross_variable_variable,268,257,1,3,0268_1.jpg,0257_3.jpg,0,0.7000448107719421
cross_variable_variable,268,258,1,3,0268_1.jpg,0258_3.jpg,0,0.4371373951435089
cross_variable_variable,268,268,1,3,0268_1.jpg,0268_3.jpg,1,0.7728637456893921
cross_variable_variable,268,269,1,3,0268_1.jpg,0269_3.jpg,0,0.6994882822036743
cross_variable_variable,268,270,1,3,0268_1.jpg,0270_3.jpg,0,0.7501513957977295
cross_variable_variable,268,277,1,3,0268_1.jpg,0277_3.jpg,0,0.5269818305969238
cross_variable_variable,268,278,1,3,0268_1.jpg,0278_3.jpg,0,0.6494340300559998
cross_variable_variable,269,5,1,3,0269_1.jpg,0005_3.jpg,0,0.7493510842323303
cross_variable_variable,269,9,1,3,0269_1.jpg,0009_3.jpg,0,0.8402600288391113
cross_variable_variable,269,10,1,3,0269_1.jpg,0010_3.jpg,0,0.6410248875617981
cross_variable_variable,269,28,1,3,0269_1.jpg,0028_3.jpg,0,0.44364482164382935
cross_variable_variable,269,32,1,3,0269_1.jpg,0032_3.jpg,0,0.7103981971740723
cross_variable_variable,269,33,1,3,0269_1.jpg,0033_3.jpg,0,0.7147143483161926
cross_variable_variable,269,34,1,3,0269_1.jpg,0034_3.jpg,0,0.6834731101989746
cross_variable_variable,269,44,1,3,0269_1.jpg,0044_3.jpg,0,0.5797358751296997
cross_variable_variable,269,51,1,3,0269_1.jpg,0051_3.jpg,0,0.5848848223686218
cross_variable_variable,269,54,1,3,0269_1.jpg,0054_3.jpg,0,0.7440338134765625
cross_variable_variable,269,63,1,3,0269_1.jpg,0063_3.jpg,0,0.7604288458824158
cross_variable_variable,269,68,1,3,0269_1.jpg,0068_3.jpg,0,0.6378698348999023
cross_variable_variable,269,69,1,3,0269_1.jpg,0069_3.jpg,0,0.7393858432769775
cross_variable_variable,269,73,1,3,0269_1.jpg,0073_3.jpg,0,0.4482409954071045
cross_variable_variable,269,95,1,3,0269_1.jpg,0095_3.jpg,0,0.6842964291572571
cross_variable_variable,269,121,1,3,0269_1.jpg,0121_3.jpg,0,0.636039137840271
cross_variable_variable,269,128,1,3,0269_1.jpg,0128_3.jpg,0,0.8639858365058899
cross_variable_variable,269,129,1,3,0269_1.jpg,0129_3.jpg,0,0.7426307797431946
cross_variable_variable,269,131,1,3,0269_1.jpg,0131_3.jpg,0,0.3026096820831299
cross_variable_variable,269,139,1,3,0269_1.jpg,0139_3.jpg,0,0.5860113501548767
cross_variable_variable,269,144,1,3,0269_1.jpg,0144_3.jpg,0,0.8833036422729492
cross_variable_variable,269,145,1,3,0269_1.jpg,0145_3.jpg,0,0.7191430926322937
cross_variable_variable,269,150,1,3,0269_1.jpg,0150_3.jpg,0,0.2283908873796463
cross_variable_variable,269,160,1,3,0269_1.jpg,0160_3.jpg,0,0.73651123046875
cross_variable_variable,269,165,1,3,0269_1.jpg,0165_3.jpg,0,0.4056890904903412
cross_variable_variable,269,166,1,3,0269_1.jpg,0166_3.jpg,0,0.41545286774635315
cross_variable_variable,269,170,1,3,0269_1.jpg,0170_3.jpg,0,0.6424938440322876
cross_variable_variable,269,174,1,3,0269_1.jpg,0174_3.jpg,0,0.7274538278579712
cross_variable_variable,269,176,1,3,0269_1.jpg,0176_3.jpg,0,0.16877354681491852
cross_variable_variable,269,193,1,3,0269_1.jpg,0193_3.jpg,0,0.12799446284770966
cross_variable_variable,269,202,1,3,0269_1.jpg,0202_3.jpg,0,0.5329418182373047
cross_variable_variable,269,205,1,3,0269_1.jpg,0205_3.jpg,0,0.746137797832489
cross_variable_variable,269,210,1,3,0269_1.jpg,0210_3.jpg,0,0.5922484993934631
cross_variable_variable,269,218,1,3,0269_1.jpg,0218_3.jpg,0,0.28656652569770813
cross_variable_variable,269,222,1,3,0269_1.jpg,0222_3.jpg,0,0.7702152132987976
cross_variable_variable,269,238,1,3,0269_1.jpg,0238_3.jpg,0,0.5916926264762878
cross_variable_variable,269,253,1,3,0269_1.jpg,0253_3.jpg,0,0.5943572521209717
cross_variable_variable,269,254,1,3,0269_1.jpg,0254_3.jpg,0,0.741662323474884
cross_variable_variable,269,257,1,3,0269_1.jpg,0257_3.jpg,0,0.7035049200057983
cross_variable_variable,269,258,1,3,0269_1.jpg,0258_3.jpg,0,0.8416974544525146
cross_variable_variable,269,268,1,3,0269_1.jpg,0268_3.jpg,0,0.607003927230835
cross_variable_variable,269,269,1,3,0269_1.jpg,0269_3.jpg,1,0.7186992168426514
cross_variable_variable,269,270,1,3,0269_1.jpg,0270_3.jpg,0,0.7493374943733215
cross_variable_variable,269,277,1,3,0269_1.jpg,0277_3.jpg,0,0.8833428621292114
cross_variable_variable,269,278,1,3,0269_1.jpg,0278_3.jpg,0,0.7446181178092957
cross_variable_variable,270,5,1,3,0270_1.jpg,0005_3.jpg,0,0.4743329584598541
cross_variable_variable,270,9,1,3,0270_1.jpg,0009_3.jpg,0,0.7014773488044739
cross_variable_variable,270,10,1,3,0270_1.jpg,0010_3.jpg,0,0.46838808059692383
cross_variable_variable,270,28,1,3,0270_1.jpg,0028_3.jpg,0,0.4624424874782562
cross_variable_variable,270,32,1,3,0270_1.jpg,0032_3.jpg,0,0.1201402097940445
cross_variable_variable,270,33,1,3,0270_1.jpg,0033_3.jpg,0,0.393708199262619
cross_variable_variable,270,34,1,3,0270_1.jpg,0034_3.jpg,0,0.2775600552558899
cross_variable_variable,270,44,1,3,0270_1.jpg,0044_3.jpg,0,0.28106051683425903
cross_variable_variable,270,51,1,3,0270_1.jpg,0051_3.jpg,0,0.7440195083618164
cross_variable_variable,270,54,1,3,0270_1.jpg,0054_3.jpg,0,0.3655089735984802
cross_variable_variable,270,63,1,3,0270_1.jpg,0063_3.jpg,0,0.4891261160373688
cross_variable_variable,270,68,1,3,0270_1.jpg,0068_3.jpg,0,0.21803279221057892
cross_variable_variable,270,69,1,3,0270_1.jpg,0069_3.jpg,0,0.696067750453949
cross_variable_variable,270,73,1,3,0270_1.jpg,0073_3.jpg,0,0.2612471580505371
cross_variable_variable,270,95,1,3,0270_1.jpg,0095_3.jpg,0,0.40613073110580444
cross_variable_variable,270,121,1,3,0270_1.jpg,0121_3.jpg,0,0.08260148018598557
cross_variable_variable,270,128,1,3,0270_1.jpg,0128_3.jpg,0,0.6320415139198303
cross_variable_variable,270,129,1,3,0270_1.jpg,0129_3.jpg,0,0.808919370174408
cross_variable_variable,270,131,1,3,0270_1.jpg,0131_3.jpg,0,0.13324137032032013
cross_variable_variable,270,139,1,3,0270_1.jpg,0139_3.jpg,0,0.583366870880127
cross_variable_variable,270,144,1,3,0270_1.jpg,0144_3.jpg,0,0.597854733467102
cross_variable_variable,270,145,1,3,0270_1.jpg,0145_3.jpg,0,0.6902284026145935
cross_variable_variable,270,150,1,3,0270_1.jpg,0150_3.jpg,0,0.23478128015995026
cross_variable_variable,270,160,1,3,0270_1.jpg,0160_3.jpg,0,0.315735399723053
cross_variable_variable,270,165,1,3,0270_1.jpg,0165_3.jpg,0,0.5272724628448486
cross_variable_variable,270,166,1,3,0270_1.jpg,0166_3.jpg,0,0.6647682189941406
cross_variable_variable,270,170,1,3,0270_1.jpg,0170_3.jpg,0,0.7530044317245483
cross_variable_variable,270,174,1,3,0270_1.jpg,0174_3.jpg,0,0.5054007768630981
cross_variable_variable,270,176,1,3,0270_1.jpg,0176_3.jpg,0,0.30903616547584534
cross_variable_variable,270,193,1,3,0270_1.jpg,0193_3.jpg,0,0.2631489634513855
cross_variable_variable,270,202,1,3,0270_1.jpg,0202_3.jpg,0,0.2040092796087265
cross_variable_variable,270,205,1,3,0270_1.jpg,0205_3.jpg,0,0.43904104828834534
cross_variable_variable,270,210,1,3,0270_1.jpg,0210_3.jpg,0,0.7240884900093079
cross_variable_variable,270,218,1,3,0270_1.jpg,0218_3.jpg,0,0.040818408131599426
cross_variable_variable,270,222,1,3,0270_1.jpg,0222_3.jpg,0,0.10800812393426895
cross_variable_variable,270,238,1,3,0270_1.jpg,0238_3.jpg,0,0.15158823132514954
cross_variable_variable,270,253,1,3,0270_1.jpg,0253_3.jpg,0,0.1270868182182312
cross_variable_variable,270,254,1,3,0270_1.jpg,0254_3.jpg,0,0.5157123804092407
cross_variable_variable,270,257,1,3,0270_1.jpg,0257_3.jpg,0,0.5806720852851868
cross_variable_variable,270,258,1,3,0270_1.jpg,0258_3.jpg,0,0.30453693866729736
cross_variable_variable,270,268,1,3,0270_1.jpg,0268_3.jpg,0,0.5819529891014099
cross_variable_variable,270,269,1,3,0270_1.jpg,0269_3.jpg,0,0.23686529695987701
cross_variable_variable,270,270,1,3,0270_1.jpg,0270_3.jpg,1,0.7422469258308411
cross_variable_variable,270,277,1,3,0270_1.jpg,0277_3.jpg,0,0.5567281246185303
cross_variable_variable,270,278,1,3,0270_1.jpg,0278_3.jpg,0,0.27867770195007324
cross_variable_variable,277,5,1,3,0277_1.jpg,0005_3.jpg,0,0.6692438721656799
cross_variable_variable,277,9,1,3,0277_1.jpg,0009_3.jpg,0,0.6748788356781006
cross_variable_variable,277,10,1,3,0277_1.jpg,0010_3.jpg,0,0.5967209339141846
cross_variable_variable,277,28,1,3,0277_1.jpg,0028_3.jpg,0,0.25214600563049316
cross_variable_variable,277,32,1,3,0277_1.jpg,0032_3.jpg,0,0.8494410514831543
cross_variable_variable,277,33,1,3,0277_1.jpg,0033_3.jpg,0,0.8008641600608826
cross_variable_variable,277,34,1,3,0277_1.jpg,0034_3.jpg,0,0.8174797296524048
cross_variable_variable,277,44,1,3,0277_1.jpg,0044_3.jpg,0,0.5586541295051575
cross_variable_variable,277,51,1,3,0277_1.jpg,0051_3.jpg,0,0.38858655095100403
cross_variable_variable,277,54,1,3,0277_1.jpg,0054_3.jpg,0,0.7997860908508301
cross_variable_variable,277,63,1,3,0277_1.jpg,0063_3.jpg,0,0.7627421617507935
cross_variable_variable,277,68,1,3,0277_1.jpg,0068_3.jpg,0,0.7489206790924072
cross_variable_variable,277,69,1,3,0277_1.jpg,0069_3.jpg,0,0.6565029621124268
cross_variable_variable,277,73,1,3,0277_1.jpg,0073_3.jpg,0,0.4961066246032715
cross_variable_variable,277,95,1,3,0277_1.jpg,0095_3.jpg,0,0.733814001083374
cross_variable_variable,277,121,1,3,0277_1.jpg,0121_3.jpg,0,0.7882158160209656
cross_variable_variable,277,128,1,3,0277_1.jpg,0128_3.jpg,0,0.759386420249939
cross_variable_variable,277,129,1,3,0277_1.jpg,0129_3.jpg,0,0.5726771354675293
cross_variable_variable,277,131,1,3,0277_1.jpg,0131_3.jpg,0,0.33015280961990356
cross_variable_variable,277,139,1,3,0277_1.jpg,0139_3.jpg,0,0.5107326507568359
cross_variable_variable,277,144,1,3,0277_1.jpg,0144_3.jpg,0,0.8320424556732178
cross_variable_variable,277,145,1,3,0277_1.jpg,0145_3.jpg,0,0.5657768249511719
cross_variable_variable,277,150,1,3,0277_1.jpg,0150_3.jpg,0,0.11736467480659485
cross_variable_variable,277,160,1,3,0277_1.jpg,0160_3.jpg,0,0.8316087126731873
cross_variable_variable,277,165,1,3,0277_1.jpg,0165_3.jpg,0,0.19708916544914246
cross_variable_variable,277,166,1,3,0277_1.jpg,0166_3.jpg,0,0.16603116691112518
cross_variable_variable,277,170,1,3,0277_1.jpg,0170_3.jpg,0,0.4446665644645691
cross_variable_variable,277,174,1,3,0277_1.jpg,0174_3.jpg,0,0.6565842032432556
cross_variable_variable,277,176,1,3,0277_1.jpg,0176_3.jpg,0,-0.014146839268505573
cross_variable_variable,277,193,1,3,0277_1.jpg,0193_3.jpg,0,-0.0049636331386864185
cross_variable_variable,277,202,1,3,0277_1.jpg,0202_3.jpg,0,0.6595004200935364
cross_variable_variable,277,205,1,3,0277_1.jpg,0205_3.jpg,0,0.8138959407806396
cross_variable_variable,277,210,1,3,0277_1.jpg,0210_3.jpg,0,0.32717397809028625
cross_variable_variable,277,218,1,3,0277_1.jpg,0218_3.jpg,0,0.2920115292072296
cross_variable_variable,277,222,1,3,0277_1.jpg,0222_3.jpg,0,0.925453782081604
cross_variable_variable,277,238,1,3,0277_1.jpg,0238_3.jpg,0,0.676371157169342
cross_variable_variable,277,253,1,3,0277_1.jpg,0253_3.jpg,0,0.6671873331069946
cross_variable_variable,277,254,1,3,0277_1.jpg,0254_3.jpg,0,0.7365601658821106
cross_variable_variable,277,257,1,3,0277_1.jpg,0257_3.jpg,0,0.6347134709358215
cross_variable_variable,277,258,1,3,0277_1.jpg,0258_3.jpg,0,0.8563482761383057
cross_variable_variable,277,268,1,3,0277_1.jpg,0268_3.jpg,0,0.5655975937843323
cross_variable_variable,277,269,1,3,0277_1.jpg,0269_3.jpg,0,0.8502689003944397
cross_variable_variable,277,270,1,3,0277_1.jpg,0270_3.jpg,0,0.6123042106628418
cross_variable_variable,277,277,1,3,0277_1.jpg,0277_3.jpg,1,0.8057234883308411
cross_variable_variable,277,278,1,3,0277_1.jpg,0278_3.jpg,0,0.8249585032463074
cross_variable_variable,278,5,1,3,0278_1.jpg,0005_3.jpg,0,0.545438826084137
cross_variable_variable,278,9,1,3,0278_1.jpg,0009_3.jpg,0,0.7109284400939941
cross_variable_variable,278,10,1,3,0278_1.jpg,0010_3.jpg,0,0.6517117023468018
cross_variable_variable,278,28,1,3,0278_1.jpg,0028_3.jpg,0,0.2767487168312073
cross_variable_variable,278,32,1,3,0278_1.jpg,0032_3.jpg,0,0.6938892006874084
cross_variable_variable,278,33,1,3,0278_1.jpg,0033_3.jpg,0,0.7412523627281189
cross_variable_variable,278,34,1,3,0278_1.jpg,0034_3.jpg,0,0.7619097232818604
cross_variable_variable,278,44,1,3,0278_1.jpg,0044_3.jpg,0,0.45024991035461426
cross_variable_variable,278,51,1,3,0278_1.jpg,0051_3.jpg,0,0.4733966290950775
cross_variable_variable,278,54,1,3,0278_1.jpg,0054_3.jpg,0,0.7127051949501038
cross_variable_variable,278,63,1,3,0278_1.jpg,0063_3.jpg,0,0.7482256293296814
cross_variable_variable,278,68,1,3,0278_1.jpg,0068_3.jpg,0,0.6266745924949646
cross_variable_variable,278,69,1,3,0278_1.jpg,0069_3.jpg,0,0.78335040807724
cross_variable_variable,278,73,1,3,0278_1.jpg,0073_3.jpg,0,0.39758625626564026
cross_variable_variable,278,95,1,3,0278_1.jpg,0095_3.jpg,0,0.6223573088645935
cross_variable_variable,278,121,1,3,0278_1.jpg,0121_3.jpg,0,0.5277827382087708
cross_variable_variable,278,128,1,3,0278_1.jpg,0128_3.jpg,0,0.8251736760139465
cross_variable_variable,278,129,1,3,0278_1.jpg,0129_3.jpg,0,0.7620334029197693
cross_variable_variable,278,131,1,3,0278_1.jpg,0131_3.jpg,0,0.23041421175003052
cross_variable_variable,278,139,1,3,0278_1.jpg,0139_3.jpg,0,0.5074357390403748
cross_variable_variable,278,144,1,3,0278_1.jpg,0144_3.jpg,0,0.8538952469825745
cross_variable_variable,278,145,1,3,0278_1.jpg,0145_3.jpg,0,0.615534245967865
cross_variable_variable,278,150,1,3,0278_1.jpg,0150_3.jpg,0,-0.016417883336544037
cross_variable_variable,278,160,1,3,0278_1.jpg,0160_3.jpg,0,0.7963079810142517
cross_variable_variable,278,165,1,3,0278_1.jpg,0165_3.jpg,0,0.39983436465263367
cross_variable_variable,278,166,1,3,0278_1.jpg,0166_3.jpg,0,0.2764451205730438
cross_variable_variable,278,170,1,3,0278_1.jpg,0170_3.jpg,0,0.5662022829055786
cross_variable_variable,278,174,1,3,0278_1.jpg,0174_3.jpg,0,0.8385770320892334
cross_variable_variable,278,176,1,3,0278_1.jpg,0176_3.jpg,0,0.031318482011556625
cross_variable_variable,278,193,1,3,0278_1.jpg,0193_3.jpg,0,-0.08683396875858307
cross_variable_variable,278,202,1,3,0278_1.jpg,0202_3.jpg,0,0.5814625024795532
cross_variable_variable,278,205,1,3,0278_1.jpg,0205_3.jpg,0,0.7800443768501282
cross_variable_variable,278,210,1,3,0278_1.jpg,0210_3.jpg,0,0.5739638805389404
cross_variable_variable,278,218,1,3,0278_1.jpg,0218_3.jpg,0,0.0489918515086174
cross_variable_variable,278,222,1,3,0278_1.jpg,0222_3.jpg,0,0.7639492154121399
cross_variable_variable,278,238,1,3,0278_1.jpg,0238_3.jpg,0,0.429386705160141
cross_variable_variable,278,253,1,3,0278_1.jpg,0253_3.jpg,0,0.4184180796146393
cross_variable_variable,278,254,1,3,0278_1.jpg,0254_3.jpg,0,0.8079773783683777
cross_variable_variable,278,257,1,3,0278_1.jpg,0257_3.jpg,0,0.7304646968841553
cross_variable_variable,278,258,1,3,0278_1.jpg,0258_3.jpg,0,0.8350038528442383
cross_variable_variable,278,268,1,3,0278_1.jpg,0268_3.jpg,0,0.661027193069458
cross_variable_variable,278,269,1,3,0278_1.jpg,0269_3.jpg,0,0.6905934810638428
cross_variable_variable,278,270,1,3,0278_1.jpg,0270_3.jpg,0,0.7791963815689087
cross_variable_variable,278,277,1,3,0278_1.jpg,0277_3.jpg,0,0.806451141834259
cross_variable_variable,278,278,1,3,0278_1.jpg,0278_3.jpg,1,0.6269426941871643
cross_variable_same,5,5,1,4,0005_1.jpg,0005_4.jpg,1,0.7296921610832214
cross_variable_same,5,9,1,4,0005_1.jpg,0009_4.jpg,0,0.5487846732139587
cross_variable_same,5,10,1,4,0005_1.jpg,0010_4.jpg,0,0.3007468283176422
cross_variable_same,5,28,1,4,0005_1.jpg,0028_4.jpg,0,0.41417452692985535
cross_variable_same,5,32,1,4,0005_1.jpg,0032_4.jpg,0,0.7158331871032715
cross_variable_same,5,33,1,4,0005_1.jpg,0033_4.jpg,0,0.5446495413780212
cross_variable_same,5,34,1,4,0005_1.jpg,0034_4.jpg,0,0.6947969198226929
cross_variable_same,5,44,1,4,0005_1.jpg,0044_4.jpg,0,0.5841178297996521
cross_variable_same,5,51,1,4,0005_1.jpg,0051_4.jpg,0,0.5582813620567322
cross_variable_same,5,54,1,4,0005_1.jpg,0054_4.jpg,0,0.7203900218009949
cross_variable_same,5,63,1,4,0005_1.jpg,0063_4.jpg,0,0.5913254022598267
cross_variable_same,5,68,1,4,0005_1.jpg,0068_4.jpg,0,0.7711816430091858
cross_variable_same,5,69,1,4,0005_1.jpg,0069_4.jpg,0,0.5824493169784546
cross_variable_same,5,73,1,4,0005_1.jpg,0073_4.jpg,0,0.3110632002353668
cross_variable_same,5,95,1,4,0005_1.jpg,0095_4.jpg,0,0.821086049079895
cross_variable_same,5,121,1,4,0005_1.jpg,0121_4.jpg,0,0.8397718667984009
cross_variable_same,5,128,1,4,0005_1.jpg,0128_4.jpg,0,0.6169161200523376
cross_variable_same,5,129,1,4,0005_1.jpg,0129_4.jpg,0,0.3324737548828125
cross_variable_same,5,131,1,4,0005_1.jpg,0131_4.jpg,0,0.45747366547584534
cross_variable_same,5,139,1,4,0005_1.jpg,0139_4.jpg,0,0.4945988953113556
cross_variable_same,5,144,1,4,0005_1.jpg,0144_4.jpg,0,0.7717901468276978
cross_variable_same,5,145,1,4,0005_1.jpg,0145_4.jpg,0,0.37886637449264526
cross_variable_same,5,150,1,4,0005_1.jpg,0150_4.jpg,0,0.4426235258579254
cross_variable_same,5,160,1,4,0005_1.jpg,0160_4.jpg,0,0.3856011927127838
cross_variable_same,5,165,1,4,0005_1.jpg,0165_4.jpg,0,0.2736941874027252
cross_variable_same,5,166,1,4,0005_1.jpg,0166_4.jpg,0,0.3993469178676605
cross_variable_same,5,170,1,4,0005_1.jpg,0170_4.jpg,0,0.23215250670909882
cross_variable_same,5,174,1,4,0005_1.jpg,0174_4.jpg,0,0.3714066743850708
cross_variable_same,5,176,1,4,0005_1.jpg,0176_4.jpg,0,0.42048951983451843
cross_variable_same,5,193,1,4,0005_1.jpg,0193_4.jpg,0,0.24477428197860718
cross_variable_same,5,202,1,4,0005_1.jpg,0202_4.jpg,0,0.7126345038414001
cross_variable_same,5,205,1,4,0005_1.jpg,0205_4.jpg,0,0.5673612952232361
cross_variable_same,5,210,1,4,0005_1.jpg,0210_4.jpg,0,0.3785395622253418
cross_variable_same,5,218,1,4,0005_1.jpg,0218_4.jpg,0,0.7411782741546631
cross_variable_same,5,222,1,4,0005_1.jpg,0222_4.jpg,0,0.7400469779968262
cross_variable_same,5,238,1,4,0005_1.jpg,0238_4.jpg,0,0.7236810326576233
cross_variable_same,5,253,1,4,0005_1.jpg,0253_4.jpg,0,0.5857967138290405
cross_variable_same,5,254,1,4,0005_1.jpg,0254_4.jpg,0,0.4831521511077881
cross_variable_same,5,257,1,4,0005_1.jpg,0257_4.jpg,0,0.4901987314224243
cross_variable_same,5,258,1,4,0005_1.jpg,0258_4.jpg,0,0.65648353099823
cross_variable_same,5,268,1,4,0005_1.jpg,0268_4.jpg,0,0.5289233326911926
cross_variable_same,5,269,1,4,0005_1.jpg,0269_4.jpg,0,0.8168196678161621
cross_variable_same,5,270,1,4,0005_1.jpg,0270_4.jpg,0,0.45235541462898254
cross_variable_same,5,277,1,4,0005_1.jpg,0277_4.jpg,0,0.6495448350906372
cross_variable_same,5,278,1,4,0005_1.jpg,0278_4.jpg,0,0.7313609719276428
cross_variable_same,9,5,1,4,0009_1.jpg,0005_4.jpg,0,0.7858144044876099
cross_variable_same,9,9,1,4,0009_1.jpg,0009_4.jpg,1,0.7806091904640198
cross_variable_same,9,10,1,4,0009_1.jpg,0010_4.jpg,0,0.27051281929016113
cross_variable_same,9,28,1,4,0009_1.jpg,0028_4.jpg,0,0.4396069049835205
cross_variable_same,9,32,1,4,0009_1.jpg,0032_4.jpg,0,0.7211888432502747
cross_variable_same,9,33,1,4,0009_1.jpg,0033_4.jpg,0,0.7795131802558899
cross_variable_same,9,34,1,4,0009_1.jpg,0034_4.jpg,0,0.5288715958595276
cross_variable_same,9,44,1,4,0009_1.jpg,0044_4.jpg,0,0.3801407814025879
cross_variable_same,9,51,1,4,0009_1.jpg,0051_4.jpg,0,0.8735764622688293
cross_variable_same,9,54,1,4,0009_1.jpg,0054_4.jpg,0,0.6488440036773682
cross_variable_same,9,63,1,4,0009_1.jpg,0063_4.jpg,0,0.8040931224822998
cross_variable_same,9,68,1,4,0009_1.jpg,0068_4.jpg,0,0.6893569827079773
cross_variable_same,9,69,1,4,0009_1.jpg,0069_4.jpg,0,0.7823176383972168
cross_variable_same,9,73,1,4,0009_1.jpg,0073_4.jpg,0,0.4145307242870331
cross_variable_same,9,95,1,4,0009_1.jpg,0095_4.jpg,0,0.6138100624084473
cross_variable_same,9,121,1,4,0009_1.jpg,0121_4.jpg,0,0.5731972455978394
cross_variable_same,9,128,1,4,0009_1.jpg,0128_4.jpg,0,0.8622311353683472
cross_variable_same,9,129,1,4,0009_1.jpg,0129_4.jpg,0,0.7505783438682556
cross_variable_same,9,131,1,4,0009_1.jpg,0131_4.jpg,0,0.46323081851005554
cross_variable_same,9,139,1,4,0009_1.jpg,0139_4.jpg,0,0.7304564714431763
cross_variable_same,9,144,1,4,0009_1.jpg,0144_4.jpg,0,0.8459874987602234
cross_variable_same,9,145,1,4,0009_1.jpg,0145_4.jpg,0,0.5367932319641113
cross_variable_same,9,150,1,4,0009_1.jpg,0150_4.jpg,0,0.2420155555009842
cross_variable_same,9,160,1,4,0009_1.jpg,0160_4.jpg,0,0.7287363409996033
cross_variable_same,9,165,1,4,0009_1.jpg,0165_4.jpg,0,0.5624756813049316
cross_variable_same,9,166,1,4,0009_1.jpg,0166_4.jpg,0,0.48427435755729675
cross_variable_same,9,170,1,4,0009_1.jpg,0170_4.jpg,0,0.6942141652107239
cross_variable_same,9,174,1,4,0009_1.jpg,0174_4.jpg,0,0.7668052911758423
cross_variable_same,9,176,1,4,0009_1.jpg,0176_4.jpg,0,0.43256527185440063
cross_variable_same,9,193,1,4,0009_1.jpg,0193_4.jpg,0,0.03218613564968109
cross_variable_same,9,202,1,4,0009_1.jpg,0202_4.jpg,0,0.4602905809879303
cross_variable_same,9,205,1,4,0009_1.jpg,0205_4.jpg,0,0.8363507986068726
cross_variable_same,9,210,1,4,0009_1.jpg,0210_4.jpg,0,0.6488333940505981
cross_variable_same,9,218,1,4,0009_1.jpg,0218_4.jpg,0,0.39163804054260254
cross_variable_same,9,222,1,4,0009_1.jpg,0222_4.jpg,0,0.7454208135604858
cross_variable_same,9,238,1,4,0009_1.jpg,0238_4.jpg,0,0.7563714981079102
cross_variable_same,9,253,1,4,0009_1.jpg,0253_4.jpg,0,0.5315816402435303
cross_variable_same,9,254,1,4,0009_1.jpg,0254_4.jpg,0,0.7126827239990234
cross_variable_same,9,257,1,4,0009_1.jpg,0257_4.jpg,0,0.7480785250663757
cross_variable_same,9,258,1,4,0009_1.jpg,0258_4.jpg,0,0.742121160030365
cross_variable_same,9,268,1,4,0009_1.jpg,0268_4.jpg,0,0.663392186164856
cross_variable_same,9,269,1,4,0009_1.jpg,0269_4.jpg,0,0.7682207226753235
cross_variable_same,9,270,1,4,0009_1.jpg,0270_4.jpg,0,0.7173593640327454
cross_variable_same,9,277,1,4,0009_1.jpg,0277_4.jpg,0,0.8672836422920227
cross_variable_same,9,278,1,4,0009_1.jpg,0278_4.jpg,0,0.797528862953186
cross_variable_same,10,5,1,4,0010_1.jpg,0005_4.jpg,0,0.31833916902542114
cross_variable_same,10,9,1,4,0010_1.jpg,0009_4.jpg,0,0.313367635011673
cross_variable_same,10,10,1,4,0010_1.jpg,0010_4.jpg,1,0.6559097766876221
cross_variable_same,10,28,1,4,0010_1.jpg,0028_4.jpg,0,0.6368767023086548
cross_variable_same,10,32,1,4,0010_1.jpg,0032_4.jpg,0,0.26373395323753357
cross_variable_same,10,33,1,4,0010_1.jpg,0033_4.jpg,0,0.30183544754981995
cross_variable_same,10,34,1,4,0010_1.jpg,0034_4.jpg,0,0.23643217980861664
cross_variable_same,10,44,1,4,0010_1.jpg,0044_4.jpg,0,0.6263347864151001
cross_variable_same,10,51,1,4,0010_1.jpg,0051_4.jpg,0,0.5115817189216614
cross_variable_same,10,54,1,4,0010_1.jpg,0054_4.jpg,0,0.49658840894699097
cross_variable_same,10,63,1,4,0010_1.jpg,0063_4.jpg,0,0.15855978429317474
cross_variable_same,10,68,1,4,0010_1.jpg,0068_4.jpg,0,0.5778970122337341
cross_variable_same,10,69,1,4,0010_1.jpg,0069_4.jpg,0,0.33535757660865784
cross_variable_same,10,73,1,4,0010_1.jpg,0073_4.jpg,0,0.7299808859825134
cross_variable_same,10,95,1,4,0010_1.jpg,0095_4.jpg,0,0.4868691861629486
cross_variable_same,10,121,1,4,0010_1.jpg,0121_4.jpg,0,0.29405197501182556
cross_variable_same,10,128,1,4,0010_1.jpg,0128_4.jpg,0,0.1949305385351181
cross_variable_same,10,129,1,4,0010_1.jpg,0129_4.jpg,0,0.1736704707145691
cross_variable_same,10,131,1,4,0010_1.jpg,0131_4.jpg,0,0.6168094873428345
cross_variable_same,10,139,1,4,0010_1.jpg,0139_4.jpg,0,0.3131762146949768
cross_variable_same,10,144,1,4,0010_1.jpg,0144_4.jpg,0,0.23832106590270996
cross_variable_same,10,145,1,4,0010_1.jpg,0145_4.jpg,0,0.5157855749130249
cross_variable_same,10,150,1,4,0010_1.jpg,0150_4.jpg,0,0.6692003607749939
cross_variable_same,10,160,1,4,0010_1.jpg,0160_4.jpg,0,0.4080926477909088
cross_variable_same,10,165,1,4,0010_1.jpg,0165_4.jpg,0,0.30316129326820374
cross_variable_same,10,166,1,4,0010_1.jpg,0166_4.jpg,0,0.5666384100914001
cross_variable_same,10,170,1,4,0010_1.jpg,0170_4.jpg,0,0.25506100058555603
cross_variable_same,10,174,1,4,0010_1.jpg,0174_4.jpg,0,-0.026172541081905365
cross_variable_same,10,176,1,4,0010_1.jpg,0176_4.jpg,0,0.6267830729484558
cross_variable_same,10,193,1,4,0010_1.jpg,0193_4.jpg,0,0.7026494145393372
cross_variable_same,10,202,1,4,0010_1.jpg,0202_4.jpg,0,0.40548497438430786
cross_variable_same,10,205,1,4,0010_1.jpg,0205_4.jpg,0,0.20047587156295776
cross_variable_same,10,210,1,4,0010_1.jpg,0210_4.jpg,0,0.359635591506958
cross_variable_same,10,218,1,4,0010_1.jpg,0218_4.jpg,0,0.5693463087081909
cross_variable_same,10,222,1,4,0010_1.jpg,0222_4.jpg,0,0.0493277832865715
cross_variable_same,10,238,1,4,0010_1.jpg,0238_4.jpg,0,0.14742277562618256
cross_variable_same,10,253,1,4,0010_1.jpg,0253_4.jpg,0,0.5286980867385864
cross_variable_same,10,254,1,4,0010_1.jpg,0254_4.jpg,0,-0.04426974803209305
cross_variable_same,10,257,1,4,0010_1.jpg,0257_4.jpg,0,0.054639771580696106
cross_variable_same,10,258,1,4,0010_1.jpg,0258_4.jpg,0,-0.05394821614027023
cross_variable_same,10,268,1,4,0010_1.jpg,0268_4.jpg,0,0.1696913242340088
cross_variable_same,10,269,1,4,0010_1.jpg,0269_4.jpg,0,0.21993979811668396
cross_variable_same,10,270,1,4,0010_1.jpg,0270_4.jpg,0,0.26822343468666077
cross_variable_same,10,277,1,4,0010_1.jpg,0277_4.jpg,0,0.36949610710144043
cross_variable_same,10,278,1,4,0010_1.jpg,0278_4.jpg,0,0.2445618361234665
cross_variable_same,28,5,1,4,0028_1.jpg,0005_4.jpg,0,0.5507709383964539
cross_variable_same,28,9,1,4,0028_1.jpg,0009_4.jpg,0,0.5564767122268677
cross_variable_same,28,10,1,4,0028_1.jpg,0010_4.jpg,0,0.4730510711669922
cross_variable_same,28,28,1,4,0028_1.jpg,0028_4.jpg,1,0.7820093035697937
cross_variable_same,28,32,1,4,0028_1.jpg,0032_4.jpg,0,0.5145368576049805
cross_variable_same,28,33,1,4,0028_1.jpg,0033_4.jpg,0,0.464155375957489
cross_variable_same,28,34,1,4,0028_1.jpg,0034_4.jpg,0,0.4629421830177307
cross_variable_same,28,44,1,4,0028_1.jpg,0044_4.jpg,0,0.7622675895690918
cross_variable_same,28,51,1,4,0028_1.jpg,0051_4.jpg,0,0.6981598138809204
cross_variable_same,28,54,1,4,0028_1.jpg,0054_4.jpg,0,0.6984100937843323
cross_variable_same,28,63,1,4,0028_1.jpg,0063_4.jpg,0,0.46128228306770325
cross_variable_same,28,68,1,4,0028_1.jpg,0068_4.jpg,0,0.6925141215324402
cross_variable_same,28,69,1,4,0028_1.jpg,0069_4.jpg,0,0.4334765672683716
cross_variable_same,28,73,1,4,0028_1.jpg,0073_4.jpg,0,0.7397786974906921
cross_variable_same,28,95,1,4,0028_1.jpg,0095_4.jpg,0,0.5668190717697144
cross_variable_same,28,121,1,4,0028_1.jpg,0121_4.jpg,0,0.496481329202652
cross_variable_same,28,128,1,4,0028_1.jpg,0128_4.jpg,0,0.43154287338256836
cross_variable_same,28,129,1,4,0028_1.jpg,0129_4.jpg,0,0.29194554686546326
cross_variable_same,28,131,1,4,0028_1.jpg,0131_4.jpg,0,0.8044507503509521
cross_variable_same,28,139,1,4,0028_1.jpg,0139_4.jpg,0,0.28449466824531555
cross_variable_same,28,144,1,4,0028_1.jpg,0144_4.jpg,0,0.41083192825317383
cross_variable_same,28,145,1,4,0028_1.jpg,0145_4.jpg,0,0.47507402300834656
cross_variable_same,28,150,1,4,0028_1.jpg,0150_4.jpg,0,0.7931026816368103
cross_variable_same,28,160,1,4,0028_1.jpg,0160_4.jpg,0,0.6189568042755127
cross_variable_same,28,165,1,4,0028_1.jpg,0165_4.jpg,0,0.5748389363288879
cross_variable_same,28,166,1,4,0028_1.jpg,0166_4.jpg,0,0.8214613199234009
cross_variable_same,28,170,1,4,0028_1.jpg,0170_4.jpg,0,0.2729411721229553
cross_variable_same,28,174,1,4,0028_1.jpg,0174_4.jpg,0,0.11205410212278366
cross_variable_same,28,176,1,4,0028_1.jpg,0176_4.jpg,0,0.7912813425064087
cross_variable_same,28,193,1,4,0028_1.jpg,0193_4.jpg,0,0.580838143825531
cross_variable_same,28,202,1,4,0028_1.jpg,0202_4.jpg,0,0.5275242924690247
cross_variable_same,28,205,1,4,0028_1.jpg,0205_4.jpg,0,0.3361291289329529
cross_variable_same,28,210,1,4,0028_1.jpg,0210_4.jpg,0,0.5272254347801208
cross_variable_same,28,218,1,4,0028_1.jpg,0218_4.jpg,0,0.6049506068229675
cross_variable_same,28,222,1,4,0028_1.jpg,0222_4.jpg,0,0.24415302276611328
cross_variable_same,28,238,1,4,0028_1.jpg,0238_4.jpg,0,0.2648330330848694
cross_variable_same,28,253,1,4,0028_1.jpg,0253_4.jpg,0,0.7465204000473022
cross_variable_same,28,254,1,4,0028_1.jpg,0254_4.jpg,0,0.0629175528883934
cross_variable_same,28,257,1,4,0028_1.jpg,0257_4.jpg,0,0.16232995688915253
cross_variable_same,28,258,1,4,0028_1.jpg,0258_4.jpg,0,0.13583798706531525
cross_variable_same,28,268,1,4,0028_1.jpg,0268_4.jpg,0,0.21148207783699036
cross_variable_same,28,269,1,4,0028_1.jpg,0269_4.jpg,0,0.380159854888916
cross_variable_same,28,270,1,4,0028_1.jpg,0270_4.jpg,0,0.324334979057312
cross_variable_same,28,277,1,4,0028_1.jpg,0277_4.jpg,0,0.5881089568138123
cross_variable_same,28,278,1,4,0028_1.jpg,0278_4.jpg,0,0.4368116855621338
cross_variable_same,32,5,1,4,0032_1.jpg,0005_4.jpg,0,0.5380012392997742
cross_variable_same,32,9,1,4,0032_1.jpg,0009_4.jpg,0,0.6692574620246887
cross_variable_same,32,10,1,4,0032_1.jpg,0010_4.jpg,0,0.17437347769737244
cross_variable_same,32,28,1,4,0032_1.jpg,0028_4.jpg,0,0.7281017303466797
cross_variable_same,32,32,1,4,0032_1.jpg,0032_4.jpg,1,0.8688632845878601
cross_variable_same,32,33,1,4,0032_1.jpg,0033_4.jpg,0,0.26322266459465027
cross_variable_same,32,34,1,4,0032_1.jpg,0034_4.jpg,0,0.8111730813980103
cross_variable_same,32,44,1,4,0032_1.jpg,0044_4.jpg,0,0.7865974307060242
cross_variable_same,32,51,1,4,0032_1.jpg,0051_4.jpg,0,0.4361421465873718
cross_variable_same,32,54,1,4,0032_1.jpg,0054_4.jpg,0,0.858913779258728
cross_variable_same,32,63,1,4,0032_1.jpg,0063_4.jpg,0,0.5915769338607788
cross_variable_same,32,68,1,4,0032_1.jpg,0068_4.jpg,0,0.6467990875244141
cross_variable_same,32,69,1,4,0032_1.jpg,0069_4.jpg,0,0.30575114488601685
cross_variable_same,32,73,1,4,0032_1.jpg,0073_4.jpg,0,0.35141950845718384
cross_variable_same,32,95,1,4,0032_1.jpg,0095_4.jpg,0,0.6933515071868896
cross_variable_same,32,121,1,4,0032_1.jpg,0121_4.jpg,0,0.6932284832000732
cross_variable_same,32,128,1,4,0032_1.jpg,0128_4.jpg,0,0.5095834732055664
cross_variable_same,32,129,1,4,0032_1.jpg,0129_4.jpg,0,0.03966245427727699
cross_variable_same,32,131,1,4,0032_1.jpg,0131_4.jpg,0,0.7510711550712585
cross_variable_same,32,139,1,4,0032_1.jpg,0139_4.jpg,0,0.12549541890621185
cross_variable_same,32,144,1,4,0032_1.jpg,0144_4.jpg,0,0.5918897390365601
cross_variable_same,32,145,1,4,0032_1.jpg,0145_4.jpg,0,0.10066940635442734
cross_variable_same,32,150,1,4,0032_1.jpg,0150_4.jpg,0,0.7054896354675293
cross_variable_same,32,160,1,4,0032_1.jpg,0160_4.jpg,0,0.5020273923873901
cross_variable_same,32,165,1,4,0032_1.jpg,0165_4.jpg,0,0.5297045111656189
cross_variable_same,32,166,1,4,0032_1.jpg,0166_4.jpg,0,0.6551928520202637
cross_variable_same,32,170,1,4,0032_1.jpg,0170_4.jpg,0,0.014657433144748211
cross_variable_same,32,174,1,4,0032_1.jpg,0174_4.jpg,0,0.16348116099834442
cross_variable_same,32,176,1,4,0032_1.jpg,0176_4.jpg,0,0.744821310043335
cross_variable_same,32,193,1,4,0032_1.jpg,0193_4.jpg,0,0.24343834817409515
cross_variable_same,32,202,1,4,0032_1.jpg,0202_4.jpg,0,0.7856895923614502
cross_variable_same,32,205,1,4,0032_1.jpg,0205_4.jpg,0,0.3297787010669708
cross_variable_same,32,210,1,4,0032_1.jpg,0210_4.jpg,0,0.5544241666793823
cross_variable_same,32,218,1,4,0032_1.jpg,0218_4.jpg,0,0.7643387913703918
cross_variable_same,32,222,1,4,0032_1.jpg,0222_4.jpg,0,0.5349282026290894
cross_variable_same,32,238,1,4,0032_1.jpg,0238_4.jpg,0,0.6075177192687988
cross_variable_same,32,253,1,4,0032_1.jpg,0253_4.jpg,0,0.8224325180053711
cross_variable_same,32,254,1,4,0032_1.jpg,0254_4.jpg,0,0.15042760968208313
cross_variable_same,32,257,1,4,0032_1.jpg,0257_4.jpg,0,0.15477249026298523
cross_variable_same,32,258,1,4,0032_1.jpg,0258_4.jpg,0,0.5385011434555054
cross_variable_same,32,268,1,4,0032_1.jpg,0268_4.jpg,0,0.1708395928144455
cross_variable_same,32,269,1,4,0032_1.jpg,0269_4.jpg,0,0.5789351463317871
cross_variable_same,32,270,1,4,0032_1.jpg,0270_4.jpg,0,0.23819001019001007
cross_variable_same,32,277,1,4,0032_1.jpg,0277_4.jpg,0,0.6817405223846436
cross_variable_same,32,278,1,4,0032_1.jpg,0278_4.jpg,0,0.6718085408210754
cross_variable_same,33,5,1,4,0033_1.jpg,0005_4.jpg,0,0.8196813464164734
cross_variable_same,33,9,1,4,0033_1.jpg,0009_4.jpg,0,0.6919117569923401
cross_variable_same,33,10,1,4,0033_1.jpg,0010_4.jpg,0,0.07165882736444473
cross_variable_same,33,28,1,4,0033_1.jpg,0028_4.jpg,0,0.2070818394422531
cross_variable_same,33,32,1,4,0033_1.jpg,0032_4.jpg,0,0.7216699719429016
cross_variable_same,33,33,1,4,0033_1.jpg,0033_4.jpg,1,0.8125965595245361
cross_variable_same,33,34,1,4,0033_1.jpg,0034_4.jpg,0,0.6048812866210938
cross_variable_same,33,44,1,4,0033_1.jpg,0044_4.jpg,0,0.2676266133785248
cross_variable_same,33,51,1,4,0033_1.jpg,0051_4.jpg,0,0.7285445332527161
cross_variable_same,33,54,1,4,0033_1.jpg,0054_4.jpg,0,0.5750858783721924
cross_variable_same,33,63,1,4,0033_1.jpg,0063_4.jpg,0,0.8563753366470337
cross_variable_same,33,68,1,4,0033_1.jpg,0068_4.jpg,0,0.6171201467514038
cross_variable_same,33,69,1,4,0033_1.jpg,0069_4.jpg,0,0.7904696464538574
cross_variable_same,33,73,1,4,0033_1.jpg,0073_4.jpg,0,0.1838691383600235
cross_variable_same,33,95,1,4,0033_1.jpg,0095_4.jpg,0,0.6155377626419067
cross_variable_same,33,121,1,4,0033_1.jpg,0121_4.jpg,0,0.6276870965957642
cross_variable_same,33,128,1,4,0033_1.jpg,0128_4.jpg,0,0.9094659090042114
cross_variable_same,33,129,1,4,0033_1.jpg,0129_4.jpg,0,0.7658581733703613
cross_variable_same,33,131,1,4,0033_1.jpg,0131_4.jpg,0,0.30465513467788696
cross_variable_same,33,139,1,4,0033_1.jpg,0139_4.jpg,0,0.6891146898269653
cross_variable_same,33,144,1,4,0033_1.jpg,0144_4.jpg,0,0.932170569896698
cross_variable_same,33,145,1,4,0033_1.jpg,0145_4.jpg,0,0.3648875951766968
cross_variable_same,33,150,1,4,0033_1.jpg,0150_4.jpg,0,0.04356148838996887
cross_variable_same,33,160,1,4,0033_1.jpg,0160_4.jpg,0,0.5777413845062256
cross_variable_same,33,165,1,4,0033_1.jpg,0165_4.jpg,0,0.4720019996166229
cross_variable_same,33,166,1,4,0033_1.jpg,0166_4.jpg,0,0.30892282724380493
cross_variable_same,33,170,1,4,0033_1.jpg,0170_4.jpg,0,0.6382278203964233
cross_variable_same,33,174,1,4,0033_1.jpg,0174_4.jpg,0,0.8554840087890625
cross_variable_same,33,176,1,4,0033_1.jpg,0176_4.jpg,0,0.258290559053421
cross_variable_same,33,193,1,4,0033_1.jpg,0193_4.jpg,0,-0.20788100361824036
cross_variable_same,33,202,1,4,0033_1.jpg,0202_4.jpg,0,0.44437888264656067
cross_variable_same,33,205,1,4,0033_1.jpg,0205_4.jpg,0,0.8587911128997803
cross_variable_same,33,210,1,4,0033_1.jpg,0210_4.jpg,0,0.4910382926464081
cross_variable_same,33,218,1,4,0033_1.jpg,0218_4.jpg,0,0.3135567903518677
cross_variable_same,33,222,1,4,0033_1.jpg,0222_4.jpg,0,0.8737714290618896
cross_variable_same,33,238,1,4,0033_1.jpg,0238_4.jpg,0,0.8173395991325378
cross_variable_same,33,253,1,4,0033_1.jpg,0253_4.jpg,0,0.3660939037799835
cross_variable_same,33,254,1,4,0033_1.jpg,0254_4.jpg,0,0.8542888760566711
cross_variable_same,33,257,1,4,0033_1.jpg,0257_4.jpg,0,0.8604970574378967
cross_variable_same,33,258,1,4,0033_1.jpg,0258_4.jpg,0,0.8800901770591736
cross_variable_same,33,268,1,4,0033_1.jpg,0268_4.jpg,0,0.7280237078666687
cross_variable_same,33,269,1,4,0033_1.jpg,0269_4.jpg,0,0.8461818695068359
cross_variable_same,33,270,1,4,0033_1.jpg,0270_4.jpg,0,0.7768175005912781
cross_variable_same,33,277,1,4,0033_1.jpg,0277_4.jpg,0,0.830527126789093
cross_variable_same,33,278,1,4,0033_1.jpg,0278_4.jpg,0,0.8332181572914124
cross_variable_same,34,5,1,4,0034_1.jpg,0005_4.jpg,0,0.7271642088890076
cross_variable_same,34,9,1,4,0034_1.jpg,0009_4.jpg,0,0.7527928948402405
cross_variable_same,34,10,1,4,0034_1.jpg,0010_4.jpg,0,-0.08480681478977203
cross_variable_same,34,28,1,4,0034_1.jpg,0028_4.jpg,0,0.5066078901290894
cross_variable_same,34,32,1,4,0034_1.jpg,0032_4.jpg,0,0.8608271479606628
cross_variable_same,34,33,1,4,0034_1.jpg,0033_4.jpg,0,0.5362162590026855
cross_variable_same,34,34,1,4,0034_1.jpg,0034_4.jpg,1,0.8497616648674011
cross_variable_same,34,44,1,4,0034_1.jpg,0044_4.jpg,0,0.6070511937141418
cross_variable_same,34,51,1,4,0034_1.jpg,0051_4.jpg,0,0.5804390907287598
cross_variable_same,34,54,1,4,0034_1.jpg,0054_4.jpg,0,0.8095628619194031
cross_variable_same,34,63,1,4,0034_1.jpg,0063_4.jpg,0,0.8010145425796509
cross_variable_same,34,68,1,4,0034_1.jpg,0068_4.jpg,0,0.6249069571495056
cross_variable_same,34,69,1,4,0034_1.jpg,0069_4.jpg,0,0.5150837302207947
cross_variable_same,34,73,1,4,0034_1.jpg,0073_4.jpg,0,0.1575699746608734
cross_variable_same,34,95,1,4,0034_1.jpg,0095_4.jpg,0,0.6645793318748474
cross_variable_same,34,121,1,4,0034_1.jpg,0121_4.jpg,0,0.7707984447479248
cross_variable_same,34,128,1,4,0034_1.jpg,0128_4.jpg,0,0.7310706377029419
cross_variable_same,34,129,1,4,0034_1.jpg,0129_4.jpg,0,0.30946022272109985
cross_variable_same,34,131,1,4,0034_1.jpg,0131_4.jpg,0,0.6325753927230835
cross_variable_same,34,139,1,4,0034_1.jpg,0139_4.jpg,0,0.24049876630306244
cross_variable_same,34,144,1,4,0034_1.jpg,0144_4.jpg,0,0.7545508742332458
cross_variable_same,34,145,1,4,0034_1.jpg,0145_4.jpg,0,0.12490756809711456
cross_variable_same,34,150,1,4,0034_1.jpg,0150_4.jpg,0,0.4574998617172241
cross_variable_same,34,160,1,4,0034_1.jpg,0160_4.jpg,0,0.5264042615890503
cross_variable_same,34,165,1,4,0034_1.jpg,0165_4.jpg,0,0.5651469230651855
cross_variable_same,34,166,1,4,0034_1.jpg,0166_4.jpg,0,0.6155514121055603
cross_variable_same,34,170,1,4,0034_1.jpg,0170_4.jpg,0,0.14157795906066895
cross_variable_same,34,174,1,4,0034_1.jpg,0174_4.jpg,0,0.4601897597312927
cross_variable_same,34,176,1,4,0034_1.jpg,0176_4.jpg,0,0.5334060192108154
cross_variable_same,34,193,1,4,0034_1.jpg,0193_4.jpg,0,-0.08012162148952484
cross_variable_same,34,202,1,4,0034_1.jpg,0202_4.jpg,0,0.6388615369796753
cross_variable_same,34,205,1,4,0034_1.jpg,0205_4.jpg,0,0.5425113439559937
cross_variable_same,34,210,1,4,0034_1.jpg,0210_4.jpg,0,0.5543047189712524
cross_variable_same,34,218,1,4,0034_1.jpg,0218_4.jpg,0,0.5427592992782593
cross_variable_same,34,222,1,4,0034_1.jpg,0222_4.jpg,0,0.7633810639381409
cross_variable_same,34,238,1,4,0034_1.jpg,0238_4.jpg,0,0.6889186501502991
cross_variable_same,34,253,1,4,0034_1.jpg,0253_4.jpg,0,0.6852411031723022
cross_variable_same,34,254,1,4,0034_1.jpg,0254_4.jpg,0,0.4530285894870758
cross_variable_same,34,257,1,4,0034_1.jpg,0257_4.jpg,0,0.4798007011413574
cross_variable_same,34,258,1,4,0034_1.jpg,0258_4.jpg,0,0.7093812823295593
cross_variable_same,34,268,1,4,0034_1.jpg,0268_4.jpg,0,0.3624214828014374
cross_variable_same,34,269,1,4,0034_1.jpg,0269_4.jpg,0,0.7454850077629089
cross_variable_same,34,270,1,4,0034_1.jpg,0270_4.jpg,0,0.40747079253196716
cross_variable_same,34,277,1,4,0034_1.jpg,0277_4.jpg,0,0.7572799324989319
cross_variable_same,34,278,1,4,0034_1.jpg,0278_4.jpg,0,0.7814730405807495
cross_variable_same,44,5,1,4,0044_1.jpg,0005_4.jpg,0,0.6451192498207092
cross_variable_same,44,9,1,4,0044_1.jpg,0009_4.jpg,0,0.7991499900817871
cross_variable_same,44,10,1,4,0044_1.jpg,0010_4.jpg,0,-0.12830647826194763
cross_variable_same,44,28,1,4,0044_1.jpg,0028_4.jpg,0,0.6522282958030701
cross_variable_same,44,32,1,4,0044_1.jpg,0032_4.jpg,0,0.9285756349563599
cross_variable_same,44,33,1,4,0044_1.jpg,0033_4.jpg,0,0.37394583225250244
cross_variable_same,44,34,1,4,0044_1.jpg,0034_4.jpg,0,0.828892707824707
cross_variable_same,44,44,1,4,0044_1.jpg,0044_4.jpg,1,0.6606451272964478
cross_variable_same,44,51,1,4,0044_1.jpg,0051_4.jpg,0,0.5028598308563232
cross_variable_same,44,54,1,4,0044_1.jpg,0054_4.jpg,0,0.8935973644256592
cross_variable_same,44,63,1,4,0044_1.jpg,0063_4.jpg,0,0.7872816324234009
cross_variable_same,44,68,1,4,0044_1.jpg,0068_4.jpg,0,0.48153141140937805
cross_variable_same,44,69,1,4,0044_1.jpg,0069_4.jpg,0,0.3485659062862396
cross_variable_same,44,73,1,4,0044_1.jpg,0073_4.jpg,0,0.11867763847112656
cross_variable_same,44,95,1,4,0044_1.jpg,0095_4.jpg,0,0.584990382194519
cross_variable_same,44,121,1,4,0044_1.jpg,0121_4.jpg,0,0.6550673246383667
cross_variable_same,44,128,1,4,0044_1.jpg,0128_4.jpg,0,0.6615452170372009
cross_variable_same,44,129,1,4,0044_1.jpg,0129_4.jpg,0,0.1825498640537262
cross_variable_same,44,131,1,4,0044_1.jpg,0131_4.jpg,0,0.7456623911857605
cross_variable_same,44,139,1,4,0044_1.jpg,0139_4.jpg,0,0.08533310145139694
cross_variable_same,44,144,1,4,0044_1.jpg,0144_4.jpg,0,0.6504769325256348
cross_variable_same,44,145,1,4,0044_1.jpg,0145_4.jpg,0,-0.03204823285341263
cross_variable_same,44,150,1,4,0044_1.jpg,0150_4.jpg,0,0.5229897499084473
cross_variable_same,44,160,1,4,0044_1.jpg,0160_4.jpg,0,0.5600467920303345
cross_variable_same,44,165,1,4,0044_1.jpg,0165_4.jpg,0,0.7060566544532776
cross_variable_same,44,166,1,4,0044_1.jpg,0166_4.jpg,0,0.7038789987564087
cross_variable_same,44,170,1,4,0044_1.jpg,0170_4.jpg,0,0.07763194292783737
cross_variable_same,44,174,1,4,0044_1.jpg,0174_4.jpg,0,0.40491554141044617
cross_variable_same,44,176,1,4,0044_1.jpg,0176_4.jpg,0,0.6456566452980042
cross_variable_same,44,193,1,4,0044_1.jpg,0193_4.jpg,0,-0.11738583445549011
cross_variable_same,44,202,1,4,0044_1.jpg,0202_4.jpg,0,0.6272545456886292
cross_variable_same,44,205,1,4,0044_1.jpg,0205_4.jpg,0,0.38990312814712524
cross_variable_same,44,210,1,4,0044_1.jpg,0210_4.jpg,0,0.689689576625824
cross_variable_same,44,218,1,4,0044_1.jpg,0218_4.jpg,0,0.5152888298034668
cross_variable_same,44,222,1,4,0044_1.jpg,0222_4.jpg,0,0.637904703617096
cross_variable_same,44,238,1,4,0044_1.jpg,0238_4.jpg,0,0.6359497308731079
cross_variable_same,44,253,1,4,0044_1.jpg,0253_4.jpg,0,0.7500779032707214
cross_variable_same,44,254,1,4,0044_1.jpg,0254_4.jpg,0,0.2998974621295929
cross_variable_same,44,257,1,4,0044_1.jpg,0257_4.jpg,0,0.3280464708805084
cross_variable_same,44,258,1,4,0044_1.jpg,0258_4.jpg,0,0.6559056639671326
cross_variable_same,44,268,1,4,0044_1.jpg,0268_4.jpg,0,0.13914404809474945
cross_variable_same,44,269,1,4,0044_1.jpg,0269_4.jpg,0,0.6142280697822571
cross_variable_same,44,270,1,4,0044_1.jpg,0270_4.jpg,0,0.29434895515441895
cross_variable_same,44,277,1,4,0044_1.jpg,0277_4.jpg,0,0.7462962865829468
cross_variable_same,44,278,1,4,0044_1.jpg,0278_4.jpg,0,0.7419209480285645
cross_variable_same,51,5,1,4,0051_1.jpg,0005_4.jpg,0,0.448079913854599
cross_variable_same,51,9,1,4,0051_1.jpg,0009_4.jpg,0,0.6346759796142578
cross_variable_same,51,10,1,4,0051_1.jpg,0010_4.jpg,0,0.3868303894996643
cross_variable_same,51,28,1,4,0051_1.jpg,0028_4.jpg,0,0.6372483968734741
cross_variable_same,51,32,1,4,0051_1.jpg,0032_4.jpg,0,0.26887062191963196
cross_variable_same,51,33,1,4,0051_1.jpg,0033_4.jpg,0,0.5029578804969788
cross_variable_same,51,34,1,4,0051_1.jpg,0034_4.jpg,0,0.151459738612175
cross_variable_same,51,44,1,4,0051_1.jpg,0044_4.jpg,0,0.29811328649520874
cross_variable_same,51,51,1,4,0051_1.jpg,0051_4.jpg,1,0.822323739528656
cross_variable_same,51,54,1,4,0051_1.jpg,0054_4.jpg,0,0.44797250628471375
cross_variable_same,51,63,1,4,0051_1.jpg,0063_4.jpg,0,0.4068714678287506
cross_variable_same,51,68,1,4,0051_1.jpg,0068_4.jpg,0,0.5078812837600708
cross_variable_same,51,69,1,4,0051_1.jpg,0069_4.jpg,0,0.4378598928451538
cross_variable_same,51,73,1,4,0051_1.jpg,0073_4.jpg,0,0.682788074016571
cross_variable_same,51,95,1,4,0051_1.jpg,0095_4.jpg,0,0.15425565838813782
cross_variable_same,51,121,1,4,0051_1.jpg,0121_4.jpg,0,0.061738189309835434
cross_variable_same,51,128,1,4,0051_1.jpg,0128_4.jpg,0,0.46591717004776
cross_variable_same,51,129,1,4,0051_1.jpg,0129_4.jpg,0,0.5682553648948669
cross_variable_same,51,131,1,4,0051_1.jpg,0131_4.jpg,0,0.5751882791519165
cross_variable_same,51,139,1,4,0051_1.jpg,0139_4.jpg,0,0.39147159457206726
cross_variable_same,51,144,1,4,0051_1.jpg,0144_4.jpg,0,0.20147544145584106
cross_variable_same,51,145,1,4,0051_1.jpg,0145_4.jpg,0,0.6852446794509888
cross_variable_same,51,150,1,4,0051_1.jpg,0150_4.jpg,0,0.40004852414131165
cross_variable_same,51,160,1,4,0051_1.jpg,0160_4.jpg,0,0.8563480377197266
cross_variable_same,51,165,1,4,0051_1.jpg,0165_4.jpg,0,0.6891655921936035
cross_variable_same,51,166,1,4,0051_1.jpg,0166_4.jpg,0,0.6793861389160156
cross_variable_same,51,170,1,4,0051_1.jpg,0170_4.jpg,0,0.6632773280143738
cross_variable_same,51,174,1,4,0051_1.jpg,0174_4.jpg,0,0.40257853269577026
cross_variable_same,51,176,1,4,0051_1.jpg,0176_4.jpg,0,0.5412869453430176
cross_variable_same,51,193,1,4,0051_1.jpg,0193_4.jpg,0,0.29542306065559387
cross_variable_same,51,202,1,4,0051_1.jpg,0202_4.jpg,0,-0.010399751365184784
cross_variable_same,51,205,1,4,0051_1.jpg,0205_4.jpg,0,0.4224297106266022
cross_variable_same,51,210,1,4,0051_1.jpg,0210_4.jpg,0,0.7111284732818604
cross_variable_same,51,218,1,4,0051_1.jpg,0218_4.jpg,0,0.04511793702840805
cross_variable_same,51,222,1,4,0051_1.jpg,0222_4.jpg,0,0.11120512336492538
cross_variable_same,51,238,1,4,0051_1.jpg,0238_4.jpg,0,0.1810920387506485
cross_variable_same,51,253,1,4,0051_1.jpg,0253_4.jpg,0,0.5572087168693542
cross_variable_same,51,254,1,4,0051_1.jpg,0254_4.jpg,0,0.22015433013439178
cross_variable_same,51,257,1,4,0051_1.jpg,0257_4.jpg,0,0.29725879430770874
cross_variable_same,51,258,1,4,0051_1.jpg,0258_4.jpg,0,0.06527191400527954
cross_variable_same,51,268,1,4,0051_1.jpg,0268_4.jpg,0,0.25854963064193726
cross_variable_same,51,269,1,4,0051_1.jpg,0269_4.jpg,0,0.09422515332698822
cross_variable_same,51,270,1,4,0051_1.jpg,0270_4.jpg,0,0.4406932592391968
cross_variable_same,51,277,1,4,0051_1.jpg,0277_4.jpg,0,0.557989776134491
cross_variable_same,51,278,1,4,0051_1.jpg,0278_4.jpg,0,0.3596557378768921
cross_variable_same,54,5,1,4,0054_1.jpg,0005_4.jpg,0,0.5890688896179199
cross_variable_same,54,9,1,4,0054_1.jpg,0009_4.jpg,0,0.5221865773200989
cross_variable_same,54,10,1,4,0054_1.jpg,0010_4.jpg,0,0.19439953565597534
cross_variable_same,54,28,1,4,0054_1.jpg,0028_4.jpg,0,0.4846912622451782
cross_variable_same,54,32,1,4,0054_1.jpg,0032_4.jpg,0,0.7192115783691406
cross_variable_same,54,33,1,4,0054_1.jpg,0033_4.jpg,0,0.4675803780555725
cross_variable_same,54,34,1,4,0054_1.jpg,0034_4.jpg,0,0.8391095399856567
cross_variable_same,54,44,1,4,0054_1.jpg,0044_4.jpg,0,0.7843858599662781
cross_variable_same,54,51,1,4,0054_1.jpg,0051_4.jpg,0,0.4437589645385742
cross_variable_same,54,54,1,4,0054_1.jpg,0054_4.jpg,1,0.7175444960594177
cross_variable_same,54,63,1,4,0054_1.jpg,0063_4.jpg,0,0.5840135812759399
cross_variable_same,54,68,1,4,0054_1.jpg,0068_4.jpg,0,0.7263228297233582
cross_variable_same,54,69,1,4,0054_1.jpg,0069_4.jpg,0,0.4876179099082947
cross_variable_same,54,73,1,4,0054_1.jpg,0073_4.jpg,0,0.42074134945869446
cross_variable_same,54,95,1,4,0054_1.jpg,0095_4.jpg,0,0.77094566822052
cross_variable_same,54,121,1,4,0054_1.jpg,0121_4.jpg,0,0.754966676235199
cross_variable_same,54,128,1,4,0054_1.jpg,0128_4.jpg,0,0.5005505084991455
cross_variable_same,54,129,1,4,0054_1.jpg,0129_4.jpg,0,0.1611730456352234
cross_variable_same,54,131,1,4,0054_1.jpg,0131_4.jpg,0,0.6527083516120911
cross_variable_same,54,139,1,4,0054_1.jpg,0139_4.jpg,0,0.2025757133960724
cross_variable_same,54,144,1,4,0054_1.jpg,0144_4.jpg,0,0.6550290584564209
cross_variable_same,54,145,1,4,0054_1.jpg,0145_4.jpg,0,0.15242494642734528
cross_variable_same,54,150,1,4,0054_1.jpg,0150_4.jpg,0,0.6065331101417542
cross_variable_same,54,160,1,4,0054_1.jpg,0160_4.jpg,0,0.3184375464916229
cross_variable_same,54,165,1,4,0054_1.jpg,0165_4.jpg,0,0.3699646592140198
cross_variable_same,54,166,1,4,0054_1.jpg,0166_4.jpg,0,0.5713167190551758
cross_variable_same,54,170,1,4,0054_1.jpg,0170_4.jpg,0,0.03975503146648407
cross_variable_same,54,174,1,4,0054_1.jpg,0174_4.jpg,0,0.1853719800710678
cross_variable_same,54,176,1,4,0054_1.jpg,0176_4.jpg,0,0.6048216819763184
cross_variable_same,54,193,1,4,0054_1.jpg,0193_4.jpg,0,0.28955724835395813
cross_variable_same,54,202,1,4,0054_1.jpg,0202_4.jpg,0,0.8121283650398254
cross_variable_same,54,205,1,4,0054_1.jpg,0205_4.jpg,0,0.41235238313674927
cross_variable_same,54,210,1,4,0054_1.jpg,0210_4.jpg,0,0.30219653248786926
cross_variable_same,54,218,1,4,0054_1.jpg,0218_4.jpg,0,0.7510671019554138
cross_variable_same,54,222,1,4,0054_1.jpg,0222_4.jpg,0,0.6275874376296997
cross_variable_same,54,238,1,4,0054_1.jpg,0238_4.jpg,0,0.5755256414413452
cross_variable_same,54,253,1,4,0054_1.jpg,0253_4.jpg,0,0.6139578819274902
cross_variable_same,54,254,1,4,0054_1.jpg,0254_4.jpg,0,0.2640182375907898
cross_variable_same,54,257,1,4,0054_1.jpg,0257_4.jpg,0,0.3209931254386902
cross_variable_same,54,258,1,4,0054_1.jpg,0258_4.jpg,0,0.4935389459133148
cross_variable_same,54,268,1,4,0054_1.jpg,0268_4.jpg,0,0.3299084007740021
cross_variable_same,54,269,1,4,0054_1.jpg,0269_4.jpg,0,0.6503188014030457
cross_variable_same,54,270,1,4,0054_1.jpg,0270_4.jpg,0,0.4123246669769287
cross_variable_same,54,277,1,4,0054_1.jpg,0277_4.jpg,0,0.644820511341095
cross_variable_same,54,278,1,4,0054_1.jpg,0278_4.jpg,0,0.6666973233222961
cross_variable_same,63,5,1,4,0063_1.jpg,0005_4.jpg,0,0.6737768650054932
cross_variable_same,63,9,1,4,0063_1.jpg,0009_4.jpg,0,0.6692405939102173
cross_variable_same,63,10,1,4,0063_1.jpg,0010_4.jpg,0,-0.23981577157974243
cross_variable_same,63,28,1,4,0063_1.jpg,0028_4.jpg,0,0.121315136551857
cross_variable_same,63,32,1,4,0063_1.jpg,0032_4.jpg,0,0.7605835199356079
cross_variable_same,63,33,1,4,0063_1.jpg,0033_4.jpg,0,0.6550095081329346
cross_variable_same,63,34,1,4,0063_1.jpg,0034_4.jpg,0,0.7024751305580139
cross_variable_same,63,44,1,4,0063_1.jpg,0044_4.jpg,0,0.19253528118133545
cross_variable_same,63,51,1,4,0063_1.jpg,0051_4.jpg,0,0.5059225559234619
cross_variable_same,63,54,1,4,0063_1.jpg,0054_4.jpg,0,0.5023418068885803
cross_variable_same,63,63,1,4,0063_1.jpg,0063_4.jpg,1,0.8912563920021057
cross_variable_same,63,68,1,4,0063_1.jpg,0068_4.jpg,0,0.4430408179759979
cross_variable_same,63,69,1,4,0063_1.jpg,0069_4.jpg,0,0.6249855756759644
cross_variable_same,63,73,1,4,0063_1.jpg,0073_4.jpg,0,-0.03951176255941391
cross_variable_same,63,95,1,4,0063_1.jpg,0095_4.jpg,0,0.4666231572628021
cross_variable_same,63,121,1,4,0063_1.jpg,0121_4.jpg,0,0.48664185404777527
cross_variable_same,63,128,1,4,0063_1.jpg,0128_4.jpg,0,0.86034095287323
cross_variable_same,63,129,1,4,0063_1.jpg,0129_4.jpg,0,0.5930944681167603
cross_variable_same,63,131,1,4,0063_1.jpg,0131_4.jpg,0,0.2688872218132019
cross_variable_same,63,139,1,4,0063_1.jpg,0139_4.jpg,0,0.4271739721298218
cross_variable_same,63,144,1,4,0063_1.jpg,0144_4.jpg,0,0.806577742099762
cross_variable_same,63,145,1,4,0063_1.jpg,0145_4.jpg,0,0.05577606335282326
cross_variable_same,63,150,1,4,0063_1.jpg,0150_4.jpg,0,-0.06278114020824432
cross_variable_same,63,160,1,4,0063_1.jpg,0160_4.jpg,0,0.47807618975639343
cross_variable_same,63,165,1,4,0063_1.jpg,0165_4.jpg,0,0.5390703082084656
cross_variable_same,63,166,1,4,0063_1.jpg,0166_4.jpg,0,0.26501551270484924
cross_variable_same,63,170,1,4,0063_1.jpg,0170_4.jpg,0,0.4300993084907532
cross_variable_same,63,174,1,4,0063_1.jpg,0174_4.jpg,0,0.8042169213294983
cross_variable_same,63,176,1,4,0063_1.jpg,0176_4.jpg,0,0.19248905777931213
cross_variable_same,63,193,1,4,0063_1.jpg,0193_4.jpg,0,-0.4488278031349182
cross_variable_same,63,202,1,4,0063_1.jpg,0202_4.jpg,0,0.45457205176353455
cross_variable_same,63,205,1,4,0063_1.jpg,0205_4.jpg,0,0.7432450652122498
cross_variable_same,63,210,1,4,0063_1.jpg,0210_4.jpg,0,0.47542229294776917
cross_variable_same,63,218,1,4,0063_1.jpg,0218_4.jpg,0,0.156424418091774
cross_variable_same,63,222,1,4,0063_1.jpg,0222_4.jpg,0,0.8607295155525208
cross_variable_same,63,238,1,4,0063_1.jpg,0238_4.jpg,0,0.7661566138267517
cross_variable_same,63,253,1,4,0063_1.jpg,0253_4.jpg,0,0.3097365200519562
cross_variable_same,63,254,1,4,0063_1.jpg,0254_4.jpg,0,0.7774232029914856
cross_variable_same,63,257,1,4,0063_1.jpg,0257_4.jpg,0,0.7465231418609619
cross_variable_same,63,258,1,4,0063_1.jpg,0258_4.jpg,0,0.899415910243988
cross_variable_same,63,268,1,4,0063_1.jpg,0268_4.jpg,0,0.5633957386016846
cross_variable_same,63,269,1,4,0063_1.jpg,0269_4.jpg,0,0.7145702838897705
cross_variable_same,63,270,1,4,0063_1.jpg,0270_4.jpg,0,0.6545240879058838
cross_variable_same,63,277,1,4,0063_1.jpg,0277_4.jpg,0,0.7578982710838318
cross_variable_same,63,278,1,4,0063_1.jpg,0278_4.jpg,0,0.8444739580154419
cross_variable_same,68,5,1,4,0068_1.jpg,0005_4.jpg,0,0.7812192440032959
cross_variable_same,68,9,1,4,0068_1.jpg,0009_4.jpg,0,0.6392609477043152
cross_variable_same,68,10,1,4,0068_1.jpg,0010_4.jpg,0,0.2807117700576782
cross_variable_same,68,28,1,4,0068_1.jpg,0028_4.jpg,0,0.44640228152275085
cross_variable_same,68,32,1,4,0068_1.jpg,0032_4.jpg,0,0.6678018569946289
cross_variable_same,68,33,1,4,0068_1.jpg,0033_4.jpg,0,0.733680784702301
cross_variable_same,68,34,1,4,0068_1.jpg,0034_4.jpg,0,0.6840941309928894
cross_variable_same,68,44,1,4,0068_1.jpg,0044_4.jpg,0,0.5379348397254944
cross_variable_same,68,51,1,4,0068_1.jpg,0051_4.jpg,0,0.7138060331344604
cross_variable_same,68,54,1,4,0068_1.jpg,0054_4.jpg,0,0.737295925617218
cross_variable_same,68,63,1,4,0068_1.jpg,0063_4.jpg,0,0.6827384829521179
cross_variable_same,68,68,1,4,0068_1.jpg,0068_4.jpg,1,0.7889816761016846
cross_variable_same,68,69,1,4,0068_1.jpg,0069_4.jpg,0,0.6778742074966431
cross_variable_same,68,73,1,4,0068_1.jpg,0073_4.jpg,0,0.4041348695755005
cross_variable_same,68,95,1,4,0068_1.jpg,0095_4.jpg,0,0.7690553069114685
cross_variable_same,68,121,1,4,0068_1.jpg,0121_4.jpg,0,0.7356148958206177
cross_variable_same,68,128,1,4,0068_1.jpg,0128_4.jpg,0,0.7167780995368958
cross_variable_same,68,129,1,4,0068_1.jpg,0129_4.jpg,0,0.49723729491233826
cross_variable_same,68,131,1,4,0068_1.jpg,0131_4.jpg,0,0.5598654747009277
cross_variable_same,68,139,1,4,0068_1.jpg,0139_4.jpg,0,0.5293725728988647
cross_variable_same,68,144,1,4,0068_1.jpg,0144_4.jpg,0,0.7452576160430908
cross_variable_same,68,145,1,4,0068_1.jpg,0145_4.jpg,0,0.4910587668418884
cross_variable_same,68,150,1,4,0068_1.jpg,0150_4.jpg,0,0.3797987401485443
cross_variable_same,68,160,1,4,0068_1.jpg,0160_4.jpg,0,0.5360510349273682
cross_variable_same,68,165,1,4,0068_1.jpg,0165_4.jpg,0,0.44302862882614136
cross_variable_same,68,166,1,4,0068_1.jpg,0166_4.jpg,0,0.5462306141853333
cross_variable_same,68,170,1,4,0068_1.jpg,0170_4.jpg,0,0.4125783145427704
cross_variable_same,68,174,1,4,0068_1.jpg,0174_4.jpg,0,0.5263881683349609
cross_variable_same,68,176,1,4,0068_1.jpg,0176_4.jpg,0,0.39917588233947754
cross_variable_same,68,193,1,4,0068_1.jpg,0193_4.jpg,0,0.17113910615444183
cross_variable_same,68,202,1,4,0068_1.jpg,0202_4.jpg,0,0.5034639835357666
cross_variable_same,68,205,1,4,0068_1.jpg,0205_4.jpg,0,0.6653464436531067
cross_variable_same,68,210,1,4,0068_1.jpg,0210_4.jpg,0,0.4735156297683716
cross_variable_same,68,218,1,4,0068_1.jpg,0218_4.jpg,0,0.5624602437019348
cross_variable_same,68,222,1,4,0068_1.jpg,0222_4.jpg,0,0.7069854140281677
cross_variable_same,68,238,1,4,0068_1.jpg,0238_4.jpg,0,0.6230061650276184
cross_variable_same,68,253,1,4,0068_1.jpg,0253_4.jpg,0,0.5901037454605103
cross_variable_same,68,254,1,4,0068_1.jpg,0254_4.jpg,0,0.5673965811729431
cross_variable_same,68,257,1,4,0068_1.jpg,0257_4.jpg,0,0.6168108582496643
cross_variable_same,68,258,1,4,0068_1.jpg,0258_4.jpg,0,0.5916872024536133
cross_variable_same,68,268,1,4,0068_1.jpg,0268_4.jpg,0,0.5547009706497192
cross_variable_same,68,269,1,4,0068_1.jpg,0269_4.jpg,0,0.7170665264129639
cross_variable_same,68,270,1,4,0068_1.jpg,0270_4.jpg,0,0.5978940725326538
cross_variable_same,68,277,1,4,0068_1.jpg,0277_4.jpg,0,0.6916257739067078
cross_variable_same,68,278,1,4,0068_1.jpg,0278_4.jpg,0,0.7905913591384888
cross_variable_same,69,5,1,4,0069_1.jpg,0005_4.jpg,0,0.5015308260917664
cross_variable_same,69,9,1,4,0069_1.jpg,0009_4.jpg,0,0.5265539288520813
cross_variable_same,69,10,1,4,0069_1.jpg,0010_4.jpg,0,0.486522376537323
cross_variable_same,69,28,1,4,0069_1.jpg,0028_4.jpg,0,0.7562158703804016
cross_variable_same,69,32,1,4,0069_1.jpg,0032_4.jpg,0,0.6224163770675659
cross_variable_same,69,33,1,4,0069_1.jpg,0033_4.jpg,0,0.30935096740722656
cross_variable_same,69,34,1,4,0069_1.jpg,0034_4.jpg,0,0.5970373749732971
cross_variable_same,69,44,1,4,0069_1.jpg,0044_4.jpg,0,0.8475292921066284
cross_variable_same,69,51,1,4,0069_1.jpg,0051_4.jpg,0,0.5320109724998474
cross_variable_same,69,54,1,4,0069_1.jpg,0054_4.jpg,0,0.7910118699073792
cross_variable_same,69,63,1,4,0069_1.jpg,0063_4.jpg,0,0.378422349691391
cross_variable_same,69,68,1,4,0069_1.jpg,0068_4.jpg,0,0.7040565013885498
cross_variable_same,69,69,1,4,0069_1.jpg,0069_4.jpg,1,0.363754540681839
cross_variable_same,69,73,1,4,0069_1.jpg,0073_4.jpg,0,0.5967555046081543
cross_variable_same,69,95,1,4,0069_1.jpg,0095_4.jpg,0,0.7401478886604309
cross_variable_same,69,121,1,4,0069_1.jpg,0121_4.jpg,0,0.6835572123527527
cross_variable_same,69,128,1,4,0069_1.jpg,0128_4.jpg,0,0.34283342957496643
cross_variable_same,69,129,1,4,0069_1.jpg,0129_4.jpg,0,0.08598259836435318
cross_variable_same,69,131,1,4,0069_1.jpg,0131_4.jpg,0,0.7644343376159668
cross_variable_same,69,139,1,4,0069_1.jpg,0139_4.jpg,0,0.2322532683610916
cross_variable_same,69,144,1,4,0069_1.jpg,0144_4.jpg,0,0.49064019322395325
cross_variable_same,69,145,1,4,0069_1.jpg,0145_4.jpg,0,0.3747704029083252
cross_variable_same,69,150,1,4,0069_1.jpg,0150_4.jpg,0,0.836821973323822
cross_variable_same,69,160,1,4,0069_1.jpg,0160_4.jpg,0,0.42399734258651733
cross_variable_same,69,165,1,4,0069_1.jpg,0165_4.jpg,0,0.3823365867137909
cross_variable_same,69,166,1,4,0069_1.jpg,0166_4.jpg,0,0.6751800179481506
cross_variable_same,69,170,1,4,0069_1.jpg,0170_4.jpg,0,0.05045666918158531
cross_variable_same,69,174,1,4,0069_1.jpg,0174_4.jpg,0,-0.0016163052059710026
cross_variable_same,69,176,1,4,0069_1.jpg,0176_4.jpg,0,0.7517969012260437
cross_variable_same,69,193,1,4,0069_1.jpg,0193_4.jpg,0,0.5955739617347717
cross_variable_same,69,202,1,4,0069_1.jpg,0202_4.jpg,0,0.7338234782218933
cross_variable_same,69,205,1,4,0069_1.jpg,0205_4.jpg,0,0.25229740142822266
cross_variable_same,69,210,1,4,0069_1.jpg,0210_4.jpg,0,0.4428028166294098
cross_variable_same,69,218,1,4,0069_1.jpg,0218_4.jpg,0,0.8500135540962219
cross_variable_same,69,222,1,4,0069_1.jpg,0222_4.jpg,0,0.3340688645839691
cross_variable_same,69,238,1,4,0069_1.jpg,0238_4.jpg,0,0.43281447887420654
cross_variable_same,69,253,1,4,0069_1.jpg,0253_4.jpg,0,0.7667985558509827
cross_variable_same,69,254,1,4,0069_1.jpg,0254_4.jpg,0,0.022933900356292725
cross_variable_same,69,257,1,4,0069_1.jpg,0257_4.jpg,0,0.11146321147680283
cross_variable_same,69,258,1,4,0069_1.jpg,0258_4.jpg,0,0.2481209635734558
cross_variable_same,69,268,1,4,0069_1.jpg,0268_4.jpg,0,0.16763335466384888
cross_variable_same,69,269,1,4,0069_1.jpg,0269_4.jpg,0,0.525737464427948
cross_variable_same,69,270,1,4,0069_1.jpg,0270_4.jpg,0,0.23563829064369202
cross_variable_same,69,277,1,4,0069_1.jpg,0277_4.jpg,0,0.5643115639686584
cross_variable_same,69,278,1,4,0069_1.jpg,0278_4.jpg,0,0.47551336884498596
cross_variable_same,73,5,1,4,0073_1.jpg,0005_4.jpg,0,0.12156850099563599
cross_variable_same,73,9,1,4,0073_1.jpg,0009_4.jpg,0,0.37899550795555115
cross_variable_same,73,10,1,4,0073_1.jpg,0010_4.jpg,0,0.2821030616760254
cross_variable_same,73,28,1,4,0073_1.jpg,0028_4.jpg,0,0.41071411967277527
cross_variable_same,73,32,1,4,0073_1.jpg,0032_4.jpg,0,0.08590615540742874
cross_variable_same,73,33,1,4,0073_1.jpg,0033_4.jpg,0,0.3686330020427704
cross_variable_same,73,34,1,4,0073_1.jpg,0034_4.jpg,0,0.04842998459935188
cross_variable_same,73,44,1,4,0073_1.jpg,0044_4.jpg,0,0.19348925352096558
cross_variable_same,73,51,1,4,0073_1.jpg,0051_4.jpg,0,0.5694587230682373
cross_variable_same,73,54,1,4,0073_1.jpg,0054_4.jpg,0,0.12235081195831299
cross_variable_same,73,63,1,4,0073_1.jpg,0063_4.jpg,0,0.240628182888031
cross_variable_same,73,68,1,4,0073_1.jpg,0068_4.jpg,0,0.3447224795818329
cross_variable_same,73,69,1,4,0073_1.jpg,0069_4.jpg,0,0.3385249078273773
cross_variable_same,73,73,1,4,0073_1.jpg,0073_4.jpg,1,0.7138890027999878
cross_variable_same,73,95,1,4,0073_1.jpg,0095_4.jpg,0,-0.010536755435168743
cross_variable_same,73,121,1,4,0073_1.jpg,0121_4.jpg,0,-0.22368265688419342
cross_variable_same,73,128,1,4,0073_1.jpg,0128_4.jpg,0,0.23574146628379822
cross_variable_same,73,129,1,4,0073_1.jpg,0129_4.jpg,0,0.4418352544307709
cross_variable_same,73,131,1,4,0073_1.jpg,0131_4.jpg,0,0.39447054266929626
cross_variable_same,73,139,1,4,0073_1.jpg,0139_4.jpg,0,0.24320948123931885
cross_variable_same,73,144,1,4,0073_1.jpg,0144_4.jpg,0,0.0006298469961620867
cross_variable_same,73,145,1,4,0073_1.jpg,0145_4.jpg,0,0.5086098313331604
cross_variable_same,73,150,1,4,0073_1.jpg,0150_4.jpg,0,0.2724708914756775
cross_variable_same,73,160,1,4,0073_1.jpg,0160_4.jpg,0,0.5640221834182739
cross_variable_same,73,165,1,4,0073_1.jpg,0165_4.jpg,0,0.5261411070823669
cross_variable_same,73,166,1,4,0073_1.jpg,0166_4.jpg,0,0.5201910138130188
cross_variable_same,73,170,1,4,0073_1.jpg,0170_4.jpg,0,0.49479392170906067
cross_variable_same,73,174,1,4,0073_1.jpg,0174_4.jpg,0,0.21729432046413422
cross_variable_same,73,176,1,4,0073_1.jpg,0176_4.jpg,0,0.40955477952957153
cross_variable_same,73,193,1,4,0073_1.jpg,0193_4.jpg,0,0.32724082469940186
cross_variable_same,73,202,1,4,0073_1.jpg,0202_4.jpg,0,0.023891683667898178
cross_variable_same,73,205,1,4,0073_1.jpg,0205_4.jpg,0,0.30265727639198303
cross_variable_same,73,210,1,4,0073_1.jpg,0210_4.jpg,0,0.42538097500801086
cross_variable_same,73,218,1,4,0073_1.jpg,0218_4.jpg,0,-0.10016968101263046
cross_variable_same,73,222,1,4,0073_1.jpg,0222_4.jpg,0,-0.06701929122209549
cross_variable_same,73,238,1,4,0073_1.jpg,0238_4.jpg,0,-0.04637693241238594
cross_variable_same,73,253,1,4,0073_1.jpg,0253_4.jpg,0,0.2739636301994324
cross_variable_same,73,254,1,4,0073_1.jpg,0254_4.jpg,0,0.07044034451246262
cross_variable_same,73,257,1,4,0073_1.jpg,0257_4.jpg,0,0.14310172200202942
cross_variable_same,73,258,1,4,0073_1.jpg,0258_4.jpg,0,-0.1330379992723465
cross_variable_same,73,268,1,4,0073_1.jpg,0268_4.jpg,0,0.15377391874790192
cross_variable_same,73,269,1,4,0073_1.jpg,0269_4.jpg,0,-0.15104927122592926
cross_variable_same,73,270,1,4,0073_1.jpg,0270_4.jpg,0,0.37931230664253235
cross_variable_same,73,277,1,4,0073_1.jpg,0277_4.jpg,0,0.38028228282928467
cross_variable_same,73,278,1,4,0073_1.jpg,0278_4.jpg,0,0.21555615961551666
cross_variable_same,95,5,1,4,0095_1.jpg,0005_4.jpg,0,0.7656351327896118
cross_variable_same,95,9,1,4,0095_1.jpg,0009_4.jpg,0,0.652603030204773
cross_variable_same,95,10,1,4,0095_1.jpg,0010_4.jpg,0,0.16257597506046295
cross_variable_same,95,28,1,4,0095_1.jpg,0028_4.jpg,0,0.2567302882671356
cross_variable_same,95,32,1,4,0095_1.jpg,0032_4.jpg,0,0.6511189937591553
cross_variable_same,95,33,1,4,0095_1.jpg,0033_4.jpg,0,0.8369025588035583
cross_variable_same,95,34,1,4,0095_1.jpg,0034_4.jpg,0,0.5798327922821045
cross_variable_same,95,44,1,4,0095_1.jpg,0044_4.jpg,0,0.27931421995162964
cross_variable_same,95,51,1,4,0095_1.jpg,0051_4.jpg,0,0.7489670515060425
cross_variable_same,95,54,1,4,0095_1.jpg,0054_4.jpg,0,0.5845111012458801
cross_variable_same,95,63,1,4,0095_1.jpg,0063_4.jpg,0,0.8055047392845154
cross_variable_same,95,68,1,4,0095_1.jpg,0068_4.jpg,0,0.6566600799560547
cross_variable_same,95,69,1,4,0095_1.jpg,0069_4.jpg,0,0.7850324511528015
cross_variable_same,95,73,1,4,0095_1.jpg,0073_4.jpg,0,0.2854774594306946
cross_variable_same,95,95,1,4,0095_1.jpg,0095_4.jpg,1,0.6691449284553528
cross_variable_same,95,121,1,4,0095_1.jpg,0121_4.jpg,0,0.5581778883934021
cross_variable_same,95,128,1,4,0095_1.jpg,0128_4.jpg,0,0.8489452004432678
cross_variable_same,95,129,1,4,0095_1.jpg,0129_4.jpg,0,0.7070299983024597
cross_variable_same,95,131,1,4,0095_1.jpg,0131_4.jpg,0,0.3769577443599701
cross_variable_same,95,139,1,4,0095_1.jpg,0139_4.jpg,0,0.7075271606445312
cross_variable_same,95,144,1,4,0095_1.jpg,0144_4.jpg,0,0.8428775668144226
cross_variable_same,95,145,1,4,0095_1.jpg,0145_4.jpg,0,0.4787213206291199
cross_variable_same,95,150,1,4,0095_1.jpg,0150_4.jpg,0,0.08367841690778732
cross_variable_same,95,160,1,4,0095_1.jpg,0160_4.jpg,0,0.529947817325592
cross_variable_same,95,165,1,4,0095_1.jpg,0165_4.jpg,0,0.45595693588256836
cross_variable_same,95,166,1,4,0095_1.jpg,0166_4.jpg,0,0.378730446100235
cross_variable_same,95,170,1,4,0095_1.jpg,0170_4.jpg,0,0.5880071520805359
cross_variable_same,95,174,1,4,0095_1.jpg,0174_4.jpg,0,0.7825834155082703
cross_variable_same,95,176,1,4,0095_1.jpg,0176_4.jpg,0,0.22852446138858795
cross_variable_same,95,193,1,4,0095_1.jpg,0193_4.jpg,0,-0.05818464979529381
cross_variable_same,95,202,1,4,0095_1.jpg,0202_4.jpg,0,0.43061327934265137
cross_variable_same,95,205,1,4,0095_1.jpg,0205_4.jpg,0,0.8504920601844788
cross_variable_same,95,210,1,4,0095_1.jpg,0210_4.jpg,0,0.5029451251029968
cross_variable_same,95,218,1,4,0095_1.jpg,0218_4.jpg,0,0.3531736433506012
cross_variable_same,95,222,1,4,0095_1.jpg,0222_4.jpg,0,0.7960100769996643
cross_variable_same,95,238,1,4,0095_1.jpg,0238_4.jpg,0,0.7152307033538818
cross_variable_same,95,253,1,4,0095_1.jpg,0253_4.jpg,0,0.36047297716140747
cross_variable_same,95,254,1,4,0095_1.jpg,0254_4.jpg,0,0.7949705719947815
cross_variable_same,95,257,1,4,0095_1.jpg,0257_4.jpg,0,0.8351070880889893
cross_variable_same,95,258,1,4,0095_1.jpg,0258_4.jpg,0,0.7432349324226379
cross_variable_same,95,268,1,4,0095_1.jpg,0268_4.jpg,0,0.712877631187439
cross_variable_same,95,269,1,4,0095_1.jpg,0269_4.jpg,0,0.7568346261978149
cross_variable_same,95,270,1,4,0095_1.jpg,0270_4.jpg,0,0.7710798978805542
cross_variable_same,95,277,1,4,0095_1.jpg,0277_4.jpg,0,0.7293227910995483
cross_variable_same,95,278,1,4,0095_1.jpg,0278_4.jpg,0,0.8342100381851196
cross_variable_same,121,5,1,4,0121_1.jpg,0005_4.jpg,0,0.4369681477546692
cross_variable_same,121,9,1,4,0121_1.jpg,0009_4.jpg,0,0.4202934503555298
cross_variable_same,121,10,1,4,0121_1.jpg,0010_4.jpg,0,0.14052855968475342
cross_variable_same,121,28,1,4,0121_1.jpg,0028_4.jpg,0,0.5157318115234375
cross_variable_same,121,32,1,4,0121_1.jpg,0032_4.jpg,0,0.7267838716506958
cross_variable_same,121,33,1,4,0121_1.jpg,0033_4.jpg,0,0.1328260600566864
cross_variable_same,121,34,1,4,0121_1.jpg,0034_4.jpg,0,0.6896593570709229
cross_variable_same,121,44,1,4,0121_1.jpg,0044_4.jpg,0,0.674077033996582
cross_variable_same,121,51,1,4,0121_1.jpg,0051_4.jpg,0,0.19774512946605682
cross_variable_same,121,54,1,4,0121_1.jpg,0054_4.jpg,0,0.7499715685844421
cross_variable_same,121,63,1,4,0121_1.jpg,0063_4.jpg,0,0.4073815643787384
cross_variable_same,121,68,1,4,0121_1.jpg,0068_4.jpg,0,0.5050860643386841
cross_variable_same,121,69,1,4,0121_1.jpg,0069_4.jpg,0,0.16083428263664246
cross_variable_same,121,73,1,4,0121_1.jpg,0073_4.jpg,0,0.12008228898048401
cross_variable_same,121,95,1,4,0121_1.jpg,0095_4.jpg,0,0.7058395743370056
cross_variable_same,121,121,1,4,0121_1.jpg,0121_4.jpg,1,0.721204936504364
cross_variable_same,121,128,1,4,0121_1.jpg,0128_4.jpg,0,0.3471859395503998
cross_variable_same,121,129,1,4,0121_1.jpg,0129_4.jpg,0,-0.13812337815761566
cross_variable_same,121,131,1,4,0121_1.jpg,0131_4.jpg,0,0.5665662884712219
cross_variable_same,121,139,1,4,0121_1.jpg,0139_4.jpg,0,0.05758266523480415
cross_variable_same,121,144,1,4,0121_1.jpg,0144_4.jpg,0,0.5256298780441284
cross_variable_same,121,145,1,4,0121_1.jpg,0145_4.jpg,0,-0.028743000701069832
cross_variable_same,121,150,1,4,0121_1.jpg,0150_4.jpg,0,0.5566195249557495
cross_variable_same,121,160,1,4,0121_1.jpg,0160_4.jpg,0,0.2076919823884964
cross_variable_same,121,165,1,4,0121_1.jpg,0165_4.jpg,0,0.2649650275707245
cross_variable_same,121,166,1,4,0121_1.jpg,0166_4.jpg,0,0.44188401103019714
cross_variable_same,121,170,1,4,0121_1.jpg,0170_4.jpg,0,-0.15940935909748077
cross_variable_same,121,174,1,4,0121_1.jpg,0174_4.jpg,0,0.047361813485622406
cross_variable_same,121,176,1,4,0121_1.jpg,0176_4.jpg,0,0.4880225658416748
cross_variable_same,121,193,1,4,0121_1.jpg,0193_4.jpg,0,0.20603807270526886
cross_variable_same,121,202,1,4,0121_1.jpg,0202_4.jpg,0,0.71258544921875
cross_variable_same,121,205,1,4,0121_1.jpg,0205_4.jpg,0,0.19913771748542786
cross_variable_same,121,210,1,4,0121_1.jpg,0210_4.jpg,0,0.31866583228111267
cross_variable_same,121,218,1,4,0121_1.jpg,0218_4.jpg,0,0.7816354036331177
cross_variable_same,121,222,1,4,0121_1.jpg,0222_4.jpg,0,0.4786418080329895
cross_variable_same,121,238,1,4,0121_1.jpg,0238_4.jpg,0,0.5029369592666626
cross_variable_same,121,253,1,4,0121_1.jpg,0253_4.jpg,0,0.6433042287826538
cross_variable_same,121,254,1,4,0121_1.jpg,0254_4.jpg,0,0.08192672580480576
cross_variable_same,121,257,1,4,0121_1.jpg,0257_4.jpg,0,0.09039875864982605
cross_variable_same,121,258,1,4,0121_1.jpg,0258_4.jpg,0,0.4822879433631897
cross_variable_same,121,268,1,4,0121_1.jpg,0268_4.jpg,0,0.1483573317527771
cross_variable_same,121,269,1,4,0121_1.jpg,0269_4.jpg,0,0.5609504580497742
cross_variable_same,121,270,1,4,0121_1.jpg,0270_4.jpg,0,0.07015479356050491
cross_variable_same,121,277,1,4,0121_1.jpg,0277_4.jpg,0,0.45294857025146484
cross_variable_same,121,278,1,4,0121_1.jpg,0278_4.jpg,0,0.534133791923523
cross_variable_same,128,5,1,4,0128_1.jpg,0005_4.jpg,0,0.7107028365135193
cross_variable_same,128,9,1,4,0128_1.jpg,0009_4.jpg,0,0.7042783498764038
cross_variable_same,128,10,1,4,0128_1.jpg,0010_4.jpg,0,0.16390961408615112
cross_variable_same,128,28,1,4,0128_1.jpg,0028_4.jpg,0,0.4328727424144745
cross_variable_same,128,32,1,4,0128_1.jpg,0032_4.jpg,0,0.6314542293548584
cross_variable_same,128,33,1,4,0128_1.jpg,0033_4.jpg,0,0.7444119453430176
cross_variable_same,128,34,1,4,0128_1.jpg,0034_4.jpg,0,0.5889744162559509
cross_variable_same,128,44,1,4,0128_1.jpg,0044_4.jpg,0,0.3654495179653168
cross_variable_same,128,51,1,4,0128_1.jpg,0051_4.jpg,0,0.7317133545875549
cross_variable_same,128,54,1,4,0128_1.jpg,0054_4.jpg,0,0.6323629021644592
cross_variable_same,128,63,1,4,0128_1.jpg,0063_4.jpg,0,0.7559282779693604
cross_variable_same,128,68,1,4,0128_1.jpg,0068_4.jpg,0,0.6580789685249329
cross_variable_same,128,69,1,4,0128_1.jpg,0069_4.jpg,0,0.6782842874526978
cross_variable_same,128,73,1,4,0128_1.jpg,0073_4.jpg,0,0.32879865169525146
cross_variable_same,128,95,1,4,0128_1.jpg,0095_4.jpg,0,0.5777520537376404
cross_variable_same,128,121,1,4,0128_1.jpg,0121_4.jpg,0,0.42244431376457214
cross_variable_same,128,128,1,4,0128_1.jpg,0128_4.jpg,1,0.8419219255447388
cross_variable_same,128,129,1,4,0128_1.jpg,0129_4.jpg,0,0.6060750484466553
cross_variable_same,128,131,1,4,0128_1.jpg,0131_4.jpg,0,0.5053722858428955
cross_variable_same,128,139,1,4,0128_1.jpg,0139_4.jpg,0,0.5573418736457825
cross_variable_same,128,144,1,4,0128_1.jpg,0144_4.jpg,0,0.6975963115692139
cross_variable_same,128,145,1,4,0128_1.jpg,0145_4.jpg,0,0.4320286810398102
cross_variable_same,128,150,1,4,0128_1.jpg,0150_4.jpg,0,0.25433149933815
cross_variable_same,128,160,1,4,0128_1.jpg,0160_4.jpg,0,0.6978493928909302
cross_variable_same,128,165,1,4,0128_1.jpg,0165_4.jpg,0,0.6051618456840515
cross_variable_same,128,166,1,4,0128_1.jpg,0166_4.jpg,0,0.5056819319725037
cross_variable_same,128,170,1,4,0128_1.jpg,0170_4.jpg,0,0.5937044024467468
cross_variable_same,128,174,1,4,0128_1.jpg,0174_4.jpg,0,0.6909664869308472
cross_variable_same,128,176,1,4,0128_1.jpg,0176_4.jpg,0,0.4503948390483856
cross_variable_same,128,193,1,4,0128_1.jpg,0193_4.jpg,0,-0.019236786291003227
cross_variable_same,128,202,1,4,0128_1.jpg,0202_4.jpg,0,0.3575636148452759
cross_variable_same,128,205,1,4,0128_1.jpg,0205_4.jpg,0,0.7426369190216064
cross_variable_same,128,210,1,4,0128_1.jpg,0210_4.jpg,0,0.660788893699646
cross_variable_same,128,218,1,4,0128_1.jpg,0218_4.jpg,0,0.3098180592060089
cross_variable_same,128,222,1,4,0128_1.jpg,0222_4.jpg,0,0.6365060210227966
cross_variable_same,128,238,1,4,0128_1.jpg,0238_4.jpg,0,0.6822493076324463
cross_variable_same,128,253,1,4,0128_1.jpg,0253_4.jpg,0,0.5351361632347107
cross_variable_same,128,254,1,4,0128_1.jpg,0254_4.jpg,0,0.6543516516685486
cross_variable_same,128,257,1,4,0128_1.jpg,0257_4.jpg,0,0.6431661248207092
cross_variable_same,128,258,1,4,0128_1.jpg,0258_4.jpg,0,0.6258453130722046
cross_variable_same,128,268,1,4,0128_1.jpg,0268_4.jpg,0,0.5270082950592041
cross_variable_same,128,269,1,4,0128_1.jpg,0269_4.jpg,0,0.5955734252929688
cross_variable_same,128,270,1,4,0128_1.jpg,0270_4.jpg,0,0.6828725934028625
cross_variable_same,128,277,1,4,0128_1.jpg,0277_4.jpg,0,0.7240079045295715
cross_variable_same,128,278,1,4,0128_1.jpg,0278_4.jpg,0,0.7502830028533936
cross_variable_same,129,5,1,4,0129_1.jpg,0005_4.jpg,0,0.0560094490647316
cross_variable_same,129,9,1,4,0129_1.jpg,0009_4.jpg,0,0.22774718701839447
cross_variable_same,129,10,1,4,0129_1.jpg,0010_4.jpg,0,0.6410284638404846
cross_variable_same,129,28,1,4,0129_1.jpg,0028_4.jpg,0,0.5462113618850708
cross_variable_same,129,32,1,4,0129_1.jpg,0032_4.jpg,0,0.01945621892809868
cross_variable_same,129,33,1,4,0129_1.jpg,0033_4.jpg,0,0.18677979707717896
cross_variable_same,129,34,1,4,0129_1.jpg,0034_4.jpg,0,-0.038403578102588654
cross_variable_same,129,44,1,4,0129_1.jpg,0044_4.jpg,0,0.3838951885700226
cross_variable_same,129,51,1,4,0129_1.jpg,0051_4.jpg,0,0.5042358636856079
cross_variable_same,129,54,1,4,0129_1.jpg,0054_4.jpg,0,0.2469596266746521
cross_variable_same,129,63,1,4,0129_1.jpg,0063_4.jpg,0,-0.013823923654854298
cross_variable_same,129,68,1,4,0129_1.jpg,0068_4.jpg,0,0.4494241178035736
cross_variable_same,129,69,1,4,0129_1.jpg,0069_4.jpg,0,0.25444266200065613
cross_variable_same,129,73,1,4,0129_1.jpg,0073_4.jpg,0,0.8377537727355957
cross_variable_same,129,95,1,4,0129_1.jpg,0095_4.jpg,0,0.15140512585639954
cross_variable_same,129,121,1,4,0129_1.jpg,0121_4.jpg,0,-0.030670125037431717
cross_variable_same,129,128,1,4,0129_1.jpg,0128_4.jpg,0,0.002269648015499115
cross_variable_same,129,129,1,4,0129_1.jpg,0129_4.jpg,1,0.2216547280550003
cross_variable_same,129,131,1,4,0129_1.jpg,0131_4.jpg,0,0.4760608673095703
cross_variable_same,129,139,1,4,0129_1.jpg,0139_4.jpg,0,0.2802967131137848
cross_variable_same,129,144,1,4,0129_1.jpg,0144_4.jpg,0,-0.04901355132460594
cross_variable_same,129,145,1,4,0129_1.jpg,0145_4.jpg,0,0.6507941484451294
cross_variable_same,129,150,1,4,0129_1.jpg,0150_4.jpg,0,0.5155392289161682
cross_variable_same,129,160,1,4,0129_1.jpg,0160_4.jpg,0,0.3850240409374237
cross_variable_same,129,165,1,4,0129_1.jpg,0165_4.jpg,0,0.3072236478328705
cross_variable_same,129,166,1,4,0129_1.jpg,0166_4.jpg,0,0.5271320343017578
cross_variable_same,129,170,1,4,0129_1.jpg,0170_4.jpg,0,0.3384064733982086
cross_variable_same,129,174,1,4,0129_1.jpg,0174_4.jpg,0,-0.07112328708171844
cross_variable_same,129,176,1,4,0129_1.jpg,0176_4.jpg,0,0.49456024169921875
cross_variable_same,129,193,1,4,0129_1.jpg,0193_4.jpg,0,0.7348926067352295
cross_variable_same,129,202,1,4,0129_1.jpg,0202_4.jpg,0,0.16433651745319366
cross_variable_same,129,205,1,4,0129_1.jpg,0205_4.jpg,0,0.1276472508907318
cross_variable_same,129,210,1,4,0129_1.jpg,0210_4.jpg,0,0.3234820067882538
cross_variable_same,129,218,1,4,0129_1.jpg,0218_4.jpg,0,0.24732714891433716
cross_variable_same,129,222,1,4,0129_1.jpg,0222_4.jpg,0,-0.18380214273929596
cross_variable_same,129,238,1,4,0129_1.jpg,0238_4.jpg,0,-0.14592455327510834
cross_variable_same,129,253,1,4,0129_1.jpg,0253_4.jpg,0,0.3635431230068207
cross_variable_same,129,254,1,4,0129_1.jpg,0254_4.jpg,0,-0.16825149953365326
cross_variable_same,129,257,1,4,0129_1.jpg,0257_4.jpg,0,-0.0428747683763504
cross_variable_same,129,258,1,4,0129_1.jpg,0258_4.jpg,0,-0.2962377369403839
cross_variable_same,129,268,1,4,0129_1.jpg,0268_4.jpg,0,0.15634365379810333
cross_variable_same,129,269,1,4,0129_1.jpg,0269_4.jpg,0,-0.11441167443990707
cross_variable_same,129,270,1,4,0129_1.jpg,0270_4.jpg,0,0.22887636721134186
cross_variable_same,129,277,1,4,0129_1.jpg,0277_4.jpg,0,0.26847410202026367
cross_variable_same,129,278,1,4,0129_1.jpg,0278_4.jpg,0,0.08471532166004181
cross_variable_same,131,5,1,4,0131_1.jpg,0005_4.jpg,0,0.47016340494155884
cross_variable_same,131,9,1,4,0131_1.jpg,0009_4.jpg,0,0.6282378435134888
cross_variable_same,131,10,1,4,0131_1.jpg,0010_4.jpg,0,0.23341044783592224
cross_variable_same,131,28,1,4,0131_1.jpg,0028_4.jpg,0,0.8525922298431396
cross_variable_same,131,32,1,4,0131_1.jpg,0032_4.jpg,0,0.6613627672195435
cross_variable_same,131,33,1,4,0131_1.jpg,0033_4.jpg,0,0.2736971080303192
cross_variable_same,131,34,1,4,0131_1.jpg,0034_4.jpg,0,0.548724889755249
cross_variable_same,131,44,1,4,0131_1.jpg,0044_4.jpg,0,0.7759922742843628
cross_variable_same,131,51,1,4,0131_1.jpg,0051_4.jpg,0,0.5741323828697205
cross_variable_same,131,54,1,4,0131_1.jpg,0054_4.jpg,0,0.7978863716125488
cross_variable_same,131,63,1,4,0131_1.jpg,0063_4.jpg,0,0.49041420221328735
cross_variable_same,131,68,1,4,0131_1.jpg,0068_4.jpg,0,0.5221534967422485
cross_variable_same,131,69,1,4,0131_1.jpg,0069_4.jpg,0,0.20677156746387482
cross_variable_same,131,73,1,4,0131_1.jpg,0073_4.jpg,0,0.5780980587005615
cross_variable_same,131,95,1,4,0131_1.jpg,0095_4.jpg,0,0.47999584674835205
cross_variable_same,131,121,1,4,0131_1.jpg,0121_4.jpg,0,0.4967913031578064
cross_variable_same,131,128,1,4,0131_1.jpg,0128_4.jpg,0,0.37780138850212097
cross_variable_same,131,129,1,4,0131_1.jpg,0129_4.jpg,0,0.08501192927360535
cross_variable_same,131,131,1,4,0131_1.jpg,0131_4.jpg,1,0.890781581401825
cross_variable_same,131,139,1,4,0131_1.jpg,0139_4.jpg,0,0.03385961428284645
cross_variable_same,131,144,1,4,0131_1.jpg,0144_4.jpg,0,0.34622108936309814
cross_variable_same,131,145,1,4,0131_1.jpg,0145_4.jpg,0,0.21522648632526398
cross_variable_same,131,150,1,4,0131_1.jpg,0150_4.jpg,0,0.7880256175994873
cross_variable_same,131,160,1,4,0131_1.jpg,0160_4.jpg,0,0.5974318981170654
cross_variable_same,131,165,1,4,0131_1.jpg,0165_4.jpg,0,0.6617780327796936
cross_variable_same,131,166,1,4,0131_1.jpg,0166_4.jpg,0,0.8860654234886169
cross_variable_same,131,170,1,4,0131_1.jpg,0170_4.jpg,0,0.0822477862238884
cross_variable_same,131,174,1,4,0131_1.jpg,0174_4.jpg,0,0.07204536348581314
cross_variable_same,131,176,1,4,0131_1.jpg,0176_4.jpg,0,0.8237788081169128
cross_variable_same,131,193,1,4,0131_1.jpg,0193_4.jpg,0,0.3913593590259552
cross_variable_same,131,202,1,4,0131_1.jpg,0202_4.jpg,0,0.5378519296646118
cross_variable_same,131,205,1,4,0131_1.jpg,0205_4.jpg,0,0.20025406777858734
cross_variable_same,131,210,1,4,0131_1.jpg,0210_4.jpg,0,0.6137189269065857
cross_variable_same,131,218,1,4,0131_1.jpg,0218_4.jpg,0,0.5685585141181946
cross_variable_same,131,222,1,4,0131_1.jpg,0222_4.jpg,0,0.2568177282810211
cross_variable_same,131,238,1,4,0131_1.jpg,0238_4.jpg,0,0.21919235587120056
cross_variable_same,131,253,1,4,0131_1.jpg,0253_4.jpg,0,0.8000608086585999
cross_variable_same,131,254,1,4,0131_1.jpg,0254_4.jpg,0,-0.046208035200834274
cross_variable_same,131,257,1,4,0131_1.jpg,0257_4.jpg,0,0.04169514775276184
cross_variable_same,131,258,1,4,0131_1.jpg,0258_4.jpg,0,0.17010407149791718
cross_variable_same,131,268,1,4,0131_1.jpg,0268_4.jpg,0,0.0478985495865345
cross_variable_same,131,269,1,4,0131_1.jpg,0269_4.jpg,0,0.29291924834251404
cross_variable_same,131,270,1,4,0131_1.jpg,0270_4.jpg,0,0.1618957221508026
cross_variable_same,131,277,1,4,0131_1.jpg,0277_4.jpg,0,0.5568408370018005
cross_variable_same,131,278,1,4,0131_1.jpg,0278_4.jpg,0,0.4363856613636017
cross_variable_same,139,5,1,4,0139_1.jpg,0005_4.jpg,0,0.7712606191635132
cross_variable_same,139,9,1,4,0139_1.jpg,0009_4.jpg,0,0.6789079308509827
cross_variable_same,139,10,1,4,0139_1.jpg,0010_4.jpg,0,0.3497999906539917
cross_variable_same,139,28,1,4,0139_1.jpg,0028_4.jpg,0,0.42721104621887207
cross_variable_same,139,32,1,4,0139_1.jpg,0032_4.jpg,0,0.6081711649894714
cross_variable_same,139,33,1,4,0139_1.jpg,0033_4.jpg,0,0.7738757729530334
cross_variable_same,139,34,1,4,0139_1.jpg,0034_4.jpg,0,0.49439769983291626
cross_variable_same,139,44,1,4,0139_1.jpg,0044_4.jpg,0,0.45166489481925964
cross_variable_same,139,51,1,4,0139_1.jpg,0051_4.jpg,0,0.8526513576507568
cross_variable_same,139,54,1,4,0139_1.jpg,0054_4.jpg,0,0.6046382188796997
cross_variable_same,139,63,1,4,0139_1.jpg,0063_4.jpg,0,0.7133814692497253
cross_variable_same,139,68,1,4,0139_1.jpg,0068_4.jpg,0,0.7243996858596802
cross_variable_same,139,69,1,4,0139_1.jpg,0069_4.jpg,0,0.7892096042633057
cross_variable_same,139,73,1,4,0139_1.jpg,0073_4.jpg,0,0.5247312784194946
cross_variable_same,139,95,1,4,0139_1.jpg,0095_4.jpg,0,0.5960161685943604
cross_variable_same,139,121,1,4,0139_1.jpg,0121_4.jpg,0,0.5669251680374146
cross_variable_same,139,128,1,4,0139_1.jpg,0128_4.jpg,0,0.7702627778053284
cross_variable_same,139,129,1,4,0139_1.jpg,0129_4.jpg,0,0.7469120025634766
cross_variable_same,139,131,1,4,0139_1.jpg,0131_4.jpg,0,0.49042752385139465
cross_variable_same,139,139,1,4,0139_1.jpg,0139_4.jpg,1,0.6918941140174866
cross_variable_same,139,144,1,4,0139_1.jpg,0144_4.jpg,0,0.7741908431053162
cross_variable_same,139,145,1,4,0139_1.jpg,0145_4.jpg,0,0.5678622126579285
cross_variable_same,139,150,1,4,0139_1.jpg,0150_4.jpg,0,0.3262689709663391
cross_variable_same,139,160,1,4,0139_1.jpg,0160_4.jpg,0,0.6363431811332703
cross_variable_same,139,165,1,4,0139_1.jpg,0165_4.jpg,0,0.5219687223434448
cross_variable_same,139,166,1,4,0139_1.jpg,0166_4.jpg,0,0.5177690982818604
cross_variable_same,139,170,1,4,0139_1.jpg,0170_4.jpg,0,0.6786821484565735
cross_variable_same,139,174,1,4,0139_1.jpg,0174_4.jpg,0,0.6693932414054871
cross_variable_same,139,176,1,4,0139_1.jpg,0176_4.jpg,0,0.5032984018325806
cross_variable_same,139,193,1,4,0139_1.jpg,0193_4.jpg,0,0.182856485247612
cross_variable_same,139,202,1,4,0139_1.jpg,0202_4.jpg,0,0.4598340094089508
cross_variable_same,139,205,1,4,0139_1.jpg,0205_4.jpg,0,0.7532657980918884
cross_variable_same,139,210,1,4,0139_1.jpg,0210_4.jpg,0,0.5453788638114929
cross_variable_same,139,218,1,4,0139_1.jpg,0218_4.jpg,0,0.3992999494075775
cross_variable_same,139,222,1,4,0139_1.jpg,0222_4.jpg,0,0.6503716111183167
cross_variable_same,139,238,1,4,0139_1.jpg,0238_4.jpg,0,0.6180228590965271
cross_variable_same,139,253,1,4,0139_1.jpg,0253_4.jpg,0,0.48573970794677734
cross_variable_same,139,254,1,4,0139_1.jpg,0254_4.jpg,0,0.6293327808380127
cross_variable_same,139,257,1,4,0139_1.jpg,0257_4.jpg,0,0.7014135718345642
cross_variable_same,139,258,1,4,0139_1.jpg,0258_4.jpg,0,0.5918982625007629
cross_variable_same,139,268,1,4,0139_1.jpg,0268_4.jpg,0,0.6578922271728516
cross_variable_same,139,269,1,4,0139_1.jpg,0269_4.jpg,0,0.7060939073562622
cross_variable_same,139,270,1,4,0139_1.jpg,0270_4.jpg,0,0.7388525605201721
cross_variable_same,139,277,1,4,0139_1.jpg,0277_4.jpg,0,0.8308525085449219
cross_variable_same,139,278,1,4,0139_1.jpg,0278_4.jpg,0,0.7124395966529846
cross_variable_same,144,5,1,4,0144_1.jpg,0005_4.jpg,0,0.7082120180130005
cross_variable_same,144,9,1,4,0144_1.jpg,0009_4.jpg,0,0.5755581259727478
cross_variable_same,144,10,1,4,0144_1.jpg,0010_4.jpg,0,-0.08020871877670288
cross_variable_same,144,28,1,4,0144_1.jpg,0028_4.jpg,0,0.07815967500209808
cross_variable_same,144,32,1,4,0144_1.jpg,0032_4.jpg,0,0.725878119468689
cross_variable_same,144,33,1,4,0144_1.jpg,0033_4.jpg,0,0.6284125447273254
cross_variable_same,144,34,1,4,0144_1.jpg,0034_4.jpg,0,0.6617573499679565
cross_variable_same,144,44,1,4,0144_1.jpg,0044_4.jpg,0,0.2045346200466156
cross_variable_same,144,51,1,4,0144_1.jpg,0051_4.jpg,0,0.4496117830276489
cross_variable_same,144,54,1,4,0144_1.jpg,0054_4.jpg,0,0.5168125033378601
cross_variable_same,144,63,1,4,0144_1.jpg,0063_4.jpg,0,0.7794743180274963
cross_variable_same,144,68,1,4,0144_1.jpg,0068_4.jpg,0,0.49444252252578735
cross_variable_same,144,69,1,4,0144_1.jpg,0069_4.jpg,0,0.6315727829933167
cross_variable_same,144,73,1,4,0144_1.jpg,0073_4.jpg,0,-0.09786709398031235
cross_variable_same,144,95,1,4,0144_1.jpg,0095_4.jpg,0,0.6286313533782959
cross_variable_same,144,121,1,4,0144_1.jpg,0121_4.jpg,0,0.6291871666908264
cross_variable_same,144,128,1,4,0144_1.jpg,0128_4.jpg,0,0.8104751110076904
cross_variable_same,144,129,1,4,0144_1.jpg,0129_4.jpg,0,0.5073966979980469
cross_variable_same,144,131,1,4,0144_1.jpg,0131_4.jpg,0,0.17916947603225708
cross_variable_same,144,139,1,4,0144_1.jpg,0139_4.jpg,0,0.531791627407074
cross_variable_same,144,144,1,4,0144_1.jpg,0144_4.jpg,1,0.8781237602233887
cross_variable_same,144,145,1,4,0144_1.jpg,0145_4.jpg,0,0.11711041629314423
cross_variable_same,144,150,1,4,0144_1.jpg,0150_4.jpg,0,-0.0513310469686985
cross_variable_same,144,160,1,4,0144_1.jpg,0160_4.jpg,0,0.3579460382461548
cross_variable_same,144,165,1,4,0144_1.jpg,0165_4.jpg,0,0.3095908463001251
cross_variable_same,144,166,1,4,0144_1.jpg,0166_4.jpg,0,0.12204659730195999
cross_variable_same,144,170,1,4,0144_1.jpg,0170_4.jpg,0,0.3645922839641571
cross_variable_same,144,174,1,4,0144_1.jpg,0174_4.jpg,0,0.730510413646698
cross_variable_same,144,176,1,4,0144_1.jpg,0176_4.jpg,0,0.0985998809337616
cross_variable_same,144,193,1,4,0144_1.jpg,0193_4.jpg,0,-0.337363064289093
cross_variable_same,144,202,1,4,0144_1.jpg,0202_4.jpg,0,0.5065339803695679
cross_variable_same,144,205,1,4,0144_1.jpg,0205_4.jpg,0,0.7353214025497437
cross_variable_same,144,210,1,4,0144_1.jpg,0210_4.jpg,0,0.3779325783252716
cross_variable_same,144,218,1,4,0144_1.jpg,0218_4.jpg,0,0.3634212911128998
cross_variable_same,144,222,1,4,0144_1.jpg,0222_4.jpg,0,0.8881579041481018
cross_variable_same,144,238,1,4,0144_1.jpg,0238_4.jpg,0,0.8667917251586914
cross_variable_same,144,253,1,4,0144_1.jpg,0253_4.jpg,0,0.29224058985710144
cross_variable_same,144,254,1,4,0144_1.jpg,0254_4.jpg,0,0.7888014316558838
cross_variable_same,144,257,1,4,0144_1.jpg,0257_4.jpg,0,0.743863582611084
cross_variable_same,144,258,1,4,0144_1.jpg,0258_4.jpg,0,0.9366810321807861
cross_variable_same,144,268,1,4,0144_1.jpg,0268_4.jpg,0,0.5989626049995422
cross_variable_same,144,269,1,4,0144_1.jpg,0269_4.jpg,0,0.8569246530532837
cross_variable_same,144,270,1,4,0144_1.jpg,0270_4.jpg,0,0.5904837250709534
cross_variable_same,144,277,1,4,0144_1.jpg,0277_4.jpg,0,0.6603037714958191
cross_variable_same,144,278,1,4,0144_1.jpg,0278_4.jpg,0,0.8105646967887878
cross_variable_same,145,5,1,4,0145_1.jpg,0005_4.jpg,0,0.5326326489448547
cross_variable_same,145,9,1,4,0145_1.jpg,0009_4.jpg,0,0.6732712984085083
cross_variable_same,145,10,1,4,0145_1.jpg,0010_4.jpg,0,0.16805335879325867
cross_variable_same,145,28,1,4,0145_1.jpg,0028_4.jpg,0,0.5451716780662537
cross_variable_same,145,32,1,4,0145_1.jpg,0032_4.jpg,0,0.42872869968414307
cross_variable_same,145,33,1,4,0145_1.jpg,0033_4.jpg,0,0.62287837266922
cross_variable_same,145,34,1,4,0145_1.jpg,0034_4.jpg,0,0.30123668909072876
cross_variable_same,145,44,1,4,0145_1.jpg,0044_4.jpg,0,0.2564733326435089
cross_variable_same,145,51,1,4,0145_1.jpg,0051_4.jpg,0,0.8110207915306091
cross_variable_same,145,54,1,4,0145_1.jpg,0054_4.jpg,0,0.4614599943161011
cross_variable_same,145,63,1,4,0145_1.jpg,0063_4.jpg,0,0.6266353130340576
cross_variable_same,145,68,1,4,0145_1.jpg,0068_4.jpg,0,0.47560787200927734
cross_variable_same,145,69,1,4,0145_1.jpg,0069_4.jpg,0,0.4805285632610321
cross_variable_same,145,73,1,4,0145_1.jpg,0073_4.jpg,0,0.5483576059341431
cross_variable_same,145,95,1,4,0145_1.jpg,0095_4.jpg,0,0.1613040715456009
cross_variable_same,145,121,1,4,0145_1.jpg,0121_4.jpg,0,0.15065528452396393
cross_variable_same,145,128,1,4,0145_1.jpg,0128_4.jpg,0,0.634641706943512
cross_variable_same,145,129,1,4,0145_1.jpg,0129_4.jpg,0,0.6309877634048462
cross_variable_same,145,131,1,4,0145_1.jpg,0131_4.jpg,0,0.5766479969024658
cross_variable_same,145,139,1,4,0145_1.jpg,0139_4.jpg,0,0.3909637928009033
cross_variable_same,145,144,1,4,0145_1.jpg,0144_4.jpg,0,0.3493380546569824
cross_variable_same,145,145,1,4,0145_1.jpg,0145_4.jpg,1,0.5220922827720642
cross_variable_same,145,150,1,4,0145_1.jpg,0150_4.jpg,0,0.27900925278663635
cross_variable_same,145,160,1,4,0145_1.jpg,0160_4.jpg,0,0.8388084173202515
cross_variable_same,145,165,1,4,0145_1.jpg,0165_4.jpg,0,0.7630578279495239
cross_variable_same,145,166,1,4,0145_1.jpg,0166_4.jpg,0,0.6925656795501709
cross_variable_same,145,170,1,4,0145_1.jpg,0170_4.jpg,0,0.6413529515266418
cross_variable_same,145,174,1,4,0145_1.jpg,0174_4.jpg,0,0.5537623763084412
cross_variable_same,145,176,1,4,0145_1.jpg,0176_4.jpg,0,0.4910409152507782
cross_variable_same,145,193,1,4,0145_1.jpg,0193_4.jpg,0,0.08914550393819809
cross_variable_same,145,202,1,4,0145_1.jpg,0202_4.jpg,0,0.08390875160694122
cross_variable_same,145,205,1,4,0145_1.jpg,0205_4.jpg,0,0.5506729483604431
cross_variable_same,145,210,1,4,0145_1.jpg,0210_4.jpg,0,0.6924272179603577
cross_variable_same,145,218,1,4,0145_1.jpg,0218_4.jpg,0,-0.006967236753553152
cross_variable_same,145,222,1,4,0145_1.jpg,0222_4.jpg,0,0.3191256523132324
cross_variable_same,145,238,1,4,0145_1.jpg,0238_4.jpg,0,0.2127121537923813
cross_variable_same,145,253,1,4,0145_1.jpg,0253_4.jpg,0,0.5041410326957703
cross_variable_same,145,254,1,4,0145_1.jpg,0254_4.jpg,0,0.3776777386665344
cross_variable_same,145,257,1,4,0145_1.jpg,0257_4.jpg,0,0.4451351761817932
cross_variable_same,145,258,1,4,0145_1.jpg,0258_4.jpg,0,0.24298635125160217
cross_variable_same,145,268,1,4,0145_1.jpg,0268_4.jpg,0,0.38021016120910645
cross_variable_same,145,269,1,4,0145_1.jpg,0269_4.jpg,0,0.19110362231731415
cross_variable_same,145,270,1,4,0145_1.jpg,0270_4.jpg,0,0.5173606276512146
cross_variable_same,145,277,1,4,0145_1.jpg,0277_4.jpg,0,0.609867513179779
cross_variable_same,145,278,1,4,0145_1.jpg,0278_4.jpg,0,0.49589449167251587
cross_variable_same,150,5,1,4,0150_1.jpg,0005_4.jpg,0,0.20565083622932434
cross_variable_same,150,9,1,4,0150_1.jpg,0009_4.jpg,0,0.3787029981613159
cross_variable_same,150,10,1,4,0150_1.jpg,0010_4.jpg,0,0.429819792509079
cross_variable_same,150,28,1,4,0150_1.jpg,0028_4.jpg,0,0.7543462514877319
cross_variable_same,150,32,1,4,0150_1.jpg,0032_4.jpg,0,0.33942222595214844
cross_variable_same,150,33,1,4,0150_1.jpg,0033_4.jpg,0,0.06788606196641922
cross_variable_same,150,34,1,4,0150_1.jpg,0034_4.jpg,0,0.3938733637332916
cross_variable_same,150,44,1,4,0150_1.jpg,0044_4.jpg,0,0.662397563457489
cross_variable_same,150,51,1,4,0150_1.jpg,0051_4.jpg,0,0.352065771818161
cross_variable_same,150,54,1,4,0150_1.jpg,0054_4.jpg,0,0.5922152400016785
cross_variable_same,150,63,1,4,0150_1.jpg,0063_4.jpg,0,0.1290723830461502
cross_variable_same,150,68,1,4,0150_1.jpg,0068_4.jpg,0,0.5338943004608154
cross_variable_same,150,69,1,4,0150_1.jpg,0069_4.jpg,0,0.07588396221399307
cross_variable_same,150,73,1,4,0150_1.jpg,0073_4.jpg,0,0.5997268557548523
cross_variable_same,150,95,1,4,0150_1.jpg,0095_4.jpg,0,0.4258197844028473
cross_variable_same,150,121,1,4,0150_1.jpg,0121_4.jpg,0,0.2813262343406677
cross_variable_same,150,128,1,4,0150_1.jpg,0128_4.jpg,0,0.08909672498703003
cross_variable_same,150,129,1,4,0150_1.jpg,0129_4.jpg,0,-0.1327318400144577
cross_variable_same,150,131,1,4,0150_1.jpg,0131_4.jpg,0,0.7295399308204651
cross_variable_same,150,139,1,4,0150_1.jpg,0139_4.jpg,0,-0.01264834962785244
cross_variable_same,150,144,1,4,0150_1.jpg,0144_4.jpg,0,0.047053854912519455
cross_variable_same,150,145,1,4,0150_1.jpg,0145_4.jpg,0,0.3675082325935364
cross_variable_same,150,150,1,4,0150_1.jpg,0150_4.jpg,1,0.7667495608329773
cross_variable_same,150,160,1,4,0150_1.jpg,0160_4.jpg,0,0.4039418697357178
cross_variable_same,150,165,1,4,0150_1.jpg,0165_4.jpg,0,0.40020620822906494
cross_variable_same,150,166,1,4,0150_1.jpg,0166_4.jpg,0,0.6821768879890442
cross_variable_same,150,170,1,4,0150_1.jpg,0170_4.jpg,0,-0.023315593600273132
cross_variable_same,150,174,1,4,0150_1.jpg,0174_4.jpg,0,-0.2015356719493866
cross_variable_same,150,176,1,4,0150_1.jpg,0176_4.jpg,0,0.6579030156135559
cross_variable_same,150,193,1,4,0150_1.jpg,0193_4.jpg,0,0.6304765939712524
cross_variable_same,150,202,1,4,0150_1.jpg,0202_4.jpg,0,0.3803878128528595
cross_variable_same,150,205,1,4,0150_1.jpg,0205_4.jpg,0,0.010815505869686604
cross_variable_same,150,210,1,4,0150_1.jpg,0210_4.jpg,0,0.4253475069999695
cross_variable_same,150,218,1,4,0150_1.jpg,0218_4.jpg,0,0.5568087100982666
cross_variable_same,150,222,1,4,0150_1.jpg,0222_4.jpg,0,-0.021965283900499344
cross_variable_same,150,238,1,4,0150_1.jpg,0238_4.jpg,0,0.07131320983171463
cross_variable_same,150,253,1,4,0150_1.jpg,0253_4.jpg,0,0.6990667581558228
cross_variable_same,150,254,1,4,0150_1.jpg,0254_4.jpg,0,-0.23831245303153992
cross_variable_same,150,257,1,4,0150_1.jpg,0257_4.jpg,0,-0.17579297721385956
cross_variable_same,150,258,1,4,0150_1.jpg,0258_4.jpg,0,-0.1048421710729599
cross_variable_same,150,268,1,4,0150_1.jpg,0268_4.jpg,0,-0.035255055874586105
cross_variable_same,150,269,1,4,0150_1.jpg,0269_4.jpg,0,0.04532312601804733
cross_variable_same,150,270,1,4,0150_1.jpg,0270_4.jpg,0,0.047026459127664566
cross_variable_same,150,277,1,4,0150_1.jpg,0277_4.jpg,0,0.29343605041503906
cross_variable_same,150,278,1,4,0150_1.jpg,0278_4.jpg,0,0.2665260434150696
cross_variable_same,160,5,1,4,0160_1.jpg,0005_4.jpg,0,0.719106137752533
cross_variable_same,160,9,1,4,0160_1.jpg,0009_4.jpg,0,0.6065375208854675
cross_variable_same,160,10,1,4,0160_1.jpg,0010_4.jpg,0,0.2419375330209732
cross_variable_same,160,28,1,4,0160_1.jpg,0028_4.jpg,0,0.5264138579368591
cross_variable_same,160,32,1,4,0160_1.jpg,0032_4.jpg,0,0.7436748147010803
cross_variable_same,160,33,1,4,0160_1.jpg,0033_4.jpg,0,0.4973292350769043
cross_variable_same,160,34,1,4,0160_1.jpg,0034_4.jpg,0,0.7980419993400574
cross_variable_same,160,44,1,4,0160_1.jpg,0044_4.jpg,0,0.7147212624549866
cross_variable_same,160,51,1,4,0160_1.jpg,0051_4.jpg,0,0.5506912469863892
cross_variable_same,160,54,1,4,0160_1.jpg,0054_4.jpg,0,0.7401731610298157
cross_variable_same,160,63,1,4,0160_1.jpg,0063_4.jpg,0,0.6327752470970154
cross_variable_same,160,68,1,4,0160_1.jpg,0068_4.jpg,0,0.767742931842804
cross_variable_same,160,69,1,4,0160_1.jpg,0069_4.jpg,0,0.5228189826011658
cross_variable_same,160,73,1,4,0160_1.jpg,0073_4.jpg,0,0.3928675353527069
cross_variable_same,160,95,1,4,0160_1.jpg,0095_4.jpg,0,0.7382845878601074
cross_variable_same,160,121,1,4,0160_1.jpg,0121_4.jpg,0,0.8304652571678162
cross_variable_same,160,128,1,4,0160_1.jpg,0128_4.jpg,0,0.6320076584815979
cross_variable_same,160,129,1,4,0160_1.jpg,0129_4.jpg,0,0.299521803855896
cross_variable_same,160,131,1,4,0160_1.jpg,0131_4.jpg,0,0.5955119132995605
cross_variable_same,160,139,1,4,0160_1.jpg,0139_4.jpg,0,0.3231193721294403
cross_variable_same,160,144,1,4,0160_1.jpg,0144_4.jpg,0,0.7318530082702637
cross_variable_same,160,145,1,4,0160_1.jpg,0145_4.jpg,0,0.2618415653705597
cross_variable_same,160,150,1,4,0160_1.jpg,0150_4.jpg,0,0.5905132293701172
cross_variable_same,160,160,1,4,0160_1.jpg,0160_4.jpg,1,0.5212156176567078
cross_variable_same,160,165,1,4,0160_1.jpg,0165_4.jpg,0,0.4037920832633972
cross_variable_same,160,166,1,4,0160_1.jpg,0166_4.jpg,0,0.5116121172904968
cross_variable_same,160,170,1,4,0160_1.jpg,0170_4.jpg,0,0.20495519042015076
cross_variable_same,160,174,1,4,0160_1.jpg,0174_4.jpg,0,0.3033343553543091
cross_variable_same,160,176,1,4,0160_1.jpg,0176_4.jpg,0,0.6496878862380981
cross_variable_same,160,193,1,4,0160_1.jpg,0193_4.jpg,0,0.23523591458797455
cross_variable_same,160,202,1,4,0160_1.jpg,0202_4.jpg,0,0.7448756098747253
cross_variable_same,160,205,1,4,0160_1.jpg,0205_4.jpg,0,0.4988062083721161
cross_variable_same,160,210,1,4,0160_1.jpg,0210_4.jpg,0,0.4094809591770172
cross_variable_same,160,218,1,4,0160_1.jpg,0218_4.jpg,0,0.738612949848175
cross_variable_same,160,222,1,4,0160_1.jpg,0222_4.jpg,0,0.6874076724052429
cross_variable_same,160,238,1,4,0160_1.jpg,0238_4.jpg,0,0.689896821975708
cross_variable_same,160,253,1,4,0160_1.jpg,0253_4.jpg,0,0.7046592235565186
cross_variable_same,160,254,1,4,0160_1.jpg,0254_4.jpg,0,0.38711968064308167
cross_variable_same,160,257,1,4,0160_1.jpg,0257_4.jpg,0,0.396340548992157
cross_variable_same,160,258,1,4,0160_1.jpg,0258_4.jpg,0,0.6030483245849609
cross_variable_same,160,268,1,4,0160_1.jpg,0268_4.jpg,0,0.4460318088531494
cross_variable_same,160,269,1,4,0160_1.jpg,0269_4.jpg,0,0.7437538504600525
cross_variable_same,160,270,1,4,0160_1.jpg,0270_4.jpg,0,0.4634012281894684
cross_variable_same,160,277,1,4,0160_1.jpg,0277_4.jpg,0,0.7225803732872009
cross_variable_same,160,278,1,4,0160_1.jpg,0278_4.jpg,0,0.6548952460289001
cross_variable_same,165,5,1,4,0165_1.jpg,0005_4.jpg,0,0.3451003432273865
cross_variable_same,165,9,1,4,0165_1.jpg,0009_4.jpg,0,0.5001347661018372
cross_variable_same,165,10,1,4,0165_1.jpg,0010_4.jpg,0,0.013102730736136436
cross_variable_same,165,28,1,4,0165_1.jpg,0028_4.jpg,0,0.43434616923332214
cross_variable_same,165,32,1,4,0165_1.jpg,0032_4.jpg,0,0.5479709506034851
cross_variable_same,165,33,1,4,0165_1.jpg,0033_4.jpg,0,0.39890173077583313
cross_variable_same,165,34,1,4,0165_1.jpg,0034_4.jpg,0,0.46665894985198975
cross_variable_same,165,44,1,4,0165_1.jpg,0044_4.jpg,0,0.3955756723880768
cross_variable_same,165,51,1,4,0165_1.jpg,0051_4.jpg,0,0.42416059970855713
cross_variable_same,165,54,1,4,0165_1.jpg,0054_4.jpg,0,0.498592734336853
cross_variable_same,165,63,1,4,0165_1.jpg,0063_4.jpg,0,0.5827791094779968
cross_variable_same,165,68,1,4,0165_1.jpg,0068_4.jpg,0,0.37585532665252686
cross_variable_same,165,69,1,4,0165_1.jpg,0069_4.jpg,0,0.3809703290462494
cross_variable_same,165,73,1,4,0165_1.jpg,0073_4.jpg,0,0.31384119391441345
cross_variable_same,165,95,1,4,0165_1.jpg,0095_4.jpg,0,0.39917898178100586
cross_variable_same,165,121,1,4,0165_1.jpg,0121_4.jpg,0,0.15582241117954254
cross_variable_same,165,128,1,4,0165_1.jpg,0128_4.jpg,0,0.47534266114234924
cross_variable_same,165,129,1,4,0165_1.jpg,0129_4.jpg,0,0.3015574514865875
cross_variable_same,165,131,1,4,0165_1.jpg,0131_4.jpg,0,0.541960597038269
cross_variable_same,165,139,1,4,0165_1.jpg,0139_4.jpg,0,0.21115639805793762
cross_variable_same,165,144,1,4,0165_1.jpg,0144_4.jpg,0,0.3900511562824249
cross_variable_same,165,145,1,4,0165_1.jpg,0145_4.jpg,0,0.1133800595998764
cross_variable_same,165,150,1,4,0165_1.jpg,0150_4.jpg,0,0.30897605419158936
cross_variable_same,165,160,1,4,0165_1.jpg,0160_4.jpg,0,0.3379310965538025
cross_variable_same,165,165,1,4,0165_1.jpg,0165_4.jpg,1,0.6132372617721558
cross_variable_same,165,166,1,4,0165_1.jpg,0166_4.jpg,0,0.5712220668792725
cross_variable_same,165,170,1,4,0165_1.jpg,0170_4.jpg,0,0.2266245186328888
cross_variable_same,165,174,1,4,0165_1.jpg,0174_4.jpg,0,0.3637281656265259
cross_variable_same,165,176,1,4,0165_1.jpg,0176_4.jpg,0,0.43558788299560547
cross_variable_same,165,193,1,4,0165_1.jpg,0193_4.jpg,0,0.06674143671989441
cross_variable_same,165,202,1,4,0165_1.jpg,0202_4.jpg,0,0.4518071115016937
cross_variable_same,165,205,1,4,0165_1.jpg,0205_4.jpg,0,0.3890824615955353
cross_variable_same,165,210,1,4,0165_1.jpg,0210_4.jpg,0,0.49743199348449707
cross_variable_same,165,218,1,4,0165_1.jpg,0218_4.jpg,0,0.22210153937339783
cross_variable_same,165,222,1,4,0165_1.jpg,0222_4.jpg,0,0.2951129376888275
cross_variable_same,165,238,1,4,0165_1.jpg,0238_4.jpg,0,0.28879502415657043
cross_variable_same,165,253,1,4,0165_1.jpg,0253_4.jpg,0,0.36636295914649963
cross_variable_same,165,254,1,4,0165_1.jpg,0254_4.jpg,0,0.2478979080915451
cross_variable_same,165,257,1,4,0165_1.jpg,0257_4.jpg,0,0.3020361363887787
cross_variable_same,165,258,1,4,0165_1.jpg,0258_4.jpg,0,0.31541532278060913
cross_variable_same,165,268,1,4,0165_1.jpg,0268_4.jpg,0,0.17471125721931458
cross_variable_same,165,269,1,4,0165_1.jpg,0269_4.jpg,0,0.26165008544921875
cross_variable_same,165,270,1,4,0165_1.jpg,0270_4.jpg,0,0.4153372347354889
cross_variable_same,165,277,1,4,0165_1.jpg,0277_4.jpg,0,0.5384836196899414
cross_variable_same,165,278,1,4,0165_1.jpg,0278_4.jpg,0,0.5926302075386047
cross_variable_same,166,5,1,4,0166_1.jpg,0005_4.jpg,0,0.3800918161869049
cross_variable_same,166,9,1,4,0166_1.jpg,0009_4.jpg,0,0.6606580018997192
cross_variable_same,166,10,1,4,0166_1.jpg,0010_4.jpg,0,0.25852006673812866
cross_variable_same,166,28,1,4,0166_1.jpg,0028_4.jpg,0,0.872859001159668
cross_variable_same,166,32,1,4,0166_1.jpg,0032_4.jpg,0,0.4585839807987213
cross_variable_same,166,33,1,4,0166_1.jpg,0033_4.jpg,0,0.24909663200378418
cross_variable_same,166,34,1,4,0166_1.jpg,0034_4.jpg,0,0.3632676899433136
cross_variable_same,166,44,1,4,0166_1.jpg,0044_4.jpg,0,0.6197217702865601
cross_variable_same,166,51,1,4,0166_1.jpg,0051_4.jpg,0,0.6298477649688721
cross_variable_same,166,54,1,4,0166_1.jpg,0054_4.jpg,0,0.6464278101921082
cross_variable_same,166,63,1,4,0166_1.jpg,0063_4.jpg,0,0.40947312116622925
cross_variable_same,166,68,1,4,0166_1.jpg,0068_4.jpg,0,0.47903695702552795
cross_variable_same,166,69,1,4,0166_1.jpg,0069_4.jpg,0,0.22019708156585693
cross_variable_same,166,73,1,4,0166_1.jpg,0073_4.jpg,0,0.6250351071357727
cross_variable_same,166,95,1,4,0166_1.jpg,0095_4.jpg,0,0.24157503247261047
cross_variable_same,166,121,1,4,0166_1.jpg,0121_4.jpg,0,0.1684761792421341
cross_variable_same,166,128,1,4,0166_1.jpg,0128_4.jpg,0,0.3611568510532379
cross_variable_same,166,129,1,4,0166_1.jpg,0129_4.jpg,0,0.2027588039636612
cross_variable_same,166,131,1,4,0166_1.jpg,0131_4.jpg,0,0.8258489966392517
cross_variable_same,166,139,1,4,0166_1.jpg,0139_4.jpg,0,0.042499031871557236
cross_variable_same,166,144,1,4,0166_1.jpg,0144_4.jpg,0,0.12366440892219543
cross_variable_same,166,145,1,4,0166_1.jpg,0145_4.jpg,0,0.348671555519104
cross_variable_same,166,150,1,4,0166_1.jpg,0150_4.jpg,0,0.7246298789978027
cross_variable_same,166,160,1,4,0166_1.jpg,0160_4.jpg,0,0.7721385955810547
cross_variable_same,166,165,1,4,0166_1.jpg,0165_4.jpg,0,0.8030450344085693
cross_variable_same,166,166,1,4,0166_1.jpg,0166_4.jpg,1,0.8838342428207397
cross_variable_same,166,170,1,4,0166_1.jpg,0170_4.jpg,0,0.27867844700813293
cross_variable_same,166,174,1,4,0166_1.jpg,0174_4.jpg,0,0.11594976484775543
cross_variable_same,166,176,1,4,0166_1.jpg,0176_4.jpg,0,0.8146364092826843
cross_variable_same,166,193,1,4,0166_1.jpg,0193_4.jpg,0,0.37186792492866516
cross_variable_same,166,202,1,4,0166_1.jpg,0202_4.jpg,0,0.2755875885486603
cross_variable_same,166,205,1,4,0166_1.jpg,0205_4.jpg,0,0.1708783358335495
cross_variable_same,166,210,1,4,0166_1.jpg,0210_4.jpg,0,0.7527148127555847
cross_variable_same,166,218,1,4,0166_1.jpg,0218_4.jpg,0,0.2730051279067993
cross_variable_same,166,222,1,4,0166_1.jpg,0222_4.jpg,0,0.03758788853883743
cross_variable_same,166,238,1,4,0166_1.jpg,0238_4.jpg,0,0.13549603521823883
cross_variable_same,166,253,1,4,0166_1.jpg,0253_4.jpg,0,0.7828036546707153
cross_variable_same,166,254,1,4,0166_1.jpg,0254_4.jpg,0,-0.08451239764690399
cross_variable_same,166,257,1,4,0166_1.jpg,0257_4.jpg,0,-0.010751214809715748
cross_variable_same,166,258,1,4,0166_1.jpg,0258_4.jpg,0,0.019063064828515053
cross_variable_same,166,268,1,4,0166_1.jpg,0268_4.jpg,0,-0.03356003388762474
cross_variable_same,166,269,1,4,0166_1.jpg,0269_4.jpg,0,0.06606782972812653
cross_variable_same,166,270,1,4,0166_1.jpg,0270_4.jpg,0,0.17462322115898132
cross_variable_same,166,277,1,4,0166_1.jpg,0277_4.jpg,0,0.5423909425735474
cross_variable_same,166,278,1,4,0166_1.jpg,0278_4.jpg,0,0.35055607557296753
cross_variable_same,170,5,1,4,0170_1.jpg,0005_4.jpg,0,0.26165932416915894
cross_variable_same,170,9,1,4,0170_1.jpg,0009_4.jpg,0,0.4273328483104706
cross_variable_same,170,10,1,4,0170_1.jpg,0010_4.jpg,0,0.4595058560371399
cross_variable_same,170,28,1,4,0170_1.jpg,0028_4.jpg,0,0.3745788335800171
cross_variable_same,170,32,1,4,0170_1.jpg,0032_4.jpg,0,0.0784173235297203
cross_variable_same,170,33,1,4,0170_1.jpg,0033_4.jpg,0,0.5099560618400574
cross_variable_same,170,34,1,4,0170_1.jpg,0034_4.jpg,0,-0.06740276515483856
cross_variable_same,170,44,1,4,0170_1.jpg,0044_4.jpg,0,0.09255146235227585
cross_variable_same,170,51,1,4,0170_1.jpg,0051_4.jpg,0,0.7057510018348694
cross_variable_same,170,54,1,4,0170_1.jpg,0054_4.jpg,0,0.15343567728996277
cross_variable_same,170,63,1,4,0170_1.jpg,0063_4.jpg,0,0.2871522307395935
cross_variable_same,170,68,1,4,0170_1.jpg,0068_4.jpg,0,0.41423147916793823
cross_variable_same,170,69,1,4,0170_1.jpg,0069_4.jpg,0,0.5098323822021484
cross_variable_same,170,73,1,4,0170_1.jpg,0073_4.jpg,0,0.7094325423240662
cross_variable_same,170,95,1,4,0170_1.jpg,0095_4.jpg,0,0.052019231021404266
cross_variable_same,170,121,1,4,0170_1.jpg,0121_4.jpg,0,-0.16717638075351715
cross_variable_same,170,128,1,4,0170_1.jpg,0128_4.jpg,0,0.36563050746917725
cross_variable_same,170,129,1,4,0170_1.jpg,0129_4.jpg,0,0.6538423299789429
cross_variable_same,170,131,1,4,0170_1.jpg,0131_4.jpg,0,0.2922920286655426
cross_variable_same,170,139,1,4,0170_1.jpg,0139_4.jpg,0,0.5343464016914368
cross_variable_same,170,144,1,4,0170_1.jpg,0144_4.jpg,0,0.1354619711637497
cross_variable_same,170,145,1,4,0170_1.jpg,0145_4.jpg,0,0.7333883047103882
cross_variable_same,170,150,1,4,0170_1.jpg,0150_4.jpg,0,0.15742303431034088
cross_variable_same,170,160,1,4,0170_1.jpg,0160_4.jpg,0,0.6357613205909729
cross_variable_same,170,165,1,4,0170_1.jpg,0165_4.jpg,0,0.4986914098262787
cross_variable_same,170,166,1,4,0170_1.jpg,0166_4.jpg,0,0.4378395974636078
cross_variable_same,170,170,1,4,0170_1.jpg,0170_4.jpg,1,0.7466301918029785
cross_variable_same,170,174,1,4,0170_1.jpg,0174_4.jpg,0,0.4210073947906494
cross_variable_same,170,176,1,4,0170_1.jpg,0176_4.jpg,0,0.33692383766174316
cross_variable_same,170,193,1,4,0170_1.jpg,0193_4.jpg,0,0.328005313873291
cross_variable_same,170,202,1,4,0170_1.jpg,0202_4.jpg,0,-0.05098557472229004
cross_variable_same,170,205,1,4,0170_1.jpg,0205_4.jpg,0,0.47832587361335754
cross_variable_same,170,210,1,4,0170_1.jpg,0210_4.jpg,0,0.4787502586841583
cross_variable_same,170,218,1,4,0170_1.jpg,0218_4.jpg,0,-0.10097011923789978
cross_variable_same,170,222,1,4,0170_1.jpg,0222_4.jpg,0,0.020237989723682404
cross_variable_same,170,238,1,4,0170_1.jpg,0238_4.jpg,0,0.054848529398441315
cross_variable_same,170,253,1,4,0170_1.jpg,0253_4.jpg,0,0.22252607345581055
cross_variable_same,170,254,1,4,0170_1.jpg,0254_4.jpg,0,0.26667240262031555
cross_variable_same,170,257,1,4,0170_1.jpg,0257_4.jpg,0,0.3488349914550781
cross_variable_same,170,258,1,4,0170_1.jpg,0258_4.jpg,0,-0.008541516959667206
cross_variable_same,170,268,1,4,0170_1.jpg,0268_4.jpg,0,0.34727364778518677
cross_variable_same,170,269,1,4,0170_1.jpg,0269_4.jpg,0,0.000383421138394624
cross_variable_same,170,270,1,4,0170_1.jpg,0270_4.jpg,0,0.5373422503471375
cross_variable_same,170,277,1,4,0170_1.jpg,0277_4.jpg,0,0.43956199288368225
cross_variable_same,170,278,1,4,0170_1.jpg,0278_4.jpg,0,0.28667891025543213
cross_variable_same,174,5,1,4,0174_1.jpg,0005_4.jpg,0,0.649400532245636
cross_variable_same,174,9,1,4,0174_1.jpg,0009_4.jpg,0,0.6048792600631714
cross_variable_same,174,10,1,4,0174_1.jpg,0010_4.jpg,0,-0.0705416351556778
cross_variable_same,174,28,1,4,0174_1.jpg,0028_4.jpg,0,0.09707549959421158
cross_variable_same,174,32,1,4,0174_1.jpg,0032_4.jpg,0,0.7099558711051941
cross_variable_same,174,33,1,4,0174_1.jpg,0033_4.jpg,0,0.6630483269691467
cross_variable_same,174,34,1,4,0174_1.jpg,0034_4.jpg,0,0.5255667567253113
cross_variable_same,174,44,1,4,0174_1.jpg,0044_4.jpg,0,0.11199220269918442
cross_variable_same,174,51,1,4,0174_1.jpg,0051_4.jpg,0,0.5350319743156433
cross_variable_same,174,54,1,4,0174_1.jpg,0054_4.jpg,0,0.49246513843536377
cross_variable_same,174,63,1,4,0174_1.jpg,0063_4.jpg,0,0.7836828231811523
cross_variable_same,174,68,1,4,0174_1.jpg,0068_4.jpg,0,0.38174793124198914
cross_variable_same,174,69,1,4,0174_1.jpg,0069_4.jpg,0,0.61037677526474
cross_variable_same,174,73,1,4,0174_1.jpg,0073_4.jpg,0,-0.04886047542095184
cross_variable_same,174,95,1,4,0174_1.jpg,0095_4.jpg,0,0.5017319321632385
cross_variable_same,174,121,1,4,0174_1.jpg,0121_4.jpg,0,0.48647618293762207
cross_variable_same,174,128,1,4,0174_1.jpg,0128_4.jpg,0,0.799207329750061
cross_variable_same,174,129,1,4,0174_1.jpg,0129_4.jpg,0,0.6052116751670837
cross_variable_same,174,131,1,4,0174_1.jpg,0131_4.jpg,0,0.21766343712806702
cross_variable_same,174,139,1,4,0174_1.jpg,0139_4.jpg,0,0.5718783736228943
cross_variable_same,174,144,1,4,0174_1.jpg,0144_4.jpg,0,0.8306103348731995
cross_variable_same,174,145,1,4,0174_1.jpg,0145_4.jpg,0,0.1772984117269516
cross_variable_same,174,150,1,4,0174_1.jpg,0150_4.jpg,0,-0.1408495157957077
cross_variable_same,174,160,1,4,0174_1.jpg,0160_4.jpg,0,0.40597668290138245
cross_variable_same,174,165,1,4,0174_1.jpg,0165_4.jpg,0,0.3919961154460907
cross_variable_same,174,166,1,4,0174_1.jpg,0166_4.jpg,0,0.19559025764465332
cross_variable_same,174,170,1,4,0174_1.jpg,0170_4.jpg,0,0.501095175743103
cross_variable_same,174,174,1,4,0174_1.jpg,0174_4.jpg,1,0.8439087271690369
cross_variable_same,174,176,1,4,0174_1.jpg,0176_4.jpg,0,0.07465309649705887
cross_variable_same,174,193,1,4,0174_1.jpg,0193_4.jpg,0,-0.37236133217811584
cross_variable_same,174,202,1,4,0174_1.jpg,0202_4.jpg,0,0.3471764624118805
cross_variable_same,174,205,1,4,0174_1.jpg,0205_4.jpg,0,0.75916588306427
cross_variable_same,174,210,1,4,0174_1.jpg,0210_4.jpg,0,0.45836663246154785
cross_variable_same,174,218,1,4,0174_1.jpg,0218_4.jpg,0,0.20088931918144226
cross_variable_same,174,222,1,4,0174_1.jpg,0222_4.jpg,0,0.8262550234794617
cross_variable_same,174,238,1,4,0174_1.jpg,0238_4.jpg,0,0.7225256562232971
cross_variable_same,174,253,1,4,0174_1.jpg,0253_4.jpg,0,0.21346677839756012
cross_variable_same,174,254,1,4,0174_1.jpg,0254_4.jpg,0,0.7905373573303223
cross_variable_same,174,257,1,4,0174_1.jpg,0257_4.jpg,0,0.7945020794868469
cross_variable_same,174,258,1,4,0174_1.jpg,0258_4.jpg,0,0.8607878088951111
cross_variable_same,174,268,1,4,0174_1.jpg,0268_4.jpg,0,0.5973437428474426
cross_variable_same,174,269,1,4,0174_1.jpg,0269_4.jpg,0,0.7257123589515686
cross_variable_same,174,270,1,4,0174_1.jpg,0270_4.jpg,0,0.6248234510421753
cross_variable_same,174,277,1,4,0174_1.jpg,0277_4.jpg,0,0.6615789532661438
cross_variable_same,174,278,1,4,0174_1.jpg,0278_4.jpg,0,0.7839305996894836
cross_variable_same,176,5,1,4,0176_1.jpg,0005_4.jpg,0,0.6514381170272827
cross_variable_same,176,9,1,4,0176_1.jpg,0009_4.jpg,0,0.7679578065872192
cross_variable_same,176,10,1,4,0176_1.jpg,0010_4.jpg,0,0.02020665816962719
cross_variable_same,176,28,1,4,0176_1.jpg,0028_4.jpg,0,0.6622483134269714
cross_variable_same,176,32,1,4,0176_1.jpg,0032_4.jpg,0,0.760166585445404
cross_variable_same,176,33,1,4,0176_1.jpg,0033_4.jpg,0,0.5172500014305115
cross_variable_same,176,34,1,4,0176_1.jpg,0034_4.jpg,0,0.5739076137542725
cross_variable_same,176,44,1,4,0176_1.jpg,0044_4.jpg,0,0.5728381276130676
cross_variable_same,176,51,1,4,0176_1.jpg,0051_4.jpg,0,0.7073022127151489
cross_variable_same,176,54,1,4,0176_1.jpg,0054_4.jpg,0,0.7750174403190613
cross_variable_same,176,63,1,4,0176_1.jpg,0063_4.jpg,0,0.7396930456161499
cross_variable_same,176,68,1,4,0176_1.jpg,0068_4.jpg,0,0.4694344699382782
cross_variable_same,176,69,1,4,0176_1.jpg,0069_4.jpg,0,0.4462212920188904
cross_variable_same,176,73,1,4,0176_1.jpg,0073_4.jpg,0,0.3464301526546478
cross_variable_same,176,95,1,4,0176_1.jpg,0095_4.jpg,0,0.4407673180103302
cross_variable_same,176,121,1,4,0176_1.jpg,0121_4.jpg,0,0.5185962319374084
cross_variable_same,176,128,1,4,0176_1.jpg,0128_4.jpg,0,0.6925191879272461
cross_variable_same,176,129,1,4,0176_1.jpg,0129_4.jpg,0,0.4176154136657715
cross_variable_same,176,131,1,4,0176_1.jpg,0131_4.jpg,0,0.7307571768760681
cross_variable_same,176,139,1,4,0176_1.jpg,0139_4.jpg,0,0.2611612379550934
cross_variable_same,176,144,1,4,0176_1.jpg,0144_4.jpg,0,0.6093717813491821
cross_variable_same,176,145,1,4,0176_1.jpg,0145_4.jpg,0,0.19490325450897217
cross_variable_same,176,150,1,4,0176_1.jpg,0150_4.jpg,0,0.5141763091087341
cross_variable_same,176,160,1,4,0176_1.jpg,0160_4.jpg,0,0.6797353029251099
cross_variable_same,176,165,1,4,0176_1.jpg,0165_4.jpg,0,0.7235667705535889
cross_variable_same,176,166,1,4,0176_1.jpg,0166_4.jpg,0,0.747566819190979
cross_variable_same,176,170,1,4,0176_1.jpg,0170_4.jpg,0,0.34129372239112854
cross_variable_same,176,174,1,4,0176_1.jpg,0174_4.jpg,0,0.48719966411590576
cross_variable_same,176,176,1,4,0176_1.jpg,0176_4.jpg,1,0.7216066718101501
cross_variable_same,176,193,1,4,0176_1.jpg,0193_4.jpg,0,0.016606219112873077
cross_variable_same,176,202,1,4,0176_1.jpg,0202_4.jpg,0,0.4727143347263336
cross_variable_same,176,205,1,4,0176_1.jpg,0205_4.jpg,0,0.4832038879394531
cross_variable_same,176,210,1,4,0176_1.jpg,0210_4.jpg,0,0.7077018618583679
cross_variable_same,176,218,1,4,0176_1.jpg,0218_4.jpg,0,0.37614837288856506
cross_variable_same,176,222,1,4,0176_1.jpg,0222_4.jpg,0,0.5250384211540222
cross_variable_same,176,238,1,4,0176_1.jpg,0238_4.jpg,0,0.5021698474884033
cross_variable_same,176,253,1,4,0176_1.jpg,0253_4.jpg,0,0.6683011054992676
cross_variable_same,176,254,1,4,0176_1.jpg,0254_4.jpg,0,0.3399035930633545
cross_variable_same,176,257,1,4,0176_1.jpg,0257_4.jpg,0,0.4261837303638458
cross_variable_same,176,258,1,4,0176_1.jpg,0258_4.jpg,0,0.4848119020462036
cross_variable_same,176,268,1,4,0176_1.jpg,0268_4.jpg,0,0.261820524930954
cross_variable_same,176,269,1,4,0176_1.jpg,0269_4.jpg,0,0.5114083290100098
cross_variable_same,176,270,1,4,0176_1.jpg,0270_4.jpg,0,0.42106667160987854
cross_variable_same,176,277,1,4,0176_1.jpg,0277_4.jpg,0,0.7572137117385864
cross_variable_same,176,278,1,4,0176_1.jpg,0278_4.jpg,0,0.5816394090652466
cross_variable_same,193,5,1,4,0193_1.jpg,0005_4.jpg,0,-0.034792836755514145
cross_variable_same,193,9,1,4,0193_1.jpg,0009_4.jpg,0,-0.021425826475024223
cross_variable_same,193,10,1,4,0193_1.jpg,0010_4.jpg,0,0.7997816801071167
cross_variable_same,193,28,1,4,0193_1.jpg,0028_4.jpg,0,0.35451391339302063
cross_variable_same,193,32,1,4,0193_1.jpg,0032_4.jpg,0,-0.21042469143867493
cross_variable_same,193,33,1,4,0193_1.jpg,0033_4.jpg,0,0.14311447739601135
cross_variable_same,193,34,1,4,0193_1.jpg,0034_4.jpg,0,-0.17524512112140656
cross_variable_same,193,44,1,4,0193_1.jpg,0044_4.jpg,0,0.31289827823638916
cross_variable_same,193,51,1,4,0193_1.jpg,0051_4.jpg,0,0.35183846950531006
cross_variable_same,193,54,1,4,0193_1.jpg,0054_4.jpg,0,0.04814303666353226
cross_variable_same,193,63,1,4,0193_1.jpg,0063_4.jpg,0,-0.24695482850074768
cross_variable_same,193,68,1,4,0193_1.jpg,0068_4.jpg,0,0.4480595290660858
cross_variable_same,193,69,1,4,0193_1.jpg,0069_4.jpg,0,0.2180468589067459
cross_variable_same,193,73,1,4,0193_1.jpg,0073_4.jpg,0,0.8230259418487549
cross_variable_same,193,95,1,4,0193_1.jpg,0095_4.jpg,0,0.17039422690868378
cross_variable_same,193,121,1,4,0193_1.jpg,0121_4.jpg,0,-0.0550992414355278
cross_variable_same,193,128,1,4,0193_1.jpg,0128_4.jpg,0,-0.14700086414813995
cross_variable_same,193,129,1,4,0193_1.jpg,0129_4.jpg,0,0.13818998634815216
cross_variable_same,193,131,1,4,0193_1.jpg,0131_4.jpg,0,0.2674989402294159
cross_variable_same,193,139,1,4,0193_1.jpg,0139_4.jpg,0,0.3147102892398834
cross_variable_same,193,144,1,4,0193_1.jpg,0144_4.jpg,0,-0.13561934232711792
cross_variable_same,193,145,1,4,0193_1.jpg,0145_4.jpg,0,0.7036116719245911
cross_variable_same,193,150,1,4,0193_1.jpg,0150_4.jpg,0,0.44269508123397827
cross_variable_same,193,160,1,4,0193_1.jpg,0160_4.jpg,0,0.2079298496246338
cross_variable_same,193,165,1,4,0193_1.jpg,0165_4.jpg,0,0.008933220990002155
cross_variable_same,193,166,1,4,0193_1.jpg,0166_4.jpg,0,0.29960182309150696
cross_variable_same,193,170,1,4,0193_1.jpg,0170_4.jpg,0,0.296475350856781
cross_variable_same,193,174,1,4,0193_1.jpg,0174_4.jpg,0,-0.22536392509937286
cross_variable_same,193,176,1,4,0193_1.jpg,0176_4.jpg,0,0.3325248956680298
cross_variable_same,193,193,1,4,0193_1.jpg,0193_4.jpg,1,0.8704613447189331
cross_variable_same,193,202,1,4,0193_1.jpg,0202_4.jpg,0,0.09296604990959167
cross_variable_same,193,205,1,4,0193_1.jpg,0205_4.jpg,0,0.048695094883441925
cross_variable_same,193,210,1,4,0193_1.jpg,0210_4.jpg,0,0.06342720240354538
cross_variable_same,193,218,1,4,0193_1.jpg,0218_4.jpg,0,0.2781887650489807
cross_variable_same,193,222,1,4,0193_1.jpg,0222_4.jpg,0,-0.28196969628334045
cross_variable_same,193,238,1,4,0193_1.jpg,0238_4.jpg,0,-0.21002095937728882
cross_variable_same,193,253,1,4,0193_1.jpg,0253_4.jpg,0,0.2077241837978363
cross_variable_same,193,254,1,4,0193_1.jpg,0254_4.jpg,0,-0.211984783411026
cross_variable_same,193,257,1,4,0193_1.jpg,0257_4.jpg,0,-0.11507249623537064
cross_variable_same,193,258,1,4,0193_1.jpg,0258_4.jpg,0,-0.4216547906398773
cross_variable_same,193,268,1,4,0193_1.jpg,0268_4.jpg,0,0.16338321566581726
cross_variable_same,193,269,1,4,0193_1.jpg,0269_4.jpg,0,-0.13884574174880981
cross_variable_same,193,270,1,4,0193_1.jpg,0270_4.jpg,0,0.14923225343227386
cross_variable_same,193,277,1,4,0193_1.jpg,0277_4.jpg,0,0.05578070506453514
cross_variable_same,193,278,1,4,0193_1.jpg,0278_4.jpg,0,-0.07499928772449493
cross_variable_same,202,5,1,4,0202_1.jpg,0005_4.jpg,0,0.5450018644332886
cross_variable_same,202,9,1,4,0202_1.jpg,0009_4.jpg,0,0.5037663578987122
cross_variable_same,202,10,1,4,0202_1.jpg,0010_4.jpg,0,0.24994978308677673
cross_variable_same,202,28,1,4,0202_1.jpg,0028_4.jpg,0,0.6397304534912109
cross_variable_same,202,32,1,4,0202_1.jpg,0032_4.jpg,0,0.7187162637710571
cross_variable_same,202,33,1,4,0202_1.jpg,0033_4.jpg,0,0.23865093290805817
cross_variable_same,202,34,1,4,0202_1.jpg,0034_4.jpg,0,0.7741363048553467
cross_variable_same,202,44,1,4,0202_1.jpg,0044_4.jpg,0,0.862706184387207
cross_variable_same,202,51,1,4,0202_1.jpg,0051_4.jpg,0,0.35095542669296265
cross_variable_same,202,54,1,4,0202_1.jpg,0054_4.jpg,0,0.8068540096282959
cross_variable_same,202,63,1,4,0202_1.jpg,0063_4.jpg,0,0.458626389503479
cross_variable_same,202,68,1,4,0202_1.jpg,0068_4.jpg,0,0.675199031829834
cross_variable_same,202,69,1,4,0202_1.jpg,0069_4.jpg,0,0.3163674771785736
cross_variable_same,202,73,1,4,0202_1.jpg,0073_4.jpg,0,0.34943854808807373
cross_variable_same,202,95,1,4,0202_1.jpg,0095_4.jpg,0,0.789851725101471
cross_variable_same,202,121,1,4,0202_1.jpg,0121_4.jpg,0,0.7848351001739502
cross_variable_same,202,128,1,4,0202_1.jpg,0128_4.jpg,0,0.3955298066139221
cross_variable_same,202,129,1,4,0202_1.jpg,0129_4.jpg,0,-0.038982219994068146
cross_variable_same,202,131,1,4,0202_1.jpg,0131_4.jpg,0,0.6933563351631165
cross_variable_same,202,139,1,4,0202_1.jpg,0139_4.jpg,0,0.09146419912576675
cross_variable_same,202,144,1,4,0202_1.jpg,0144_4.jpg,0,0.5557466745376587
cross_variable_same,202,145,1,4,0202_1.jpg,0145_4.jpg,0,0.08929014205932617
cross_variable_same,202,150,1,4,0202_1.jpg,0150_4.jpg,0,0.7707063555717468
cross_variable_same,202,160,1,4,0202_1.jpg,0160_4.jpg,0,0.32152438163757324
cross_variable_same,202,165,1,4,0202_1.jpg,0165_4.jpg,0,0.35281771421432495
cross_variable_same,202,166,1,4,0202_1.jpg,0166_4.jpg,0,0.5746937990188599
cross_variable_same,202,170,1,4,0202_1.jpg,0170_4.jpg,0,-0.11313587427139282
cross_variable_same,202,174,1,4,0202_1.jpg,0174_4.jpg,0,-0.0017404085956513882
cross_variable_same,202,176,1,4,0202_1.jpg,0176_4.jpg,0,0.7120816111564636
cross_variable_same,202,193,1,4,0202_1.jpg,0193_4.jpg,0,0.3762786090373993
cross_variable_same,202,202,1,4,0202_1.jpg,0202_4.jpg,1,0.8448486924171448
cross_variable_same,202,205,1,4,0202_1.jpg,0205_4.jpg,0,0.21822021901607513
cross_variable_same,202,210,1,4,0202_1.jpg,0210_4.jpg,0,0.36939185857772827
cross_variable_same,202,218,1,4,0202_1.jpg,0218_4.jpg,0,0.8733999133110046
cross_variable_same,202,222,1,4,0202_1.jpg,0222_4.jpg,0,0.4831571877002716
cross_variable_same,202,238,1,4,0202_1.jpg,0238_4.jpg,0,0.5806827545166016
cross_variable_same,202,253,1,4,0202_1.jpg,0253_4.jpg,0,0.7719758152961731
cross_variable_same,202,254,1,4,0202_1.jpg,0254_4.jpg,0,0.06577066332101822
cross_variable_same,202,257,1,4,0202_1.jpg,0257_4.jpg,0,0.1015310063958168
cross_variable_same,202,258,1,4,0202_1.jpg,0258_4.jpg,0,0.4239876866340637
cross_variable_same,202,268,1,4,0202_1.jpg,0268_4.jpg,0,0.1439647674560547
cross_variable_same,202,269,1,4,0202_1.jpg,0269_4.jpg,0,0.6315627098083496
cross_variable_same,202,270,1,4,0202_1.jpg,0270_4.jpg,0,0.1850767731666565
cross_variable_same,202,277,1,4,0202_1.jpg,0277_4.jpg,0,0.5704668164253235
cross_variable_same,202,278,1,4,0202_1.jpg,0278_4.jpg,0,0.5474603176116943
cross_variable_same,205,5,1,4,0205_1.jpg,0005_4.jpg,0,0.6631197333335876
cross_variable_same,205,9,1,4,0205_1.jpg,0009_4.jpg,0,0.703022837638855
cross_variable_same,205,10,1,4,0205_1.jpg,0010_4.jpg,0,0.23254403471946716
cross_variable_same,205,28,1,4,0205_1.jpg,0028_4.jpg,0,0.603710949420929
cross_variable_same,205,32,1,4,0205_1.jpg,0032_4.jpg,0,0.8734059929847717
cross_variable_same,205,33,1,4,0205_1.jpg,0033_4.jpg,0,0.5064666867256165
cross_variable_same,205,34,1,4,0205_1.jpg,0034_4.jpg,0,0.81460040807724
cross_variable_same,205,44,1,4,0205_1.jpg,0044_4.jpg,0,0.7650257349014282
cross_variable_same,205,51,1,4,0205_1.jpg,0051_4.jpg,0,0.5633716583251953
cross_variable_same,205,54,1,4,0205_1.jpg,0054_4.jpg,0,0.8045687675476074
cross_variable_same,205,63,1,4,0205_1.jpg,0063_4.jpg,0,0.7034137845039368
cross_variable_same,205,68,1,4,0205_1.jpg,0068_4.jpg,0,0.7231537699699402
cross_variable_same,205,69,1,4,0205_1.jpg,0069_4.jpg,0,0.5613850951194763
cross_variable_same,205,73,1,4,0205_1.jpg,0073_4.jpg,0,0.4075123965740204
cross_variable_same,205,95,1,4,0205_1.jpg,0095_4.jpg,0,0.8005480766296387
cross_variable_same,205,121,1,4,0205_1.jpg,0121_4.jpg,0,0.7453010082244873
cross_variable_same,205,128,1,4,0205_1.jpg,0128_4.jpg,0,0.6602964401245117
cross_variable_same,205,129,1,4,0205_1.jpg,0129_4.jpg,0,0.2700728476047516
cross_variable_same,205,131,1,4,0205_1.jpg,0131_4.jpg,0,0.6669521331787109
cross_variable_same,205,139,1,4,0205_1.jpg,0139_4.jpg,0,0.3468952476978302
cross_variable_same,205,144,1,4,0205_1.jpg,0144_4.jpg,0,0.783807635307312
cross_variable_same,205,145,1,4,0205_1.jpg,0145_4.jpg,0,0.20624418556690216
cross_variable_same,205,150,1,4,0205_1.jpg,0150_4.jpg,0,0.6012065410614014
cross_variable_same,205,160,1,4,0205_1.jpg,0160_4.jpg,0,0.4859868884086609
cross_variable_same,205,165,1,4,0205_1.jpg,0165_4.jpg,0,0.4880235195159912
cross_variable_same,205,166,1,4,0205_1.jpg,0166_4.jpg,0,0.6009302735328674
cross_variable_same,205,170,1,4,0205_1.jpg,0170_4.jpg,0,0.19322004914283752
cross_variable_same,205,174,1,4,0205_1.jpg,0174_4.jpg,0,0.3587281107902527
cross_variable_same,205,176,1,4,0205_1.jpg,0176_4.jpg,0,0.6847786903381348
cross_variable_same,205,193,1,4,0205_1.jpg,0193_4.jpg,0,0.22728554904460907
cross_variable_same,205,202,1,4,0205_1.jpg,0202_4.jpg,0,0.8411980867385864
cross_variable_same,205,205,1,4,0205_1.jpg,0205_4.jpg,1,0.5618879199028015
cross_variable_same,205,210,1,4,0205_1.jpg,0210_4.jpg,0,0.5042380690574646
cross_variable_same,205,218,1,4,0205_1.jpg,0218_4.jpg,0,0.7720171213150024
cross_variable_same,205,222,1,4,0205_1.jpg,0222_4.jpg,0,0.6927489638328552
cross_variable_same,205,238,1,4,0205_1.jpg,0238_4.jpg,0,0.7340468764305115
cross_variable_same,205,253,1,4,0205_1.jpg,0253_4.jpg,0,0.7023470401763916
cross_variable_same,205,254,1,4,0205_1.jpg,0254_4.jpg,0,0.36866897344589233
cross_variable_same,205,257,1,4,0205_1.jpg,0257_4.jpg,0,0.40599149465560913
cross_variable_same,205,258,1,4,0205_1.jpg,0258_4.jpg,0,0.6637589335441589
cross_variable_same,205,268,1,4,0205_1.jpg,0268_4.jpg,0,0.3667828440666199
cross_variable_same,205,269,1,4,0205_1.jpg,0269_4.jpg,0,0.7614593505859375
cross_variable_same,205,270,1,4,0205_1.jpg,0270_4.jpg,0,0.4550231099128723
cross_variable_same,205,277,1,4,0205_1.jpg,0277_4.jpg,0,0.7855176329612732
cross_variable_same,205,278,1,4,0205_1.jpg,0278_4.jpg,0,0.7650655508041382
cross_variable_same,210,5,1,4,0210_1.jpg,0005_4.jpg,0,0.5749679207801819
cross_variable_same,210,9,1,4,0210_1.jpg,0009_4.jpg,0,0.7886320948600769
cross_variable_same,210,10,1,4,0210_1.jpg,0010_4.jpg,0,0.07863131165504456
cross_variable_same,210,28,1,4,0210_1.jpg,0028_4.jpg,0,0.5785406827926636
cross_variable_same,210,32,1,4,0210_1.jpg,0032_4.jpg,0,0.6076170206069946
cross_variable_same,210,33,1,4,0210_1.jpg,0033_4.jpg,0,0.547147274017334
cross_variable_same,210,34,1,4,0210_1.jpg,0034_4.jpg,0,0.38259264826774597
cross_variable_same,210,44,1,4,0210_1.jpg,0044_4.jpg,0,0.30104535818099976
cross_variable_same,210,51,1,4,0210_1.jpg,0051_4.jpg,0,0.8129389882087708
cross_variable_same,210,54,1,4,0210_1.jpg,0054_4.jpg,0,0.6007443070411682
cross_variable_same,210,63,1,4,0210_1.jpg,0063_4.jpg,0,0.7084366679191589
cross_variable_same,210,68,1,4,0210_1.jpg,0068_4.jpg,0,0.45687198638916016
cross_variable_same,210,69,1,4,0210_1.jpg,0069_4.jpg,0,0.501664936542511
cross_variable_same,210,73,1,4,0210_1.jpg,0073_4.jpg,0,0.3870413899421692
cross_variable_same,210,95,1,4,0210_1.jpg,0095_4.jpg,0,0.2402411550283432
cross_variable_same,210,121,1,4,0210_1.jpg,0121_4.jpg,0,0.25553596019744873
cross_variable_same,210,128,1,4,0210_1.jpg,0128_4.jpg,0,0.7005542516708374
cross_variable_same,210,129,1,4,0210_1.jpg,0129_4.jpg,0,0.6502256393432617
cross_variable_same,210,131,1,4,0210_1.jpg,0131_4.jpg,0,0.5694504976272583
cross_variable_same,210,139,1,4,0210_1.jpg,0139_4.jpg,0,0.4042218327522278
cross_variable_same,210,144,1,4,0210_1.jpg,0144_4.jpg,0,0.490886390209198
cross_variable_same,210,145,1,4,0210_1.jpg,0145_4.jpg,0,0.4289861023426056
cross_variable_same,210,150,1,4,0210_1.jpg,0150_4.jpg,0,0.277223140001297
cross_variable_same,210,160,1,4,0210_1.jpg,0160_4.jpg,0,0.8506922125816345
cross_variable_same,210,165,1,4,0210_1.jpg,0165_4.jpg,0,0.8319289684295654
cross_variable_same,210,166,1,4,0210_1.jpg,0166_4.jpg,0,0.6669250726699829
cross_variable_same,210,170,1,4,0210_1.jpg,0170_4.jpg,0,0.6207982897758484
cross_variable_same,210,174,1,4,0210_1.jpg,0174_4.jpg,0,0.6571810245513916
cross_variable_same,210,176,1,4,0210_1.jpg,0176_4.jpg,0,0.5153355598449707
cross_variable_same,210,193,1,4,0210_1.jpg,0193_4.jpg,0,-0.050224412232637405
cross_variable_same,210,202,1,4,0210_1.jpg,0202_4.jpg,0,0.1905847191810608
cross_variable_same,210,205,1,4,0210_1.jpg,0205_4.jpg,0,0.5518600344657898
cross_variable_same,210,210,1,4,0210_1.jpg,0210_4.jpg,1,0.808818519115448
cross_variable_same,210,218,1,4,0210_1.jpg,0218_4.jpg,0,0.05673385411500931
cross_variable_same,210,222,1,4,0210_1.jpg,0222_4.jpg,0,0.42313244938850403
cross_variable_same,210,238,1,4,0210_1.jpg,0238_4.jpg,0,0.39014413952827454
cross_variable_same,210,253,1,4,0210_1.jpg,0253_4.jpg,0,0.5590855479240417
cross_variable_same,210,254,1,4,0210_1.jpg,0254_4.jpg,0,0.4355103671550751
cross_variable_same,210,257,1,4,0210_1.jpg,0257_4.jpg,0,0.48001015186309814
cross_variable_same,210,258,1,4,0210_1.jpg,0258_4.jpg,0,0.448560893535614
cross_variable_same,210,268,1,4,0210_1.jpg,0268_4.jpg,0,0.34657061100006104
cross_variable_same,210,269,1,4,0210_1.jpg,0269_4.jpg,0,0.3647920489311218
cross_variable_same,210,270,1,4,0210_1.jpg,0270_4.jpg,0,0.49154359102249146
cross_variable_same,210,277,1,4,0210_1.jpg,0277_4.jpg,0,0.7546870112419128
cross_variable_same,210,278,1,4,0210_1.jpg,0278_4.jpg,0,0.6052572131156921
cross_variable_same,218,5,1,4,0218_1.jpg,0005_4.jpg,0,0.279506653547287
cross_variable_same,218,9,1,4,0218_1.jpg,0009_4.jpg,0,0.34848397970199585
cross_variable_same,218,10,1,4,0218_1.jpg,0010_4.jpg,0,0.4082033634185791
cross_variable_same,218,28,1,4,0218_1.jpg,0028_4.jpg,0,0.7003375887870789
cross_variable_same,218,32,1,4,0218_1.jpg,0032_4.jpg,0,0.5948246717453003
cross_variable_same,218,33,1,4,0218_1.jpg,0033_4.jpg,0,0.03736324980854988
cross_variable_same,218,34,1,4,0218_1.jpg,0034_4.jpg,0,0.5623825192451477
cross_variable_same,218,44,1,4,0218_1.jpg,0044_4.jpg,0,0.8139159679412842
cross_variable_same,218,51,1,4,0218_1.jpg,0051_4.jpg,0,0.2278359830379486
cross_variable_same,218,54,1,4,0218_1.jpg,0054_4.jpg,0,0.6891782879829407
cross_variable_same,218,63,1,4,0218_1.jpg,0063_4.jpg,0,0.24087002873420715
cross_variable_same,218,68,1,4,0218_1.jpg,0068_4.jpg,0,0.5129563212394714
cross_variable_same,218,69,1,4,0218_1.jpg,0069_4.jpg,0,0.11006148904561996
cross_variable_same,218,73,1,4,0218_1.jpg,0073_4.jpg,0,0.43948304653167725
cross_variable_same,218,95,1,4,0218_1.jpg,0095_4.jpg,0,0.6394252777099609
cross_variable_same,218,121,1,4,0218_1.jpg,0121_4.jpg,0,0.535668671131134
cross_variable_same,218,128,1,4,0218_1.jpg,0128_4.jpg,0,0.14324218034744263
cross_variable_same,218,129,1,4,0218_1.jpg,0129_4.jpg,0,-0.1800028681755066
cross_variable_same,218,131,1,4,0218_1.jpg,0131_4.jpg,0,0.7203423976898193
cross_variable_same,218,139,1,4,0218_1.jpg,0139_4.jpg,0,0.011105162091553211
cross_variable_same,218,144,1,4,0218_1.jpg,0144_4.jpg,0,0.32053086161613464
cross_variable_same,218,145,1,4,0218_1.jpg,0145_4.jpg,0,0.09585505723953247
cross_variable_same,218,150,1,4,0218_1.jpg,0150_4.jpg,0,0.785240650177002
cross_variable_same,218,160,1,4,0218_1.jpg,0160_4.jpg,0,0.23636524379253387
cross_variable_same,218,165,1,4,0218_1.jpg,0165_4.jpg,0,0.3227013945579529
cross_variable_same,218,166,1,4,0218_1.jpg,0166_4.jpg,0,0.5585283637046814
cross_variable_same,218,170,1,4,0218_1.jpg,0170_4.jpg,0,-0.15751899778842926
cross_variable_same,218,174,1,4,0218_1.jpg,0174_4.jpg,0,-0.17939774692058563
cross_variable_same,218,176,1,4,0218_1.jpg,0176_4.jpg,0,0.6733443140983582
cross_variable_same,218,193,1,4,0218_1.jpg,0193_4.jpg,0,0.5650138258934021
cross_variable_same,218,202,1,4,0218_1.jpg,0202_4.jpg,0,0.7466108202934265
cross_variable_same,218,205,1,4,0218_1.jpg,0205_4.jpg,0,0.03196784108877182
cross_variable_same,218,210,1,4,0218_1.jpg,0210_4.jpg,0,0.33013254404067993
cross_variable_same,218,218,1,4,0218_1.jpg,0218_4.jpg,1,0.830714225769043
cross_variable_same,218,222,1,4,0218_1.jpg,0222_4.jpg,0,0.1888885498046875
cross_variable_same,218,238,1,4,0218_1.jpg,0238_4.jpg,0,0.32206788659095764
cross_variable_same,218,253,1,4,0218_1.jpg,0253_4.jpg,0,0.6931020021438599
cross_variable_same,218,254,1,4,0218_1.jpg,0254_4.jpg,0,-0.18041852116584778
cross_variable_same,218,257,1,4,0218_1.jpg,0257_4.jpg,0,-0.11666513234376907
cross_variable_same,218,258,1,4,0218_1.jpg,0258_4.jpg,0,0.17534711956977844
cross_variable_same,218,268,1,4,0218_1.jpg,0268_4.jpg,0,-0.026213567703962326
cross_variable_same,218,269,1,4,0218_1.jpg,0269_4.jpg,0,0.35686901211738586
cross_variable_same,218,270,1,4,0218_1.jpg,0270_4.jpg,0,0.02997293509542942
cross_variable_same,218,277,1,4,0218_1.jpg,0277_4.jpg,0,0.4121805727481842
cross_variable_same,218,278,1,4,0218_1.jpg,0278_4.jpg,0,0.3921796679496765
cross_variable_same,222,5,1,4,0222_1.jpg,0005_4.jpg,0,0.5313215851783752
cross_variable_same,222,9,1,4,0222_1.jpg,0009_4.jpg,0,0.6984001994132996
cross_variable_same,222,10,1,4,0222_1.jpg,0010_4.jpg,0,-0.26131656765937805
cross_variable_same,222,28,1,4,0222_1.jpg,0028_4.jpg,0,0.588678777217865
cross_variable_same,222,32,1,4,0222_1.jpg,0032_4.jpg,0,0.8901568651199341
cross_variable_same,222,33,1,4,0222_1.jpg,0033_4.jpg,0,0.21029971539974213
cross_variable_same,222,34,1,4,0222_1.jpg,0034_4.jpg,0,0.8236003518104553
cross_variable_same,222,44,1,4,0222_1.jpg,0044_4.jpg,0,0.5964073538780212
cross_variable_same,222,51,1,4,0222_1.jpg,0051_4.jpg,0,0.3283539414405823
cross_variable_same,222,54,1,4,0222_1.jpg,0054_4.jpg,0,0.7943414449691772
cross_variable_same,222,63,1,4,0222_1.jpg,0063_4.jpg,0,0.7415409088134766
cross_variable_same,222,68,1,4,0222_1.jpg,0068_4.jpg,0,0.37577512860298157
cross_variable_same,222,69,1,4,0222_1.jpg,0069_4.jpg,0,0.20837588608264923
cross_variable_same,222,73,1,4,0222_1.jpg,0073_4.jpg,0,-0.007827486842870712
cross_variable_same,222,95,1,4,0222_1.jpg,0095_4.jpg,0,0.4651346206665039
cross_variable_same,222,121,1,4,0222_1.jpg,0121_4.jpg,0,0.5744279026985168
cross_variable_same,222,128,1,4,0222_1.jpg,0128_4.jpg,0,0.5930630564689636
cross_variable_same,222,129,1,4,0222_1.jpg,0129_4.jpg,0,0.05167970061302185
cross_variable_same,222,131,1,4,0222_1.jpg,0131_4.jpg,0,0.67166668176651
cross_variable_same,222,139,1,4,0222_1.jpg,0139_4.jpg,0,-0.06195903196930885
cross_variable_same,222,144,1,4,0222_1.jpg,0144_4.jpg,0,0.5553064942359924
cross_variable_same,222,145,1,4,0222_1.jpg,0145_4.jpg,0,-0.21728895604610443
cross_variable_same,222,150,1,4,0222_1.jpg,0150_4.jpg,0,0.48561200499534607
cross_variable_same,222,160,1,4,0222_1.jpg,0160_4.jpg,0,0.49895960092544556
cross_variable_same,222,165,1,4,0222_1.jpg,0165_4.jpg,0,0.6751776933670044
cross_variable_same,222,166,1,4,0222_1.jpg,0166_4.jpg,0,0.5944784879684448
cross_variable_same,222,170,1,4,0222_1.jpg,0170_4.jpg,0,-0.05945665016770363
cross_variable_same,222,174,1,4,0222_1.jpg,0174_4.jpg,0,0.29316553473472595
cross_variable_same,222,176,1,4,0222_1.jpg,0176_4.jpg,0,0.6360465884208679
cross_variable_same,222,193,1,4,0222_1.jpg,0193_4.jpg,0,-0.2069275826215744
cross_variable_same,222,202,1,4,0222_1.jpg,0202_4.jpg,0,0.6323404312133789
cross_variable_same,222,205,1,4,0222_1.jpg,0205_4.jpg,0,0.27791813015937805
cross_variable_same,222,210,1,4,0222_1.jpg,0210_4.jpg,0,0.6038309335708618
cross_variable_same,222,218,1,4,0222_1.jpg,0218_4.jpg,0,0.4588492810726166
cross_variable_same,222,222,1,4,0222_1.jpg,0222_4.jpg,1,0.5711657404899597
cross_variable_same,222,238,1,4,0222_1.jpg,0238_4.jpg,0,0.5720788836479187
cross_variable_same,222,253,1,4,0222_1.jpg,0253_4.jpg,0,0.711276113986969
cross_variable_same,222,254,1,4,0222_1.jpg,0254_4.jpg,0,0.21350114047527313
cross_variable_same,222,257,1,4,0222_1.jpg,0257_4.jpg,0,0.19631873071193695
cross_variable_same,222,258,1,4,0222_1.jpg,0258_4.jpg,0,0.6368947625160217
cross_variable_same,222,268,1,4,0222_1.jpg,0268_4.jpg,0,0.06921907514333725
cross_variable_same,222,269,1,4,0222_1.jpg,0269_4.jpg,0,0.5230974555015564
cross_variable_same,222,270,1,4,0222_1.jpg,0270_4.jpg,0,0.19097377359867096
cross_variable_same,222,277,1,4,0222_1.jpg,0277_4.jpg,0,0.6559000015258789
cross_variable_same,222,278,1,4,0222_1.jpg,0278_4.jpg,0,0.6446946859359741
cross_variable_same,238,5,1,4,0238_1.jpg,0005_4.jpg,0,0.746691107749939
cross_variable_same,238,9,1,4,0238_1.jpg,0009_4.jpg,0,0.7101176381111145
cross_variable_same,238,10,1,4,0238_1.jpg,0010_4.jpg,0,-0.07437317818403244
cross_variable_same,238,28,1,4,0238_1.jpg,0028_4.jpg,0,0.2210320234298706
cross_variable_same,238,32,1,4,0238_1.jpg,0032_4.jpg,0,0.768648624420166
cross_variable_same,238,33,1,4,0238_1.jpg,0033_4.jpg,0,0.6903179883956909
cross_variable_same,238,34,1,4,0238_1.jpg,0034_4.jpg,0,0.7548158764839172
cross_variable_same,238,44,1,4,0238_1.jpg,0044_4.jpg,0,0.34382539987564087
cross_variable_same,238,51,1,4,0238_1.jpg,0051_4.jpg,0,0.5751338601112366
cross_variable_same,238,54,1,4,0238_1.jpg,0054_4.jpg,0,0.5918216109275818
cross_variable_same,238,63,1,4,0238_1.jpg,0063_4.jpg,0,0.8415953516960144
cross_variable_same,238,68,1,4,0238_1.jpg,0068_4.jpg,0,0.6247134804725647
cross_variable_same,238,69,1,4,0238_1.jpg,0069_4.jpg,0,0.7244199514389038
cross_variable_same,238,73,1,4,0238_1.jpg,0073_4.jpg,0,0.11213558167219162
cross_variable_same,238,95,1,4,0238_1.jpg,0095_4.jpg,0,0.6236205101013184
cross_variable_same,238,121,1,4,0238_1.jpg,0121_4.jpg,0,0.5756344199180603
cross_variable_same,238,128,1,4,0238_1.jpg,0128_4.jpg,0,0.8591952919960022
cross_variable_same,238,129,1,4,0238_1.jpg,0129_4.jpg,0,0.5713765621185303
cross_variable_same,238,131,1,4,0238_1.jpg,0131_4.jpg,0,0.32390451431274414
cross_variable_same,238,139,1,4,0238_1.jpg,0139_4.jpg,0,0.509857714176178
cross_variable_same,238,144,1,4,0238_1.jpg,0144_4.jpg,0,0.8538967370986938
cross_variable_same,238,145,1,4,0238_1.jpg,0145_4.jpg,0,0.1832587867975235
cross_variable_same,238,150,1,4,0238_1.jpg,0150_4.jpg,0,0.09879991412162781
cross_variable_same,238,160,1,4,0238_1.jpg,0160_4.jpg,0,0.5016041994094849
cross_variable_same,238,165,1,4,0238_1.jpg,0165_4.jpg,0,0.47176289558410645
cross_variable_same,238,166,1,4,0238_1.jpg,0166_4.jpg,0,0.3203253149986267
cross_variable_same,238,170,1,4,0238_1.jpg,0170_4.jpg,0,0.44533899426460266
cross_variable_same,238,174,1,4,0238_1.jpg,0174_4.jpg,0,0.739766001701355
cross_variable_same,238,176,1,4,0238_1.jpg,0176_4.jpg,0,0.3266516923904419
cross_variable_same,238,193,1,4,0238_1.jpg,0193_4.jpg,0,-0.2692621946334839
cross_variable_same,238,202,1,4,0238_1.jpg,0202_4.jpg,0,0.5501357316970825
cross_variable_same,238,205,1,4,0238_1.jpg,0205_4.jpg,0,0.7786737084388733
cross_variable_same,238,210,1,4,0238_1.jpg,0210_4.jpg,0,0.5046262741088867
cross_variable_same,238,218,1,4,0238_1.jpg,0218_4.jpg,0,0.3447484076023102
cross_variable_same,238,222,1,4,0238_1.jpg,0222_4.jpg,0,0.8640033006668091
cross_variable_same,238,238,1,4,0238_1.jpg,0238_4.jpg,1,0.8906538486480713
cross_variable_same,238,253,1,4,0238_1.jpg,0253_4.jpg,0,0.4209917187690735
cross_variable_same,238,254,1,4,0238_1.jpg,0254_4.jpg,0,0.765021026134491
cross_variable_same,238,257,1,4,0238_1.jpg,0257_4.jpg,0,0.7176717519760132
cross_variable_same,238,258,1,4,0238_1.jpg,0258_4.jpg,0,0.8945303559303284
cross_variable_same,238,268,1,4,0238_1.jpg,0268_4.jpg,0,0.5516011118888855
cross_variable_same,238,269,1,4,0238_1.jpg,0269_4.jpg,0,0.8010557889938354
cross_variable_same,238,270,1,4,0238_1.jpg,0270_4.jpg,0,0.6930400729179382
cross_variable_same,238,277,1,4,0238_1.jpg,0277_4.jpg,0,0.8063300251960754
cross_variable_same,238,278,1,4,0238_1.jpg,0278_4.jpg,0,0.8783820867538452
cross_variable_same,253,5,1,4,0253_1.jpg,0005_4.jpg,0,0.5581520795822144
cross_variable_same,253,9,1,4,0253_1.jpg,0009_4.jpg,0,0.3434646725654602
cross_variable_same,253,10,1,4,0253_1.jpg,0010_4.jpg,0,0.5542377233505249
cross_variable_same,253,28,1,4,0253_1.jpg,0028_4.jpg,0,0.3949270248413086
cross_variable_same,253,32,1,4,0253_1.jpg,0032_4.jpg,0,0.5036251544952393
cross_variable_same,253,33,1,4,0253_1.jpg,0033_4.jpg,0,0.38648054003715515
cross_variable_same,253,34,1,4,0253_1.jpg,0034_4.jpg,0,0.5925109386444092
cross_variable_same,253,44,1,4,0253_1.jpg,0044_4.jpg,0,0.6772449612617493
cross_variable_same,253,51,1,4,0253_1.jpg,0051_4.jpg,0,0.4026252031326294
cross_variable_same,253,54,1,4,0253_1.jpg,0054_4.jpg,0,0.6048603057861328
cross_variable_same,253,63,1,4,0253_1.jpg,0063_4.jpg,0,0.3049089014530182
cross_variable_same,253,68,1,4,0253_1.jpg,0068_4.jpg,0,0.7852693200111389
cross_variable_same,253,69,1,4,0253_1.jpg,0069_4.jpg,0,0.4587174355983734
cross_variable_same,253,73,1,4,0253_1.jpg,0073_4.jpg,0,0.44599196314811707
cross_variable_same,253,95,1,4,0253_1.jpg,0095_4.jpg,0,0.8231970071792603
cross_variable_same,253,121,1,4,0253_1.jpg,0121_4.jpg,0,0.8313825130462646
cross_variable_same,253,128,1,4,0253_1.jpg,0128_4.jpg,0,0.3554198145866394
cross_variable_same,253,129,1,4,0253_1.jpg,0129_4.jpg,0,0.12341608852148056
cross_variable_same,253,131,1,4,0253_1.jpg,0131_4.jpg,0,0.4313127100467682
cross_variable_same,253,139,1,4,0253_1.jpg,0139_4.jpg,0,0.3891526460647583
cross_variable_same,253,144,1,4,0253_1.jpg,0144_4.jpg,0,0.5989060401916504
cross_variable_same,253,145,1,4,0253_1.jpg,0145_4.jpg,0,0.41769424080848694
cross_variable_same,253,150,1,4,0253_1.jpg,0150_4.jpg,0,0.555054247379303
cross_variable_same,253,160,1,4,0253_1.jpg,0160_4.jpg,0,0.2545938491821289
cross_variable_same,253,165,1,4,0253_1.jpg,0165_4.jpg,0,0.05102671682834625
cross_variable_same,253,166,1,4,0253_1.jpg,0166_4.jpg,0,0.32177379727363586
cross_variable_same,253,170,1,4,0253_1.jpg,0170_4.jpg,0,0.11050418019294739
cross_variable_same,253,174,1,4,0253_1.jpg,0174_4.jpg,0,0.07677111029624939
cross_variable_same,253,176,1,4,0253_1.jpg,0176_4.jpg,0,0.42159304022789
cross_variable_same,253,193,1,4,0253_1.jpg,0193_4.jpg,0,0.5299903750419617
cross_variable_same,253,202,1,4,0253_1.jpg,0202_4.jpg,0,0.6830381751060486
cross_variable_same,253,205,1,4,0253_1.jpg,0205_4.jpg,0,0.36691713333129883
cross_variable_same,253,210,1,4,0253_1.jpg,0210_4.jpg,0,0.1487163007259369
cross_variable_same,253,218,1,4,0253_1.jpg,0218_4.jpg,0,0.8742696046829224
cross_variable_same,253,222,1,4,0253_1.jpg,0222_4.jpg,0,0.5445567965507507
cross_variable_same,253,238,1,4,0253_1.jpg,0238_4.jpg,0,0.5468399524688721
cross_variable_same,253,253,1,4,0253_1.jpg,0253_4.jpg,1,0.5604406595230103
cross_variable_same,253,254,1,4,0253_1.jpg,0254_4.jpg,0,0.237612783908844
cross_variable_same,253,257,1,4,0253_1.jpg,0257_4.jpg,0,0.2845698297023773
cross_variable_same,253,258,1,4,0253_1.jpg,0258_4.jpg,0,0.4065358340740204
cross_variable_same,253,268,1,4,0253_1.jpg,0268_4.jpg,0,0.4458722770214081
cross_variable_same,253,269,1,4,0253_1.jpg,0269_4.jpg,0,0.6908450126647949
cross_variable_same,253,270,1,4,0253_1.jpg,0270_4.jpg,0,0.30574139952659607
cross_variable_same,253,277,1,4,0253_1.jpg,0277_4.jpg,0,0.45652902126312256
cross_variable_same,253,278,1,4,0253_1.jpg,0278_4.jpg,0,0.5056527853012085
cross_variable_same,254,5,1,4,0254_1.jpg,0005_4.jpg,0,0.6384178996086121
cross_variable_same,254,9,1,4,0254_1.jpg,0009_4.jpg,0,0.4492959976196289
cross_variable_same,254,10,1,4,0254_1.jpg,0010_4.jpg,0,0.2111825942993164
cross_variable_same,254,28,1,4,0254_1.jpg,0028_4.jpg,0,-0.06861288100481033
cross_variable_same,254,32,1,4,0254_1.jpg,0032_4.jpg,0,0.38057079911231995
cross_variable_same,254,33,1,4,0254_1.jpg,0033_4.jpg,0,0.7985638976097107
cross_variable_same,254,34,1,4,0254_1.jpg,0034_4.jpg,0,0.2907267212867737
cross_variable_same,254,44,1,4,0254_1.jpg,0044_4.jpg,0,-0.04031893610954285
cross_variable_same,254,51,1,4,0254_1.jpg,0051_4.jpg,0,0.6719291806221008
cross_variable_same,254,54,1,4,0254_1.jpg,0054_4.jpg,0,0.2541671693325043
cross_variable_same,254,63,1,4,0254_1.jpg,0063_4.jpg,0,0.5923635363578796
cross_variable_same,254,68,1,4,0254_1.jpg,0068_4.jpg,0,0.5278121829032898
cross_variable_same,254,69,1,4,0254_1.jpg,0069_4.jpg,0,0.7526308298110962
cross_variable_same,254,73,1,4,0254_1.jpg,0073_4.jpg,0,0.2204114943742752
cross_variable_same,254,95,1,4,0254_1.jpg,0095_4.jpg,0,0.42222434282302856
cross_variable_same,254,121,1,4,0254_1.jpg,0121_4.jpg,0,0.4103415608406067
cross_variable_same,254,128,1,4,0254_1.jpg,0128_4.jpg,0,0.740778386592865
cross_variable_same,254,129,1,4,0254_1.jpg,0129_4.jpg,0,0.8241900205612183
cross_variable_same,254,131,1,4,0254_1.jpg,0131_4.jpg,0,0.014563476666808128
cross_variable_same,254,139,1,4,0254_1.jpg,0139_4.jpg,0,0.8202463984489441
cross_variable_same,254,144,1,4,0254_1.jpg,0144_4.jpg,0,0.7358794808387756
cross_variable_same,254,145,1,4,0254_1.jpg,0145_4.jpg,0,0.5611982941627502
cross_variable_same,254,150,1,4,0254_1.jpg,0150_4.jpg,0,-0.24511845409870148
cross_variable_same,254,160,1,4,0254_1.jpg,0160_4.jpg,0,0.441581130027771
cross_variable_same,254,165,1,4,0254_1.jpg,0165_4.jpg,0,0.18873770534992218
cross_variable_same,254,166,1,4,0254_1.jpg,0166_4.jpg,0,0.0527338981628418
cross_variable_same,254,170,1,4,0254_1.jpg,0170_4.jpg,0,0.7837480902671814
cross_variable_same,254,174,1,4,0254_1.jpg,0174_4.jpg,0,0.8459503054618835
cross_variable_same,254,176,1,4,0254_1.jpg,0176_4.jpg,0,-0.043960683047771454
cross_variable_same,254,193,1,4,0254_1.jpg,0193_4.jpg,0,-0.13963785767555237
cross_variable_same,254,202,1,4,0254_1.jpg,0202_4.jpg,0,0.13600483536720276
cross_variable_same,254,205,1,4,0254_1.jpg,0205_4.jpg,0,0.8585990071296692
cross_variable_same,254,210,1,4,0254_1.jpg,0210_4.jpg,0,0.27443382143974304
cross_variable_same,254,218,1,4,0254_1.jpg,0218_4.jpg,0,0.09306665509939194
cross_variable_same,254,222,1,4,0254_1.jpg,0222_4.jpg,0,0.7402898669242859
cross_variable_same,254,238,1,4,0254_1.jpg,0238_4.jpg,0,0.5812579393386841
cross_variable_same,254,253,1,4,0254_1.jpg,0253_4.jpg,0,0.06329719722270966
cross_variable_same,254,254,1,4,0254_1.jpg,0254_4.jpg,1,0.8780333399772644
cross_variable_same,254,257,1,4,0254_1.jpg,0257_4.jpg,0,0.8861962556838989
cross_variable_same,254,258,1,4,0254_1.jpg,0258_4.jpg,0,0.6826457381248474
cross_variable_same,254,268,1,4,0254_1.jpg,0268_4.jpg,0,0.8752102851867676
cross_variable_same,254,269,1,4,0254_1.jpg,0269_4.jpg,0,0.6376479268074036
cross_variable_same,254,270,1,4,0254_1.jpg,0270_4.jpg,0,0.7871155738830566
cross_variable_same,254,277,1,4,0254_1.jpg,0277_4.jpg,0,0.5904699563980103
cross_variable_same,254,278,1,4,0254_1.jpg,0278_4.jpg,0,0.6460311412811279
cross_variable_same,257,5,1,4,0257_1.jpg,0005_4.jpg,0,0.61493319272995
cross_variable_same,257,9,1,4,0257_1.jpg,0009_4.jpg,0,0.6196447014808655
cross_variable_same,257,10,1,4,0257_1.jpg,0010_4.jpg,0,0.1373894363641739
cross_variable_same,257,28,1,4,0257_1.jpg,0028_4.jpg,0,0.1481906920671463
cross_variable_same,257,32,1,4,0257_1.jpg,0032_4.jpg,0,0.3490588366985321
cross_variable_same,257,33,1,4,0257_1.jpg,0033_4.jpg,0,0.7928593754768372
cross_variable_same,257,34,1,4,0257_1.jpg,0034_4.jpg,0,0.2856684923171997
cross_variable_same,257,44,1,4,0257_1.jpg,0044_4.jpg,0,-0.03388030081987381
cross_variable_same,257,51,1,4,0257_1.jpg,0051_4.jpg,0,0.7671779990196228
cross_variable_same,257,54,1,4,0257_1.jpg,0054_4.jpg,0,0.27520471811294556
cross_variable_same,257,63,1,4,0257_1.jpg,0063_4.jpg,0,0.6781231164932251
cross_variable_same,257,68,1,4,0257_1.jpg,0068_4.jpg,0,0.507036030292511
cross_variable_same,257,69,1,4,0257_1.jpg,0069_4.jpg,0,0.7307857871055603
cross_variable_same,257,73,1,4,0257_1.jpg,0073_4.jpg,0,0.3029897212982178
cross_variable_same,257,95,1,4,0257_1.jpg,0095_4.jpg,0,0.23285813629627228
cross_variable_same,257,121,1,4,0257_1.jpg,0121_4.jpg,0,0.12751518189907074
cross_variable_same,257,128,1,4,0257_1.jpg,0128_4.jpg,0,0.8094600439071655
cross_variable_same,257,129,1,4,0257_1.jpg,0129_4.jpg,0,0.862898051738739
cross_variable_same,257,131,1,4,0257_1.jpg,0131_4.jpg,0,0.18771091103553772
cross_variable_same,257,139,1,4,0257_1.jpg,0139_4.jpg,0,0.6861740946769714
cross_variable_same,257,144,1,4,0257_1.jpg,0144_4.jpg,0,0.549586296081543
cross_variable_same,257,145,1,4,0257_1.jpg,0145_4.jpg,0,0.5694863796234131
cross_variable_same,257,150,1,4,0257_1.jpg,0150_4.jpg,0,-0.13387224078178406
cross_variable_same,257,160,1,4,0257_1.jpg,0160_4.jpg,0,0.7251502871513367
cross_variable_same,257,165,1,4,0257_1.jpg,0165_4.jpg,0,0.5371556878089905
cross_variable_same,257,166,1,4,0257_1.jpg,0166_4.jpg,0,0.26645737886428833
cross_variable_same,257,170,1,4,0257_1.jpg,0170_4.jpg,0,0.8745192885398865
cross_variable_same,257,174,1,4,0257_1.jpg,0174_4.jpg,0,0.8703925609588623
cross_variable_same,257,176,1,4,0257_1.jpg,0176_4.jpg,0,0.1433844417333603
cross_variable_same,257,193,1,4,0257_1.jpg,0193_4.jpg,0,-0.18915250897407532
cross_variable_same,257,202,1,4,0257_1.jpg,0202_4.jpg,0,0.0017584400484338403
cross_variable_same,257,205,1,4,0257_1.jpg,0205_4.jpg,0,0.8261775374412537
cross_variable_same,257,210,1,4,0257_1.jpg,0210_4.jpg,0,0.5781885981559753
cross_variable_same,257,218,1,4,0257_1.jpg,0218_4.jpg,0,-0.1229582279920578
cross_variable_same,257,222,1,4,0257_1.jpg,0222_4.jpg,0,0.5665955543518066
cross_variable_same,257,238,1,4,0257_1.jpg,0238_4.jpg,0,0.5430576205253601
cross_variable_same,257,253,1,4,0257_1.jpg,0253_4.jpg,0,0.23463301360607147
cross_variable_same,257,254,1,4,0257_1.jpg,0254_4.jpg,0,0.7927196025848389
cross_variable_same,257,257,1,4,0257_1.jpg,0257_4.jpg,1,0.7826854586601257
cross_variable_same,257,258,1,4,0257_1.jpg,0258_4.jpg,0,0.5596035718917847
cross_variable_same,257,268,1,4,0257_1.jpg,0268_4.jpg,0,0.6885262131690979
cross_variable_same,257,269,1,4,0257_1.jpg,0269_4.jpg,0,0.42706915736198425
cross_variable_same,257,270,1,4,0257_1.jpg,0270_4.jpg,0,0.7873039841651917
cross_variable_same,257,277,1,4,0257_1.jpg,0277_4.jpg,0,0.650136411190033
cross_variable_same,257,278,1,4,0257_1.jpg,0278_4.jpg,0,0.6415932178497314
cross_variable_same,258,5,1,4,0258_1.jpg,0005_4.jpg,0,0.6957733035087585
cross_variable_same,258,9,1,4,0258_1.jpg,0009_4.jpg,0,0.7245429754257202
cross_variable_same,258,10,1,4,0258_1.jpg,0010_4.jpg,0,-0.2943916618824005
cross_variable_same,258,28,1,4,0258_1.jpg,0028_4.jpg,0,0.2664150595664978
cross_variable_same,258,32,1,4,0258_1.jpg,0032_4.jpg,0,0.7718908786773682
cross_variable_same,258,33,1,4,0258_1.jpg,0033_4.jpg,0,0.4795859456062317
cross_variable_same,258,34,1,4,0258_1.jpg,0034_4.jpg,0,0.6855443120002747
cross_variable_same,258,44,1,4,0258_1.jpg,0044_4.jpg,0,0.24685725569725037
cross_variable_same,258,51,1,4,0258_1.jpg,0051_4.jpg,0,0.4960712194442749
cross_variable_same,258,54,1,4,0258_1.jpg,0054_4.jpg,0,0.5927464962005615
cross_variable_same,258,63,1,4,0258_1.jpg,0063_4.jpg,0,0.8324152827262878
cross_variable_same,258,68,1,4,0258_1.jpg,0068_4.jpg,0,0.43077996373176575
cross_variable_same,258,69,1,4,0258_1.jpg,0069_4.jpg,0,0.47653937339782715
cross_variable_same,258,73,1,4,0258_1.jpg,0073_4.jpg,0,-0.11359190940856934
cross_variable_same,258,95,1,4,0258_1.jpg,0095_4.jpg,0,0.4136907160282135
cross_variable_same,258,121,1,4,0258_1.jpg,0121_4.jpg,0,0.5627064108848572
cross_variable_same,258,128,1,4,0258_1.jpg,0128_4.jpg,0,0.7998399138450623
cross_variable_same,258,129,1,4,0258_1.jpg,0129_4.jpg,0,0.4397140443325043
cross_variable_same,258,131,1,4,0258_1.jpg,0131_4.jpg,0,0.3097416162490845
cross_variable_same,258,139,1,4,0258_1.jpg,0139_4.jpg,0,0.2880493402481079
cross_variable_same,258,144,1,4,0258_1.jpg,0144_4.jpg,0,0.7093334197998047
cross_variable_same,258,145,1,4,0258_1.jpg,0145_4.jpg,0,-0.008676172234117985
cross_variable_same,258,150,1,4,0258_1.jpg,0150_4.jpg,0,0.09229199588298798
cross_variable_same,258,160,1,4,0258_1.jpg,0160_4.jpg,0,0.5605283975601196
cross_variable_same,258,165,1,4,0258_1.jpg,0165_4.jpg,0,0.5495644211769104
cross_variable_same,258,166,1,4,0258_1.jpg,0166_4.jpg,0,0.3171074092388153
cross_variable_same,258,170,1,4,0258_1.jpg,0170_4.jpg,0,0.29812031984329224
cross_variable_same,258,174,1,4,0258_1.jpg,0174_4.jpg,0,0.6639747619628906
cross_variable_same,258,176,1,4,0258_1.jpg,0176_4.jpg,0,0.2977658212184906
cross_variable_same,258,193,1,4,0258_1.jpg,0193_4.jpg,0,-0.4371785521507263
cross_variable_same,258,202,1,4,0258_1.jpg,0202_4.jpg,0,0.4209696054458618
cross_variable_same,258,205,1,4,0258_1.jpg,0205_4.jpg,0,0.5943057537078857
cross_variable_same,258,210,1,4,0258_1.jpg,0210_4.jpg,0,0.5763617753982544
cross_variable_same,258,218,1,4,0258_1.jpg,0218_4.jpg,0,0.21592660248279572
cross_variable_same,258,222,1,4,0258_1.jpg,0222_4.jpg,0,0.7862845659255981
cross_variable_same,258,238,1,4,0258_1.jpg,0238_4.jpg,0,0.7740548253059387
cross_variable_same,258,253,1,4,0258_1.jpg,0253_4.jpg,0,0.48372882604599
cross_variable_same,258,254,1,4,0258_1.jpg,0254_4.jpg,0,0.6438543200492859
cross_variable_same,258,257,1,4,0258_1.jpg,0257_4.jpg,0,0.5731640458106995
cross_variable_same,258,258,1,4,0258_1.jpg,0258_4.jpg,1,0.8702887892723083
cross_variable_same,258,268,1,4,0258_1.jpg,0268_4.jpg,0,0.40311887860298157
cross_variable_same,258,269,1,4,0258_1.jpg,0269_4.jpg,0,0.7115170955657959
cross_variable_same,258,270,1,4,0258_1.jpg,0270_4.jpg,0,0.43460705876350403
cross_variable_same,258,277,1,4,0258_1.jpg,0277_4.jpg,0,0.7131921052932739
cross_variable_same,258,278,1,4,0258_1.jpg,0278_4.jpg,0,0.7622509002685547
cross_variable_same,268,5,1,4,0268_1.jpg,0005_4.jpg,0,0.5437574982643127
cross_variable_same,268,9,1,4,0268_1.jpg,0009_4.jpg,0,0.2811087369918823
cross_variable_same,268,10,1,4,0268_1.jpg,0010_4.jpg,0,0.44534212350845337
cross_variable_same,268,28,1,4,0268_1.jpg,0028_4.jpg,0,-0.025643538683652878
cross_variable_same,268,32,1,4,0268_1.jpg,0032_4.jpg,0,0.3264460265636444
cross_variable_same,268,33,1,4,0268_1.jpg,0033_4.jpg,0,0.7065796256065369
cross_variable_same,268,34,1,4,0268_1.jpg,0034_4.jpg,0,0.27801987528800964
cross_variable_same,268,44,1,4,0268_1.jpg,0044_4.jpg,0,0.16040952503681183
cross_variable_same,268,51,1,4,0268_1.jpg,0051_4.jpg,0,0.525738537311554
cross_variable_same,268,54,1,4,0268_1.jpg,0054_4.jpg,0,0.19096727669239044
cross_variable_same,268,63,1,4,0268_1.jpg,0063_4.jpg,0,0.43024522066116333
cross_variable_same,268,68,1,4,0268_1.jpg,0068_4.jpg,0,0.6056084632873535
cross_variable_same,268,69,1,4,0268_1.jpg,0069_4.jpg,0,0.7019504904747009
cross_variable_same,268,73,1,4,0268_1.jpg,0073_4.jpg,0,0.4214184880256653
cross_variable_same,268,95,1,4,0268_1.jpg,0095_4.jpg,0,0.58182293176651
cross_variable_same,268,121,1,4,0268_1.jpg,0121_4.jpg,0,0.4620659351348877
cross_variable_same,268,128,1,4,0268_1.jpg,0128_4.jpg,0,0.5407896637916565
cross_variable_same,268,129,1,4,0268_1.jpg,0129_4.jpg,0,0.6164770126342773
cross_variable_same,268,131,1,4,0268_1.jpg,0131_4.jpg,0,0.04497896879911423
cross_variable_same,268,139,1,4,0268_1.jpg,0139_4.jpg,0,0.7486371397972107
cross_variable_same,268,144,1,4,0268_1.jpg,0144_4.jpg,0,0.6791619658470154
cross_variable_same,268,145,1,4,0268_1.jpg,0145_4.jpg,0,0.5246047377586365
cross_variable_same,268,150,1,4,0268_1.jpg,0150_4.jpg,0,-0.06560685485601425
cross_variable_same,268,160,1,4,0268_1.jpg,0160_4.jpg,0,0.24927307665348053
cross_variable_same,268,165,1,4,0268_1.jpg,0165_4.jpg,0,0.024353865534067154
cross_variable_same,268,166,1,4,0268_1.jpg,0166_4.jpg,0,0.05694971978664398
cross_variable_same,268,170,1,4,0268_1.jpg,0170_4.jpg,0,0.5874135494232178
cross_variable_same,268,174,1,4,0268_1.jpg,0174_4.jpg,0,0.5583209991455078
cross_variable_same,268,176,1,4,0268_1.jpg,0176_4.jpg,0,0.011696891859173775
cross_variable_same,268,193,1,4,0268_1.jpg,0193_4.jpg,0,0.20512224733829498
cross_variable_same,268,202,1,4,0268_1.jpg,0202_4.jpg,0,0.3854042589664459
cross_variable_same,268,205,1,4,0268_1.jpg,0205_4.jpg,0,0.7528303861618042
cross_variable_same,268,210,1,4,0268_1.jpg,0210_4.jpg,0,0.057494476437568665
cross_variable_same,268,218,1,4,0268_1.jpg,0218_4.jpg,0,0.37105676531791687
cross_variable_same,268,222,1,4,0268_1.jpg,0222_4.jpg,0,0.6345946788787842
cross_variable_same,268,238,1,4,0268_1.jpg,0238_4.jpg,0,0.47060200572013855
cross_variable_same,268,253,1,4,0268_1.jpg,0253_4.jpg,0,0.049611225724220276
cross_variable_same,268,254,1,4,0268_1.jpg,0254_4.jpg,0,0.6636612415313721
cross_variable_same,268,257,1,4,0268_1.jpg,0257_4.jpg,0,0.7022899985313416
cross_variable_same,268,258,1,4,0268_1.jpg,0258_4.jpg,0,0.5221004486083984
cross_variable_same,268,268,1,4,0268_1.jpg,0268_4.jpg,1,0.7852650284767151
cross_variable_same,268,269,1,4,0268_1.jpg,0269_4.jpg,0,0.6156525015830994
cross_variable_same,268,270,1,4,0268_1.jpg,0270_4.jpg,0,0.6571126580238342
cross_variable_same,268,277,1,4,0268_1.jpg,0277_4.jpg,0,0.4559232294559479
cross_variable_same,268,278,1,4,0268_1.jpg,0278_4.jpg,0,0.5693569183349609
cross_variable_same,269,5,1,4,0269_1.jpg,0005_4.jpg,0,0.843769371509552
cross_variable_same,269,9,1,4,0269_1.jpg,0009_4.jpg,0,0.7683759331703186
cross_variable_same,269,10,1,4,0269_1.jpg,0010_4.jpg,0,0.14137062430381775
cross_variable_same,269,28,1,4,0269_1.jpg,0028_4.jpg,0,0.3875579237937927
cross_variable_same,269,32,1,4,0269_1.jpg,0032_4.jpg,0,0.709814727306366
cross_variable_same,269,33,1,4,0269_1.jpg,0033_4.jpg,0,0.7559871673583984
cross_variable_same,269,34,1,4,0269_1.jpg,0034_4.jpg,0,0.5977882742881775
cross_variable_same,269,44,1,4,0269_1.jpg,0044_4.jpg,0,0.3672371804714203
cross_variable_same,269,51,1,4,0269_1.jpg,0051_4.jpg,0,0.8363166451454163
cross_variable_same,269,54,1,4,0269_1.jpg,0054_4.jpg,0,0.6640552878379822
cross_variable_same,269,63,1,4,0269_1.jpg,0063_4.jpg,0,0.8020361065864563
cross_variable_same,269,68,1,4,0269_1.jpg,0068_4.jpg,0,0.6959798336029053
cross_variable_same,269,69,1,4,0269_1.jpg,0069_4.jpg,0,0.7463469505310059
cross_variable_same,269,73,1,4,0269_1.jpg,0073_4.jpg,0,0.31979599595069885
cross_variable_same,269,95,1,4,0269_1.jpg,0095_4.jpg,0,0.5764535665512085
cross_variable_same,269,121,1,4,0269_1.jpg,0121_4.jpg,0,0.6797702312469482
cross_variable_same,269,128,1,4,0269_1.jpg,0128_4.jpg,0,0.8686938285827637
cross_variable_same,269,129,1,4,0269_1.jpg,0129_4.jpg,0,0.7211599946022034
cross_variable_same,269,131,1,4,0269_1.jpg,0131_4.jpg,0,0.41779831051826477
cross_variable_same,269,139,1,4,0269_1.jpg,0139_4.jpg,0,0.6377851963043213
cross_variable_same,269,144,1,4,0269_1.jpg,0144_4.jpg,0,0.84086674451828
cross_variable_same,269,145,1,4,0269_1.jpg,0145_4.jpg,0,0.4755484163761139
cross_variable_same,269,150,1,4,0269_1.jpg,0150_4.jpg,0,0.24074818193912506
cross_variable_same,269,160,1,4,0269_1.jpg,0160_4.jpg,0,0.7184128761291504
cross_variable_same,269,165,1,4,0269_1.jpg,0165_4.jpg,0,0.5207819938659668
cross_variable_same,269,166,1,4,0269_1.jpg,0166_4.jpg,0,0.444845974445343
cross_variable_same,269,170,1,4,0269_1.jpg,0170_4.jpg,0,0.613852322101593
cross_variable_same,269,174,1,4,0269_1.jpg,0174_4.jpg,0,0.7434180974960327
cross_variable_same,269,176,1,4,0269_1.jpg,0176_4.jpg,0,0.4248155355453491
cross_variable_same,269,193,1,4,0269_1.jpg,0193_4.jpg,0,-0.06559073179960251
cross_variable_same,269,202,1,4,0269_1.jpg,0202_4.jpg,0,0.4265860617160797
cross_variable_same,269,205,1,4,0269_1.jpg,0205_4.jpg,0,0.7833156585693359
cross_variable_same,269,210,1,4,0269_1.jpg,0210_4.jpg,0,0.5984535813331604
cross_variable_same,269,218,1,4,0269_1.jpg,0218_4.jpg,0,0.3708147704601288
cross_variable_same,269,222,1,4,0269_1.jpg,0222_4.jpg,0,0.8000777363777161
cross_variable_same,269,238,1,4,0269_1.jpg,0238_4.jpg,0,0.7760863304138184
cross_variable_same,269,253,1,4,0269_1.jpg,0253_4.jpg,0,0.5448508858680725
cross_variable_same,269,254,1,4,0269_1.jpg,0254_4.jpg,0,0.7402745485305786
cross_variable_same,269,257,1,4,0269_1.jpg,0257_4.jpg,0,0.7497996687889099
cross_variable_same,269,258,1,4,0269_1.jpg,0258_4.jpg,0,0.7748322486877441
cross_variable_same,269,268,1,4,0269_1.jpg,0268_4.jpg,0,0.6607710719108582
cross_variable_same,269,269,1,4,0269_1.jpg,0269_4.jpg,1,0.8048641085624695
cross_variable_same,269,270,1,4,0269_1.jpg,0270_4.jpg,0,0.6844024062156677
cross_variable_same,269,277,1,4,0269_1.jpg,0277_4.jpg,0,0.8489108085632324
cross_variable_same,269,278,1,4,0269_1.jpg,0278_4.jpg,0,0.7658274173736572
cross_variable_same,270,5,1,4,0270_1.jpg,0005_4.jpg,0,0.5223926305770874
cross_variable_same,270,9,1,4,0270_1.jpg,0009_4.jpg,0,0.5313083529472351
cross_variable_same,270,10,1,4,0270_1.jpg,0010_4.jpg,0,0.2990014851093292
cross_variable_same,270,28,1,4,0270_1.jpg,0028_4.jpg,0,0.30250173807144165
cross_variable_same,270,32,1,4,0270_1.jpg,0032_4.jpg,0,0.22607146203517914
cross_variable_same,270,33,1,4,0270_1.jpg,0033_4.jpg,0,0.7768546938896179
cross_variable_same,270,34,1,4,0270_1.jpg,0034_4.jpg,0,0.23177789151668549
cross_variable_same,270,44,1,4,0270_1.jpg,0044_4.jpg,0,0.23188956081867218
cross_variable_same,270,51,1,4,0270_1.jpg,0051_4.jpg,0,0.8125512003898621
cross_variable_same,270,54,1,4,0270_1.jpg,0054_4.jpg,0,0.26137468218803406
cross_variable_same,270,63,1,4,0270_1.jpg,0063_4.jpg,0,0.5312923789024353
cross_variable_same,270,68,1,4,0270_1.jpg,0068_4.jpg,0,0.5775092244148254
cross_variable_same,270,69,1,4,0270_1.jpg,0069_4.jpg,0,0.717187762260437
cross_variable_same,270,73,1,4,0270_1.jpg,0073_4.jpg,0,0.6997338533401489
cross_variable_same,270,95,1,4,0270_1.jpg,0095_4.jpg,0,0.2470354586839676
cross_variable_same,270,121,1,4,0270_1.jpg,0121_4.jpg,0,0.1368318647146225
cross_variable_same,270,128,1,4,0270_1.jpg,0128_4.jpg,0,0.6011532545089722
cross_variable_same,270,129,1,4,0270_1.jpg,0129_4.jpg,0,0.7724323272705078
cross_variable_same,270,131,1,4,0270_1.jpg,0131_4.jpg,0,0.37136274576187134
cross_variable_same,270,139,1,4,0270_1.jpg,0139_4.jpg,0,0.5634084939956665
cross_variable_same,270,144,1,4,0270_1.jpg,0144_4.jpg,0,0.41893357038497925
cross_variable_same,270,145,1,4,0270_1.jpg,0145_4.jpg,0,0.6458930373191833
cross_variable_same,270,150,1,4,0270_1.jpg,0150_4.jpg,0,0.20234107971191406
cross_variable_same,270,160,1,4,0270_1.jpg,0160_4.jpg,0,0.6322253346443176
cross_variable_same,270,165,1,4,0270_1.jpg,0165_4.jpg,0,0.5094647407531738
cross_variable_same,270,166,1,4,0270_1.jpg,0166_4.jpg,0,0.5016607642173767
cross_variable_same,270,170,1,4,0270_1.jpg,0170_4.jpg,0,0.7154201865196228
cross_variable_same,270,174,1,4,0270_1.jpg,0174_4.jpg,0,0.5534648895263672
cross_variable_same,270,176,1,4,0270_1.jpg,0176_4.jpg,0,0.4041627049446106
cross_variable_same,270,193,1,4,0270_1.jpg,0193_4.jpg,0,0.20769934356212616
cross_variable_same,270,202,1,4,0270_1.jpg,0202_4.jpg,0,0.1533588171005249
cross_variable_same,270,205,1,4,0270_1.jpg,0205_4.jpg,0,0.6765745282173157
cross_variable_same,270,210,1,4,0270_1.jpg,0210_4.jpg,0,0.430319607257843
cross_variable_same,270,218,1,4,0270_1.jpg,0218_4.jpg,0,0.03276598080992699
cross_variable_same,270,222,1,4,0270_1.jpg,0222_4.jpg,0,0.3480168581008911
cross_variable_same,270,238,1,4,0270_1.jpg,0238_4.jpg,0,0.27239537239074707
cross_variable_same,270,253,1,4,0270_1.jpg,0253_4.jpg,0,0.2637488842010498
cross_variable_same,270,254,1,4,0270_1.jpg,0254_4.jpg,0,0.4943113625049591
cross_variable_same,270,257,1,4,0270_1.jpg,0257_4.jpg,0,0.5854805707931519
cross_variable_same,270,258,1,4,0270_1.jpg,0258_4.jpg,0,0.20341049134731293
cross_variable_same,270,268,1,4,0270_1.jpg,0268_4.jpg,0,0.5483687520027161
cross_variable_same,270,269,1,4,0270_1.jpg,0269_4.jpg,0,0.2826409339904785
cross_variable_same,270,270,1,4,0270_1.jpg,0270_4.jpg,1,0.7339137196540833
cross_variable_same,270,277,1,4,0270_1.jpg,0277_4.jpg,0,0.5958709120750427
cross_variable_same,270,278,1,4,0270_1.jpg,0278_4.jpg,0,0.42831751704216003
cross_variable_same,277,5,1,4,0277_1.jpg,0005_4.jpg,0,0.808485209941864
cross_variable_same,277,9,1,4,0277_1.jpg,0009_4.jpg,0,0.6610435247421265
cross_variable_same,277,10,1,4,0277_1.jpg,0010_4.jpg,0,0.06826292723417282
cross_variable_same,277,28,1,4,0277_1.jpg,0028_4.jpg,0,0.2548830509185791
cross_variable_same,277,32,1,4,0277_1.jpg,0032_4.jpg,0,0.7525148391723633
cross_variable_same,277,33,1,4,0277_1.jpg,0033_4.jpg,0,0.6688551306724548
cross_variable_same,277,34,1,4,0277_1.jpg,0034_4.jpg,0,0.7159706950187683
cross_variable_same,277,44,1,4,0277_1.jpg,0044_4.jpg,0,0.3873305916786194
cross_variable_same,277,51,1,4,0277_1.jpg,0051_4.jpg,0,0.6191325783729553
cross_variable_same,277,54,1,4,0277_1.jpg,0054_4.jpg,0,0.6722826361656189
cross_variable_same,277,63,1,4,0277_1.jpg,0063_4.jpg,0,0.7740980386734009
cross_variable_same,277,68,1,4,0277_1.jpg,0068_4.jpg,0,0.666637659072876
cross_variable_same,277,69,1,4,0277_1.jpg,0069_4.jpg,0,0.6776082515716553
cross_variable_same,277,73,1,4,0277_1.jpg,0073_4.jpg,0,0.10235726088285446
cross_variable_same,277,95,1,4,0277_1.jpg,0095_4.jpg,0,0.7067574262619019
cross_variable_same,277,121,1,4,0277_1.jpg,0121_4.jpg,0,0.8060749769210815
cross_variable_same,277,128,1,4,0277_1.jpg,0128_4.jpg,0,0.8190200924873352
cross_variable_same,277,129,1,4,0277_1.jpg,0129_4.jpg,0,0.5436947345733643
cross_variable_same,277,131,1,4,0277_1.jpg,0131_4.jpg,0,0.3439379930496216
cross_variable_same,277,139,1,4,0277_1.jpg,0139_4.jpg,0,0.5592082142829895
cross_variable_same,277,144,1,4,0277_1.jpg,0144_4.jpg,0,0.9128713607788086
cross_variable_same,277,145,1,4,0277_1.jpg,0145_4.jpg,0,0.28386422991752625
cross_variable_same,277,150,1,4,0277_1.jpg,0150_4.jpg,0,0.19002051651477814
cross_variable_same,277,160,1,4,0277_1.jpg,0160_4.jpg,0,0.49584656953811646
cross_variable_same,277,165,1,4,0277_1.jpg,0165_4.jpg,0,0.34935230016708374
cross_variable_same,277,166,1,4,0277_1.jpg,0166_4.jpg,0,0.2881600558757782
cross_variable_same,277,170,1,4,0277_1.jpg,0170_4.jpg,0,0.4163873791694641
cross_variable_same,277,174,1,4,0277_1.jpg,0174_4.jpg,0,0.671778678894043
cross_variable_same,277,176,1,4,0277_1.jpg,0176_4.jpg,0,0.3045152425765991
cross_variable_same,277,193,1,4,0277_1.jpg,0193_4.jpg,0,-0.14637966454029083
cross_variable_same,277,202,1,4,0277_1.jpg,0202_4.jpg,0,0.5395456552505493
cross_variable_same,277,205,1,4,0277_1.jpg,0205_4.jpg,0,0.7160683870315552
cross_variable_same,277,210,1,4,0277_1.jpg,0210_4.jpg,0,0.445972204208374
cross_variable_same,277,218,1,4,0277_1.jpg,0218_4.jpg,0,0.5018633604049683
cross_variable_same,277,222,1,4,0277_1.jpg,0222_4.jpg,0,0.8972510099411011
cross_variable_same,277,238,1,4,0277_1.jpg,0238_4.jpg,0,0.8789725303649902
cross_variable_same,277,253,1,4,0277_1.jpg,0253_4.jpg,0,0.4900961220264435
cross_variable_same,277,254,1,4,0277_1.jpg,0254_4.jpg,0,0.7361400127410889
cross_variable_same,277,257,1,4,0277_1.jpg,0257_4.jpg,0,0.7238245010375977
cross_variable_same,277,258,1,4,0277_1.jpg,0258_4.jpg,0,0.8733122944831848
cross_variable_same,277,268,1,4,0277_1.jpg,0268_4.jpg,0,0.6453794836997986
cross_variable_same,277,269,1,4,0277_1.jpg,0269_4.jpg,0,0.9108911752700806
cross_variable_same,277,270,1,4,0277_1.jpg,0270_4.jpg,0,0.6190992593765259
cross_variable_same,277,277,1,4,0277_1.jpg,0277_4.jpg,1,0.7690883874893188
cross_variable_same,277,278,1,4,0277_1.jpg,0278_4.jpg,0,0.7902035713195801
cross_variable_same,278,5,1,4,0278_1.jpg,0005_4.jpg,0,0.7445326447486877
cross_variable_same,278,9,1,4,0278_1.jpg,0009_4.jpg,0,0.6651562452316284
cross_variable_same,278,10,1,4,0278_1.jpg,0010_4.jpg,0,-0.01898009330034256
cross_variable_same,278,28,1,4,0278_1.jpg,0028_4.jpg,0,0.1701239049434662
cross_variable_same,278,32,1,4,0278_1.jpg,0032_4.jpg,0,0.6912356615066528
cross_variable_same,278,33,1,4,0278_1.jpg,0033_4.jpg,0,0.8360585570335388
cross_variable_same,278,34,1,4,0278_1.jpg,0034_4.jpg,0,0.6496590375900269
cross_variable_same,278,44,1,4,0278_1.jpg,0044_4.jpg,0,0.24988530576229095
cross_variable_same,278,51,1,4,0278_1.jpg,0051_4.jpg,0,0.6801003217697144
cross_variable_same,278,54,1,4,0278_1.jpg,0054_4.jpg,0,0.5212965607643127
cross_variable_same,278,63,1,4,0278_1.jpg,0063_4.jpg,0,0.877305269241333
cross_variable_same,278,68,1,4,0278_1.jpg,0068_4.jpg,0,0.5702816247940063
cross_variable_same,278,69,1,4,0278_1.jpg,0069_4.jpg,0,0.7721636295318604
cross_variable_same,278,73,1,4,0278_1.jpg,0073_4.jpg,0,0.15361633896827698
cross_variable_same,278,95,1,4,0278_1.jpg,0095_4.jpg,0,0.5713176727294922
cross_variable_same,278,121,1,4,0278_1.jpg,0121_4.jpg,0,0.5283209681510925
cross_variable_same,278,128,1,4,0278_1.jpg,0128_4.jpg,0,0.8919510841369629
cross_variable_same,278,129,1,4,0278_1.jpg,0129_4.jpg,0,0.705345869064331
cross_variable_same,278,131,1,4,0278_1.jpg,0131_4.jpg,0,0.3407423794269562
cross_variable_same,278,139,1,4,0278_1.jpg,0139_4.jpg,0,0.6013672947883606
cross_variable_same,278,144,1,4,0278_1.jpg,0144_4.jpg,0,0.8528620004653931
cross_variable_same,278,145,1,4,0278_1.jpg,0145_4.jpg,0,0.30223020911216736
cross_variable_same,278,150,1,4,0278_1.jpg,0150_4.jpg,0,-0.001279111485928297
cross_variable_same,278,160,1,4,0278_1.jpg,0160_4.jpg,0,0.5255414843559265
cross_variable_same,278,165,1,4,0278_1.jpg,0165_4.jpg,0,0.5021543502807617
cross_variable_same,278,166,1,4,0278_1.jpg,0166_4.jpg,0,0.35525354743003845
cross_variable_same,278,170,1,4,0278_1.jpg,0170_4.jpg,0,0.5535431504249573
cross_variable_same,278,174,1,4,0278_1.jpg,0174_4.jpg,0,0.8336900472640991
cross_variable_same,278,176,1,4,0278_1.jpg,0176_4.jpg,0,0.19748152792453766
cross_variable_same,278,193,1,4,0278_1.jpg,0193_4.jpg,0,-0.2434196174144745
cross_variable_same,278,202,1,4,0278_1.jpg,0202_4.jpg,0,0.42325860261917114
cross_variable_same,278,205,1,4,0278_1.jpg,0205_4.jpg,0,0.8630492687225342
cross_variable_same,278,210,1,4,0278_1.jpg,0210_4.jpg,0,0.47534069418907166
cross_variable_same,278,218,1,4,0278_1.jpg,0218_4.jpg,0,0.23655568063259125
cross_variable_same,278,222,1,4,0278_1.jpg,0222_4.jpg,0,0.8630333542823792
cross_variable_same,278,238,1,4,0278_1.jpg,0238_4.jpg,0,0.7152233719825745
cross_variable_same,278,253,1,4,0278_1.jpg,0253_4.jpg,0,0.32049593329429626
cross_variable_same,278,254,1,4,0278_1.jpg,0254_4.jpg,0,0.8170924186706543
cross_variable_same,278,257,1,4,0278_1.jpg,0257_4.jpg,0,0.8350109457969666
cross_variable_same,278,258,1,4,0278_1.jpg,0258_4.jpg,0,0.8045464754104614
cross_variable_same,278,268,1,4,0278_1.jpg,0268_4.jpg,0,0.6671982407569885
cross_variable_same,278,269,1,4,0278_1.jpg,0269_4.jpg,0,0.754344642162323
cross_variable_same,278,270,1,4,0278_1.jpg,0270_4.jpg,0,0.7433153390884399
cross_variable_same,278,277,1,4,0278_1.jpg,0277_4.jpg,0,0.7477304339408875
cross_variable_same,278,278,1,4,0278_1.jpg,0278_4.jpg,1,0.852841317653656
cross_same_variable,5,5,2,3,0005_2.jpg,0005_3.jpg,1,0.6620081663131714
cross_same_variable,5,9,2,3,0005_2.jpg,0009_3.jpg,0,0.3037957549095154
cross_same_variable,5,10,2,3,0005_2.jpg,0010_3.jpg,0,0.6346522569656372
cross_same_variable,5,28,2,3,0005_2.jpg,0028_3.jpg,0,0.3974498212337494
cross_same_variable,5,32,2,3,0005_2.jpg,0032_3.jpg,0,0.6306861042976379
cross_same_variable,5,33,2,3,0005_2.jpg,0033_3.jpg,0,0.6335046887397766
cross_same_variable,5,34,2,3,0005_2.jpg,0034_3.jpg,0,0.6514226198196411
cross_same_variable,5,44,2,3,0005_2.jpg,0044_3.jpg,0,0.5384528636932373
cross_same_variable,5,51,2,3,0005_2.jpg,0051_3.jpg,0,0.35256192088127136
cross_same_variable,5,54,2,3,0005_2.jpg,0054_3.jpg,0,0.5886061787605286
cross_same_variable,5,63,2,3,0005_2.jpg,0063_3.jpg,0,0.34407415986061096
cross_same_variable,5,68,2,3,0005_2.jpg,0068_3.jpg,0,0.7274409532546997
cross_same_variable,5,69,2,3,0005_2.jpg,0069_3.jpg,0,0.5061169266700745
cross_same_variable,5,73,2,3,0005_2.jpg,0073_3.jpg,0,0.41602540016174316
cross_same_variable,5,95,2,3,0005_2.jpg,0095_3.jpg,0,0.7752407789230347
cross_same_variable,5,121,2,3,0005_2.jpg,0121_3.jpg,0,0.7519665360450745
cross_same_variable,5,128,2,3,0005_2.jpg,0128_3.jpg,0,0.3572821319103241
cross_same_variable,5,129,2,3,0005_2.jpg,0129_3.jpg,0,0.2668486535549164
cross_same_variable,5,131,2,3,0005_2.jpg,0131_3.jpg,0,0.5169251561164856
cross_same_variable,5,139,2,3,0005_2.jpg,0139_3.jpg,0,0.5424937605857849
cross_same_variable,5,144,2,3,0005_2.jpg,0144_3.jpg,0,0.5330374240875244
cross_same_variable,5,145,2,3,0005_2.jpg,0145_3.jpg,0,0.39101865887641907
cross_same_variable,5,150,2,3,0005_2.jpg,0150_3.jpg,0,0.5276086330413818
cross_same_variable,5,160,2,3,0005_2.jpg,0160_3.jpg,0,0.4406791925430298
cross_same_variable,5,165,2,3,0005_2.jpg,0165_3.jpg,0,-0.05493258684873581
cross_same_variable,5,166,2,3,0005_2.jpg,0166_3.jpg,0,0.27909114956855774
cross_same_variable,5,170,2,3,0005_2.jpg,0170_3.jpg,0,0.22017890214920044
cross_same_variable,5,174,2,3,0005_2.jpg,0174_3.jpg,0,0.2169758677482605
cross_same_variable,5,176,2,3,0005_2.jpg,0176_3.jpg,0,0.12422855943441391
cross_same_variable,5,193,2,3,0005_2.jpg,0193_3.jpg,0,0.5797297358512878
cross_same_variable,5,202,2,3,0005_2.jpg,0202_3.jpg,0,0.7344778776168823
cross_same_variable,5,205,2,3,0005_2.jpg,0205_3.jpg,0,0.5202682614326477
cross_same_variable,5,210,2,3,0005_2.jpg,0210_3.jpg,0,-0.021415313705801964
cross_same_variable,5,218,2,3,0005_2.jpg,0218_3.jpg,0,0.6518345475196838
cross_same_variable,5,222,2,3,0005_2.jpg,0222_3.jpg,0,0.5832267999649048
cross_same_variable,5,238,2,3,0005_2.jpg,0238_3.jpg,0,0.3766111731529236
cross_same_variable,5,253,2,3,0005_2.jpg,0253_3.jpg,0,0.7127076983451843
cross_same_variable,5,254,2,3,0005_2.jpg,0254_3.jpg,0,0.2691604495048523
cross_same_variable,5,257,2,3,0005_2.jpg,0257_3.jpg,0,0.24179604649543762
cross_same_variable,5,258,2,3,0005_2.jpg,0258_3.jpg,0,0.33558088541030884
cross_same_variable,5,268,2,3,0005_2.jpg,0268_3.jpg,0,0.3116120398044586
cross_same_variable,5,269,2,3,0005_2.jpg,0269_3.jpg,0,0.6571367383003235
cross_same_variable,5,270,2,3,0005_2.jpg,0270_3.jpg,0,0.33127784729003906
cross_same_variable,5,277,2,3,0005_2.jpg,0277_3.jpg,0,0.5215578079223633
cross_same_variable,5,278,2,3,0005_2.jpg,0278_3.jpg,0,0.7759732007980347
cross_same_variable,9,5,2,3,0009_2.jpg,0005_3.jpg,0,0.6691199541091919
cross_same_variable,9,9,2,3,0009_2.jpg,0009_3.jpg,1,0.8110014796257019
cross_same_variable,9,10,2,3,0009_2.jpg,0010_3.jpg,0,0.598120391368866
cross_same_variable,9,28,2,3,0009_2.jpg,0028_3.jpg,0,0.7377906441688538
cross_same_variable,9,32,2,3,0009_2.jpg,0032_3.jpg,0,0.687346875667572
cross_same_variable,9,33,2,3,0009_2.jpg,0033_3.jpg,0,0.46536701917648315
cross_same_variable,9,34,2,3,0009_2.jpg,0034_3.jpg,0,0.661780834197998
cross_same_variable,9,44,2,3,0009_2.jpg,0044_3.jpg,0,0.7585640549659729
cross_same_variable,9,51,2,3,0009_2.jpg,0051_3.jpg,0,0.46648502349853516
cross_same_variable,9,54,2,3,0009_2.jpg,0054_3.jpg,0,0.748555600643158
cross_same_variable,9,63,2,3,0009_2.jpg,0063_3.jpg,0,0.7810934782028198
cross_same_variable,9,68,2,3,0009_2.jpg,0068_3.jpg,0,0.4672130346298218
cross_same_variable,9,69,2,3,0009_2.jpg,0069_3.jpg,0,0.69510418176651
cross_same_variable,9,73,2,3,0009_2.jpg,0073_3.jpg,0,0.5744425058364868
cross_same_variable,9,95,2,3,0009_2.jpg,0095_3.jpg,0,0.5422481894493103
cross_same_variable,9,121,2,3,0009_2.jpg,0121_3.jpg,0,0.5515953302383423
cross_same_variable,9,128,2,3,0009_2.jpg,0128_3.jpg,0,0.8648790121078491
cross_same_variable,9,129,2,3,0009_2.jpg,0129_3.jpg,0,0.6862106323242188
cross_same_variable,9,131,2,3,0009_2.jpg,0131_3.jpg,0,0.5539844036102295
cross_same_variable,9,139,2,3,0009_2.jpg,0139_3.jpg,0,0.3717954456806183
cross_same_variable,9,144,2,3,0009_2.jpg,0144_3.jpg,0,0.737533450126648
cross_same_variable,9,145,2,3,0009_2.jpg,0145_3.jpg,0,0.5497508645057678
cross_same_variable,9,150,2,3,0009_2.jpg,0150_3.jpg,0,0.40715816617012024
cross_same_variable,9,160,2,3,0009_2.jpg,0160_3.jpg,0,0.666691780090332
cross_same_variable,9,165,2,3,0009_2.jpg,0165_3.jpg,0,0.6760701537132263
cross_same_variable,9,166,2,3,0009_2.jpg,0166_3.jpg,0,0.6340770721435547
cross_same_variable,9,170,2,3,0009_2.jpg,0170_3.jpg,0,0.5186423063278198
cross_same_variable,9,174,2,3,0009_2.jpg,0174_3.jpg,0,0.767464816570282
cross_same_variable,9,176,2,3,0009_2.jpg,0176_3.jpg,0,0.49274325370788574
cross_same_variable,9,193,2,3,0009_2.jpg,0193_3.jpg,0,0.16911804676055908
cross_same_variable,9,202,2,3,0009_2.jpg,0202_3.jpg,0,0.4807226359844208
cross_same_variable,9,205,2,3,0009_2.jpg,0205_3.jpg,0,0.4771605134010315
cross_same_variable,9,210,2,3,0009_2.jpg,0210_3.jpg,0,0.6916680932044983
cross_same_variable,9,218,2,3,0009_2.jpg,0218_3.jpg,0,0.4269999861717224
cross_same_variable,9,222,2,3,0009_2.jpg,0222_3.jpg,0,0.6325712203979492
cross_same_variable,9,238,2,3,0009_2.jpg,0238_3.jpg,0,0.5330437421798706
cross_same_variable,9,253,2,3,0009_2.jpg,0253_3.jpg,0,0.6068181395530701
cross_same_variable,9,254,2,3,0009_2.jpg,0254_3.jpg,0,0.5009288787841797
cross_same_variable,9,257,2,3,0009_2.jpg,0257_3.jpg,0,0.4311163127422333
cross_same_variable,9,258,2,3,0009_2.jpg,0258_3.jpg,0,0.7486904263496399
cross_same_variable,9,268,2,3,0009_2.jpg,0268_3.jpg,0,0.3237994909286499
cross_same_variable,9,269,2,3,0009_2.jpg,0269_3.jpg,0,0.4168095588684082
cross_same_variable,9,270,2,3,0009_2.jpg,0270_3.jpg,0,0.6037246584892273
cross_same_variable,9,277,2,3,0009_2.jpg,0277_3.jpg,0,0.9125871062278748
cross_same_variable,9,278,2,3,0009_2.jpg,0278_3.jpg,0,0.6100335717201233
cross_same_variable,10,5,2,3,0010_2.jpg,0005_3.jpg,0,0.5277034640312195
cross_same_variable,10,9,2,3,0010_2.jpg,0009_3.jpg,0,0.4215961694717407
cross_same_variable,10,10,2,3,0010_2.jpg,0010_3.jpg,1,0.5094832181930542
cross_same_variable,10,28,2,3,0010_2.jpg,0028_3.jpg,0,0.595474898815155
cross_same_variable,10,32,2,3,0010_2.jpg,0032_3.jpg,0,0.2413773536682129
cross_same_variable,10,33,2,3,0010_2.jpg,0033_3.jpg,0,0.3242208957672119
cross_same_variable,10,34,2,3,0010_2.jpg,0034_3.jpg,0,0.3935995101928711
cross_same_variable,10,44,2,3,0010_2.jpg,0044_3.jpg,0,0.4082656502723694
cross_same_variable,10,51,2,3,0010_2.jpg,0051_3.jpg,0,0.6036368012428284
cross_same_variable,10,54,2,3,0010_2.jpg,0054_3.jpg,0,0.33596083521842957
cross_same_variable,10,63,2,3,0010_2.jpg,0063_3.jpg,0,0.3027668297290802
cross_same_variable,10,68,2,3,0010_2.jpg,0068_3.jpg,0,0.4588473439216614
cross_same_variable,10,69,2,3,0010_2.jpg,0069_3.jpg,0,0.587796688079834
cross_same_variable,10,73,2,3,0010_2.jpg,0073_3.jpg,0,0.5140766501426697
cross_same_variable,10,95,2,3,0010_2.jpg,0095_3.jpg,0,0.5929766893386841
cross_same_variable,10,121,2,3,0010_2.jpg,0121_3.jpg,0,0.3363960385322571
cross_same_variable,10,128,2,3,0010_2.jpg,0128_3.jpg,0,0.3353106379508972
cross_same_variable,10,129,2,3,0010_2.jpg,0129_3.jpg,0,0.41659820079803467
cross_same_variable,10,131,2,3,0010_2.jpg,0131_3.jpg,0,0.49684181809425354
cross_same_variable,10,139,2,3,0010_2.jpg,0139_3.jpg,0,0.5744091272354126
cross_same_variable,10,144,2,3,0010_2.jpg,0144_3.jpg,0,0.33885738253593445
cross_same_variable,10,145,2,3,0010_2.jpg,0145_3.jpg,0,0.5370683670043945
cross_same_variable,10,150,2,3,0010_2.jpg,0150_3.jpg,0,0.7604414820671082
cross_same_variable,10,160,2,3,0010_2.jpg,0160_3.jpg,0,0.22084291279315948
cross_same_variable,10,165,2,3,0010_2.jpg,0165_3.jpg,0,0.3188591003417969
cross_same_variable,10,166,2,3,0010_2.jpg,0166_3.jpg,0,0.714788556098938
cross_same_variable,10,170,2,3,0010_2.jpg,0170_3.jpg,0,0.4507327079772949
cross_same_variable,10,174,2,3,0010_2.jpg,0174_3.jpg,0,0.0699365958571434
cross_same_variable,10,176,2,3,0010_2.jpg,0176_3.jpg,0,0.48809000849723816
cross_same_variable,10,193,2,3,0010_2.jpg,0193_3.jpg,0,0.7809290289878845
cross_same_variable,10,202,2,3,0010_2.jpg,0202_3.jpg,0,0.5095410943031311
cross_same_variable,10,205,2,3,0010_2.jpg,0205_3.jpg,0,0.2901434004306793
cross_same_variable,10,210,2,3,0010_2.jpg,0210_3.jpg,0,0.28207188844680786
cross_same_variable,10,218,2,3,0010_2.jpg,0218_3.jpg,0,0.5660619139671326
cross_same_variable,10,222,2,3,0010_2.jpg,0222_3.jpg,0,0.0519394725561142
cross_same_variable,10,238,2,3,0010_2.jpg,0238_3.jpg,0,0.18912939727306366
cross_same_variable,10,253,2,3,0010_2.jpg,0253_3.jpg,0,0.4879872798919678
cross_same_variable,10,254,2,3,0010_2.jpg,0254_3.jpg,0,0.09334868937730789
cross_same_variable,10,257,2,3,0010_2.jpg,0257_3.jpg,0,0.1504928320646286
cross_same_variable,10,258,2,3,0010_2.jpg,0258_3.jpg,0,-0.02471075765788555
cross_same_variable,10,268,2,3,0010_2.jpg,0268_3.jpg,0,0.23854805529117584
cross_same_variable,10,269,2,3,0010_2.jpg,0269_3.jpg,0,0.24130120873451233
cross_same_variable,10,270,2,3,0010_2.jpg,0270_3.jpg,0,0.3990347683429718
cross_same_variable,10,277,2,3,0010_2.jpg,0277_3.jpg,0,0.3470076024532318
cross_same_variable,10,278,2,3,0010_2.jpg,0278_3.jpg,0,0.48707738518714905
cross_same_variable,28,5,2,3,0028_2.jpg,0005_3.jpg,0,0.5962985157966614
cross_same_variable,28,9,2,3,0028_2.jpg,0009_3.jpg,0,0.4237785339355469
cross_same_variable,28,10,2,3,0028_2.jpg,0010_3.jpg,0,0.4186694622039795
cross_same_variable,28,28,2,3,0028_2.jpg,0028_3.jpg,1,0.8709840774536133
cross_same_variable,28,32,2,3,0028_2.jpg,0032_3.jpg,0,0.333301305770874
cross_same_variable,28,33,2,3,0028_2.jpg,0033_3.jpg,0,0.1453441083431244
cross_same_variable,28,34,2,3,0028_2.jpg,0034_3.jpg,0,0.47107377648353577
cross_same_variable,28,44,2,3,0028_2.jpg,0044_3.jpg,0,0.7174079418182373
cross_same_variable,28,51,2,3,0028_2.jpg,0051_3.jpg,0,0.3844808340072632
cross_same_variable,28,54,2,3,0028_2.jpg,0054_3.jpg,0,0.5044348239898682
cross_same_variable,28,63,2,3,0028_2.jpg,0063_3.jpg,0,0.46794816851615906
cross_same_variable,28,68,2,3,0028_2.jpg,0068_3.jpg,0,0.4158906936645508
cross_same_variable,28,69,2,3,0028_2.jpg,0069_3.jpg,0,0.5380026698112488
cross_same_variable,28,73,2,3,0028_2.jpg,0073_3.jpg,0,0.5983986854553223
cross_same_variable,28,95,2,3,0028_2.jpg,0095_3.jpg,0,0.48492714762687683
cross_same_variable,28,121,2,3,0028_2.jpg,0121_3.jpg,0,0.4439135193824768
cross_same_variable,28,128,2,3,0028_2.jpg,0128_3.jpg,0,0.44343096017837524
cross_same_variable,28,129,2,3,0028_2.jpg,0129_3.jpg,0,0.40668272972106934
cross_same_variable,28,131,2,3,0028_2.jpg,0131_3.jpg,0,0.7574253082275391
cross_same_variable,28,139,2,3,0028_2.jpg,0139_3.jpg,0,0.2563904821872711
cross_same_variable,28,144,2,3,0028_2.jpg,0144_3.jpg,0,0.2995220720767975
cross_same_variable,28,145,2,3,0028_2.jpg,0145_3.jpg,0,0.3600721061229706
cross_same_variable,28,150,2,3,0028_2.jpg,0150_3.jpg,0,0.8517577648162842
cross_same_variable,28,160,2,3,0028_2.jpg,0160_3.jpg,0,0.28668999671936035
cross_same_variable,28,165,2,3,0028_2.jpg,0165_3.jpg,0,0.6331514716148376
cross_same_variable,28,166,2,3,0028_2.jpg,0166_3.jpg,0,0.8137325048446655
cross_same_variable,28,170,2,3,0028_2.jpg,0170_3.jpg,0,0.2603400945663452
cross_same_variable,28,174,2,3,0028_2.jpg,0174_3.jpg,0,0.15550722181797028
cross_same_variable,28,176,2,3,0028_2.jpg,0176_3.jpg,0,0.7333932518959045
cross_same_variable,28,193,2,3,0028_2.jpg,0193_3.jpg,0,0.6642850637435913
cross_same_variable,28,202,2,3,0028_2.jpg,0202_3.jpg,0,0.4187229871749878
cross_same_variable,28,205,2,3,0028_2.jpg,0205_3.jpg,0,0.0761675015091896
cross_same_variable,28,210,2,3,0028_2.jpg,0210_3.jpg,0,0.38528987765312195
cross_same_variable,28,218,2,3,0028_2.jpg,0218_3.jpg,0,0.7299866080284119
cross_same_variable,28,222,2,3,0028_2.jpg,0222_3.jpg,0,0.10886035859584808
cross_same_variable,28,238,2,3,0028_2.jpg,0238_3.jpg,0,0.2182844579219818
cross_same_variable,28,253,2,3,0028_2.jpg,0253_3.jpg,0,0.6277021765708923
cross_same_variable,28,254,2,3,0028_2.jpg,0254_3.jpg,0,-0.06655406206846237
cross_same_variable,28,257,2,3,0028_2.jpg,0257_3.jpg,0,-0.04930349066853523
cross_same_variable,28,258,2,3,0028_2.jpg,0258_3.jpg,0,0.09001923352479935
cross_same_variable,28,268,2,3,0028_2.jpg,0268_3.jpg,0,-0.011776482686400414
cross_same_variable,28,269,2,3,0028_2.jpg,0269_3.jpg,0,0.09454888105392456
cross_same_variable,28,270,2,3,0028_2.jpg,0270_3.jpg,0,0.29968440532684326
cross_same_variable,28,277,2,3,0028_2.jpg,0277_3.jpg,0,0.46743538975715637
cross_same_variable,28,278,2,3,0028_2.jpg,0278_3.jpg,0,0.4543918967247009
cross_same_variable,32,5,2,3,0032_2.jpg,0005_3.jpg,0,0.4318625330924988
cross_same_variable,32,9,2,3,0032_2.jpg,0009_3.jpg,0,0.39710351824760437
cross_same_variable,32,10,2,3,0032_2.jpg,0010_3.jpg,0,0.31705179810523987
cross_same_variable,32,28,2,3,0032_2.jpg,0028_3.jpg,0,0.6238786578178406
cross_same_variable,32,32,2,3,0032_2.jpg,0032_3.jpg,1,0.7882776260375977
cross_same_variable,32,33,2,3,0032_2.jpg,0033_3.jpg,0,0.29371514916419983
cross_same_variable,32,34,2,3,0032_2.jpg,0034_3.jpg,0,0.7031071186065674
cross_same_variable,32,44,2,3,0032_2.jpg,0044_3.jpg,0,0.8019089698791504
cross_same_variable,32,51,2,3,0032_2.jpg,0051_3.jpg,0,0.010583670809864998
cross_same_variable,32,54,2,3,0032_2.jpg,0054_3.jpg,0,0.74275141954422
cross_same_variable,32,63,2,3,0032_2.jpg,0063_3.jpg,0,0.705829381942749
cross_same_variable,32,68,2,3,0032_2.jpg,0068_3.jpg,0,0.5164475440979004
cross_same_variable,32,69,2,3,0032_2.jpg,0069_3.jpg,0,0.3491644263267517
cross_same_variable,32,73,2,3,0032_2.jpg,0073_3.jpg,0,0.7702987194061279
cross_same_variable,32,95,2,3,0032_2.jpg,0095_3.jpg,0,0.46385470032691956
cross_same_variable,32,121,2,3,0032_2.jpg,0121_3.jpg,0,0.656995952129364
cross_same_variable,32,128,2,3,0032_2.jpg,0128_3.jpg,0,0.5308125019073486
cross_same_variable,32,129,2,3,0032_2.jpg,0129_3.jpg,0,0.20484398305416107
cross_same_variable,32,131,2,3,0032_2.jpg,0131_3.jpg,0,0.8093900680541992
cross_same_variable,32,139,2,3,0032_2.jpg,0139_3.jpg,0,0.023626241832971573
cross_same_variable,32,144,2,3,0032_2.jpg,0144_3.jpg,0,0.3826739192008972
cross_same_variable,32,145,2,3,0032_2.jpg,0145_3.jpg,0,0.11618032306432724
cross_same_variable,32,150,2,3,0032_2.jpg,0150_3.jpg,0,0.5231257677078247
cross_same_variable,32,160,2,3,0032_2.jpg,0160_3.jpg,0,0.61508709192276
cross_same_variable,32,165,2,3,0032_2.jpg,0165_3.jpg,0,0.4330305755138397
cross_same_variable,32,166,2,3,0032_2.jpg,0166_3.jpg,0,0.4305982291698456
cross_same_variable,32,170,2,3,0032_2.jpg,0170_3.jpg,0,0.00977625697851181
cross_same_variable,32,174,2,3,0032_2.jpg,0174_3.jpg,0,0.40521231293678284
cross_same_variable,32,176,2,3,0032_2.jpg,0176_3.jpg,0,0.5837147235870361
cross_same_variable,32,193,2,3,0032_2.jpg,0193_3.jpg,0,0.15824374556541443
cross_same_variable,32,202,2,3,0032_2.jpg,0202_3.jpg,0,0.646350085735321
cross_same_variable,32,205,2,3,0032_2.jpg,0205_3.jpg,0,0.2770944833755493
cross_same_variable,32,210,2,3,0032_2.jpg,0210_3.jpg,0,0.22082459926605225
cross_same_variable,32,218,2,3,0032_2.jpg,0218_3.jpg,0,0.6713583469390869
cross_same_variable,32,222,2,3,0032_2.jpg,0222_3.jpg,0,0.6101009845733643
cross_same_variable,32,238,2,3,0032_2.jpg,0238_3.jpg,0,0.5743182897567749
cross_same_variable,32,253,2,3,0032_2.jpg,0253_3.jpg,0,0.7649315595626831
cross_same_variable,32,254,2,3,0032_2.jpg,0254_3.jpg,0,0.10412037372589111
cross_same_variable,32,257,2,3,0032_2.jpg,0257_3.jpg,0,-0.06684232503175735
cross_same_variable,32,258,2,3,0032_2.jpg,0258_3.jpg,0,0.5037828087806702
cross_same_variable,32,268,2,3,0032_2.jpg,0268_3.jpg,0,-0.09402957558631897
cross_same_variable,32,269,2,3,0032_2.jpg,0269_3.jpg,0,0.33903709053993225
cross_same_variable,32,270,2,3,0032_2.jpg,0270_3.jpg,0,0.1587653011083603
cross_same_variable,32,277,2,3,0032_2.jpg,0277_3.jpg,0,0.6518098711967468
cross_same_variable,32,278,2,3,0032_2.jpg,0278_3.jpg,0,0.6178735494613647
cross_same_variable,33,5,2,3,0033_2.jpg,0005_3.jpg,0,0.668345034122467
cross_same_variable,33,9,2,3,0033_2.jpg,0009_3.jpg,0,0.7891002893447876
cross_same_variable,33,10,2,3,0033_2.jpg,0010_3.jpg,0,0.6170874238014221
cross_same_variable,33,28,2,3,0033_2.jpg,0028_3.jpg,0,0.328911691904068
cross_same_variable,33,32,2,3,0033_2.jpg,0032_3.jpg,0,0.7809939980506897
cross_same_variable,33,33,2,3,0033_2.jpg,0033_3.jpg,1,0.7451329827308655
cross_same_variable,33,34,2,3,0033_2.jpg,0034_3.jpg,0,0.741762638092041
cross_same_variable,33,44,2,3,0033_2.jpg,0044_3.jpg,0,0.5584532618522644
cross_same_variable,33,51,2,3,0033_2.jpg,0051_3.jpg,0,0.46760156750679016
cross_same_variable,33,54,2,3,0033_2.jpg,0054_3.jpg,0,0.7753157615661621
cross_same_variable,33,63,2,3,0033_2.jpg,0063_3.jpg,0,0.8100080490112305
cross_same_variable,33,68,2,3,0033_2.jpg,0068_3.jpg,0,0.6515123248100281
cross_same_variable,33,69,2,3,0033_2.jpg,0069_3.jpg,0,0.7093964219093323
cross_same_variable,33,73,2,3,0033_2.jpg,0073_3.jpg,0,0.4460422396659851
cross_same_variable,33,95,2,3,0033_2.jpg,0095_3.jpg,0,0.6560728549957275
cross_same_variable,33,121,2,3,0033_2.jpg,0121_3.jpg,0,0.6273857355117798
cross_same_variable,33,128,2,3,0033_2.jpg,0128_3.jpg,0,0.8586943745613098
cross_same_variable,33,129,2,3,0033_2.jpg,0129_3.jpg,0,0.7117615342140198
cross_same_variable,33,131,2,3,0033_2.jpg,0131_3.jpg,0,0.2706072926521301
cross_same_variable,33,139,2,3,0033_2.jpg,0139_3.jpg,0,0.5109096169471741
cross_same_variable,33,144,2,3,0033_2.jpg,0144_3.jpg,0,0.8852788805961609
cross_same_variable,33,145,2,3,0033_2.jpg,0145_3.jpg,0,0.6251652836799622
cross_same_variable,33,150,2,3,0033_2.jpg,0150_3.jpg,0,0.07530701905488968
cross_same_variable,33,160,2,3,0033_2.jpg,0160_3.jpg,0,0.830717146396637
cross_same_variable,33,165,2,3,0033_2.jpg,0165_3.jpg,0,0.3695651590824127
cross_same_variable,33,166,2,3,0033_2.jpg,0166_3.jpg,0,0.2722867429256439
cross_same_variable,33,170,2,3,0033_2.jpg,0170_3.jpg,0,0.5760690569877625
cross_same_variable,33,174,2,3,0033_2.jpg,0174_3.jpg,0,0.8149792551994324
cross_same_variable,33,176,2,3,0033_2.jpg,0176_3.jpg,0,0.08602933585643768
cross_same_variable,33,193,2,3,0033_2.jpg,0193_3.jpg,0,-0.05249400436878204
cross_same_variable,33,202,2,3,0033_2.jpg,0202_3.jpg,0,0.542681097984314
cross_same_variable,33,205,2,3,0033_2.jpg,0205_3.jpg,0,0.7943598628044128
cross_same_variable,33,210,2,3,0033_2.jpg,0210_3.jpg,0,0.5390145778656006
cross_same_variable,33,218,2,3,0033_2.jpg,0218_3.jpg,0,0.1967933624982834
cross_same_variable,33,222,2,3,0033_2.jpg,0222_3.jpg,0,0.8437855839729309
cross_same_variable,33,238,2,3,0033_2.jpg,0238_3.jpg,0,0.6132004261016846
cross_same_variable,33,253,2,3,0033_2.jpg,0253_3.jpg,0,0.5620865821838379
cross_same_variable,33,254,2,3,0033_2.jpg,0254_3.jpg,0,0.8004451394081116
cross_same_variable,33,257,2,3,0033_2.jpg,0257_3.jpg,0,0.7205173969268799
cross_same_variable,33,258,2,3,0033_2.jpg,0258_3.jpg,0,0.9200403690338135
cross_same_variable,33,268,2,3,0033_2.jpg,0268_3.jpg,0,0.6077454090118408
cross_same_variable,33,269,2,3,0033_2.jpg,0269_3.jpg,0,0.7618869543075562
cross_same_variable,33,270,2,3,0033_2.jpg,0270_3.jpg,0,0.743805468082428
cross_same_variable,33,277,2,3,0033_2.jpg,0277_3.jpg,0,0.8820890188217163
cross_same_variable,33,278,2,3,0033_2.jpg,0278_3.jpg,0,0.7349717617034912
cross_same_variable,34,5,2,3,0034_2.jpg,0005_3.jpg,0,0.6903054714202881
cross_same_variable,34,9,2,3,0034_2.jpg,0009_3.jpg,0,0.5651281476020813
cross_same_variable,34,10,2,3,0034_2.jpg,0010_3.jpg,0,0.4819847345352173
cross_same_variable,34,28,2,3,0034_2.jpg,0028_3.jpg,0,0.6867921948432922
cross_same_variable,34,32,2,3,0034_2.jpg,0032_3.jpg,0,0.732258141040802
cross_same_variable,34,33,2,3,0034_2.jpg,0033_3.jpg,0,0.4698222577571869
cross_same_variable,34,34,2,3,0034_2.jpg,0034_3.jpg,1,0.8229771256446838
cross_same_variable,34,44,2,3,0034_2.jpg,0044_3.jpg,0,0.8636360764503479
cross_same_variable,34,51,2,3,0034_2.jpg,0051_3.jpg,0,0.2542644441127777
cross_same_variable,34,54,2,3,0034_2.jpg,0054_3.jpg,0,0.7875980734825134
cross_same_variable,34,63,2,3,0034_2.jpg,0063_3.jpg,0,0.7545955181121826
cross_same_variable,34,68,2,3,0034_2.jpg,0068_3.jpg,0,0.6497999429702759
cross_same_variable,34,69,2,3,0034_2.jpg,0069_3.jpg,0,0.6731594204902649
cross_same_variable,34,73,2,3,0034_2.jpg,0073_3.jpg,0,0.6141270995140076
cross_same_variable,34,95,2,3,0034_2.jpg,0095_3.jpg,0,0.6406539082527161
cross_same_variable,34,121,2,3,0034_2.jpg,0121_3.jpg,0,0.7690401077270508
cross_same_variable,34,128,2,3,0034_2.jpg,0128_3.jpg,0,0.6702138781547546
cross_same_variable,34,129,2,3,0034_2.jpg,0129_3.jpg,0,0.5033584237098694
cross_same_variable,34,131,2,3,0034_2.jpg,0131_3.jpg,0,0.7368007898330688
cross_same_variable,34,139,2,3,0034_2.jpg,0139_3.jpg,0,0.24839122593402863
cross_same_variable,34,144,2,3,0034_2.jpg,0144_3.jpg,0,0.5942192077636719
cross_same_variable,34,145,2,3,0034_2.jpg,0145_3.jpg,0,0.37162840366363525
cross_same_variable,34,150,2,3,0034_2.jpg,0150_3.jpg,0,0.5429059267044067
cross_same_variable,34,160,2,3,0034_2.jpg,0160_3.jpg,0,0.6871512532234192
cross_same_variable,34,165,2,3,0034_2.jpg,0165_3.jpg,0,0.5148929953575134
cross_same_variable,34,166,2,3,0034_2.jpg,0166_3.jpg,0,0.5111076831817627
cross_same_variable,34,170,2,3,0034_2.jpg,0170_3.jpg,0,0.23018844425678253
cross_same_variable,34,174,2,3,0034_2.jpg,0174_3.jpg,0,0.48540380597114563
cross_same_variable,34,176,2,3,0034_2.jpg,0176_3.jpg,0,0.41502895951271057
cross_same_variable,34,193,2,3,0034_2.jpg,0193_3.jpg,0,0.27379003167152405
cross_same_variable,34,202,2,3,0034_2.jpg,0202_3.jpg,0,0.6167253255844116
cross_same_variable,34,205,2,3,0034_2.jpg,0205_3.jpg,0,0.4089548587799072
cross_same_variable,34,210,2,3,0034_2.jpg,0210_3.jpg,0,0.3665517568588257
cross_same_variable,34,218,2,3,0034_2.jpg,0218_3.jpg,0,0.6101557612419128
cross_same_variable,34,222,2,3,0034_2.jpg,0222_3.jpg,0,0.6350848078727722
cross_same_variable,34,238,2,3,0034_2.jpg,0238_3.jpg,0,0.4746176600456238
cross_same_variable,34,253,2,3,0034_2.jpg,0253_3.jpg,0,0.7722530961036682
cross_same_variable,34,254,2,3,0034_2.jpg,0254_3.jpg,0,0.3027333617210388
cross_same_variable,34,257,2,3,0034_2.jpg,0257_3.jpg,0,0.24165278673171997
cross_same_variable,34,258,2,3,0034_2.jpg,0258_3.jpg,0,0.5962926745414734
cross_same_variable,34,268,2,3,0034_2.jpg,0268_3.jpg,0,0.17481066286563873
cross_same_variable,34,269,2,3,0034_2.jpg,0269_3.jpg,0,0.5156417489051819
cross_same_variable,34,270,2,3,0034_2.jpg,0270_3.jpg,0,0.434710830450058
cross_same_variable,34,277,2,3,0034_2.jpg,0277_3.jpg,0,0.718808114528656
cross_same_variable,34,278,2,3,0034_2.jpg,0278_3.jpg,0,0.7204799652099609
cross_same_variable,44,5,2,3,0044_2.jpg,0005_3.jpg,0,0.438726544380188
cross_same_variable,44,9,2,3,0044_2.jpg,0009_3.jpg,0,0.3276386857032776
cross_same_variable,44,10,2,3,0044_2.jpg,0010_3.jpg,0,0.22851967811584473
cross_same_variable,44,28,2,3,0044_2.jpg,0028_3.jpg,0,0.5669674873352051
cross_same_variable,44,32,2,3,0044_2.jpg,0032_3.jpg,0,0.7485638856887817
cross_same_variable,44,33,2,3,0044_2.jpg,0033_3.jpg,0,0.2316654920578003
cross_same_variable,44,34,2,3,0044_2.jpg,0034_3.jpg,0,0.7394927740097046
cross_same_variable,44,44,2,3,0044_2.jpg,0044_3.jpg,1,0.8315225839614868
cross_same_variable,44,51,2,3,0044_2.jpg,0051_3.jpg,0,-0.0814896747469902
cross_same_variable,44,54,2,3,0044_2.jpg,0054_3.jpg,0,0.6884214282035828
cross_same_variable,44,63,2,3,0044_2.jpg,0063_3.jpg,0,0.6711017489433289
cross_same_variable,44,68,2,3,0044_2.jpg,0068_3.jpg,0,0.5765944123268127
cross_same_variable,44,69,2,3,0044_2.jpg,0069_3.jpg,0,0.3534574806690216
cross_same_variable,44,73,2,3,0044_2.jpg,0073_3.jpg,0,0.7461594343185425
cross_same_variable,44,95,2,3,0044_2.jpg,0095_3.jpg,0,0.43426549434661865
cross_same_variable,44,121,2,3,0044_2.jpg,0121_3.jpg,0,0.7254521250724792
cross_same_variable,44,128,2,3,0044_2.jpg,0128_3.jpg,0,0.46813130378723145
cross_same_variable,44,129,2,3,0044_2.jpg,0129_3.jpg,0,0.16790834069252014
cross_same_variable,44,131,2,3,0044_2.jpg,0131_3.jpg,0,0.8344694972038269
cross_same_variable,44,139,2,3,0044_2.jpg,0139_3.jpg,0,-0.06293230503797531
cross_same_variable,44,144,2,3,0044_2.jpg,0144_3.jpg,0,0.2838156521320343
cross_same_variable,44,145,2,3,0044_2.jpg,0145_3.jpg,0,0.06389293074607849
cross_same_variable,44,150,2,3,0044_2.jpg,0150_3.jpg,0,0.5860755443572998
cross_same_variable,44,160,2,3,0044_2.jpg,0160_3.jpg,0,0.6003524661064148
cross_same_variable,44,165,2,3,0044_2.jpg,0165_3.jpg,0,0.42091163992881775
cross_same_variable,44,166,2,3,0044_2.jpg,0166_3.jpg,0,0.397823691368103
cross_same_variable,44,170,2,3,0044_2.jpg,0170_3.jpg,0,-0.10500437766313553
cross_same_variable,44,174,2,3,0044_2.jpg,0174_3.jpg,0,0.2592589557170868
cross_same_variable,44,176,2,3,0044_2.jpg,0176_3.jpg,0,0.5126298069953918
cross_same_variable,44,193,2,3,0044_2.jpg,0193_3.jpg,0,0.1691773682832718
cross_same_variable,44,202,2,3,0044_2.jpg,0202_3.jpg,0,0.6138508915901184
cross_same_variable,44,205,2,3,0044_2.jpg,0205_3.jpg,0,0.2243383228778839
cross_same_variable,44,210,2,3,0044_2.jpg,0210_3.jpg,0,0.1252177208662033
cross_same_variable,44,218,2,3,0044_2.jpg,0218_3.jpg,0,0.6711720824241638
cross_same_variable,44,222,2,3,0044_2.jpg,0222_3.jpg,0,0.5539407134056091
cross_same_variable,44,238,2,3,0044_2.jpg,0238_3.jpg,0,0.5167794227600098
cross_same_variable,44,253,2,3,0044_2.jpg,0253_3.jpg,0,0.7919455766677856
cross_same_variable,44,254,2,3,0044_2.jpg,0254_3.jpg,0,0.017557479441165924
cross_same_variable,44,257,2,3,0044_2.jpg,0257_3.jpg,0,-0.12637300789356232
cross_same_variable,44,258,2,3,0044_2.jpg,0258_3.jpg,0,0.4544394314289093
cross_same_variable,44,268,2,3,0044_2.jpg,0268_3.jpg,0,-0.18128807842731476
cross_same_variable,44,269,2,3,0044_2.jpg,0269_3.jpg,0,0.33286207914352417
cross_same_variable,44,270,2,3,0044_2.jpg,0270_3.jpg,0,0.11365798860788345
cross_same_variable,44,277,2,3,0044_2.jpg,0277_3.jpg,0,0.5236989259719849
cross_same_variable,44,278,2,3,0044_2.jpg,0278_3.jpg,0,0.6075828075408936
cross_same_variable,51,5,2,3,0051_2.jpg,0005_3.jpg,0,0.8028268814086914
cross_same_variable,51,9,2,3,0051_2.jpg,0009_3.jpg,0,0.8482075333595276
cross_same_variable,51,10,2,3,0051_2.jpg,0010_3.jpg,0,0.6588417887687683
cross_same_variable,51,28,2,3,0051_2.jpg,0028_3.jpg,0,0.6402211785316467
cross_same_variable,51,32,2,3,0051_2.jpg,0032_3.jpg,0,0.5258090496063232
cross_same_variable,51,33,2,3,0051_2.jpg,0033_3.jpg,0,0.5400131344795227
cross_same_variable,51,34,2,3,0051_2.jpg,0034_3.jpg,0,0.5697469711303711
cross_same_variable,51,44,2,3,0051_2.jpg,0044_3.jpg,0,0.6090866923332214
cross_same_variable,51,51,2,3,0051_2.jpg,0051_3.jpg,1,0.69664466381073
cross_same_variable,51,54,2,3,0051_2.jpg,0054_3.jpg,0,0.6791061758995056
cross_same_variable,51,63,2,3,0051_2.jpg,0063_3.jpg,0,0.6670551896095276
cross_same_variable,51,68,2,3,0051_2.jpg,0068_3.jpg,0,0.5530526041984558
cross_same_variable,51,69,2,3,0051_2.jpg,0069_3.jpg,0,0.7716262936592102
cross_same_variable,51,73,2,3,0051_2.jpg,0073_3.jpg,0,0.40656331181526184
cross_same_variable,51,95,2,3,0051_2.jpg,0095_3.jpg,0,0.6349932551383972
cross_same_variable,51,121,2,3,0051_2.jpg,0121_3.jpg,0,0.45196467638015747
cross_same_variable,51,128,2,3,0051_2.jpg,0128_3.jpg,0,0.8678742051124573
cross_same_variable,51,129,2,3,0051_2.jpg,0129_3.jpg,0,0.8415489792823792
cross_same_variable,51,131,2,3,0051_2.jpg,0131_3.jpg,0,0.33912330865859985
cross_same_variable,51,139,2,3,0051_2.jpg,0139_3.jpg,0,0.5754765868186951
cross_same_variable,51,144,2,3,0051_2.jpg,0144_3.jpg,0,0.8326142430305481
cross_same_variable,51,145,2,3,0051_2.jpg,0145_3.jpg,0,0.7837942838668823
cross_same_variable,51,150,2,3,0051_2.jpg,0150_3.jpg,0,0.37934955954551697
cross_same_variable,51,160,2,3,0051_2.jpg,0160_3.jpg,0,0.6318851113319397
cross_same_variable,51,165,2,3,0051_2.jpg,0165_3.jpg,0,0.6548609137535095
cross_same_variable,51,166,2,3,0051_2.jpg,0166_3.jpg,0,0.6641961336135864
cross_same_variable,51,170,2,3,0051_2.jpg,0170_3.jpg,0,0.7205914258956909
cross_same_variable,51,174,2,3,0051_2.jpg,0174_3.jpg,0,0.7402105927467346
cross_same_variable,51,176,2,3,0051_2.jpg,0176_3.jpg,0,0.3592568635940552
cross_same_variable,51,193,2,3,0051_2.jpg,0193_3.jpg,0,0.27420613169670105
cross_same_variable,51,202,2,3,0051_2.jpg,0202_3.jpg,0,0.43099817633628845
cross_same_variable,51,205,2,3,0051_2.jpg,0205_3.jpg,0,0.5833426713943481
cross_same_variable,51,210,2,3,0051_2.jpg,0210_3.jpg,0,0.76483553647995
cross_same_variable,51,218,2,3,0051_2.jpg,0218_3.jpg,0,0.2921735346317291
cross_same_variable,51,222,2,3,0051_2.jpg,0222_3.jpg,0,0.5360523462295532
cross_same_variable,51,238,2,3,0051_2.jpg,0238_3.jpg,0,0.415720671415329
cross_same_variable,51,253,2,3,0051_2.jpg,0253_3.jpg,0,0.5066343545913696
cross_same_variable,51,254,2,3,0051_2.jpg,0254_3.jpg,0,0.6336809992790222
cross_same_variable,51,257,2,3,0051_2.jpg,0257_3.jpg,0,0.6284793019294739
cross_same_variable,51,258,2,3,0051_2.jpg,0258_3.jpg,0,0.6913778185844421
cross_same_variable,51,268,2,3,0051_2.jpg,0268_3.jpg,0,0.5832932591438293
cross_same_variable,51,269,2,3,0051_2.jpg,0269_3.jpg,0,0.4735787808895111
cross_same_variable,51,270,2,3,0051_2.jpg,0270_3.jpg,0,0.8242955207824707
cross_same_variable,51,277,2,3,0051_2.jpg,0277_3.jpg,0,0.8638671040534973
cross_same_variable,51,278,2,3,0051_2.jpg,0278_3.jpg,0,0.6120904088020325
cross_same_variable,54,5,2,3,0054_2.jpg,0005_3.jpg,0,0.40241944789886475
cross_same_variable,54,9,2,3,0054_2.jpg,0009_3.jpg,0,0.207013338804245
cross_same_variable,54,10,2,3,0054_2.jpg,0010_3.jpg,0,0.28698500990867615
cross_same_variable,54,28,2,3,0054_2.jpg,0028_3.jpg,0,0.5332903265953064
cross_same_variable,54,32,2,3,0054_2.jpg,0032_3.jpg,0,0.6504377126693726
cross_same_variable,54,33,2,3,0054_2.jpg,0033_3.jpg,0,0.2351062148809433
cross_same_variable,54,34,2,3,0054_2.jpg,0034_3.jpg,0,0.7185319066047668
cross_same_variable,54,44,2,3,0054_2.jpg,0044_3.jpg,0,0.7132441401481628
cross_same_variable,54,51,2,3,0054_2.jpg,0051_3.jpg,0,-0.012048167176544666
cross_same_variable,54,54,2,3,0054_2.jpg,0054_3.jpg,1,0.6351962685585022
cross_same_variable,54,63,2,3,0054_2.jpg,0063_3.jpg,0,0.5229325294494629
cross_same_variable,54,68,2,3,0054_2.jpg,0068_3.jpg,0,0.5891033411026001
cross_same_variable,54,69,2,3,0054_2.jpg,0069_3.jpg,0,0.2980406582355499
cross_same_variable,54,73,2,3,0054_2.jpg,0073_3.jpg,0,0.7817794680595398
cross_same_variable,54,95,2,3,0054_2.jpg,0095_3.jpg,0,0.504301130771637
cross_same_variable,54,121,2,3,0054_2.jpg,0121_3.jpg,0,0.7421221733093262
cross_same_variable,54,128,2,3,0054_2.jpg,0128_3.jpg,0,0.3397811949253082
cross_same_variable,54,129,2,3,0054_2.jpg,0129_3.jpg,0,0.06019694730639458
cross_same_variable,54,131,2,3,0054_2.jpg,0131_3.jpg,0,0.8492285013198853
cross_same_variable,54,139,2,3,0054_2.jpg,0139_3.jpg,0,0.033590562641620636
cross_same_variable,54,144,2,3,0054_2.jpg,0144_3.jpg,0,0.2041701227426529
cross_same_variable,54,145,2,3,0054_2.jpg,0145_3.jpg,0,0.07105310261249542
cross_same_variable,54,150,2,3,0054_2.jpg,0150_3.jpg,0,0.6846550703048706
cross_same_variable,54,160,2,3,0054_2.jpg,0160_3.jpg,0,0.48583683371543884
cross_same_variable,54,165,2,3,0054_2.jpg,0165_3.jpg,0,0.28089675307273865
cross_same_variable,54,166,2,3,0054_2.jpg,0166_3.jpg,0,0.39875203371047974
cross_same_variable,54,170,2,3,0054_2.jpg,0170_3.jpg,0,-0.1349503993988037
cross_same_variable,54,174,2,3,0054_2.jpg,0174_3.jpg,0,0.08383049070835114
cross_same_variable,54,176,2,3,0054_2.jpg,0176_3.jpg,0,0.4898357093334198
cross_same_variable,54,193,2,3,0054_2.jpg,0193_3.jpg,0,0.3557385504245758
cross_same_variable,54,202,2,3,0054_2.jpg,0202_3.jpg,0,0.6569910645484924
cross_same_variable,54,205,2,3,0054_2.jpg,0205_3.jpg,0,0.16216298937797546
cross_same_variable,54,210,2,3,0054_2.jpg,0210_3.jpg,0,-0.035528942942619324
cross_same_variable,54,218,2,3,0054_2.jpg,0218_3.jpg,0,0.7649529576301575
cross_same_variable,54,222,2,3,0054_2.jpg,0222_3.jpg,0,0.4588671624660492
cross_same_variable,54,238,2,3,0054_2.jpg,0238_3.jpg,0,0.466256707906723
cross_same_variable,54,253,2,3,0054_2.jpg,0253_3.jpg,0,0.8092377185821533
cross_same_variable,54,254,2,3,0054_2.jpg,0254_3.jpg,0,-0.08007112145423889
cross_same_variable,54,257,2,3,0054_2.jpg,0257_3.jpg,0,-0.2086089700460434
cross_same_variable,54,258,2,3,0054_2.jpg,0258_3.jpg,0,0.21602386236190796
cross_same_variable,54,268,2,3,0054_2.jpg,0268_3.jpg,0,-0.19717659056186676
cross_same_variable,54,269,2,3,0054_2.jpg,0269_3.jpg,0,0.3032074570655823
cross_same_variable,54,270,2,3,0054_2.jpg,0270_3.jpg,0,0.02985694631934166
cross_same_variable,54,277,2,3,0054_2.jpg,0277_3.jpg,0,0.3913254141807556
cross_same_variable,54,278,2,3,0054_2.jpg,0278_3.jpg,0,0.6184025406837463
cross_same_variable,63,5,2,3,0063_2.jpg,0005_3.jpg,0,0.469323992729187
cross_same_variable,63,9,2,3,0063_2.jpg,0009_3.jpg,0,0.6903469562530518
cross_same_variable,63,10,2,3,0063_2.jpg,0010_3.jpg,0,0.48391005396842957
cross_same_variable,63,28,2,3,0063_2.jpg,0028_3.jpg,0,0.3423457741737366
cross_same_variable,63,32,2,3,0063_2.jpg,0032_3.jpg,0,0.7024627923965454
cross_same_variable,63,33,2,3,0063_2.jpg,0033_3.jpg,0,0.5621963739395142
cross_same_variable,63,34,2,3,0063_2.jpg,0034_3.jpg,0,0.6946083307266235
cross_same_variable,63,44,2,3,0063_2.jpg,0044_3.jpg,0,0.5608392953872681
cross_same_variable,63,51,2,3,0063_2.jpg,0051_3.jpg,0,0.3097536563873291
cross_same_variable,63,54,2,3,0063_2.jpg,0054_3.jpg,0,0.7518712282180786
cross_same_variable,63,63,2,3,0063_2.jpg,0063_3.jpg,1,0.8631015419960022
cross_same_variable,63,68,2,3,0063_2.jpg,0068_3.jpg,0,0.5317619442939758
cross_same_variable,63,69,2,3,0063_2.jpg,0069_3.jpg,0,0.6266101598739624
cross_same_variable,63,73,2,3,0063_2.jpg,0073_3.jpg,0,0.5579881072044373
cross_same_variable,63,95,2,3,0063_2.jpg,0095_3.jpg,0,0.4786183834075928
cross_same_variable,63,121,2,3,0063_2.jpg,0121_3.jpg,0,0.5010886192321777
cross_same_variable,63,128,2,3,0063_2.jpg,0128_3.jpg,0,0.8137016892433167
cross_same_variable,63,129,2,3,0063_2.jpg,0129_3.jpg,0,0.6762444972991943
cross_same_variable,63,131,2,3,0063_2.jpg,0131_3.jpg,0,0.3603159487247467
cross_same_variable,63,139,2,3,0063_2.jpg,0139_3.jpg,0,0.2958792448043823
cross_same_variable,63,144,2,3,0063_2.jpg,0144_3.jpg,0,0.7476261258125305
cross_same_variable,63,145,2,3,0063_2.jpg,0145_3.jpg,0,0.4809263050556183
cross_same_variable,63,150,2,3,0063_2.jpg,0150_3.jpg,0,0.03127766028046608
cross_same_variable,63,160,2,3,0063_2.jpg,0160_3.jpg,0,0.7862405776977539
cross_same_variable,63,165,2,3,0063_2.jpg,0165_3.jpg,0,0.5435084104537964
cross_same_variable,63,166,2,3,0063_2.jpg,0166_3.jpg,0,0.291639506816864
cross_same_variable,63,170,2,3,0063_2.jpg,0170_3.jpg,0,0.4500496983528137
cross_same_variable,63,174,2,3,0063_2.jpg,0174_3.jpg,0,0.778509795665741
cross_same_variable,63,176,2,3,0063_2.jpg,0176_3.jpg,0,0.23534660041332245
cross_same_variable,63,193,2,3,0063_2.jpg,0193_3.jpg,0,-0.21188099682331085
cross_same_variable,63,202,2,3,0063_2.jpg,0202_3.jpg,0,0.48467084765434265
cross_same_variable,63,205,2,3,0063_2.jpg,0205_3.jpg,0,0.6300541758537292
cross_same_variable,63,210,2,3,0063_2.jpg,0210_3.jpg,0,0.5993273854255676
cross_same_variable,63,218,2,3,0063_2.jpg,0218_3.jpg,0,0.11442641168832779
cross_same_variable,63,222,2,3,0063_2.jpg,0222_3.jpg,0,0.7105989456176758
cross_same_variable,63,238,2,3,0063_2.jpg,0238_3.jpg,0,0.5017129182815552
cross_same_variable,63,253,2,3,0063_2.jpg,0253_3.jpg,0,0.463423490524292
cross_same_variable,63,254,2,3,0063_2.jpg,0254_3.jpg,0,0.6881253123283386
cross_same_variable,63,257,2,3,0063_2.jpg,0257_3.jpg,0,0.5513226985931396
cross_same_variable,63,258,2,3,0063_2.jpg,0258_3.jpg,0,0.8323880434036255
cross_same_variable,63,268,2,3,0063_2.jpg,0268_3.jpg,0,0.4804072976112366
cross_same_variable,63,269,2,3,0063_2.jpg,0269_3.jpg,0,0.574613630771637
cross_same_variable,63,270,2,3,0063_2.jpg,0270_3.jpg,0,0.6476378440856934
cross_same_variable,63,277,2,3,0063_2.jpg,0277_3.jpg,0,0.7855967879295349
cross_same_variable,63,278,2,3,0063_2.jpg,0278_3.jpg,0,0.5313145518302917
cross_same_variable,68,5,2,3,0068_2.jpg,0005_3.jpg,0,0.6486008763313293
cross_same_variable,68,9,2,3,0068_2.jpg,0009_3.jpg,0,0.44011247158050537
cross_same_variable,68,10,2,3,0068_2.jpg,0010_3.jpg,0,0.5500853657722473
cross_same_variable,68,28,2,3,0068_2.jpg,0028_3.jpg,0,0.6053191423416138
cross_same_variable,68,32,2,3,0068_2.jpg,0032_3.jpg,0,0.44006672501564026
cross_same_variable,68,33,2,3,0068_2.jpg,0033_3.jpg,0,0.47025150060653687
cross_same_variable,68,34,2,3,0068_2.jpg,0034_3.jpg,0,0.6537615060806274
cross_same_variable,68,44,2,3,0068_2.jpg,0044_3.jpg,0,0.5657880902290344
cross_same_variable,68,51,2,3,0068_2.jpg,0051_3.jpg,0,0.511731743812561
cross_same_variable,68,54,2,3,0068_2.jpg,0054_3.jpg,0,0.5558698177337646
cross_same_variable,68,63,2,3,0068_2.jpg,0063_3.jpg,0,0.4380135238170624
cross_same_variable,68,68,2,3,0068_2.jpg,0068_3.jpg,1,0.5952640771865845
cross_same_variable,68,69,2,3,0068_2.jpg,0069_3.jpg,0,0.6350768804550171
cross_same_variable,68,73,2,3,0068_2.jpg,0073_3.jpg,0,0.5388002991676331
cross_same_variable,68,95,2,3,0068_2.jpg,0095_3.jpg,0,0.6823083758354187
cross_same_variable,68,121,2,3,0068_2.jpg,0121_3.jpg,0,0.6415905952453613
cross_same_variable,68,128,2,3,0068_2.jpg,0128_3.jpg,0,0.474863737821579
cross_same_variable,68,129,2,3,0068_2.jpg,0129_3.jpg,0,0.4404875338077545
cross_same_variable,68,131,2,3,0068_2.jpg,0131_3.jpg,0,0.589860200881958
cross_same_variable,68,139,2,3,0068_2.jpg,0139_3.jpg,0,0.5056762099266052
cross_same_variable,68,144,2,3,0068_2.jpg,0144_3.jpg,0,0.4608088433742523
cross_same_variable,68,145,2,3,0068_2.jpg,0145_3.jpg,0,0.5308610200881958
cross_same_variable,68,150,2,3,0068_2.jpg,0150_3.jpg,0,0.6858546137809753
cross_same_variable,68,160,2,3,0068_2.jpg,0160_3.jpg,0,0.4328163266181946
cross_same_variable,68,165,2,3,0068_2.jpg,0165_3.jpg,0,0.31620222330093384
cross_same_variable,68,166,2,3,0068_2.jpg,0166_3.jpg,0,0.5921933054924011
cross_same_variable,68,170,2,3,0068_2.jpg,0170_3.jpg,0,0.36366719007492065
cross_same_variable,68,174,2,3,0068_2.jpg,0174_3.jpg,0,0.17181101441383362
cross_same_variable,68,176,2,3,0068_2.jpg,0176_3.jpg,0,0.3485714793205261
cross_same_variable,68,193,2,3,0068_2.jpg,0193_3.jpg,0,0.6476783752441406
cross_same_variable,68,202,2,3,0068_2.jpg,0202_3.jpg,0,0.5934414267539978
cross_same_variable,68,205,2,3,0068_2.jpg,0205_3.jpg,0,0.36737602949142456
cross_same_variable,68,210,2,3,0068_2.jpg,0210_3.jpg,0,0.21342091262340546
cross_same_variable,68,218,2,3,0068_2.jpg,0218_3.jpg,0,0.6437363028526306
cross_same_variable,68,222,2,3,0068_2.jpg,0222_3.jpg,0,0.34269997477531433
cross_same_variable,68,238,2,3,0068_2.jpg,0238_3.jpg,0,0.29450494050979614
cross_same_variable,68,253,2,3,0068_2.jpg,0253_3.jpg,0,0.6841013431549072
cross_same_variable,68,254,2,3,0068_2.jpg,0254_3.jpg,0,0.18761907517910004
cross_same_variable,68,257,2,3,0068_2.jpg,0257_3.jpg,0,0.2322220355272293
cross_same_variable,68,258,2,3,0068_2.jpg,0258_3.jpg,0,0.1823587417602539
cross_same_variable,68,268,2,3,0068_2.jpg,0268_3.jpg,0,0.27138081192970276
cross_same_variable,68,269,2,3,0068_2.jpg,0269_3.jpg,0,0.42238640785217285
cross_same_variable,68,270,2,3,0068_2.jpg,0270_3.jpg,0,0.4205452501773834
cross_same_variable,68,277,2,3,0068_2.jpg,0277_3.jpg,0,0.4669893682003021
cross_same_variable,68,278,2,3,0068_2.jpg,0278_3.jpg,0,0.6719037294387817
cross_same_variable,69,5,2,3,0069_2.jpg,0005_3.jpg,0,0.608635663986206
cross_same_variable,69,9,2,3,0069_2.jpg,0009_3.jpg,0,0.41574567556381226
cross_same_variable,69,10,2,3,0069_2.jpg,0010_3.jpg,0,0.5176466107368469
cross_same_variable,69,28,2,3,0069_2.jpg,0028_3.jpg,0,0.7147341370582581
cross_same_variable,69,32,2,3,0069_2.jpg,0032_3.jpg,0,0.3768467307090759
cross_same_variable,69,33,2,3,0069_2.jpg,0033_3.jpg,0,0.4302809238433838
cross_same_variable,69,34,2,3,0069_2.jpg,0034_3.jpg,0,0.5329940915107727
cross_same_variable,69,44,2,3,0069_2.jpg,0044_3.jpg,0,0.5916768908500671
cross_same_variable,69,51,2,3,0069_2.jpg,0051_3.jpg,0,0.508979082107544
cross_same_variable,69,54,2,3,0069_2.jpg,0054_3.jpg,0,0.4908514618873596
cross_same_variable,69,63,2,3,0069_2.jpg,0063_3.jpg,0,0.45907163619995117
cross_same_variable,69,68,2,3,0069_2.jpg,0068_3.jpg,0,0.48206672072410583
cross_same_variable,69,69,2,3,0069_2.jpg,0069_3.jpg,1,0.6565402746200562
cross_same_variable,69,73,2,3,0069_2.jpg,0073_3.jpg,0,0.49557483196258545
cross_same_variable,69,95,2,3,0069_2.jpg,0095_3.jpg,0,0.6347629427909851
cross_same_variable,69,121,2,3,0069_2.jpg,0121_3.jpg,0,0.49915072321891785
cross_same_variable,69,128,2,3,0069_2.jpg,0128_3.jpg,0,0.41332846879959106
cross_same_variable,69,129,2,3,0069_2.jpg,0129_3.jpg,0,0.4625113308429718
cross_same_variable,69,131,2,3,0069_2.jpg,0131_3.jpg,0,0.6559768319129944
cross_same_variable,69,139,2,3,0069_2.jpg,0139_3.jpg,0,0.5027179718017578
cross_same_variable,69,144,2,3,0069_2.jpg,0144_3.jpg,0,0.4559382200241089
cross_same_variable,69,145,2,3,0069_2.jpg,0145_3.jpg,0,0.42820706963539124
cross_same_variable,69,150,2,3,0069_2.jpg,0150_3.jpg,0,0.7142459154129028
cross_same_variable,69,160,2,3,0069_2.jpg,0160_3.jpg,0,0.30249133706092834
cross_same_variable,69,165,2,3,0069_2.jpg,0165_3.jpg,0,0.3234131932258606
cross_same_variable,69,166,2,3,0069_2.jpg,0166_3.jpg,0,0.6675395369529724
cross_same_variable,69,170,2,3,0069_2.jpg,0170_3.jpg,0,0.3654666244983673
cross_same_variable,69,174,2,3,0069_2.jpg,0174_3.jpg,0,0.1868673413991928
cross_same_variable,69,176,2,3,0069_2.jpg,0176_3.jpg,0,0.5012749433517456
cross_same_variable,69,193,2,3,0069_2.jpg,0193_3.jpg,0,0.7189600467681885
cross_same_variable,69,202,2,3,0069_2.jpg,0202_3.jpg,0,0.5933007001876831
cross_same_variable,69,205,2,3,0069_2.jpg,0205_3.jpg,0,0.3179765045642853
cross_same_variable,69,210,2,3,0069_2.jpg,0210_3.jpg,0,0.2765306830406189
cross_same_variable,69,218,2,3,0069_2.jpg,0218_3.jpg,0,0.656390368938446
cross_same_variable,69,222,2,3,0069_2.jpg,0222_3.jpg,0,0.22223566472530365
cross_same_variable,69,238,2,3,0069_2.jpg,0238_3.jpg,0,0.19820639491081238
cross_same_variable,69,253,2,3,0069_2.jpg,0253_3.jpg,0,0.5683965086936951
cross_same_variable,69,254,2,3,0069_2.jpg,0254_3.jpg,0,0.12093374133110046
cross_same_variable,69,257,2,3,0069_2.jpg,0257_3.jpg,0,0.15971074998378754
cross_same_variable,69,258,2,3,0069_2.jpg,0258_3.jpg,0,0.1309857964515686
cross_same_variable,69,268,2,3,0069_2.jpg,0268_3.jpg,0,0.2396955043077469
cross_same_variable,69,269,2,3,0069_2.jpg,0269_3.jpg,0,0.35688525438308716
cross_same_variable,69,270,2,3,0069_2.jpg,0270_3.jpg,0,0.39014536142349243
cross_same_variable,69,277,2,3,0069_2.jpg,0277_3.jpg,0,0.5142731666564941
cross_same_variable,69,278,2,3,0069_2.jpg,0278_3.jpg,0,0.5657908320426941
cross_same_variable,73,5,2,3,0073_2.jpg,0005_3.jpg,0,0.32509782910346985
cross_same_variable,73,9,2,3,0073_2.jpg,0009_3.jpg,0,0.23651853203773499
cross_same_variable,73,10,2,3,0073_2.jpg,0010_3.jpg,0,0.20500335097312927
cross_same_variable,73,28,2,3,0073_2.jpg,0028_3.jpg,0,0.4864872097969055
cross_same_variable,73,32,2,3,0073_2.jpg,0032_3.jpg,0,-0.15534915030002594
cross_same_variable,73,33,2,3,0073_2.jpg,0033_3.jpg,0,0.02689831145107746
cross_same_variable,73,34,2,3,0073_2.jpg,0034_3.jpg,0,0.03180810064077377
cross_same_variable,73,44,2,3,0073_2.jpg,0044_3.jpg,0,0.23217107355594635
cross_same_variable,73,51,2,3,0073_2.jpg,0051_3.jpg,0,0.49326080083847046
cross_same_variable,73,54,2,3,0073_2.jpg,0054_3.jpg,0,0.09449020028114319
cross_same_variable,73,63,2,3,0073_2.jpg,0063_3.jpg,0,0.11193326115608215
cross_same_variable,73,68,2,3,0073_2.jpg,0068_3.jpg,0,0.09950193762779236
cross_same_variable,73,69,2,3,0073_2.jpg,0069_3.jpg,0,0.31718555092811584
cross_same_variable,73,73,2,3,0073_2.jpg,0073_3.jpg,1,0.2541618049144745
cross_same_variable,73,95,2,3,0073_2.jpg,0095_3.jpg,0,0.24710588157176971
cross_same_variable,73,121,2,3,0073_2.jpg,0121_3.jpg,0,-0.008069324307143688
cross_same_variable,73,128,2,3,0073_2.jpg,0128_3.jpg,0,0.13471539318561554
cross_same_variable,73,129,2,3,0073_2.jpg,0129_3.jpg,0,0.3147869110107422
cross_same_variable,73,131,2,3,0073_2.jpg,0131_3.jpg,0,0.31790176033973694
cross_same_variable,73,139,2,3,0073_2.jpg,0139_3.jpg,0,0.3548245131969452
cross_same_variable,73,144,2,3,0073_2.jpg,0144_3.jpg,0,0.11881980299949646
cross_same_variable,73,145,2,3,0073_2.jpg,0145_3.jpg,0,0.3484540283679962
cross_same_variable,73,150,2,3,0073_2.jpg,0150_3.jpg,0,0.5913968682289124
cross_same_variable,73,160,2,3,0073_2.jpg,0160_3.jpg,0,-0.05208597704768181
cross_same_variable,73,165,2,3,0073_2.jpg,0165_3.jpg,0,0.29153972864151
cross_same_variable,73,166,2,3,0073_2.jpg,0166_3.jpg,0,0.6855836510658264
cross_same_variable,73,170,2,3,0073_2.jpg,0170_3.jpg,0,0.36903104186058044
cross_same_variable,73,174,2,3,0073_2.jpg,0174_3.jpg,0,-0.12774275243282318
cross_same_variable,73,176,2,3,0073_2.jpg,0176_3.jpg,0,0.4761224687099457
cross_same_variable,73,193,2,3,0073_2.jpg,0193_3.jpg,0,0.6407809853553772
cross_same_variable,73,202,2,3,0073_2.jpg,0202_3.jpg,0,0.13853991031646729
cross_same_variable,73,205,2,3,0073_2.jpg,0205_3.jpg,0,0.007619735784828663
cross_same_variable,73,210,2,3,0073_2.jpg,0210_3.jpg,0,0.28380441665649414
cross_same_variable,73,218,2,3,0073_2.jpg,0218_3.jpg,0,0.35480350255966187
cross_same_variable,73,222,2,3,0073_2.jpg,0222_3.jpg,0,-0.29677852988243103
cross_same_variable,73,238,2,3,0073_2.jpg,0238_3.jpg,0,-0.12949222326278687
cross_same_variable,73,253,2,3,0073_2.jpg,0253_3.jpg,0,0.19445951282978058
cross_same_variable,73,254,2,3,0073_2.jpg,0254_3.jpg,0,-0.08154256641864777
cross_same_variable,73,257,2,3,0073_2.jpg,0257_3.jpg,0,0.01951494999229908
cross_same_variable,73,258,2,3,0073_2.jpg,0258_3.jpg,0,-0.26956042647361755
cross_same_variable,73,268,2,3,0073_2.jpg,0268_3.jpg,0,0.1545521467924118
cross_same_variable,73,269,2,3,0073_2.jpg,0269_3.jpg,0,-0.06585139781236649
cross_same_variable,73,270,2,3,0073_2.jpg,0270_3.jpg,0,0.27936476469039917
cross_same_variable,73,277,2,3,0073_2.jpg,0277_3.jpg,0,0.12115379422903061
cross_same_variable,73,278,2,3,0073_2.jpg,0278_3.jpg,0,0.17670193314552307
cross_same_variable,95,5,2,3,0095_2.jpg,0005_3.jpg,0,0.6941462755203247
cross_same_variable,95,9,2,3,0095_2.jpg,0009_3.jpg,0,0.6139446496963501
cross_same_variable,95,10,2,3,0095_2.jpg,0010_3.jpg,0,0.773093044757843
cross_same_variable,95,28,2,3,0095_2.jpg,0028_3.jpg,0,0.2794249355792999
cross_same_variable,95,32,2,3,0095_2.jpg,0032_3.jpg,0,0.7733069062232971
cross_same_variable,95,33,2,3,0095_2.jpg,0033_3.jpg,0,0.8550798296928406
cross_same_variable,95,34,2,3,0095_2.jpg,0034_3.jpg,0,0.8197958469390869
cross_same_variable,95,44,2,3,0095_2.jpg,0044_3.jpg,0,0.474112331867218
cross_same_variable,95,51,2,3,0095_2.jpg,0051_3.jpg,0,0.5451332926750183
cross_same_variable,95,54,2,3,0095_2.jpg,0054_3.jpg,0,0.7556763887405396
cross_same_variable,95,63,2,3,0095_2.jpg,0063_3.jpg,0,0.6100028157234192
cross_same_variable,95,68,2,3,0095_2.jpg,0068_3.jpg,0,0.8427396416664124
cross_same_variable,95,69,2,3,0095_2.jpg,0069_3.jpg,0,0.7319951057434082
cross_same_variable,95,73,2,3,0095_2.jpg,0073_3.jpg,0,0.5024711489677429
cross_same_variable,95,95,2,3,0095_2.jpg,0095_3.jpg,1,0.8885515332221985
cross_same_variable,95,121,2,3,0095_2.jpg,0121_3.jpg,0,0.731236457824707
cross_same_variable,95,128,2,3,0095_2.jpg,0128_3.jpg,0,0.6722276210784912
cross_same_variable,95,129,2,3,0095_2.jpg,0129_3.jpg,0,0.5623252987861633
cross_same_variable,95,131,2,3,0095_2.jpg,0131_3.jpg,0,0.3495294451713562
cross_same_variable,95,139,2,3,0095_2.jpg,0139_3.jpg,0,0.711793839931488
cross_same_variable,95,144,2,3,0095_2.jpg,0144_3.jpg,0,0.8175418376922607
cross_same_variable,95,145,2,3,0095_2.jpg,0145_3.jpg,0,0.6608747839927673
cross_same_variable,95,150,2,3,0095_2.jpg,0150_3.jpg,0,0.2647803723812103
cross_same_variable,95,160,2,3,0095_2.jpg,0160_3.jpg,0,0.7791675925254822
cross_same_variable,95,165,2,3,0095_2.jpg,0165_3.jpg,0,0.11819615215063095
cross_same_variable,95,166,2,3,0095_2.jpg,0166_3.jpg,0,0.27233245968818665
cross_same_variable,95,170,2,3,0095_2.jpg,0170_3.jpg,0,0.5232830047607422
cross_same_variable,95,174,2,3,0095_2.jpg,0174_3.jpg,0,0.5929272174835205
cross_same_variable,95,176,2,3,0095_2.jpg,0176_3.jpg,0,0.03762541338801384
cross_same_variable,95,193,2,3,0095_2.jpg,0193_3.jpg,0,0.2939210534095764
cross_same_variable,95,202,2,3,0095_2.jpg,0202_3.jpg,0,0.7833505868911743
cross_same_variable,95,205,2,3,0095_2.jpg,0205_3.jpg,0,0.8385322690010071
cross_same_variable,95,210,2,3,0095_2.jpg,0210_3.jpg,0,0.2698383629322052
cross_same_variable,95,218,2,3,0095_2.jpg,0218_3.jpg,0,0.3717111051082611
cross_same_variable,95,222,2,3,0095_2.jpg,0222_3.jpg,0,0.8074424266815186
cross_same_variable,95,238,2,3,0095_2.jpg,0238_3.jpg,0,0.543738603591919
cross_same_variable,95,253,2,3,0095_2.jpg,0253_3.jpg,0,0.6807119846343994
cross_same_variable,95,254,2,3,0095_2.jpg,0254_3.jpg,0,0.704240083694458
cross_same_variable,95,257,2,3,0095_2.jpg,0257_3.jpg,0,0.624249279499054
cross_same_variable,95,258,2,3,0095_2.jpg,0258_3.jpg,0,0.6553362607955933
cross_same_variable,95,268,2,3,0095_2.jpg,0268_3.jpg,0,0.6449287533760071
cross_same_variable,95,269,2,3,0095_2.jpg,0269_3.jpg,0,0.8451440930366516
cross_same_variable,95,270,2,3,0095_2.jpg,0270_3.jpg,0,0.6780157685279846
cross_same_variable,95,277,2,3,0095_2.jpg,0277_3.jpg,0,0.7438144683837891
cross_same_variable,95,278,2,3,0095_2.jpg,0278_3.jpg,0,0.8726351857185364
cross_same_variable,121,5,2,3,0121_2.jpg,0005_3.jpg,0,0.5831911563873291
cross_same_variable,121,9,2,3,0121_2.jpg,0009_3.jpg,0,0.18498195707798004
cross_same_variable,121,10,2,3,0121_2.jpg,0010_3.jpg,0,0.5123276710510254
cross_same_variable,121,28,2,3,0121_2.jpg,0028_3.jpg,0,0.36096712946891785
cross_same_variable,121,32,2,3,0121_2.jpg,0032_3.jpg,0,0.6709574460983276
cross_same_variable,121,33,2,3,0121_2.jpg,0033_3.jpg,0,0.5235468149185181
cross_same_variable,121,34,2,3,0121_2.jpg,0034_3.jpg,0,0.7188379168510437
cross_same_variable,121,44,2,3,0121_2.jpg,0044_3.jpg,0,0.5972484946250916
cross_same_variable,121,51,2,3,0121_2.jpg,0051_3.jpg,0,0.15707138180732727
cross_same_variable,121,54,2,3,0121_2.jpg,0054_3.jpg,0,0.6601355075836182
cross_same_variable,121,63,2,3,0121_2.jpg,0063_3.jpg,0,0.40036624670028687
cross_same_variable,121,68,2,3,0121_2.jpg,0068_3.jpg,0,0.7918693423271179
cross_same_variable,121,69,2,3,0121_2.jpg,0069_3.jpg,0,0.3736591339111328
cross_same_variable,121,73,2,3,0121_2.jpg,0073_3.jpg,0,0.5871769785881042
cross_same_variable,121,95,2,3,0121_2.jpg,0095_3.jpg,0,0.751022458076477
cross_same_variable,121,121,2,3,0121_2.jpg,0121_3.jpg,1,0.8053645491600037
cross_same_variable,121,128,2,3,0121_2.jpg,0128_3.jpg,0,0.2807086706161499
cross_same_variable,121,129,2,3,0121_2.jpg,0129_3.jpg,0,0.10859706252813339
cross_same_variable,121,131,2,3,0121_2.jpg,0131_3.jpg,0,0.6653226017951965
cross_same_variable,121,139,2,3,0121_2.jpg,0139_3.jpg,0,0.3628864288330078
cross_same_variable,121,144,2,3,0121_2.jpg,0144_3.jpg,0,0.3958866000175476
cross_same_variable,121,145,2,3,0121_2.jpg,0145_3.jpg,0,0.2648102939128876
cross_same_variable,121,150,2,3,0121_2.jpg,0150_3.jpg,0,0.5974929928779602
cross_same_variable,121,160,2,3,0121_2.jpg,0160_3.jpg,0,0.5126820206642151
cross_same_variable,121,165,2,3,0121_2.jpg,0165_3.jpg,0,-0.01162171270698309
cross_same_variable,121,166,2,3,0121_2.jpg,0166_3.jpg,0,0.24909807741641998
cross_same_variable,121,170,2,3,0121_2.jpg,0170_3.jpg,0,0.02993188425898552
cross_same_variable,121,174,2,3,0121_2.jpg,0174_3.jpg,0,0.10309356451034546
cross_same_variable,121,176,2,3,0121_2.jpg,0176_3.jpg,0,0.23946405947208405
cross_same_variable,121,193,2,3,0121_2.jpg,0193_3.jpg,0,0.533743679523468
cross_same_variable,121,202,2,3,0121_2.jpg,0202_3.jpg,0,0.7378014922142029
cross_same_variable,121,205,2,3,0121_2.jpg,0205_3.jpg,0,0.433390349149704
cross_same_variable,121,210,2,3,0121_2.jpg,0210_3.jpg,0,-0.13814589381217957
cross_same_variable,121,218,2,3,0121_2.jpg,0218_3.jpg,0,0.7372562289237976
cross_same_variable,121,222,2,3,0121_2.jpg,0222_3.jpg,0,0.5536593794822693
cross_same_variable,121,238,2,3,0121_2.jpg,0238_3.jpg,0,0.37457817792892456
cross_same_variable,121,253,2,3,0121_2.jpg,0253_3.jpg,0,0.8191043734550476
cross_same_variable,121,254,2,3,0121_2.jpg,0254_3.jpg,0,0.13699336349964142
cross_same_variable,121,257,2,3,0121_2.jpg,0257_3.jpg,0,0.04789737984538078
cross_same_variable,121,258,2,3,0121_2.jpg,0258_3.jpg,0,0.2500971555709839
cross_same_variable,121,268,2,3,0121_2.jpg,0268_3.jpg,0,0.14312361180782318
cross_same_variable,121,269,2,3,0121_2.jpg,0269_3.jpg,0,0.594926655292511
cross_same_variable,121,270,2,3,0121_2.jpg,0270_3.jpg,0,0.21976780891418457
cross_same_variable,121,277,2,3,0121_2.jpg,0277_3.jpg,0,0.42918503284454346
cross_same_variable,121,278,2,3,0121_2.jpg,0278_3.jpg,0,0.8066664338111877
cross_same_variable,128,5,2,3,0128_2.jpg,0005_3.jpg,0,0.6147729158401489
cross_same_variable,128,9,2,3,0128_2.jpg,0009_3.jpg,0,0.8629835844039917
cross_same_variable,128,10,2,3,0128_2.jpg,0010_3.jpg,0,0.5867080092430115
cross_same_variable,128,28,2,3,0128_2.jpg,0028_3.jpg,0,0.6941630244255066
cross_same_variable,128,32,2,3,0128_2.jpg,0032_3.jpg,0,0.551763653755188
cross_same_variable,128,33,2,3,0128_2.jpg,0033_3.jpg,0,0.3651980459690094
cross_same_variable,128,34,2,3,0128_2.jpg,0034_3.jpg,0,0.5928589701652527
cross_same_variable,128,44,2,3,0128_2.jpg,0044_3.jpg,0,0.6136319637298584
cross_same_variable,128,51,2,3,0128_2.jpg,0051_3.jpg,0,0.5934739708900452
cross_same_variable,128,54,2,3,0128_2.jpg,0054_3.jpg,0,0.6136460900306702
cross_same_variable,128,63,2,3,0128_2.jpg,0063_3.jpg,0,0.6751198768615723
cross_same_variable,128,68,2,3,0128_2.jpg,0068_3.jpg,0,0.43663179874420166
cross_same_variable,128,69,2,3,0128_2.jpg,0069_3.jpg,0,0.686430037021637
cross_same_variable,128,73,2,3,0128_2.jpg,0073_3.jpg,0,0.5867599248886108
cross_same_variable,128,95,2,3,0128_2.jpg,0095_3.jpg,0,0.5087728500366211
cross_same_variable,128,121,2,3,0128_2.jpg,0121_3.jpg,0,0.46875473856925964
cross_same_variable,128,128,2,3,0128_2.jpg,0128_3.jpg,1,0.892208456993103
cross_same_variable,128,129,2,3,0128_2.jpg,0129_3.jpg,0,0.6980915069580078
cross_same_variable,128,131,2,3,0128_2.jpg,0131_3.jpg,0,0.4378140866756439
cross_same_variable,128,139,2,3,0128_2.jpg,0139_3.jpg,0,0.4203092157840729
cross_same_variable,128,144,2,3,0128_2.jpg,0144_3.jpg,0,0.6778851747512817
cross_same_variable,128,145,2,3,0128_2.jpg,0145_3.jpg,0,0.671021580696106
cross_same_variable,128,150,2,3,0128_2.jpg,0150_3.jpg,0,0.46140843629837036
cross_same_variable,128,160,2,3,0128_2.jpg,0160_3.jpg,0,0.6006313562393188
cross_same_variable,128,165,2,3,0128_2.jpg,0165_3.jpg,0,0.7369750738143921
cross_same_variable,128,166,2,3,0128_2.jpg,0166_3.jpg,0,0.6910237073898315
cross_same_variable,128,170,2,3,0128_2.jpg,0170_3.jpg,0,0.5917733311653137
cross_same_variable,128,174,2,3,0128_2.jpg,0174_3.jpg,0,0.7108809351921082
cross_same_variable,128,176,2,3,0128_2.jpg,0176_3.jpg,0,0.49470776319503784
cross_same_variable,128,193,2,3,0128_2.jpg,0193_3.jpg,0,0.20461530983448029
cross_same_variable,128,202,2,3,0128_2.jpg,0202_3.jpg,0,0.38829755783081055
cross_same_variable,128,205,2,3,0128_2.jpg,0205_3.jpg,0,0.4177740514278412
cross_same_variable,128,210,2,3,0128_2.jpg,0210_3.jpg,0,0.7329014539718628
cross_same_variable,128,218,2,3,0128_2.jpg,0218_3.jpg,0,0.34584084153175354
cross_same_variable,128,222,2,3,0128_2.jpg,0222_3.jpg,0,0.5107165575027466
cross_same_variable,128,238,2,3,0128_2.jpg,0238_3.jpg,0,0.5651556253433228
cross_same_variable,128,253,2,3,0128_2.jpg,0253_3.jpg,0,0.5267624258995056
cross_same_variable,128,254,2,3,0128_2.jpg,0254_3.jpg,0,0.48108527064323425
cross_same_variable,128,257,2,3,0128_2.jpg,0257_3.jpg,0,0.43813395500183105
cross_same_variable,128,258,2,3,0128_2.jpg,0258_3.jpg,0,0.6557113528251648
cross_same_variable,128,268,2,3,0128_2.jpg,0268_3.jpg,0,0.30529046058654785
cross_same_variable,128,269,2,3,0128_2.jpg,0269_3.jpg,0,0.3117148280143738
cross_same_variable,128,270,2,3,0128_2.jpg,0270_3.jpg,0,0.6267750263214111
cross_same_variable,128,277,2,3,0128_2.jpg,0277_3.jpg,0,0.8140170574188232
cross_same_variable,128,278,2,3,0128_2.jpg,0278_3.jpg,0,0.5012140870094299
cross_same_variable,129,5,2,3,0129_2.jpg,0005_3.jpg,0,0.561647891998291
cross_same_variable,129,9,2,3,0129_2.jpg,0009_3.jpg,0,0.6193262934684753
cross_same_variable,129,10,2,3,0129_2.jpg,0010_3.jpg,0,0.534957230091095
cross_same_variable,129,28,2,3,0129_2.jpg,0028_3.jpg,0,0.6791704893112183
cross_same_variable,129,32,2,3,0129_2.jpg,0032_3.jpg,0,0.18782319128513336
cross_same_variable,129,33,2,3,0129_2.jpg,0033_3.jpg,0,0.2496071755886078
cross_same_variable,129,34,2,3,0129_2.jpg,0034_3.jpg,0,0.30371978878974915
cross_same_variable,129,44,2,3,0129_2.jpg,0044_3.jpg,0,0.46294403076171875
cross_same_variable,129,51,2,3,0129_2.jpg,0051_3.jpg,0,0.628474235534668
cross_same_variable,129,54,2,3,0129_2.jpg,0054_3.jpg,0,0.39570870995521545
cross_same_variable,129,63,2,3,0129_2.jpg,0063_3.jpg,0,0.44662269949913025
cross_same_variable,129,68,2,3,0129_2.jpg,0068_3.jpg,0,0.33758485317230225
cross_same_variable,129,69,2,3,0129_2.jpg,0069_3.jpg,0,0.6566969156265259
cross_same_variable,129,73,2,3,0129_2.jpg,0073_3.jpg,0,0.389005184173584
cross_same_variable,129,95,2,3,0129_2.jpg,0095_3.jpg,0,0.40622326731681824
cross_same_variable,129,121,2,3,0129_2.jpg,0121_3.jpg,0,0.1502571851015091
cross_same_variable,129,128,2,3,0129_2.jpg,0128_3.jpg,0,0.5500833988189697
cross_same_variable,129,129,2,3,0129_2.jpg,0129_3.jpg,1,0.7217667102813721
cross_same_variable,129,131,2,3,0129_2.jpg,0131_3.jpg,0,0.3910641074180603
cross_same_variable,129,139,2,3,0129_2.jpg,0139_3.jpg,0,0.5006061792373657
cross_same_variable,129,144,2,3,0129_2.jpg,0144_3.jpg,0,0.47960034012794495
cross_same_variable,129,145,2,3,0129_2.jpg,0145_3.jpg,0,0.5879911184310913
cross_same_variable,129,150,2,3,0129_2.jpg,0150_3.jpg,0,0.5517756342887878
cross_same_variable,129,160,2,3,0129_2.jpg,0160_3.jpg,0,0.23643086850643158
cross_same_variable,129,165,2,3,0129_2.jpg,0165_3.jpg,0,0.6421251893043518
cross_same_variable,129,166,2,3,0129_2.jpg,0166_3.jpg,0,0.8115544319152832
cross_same_variable,129,170,2,3,0129_2.jpg,0170_3.jpg,0,0.6125524640083313
cross_same_variable,129,174,2,3,0129_2.jpg,0174_3.jpg,0,0.4403807520866394
cross_same_variable,129,176,2,3,0129_2.jpg,0176_3.jpg,0,0.5595711469650269
cross_same_variable,129,193,2,3,0129_2.jpg,0193_3.jpg,0,0.5458990335464478
cross_same_variable,129,202,2,3,0129_2.jpg,0202_3.jpg,0,0.2928082346916199
cross_same_variable,129,205,2,3,0129_2.jpg,0205_3.jpg,0,0.2932373881340027
cross_same_variable,129,210,2,3,0129_2.jpg,0210_3.jpg,0,0.6794960498809814
cross_same_variable,129,218,2,3,0129_2.jpg,0218_3.jpg,0,0.33458149433135986
cross_same_variable,129,222,2,3,0129_2.jpg,0222_3.jpg,0,0.05042599141597748
cross_same_variable,129,238,2,3,0129_2.jpg,0238_3.jpg,0,0.05795431509613991
cross_same_variable,129,253,2,3,0129_2.jpg,0253_3.jpg,0,0.2895468771457672
cross_same_variable,129,254,2,3,0129_2.jpg,0254_3.jpg,0,0.291641503572464
cross_same_variable,129,257,2,3,0129_2.jpg,0257_3.jpg,0,0.3277917802333832
cross_same_variable,129,258,2,3,0129_2.jpg,0258_3.jpg,0,0.23353350162506104
cross_same_variable,129,268,2,3,0129_2.jpg,0268_3.jpg,0,0.37428000569343567
cross_same_variable,129,269,2,3,0129_2.jpg,0269_3.jpg,0,0.11274631321430206
cross_same_variable,129,270,2,3,0129_2.jpg,0270_3.jpg,0,0.6348104476928711
cross_same_variable,129,277,2,3,0129_2.jpg,0277_3.jpg,0,0.562777042388916
cross_same_variable,129,278,2,3,0129_2.jpg,0278_3.jpg,0,0.32512179017066956
cross_same_variable,131,5,2,3,0131_2.jpg,0005_3.jpg,0,0.5095647573471069
cross_same_variable,131,9,2,3,0131_2.jpg,0009_3.jpg,0,0.31223711371421814
cross_same_variable,131,10,2,3,0131_2.jpg,0010_3.jpg,0,0.24245838820934296
cross_same_variable,131,28,2,3,0131_2.jpg,0028_3.jpg,0,0.6309889554977417
cross_same_variable,131,32,2,3,0131_2.jpg,0032_3.jpg,0,0.7420331835746765
cross_same_variable,131,33,2,3,0131_2.jpg,0033_3.jpg,0,0.26110678911209106
cross_same_variable,131,34,2,3,0131_2.jpg,0034_3.jpg,0,0.726029634475708
cross_same_variable,131,44,2,3,0131_2.jpg,0044_3.jpg,0,0.8790743350982666
cross_same_variable,131,51,2,3,0131_2.jpg,0051_3.jpg,0,-0.0293103139847517
cross_same_variable,131,54,2,3,0131_2.jpg,0054_3.jpg,0,0.7355766892433167
cross_same_variable,131,63,2,3,0131_2.jpg,0063_3.jpg,0,0.6542699933052063
cross_same_variable,131,68,2,3,0131_2.jpg,0068_3.jpg,0,0.5652807950973511
cross_same_variable,131,69,2,3,0131_2.jpg,0069_3.jpg,0,0.3145044445991516
cross_same_variable,131,73,2,3,0131_2.jpg,0073_3.jpg,0,0.7766706347465515
cross_same_variable,131,95,2,3,0131_2.jpg,0095_3.jpg,0,0.5019228458404541
cross_same_variable,131,121,2,3,0131_2.jpg,0121_3.jpg,0,0.7685031890869141
cross_same_variable,131,128,2,3,0131_2.jpg,0128_3.jpg,0,0.439469575881958
cross_same_variable,131,129,2,3,0131_2.jpg,0129_3.jpg,0,0.114004947245121
cross_same_variable,131,131,2,3,0131_2.jpg,0131_3.jpg,1,0.8935679793357849
cross_same_variable,131,139,2,3,0131_2.jpg,0139_3.jpg,0,-0.004261178430169821
cross_same_variable,131,144,2,3,0131_2.jpg,0144_3.jpg,0,0.28487032651901245
cross_same_variable,131,145,2,3,0131_2.jpg,0145_3.jpg,0,0.0878850445151329
cross_same_variable,131,150,2,3,0131_2.jpg,0150_3.jpg,0,0.6794124245643616
cross_same_variable,131,160,2,3,0131_2.jpg,0160_3.jpg,0,0.5780866146087646
cross_same_variable,131,165,2,3,0131_2.jpg,0165_3.jpg,0,0.37329840660095215
cross_same_variable,131,166,2,3,0131_2.jpg,0166_3.jpg,0,0.46166637539863586
cross_same_variable,131,170,2,3,0131_2.jpg,0170_3.jpg,0,-0.09390600770711899
cross_same_variable,131,174,2,3,0131_2.jpg,0174_3.jpg,0,0.17371922731399536
cross_same_variable,131,176,2,3,0131_2.jpg,0176_3.jpg,0,0.557701587677002
cross_same_variable,131,193,2,3,0131_2.jpg,0193_3.jpg,0,0.27829882502555847
cross_same_variable,131,202,2,3,0131_2.jpg,0202_3.jpg,0,0.6267059445381165
cross_same_variable,131,205,2,3,0131_2.jpg,0205_3.jpg,0,0.20372585952281952
cross_same_variable,131,210,2,3,0131_2.jpg,0210_3.jpg,0,0.0775306224822998
cross_same_variable,131,218,2,3,0131_2.jpg,0218_3.jpg,0,0.7942764759063721
cross_same_variable,131,222,2,3,0131_2.jpg,0222_3.jpg,0,0.5369760394096375
cross_same_variable,131,238,2,3,0131_2.jpg,0238_3.jpg,0,0.5467337369918823
cross_same_variable,131,253,2,3,0131_2.jpg,0253_3.jpg,0,0.8773050308227539
cross_same_variable,131,254,2,3,0131_2.jpg,0254_3.jpg,0,-0.03652900829911232
cross_same_variable,131,257,2,3,0131_2.jpg,0257_3.jpg,0,-0.16501042246818542
cross_same_variable,131,258,2,3,0131_2.jpg,0258_3.jpg,0,0.36142104864120483
cross_same_variable,131,268,2,3,0131_2.jpg,0268_3.jpg,0,-0.1737794131040573
cross_same_variable,131,269,2,3,0131_2.jpg,0269_3.jpg,0,0.3471728265285492
cross_same_variable,131,270,2,3,0131_2.jpg,0270_3.jpg,0,0.08508917689323425
cross_same_variable,131,277,2,3,0131_2.jpg,0277_3.jpg,0,0.5282940864562988
cross_same_variable,131,278,2,3,0131_2.jpg,0278_3.jpg,0,0.6956372261047363
cross_same_variable,139,5,2,3,0139_2.jpg,0005_3.jpg,0,0.6545039415359497
cross_same_variable,139,9,2,3,0139_2.jpg,0009_3.jpg,0,0.8452594876289368
cross_same_variable,139,10,2,3,0139_2.jpg,0010_3.jpg,0,0.5695221424102783
cross_same_variable,139,28,2,3,0139_2.jpg,0028_3.jpg,0,0.5968090295791626
cross_same_variable,139,32,2,3,0139_2.jpg,0032_3.jpg,0,0.46077969670295715
cross_same_variable,139,33,2,3,0139_2.jpg,0033_3.jpg,0,0.3774943947792053
cross_same_variable,139,34,2,3,0139_2.jpg,0034_3.jpg,0,0.4085536003112793
cross_same_variable,139,44,2,3,0139_2.jpg,0044_3.jpg,0,0.5251859426498413
cross_same_variable,139,51,2,3,0139_2.jpg,0051_3.jpg,0,0.6093769669532776
cross_same_variable,139,54,2,3,0139_2.jpg,0054_3.jpg,0,0.527499794960022
cross_same_variable,139,63,2,3,0139_2.jpg,0063_3.jpg,0,0.5905187129974365
cross_same_variable,139,68,2,3,0139_2.jpg,0068_3.jpg,0,0.38299840688705444
cross_same_variable,139,69,2,3,0139_2.jpg,0069_3.jpg,0,0.6388030648231506
cross_same_variable,139,73,2,3,0139_2.jpg,0073_3.jpg,0,0.36285483837127686
cross_same_variable,139,95,2,3,0139_2.jpg,0095_3.jpg,0,0.45054659247398376
cross_same_variable,139,121,2,3,0139_2.jpg,0121_3.jpg,0,0.3456442952156067
cross_same_variable,139,128,2,3,0139_2.jpg,0128_3.jpg,0,0.8112348318099976
cross_same_variable,139,129,2,3,0139_2.jpg,0129_3.jpg,0,0.699060320854187
cross_same_variable,139,131,2,3,0139_2.jpg,0131_3.jpg,0,0.22891147434711456
cross_same_variable,139,139,2,3,0139_2.jpg,0139_3.jpg,1,0.4806918799877167
cross_same_variable,139,144,2,3,0139_2.jpg,0144_3.jpg,0,0.6849530339241028
cross_same_variable,139,145,2,3,0139_2.jpg,0145_3.jpg,0,0.7228058576583862
cross_same_variable,139,150,2,3,0139_2.jpg,0150_3.jpg,0,0.34512805938720703
cross_same_variable,139,160,2,3,0139_2.jpg,0160_3.jpg,0,0.5412370562553406
cross_same_variable,139,165,2,3,0139_2.jpg,0165_3.jpg,0,0.6500442028045654
cross_same_variable,139,166,2,3,0139_2.jpg,0166_3.jpg,0,0.6245396733283997
cross_same_variable,139,170,2,3,0139_2.jpg,0170_3.jpg,0,0.6974338293075562
cross_same_variable,139,174,2,3,0139_2.jpg,0174_3.jpg,0,0.6569216847419739
cross_same_variable,139,176,2,3,0139_2.jpg,0176_3.jpg,0,0.3731660544872284
cross_same_variable,139,193,2,3,0139_2.jpg,0193_3.jpg,0,0.21563656628131866
cross_same_variable,139,202,2,3,0139_2.jpg,0202_3.jpg,0,0.23718319833278656
cross_same_variable,139,205,2,3,0139_2.jpg,0205_3.jpg,0,0.47109824419021606
cross_same_variable,139,210,2,3,0139_2.jpg,0210_3.jpg,0,0.7515408992767334
cross_same_variable,139,218,2,3,0139_2.jpg,0218_3.jpg,0,0.28152474761009216
cross_same_variable,139,222,2,3,0139_2.jpg,0222_3.jpg,0,0.456041544675827
cross_same_variable,139,238,2,3,0139_2.jpg,0238_3.jpg,0,0.4964088201522827
cross_same_variable,139,253,2,3,0139_2.jpg,0253_3.jpg,0,0.4646214544773102
cross_same_variable,139,254,2,3,0139_2.jpg,0254_3.jpg,0,0.5406429767608643
cross_same_variable,139,257,2,3,0139_2.jpg,0257_3.jpg,0,0.5391366481781006
cross_same_variable,139,258,2,3,0139_2.jpg,0258_3.jpg,0,0.673483669757843
cross_same_variable,139,268,2,3,0139_2.jpg,0268_3.jpg,0,0.44437044858932495
cross_same_variable,139,269,2,3,0139_2.jpg,0269_3.jpg,0,0.34490659832954407
cross_same_variable,139,270,2,3,0139_2.jpg,0270_3.jpg,0,0.6718030571937561
cross_same_variable,139,277,2,3,0139_2.jpg,0277_3.jpg,0,0.769955039024353
cross_same_variable,139,278,2,3,0139_2.jpg,0278_3.jpg,0,0.49381986260414124
cross_same_variable,144,5,2,3,0144_2.jpg,0005_3.jpg,0,0.58109050989151
cross_same_variable,144,9,2,3,0144_2.jpg,0009_3.jpg,0,0.6544581651687622
cross_same_variable,144,10,2,3,0144_2.jpg,0010_3.jpg,0,0.639733076095581
cross_same_variable,144,28,2,3,0144_2.jpg,0028_3.jpg,0,0.24476221203804016
cross_same_variable,144,32,2,3,0144_2.jpg,0032_3.jpg,0,0.8076828718185425
cross_same_variable,144,33,2,3,0144_2.jpg,0033_3.jpg,0,0.7914937138557434
cross_same_variable,144,34,2,3,0144_2.jpg,0034_3.jpg,0,0.7486677169799805
cross_same_variable,144,44,2,3,0144_2.jpg,0044_3.jpg,0,0.48034149408340454
cross_same_variable,144,51,2,3,0144_2.jpg,0051_3.jpg,0,0.37545502185821533
cross_same_variable,144,54,2,3,0144_2.jpg,0054_3.jpg,0,0.7630349397659302
cross_same_variable,144,63,2,3,0144_2.jpg,0063_3.jpg,0,0.744305431842804
cross_same_variable,144,68,2,3,0144_2.jpg,0068_3.jpg,0,0.6586622595787048
cross_same_variable,144,69,2,3,0144_2.jpg,0069_3.jpg,0,0.6558435559272766
cross_same_variable,144,73,2,3,0144_2.jpg,0073_3.jpg,0,0.41604429483413696
cross_same_variable,144,95,2,3,0144_2.jpg,0095_3.jpg,0,0.6620084643363953
cross_same_variable,144,121,2,3,0144_2.jpg,0121_3.jpg,0,0.6045482754707336
cross_same_variable,144,128,2,3,0144_2.jpg,0128_3.jpg,0,0.7694282531738281
cross_same_variable,144,129,2,3,0144_2.jpg,0129_3.jpg,0,0.5981717705726624
cross_same_variable,144,131,2,3,0144_2.jpg,0131_3.jpg,0,0.25893208384513855
cross_same_variable,144,139,2,3,0144_2.jpg,0139_3.jpg,0,0.47889935970306396
cross_same_variable,144,144,2,3,0144_2.jpg,0144_3.jpg,1,0.8400731086730957
cross_same_variable,144,145,2,3,0144_2.jpg,0145_3.jpg,0,0.527698278427124
cross_same_variable,144,150,2,3,0144_2.jpg,0150_3.jpg,0,-0.021561983972787857
cross_same_variable,144,160,2,3,0144_2.jpg,0160_3.jpg,0,0.8430483341217041
cross_same_variable,144,165,2,3,0144_2.jpg,0165_3.jpg,0,0.2446133941411972
cross_same_variable,144,166,2,3,0144_2.jpg,0166_3.jpg,0,0.1539202630519867
cross_same_variable,144,170,2,3,0144_2.jpg,0170_3.jpg,0,0.47399765253067017
cross_same_variable,144,174,2,3,0144_2.jpg,0174_3.jpg,0,0.7959486246109009
cross_same_variable,144,176,2,3,0144_2.jpg,0176_3.jpg,0,0.043881069868803024
cross_same_variable,144,193,2,3,0144_2.jpg,0193_3.jpg,0,-0.08332200348377228
cross_same_variable,144,202,2,3,0144_2.jpg,0202_3.jpg,0,0.6404045820236206
cross_same_variable,144,205,2,3,0144_2.jpg,0205_3.jpg,0,0.7938762307167053
cross_same_variable,144,210,2,3,0144_2.jpg,0210_3.jpg,0,0.4218243956565857
cross_same_variable,144,218,2,3,0144_2.jpg,0218_3.jpg,0,0.1672559231519699
cross_same_variable,144,222,2,3,0144_2.jpg,0222_3.jpg,0,0.8784080743789673
cross_same_variable,144,238,2,3,0144_2.jpg,0238_3.jpg,0,0.5532273054122925
cross_same_variable,144,253,2,3,0144_2.jpg,0253_3.jpg,0,0.5449523329734802
cross_same_variable,144,254,2,3,0144_2.jpg,0254_3.jpg,0,0.7744925618171692
cross_same_variable,144,257,2,3,0144_2.jpg,0257_3.jpg,0,0.660200834274292
cross_same_variable,144,258,2,3,0144_2.jpg,0258_3.jpg,0,0.8686339855194092
cross_same_variable,144,268,2,3,0144_2.jpg,0268_3.jpg,0,0.5935816168785095
cross_same_variable,144,269,2,3,0144_2.jpg,0269_3.jpg,0,0.7722363471984863
cross_same_variable,144,270,2,3,0144_2.jpg,0270_3.jpg,0,0.6754307150840759
cross_same_variable,144,277,2,3,0144_2.jpg,0277_3.jpg,0,0.8433928489685059
cross_same_variable,144,278,2,3,0144_2.jpg,0278_3.jpg,0,0.7308029532432556
cross_same_variable,145,5,2,3,0145_2.jpg,0005_3.jpg,0,0.698035478591919
cross_same_variable,145,9,2,3,0145_2.jpg,0009_3.jpg,0,0.7233278751373291
cross_same_variable,145,10,2,3,0145_2.jpg,0010_3.jpg,0,0.5702095031738281
cross_same_variable,145,28,2,3,0145_2.jpg,0028_3.jpg,0,0.6157597303390503
cross_same_variable,145,32,2,3,0145_2.jpg,0032_3.jpg,0,0.2679486572742462
cross_same_variable,145,33,2,3,0145_2.jpg,0033_3.jpg,0,0.3878951072692871
cross_same_variable,145,34,2,3,0145_2.jpg,0034_3.jpg,0,0.4006519913673401
cross_same_variable,145,44,2,3,0145_2.jpg,0044_3.jpg,0,0.4758995771408081
cross_same_variable,145,51,2,3,0145_2.jpg,0051_3.jpg,0,0.7706711292266846
cross_same_variable,145,54,2,3,0145_2.jpg,0054_3.jpg,0,0.49999454617500305
cross_same_variable,145,63,2,3,0145_2.jpg,0063_3.jpg,0,0.5054984092712402
cross_same_variable,145,68,2,3,0145_2.jpg,0068_3.jpg,0,0.45827528834342957
cross_same_variable,145,69,2,3,0145_2.jpg,0069_3.jpg,0,0.6650517582893372
cross_same_variable,145,73,2,3,0145_2.jpg,0073_3.jpg,0,0.376261442899704
cross_same_variable,145,95,2,3,0145_2.jpg,0095_3.jpg,0,0.5616000294685364
cross_same_variable,145,121,2,3,0145_2.jpg,0121_3.jpg,0,0.2781040370464325
cross_same_variable,145,128,2,3,0145_2.jpg,0128_3.jpg,0,0.7059128880500793
cross_same_variable,145,129,2,3,0145_2.jpg,0129_3.jpg,0,0.7955465912818909
cross_same_variable,145,131,2,3,0145_2.jpg,0131_3.jpg,0,0.30565789341926575
cross_same_variable,145,139,2,3,0145_2.jpg,0139_3.jpg,0,0.6078459024429321
cross_same_variable,145,144,2,3,0145_2.jpg,0144_3.jpg,0,0.6902531981468201
cross_same_variable,145,145,2,3,0145_2.jpg,0145_3.jpg,1,0.7834396362304688
cross_same_variable,145,150,2,3,0145_2.jpg,0150_3.jpg,0,0.4746541678905487
cross_same_variable,145,160,2,3,0145_2.jpg,0160_3.jpg,0,0.41635382175445557
cross_same_variable,145,165,2,3,0145_2.jpg,0165_3.jpg,0,0.6024196147918701
cross_same_variable,145,166,2,3,0145_2.jpg,0166_3.jpg,0,0.7597143650054932
cross_same_variable,145,170,2,3,0145_2.jpg,0170_3.jpg,0,0.7423496246337891
cross_same_variable,145,174,2,3,0145_2.jpg,0174_3.jpg,0,0.5063174366950989
cross_same_variable,145,176,2,3,0145_2.jpg,0176_3.jpg,0,0.40943431854248047
cross_same_variable,145,193,2,3,0145_2.jpg,0193_3.jpg,0,0.4227384328842163
cross_same_variable,145,202,2,3,0145_2.jpg,0202_3.jpg,0,0.3419768512248993
cross_same_variable,145,205,2,3,0145_2.jpg,0205_3.jpg,0,0.46172431111335754
cross_same_variable,145,210,2,3,0145_2.jpg,0210_3.jpg,0,0.7154526114463806
cross_same_variable,145,218,2,3,0145_2.jpg,0218_3.jpg,0,0.28795158863067627
cross_same_variable,145,222,2,3,0145_2.jpg,0222_3.jpg,0,0.24352265894412994
cross_same_variable,145,238,2,3,0145_2.jpg,0238_3.jpg,0,0.2236340492963791
cross_same_variable,145,253,2,3,0145_2.jpg,0253_3.jpg,0,0.38558855652809143
cross_same_variable,145,254,2,3,0145_2.jpg,0254_3.jpg,0,0.4881201684474945
cross_same_variable,145,257,2,3,0145_2.jpg,0257_3.jpg,0,0.510759711265564
cross_same_variable,145,258,2,3,0145_2.jpg,0258_3.jpg,0,0.3998860716819763
cross_same_variable,145,268,2,3,0145_2.jpg,0268_3.jpg,0,0.5528252124786377
cross_same_variable,145,269,2,3,0145_2.jpg,0269_3.jpg,0,0.3266492486000061
cross_same_variable,145,270,2,3,0145_2.jpg,0270_3.jpg,0,0.7711765170097351
cross_same_variable,145,277,2,3,0145_2.jpg,0277_3.jpg,0,0.6673662662506104
cross_same_variable,145,278,2,3,0145_2.jpg,0278_3.jpg,0,0.4748605489730835
cross_same_variable,150,5,2,3,0150_2.jpg,0005_3.jpg,0,0.45257145166397095
cross_same_variable,150,9,2,3,0150_2.jpg,0009_3.jpg,0,0.22812208533287048
cross_same_variable,150,10,2,3,0150_2.jpg,0010_3.jpg,0,0.21564428508281708
cross_same_variable,150,28,2,3,0150_2.jpg,0028_3.jpg,0,0.6911023855209351
cross_same_variable,150,32,2,3,0150_2.jpg,0032_3.jpg,0,0.4802715480327606
cross_same_variable,150,33,2,3,0150_2.jpg,0033_3.jpg,0,0.07041801512241364
cross_same_variable,150,34,2,3,0150_2.jpg,0034_3.jpg,0,0.52828049659729
cross_same_variable,150,44,2,3,0150_2.jpg,0044_3.jpg,0,0.7355535626411438
cross_same_variable,150,51,2,3,0150_2.jpg,0051_3.jpg,0,0.054389555007219315
cross_same_variable,150,54,2,3,0150_2.jpg,0054_3.jpg,0,0.5108574032783508
cross_same_variable,150,63,2,3,0150_2.jpg,0063_3.jpg,0,0.41290637850761414
cross_same_variable,150,68,2,3,0150_2.jpg,0068_3.jpg,0,0.49535104632377625
cross_same_variable,150,69,2,3,0150_2.jpg,0069_3.jpg,0,0.3027549088001251
cross_same_variable,150,73,2,3,0150_2.jpg,0073_3.jpg,0,0.682676374912262
cross_same_variable,150,95,2,3,0150_2.jpg,0095_3.jpg,0,0.4251725673675537
cross_same_variable,150,121,2,3,0150_2.jpg,0121_3.jpg,0,0.5806806087493896
cross_same_variable,150,128,2,3,0150_2.jpg,0128_3.jpg,0,0.27239689230918884
cross_same_variable,150,129,2,3,0150_2.jpg,0129_3.jpg,0,0.08391651511192322
cross_same_variable,150,131,2,3,0150_2.jpg,0131_3.jpg,0,0.853190004825592
cross_same_variable,150,139,2,3,0150_2.jpg,0139_3.jpg,0,0.020201904699206352
cross_same_variable,150,144,2,3,0150_2.jpg,0144_3.jpg,0,0.12107503414154053
cross_same_variable,150,145,2,3,0150_2.jpg,0145_3.jpg,0,0.09786583483219147
cross_same_variable,150,150,2,3,0150_2.jpg,0150_3.jpg,1,0.8694289326667786
cross_same_variable,150,160,2,3,0150_2.jpg,0160_3.jpg,0,0.3142320215702057
cross_same_variable,150,165,2,3,0150_2.jpg,0165_3.jpg,0,0.3991818428039551
cross_same_variable,150,166,2,3,0150_2.jpg,0166_3.jpg,0,0.5913689136505127
cross_same_variable,150,170,2,3,0150_2.jpg,0170_3.jpg,0,-0.0805729404091835
cross_same_variable,150,174,2,3,0150_2.jpg,0174_3.jpg,0,0.002162732882425189
cross_same_variable,150,176,2,3,0150_2.jpg,0176_3.jpg,0,0.6625927090644836
cross_same_variable,150,193,2,3,0150_2.jpg,0193_3.jpg,0,0.5503222942352295
cross_same_variable,150,202,2,3,0150_2.jpg,0202_3.jpg,0,0.5349529385566711
cross_same_variable,150,205,2,3,0150_2.jpg,0205_3.jpg,0,0.015718432143330574
cross_same_variable,150,210,2,3,0150_2.jpg,0210_3.jpg,0,0.08235549926757812
cross_same_variable,150,218,2,3,0150_2.jpg,0218_3.jpg,0,0.8162090182304382
cross_same_variable,150,222,2,3,0150_2.jpg,0222_3.jpg,0,0.22414728999137878
cross_same_variable,150,238,2,3,0150_2.jpg,0238_3.jpg,0,0.3149634301662445
cross_same_variable,150,253,2,3,0150_2.jpg,0253_3.jpg,0,0.7417973279953003
cross_same_variable,150,254,2,3,0150_2.jpg,0254_3.jpg,0,-0.22093863785266876
cross_same_variable,150,257,2,3,0150_2.jpg,0257_3.jpg,0,-0.2902602553367615
cross_same_variable,150,258,2,3,0150_2.jpg,0258_3.jpg,0,0.0949670597910881
cross_same_variable,150,268,2,3,0150_2.jpg,0268_3.jpg,0,-0.2667539119720459
cross_same_variable,150,269,2,3,0150_2.jpg,0269_3.jpg,0,0.12267131358385086
cross_same_variable,150,270,2,3,0150_2.jpg,0270_3.jpg,0,0.029306842014193535
cross_same_variable,150,277,2,3,0150_2.jpg,0277_3.jpg,0,0.3476269543170929
cross_same_variable,150,278,2,3,0150_2.jpg,0278_3.jpg,0,0.5010494589805603
cross_same_variable,160,5,2,3,0160_2.jpg,0005_3.jpg,0,0.6619065999984741
cross_same_variable,160,9,2,3,0160_2.jpg,0009_3.jpg,0,0.5328897833824158
cross_same_variable,160,10,2,3,0160_2.jpg,0010_3.jpg,0,0.45560258626937866
cross_same_variable,160,28,2,3,0160_2.jpg,0028_3.jpg,0,0.36255544424057007
cross_same_variable,160,32,2,3,0160_2.jpg,0032_3.jpg,0,0.8833611011505127
cross_same_variable,160,33,2,3,0160_2.jpg,0033_3.jpg,0,0.6900964975357056
cross_same_variable,160,34,2,3,0160_2.jpg,0034_3.jpg,0,0.8134959936141968
cross_same_variable,160,44,2,3,0160_2.jpg,0044_3.jpg,0,0.6823932528495789
cross_same_variable,160,51,2,3,0160_2.jpg,0051_3.jpg,0,0.2364322394132614
cross_same_variable,160,54,2,3,0160_2.jpg,0054_3.jpg,0,0.837995171546936
cross_same_variable,160,63,2,3,0160_2.jpg,0063_3.jpg,0,0.7741309404373169
cross_same_variable,160,68,2,3,0160_2.jpg,0068_3.jpg,0,0.7477368712425232
cross_same_variable,160,69,2,3,0160_2.jpg,0069_3.jpg,0,0.5164110064506531
cross_same_variable,160,73,2,3,0160_2.jpg,0073_3.jpg,0,0.6330834031105042
cross_same_variable,160,95,2,3,0160_2.jpg,0095_3.jpg,0,0.7275117039680481
cross_same_variable,160,121,2,3,0160_2.jpg,0121_3.jpg,0,0.8175110220909119
cross_same_variable,160,128,2,3,0160_2.jpg,0128_3.jpg,0,0.6409957408905029
cross_same_variable,160,129,2,3,0160_2.jpg,0129_3.jpg,0,0.3581222891807556
cross_same_variable,160,131,2,3,0160_2.jpg,0131_3.jpg,0,0.5249460935592651
cross_same_variable,160,139,2,3,0160_2.jpg,0139_3.jpg,0,0.31970253586769104
cross_same_variable,160,144,2,3,0160_2.jpg,0144_3.jpg,0,0.6655924320220947
cross_same_variable,160,145,2,3,0160_2.jpg,0145_3.jpg,0,0.4079282879829407
cross_same_variable,160,150,2,3,0160_2.jpg,0150_3.jpg,0,0.2992609739303589
cross_same_variable,160,160,2,3,0160_2.jpg,0160_3.jpg,1,0.8568426370620728
cross_same_variable,160,165,2,3,0160_2.jpg,0165_3.jpg,0,0.23045508563518524
cross_same_variable,160,166,2,3,0160_2.jpg,0166_3.jpg,0,0.22033852338790894
cross_same_variable,160,170,2,3,0160_2.jpg,0170_3.jpg,0,0.248049795627594
cross_same_variable,160,174,2,3,0160_2.jpg,0174_3.jpg,0,0.4479547441005707
cross_same_variable,160,176,2,3,0160_2.jpg,0176_3.jpg,0,0.18285687267780304
cross_same_variable,160,193,2,3,0160_2.jpg,0193_3.jpg,0,0.07027942687273026
cross_same_variable,160,202,2,3,0160_2.jpg,0202_3.jpg,0,0.7348026633262634
cross_same_variable,160,205,2,3,0160_2.jpg,0205_3.jpg,0,0.6554752588272095
cross_same_variable,160,210,2,3,0160_2.jpg,0210_3.jpg,0,0.19640903174877167
cross_same_variable,160,218,2,3,0160_2.jpg,0218_3.jpg,0,0.5186658501625061
cross_same_variable,160,222,2,3,0160_2.jpg,0222_3.jpg,0,0.8571263551712036
cross_same_variable,160,238,2,3,0160_2.jpg,0238_3.jpg,0,0.7258158326148987
cross_same_variable,160,253,2,3,0160_2.jpg,0253_3.jpg,0,0.8552150130271912
cross_same_variable,160,254,2,3,0160_2.jpg,0254_3.jpg,0,0.482451468706131
cross_same_variable,160,257,2,3,0160_2.jpg,0257_3.jpg,0,0.37129583954811096
cross_same_variable,160,258,2,3,0160_2.jpg,0258_3.jpg,0,0.7004902958869934
cross_same_variable,160,268,2,3,0160_2.jpg,0268_3.jpg,0,0.3371559977531433
cross_same_variable,160,269,2,3,0160_2.jpg,0269_3.jpg,0,0.7596527934074402
cross_same_variable,160,270,2,3,0160_2.jpg,0270_3.jpg,0,0.43352895975112915
cross_same_variable,160,277,2,3,0160_2.jpg,0277_3.jpg,0,0.7135308980941772
cross_same_variable,160,278,2,3,0160_2.jpg,0278_3.jpg,0,0.881990909576416
cross_same_variable,165,5,2,3,0165_2.jpg,0005_3.jpg,0,0.4382733404636383
cross_same_variable,165,9,2,3,0165_2.jpg,0009_3.jpg,0,0.6804827451705933
cross_same_variable,165,10,2,3,0165_2.jpg,0010_3.jpg,0,0.5413510799407959
cross_same_variable,165,28,2,3,0165_2.jpg,0028_3.jpg,0,0.6361371874809265
cross_same_variable,165,32,2,3,0165_2.jpg,0032_3.jpg,0,0.060144584625959396
cross_same_variable,165,33,2,3,0165_2.jpg,0033_3.jpg,0,0.1435571312904358
cross_same_variable,165,34,2,3,0165_2.jpg,0034_3.jpg,0,0.15252302587032318
cross_same_variable,165,44,2,3,0165_2.jpg,0044_3.jpg,0,0.2589574158191681
cross_same_variable,165,51,2,3,0165_2.jpg,0051_3.jpg,0,0.7272682189941406
cross_same_variable,165,54,2,3,0165_2.jpg,0054_3.jpg,0,0.23926761746406555
cross_same_variable,165,63,2,3,0165_2.jpg,0063_3.jpg,0,0.33006876707077026
cross_same_variable,165,68,2,3,0165_2.jpg,0068_3.jpg,0,0.18569785356521606
cross_same_variable,165,69,2,3,0165_2.jpg,0069_3.jpg,0,0.6118472218513489
cross_same_variable,165,73,2,3,0165_2.jpg,0073_3.jpg,0,0.31608906388282776
cross_same_variable,165,95,2,3,0165_2.jpg,0095_3.jpg,0,0.2969752550125122
cross_same_variable,165,121,2,3,0165_2.jpg,0121_3.jpg,0,-0.05283781886100769
cross_same_variable,165,128,2,3,0165_2.jpg,0128_3.jpg,0,0.5821211934089661
cross_same_variable,165,129,2,3,0165_2.jpg,0129_3.jpg,0,0.7316249012947083
cross_same_variable,165,131,2,3,0165_2.jpg,0131_3.jpg,0,0.18393322825431824
cross_same_variable,165,139,2,3,0165_2.jpg,0139_3.jpg,0,0.5038309097290039
cross_same_variable,165,144,2,3,0165_2.jpg,0144_3.jpg,0,0.4713535010814667
cross_same_variable,165,145,2,3,0165_2.jpg,0145_3.jpg,0,0.6509636044502258
cross_same_variable,165,150,2,3,0165_2.jpg,0150_3.jpg,0,0.4048348367214203
cross_same_variable,165,160,2,3,0165_2.jpg,0160_3.jpg,0,0.1663028597831726
cross_same_variable,165,165,2,3,0165_2.jpg,0165_3.jpg,1,0.7457241415977478
cross_same_variable,165,166,2,3,0165_2.jpg,0166_3.jpg,0,0.786842405796051
cross_same_variable,165,170,2,3,0165_2.jpg,0170_3.jpg,0,0.7208012342453003
cross_same_variable,165,174,2,3,0165_2.jpg,0174_3.jpg,0,0.54839688539505
cross_same_variable,165,176,2,3,0165_2.jpg,0176_3.jpg,0,0.5442568063735962
cross_same_variable,165,193,2,3,0165_2.jpg,0193_3.jpg,0,0.42104023694992065
cross_same_variable,165,202,2,3,0165_2.jpg,0202_3.jpg,0,0.1597099006175995
cross_same_variable,165,205,2,3,0165_2.jpg,0205_3.jpg,0,0.22276270389556885
cross_same_variable,165,210,2,3,0165_2.jpg,0210_3.jpg,0,0.8120246529579163
cross_same_variable,165,218,2,3,0165_2.jpg,0218_3.jpg,0,0.12908919155597687
cross_same_variable,165,222,2,3,0165_2.jpg,0222_3.jpg,0,-0.017968380823731422
cross_same_variable,165,238,2,3,0165_2.jpg,0238_3.jpg,0,0.08644439280033112
cross_same_variable,165,253,2,3,0165_2.jpg,0253_3.jpg,0,0.09421101212501526
cross_same_variable,165,254,2,3,0165_2.jpg,0254_3.jpg,0,0.3485052287578583
cross_same_variable,165,257,2,3,0165_2.jpg,0257_3.jpg,0,0.37794288992881775
cross_same_variable,165,258,2,3,0165_2.jpg,0258_3.jpg,0,0.2166098952293396
cross_same_variable,165,268,2,3,0165_2.jpg,0268_3.jpg,0,0.38799262046813965
cross_same_variable,165,269,2,3,0165_2.jpg,0269_3.jpg,0,-0.037836577743291855
cross_same_variable,165,270,2,3,0165_2.jpg,0270_3.jpg,0,0.636654794216156
cross_same_variable,165,277,2,3,0165_2.jpg,0277_3.jpg,0,0.5392195582389832
cross_same_variable,165,278,2,3,0165_2.jpg,0278_3.jpg,0,0.11338470131158829
cross_same_variable,166,5,2,3,0166_2.jpg,0005_3.jpg,0,0.41399332880973816
cross_same_variable,166,9,2,3,0166_2.jpg,0009_3.jpg,0,0.4064810276031494
cross_same_variable,166,10,2,3,0166_2.jpg,0010_3.jpg,0,0.2857023775577545
cross_same_variable,166,28,2,3,0166_2.jpg,0028_3.jpg,0,0.9066938757896423
cross_same_variable,166,32,2,3,0166_2.jpg,0032_3.jpg,0,0.21050158143043518
cross_same_variable,166,33,2,3,0166_2.jpg,0033_3.jpg,0,-0.10734933614730835
cross_same_variable,166,34,2,3,0166_2.jpg,0034_3.jpg,0,0.26813840866088867
cross_same_variable,166,44,2,3,0166_2.jpg,0044_3.jpg,0,0.6725080013275146
cross_same_variable,166,51,2,3,0166_2.jpg,0051_3.jpg,0,0.27541664242744446
cross_same_variable,166,54,2,3,0166_2.jpg,0054_3.jpg,0,0.3421443700790405
cross_same_variable,166,63,2,3,0166_2.jpg,0063_3.jpg,0,0.369471937417984
cross_same_variable,166,68,2,3,0166_2.jpg,0068_3.jpg,0,0.1383586823940277
cross_same_variable,166,69,2,3,0166_2.jpg,0069_3.jpg,0,0.3842935562133789
cross_same_variable,166,73,2,3,0166_2.jpg,0073_3.jpg,0,0.5575973391532898
cross_same_variable,166,95,2,3,0166_2.jpg,0095_3.jpg,0,0.2278144210577011
cross_same_variable,166,121,2,3,0166_2.jpg,0121_3.jpg,0,0.22800563275814056
cross_same_variable,166,128,2,3,0166_2.jpg,0128_3.jpg,0,0.3962041735649109
cross_same_variable,166,129,2,3,0166_2.jpg,0129_3.jpg,0,0.3071053922176361
cross_same_variable,166,131,2,3,0166_2.jpg,0131_3.jpg,0,0.7115768790245056
cross_same_variable,166,139,2,3,0166_2.jpg,0139_3.jpg,0,0.08058735728263855
cross_same_variable,166,144,2,3,0166_2.jpg,0144_3.jpg,0,0.13136489689350128
cross_same_variable,166,145,2,3,0166_2.jpg,0145_3.jpg,0,0.22135816514492035
cross_same_variable,166,150,2,3,0166_2.jpg,0150_3.jpg,0,0.8091890811920166
cross_same_variable,166,160,2,3,0166_2.jpg,0160_3.jpg,0,0.12436352670192719
cross_same_variable,166,165,2,3,0166_2.jpg,0165_3.jpg,0,0.7260358929634094
cross_same_variable,166,166,2,3,0166_2.jpg,0166_3.jpg,1,0.871018648147583
cross_same_variable,166,170,2,3,0166_2.jpg,0170_3.jpg,0,0.19550035893917084
cross_same_variable,166,174,2,3,0166_2.jpg,0174_3.jpg,0,0.17152370512485504
cross_same_variable,166,176,2,3,0166_2.jpg,0176_3.jpg,0,0.8449001908302307
cross_same_variable,166,193,2,3,0166_2.jpg,0193_3.jpg,0,0.566994309425354
cross_same_variable,166,202,2,3,0166_2.jpg,0202_3.jpg,0,0.22943785786628723
cross_same_variable,166,205,2,3,0166_2.jpg,0205_3.jpg,0,-0.14445608854293823
cross_same_variable,166,210,2,3,0166_2.jpg,0210_3.jpg,0,0.46439722180366516
cross_same_variable,166,218,2,3,0166_2.jpg,0218_3.jpg,0,0.6480222940444946
cross_same_variable,166,222,2,3,0166_2.jpg,0222_3.jpg,0,-0.0430498905479908
cross_same_variable,166,238,2,3,0166_2.jpg,0238_3.jpg,0,0.17824465036392212
cross_same_variable,166,253,2,3,0166_2.jpg,0253_3.jpg,0,0.4670381247997284
cross_same_variable,166,254,2,3,0166_2.jpg,0254_3.jpg,0,-0.20307478308677673
cross_same_variable,166,257,2,3,0166_2.jpg,0257_3.jpg,0,-0.2017771154642105
cross_same_variable,166,258,2,3,0166_2.jpg,0258_3.jpg,0,0.03090883605182171
cross_same_variable,166,268,2,3,0166_2.jpg,0268_3.jpg,0,-0.19276490807533264
cross_same_variable,166,269,2,3,0166_2.jpg,0269_3.jpg,0,-0.18779680132865906
cross_same_variable,166,270,2,3,0166_2.jpg,0270_3.jpg,0,0.15079131722450256
cross_same_variable,166,277,2,3,0166_2.jpg,0277_3.jpg,0,0.4124894440174103
cross_same_variable,166,278,2,3,0166_2.jpg,0278_3.jpg,0,0.22861327230930328
cross_same_variable,170,5,2,3,0170_2.jpg,0005_3.jpg,0,0.45605695247650146
cross_same_variable,170,9,2,3,0170_2.jpg,0009_3.jpg,0,0.7460730671882629
cross_same_variable,170,10,2,3,0170_2.jpg,0010_3.jpg,0,0.5759184956550598
cross_same_variable,170,28,2,3,0170_2.jpg,0028_3.jpg,0,0.27365875244140625
cross_same_variable,170,32,2,3,0170_2.jpg,0032_3.jpg,0,0.05844918638467789
cross_same_variable,170,33,2,3,0170_2.jpg,0033_3.jpg,0,0.40413713455200195
cross_same_variable,170,34,2,3,0170_2.jpg,0034_3.jpg,0,0.12543544173240662
cross_same_variable,170,44,2,3,0170_2.jpg,0044_3.jpg,0,0.04288902133703232
cross_same_variable,170,51,2,3,0170_2.jpg,0051_3.jpg,0,0.8650908470153809
cross_same_variable,170,54,2,3,0170_2.jpg,0054_3.jpg,0,0.18975219130516052
cross_same_variable,170,63,2,3,0170_2.jpg,0063_3.jpg,0,0.264743834733963
cross_same_variable,170,68,2,3,0170_2.jpg,0068_3.jpg,0,0.18187415599822998
cross_same_variable,170,69,2,3,0170_2.jpg,0069_3.jpg,0,0.6180422902107239
cross_same_variable,170,73,2,3,0170_2.jpg,0073_3.jpg,0,0.0657883733510971
cross_same_variable,170,95,2,3,0170_2.jpg,0095_3.jpg,0,0.36163046956062317
cross_same_variable,170,121,2,3,0170_2.jpg,0121_3.jpg,0,-0.05417519435286522
cross_same_variable,170,128,2,3,0170_2.jpg,0128_3.jpg,0,0.6230975985527039
cross_same_variable,170,129,2,3,0170_2.jpg,0129_3.jpg,0,0.7875024676322937
cross_same_variable,170,131,2,3,0170_2.jpg,0131_3.jpg,0,-0.20032933354377747
cross_same_variable,170,139,2,3,0170_2.jpg,0139_3.jpg,0,0.7405997514724731
cross_same_variable,170,144,2,3,0170_2.jpg,0144_3.jpg,0,0.6257649064064026
cross_same_variable,170,145,2,3,0170_2.jpg,0145_3.jpg,0,0.8474282026290894
cross_same_variable,170,150,2,3,0170_2.jpg,0150_3.jpg,0,0.07074485719203949
cross_same_variable,170,160,2,3,0170_2.jpg,0160_3.jpg,0,0.2816706597805023
cross_same_variable,170,165,2,3,0170_2.jpg,0165_3.jpg,0,0.40998685359954834
cross_same_variable,170,166,2,3,0170_2.jpg,0166_3.jpg,0,0.552272617816925
cross_same_variable,170,170,2,3,0170_2.jpg,0170_3.jpg,1,0.9272632598876953
cross_same_variable,170,174,2,3,0170_2.jpg,0174_3.jpg,0,0.5928957462310791
cross_same_variable,170,176,2,3,0170_2.jpg,0176_3.jpg,0,0.1083618551492691
cross_same_variable,170,193,2,3,0170_2.jpg,0193_3.jpg,0,0.2368956059217453
cross_same_variable,170,202,2,3,0170_2.jpg,0202_3.jpg,0,0.09963829070329666
cross_same_variable,170,205,2,3,0170_2.jpg,0205_3.jpg,0,0.5336968302726746
cross_same_variable,170,210,2,3,0170_2.jpg,0210_3.jpg,0,0.7349970936775208
cross_same_variable,170,218,2,3,0170_2.jpg,0218_3.jpg,0,-0.15692809224128723
cross_same_variable,170,222,2,3,0170_2.jpg,0222_3.jpg,0,0.12428714334964752
cross_same_variable,170,238,2,3,0170_2.jpg,0238_3.jpg,0,0.14157411456108093
cross_same_variable,170,253,2,3,0170_2.jpg,0253_3.jpg,0,-0.00698076793923974
cross_same_variable,170,254,2,3,0170_2.jpg,0254_3.jpg,0,0.6601063013076782
cross_same_variable,170,257,2,3,0170_2.jpg,0257_3.jpg,0,0.737643301486969
cross_same_variable,170,258,2,3,0170_2.jpg,0258_3.jpg,0,0.35705429315567017
cross_same_variable,170,268,2,3,0170_2.jpg,0268_3.jpg,0,0.7326910495758057
cross_same_variable,170,269,2,3,0170_2.jpg,0269_3.jpg,0,0.24187760055065155
cross_same_variable,170,270,2,3,0170_2.jpg,0270_3.jpg,0,0.8194354176521301
cross_same_variable,170,277,2,3,0170_2.jpg,0277_3.jpg,0,0.5330023169517517
cross_same_variable,170,278,2,3,0170_2.jpg,0278_3.jpg,0,0.23378318548202515
cross_same_variable,174,5,2,3,0174_2.jpg,0005_3.jpg,0,0.45579737424850464
cross_same_variable,174,9,2,3,0174_2.jpg,0009_3.jpg,0,0.7829955816268921
cross_same_variable,174,10,2,3,0174_2.jpg,0010_3.jpg,0,0.6385422945022583
cross_same_variable,174,28,2,3,0174_2.jpg,0028_3.jpg,0,0.24038638174533844
cross_same_variable,174,32,2,3,0174_2.jpg,0032_3.jpg,0,0.581533670425415
cross_same_variable,174,33,2,3,0174_2.jpg,0033_3.jpg,0,0.610042929649353
cross_same_variable,174,34,2,3,0174_2.jpg,0034_3.jpg,0,0.5331934094429016
cross_same_variable,174,44,2,3,0174_2.jpg,0044_3.jpg,0,0.3329194188117981
cross_same_variable,174,51,2,3,0174_2.jpg,0051_3.jpg,0,0.4953339397907257
cross_same_variable,174,54,2,3,0174_2.jpg,0054_3.jpg,0,0.5723729729652405
cross_same_variable,174,63,2,3,0174_2.jpg,0063_3.jpg,0,0.6519874930381775
cross_same_variable,174,68,2,3,0174_2.jpg,0068_3.jpg,0,0.3882457911968231
cross_same_variable,174,69,2,3,0174_2.jpg,0069_3.jpg,0,0.666620671749115
cross_same_variable,174,73,2,3,0174_2.jpg,0073_3.jpg,0,0.2889045178890228
cross_same_variable,174,95,2,3,0174_2.jpg,0095_3.jpg,0,0.4382295608520508
cross_same_variable,174,121,2,3,0174_2.jpg,0121_3.jpg,0,0.31372925639152527
cross_same_variable,174,128,2,3,0174_2.jpg,0128_3.jpg,0,0.832369327545166
cross_same_variable,174,129,2,3,0174_2.jpg,0129_3.jpg,0,0.7635960578918457
cross_same_variable,174,131,2,3,0174_2.jpg,0131_3.jpg,0,0.05075259506702423
cross_same_variable,174,139,2,3,0174_2.jpg,0139_3.jpg,0,0.5070282816886902
cross_same_variable,174,144,2,3,0174_2.jpg,0144_3.jpg,0,0.8176259994506836
cross_same_variable,174,145,2,3,0174_2.jpg,0145_3.jpg,0,0.6019080281257629
cross_same_variable,174,150,2,3,0174_2.jpg,0150_3.jpg,0,-0.16195328533649445
cross_same_variable,174,160,2,3,0174_2.jpg,0160_3.jpg,0,0.6674730181694031
cross_same_variable,174,165,2,3,0174_2.jpg,0165_3.jpg,0,0.4212489128112793
cross_same_variable,174,166,2,3,0174_2.jpg,0166_3.jpg,0,0.25889894366264343
cross_same_variable,174,170,2,3,0174_2.jpg,0170_3.jpg,0,0.6665476560592651
cross_same_variable,174,174,2,3,0174_2.jpg,0174_3.jpg,1,0.9623977541923523
cross_same_variable,174,176,2,3,0174_2.jpg,0176_3.jpg,0,0.0584799163043499
cross_same_variable,174,193,2,3,0174_2.jpg,0193_3.jpg,0,-0.19341476261615753
cross_same_variable,174,202,2,3,0174_2.jpg,0202_3.jpg,0,0.3615230321884155
cross_same_variable,174,205,2,3,0174_2.jpg,0205_3.jpg,0,0.7067745327949524
cross_same_variable,174,210,2,3,0174_2.jpg,0210_3.jpg,0,0.6875855326652527
cross_same_variable,174,218,2,3,0174_2.jpg,0218_3.jpg,0,-0.11007997393608093
cross_same_variable,174,222,2,3,0174_2.jpg,0222_3.jpg,0,0.6813751459121704
cross_same_variable,174,238,2,3,0174_2.jpg,0238_3.jpg,0,0.4199663996696472
cross_same_variable,174,253,2,3,0174_2.jpg,0253_3.jpg,0,0.22190125286579132
cross_same_variable,174,254,2,3,0174_2.jpg,0254_3.jpg,0,0.8532612323760986
cross_same_variable,174,257,2,3,0174_2.jpg,0257_3.jpg,0,0.7643404006958008
cross_same_variable,174,258,2,3,0174_2.jpg,0258_3.jpg,0,0.8587000370025635
cross_same_variable,174,268,2,3,0174_2.jpg,0268_3.jpg,0,0.6662441492080688
cross_same_variable,174,269,2,3,0174_2.jpg,0269_3.jpg,0,0.5300602316856384
cross_same_variable,174,270,2,3,0174_2.jpg,0270_3.jpg,0,0.7592430114746094
cross_same_variable,174,277,2,3,0174_2.jpg,0277_3.jpg,0,0.8302105069160461
cross_same_variable,174,278,2,3,0174_2.jpg,0278_3.jpg,0,0.42999395728111267
cross_same_variable,176,5,2,3,0176_2.jpg,0005_3.jpg,0,0.5361334085464478
cross_same_variable,176,9,2,3,0176_2.jpg,0009_3.jpg,0,0.3112648129463196
cross_same_variable,176,10,2,3,0176_2.jpg,0010_3.jpg,0,0.3741106390953064
cross_same_variable,176,28,2,3,0176_2.jpg,0028_3.jpg,0,0.7984310984611511
cross_same_variable,176,32,2,3,0176_2.jpg,0032_3.jpg,0,0.2971220016479492
cross_same_variable,176,33,2,3,0176_2.jpg,0033_3.jpg,0,0.1574779599905014
cross_same_variable,176,34,2,3,0176_2.jpg,0034_3.jpg,0,0.3212006688117981
cross_same_variable,176,44,2,3,0176_2.jpg,0044_3.jpg,0,0.6496995687484741
cross_same_variable,176,51,2,3,0176_2.jpg,0051_3.jpg,0,0.3285335600376129
cross_same_variable,176,54,2,3,0176_2.jpg,0054_3.jpg,0,0.47010287642478943
cross_same_variable,176,63,2,3,0176_2.jpg,0063_3.jpg,0,0.35242724418640137
cross_same_variable,176,68,2,3,0176_2.jpg,0068_3.jpg,0,0.2787524461746216
cross_same_variable,176,69,2,3,0176_2.jpg,0069_3.jpg,0,0.3246213495731354
cross_same_variable,176,73,2,3,0176_2.jpg,0073_3.jpg,0,0.5473569631576538
cross_same_variable,176,95,2,3,0176_2.jpg,0095_3.jpg,0,0.43468084931373596
cross_same_variable,176,121,2,3,0176_2.jpg,0121_3.jpg,0,0.443223774433136
cross_same_variable,176,128,2,3,0176_2.jpg,0128_3.jpg,0,0.2798001170158386
cross_same_variable,176,129,2,3,0176_2.jpg,0129_3.jpg,0,0.18655161559581757
cross_same_variable,176,131,2,3,0176_2.jpg,0131_3.jpg,0,0.7445717453956604
cross_same_variable,176,139,2,3,0176_2.jpg,0139_3.jpg,0,0.30195873975753784
cross_same_variable,176,144,2,3,0176_2.jpg,0144_3.jpg,0,0.23827490210533142
cross_same_variable,176,145,2,3,0176_2.jpg,0145_3.jpg,0,0.2547370195388794
cross_same_variable,176,150,2,3,0176_2.jpg,0150_3.jpg,0,0.8175945281982422
cross_same_variable,176,160,2,3,0176_2.jpg,0160_3.jpg,0,0.12495116889476776
cross_same_variable,176,165,2,3,0176_2.jpg,0165_3.jpg,0,0.3290497958660126
cross_same_variable,176,166,2,3,0176_2.jpg,0166_3.jpg,0,0.7124142050743103
cross_same_variable,176,170,2,3,0176_2.jpg,0170_3.jpg,0,0.19533559679985046
cross_same_variable,176,174,2,3,0176_2.jpg,0174_3.jpg,0,0.033794105052948
cross_same_variable,176,176,2,3,0176_2.jpg,0176_3.jpg,1,0.7063420414924622
cross_same_variable,176,193,2,3,0176_2.jpg,0193_3.jpg,0,0.7539820075035095
cross_same_variable,176,202,2,3,0176_2.jpg,0202_3.jpg,0,0.4004661440849304
cross_same_variable,176,205,2,3,0176_2.jpg,0205_3.jpg,0,0.045154038816690445
cross_same_variable,176,210,2,3,0176_2.jpg,0210_3.jpg,0,0.19187811017036438
cross_same_variable,176,218,2,3,0176_2.jpg,0218_3.jpg,0,0.8175967931747437
cross_same_variable,176,222,2,3,0176_2.jpg,0222_3.jpg,0,0.10292655229568481
cross_same_variable,176,238,2,3,0176_2.jpg,0238_3.jpg,0,0.18513740599155426
cross_same_variable,176,253,2,3,0176_2.jpg,0253_3.jpg,0,0.6073234677314758
cross_same_variable,176,254,2,3,0176_2.jpg,0254_3.jpg,0,-0.12833935022354126
cross_same_variable,176,257,2,3,0176_2.jpg,0257_3.jpg,0,-0.13660049438476562
cross_same_variable,176,258,2,3,0176_2.jpg,0258_3.jpg,0,-0.017046047374606133
cross_same_variable,176,268,2,3,0176_2.jpg,0268_3.jpg,0,-0.022585634142160416
cross_same_variable,176,269,2,3,0176_2.jpg,0269_3.jpg,0,0.10752401500940323
cross_same_variable,176,270,2,3,0176_2.jpg,0270_3.jpg,0,0.1435880959033966
cross_same_variable,176,277,2,3,0176_2.jpg,0277_3.jpg,0,0.45456454157829285
cross_same_variable,176,278,2,3,0176_2.jpg,0278_3.jpg,0,0.48112940788269043
cross_same_variable,193,5,2,3,0193_2.jpg,0005_3.jpg,0,0.4715520143508911
cross_same_variable,193,9,2,3,0193_2.jpg,0009_3.jpg,0,0.3841787874698639
cross_same_variable,193,10,2,3,0193_2.jpg,0010_3.jpg,0,0.5014786720275879
cross_same_variable,193,28,2,3,0193_2.jpg,0028_3.jpg,0,0.6234360933303833
cross_same_variable,193,32,2,3,0193_2.jpg,0032_3.jpg,0,-0.0018957473803311586
cross_same_variable,193,33,2,3,0193_2.jpg,0033_3.jpg,0,0.10060036182403564
cross_same_variable,193,34,2,3,0193_2.jpg,0034_3.jpg,0,0.13183000683784485
cross_same_variable,193,44,2,3,0193_2.jpg,0044_3.jpg,0,0.2499910593032837
cross_same_variable,193,51,2,3,0193_2.jpg,0051_3.jpg,0,0.6531360149383545
cross_same_variable,193,54,2,3,0193_2.jpg,0054_3.jpg,0,0.13811878859996796
cross_same_variable,193,63,2,3,0193_2.jpg,0063_3.jpg,0,0.05949839949607849
cross_same_variable,193,68,2,3,0193_2.jpg,0068_3.jpg,0,0.30751651525497437
cross_same_variable,193,69,2,3,0193_2.jpg,0069_3.jpg,0,0.4454624652862549
cross_same_variable,193,73,2,3,0193_2.jpg,0073_3.jpg,0,0.29819604754447937
cross_same_variable,193,95,2,3,0193_2.jpg,0095_3.jpg,0,0.4165782332420349
cross_same_variable,193,121,2,3,0193_2.jpg,0121_3.jpg,0,0.09900073707103729
cross_same_variable,193,128,2,3,0193_2.jpg,0128_3.jpg,0,0.29224875569343567
cross_same_variable,193,129,2,3,0193_2.jpg,0129_3.jpg,0,0.40918880701065063
cross_same_variable,193,131,2,3,0193_2.jpg,0131_3.jpg,0,0.320537805557251
cross_same_variable,193,139,2,3,0193_2.jpg,0139_3.jpg,0,0.5302186608314514
cross_same_variable,193,144,2,3,0193_2.jpg,0144_3.jpg,0,0.2743512988090515
cross_same_variable,193,145,2,3,0193_2.jpg,0145_3.jpg,0,0.547292172908783
cross_same_variable,193,150,2,3,0193_2.jpg,0150_3.jpg,0,0.7342508435249329
cross_same_variable,193,160,2,3,0193_2.jpg,0160_3.jpg,0,-0.00699075311422348
cross_same_variable,193,165,2,3,0193_2.jpg,0165_3.jpg,0,0.3775302767753601
cross_same_variable,193,166,2,3,0193_2.jpg,0166_3.jpg,0,0.7682051658630371
cross_same_variable,193,170,2,3,0193_2.jpg,0170_3.jpg,0,0.48822319507598877
cross_same_variable,193,174,2,3,0193_2.jpg,0174_3.jpg,0,0.07805363833904266
cross_same_variable,193,176,2,3,0193_2.jpg,0176_3.jpg,0,0.5167996883392334
cross_same_variable,193,193,2,3,0193_2.jpg,0193_3.jpg,1,0.8354843258857727
cross_same_variable,193,202,2,3,0193_2.jpg,0202_3.jpg,0,0.2647104859352112
cross_same_variable,193,205,2,3,0193_2.jpg,0205_3.jpg,0,0.10758694261312485
cross_same_variable,193,210,2,3,0193_2.jpg,0210_3.jpg,0,0.39979755878448486
cross_same_variable,193,218,2,3,0193_2.jpg,0218_3.jpg,0,0.48150959610939026
cross_same_variable,193,222,2,3,0193_2.jpg,0222_3.jpg,0,-0.1480005383491516
cross_same_variable,193,238,2,3,0193_2.jpg,0238_3.jpg,0,-0.029597269371151924
cross_same_variable,193,253,2,3,0193_2.jpg,0253_3.jpg,0,0.28368502855300903
cross_same_variable,193,254,2,3,0193_2.jpg,0254_3.jpg,0,0.019225459545850754
cross_same_variable,193,257,2,3,0193_2.jpg,0257_3.jpg,0,0.09916433691978455
cross_same_variable,193,258,2,3,0193_2.jpg,0258_3.jpg,0,-0.10816266387701035
cross_same_variable,193,268,2,3,0193_2.jpg,0268_3.jpg,0,0.20131589472293854
cross_same_variable,193,269,2,3,0193_2.jpg,0269_3.jpg,0,-0.013331292197108269
cross_same_variable,193,270,2,3,0193_2.jpg,0270_3.jpg,0,0.39560291171073914
cross_same_variable,193,277,2,3,0193_2.jpg,0277_3.jpg,0,0.3006490170955658
cross_same_variable,193,278,2,3,0193_2.jpg,0278_3.jpg,0,0.260654091835022
cross_same_variable,202,5,2,3,0202_2.jpg,0005_3.jpg,0,0.6348925828933716
cross_same_variable,202,9,2,3,0202_2.jpg,0009_3.jpg,0,0.3010389506816864
cross_same_variable,202,10,2,3,0202_2.jpg,0010_3.jpg,0,0.4395180344581604
cross_same_variable,202,28,2,3,0202_2.jpg,0028_3.jpg,0,0.3586966395378113
cross_same_variable,202,32,2,3,0202_2.jpg,0032_3.jpg,0,0.7402992248535156
cross_same_variable,202,33,2,3,0202_2.jpg,0033_3.jpg,0,0.6399548649787903
cross_same_variable,202,34,2,3,0202_2.jpg,0034_3.jpg,0,0.7671730518341064
cross_same_variable,202,44,2,3,0202_2.jpg,0044_3.jpg,0,0.6382240653038025
cross_same_variable,202,51,2,3,0202_2.jpg,0051_3.jpg,0,0.20796793699264526
cross_same_variable,202,54,2,3,0202_2.jpg,0054_3.jpg,0,0.690026581287384
cross_same_variable,202,63,2,3,0202_2.jpg,0063_3.jpg,0,0.546599805355072
cross_same_variable,202,68,2,3,0202_2.jpg,0068_3.jpg,0,0.7855736017227173
cross_same_variable,202,69,2,3,0202_2.jpg,0069_3.jpg,0,0.502072811126709
cross_same_variable,202,73,2,3,0202_2.jpg,0073_3.jpg,0,0.6012125611305237
cross_same_variable,202,95,2,3,0202_2.jpg,0095_3.jpg,0,0.7913861274719238
cross_same_variable,202,121,2,3,0202_2.jpg,0121_3.jpg,0,0.8530278205871582
cross_same_variable,202,128,2,3,0202_2.jpg,0128_3.jpg,0,0.3818456828594208
cross_same_variable,202,129,2,3,0202_2.jpg,0129_3.jpg,0,0.2117443084716797
cross_same_variable,202,131,2,3,0202_2.jpg,0131_3.jpg,0,0.6345795392990112
cross_same_variable,202,139,2,3,0202_2.jpg,0139_3.jpg,0,0.3790426552295685
cross_same_variable,202,144,2,3,0202_2.jpg,0144_3.jpg,0,0.47545313835144043
cross_same_variable,202,145,2,3,0202_2.jpg,0145_3.jpg,0,0.309211403131485
cross_same_variable,202,150,2,3,0202_2.jpg,0150_3.jpg,0,0.5467995405197144
cross_same_variable,202,160,2,3,0202_2.jpg,0160_3.jpg,0,0.6197819113731384
cross_same_variable,202,165,2,3,0202_2.jpg,0165_3.jpg,0,0.0047806003130972385
cross_same_variable,202,166,2,3,0202_2.jpg,0166_3.jpg,0,0.23092608153820038
cross_same_variable,202,170,2,3,0202_2.jpg,0170_3.jpg,0,0.10512033849954605
cross_same_variable,202,174,2,3,0202_2.jpg,0174_3.jpg,0,0.1176922470331192
cross_same_variable,202,176,2,3,0202_2.jpg,0176_3.jpg,0,0.1825566440820694
cross_same_variable,202,193,2,3,0202_2.jpg,0193_3.jpg,0,0.40076640248298645
cross_same_variable,202,202,2,3,0202_2.jpg,0202_3.jpg,1,0.7979729771614075
cross_same_variable,202,205,2,3,0202_2.jpg,0205_3.jpg,0,0.5328583121299744
cross_same_variable,202,210,2,3,0202_2.jpg,0210_3.jpg,0,-0.0806950256228447
cross_same_variable,202,218,2,3,0202_2.jpg,0218_3.jpg,0,0.6926125288009644
cross_same_variable,202,222,2,3,0202_2.jpg,0222_3.jpg,0,0.6468521356582642
cross_same_variable,202,238,2,3,0202_2.jpg,0238_3.jpg,0,0.5959048867225647
cross_same_variable,202,253,2,3,0202_2.jpg,0253_3.jpg,0,0.8612015247344971
cross_same_variable,202,254,2,3,0202_2.jpg,0254_3.jpg,0,0.23354652523994446
cross_same_variable,202,257,2,3,0202_2.jpg,0257_3.jpg,0,0.17394797503948212
cross_same_variable,202,258,2,3,0202_2.jpg,0258_3.jpg,0,0.37777218222618103
cross_same_variable,202,268,2,3,0202_2.jpg,0268_3.jpg,0,0.21159735321998596
cross_same_variable,202,269,2,3,0202_2.jpg,0269_3.jpg,0,0.7262905836105347
cross_same_variable,202,270,2,3,0202_2.jpg,0270_3.jpg,0,0.2608102858066559
cross_same_variable,202,277,2,3,0202_2.jpg,0277_3.jpg,0,0.48679935932159424
cross_same_variable,202,278,2,3,0202_2.jpg,0278_3.jpg,0,0.8495659828186035
cross_same_variable,205,5,2,3,0205_2.jpg,0005_3.jpg,0,0.5299379229545593
cross_same_variable,205,9,2,3,0205_2.jpg,0009_3.jpg,0,0.2879449427127838
cross_same_variable,205,10,2,3,0205_2.jpg,0010_3.jpg,0,0.4493078291416168
cross_same_variable,205,28,2,3,0205_2.jpg,0028_3.jpg,0,0.5795246958732605
cross_same_variable,205,32,2,3,0205_2.jpg,0032_3.jpg,0,0.5356349945068359
cross_same_variable,205,33,2,3,0205_2.jpg,0033_3.jpg,0,0.41407909989356995
cross_same_variable,205,34,2,3,0205_2.jpg,0034_3.jpg,0,0.6187712550163269
cross_same_variable,205,44,2,3,0205_2.jpg,0044_3.jpg,0,0.6021026968955994
cross_same_variable,205,51,2,3,0205_2.jpg,0051_3.jpg,0,0.31989502906799316
cross_same_variable,205,54,2,3,0205_2.jpg,0054_3.jpg,0,0.5199487805366516
cross_same_variable,205,63,2,3,0205_2.jpg,0063_3.jpg,0,0.42827174067497253
cross_same_variable,205,68,2,3,0205_2.jpg,0068_3.jpg,0,0.5605812072753906
cross_same_variable,205,69,2,3,0205_2.jpg,0069_3.jpg,0,0.4669109880924225
cross_same_variable,205,73,2,3,0205_2.jpg,0073_3.jpg,0,0.6794149875640869
cross_same_variable,205,95,2,3,0205_2.jpg,0095_3.jpg,0,0.6260219812393188
cross_same_variable,205,121,2,3,0205_2.jpg,0121_3.jpg,0,0.631637692451477
cross_same_variable,205,128,2,3,0205_2.jpg,0128_3.jpg,0,0.33622583746910095
cross_same_variable,205,129,2,3,0205_2.jpg,0129_3.jpg,0,0.1950596421957016
cross_same_variable,205,131,2,3,0205_2.jpg,0131_3.jpg,0,0.7328647971153259
cross_same_variable,205,139,2,3,0205_2.jpg,0139_3.jpg,0,0.394105464220047
cross_same_variable,205,144,2,3,0205_2.jpg,0144_3.jpg,0,0.30473607778549194
cross_same_variable,205,145,2,3,0205_2.jpg,0145_3.jpg,0,0.3098340630531311
cross_same_variable,205,150,2,3,0205_2.jpg,0150_3.jpg,0,0.7629055976867676
cross_same_variable,205,160,2,3,0205_2.jpg,0160_3.jpg,0,0.391971617937088
cross_same_variable,205,165,2,3,0205_2.jpg,0165_3.jpg,0,0.15967664122581482
cross_same_variable,205,166,2,3,0205_2.jpg,0166_3.jpg,0,0.546380341053009
cross_same_variable,205,170,2,3,0205_2.jpg,0170_3.jpg,0,0.1532684713602066
cross_same_variable,205,174,2,3,0205_2.jpg,0174_3.jpg,0,0.05469308793544769
cross_same_variable,205,176,2,3,0205_2.jpg,0176_3.jpg,0,0.4839407801628113
cross_same_variable,205,193,2,3,0205_2.jpg,0193_3.jpg,0,0.6700358390808105
cross_same_variable,205,202,2,3,0205_2.jpg,0202_3.jpg,0,0.7177849411964417
cross_same_variable,205,205,2,3,0205_2.jpg,0205_3.jpg,1,0.32194581627845764
cross_same_variable,205,210,2,3,0205_2.jpg,0210_3.jpg,0,0.023344412446022034
cross_same_variable,205,218,2,3,0205_2.jpg,0218_3.jpg,0,0.7758538722991943
cross_same_variable,205,222,2,3,0205_2.jpg,0222_3.jpg,0,0.32647836208343506
cross_same_variable,205,238,2,3,0205_2.jpg,0238_3.jpg,0,0.38045254349708557
cross_same_variable,205,253,2,3,0205_2.jpg,0253_3.jpg,0,0.7268072366714478
cross_same_variable,205,254,2,3,0205_2.jpg,0254_3.jpg,0,-0.0018371741753071547
cross_same_variable,205,257,2,3,0205_2.jpg,0257_3.jpg,0,-0.020017873495817184
cross_same_variable,205,258,2,3,0205_2.jpg,0258_3.jpg,0,0.08046050369739532
cross_same_variable,205,268,2,3,0205_2.jpg,0268_3.jpg,0,0.07315534353256226
cross_same_variable,205,269,2,3,0205_2.jpg,0269_3.jpg,0,0.37660282850265503
cross_same_variable,205,270,2,3,0205_2.jpg,0270_3.jpg,0,0.22146111726760864
cross_same_variable,205,277,2,3,0205_2.jpg,0277_3.jpg,0,0.4282335340976715
cross_same_variable,205,278,2,3,0205_2.jpg,0278_3.jpg,0,0.691664457321167
cross_same_variable,210,5,2,3,0210_2.jpg,0005_3.jpg,0,0.6421393156051636
cross_same_variable,210,9,2,3,0210_2.jpg,0009_3.jpg,0,0.7906101942062378
cross_same_variable,210,10,2,3,0210_2.jpg,0010_3.jpg,0,0.44787633419036865
cross_same_variable,210,28,2,3,0210_2.jpg,0028_3.jpg,0,0.7000541687011719
cross_same_variable,210,32,2,3,0210_2.jpg,0032_3.jpg,0,0.5072840452194214
cross_same_variable,210,33,2,3,0210_2.jpg,0033_3.jpg,0,0.24897928535938263
cross_same_variable,210,34,2,3,0210_2.jpg,0034_3.jpg,0,0.4577007591724396
cross_same_variable,210,44,2,3,0210_2.jpg,0044_3.jpg,0,0.6686671376228333
cross_same_variable,210,51,2,3,0210_2.jpg,0051_3.jpg,0,0.4236558973789215
cross_same_variable,210,54,2,3,0210_2.jpg,0054_3.jpg,0,0.587734043598175
cross_same_variable,210,63,2,3,0210_2.jpg,0063_3.jpg,0,0.62717604637146
cross_same_variable,210,68,2,3,0210_2.jpg,0068_3.jpg,0,0.43023088574409485
cross_same_variable,210,69,2,3,0210_2.jpg,0069_3.jpg,0,0.5828831195831299
cross_same_variable,210,73,2,3,0210_2.jpg,0073_3.jpg,0,0.4454740881919861
cross_same_variable,210,95,2,3,0210_2.jpg,0095_3.jpg,0,0.4482894241809845
cross_same_variable,210,121,2,3,0210_2.jpg,0121_3.jpg,0,0.3861912786960602
cross_same_variable,210,128,2,3,0210_2.jpg,0128_3.jpg,0,0.7841663956642151
cross_same_variable,210,129,2,3,0210_2.jpg,0129_3.jpg,0,0.6276969313621521
cross_same_variable,210,131,2,3,0210_2.jpg,0131_3.jpg,0,0.4186154007911682
cross_same_variable,210,139,2,3,0210_2.jpg,0139_3.jpg,0,0.26364198327064514
cross_same_variable,210,144,2,3,0210_2.jpg,0144_3.jpg,0,0.6229225397109985
cross_same_variable,210,145,2,3,0210_2.jpg,0145_3.jpg,0,0.5125124454498291
cross_same_variable,210,150,2,3,0210_2.jpg,0150_3.jpg,0,0.43368592858314514
cross_same_variable,210,160,2,3,0210_2.jpg,0160_3.jpg,0,0.5466175675392151
cross_same_variable,210,165,2,3,0210_2.jpg,0165_3.jpg,0,0.7346018552780151
cross_same_variable,210,166,2,3,0210_2.jpg,0166_3.jpg,0,0.6557038426399231
cross_same_variable,210,170,2,3,0210_2.jpg,0170_3.jpg,0,0.5055943131446838
cross_same_variable,210,174,2,3,0210_2.jpg,0174_3.jpg,0,0.651091456413269
cross_same_variable,210,176,2,3,0210_2.jpg,0176_3.jpg,0,0.5003190636634827
cross_same_variable,210,193,2,3,0210_2.jpg,0193_3.jpg,0,0.15656043589115143
cross_same_variable,210,202,2,3,0210_2.jpg,0202_3.jpg,0,0.2879819869995117
cross_same_variable,210,205,2,3,0210_2.jpg,0205_3.jpg,0,0.3152351975440979
cross_same_variable,210,210,2,3,0210_2.jpg,0210_3.jpg,1,0.74250328540802
cross_same_variable,210,218,2,3,0210_2.jpg,0218_3.jpg,0,0.34629642963409424
cross_same_variable,210,222,2,3,0210_2.jpg,0222_3.jpg,0,0.4603372812271118
cross_same_variable,210,238,2,3,0210_2.jpg,0238_3.jpg,0,0.4529782235622406
cross_same_variable,210,253,2,3,0210_2.jpg,0253_3.jpg,0,0.5217733383178711
cross_same_variable,210,254,2,3,0210_2.jpg,0254_3.jpg,0,0.4188377857208252
cross_same_variable,210,257,2,3,0210_2.jpg,0257_3.jpg,0,0.3534621596336365
cross_same_variable,210,258,2,3,0210_2.jpg,0258_3.jpg,0,0.6785910725593567
cross_same_variable,210,268,2,3,0210_2.jpg,0268_3.jpg,0,0.2380542904138565
cross_same_variable,210,269,2,3,0210_2.jpg,0269_3.jpg,0,0.2520922124385834
cross_same_variable,210,270,2,3,0210_2.jpg,0270_3.jpg,0,0.5384069681167603
cross_same_variable,210,277,2,3,0210_2.jpg,0277_3.jpg,0,0.7807650566101074
cross_same_variable,210,278,2,3,0210_2.jpg,0278_3.jpg,0,0.44009169936180115
cross_same_variable,218,5,2,3,0218_2.jpg,0005_3.jpg,0,0.5378814935684204
cross_same_variable,218,9,2,3,0218_2.jpg,0009_3.jpg,0,0.2916069030761719
cross_same_variable,218,10,2,3,0218_2.jpg,0010_3.jpg,0,0.4451276957988739
cross_same_variable,218,28,2,3,0218_2.jpg,0028_3.jpg,0,0.5601140856742859
cross_same_variable,218,32,2,3,0218_2.jpg,0032_3.jpg,0,0.7125608921051025
cross_same_variable,218,33,2,3,0218_2.jpg,0033_3.jpg,0,0.427762508392334
cross_same_variable,218,34,2,3,0218_2.jpg,0034_3.jpg,0,0.7484826445579529
cross_same_variable,218,44,2,3,0218_2.jpg,0044_3.jpg,0,0.6804525852203369
cross_same_variable,218,51,2,3,0218_2.jpg,0051_3.jpg,0,0.1649446040391922
cross_same_variable,218,54,2,3,0218_2.jpg,0054_3.jpg,0,0.6830020546913147
cross_same_variable,218,63,2,3,0218_2.jpg,0063_3.jpg,0,0.5608256459236145
cross_same_variable,218,68,2,3,0218_2.jpg,0068_3.jpg,0,0.7232937812805176
cross_same_variable,218,69,2,3,0218_2.jpg,0069_3.jpg,0,0.4424026608467102
cross_same_variable,218,73,2,3,0218_2.jpg,0073_3.jpg,0,0.7614843249320984
cross_same_variable,218,95,2,3,0218_2.jpg,0095_3.jpg,0,0.6912590265274048
cross_same_variable,218,121,2,3,0218_2.jpg,0121_3.jpg,0,0.7456339001655579
cross_same_variable,218,128,2,3,0218_2.jpg,0128_3.jpg,0,0.4101546108722687
cross_same_variable,218,129,2,3,0218_2.jpg,0129_3.jpg,0,0.1851627677679062
cross_same_variable,218,131,2,3,0218_2.jpg,0131_3.jpg,0,0.7931803464889526
cross_same_variable,218,139,2,3,0218_2.jpg,0139_3.jpg,0,0.23114535212516785
cross_same_variable,218,144,2,3,0218_2.jpg,0144_3.jpg,0,0.39399221539497375
cross_same_variable,218,145,2,3,0218_2.jpg,0145_3.jpg,0,0.22730718553066254
cross_same_variable,218,150,2,3,0218_2.jpg,0150_3.jpg,0,0.6874693036079407
cross_same_variable,218,160,2,3,0218_2.jpg,0160_3.jpg,0,0.5500239133834839
cross_same_variable,218,165,2,3,0218_2.jpg,0165_3.jpg,0,0.23985901474952698
cross_same_variable,218,166,2,3,0218_2.jpg,0166_3.jpg,0,0.3933374583721161
cross_same_variable,218,170,2,3,0218_2.jpg,0170_3.jpg,0,0.03547532856464386
cross_same_variable,218,174,2,3,0218_2.jpg,0174_3.jpg,0,0.1853775680065155
cross_same_variable,218,176,2,3,0218_2.jpg,0176_3.jpg,0,0.4468100070953369
cross_same_variable,218,193,2,3,0218_2.jpg,0193_3.jpg,0,0.4460042417049408
cross_same_variable,218,202,2,3,0218_2.jpg,0202_3.jpg,0,0.7926177382469177
cross_same_variable,218,205,2,3,0218_2.jpg,0205_3.jpg,0,0.34377461671829224
cross_same_variable,218,210,2,3,0218_2.jpg,0210_3.jpg,0,0.0370057038962841
cross_same_variable,218,218,2,3,0218_2.jpg,0218_3.jpg,1,0.793958842754364
cross_same_variable,218,222,2,3,0218_2.jpg,0222_3.jpg,0,0.5496979355812073
cross_same_variable,218,238,2,3,0218_2.jpg,0238_3.jpg,0,0.558691680431366
cross_same_variable,218,253,2,3,0218_2.jpg,0253_3.jpg,0,0.8272374868392944
cross_same_variable,218,254,2,3,0218_2.jpg,0254_3.jpg,0,0.07741660624742508
cross_same_variable,218,257,2,3,0218_2.jpg,0257_3.jpg,0,-0.02532357908785343
cross_same_variable,218,258,2,3,0218_2.jpg,0258_3.jpg,0,0.310451865196228
cross_same_variable,218,268,2,3,0218_2.jpg,0268_3.jpg,0,0.007228659000247717
cross_same_variable,218,269,2,3,0218_2.jpg,0269_3.jpg,0,0.4736287593841553
cross_same_variable,218,270,2,3,0218_2.jpg,0270_3.jpg,0,0.1878720223903656
cross_same_variable,218,277,2,3,0218_2.jpg,0277_3.jpg,0,0.5200787782669067
cross_same_variable,218,278,2,3,0218_2.jpg,0278_3.jpg,0,0.7223482131958008
cross_same_variable,222,5,2,3,0222_2.jpg,0005_3.jpg,0,0.43474486470222473
cross_same_variable,222,9,2,3,0222_2.jpg,0009_3.jpg,0,0.46052995324134827
cross_same_variable,222,10,2,3,0222_2.jpg,0010_3.jpg,0,0.2146887630224228
cross_same_variable,222,28,2,3,0222_2.jpg,0028_3.jpg,0,0.5390464663505554
cross_same_variable,222,32,2,3,0222_2.jpg,0032_3.jpg,0,0.7718331217765808
cross_same_variable,222,33,2,3,0222_2.jpg,0033_3.jpg,0,0.21390022337436676
cross_same_variable,222,34,2,3,0222_2.jpg,0034_3.jpg,0,0.6634513139724731
cross_same_variable,222,44,2,3,0222_2.jpg,0044_3.jpg,0,0.7834053635597229
cross_same_variable,222,51,2,3,0222_2.jpg,0051_3.jpg,0,-0.05190807953476906
cross_same_variable,222,54,2,3,0222_2.jpg,0054_3.jpg,0,0.7184739112854004
cross_same_variable,222,63,2,3,0222_2.jpg,0063_3.jpg,0,0.720862627029419
cross_same_variable,222,68,2,3,0222_2.jpg,0068_3.jpg,0,0.5095032453536987
cross_same_variable,222,69,2,3,0222_2.jpg,0069_3.jpg,0,0.3001042604446411
cross_same_variable,222,73,2,3,0222_2.jpg,0073_3.jpg,0,0.7158573865890503
cross_same_variable,222,95,2,3,0222_2.jpg,0095_3.jpg,0,0.37707599997520447
cross_same_variable,222,121,2,3,0222_2.jpg,0121_3.jpg,0,0.6768670678138733
cross_same_variable,222,128,2,3,0222_2.jpg,0128_3.jpg,0,0.5824033617973328
cross_same_variable,222,129,2,3,0222_2.jpg,0129_3.jpg,0,0.19735823571681976
cross_same_variable,222,131,2,3,0222_2.jpg,0131_3.jpg,0,0.6973675489425659
cross_same_variable,222,139,2,3,0222_2.jpg,0139_3.jpg,0,-0.08932910114526749
cross_same_variable,222,144,2,3,0222_2.jpg,0144_3.jpg,0,0.3708705008029938
cross_same_variable,222,145,2,3,0222_2.jpg,0145_3.jpg,0,0.15006794035434723
cross_same_variable,222,150,2,3,0222_2.jpg,0150_3.jpg,0,0.4433610141277313
cross_same_variable,222,160,2,3,0222_2.jpg,0160_3.jpg,0,0.6600162982940674
cross_same_variable,222,165,2,3,0222_2.jpg,0165_3.jpg,0,0.5187280178070068
cross_same_variable,222,166,2,3,0222_2.jpg,0166_3.jpg,0,0.3504001200199127
cross_same_variable,222,170,2,3,0222_2.jpg,0170_3.jpg,0,-0.004979458637535572
cross_same_variable,222,174,2,3,0222_2.jpg,0174_3.jpg,0,0.3843570947647095
cross_same_variable,222,176,2,3,0222_2.jpg,0176_3.jpg,0,0.48937201499938965
cross_same_variable,222,193,2,3,0222_2.jpg,0193_3.jpg,0,-0.0369650162756443
cross_same_variable,222,202,2,3,0222_2.jpg,0202_3.jpg,0,0.4891761839389801
cross_same_variable,222,205,2,3,0222_2.jpg,0205_3.jpg,0,0.23763693869113922
cross_same_variable,222,210,2,3,0222_2.jpg,0210_3.jpg,0,0.2774028480052948
cross_same_variable,222,218,2,3,0222_2.jpg,0218_3.jpg,0,0.5627031922340393
cross_same_variable,222,222,2,3,0222_2.jpg,0222_3.jpg,1,0.6505029797554016
cross_same_variable,222,238,2,3,0222_2.jpg,0238_3.jpg,0,0.6736671924591064
cross_same_variable,222,253,2,3,0222_2.jpg,0253_3.jpg,0,0.7731289267539978
cross_same_variable,222,254,2,3,0222_2.jpg,0254_3.jpg,0,0.14061148464679718
cross_same_variable,222,257,2,3,0222_2.jpg,0257_3.jpg,0,-0.026425881311297417
cross_same_variable,222,258,2,3,0222_2.jpg,0258_3.jpg,0,0.6283868551254272
cross_same_variable,222,268,2,3,0222_2.jpg,0268_3.jpg,0,-0.1320299655199051
cross_same_variable,222,269,2,3,0222_2.jpg,0269_3.jpg,0,0.33652380108833313
cross_same_variable,222,270,2,3,0222_2.jpg,0270_3.jpg,0,0.1441396325826645
cross_same_variable,222,277,2,3,0222_2.jpg,0277_3.jpg,0,0.6064609885215759
cross_same_variable,222,278,2,3,0222_2.jpg,0278_3.jpg,0,0.5696800947189331
cross_same_variable,238,5,2,3,0238_2.jpg,0005_3.jpg,0,0.40409547090530396
cross_same_variable,238,9,2,3,0238_2.jpg,0009_3.jpg,0,0.7184523940086365
cross_same_variable,238,10,2,3,0238_2.jpg,0010_3.jpg,0,0.33541083335876465
cross_same_variable,238,28,2,3,0238_2.jpg,0028_3.jpg,0,0.3672226667404175
cross_same_variable,238,32,2,3,0238_2.jpg,0032_3.jpg,0,0.7459011673927307
cross_same_variable,238,33,2,3,0238_2.jpg,0033_3.jpg,0,0.4044875204563141
cross_same_variable,238,34,2,3,0238_2.jpg,0034_3.jpg,0,0.625461995601654
cross_same_variable,238,44,2,3,0238_2.jpg,0044_3.jpg,0,0.5373167395591736
cross_same_variable,238,51,2,3,0238_2.jpg,0051_3.jpg,0,0.24531015753746033
cross_same_variable,238,54,2,3,0238_2.jpg,0054_3.jpg,0,0.6137720942497253
cross_same_variable,238,63,2,3,0238_2.jpg,0063_3.jpg,0,0.7720311284065247
cross_same_variable,238,68,2,3,0238_2.jpg,0068_3.jpg,0,0.45024311542510986
cross_same_variable,238,69,2,3,0238_2.jpg,0069_3.jpg,0,0.5023114085197449
cross_same_variable,238,73,2,3,0238_2.jpg,0073_3.jpg,0,0.6419900059700012
cross_same_variable,238,95,2,3,0238_2.jpg,0095_3.jpg,0,0.40607085824012756
cross_same_variable,238,121,2,3,0238_2.jpg,0121_3.jpg,0,0.4788602590560913
cross_same_variable,238,128,2,3,0238_2.jpg,0128_3.jpg,0,0.7879804968833923
cross_same_variable,238,129,2,3,0238_2.jpg,0129_3.jpg,0,0.4862816333770752
cross_same_variable,238,131,2,3,0238_2.jpg,0131_3.jpg,0,0.35239124298095703
cross_same_variable,238,139,2,3,0238_2.jpg,0139_3.jpg,0,0.1774895042181015
cross_same_variable,238,144,2,3,0238_2.jpg,0144_3.jpg,0,0.5691716074943542
cross_same_variable,238,145,2,3,0238_2.jpg,0145_3.jpg,0,0.40913721919059753
cross_same_variable,238,150,2,3,0238_2.jpg,0150_3.jpg,0,0.1563521921634674
cross_same_variable,238,160,2,3,0238_2.jpg,0160_3.jpg,0,0.7409623861312866
cross_same_variable,238,165,2,3,0238_2.jpg,0165_3.jpg,0,0.5539317727088928
cross_same_variable,238,166,2,3,0238_2.jpg,0166_3.jpg,0,0.3129901885986328
cross_same_variable,238,170,2,3,0238_2.jpg,0170_3.jpg,0,0.3533526659011841
cross_same_variable,238,174,2,3,0238_2.jpg,0174_3.jpg,0,0.6739667654037476
cross_same_variable,238,176,2,3,0238_2.jpg,0176_3.jpg,0,0.29993966221809387
cross_same_variable,238,193,2,3,0238_2.jpg,0193_3.jpg,0,-0.2376323938369751
cross_same_variable,238,202,2,3,0238_2.jpg,0202_3.jpg,0,0.4725441336631775
cross_same_variable,238,205,2,3,0238_2.jpg,0205_3.jpg,0,0.5093730688095093
cross_same_variable,238,210,2,3,0238_2.jpg,0210_3.jpg,0,0.5175448060035706
cross_same_variable,238,218,2,3,0238_2.jpg,0218_3.jpg,0,0.18515612185001373
cross_same_variable,238,222,2,3,0238_2.jpg,0222_3.jpg,0,0.6930853724479675
cross_same_variable,238,238,2,3,0238_2.jpg,0238_3.jpg,1,0.8369992971420288
cross_same_variable,238,253,2,3,0238_2.jpg,0253_3.jpg,0,0.5174072980880737
cross_same_variable,238,254,2,3,0238_2.jpg,0254_3.jpg,0,0.508964478969574
cross_same_variable,238,257,2,3,0238_2.jpg,0257_3.jpg,0,0.36922529339790344
cross_same_variable,238,258,2,3,0238_2.jpg,0258_3.jpg,0,0.7962721586227417
cross_same_variable,238,268,2,3,0238_2.jpg,0268_3.jpg,0,0.20902928709983826
cross_same_variable,238,269,2,3,0238_2.jpg,0269_3.jpg,0,0.42915207147598267
cross_same_variable,238,270,2,3,0238_2.jpg,0270_3.jpg,0,0.4258607029914856
cross_same_variable,238,277,2,3,0238_2.jpg,0277_3.jpg,0,0.7097773551940918
cross_same_variable,238,278,2,3,0238_2.jpg,0278_3.jpg,0,0.4700721204280853
cross_same_variable,253,5,2,3,0253_2.jpg,0005_3.jpg,0,0.7375748753547668
cross_same_variable,253,9,2,3,0253_2.jpg,0009_3.jpg,0,0.4725070595741272
cross_same_variable,253,10,2,3,0253_2.jpg,0010_3.jpg,0,0.3896946310997009
cross_same_variable,253,28,2,3,0253_2.jpg,0028_3.jpg,0,0.587142288684845
cross_same_variable,253,32,2,3,0253_2.jpg,0032_3.jpg,0,0.7014941573143005
cross_same_variable,253,33,2,3,0253_2.jpg,0033_3.jpg,0,0.43588048219680786
cross_same_variable,253,34,2,3,0253_2.jpg,0034_3.jpg,0,0.7438167333602905
cross_same_variable,253,44,2,3,0253_2.jpg,0044_3.jpg,0,0.8084532022476196
cross_same_variable,253,51,2,3,0253_2.jpg,0051_3.jpg,0,0.24583104252815247
cross_same_variable,253,54,2,3,0253_2.jpg,0054_3.jpg,0,0.7195688486099243
cross_same_variable,253,63,2,3,0253_2.jpg,0063_3.jpg,0,0.6036626696586609
cross_same_variable,253,68,2,3,0253_2.jpg,0068_3.jpg,0,0.71961909532547
cross_same_variable,253,69,2,3,0253_2.jpg,0069_3.jpg,0,0.5192371010780334
cross_same_variable,253,73,2,3,0253_2.jpg,0073_3.jpg,0,0.6506885290145874
cross_same_variable,253,95,2,3,0253_2.jpg,0095_3.jpg,0,0.6708942651748657
cross_same_variable,253,121,2,3,0253_2.jpg,0121_3.jpg,0,0.8504313230514526
cross_same_variable,253,128,2,3,0253_2.jpg,0128_3.jpg,0,0.5254168510437012
cross_same_variable,253,129,2,3,0253_2.jpg,0129_3.jpg,0,0.31030502915382385
cross_same_variable,253,131,2,3,0253_2.jpg,0131_3.jpg,0,0.7205103635787964
cross_same_variable,253,139,2,3,0253_2.jpg,0139_3.jpg,0,0.2698307931423187
cross_same_variable,253,144,2,3,0253_2.jpg,0144_3.jpg,0,0.46053192019462585
cross_same_variable,253,145,2,3,0253_2.jpg,0145_3.jpg,0,0.37599435448646545
cross_same_variable,253,150,2,3,0253_2.jpg,0150_3.jpg,0,0.7107415199279785
cross_same_variable,253,160,2,3,0253_2.jpg,0160_3.jpg,0,0.6130771636962891
cross_same_variable,253,165,2,3,0253_2.jpg,0165_3.jpg,0,0.34714552760124207
cross_same_variable,253,166,2,3,0253_2.jpg,0166_3.jpg,0,0.4829941987991333
cross_same_variable,253,170,2,3,0253_2.jpg,0170_3.jpg,0,0.1476992666721344
cross_same_variable,253,174,2,3,0253_2.jpg,0174_3.jpg,0,0.19939692318439484
cross_same_variable,253,176,2,3,0253_2.jpg,0176_3.jpg,0,0.39057356119155884
cross_same_variable,253,193,2,3,0253_2.jpg,0193_3.jpg,0,0.43462803959846497
cross_same_variable,253,202,2,3,0253_2.jpg,0202_3.jpg,0,0.6291075944900513
cross_same_variable,253,205,2,3,0253_2.jpg,0205_3.jpg,0,0.3772120475769043
cross_same_variable,253,210,2,3,0253_2.jpg,0210_3.jpg,0,0.15150238573551178
cross_same_variable,253,218,2,3,0253_2.jpg,0218_3.jpg,0,0.7466557621955872
cross_same_variable,253,222,2,3,0253_2.jpg,0222_3.jpg,0,0.5783097743988037
cross_same_variable,253,238,2,3,0253_2.jpg,0238_3.jpg,0,0.5479608178138733
cross_same_variable,253,253,2,3,0253_2.jpg,0253_3.jpg,1,0.9023062586784363
cross_same_variable,253,254,2,3,0253_2.jpg,0254_3.jpg,0,0.1634121686220169
cross_same_variable,253,257,2,3,0253_2.jpg,0257_3.jpg,0,0.1228218823671341
cross_same_variable,253,258,2,3,0253_2.jpg,0258_3.jpg,0,0.4377289414405823
cross_same_variable,253,268,2,3,0253_2.jpg,0268_3.jpg,0,0.09115885943174362
cross_same_variable,253,269,2,3,0253_2.jpg,0269_3.jpg,0,0.5324814915657043
cross_same_variable,253,270,2,3,0253_2.jpg,0270_3.jpg,0,0.3156321942806244
cross_same_variable,253,277,2,3,0253_2.jpg,0277_3.jpg,0,0.5615983605384827
cross_same_variable,253,278,2,3,0253_2.jpg,0278_3.jpg,0,0.7980115413665771
cross_same_variable,254,5,2,3,0254_2.jpg,0005_3.jpg,0,0.3856718838214874
cross_same_variable,254,9,2,3,0254_2.jpg,0009_3.jpg,0,0.7591823935508728
cross_same_variable,254,10,2,3,0254_2.jpg,0010_3.jpg,0,0.5427358150482178
cross_same_variable,254,28,2,3,0254_2.jpg,0028_3.jpg,0,0.04292687401175499
cross_same_variable,254,32,2,3,0254_2.jpg,0032_3.jpg,0,0.4377954602241516
cross_same_variable,254,33,2,3,0254_2.jpg,0033_3.jpg,0,0.5612847805023193
cross_same_variable,254,34,2,3,0254_2.jpg,0034_3.jpg,0,0.40302222967147827
cross_same_variable,254,44,2,3,0254_2.jpg,0044_3.jpg,0,0.11693919450044632
cross_same_variable,254,51,2,3,0254_2.jpg,0051_3.jpg,0,0.5214225053787231
cross_same_variable,254,54,2,3,0254_2.jpg,0054_3.jpg,0,0.39890608191490173
cross_same_variable,254,63,2,3,0254_2.jpg,0063_3.jpg,0,0.5105510950088501
cross_same_variable,254,68,2,3,0254_2.jpg,0068_3.jpg,0,0.3587578237056732
cross_same_variable,254,69,2,3,0254_2.jpg,0069_3.jpg,0,0.5984805822372437
cross_same_variable,254,73,2,3,0254_2.jpg,0073_3.jpg,0,0.09285753965377808
cross_same_variable,254,95,2,3,0254_2.jpg,0095_3.jpg,0,0.37035050988197327
cross_same_variable,254,121,2,3,0254_2.jpg,0121_3.jpg,0,0.188104048371315
cross_same_variable,254,128,2,3,0254_2.jpg,0128_3.jpg,0,0.7735946774482727
cross_same_variable,254,129,2,3,0254_2.jpg,0129_3.jpg,0,0.7561205625534058
cross_same_variable,254,131,2,3,0254_2.jpg,0131_3.jpg,0,-0.22076506912708282
cross_same_variable,254,139,2,3,0254_2.jpg,0139_3.jpg,0,0.4911879897117615
cross_same_variable,254,144,2,3,0254_2.jpg,0144_3.jpg,0,0.7879100441932678
cross_same_variable,254,145,2,3,0254_2.jpg,0145_3.jpg,0,0.6419218182563782
cross_same_variable,254,150,2,3,0254_2.jpg,0150_3.jpg,0,-0.32413449883461
cross_same_variable,254,160,2,3,0254_2.jpg,0160_3.jpg,0,0.6147968173027039
cross_same_variable,254,165,2,3,0254_2.jpg,0165_3.jpg,0,0.3576740622520447
cross_same_variable,254,166,2,3,0254_2.jpg,0166_3.jpg,0,0.11107082664966583
cross_same_variable,254,170,2,3,0254_2.jpg,0170_3.jpg,0,0.701126217842102
cross_same_variable,254,174,2,3,0254_2.jpg,0174_3.jpg,0,0.9085564017295837
cross_same_variable,254,176,2,3,0254_2.jpg,0176_3.jpg,0,-0.16818544268608093
cross_same_variable,254,193,2,3,0254_2.jpg,0193_3.jpg,0,-0.3203159272670746
cross_same_variable,254,202,2,3,0254_2.jpg,0202_3.jpg,0,0.2115703672170639
cross_same_variable,254,205,2,3,0254_2.jpg,0205_3.jpg,0,0.7069396376609802
cross_same_variable,254,210,2,3,0254_2.jpg,0210_3.jpg,0,0.6731953620910645
cross_same_variable,254,218,2,3,0254_2.jpg,0218_3.jpg,0,-0.31683140993118286
cross_same_variable,254,222,2,3,0254_2.jpg,0222_3.jpg,0,0.6175431609153748
cross_same_variable,254,238,2,3,0254_2.jpg,0238_3.jpg,0,0.4143158793449402
cross_same_variable,254,253,2,3,0254_2.jpg,0253_3.jpg,0,0.06898240745067596
cross_same_variable,254,254,2,3,0254_2.jpg,0254_3.jpg,1,0.9166979789733887
cross_same_variable,254,257,2,3,0254_2.jpg,0257_3.jpg,0,0.8555091023445129
cross_same_variable,254,258,2,3,0254_2.jpg,0258_3.jpg,0,0.8484014868736267
cross_same_variable,254,268,2,3,0254_2.jpg,0268_3.jpg,0,0.7195670008659363
cross_same_variable,254,269,2,3,0254_2.jpg,0269_3.jpg,0,0.5087661147117615
cross_same_variable,254,270,2,3,0254_2.jpg,0270_3.jpg,0,0.7703945636749268
cross_same_variable,254,277,2,3,0254_2.jpg,0277_3.jpg,0,0.7012149095535278
cross_same_variable,254,278,2,3,0254_2.jpg,0278_3.jpg,0,0.30636441707611084
cross_same_variable,257,5,2,3,0257_2.jpg,0005_3.jpg,0,0.5082250833511353
cross_same_variable,257,9,2,3,0257_2.jpg,0009_3.jpg,0,0.820137619972229
cross_same_variable,257,10,2,3,0257_2.jpg,0010_3.jpg,0,0.6528573036193848
cross_same_variable,257,28,2,3,0257_2.jpg,0028_3.jpg,0,0.24288472533226013
cross_same_variable,257,32,2,3,0257_2.jpg,0032_3.jpg,0,0.4475244879722595
cross_same_variable,257,33,2,3,0257_2.jpg,0033_3.jpg,0,0.6086723804473877
cross_same_variable,257,34,2,3,0257_2.jpg,0034_3.jpg,0,0.5123572945594788
cross_same_variable,257,44,2,3,0257_2.jpg,0044_3.jpg,0,0.2837100028991699
cross_same_variable,257,51,2,3,0257_2.jpg,0051_3.jpg,0,0.6525720357894897
cross_same_variable,257,54,2,3,0257_2.jpg,0054_3.jpg,0,0.5217306017875671
cross_same_variable,257,63,2,3,0257_2.jpg,0063_3.jpg,0,0.5957822799682617
cross_same_variable,257,68,2,3,0257_2.jpg,0068_3.jpg,0,0.41574954986572266
cross_same_variable,257,69,2,3,0257_2.jpg,0069_3.jpg,0,0.724764347076416
cross_same_variable,257,73,2,3,0257_2.jpg,0073_3.jpg,0,0.26644420623779297
cross_same_variable,257,95,2,3,0257_2.jpg,0095_3.jpg,0,0.49986422061920166
cross_same_variable,257,121,2,3,0257_2.jpg,0121_3.jpg,0,0.26928800344467163
cross_same_variable,257,128,2,3,0257_2.jpg,0128_3.jpg,0,0.8438360691070557
cross_same_variable,257,129,2,3,0257_2.jpg,0129_3.jpg,0,0.8732172250747681
cross_same_variable,257,131,2,3,0257_2.jpg,0131_3.jpg,0,-0.003861009143292904
cross_same_variable,257,139,2,3,0257_2.jpg,0139_3.jpg,0,0.6089398860931396
cross_same_variable,257,144,2,3,0257_2.jpg,0144_3.jpg,0,0.8217493295669556
cross_same_variable,257,145,2,3,0257_2.jpg,0145_3.jpg,0,0.7580525875091553
cross_same_variable,257,150,2,3,0257_2.jpg,0150_3.jpg,0,-0.08580087870359421
cross_same_variable,257,160,2,3,0257_2.jpg,0160_3.jpg,0,0.6509661674499512
cross_same_variable,257,165,2,3,0257_2.jpg,0165_3.jpg,0,0.48254314064979553
cross_same_variable,257,166,2,3,0257_2.jpg,0166_3.jpg,0,0.37807488441467285
cross_same_variable,257,170,2,3,0257_2.jpg,0170_3.jpg,0,0.7741855978965759
cross_same_variable,257,174,2,3,0257_2.jpg,0174_3.jpg,0,0.8714203238487244
cross_same_variable,257,176,2,3,0257_2.jpg,0176_3.jpg,0,0.02426825277507305
cross_same_variable,257,193,2,3,0257_2.jpg,0193_3.jpg,0,-0.09009131044149399
cross_same_variable,257,202,2,3,0257_2.jpg,0202_3.jpg,0,0.29148411750793457
cross_same_variable,257,205,2,3,0257_2.jpg,0205_3.jpg,0,0.7208549380302429
cross_same_variable,257,210,2,3,0257_2.jpg,0210_3.jpg,0,0.7416545152664185
cross_same_variable,257,218,2,3,0257_2.jpg,0218_3.jpg,0,-0.14253263175487518
cross_same_variable,257,222,2,3,0257_2.jpg,0222_3.jpg,0,0.5388184785842896
cross_same_variable,257,238,2,3,0257_2.jpg,0238_3.jpg,0,0.37977826595306396
cross_same_variable,257,253,2,3,0257_2.jpg,0253_3.jpg,0,0.19695569574832916
cross_same_variable,257,254,2,3,0257_2.jpg,0254_3.jpg,0,0.8719319105148315
cross_same_variable,257,257,2,3,0257_2.jpg,0257_3.jpg,1,0.8362411260604858
cross_same_variable,257,258,2,3,0257_2.jpg,0258_3.jpg,0,0.7329511642456055
cross_same_variable,257,268,2,3,0257_2.jpg,0268_3.jpg,0,0.762553870677948
cross_same_variable,257,269,2,3,0257_2.jpg,0269_3.jpg,0,0.4983925521373749
cross_same_variable,257,270,2,3,0257_2.jpg,0270_3.jpg,0,0.869553804397583
cross_same_variable,257,277,2,3,0257_2.jpg,0277_3.jpg,0,0.757137656211853
cross_same_variable,257,278,2,3,0257_2.jpg,0278_3.jpg,0,0.41634613275527954
cross_same_variable,258,5,2,3,0258_2.jpg,0005_3.jpg,0,0.46456506848335266
cross_same_variable,258,9,2,3,0258_2.jpg,0009_3.jpg,0,0.6318677663803101
cross_same_variable,258,10,2,3,0258_2.jpg,0010_3.jpg,0,0.49391013383865356
cross_same_variable,258,28,2,3,0258_2.jpg,0028_3.jpg,0,0.09128711372613907
cross_same_variable,258,32,2,3,0258_2.jpg,0032_3.jpg,0,0.8112777471542358
cross_same_variable,258,33,2,3,0258_2.jpg,0033_3.jpg,0,0.7047926783561707
cross_same_variable,258,34,2,3,0258_2.jpg,0034_3.jpg,0,0.7194665670394897
cross_same_variable,258,44,2,3,0258_2.jpg,0044_3.jpg,0,0.42244547605514526
cross_same_variable,258,51,2,3,0258_2.jpg,0051_3.jpg,0,0.25901496410369873
cross_same_variable,258,54,2,3,0258_2.jpg,0054_3.jpg,0,0.6627397537231445
cross_same_variable,258,63,2,3,0258_2.jpg,0063_3.jpg,0,0.7147445678710938
cross_same_variable,258,68,2,3,0258_2.jpg,0068_3.jpg,0,0.650384783744812
cross_same_variable,258,69,2,3,0258_2.jpg,0069_3.jpg,0,0.6076737642288208
cross_same_variable,258,73,2,3,0258_2.jpg,0073_3.jpg,0,0.3824063241481781
cross_same_variable,258,95,2,3,0258_2.jpg,0095_3.jpg,0,0.5735629796981812
cross_same_variable,258,121,2,3,0258_2.jpg,0121_3.jpg,0,0.5538038015365601
cross_same_variable,258,128,2,3,0258_2.jpg,0128_3.jpg,0,0.7261940240859985
cross_same_variable,258,129,2,3,0258_2.jpg,0129_3.jpg,0,0.5641956925392151
cross_same_variable,258,131,2,3,0258_2.jpg,0131_3.jpg,0,0.14150011539459229
cross_same_variable,258,139,2,3,0258_2.jpg,0139_3.jpg,0,0.37698104977607727
cross_same_variable,258,144,2,3,0258_2.jpg,0144_3.jpg,0,0.7715127468109131
cross_same_variable,258,145,2,3,0258_2.jpg,0145_3.jpg,0,0.4725150763988495
cross_same_variable,258,150,2,3,0258_2.jpg,0150_3.jpg,0,-0.12673945724964142
cross_same_variable,258,160,2,3,0258_2.jpg,0160_3.jpg,0,0.8364282250404358
cross_same_variable,258,165,2,3,0258_2.jpg,0165_3.jpg,0,0.2393554151058197
cross_same_variable,258,166,2,3,0258_2.jpg,0166_3.jpg,0,0.04132888466119766
cross_same_variable,258,170,2,3,0258_2.jpg,0170_3.jpg,0,0.42457956075668335
cross_same_variable,258,174,2,3,0258_2.jpg,0174_3.jpg,0,0.7781859636306763
cross_same_variable,258,176,2,3,0258_2.jpg,0176_3.jpg,0,-0.07665754854679108
cross_same_variable,258,193,2,3,0258_2.jpg,0193_3.jpg,0,-0.2692449390888214
cross_same_variable,258,202,2,3,0258_2.jpg,0202_3.jpg,0,0.5809670686721802
cross_same_variable,258,205,2,3,0258_2.jpg,0205_3.jpg,0,0.8063920140266418
cross_same_variable,258,210,2,3,0258_2.jpg,0210_3.jpg,0,0.4109300673007965
cross_same_variable,258,218,2,3,0258_2.jpg,0218_3.jpg,0,0.029973993077874184
cross_same_variable,258,222,2,3,0258_2.jpg,0222_3.jpg,0,0.8759920597076416
cross_same_variable,258,238,2,3,0258_2.jpg,0238_3.jpg,0,0.614284336566925
cross_same_variable,258,253,2,3,0258_2.jpg,0253_3.jpg,0,0.4582812786102295
cross_same_variable,258,254,2,3,0258_2.jpg,0254_3.jpg,0,0.7855282425880432
cross_same_variable,258,257,2,3,0258_2.jpg,0257_3.jpg,0,0.6554338932037354
cross_same_variable,258,258,2,3,0258_2.jpg,0258_3.jpg,1,0.9334818720817566
cross_same_variable,258,268,2,3,0258_2.jpg,0268_3.jpg,0,0.557529091835022
cross_same_variable,258,269,2,3,0258_2.jpg,0269_3.jpg,0,0.7655344605445862
cross_same_variable,258,270,2,3,0258_2.jpg,0270_3.jpg,0,0.6099132895469666
cross_same_variable,258,277,2,3,0258_2.jpg,0277_3.jpg,0,0.7259153723716736
cross_same_variable,258,278,2,3,0258_2.jpg,0278_3.jpg,0,0.6203300356864929
cross_same_variable,268,5,2,3,0268_2.jpg,0005_3.jpg,0,0.49623361229896545
cross_same_variable,268,9,2,3,0268_2.jpg,0009_3.jpg,0,0.5877018570899963
cross_same_variable,268,10,2,3,0268_2.jpg,0010_3.jpg,0,0.6852685213088989
cross_same_variable,268,28,2,3,0268_2.jpg,0028_3.jpg,0,0.011722556315362453
cross_same_variable,268,32,2,3,0268_2.jpg,0032_3.jpg,0,0.22745740413665771
cross_same_variable,268,33,2,3,0268_2.jpg,0033_3.jpg,0,0.7462306618690491
cross_same_variable,268,34,2,3,0268_2.jpg,0034_3.jpg,0,0.2957322299480438
cross_same_variable,268,44,2,3,0268_2.jpg,0044_3.jpg,0,-0.02415786124765873
cross_same_variable,268,51,2,3,0268_2.jpg,0051_3.jpg,0,0.7831646800041199
cross_same_variable,268,54,2,3,0268_2.jpg,0054_3.jpg,0,0.3088397979736328
cross_same_variable,268,63,2,3,0268_2.jpg,0063_3.jpg,0,0.27816930413246155
cross_same_variable,268,68,2,3,0268_2.jpg,0068_3.jpg,0,0.3789501190185547
cross_same_variable,268,69,2,3,0268_2.jpg,0069_3.jpg,0,0.6453170776367188
cross_same_variable,268,73,2,3,0268_2.jpg,0073_3.jpg,0,-0.03270992636680603
cross_same_variable,268,95,2,3,0268_2.jpg,0095_3.jpg,0,0.5631478428840637
cross_same_variable,268,121,2,3,0268_2.jpg,0121_3.jpg,0,0.16200587153434753
cross_same_variable,268,128,2,3,0268_2.jpg,0128_3.jpg,0,0.5459888577461243
cross_same_variable,268,129,2,3,0268_2.jpg,0129_3.jpg,0,0.7267751097679138
cross_same_variable,268,131,2,3,0268_2.jpg,0131_3.jpg,0,-0.2642100155353546
cross_same_variable,268,139,2,3,0268_2.jpg,0139_3.jpg,0,0.8491954803466797
cross_same_variable,268,144,2,3,0268_2.jpg,0144_3.jpg,0,0.76703280210495
cross_same_variable,268,145,2,3,0268_2.jpg,0145_3.jpg,0,0.7965226173400879
cross_same_variable,268,150,2,3,0268_2.jpg,0150_3.jpg,0,-0.16591328382492065
cross_same_variable,268,160,2,3,0268_2.jpg,0160_3.jpg,0,0.41620171070098877
cross_same_variable,268,165,2,3,0268_2.jpg,0165_3.jpg,0,0.038434647023677826
cross_same_variable,268,166,2,3,0268_2.jpg,0166_3.jpg,0,0.19624856114387512
cross_same_variable,268,170,2,3,0268_2.jpg,0170_3.jpg,0,0.8223188519477844
cross_same_variable,268,174,2,3,0268_2.jpg,0174_3.jpg,0,0.5856781005859375
cross_same_variable,268,176,2,3,0268_2.jpg,0176_3.jpg,0,-0.24239306151866913
cross_same_variable,268,193,2,3,0268_2.jpg,0193_3.jpg,0,0.15839000046253204
cross_same_variable,268,202,2,3,0268_2.jpg,0202_3.jpg,0,0.29938700795173645
cross_same_variable,268,205,2,3,0268_2.jpg,0205_3.jpg,0,0.7785951495170593
cross_same_variable,268,210,2,3,0268_2.jpg,0210_3.jpg,0,0.46610406041145325
cross_same_variable,268,218,2,3,0268_2.jpg,0218_3.jpg,0,-0.18141405284404755
cross_same_variable,268,222,2,3,0268_2.jpg,0222_3.jpg,0,0.3939647674560547
cross_same_variable,268,238,2,3,0268_2.jpg,0238_3.jpg,0,0.15222035348415375
cross_same_variable,268,253,2,3,0268_2.jpg,0253_3.jpg,0,0.06959052383899689
cross_same_variable,268,254,2,3,0268_2.jpg,0254_3.jpg,0,0.8320329189300537
cross_same_variable,268,257,2,3,0268_2.jpg,0257_3.jpg,0,0.8994664549827576
cross_same_variable,268,258,2,3,0268_2.jpg,0258_3.jpg,0,0.45058679580688477
cross_same_variable,268,268,2,3,0268_2.jpg,0268_3.jpg,1,0.9408615231513977
cross_same_variable,268,269,2,3,0268_2.jpg,0269_3.jpg,0,0.6000886559486389
cross_same_variable,268,270,2,3,0268_2.jpg,0270_3.jpg,0,0.8419265747070312
cross_same_variable,268,277,2,3,0268_2.jpg,0277_3.jpg,0,0.5356729626655579
cross_same_variable,268,278,2,3,0268_2.jpg,0278_3.jpg,0,0.4362066090106964
cross_same_variable,269,5,2,3,0269_2.jpg,0005_3.jpg,0,0.6381122469902039
cross_same_variable,269,9,2,3,0269_2.jpg,0009_3.jpg,0,0.6919282674789429
cross_same_variable,269,10,2,3,0269_2.jpg,0010_3.jpg,0,0.5201966166496277
cross_same_variable,269,28,2,3,0269_2.jpg,0028_3.jpg,0,0.5938271284103394
cross_same_variable,269,32,2,3,0269_2.jpg,0032_3.jpg,0,0.7828449010848999
cross_same_variable,269,33,2,3,0269_2.jpg,0033_3.jpg,0,0.4434886872768402
cross_same_variable,269,34,2,3,0269_2.jpg,0034_3.jpg,0,0.729954183101654
cross_same_variable,269,44,2,3,0269_2.jpg,0044_3.jpg,0,0.7651423215866089
cross_same_variable,269,51,2,3,0269_2.jpg,0051_3.jpg,0,0.2871643602848053
cross_same_variable,269,54,2,3,0269_2.jpg,0054_3.jpg,0,0.8076385259628296
cross_same_variable,269,63,2,3,0269_2.jpg,0063_3.jpg,0,0.8064072132110596
cross_same_variable,269,68,2,3,0269_2.jpg,0068_3.jpg,0,0.6401838660240173
cross_same_variable,269,69,2,3,0269_2.jpg,0069_3.jpg,0,0.5553568601608276
cross_same_variable,269,73,2,3,0269_2.jpg,0073_3.jpg,0,0.7170097231864929
cross_same_variable,269,95,2,3,0269_2.jpg,0095_3.jpg,0,0.5834634900093079
cross_same_variable,269,121,2,3,0269_2.jpg,0121_3.jpg,0,0.668613612651825
cross_same_variable,269,128,2,3,0269_2.jpg,0128_3.jpg,0,0.7847364544868469
cross_same_variable,269,129,2,3,0269_2.jpg,0129_3.jpg,0,0.5074774622917175
cross_same_variable,269,131,2,3,0269_2.jpg,0131_3.jpg,0,0.6148490905761719
cross_same_variable,269,139,2,3,0269_2.jpg,0139_3.jpg,0,0.25864163041114807
cross_same_variable,269,144,2,3,0269_2.jpg,0144_3.jpg,0,0.6539477705955505
cross_same_variable,269,145,2,3,0269_2.jpg,0145_3.jpg,0,0.45915794372558594
cross_same_variable,269,150,2,3,0269_2.jpg,0150_3.jpg,0,0.4378542900085449
cross_same_variable,269,160,2,3,0269_2.jpg,0160_3.jpg,0,0.7567502856254578
cross_same_variable,269,165,2,3,0269_2.jpg,0165_3.jpg,0,0.5665245652198792
cross_same_variable,269,166,2,3,0269_2.jpg,0166_3.jpg,0,0.4793022871017456
cross_same_variable,269,170,2,3,0269_2.jpg,0170_3.jpg,0,0.3471839725971222
cross_same_variable,269,174,2,3,0269_2.jpg,0174_3.jpg,0,0.6321693062782288
cross_same_variable,269,176,2,3,0269_2.jpg,0176_3.jpg,0,0.48412561416625977
cross_same_variable,269,193,2,3,0269_2.jpg,0193_3.jpg,0,0.12057480216026306
cross_same_variable,269,202,2,3,0269_2.jpg,0202_3.jpg,0,0.5382119417190552
cross_same_variable,269,205,2,3,0269_2.jpg,0205_3.jpg,0,0.48821955919265747
cross_same_variable,269,210,2,3,0269_2.jpg,0210_3.jpg,0,0.5020139217376709
cross_same_variable,269,218,2,3,0269_2.jpg,0218_3.jpg,0,0.5122174024581909
cross_same_variable,269,222,2,3,0269_2.jpg,0222_3.jpg,0,0.7045271992683411
cross_same_variable,269,238,2,3,0269_2.jpg,0238_3.jpg,0,0.6182369589805603
cross_same_variable,269,253,2,3,0269_2.jpg,0253_3.jpg,0,0.755644679069519
cross_same_variable,269,254,2,3,0269_2.jpg,0254_3.jpg,0,0.442688524723053
cross_same_variable,269,257,2,3,0269_2.jpg,0257_3.jpg,0,0.307768315076828
cross_same_variable,269,258,2,3,0269_2.jpg,0258_3.jpg,0,0.752159833908081
cross_same_variable,269,268,2,3,0269_2.jpg,0268_3.jpg,0,0.2105368673801422
cross_same_variable,269,269,2,3,0269_2.jpg,0269_3.jpg,1,0.5056740045547485
cross_same_variable,269,270,2,3,0269_2.jpg,0270_3.jpg,0,0.49506115913391113
cross_same_variable,269,277,2,3,0269_2.jpg,0277_3.jpg,0,0.8156176805496216
cross_same_variable,269,278,2,3,0269_2.jpg,0278_3.jpg,0,0.6863630414009094
cross_same_variable,270,5,2,3,0270_2.jpg,0005_3.jpg,0,0.5092828273773193
cross_same_variable,270,9,2,3,0270_2.jpg,0009_3.jpg,0,0.6553465127944946
cross_same_variable,270,10,2,3,0270_2.jpg,0010_3.jpg,0,0.625343918800354
cross_same_variable,270,28,2,3,0270_2.jpg,0028_3.jpg,0,0.24976734817028046
cross_same_variable,270,32,2,3,0270_2.jpg,0032_3.jpg,0,0.027557265013456345
cross_same_variable,270,33,2,3,0270_2.jpg,0033_3.jpg,0,0.4838312268257141
cross_same_variable,270,34,2,3,0270_2.jpg,0034_3.jpg,0,0.12503062188625336
cross_same_variable,270,44,2,3,0270_2.jpg,0044_3.jpg,0,0.006130398251116276
cross_same_variable,270,51,2,3,0270_2.jpg,0051_3.jpg,0,0.8996432423591614
cross_same_variable,270,54,2,3,0270_2.jpg,0054_3.jpg,0,0.2002696692943573
cross_same_variable,270,63,2,3,0270_2.jpg,0063_3.jpg,0,0.21192792057991028
cross_same_variable,270,68,2,3,0270_2.jpg,0068_3.jpg,0,0.2714475691318512
cross_same_variable,270,69,2,3,0270_2.jpg,0069_3.jpg,0,0.6310631036758423
cross_same_variable,270,73,2,3,0270_2.jpg,0073_3.jpg,0,0.014771455898880959
cross_same_variable,270,95,2,3,0270_2.jpg,0095_3.jpg,0,0.4591480493545532
cross_same_variable,270,121,2,3,0270_2.jpg,0121_3.jpg,0,-0.011375600472092628
cross_same_variable,270,128,2,3,0270_2.jpg,0128_3.jpg,0,0.5297687649726868
cross_same_variable,270,129,2,3,0270_2.jpg,0129_3.jpg,0,0.786007285118103
cross_same_variable,270,131,2,3,0270_2.jpg,0131_3.jpg,0,-0.19013400375843048
cross_same_variable,270,139,2,3,0270_2.jpg,0139_3.jpg,0,0.830685019493103
cross_same_variable,270,144,2,3,0270_2.jpg,0144_3.jpg,0,0.656680166721344
cross_same_variable,270,145,2,3,0270_2.jpg,0145_3.jpg,0,0.8489463329315186
cross_same_variable,270,150,2,3,0270_2.jpg,0150_3.jpg,0,0.11399803310632706
cross_same_variable,270,160,2,3,0270_2.jpg,0160_3.jpg,0,0.21178112924098969
cross_same_variable,270,165,2,3,0270_2.jpg,0165_3.jpg,0,0.27949050068855286
cross_same_variable,270,166,2,3,0270_2.jpg,0166_3.jpg,0,0.5053741931915283
cross_same_variable,270,170,2,3,0270_2.jpg,0170_3.jpg,0,0.9085675477981567
cross_same_variable,270,174,2,3,0270_2.jpg,0174_3.jpg,0,0.5023926496505737
cross_same_variable,270,176,2,3,0270_2.jpg,0176_3.jpg,0,0.04923925921320915
cross_same_variable,270,193,2,3,0270_2.jpg,0193_3.jpg,0,0.3789343535900116
cross_same_variable,270,202,2,3,0270_2.jpg,0202_3.jpg,0,0.1462102085351944
cross_same_variable,270,205,2,3,0270_2.jpg,0205_3.jpg,0,0.566161572933197
cross_same_variable,270,210,2,3,0270_2.jpg,0210_3.jpg,0,0.645144522190094
cross_same_variable,270,218,2,3,0270_2.jpg,0218_3.jpg,0,-0.08297163248062134
cross_same_variable,270,222,2,3,0270_2.jpg,0222_3.jpg,0,0.10430482774972916
cross_same_variable,270,238,2,3,0270_2.jpg,0238_3.jpg,0,0.05674359202384949
cross_same_variable,270,253,2,3,0270_2.jpg,0253_3.jpg,0,0.006445934996008873
cross_same_variable,270,254,2,3,0270_2.jpg,0254_3.jpg,0,0.6508760452270508
cross_same_variable,270,257,2,3,0270_2.jpg,0257_3.jpg,0,0.7451667189598083
cross_same_variable,270,258,2,3,0270_2.jpg,0258_3.jpg,0,0.2820328176021576
cross_same_variable,270,268,2,3,0270_2.jpg,0268_3.jpg,0,0.7892671823501587
cross_same_variable,270,269,2,3,0270_2.jpg,0269_3.jpg,0,0.3336297869682312
cross_same_variable,270,270,2,3,0270_2.jpg,0270_3.jpg,1,0.8320508003234863
cross_same_variable,270,277,2,3,0270_2.jpg,0277_3.jpg,0,0.4967121481895447
cross_same_variable,270,278,2,3,0270_2.jpg,0278_3.jpg,0,0.2813129127025604
cross_same_variable,277,5,2,3,0277_2.jpg,0005_3.jpg,0,0.6427179574966431
cross_same_variable,277,9,2,3,0277_2.jpg,0009_3.jpg,0,0.8194925785064697
cross_same_variable,277,10,2,3,0277_2.jpg,0010_3.jpg,0,0.6016893982887268
cross_same_variable,277,28,2,3,0277_2.jpg,0028_3.jpg,0,0.4791167676448822
cross_same_variable,277,32,2,3,0277_2.jpg,0032_3.jpg,0,0.665149986743927
cross_same_variable,277,33,2,3,0277_2.jpg,0033_3.jpg,0,0.5090420842170715
cross_same_variable,277,34,2,3,0277_2.jpg,0034_3.jpg,0,0.5855385065078735
cross_same_variable,277,44,2,3,0277_2.jpg,0044_3.jpg,0,0.5247846841812134
cross_same_variable,277,51,2,3,0277_2.jpg,0051_3.jpg,0,0.5112525224685669
cross_same_variable,277,54,2,3,0277_2.jpg,0054_3.jpg,0,0.67713862657547
cross_same_variable,277,63,2,3,0277_2.jpg,0063_3.jpg,0,0.7294011116027832
cross_same_variable,277,68,2,3,0277_2.jpg,0068_3.jpg,0,0.6184667944908142
cross_same_variable,277,69,2,3,0277_2.jpg,0069_3.jpg,0,0.6243140697479248
cross_same_variable,277,73,2,3,0277_2.jpg,0073_3.jpg,0,0.5222237706184387
cross_same_variable,277,95,2,3,0277_2.jpg,0095_3.jpg,0,0.5679324269294739
cross_same_variable,277,121,2,3,0277_2.jpg,0121_3.jpg,0,0.44550204277038574
cross_same_variable,277,128,2,3,0277_2.jpg,0128_3.jpg,0,0.869052529335022
cross_same_variable,277,129,2,3,0277_2.jpg,0129_3.jpg,0,0.6957989931106567
cross_same_variable,277,131,2,3,0277_2.jpg,0131_3.jpg,0,0.2790880501270294
cross_same_variable,277,139,2,3,0277_2.jpg,0139_3.jpg,0,0.452306866645813
cross_same_variable,277,144,2,3,0277_2.jpg,0144_3.jpg,0,0.7791736125946045
cross_same_variable,277,145,2,3,0277_2.jpg,0145_3.jpg,0,0.6581595540046692
cross_same_variable,277,150,2,3,0277_2.jpg,0150_3.jpg,0,0.2335258573293686
cross_same_variable,277,160,2,3,0277_2.jpg,0160_3.jpg,0,0.7429966330528259
cross_same_variable,277,165,2,3,0277_2.jpg,0165_3.jpg,0,0.6041195392608643
cross_same_variable,277,166,2,3,0277_2.jpg,0166_3.jpg,0,0.4780389070510864
cross_same_variable,277,170,2,3,0277_2.jpg,0170_3.jpg,0,0.6217361092567444
cross_same_variable,277,174,2,3,0277_2.jpg,0174_3.jpg,0,0.7607762813568115
cross_same_variable,277,176,2,3,0277_2.jpg,0176_3.jpg,0,0.3347008526325226
cross_same_variable,277,193,2,3,0277_2.jpg,0193_3.jpg,0,0.040912505239248276
cross_same_variable,277,202,2,3,0277_2.jpg,0202_3.jpg,0,0.45366764068603516
cross_same_variable,277,205,2,3,0277_2.jpg,0205_3.jpg,0,0.6309995055198669
cross_same_variable,277,210,2,3,0277_2.jpg,0210_3.jpg,0,0.6911177635192871
cross_same_variable,277,218,2,3,0277_2.jpg,0218_3.jpg,0,0.24377663433551788
cross_same_variable,277,222,2,3,0277_2.jpg,0222_3.jpg,0,0.655213475227356
cross_same_variable,277,238,2,3,0277_2.jpg,0238_3.jpg,0,0.5882521867752075
cross_same_variable,277,253,2,3,0277_2.jpg,0253_3.jpg,0,0.5415043830871582
cross_same_variable,277,254,2,3,0277_2.jpg,0254_3.jpg,0,0.6760559678077698
cross_same_variable,277,257,2,3,0277_2.jpg,0257_3.jpg,0,0.5541261434555054
cross_same_variable,277,258,2,3,0277_2.jpg,0258_3.jpg,0,0.8096365332603455
cross_same_variable,277,268,2,3,0277_2.jpg,0268_3.jpg,0,0.494874507188797
cross_same_variable,277,269,2,3,0277_2.jpg,0269_3.jpg,0,0.502668559551239
cross_same_variable,277,270,2,3,0277_2.jpg,0270_3.jpg,0,0.7057881355285645
cross_same_variable,277,277,2,3,0277_2.jpg,0277_3.jpg,1,0.8625571131706238
cross_same_variable,277,278,2,3,0277_2.jpg,0278_3.jpg,0,0.5843374729156494
cross_same_variable,278,5,2,3,0278_2.jpg,0005_3.jpg,0,0.7292655110359192
cross_same_variable,278,9,2,3,0278_2.jpg,0009_3.jpg,0,0.7825102806091309
cross_same_variable,278,10,2,3,0278_2.jpg,0010_3.jpg,0,0.7407931685447693
cross_same_variable,278,28,2,3,0278_2.jpg,0028_3.jpg,0,0.5914174914360046
cross_same_variable,278,32,2,3,0278_2.jpg,0032_3.jpg,0,0.7344567775726318
cross_same_variable,278,33,2,3,0278_2.jpg,0033_3.jpg,0,0.6381948590278625
cross_same_variable,278,34,2,3,0278_2.jpg,0034_3.jpg,0,0.7714626789093018
cross_same_variable,278,44,2,3,0278_2.jpg,0044_3.jpg,0,0.644607663154602
cross_same_variable,278,51,2,3,0278_2.jpg,0051_3.jpg,0,0.5670477151870728
cross_same_variable,278,54,2,3,0278_2.jpg,0054_3.jpg,0,0.7613666653633118
cross_same_variable,278,63,2,3,0278_2.jpg,0063_3.jpg,0,0.7453940510749817
cross_same_variable,278,68,2,3,0278_2.jpg,0068_3.jpg,0,0.6889085173606873
cross_same_variable,278,69,2,3,0278_2.jpg,0069_3.jpg,0,0.7701744437217712
cross_same_variable,278,73,2,3,0278_2.jpg,0073_3.jpg,0,0.566639244556427
cross_same_variable,278,95,2,3,0278_2.jpg,0095_3.jpg,0,0.7215821743011475
cross_same_variable,278,121,2,3,0278_2.jpg,0121_3.jpg,0,0.6400524377822876
cross_same_variable,278,128,2,3,0278_2.jpg,0128_3.jpg,0,0.8724342584609985
cross_same_variable,278,129,2,3,0278_2.jpg,0129_3.jpg,0,0.7202104926109314
cross_same_variable,278,131,2,3,0278_2.jpg,0131_3.jpg,0,0.46326112747192383
cross_same_variable,278,139,2,3,0278_2.jpg,0139_3.jpg,0,0.5435795783996582
cross_same_variable,278,144,2,3,0278_2.jpg,0144_3.jpg,0,0.8348330855369568
cross_same_variable,278,145,2,3,0278_2.jpg,0145_3.jpg,0,0.6763695478439331
cross_same_variable,278,150,2,3,0278_2.jpg,0150_3.jpg,0,0.3763030171394348
cross_same_variable,278,160,2,3,0278_2.jpg,0160_3.jpg,0,0.7636927962303162
cross_same_variable,278,165,2,3,0278_2.jpg,0165_3.jpg,0,0.5333279371261597
cross_same_variable,278,166,2,3,0278_2.jpg,0166_3.jpg,0,0.5315732955932617
cross_same_variable,278,170,2,3,0278_2.jpg,0170_3.jpg,0,0.5960414409637451
cross_same_variable,278,174,2,3,0278_2.jpg,0174_3.jpg,0,0.7482377886772156
cross_same_variable,278,176,2,3,0278_2.jpg,0176_3.jpg,0,0.32259517908096313
cross_same_variable,278,193,2,3,0278_2.jpg,0193_3.jpg,0,0.24316532909870148
cross_same_variable,278,202,2,3,0278_2.jpg,0202_3.jpg,0,0.610634446144104
cross_same_variable,278,205,2,3,0278_2.jpg,0205_3.jpg,0,0.6550297141075134
cross_same_variable,278,210,2,3,0278_2.jpg,0210_3.jpg,0,0.5938231348991394
cross_same_variable,278,218,2,3,0278_2.jpg,0218_3.jpg,0,0.42085108160972595
cross_same_variable,278,222,2,3,0278_2.jpg,0222_3.jpg,0,0.724175214767456
cross_same_variable,278,238,2,3,0278_2.jpg,0238_3.jpg,0,0.5467238426208496
cross_same_variable,278,253,2,3,0278_2.jpg,0253_3.jpg,0,0.6586927175521851
cross_same_variable,278,254,2,3,0278_2.jpg,0254_3.jpg,0,0.6295542120933533
cross_same_variable,278,257,2,3,0278_2.jpg,0257_3.jpg,0,0.5552278161048889
cross_same_variable,278,258,2,3,0278_2.jpg,0258_3.jpg,0,0.7646064758300781
cross_same_variable,278,268,2,3,0278_2.jpg,0268_3.jpg,0,0.49752265214920044
cross_same_variable,278,269,2,3,0278_2.jpg,0269_3.jpg,0,0.612908661365509
cross_same_variable,278,270,2,3,0278_2.jpg,0270_3.jpg,0,0.7148894667625427
cross_same_variable,278,277,2,3,0278_2.jpg,0277_3.jpg,0,0.888655960559845
cross_same_variable,278,278,2,3,0278_2.jpg,0278_3.jpg,1,0.7426458597183228
cross_same_same,5,5,2,4,0005_2.jpg,0005_4.jpg,1,0.5309990644454956
cross_same_same,5,9,2,4,0005_2.jpg,0009_4.jpg,0,0.3532733619213104
cross_same_same,5,10,2,4,0005_2.jpg,0010_4.jpg,0,0.513757586479187
cross_same_same,5,28,2,4,0005_2.jpg,0028_4.jpg,0,0.4340015947818756
cross_same_same,5,32,2,4,0005_2.jpg,0032_4.jpg,0,0.5562454462051392
cross_same_same,5,33,2,4,0005_2.jpg,0033_4.jpg,0,0.3393416702747345
cross_same_same,5,34,2,4,0005_2.jpg,0034_4.jpg,0,0.4753696918487549
cross_same_same,5,44,2,4,0005_2.jpg,0044_4.jpg,0,0.6139052510261536
cross_same_same,5,51,2,4,0005_2.jpg,0051_4.jpg,0,0.42626646161079407
cross_same_same,5,54,2,4,0005_2.jpg,0054_4.jpg,0,0.6773354411125183
cross_same_same,5,63,2,4,0005_2.jpg,0063_4.jpg,0,0.3042828440666199
cross_same_same,5,68,2,4,0005_2.jpg,0068_4.jpg,0,0.6528708934783936
cross_same_same,5,69,2,4,0005_2.jpg,0069_4.jpg,0,0.41622287034988403
cross_same_same,5,73,2,4,0005_2.jpg,0073_4.jpg,0,0.3623332977294922
cross_same_same,5,95,2,4,0005_2.jpg,0095_4.jpg,0,0.8097274303436279
cross_same_same,5,121,2,4,0005_2.jpg,0121_4.jpg,0,0.7882747650146484
cross_same_same,5,128,2,4,0005_2.jpg,0128_4.jpg,0,0.3366173207759857
cross_same_same,5,129,2,4,0005_2.jpg,0129_4.jpg,0,0.13417750597000122
cross_same_same,5,131,2,4,0005_2.jpg,0131_4.jpg,0,0.4504067003726959
cross_same_same,5,139,2,4,0005_2.jpg,0139_4.jpg,0,0.4456135034561157
cross_same_same,5,144,2,4,0005_2.jpg,0144_4.jpg,0,0.6058951020240784
cross_same_same,5,145,2,4,0005_2.jpg,0145_4.jpg,0,0.38946259021759033
cross_same_same,5,150,2,4,0005_2.jpg,0150_4.jpg,0,0.5009602904319763
cross_same_same,5,160,2,4,0005_2.jpg,0160_4.jpg,0,0.20287275314331055
cross_same_same,5,165,2,4,0005_2.jpg,0165_4.jpg,0,0.08257924020290375
cross_same_same,5,166,2,4,0005_2.jpg,0166_4.jpg,0,0.3384445011615753
cross_same_same,5,170,2,4,0005_2.jpg,0170_4.jpg,0,0.1165536642074585
cross_same_same,5,174,2,4,0005_2.jpg,0174_4.jpg,0,0.1281786412000656
cross_same_same,5,176,2,4,0005_2.jpg,0176_4.jpg,0,0.3726014196872711
cross_same_same,5,193,2,4,0005_2.jpg,0193_4.jpg,0,0.45738038420677185
cross_same_same,5,202,2,4,0005_2.jpg,0202_4.jpg,0,0.6589952111244202
cross_same_same,5,205,2,4,0005_2.jpg,0205_4.jpg,0,0.3420923948287964
cross_same_same,5,210,2,4,0005_2.jpg,0210_4.jpg,0,0.2429114729166031
cross_same_same,5,218,2,4,0005_2.jpg,0218_4.jpg,0,0.8382303714752197
cross_same_same,5,222,2,4,0005_2.jpg,0222_4.jpg,0,0.49615052342414856
cross_same_same,5,238,2,4,0005_2.jpg,0238_4.jpg,0,0.5395452380180359
cross_same_same,5,253,2,4,0005_2.jpg,0253_4.jpg,0,0.5327857732772827
cross_same_same,5,254,2,4,0005_2.jpg,0254_4.jpg,0,0.22280606627464294
cross_same_same,5,257,2,4,0005_2.jpg,0257_4.jpg,0,0.28280603885650635
cross_same_same,5,258,2,4,0005_2.jpg,0258_4.jpg,0,0.42058712244033813
cross_same_same,5,268,2,4,0005_2.jpg,0268_4.jpg,0,0.3808736503124237
cross_same_same,5,269,2,4,0005_2.jpg,0269_4.jpg,0,0.6969824433326721
cross_same_same,5,270,2,4,0005_2.jpg,0270_4.jpg,0,0.26341161131858826
cross_same_same,5,277,2,4,0005_2.jpg,0277_4.jpg,0,0.46332234144210815
cross_same_same,5,278,2,4,0005_2.jpg,0278_4.jpg,0,0.5135766267776489
cross_same_same,9,5,2,4,0009_2.jpg,0005_4.jpg,0,0.7711402773857117
cross_same_same,9,9,2,4,0009_2.jpg,0009_4.jpg,1,0.8968095183372498
cross_same_same,9,10,2,4,0009_2.jpg,0010_4.jpg,0,0.06501501053571701
cross_same_same,9,28,2,4,0009_2.jpg,0028_4.jpg,0,0.6804426312446594
cross_same_same,9,32,2,4,0009_2.jpg,0032_4.jpg,0,0.8329663872718811
cross_same_same,9,33,2,4,0009_2.jpg,0033_4.jpg,0,0.6083126664161682
cross_same_same,9,34,2,4,0009_2.jpg,0034_4.jpg,0,0.6298849582672119
cross_same_same,9,44,2,4,0009_2.jpg,0044_4.jpg,0,0.5243349075317383
cross_same_same,9,51,2,4,0009_2.jpg,0051_4.jpg,0,0.8146783709526062
cross_same_same,9,54,2,4,0009_2.jpg,0054_4.jpg,0,0.8257408738136292
cross_same_same,9,63,2,4,0009_2.jpg,0063_4.jpg,0,0.8485395312309265
cross_same_same,9,68,2,4,0009_2.jpg,0068_4.jpg,0,0.5663228631019592
cross_same_same,9,69,2,4,0009_2.jpg,0069_4.jpg,0,0.5467885136604309
cross_same_same,9,73,2,4,0009_2.jpg,0073_4.jpg,0,0.3170463442802429
cross_same_same,9,95,2,4,0009_2.jpg,0095_4.jpg,0,0.5174139738082886
cross_same_same,9,121,2,4,0009_2.jpg,0121_4.jpg,0,0.5623399019241333
cross_same_same,9,128,2,4,0009_2.jpg,0128_4.jpg,0,0.811272382736206
cross_same_same,9,129,2,4,0009_2.jpg,0129_4.jpg,0,0.5376709699630737
cross_same_same,9,131,2,4,0009_2.jpg,0131_4.jpg,0,0.7115037441253662
cross_same_same,9,139,2,4,0009_2.jpg,0139_4.jpg,0,0.3936459422111511
cross_same_same,9,144,2,4,0009_2.jpg,0144_4.jpg,0,0.7043427228927612
cross_same_same,9,145,2,4,0009_2.jpg,0145_4.jpg,0,0.2905319333076477
cross_same_same,9,150,2,4,0009_2.jpg,0150_4.jpg,0,0.42694026231765747
cross_same_same,9,160,2,4,0009_2.jpg,0160_4.jpg,0,0.8248406052589417
cross_same_same,9,165,2,4,0009_2.jpg,0165_4.jpg,0,0.7955133318901062
cross_same_same,9,166,2,4,0009_2.jpg,0166_4.jpg,0,0.7272049784660339
cross_same_same,9,170,2,4,0009_2.jpg,0170_4.jpg,0,0.4882831573486328
cross_same_same,9,174,2,4,0009_2.jpg,0174_4.jpg,0,0.6461910009384155
cross_same_same,9,176,2,4,0009_2.jpg,0176_4.jpg,0,0.6222273111343384
cross_same_same,9,193,2,4,0009_2.jpg,0193_4.jpg,0,-0.07120869308710098
cross_same_same,9,202,2,4,0009_2.jpg,0202_4.jpg,0,0.42389073967933655
cross_same_same,9,205,2,4,0009_2.jpg,0205_4.jpg,0,0.6146669983863831
cross_same_same,9,210,2,4,0009_2.jpg,0210_4.jpg,0,0.8333820104598999
cross_same_same,9,218,2,4,0009_2.jpg,0218_4.jpg,0,0.3624257743358612
cross_same_same,9,222,2,4,0009_2.jpg,0222_4.jpg,0,0.6320021748542786
cross_same_same,9,238,2,4,0009_2.jpg,0238_4.jpg,0,0.6393488049507141
cross_same_same,9,253,2,4,0009_2.jpg,0253_4.jpg,0,0.7362998723983765
cross_same_same,9,254,2,4,0009_2.jpg,0254_4.jpg,0,0.492994099855423
cross_same_same,9,257,2,4,0009_2.jpg,0257_4.jpg,0,0.535336971282959
cross_same_same,9,258,2,4,0009_2.jpg,0258_4.jpg,0,0.6532760262489319
cross_same_same,9,268,2,4,0009_2.jpg,0268_4.jpg,0,0.35000690817832947
cross_same_same,9,269,2,4,0009_2.jpg,0269_4.jpg,0,0.6300871968269348
cross_same_same,9,270,2,4,0009_2.jpg,0270_4.jpg,0,0.5038194060325623
cross_same_same,9,277,2,4,0009_2.jpg,0277_4.jpg,0,0.8445337414741516
cross_same_same,9,278,2,4,0009_2.jpg,0278_4.jpg,0,0.7627907395362854
cross_same_same,10,5,2,4,0010_2.jpg,0005_4.jpg,0,0.36112675070762634
cross_same_same,10,9,2,4,0010_2.jpg,0009_4.jpg,0,0.3798978328704834
cross_same_same,10,10,2,4,0010_2.jpg,0010_4.jpg,1,0.7071429491043091
cross_same_same,10,28,2,4,0010_2.jpg,0028_4.jpg,0,0.589716911315918
cross_same_same,10,32,2,4,0010_2.jpg,0032_4.jpg,0,0.26345086097717285
cross_same_same,10,33,2,4,0010_2.jpg,0033_4.jpg,0,0.4285651743412018
cross_same_same,10,34,2,4,0010_2.jpg,0034_4.jpg,0,0.3407973051071167
cross_same_same,10,44,2,4,0010_2.jpg,0044_4.jpg,0,0.6555588245391846
cross_same_same,10,51,2,4,0010_2.jpg,0051_4.jpg,0,0.5784752368927002
cross_same_same,10,54,2,4,0010_2.jpg,0054_4.jpg,0,0.47903206944465637
cross_same_same,10,63,2,4,0010_2.jpg,0063_4.jpg,0,0.20973093807697296
cross_same_same,10,68,2,4,0010_2.jpg,0068_4.jpg,0,0.7596195936203003
cross_same_same,10,69,2,4,0010_2.jpg,0069_4.jpg,0,0.5017785429954529
cross_same_same,10,73,2,4,0010_2.jpg,0073_4.jpg,0,0.8574565649032593
cross_same_same,10,95,2,4,0010_2.jpg,0095_4.jpg,0,0.5789462327957153
cross_same_same,10,121,2,4,0010_2.jpg,0121_4.jpg,0,0.32602396607398987
cross_same_same,10,128,2,4,0010_2.jpg,0128_4.jpg,0,0.2460940182209015
cross_same_same,10,129,2,4,0010_2.jpg,0129_4.jpg,0,0.2653186619281769
cross_same_same,10,131,2,4,0010_2.jpg,0131_4.jpg,0,0.5898903608322144
cross_same_same,10,139,2,4,0010_2.jpg,0139_4.jpg,0,0.41176819801330566
cross_same_same,10,144,2,4,0010_2.jpg,0144_4.jpg,0,0.2882118821144104
cross_same_same,10,145,2,4,0010_2.jpg,0145_4.jpg,0,0.6757482886314392
cross_same_same,10,150,2,4,0010_2.jpg,0150_4.jpg,0,0.6666864156723022
cross_same_same,10,160,2,4,0010_2.jpg,0160_4.jpg,0,0.40316206216812134
cross_same_same,10,165,2,4,0010_2.jpg,0165_4.jpg,0,0.2956281900405884
cross_same_same,10,166,2,4,0010_2.jpg,0166_4.jpg,0,0.5771389007568359
cross_same_same,10,170,2,4,0010_2.jpg,0170_4.jpg,0,0.32258179783821106
cross_same_same,10,174,2,4,0010_2.jpg,0174_4.jpg,0,0.025060076266527176
cross_same_same,10,176,2,4,0010_2.jpg,0176_4.jpg,0,0.6171956658363342
cross_same_same,10,193,2,4,0010_2.jpg,0193_4.jpg,0,0.773492157459259
cross_same_same,10,202,2,4,0010_2.jpg,0202_4.jpg,0,0.4834836423397064
cross_same_same,10,205,2,4,0010_2.jpg,0205_4.jpg,0,0.3359721302986145
cross_same_same,10,210,2,4,0010_2.jpg,0210_4.jpg,0,0.3297345042228699
cross_same_same,10,218,2,4,0010_2.jpg,0218_4.jpg,0,0.5934180021286011
cross_same_same,10,222,2,4,0010_2.jpg,0222_4.jpg,0,0.1413000226020813
cross_same_same,10,238,2,4,0010_2.jpg,0238_4.jpg,0,0.22893422842025757
cross_same_same,10,253,2,4,0010_2.jpg,0253_4.jpg,0,0.5292013883590698
cross_same_same,10,254,2,4,0010_2.jpg,0254_4.jpg,0,0.05377030372619629
cross_same_same,10,257,2,4,0010_2.jpg,0257_4.jpg,0,0.1578356772661209
cross_same_same,10,258,2,4,0010_2.jpg,0258_4.jpg,0,-0.0030969984363764524
cross_same_same,10,268,2,4,0010_2.jpg,0268_4.jpg,0,0.2882097363471985
cross_same_same,10,269,2,4,0010_2.jpg,0269_4.jpg,0,0.27473580837249756
cross_same_same,10,270,2,4,0010_2.jpg,0270_4.jpg,0,0.42055636644363403
cross_same_same,10,277,2,4,0010_2.jpg,0277_4.jpg,0,0.4537656009197235
cross_same_same,10,278,2,4,0010_2.jpg,0278_4.jpg,0,0.38305866718292236
cross_same_same,28,5,2,4,0028_2.jpg,0005_4.jpg,0,0.4589870274066925
cross_same_same,28,9,2,4,0028_2.jpg,0009_4.jpg,0,0.5650382041931152
cross_same_same,28,10,2,4,0028_2.jpg,0010_4.jpg,0,0.4326013922691345
cross_same_same,28,28,2,4,0028_2.jpg,0028_4.jpg,1,0.8650065064430237
cross_same_same,28,32,2,4,0028_2.jpg,0032_4.jpg,0,0.5089033246040344
cross_same_same,28,33,2,4,0028_2.jpg,0033_4.jpg,0,0.3229062855243683
cross_same_same,28,34,2,4,0028_2.jpg,0034_4.jpg,0,0.4806503355503082
cross_same_same,28,44,2,4,0028_2.jpg,0044_4.jpg,0,0.7967924475669861
cross_same_same,28,51,2,4,0028_2.jpg,0051_4.jpg,0,0.5980554223060608
cross_same_same,28,54,2,4,0028_2.jpg,0054_4.jpg,0,0.7311201691627502
cross_same_same,28,63,2,4,0028_2.jpg,0063_4.jpg,0,0.4003812372684479
cross_same_same,28,68,2,4,0028_2.jpg,0068_4.jpg,0,0.6123750805854797
cross_same_same,28,69,2,4,0028_2.jpg,0069_4.jpg,0,0.29183071851730347
cross_same_same,28,73,2,4,0028_2.jpg,0073_4.jpg,0,0.6968338489532471
cross_same_same,28,95,2,4,0028_2.jpg,0095_4.jpg,0,0.499355673789978
cross_same_same,28,121,2,4,0028_2.jpg,0121_4.jpg,0,0.4320474863052368
cross_same_same,28,128,2,4,0028_2.jpg,0128_4.jpg,0,0.32354736328125
cross_same_same,28,129,2,4,0028_2.jpg,0129_4.jpg,0,0.12996050715446472
cross_same_same,28,131,2,4,0028_2.jpg,0131_4.jpg,0,0.8875966668128967
cross_same_same,28,139,2,4,0028_2.jpg,0139_4.jpg,0,0.10777092725038528
cross_same_same,28,144,2,4,0028_2.jpg,0144_4.jpg,0,0.25878700613975525
cross_same_same,28,145,2,4,0028_2.jpg,0145_4.jpg,0,0.407098650932312
cross_same_same,28,150,2,4,0028_2.jpg,0150_4.jpg,0,0.8464604616165161
cross_same_same,28,160,2,4,0028_2.jpg,0160_4.jpg,0,0.6059458255767822
cross_same_same,28,165,2,4,0028_2.jpg,0165_4.jpg,0,0.6460778713226318
cross_same_same,28,166,2,4,0028_2.jpg,0166_4.jpg,0,0.8938382863998413
cross_same_same,28,170,2,4,0028_2.jpg,0170_4.jpg,0,0.15531513094902039
cross_same_same,28,174,2,4,0028_2.jpg,0174_4.jpg,0,0.0007735635153949261
cross_same_same,28,176,2,4,0028_2.jpg,0176_4.jpg,0,0.8145440220832825
cross_same_same,28,193,2,4,0028_2.jpg,0193_4.jpg,0,0.5827429890632629
cross_same_same,28,202,2,4,0028_2.jpg,0202_4.jpg,0,0.4875592887401581
cross_same_same,28,205,2,4,0028_2.jpg,0205_4.jpg,0,0.19260980188846588
cross_same_same,28,210,2,4,0028_2.jpg,0210_4.jpg,0,0.5735971927642822
cross_same_same,28,218,2,4,0028_2.jpg,0218_4.jpg,0,0.5734129548072815
cross_same_same,28,222,2,4,0028_2.jpg,0222_4.jpg,0,0.12700320780277252
cross_same_same,28,238,2,4,0028_2.jpg,0238_4.jpg,0,0.1631723940372467
cross_same_same,28,253,2,4,0028_2.jpg,0253_4.jpg,0,0.8148937225341797
cross_same_same,28,254,2,4,0028_2.jpg,0254_4.jpg,0,-0.1022966280579567
cross_same_same,28,257,2,4,0028_2.jpg,0257_4.jpg,0,0.024594025686383247
cross_same_same,28,258,2,4,0028_2.jpg,0258_4.jpg,0,0.028097867965698242
cross_same_same,28,268,2,4,0028_2.jpg,0268_4.jpg,0,0.04244118183851242
cross_same_same,28,269,2,4,0028_2.jpg,0269_4.jpg,0,0.23691415786743164
cross_same_same,28,270,2,4,0028_2.jpg,0270_4.jpg,0,0.19766934216022491
cross_same_same,28,277,2,4,0028_2.jpg,0277_4.jpg,0,0.5180618166923523
cross_same_same,28,278,2,4,0028_2.jpg,0278_4.jpg,0,0.3938719630241394
cross_same_same,32,5,2,4,0032_2.jpg,0005_4.jpg,0,0.48262616991996765
cross_same_same,32,9,2,4,0032_2.jpg,0009_4.jpg,0,0.6900957226753235
cross_same_same,32,10,2,4,0032_2.jpg,0010_4.jpg,0,-0.02571806125342846
cross_same_same,32,28,2,4,0032_2.jpg,0028_4.jpg,0,0.7021267414093018
cross_same_same,32,32,2,4,0032_2.jpg,0032_4.jpg,1,0.9107767343521118
cross_same_same,32,33,2,4,0032_2.jpg,0033_4.jpg,0,0.1896970421075821
cross_same_same,32,34,2,4,0032_2.jpg,0034_4.jpg,0,0.7674359679222107
cross_same_same,32,44,2,4,0032_2.jpg,0044_4.jpg,0,0.713575541973114
cross_same_same,32,51,2,4,0032_2.jpg,0051_4.jpg,0,0.36004364490509033
cross_same_same,32,54,2,4,0032_2.jpg,0054_4.jpg,0,0.8395786881446838
cross_same_same,32,63,2,4,0032_2.jpg,0063_4.jpg,0,0.6373023986816406
cross_same_same,32,68,2,4,0032_2.jpg,0068_4.jpg,0,0.42428115010261536
cross_same_same,32,69,2,4,0032_2.jpg,0069_4.jpg,0,0.1920156627893448
cross_same_same,32,73,2,4,0032_2.jpg,0073_4.jpg,0,0.17998826503753662
cross_same_same,32,95,2,4,0032_2.jpg,0095_4.jpg,0,0.5780094861984253
cross_same_same,32,121,2,4,0032_2.jpg,0121_4.jpg,0,0.5965983271598816
cross_same_same,32,128,2,4,0032_2.jpg,0128_4.jpg,0,0.48980963230133057
cross_same_same,32,129,2,4,0032_2.jpg,0129_4.jpg,0,-0.009550987742841244
cross_same_same,32,131,2,4,0032_2.jpg,0131_4.jpg,0,0.7466441988945007
cross_same_same,32,139,2,4,0032_2.jpg,0139_4.jpg,0,-0.0021718202624469995
cross_same_same,32,144,2,4,0032_2.jpg,0144_4.jpg,0,0.5546231269836426
cross_same_same,32,145,2,4,0032_2.jpg,0145_4.jpg,0,-0.11531220376491547
cross_same_same,32,150,2,4,0032_2.jpg,0150_4.jpg,0,0.6091144680976868
cross_same_same,32,160,2,4,0032_2.jpg,0160_4.jpg,0,0.4633125066757202
cross_same_same,32,165,2,4,0032_2.jpg,0165_4.jpg,0,0.6065154671669006
cross_same_same,32,166,2,4,0032_2.jpg,0166_4.jpg,0,0.6622942090034485
cross_same_same,32,170,2,4,0032_2.jpg,0170_4.jpg,0,-0.046270690858364105
cross_same_same,32,174,2,4,0032_2.jpg,0174_4.jpg,0,0.20967072248458862
cross_same_same,32,176,2,4,0032_2.jpg,0176_4.jpg,0,0.6929758191108704
cross_same_same,32,193,2,4,0032_2.jpg,0193_4.jpg,0,0.03685475513339043
cross_same_same,32,202,2,4,0032_2.jpg,0202_4.jpg,0,0.7212105393409729
cross_same_same,32,205,2,4,0032_2.jpg,0205_4.jpg,0,0.2596915066242218
cross_same_same,32,210,2,4,0032_2.jpg,0210_4.jpg,0,0.599573016166687
cross_same_same,32,218,2,4,0032_2.jpg,0218_4.jpg,0,0.6357344388961792
cross_same_same,32,222,2,4,0032_2.jpg,0222_4.jpg,0,0.4950069785118103
cross_same_same,32,238,2,4,0032_2.jpg,0238_4.jpg,0,0.5616404414176941
cross_same_same,32,253,2,4,0032_2.jpg,0253_4.jpg,0,0.7534043788909912
cross_same_same,32,254,2,4,0032_2.jpg,0254_4.jpg,0,0.10992945730686188
cross_same_same,32,257,2,4,0032_2.jpg,0257_4.jpg,0,0.1290876865386963
cross_same_same,32,258,2,4,0032_2.jpg,0258_4.jpg,0,0.5560871958732605
cross_same_same,32,268,2,4,0032_2.jpg,0268_4.jpg,0,0.022532260045409203
cross_same_same,32,269,2,4,0032_2.jpg,0269_4.jpg,0,0.5120390057563782
cross_same_same,32,270,2,4,0032_2.jpg,0270_4.jpg,0,0.15477973222732544
cross_same_same,32,277,2,4,0032_2.jpg,0277_4.jpg,0,0.6521270275115967
cross_same_same,32,278,2,4,0032_2.jpg,0278_4.jpg,0,0.6329314112663269
cross_same_same,33,5,2,4,0033_2.jpg,0005_4.jpg,0,0.8637094497680664
cross_same_same,33,9,2,4,0033_2.jpg,0009_4.jpg,0,0.7647436261177063
cross_same_same,33,10,2,4,0033_2.jpg,0010_4.jpg,0,-0.008275292813777924
cross_same_same,33,28,2,4,0033_2.jpg,0028_4.jpg,0,0.284307599067688
cross_same_same,33,32,2,4,0033_2.jpg,0032_4.jpg,0,0.7597500681877136
cross_same_same,33,33,2,4,0033_2.jpg,0033_4.jpg,1,0.7671660780906677
cross_same_same,33,34,2,4,0033_2.jpg,0034_4.jpg,0,0.646436870098114
cross_same_same,33,44,2,4,0033_2.jpg,0044_4.jpg,0,0.301039457321167
cross_same_same,33,51,2,4,0033_2.jpg,0051_4.jpg,0,0.7405222654342651
cross_same_same,33,54,2,4,0033_2.jpg,0054_4.jpg,0,0.6386107802391052
cross_same_same,33,63,2,4,0033_2.jpg,0063_4.jpg,0,0.8669336438179016
cross_same_same,33,68,2,4,0033_2.jpg,0068_4.jpg,0,0.6203192472457886
cross_same_same,33,69,2,4,0033_2.jpg,0069_4.jpg,0,0.7218559980392456
cross_same_same,33,73,2,4,0033_2.jpg,0073_4.jpg,0,0.16141840815544128
cross_same_same,33,95,2,4,0033_2.jpg,0095_4.jpg,0,0.5913081169128418
cross_same_same,33,121,2,4,0033_2.jpg,0121_4.jpg,0,0.680623471736908
cross_same_same,33,128,2,4,0033_2.jpg,0128_4.jpg,0,0.9046790599822998
cross_same_same,33,129,2,4,0033_2.jpg,0129_4.jpg,0,0.6991400718688965
cross_same_same,33,131,2,4,0033_2.jpg,0131_4.jpg,0,0.3492472767829895
cross_same_same,33,139,2,4,0033_2.jpg,0139_4.jpg,0,0.5902144312858582
cross_same_same,33,144,2,4,0033_2.jpg,0144_4.jpg,0,0.8970275521278381
cross_same_same,33,145,2,4,0033_2.jpg,0145_4.jpg,0,0.3131202757358551
cross_same_same,33,150,2,4,0033_2.jpg,0150_4.jpg,0,0.1206749677658081
cross_same_same,33,160,2,4,0033_2.jpg,0160_4.jpg,0,0.629878044128418
cross_same_same,33,165,2,4,0033_2.jpg,0165_4.jpg,0,0.5107499957084656
cross_same_same,33,166,2,4,0033_2.jpg,0166_4.jpg,0,0.3711407482624054
cross_same_same,33,170,2,4,0033_2.jpg,0170_4.jpg,0,0.5719117522239685
cross_same_same,33,174,2,4,0033_2.jpg,0174_4.jpg,0,0.8149908781051636
cross_same_same,33,176,2,4,0033_2.jpg,0176_4.jpg,0,0.3266660273075104
cross_same_same,33,193,2,4,0033_2.jpg,0193_4.jpg,0,-0.2416977882385254
cross_same_same,33,202,2,4,0033_2.jpg,0202_4.jpg,0,0.42101848125457764
cross_same_same,33,205,2,4,0033_2.jpg,0205_4.jpg,0,0.8136439323425293
cross_same_same,33,210,2,4,0033_2.jpg,0210_4.jpg,0,0.5501986145973206
cross_same_same,33,218,2,4,0033_2.jpg,0218_4.jpg,0,0.332639217376709
cross_same_same,33,222,2,4,0033_2.jpg,0222_4.jpg,0,0.8772453665733337
cross_same_same,33,238,2,4,0033_2.jpg,0238_4.jpg,0,0.8309887051582336
cross_same_same,33,253,2,4,0033_2.jpg,0253_4.jpg,0,0.462400883436203
cross_same_same,33,254,2,4,0033_2.jpg,0254_4.jpg,0,0.8140949010848999
cross_same_same,33,257,2,4,0033_2.jpg,0257_4.jpg,0,0.8123109340667725
cross_same_same,33,258,2,4,0033_2.jpg,0258_4.jpg,0,0.8869280219078064
cross_same_same,33,268,2,4,0033_2.jpg,0268_4.jpg,0,0.6494206786155701
cross_same_same,33,269,2,4,0033_2.jpg,0269_4.jpg,0,0.8300985097885132
cross_same_same,33,270,2,4,0033_2.jpg,0270_4.jpg,0,0.6949361562728882
cross_same_same,33,277,2,4,0033_2.jpg,0277_4.jpg,0,0.8345699906349182
cross_same_same,33,278,2,4,0033_2.jpg,0278_4.jpg,0,0.8206207156181335
cross_same_same,34,5,2,4,0034_2.jpg,0005_4.jpg,0,0.7638168334960938
cross_same_same,34,9,2,4,0034_2.jpg,0009_4.jpg,0,0.7692312598228455
cross_same_same,34,10,2,4,0034_2.jpg,0010_4.jpg,0,0.07143565267324448
cross_same_same,34,28,2,4,0034_2.jpg,0028_4.jpg,0,0.6844780445098877
cross_same_same,34,32,2,4,0034_2.jpg,0032_4.jpg,0,0.8110913038253784
cross_same_same,34,33,2,4,0034_2.jpg,0033_4.jpg,0,0.5263491868972778
cross_same_same,34,34,2,4,0034_2.jpg,0034_4.jpg,1,0.7867838740348816
cross_same_same,34,44,2,4,0034_2.jpg,0044_4.jpg,0,0.7473594546318054
cross_same_same,34,51,2,4,0034_2.jpg,0051_4.jpg,0,0.6534796357154846
cross_same_same,34,54,2,4,0034_2.jpg,0054_4.jpg,0,0.8881580233573914
cross_same_same,34,63,2,4,0034_2.jpg,0063_4.jpg,0,0.7472237348556519
cross_same_same,34,68,2,4,0034_2.jpg,0068_4.jpg,0,0.6379868388175964
cross_same_same,34,69,2,4,0034_2.jpg,0069_4.jpg,0,0.45860183238983154
cross_same_same,34,73,2,4,0034_2.jpg,0073_4.jpg,0,0.3233591318130493
cross_same_same,34,95,2,4,0034_2.jpg,0095_4.jpg,0,0.6700602769851685
cross_same_same,34,121,2,4,0034_2.jpg,0121_4.jpg,0,0.7872934341430664
cross_same_same,34,128,2,4,0034_2.jpg,0128_4.jpg,0,0.6661791801452637
cross_same_same,34,129,2,4,0034_2.jpg,0129_4.jpg,0,0.271391361951828
cross_same_same,34,131,2,4,0034_2.jpg,0131_4.jpg,0,0.794818639755249
cross_same_same,34,139,2,4,0034_2.jpg,0139_4.jpg,0,0.18996861577033997
cross_same_same,34,144,2,4,0034_2.jpg,0144_4.jpg,0,0.6590445041656494
cross_same_same,34,145,2,4,0034_2.jpg,0145_4.jpg,0,0.21066106855869293
cross_same_same,34,150,2,4,0034_2.jpg,0150_4.jpg,0,0.6431690454483032
cross_same_same,34,160,2,4,0034_2.jpg,0160_4.jpg,0,0.6011626720428467
cross_same_same,34,165,2,4,0034_2.jpg,0165_4.jpg,0,0.646384060382843
cross_same_same,34,166,2,4,0034_2.jpg,0166_4.jpg,0,0.7866571545600891
cross_same_same,34,170,2,4,0034_2.jpg,0170_4.jpg,0,0.14907997846603394
cross_same_same,34,174,2,4,0034_2.jpg,0174_4.jpg,0,0.34475821256637573
cross_same_same,34,176,2,4,0034_2.jpg,0176_4.jpg,0,0.6837283968925476
cross_same_same,34,193,2,4,0034_2.jpg,0193_4.jpg,0,0.12095575034618378
cross_same_same,34,202,2,4,0034_2.jpg,0202_4.jpg,0,0.6005575060844421
cross_same_same,34,205,2,4,0034_2.jpg,0205_4.jpg,0,0.434709370136261
cross_same_same,34,210,2,4,0034_2.jpg,0210_4.jpg,0,0.6105084419250488
cross_same_same,34,218,2,4,0034_2.jpg,0218_4.jpg,0,0.6024637818336487
cross_same_same,34,222,2,4,0034_2.jpg,0222_4.jpg,0,0.6136825084686279
cross_same_same,34,238,2,4,0034_2.jpg,0238_4.jpg,0,0.5446367859840393
cross_same_same,34,253,2,4,0034_2.jpg,0253_4.jpg,0,0.7904876470565796
cross_same_same,34,254,2,4,0034_2.jpg,0254_4.jpg,0,0.301634281873703
cross_same_same,34,257,2,4,0034_2.jpg,0257_4.jpg,0,0.37868764996528625
cross_same_same,34,258,2,4,0034_2.jpg,0258_4.jpg,0,0.5261017680168152
cross_same_same,34,268,2,4,0034_2.jpg,0268_4.jpg,0,0.25292840600013733
cross_same_same,34,269,2,4,0034_2.jpg,0269_4.jpg,0,0.6642962098121643
cross_same_same,34,270,2,4,0034_2.jpg,0270_4.jpg,0,0.345626562833786
cross_same_same,34,277,2,4,0034_2.jpg,0277_4.jpg,0,0.7124760746955872
cross_same_same,34,278,2,4,0034_2.jpg,0278_4.jpg,0,0.6874982714653015
cross_same_same,44,5,2,4,0044_2.jpg,0005_4.jpg,0,0.48543795943260193
cross_same_same,44,9,2,4,0044_2.jpg,0009_4.jpg,0,0.6516000628471375
cross_same_same,44,10,2,4,0044_2.jpg,0010_4.jpg,0,-0.05139486491680145
cross_same_same,44,28,2,4,0044_2.jpg,0028_4.jpg,0,0.6992088556289673
cross_same_same,44,32,2,4,0044_2.jpg,0032_4.jpg,0,0.8331772685050964
cross_same_same,44,33,2,4,0044_2.jpg,0033_4.jpg,0,0.15896722674369812
cross_same_same,44,34,2,4,0044_2.jpg,0034_4.jpg,0,0.8382189273834229
cross_same_same,44,44,2,4,0044_2.jpg,0044_4.jpg,1,0.7903342247009277
cross_same_same,44,51,2,4,0044_2.jpg,0051_4.jpg,0,0.3134404420852661
cross_same_same,44,54,2,4,0044_2.jpg,0054_4.jpg,0,0.8523946404457092
cross_same_same,44,63,2,4,0044_2.jpg,0063_4.jpg,0,0.5661462545394897
cross_same_same,44,68,2,4,0044_2.jpg,0068_4.jpg,0,0.47822555899620056
cross_same_same,44,69,2,4,0044_2.jpg,0069_4.jpg,0,0.16227944195270538
cross_same_same,44,73,2,4,0044_2.jpg,0073_4.jpg,0,0.18328656256198883
cross_same_same,44,95,2,4,0044_2.jpg,0095_4.jpg,0,0.575975239276886
cross_same_same,44,121,2,4,0044_2.jpg,0121_4.jpg,0,0.6609124541282654
cross_same_same,44,128,2,4,0044_2.jpg,0128_4.jpg,0,0.4184832274913788
cross_same_same,44,129,2,4,0044_2.jpg,0129_4.jpg,0,-0.11342854797840118
cross_same_same,44,131,2,4,0044_2.jpg,0131_4.jpg,0,0.7819507122039795
cross_same_same,44,139,2,4,0044_2.jpg,0139_4.jpg,0,-0.12537893652915955
cross_same_same,44,144,2,4,0044_2.jpg,0144_4.jpg,0,0.46009117364883423
cross_same_same,44,145,2,4,0044_2.jpg,0145_4.jpg,0,-0.10228898376226425
cross_same_same,44,150,2,4,0044_2.jpg,0150_4.jpg,0,0.6974426507949829
cross_same_same,44,160,2,4,0044_2.jpg,0160_4.jpg,0,0.4053865969181061
cross_same_same,44,165,2,4,0044_2.jpg,0165_4.jpg,0,0.5526102185249329
cross_same_same,44,166,2,4,0044_2.jpg,0166_4.jpg,0,0.7050290703773499
cross_same_same,44,170,2,4,0044_2.jpg,0170_4.jpg,0,-0.1650448441505432
cross_same_same,44,174,2,4,0044_2.jpg,0174_4.jpg,0,0.08070477098226547
cross_same_same,44,176,2,4,0044_2.jpg,0176_4.jpg,0,0.7190915942192078
cross_same_same,44,193,2,4,0044_2.jpg,0193_4.jpg,0,0.09760838001966476
cross_same_same,44,202,2,4,0044_2.jpg,0202_4.jpg,0,0.689976692199707
cross_same_same,44,205,2,4,0044_2.jpg,0205_4.jpg,0,0.1640261858701706
cross_same_same,44,210,2,4,0044_2.jpg,0210_4.jpg,0,0.5390292406082153
cross_same_same,44,218,2,4,0044_2.jpg,0218_4.jpg,0,0.6484730839729309
cross_same_same,44,222,2,4,0044_2.jpg,0222_4.jpg,0,0.47157225012779236
cross_same_same,44,238,2,4,0044_2.jpg,0238_4.jpg,0,0.5000734329223633
cross_same_same,44,253,2,4,0044_2.jpg,0253_4.jpg,0,0.8058052062988281
cross_same_same,44,254,2,4,0044_2.jpg,0254_4.jpg,0,0.026613770052790642
cross_same_same,44,257,2,4,0044_2.jpg,0257_4.jpg,0,0.05363909900188446
cross_same_same,44,258,2,4,0044_2.jpg,0258_4.jpg,0,0.4519069790840149
cross_same_same,44,268,2,4,0044_2.jpg,0268_4.jpg,0,-0.027942806482315063
cross_same_same,44,269,2,4,0044_2.jpg,0269_4.jpg,0,0.47768688201904297
cross_same_same,44,270,2,4,0044_2.jpg,0270_4.jpg,0,0.08833970874547958
cross_same_same,44,277,2,4,0044_2.jpg,0277_4.jpg,0,0.583146333694458
cross_same_same,44,278,2,4,0044_2.jpg,0278_4.jpg,0,0.5798550248146057
cross_same_same,51,5,2,4,0051_2.jpg,0005_4.jpg,0,0.7616424560546875
cross_same_same,51,9,2,4,0051_2.jpg,0009_4.jpg,0,0.807157576084137
cross_same_same,51,10,2,4,0051_2.jpg,0010_4.jpg,0,0.24656064808368683
cross_same_same,51,28,2,4,0051_2.jpg,0028_4.jpg,0,0.5362311601638794
cross_same_same,51,32,2,4,0051_2.jpg,0032_4.jpg,0,0.674020528793335
cross_same_same,51,33,2,4,0051_2.jpg,0033_4.jpg,0,0.7706059217453003
cross_same_same,51,34,2,4,0051_2.jpg,0034_4.jpg,0,0.5217409729957581
cross_same_same,51,44,2,4,0051_2.jpg,0044_4.jpg,0,0.3907248079776764
cross_same_same,51,51,2,4,0051_2.jpg,0051_4.jpg,1,0.9083449840545654
cross_same_same,51,54,2,4,0051_2.jpg,0054_4.jpg,0,0.6354460716247559
cross_same_same,51,63,2,4,0051_2.jpg,0063_4.jpg,0,0.7991333603858948
cross_same_same,51,68,2,4,0051_2.jpg,0068_4.jpg,0,0.67760169506073
cross_same_same,51,69,2,4,0051_2.jpg,0069_4.jpg,0,0.690841019153595
cross_same_same,51,73,2,4,0051_2.jpg,0073_4.jpg,0,0.5028287768363953
cross_same_same,51,95,2,4,0051_2.jpg,0095_4.jpg,0,0.48817577958106995
cross_same_same,51,121,2,4,0051_2.jpg,0121_4.jpg,0,0.48645392060279846
cross_same_same,51,128,2,4,0051_2.jpg,0128_4.jpg,0,0.8253353834152222
cross_same_same,51,129,2,4,0051_2.jpg,0129_4.jpg,0,0.7254682779312134
cross_same_same,51,131,2,4,0051_2.jpg,0131_4.jpg,0,0.5722013711929321
cross_same_same,51,139,2,4,0051_2.jpg,0139_4.jpg,0,0.5922810435295105
cross_same_same,51,144,2,4,0051_2.jpg,0144_4.jpg,0,0.6949561238288879
cross_same_same,51,145,2,4,0051_2.jpg,0145_4.jpg,0,0.5671736001968384
cross_same_same,51,150,2,4,0051_2.jpg,0150_4.jpg,0,0.3038940131664276
cross_same_same,51,160,2,4,0051_2.jpg,0160_4.jpg,0,0.8577584028244019
cross_same_same,51,165,2,4,0051_2.jpg,0165_4.jpg,0,0.7029253244400024
cross_same_same,51,166,2,4,0051_2.jpg,0166_4.jpg,0,0.6385645270347595
cross_same_same,51,170,2,4,0051_2.jpg,0170_4.jpg,0,0.6864119172096252
cross_same_same,51,174,2,4,0051_2.jpg,0174_4.jpg,0,0.7045156955718994
cross_same_same,51,176,2,4,0051_2.jpg,0176_4.jpg,0,0.48526808619499207
cross_same_same,51,193,2,4,0051_2.jpg,0193_4.jpg,0,0.06634345650672913
cross_same_same,51,202,2,4,0051_2.jpg,0202_4.jpg,0,0.345684677362442
cross_same_same,51,205,2,4,0051_2.jpg,0205_4.jpg,0,0.756544291973114
cross_same_same,51,210,2,4,0051_2.jpg,0210_4.jpg,0,0.6965416073799133
cross_same_same,51,218,2,4,0051_2.jpg,0218_4.jpg,0,0.2749795913696289
cross_same_same,51,222,2,4,0051_2.jpg,0222_4.jpg,0,0.6334853172302246
cross_same_same,51,238,2,4,0051_2.jpg,0238_4.jpg,0,0.5678215026855469
cross_same_same,51,253,2,4,0051_2.jpg,0253_4.jpg,0,0.5968611836433411
cross_same_same,51,254,2,4,0051_2.jpg,0254_4.jpg,0,0.6036604642868042
cross_same_same,51,257,2,4,0051_2.jpg,0257_4.jpg,0,0.6590932011604309
cross_same_same,51,258,2,4,0051_2.jpg,0258_4.jpg,0,0.5878005623817444
cross_same_same,51,268,2,4,0051_2.jpg,0268_4.jpg,0,0.588222086429596
cross_same_same,51,269,2,4,0051_2.jpg,0269_4.jpg,0,0.5853763222694397
cross_same_same,51,270,2,4,0051_2.jpg,0270_4.jpg,0,0.659869909286499
cross_same_same,51,277,2,4,0051_2.jpg,0277_4.jpg,0,0.8167091012001038
cross_same_same,51,278,2,4,0051_2.jpg,0278_4.jpg,0,0.7456521987915039
cross_same_same,54,5,2,4,0054_2.jpg,0005_4.jpg,0,0.3799119293689728
cross_same_same,54,9,2,4,0054_2.jpg,0009_4.jpg,0,0.45943552255630493
cross_same_same,54,10,2,4,0054_2.jpg,0010_4.jpg,0,0.19168265163898468
cross_same_same,54,28,2,4,0054_2.jpg,0028_4.jpg,0,0.698553204536438
cross_same_same,54,32,2,4,0054_2.jpg,0032_4.jpg,0,0.6775285005569458
cross_same_same,54,33,2,4,0054_2.jpg,0033_4.jpg,0,0.0904538556933403
cross_same_same,54,34,2,4,0054_2.jpg,0034_4.jpg,0,0.7522268295288086
cross_same_same,54,44,2,4,0054_2.jpg,0044_4.jpg,0,0.8192457556724548
cross_same_same,54,51,2,4,0054_2.jpg,0051_4.jpg,0,0.21959426999092102
cross_same_same,54,54,2,4,0054_2.jpg,0054_4.jpg,1,0.8161433935165405
cross_same_same,54,63,2,4,0054_2.jpg,0063_4.jpg,0,0.3628050982952118
cross_same_same,54,68,2,4,0054_2.jpg,0068_4.jpg,0,0.5413828492164612
cross_same_same,54,69,2,4,0054_2.jpg,0069_4.jpg,0,0.10573870688676834
cross_same_same,54,73,2,4,0054_2.jpg,0073_4.jpg,0,0.29176661372184753
cross_same_same,54,95,2,4,0054_2.jpg,0095_4.jpg,0,0.6772515773773193
cross_same_same,54,121,2,4,0054_2.jpg,0121_4.jpg,0,0.630752444267273
cross_same_same,54,128,2,4,0054_2.jpg,0128_4.jpg,0,0.2657482624053955
cross_same_same,54,129,2,4,0054_2.jpg,0129_4.jpg,0,-0.22568850219249725
cross_same_same,54,131,2,4,0054_2.jpg,0131_4.jpg,0,0.7686525583267212
cross_same_same,54,139,2,4,0054_2.jpg,0139_4.jpg,0,-0.08206548541784286
cross_same_same,54,144,2,4,0054_2.jpg,0144_4.jpg,0,0.3760329782962799
cross_same_same,54,145,2,4,0054_2.jpg,0145_4.jpg,0,0.008871644735336304
cross_same_same,54,150,2,4,0054_2.jpg,0150_4.jpg,0,0.7795121669769287
cross_same_same,54,160,2,4,0054_2.jpg,0160_4.jpg,0,0.279706746339798
cross_same_same,54,165,2,4,0054_2.jpg,0165_4.jpg,0,0.38996976613998413
cross_same_same,54,166,2,4,0054_2.jpg,0166_4.jpg,0,0.6191940307617188
cross_same_same,54,170,2,4,0054_2.jpg,0170_4.jpg,0,-0.23368391394615173
cross_same_same,54,174,2,4,0054_2.jpg,0174_4.jpg,0,-0.10938404500484467
cross_same_same,54,176,2,4,0054_2.jpg,0176_4.jpg,0,0.6905921101570129
cross_same_same,54,193,2,4,0054_2.jpg,0193_4.jpg,0,0.3585444986820221
cross_same_same,54,202,2,4,0054_2.jpg,0202_4.jpg,0,0.726996898651123
cross_same_same,54,205,2,4,0054_2.jpg,0205_4.jpg,0,0.06387357413768768
cross_same_same,54,210,2,4,0054_2.jpg,0210_4.jpg,0,0.41716888546943665
cross_same_same,54,218,2,4,0054_2.jpg,0218_4.jpg,0,0.8069083094596863
cross_same_same,54,222,2,4,0054_2.jpg,0222_4.jpg,0,0.32996007800102234
cross_same_same,54,238,2,4,0054_2.jpg,0238_4.jpg,0,0.430452823638916
cross_same_same,54,253,2,4,0054_2.jpg,0253_4.jpg,0,0.772051215171814
cross_same_same,54,254,2,4,0054_2.jpg,0254_4.jpg,0,-0.09158955514431
cross_same_same,54,257,2,4,0054_2.jpg,0257_4.jpg,0,-0.06548750400543213
cross_same_same,54,258,2,4,0054_2.jpg,0258_4.jpg,0,0.27949562668800354
cross_same_same,54,268,2,4,0054_2.jpg,0268_4.jpg,0,-0.036171842366456985
cross_same_same,54,269,2,4,0054_2.jpg,0269_4.jpg,0,0.4027898609638214
cross_same_same,54,270,2,4,0054_2.jpg,0270_4.jpg,0,0.04233615845441818
cross_same_same,54,277,2,4,0054_2.jpg,0277_4.jpg,0,0.4263211488723755
cross_same_same,54,278,2,4,0054_2.jpg,0278_4.jpg,0,0.45832717418670654
cross_same_same,63,5,2,4,0063_2.jpg,0005_4.jpg,0,0.6915177702903748
cross_same_same,63,9,2,4,0063_2.jpg,0009_4.jpg,0,0.7104607224464417
cross_same_same,63,10,2,4,0063_2.jpg,0010_4.jpg,0,-0.2063186764717102
cross_same_same,63,28,2,4,0063_2.jpg,0028_4.jpg,0,0.26154911518096924
cross_same_same,63,32,2,4,0063_2.jpg,0032_4.jpg,0,0.7558951377868652
cross_same_same,63,33,2,4,0063_2.jpg,0033_4.jpg,0,0.6908210515975952
cross_same_same,63,34,2,4,0063_2.jpg,0034_4.jpg,0,0.6947429776191711
cross_same_same,63,44,2,4,0063_2.jpg,0044_4.jpg,0,0.2665861248970032
cross_same_same,63,51,2,4,0063_2.jpg,0051_4.jpg,0,0.6014400720596313
cross_same_same,63,54,2,4,0063_2.jpg,0054_4.jpg,0,0.562631368637085
cross_same_same,63,63,2,4,0063_2.jpg,0063_4.jpg,1,0.9179753661155701
cross_same_same,63,68,2,4,0063_2.jpg,0068_4.jpg,0,0.46354421973228455
cross_same_same,63,69,2,4,0063_2.jpg,0069_4.jpg,0,0.6117356419563293
cross_same_same,63,73,2,4,0063_2.jpg,0073_4.jpg,0,0.08181534707546234
cross_same_same,63,95,2,4,0063_2.jpg,0095_4.jpg,0,0.4217710793018341
cross_same_same,63,121,2,4,0063_2.jpg,0121_4.jpg,0,0.4628138840198517
cross_same_same,63,128,2,4,0063_2.jpg,0128_4.jpg,0,0.8897713422775269
cross_same_same,63,129,2,4,0063_2.jpg,0129_4.jpg,0,0.6030840277671814
cross_same_same,63,131,2,4,0063_2.jpg,0131_4.jpg,0,0.43064817786216736
cross_same_same,63,139,2,4,0063_2.jpg,0139_4.jpg,0,0.40025556087493896
cross_same_same,63,144,2,4,0063_2.jpg,0144_4.jpg,0,0.7665162086486816
cross_same_same,63,145,2,4,0063_2.jpg,0145_4.jpg,0,0.11057259142398834
cross_same_same,63,150,2,4,0063_2.jpg,0150_4.jpg,0,0.07078828662633896
cross_same_same,63,160,2,4,0063_2.jpg,0160_4.jpg,0,0.5772020816802979
cross_same_same,63,165,2,4,0063_2.jpg,0165_4.jpg,0,0.640099048614502
cross_same_same,63,166,2,4,0063_2.jpg,0166_4.jpg,0,0.43736061453819275
cross_same_same,63,170,2,4,0063_2.jpg,0170_4.jpg,0,0.453523725271225
cross_same_same,63,174,2,4,0063_2.jpg,0174_4.jpg,0,0.7752593755722046
cross_same_same,63,176,2,4,0063_2.jpg,0176_4.jpg,0,0.35650768876075745
cross_same_same,63,193,2,4,0063_2.jpg,0193_4.jpg,0,-0.35657358169555664
cross_same_same,63,202,2,4,0063_2.jpg,0202_4.jpg,0,0.4215430021286011
cross_same_same,63,205,2,4,0063_2.jpg,0205_4.jpg,0,0.7251203656196594
cross_same_same,63,210,2,4,0063_2.jpg,0210_4.jpg,0,0.5593118667602539
cross_same_same,63,218,2,4,0063_2.jpg,0218_4.jpg,0,0.15163759887218475
cross_same_same,63,222,2,4,0063_2.jpg,0222_4.jpg,0,0.7839139103889465
cross_same_same,63,238,2,4,0063_2.jpg,0238_4.jpg,0,0.6682021617889404
cross_same_same,63,253,2,4,0063_2.jpg,0253_4.jpg,0,0.4040640592575073
cross_same_same,63,254,2,4,0063_2.jpg,0254_4.jpg,0,0.7057591676712036
cross_same_same,63,257,2,4,0063_2.jpg,0257_4.jpg,0,0.7098264098167419
cross_same_same,63,258,2,4,0063_2.jpg,0258_4.jpg,0,0.7831833958625793
cross_same_same,63,268,2,4,0063_2.jpg,0268_4.jpg,0,0.541920006275177
cross_same_same,63,269,2,4,0063_2.jpg,0269_4.jpg,0,0.6426924467086792
cross_same_same,63,270,2,4,0063_2.jpg,0270_4.jpg,0,0.6627861261367798
cross_same_same,63,277,2,4,0063_2.jpg,0277_4.jpg,0,0.7764341831207275
cross_same_same,63,278,2,4,0063_2.jpg,0278_4.jpg,0,0.7823432683944702
cross_same_same,68,5,2,4,0068_2.jpg,0005_4.jpg,0,0.5824509263038635
cross_same_same,68,9,2,4,0068_2.jpg,0009_4.jpg,0,0.4424089789390564
cross_same_same,68,10,2,4,0068_2.jpg,0010_4.jpg,0,0.6024168133735657
cross_same_same,68,28,2,4,0068_2.jpg,0028_4.jpg,0,0.6170634627342224
cross_same_same,68,32,2,4,0068_2.jpg,0032_4.jpg,0,0.42946499586105347
cross_same_same,68,33,2,4,0068_2.jpg,0033_4.jpg,0,0.5150644779205322
cross_same_same,68,34,2,4,0068_2.jpg,0034_4.jpg,0,0.5408930778503418
cross_same_same,68,44,2,4,0068_2.jpg,0044_4.jpg,0,0.7445499897003174
cross_same_same,68,51,2,4,0068_2.jpg,0051_4.jpg,0,0.6073024868965149
cross_same_same,68,54,2,4,0068_2.jpg,0054_4.jpg,0,0.6689093708992004
cross_same_same,68,63,2,4,0068_2.jpg,0063_4.jpg,0,0.36297503113746643
cross_same_same,68,68,2,4,0068_2.jpg,0068_4.jpg,1,0.798225462436676
cross_same_same,68,69,2,4,0068_2.jpg,0069_4.jpg,0,0.498660683631897
cross_same_same,68,73,2,4,0068_2.jpg,0073_4.jpg,0,0.6699513792991638
cross_same_same,68,95,2,4,0068_2.jpg,0095_4.jpg,0,0.7312605977058411
cross_same_same,68,121,2,4,0068_2.jpg,0121_4.jpg,0,0.6398600339889526
cross_same_same,68,128,2,4,0068_2.jpg,0128_4.jpg,0,0.40350374579429626
cross_same_same,68,129,2,4,0068_2.jpg,0129_4.jpg,0,0.2610015571117401
cross_same_same,68,131,2,4,0068_2.jpg,0131_4.jpg,0,0.6831718683242798
cross_same_same,68,139,2,4,0068_2.jpg,0139_4.jpg,0,0.3683922290802002
cross_same_same,68,144,2,4,0068_2.jpg,0144_4.jpg,0,0.4691488742828369
cross_same_same,68,145,2,4,0068_2.jpg,0145_4.jpg,0,0.5881240367889404
cross_same_same,68,150,2,4,0068_2.jpg,0150_4.jpg,0,0.7018252015113831
cross_same_same,68,160,2,4,0068_2.jpg,0160_4.jpg,0,0.47823596000671387
cross_same_same,68,165,2,4,0068_2.jpg,0165_4.jpg,0,0.3344290256500244
cross_same_same,68,166,2,4,0068_2.jpg,0166_4.jpg,0,0.6300264000892639
cross_same_same,68,170,2,4,0068_2.jpg,0170_4.jpg,0,0.2533576488494873
cross_same_same,68,174,2,4,0068_2.jpg,0174_4.jpg,0,0.09978991746902466
cross_same_same,68,176,2,4,0068_2.jpg,0176_4.jpg,0,0.6038224101066589
cross_same_same,68,193,2,4,0068_2.jpg,0193_4.jpg,0,0.626706063747406
cross_same_same,68,202,2,4,0068_2.jpg,0202_4.jpg,0,0.519295334815979
cross_same_same,68,205,2,4,0068_2.jpg,0205_4.jpg,0,0.3603689968585968
cross_same_same,68,210,2,4,0068_2.jpg,0210_4.jpg,0,0.3533106744289398
cross_same_same,68,218,2,4,0068_2.jpg,0218_4.jpg,0,0.7152132987976074
cross_same_same,68,222,2,4,0068_2.jpg,0222_4.jpg,0,0.34178903698921204
cross_same_same,68,238,2,4,0068_2.jpg,0238_4.jpg,0,0.3562650680541992
cross_same_same,68,253,2,4,0068_2.jpg,0253_4.jpg,0,0.6672417521476746
cross_same_same,68,254,2,4,0068_2.jpg,0254_4.jpg,0,0.1609412431716919
cross_same_same,68,257,2,4,0068_2.jpg,0257_4.jpg,0,0.2525453567504883
cross_same_same,68,258,2,4,0068_2.jpg,0258_4.jpg,0,0.16807664930820465
cross_same_same,68,268,2,4,0068_2.jpg,0268_4.jpg,0,0.3134406805038452
cross_same_same,68,269,2,4,0068_2.jpg,0269_4.jpg,0,0.48959270119667053
cross_same_same,68,270,2,4,0068_2.jpg,0270_4.jpg,0,0.3784192204475403
cross_same_same,68,277,2,4,0068_2.jpg,0277_4.jpg,0,0.48439618945121765
cross_same_same,68,278,2,4,0068_2.jpg,0278_4.jpg,0,0.46423667669296265
cross_same_same,69,5,2,4,0069_2.jpg,0005_4.jpg,0,0.48779016733169556
cross_same_same,69,9,2,4,0069_2.jpg,0009_4.jpg,0,0.4817105829715729
cross_same_same,69,10,2,4,0069_2.jpg,0010_4.jpg,0,0.527697741985321
cross_same_same,69,28,2,4,0069_2.jpg,0028_4.jpg,0,0.6501621007919312
cross_same_same,69,32,2,4,0069_2.jpg,0032_4.jpg,0,0.4675370156764984
cross_same_same,69,33,2,4,0069_2.jpg,0033_4.jpg,0,0.504275381565094
cross_same_same,69,34,2,4,0069_2.jpg,0034_4.jpg,0,0.42974820733070374
cross_same_same,69,44,2,4,0069_2.jpg,0044_4.jpg,0,0.7692151069641113
cross_same_same,69,51,2,4,0069_2.jpg,0051_4.jpg,0,0.6662694811820984
cross_same_same,69,54,2,4,0069_2.jpg,0054_4.jpg,0,0.6334442496299744
cross_same_same,69,63,2,4,0069_2.jpg,0063_4.jpg,0,0.37984901666641235
cross_same_same,69,68,2,4,0069_2.jpg,0068_4.jpg,0,0.6824594140052795
cross_same_same,69,69,2,4,0069_2.jpg,0069_4.jpg,1,0.5072621703147888
cross_same_same,69,73,2,4,0069_2.jpg,0073_4.jpg,0,0.7468797564506531
cross_same_same,69,95,2,4,0069_2.jpg,0095_4.jpg,0,0.6321635246276855
cross_same_same,69,121,2,4,0069_2.jpg,0121_4.jpg,0,0.5627584457397461
cross_same_same,69,128,2,4,0069_2.jpg,0128_4.jpg,0,0.363066703081131
cross_same_same,69,129,2,4,0069_2.jpg,0129_4.jpg,0,0.2864062786102295
cross_same_same,69,131,2,4,0069_2.jpg,0131_4.jpg,0,0.7074153423309326
cross_same_same,69,139,2,4,0069_2.jpg,0139_4.jpg,0,0.3380693793296814
cross_same_same,69,144,2,4,0069_2.jpg,0144_4.jpg,0,0.4454871416091919
cross_same_same,69,145,2,4,0069_2.jpg,0145_4.jpg,0,0.5268121361732483
cross_same_same,69,150,2,4,0069_2.jpg,0150_4.jpg,0,0.7362695336341858
cross_same_same,69,160,2,4,0069_2.jpg,0160_4.jpg,0,0.4275749623775482
cross_same_same,69,165,2,4,0069_2.jpg,0165_4.jpg,0,0.38811448216438293
cross_same_same,69,166,2,4,0069_2.jpg,0166_4.jpg,0,0.7430096864700317
cross_same_same,69,170,2,4,0069_2.jpg,0170_4.jpg,0,0.23677527904510498
cross_same_same,69,174,2,4,0069_2.jpg,0174_4.jpg,0,0.09754018485546112
cross_same_same,69,176,2,4,0069_2.jpg,0176_4.jpg,0,0.6781119108200073
cross_same_same,69,193,2,4,0069_2.jpg,0193_4.jpg,0,0.6461334824562073
cross_same_same,69,202,2,4,0069_2.jpg,0202_4.jpg,0,0.5799097418785095
cross_same_same,69,205,2,4,0069_2.jpg,0205_4.jpg,0,0.3641710877418518
cross_same_same,69,210,2,4,0069_2.jpg,0210_4.jpg,0,0.37740445137023926
cross_same_same,69,218,2,4,0069_2.jpg,0218_4.jpg,0,0.6524189114570618
cross_same_same,69,222,2,4,0069_2.jpg,0222_4.jpg,0,0.27228379249572754
cross_same_same,69,238,2,4,0069_2.jpg,0238_4.jpg,0,0.2665204405784607
cross_same_same,69,253,2,4,0069_2.jpg,0253_4.jpg,0,0.6184386014938354
cross_same_same,69,254,2,4,0069_2.jpg,0254_4.jpg,0,0.07970628887414932
cross_same_same,69,257,2,4,0069_2.jpg,0257_4.jpg,0,0.23373715579509735
cross_same_same,69,258,2,4,0069_2.jpg,0258_4.jpg,0,0.10637931525707245
cross_same_same,69,268,2,4,0069_2.jpg,0268_4.jpg,0,0.2451053410768509
cross_same_same,69,269,2,4,0069_2.jpg,0269_4.jpg,0,0.441403329372406
cross_same_same,69,270,2,4,0069_2.jpg,0270_4.jpg,0,0.3451281785964966
cross_same_same,69,277,2,4,0069_2.jpg,0277_4.jpg,0,0.5435423254966736
cross_same_same,69,278,2,4,0069_2.jpg,0278_4.jpg,0,0.41204288601875305
cross_same_same,73,5,2,4,0073_2.jpg,0005_4.jpg,0,0.13523733615875244
cross_same_same,73,9,2,4,0073_2.jpg,0009_4.jpg,0,0.17756035923957825
cross_same_same,73,10,2,4,0073_2.jpg,0010_4.jpg,0,0.5504299402236938
cross_same_same,73,28,2,4,0073_2.jpg,0028_4.jpg,0,0.43175169825553894
cross_same_same,73,32,2,4,0073_2.jpg,0032_4.jpg,0,-0.027766725048422813
cross_same_same,73,33,2,4,0073_2.jpg,0033_4.jpg,0,0.3111826479434967
cross_same_same,73,34,2,4,0073_2.jpg,0034_4.jpg,0,0.06115555763244629
cross_same_same,73,44,2,4,0073_2.jpg,0044_4.jpg,0,0.4599798321723938
cross_same_same,73,51,2,4,0073_2.jpg,0051_4.jpg,0,0.487698495388031
cross_same_same,73,54,2,4,0073_2.jpg,0054_4.jpg,0,0.1537272036075592
cross_same_same,73,63,2,4,0073_2.jpg,0063_4.jpg,0,0.025778423994779587
cross_same_same,73,68,2,4,0073_2.jpg,0068_4.jpg,0,0.4947124123573303
cross_same_same,73,69,2,4,0073_2.jpg,0069_4.jpg,0,0.29765504598617554
cross_same_same,73,73,2,4,0073_2.jpg,0073_4.jpg,1,0.8842043876647949
cross_same_same,73,95,2,4,0073_2.jpg,0095_4.jpg,0,0.1870221644639969
cross_same_same,73,121,2,4,0073_2.jpg,0121_4.jpg,0,0.062202490866184235
cross_same_same,73,128,2,4,0073_2.jpg,0128_4.jpg,0,0.051420457661151886
cross_same_same,73,129,2,4,0073_2.jpg,0129_4.jpg,0,0.2500450909137726
cross_same_same,73,131,2,4,0073_2.jpg,0131_4.jpg,0,0.44611865282058716
cross_same_same,73,139,2,4,0073_2.jpg,0139_4.jpg,0,0.19878622889518738
cross_same_same,73,144,2,4,0073_2.jpg,0144_4.jpg,0,0.003842428093776107
cross_same_same,73,145,2,4,0073_2.jpg,0145_4.jpg,0,0.558477520942688
cross_same_same,73,150,2,4,0073_2.jpg,0150_4.jpg,0,0.5387131571769714
cross_same_same,73,160,2,4,0073_2.jpg,0160_4.jpg,0,0.34969115257263184
cross_same_same,73,165,2,4,0073_2.jpg,0165_4.jpg,0,0.2252330482006073
cross_same_same,73,166,2,4,0073_2.jpg,0166_4.jpg,0,0.5298959612846375
cross_same_same,73,170,2,4,0073_2.jpg,0170_4.jpg,0,0.2927584648132324
cross_same_same,73,174,2,4,0073_2.jpg,0174_4.jpg,0,-0.0945066437125206
cross_same_same,73,176,2,4,0073_2.jpg,0176_4.jpg,0,0.5370426774024963
cross_same_same,73,193,2,4,0073_2.jpg,0193_4.jpg,0,0.7232269048690796
cross_same_same,73,202,2,4,0073_2.jpg,0202_4.jpg,0,0.19971933960914612
cross_same_same,73,205,2,4,0073_2.jpg,0205_4.jpg,0,0.15310698747634888
cross_same_same,73,210,2,4,0073_2.jpg,0210_4.jpg,0,0.14969748258590698
cross_same_same,73,218,2,4,0073_2.jpg,0218_4.jpg,0,0.2549710273742676
cross_same_same,73,222,2,4,0073_2.jpg,0222_4.jpg,0,-0.10221008211374283
cross_same_same,73,238,2,4,0073_2.jpg,0238_4.jpg,0,-0.16515132784843445
cross_same_same,73,253,2,4,0073_2.jpg,0253_4.jpg,0,0.30061161518096924
cross_same_same,73,254,2,4,0073_2.jpg,0254_4.jpg,0,-0.11614972352981567
cross_same_same,73,257,2,4,0073_2.jpg,0257_4.jpg,0,0.006956604775041342
cross_same_same,73,258,2,4,0073_2.jpg,0258_4.jpg,0,-0.32297948002815247
cross_same_same,73,268,2,4,0073_2.jpg,0268_4.jpg,0,0.1644284874200821
cross_same_same,73,269,2,4,0073_2.jpg,0269_4.jpg,0,-0.06614372134208679
cross_same_same,73,270,2,4,0073_2.jpg,0270_4.jpg,0,0.26178663969039917
cross_same_same,73,277,2,4,0073_2.jpg,0277_4.jpg,0,0.22685274481773376
cross_same_same,73,278,2,4,0073_2.jpg,0278_4.jpg,0,0.020453741773962975
cross_same_same,95,5,2,4,0095_2.jpg,0005_4.jpg,0,0.7487339973449707
cross_same_same,95,9,2,4,0095_2.jpg,0009_4.jpg,0,0.5438212156295776
cross_same_same,95,10,2,4,0095_2.jpg,0010_4.jpg,0,0.3909699618816376
cross_same_same,95,28,2,4,0095_2.jpg,0028_4.jpg,0,0.2817848026752472
cross_same_same,95,32,2,4,0095_2.jpg,0032_4.jpg,0,0.6609176993370056
cross_same_same,95,33,2,4,0095_2.jpg,0033_4.jpg,0,0.6986412405967712
cross_same_same,95,34,2,4,0095_2.jpg,0034_4.jpg,0,0.6452493071556091
cross_same_same,95,44,2,4,0095_2.jpg,0044_4.jpg,0,0.4487815797328949
cross_same_same,95,51,2,4,0095_2.jpg,0051_4.jpg,0,0.6112455129623413
cross_same_same,95,54,2,4,0095_2.jpg,0054_4.jpg,0,0.6353451609611511
cross_same_same,95,63,2,4,0095_2.jpg,0063_4.jpg,0,0.6303285956382751
cross_same_same,95,68,2,4,0095_2.jpg,0068_4.jpg,0,0.800963282585144
cross_same_same,95,69,2,4,0095_2.jpg,0069_4.jpg,0,0.7314710021018982
cross_same_same,95,73,2,4,0095_2.jpg,0073_4.jpg,0,0.33365598320961
cross_same_same,95,95,2,4,0095_2.jpg,0095_4.jpg,1,0.8770453929901123
cross_same_same,95,121,2,4,0095_2.jpg,0121_4.jpg,0,0.7506245970726013
cross_same_same,95,128,2,4,0095_2.jpg,0128_4.jpg,0,0.7107565402984619
cross_same_same,95,129,2,4,0095_2.jpg,0129_4.jpg,0,0.5249341726303101
cross_same_same,95,131,2,4,0095_2.jpg,0131_4.jpg,0,0.3574175238609314
cross_same_same,95,139,2,4,0095_2.jpg,0139_4.jpg,0,0.7092885971069336
cross_same_same,95,144,2,4,0095_2.jpg,0144_4.jpg,0,0.8817889094352722
cross_same_same,95,145,2,4,0095_2.jpg,0145_4.jpg,0,0.48729175329208374
cross_same_same,95,150,2,4,0095_2.jpg,0150_4.jpg,0,0.23879387974739075
cross_same_same,95,160,2,4,0095_2.jpg,0160_4.jpg,0,0.40256789326667786
cross_same_same,95,165,2,4,0095_2.jpg,0165_4.jpg,0,0.24234652519226074
cross_same_same,95,166,2,4,0095_2.jpg,0166_4.jpg,0,0.26929807662963867
cross_same_same,95,170,2,4,0095_2.jpg,0170_4.jpg,0,0.46094974875450134
cross_same_same,95,174,2,4,0095_2.jpg,0174_4.jpg,0,0.5754781365394592
cross_same_same,95,176,2,4,0095_2.jpg,0176_4.jpg,0,0.27877649664878845
cross_same_same,95,193,2,4,0095_2.jpg,0193_4.jpg,0,0.18116243183612823
cross_same_same,95,202,2,4,0095_2.jpg,0202_4.jpg,0,0.6224875450134277
cross_same_same,95,205,2,4,0095_2.jpg,0205_4.jpg,0,0.743611216545105
cross_same_same,95,210,2,4,0095_2.jpg,0210_4.jpg,0,0.3596392273902893
cross_same_same,95,218,2,4,0095_2.jpg,0218_4.jpg,0,0.6681303977966309
cross_same_same,95,222,2,4,0095_2.jpg,0222_4.jpg,0,0.8055591583251953
cross_same_same,95,238,2,4,0095_2.jpg,0238_4.jpg,0,0.7978480458259583
cross_same_same,95,253,2,4,0095_2.jpg,0253_4.jpg,0,0.4357690215110779
cross_same_same,95,254,2,4,0095_2.jpg,0254_4.jpg,0,0.6879807114601135
cross_same_same,95,257,2,4,0095_2.jpg,0257_4.jpg,0,0.6948500275611877
cross_same_same,95,258,2,4,0095_2.jpg,0258_4.jpg,0,0.7458139657974243
cross_same_same,95,268,2,4,0095_2.jpg,0268_4.jpg,0,0.7063593864440918
cross_same_same,95,269,2,4,0095_2.jpg,0269_4.jpg,0,0.8511837124824524
cross_same_same,95,270,2,4,0095_2.jpg,0270_4.jpg,0,0.6743841767311096
cross_same_same,95,277,2,4,0095_2.jpg,0277_4.jpg,0,0.6897779703140259
cross_same_same,95,278,2,4,0095_2.jpg,0278_4.jpg,0,0.8113182783126831
cross_same_same,121,5,2,4,0121_2.jpg,0005_4.jpg,0,0.4420629143714905
cross_same_same,121,9,2,4,0121_2.jpg,0009_4.jpg,0,0.3065843880176544
cross_same_same,121,10,2,4,0121_2.jpg,0010_4.jpg,0,0.43425431847572327
cross_same_same,121,28,2,4,0121_2.jpg,0028_4.jpg,0,0.4854198694229126
cross_same_same,121,32,2,4,0121_2.jpg,0032_4.jpg,0,0.6138367056846619
cross_same_same,121,33,2,4,0121_2.jpg,0033_4.jpg,0,0.22102327644824982
cross_same_same,121,34,2,4,0121_2.jpg,0034_4.jpg,0,0.6113411784172058
cross_same_same,121,44,2,4,0121_2.jpg,0044_4.jpg,0,0.6904937028884888
cross_same_same,121,51,2,4,0121_2.jpg,0051_4.jpg,0,0.26937639713287354
cross_same_same,121,54,2,4,0121_2.jpg,0054_4.jpg,0,0.6982616186141968
cross_same_same,121,63,2,4,0121_2.jpg,0063_4.jpg,0,0.29771003127098083
cross_same_same,121,68,2,4,0121_2.jpg,0068_4.jpg,0,0.6293523907661438
cross_same_same,121,69,2,4,0121_2.jpg,0069_4.jpg,0,0.25814905762672424
cross_same_same,121,73,2,4,0121_2.jpg,0073_4.jpg,0,0.3367908000946045
cross_same_same,121,95,2,4,0121_2.jpg,0095_4.jpg,0,0.8177887201309204
cross_same_same,121,121,2,4,0121_2.jpg,0121_4.jpg,1,0.7710657715797424
cross_same_same,121,128,2,4,0121_2.jpg,0128_4.jpg,0,0.27249616384506226
cross_same_same,121,129,2,4,0121_2.jpg,0129_4.jpg,0,-0.05450760945677757
cross_same_same,121,131,2,4,0121_2.jpg,0131_4.jpg,0,0.5372302532196045
cross_same_same,121,139,2,4,0121_2.jpg,0139_4.jpg,0,0.24525199830532074
cross_same_same,121,144,2,4,0121_2.jpg,0144_4.jpg,0,0.5440847277641296
cross_same_same,121,145,2,4,0121_2.jpg,0145_4.jpg,0,0.2239079624414444
cross_same_same,121,150,2,4,0121_2.jpg,0150_4.jpg,0,0.5871142148971558
cross_same_same,121,160,2,4,0121_2.jpg,0160_4.jpg,0,0.1546821892261505
cross_same_same,121,165,2,4,0121_2.jpg,0165_4.jpg,0,0.11158600449562073
cross_same_same,121,166,2,4,0121_2.jpg,0166_4.jpg,0,0.376350462436676
cross_same_same,121,170,2,4,0121_2.jpg,0170_4.jpg,0,-0.06555720418691635
cross_same_same,121,174,2,4,0121_2.jpg,0174_4.jpg,0,-0.005349162966012955
cross_same_same,121,176,2,4,0121_2.jpg,0176_4.jpg,0,0.45201125741004944
cross_same_same,121,193,2,4,0121_2.jpg,0193_4.jpg,0,0.4805689752101898
cross_same_same,121,202,2,4,0121_2.jpg,0202_4.jpg,0,0.7476164698600769
cross_same_same,121,205,2,4,0121_2.jpg,0205_4.jpg,0,0.24425719678401947
cross_same_same,121,210,2,4,0121_2.jpg,0210_4.jpg,0,0.18096347153186798
cross_same_same,121,218,2,4,0121_2.jpg,0218_4.jpg,0,0.9107274413108826
cross_same_same,121,222,2,4,0121_2.jpg,0222_4.jpg,0,0.4655810594558716
cross_same_same,121,238,2,4,0121_2.jpg,0238_4.jpg,0,0.4677322208881378
cross_same_same,121,253,2,4,0121_2.jpg,0253_4.jpg,0,0.5796996355056763
cross_same_same,121,254,2,4,0121_2.jpg,0254_4.jpg,0,0.1040847897529602
cross_same_same,121,257,2,4,0121_2.jpg,0257_4.jpg,0,0.1490098387002945
cross_same_same,121,258,2,4,0121_2.jpg,0258_4.jpg,0,0.38302987813949585
cross_same_same,121,268,2,4,0121_2.jpg,0268_4.jpg,0,0.2859041094779968
cross_same_same,121,269,2,4,0121_2.jpg,0269_4.jpg,0,0.5814094543457031
cross_same_same,121,270,2,4,0121_2.jpg,0270_4.jpg,0,0.17850139737129211
cross_same_same,121,277,2,4,0121_2.jpg,0277_4.jpg,0,0.41039830446243286
cross_same_same,121,278,2,4,0121_2.jpg,0278_4.jpg,0,0.5009005069732666
cross_same_same,128,5,2,4,0128_2.jpg,0005_4.jpg,0,0.7119684815406799
cross_same_same,128,9,2,4,0128_2.jpg,0009_4.jpg,0,0.8328232765197754
cross_same_same,128,10,2,4,0128_2.jpg,0010_4.jpg,0,0.18359266221523285
cross_same_same,128,28,2,4,0128_2.jpg,0028_4.jpg,0,0.6853998303413391
cross_same_same,128,32,2,4,0128_2.jpg,0032_4.jpg,0,0.6769675612449646
cross_same_same,128,33,2,4,0128_2.jpg,0033_4.jpg,0,0.5759337544441223
cross_same_same,128,34,2,4,0128_2.jpg,0034_4.jpg,0,0.5747038722038269
cross_same_same,128,44,2,4,0128_2.jpg,0044_4.jpg,0,0.44413650035858154
cross_same_same,128,51,2,4,0128_2.jpg,0051_4.jpg,0,0.7785168290138245
cross_same_same,128,54,2,4,0128_2.jpg,0054_4.jpg,0,0.7664332389831543
cross_same_same,128,63,2,4,0128_2.jpg,0063_4.jpg,0,0.7185651063919067
cross_same_same,128,68,2,4,0128_2.jpg,0068_4.jpg,0,0.6444640755653381
cross_same_same,128,69,2,4,0128_2.jpg,0069_4.jpg,0,0.5353032350540161
cross_same_same,128,73,2,4,0128_2.jpg,0073_4.jpg,0,0.37848109006881714
cross_same_same,128,95,2,4,0128_2.jpg,0095_4.jpg,0,0.4840712547302246
cross_same_same,128,121,2,4,0128_2.jpg,0121_4.jpg,0,0.40139493346214294
cross_same_same,128,128,2,4,0128_2.jpg,0128_4.jpg,1,0.7666125893592834
cross_same_same,128,129,2,4,0128_2.jpg,0129_4.jpg,0,0.5051668882369995
cross_same_same,128,131,2,4,0128_2.jpg,0131_4.jpg,0,0.6659937500953674
cross_same_same,128,139,2,4,0128_2.jpg,0139_4.jpg,0,0.43185558915138245
cross_same_same,128,144,2,4,0128_2.jpg,0144_4.jpg,0,0.5622698068618774
cross_same_same,128,145,2,4,0128_2.jpg,0145_4.jpg,0,0.45993781089782715
cross_same_same,128,150,2,4,0128_2.jpg,0150_4.jpg,0,0.4233165979385376
cross_same_same,128,160,2,4,0128_2.jpg,0160_4.jpg,0,0.8802087306976318
cross_same_same,128,165,2,4,0128_2.jpg,0165_4.jpg,0,0.7678900957107544
cross_same_same,128,166,2,4,0128_2.jpg,0166_4.jpg,0,0.6608768701553345
cross_same_same,128,170,2,4,0128_2.jpg,0170_4.jpg,0,0.5443326234817505
cross_same_same,128,174,2,4,0128_2.jpg,0174_4.jpg,0,0.5806070566177368
cross_same_same,128,176,2,4,0128_2.jpg,0176_4.jpg,0,0.6045801639556885
cross_same_same,128,193,2,4,0128_2.jpg,0193_4.jpg,0,0.02892562560737133
cross_same_same,128,202,2,4,0128_2.jpg,0202_4.jpg,0,0.2977445423603058
cross_same_same,128,205,2,4,0128_2.jpg,0205_4.jpg,0,0.5834652185440063
cross_same_same,128,210,2,4,0128_2.jpg,0210_4.jpg,0,0.851378321647644
cross_same_same,128,218,2,4,0128_2.jpg,0218_4.jpg,0,0.31138044595718384
cross_same_same,128,222,2,4,0128_2.jpg,0222_4.jpg,0,0.49798524379730225
cross_same_same,128,238,2,4,0128_2.jpg,0238_4.jpg,0,0.6302904486656189
cross_same_same,128,253,2,4,0128_2.jpg,0253_4.jpg,0,0.7584711313247681
cross_same_same,128,254,2,4,0128_2.jpg,0254_4.jpg,0,0.46516910195350647
cross_same_same,128,257,2,4,0128_2.jpg,0257_4.jpg,0,0.4633561074733734
cross_same_same,128,258,2,4,0128_2.jpg,0258_4.jpg,0,0.5459309220314026
cross_same_same,128,268,2,4,0128_2.jpg,0268_4.jpg,0,0.33993709087371826
cross_same_same,128,269,2,4,0128_2.jpg,0269_4.jpg,0,0.4856870770454407
cross_same_same,128,270,2,4,0128_2.jpg,0270_4.jpg,0,0.5260902643203735
cross_same_same,128,277,2,4,0128_2.jpg,0277_4.jpg,0,0.7645382881164551
cross_same_same,128,278,2,4,0128_2.jpg,0278_4.jpg,0,0.7143251895904541
cross_same_same,129,5,2,4,0129_2.jpg,0005_4.jpg,0,0.39416736364364624
cross_same_same,129,9,2,4,0129_2.jpg,0009_4.jpg,0,0.6033437848091125
cross_same_same,129,10,2,4,0129_2.jpg,0010_4.jpg,0,0.41556015610694885
cross_same_same,129,28,2,4,0129_2.jpg,0028_4.jpg,0,0.5801528096199036
cross_same_same,129,32,2,4,0129_2.jpg,0032_4.jpg,0,0.3846335709095001
cross_same_same,129,33,2,4,0129_2.jpg,0033_4.jpg,0,0.5677663683891296
cross_same_same,129,34,2,4,0129_2.jpg,0034_4.jpg,0,0.29573196172714233
cross_same_same,129,44,2,4,0129_2.jpg,0044_4.jpg,0,0.4352770149707794
cross_same_same,129,51,2,4,0129_2.jpg,0051_4.jpg,0,0.7842275500297546
cross_same_same,129,54,2,4,0129_2.jpg,0054_4.jpg,0,0.4624909460544586
cross_same_same,129,63,2,4,0129_2.jpg,0063_4.jpg,0,0.47505974769592285
cross_same_same,129,68,2,4,0129_2.jpg,0068_4.jpg,0,0.5709130764007568
cross_same_same,129,69,2,4,0129_2.jpg,0069_4.jpg,0,0.5523650050163269
cross_same_same,129,73,2,4,0129_2.jpg,0073_4.jpg,0,0.7709478139877319
cross_same_same,129,95,2,4,0129_2.jpg,0095_4.jpg,0,0.3019886016845703
cross_same_same,129,121,2,4,0129_2.jpg,0121_4.jpg,0,0.16882845759391785
cross_same_same,129,128,2,4,0129_2.jpg,0128_4.jpg,0,0.44976040720939636
cross_same_same,129,129,2,4,0129_2.jpg,0129_4.jpg,1,0.5569553971290588
cross_same_same,129,131,2,4,0129_2.jpg,0131_4.jpg,0,0.6247044801712036
cross_same_same,129,139,2,4,0129_2.jpg,0139_4.jpg,0,0.4296294152736664
cross_same_same,129,144,2,4,0129_2.jpg,0144_4.jpg,0,0.3322400152683258
cross_same_same,129,145,2,4,0129_2.jpg,0145_4.jpg,0,0.6237068772315979
cross_same_same,129,150,2,4,0129_2.jpg,0150_4.jpg,0,0.435104101896286
cross_same_same,129,160,2,4,0129_2.jpg,0160_4.jpg,0,0.6359182596206665
cross_same_same,129,165,2,4,0129_2.jpg,0165_4.jpg,0,0.6236860752105713
cross_same_same,129,166,2,4,0129_2.jpg,0166_4.jpg,0,0.709251344203949
cross_same_same,129,170,2,4,0129_2.jpg,0170_4.jpg,0,0.5673775672912598
cross_same_same,129,174,2,4,0129_2.jpg,0174_4.jpg,0,0.3967186510562897
cross_same_same,129,176,2,4,0129_2.jpg,0176_4.jpg,0,0.5608612298965454
cross_same_same,129,193,2,4,0129_2.jpg,0193_4.jpg,0,0.4021013081073761
cross_same_same,129,202,2,4,0129_2.jpg,0202_4.jpg,0,0.2766742408275604
cross_same_same,129,205,2,4,0129_2.jpg,0205_4.jpg,0,0.5045108795166016
cross_same_same,129,210,2,4,0129_2.jpg,0210_4.jpg,0,0.5879715085029602
cross_same_same,129,218,2,4,0129_2.jpg,0218_4.jpg,0,0.20612046122550964
cross_same_same,129,222,2,4,0129_2.jpg,0222_4.jpg,0,0.24330003559589386
cross_same_same,129,238,2,4,0129_2.jpg,0238_4.jpg,0,0.19038788974285126
cross_same_same,129,253,2,4,0129_2.jpg,0253_4.jpg,0,0.4767870306968689
cross_same_same,129,254,2,4,0129_2.jpg,0254_4.jpg,0,0.23621897399425507
cross_same_same,129,257,2,4,0129_2.jpg,0257_4.jpg,0,0.3782351613044739
cross_same_same,129,258,2,4,0129_2.jpg,0258_4.jpg,0,0.11993131786584854
cross_same_same,129,268,2,4,0129_2.jpg,0268_4.jpg,0,0.3665009140968323
cross_same_same,129,269,2,4,0129_2.jpg,0269_4.jpg,0,0.20010265707969666
cross_same_same,129,270,2,4,0129_2.jpg,0270_4.jpg,0,0.5461447238922119
cross_same_same,129,277,2,4,0129_2.jpg,0277_4.jpg,0,0.6246359348297119
cross_same_same,129,278,2,4,0129_2.jpg,0278_4.jpg,0,0.4708973169326782
cross_same_same,131,5,2,4,0131_2.jpg,0005_4.jpg,0,0.5156146883964539
cross_same_same,131,9,2,4,0131_2.jpg,0009_4.jpg,0,0.6213513016700745
cross_same_same,131,10,2,4,0131_2.jpg,0010_4.jpg,0,0.0764625072479248
cross_same_same,131,28,2,4,0131_2.jpg,0028_4.jpg,0,0.767320990562439
cross_same_same,131,32,2,4,0131_2.jpg,0032_4.jpg,0,0.8128509521484375
cross_same_same,131,33,2,4,0131_2.jpg,0033_4.jpg,0,0.14494706690311432
cross_same_same,131,34,2,4,0131_2.jpg,0034_4.jpg,0,0.8059566617012024
cross_same_same,131,44,2,4,0131_2.jpg,0044_4.jpg,0,0.8614295125007629
cross_same_same,131,51,2,4,0131_2.jpg,0051_4.jpg,0,0.3386845290660858
cross_same_same,131,54,2,4,0131_2.jpg,0054_4.jpg,0,0.8761394619941711
cross_same_same,131,63,2,4,0131_2.jpg,0063_4.jpg,0,0.5203055143356323
cross_same_same,131,68,2,4,0131_2.jpg,0068_4.jpg,0,0.5377851724624634
cross_same_same,131,69,2,4,0131_2.jpg,0069_4.jpg,0,0.14592988789081573
cross_same_same,131,73,2,4,0131_2.jpg,0073_4.jpg,0,0.2910909652709961
cross_same_same,131,95,2,4,0131_2.jpg,0095_4.jpg,0,0.6376176476478577
cross_same_same,131,121,2,4,0131_2.jpg,0121_4.jpg,0,0.7160078287124634
cross_same_same,131,128,2,4,0131_2.jpg,0128_4.jpg,0,0.3888619840145111
cross_same_same,131,129,2,4,0131_2.jpg,0129_4.jpg,0,-0.1276453286409378
cross_same_same,131,131,2,4,0131_2.jpg,0131_4.jpg,1,0.8267181515693665
cross_same_same,131,139,2,4,0131_2.jpg,0139_4.jpg,0,-0.09563993662595749
cross_same_same,131,144,2,4,0131_2.jpg,0144_4.jpg,0,0.4832369089126587
cross_same_same,131,145,2,4,0131_2.jpg,0145_4.jpg,0,-0.06210858374834061
cross_same_same,131,150,2,4,0131_2.jpg,0150_4.jpg,0,0.7984300851821899
cross_same_same,131,160,2,4,0131_2.jpg,0160_4.jpg,0,0.4402608275413513
cross_same_same,131,165,2,4,0131_2.jpg,0165_4.jpg,0,0.5267031192779541
cross_same_same,131,166,2,4,0131_2.jpg,0166_4.jpg,0,0.7217608690261841
cross_same_same,131,170,2,4,0131_2.jpg,0170_4.jpg,0,-0.1666562855243683
cross_same_same,131,174,2,4,0131_2.jpg,0174_4.jpg,0,0.002894239965826273
cross_same_same,131,176,2,4,0131_2.jpg,0176_4.jpg,0,0.795842707157135
cross_same_same,131,193,2,4,0131_2.jpg,0193_4.jpg,0,0.22675244510173798
cross_same_same,131,202,2,4,0131_2.jpg,0202_4.jpg,0,0.7460792660713196
cross_same_same,131,205,2,4,0131_2.jpg,0205_4.jpg,0,0.13688397407531738
cross_same_same,131,210,2,4,0131_2.jpg,0210_4.jpg,0,0.5050127506256104
cross_same_same,131,218,2,4,0131_2.jpg,0218_4.jpg,0,0.7743220329284668
cross_same_same,131,222,2,4,0131_2.jpg,0222_4.jpg,0,0.4369427263736725
cross_same_same,131,238,2,4,0131_2.jpg,0238_4.jpg,0,0.4839681088924408
cross_same_same,131,253,2,4,0131_2.jpg,0253_4.jpg,0,0.8520092368125916
cross_same_same,131,254,2,4,0131_2.jpg,0254_4.jpg,0,-0.030355775728821754
cross_same_same,131,257,2,4,0131_2.jpg,0257_4.jpg,0,0.005113852676004171
cross_same_same,131,258,2,4,0131_2.jpg,0258_4.jpg,0,0.40699687600135803
cross_same_same,131,268,2,4,0131_2.jpg,0268_4.jpg,0,-0.002295993734151125
cross_same_same,131,269,2,4,0131_2.jpg,0269_4.jpg,0,0.5002750754356384
cross_same_same,131,270,2,4,0131_2.jpg,0270_4.jpg,0,0.07734613120555878
cross_same_same,131,277,2,4,0131_2.jpg,0277_4.jpg,0,0.5787298083305359
cross_same_same,131,278,2,4,0131_2.jpg,0278_4.jpg,0,0.5214959383010864
cross_same_same,139,5,2,4,0139_2.jpg,0005_4.jpg,0,0.7020987868309021
cross_same_same,139,9,2,4,0139_2.jpg,0009_4.jpg,0,0.7752635478973389
cross_same_same,139,10,2,4,0139_2.jpg,0010_4.jpg,0,0.25324445962905884
cross_same_same,139,28,2,4,0139_2.jpg,0028_4.jpg,0,0.5355361104011536
cross_same_same,139,32,2,4,0139_2.jpg,0032_4.jpg,0,0.5626153945922852
cross_same_same,139,33,2,4,0139_2.jpg,0033_4.jpg,0,0.5648752450942993
cross_same_same,139,34,2,4,0139_2.jpg,0034_4.jpg,0,0.40142297744750977
cross_same_same,139,44,2,4,0139_2.jpg,0044_4.jpg,0,0.3184405565261841
cross_same_same,139,51,2,4,0139_2.jpg,0051_4.jpg,0,0.8235989809036255
cross_same_same,139,54,2,4,0139_2.jpg,0054_4.jpg,0,0.5996390581130981
cross_same_same,139,63,2,4,0139_2.jpg,0063_4.jpg,0,0.6550013422966003
cross_same_same,139,68,2,4,0139_2.jpg,0068_4.jpg,0,0.5997821688652039
cross_same_same,139,69,2,4,0139_2.jpg,0069_4.jpg,0,0.5789977312088013
cross_same_same,139,73,2,4,0139_2.jpg,0073_4.jpg,0,0.3679041862487793
cross_same_same,139,95,2,4,0139_2.jpg,0095_4.jpg,0,0.34407028555870056
cross_same_same,139,121,2,4,0139_2.jpg,0121_4.jpg,0,0.38839414715766907
cross_same_same,139,128,2,4,0139_2.jpg,0128_4.jpg,0,0.7220639586448669
cross_same_same,139,129,2,4,0139_2.jpg,0129_4.jpg,0,0.6600164175033569
cross_same_same,139,131,2,4,0139_2.jpg,0131_4.jpg,0,0.47362950444221497
cross_same_same,139,139,2,4,0139_2.jpg,0139_4.jpg,1,0.5341483354568481
cross_same_same,139,144,2,4,0139_2.jpg,0144_4.jpg,0,0.558439314365387
cross_same_same,139,145,2,4,0139_2.jpg,0145_4.jpg,0,0.5049935579299927
cross_same_same,139,150,2,4,0139_2.jpg,0150_4.jpg,0,0.27122312784194946
cross_same_same,139,160,2,4,0139_2.jpg,0160_4.jpg,0,0.8890894055366516
cross_same_same,139,165,2,4,0139_2.jpg,0165_4.jpg,0,0.6781752705574036
cross_same_same,139,166,2,4,0139_2.jpg,0166_4.jpg,0,0.5227327346801758
cross_same_same,139,170,2,4,0139_2.jpg,0170_4.jpg,0,0.7212328314781189
cross_same_same,139,174,2,4,0139_2.jpg,0174_4.jpg,0,0.6599245071411133
cross_same_same,139,176,2,4,0139_2.jpg,0176_4.jpg,0,0.47748613357543945
cross_same_same,139,193,2,4,0139_2.jpg,0193_4.jpg,0,0.002970524365082383
cross_same_same,139,202,2,4,0139_2.jpg,0202_4.jpg,0,0.17521078884601593
cross_same_same,139,205,2,4,0139_2.jpg,0205_4.jpg,0,0.5933535695075989
cross_same_same,139,210,2,4,0139_2.jpg,0210_4.jpg,0,0.7738290429115295
cross_same_same,139,218,2,4,0139_2.jpg,0218_4.jpg,0,0.17713305354118347
cross_same_same,139,222,2,4,0139_2.jpg,0222_4.jpg,0,0.49781596660614014
cross_same_same,139,238,2,4,0139_2.jpg,0238_4.jpg,0,0.5734769105911255
cross_same_same,139,253,2,4,0139_2.jpg,0253_4.jpg,0,0.6225741505622864
cross_same_same,139,254,2,4,0139_2.jpg,0254_4.jpg,0,0.5197473764419556
cross_same_same,139,257,2,4,0139_2.jpg,0257_4.jpg,0,0.5171359181404114
cross_same_same,139,258,2,4,0139_2.jpg,0258_4.jpg,0,0.5603510737419128
cross_same_same,139,268,2,4,0139_2.jpg,0268_4.jpg,0,0.458363801240921
cross_same_same,139,269,2,4,0139_2.jpg,0269_4.jpg,0,0.5174636244773865
cross_same_same,139,270,2,4,0139_2.jpg,0270_4.jpg,0,0.52821946144104
cross_same_same,139,277,2,4,0139_2.jpg,0277_4.jpg,0,0.7799903154373169
cross_same_same,139,278,2,4,0139_2.jpg,0278_4.jpg,0,0.6443362832069397
cross_same_same,144,5,2,4,0144_2.jpg,0005_4.jpg,0,0.7632914781570435
cross_same_same,144,9,2,4,0144_2.jpg,0009_4.jpg,0,0.6593040227890015
cross_same_same,144,10,2,4,0144_2.jpg,0010_4.jpg,0,0.003007730236276984
cross_same_same,144,28,2,4,0144_2.jpg,0028_4.jpg,0,0.18894627690315247
cross_same_same,144,32,2,4,0144_2.jpg,0032_4.jpg,0,0.768625020980835
cross_same_same,144,33,2,4,0144_2.jpg,0033_4.jpg,0,0.706092894077301
cross_same_same,144,34,2,4,0144_2.jpg,0034_4.jpg,0,0.6246037483215332
cross_same_same,144,44,2,4,0144_2.jpg,0044_4.jpg,0,0.27576327323913574
cross_same_same,144,51,2,4,0144_2.jpg,0051_4.jpg,0,0.5929839611053467
cross_same_same,144,54,2,4,0144_2.jpg,0054_4.jpg,0,0.5650331974029541
cross_same_same,144,63,2,4,0144_2.jpg,0063_4.jpg,0,0.8247231841087341
cross_same_same,144,68,2,4,0144_2.jpg,0068_4.jpg,0,0.5276284217834473
cross_same_same,144,69,2,4,0144_2.jpg,0069_4.jpg,0,0.6707429885864258
cross_same_same,144,73,2,4,0144_2.jpg,0073_4.jpg,0,0.06689312309026718
cross_same_same,144,95,2,4,0144_2.jpg,0095_4.jpg,0,0.6270909309387207
cross_same_same,144,121,2,4,0144_2.jpg,0121_4.jpg,0,0.6481636166572571
cross_same_same,144,128,2,4,0144_2.jpg,0128_4.jpg,0,0.8423973321914673
cross_same_same,144,129,2,4,0144_2.jpg,0129_4.jpg,0,0.5967168807983398
cross_same_same,144,131,2,4,0144_2.jpg,0131_4.jpg,0,0.27254316210746765
cross_same_same,144,139,2,4,0144_2.jpg,0139_4.jpg,0,0.5771894454956055
cross_same_same,144,144,2,4,0144_2.jpg,0144_4.jpg,1,0.8977047204971313
cross_same_same,144,145,2,4,0144_2.jpg,0145_4.jpg,0,0.19800911843776703
cross_same_same,144,150,2,4,0144_2.jpg,0150_4.jpg,0,0.034949008375406265
cross_same_same,144,160,2,4,0144_2.jpg,0160_4.jpg,0,0.4726187288761139
cross_same_same,144,165,2,4,0144_2.jpg,0165_4.jpg,0,0.4134909212589264
cross_same_same,144,166,2,4,0144_2.jpg,0166_4.jpg,0,0.2724938690662384
cross_same_same,144,170,2,4,0144_2.jpg,0170_4.jpg,0,0.4799281358718872
cross_same_same,144,174,2,4,0144_2.jpg,0174_4.jpg,0,0.7745651006698608
cross_same_same,144,176,2,4,0144_2.jpg,0176_4.jpg,0,0.21474392712116241
cross_same_same,144,193,2,4,0144_2.jpg,0193_4.jpg,0,-0.24254612624645233
cross_same_same,144,202,2,4,0144_2.jpg,0202_4.jpg,0,0.5007973909378052
cross_same_same,144,205,2,4,0144_2.jpg,0205_4.jpg,0,0.7910788655281067
cross_same_same,144,210,2,4,0144_2.jpg,0210_4.jpg,0,0.451239675283432
cross_same_same,144,218,2,4,0144_2.jpg,0218_4.jpg,0,0.36938121914863586
cross_same_same,144,222,2,4,0144_2.jpg,0222_4.jpg,0,0.8800480365753174
cross_same_same,144,238,2,4,0144_2.jpg,0238_4.jpg,0,0.7985556721687317
cross_same_same,144,253,2,4,0144_2.jpg,0253_4.jpg,0,0.3475147783756256
cross_same_same,144,254,2,4,0144_2.jpg,0254_4.jpg,0,0.7846015691757202
cross_same_same,144,257,2,4,0144_2.jpg,0257_4.jpg,0,0.7746231555938721
cross_same_same,144,258,2,4,0144_2.jpg,0258_4.jpg,0,0.8935819268226624
cross_same_same,144,268,2,4,0144_2.jpg,0268_4.jpg,0,0.6204934120178223
cross_same_same,144,269,2,4,0144_2.jpg,0269_4.jpg,0,0.8313046097755432
cross_same_same,144,270,2,4,0144_2.jpg,0270_4.jpg,0,0.6232951879501343
cross_same_same,144,277,2,4,0144_2.jpg,0277_4.jpg,0,0.7321252226829529
cross_same_same,144,278,2,4,0144_2.jpg,0278_4.jpg,0,0.8145407438278198
cross_same_same,145,5,2,4,0145_2.jpg,0005_4.jpg,0,0.5789458751678467
cross_same_same,145,9,2,4,0145_2.jpg,0009_4.jpg,0,0.6078148484230042
cross_same_same,145,10,2,4,0145_2.jpg,0010_4.jpg,0,0.39843225479125977
cross_same_same,145,28,2,4,0145_2.jpg,0028_4.jpg,0,0.5045090913772583
cross_same_same,145,32,2,4,0145_2.jpg,0032_4.jpg,0,0.44802337884902954
cross_same_same,145,33,2,4,0145_2.jpg,0033_4.jpg,0,0.7164502739906311
cross_same_same,145,34,2,4,0145_2.jpg,0034_4.jpg,0,0.378206729888916
cross_same_same,145,44,2,4,0145_2.jpg,0044_4.jpg,0,0.3759099543094635
cross_same_same,145,51,2,4,0145_2.jpg,0051_4.jpg,0,0.853085458278656
cross_same_same,145,54,2,4,0145_2.jpg,0054_4.jpg,0,0.47267043590545654
cross_same_same,145,63,2,4,0145_2.jpg,0063_4.jpg,0,0.5828481912612915
cross_same_same,145,68,2,4,0145_2.jpg,0068_4.jpg,0,0.7103849053382874
cross_same_same,145,69,2,4,0145_2.jpg,0069_4.jpg,0,0.6366233229637146
cross_same_same,145,73,2,4,0145_2.jpg,0073_4.jpg,0,0.7362425327301025
cross_same_same,145,95,2,4,0145_2.jpg,0095_4.jpg,0,0.4019683301448822
cross_same_same,145,121,2,4,0145_2.jpg,0121_4.jpg,0,0.3155393600463867
cross_same_same,145,128,2,4,0145_2.jpg,0128_4.jpg,0,0.6438034772872925
cross_same_same,145,129,2,4,0145_2.jpg,0129_4.jpg,0,0.6852832436561584
cross_same_same,145,131,2,4,0145_2.jpg,0131_4.jpg,0,0.5478338599205017
cross_same_same,145,139,2,4,0145_2.jpg,0139_4.jpg,0,0.5720787644386292
cross_same_same,145,144,2,4,0145_2.jpg,0144_4.jpg,0,0.5076847672462463
cross_same_same,145,145,2,4,0145_2.jpg,0145_4.jpg,1,0.6858950257301331
cross_same_same,145,150,2,4,0145_2.jpg,0150_4.jpg,0,0.35380658507347107
cross_same_same,145,160,2,4,0145_2.jpg,0160_4.jpg,0,0.7722281813621521
cross_same_same,145,165,2,4,0145_2.jpg,0165_4.jpg,0,0.6003938913345337
cross_same_same,145,166,2,4,0145_2.jpg,0166_4.jpg,0,0.6286097764968872
cross_same_same,145,170,2,4,0145_2.jpg,0170_4.jpg,0,0.6840221881866455
cross_same_same,145,174,2,4,0145_2.jpg,0174_4.jpg,0,0.5154138207435608
cross_same_same,145,176,2,4,0145_2.jpg,0176_4.jpg,0,0.5010653138160706
cross_same_same,145,193,2,4,0145_2.jpg,0193_4.jpg,0,0.3155100643634796
cross_same_same,145,202,2,4,0145_2.jpg,0202_4.jpg,0,0.2935405373573303
cross_same_same,145,205,2,4,0145_2.jpg,0205_4.jpg,0,0.6504787802696228
cross_same_same,145,210,2,4,0145_2.jpg,0210_4.jpg,0,0.5361641645431519
cross_same_same,145,218,2,4,0145_2.jpg,0218_4.jpg,0,0.23454239964485168
cross_same_same,145,222,2,4,0145_2.jpg,0222_4.jpg,0,0.41436338424682617
cross_same_same,145,238,2,4,0145_2.jpg,0238_4.jpg,0,0.3385540544986725
cross_same_same,145,253,2,4,0145_2.jpg,0253_4.jpg,0,0.5115892887115479
cross_same_same,145,254,2,4,0145_2.jpg,0254_4.jpg,0,0.4463045001029968
cross_same_same,145,257,2,4,0145_2.jpg,0257_4.jpg,0,0.5071803331375122
cross_same_same,145,258,2,4,0145_2.jpg,0258_4.jpg,0,0.30781424045562744
cross_same_same,145,268,2,4,0145_2.jpg,0268_4.jpg,0,0.5800072550773621
cross_same_same,145,269,2,4,0145_2.jpg,0269_4.jpg,0,0.36131706833839417
cross_same_same,145,270,2,4,0145_2.jpg,0270_4.jpg,0,0.646523654460907
cross_same_same,145,277,2,4,0145_2.jpg,0277_4.jpg,0,0.6882479190826416
cross_same_same,145,278,2,4,0145_2.jpg,0278_4.jpg,0,0.5689820647239685
cross_same_same,150,5,2,4,0150_2.jpg,0005_4.jpg,0,0.28447502851486206
cross_same_same,150,9,2,4,0150_2.jpg,0009_4.jpg,0,0.492908775806427
cross_same_same,150,10,2,4,0150_2.jpg,0010_4.jpg,0,0.2763509452342987
cross_same_same,150,28,2,4,0150_2.jpg,0028_4.jpg,0,0.8218476176261902
cross_same_same,150,32,2,4,0150_2.jpg,0032_4.jpg,0,0.6043362617492676
cross_same_same,150,33,2,4,0150_2.jpg,0033_4.jpg,0,0.016603615134954453
cross_same_same,150,34,2,4,0150_2.jpg,0034_4.jpg,0,0.6110615134239197
cross_same_same,150,44,2,4,0150_2.jpg,0044_4.jpg,0,0.8420997262001038
cross_same_same,150,51,2,4,0150_2.jpg,0051_4.jpg,0,0.30115699768066406
cross_same_same,150,54,2,4,0150_2.jpg,0054_4.jpg,0,0.7719700336456299
cross_same_same,150,63,2,4,0150_2.jpg,0063_4.jpg,0,0.27861136198043823
cross_same_same,150,68,2,4,0150_2.jpg,0068_4.jpg,0,0.524935781955719
cross_same_same,150,69,2,4,0150_2.jpg,0069_4.jpg,0,0.07230595499277115
cross_same_same,150,73,2,4,0150_2.jpg,0073_4.jpg,0,0.46063414216041565
cross_same_same,150,95,2,4,0150_2.jpg,0095_4.jpg,0,0.519622266292572
cross_same_same,150,121,2,4,0150_2.jpg,0121_4.jpg,0,0.4954986572265625
cross_same_same,150,128,2,4,0150_2.jpg,0128_4.jpg,0,0.1590188890695572
cross_same_same,150,129,2,4,0150_2.jpg,0129_4.jpg,0,-0.21896031498908997
cross_same_same,150,131,2,4,0150_2.jpg,0131_4.jpg,0,0.820630669593811
cross_same_same,150,139,2,4,0150_2.jpg,0139_4.jpg,0,-0.11838284134864807
cross_same_same,150,144,2,4,0150_2.jpg,0144_4.jpg,0,0.20710182189941406
cross_same_same,150,145,2,4,0150_2.jpg,0145_4.jpg,0,0.11817414313554764
cross_same_same,150,150,2,4,0150_2.jpg,0150_4.jpg,1,0.8704909682273865
cross_same_same,150,160,2,4,0150_2.jpg,0160_4.jpg,0,0.36804521083831787
cross_same_same,150,165,2,4,0150_2.jpg,0165_4.jpg,0,0.4711584150791168
cross_same_same,150,166,2,4,0150_2.jpg,0166_4.jpg,0,0.7432002425193787
cross_same_same,150,170,2,4,0150_2.jpg,0170_4.jpg,0,-0.1937526911497116
cross_same_same,150,174,2,4,0150_2.jpg,0174_4.jpg,0,-0.19590502977371216
cross_same_same,150,176,2,4,0150_2.jpg,0176_4.jpg,0,0.782814621925354
cross_same_same,150,193,2,4,0150_2.jpg,0193_4.jpg,0,0.505767822265625
cross_same_same,150,202,2,4,0150_2.jpg,0202_4.jpg,0,0.6530978679656982
cross_same_same,150,205,2,4,0150_2.jpg,0205_4.jpg,0,-0.00801896397024393
cross_same_same,150,210,2,4,0150_2.jpg,0210_4.jpg,0,0.4828226566314697
cross_same_same,150,218,2,4,0150_2.jpg,0218_4.jpg,0,0.7164100408554077
cross_same_same,150,222,2,4,0150_2.jpg,0222_4.jpg,0,0.15096278488636017
cross_same_same,150,238,2,4,0150_2.jpg,0238_4.jpg,0,0.23605376482009888
cross_same_same,150,253,2,4,0150_2.jpg,0253_4.jpg,0,0.8118469715118408
cross_same_same,150,254,2,4,0150_2.jpg,0254_4.jpg,0,-0.24663884937763214
cross_same_same,150,257,2,4,0150_2.jpg,0257_4.jpg,0,-0.1873864084482193
cross_same_same,150,258,2,4,0150_2.jpg,0258_4.jpg,0,0.09827160090208054
cross_same_same,150,268,2,4,0150_2.jpg,0268_4.jpg,0,-0.128733828663826
cross_same_same,150,269,2,4,0150_2.jpg,0269_4.jpg,0,0.2412319779396057
cross_same_same,150,270,2,4,0150_2.jpg,0270_4.jpg,0,-0.030135048553347588
cross_same_same,150,277,2,4,0150_2.jpg,0277_4.jpg,0,0.4296535551548004
cross_same_same,150,278,2,4,0150_2.jpg,0278_4.jpg,0,0.37729981541633606
cross_same_same,160,5,2,4,0160_2.jpg,0005_4.jpg,0,0.7537157535552979
cross_same_same,160,9,2,4,0160_2.jpg,0009_4.jpg,0,0.6337928771972656
cross_same_same,160,10,2,4,0160_2.jpg,0010_4.jpg,0,0.08070068061351776
cross_same_same,160,28,2,4,0160_2.jpg,0028_4.jpg,0,0.40140852332115173
cross_same_same,160,32,2,4,0160_2.jpg,0032_4.jpg,0,0.8170286417007446
cross_same_same,160,33,2,4,0160_2.jpg,0033_4.jpg,0,0.5170402526855469
cross_same_same,160,34,2,4,0160_2.jpg,0034_4.jpg,0,0.7903637290000916
cross_same_same,160,44,2,4,0160_2.jpg,0044_4.jpg,0,0.5842888355255127
cross_same_same,160,51,2,4,0160_2.jpg,0051_4.jpg,0,0.5032070279121399
cross_same_same,160,54,2,4,0160_2.jpg,0054_4.jpg,0,0.6997388601303101
cross_same_same,160,63,2,4,0160_2.jpg,0063_4.jpg,0,0.7297040224075317
cross_same_same,160,68,2,4,0160_2.jpg,0068_4.jpg,0,0.6439902782440186
cross_same_same,160,69,2,4,0160_2.jpg,0069_4.jpg,0,0.5174388885498047
cross_same_same,160,73,2,4,0160_2.jpg,0073_4.jpg,0,0.17273183166980743
cross_same_same,160,95,2,4,0160_2.jpg,0095_4.jpg,0,0.7207009792327881
cross_same_same,160,121,2,4,0160_2.jpg,0121_4.jpg,0,0.8411213159561157
cross_same_same,160,128,2,4,0160_2.jpg,0128_4.jpg,0,0.7101919054985046
cross_same_same,160,129,2,4,0160_2.jpg,0129_4.jpg,0,0.33141422271728516
cross_same_same,160,131,2,4,0160_2.jpg,0131_4.jpg,0,0.47817519307136536
cross_same_same,160,139,2,4,0160_2.jpg,0139_4.jpg,0,0.33345699310302734
cross_same_same,160,144,2,4,0160_2.jpg,0144_4.jpg,0,0.823797881603241
cross_same_same,160,145,2,4,0160_2.jpg,0145_4.jpg,0,0.12065795063972473
cross_same_same,160,150,2,4,0160_2.jpg,0150_4.jpg,0,0.4040529131889343
cross_same_same,160,160,2,4,0160_2.jpg,0160_4.jpg,1,0.48356956243515015
cross_same_same,160,165,2,4,0160_2.jpg,0165_4.jpg,0,0.39298689365386963
cross_same_same,160,166,2,4,0160_2.jpg,0166_4.jpg,0,0.4008346199989319
cross_same_same,160,170,2,4,0160_2.jpg,0170_4.jpg,0,0.19968849420547485
cross_same_same,160,174,2,4,0160_2.jpg,0174_4.jpg,0,0.43480992317199707
cross_same_same,160,176,2,4,0160_2.jpg,0176_4.jpg,0,0.4827703833580017
cross_same_same,160,193,2,4,0160_2.jpg,0193_4.jpg,0,-0.002085707616060972
cross_same_same,160,202,2,4,0160_2.jpg,0202_4.jpg,0,0.7228632569313049
cross_same_same,160,205,2,4,0160_2.jpg,0205_4.jpg,0,0.5593411922454834
cross_same_same,160,210,2,4,0160_2.jpg,0210_4.jpg,0,0.39389801025390625
cross_same_same,160,218,2,4,0160_2.jpg,0218_4.jpg,0,0.6588481068611145
cross_same_same,160,222,2,4,0160_2.jpg,0222_4.jpg,0,0.796755850315094
cross_same_same,160,238,2,4,0160_2.jpg,0238_4.jpg,0,0.7792165279388428
cross_same_same,160,253,2,4,0160_2.jpg,0253_4.jpg,0,0.6019321084022522
cross_same_same,160,254,2,4,0160_2.jpg,0254_4.jpg,0,0.5066012144088745
cross_same_same,160,257,2,4,0160_2.jpg,0257_4.jpg,0,0.5070338845252991
cross_same_same,160,258,2,4,0160_2.jpg,0258_4.jpg,0,0.7691298127174377
cross_same_same,160,268,2,4,0160_2.jpg,0268_4.jpg,0,0.4624273180961609
cross_same_same,160,269,2,4,0160_2.jpg,0269_4.jpg,0,0.8302335143089294
cross_same_same,160,270,2,4,0160_2.jpg,0270_4.jpg,0,0.4471726417541504
cross_same_same,160,277,2,4,0160_2.jpg,0277_4.jpg,0,0.7171902656555176
cross_same_same,160,278,2,4,0160_2.jpg,0278_4.jpg,0,0.7191716432571411
cross_same_same,165,5,2,4,0165_2.jpg,0005_4.jpg,0,0.3120192587375641
cross_same_same,165,9,2,4,0165_2.jpg,0009_4.jpg,0,0.5523375868797302
cross_same_same,165,10,2,4,0165_2.jpg,0010_4.jpg,0,0.3797360956668854
cross_same_same,165,28,2,4,0165_2.jpg,0028_4.jpg,0,0.5021036863327026
cross_same_same,165,32,2,4,0165_2.jpg,0032_4.jpg,0,0.27940642833709717
cross_same_same,165,33,2,4,0165_2.jpg,0033_4.jpg,0,0.5243476033210754
cross_same_same,165,34,2,4,0165_2.jpg,0034_4.jpg,0,0.14215797185897827
cross_same_same,165,44,2,4,0165_2.jpg,0044_4.jpg,0,0.18818026781082153
cross_same_same,165,51,2,4,0165_2.jpg,0051_4.jpg,0,0.7088090181350708
cross_same_same,165,54,2,4,0165_2.jpg,0054_4.jpg,0,0.33993270993232727
cross_same_same,165,63,2,4,0165_2.jpg,0063_4.jpg,0,0.42773640155792236
cross_same_same,165,68,2,4,0165_2.jpg,0068_4.jpg,0,0.44403064250946045
cross_same_same,165,69,2,4,0165_2.jpg,0069_4.jpg,0,0.4963233172893524
cross_same_same,165,73,2,4,0165_2.jpg,0073_4.jpg,0,0.6430123448371887
cross_same_same,165,95,2,4,0165_2.jpg,0095_4.jpg,0,0.1766633242368698
cross_same_same,165,121,2,4,0165_2.jpg,0121_4.jpg,0,-0.0890117883682251
cross_same_same,165,128,2,4,0165_2.jpg,0128_4.jpg,0,0.45683005452156067
cross_same_same,165,129,2,4,0165_2.jpg,0129_4.jpg,0,0.5904897451400757
cross_same_same,165,131,2,4,0165_2.jpg,0131_4.jpg,0,0.4790920317173004
cross_same_same,165,139,2,4,0165_2.jpg,0139_4.jpg,0,0.4776911437511444
cross_same_same,165,144,2,4,0165_2.jpg,0144_4.jpg,0,0.22227774560451508
cross_same_same,165,145,2,4,0165_2.jpg,0145_4.jpg,0,0.6518855690956116
cross_same_same,165,150,2,4,0165_2.jpg,0150_4.jpg,0,0.24022741615772247
cross_same_same,165,160,2,4,0165_2.jpg,0160_4.jpg,0,0.6768928170204163
cross_same_same,165,165,2,4,0165_2.jpg,0165_4.jpg,1,0.6567503809928894
cross_same_same,165,166,2,4,0165_2.jpg,0166_4.jpg,0,0.5609078407287598
cross_same_same,165,170,2,4,0165_2.jpg,0170_4.jpg,0,0.6631828546524048
cross_same_same,165,174,2,4,0165_2.jpg,0174_4.jpg,0,0.4692267179489136
cross_same_same,165,176,2,4,0165_2.jpg,0176_4.jpg,0,0.3986973166465759
cross_same_same,165,193,2,4,0165_2.jpg,0193_4.jpg,0,0.2706599533557892
cross_same_same,165,202,2,4,0165_2.jpg,0202_4.jpg,0,0.08950439095497131
cross_same_same,165,205,2,4,0165_2.jpg,0205_4.jpg,0,0.5076025724411011
cross_same_same,165,210,2,4,0165_2.jpg,0210_4.jpg,0,0.6429166793823242
cross_same_same,165,218,2,4,0165_2.jpg,0218_4.jpg,0,-0.0011902167461812496
cross_same_same,165,222,2,4,0165_2.jpg,0222_4.jpg,0,0.12438305467367172
cross_same_same,165,238,2,4,0165_2.jpg,0238_4.jpg,0,0.18180115520954132
cross_same_same,165,253,2,4,0165_2.jpg,0253_4.jpg,0,0.37263333797454834
cross_same_same,165,254,2,4,0165_2.jpg,0254_4.jpg,0,0.2920231819152832
cross_same_same,165,257,2,4,0165_2.jpg,0257_4.jpg,0,0.3751707673072815
cross_same_same,165,258,2,4,0165_2.jpg,0258_4.jpg,0,0.10556667298078537
cross_same_same,165,268,2,4,0165_2.jpg,0268_4.jpg,0,0.32831668853759766
cross_same_same,165,269,2,4,0165_2.jpg,0269_4.jpg,0,0.059682540595531464
cross_same_same,165,270,2,4,0165_2.jpg,0270_4.jpg,0,0.5511464476585388
cross_same_same,165,277,2,4,0165_2.jpg,0277_4.jpg,0,0.538869321346283
cross_same_same,165,278,2,4,0165_2.jpg,0278_4.jpg,0,0.4444989860057831
cross_same_same,166,5,2,4,0166_2.jpg,0005_4.jpg,0,0.2881457507610321
cross_same_same,166,9,2,4,0166_2.jpg,0009_4.jpg,0,0.5979455709457397
cross_same_same,166,10,2,4,0166_2.jpg,0010_4.jpg,0,0.3240995705127716
cross_same_same,166,28,2,4,0166_2.jpg,0028_4.jpg,0,0.9126311540603638
cross_same_same,166,32,2,4,0166_2.jpg,0032_4.jpg,0,0.45771312713623047
cross_same_same,166,33,2,4,0166_2.jpg,0033_4.jpg,0,0.12165655195713043
cross_same_same,166,34,2,4,0166_2.jpg,0034_4.jpg,0,0.3586333394050598
cross_same_same,166,44,2,4,0166_2.jpg,0044_4.jpg,0,0.7032188177108765
cross_same_same,166,51,2,4,0166_2.jpg,0051_4.jpg,0,0.5192985534667969
cross_same_same,166,54,2,4,0166_2.jpg,0054_4.jpg,0,0.683027446269989
cross_same_same,166,63,2,4,0166_2.jpg,0063_4.jpg,0,0.3112606704235077
cross_same_same,166,68,2,4,0166_2.jpg,0068_4.jpg,0,0.4068491458892822
cross_same_same,166,69,2,4,0166_2.jpg,0069_4.jpg,0,0.11150207370519638
cross_same_same,166,73,2,4,0166_2.jpg,0073_4.jpg,0,0.5956190228462219
cross_same_same,166,95,2,4,0166_2.jpg,0095_4.jpg,0,0.279805064201355
cross_same_same,166,121,2,4,0166_2.jpg,0121_4.jpg,0,0.19350846111774445
cross_same_same,166,128,2,4,0166_2.jpg,0128_4.jpg,0,0.21272453665733337
cross_same_same,166,129,2,4,0166_2.jpg,0129_4.jpg,0,0.027012918144464493
cross_same_same,166,131,2,4,0166_2.jpg,0131_4.jpg,0,0.8884703516960144
cross_same_same,166,139,2,4,0166_2.jpg,0139_4.jpg,0,-0.05298316478729248
cross_same_same,166,144,2,4,0166_2.jpg,0144_4.jpg,0,0.07909201085567474
cross_same_same,166,145,2,4,0166_2.jpg,0145_4.jpg,0,0.26515331864356995
cross_same_same,166,150,2,4,0166_2.jpg,0150_4.jpg,0,0.8008772134780884
cross_same_same,166,160,2,4,0166_2.jpg,0160_4.jpg,0,0.6342304944992065
cross_same_same,166,165,2,4,0166_2.jpg,0165_4.jpg,0,0.7249659895896912
cross_same_same,166,166,2,4,0166_2.jpg,0166_4.jpg,1,0.8990181088447571
cross_same_same,166,170,2,4,0166_2.jpg,0170_4.jpg,0,0.13053147494792938
cross_same_same,166,174,2,4,0166_2.jpg,0174_4.jpg,0,-0.02664339914917946
cross_same_same,166,176,2,4,0166_2.jpg,0176_4.jpg,0,0.8295313119888306
cross_same_same,166,193,2,4,0166_2.jpg,0193_4.jpg,0,0.4642106592655182
cross_same_same,166,202,2,4,0166_2.jpg,0202_4.jpg,0,0.3263351619243622
cross_same_same,166,205,2,4,0166_2.jpg,0205_4.jpg,0,0.032490380108356476
cross_same_same,166,210,2,4,0166_2.jpg,0210_4.jpg,0,0.7080850601196289
cross_same_same,166,218,2,4,0166_2.jpg,0218_4.jpg,0,0.3869416117668152
cross_same_same,166,222,2,4,0166_2.jpg,0222_4.jpg,0,-0.031850557774305344
cross_same_same,166,238,2,4,0166_2.jpg,0238_4.jpg,0,0.08137381076812744
cross_same_same,166,253,2,4,0166_2.jpg,0253_4.jpg,0,0.7919316291809082
cross_same_same,166,254,2,4,0166_2.jpg,0254_4.jpg,0,-0.24863265454769135
cross_same_same,166,257,2,4,0166_2.jpg,0257_4.jpg,0,-0.13266120851039886
cross_same_same,166,258,2,4,0166_2.jpg,0258_4.jpg,0,-0.061774298548698425
cross_same_same,166,268,2,4,0166_2.jpg,0268_4.jpg,0,-0.16542324423789978
cross_same_same,166,269,2,4,0166_2.jpg,0269_4.jpg,0,0.03532509505748749
cross_same_same,166,270,2,4,0166_2.jpg,0270_4.jpg,0,0.04924393445253372
cross_same_same,166,277,2,4,0166_2.jpg,0277_4.jpg,0,0.4684012830257416
cross_same_same,166,278,2,4,0166_2.jpg,0278_4.jpg,0,0.2786230146884918
cross_same_same,170,5,2,4,0170_2.jpg,0005_4.jpg,0,0.4624364674091339
cross_same_same,170,9,2,4,0170_2.jpg,0009_4.jpg,0,0.4520808160305023
cross_same_same,170,10,2,4,0170_2.jpg,0010_4.jpg,0,0.46907973289489746
cross_same_same,170,28,2,4,0170_2.jpg,0028_4.jpg,0,0.127834290266037
cross_same_same,170,32,2,4,0170_2.jpg,0032_4.jpg,0,0.11163805425167084
cross_same_same,170,33,2,4,0170_2.jpg,0033_4.jpg,0,0.7244946956634521
cross_same_same,170,34,2,4,0170_2.jpg,0034_4.jpg,0,0.05486864969134331
cross_same_same,170,44,2,4,0170_2.jpg,0044_4.jpg,0,-0.02277977764606476
cross_same_same,170,51,2,4,0170_2.jpg,0051_4.jpg,0,0.7415676712989807
cross_same_same,170,54,2,4,0170_2.jpg,0054_4.jpg,0,0.11156787723302841
cross_same_same,170,63,2,4,0170_2.jpg,0063_4.jpg,0,0.38436195254325867
cross_same_same,170,68,2,4,0170_2.jpg,0068_4.jpg,0,0.5522899627685547
cross_same_same,170,69,2,4,0170_2.jpg,0069_4.jpg,0,0.7122563719749451
cross_same_same,170,73,2,4,0170_2.jpg,0073_4.jpg,0,0.5917467474937439
cross_same_same,170,95,2,4,0170_2.jpg,0095_4.jpg,0,0.21058376133441925
cross_same_same,170,121,2,4,0170_2.jpg,0121_4.jpg,0,0.00730889942497015
cross_same_same,170,128,2,4,0170_2.jpg,0128_4.jpg,0,0.5573342442512512
cross_same_same,170,129,2,4,0170_2.jpg,0129_4.jpg,0,0.8318006992340088
cross_same_same,170,131,2,4,0170_2.jpg,0131_4.jpg,0,0.09266557544469833
cross_same_same,170,139,2,4,0170_2.jpg,0139_4.jpg,0,0.7631120681762695
cross_same_same,170,144,2,4,0170_2.jpg,0144_4.jpg,0,0.39778080582618713
cross_same_same,170,145,2,4,0170_2.jpg,0145_4.jpg,0,0.7925311326980591
cross_same_same,170,150,2,4,0170_2.jpg,0150_4.jpg,0,-0.08206124603748322
cross_same_same,170,160,2,4,0170_2.jpg,0160_4.jpg,0,0.6340134143829346
cross_same_same,170,165,2,4,0170_2.jpg,0165_4.jpg,0,0.3336939811706543
cross_same_same,170,166,2,4,0170_2.jpg,0166_4.jpg,0,0.2030622810125351
cross_same_same,170,170,2,4,0170_2.jpg,0170_4.jpg,1,0.9360668063163757
cross_same_same,170,174,2,4,0170_2.jpg,0174_4.jpg,0,0.6738084554672241
cross_same_same,170,176,2,4,0170_2.jpg,0176_4.jpg,0,0.13215890526771545
cross_same_same,170,193,2,4,0170_2.jpg,0193_4.jpg,0,0.151055708527565
cross_same_same,170,202,2,4,0170_2.jpg,0202_4.jpg,0,-0.07439249753952026
cross_same_same,170,205,2,4,0170_2.jpg,0205_4.jpg,0,0.7238361239433289
cross_same_same,170,210,2,4,0170_2.jpg,0210_4.jpg,0,0.3849256932735443
cross_same_same,170,218,2,4,0170_2.jpg,0218_4.jpg,0,-0.07604818046092987
cross_same_same,170,222,2,4,0170_2.jpg,0222_4.jpg,0,0.3327162563800812
cross_same_same,170,238,2,4,0170_2.jpg,0238_4.jpg,0,0.34294432401657104
cross_same_same,170,253,2,4,0170_2.jpg,0253_4.jpg,0,0.11873626708984375
cross_same_same,170,254,2,4,0170_2.jpg,0254_4.jpg,0,0.6197929382324219
cross_same_same,170,257,2,4,0170_2.jpg,0257_4.jpg,0,0.6437861919403076
cross_same_same,170,258,2,4,0170_2.jpg,0258_4.jpg,0,0.2922308146953583
cross_same_same,170,268,2,4,0170_2.jpg,0268_4.jpg,0,0.6491520404815674
cross_same_same,170,269,2,4,0170_2.jpg,0269_4.jpg,0,0.2599223852157593
cross_same_same,170,270,2,4,0170_2.jpg,0270_4.jpg,0,0.7598245143890381
cross_same_same,170,277,2,4,0170_2.jpg,0277_4.jpg,0,0.5252801775932312
cross_same_same,170,278,2,4,0170_2.jpg,0278_4.jpg,0,0.45786359906196594
cross_same_same,174,5,2,4,0174_2.jpg,0005_4.jpg,0,0.6834651827812195
cross_same_same,174,9,2,4,0174_2.jpg,0009_4.jpg,0,0.6833899021148682
cross_same_same,174,10,2,4,0174_2.jpg,0010_4.jpg,0,-0.06647995859384537
cross_same_same,174,28,2,4,0174_2.jpg,0028_4.jpg,0,0.12984241545200348
cross_same_same,174,32,2,4,0174_2.jpg,0032_4.jpg,0,0.6196433305740356
cross_same_same,174,33,2,4,0174_2.jpg,0033_4.jpg,0,0.7349422574043274
cross_same_same,174,34,2,4,0174_2.jpg,0034_4.jpg,0,0.433414101600647
cross_same_same,174,44,2,4,0174_2.jpg,0044_4.jpg,0,0.027886442840099335
cross_same_same,174,51,2,4,0174_2.jpg,0051_4.jpg,0,0.6601477265357971
cross_same_same,174,54,2,4,0174_2.jpg,0054_4.jpg,0,0.44727644324302673
cross_same_same,174,63,2,4,0174_2.jpg,0063_4.jpg,0,0.7972657680511475
cross_same_same,174,68,2,4,0174_2.jpg,0068_4.jpg,0,0.40478751063346863
cross_same_same,174,69,2,4,0174_2.jpg,0069_4.jpg,0,0.6736667156219482
cross_same_same,174,73,2,4,0174_2.jpg,0073_4.jpg,0,0.04223182797431946
cross_same_same,174,95,2,4,0174_2.jpg,0095_4.jpg,0,0.3823850452899933
cross_same_same,174,121,2,4,0174_2.jpg,0121_4.jpg,0,0.3326973021030426
cross_same_same,174,128,2,4,0174_2.jpg,0128_4.jpg,0,0.8607147932052612
cross_same_same,174,129,2,4,0174_2.jpg,0129_4.jpg,0,0.754548966884613
cross_same_same,174,131,2,4,0174_2.jpg,0131_4.jpg,0,0.2047985941171646
cross_same_same,174,139,2,4,0174_2.jpg,0139_4.jpg,0,0.6340304613113403
cross_same_same,174,144,2,4,0174_2.jpg,0144_4.jpg,0,0.7635924220085144
cross_same_same,174,145,2,4,0174_2.jpg,0145_4.jpg,0,0.30560237169265747
cross_same_same,174,150,2,4,0174_2.jpg,0150_4.jpg,0,-0.17414982616901398
cross_same_same,174,160,2,4,0174_2.jpg,0160_4.jpg,0,0.5767638087272644
cross_same_same,174,165,2,4,0174_2.jpg,0165_4.jpg,0,0.5082005858421326
cross_same_same,174,166,2,4,0174_2.jpg,0166_4.jpg,0,0.23815202713012695
cross_same_same,174,170,2,4,0174_2.jpg,0170_4.jpg,0,0.698721706867218
cross_same_same,174,174,2,4,0174_2.jpg,0174_4.jpg,1,0.9460245370864868
cross_same_same,174,176,2,4,0174_2.jpg,0176_4.jpg,0,0.11811032146215439
cross_same_same,174,193,2,4,0174_2.jpg,0193_4.jpg,0,-0.4053713083267212
cross_same_same,174,202,2,4,0174_2.jpg,0202_4.jpg,0,0.17249666154384613
cross_same_same,174,205,2,4,0174_2.jpg,0205_4.jpg,0,0.8196368217468262
cross_same_same,174,210,2,4,0174_2.jpg,0210_4.jpg,0,0.5767624974250793
cross_same_same,174,218,2,4,0174_2.jpg,0218_4.jpg,0,0.023746835067868233
cross_same_same,174,222,2,4,0174_2.jpg,0222_4.jpg,0,0.7597475647926331
cross_same_same,174,238,2,4,0174_2.jpg,0238_4.jpg,0,0.7058477401733398
cross_same_same,174,253,2,4,0174_2.jpg,0253_4.jpg,0,0.2265765517950058
cross_same_same,174,254,2,4,0174_2.jpg,0254_4.jpg,0,0.8455148339271545
cross_same_same,174,257,2,4,0174_2.jpg,0257_4.jpg,0,0.8425928950309753
cross_same_same,174,258,2,4,0174_2.jpg,0258_4.jpg,0,0.8109636902809143
cross_same_same,174,268,2,4,0174_2.jpg,0268_4.jpg,0,0.6220076084136963
cross_same_same,174,269,2,4,0174_2.jpg,0269_4.jpg,0,0.6251683235168457
cross_same_same,174,270,2,4,0174_2.jpg,0270_4.jpg,0,0.7234982252120972
cross_same_same,174,277,2,4,0174_2.jpg,0277_4.jpg,0,0.7171997427940369
cross_same_same,174,278,2,4,0174_2.jpg,0278_4.jpg,0,0.7660346627235413
cross_same_same,176,5,2,4,0176_2.jpg,0005_4.jpg,0,0.3195849359035492
cross_same_same,176,9,2,4,0176_2.jpg,0009_4.jpg,0,0.4466274380683899
cross_same_same,176,10,2,4,0176_2.jpg,0010_4.jpg,0,0.5213075876235962
cross_same_same,176,28,2,4,0176_2.jpg,0028_4.jpg,0,0.8076307773590088
cross_same_same,176,32,2,4,0176_2.jpg,0032_4.jpg,0,0.47344648838043213
cross_same_same,176,33,2,4,0176_2.jpg,0033_4.jpg,0,0.13994374871253967
cross_same_same,176,34,2,4,0176_2.jpg,0034_4.jpg,0,0.3033875823020935
cross_same_same,176,44,2,4,0176_2.jpg,0044_4.jpg,0,0.7637408375740051
cross_same_same,176,51,2,4,0176_2.jpg,0051_4.jpg,0,0.5081409811973572
cross_same_same,176,54,2,4,0176_2.jpg,0054_4.jpg,0,0.6657140851020813
cross_same_same,176,63,2,4,0176_2.jpg,0063_4.jpg,0,0.19148819148540497
cross_same_same,176,68,2,4,0176_2.jpg,0068_4.jpg,0,0.4824122190475464
cross_same_same,176,69,2,4,0176_2.jpg,0069_4.jpg,0,0.1520327478647232
cross_same_same,176,73,2,4,0176_2.jpg,0073_4.jpg,0,0.6786864995956421
cross_same_same,176,95,2,4,0176_2.jpg,0095_4.jpg,0,0.4433358311653137
cross_same_same,176,121,2,4,0176_2.jpg,0121_4.jpg,0,0.48214882612228394
cross_same_same,176,128,2,4,0176_2.jpg,0128_4.jpg,0,0.15659260749816895
cross_same_same,176,129,2,4,0176_2.jpg,0129_4.jpg,0,0.026744525879621506
cross_same_same,176,131,2,4,0176_2.jpg,0131_4.jpg,0,0.7568022012710571
cross_same_same,176,139,2,4,0176_2.jpg,0139_4.jpg,0,0.11096983402967453
cross_same_same,176,144,2,4,0176_2.jpg,0144_4.jpg,0,0.25170987844467163
cross_same_same,176,145,2,4,0176_2.jpg,0145_4.jpg,0,0.35806041955947876
cross_same_same,176,150,2,4,0176_2.jpg,0150_4.jpg,0,0.8375800251960754
cross_same_same,176,160,2,4,0176_2.jpg,0160_4.jpg,0,0.45654094219207764
cross_same_same,176,165,2,4,0176_2.jpg,0165_4.jpg,0,0.38955003023147583
cross_same_same,176,166,2,4,0176_2.jpg,0166_4.jpg,0,0.732635498046875
cross_same_same,176,170,2,4,0176_2.jpg,0170_4.jpg,0,0.09785424917936325
cross_same_same,176,174,2,4,0176_2.jpg,0174_4.jpg,0,-0.1028464213013649
cross_same_same,176,176,2,4,0176_2.jpg,0176_4.jpg,1,0.8117011785507202
cross_same_same,176,193,2,4,0176_2.jpg,0193_4.jpg,0,0.6646941900253296
cross_same_same,176,202,2,4,0176_2.jpg,0202_4.jpg,0,0.49839797616004944
cross_same_same,176,205,2,4,0176_2.jpg,0205_4.jpg,0,0.07690209150314331
cross_same_same,176,210,2,4,0176_2.jpg,0210_4.jpg,0,0.4365055561065674
cross_same_same,176,218,2,4,0176_2.jpg,0218_4.jpg,0,0.6672396063804626
cross_same_same,176,222,2,4,0176_2.jpg,0222_4.jpg,0,0.07309052348136902
cross_same_same,176,238,2,4,0176_2.jpg,0238_4.jpg,0,0.12238367646932602
cross_same_same,176,253,2,4,0176_2.jpg,0253_4.jpg,0,0.7005332112312317
cross_same_same,176,254,2,4,0176_2.jpg,0254_4.jpg,0,-0.20158180594444275
cross_same_same,176,257,2,4,0176_2.jpg,0257_4.jpg,0,-0.0714028850197792
cross_same_same,176,258,2,4,0176_2.jpg,0258_4.jpg,0,-0.021174166351556778
cross_same_same,176,268,2,4,0176_2.jpg,0268_4.jpg,0,0.017862968146800995
cross_same_same,176,269,2,4,0176_2.jpg,0269_4.jpg,0,0.2272859662771225
cross_same_same,176,270,2,4,0176_2.jpg,0270_4.jpg,0,0.06647861003875732
cross_same_same,176,277,2,4,0176_2.jpg,0277_4.jpg,0,0.4374122619628906
cross_same_same,176,278,2,4,0176_2.jpg,0278_4.jpg,0,0.19497840106487274
cross_same_same,193,5,2,4,0193_2.jpg,0005_4.jpg,0,0.17114216089248657
cross_same_same,193,9,2,4,0193_2.jpg,0009_4.jpg,0,0.29140156507492065
cross_same_same,193,10,2,4,0193_2.jpg,0010_4.jpg,0,0.7491268515586853
cross_same_same,193,28,2,4,0193_2.jpg,0028_4.jpg,0,0.5940903425216675
cross_same_same,193,32,2,4,0193_2.jpg,0032_4.jpg,0,0.14970846474170685
cross_same_same,193,33,2,4,0193_2.jpg,0033_4.jpg,0,0.2780720889568329
cross_same_same,193,34,2,4,0193_2.jpg,0034_4.jpg,0,0.0730721652507782
cross_same_same,193,44,2,4,0193_2.jpg,0044_4.jpg,0,0.44288238883018494
cross_same_same,193,51,2,4,0193_2.jpg,0051_4.jpg,0,0.5482893586158752
cross_same_same,193,54,2,4,0193_2.jpg,0054_4.jpg,0,0.3638038635253906
cross_same_same,193,63,2,4,0193_2.jpg,0063_4.jpg,0,0.04664883762598038
cross_same_same,193,68,2,4,0193_2.jpg,0068_4.jpg,0,0.5718655586242676
cross_same_same,193,69,2,4,0193_2.jpg,0069_4.jpg,0,0.30906662344932556
cross_same_same,193,73,2,4,0193_2.jpg,0073_4.jpg,0,0.8172779679298401
cross_same_same,193,95,2,4,0193_2.jpg,0095_4.jpg,0,0.33565908670425415
cross_same_same,193,121,2,4,0193_2.jpg,0121_4.jpg,0,0.09833899885416031
cross_same_same,193,128,2,4,0193_2.jpg,0128_4.jpg,0,0.1052263006567955
cross_same_same,193,129,2,4,0193_2.jpg,0129_4.jpg,0,0.2263319343328476
cross_same_same,193,131,2,4,0193_2.jpg,0131_4.jpg,0,0.5085349678993225
cross_same_same,193,139,2,4,0193_2.jpg,0139_4.jpg,0,0.3890755772590637
cross_same_same,193,144,2,4,0193_2.jpg,0144_4.jpg,0,0.068949393928051
cross_same_same,193,145,2,4,0193_2.jpg,0145_4.jpg,0,0.7185456156730652
cross_same_same,193,150,2,4,0193_2.jpg,0150_4.jpg,0,0.5467482805252075
cross_same_same,193,160,2,4,0193_2.jpg,0160_4.jpg,0,0.4509013593196869
cross_same_same,193,165,2,4,0193_2.jpg,0165_4.jpg,0,0.30383485555648804
cross_same_same,193,166,2,4,0193_2.jpg,0166_4.jpg,0,0.5411241054534912
cross_same_same,193,170,2,4,0193_2.jpg,0170_4.jpg,0,0.398451030254364
cross_same_same,193,174,2,4,0193_2.jpg,0174_4.jpg,0,-0.0007946765399537981
cross_same_same,193,176,2,4,0193_2.jpg,0176_4.jpg,0,0.48187923431396484
cross_same_same,193,193,2,4,0193_2.jpg,0193_4.jpg,1,0.7808385491371155
cross_same_same,193,202,2,4,0193_2.jpg,0202_4.jpg,0,0.23963946104049683
cross_same_same,193,205,2,4,0193_2.jpg,0205_4.jpg,0,0.2281494140625
cross_same_same,193,210,2,4,0193_2.jpg,0210_4.jpg,0,0.39087846875190735
cross_same_same,193,218,2,4,0193_2.jpg,0218_4.jpg,0,0.3908475637435913
cross_same_same,193,222,2,4,0193_2.jpg,0222_4.jpg,0,-0.06391643732786179
cross_same_same,193,238,2,4,0193_2.jpg,0238_4.jpg,0,0.02637576498091221
cross_same_same,193,253,2,4,0193_2.jpg,0253_4.jpg,0,0.4717251658439636
cross_same_same,193,254,2,4,0193_2.jpg,0254_4.jpg,0,-0.06315388530492783
cross_same_same,193,257,2,4,0193_2.jpg,0257_4.jpg,0,0.028800059109926224
cross_same_same,193,258,2,4,0193_2.jpg,0258_4.jpg,0,-0.15393590927124023
cross_same_same,193,268,2,4,0193_2.jpg,0268_4.jpg,0,0.2075919508934021
cross_same_same,193,269,2,4,0193_2.jpg,0269_4.jpg,0,0.02543696202337742
cross_same_same,193,270,2,4,0193_2.jpg,0270_4.jpg,0,0.24121668934822083
cross_same_same,193,277,2,4,0193_2.jpg,0277_4.jpg,0,0.310966819524765
cross_same_same,193,278,2,4,0193_2.jpg,0278_4.jpg,0,0.23743662238121033
cross_same_same,202,5,2,4,0202_2.jpg,0005_4.jpg,0,0.6111615896224976
cross_same_same,202,9,2,4,0202_2.jpg,0009_4.jpg,0,0.40888282656669617
cross_same_same,202,10,2,4,0202_2.jpg,0010_4.jpg,0,0.33688512444496155
cross_same_same,202,28,2,4,0202_2.jpg,0028_4.jpg,0,0.45088833570480347
cross_same_same,202,32,2,4,0202_2.jpg,0032_4.jpg,0,0.6170753240585327
cross_same_same,202,33,2,4,0202_2.jpg,0033_4.jpg,0,0.3582496643066406
cross_same_same,202,34,2,4,0202_2.jpg,0034_4.jpg,0,0.6889110207557678
cross_same_same,202,44,2,4,0202_2.jpg,0044_4.jpg,0,0.7359833717346191
cross_same_same,202,51,2,4,0202_2.jpg,0051_4.jpg,0,0.3855917751789093
cross_same_same,202,54,2,4,0202_2.jpg,0054_4.jpg,0,0.7060196995735168
cross_same_same,202,63,2,4,0202_2.jpg,0063_4.jpg,0,0.4266519546508789
cross_same_same,202,68,2,4,0202_2.jpg,0068_4.jpg,0,0.736927330493927
cross_same_same,202,69,2,4,0202_2.jpg,0069_4.jpg,0,0.445285439491272
cross_same_same,202,73,2,4,0202_2.jpg,0073_4.jpg,0,0.3409271240234375
cross_same_same,202,95,2,4,0202_2.jpg,0095_4.jpg,0,0.832531750202179
cross_same_same,202,121,2,4,0202_2.jpg,0121_4.jpg,0,0.8693143129348755
cross_same_same,202,128,2,4,0202_2.jpg,0128_4.jpg,0,0.4259167015552521
cross_same_same,202,129,2,4,0202_2.jpg,0129_4.jpg,0,0.10497713834047318
cross_same_same,202,131,2,4,0202_2.jpg,0131_4.jpg,0,0.5024255514144897
cross_same_same,202,139,2,4,0202_2.jpg,0139_4.jpg,0,0.29183924198150635
cross_same_same,202,144,2,4,0202_2.jpg,0144_4.jpg,0,0.6519345045089722
cross_same_same,202,145,2,4,0202_2.jpg,0145_4.jpg,0,0.22756288945674896
cross_same_same,202,150,2,4,0202_2.jpg,0150_4.jpg,0,0.6184073686599731
cross_same_same,202,160,2,4,0202_2.jpg,0160_4.jpg,0,0.23798857629299164
cross_same_same,202,165,2,4,0202_2.jpg,0165_4.jpg,0,0.16402213275432587
cross_same_same,202,166,2,4,0202_2.jpg,0166_4.jpg,0,0.39467087388038635
cross_same_same,202,170,2,4,0202_2.jpg,0170_4.jpg,0,-0.005707344971597195
cross_same_same,202,174,2,4,0202_2.jpg,0174_4.jpg,0,0.0846308171749115
cross_same_same,202,176,2,4,0202_2.jpg,0176_4.jpg,0,0.5198688507080078
cross_same_same,202,193,2,4,0202_2.jpg,0193_4.jpg,0,0.38520050048828125
cross_same_same,202,202,2,4,0202_2.jpg,0202_4.jpg,1,0.8078939318656921
cross_same_same,202,205,2,4,0202_2.jpg,0205_4.jpg,0,0.3374883234500885
cross_same_same,202,210,2,4,0202_2.jpg,0210_4.jpg,0,0.21834442019462585
cross_same_same,202,218,2,4,0202_2.jpg,0218_4.jpg,0,0.8744654655456543
cross_same_same,202,222,2,4,0202_2.jpg,0222_4.jpg,0,0.5717518329620361
cross_same_same,202,238,2,4,0202_2.jpg,0238_4.jpg,0,0.6231642961502075
cross_same_same,202,253,2,4,0202_2.jpg,0253_4.jpg,0,0.6252653002738953
cross_same_same,202,254,2,4,0202_2.jpg,0254_4.jpg,0,0.22848078608512878
cross_same_same,202,257,2,4,0202_2.jpg,0257_4.jpg,0,0.2711964547634125
cross_same_same,202,258,2,4,0202_2.jpg,0258_4.jpg,0,0.48056167364120483
cross_same_same,202,268,2,4,0202_2.jpg,0268_4.jpg,0,0.35549405217170715
cross_same_same,202,269,2,4,0202_2.jpg,0269_4.jpg,0,0.7516885995864868
cross_same_same,202,270,2,4,0202_2.jpg,0270_4.jpg,0,0.3041127324104309
cross_same_same,202,277,2,4,0202_2.jpg,0277_4.jpg,0,0.542890191078186
cross_same_same,202,278,2,4,0202_2.jpg,0278_4.jpg,0,0.5401194095611572
cross_same_same,205,5,2,4,0205_2.jpg,0005_4.jpg,0,0.4319414496421814
cross_same_same,205,9,2,4,0205_2.jpg,0009_4.jpg,0,0.43065568804740906
cross_same_same,205,10,2,4,0205_2.jpg,0010_4.jpg,0,0.5920643210411072
cross_same_same,205,28,2,4,0205_2.jpg,0028_4.jpg,0,0.6704964637756348
cross_same_same,205,32,2,4,0205_2.jpg,0032_4.jpg,0,0.5327291488647461
cross_same_same,205,33,2,4,0205_2.jpg,0033_4.jpg,0,0.29749682545661926
cross_same_same,205,34,2,4,0205_2.jpg,0034_4.jpg,0,0.5779988765716553
cross_same_same,205,44,2,4,0205_2.jpg,0044_4.jpg,0,0.8626328706741333
cross_same_same,205,51,2,4,0205_2.jpg,0051_4.jpg,0,0.4186108410358429
cross_same_same,205,54,2,4,0205_2.jpg,0054_4.jpg,0,0.6791713833808899
cross_same_same,205,63,2,4,0205_2.jpg,0063_4.jpg,0,0.26316961646080017
cross_same_same,205,68,2,4,0205_2.jpg,0068_4.jpg,0,0.718591570854187
cross_same_same,205,69,2,4,0205_2.jpg,0069_4.jpg,0,0.3535118103027344
cross_same_same,205,73,2,4,0205_2.jpg,0073_4.jpg,0,0.6705484390258789
cross_same_same,205,95,2,4,0205_2.jpg,0095_4.jpg,0,0.7545282244682312
cross_same_same,205,121,2,4,0205_2.jpg,0121_4.jpg,0,0.6187479496002197
cross_same_same,205,128,2,4,0205_2.jpg,0128_4.jpg,0,0.24638409912586212
cross_same_same,205,129,2,4,0205_2.jpg,0129_4.jpg,0,0.00603576609864831
cross_same_same,205,131,2,4,0205_2.jpg,0131_4.jpg,0,0.6924746632575989
cross_same_same,205,139,2,4,0205_2.jpg,0139_4.jpg,0,0.22149355709552765
cross_same_same,205,144,2,4,0205_2.jpg,0144_4.jpg,0,0.43540158867836
cross_same_same,205,145,2,4,0205_2.jpg,0145_4.jpg,0,0.36871081590652466
cross_same_same,205,150,2,4,0205_2.jpg,0150_4.jpg,0,0.80644690990448
cross_same_same,205,160,2,4,0205_2.jpg,0160_4.jpg,0,0.3116379976272583
cross_same_same,205,165,2,4,0205_2.jpg,0165_4.jpg,0,0.2419307976961136
cross_same_same,205,166,2,4,0205_2.jpg,0166_4.jpg,0,0.6124760508537292
cross_same_same,205,170,2,4,0205_2.jpg,0170_4.jpg,0,0.05367007851600647
cross_same_same,205,174,2,4,0205_2.jpg,0174_4.jpg,0,-0.06838729977607727
cross_same_same,205,176,2,4,0205_2.jpg,0176_4.jpg,0,0.7115292549133301
cross_same_same,205,193,2,4,0205_2.jpg,0193_4.jpg,0,0.6901922821998596
cross_same_same,205,202,2,4,0205_2.jpg,0202_4.jpg,0,0.7234128713607788
cross_same_same,205,205,2,4,0205_2.jpg,0205_4.jpg,1,0.2450610250234604
cross_same_same,205,210,2,4,0205_2.jpg,0210_4.jpg,0,0.2998340427875519
cross_same_same,205,218,2,4,0205_2.jpg,0218_4.jpg,0,0.8814443945884705
cross_same_same,205,222,2,4,0205_2.jpg,0222_4.jpg,0,0.29845038056373596
cross_same_same,205,238,2,4,0205_2.jpg,0238_4.jpg,0,0.39275291562080383
cross_same_same,205,253,2,4,0205_2.jpg,0253_4.jpg,0,0.678481936454773
cross_same_same,205,254,2,4,0205_2.jpg,0254_4.jpg,0,-0.02915371023118496
cross_same_same,205,257,2,4,0205_2.jpg,0257_4.jpg,0,0.06363553553819656
cross_same_same,205,258,2,4,0205_2.jpg,0258_4.jpg,0,0.17644406855106354
cross_same_same,205,268,2,4,0205_2.jpg,0268_4.jpg,0,0.15671220421791077
cross_same_same,205,269,2,4,0205_2.jpg,0269_4.jpg,0,0.45956718921661377
cross_same_same,205,270,2,4,0205_2.jpg,0270_4.jpg,0,0.23117226362228394
cross_same_same,205,277,2,4,0205_2.jpg,0277_4.jpg,0,0.4804095923900604
cross_same_same,205,278,2,4,0205_2.jpg,0278_4.jpg,0,0.4275493919849396
cross_same_same,210,5,2,4,0210_2.jpg,0005_4.jpg,0,0.6401755809783936
cross_same_same,210,9,2,4,0210_2.jpg,0009_4.jpg,0,0.8456853628158569
cross_same_same,210,10,2,4,0210_2.jpg,0010_4.jpg,0,0.01264719944447279
cross_same_same,210,28,2,4,0210_2.jpg,0028_4.jpg,0,0.662351667881012
cross_same_same,210,32,2,4,0210_2.jpg,0032_4.jpg,0,0.6950998306274414
cross_same_same,210,33,2,4,0210_2.jpg,0033_4.jpg,0,0.44784536957740784
cross_same_same,210,34,2,4,0210_2.jpg,0034_4.jpg,0,0.5076164603233337
cross_same_same,210,44,2,4,0210_2.jpg,0044_4.jpg,0,0.3943655788898468
cross_same_same,210,51,2,4,0210_2.jpg,0051_4.jpg,0,0.7555631399154663
cross_same_same,210,54,2,4,0210_2.jpg,0054_4.jpg,0,0.7316324710845947
cross_same_same,210,63,2,4,0210_2.jpg,0063_4.jpg,0,0.7197808027267456
cross_same_same,210,68,2,4,0210_2.jpg,0068_4.jpg,0,0.5150195956230164
cross_same_same,210,69,2,4,0210_2.jpg,0069_4.jpg,0,0.4148032069206238
cross_same_same,210,73,2,4,0210_2.jpg,0073_4.jpg,0,0.27552878856658936
cross_same_same,210,95,2,4,0210_2.jpg,0095_4.jpg,0,0.3295970857143402
cross_same_same,210,121,2,4,0210_2.jpg,0121_4.jpg,0,0.4169408679008484
cross_same_same,210,128,2,4,0210_2.jpg,0128_4.jpg,0,0.7046290040016174
cross_same_same,210,129,2,4,0210_2.jpg,0129_4.jpg,0,0.4783952832221985
cross_same_same,210,131,2,4,0210_2.jpg,0131_4.jpg,0,0.6245651245117188
cross_same_same,210,139,2,4,0210_2.jpg,0139_4.jpg,0,0.29219624400138855
cross_same_same,210,144,2,4,0210_2.jpg,0144_4.jpg,0,0.4956170916557312
cross_same_same,210,145,2,4,0210_2.jpg,0145_4.jpg,0,0.30916228890419006
cross_same_same,210,150,2,4,0210_2.jpg,0150_4.jpg,0,0.39661920070648193
cross_same_same,210,160,2,4,0210_2.jpg,0160_4.jpg,0,0.8466766476631165
cross_same_same,210,165,2,4,0210_2.jpg,0165_4.jpg,0,0.8115836381912231
cross_same_same,210,166,2,4,0210_2.jpg,0166_4.jpg,0,0.6833418607711792
cross_same_same,210,170,2,4,0210_2.jpg,0170_4.jpg,0,0.46381402015686035
cross_same_same,210,174,2,4,0210_2.jpg,0174_4.jpg,0,0.5637543201446533
cross_same_same,210,176,2,4,0210_2.jpg,0176_4.jpg,0,0.578353762626648
cross_same_same,210,193,2,4,0210_2.jpg,0193_4.jpg,0,-0.07258543372154236
cross_same_same,210,202,2,4,0210_2.jpg,0202_4.jpg,0,0.27001646161079407
cross_same_same,210,205,2,4,0210_2.jpg,0205_4.jpg,0,0.4746619760990143
cross_same_same,210,210,2,4,0210_2.jpg,0210_4.jpg,1,0.8671653866767883
cross_same_same,210,218,2,4,0210_2.jpg,0218_4.jpg,0,0.1999553143978119
cross_same_same,210,222,2,4,0210_2.jpg,0222_4.jpg,0,0.47989797592163086
cross_same_same,210,238,2,4,0210_2.jpg,0238_4.jpg,0,0.5023658871650696
cross_same_same,210,253,2,4,0210_2.jpg,0253_4.jpg,0,0.7164838910102844
cross_same_same,210,254,2,4,0210_2.jpg,0254_4.jpg,0,0.39129915833473206
cross_same_same,210,257,2,4,0210_2.jpg,0257_4.jpg,0,0.40172383189201355
cross_same_same,210,258,2,4,0210_2.jpg,0258_4.jpg,0,0.5240154266357422
cross_same_same,210,268,2,4,0210_2.jpg,0268_4.jpg,0,0.2978261113166809
cross_same_same,210,269,2,4,0210_2.jpg,0269_4.jpg,0,0.4412924647331238
cross_same_same,210,270,2,4,0210_2.jpg,0270_4.jpg,0,0.39524054527282715
cross_same_same,210,277,2,4,0210_2.jpg,0277_4.jpg,0,0.7527390718460083
cross_same_same,210,278,2,4,0210_2.jpg,0278_4.jpg,0,0.6533859968185425
cross_same_same,218,5,2,4,0218_2.jpg,0005_4.jpg,0,0.4803575277328491
cross_same_same,218,9,2,4,0218_2.jpg,0009_4.jpg,0,0.4846285879611969
cross_same_same,218,10,2,4,0218_2.jpg,0010_4.jpg,0,0.27359461784362793
cross_same_same,218,28,2,4,0218_2.jpg,0028_4.jpg,0,0.6639916896820068
cross_same_same,218,32,2,4,0218_2.jpg,0032_4.jpg,0,0.7331600785255432
cross_same_same,218,33,2,4,0218_2.jpg,0033_4.jpg,0,0.23802731931209564
cross_same_same,218,34,2,4,0218_2.jpg,0034_4.jpg,0,0.7083288431167603
cross_same_same,218,44,2,4,0218_2.jpg,0044_4.jpg,0,0.7657882571220398
cross_same_same,218,51,2,4,0218_2.jpg,0051_4.jpg,0,0.3410445749759674
cross_same_same,218,54,2,4,0218_2.jpg,0054_4.jpg,0,0.7912169098854065
cross_same_same,218,63,2,4,0218_2.jpg,0063_4.jpg,0,0.46047794818878174
cross_same_same,218,68,2,4,0218_2.jpg,0068_4.jpg,0,0.6203862428665161
cross_same_same,218,69,2,4,0218_2.jpg,0069_4.jpg,0,0.27502167224884033
cross_same_same,218,73,2,4,0218_2.jpg,0073_4.jpg,0,0.3653120994567871
cross_same_same,218,95,2,4,0218_2.jpg,0095_4.jpg,0,0.762572169303894
cross_same_same,218,121,2,4,0218_2.jpg,0121_4.jpg,0,0.6813403367996216
cross_same_same,218,128,2,4,0218_2.jpg,0128_4.jpg,0,0.37979573011398315
cross_same_same,218,129,2,4,0218_2.jpg,0129_4.jpg,0,-0.035619135946035385
cross_same_same,218,131,2,4,0218_2.jpg,0131_4.jpg,0,0.7097920179367065
cross_same_same,218,139,2,4,0218_2.jpg,0139_4.jpg,0,0.14143244922161102
cross_same_same,218,144,2,4,0218_2.jpg,0144_4.jpg,0,0.5364486575126648
cross_same_same,218,145,2,4,0218_2.jpg,0145_4.jpg,0,0.13569292426109314
cross_same_same,218,150,2,4,0218_2.jpg,0150_4.jpg,0,0.7150421142578125
cross_same_same,218,160,2,4,0218_2.jpg,0160_4.jpg,0,0.29639390110969543
cross_same_same,218,165,2,4,0218_2.jpg,0165_4.jpg,0,0.38470813632011414
cross_same_same,218,166,2,4,0218_2.jpg,0166_4.jpg,0,0.5677719712257385
cross_same_same,218,170,2,4,0218_2.jpg,0170_4.jpg,0,-0.09964248538017273
cross_same_same,218,174,2,4,0218_2.jpg,0174_4.jpg,0,0.024558624252676964
cross_same_same,218,176,2,4,0218_2.jpg,0176_4.jpg,0,0.6295028328895569
cross_same_same,218,193,2,4,0218_2.jpg,0193_4.jpg,0,0.3891698122024536
cross_same_same,218,202,2,4,0218_2.jpg,0202_4.jpg,0,0.826928973197937
cross_same_same,218,205,2,4,0218_2.jpg,0205_4.jpg,0,0.2493908554315567
cross_same_same,218,210,2,4,0218_2.jpg,0210_4.jpg,0,0.40407082438468933
cross_same_same,218,218,2,4,0218_2.jpg,0218_4.jpg,1,0.8599433898925781
cross_same_same,218,222,2,4,0218_2.jpg,0222_4.jpg,0,0.4316050410270691
cross_same_same,218,238,2,4,0218_2.jpg,0238_4.jpg,0,0.5372837781906128
cross_same_same,218,253,2,4,0218_2.jpg,0253_4.jpg,0,0.7309253215789795
cross_same_same,218,254,2,4,0218_2.jpg,0254_4.jpg,0,0.06678720563650131
cross_same_same,218,257,2,4,0218_2.jpg,0257_4.jpg,0,0.11259998381137848
cross_same_same,218,258,2,4,0218_2.jpg,0258_4.jpg,0,0.40510672330856323
cross_same_same,218,268,2,4,0218_2.jpg,0268_4.jpg,0,0.15872593224048615
cross_same_same,218,269,2,4,0218_2.jpg,0269_4.jpg,0,0.5538133978843689
cross_same_same,218,270,2,4,0218_2.jpg,0270_4.jpg,0,0.20038945972919464
cross_same_same,218,277,2,4,0218_2.jpg,0277_4.jpg,0,0.5307499766349792
cross_same_same,218,278,2,4,0218_2.jpg,0278_4.jpg,0,0.566663920879364
cross_same_same,222,5,2,4,0222_2.jpg,0005_4.jpg,0,0.5348560810089111
cross_same_same,222,9,2,4,0222_2.jpg,0009_4.jpg,0,0.7053894400596619
cross_same_same,222,10,2,4,0222_2.jpg,0010_4.jpg,0,-0.18922346830368042
cross_same_same,222,28,2,4,0222_2.jpg,0028_4.jpg,0,0.648198127746582
cross_same_same,222,32,2,4,0222_2.jpg,0032_4.jpg,0,0.8549361824989319
cross_same_same,222,33,2,4,0222_2.jpg,0033_4.jpg,0,0.13765618205070496
cross_same_same,222,34,2,4,0222_2.jpg,0034_4.jpg,0,0.7903807163238525
cross_same_same,222,44,2,4,0222_2.jpg,0044_4.jpg,0,0.59950852394104
cross_same_same,222,51,2,4,0222_2.jpg,0051_4.jpg,0,0.3434430658817291
cross_same_same,222,54,2,4,0222_2.jpg,0054_4.jpg,0,0.8218411207199097
cross_same_same,222,63,2,4,0222_2.jpg,0063_4.jpg,0,0.6627183556556702
cross_same_same,222,68,2,4,0222_2.jpg,0068_4.jpg,0,0.4062538743019104
cross_same_same,222,69,2,4,0222_2.jpg,0069_4.jpg,0,0.15779393911361694
cross_same_same,222,73,2,4,0222_2.jpg,0073_4.jpg,0,-0.002282661385834217
cross_same_same,222,95,2,4,0222_2.jpg,0095_4.jpg,0,0.4440252184867859
cross_same_same,222,121,2,4,0222_2.jpg,0121_4.jpg,0,0.5860528349876404
cross_same_same,222,128,2,4,0222_2.jpg,0128_4.jpg,0,0.5488467216491699
cross_same_same,222,129,2,4,0222_2.jpg,0129_4.jpg,0,0.015620620921254158
cross_same_same,222,131,2,4,0222_2.jpg,0131_4.jpg,0,0.6706819534301758
cross_same_same,222,139,2,4,0222_2.jpg,0139_4.jpg,0,-0.058941036462783813
cross_same_same,222,144,2,4,0222_2.jpg,0144_4.jpg,0,0.49728140234947205
cross_same_same,222,145,2,4,0222_2.jpg,0145_4.jpg,0,-0.14911726117134094
cross_same_same,222,150,2,4,0222_2.jpg,0150_4.jpg,0,0.5295222401618958
cross_same_same,222,160,2,4,0222_2.jpg,0160_4.jpg,0,0.5607247352600098
cross_same_same,222,165,2,4,0222_2.jpg,0165_4.jpg,0,0.6505173444747925
cross_same_same,222,166,2,4,0222_2.jpg,0166_4.jpg,0,0.5855738520622253
cross_same_same,222,170,2,4,0222_2.jpg,0170_4.jpg,0,-0.040117476135492325
cross_same_same,222,174,2,4,0222_2.jpg,0174_4.jpg,0,0.24949169158935547
cross_same_same,222,176,2,4,0222_2.jpg,0176_4.jpg,0,0.6512410044670105
cross_same_same,222,193,2,4,0222_2.jpg,0193_4.jpg,0,-0.15586991608142853
cross_same_same,222,202,2,4,0222_2.jpg,0202_4.jpg,0,0.5763731002807617
cross_same_same,222,205,2,4,0222_2.jpg,0205_4.jpg,0,0.22130118310451508
cross_same_same,222,210,2,4,0222_2.jpg,0210_4.jpg,0,0.6626046299934387
cross_same_same,222,218,2,4,0222_2.jpg,0218_4.jpg,0,0.475631982088089
cross_same_same,222,222,2,4,0222_2.jpg,0222_4.jpg,1,0.5268163084983826
cross_same_same,222,238,2,4,0222_2.jpg,0238_4.jpg,0,0.5966209769248962
cross_same_same,222,253,2,4,0222_2.jpg,0253_4.jpg,0,0.7929824590682983
cross_same_same,222,254,2,4,0222_2.jpg,0254_4.jpg,0,0.16710159182548523
cross_same_same,222,257,2,4,0222_2.jpg,0257_4.jpg,0,0.11776579916477203
cross_same_same,222,258,2,4,0222_2.jpg,0258_4.jpg,0,0.607298731803894
cross_same_same,222,268,2,4,0222_2.jpg,0268_4.jpg,0,0.03393597528338432
cross_same_same,222,269,2,4,0222_2.jpg,0269_4.jpg,0,0.5126288533210754
cross_same_same,222,270,2,4,0222_2.jpg,0270_4.jpg,0,0.11511566489934921
cross_same_same,222,277,2,4,0222_2.jpg,0277_4.jpg,0,0.640641987323761
cross_same_same,222,278,2,4,0222_2.jpg,0278_4.jpg,0,0.6131419539451599
cross_same_same,238,5,2,4,0238_2.jpg,0005_4.jpg,0,0.631855309009552
cross_same_same,238,9,2,4,0238_2.jpg,0009_4.jpg,0,0.7813707590103149
cross_same_same,238,10,2,4,0238_2.jpg,0010_4.jpg,0,-0.19151195883750916
cross_same_same,238,28,2,4,0238_2.jpg,0028_4.jpg,0,0.41778865456581116
cross_same_same,238,32,2,4,0238_2.jpg,0032_4.jpg,0,0.7517948150634766
cross_same_same,238,33,2,4,0238_2.jpg,0033_4.jpg,0,0.43140679597854614
cross_same_same,238,34,2,4,0238_2.jpg,0034_4.jpg,0,0.7056975364685059
cross_same_same,238,44,2,4,0238_2.jpg,0044_4.jpg,0,0.320358544588089
cross_same_same,238,51,2,4,0238_2.jpg,0051_4.jpg,0,0.4925873279571533
cross_same_same,238,54,2,4,0238_2.jpg,0054_4.jpg,0,0.6438088417053223
cross_same_same,238,63,2,4,0238_2.jpg,0063_4.jpg,0,0.7759183049201965
cross_same_same,238,68,2,4,0238_2.jpg,0068_4.jpg,0,0.4683052599430084
cross_same_same,238,69,2,4,0238_2.jpg,0069_4.jpg,0,0.47350382804870605
cross_same_same,238,73,2,4,0238_2.jpg,0073_4.jpg,0,0.004741973243653774
cross_same_same,238,95,2,4,0238_2.jpg,0095_4.jpg,0,0.425931453704834
cross_same_same,238,121,2,4,0238_2.jpg,0121_4.jpg,0,0.3913356363773346
cross_same_same,238,128,2,4,0238_2.jpg,0128_4.jpg,0,0.7662332653999329
cross_same_same,238,129,2,4,0238_2.jpg,0129_4.jpg,0,0.3848302364349365
cross_same_same,238,131,2,4,0238_2.jpg,0131_4.jpg,0,0.43856877088546753
cross_same_same,238,139,2,4,0238_2.jpg,0139_4.jpg,0,0.27035075426101685
cross_same_same,238,144,2,4,0238_2.jpg,0144_4.jpg,0,0.6289902329444885
cross_same_same,238,145,2,4,0238_2.jpg,0145_4.jpg,0,0.061155833303928375
cross_same_same,238,150,2,4,0238_2.jpg,0150_4.jpg,0,0.2064313292503357
cross_same_same,238,160,2,4,0238_2.jpg,0160_4.jpg,0,0.6310197114944458
cross_same_same,238,165,2,4,0238_2.jpg,0165_4.jpg,0,0.6470125913619995
cross_same_same,238,166,2,4,0238_2.jpg,0166_4.jpg,0,0.3884662091732025
cross_same_same,238,170,2,4,0238_2.jpg,0170_4.jpg,0,0.3359915614128113
cross_same_same,238,174,2,4,0238_2.jpg,0174_4.jpg,0,0.6091094017028809
cross_same_same,238,176,2,4,0238_2.jpg,0176_4.jpg,0,0.45391857624053955
cross_same_same,238,193,2,4,0238_2.jpg,0193_4.jpg,0,-0.34534624218940735
cross_same_same,238,202,2,4,0238_2.jpg,0202_4.jpg,0,0.4287503659725189
cross_same_same,238,205,2,4,0238_2.jpg,0205_4.jpg,0,0.5537263751029968
cross_same_same,238,210,2,4,0238_2.jpg,0210_4.jpg,0,0.7114062905311584
cross_same_same,238,218,2,4,0238_2.jpg,0218_4.jpg,0,0.2392963469028473
cross_same_same,238,222,2,4,0238_2.jpg,0222_4.jpg,0,0.6547749638557434
cross_same_same,238,238,2,4,0238_2.jpg,0238_4.jpg,1,0.8429855704307556
cross_same_same,238,253,2,4,0238_2.jpg,0253_4.jpg,0,0.5892848372459412
cross_same_same,238,254,2,4,0238_2.jpg,0254_4.jpg,0,0.5423085689544678
cross_same_same,238,257,2,4,0238_2.jpg,0257_4.jpg,0,0.4752434194087982
cross_same_same,238,258,2,4,0238_2.jpg,0258_4.jpg,0,0.7838291525840759
cross_same_same,238,268,2,4,0238_2.jpg,0268_4.jpg,0,0.308903306722641
cross_same_same,238,269,2,4,0238_2.jpg,0269_4.jpg,0,0.5845551490783691
cross_same_same,238,270,2,4,0238_2.jpg,0270_4.jpg,0,0.5030806064605713
cross_same_same,238,277,2,4,0238_2.jpg,0277_4.jpg,0,0.7668634057044983
cross_same_same,238,278,2,4,0238_2.jpg,0278_4.jpg,0,0.7541161179542542
cross_same_same,253,5,2,4,0253_2.jpg,0005_4.jpg,0,0.6676207184791565
cross_same_same,253,9,2,4,0253_2.jpg,0009_4.jpg,0,0.6304091215133667
cross_same_same,253,10,2,4,0253_2.jpg,0010_4.jpg,0,0.290641188621521
cross_same_same,253,28,2,4,0253_2.jpg,0028_4.jpg,0,0.6943258047103882
cross_same_same,253,32,2,4,0253_2.jpg,0032_4.jpg,0,0.6995137929916382
cross_same_same,253,33,2,4,0253_2.jpg,0033_4.jpg,0,0.34841716289520264
cross_same_same,253,34,2,4,0253_2.jpg,0034_4.jpg,0,0.7537798881530762
cross_same_same,253,44,2,4,0253_2.jpg,0044_4.jpg,0,0.8106783032417297
cross_same_same,253,51,2,4,0253_2.jpg,0051_4.jpg,0,0.533630907535553
cross_same_same,253,54,2,4,0253_2.jpg,0054_4.jpg,0,0.8493135571479797
cross_same_same,253,63,2,4,0253_2.jpg,0063_4.jpg,0,0.5015590190887451
cross_same_same,253,68,2,4,0253_2.jpg,0068_4.jpg,0,0.7591394782066345
cross_same_same,253,69,2,4,0253_2.jpg,0069_4.jpg,0,0.37689128518104553
cross_same_same,253,73,2,4,0253_2.jpg,0073_4.jpg,0,0.4189632833003998
cross_same_same,253,95,2,4,0253_2.jpg,0095_4.jpg,0,0.7134966254234314
cross_same_same,253,121,2,4,0253_2.jpg,0121_4.jpg,0,0.8289564847946167
cross_same_same,253,128,2,4,0253_2.jpg,0128_4.jpg,0,0.47945770621299744
cross_same_same,253,129,2,4,0253_2.jpg,0129_4.jpg,0,0.10966379195451736
cross_same_same,253,131,2,4,0253_2.jpg,0131_4.jpg,0,0.7247161269187927
cross_same_same,253,139,2,4,0253_2.jpg,0139_4.jpg,0,0.16940326988697052
cross_same_same,253,144,2,4,0253_2.jpg,0144_4.jpg,0,0.5559068322181702
cross_same_same,253,145,2,4,0253_2.jpg,0145_4.jpg,0,0.29564496874809265
cross_same_same,253,150,2,4,0253_2.jpg,0150_4.jpg,0,0.7638553977012634
cross_same_same,253,160,2,4,0253_2.jpg,0160_4.jpg,0,0.5319132208824158
cross_same_same,253,165,2,4,0253_2.jpg,0165_4.jpg,0,0.442320317029953
cross_same_same,253,166,2,4,0253_2.jpg,0166_4.jpg,0,0.6529925465583801
cross_same_same,253,170,2,4,0253_2.jpg,0170_4.jpg,0,0.05928175896406174
cross_same_same,253,174,2,4,0253_2.jpg,0174_4.jpg,0,0.10972152650356293
cross_same_same,253,176,2,4,0253_2.jpg,0176_4.jpg,0,0.7195857763290405
cross_same_same,253,193,2,4,0253_2.jpg,0193_4.jpg,0,0.36744287610054016
cross_same_same,253,202,2,4,0253_2.jpg,0202_4.jpg,0,0.6688615679740906
cross_same_same,253,205,2,4,0253_2.jpg,0205_4.jpg,0,0.29671892523765564
cross_same_same,253,210,2,4,0253_2.jpg,0210_4.jpg,0,0.47725656628608704
cross_same_same,253,218,2,4,0253_2.jpg,0218_4.jpg,0,0.784083366394043
cross_same_same,253,222,2,4,0253_2.jpg,0222_4.jpg,0,0.5185149312019348
cross_same_same,253,238,2,4,0253_2.jpg,0238_4.jpg,0,0.5575202107429504
cross_same_same,253,253,2,4,0253_2.jpg,0253_4.jpg,1,0.8498772382736206
cross_same_same,253,254,2,4,0253_2.jpg,0254_4.jpg,0,0.15208713710308075
cross_same_same,253,257,2,4,0253_2.jpg,0257_4.jpg,0,0.20041410624980927
cross_same_same,253,258,2,4,0253_2.jpg,0258_4.jpg,0,0.43308672308921814
cross_same_same,253,268,2,4,0253_2.jpg,0268_4.jpg,0,0.23681031167507172
cross_same_same,253,269,2,4,0253_2.jpg,0269_4.jpg,0,0.6217017769813538
cross_same_same,253,270,2,4,0253_2.jpg,0270_4.jpg,0,0.2387559711933136
cross_same_same,253,277,2,4,0253_2.jpg,0277_4.jpg,0,0.6324070692062378
cross_same_same,253,278,2,4,0253_2.jpg,0278_4.jpg,0,0.5654093027114868
cross_same_same,254,5,2,4,0254_2.jpg,0005_4.jpg,0,0.6157768368721008
cross_same_same,254,9,2,4,0254_2.jpg,0009_4.jpg,0,0.5604482889175415
cross_same_same,254,10,2,4,0254_2.jpg,0010_4.jpg,0,-0.12006933987140656
cross_same_same,254,28,2,4,0254_2.jpg,0028_4.jpg,0,-0.07073772698640823
cross_same_same,254,32,2,4,0254_2.jpg,0032_4.jpg,0,0.4261902868747711
cross_same_same,254,33,2,4,0254_2.jpg,0033_4.jpg,0,0.7113149166107178
cross_same_same,254,34,2,4,0254_2.jpg,0034_4.jpg,0,0.307698518037796
cross_same_same,254,44,2,4,0254_2.jpg,0044_4.jpg,0,-0.20385026931762695
cross_same_same,254,51,2,4,0254_2.jpg,0051_4.jpg,0,0.5898603796958923
cross_same_same,254,54,2,4,0254_2.jpg,0054_4.jpg,0,0.2516246736049652
cross_same_same,254,63,2,4,0254_2.jpg,0063_4.jpg,0,0.7016037702560425
cross_same_same,254,68,2,4,0254_2.jpg,0068_4.jpg,0,0.34817543625831604
cross_same_same,254,69,2,4,0254_2.jpg,0069_4.jpg,0,0.653883695602417
cross_same_same,254,73,2,4,0254_2.jpg,0073_4.jpg,0,-0.0721723735332489
cross_same_same,254,95,2,4,0254_2.jpg,0095_4.jpg,0,0.25453487038612366
cross_same_same,254,121,2,4,0254_2.jpg,0121_4.jpg,0,0.21547208726406097
cross_same_same,254,128,2,4,0254_2.jpg,0128_4.jpg,0,0.8137733936309814
cross_same_same,254,129,2,4,0254_2.jpg,0129_4.jpg,0,0.8031565546989441
cross_same_same,254,131,2,4,0254_2.jpg,0131_4.jpg,0,-0.023834269493818283
cross_same_same,254,139,2,4,0254_2.jpg,0139_4.jpg,0,0.6555048823356628
cross_same_same,254,144,2,4,0254_2.jpg,0144_4.jpg,0,0.6622518301010132
cross_same_same,254,145,2,4,0254_2.jpg,0145_4.jpg,0,0.3406529426574707
cross_same_same,254,150,2,4,0254_2.jpg,0150_4.jpg,0,-0.3685581684112549
cross_same_same,254,160,2,4,0254_2.jpg,0160_4.jpg,0,0.5258778929710388
cross_same_same,254,165,2,4,0254_2.jpg,0165_4.jpg,0,0.39843112230300903
cross_same_same,254,166,2,4,0254_2.jpg,0166_4.jpg,0,0.03198856860399246
cross_same_same,254,170,2,4,0254_2.jpg,0170_4.jpg,0,0.74422687292099
cross_same_same,254,174,2,4,0254_2.jpg,0174_4.jpg,0,0.957573413848877
cross_same_same,254,176,2,4,0254_2.jpg,0176_4.jpg,0,-0.10774995386600494
cross_same_same,254,193,2,4,0254_2.jpg,0193_4.jpg,0,-0.5017232298851013
cross_same_same,254,202,2,4,0254_2.jpg,0202_4.jpg,0,-0.0034123228397220373
cross_same_same,254,205,2,4,0254_2.jpg,0205_4.jpg,0,0.8056727647781372
cross_same_same,254,210,2,4,0254_2.jpg,0210_4.jpg,0,0.4750990867614746
cross_same_same,254,218,2,4,0254_2.jpg,0218_4.jpg,0,-0.16064883768558502
cross_same_same,254,222,2,4,0254_2.jpg,0222_4.jpg,0,0.7052830457687378
cross_same_same,254,238,2,4,0254_2.jpg,0238_4.jpg,0,0.6791425347328186
cross_same_same,254,253,2,4,0254_2.jpg,0253_4.jpg,0,0.08093631267547607
cross_same_same,254,254,2,4,0254_2.jpg,0254_4.jpg,1,0.9153175950050354
cross_same_same,254,257,2,4,0254_2.jpg,0257_4.jpg,0,0.8566559553146362
cross_same_same,254,258,2,4,0254_2.jpg,0258_4.jpg,0,0.781181812286377
cross_same_same,254,268,2,4,0254_2.jpg,0268_4.jpg,0,0.6768743395805359
cross_same_same,254,269,2,4,0254_2.jpg,0269_4.jpg,0,0.5529901385307312
cross_same_same,254,270,2,4,0254_2.jpg,0270_4.jpg,0,0.7161785364151001
cross_same_same,254,277,2,4,0254_2.jpg,0277_4.jpg,0,0.606999397277832
cross_same_same,254,278,2,4,0254_2.jpg,0278_4.jpg,0,0.6961354613304138
cross_same_same,257,5,2,4,0257_2.jpg,0005_4.jpg,0,0.7060968279838562
cross_same_same,257,9,2,4,0257_2.jpg,0009_4.jpg,0,0.6250131726264954
cross_same_same,257,10,2,4,0257_2.jpg,0010_4.jpg,0,0.09346317499876022
cross_same_same,257,28,2,4,0257_2.jpg,0028_4.jpg,0,0.12598352134227753
cross_same_same,257,32,2,4,0257_2.jpg,0032_4.jpg,0,0.466571182012558
cross_same_same,257,33,2,4,0257_2.jpg,0033_4.jpg,0,0.8464099168777466
cross_same_same,257,34,2,4,0257_2.jpg,0034_4.jpg,0,0.41210734844207764
cross_same_same,257,44,2,4,0257_2.jpg,0044_4.jpg,0,0.03632817044854164
cross_same_same,257,51,2,4,0257_2.jpg,0051_4.jpg,0,0.7372322082519531
cross_same_same,257,54,2,4,0257_2.jpg,0054_4.jpg,0,0.3835342228412628
cross_same_same,257,63,2,4,0257_2.jpg,0063_4.jpg,0,0.7475693225860596
cross_same_same,257,68,2,4,0257_2.jpg,0068_4.jpg,0,0.5333607196807861
cross_same_same,257,69,2,4,0257_2.jpg,0069_4.jpg,0,0.7466686964035034
cross_same_same,257,73,2,4,0257_2.jpg,0073_4.jpg,0,0.24222010374069214
cross_same_same,257,95,2,4,0257_2.jpg,0095_4.jpg,0,0.40093639492988586
cross_same_same,257,121,2,4,0257_2.jpg,0121_4.jpg,0,0.2828345000743866
cross_same_same,257,128,2,4,0257_2.jpg,0128_4.jpg,0,0.8512079119682312
cross_same_same,257,129,2,4,0257_2.jpg,0129_4.jpg,0,0.8273568153381348
cross_same_same,257,131,2,4,0257_2.jpg,0131_4.jpg,0,0.23508641123771667
cross_same_same,257,139,2,4,0257_2.jpg,0139_4.jpg,0,0.6998224258422852
cross_same_same,257,144,2,4,0257_2.jpg,0144_4.jpg,0,0.6933655142784119
cross_same_same,257,145,2,4,0257_2.jpg,0145_4.jpg,0,0.4926246702671051
cross_same_same,257,150,2,4,0257_2.jpg,0150_4.jpg,0,-0.1336504966020584
cross_same_same,257,160,2,4,0257_2.jpg,0160_4.jpg,0,0.6374980807304382
cross_same_same,257,165,2,4,0257_2.jpg,0165_4.jpg,0,0.49761030077934265
cross_same_same,257,166,2,4,0257_2.jpg,0166_4.jpg,0,0.27017664909362793
cross_same_same,257,170,2,4,0257_2.jpg,0170_4.jpg,0,0.8017589449882507
cross_same_same,257,174,2,4,0257_2.jpg,0174_4.jpg,0,0.9004648327827454
cross_same_same,257,176,2,4,0257_2.jpg,0176_4.jpg,0,0.12291260063648224
cross_same_same,257,193,2,4,0257_2.jpg,0193_4.jpg,0,-0.23149846494197845
cross_same_same,257,202,2,4,0257_2.jpg,0202_4.jpg,0,0.1231866255402565
cross_same_same,257,205,2,4,0257_2.jpg,0205_4.jpg,0,0.8611122369766235
cross_same_same,257,210,2,4,0257_2.jpg,0210_4.jpg,0,0.5159327387809753
cross_same_same,257,218,2,4,0257_2.jpg,0218_4.jpg,0,0.011072597466409206
cross_same_same,257,222,2,4,0257_2.jpg,0222_4.jpg,0,0.702853262424469
cross_same_same,257,238,2,4,0257_2.jpg,0238_4.jpg,0,0.6424437761306763
cross_same_same,257,253,2,4,0257_2.jpg,0253_4.jpg,0,0.23288537561893463
cross_same_same,257,254,2,4,0257_2.jpg,0254_4.jpg,0,0.8549701571464539
cross_same_same,257,257,2,4,0257_2.jpg,0257_4.jpg,1,0.8694790601730347
cross_same_same,257,258,2,4,0257_2.jpg,0258_4.jpg,0,0.6766219735145569
cross_same_same,257,268,2,4,0257_2.jpg,0268_4.jpg,0,0.7417149543762207
cross_same_same,257,269,2,4,0257_2.jpg,0269_4.jpg,0,0.557722806930542
cross_same_same,257,270,2,4,0257_2.jpg,0270_4.jpg,0,0.8298027515411377
cross_same_same,257,277,2,4,0257_2.jpg,0277_4.jpg,0,0.691832423210144
cross_same_same,257,278,2,4,0257_2.jpg,0278_4.jpg,0,0.7373118996620178
cross_same_same,258,5,2,4,0258_2.jpg,0005_4.jpg,0,0.6817939877510071
cross_same_same,258,9,2,4,0258_2.jpg,0009_4.jpg,0,0.6217507719993591
cross_same_same,258,10,2,4,0258_2.jpg,0010_4.jpg,0,-0.17725130915641785
cross_same_same,258,28,2,4,0258_2.jpg,0028_4.jpg,0,0.04738612473011017
cross_same_same,258,32,2,4,0258_2.jpg,0032_4.jpg,0,0.7331245541572571
cross_same_same,258,33,2,4,0258_2.jpg,0033_4.jpg,0,0.6277058720588684
cross_same_same,258,34,2,4,0258_2.jpg,0034_4.jpg,0,0.6680737733840942
cross_same_same,258,44,2,4,0258_2.jpg,0044_4.jpg,0,0.1568194031715393
cross_same_same,258,51,2,4,0258_2.jpg,0051_4.jpg,0,0.4817476272583008
cross_same_same,258,54,2,4,0258_2.jpg,0054_4.jpg,0,0.4923742711544037
cross_same_same,258,63,2,4,0258_2.jpg,0063_4.jpg,0,0.8180862665176392
cross_same_same,258,68,2,4,0258_2.jpg,0068_4.jpg,0,0.49660757184028625
cross_same_same,258,69,2,4,0258_2.jpg,0069_4.jpg,0,0.6670387387275696
cross_same_same,258,73,2,4,0258_2.jpg,0073_4.jpg,0,-0.10548292100429535
cross_same_same,258,95,2,4,0258_2.jpg,0095_4.jpg,0,0.5340251922607422
cross_same_same,258,121,2,4,0258_2.jpg,0121_4.jpg,0,0.5504904389381409
cross_same_same,258,128,2,4,0258_2.jpg,0128_4.jpg,0,0.8312703967094421
cross_same_same,258,129,2,4,0258_2.jpg,0129_4.jpg,0,0.5749784708023071
cross_same_same,258,131,2,4,0258_2.jpg,0131_4.jpg,0,0.1543191373348236
cross_same_same,258,139,2,4,0258_2.jpg,0139_4.jpg,0,0.5205068588256836
cross_same_same,258,144,2,4,0258_2.jpg,0144_4.jpg,0,0.8585741519927979
cross_same_same,258,145,2,4,0258_2.jpg,0145_4.jpg,0,0.11158762872219086
cross_same_same,258,150,2,4,0258_2.jpg,0150_4.jpg,0,-0.11019600182771683
cross_same_same,258,160,2,4,0258_2.jpg,0160_4.jpg,0,0.39835354685783386
cross_same_same,258,165,2,4,0258_2.jpg,0165_4.jpg,0,0.383632093667984
cross_same_same,258,166,2,4,0258_2.jpg,0166_4.jpg,0,0.1422349214553833
cross_same_same,258,170,2,4,0258_2.jpg,0170_4.jpg,0,0.42898666858673096
cross_same_same,258,174,2,4,0258_2.jpg,0174_4.jpg,0,0.802568256855011
cross_same_same,258,176,2,4,0258_2.jpg,0176_4.jpg,0,0.10413786768913269
cross_same_same,258,193,2,4,0258_2.jpg,0193_4.jpg,0,-0.4297190308570862
cross_same_same,258,202,2,4,0258_2.jpg,0202_4.jpg,0,0.45133841037750244
cross_same_same,258,205,2,4,0258_2.jpg,0205_4.jpg,0,0.7588514089584351
cross_same_same,258,210,2,4,0258_2.jpg,0210_4.jpg,0,0.4156578779220581
cross_same_same,258,218,2,4,0258_2.jpg,0218_4.jpg,0,0.23002150654792786
cross_same_same,258,222,2,4,0258_2.jpg,0222_4.jpg,0,0.8966291546821594
cross_same_same,258,238,2,4,0258_2.jpg,0238_4.jpg,0,0.8584247827529907
cross_same_same,258,253,2,4,0258_2.jpg,0253_4.jpg,0,0.2671891450881958
cross_same_same,258,254,2,4,0258_2.jpg,0254_4.jpg,0,0.8189603090286255
cross_same_same,258,257,2,4,0258_2.jpg,0257_4.jpg,0,0.7694751024246216
cross_same_same,258,258,2,4,0258_2.jpg,0258_4.jpg,1,0.9733012318611145
cross_same_same,258,268,2,4,0258_2.jpg,0268_4.jpg,0,0.6158003807067871
cross_same_same,258,269,2,4,0258_2.jpg,0269_4.jpg,0,0.8122981190681458
cross_same_same,258,270,2,4,0258_2.jpg,0270_4.jpg,0,0.6324914693832397
cross_same_same,258,277,2,4,0258_2.jpg,0277_4.jpg,0,0.7474559545516968
cross_same_same,258,278,2,4,0258_2.jpg,0278_4.jpg,0,0.8624457716941833
cross_same_same,268,5,2,4,0268_2.jpg,0005_4.jpg,0,0.5398164391517639
cross_same_same,268,9,2,4,0268_2.jpg,0009_4.jpg,0,0.26776689291000366
cross_same_same,268,10,2,4,0268_2.jpg,0010_4.jpg,0,0.45032012462615967
cross_same_same,268,28,2,4,0268_2.jpg,0028_4.jpg,0,-0.15924547612667084
cross_same_same,268,32,2,4,0268_2.jpg,0032_4.jpg,0,0.129750058054924
cross_same_same,268,33,2,4,0268_2.jpg,0033_4.jpg,0,0.8339933156967163
cross_same_same,268,34,2,4,0268_2.jpg,0034_4.jpg,0,0.08789924532175064
cross_same_same,268,44,2,4,0268_2.jpg,0044_4.jpg,0,-0.06934557855129242
cross_same_same,268,51,2,4,0268_2.jpg,0051_4.jpg,0,0.6418899893760681
cross_same_same,268,54,2,4,0268_2.jpg,0054_4.jpg,0,0.043955232948064804
cross_same_same,268,63,2,4,0268_2.jpg,0063_4.jpg,0,0.4132911264896393
cross_same_same,268,68,2,4,0268_2.jpg,0068_4.jpg,0,0.5342566967010498
cross_same_same,268,69,2,4,0268_2.jpg,0069_4.jpg,0,0.810309886932373
cross_same_same,268,73,2,4,0268_2.jpg,0073_4.jpg,0,0.393574982881546
cross_same_same,268,95,2,4,0268_2.jpg,0095_4.jpg,0,0.40417495369911194
cross_same_same,268,121,2,4,0268_2.jpg,0121_4.jpg,0,0.2692490518093109
cross_same_same,268,128,2,4,0268_2.jpg,0128_4.jpg,0,0.6003958582878113
cross_same_same,268,129,2,4,0268_2.jpg,0129_4.jpg,0,0.8613060712814331
cross_same_same,268,131,2,4,0268_2.jpg,0131_4.jpg,0,-0.0983845666050911
cross_same_same,268,139,2,4,0268_2.jpg,0139_4.jpg,0,0.8975542783737183
cross_same_same,268,144,2,4,0268_2.jpg,0144_4.jpg,0,0.6308469176292419
cross_same_same,268,145,2,4,0268_2.jpg,0145_4.jpg,0,0.6959465742111206
cross_same_same,268,150,2,4,0268_2.jpg,0150_4.jpg,0,-0.2557286322116852
cross_same_same,268,160,2,4,0268_2.jpg,0160_4.jpg,0,0.35049885511398315
cross_same_same,268,165,2,4,0268_2.jpg,0165_4.jpg,0,0.040994588285684586
cross_same_same,268,166,2,4,0268_2.jpg,0166_4.jpg,0,-0.04433979466557503
cross_same_same,268,170,2,4,0268_2.jpg,0170_4.jpg,0,0.84433913230896
cross_same_same,268,174,2,4,0268_2.jpg,0174_4.jpg,0,0.7306333780288696
cross_same_same,268,176,2,4,0268_2.jpg,0176_4.jpg,0,-0.12346281111240387
cross_same_same,268,193,2,4,0268_2.jpg,0193_4.jpg,0,0.08214665204286575
cross_same_same,268,202,2,4,0268_2.jpg,0202_4.jpg,0,0.08763223886489868
cross_same_same,268,205,2,4,0268_2.jpg,0205_4.jpg,0,0.829788327217102
cross_same_same,268,210,2,4,0268_2.jpg,0210_4.jpg,0,0.10716141015291214
cross_same_same,268,218,2,4,0268_2.jpg,0218_4.jpg,0,0.08184771984815598
cross_same_same,268,222,2,4,0268_2.jpg,0222_4.jpg,0,0.5662024617195129
cross_same_same,268,238,2,4,0268_2.jpg,0238_4.jpg,0,0.46695423126220703
cross_same_same,268,253,2,4,0268_2.jpg,0253_4.jpg,0,-0.08002613484859467
cross_same_same,268,254,2,4,0268_2.jpg,0254_4.jpg,0,0.8014141321182251
cross_same_same,268,257,2,4,0268_2.jpg,0257_4.jpg,0,0.8446929454803467
cross_same_same,268,258,2,4,0268_2.jpg,0258_4.jpg,0,0.47014662623405457
cross_same_same,268,268,2,4,0268_2.jpg,0268_4.jpg,1,0.8601024746894836
cross_same_same,268,269,2,4,0268_2.jpg,0269_4.jpg,0,0.5495602488517761
cross_same_same,268,270,2,4,0268_2.jpg,0270_4.jpg,0,0.8036210536956787
cross_same_same,268,277,2,4,0268_2.jpg,0277_4.jpg,0,0.4547024667263031
cross_same_same,268,278,2,4,0268_2.jpg,0278_4.jpg,0,0.48219481110572815
cross_same_same,269,5,2,4,0269_2.jpg,0005_4.jpg,0,0.7349497675895691
cross_same_same,269,9,2,4,0269_2.jpg,0009_4.jpg,0,0.8051977157592773
cross_same_same,269,10,2,4,0269_2.jpg,0010_4.jpg,0,0.016343457624316216
cross_same_same,269,28,2,4,0269_2.jpg,0028_4.jpg,0,0.6509643793106079
cross_same_same,269,32,2,4,0269_2.jpg,0032_4.jpg,0,0.876853883266449
cross_same_same,269,33,2,4,0269_2.jpg,0033_4.jpg,0,0.4482894241809845
cross_same_same,269,34,2,4,0269_2.jpg,0034_4.jpg,0,0.7395098805427551
cross_same_same,269,44,2,4,0269_2.jpg,0044_4.jpg,0,0.5390452146530151
cross_same_same,269,51,2,4,0269_2.jpg,0051_4.jpg,0,0.6229133009910583
cross_same_same,269,54,2,4,0269_2.jpg,0054_4.jpg,0,0.8545933961868286
cross_same_same,269,63,2,4,0269_2.jpg,0063_4.jpg,0,0.7799848318099976
cross_same_same,269,68,2,4,0269_2.jpg,0068_4.jpg,0,0.5825622081756592
cross_same_same,269,69,2,4,0269_2.jpg,0069_4.jpg,0,0.41845086216926575
cross_same_same,269,73,2,4,0269_2.jpg,0073_4.jpg,0,0.2040654569864273
cross_same_same,269,95,2,4,0269_2.jpg,0095_4.jpg,0,0.5702890157699585
cross_same_same,269,121,2,4,0269_2.jpg,0121_4.jpg,0,0.6395829916000366
cross_same_same,269,128,2,4,0269_2.jpg,0128_4.jpg,0,0.7484146356582642
cross_same_same,269,129,2,4,0269_2.jpg,0129_4.jpg,0,0.3462570905685425
cross_same_same,269,131,2,4,0269_2.jpg,0131_4.jpg,0,0.6669949293136597
cross_same_same,269,139,2,4,0269_2.jpg,0139_4.jpg,0,0.2922880947589874
cross_same_same,269,144,2,4,0269_2.jpg,0144_4.jpg,0,0.670930802822113
cross_same_same,269,145,2,4,0269_2.jpg,0145_4.jpg,0,0.17175661027431488
cross_same_same,269,150,2,4,0269_2.jpg,0150_4.jpg,0,0.4589594602584839
cross_same_same,269,160,2,4,0269_2.jpg,0160_4.jpg,0,0.6972703337669373
cross_same_same,269,165,2,4,0269_2.jpg,0165_4.jpg,0,0.6992783546447754
cross_same_same,269,166,2,4,0269_2.jpg,0166_4.jpg,0,0.6226373910903931
cross_same_same,269,170,2,4,0269_2.jpg,0170_4.jpg,0,0.3185354471206665
cross_same_same,269,174,2,4,0269_2.jpg,0174_4.jpg,0,0.5238962769508362
cross_same_same,269,176,2,4,0269_2.jpg,0176_4.jpg,0,0.6344925761222839
cross_same_same,269,193,2,4,0269_2.jpg,0193_4.jpg,0,-0.056034624576568604
cross_same_same,269,202,2,4,0269_2.jpg,0202_4.jpg,0,0.5369213223457336
cross_same_same,269,205,2,4,0269_2.jpg,0205_4.jpg,0,0.5166787505149841
cross_same_same,269,210,2,4,0269_2.jpg,0210_4.jpg,0,0.7483749985694885
cross_same_same,269,218,2,4,0269_2.jpg,0218_4.jpg,0,0.48239392042160034
cross_same_same,269,222,2,4,0269_2.jpg,0222_4.jpg,0,0.6563122868537903
cross_same_same,269,238,2,4,0269_2.jpg,0238_4.jpg,0,0.6878241896629333
cross_same_same,269,253,2,4,0269_2.jpg,0253_4.jpg,0,0.7648122310638428
cross_same_same,269,254,2,4,0269_2.jpg,0254_4.jpg,0,0.44057705998420715
cross_same_same,269,257,2,4,0269_2.jpg,0257_4.jpg,0,0.4266209602355957
cross_same_same,269,258,2,4,0269_2.jpg,0258_4.jpg,0,0.7019272446632385
cross_same_same,269,268,2,4,0269_2.jpg,0268_4.jpg,0,0.3325333893299103
cross_same_same,269,269,2,4,0269_2.jpg,0269_4.jpg,1,0.6199054718017578
cross_same_same,269,270,2,4,0269_2.jpg,0270_4.jpg,0,0.41471949219703674
cross_same_same,269,277,2,4,0269_2.jpg,0277_4.jpg,0,0.7819008827209473
cross_same_same,269,278,2,4,0269_2.jpg,0278_4.jpg,0,0.7591320872306824
cross_same_same,270,5,2,4,0270_2.jpg,0005_4.jpg,0,0.43857505917549133
cross_same_same,270,9,2,4,0270_2.jpg,0009_4.jpg,0,0.3434047996997833
cross_same_same,270,10,2,4,0270_2.jpg,0010_4.jpg,0,0.5488048195838928
cross_same_same,270,28,2,4,0270_2.jpg,0028_4.jpg,0,0.08464920520782471
cross_same_same,270,32,2,4,0270_2.jpg,0032_4.jpg,0,0.05472729355096817
cross_same_same,270,33,2,4,0270_2.jpg,0033_4.jpg,0,0.7397174835205078
cross_same_same,270,34,2,4,0270_2.jpg,0034_4.jpg,0,-0.015307142399251461
cross_same_same,270,44,2,4,0270_2.jpg,0044_4.jpg,0,-0.028122374787926674
cross_same_same,270,51,2,4,0270_2.jpg,0051_4.jpg,0,0.7483240365982056
cross_same_same,270,54,2,4,0270_2.jpg,0054_4.jpg,0,0.07599935680627823
cross_same_same,270,63,2,4,0270_2.jpg,0063_4.jpg,0,0.31674182415008545
cross_same_same,270,68,2,4,0270_2.jpg,0068_4.jpg,0,0.56342613697052
cross_same_same,270,69,2,4,0270_2.jpg,0069_4.jpg,0,0.7261984944343567
cross_same_same,270,73,2,4,0270_2.jpg,0073_4.jpg,0,0.644140899181366
cross_same_same,270,95,2,4,0270_2.jpg,0095_4.jpg,0,0.2577081024646759
cross_same_same,270,121,2,4,0270_2.jpg,0121_4.jpg,0,0.07293452322483063
cross_same_same,270,128,2,4,0270_2.jpg,0128_4.jpg,0,0.4871906340122223
cross_same_same,270,129,2,4,0270_2.jpg,0129_4.jpg,0,0.8428557515144348
cross_same_same,270,131,2,4,0270_2.jpg,0131_4.jpg,0,0.06158468872308731
cross_same_same,270,139,2,4,0270_2.jpg,0139_4.jpg,0,0.8286987543106079
cross_same_same,270,144,2,4,0270_2.jpg,0144_4.jpg,0,0.4071142375469208
cross_same_same,270,145,2,4,0270_2.jpg,0145_4.jpg,0,0.850898265838623
cross_same_same,270,150,2,4,0270_2.jpg,0150_4.jpg,0,-0.06532035022974014
cross_same_same,270,160,2,4,0270_2.jpg,0160_4.jpg,0,0.5096468925476074
cross_same_same,270,165,2,4,0270_2.jpg,0165_4.jpg,0,0.21315136551856995
cross_same_same,270,166,2,4,0270_2.jpg,0166_4.jpg,0,0.16869597136974335
cross_same_same,270,170,2,4,0270_2.jpg,0170_4.jpg,0,0.8951777219772339
cross_same_same,270,174,2,4,0270_2.jpg,0174_4.jpg,0,0.6033119559288025
cross_same_same,270,176,2,4,0270_2.jpg,0176_4.jpg,0,0.08150975406169891
cross_same_same,270,193,2,4,0270_2.jpg,0193_4.jpg,0,0.2771197259426117
cross_same_same,270,202,2,4,0270_2.jpg,0202_4.jpg,0,-0.011794140562415123
cross_same_same,270,205,2,4,0270_2.jpg,0205_4.jpg,0,0.7251866459846497
cross_same_same,270,210,2,4,0270_2.jpg,0210_4.jpg,0,0.2658218443393707
cross_same_same,270,218,2,4,0270_2.jpg,0218_4.jpg,0,0.003973123151808977
cross_same_same,270,222,2,4,0270_2.jpg,0222_4.jpg,0,0.31915444135665894
cross_same_same,270,238,2,4,0270_2.jpg,0238_4.jpg,0,0.28373071551322937
cross_same_same,270,253,2,4,0270_2.jpg,0253_4.jpg,0,0.05227576941251755
cross_same_same,270,254,2,4,0270_2.jpg,0254_4.jpg,0,0.6003037691116333
cross_same_same,270,257,2,4,0270_2.jpg,0257_4.jpg,0,0.6537478566169739
cross_same_same,270,258,2,4,0270_2.jpg,0258_4.jpg,0,0.22933700680732727
cross_same_same,270,268,2,4,0270_2.jpg,0268_4.jpg,0,0.7131527066230774
cross_same_same,270,269,2,4,0270_2.jpg,0269_4.jpg,0,0.28913649916648865
cross_same_same,270,270,2,4,0270_2.jpg,0270_4.jpg,1,0.7526346445083618
cross_same_same,270,277,2,4,0270_2.jpg,0277_4.jpg,0,0.4722338020801544
cross_same_same,270,278,2,4,0270_2.jpg,0278_4.jpg,0,0.40383830666542053
cross_same_same,277,5,2,4,0277_2.jpg,0005_4.jpg,0,0.6906274557113647
cross_same_same,277,9,2,4,0277_2.jpg,0009_4.jpg,0,0.7736943960189819
cross_same_same,277,10,2,4,0277_2.jpg,0010_4.jpg,0,0.10417409986257553
cross_same_same,277,28,2,4,0277_2.jpg,0028_4.jpg,0,0.4485887885093689
cross_same_same,277,32,2,4,0277_2.jpg,0032_4.jpg,0,0.7542797923088074
cross_same_same,277,33,2,4,0277_2.jpg,0033_4.jpg,0,0.6061866283416748
cross_same_same,277,34,2,4,0277_2.jpg,0034_4.jpg,0,0.5840622782707214
cross_same_same,277,44,2,4,0277_2.jpg,0044_4.jpg,0,0.286065012216568
cross_same_same,277,51,2,4,0277_2.jpg,0051_4.jpg,0,0.6999742984771729
cross_same_same,277,54,2,4,0277_2.jpg,0054_4.jpg,0,0.6358687281608582
cross_same_same,277,63,2,4,0277_2.jpg,0063_4.jpg,0,0.7916316986083984
cross_same_same,277,68,2,4,0277_2.jpg,0068_4.jpg,0,0.5930731296539307
cross_same_same,277,69,2,4,0277_2.jpg,0069_4.jpg,0,0.5845094323158264
cross_same_same,277,73,2,4,0277_2.jpg,0073_4.jpg,0,0.2345639020204544
cross_same_same,277,95,2,4,0277_2.jpg,0095_4.jpg,0,0.4617284834384918
cross_same_same,277,121,2,4,0277_2.jpg,0121_4.jpg,0,0.46134284138679504
cross_same_same,277,128,2,4,0277_2.jpg,0128_4.jpg,0,0.824254035949707
cross_same_same,277,129,2,4,0277_2.jpg,0129_4.jpg,0,0.6091384291648865
cross_same_same,277,131,2,4,0277_2.jpg,0131_4.jpg,0,0.44997575879096985
cross_same_same,277,139,2,4,0277_2.jpg,0139_4.jpg,0,0.5254877209663391
cross_same_same,277,144,2,4,0277_2.jpg,0144_4.jpg,0,0.7014163136482239
cross_same_same,277,145,2,4,0277_2.jpg,0145_4.jpg,0,0.3510403335094452
cross_same_same,277,150,2,4,0277_2.jpg,0150_4.jpg,0,0.1910059005022049
cross_same_same,277,160,2,4,0277_2.jpg,0160_4.jpg,0,0.765510618686676
cross_same_same,277,165,2,4,0277_2.jpg,0165_4.jpg,0,0.6786020994186401
cross_same_same,277,166,2,4,0277_2.jpg,0166_4.jpg,0,0.4534912109375
cross_same_same,277,170,2,4,0277_2.jpg,0170_4.jpg,0,0.6213300228118896
cross_same_same,277,174,2,4,0277_2.jpg,0174_4.jpg,0,0.7342966198921204
cross_same_same,277,176,2,4,0277_2.jpg,0176_4.jpg,0,0.4021710753440857
cross_same_same,277,193,2,4,0277_2.jpg,0193_4.jpg,0,-0.12819376587867737
cross_same_same,277,202,2,4,0277_2.jpg,0202_4.jpg,0,0.3825025260448456
cross_same_same,277,205,2,4,0277_2.jpg,0205_4.jpg,0,0.7052658200263977
cross_same_same,277,210,2,4,0277_2.jpg,0210_4.jpg,0,0.7159813046455383
cross_same_same,277,218,2,4,0277_2.jpg,0218_4.jpg,0,0.25467485189437866
cross_same_same,277,222,2,4,0277_2.jpg,0222_4.jpg,0,0.6880500316619873
cross_same_same,277,238,2,4,0277_2.jpg,0238_4.jpg,0,0.7102251052856445
cross_same_same,277,253,2,4,0277_2.jpg,0253_4.jpg,0,0.5768914222717285
cross_same_same,277,254,2,4,0277_2.jpg,0254_4.jpg,0,0.6467650532722473
cross_same_same,277,257,2,4,0277_2.jpg,0257_4.jpg,0,0.6196024417877197
cross_same_same,277,258,2,4,0277_2.jpg,0258_4.jpg,0,0.7574767470359802
cross_same_same,277,268,2,4,0277_2.jpg,0268_4.jpg,0,0.5684677958488464
cross_same_same,277,269,2,4,0277_2.jpg,0269_4.jpg,0,0.5971432328224182
cross_same_same,277,270,2,4,0277_2.jpg,0270_4.jpg,0,0.6168753504753113
cross_same_same,277,277,2,4,0277_2.jpg,0277_4.jpg,1,0.8230035901069641
cross_same_same,277,278,2,4,0277_2.jpg,0278_4.jpg,0,0.8066700100898743
cross_same_same,278,5,2,4,0278_2.jpg,0005_4.jpg,0,0.8165180683135986
cross_same_same,278,9,2,4,0278_2.jpg,0009_4.jpg,0,0.7948479652404785
cross_same_same,278,10,2,4,0278_2.jpg,0010_4.jpg,0,0.2403288632631302
cross_same_same,278,28,2,4,0278_2.jpg,0028_4.jpg,0,0.5635575652122498
cross_same_same,278,32,2,4,0278_2.jpg,0032_4.jpg,0,0.7945743799209595
cross_same_same,278,33,2,4,0278_2.jpg,0033_4.jpg,0,0.7089857459068298
cross_same_same,278,34,2,4,0278_2.jpg,0034_4.jpg,0,0.6661466956138611
cross_same_same,278,44,2,4,0278_2.jpg,0044_4.jpg,0,0.5049523711204529
cross_same_same,278,51,2,4,0278_2.jpg,0051_4.jpg,0,0.8007181882858276
cross_same_same,278,54,2,4,0278_2.jpg,0054_4.jpg,0,0.784858226776123
cross_same_same,278,63,2,4,0278_2.jpg,0063_4.jpg,0,0.8066490888595581
cross_same_same,278,68,2,4,0278_2.jpg,0068_4.jpg,0,0.7143352627754211
cross_same_same,278,69,2,4,0278_2.jpg,0069_4.jpg,0,0.6484085321426392
cross_same_same,278,73,2,4,0278_2.jpg,0073_4.jpg,0,0.35587599873542786
cross_same_same,278,95,2,4,0278_2.jpg,0095_4.jpg,0,0.6932553052902222
cross_same_same,278,121,2,4,0278_2.jpg,0121_4.jpg,0,0.6563957929611206
cross_same_same,278,128,2,4,0278_2.jpg,0128_4.jpg,0,0.8305230736732483
cross_same_same,278,129,2,4,0278_2.jpg,0129_4.jpg,0,0.5814235806465149
cross_same_same,278,131,2,4,0278_2.jpg,0131_4.jpg,0,0.6162858605384827
cross_same_same,278,139,2,4,0278_2.jpg,0139_4.jpg,0,0.5656013488769531
cross_same_same,278,144,2,4,0278_2.jpg,0144_4.jpg,0,0.7977843284606934
cross_same_same,278,145,2,4,0278_2.jpg,0145_4.jpg,0,0.4318948984146118
cross_same_same,278,150,2,4,0278_2.jpg,0150_4.jpg,0,0.37422239780426025
cross_same_same,278,160,2,4,0278_2.jpg,0160_4.jpg,0,0.7378236651420593
cross_same_same,278,165,2,4,0278_2.jpg,0165_4.jpg,0,0.6440780162811279
cross_same_same,278,166,2,4,0278_2.jpg,0166_4.jpg,0,0.602382242679596
cross_same_same,278,170,2,4,0278_2.jpg,0170_4.jpg,0,0.5577191710472107
cross_same_same,278,174,2,4,0278_2.jpg,0174_4.jpg,0,0.6703125834465027
cross_same_same,278,176,2,4,0278_2.jpg,0176_4.jpg,0,0.49009019136428833
cross_same_same,278,193,2,4,0278_2.jpg,0193_4.jpg,0,0.06062830239534378
cross_same_same,278,202,2,4,0278_2.jpg,0202_4.jpg,0,0.4852357506752014
cross_same_same,278,205,2,4,0278_2.jpg,0205_4.jpg,0,0.7125658392906189
cross_same_same,278,210,2,4,0278_2.jpg,0210_4.jpg,0,0.7091623544692993
cross_same_same,278,218,2,4,0278_2.jpg,0218_4.jpg,0,0.4854629635810852
cross_same_same,278,222,2,4,0278_2.jpg,0222_4.jpg,0,0.7228227853775024
cross_same_same,278,238,2,4,0278_2.jpg,0238_4.jpg,0,0.7214500904083252
cross_same_same,278,253,2,4,0278_2.jpg,0253_4.jpg,0,0.6787309050559998
cross_same_same,278,254,2,4,0278_2.jpg,0254_4.jpg,0,0.6098297834396362
cross_same_same,278,257,2,4,0278_2.jpg,0257_4.jpg,0,0.6301400065422058
cross_same_same,278,258,2,4,0278_2.jpg,0258_4.jpg,0,0.7122198343276978
cross_same_same,278,268,2,4,0278_2.jpg,0268_4.jpg,0,0.5396129488945007
cross_same_same,278,269,2,4,0278_2.jpg,0269_4.jpg,0,0.7347691655158997
cross_same_same,278,270,2,4,0278_2.jpg,0270_4.jpg,0,0.6012741923332214
cross_same_same,278,277,2,4,0278_2.jpg,0277_4.jpg,0,0.8104487657546997
cross_same_same,278,278,2,4,0278_2.jpg,0278_4.jpg,1,0.8335505723953247
