filename,writer,page_id,language,same_text,patch_tokens,otsu_darkness_threshold,selected_token_count,rejected_token_count,selected_token_fraction,overall_darkness_mean,overall_darkness_median,selected_darkness_mean,selected_darkness_median,rejected_darkness_mean,rejected_darkness_median
0001_1.jpg,1,1,Arabic,0,1369,0.017901545390486717,156,1213,0.1139517896274653,0.004498893395066261,1.2316266406742216e-07,0.0352715440094471,0.030539821833372116,0.0005413228645920753,1.1556002732504567e-07
0001_2.jpg,1,2,Arabic,1,1369,0.018651279620826244,229,1140,0.1672753834915997,0.006745446473360062,1.4475413934178505e-07,0.036457061767578125,0.03570494428277016,0.0007770605734549463,1.222503414055609e-07
0001_3.jpg,1,3,English,0,1369,0.021977603435516357,134,1235,0.09788166544923302,0.0047477660700678825,4.5798262249263644e-07,0.04248543456196785,0.04087911546230316,0.000653152703307569,1.5326908453516808e-07
0001_4.jpg,1,4,English,1,1369,0.020904206670820713,301,1068,0.21986851716581446,0.009674668312072754,1.5478961756798526e-07,0.04077690839767456,0.03810783475637436,0.0009089623345062137,1.2392291637297603e-07
0002_1.jpg,2,1,Arabic,0,1369,0.018913053907454014,143,1226,0.10445580715850986,0.004423542879521847,2.718701637149934e-07,0.0374370776116848,0.03591536730527878,0.0005728612886741757,1.553978279389412e-07
0002_2.jpg,2,2,Arabic,1,1369,0.02090753335505724,220,1149,0.16070124178232287,0.007261074148118496,1.073613475455204e-05,0.041092272847890854,0.03979818522930145,0.0007833855343051255,1.435377185998732e-07
0002_3.jpg,2,3,English,0,1369,0.028607336804270744,138,1231,0.10080350620891161,0.00640502804890275,3.5875305002264213e-06,0.05666926130652428,0.052940815687179565,0.0007702073198743165,1.5813476750281552e-07
0002_4.jpg,2,4,English,1,1369,0.009942620526999235,235,1134,0.17165814463111762,0.0038162546698004007,1.5816518498468213e-05,0.01896682009100914,0.019028618931770325,0.0006765870493836701,1.409528209705968e-07
0003_1.jpg,3,1,Arabic,0,1369,0.02165238093584776,155,1214,0.11322132943754565,0.00554020656272769,1.672579372780092e-07,0.04288173094391823,0.04222499951720238,0.000772548490203917,1.4247333979255927e-07
0003_2.jpg,3,2,Arabic,1,1369,0.022097913548350334,256,1113,0.18699780861943024,0.009019712917506695,4.510216604103334e-05,0.04289769381284714,0.042781680822372437,0.0012274732580408454,1.4688286853470345e-07
0003_3.jpg,3,3,English,0,1369,0.020110093988478184,162,1207,0.1183345507669832,0.00555547047406435,0.00011137370893266052,0.039125606417655945,0.03855392336845398,0.0010497852927073836,2.390572080912534e-05
0003_4.jpg,3,4,English,1,1369,0.020815878175199032,343,1026,0.2505478451424397,0.011327442713081837,5.96904028498102e-05,0.039638858288526535,0.039470721036195755,0.0018627092940732837,1.3106939888984925e-07
0007_1.jpg,7,1,Arabic,0,1369,0.014271656516939402,160,1209,0.1168736303871439,0.003579916898161173,1.1860107917982532e-07,0.02797839604318142,0.02645707130432129,0.000351002614479512,1.1191076509931008e-07
0007_2.jpg,7,2,Arabic,1,1369,0.014521908015012741,186,1183,0.1358655953250548,0.004337683320045471,1.30157076227988e-07,0.02843337133526802,0.026991475373506546,0.0005491812480613589,1.1799286880886939e-07
0007_3.jpg,7,3,English,0,1369,0.02022476214915514,132,1237,0.09642074506939372,0.004538077395409346,1.2529139326034056e-07,0.039670467376708984,0.03529876470565796,0.0007891081622801721,1.1738465843791346e-07
0007_4.jpg,7,4,English,1,1369,0.022102260030806065,200,1169,0.14609203798392986,0.007312769070267677,1.5509371564803587e-07,0.0423906147480011,0.03949294984340668,0.0013114259345456958,1.3167760926080518e-07
0008_1.jpg,8,1,Arabic,0,1369,0.016705933958292007,149,1220,0.10883856829802775,0.00412106653675437,1.1355292599546374e-06,0.033683378249406815,0.031728945672512054,0.000510586891323328,1.7242771832570725e-07
0008_2.jpg,8,2,Arabic,1,1369,0.017722247168421745,283,1086,0.20672023374726078,0.008025153540074825,1.5259396604960784e-05,0.034110698848962784,0.032525788992643356,0.0012275379849597812,1.3958434408323228e-07
0008_3.jpg,8,3,English,0,1369,0.02301099430769682,140,1229,0.10226442658875091,0.005570454988628626,0.00011349180567776784,0.04487650468945503,0.04175890237092972,0.0010929555865004659,5.8297904615756124e-05
0008_4.jpg,8,4,English,1,1369,0.02834692969918251,308,1061,0.22498173849525202,0.014074859209358692,1.5748399164294824e-05,0.05420992523431778,0.05026426911354065,0.0024239621125161648,1.3745561489031388e-07
0011_1.jpg,11,1,Arabic,0,1369,0.01854343805462122,145,1224,0.10591672753834916,0.004266330506652594,1.5205266379325622e-07,0.036664120852947235,0.0365707166492939,0.00042835657950490713,1.3745561489031388e-07
0011_2.jpg,11,2,Arabic,1,1369,0.020206693559885025,228,1141,0.16654492330168005,0.007242491934448481,1.4475413934178505e-07,0.03972543776035309,0.03811352699995041,0.0007515956531278789,1.2255445369646623e-07
0011_3.jpg,11,3,English,0,1369,0.019392129965126514,133,1236,0.09715120525931337,0.0043024648912250996,1.9432330589097546e-07,0.03804319351911545,0.037457168102264404,0.0006717874784953892,1.5038008882584109e-07
0011_4.jpg,11,4,English,1,1369,0.018994146026670933,250,1119,0.18261504747991233,0.0075833178125321865,1.7273183061661257e-07,0.03799086809158325,0.03750414401292801,0.000789852871093899,1.3228581963176111e-07
0019_1.jpg,19,1,Arabic,0,1369,0.022401798516511917,148,1221,0.10810810810810811,0.00560762220993638,1.5629493645974435e-05,0.04415217041969299,0.040471822023391724,0.0009355557849630713,6.294980607890466e-07
0019_2.jpg,19,2,Arabic,1,1369,0.024397484958171844,270,1099,0.19722425127830534,0.010956398211419582,0.0024959477595984936,0.04708849638700485,0.04468595236539841,0.002079541562125087,1.5691834676090366e-07
0019_3.jpg,19,3,English,0,1369,0.017443069256842136,171,1198,0.12490869247626005,0.0060948943719267845,0.0030153391417115927,0.03276627138257027,0.03153923898935318,0.0022878781892359257,0.0028524892404675484
0019_4.jpg,19,4,English,1,1369,0.015734897926449776,297,1072,0.21694667640613585,0.007448418531566858,1.580252865096554e-05,0.030209532007575035,0.02967541106045246,0.0011424010153859854,1.380638252612698e-07
0020_1.jpg,20,1,Arabic,0,1369,0.020235522650182247,124,1245,0.09057706355003653,0.003888915991410613,1.161682376960016e-07,0.04016469046473503,0.03751743584871292,0.00027590731042437255,1.1160665280840476e-07
0020_2.jpg,20,2,Arabic,1,1369,0.019061275757849216,215,1154,0.1570489408327246,0.006382768973708153,1.2894065548607614e-07,0.0379539355635643,0.03670083358883858,0.0005007913568988442,1.1586413251052363e-07
0020_3.jpg,20,3,English,0,1369,0.029039296321570873,120,1249,0.08765522279035792,0.005599398631602526,1.4049666674509353e-07,0.059556715190410614,0.058447495102882385,0.0004153491754550487,1.2924476777698146e-07
0020_4.jpg,20,4,English,1,1369,0.045990778133273125,292,1077,0.21329437545653762,0.02147596888244152,1.6208814201945643e-07,0.08800879120826721,0.08526775240898132,0.003437357721850276,1.2772423474416428e-07
0021_1.jpg,21,1,Arabic,0,1369,0.018288755789399147,136,1233,0.09934258582907232,0.004028757568448782,3.6693350011773873e-06,0.03556665778160095,0.034197352826595306,0.0005501247360371053,1.636086608414189e-07
0021_2.jpg,21,2,Arabic,1,1369,0.022218354046344757,163,1206,0.11906501095690285,0.005834616255015135,1.553978279389412e-07,0.04482487589120865,0.043736111372709274,0.0005647888174280524,1.3654329222845263e-07
0021_3.jpg,21,3,English,0,1369,0.014592722058296204,120,1249,0.08765522279035792,0.00297264801338315,4.648219692171551e-05,0.028561580926179886,0.027414297685027122,0.0005141437286511064,1.7480582755524665e-05
0021_4.jpg,21,4,English,1,1369,0.021598919294774532,202,1167,0.14755295836376917,0.006800797302275896,2.4906225348786393e-07,0.04246959462761879,0.04131108894944191,0.0006267638527788222,1.435377185998732e-07
0022_1.jpg,22,1,Arabic,0,1369,0.02213846705853939,146,1223,0.10664718772826881,0.005422364920377731,1.3289403000271705e-07,0.04276889190077782,0.04008495807647705,0.0009639895870350301,1.2133803295455436e-07
0022_2.jpg,22,2,Arabic,1,1369,0.01412836741656065,228,1141,0.16654492330168005,0.004990141373127699,1.341104507446289e-07,0.02753264456987381,0.0251929834485054,0.00048559228889644146,1.1829697399434735e-07
0022_3.jpg,22,3,English,0,1369,0.023132269270718098,147,1222,0.10737764791818846,0.005686244927346706,1.458185010960733e-06,0.04576743394136429,0.04385445639491081,0.0008646947098895907,1.5402935105157667e-07
0022_4.jpg,22,4,English,1,1369,0.016370107419788837,277,1092,0.20233747260774287,0.007390262559056282,1.754687701804869e-07,0.031582582741975784,0.03118019737303257,0.0012535661226138473,1.3106939888984925e-07
0025_1.jpg,25,1,Arabic,0,1369,0.02109249122440815,132,1237,0.09642074506939372,0.004135908558964729,8.475719369016588e-06,0.03946011886000633,0.03796503320336342,0.00036646996159106493,3.9320818245869305e-07
0025_2.jpg,25,2,Arabic,1,1369,0.0126663688570261,154,1215,0.11249086924762601,0.0032295528799295425,1.2656255421461537e-05,0.025036072358489037,0.02451370283961296,0.0004655987140722573,1.6300045047046297e-07
0025_3.jpg,25,3,English,0,1369,0.02164788730442524,135,1234,0.09861212563915267,0.005920757073909044,0.0029738161247223616,0.04126093164086342,0.03886977210640907,0.0020545306615531445,0.0028868792578577995
0025_4.jpg,25,4,English,1,1369,0.014329502824693918,237,1132,0.1731190650109569,0.0060286191292107105,0.0011370099382475019,0.027567101642489433,0.027371088042855263,0.0015192371793091297,1.949315162619314e-07
0026_1.jpg,26,1,Arabic,0,1369,0.014997733756899834,166,1203,0.1212563915266618,0.004078442696481943,1.4232129785796133e-07,0.029788393527269363,0.02819066122174263,0.0005307691171765327,1.240749725184287e-07
0026_2.jpg,26,2,Arabic,1,1369,0.014388283714652061,269,1100,0.1964937910883857,0.006317986641079187,1.4931572422938189e-07,0.027558131143450737,0.02621077559888363,0.0011238056467846036,1.2270649563106417e-07
0026_3.jpg,26,3,English,0,1369,0.014297958929091692,145,1224,0.10591672753834916,0.0035160689149051905,3.976785592385568e-06,0.027577120810747147,0.02650633454322815,0.0006656989571638405,1.5828682364826818e-07
0026_4.jpg,26,4,English,1,1369,0.016861739568412304,305,1064,0.22279035792549307,0.008082359097898006,1.6208814201945643e-07,0.032292842864990234,0.03189491108059883,0.001142324646934867,1.2529139326034056e-07
0027_1.jpg,27,1,Arabic,0,1369,0.015159863978624344,114,1255,0.08327246165084003,0.0027774779591709375,1.1403950139765584e-07,0.030397498980164528,0.029200024902820587,0.0002685671497602016,1.1008612688101493e-07
0027_2.jpg,27,2,Arabic,1,1369,0.02147113624960184,169,1200,0.12344777209642074,0.005634530913084745,1.1738465843791346e-07,0.04287844896316528,0.04242420569062233,0.00038934542681090534,1.1099844243744883e-07
0027_3.jpg,27,3,English,0,1369,0.017566772177815437,124,1245,0.09057706355003653,0.003316454356536269,1.2346676214747276e-07,0.03474736586213112,0.034041695296764374,0.0001859859039541334,1.1677644806695753e-07
0027_4.jpg,27,4,English,1,1369,0.013137134723365307,232,1137,0.16946676406135866,0.0046768467873334885,1.380638252612698e-07,0.02597820572555065,0.025142593309283257,0.000330395094351843,1.1890518436530328e-07
0029_1.jpg,29,1,Arabic,0,1369,0.021444398909807205,165,1204,0.12052593133674215,0.005547357723116875,1.2954886585703207e-07,0.04183452948927879,0.03822019323706627,0.0005744482041336596,1.1814492495432205e-07
0029_2.jpg,29,2,Arabic,1,1369,0.029343307949602604,255,1114,0.1862673484295106,0.011880925856530666,1.4870749964757124e-07,0.05721312016248703,0.05614234507083893,0.0015041675651445985,1.237708744383781e-07
0029_3.jpg,29,3,English,0,1369,0.02936568669974804,137,1232,0.10007304601899196,0.006841568276286125,4.79543678011396e-06,0.05720039829611778,0.05406120419502258,0.0012416004901751876,1.5266087416421215e-07
0029_4.jpg,29,4,English,1,1369,0.02367391809821129,299,1070,0.21840759678597516,0.01109122671186924,1.751646721004363e-07,0.04524201527237892,0.04298035055398941,0.0015481559094041586,1.2878859934062348e-07
0030_1.jpg,30,1,Arabic,0,1369,0.01266811927780509,141,1228,0.10299488677867057,0.0030594186391681433,2.8500448024715297e-05,0.02472555637359619,0.023145010694861412,0.0005716942832805216,1.4011500752530992e-05
0030_2.jpg,30,2,Arabic,1,1369,0.013699520844966173,238,1131,0.17384952520087654,0.005324614234268665,6.371006747940555e-05,0.026888255029916763,0.026395361870527267,0.0007869071559980512,2.404439146630466e-05
0030_3.jpg,30,3,English,0,1369,0.017072666436433792,160,1209,0.1168736303871439,0.00431528827175498,3.1411342206411064e-05,0.0331585519015789,0.03143788501620293,0.0004981480888091028,1.561580938869156e-05
0030_4.jpg,30,4,English,1,1369,0.015771597623825073,256,1113,0.18699780861943024,0.0065658241510391235,4.49008475698065e-05,0.0305066779255867,0.02935730665922165,0.0010592126054689288,3.305625000393775e-07
0031_1.jpg,31,1,Arabic,0,1369,0.02727037388831377,146,1223,0.10664718772826881,0.006504983175545931,1.23375536986714e-06,0.05367599427700043,0.053155846893787384,0.0008737754542380571,1.7029898913278885e-07
0031_2.jpg,31,2,Arabic,1,1369,0.02465005312114954,192,1177,0.14024835646457268,0.007696388754993677,1.6391277313232422e-07,0.04786956310272217,0.04747549444437027,0.0011430763406679034,1.3928024600318167e-07
0031_3.jpg,31,3,English,0,1369,0.013795596547424793,129,1240,0.09422936449963477,0.0030629232060164213,3.072588879149407e-05,0.02681884355843067,0.025787854567170143,0.0005915414658375084,5.929141480010003e-06
0031_4.jpg,31,4,English,1,1369,0.01431434927508235,252,1117,0.18407596785975164,0.005835214164108038,3.068422813612415e-07,0.0278268251568079,0.027248289436101913,0.0008738121250644326,1.380638252612698e-07
0038_1.jpg,38,1,Arabic,0,1369,0.01642428245395422,153,1216,0.11176040905770636,0.004080943297594786,1.1738465843791346e-07,0.03256461024284363,0.032617487013339996,0.0004970601294189692,1.113025476229268e-07
0038_2.jpg,38,2,Arabic,1,1369,0.015755792148411274,268,1101,0.19576333089846604,0.006709521170705557,1.6908256839087699e-07,0.031024768948554993,0.030305882915854454,0.0007908227853477001,1.3046118851889332e-07
0038_3.jpg,38,3,English,0,1369,0.01853243261575699,142,1227,0.10372534696859022,0.004228495992720127,1.4110487711604947e-07,0.03665830194950104,0.037123896181583405,0.00047541275853291154,1.283324451151202e-07
0038_4.jpg,38,4,English,1,1369,0.014214360155165195,312,1057,0.2279035792549306,0.007009828928858042,1.715154098747007e-07,0.02826831303536892,0.027652285993099213,0.0007348546059802175,1.2772423474416428e-07
0039_1.jpg,39,1,Arabic,0,1369,0.0182449733838439,144,1225,0.10518626734842951,0.004204319790005684,1.1799286880886939e-07,0.03699880093336105,0.03562271595001221,0.0003492952382657677,1.1221487028478805e-07
0039_2.jpg,39,2,Arabic,1,1369,0.014395248144865036,142,1227,0.10372534696859022,0.0031720504630357027,1.1860107917982532e-07,0.027987776324152946,0.027870386838912964,0.00030014076037332416,1.1312718584122194e-07
0039_3.jpg,39,3,English,0,1369,0.008596664294600487,135,1234,0.09861212563915267,0.0017905181739479303,1.1981749992173718e-07,0.016916388645768166,0.016142096370458603,0.0001357430883217603,1.1403950139765584e-07
0039_4.jpg,39,4,English,1,1369,0.03136973548680544,233,1136,0.1701972242512783,0.011428567580878735,1.3958434408323228e-07,0.06272783130407333,0.06175608187913895,0.0009067998034879565,1.1981749992173718e-07
0040_1.jpg,40,1,Arabic,0,1369,0.01551677007228136,133,1236,0.09715120525931337,0.003500792197883129,1.380638252612698e-07,0.03036530502140522,0.028572330251336098,0.000610031362157315,1.2529139326034056e-07
0040_2.jpg,40,2,Arabic,1,1369,0.02170276641845703,280,1089,0.20452885317750183,0.009768334217369556,1.456664477927916e-07,0.041599176824092865,0.04094777628779411,0.001584094949066639,1.2133803295455436e-07
0040_3.jpg,40,3,English,0,1369,0.017551477998495102,131,1238,0.09569028487947406,0.003812889102846384,1.6391277313232422e-07,0.03421998769044876,0.03351904824376106,0.000595336954575032,1.4368976053447113e-07
0040_4.jpg,40,4,English,1,1369,0.025058016180992126,300,1069,0.2191380569758948,0.01214975118637085,1.6208814201945643e-07,0.047958094626665115,0.04664299637079239,0.0021006371825933456,1.2529139326034056e-07
0046_1.jpg,46,1,Arabic,0,1369,0.013626777566969395,131,1238,0.09569028487947406,0.0031187846325337887,1.5326908453516808e-07,0.026576459407806396,0.024662595242261887,0.0006365909357555211,1.3958434408323228e-07
0046_2.jpg,46,2,Arabic,1,1369,0.013792544603347778,203,1166,0.14828341855368882,0.00447405781596899,1.931068851490636e-07,0.02643711119890213,0.025969259440898895,0.0006503018084913492,1.398884563741376e-07
0046_3.jpg,46,3,English,0,1369,0.018075380474328995,165,1204,0.12052593133674215,0.005044881720095873,0.0002025213761953637,0.03526955097913742,0.03265658766031265,0.0009027966880239546,7.460935739800334e-05
0046_4.jpg,46,4,English,1,1369,0.014822987839579582,245,1124,0.1789627465303141,0.006017701700329781,5.9390553360572085e-05,0.02866414189338684,0.02810330130159855,0.0010814227862283587,1.4140897519610007e-07
0047_1.jpg,47,1,Arabic,0,1369,0.014224212616682053,145,1224,0.10591672753834916,0.0032893496099859476,1.1403950139765584e-07,0.028523195534944534,0.025481997057795525,0.00030004550353623927,1.0917381132458104e-07
0047_2.jpg,47,2,Arabic,1,1369,0.015390883199870586,196,1173,0.14317019722425128,0.0048275538720190525,1.496198223094325e-07,0.03035011515021324,0.02985115721821785,0.0005629148217849433,1.30157076227988e-07
0047_3.jpg,47,3,English,0,1369,0.01894789282232523,123,1246,0.08984660336011688,0.0038149079773575068,1.4110487711604947e-07,0.03778589144349098,0.036376602947711945,0.00046143203508108854,1.3046118851889332e-07
0047_4.jpg,47,4,English,1,1369,0.017683875747025013,255,1114,0.1862673484295106,0.00707726925611496,1.456664477927916e-07,0.034270744770765305,0.03173687309026718,0.0008525499724783003,1.2270649563106417e-07
0049_1.jpg,49,1,Arabic,0,1369,0.019503680057823658,123,1246,0.08984660336011688,0.00404725456610322,1.4445002705087973e-07,0.03822702914476395,0.036968499422073364,0.000673167291097343,1.3182966540625785e-07
0049_2.jpg,49,2,Arabic,1,1369,0.018779419362545013,240,1129,0.17531044558071585,0.007210136391222477,1.557019260189918e-07,0.036469895392656326,0.03533386439085007,0.000990169937722385,1.3046118851889332e-07
0049_3.jpg,49,3,English,0,1369,0.022666425444185734,130,1239,0.09495982468955443,0.004931403324007988,1.3261729691294022e-05,0.044608958065509796,0.043920695781707764,0.000768301950301975,1.931068851490636e-07
0049_4.jpg,49,4,English,1,1369,0.025816583074629307,306,1063,0.22352081811541272,0.01280983816832304,1.6512919387423608e-07,0.049428340047597885,0.04804160073399544,0.002268669893965125,1.2681192629315774e-07
0055_1.jpg,55,1,Arabic,0,1369,0.014088095165789127,151,1218,0.11029948867786706,0.003455256810411811,1.1829697399434735e-07,0.027748016640543938,0.027183223515748978,0.00044359255116432905,1.1191076509931008e-07
0055_2.jpg,55,2,Arabic,1,1369,0.01428023399785161,226,1143,0.16508400292184075,0.005180259235203266,1.3076528659894393e-07,0.027960648760199547,0.02709060348570347,0.000676000548992306,1.1586413251052363e-07
0055_3.jpg,55,3,English,0,1369,0.015581451822072268,155,1214,0.11322132943754565,0.004162138793617487,1.5296498645511747e-07,0.03048413246870041,0.028357552364468575,0.0008014230406843126,1.3730355874486122e-07
0055_4.jpg,55,4,English,1,1369,0.014987677801400423,273,1096,0.19941563184806427,0.006771296728402376,1.6999487684188352e-07,0.028680816292762756,0.028391780331730843,0.0013139069778844714,1.3076528659894393e-07
0056_1.jpg,56,1,Arabic,0,1369,0.01374825183302164,129,1240,0.09422936449963477,0.002914722776040435,1.2346676214747276e-07,0.02706853672862053,0.025271311402320862,0.0004019470070488751,1.1647234288147956e-07
0056_2.jpg,56,2,Arabic,1,1369,0.0428670234978199,194,1175,0.14170927684441198,0.013659382238984108,2.597059562958748e-07,0.08334361761808395,0.08301421254873276,0.0021540711168199778,1.435377185998732e-07
0056_3.jpg,56,3,English,0,1369,0.014416081365197897,154,1215,0.11249086924762601,0.003674224251881242,2.0466288219722628e-07,0.028480423614382744,0.02736065723001957,0.0005300638149492443,1.4931572422938189e-07
0056_4.jpg,56,4,English,1,1369,0.040260015055537224,264,1105,0.19284149013878743,0.016964292153716087,0.00013352991663850844,0.07830922305583954,0.07649914920330048,0.002308125840499997,2.5509267288725823e-05
0057_1.jpg,57,1,Arabic,0,1369,0.016400587745010853,113,1256,0.08254200146092038,0.0029879396315664053,1.3897613371227635e-07,0.03256462141871452,0.03129454702138901,0.0003269802255090326,1.2772423474416428e-07
0057_2.jpg,57,2,Arabic,1,1369,0.020040972158312798,221,1148,0.16143170197224252,0.007419512141495943,1.51614749483997e-05,0.03872596472501755,0.03666076809167862,0.0013927480904385448,1.5190062185865827e-07
0057_3.jpg,57,3,English,0,1369,0.029341284185647964,117,1252,0.08546384222059898,0.006108663510531187,4.250267375027761e-05,0.05806921422481537,0.05884101986885071,0.0012529246741905808,1.580769821885042e-05
0057_4.jpg,57,4,English,1,1369,0.02219458483159542,269,1100,0.1964937910883857,0.010026908479630947,4.4160959077998996e-05,0.04240230470895767,0.04191344603896141,0.0021096516866236925,1.4612260201829486e-07
0059_1.jpg,59,1,Arabic,0,1369,0.018492997623980045,141,1228,0.10299488677867057,0.0042983959428966045,1.1464771176861177e-07,0.03628416359424591,0.03514288738369942,0.0006257635541260242,1.09477916510059e-07
0059_2.jpg,59,2,Arabic,1,1369,0.022111596539616585,210,1159,0.15339663988312638,0.007696401793509722,8.642977263662033e-06,0.04300931468605995,0.04270736873149872,0.0012980313040316105,1.5205266379325622e-07
0059_3.jpg,59,3,English,0,1369,0.024972999468445778,100,1269,0.07304601899196493,0.004364001099020243,1.4232129785796133e-07,0.04926798492670059,0.04921839386224747,0.000825468625407666,1.3137349696989986e-07
0059_4.jpg,59,4,English,1,1369,0.022753773257136345,220,1149,0.16070124178232287,0.008451048284769058,1.715154098747007e-07,0.04390217736363411,0.04241609945893288,0.0016631919424980879,1.3623919414840202e-07
0061_1.jpg,61,1,Arabic,0,1369,0.04274594597518444,145,1224,0.10591672753834916,0.009881426580250263,1.1008612688101493e-07,0.08502192795276642,0.08718907088041306,0.0009799781255424023,1.0461223354241156e-07
0061_2.jpg,61,2,Arabic,1,1369,0.046651147305965424,207,1162,0.15120525931336742,0.015415300615131855,1.2894065548607614e-07,0.09189178794622421,0.0893239974975586,0.0017916924552991986,1.161682376960016e-07
0061_3.jpg,61,3,English,0,1369,0.044796599075198174,119,1250,0.08692476260043827,0.008891051635146141,1.4931572422938189e-07,0.08771751075983047,0.08647680282592773,0.0013867735397070646,1.3471867532643955e-07
0061_4.jpg,61,4,English,1,1369,0.0452803298830986,260,1109,0.18991964937910885,0.018679829314351082,1.42017185567056e-07,0.08761295676231384,0.08633653074502945,0.002518770983442664,1.1890518436530328e-07
0062_1.jpg,62,1,Arabic,0,1369,0.01409690547734499,150,1219,0.1095690284879474,0.00345997023396194,1.5418140719702933e-07,0.027703411877155304,0.027529986575245857,0.00047677315887995064,1.3623919414840202e-07
0062_2.jpg,62,2,Arabic,1,1369,0.022588607855141163,309,1060,0.22571219868517164,0.010992426425218582,0.00011696286674123257,0.04535084217786789,0.04446077719330788,0.0009766238508746028,2.855396996892523e-05
0062_3.jpg,62,3,English,0,1369,0.029256373643875122,139,1230,0.10153396639883126,0.006681932136416435,5.806039916933514e-05,0.05919479951262474,0.05626913905143738,0.0007475506863556802,1.738691753416788e-05
0062_4.jpg,62,4,English,1,1369,0.03129029460251331,314,1055,0.2293644996347699,0.015229029580950737,1.1757319953176193e-05,0.06043202057480812,0.058904968202114105,0.0017752485582605004,1.3137349696989986e-07
0065_1.jpg,65,1,Arabic,0,1369,0.020602496340870857,178,1191,0.13002191380569758,0.00564900366589427,3.129243850708008e-07,0.041410043835639954,0.040188342332839966,0.0003043645992875099,1.5205266379325622e-07
0065_2.jpg,65,2,Arabic,1,1369,0.02379328105598688,221,1148,0.16143170197224252,0.008163154125213623,1.6877845609997166e-07,0.04704153537750244,0.045109592378139496,0.0006787262973375618,1.3623919414840202e-07
0065_3.jpg,65,3,English,0,1369,0.01606048084795475,149,1220,0.10883856829802775,0.003978293389081955,1.573836379975546e-05,0.03208908066153526,0.03156810253858566,0.000545090704690665,6.095791604820988e-07
0065_4.jpg,65,4,English,1,1369,0.017070199362933636,238,1131,0.17384952520087654,0.006388505920767784,7.757727189527941e-07,0.03338835388422012,0.032865773886442184,0.000706841005012393,1.435377185998732e-07
0070_1.jpg,70,1,Arabic,0,1369,0.02326226234436035,156,1213,0.1139517896274653,0.007111084647476673,0.0029089886229485273,0.0443074032664299,0.042667485773563385,0.0023273867554962635,0.002859364030882716
0070_2.jpg,70,2,Arabic,1,1369,0.0173583822324872,207,1162,0.15120525931336742,0.006597879808396101,0.002834400162100792,0.03252338618040085,0.03250660002231598,0.001979480730369687,7.096496119629592e-05
0070_3.jpg,70,3,English,0,1369,0.020072090439498425,127,1242,0.09276844411979547,0.0055334297940135,0.0029515502974390984,0.0377836711704731,0.03729185089468956,0.002235699212178588,0.0029059741646051407
0070_4.jpg,70,4,English,1,1369,0.024544225074350834,247,1122,0.1804236669101534,0.00955517590045929,2.653623141668504e-06,0.04798838868737221,0.04821060597896576,0.0010943880770355463,1.409528209705968e-07
0071_1.jpg,71,1,Arabic,0,1369,0.026309344917535782,186,1183,0.1358655953250548,0.00807990599423647,1.4475413934178505e-07,0.051464807242155075,0.048305444419384,0.0012586107477545738,1.2742013666411367e-07
0071_2.jpg,71,2,Arabic,1,1369,0.032310379669070244,314,1055,0.2293644996347699,0.016079066321253777,1.5722245905180898e-07,0.0624002106487751,0.06033074110746384,0.0022924889344722033,1.2346676214747276e-07
0071_3.jpg,71,3,English,0,1369,0.04423440247774124,156,1213,0.1139517896274653,0.011858043260872364,1.4341607084134012e-06,0.08648719638586044,0.08574444055557251,0.0022602309472858906,1.5722245905180898e-07
0071_4.jpg,71,4,English,1,1369,0.030877472832798958,288,1081,0.21037253469685901,0.013973497785627842,1.636086608414189e-07,0.059701189398765564,0.05768844485282898,0.0017907285364344716,1.2742013666411367e-07
0074_1.jpg,74,1,Arabic,0,1369,0.0267194677144289,134,1235,0.09788166544923302,0.005614457186311483,1.4870749964757124e-07,0.052135661244392395,0.05049421638250351,0.0005668126977980137,1.3532687148654077e-07
0074_2.jpg,74,2,Arabic,1,1369,0.03752177208662033,196,1173,0.14317019722425128,0.01174329873174429,9.978790330933407e-05,0.07341031730175018,0.07288841158151627,0.001439176150597632,1.9000804968527518e-05
0074_3.jpg,74,3,English,0,1369,0.04607466235756874,140,1229,0.10226442658875091,0.010539492592215538,1.6076832253020257e-05,0.09200076013803482,0.0919673815369606,0.0012599347392097116,4.83010489915614e-06
0074_4.jpg,74,4,English,1,1369,0.03916616551578045,256,1113,0.18699780861943024,0.015436324290931225,1.754687701804869e-07,0.07714235037565231,0.07512608170509338,0.0012433850206434727,1.3228581963176111e-07
0075_1.jpg,75,1,Arabic,0,1369,0.027793181128799915,166,1203,0.1212563915266618,0.007127670105546713,1.4931572422938189e-07,0.05454781651496887,0.05503584444522858,0.0005842425744049251,1.3106939888984925e-07
0075_2.jpg,75,2,Arabic,1,1369,0.02873057220131159,270,1099,0.19722425127830534,0.012441477738320827,5.9891113778576255e-05,0.05654560402035713,0.05500493571162224,0.0016060697380453348,1.4749107890565938e-07
0075_3.jpg,75,3,English,0,1369,0.026560151018202305,180,1189,0.13148283418553688,0.0076002757996320724,4.2853003833442926e-05,0.0525733083486557,0.050635918974876404,0.000791910570114851,1.228737619385356e-05
0075_4.jpg,75,4,English,1,1369,0.029333893209695816,369,1000,0.2695398100803506,0.016516713425517082,1.157729002443375e-06,0.05680752918124199,0.05528554320335388,0.0016494039446115494,1.2772423474416428e-07
0076_1.jpg,76,1,Arabic,0,1369,0.03061941359192133,120,1249,0.08765522279035792,0.005955142434686422,1.1008612688101493e-07,0.059710122644901276,0.0584239698946476,0.000790532911196351,1.0552454909884545e-07
0076_2.jpg,76,2,Arabic,1,1369,0.040623344480991364,171,1198,0.12490869247626005,0.010568142868578434,1.1312718584122194e-07,0.07986297458410263,0.07738035917282104,0.0006771443877369165,1.0689302598620998e-07
0076_3.jpg,76,3,English,0,1369,0.040473390370607376,141,1228,0.10299488677867057,0.008557792752981186,1.0886970613910307e-07,0.07847797125577927,0.07349853962659836,0.0005294989096000791,1.0400402317145563e-07
0076_4.jpg,76,4,English,1,1369,0.0322333388030529,230,1139,0.16800584368151936,0.011347480118274689,1.1738465843791346e-07,0.0636465847492218,0.06277810782194138,0.0007866430678404868,1.0886970613910307e-07
0077_1.jpg,77,1,Arabic,0,1369,0.016293787397444248,142,1227,0.10372534696859022,0.0035487294662743807,1.1860107917982532e-07,0.031787797808647156,0.030428476631641388,0.0002806380798574537,1.1191076509931008e-07
0077_2.jpg,77,2,Arabic,1,1369,0.017157668247818947,241,1128,0.1760409057706355,0.006668603513389826,1.435377185998732e-07,0.03333522379398346,0.032169852405786514,0.000971214787568897,1.2164213103460497e-07
0077_3.jpg,77,3,English,0,1369,0.017829610966145992,112,1257,0.08181154127100074,0.0034043784253299236,1.5904709016467677e-07,0.03470586612820625,0.03350464254617691,0.000615383789408952,1.4475413934178505e-07
0077_4.jpg,77,4,English,1,1369,0.029792978428304195,270,1099,0.19722425127830534,0.013129619881510735,1.5418140719702933e-07,0.05746515840291977,0.056245412677526474,0.0022373588290065527,1.2529139326034056e-07
0078_1.jpg,78,1,Arabic,0,1369,0.034519534558057785,141,1228,0.10299488677867057,0.007468135096132755,1.1069433725197086e-07,0.06966836005449295,0.06736919283866882,0.00032625222229398787,1.0598070332434872e-07
0078_2.jpg,78,2,Arabic,1,1369,0.043080082163214684,181,1188,0.13221329437545654,0.012321054004132748,1.4232129785796133e-07,0.08554258197546005,0.08612321317195892,0.0011652489192783833,1.2635575785679976e-07
0078_3.jpg,78,3,English,0,1369,0.017680245451629162,121,1248,0.08838568298027757,0.003350760554894805,1.435377185998732e-07,0.0344967320561409,0.03348056226968765,0.00033099876600317657,1.3137349696989986e-07
0078_4.jpg,78,4,English,1,1369,0.017995310947299004,254,1115,0.18553688823959094,0.007376821245998144,1.8155088810090092e-07,0.0348285473883152,0.032207734882831573,0.0011232433607801795,1.341104507446289e-07
0081_1.jpg,81,1,Arabic,0,1369,0.01712832972407341,161,1208,0.11760409057706354,0.004559624008834362,1.356309837774461e-07,0.03340182453393936,0.032189372926950455,0.0007155889761634171,1.214900748891523e-07
0081_2.jpg,81,2,Arabic,1,1369,0.017848472110927105,257,1112,0.1877282688093499,0.006998371332883835,1.6391277313232422e-07,0.03563108295202255,0.03444371744990349,0.00038091890746727586,1.3137349696989986e-07
0081_3.jpg,81,3,English,0,1369,0.026872980408370495,158,1211,0.1154127100073046,0.007082005031406879,1.754687701804869e-07,0.05286228284239769,0.051984481513500214,0.0011090215994045138,1.4110487711604947e-07
0081_4.jpg,81,4,English,1,1369,0.02554602548480034,357,1012,0.26077428780131484,0.014108335599303246,1.3864162156096427e-06,0.049447838217020035,0.04754103347659111,0.0016417352017015219,1.2742013666411367e-07
0083_1.jpg,83,1,Arabic,0,1369,0.014438687358051538,119,1250,0.08692476260043827,0.002578211249783635,1.161682376960016e-07,0.028220392763614655,0.026132235303521156,0.00013707524340134114,1.1160665280840476e-07
0083_2.jpg,83,2,Arabic,1,1369,0.017498767003417015,184,1185,0.1344046749452155,0.004854642320424318,1.4627465816374752e-07,0.03435186296701431,0.03482087701559067,0.00027448346372693777,1.2954886585703207e-07
0083_3.jpg,83,3,English,0,1369,0.01898112241178751,127,1242,0.09276844411979547,0.0038545120041817427,2.0648751331009407e-07,0.037614062428474426,0.03728595748543739,0.00040244817500934005,1.5402935105157667e-07
0083_4.jpg,83,4,English,1,1369,0.014488162007182837,255,1114,0.1862673484295106,0.005929994396865368,2.182107709813863e-05,0.028147345408797264,0.02783721312880516,0.0008443344850093126,1.4034461059964087e-07
0085_1.jpg,85,1,Arabic,0,1369,0.042191024869680405,118,1251,0.08619430241051863,0.008436514995992184,1.5354278730228543e-05,0.08221485465765,0.08212347328662872,0.0014774063602089882,2.1773941227820615e-07
0085_2.jpg,85,2,Arabic,1,1369,0.04079054109752178,204,1165,0.14901387874360847,0.013653113506734371,0.0003386252501513809,0.07920366525650024,0.07892845571041107,0.002174733905121684,0.000140087038744241
0085_3.jpg,85,3,English,0,1369,0.01753697171807289,135,1234,0.09861212563915267,0.0043621971271932125,0.00019289430929347873,0.034277744591236115,0.03460879251360893,0.0010894256411120296,9.752080222824588e-05
0085_4.jpg,85,4,English,1,1369,0.04193323664367199,308,1061,0.22498173849525202,0.020884038880467415,6.74928305670619e-05,0.08030961453914642,0.07861293107271194,0.0036332595627754927,1.380638252612698e-07
0090_1.jpg,90,1,Arabic,0,1369,0.018961777910590172,139,1230,0.10153396639883126,0.004670074209570885,1.0804254088725429e-05,0.03683160990476608,0.03359925374388695,0.0010355592239648104,1.754687701804869e-07
0090_2.jpg,90,2,Arabic,1,1369,0.020578831434249878,285,1084,0.20818115412710006,0.009770032949745655,0.00016181809769477695,0.03938006982207298,0.03701423481106758,0.001985107082873583,4.815431748284027e-05
0090_3.jpg,90,3,English,0,1369,0.01503914687782526,88,1281,0.06428049671292914,0.002392912982031703,2.2721838831785135e-05,0.0293057132512331,0.02826869860291481,0.0005441021639853716,1.5679670468671247e-05
0090_4.jpg,90,4,English,1,1369,0.015556338243186474,305,1064,0.22279035792549307,0.007704584859311581,2.0375057374621974e-07,0.029751427471637726,0.029456960037350655,0.0013847659574821591,1.30157076227988e-07
0092_1.jpg,92,1,Arabic,0,1369,0.03043353371322155,118,1251,0.08619430241051863,0.0053447759710252285,1.161682376960016e-07,0.05994543060660362,0.057710565626621246,0.00019459397299215198,1.1191076509931008e-07
0092_2.jpg,92,2,Arabic,1,1369,0.03307708539068699,160,1209,0.1168736303871439,0.008411607705056667,1.2316266406742216e-07,0.0681866854429245,0.06608711928129196,0.0005009248270653188,1.1556002732504567e-07
0092_3.jpg,92,3,English,0,1369,0.02571188099682331,142,1227,0.10372534696859022,0.005536837503314018,1.3289403000271705e-07,0.050897832959890366,0.0508686788380146,0.00028723591822199523,1.2164213103460497e-07
0092_4.jpg,92,4,English,1,1369,0.026936146430671215,262,1107,0.19138056975894813,0.010785333812236786,1.5935118824472738e-07,0.05243046581745148,0.0504445843398571,0.0009289433946833014,1.283324451151202e-07
0094_1.jpg,94,1,Arabic,0,1369,0.02261796686798334,135,1234,0.09861212563915267,0.005346300080418587,1.2346676214747276e-07,0.04428016394376755,0.041857145726680756,0.0010869221296161413,1.1632029384145426e-07
0094_2.jpg,94,2,Arabic,1,1369,0.017780142836272717,263,1106,0.19211102994886778,0.007574722170829773,1.53877294906124e-07,0.03457209840416908,0.03300943225622177,0.0011549126356840134,1.262037017113471e-07
0094_3.jpg,94,3,English,0,1369,0.032087232917547226,124,1245,0.09057706355003653,0.006688494700938463,1.8428782766477525e-07,0.063657745718956,0.060378044843673706,0.0010144482366740704,1.4718698082560877e-07
0094_4.jpg,94,4,English,1,1369,0.025676907040178776,331,1038,0.24178232286340395,0.013725539669394493,5.398781922849594e-06,0.04882194101810455,0.04411386325955391,0.002533910796046257,1.3167760926080518e-07
0096_1.jpg,96,1,Arabic,0,1369,0.01496719615533948,139,1230,0.10153396639883126,0.0034846931230276823,1.672579372780092e-07,0.029332822188735008,0.026390785351395607,0.0005636441055685282,1.4247333979255927e-07
0096_2.jpg,96,2,Arabic,1,1369,0.016521437093615532,276,1093,0.20160701241782322,0.00763022992759943,4.000232001999393e-05,0.031434908509254456,0.02957119792699814,0.0016191662289202213,1.435377185998732e-07
0096_3.jpg,96,3,English,0,1369,0.020094547420740128,136,1233,0.09934258582907232,0.004563513677567244,3.0191273253876716e-05,0.03915625438094139,0.03798471391201019,0.0007479317719116807,3.228078185202321e-06
0096_4.jpg,96,4,English,1,1369,0.022743025794625282,310,1059,0.2264426588750913,0.0113350385800004,5.171615157451015e-06,0.04356689751148224,0.041317760944366455,0.0018998394953086972,1.3289403000271705e-07
0097_1.jpg,97,1,Arabic,0,1369,0.03164680302143097,107,1262,0.07815924032140248,0.005132877733558416,1.1160665280840476e-07,0.06382995843887329,0.061769839376211166,0.00015618381439708173,1.0856560095362511e-07
0097_2.jpg,97,2,Arabic,1,1369,0.02658574189990759,174,1195,0.127100073046019,0.007186035625636578,1.3502277340649016e-07,0.05307936295866966,0.05211737006902695,0.0005036602378822863,1.2103392066364904e-07
0097_3.jpg,97,3,English,0,1369,0.02976695355027914,125,1244,0.09130752373995617,0.005406326148658991,1.3289403000271705e-07,0.05806206911802292,0.05734783411026001,0.00011535535304574296,1.2240239755101356e-07
0097_4.jpg,97,4,English,1,1369,0.019052795134484768,277,1092,0.20233747260774287,0.007893282920122147,1.633045627613683e-07,0.037303049117326736,0.037282794713974,0.00043311354238539934,1.2772423474416428e-07
0098_1.jpg,98,1,Arabic,0,1369,0.024797690100967884,148,1221,0.10810810810810811,0.0056465198285877705,1.219462433255103e-07,0.04936038330197334,0.04676918312907219,0.00034787034383043647,1.1495181695408974e-07
0098_2.jpg,98,2,Arabic,1,1369,0.029386638663709164,209,1160,0.15266617969320673,0.00952836312353611,1.4627465816374752e-07,0.05766553431749344,0.05785127729177475,0.0008553721709176898,1.2757217859871162e-07
0098_3.jpg,98,3,English,0,1369,0.03024230618029833,125,1244,0.09130752373995617,0.0058922250755131245,1.380638252612698e-07,0.06034117192029953,0.06220592185854912,0.00042106895125471056,1.2711603858406306e-07
0098_4.jpg,98,4,English,1,1369,0.029467209242284298,251,1118,0.183345507669832,0.011879438534379005,1.4931572422938189e-07,0.05779291316866875,0.05631098523736,0.001571493223309517,1.2468318288938463e-07
0100_1.jpg,100,1,Arabic,0,1369,0.023203917779028416,71,1298,0.05186267348429511,0.00330061255954206,5.80537061978248e-07,0.04551641643047333,0.04196075350046158,0.0009914272231981158,1.8276730884281278e-07
0100_2.jpg,100,2,Arabic,1,1369,0.03394588083028793,191,1178,0.13951789627465302,0.010516383685171604,1.3106939888984925e-07,0.06644570082426071,0.06283559650182724,0.0014480476966127753,1.1662439192150487e-07
0100_3.jpg,100,3,English,0,1369,0.02299418393522501,57,1312,0.04163623082542001,0.0028972974978387356,7.22469121683389e-05,0.04480113834142685,0.04295235127210617,0.001076779910363257,5.021402466809377e-05
0100_4.jpg,100,4,English,1,1369,0.04313218034803867,230,1139,0.16800584368151936,0.015642063692212105,2.351950570300687e-05,0.08431008458137512,0.08311040699481964,0.0017758276080712676,1.417130874870054e-07
0101_1.jpg,101,1,Arabic,0,1369,0.018712665885686874,140,1229,0.10226442658875091,0.004107902757823467,1.4627465816374752e-07,0.03689805045723915,0.0347009003162384,0.0003726543509401381,1.3289403000271705e-07
0101_2.jpg,101,2,Arabic,1,1369,0.018897129222750664,250,1119,0.18261504747991233,0.007481386885046959,2.0648751331009407e-07,0.036899227648973465,0.035403259098529816,0.0009090357343666255,1.3684740451935795e-07
0101_3.jpg,101,3,English,0,1369,0.032020121812820435,132,1237,0.09642074506939372,0.006886005867272615,2.821185080392752e-05,0.06379304081201553,0.06161028519272804,0.0008134695235639811,2.715964683375205e-06
0101_4.jpg,101,4,English,1,1369,0.021526087075471878,340,1029,0.2483564645726808,0.011494292877614498,2.3257975044543855e-05,0.04149959236383438,0.04042419046163559,0.0015800053952261806,1.3745561489031388e-07
0103_1.jpg,103,1,Arabic,0,1369,0.020293695852160454,161,1208,0.11760409057706354,0.005628963466733694,1.2346676214747276e-07,0.03973744809627533,0.038886964321136475,0.001083047711290419,1.151038730995424e-07
0103_2.jpg,103,2,Arabic,1,1369,0.02373393066227436,272,1097,0.19868517165814464,0.01061857771128416,3.089710105541599e-07,0.04552241787314415,0.04306689649820328,0.0019642082042992115,1.3684740451935795e-07
0103_3.jpg,103,3,English,0,1369,0.0177009180188179,117,1252,0.08546384222059898,0.0035664679016917944,1.5691834676090366e-07,0.034323617815971375,0.03254814073443413,0.0006921968888491392,1.4232129785796133e-07
0103_4.jpg,103,4,English,1,1369,0.010203300043940544,316,1053,0.2308254200146092,0.005225354805588722,1.8155088810090092e-07,0.01941162347793579,0.018821503967046738,0.0009681264637038112,1.280283470350696e-07
0104_1.jpg,104,1,Arabic,0,1369,0.01937389373779297,146,1223,0.10664718772826881,0.0046956962905824184,1.1403950139765584e-07,0.03853762522339821,0.03842361271381378,0.0006556946900673211,1.0886970613910307e-07
0104_2.jpg,104,2,Arabic,1,1369,0.021034092642366886,225,1144,0.1643535427319211,0.007785499095916748,6.1030900724290404e-06,0.04077702760696411,0.03815659508109093,0.0012967794900760055,1.456664477927916e-07
0104_3.jpg,104,3,English,0,1369,0.03119040559977293,130,1239,0.09495982468955443,0.006550301797688007,1.9523562855283672e-07,0.061385273933410645,0.06090720370411873,0.000796833832282573,1.4901161193847656e-07
0104_4.jpg,104,4,English,1,1369,0.03377941809594631,299,1070,0.21840759678597516,0.015703778713941574,1.517485657132056e-07,0.06549691408872604,0.06276775896549225,0.0017896227072924376,1.2255445369646623e-07
0105_1.jpg,105,1,Arabic,0,1369,0.02373248804360628,155,1214,0.11322132943754565,0.006128938868641853,1.283324451151202e-07,0.04596699774265289,0.043493274599313736,0.0010425306390970945,1.161682376960016e-07
0105_2.jpg,105,2,Arabic,1,1369,0.021441137418150902,292,1077,0.21329437545653762,0.009965207427740097,1.4049666674509353e-07,0.041580680757761,0.039650265127420425,0.001393509330227971,1.1647234288147956e-07
0105_3.jpg,105,3,English,0,1369,0.026132243685424328,118,1251,0.08619430241051863,0.005182224325835705,4.1540786810401187e-07,0.052880242466926575,0.0533098429441452,0.0006831299979239702,1.672579372780092e-07
0105_4.jpg,105,4,English,1,1369,0.03452407009899616,305,1064,0.22279035792549307,0.01660347729921341,1.557019260189918e-07,0.06646981090307236,0.06620357185602188,0.0023090883623808622,1.2361881829292543e-07
0107_1.jpg,107,1,Arabic,0,1369,0.010194568894803524,133,1236,0.09715120525931337,0.002259352942928672,2.98175268653722e-06,0.02010384015738964,0.019827619194984436,0.0003391939389985055,2.204763660529352e-07
0107_2.jpg,107,2,Arabic,1,1369,0.01137559860944748,212,1157,0.15485756026296568,0.004036929924041033,1.8982254914590158e-06,0.022042805328965187,0.021285124123096466,0.0007376679568551481,1.4870749964757124e-07
0107_3.jpg,107,3,English,0,1369,0.01978006213903427,121,1248,0.08838568298027757,0.004210210870951414,0.00012872200750280172,0.03846384584903717,0.03781083598732948,0.0008891454199329019,7.539425132563338e-05
0107_4.jpg,107,4,English,1,1369,0.018049994483590126,276,1093,0.20160701241782322,0.008149622939527035,5.6418837630189955e-05,0.034639861434698105,0.032206956297159195,0.0014604129828512669,1.401925544541882e-07
0110_1.jpg,110,1,Arabic,0,1369,0.019289616495370865,147,1222,0.10737764791818846,0.004733578767627478,1.2589960363129649e-07,0.03842417895793915,0.037198275327682495,0.0006807814352214336,1.1677644806695753e-07
0110_2.jpg,110,2,Arabic,1,1369,0.010776937007904053,320,1049,0.2337472607742878,0.00549694336950779,1.754687701804869e-07,0.020815160125494003,0.019823864102363586,0.0008240833412855864,1.2529139326034056e-07
0110_3.jpg,110,3,English,0,1369,0.022890393622219563,147,1222,0.10737764791818846,0.0055115073919296265,1.9523562855283672e-07,0.044482868164777756,0.040792565792798996,0.0008234631386585534,1.4627465816374752e-07
0110_4.jpg,110,4,English,1,1369,0.015141069889068604,410,959,0.29948867786705624,0.009645217098295689,2.3936131583468523e-06,0.029280655086040497,0.02853528968989849,0.0012505060294643044,1.2255445369646623e-07
0116_1.jpg,116,1,Arabic,0,1369,0.024737759493291378,194,1175,0.14170927684441198,0.007732579484581947,1.3077137737127487e-05,0.04828701913356781,0.047302260994911194,0.001036782399751246,1.5509371564803587e-07
0116_2.jpg,116,2,Arabic,1,1369,0.027779809199273586,298,1071,0.2176771365960555,0.013132398948073387,2.5841958631644957e-05,0.05380263924598694,0.05167965963482857,0.0018161237239837646,1.398884563741376e-07
0116_3.jpg,116,3,English,0,1369,0.02350212074816227,180,1189,0.13148283418553688,0.006852336693555117,0.00013470892736222595,0.04646696522831917,0.04566645994782448,0.0008551685605198145,3.9891623600851744e-05
0116_4.jpg,116,4,English,1,1369,0.02638051100075245,368,1001,0.268809349890431,0.014775139279663563,4.023921519547002e-06,0.05084960535168648,0.04897485673427582,0.0015129996463656425,1.2863655740602553e-07
0118_1.jpg,118,1,Arabic,0,1369,0.02060800790786743,134,1235,0.09788166544923302,0.004601031541824341,1.2285855177651683e-07,0.04024933651089668,0.03809669613838196,0.0007331177475862205,1.1586413251052363e-07
0118_2.jpg,118,2,Arabic,1,1369,0.0211308766156435,249,1120,0.18188458728999268,0.008645355701446533,1.5144445342230028e-07,0.04068262130022049,0.039629511535167694,0.0015227861003950238,1.237708744383781e-07
0118_3.jpg,118,3,English,0,1369,0.01449162233620882,101,1268,0.07377647918188458,0.0026133153587579727,1.456664477927916e-07,0.028469135984778404,0.028116758912801743,0.0005538220284506679,1.3745561489031388e-07
0118_4.jpg,118,4,English,1,1369,0.023171762004494667,285,1084,0.20818115412710006,0.010881621390581131,1.6208814201945643e-07,0.04484795406460762,0.042028527706861496,0.0019513590959832072,1.2742013666411367e-07
0119_1.jpg,119,1,Arabic,0,1369,0.019368851557374,142,1227,0.10372534696859022,0.004306393209844828,1.5205266379325622e-07,0.03843571990728378,0.03803552687168121,0.0003566253581084311,1.377597129703645e-07
0119_2.jpg,119,2,Arabic,1,1369,0.021137813106179237,211,1158,0.15412710007304603,0.006952395662665367,1.931068851490636e-07,0.04144128039479256,0.040240950882434845,0.0006681522936560214,1.4186514363245806e-07
0119_3.jpg,119,3,English,0,1369,0.023676867596805096,151,1218,0.11029948867786706,0.006309040356427431,0.00016935139137785882,0.04689452052116394,0.04643901064991951,0.0012775075156241655,5.662669354933314e-05
0119_4.jpg,119,4,English,1,1369,0.049148084595799446,231,1138,0.168736303871439,0.018684251233935356,7.73035765178065e-07,0.0963234007358551,0.09267991781234741,0.002924458123743534,1.409528209705968e-07
0122_1.jpg,122,1,Arabic,0,1369,0.018837097100913525,146,1223,0.10664718772826881,0.00455481419339776,1.222503414055609e-07,0.037057653069496155,0.03584790602326393,0.0006746717845089734,1.1586413251052363e-07
0122_2.jpg,122,2,Arabic,1,1369,0.019736947491765022,236,1133,0.17238860482103727,0.007439843844622374,1.715154098747007e-07,0.038045234978199005,0.03643044829368591,0.0010648461757227778,1.3167760926080518e-07
0122_3.jpg,122,3,English,0,1369,0.017092580907046795,119,1250,0.08692476260043827,0.0035489818546921015,2.7156605142408807e-07,0.033939022570848465,0.033502452075481415,0.00065585010452196,1.5570194022984651e-07
0122_4.jpg,122,4,English,1,1369,0.016306237317621708,265,1104,0.19357195032870708,0.006983582396060228,1.557019260189918e-07,0.031670186668634415,0.02992587722837925,0.0010579027002677321,1.2711603858406306e-07
0123_1.jpg,123,1,Arabic,0,1369,0.02292804140597582,131,1238,0.09569028487947406,0.004991650581359863,2.60314152455976e-07,0.04488153010606766,0.04417882114648819,0.0007706700125709176,1.5266087416421215e-07
0123_2.jpg,123,2,Arabic,1,1369,0.024683757685124874,187,1182,0.13659605551497445,0.007248347159475088,1.8459193995568057e-07,0.04917621985077858,0.04776498302817345,0.0006150872795842588,1.4186514363245806e-07
0123_3.jpg,123,3,English,0,1369,0.021468165330588818,108,1261,0.07888970051132213,0.004220966249704361,8.276622247649357e-05,0.04163742810487747,0.03989196941256523,0.001016384456306696,2.9565728254965506e-05
0123_4.jpg,123,4,English,1,1369,0.024255087599158287,233,1136,0.1701972242512783,0.009766066446900368,3.137454768875614e-06,0.04624222591519356,0.044299401342868805,0.002284602029249072,1.446020831963324e-07
0124_1.jpg,124,1,Arabic,0,1369,0.022149180993437767,95,1274,0.06939371804236669,0.0032393611036241055,1.1860107917982532e-07,0.044015221297740936,0.04188184440135956,0.00019877520389854908,1.152559221395677e-07
0124_2.jpg,124,2,Arabic,1,1369,0.024339430034160614,171,1198,0.12490869247626005,0.006480669602751732,1.3958434408323228e-07,0.048045262694358826,0.04556463286280632,0.0005478264065459371,1.2392291637297603e-07
0124_3.jpg,124,3,English,0,1369,0.04329056479036808,83,1286,0.0606281957633309,0.005498253740370274,1.3046118851889332e-07,0.08547737449407578,0.08140242844820023,0.00033630523830652237,1.2285855177651683e-07
0124_4.jpg,124,4,English,1,1369,0.0382603220641613,215,1154,0.1570489408327246,0.012769719585776329,1.496198223094325e-07,0.07662424445152283,0.07388104498386383,0.0008730797562748194,1.2848450126057287e-07
0125_1.jpg,125,1,Arabic,0,1369,0.023316850885748863,134,1235,0.09788166544923302,0.005002633202821016,1.240749725184287e-07,0.04618056118488312,0.04560661315917969,0.0005347454571165144,1.1738465843791346e-07
0125_2.jpg,125,2,Arabic,1,1369,0.022857995703816414,199,1170,0.14536157779401024,0.0071573806926608086,1.4505823742183566e-07,0.044520072638988495,0.04201372340321541,0.0008025310235098004,1.2772423474416428e-07
0125_3.jpg,125,3,English,0,1369,0.023255672305822372,114,1255,0.08327246165084003,0.0043813493102788925,2.2534204902058264e-07,0.044650088995695114,0.042428694665431976,0.0007234712829813361,1.5418140719702933e-07
0125_4.jpg,125,4,English,1,1369,0.022027866914868355,273,1096,0.19941563184806427,0.00946758408099413,1.6208814201945643e-07,0.04301910102367401,0.042255498468875885,0.0011103167198598385,1.2787629088961694e-07
0127_1.jpg,127,1,Arabic,0,1369,0.014790148939937353,132,1237,0.09642074506939372,0.0030227936804294586,1.0856560095362511e-07,0.029398757964372635,0.027441643178462982,0.00020822041551582515,1.0369991798597766e-07
0127_2.jpg,127,2,Arabic,1,1369,0.03207755461335182,235,1134,0.17165814463111762,0.011458114720880985,1.1343129102669991e-07,0.06365948915481567,0.06199349835515022,0.0006403694860637188,1.0461223354241156e-07
0127_3.jpg,127,3,English,0,1369,0.02012098766863346,154,1215,0.11249086924762601,0.0049634953029453754,1.103902320664929e-07,0.03970503807067871,0.03801778703927994,0.0005600409931503236,1.0461223354241156e-07
0127_4.jpg,127,4,English,1,1369,0.020121319219470024,292,1077,0.21329437545653762,0.009266241453588009,1.2742013666411367e-07,0.03906679153442383,0.03761749342083931,0.0011866121785715222,1.1099844243744883e-07
0133_1.jpg,133,1,Arabic,0,1369,0.024208451621234417,122,1247,0.08911614317019723,0.004975941497832537,1.1556002732504567e-07,0.04740883782505989,0.04506223648786545,0.0008245271747000515,1.1069433725197086e-07
0133_2.jpg,133,2,Arabic,1,1369,0.023896350525319576,247,1122,0.1804236669101534,0.009477144107222557,1.298529781479374e-07,0.04656472057104111,0.044961266219615936,0.0013125884579494596,1.1464771176861177e-07
0133_3.jpg,133,3,English,0,1369,0.03212794288992882,157,1212,0.11468224981738495,0.008703429251909256,5.525594133359846e-07,0.0633191391825676,0.05839969217777252,0.001628622179850936,1.5250881801875948e-07
0133_4.jpg,133,4,English,1,1369,0.02181423921138048,308,1061,0.22498173849525202,0.010730789974331856,1.7273183061661257e-07,0.04198404774069786,0.0399915874004364,0.0016582140233367682,1.2742013666411367e-07
0134_1.jpg,134,1,Arabic,0,1369,0.016780824400484562,149,1220,0.10883856829802775,0.004099819343537092,1.1647234288147956e-07,0.032787617295980453,0.032192591577768326,0.0005961460992693901,1.113025476229268e-07
0134_2.jpg,134,2,Arabic,1,1369,0.0353825818747282,209,1160,0.15266617969320673,0.011542674154043198,1.1799286880886939e-07,0.06910340487957001,0.06754163652658463,0.0011718189343810081,1.103902320664929e-07
0134_3.jpg,134,3,English,0,1369,0.02046497818082571,155,1214,0.11322132943754565,0.0052373590879142284,1.4870749964757124e-07,0.03968805447220802,0.038239747285842896,0.0008387944544665515,1.3137349696989986e-07
0134_4.jpg,134,4,English,1,1369,0.018050855956971645,286,1083,0.2089116143170197,0.008088572882115841,1.8276730884281278e-07,0.03496177867054939,0.03363581746816635,0.000991862965747714,1.3046118851889332e-07
0135_1.jpg,135,1,Arabic,0,1369,0.024639545939862728,170,1199,0.1241782322863404,0.006414446979761124,1.2650781400225242e-07,0.04808446019887924,0.04636351019144058,0.000506271724589169,1.1586413251052363e-07
0135_2.jpg,135,2,Arabic,1,1369,0.037767186760902405,253,1116,0.1848064280496713,0.014897014014422894,1.3836792334132042e-07,0.07462203502655029,0.0734955370426178,0.001357202883809805,1.1799286880886939e-07
0135_3.jpg,135,3,English,0,1369,0.030569511465728283,166,1203,0.1212563915266618,0.00796285830438137,1.8428782766477525e-07,0.06124534457921982,0.06043701991438866,0.0006104947533458471,1.4445002705087973e-07
0135_4.jpg,135,4,English,1,1369,0.038225555792450905,308,1061,0.22498173849525202,0.018290556967258453,1.5935118824472738e-07,0.07425911724567413,0.07005899399518967,0.00204332172870636,1.240749725184287e-07
0138_1.jpg,138,1,Arabic,0,1369,0.010607559233903885,121,1248,0.08838568298027757,0.002130205277353525,1.9462741818188078e-07,0.02096123993396759,0.020204590633511543,0.00030443977448157966,1.5190062185865827e-07
0138_2.jpg,138,2,Arabic,1,1369,0.010879396926611662,192,1177,0.14024835646457268,0.003499786602333188,5.13208142365329e-05,0.02142869494855404,0.020566262304782867,0.0005751051940023899,1.603182499820832e-05
0138_3.jpg,138,3,English,0,1369,0.012578150257468224,140,1229,0.10226442658875091,0.0030599103774875402,0.00011054776405217126,0.02437840960919857,0.02358437329530716,0.0006314398488029838,4.697484473581426e-05
0138_4.jpg,138,4,English,1,1369,0.01264755753800273,264,1105,0.19284149013878743,0.0055413031950592995,0.00011871450988110155,0.023893004283308983,0.0232365895062685,0.001156824640929699,1.6695382498710387e-07
0140_1.jpg,140,1,Arabic,0,1369,0.04052627459168434,101,1268,0.07377647918188458,0.007665384095162153,1.1586413251052363e-07,0.07930701971054077,0.060088422149419785,0.001958913868293166,1.1191076509931008e-07
0140_2.jpg,140,2,Arabic,1,1369,0.023911869153380394,228,1141,0.16654492330168005,0.008453243412077427,1.2650781400225242e-07,0.04662332683801651,0.04502008110284805,0.0008259179885499179,1.143436065831338e-07
0140_3.jpg,140,3,English,0,1369,0.019487292505800724,168,1201,0.12271731190650109,0.005254196468740702,1.3167760926080518e-07,0.038246285170316696,0.03722291439771652,0.0006391505594365299,1.1981749992173718e-07
0140_4.jpg,140,4,English,1,1369,0.04403289221227169,266,1103,0.19430241051862673,0.018325675278902054,1.3623919414840202e-07,0.0863647609949112,0.08579115569591522,0.0019173375330865383,1.161682376960016e-07
0142_1.jpg,142,1,Arabic,0,1369,0.024990602396428585,152,1217,0.1110299488677867,0.006152783520519733,1.1586413251052363e-07,0.049008797854185104,0.04871581494808197,0.0008001835085451603,1.1008612688101493e-07
0142_2.jpg,142,2,Arabic,1,1369,0.02592302206903696,225,1144,0.1643535427319211,0.009597503580152988,1.5022803268038842e-07,0.0508028119802475,0.048524778336286545,0.001493313000537455,1.2529139326034056e-07
0142_3.jpg,142,3,English,0,1369,0.026631318032741547,146,1223,0.10664718772826881,0.0064161596819758415,1.5326908453516808e-07,0.052362821996212006,0.04970838502049446,0.0009311129688285291,1.377597129703645e-07
0142_4.jpg,142,4,English,1,1369,0.026334630325436592,322,1047,0.2352081811541271,0.013476179912686348,1.754687701804869e-07,0.050507351756095886,0.04883310943841934,0.0020874165929853916,1.2742013666411367e-07
0146_1.jpg,146,1,Arabic,0,1369,0.0141645479016006,136,1233,0.09934258582907232,0.003202934982255101,1.398884563741376e-07,0.02779962308704853,0.02595318853855133,0.0004899182240478694,1.283324451151202e-07
0146_2.jpg,146,2,Arabic,1,1369,0.012285884469747543,247,1122,0.1804236669101534,0.004847373813390732,1.42017185567056e-07,0.023999588564038277,0.023142924532294273,0.0006311555043794215,1.208818787290511e-07
0146_3.jpg,146,3,English,0,1369,0.024125641211867332,124,1245,0.09057706355003653,0.004790393635630608,1.5326908453516808e-07,0.0463421493768692,0.04515472799539566,0.0006519051967188716,1.398884563741376e-07
0146_4.jpg,146,4,English,1,1369,0.02302377298474312,279,1090,0.20379839298758218,0.010303648188710213,1.3610234418592881e-05,0.045051299035549164,0.04243104159832001,0.0014095247024670243,1.3745561489031388e-07
0147_1.jpg,147,1,Arabic,0,1369,0.01599847339093685,154,1215,0.11249086924762601,0.0038919770158827305,1.3137349696989986e-07,0.031854696571826935,0.029844513162970543,0.0003477306163404137,1.1981749992173718e-07
0147_2.jpg,147,2,Arabic,1,1369,0.01795616466552019,260,1109,0.18991964937910885,0.007134351879358292,1.9523562855283672e-07,0.03537934646010399,0.03558376431465149,0.0005124418530613184,1.3623919414840202e-07
0147_3.jpg,147,3,English,0,1369,0.02186490036547184,138,1231,0.10080350620891161,0.005009784828871489,1.9432330589097546e-07,0.043791115283966064,0.044103171676397324,0.0006622434593737125,1.4870749964757124e-07
0147_4.jpg,147,4,English,1,1369,0.02320508472621441,241,1128,0.1760409057706355,0.009166642092168331,2.3172826502104726e-07,0.0447128489613533,0.04337947815656662,0.0015721071977168322,1.3867202142137103e-07
0152_1.jpg,152,1,Arabic,0,1369,0.019187161698937416,152,1217,0.1110299488677867,0.004966748412698507,1.219462433255103e-07,0.03771950677037239,0.036791570484638214,0.0008760171476751566,1.143436065831338e-07
0152_2.jpg,152,2,Arabic,1,1369,0.028807317838072777,311,1058,0.22717311906501095,0.014067543670535088,1.380638252612698e-07,0.0557837150990963,0.05348329246044159,0.001805037958547473,1.143436065831338e-07
0152_3.jpg,152,3,English,0,1369,0.025584145449101925,150,1219,0.1095690284879474,0.00668226508423686,1.3884537111152895e-05,0.04996100813150406,0.046314701437950134,0.001356742694042623,1.636086608414189e-07
0152_4.jpg,152,4,English,1,1369,0.032121457159519196,370,999,0.2702702702702703,0.01875019632279873,1.5375260772998445e-05,0.061211179941892624,0.059120237827301025,0.003023904748260975,1.2742013666411367e-07
0153_1.jpg,153,1,Arabic,0,1369,0.03688468784093857,97,1272,0.07085463842220599,0.005806323606520891,1.2133803295455436e-07,0.0735250934958458,0.07403180748224258,0.0006422348669730127,1.1632029384145426e-07
0153_2.jpg,153,2,Arabic,1,1369,0.03858176805078983,192,1177,0.14024835646457268,0.011572420597076416,1.4475413934178505e-07,0.07565170526504517,0.07482399046421051,0.0011193855898454785,1.2468318288938463e-07
0153_3.jpg,153,3,English,0,1369,0.033986128866672516,91,1278,0.0664718772826881,0.005184310022741556,1.5266087416421215e-07,0.06889471411705017,0.06797447055578232,0.0006478104623965919,1.4232129785796133e-07
0153_4.jpg,153,4,English,1,1369,0.035753948614001274,295,1074,0.21548575602629658,0.016374828293919563,1.5235677608416154e-07,0.0698666051030159,0.0671350359916687,0.0016820207238197327,1.2285855177651683e-07
0155_1.jpg,155,1,Arabic,0,1369,0.01636574510484934,147,1222,0.10737764791818846,0.004084515850991011,1.3076528659894393e-07,0.03193345293402672,0.030783988535404205,0.0007344389450736344,1.1951340184168657e-07
0155_2.jpg,155,2,Arabic,1,1369,0.023971236310899258,321,1048,0.23447772096420746,0.012476424686610699,1.2686969967035111e-05,0.046021368354558945,0.04477495700120926,0.002201684983447194,1.3258991771181172e-07
0155_3.jpg,155,3,English,0,1369,0.014601443894207478,134,1235,0.09788166544923302,0.0034308615140616894,5.997382686473429e-05,0.02840321883559227,0.026975875720381737,0.0007213102071546018,1.7155494788312353e-05
0155_4.jpg,155,4,English,1,1369,0.02019164990633726,360,1009,0.26296566837107377,0.011397610418498516,1.632194107514806e-05,0.03866328299045563,0.03819490224123001,0.0016695208614692092,1.2772423474416428e-07
0156_1.jpg,156,1,Arabic,0,1369,0.01565240090712905,178,1191,0.13002191380569758,0.004516775254160166,1.1403950139765584e-07,0.03119070641696453,0.029637377709150314,0.0005302436766214669,1.0674096984075732e-07
0156_2.jpg,156,2,Arabic,1,1369,0.022157615050673485,299,1070,0.21840759678597516,0.010724060237407684,1.3958434408323228e-07,0.042445581406354904,0.04050014913082123,0.001859821379184723,1.1464771176861177e-07
0156_3.jpg,156,3,English,0,1369,0.026142078451812267,160,1209,0.1168736303871439,0.006991456728428602,1.240749725184287e-07,0.05071046203374863,0.04714749753475189,0.0012056506238877773,1.1556002732504567e-07
0156_4.jpg,156,4,English,1,1369,0.02860364969819784,324,1045,0.2366691015339664,0.014628591015934944,1.4445002705087973e-07,0.05553216114640236,0.053447216749191284,0.001946524833329022,1.1708055325243549e-07
0157_1.jpg,157,1,Arabic,0,1369,0.024749962612986565,88,1281,0.06428049671292914,0.0038277425337582827,1.283324451151202e-07,0.0488002747297287,0.04841314256191254,0.0007382945041172206,1.2133803295455436e-07
0157_2.jpg,157,2,Arabic,1,1369,0.0257180817425251,261,1108,0.19065010956902848,0.010703163221478462,1.5722245905180898e-07,0.049807317554950714,0.04617222025990486,0.0014918033266440034,1.283324451151202e-07
0157_3.jpg,157,3,English,0,1369,0.024773226119577885,107,1262,0.07815924032140248,0.004231026861816645,1.754687701804869e-07,0.04891801252961159,0.04846600070595741,0.0004421942576300353,1.517485657132056e-07
0157_4.jpg,157,4,English,1,1369,0.02388824988156557,264,1105,0.19284149013878743,0.010034875944256783,1.6969077876183292e-07,0.04645372927188873,0.04591198265552521,0.001333900960162282,1.3046118851889332e-07
0158_1.jpg,158,1,Arabic,0,1369,0.02010411862283945,202,1167,0.14755295836376917,0.006330404430627823,1.4262539593801193e-07,0.03991755098104477,0.03874356299638748,0.0005166917107999325,1.2285855177651683e-07
0158_2.jpg,158,2,Arabic,1,1369,0.020220236852765083,236,1133,0.17238860482103727,0.007307201623916626,1.4110487711604947e-07,0.040032558143138885,0.03845211863517761,0.0004906227113679051,1.201216122126425e-07
0158_3.jpg,158,3,English,0,1369,0.02931677084416151,134,1235,0.09788166544923302,0.006429007742553949,1.143436065831338e-07,0.05763165280222893,0.05523724853992462,0.0008734165458008647,1.09477916510059e-07
0158_4.jpg,158,4,English,1,1369,0.030081123113632202,301,1068,0.21986851716581446,0.014310937374830246,1.5418140719702933e-07,0.05804825574159622,0.0548584945499897,0.001984220929443836,1.2285855177651683e-07
0159_1.jpg,159,1,Arabic,0,1369,0.02193013858050108,114,1255,0.08327246165084003,0.004438450559973717,7.291685324162245e-05,0.04324033111333847,0.04266873747110367,0.0009138177847489715,5.143759335624054e-05
0159_2.jpg,159,2,Arabic,1,1369,0.02036334201693535,219,1150,0.15997078159240322,0.007353643421083689,0.00010073580051539466,0.039721641689538956,0.03701819106936455,0.0011896506184712052,4.9072870751842856e-05
0159_3.jpg,159,3,English,0,1369,0.028424521908164024,108,1261,0.07888970051132213,0.005800529383122921,0.00012937127030454576,0.05505017563700676,0.051996197551488876,0.0015824793372303247,9.835982928052545e-05
0159_4.jpg,159,4,English,1,1369,0.02439046371728182,283,1086,0.20672023374726078,0.011575204320251942,0.0002532190701458603,0.04623633623123169,0.04370185360312462,0.0025428838562220335,8.822263043839484e-05
0162_1.jpg,162,1,Arabic,0,1369,0.0237050149589777,148,1221,0.10810810810810811,0.005799056030809879,1.636086608414189e-07,0.046664297580718994,0.04436970502138138,0.0008456939249299467,1.4292950822891726e-07
0162_2.jpg,162,2,Arabic,1,1369,0.023997419513761997,237,1132,0.1731190650109569,0.0093538174405694,3.4342615435889456e-06,0.04692276567220688,0.04468401148915291,0.0014882340328767896,1.4733902276020672e-07
0162_3.jpg,162,3,English,0,1369,0.016702300868928432,144,1225,0.10518626734842951,0.003994807135313749,2.4036485228862148e-06,0.03246738016605377,0.029796604067087173,0.0006478268187493086,1.636086608414189e-07
0162_4.jpg,162,4,English,1,1369,0.01801897492259741,311,1058,0.22717311906501095,0.009119618684053421,1.8945762292332802e-07,0.03428666293621063,0.03166870400309563,0.0017217439599335194,1.2878859934062348e-07
0163_1.jpg,163,1,Arabic,0,1369,0.023099920712411404,124,1245,0.09057706355003653,0.004696544725447893,1.219462433255103e-07,0.04588331654667854,0.043889015913009644,0.0005944088916294277,1.1586413251052363e-07
0163_2.jpg,163,2,Arabic,1,1369,0.02382645756006241,195,1174,0.14243973703433163,0.007375889923423529,1.5418140719702933e-07,0.04737284779548645,0.04640026390552521,0.0007324431790038943,1.3213376348630845e-07
0163_3.jpg,163,3,English,0,1369,0.024233785457909107,183,1186,0.13367421475529584,0.00712151313200593,1.521986359875882e-05,0.05112207308411598,0.05014626309275627,0.0003322190896142274,1.675620353580598e-07
0163_4.jpg,163,4,English,1,1369,0.02539433166384697,250,1119,0.18261504747991233,0.009878953918814659,1.0661932492439519e-06,0.05005357041954994,0.0498267263174057,0.0009033903479576111,1.4080076482514414e-07
0164_1.jpg,164,1,Arabic,0,1369,0.015135933179408312,120,1249,0.08765522279035792,0.0029576648958027363,1.5418140719702933e-07,0.029864290729165077,0.027896909043192863,0.0003725604328792542,1.4140897519610007e-07
0164_2.jpg,164,2,Arabic,1,1369,0.0213194927200675,230,1139,0.16800584368151936,0.008072842843830585,1.4627465816374752e-07,0.04153270646929741,0.040578387677669525,0.0013162413379177451,1.240749725184287e-07
0164_3.jpg,164,3,English,0,1369,0.0144476224668324,126,1243,0.09203798392987582,0.0031266710720956326,2.7067502742283978e-05,0.028186677023768425,0.02595064789056778,0.0005863967817276716,1.913430651256931e-06
0164_4.jpg,164,4,English,1,1369,0.01724920980632305,270,1099,0.19722425127830534,0.007455003913491964,1.931068851490636e-07,0.033671412616968155,0.03197488933801651,0.0010142114479094744,1.3258991771181172e-07
0167_1.jpg,167,1,Arabic,0,1369,0.014257751870900393,226,1143,0.16508400292184075,0.005331565160304308,3.6066892334929435e-06,0.027574973180890083,0.02489330992102623,0.0009334807982668281,1.5235677608416154e-07
0167_2.jpg,167,2,Arabic,1,1369,0.015152042265981436,312,1057,0.2279035792549306,0.00765122938901186,3.061428287765011e-05,0.02871706150472164,0.027925249189138412,0.0014331219717860222,1.4505823742183566e-07
0167_3.jpg,167,3,English,0,1369,0.032259102910757065,148,1221,0.10810810810810811,0.008079051971435547,0.0001081945956684649,0.06282766908407211,0.06072072684764862,0.0014428556896746159,4.185036596027203e-05
0167_4.jpg,167,4,English,1,1369,0.034352824091911316,363,1006,0.26515704894083275,0.02005632035434246,0.0003466435882728547,0.06472472846508026,0.06478661298751831,0.003938400652259588,1.4445002705087973e-07
0168_1.jpg,168,1,Arabic,0,1369,0.015492824371904135,219,1150,0.15997078159240322,0.005445063579827547,1.435377185998732e-07,0.030495870858430862,0.029160279780626297,0.0006745179416611791,1.2133803295455436e-07
0168_2.jpg,168,2,Arabic,1,1369,0.01619565486907959,270,1099,0.19722425127830534,0.00687169935554266,1.5205266379325622e-07,0.03164006769657135,0.030400067567825317,0.0007866589585319161,1.2346676214747276e-07
0168_3.jpg,168,3,English,0,1369,0.023052822798490524,200,1169,0.14609203798392986,0.007609767373651266,1.3544851753977127e-05,0.04444777965545654,0.04335611313581467,0.0013072844594717026,1.553978279389412e-07
0168_4.jpg,168,4,English,1,1369,0.025204054079949856,321,1048,0.23447772096420746,0.012844669632613659,1.5935118824472738e-07,0.04810623079538345,0.04646669700741768,0.0020441319793462753,1.2346676214747276e-07
0169_1.jpg,169,1,Arabic,0,1369,0.01898772083222866,147,1222,0.10737764791818846,0.00427284138277173,1.1251897547026601e-07,0.036751650273799896,0.03594137355685234,0.00036581530002877116,1.0795739058266918e-07
0169_2.jpg,169,2,Arabic,1,1369,0.021101604215800762,181,1188,0.13221329437545654,0.00624393206089735,1.2924476777698146e-07,0.04142754152417183,0.04056423157453537,0.0008834662730805576,1.1753671458336612e-07
0169_3.jpg,169,3,English,0,1369,0.02122395858168602,132,1237,0.09642074506939372,0.004496596287935972,1.5935118824472738e-07,0.04203460365533829,0.040130481123924255,0.0004909242270514369,1.4292950822891726e-07
0169_4.jpg,169,4,English,1,1369,0.020488647744059563,297,1072,0.21694667640613585,0.009592958725988865,1.8459193995568057e-07,0.03967651352286339,0.038217924535274506,0.0012582429917529225,1.30157076227988e-07
0171_1.jpg,171,1,Arabic,0,1369,0.026719316840171814,139,1230,0.10153396639883126,0.0061421641148626804,2.263790520373732e-05,0.05239715799689293,0.0515168197453022,0.0009149740217253566,2.476937766004994e-07
0171_2.jpg,171,2,Arabic,1,1369,0.0244291378185153,323,1046,0.23593864134404674,0.012546668760478497,0.0001288330095121637,0.04704425111413002,0.04422463849186897,0.0018939727451652288,1.4581850393824425e-07
0171_3.jpg,171,3,English,0,1369,0.026352189481258392,131,1238,0.09569028487947406,0.0062215616926550865,0.00011051096225855872,0.05132478103041649,0.05003345385193825,0.0014489262830466032,4.6812456275802106e-05
0171_4.jpg,171,4,English,1,1369,0.025185249745845795,286,1083,0.2089116143170197,0.011649721302092075,1.931068851490636e-07,0.04855364188551903,0.045878663659095764,0.001904087606817484,1.3106939888984925e-07
0172_1.jpg,172,1,Arabic,0,1369,0.03143669106066227,121,1248,0.08838568298027757,0.00572284497320652,1.1586413251052363e-07,0.06234637275338173,0.061886996030807495,0.0002329030685359612,1.113025476229268e-07
0172_2.jpg,172,2,Arabic,1,1369,0.02788144163787365,173,1196,0.12636961285609935,0.0076024504378438,1.319817073408558e-07,0.05528983473777771,0.055520374327898026,0.0007045253878459334,1.1981749992173718e-07
0172_3.jpg,172,3,English,0,1369,0.028916046023368835,142,1227,0.10372534696859022,0.006329819094389677,1.5022803268038842e-07,0.05733157694339752,0.05496279150247574,0.0004274162638466805,1.356309837774461e-07
0172_4.jpg,172,4,English,1,1369,0.026586858555674553,221,1148,0.16143170197224252,0.00935641024261713,1.5691834676090366e-07,0.051674846559762955,0.05132807046175003,0.001209742738865316,1.3137349696989986e-07
0178_1.jpg,178,1,Arabic,0,1369,0.015375982969999313,137,1232,0.10007304601899196,0.0032620185520499945,1.2255445369646623e-07,0.029605481773614883,0.028087925165891647,0.0003325914149172604,1.1556002732504567e-07
0178_2.jpg,178,2,Arabic,1,1369,0.015320148319005966,243,1126,0.1775018261504748,0.006031624972820282,1.5600603830989712e-07,0.02964976616203785,0.0277898870408535,0.0009346376755274832,1.2939682392243412e-07
0178_3.jpg,178,3,English,0,1369,0.018286378122866154,139,1230,0.10153396639883126,0.003993383143097162,1.575265571318596e-07,0.035698484629392624,0.0348590612411499,0.0004104489635210484,1.4232129785796133e-07
0178_4.jpg,178,4,English,1,1369,0.015638884156942368,306,1063,0.22352081811541272,0.007495022378861904,1.5661424868085305e-07,0.030636200681328773,0.029367562383413315,0.000833496858831495,1.237708744383781e-07
0179_1.jpg,179,1,Arabic,0,1369,0.020492082461714745,145,1224,0.10591672753834916,0.004884594585746527,1.1191076509931008e-07,0.04066077992320061,0.03868800401687622,0.0006464032921940088,1.0658891369530465e-07
0179_2.jpg,179,2,Arabic,1,1369,0.023139270022511482,202,1167,0.14755295836376917,0.007669806946069002,1.2072982258359843e-07,0.04514164850115776,0.04389294236898422,0.0011836779303848743,1.1191076509931008e-07
0179_3.jpg,179,3,English,0,1369,0.015498845372349024,143,1226,0.10445580715850986,0.0035139380488544703,1.1495181695408974e-07,0.030951473861932755,0.029732272028923035,0.0003136381565127522,1.1008612688101493e-07
0179_4.jpg,179,4,English,1,1369,0.022593804635107517,333,1036,0.24324324324324326,0.011860618367791176,1.480992892766153e-07,0.043714553117752075,0.04088182374835014,0.0016218520468100905,1.1860107917982532e-07
0180_1.jpg,180,1,Arabic,0,1369,0.012107993010431528,149,1220,0.10883856829802775,0.002746971556916833,1.1738465843791346e-07,0.023854319006204605,0.022858694195747375,0.00016910710837692022,1.1099844243744883e-07
0180_2.jpg,180,2,Arabic,1,1369,0.01849617436528206,190,1179,0.13878743608473337,0.0054541886784136295,1.3106939888984925e-07,0.03661840409040451,0.03616463392972946,0.00043196557089686394,1.1768876362339142e-07
0180_3.jpg,180,3,English,0,1369,0.0356014110147953,157,1212,0.11468224981738495,0.008926830254495144,1.341104507446289e-07,0.07181533426046371,0.06925933808088303,0.0007803818443790078,1.2133803295455436e-07
0180_4.jpg,180,4,English,1,1369,0.035819485783576965,282,1087,0.20598977355734113,0.015598653815686703,1.4232129785796133e-07,0.0697774663567543,0.06709563732147217,0.001543064950965345,1.1860107917982532e-07
0181_1.jpg,181,1,Arabic,0,1369,0.01843332126736641,144,1225,0.10518626734842951,0.0044663939625024796,3.02426669804845e-05,0.036106765270233154,0.035321250557899475,0.000747036247048527,2.2896090285939863e-06
0181_2.jpg,181,2,Arabic,1,1369,0.01744825206696987,300,1069,0.2191380569758948,0.008254846557974815,2.660252539499197e-05,0.03353612497448921,0.032860662788152695,0.00116000697016716,1.341104507446289e-07
0181_3.jpg,181,3,English,0,1369,0.021072986535727978,114,1255,0.08327246165084003,0.00415469566360116,4.450155756785534e-05,0.04039021208882332,0.037983059883117676,0.0008631825912743807,1.809153036447242e-05
0181_4.jpg,181,4,English,1,1369,0.01571233943104744,218,1151,0.15924032140248356,0.00598223926499486,0.00014900218229740858,0.02991248108446598,0.029603730887174606,0.0014498390955850482,1.4627465816374752e-07
0183_1.jpg,183,1,Arabic,0,1369,0.025646173395216465,139,1230,0.10153396639883126,0.005718435160815716,1.1738465843791346e-07,0.05161696672439575,0.04965846240520477,0.0005315280868671834,1.1160665280840476e-07
0183_2.jpg,183,2,Arabic,1,1369,0.016827828250825405,239,1130,0.1745799853907962,0.006533967796713114,1.672579372780092e-07,0.032699353992938995,0.03181185945868492,0.0009998716413974762,1.3289403000271705e-07
0183_3.jpg,183,3,English,0,1369,0.016112971119582653,132,1237,0.09642074506939372,0.003597173374146223,6.121640581113752e-07,0.03157871589064598,0.03017863631248474,0.0006112694973126054,1.5722245905180898e-07
0183_4.jpg,183,4,English,1,1369,0.023976998403668404,238,1131,0.17384952520087654,0.009140463545918465,3.7952344200675725e-07,0.047126661986112595,0.04552489146590233,0.0011469037272036076,1.3958434408323228e-07
0185_1.jpg,185,1,Arabic,0,1369,0.021368768997490406,151,1218,0.11029948867786706,0.005339975468814373,1.480992892766153e-07,0.04177868366241455,0.040342118591070175,0.0008225331548601389,1.309173427443966e-07
0185_2.jpg,185,2,Arabic,1,1369,0.022246476262807846,214,1155,0.15631848064280496,0.008060428313910961,1.931068851490636e-07,0.042980488389730453,0.040115661919116974,0.0015903899911791086,1.4049666674509353e-07
0185_3.jpg,185,3,English,0,1369,0.020130662247538567,156,1213,0.1139517896274653,0.005298140458762646,1.5886158507782966e-05,0.04034729674458504,0.04025707393884659,0.0007905816310085356,2.0983267745577905e-07
0185_4.jpg,185,4,English,1,1369,0.02103637158870697,265,1104,0.19357195032870708,0.008897713385522366,2.107450001176403e-07,0.04115032032132149,0.03990285098552704,0.001155917881987989,1.3684740451935795e-07
0188_1.jpg,188,1,Arabic,0,1369,0.01429336704313755,166,1203,0.1212563915266618,0.003968607634305954,7.994929092092207e-07,0.027705572545528412,0.02669396810233593,0.000693183159455657,1.596553005356327e-07
0188_2.jpg,188,2,Arabic,1,1369,0.01592059340327978,270,1099,0.19722425127830534,0.007108201272785664,1.1572120456548873e-05,0.030111057683825493,0.028337858617305756,0.0014569087652489543,1.4931572422938189e-07
0188_3.jpg,188,3,English,0,1369,0.031769175082445145,132,1237,0.09642074506939372,0.007621828466653824,0.00014336680760607123,0.061545148491859436,0.057925183326005936,0.0018676823237910867,7.715942774666473e-05
0188_4.jpg,188,4,English,1,1369,0.027847987599670887,223,1146,0.16289262235208182,0.01015305146574974,1.7455646172948036e-07,0.05436429753899574,0.05017983168363571,0.001549990032799542,1.3730355874486122e-07
0189_1.jpg,189,1,Arabic,0,1369,0.017560968175530434,120,1249,0.08765522279035792,0.0034262281842529774,1.3745561489031388e-07,0.035579513758420944,0.03421204909682274,0.000337041390594095,1.2681192629315774e-07
0189_2.jpg,189,2,Arabic,1,1369,0.015802408568561077,195,1174,0.14243973703433163,0.0050039952620863914,1.5062337297422346e-06,0.030790282413363457,0.02959333546459675,0.0007209234754554927,1.4475413934178505e-07
0189_3.jpg,189,3,English,0,1369,0.018633093684911728,139,1230,0.10153396639883126,0.004604044836014509,0.0001696518447715789,0.0361463762819767,0.0365850031375885,0.001039505354128778,8.444275590591133e-05
0189_4.jpg,189,4,English,1,1369,0.018178612925112247,249,1120,0.18188458728999268,0.007340406998991966,1.5665986211388372e-05,0.034814346581697464,0.03364605829119682,0.001232360489666462,1.4551440585819364e-07
0191_1.jpg,191,1,Arabic,0,1369,0.013747359160333872,143,1226,0.10445580715850986,0.0032158123794943094,2.0648751331009407e-07,0.02693643793463707,0.025746360421180725,0.0004490510909818113,1.4931572422938189e-07
0191_2.jpg,191,2,Arabic,1,1369,0.017389829270541668,256,1113,0.18699780861943024,0.007224812172353268,0.00013744161697104573,0.033809080719947815,0.031890805810689926,0.0011101914569735527,1.5826553863007575e-05
0191_3.jpg,191,3,English,0,1369,0.024552357383072376,148,1221,0.10810810810810811,0.0060958550311625,0.00019278422405477613,0.04858529940247536,0.04743212088942528,0.0009456189582124352,7.616591756232083e-05
0191_4.jpg,191,4,English,1,1369,0.021938948892056942,251,1118,0.183345507669832,0.009167680516839027,0.00018186015950050205,0.04206523671746254,0.039255280047655106,0.0017819141503423452,1.446020831963324e-07
0192_1.jpg,192,1,Arabic,0,1369,0.02383521106094122,120,1249,0.08765522279035792,0.004531778860837221,6.1353248383966275e-06,0.0477733351290226,0.046900346875190735,0.0003772658237721771,2.089203690047725e-07
0192_2.jpg,192,2,Arabic,1,1369,0.027653805911540985,216,1153,0.15777940102264426,0.009366829879581928,1.5722245905180898e-07,0.05508449301123619,0.053151994943618774,0.0008022012771107256,1.319817073408558e-07
0192_3.jpg,192,3,English,0,1369,0.028769307769834995,117,1252,0.08546384222059898,0.005749179515987635,5.336592221283354e-05,0.05668044462800026,0.05678335949778557,0.0009896287228912115,2.7952450182056054e-05
0192_4.jpg,192,4,English,1,1369,0.03019172791391611,225,1144,0.1643535427319211,0.011302913539111614,4.211037594359368e-05,0.05819842964410782,0.054409172385931015,0.0020795809105038643,1.4399387282537646e-07
0196_1.jpg,196,1,Arabic,0,1369,0.01793174259364605,140,1229,0.10226442658875091,0.0040222941897809505,4.3851989062204666e-07,0.03496181592345238,0.03427790105342865,0.0004978571669198573,1.575265571318596e-07
0196_2.jpg,196,2,Arabic,1,1369,0.019681488163769245,183,1186,0.13367421475529584,0.0058095273561775684,0.00011027589061995968,0.03849838301539421,0.0369248129427433,0.000765631499234587,5.5654163588769734e-05
0196_3.jpg,196,3,English,0,1369,0.017365915700793266,112,1257,0.08181154127100074,0.0038460020441561937,0.00047605865984223783,0.03358294814825058,0.03100854903459549,0.0011964093428105116,0.0002938660909421742
0196_4.jpg,196,4,English,1,1369,0.015317578334361315,284,1085,0.20745069393718044,0.00722781615331769,0.00017766199016477913,0.029236068949103355,0.027888108044862747,0.0014671313110738993,1.4475413934178505e-07
0197_1.jpg,197,1,Arabic,0,1369,0.026289552450180054,243,1126,0.1775018261504748,0.010829784907400608,2.8859597023256356e-07,0.050232257694005966,0.04587861895561218,0.00232640840113163,1.345666191809869e-07
0197_2.jpg,197,2,Arabic,1,1369,0.023621841333806515,305,1064,0.22279035792549307,0.011612148955464363,1.8459193995568057e-07,0.04526635631918907,0.0416291244328022,0.0019650300964713097,1.30157076227988e-07
0197_3.jpg,197,3,English,0,1369,0.029563269577920437,188,1181,0.13732651570489407,0.009853814728558064,1.605250326974783e-05,0.05652696639299393,0.05219221115112305,0.0024240498896688223,1.6695382498710387e-07
0197_4.jpg,197,4,English,1,1369,0.025660485960543156,328,1041,0.239590942293645,0.013446928933262825,1.7212362024565664e-07,0.049170710146427155,0.04607239365577698,0.002191019942983985,1.240749725184287e-07
0198_1.jpg,198,1,Arabic,0,1369,0.012758728582412004,151,1218,0.11029948867786706,0.00305491522885859,1.161682376960016e-07,0.02556278370320797,0.025333669036626816,0.00026453103055246174,1.103902320664929e-07
0198_2.jpg,198,2,Arabic,1,1369,0.014017803594470024,195,1174,0.14243973703433163,0.0042771389707922935,1.240749725184287e-07,0.027629446238279343,0.027078285813331604,0.00039834901690483093,1.1373539621217787e-07
0198_3.jpg,198,3,English,0,1369,0.01616785768419504,129,1240,0.09422936449963477,0.003451819298788905,1.3615707757708151e-05,0.03164505213499069,0.031392451375722885,0.0005188138457015157,1.9052198751978722e-07
0198_4.jpg,198,4,English,1,1369,0.01550430478528142,280,1089,0.20452885317750183,0.006722184829413891,1.4931572422938189e-07,0.030314650386571884,0.02924039587378502,0.0006561701884493232,1.2285855177651683e-07
0199_1.jpg,199,1,Arabic,0,1369,0.014230076223611832,144,1225,0.10518626734842951,0.0032685797195881605,1.6999487684188352e-07,0.0278716292232275,0.02782827615737915,0.0003764660796150565,1.4232129785796133e-07
0199_2.jpg,199,2,Arabic,1,1369,0.015406462829560041,247,1122,0.1804236669101534,0.006009325385093689,2.0648751331009407e-07,0.03017386980354786,0.029271379113197327,0.000689679232891649,1.377597129703645e-07
0199_3.jpg,199,3,English,0,1369,0.0346680860966444,146,1223,0.10664718772826881,0.008325072936713696,9.523271000944078e-05,0.06761624664068222,0.060883015394210815,0.0012469764333218336,5.051919288234785e-05
0199_4.jpg,199,4,English,1,1369,0.03829522244632244,285,1084,0.20818115412710006,0.01749328523874283,6.2946760408522096e-06,0.07444556802511215,0.07400524616241455,0.002519666450098157,1.3821588140672247e-07
0201_1.jpg,201,1,Arabic,0,1369,0.019336538389325142,136,1233,0.09934258582907232,0.004102630540728569,1.435377185998732e-07,0.038338471204042435,0.03712271898984909,0.00032641447614878416,1.3076528659894393e-07
0201_2.jpg,201,2,Arabic,1,1369,0.017864923924207687,292,1077,0.21329437545653762,0.00811497401446104,1.5691834676090366e-07,0.035258837044239044,0.03443062677979469,0.0007556360214948654,1.237708744383781e-07
0201_3.jpg,201,3,English,0,1369,0.021260932087898254,165,1204,0.12052593133674215,0.005537354853004217,1.2072982258359843e-07,0.04181749001145363,0.04119647294282913,0.0005654096603393555,1.1221487028478805e-07
0201_4.jpg,201,4,English,1,1369,0.02340796682983637,250,1119,0.18261504747991233,0.009274188429117203,1.7242771832570725e-07,0.04549817740917206,0.044934242963790894,0.0011812495067715645,1.3228581963176111e-07
0203_1.jpg,203,1,Arabic,0,1369,0.028997293673455715,141,1228,0.10299488677867057,0.006309023126959801,1.1312718584122194e-07,0.05854824557900429,0.05396858975291252,0.0003108712553512305,1.0886970613910307e-07
0203_2.jpg,203,2,Arabic,1,1369,0.029788093641400337,202,1167,0.14755295836376917,0.00996637623757124,1.3100857358949725e-06,0.05756989121437073,0.05259449779987335,0.001726521528325975,1.3928024600318167e-07
0203_3.jpg,203,3,English,0,1369,0.031892240047454834,123,1246,0.08984660336011688,0.006674888543784618,1.1586413251052363e-07,0.0627053901553154,0.05744921416044235,0.001143787638284266,1.113025476229268e-07
0203_4.jpg,203,4,English,1,1369,0.015040484257042408,225,1144,0.1643535427319211,0.005330770276486874,1.2772423474416428e-07,0.02946535311639309,0.028489764779806137,0.0005840207450091839,1.1464771176861177e-07
0206_1.jpg,206,1,Arabic,0,1369,0.022076142020523548,150,1219,0.1095690284879474,0.0048656766302883625,1.1677644806695753e-07,0.04156988859176636,0.04053810238838196,0.0003491621173452586,1.1069433725197086e-07
0206_2.jpg,206,2,Arabic,1,1369,0.021433953195810318,187,1182,0.13659605551497445,0.0063782003708183765,1.377597129703645e-07,0.04210452362895012,0.0403599850833416,0.0007260664715431631,1.2255445369646623e-07
0206_3.jpg,206,3,English,0,1369,0.02804570645093918,140,1229,0.10226442658875091,0.006402699742466211,1.9432330589097546e-07,0.05620698630809784,0.051982369273900986,0.000729306717403233,1.5205266379325622e-07
0206_4.jpg,206,4,English,1,1369,0.01713886670768261,299,1070,0.21840759678597516,0.007923563942313194,1.6664972690705326e-07,0.03326704725623131,0.033083196729421616,0.0008415989577770233,1.2772423474416428e-07
0207_1.jpg,207,1,Arabic,0,1369,0.017705317586660385,140,1229,0.10226442658875091,0.0040589733980596066,1.2255445369646623e-07,0.03448783606290817,0.03383123129606247,0.0005927071324549615,1.161682376960016e-07
0207_2.jpg,207,2,Arabic,1,1369,0.019478151574730873,207,1162,0.15120525931336742,0.0065612499602139,1.3623919414840202e-07,0.03810643404722214,0.03816131129860878,0.0009417560650035739,1.1875313532527798e-07
0207_3.jpg,207,3,English,0,1369,0.012209841050207615,159,1210,0.11614317019722425,0.0030624475330114365,1.751646721004363e-07,0.024034440517425537,0.023939741775393486,0.00030662372591905296,1.4338566245442053e-07
0207_4.jpg,207,4,English,1,1369,0.018589415587484837,215,1154,0.1570489408327246,0.006308510433882475,1.5266087416421215e-07,0.036278676241636276,0.034801628440618515,0.0007248138426803052,1.3046118851889332e-07
0208_1.jpg,208,1,Arabic,0,1369,0.01994040049612522,158,1211,0.1154127100073046,0.00521380128338933,1.1221487028478805e-07,0.039311982691287994,0.03860217705368996,0.000764988362789154,1.0674096984075732e-07
0208_2.jpg,208,2,Arabic,1,1369,0.020581207238137722,206,1163,0.15047479912344777,0.007003194652497768,1.1981749992173718e-07,0.03997640684247017,0.03911103680729866,0.001162711181677878,1.113025476229268e-07
0208_3.jpg,208,3,English,0,1369,0.029835865832865238,176,1193,0.12856099342585828,0.009049838408827782,1.1768876362339142e-07,0.05805951729416847,0.05588585138320923,0.0018195757875218987,1.1099844243744883e-07
0208_4.jpg,208,4,English,1,1369,0.02221902832388878,299,1070,0.21840759678597516,0.010512922890484333,1.3289403000271705e-07,0.04303046315908432,0.04088471829891205,0.0014262453187257051,1.1464771176861177e-07
0209_1.jpg,209,1,Arabic,0,1369,0.018446926027536392,117,1252,0.08546384222059898,0.003313661552965641,1.1099844243744883e-07,0.03669876605272293,0.03653814271092415,0.0001938072091434151,1.0734918021171325e-07
0209_2.jpg,209,2,Arabic,1,1369,0.01936009619385004,166,1203,0.1212563915266618,0.0049277800135314465,1.2133803295455436e-07,0.03797464445233345,0.036877505481243134,0.00036769744474440813,1.1343129102669991e-07
0209_3.jpg,209,3,English,0,1369,0.016457416117191315,116,1253,0.08473338203067933,0.002892587333917618,1.4232129785796133e-07,0.032385196536779404,0.030923428013920784,0.00016222607519011945,1.3137349696989986e-07
0209_4.jpg,209,4,English,1,1369,0.020588716492056847,204,1165,0.14901387874360847,0.006586201023310423,1.557019260189918e-07,0.04048572853207588,0.039026498794555664,0.0006501457537524402,1.3167760926080518e-07
0211_1.jpg,211,1,Arabic,0,1369,0.018758938647806644,216,1153,0.15777940102264426,0.006381378509104252,1.283324451151202e-07,0.03689137101173401,0.03455917537212372,0.0006657153135165572,1.143436065831338e-07
0211_2.jpg,211,2,Arabic,1,1369,0.020173203200101852,272,1097,0.19868517165814464,0.008690059185028076,1.9462741818188078e-07,0.03948264941573143,0.036665141582489014,0.0010550686856731772,1.3167760926080518e-07
0211_3.jpg,211,3,English,0,1369,0.024429814890027046,176,1193,0.12856099342585828,0.006903002038598061,3.199187972313666e-07,0.04824106767773628,0.0469428226351738,0.0008045099675655365,1.4870749964757124e-07
0211_4.jpg,211,4,English,1,1369,0.027379032224416733,308,1061,0.22498173849525202,0.01346965879201889,4.7592484975211846e-07,0.05269544944167137,0.05095261335372925,0.002082718536257744,1.3076528659894393e-07
0212_1.jpg,212,1,Arabic,0,1369,0.012290431186556816,141,1228,0.10299488677867057,0.002713286317884922,1.2650781400225242e-07,0.024233898147940636,0.023728683590888977,0.00024227125686593354,1.1738465843791346e-07
0212_2.jpg,212,2,Arabic,1,1369,0.015564606990665197,226,1143,0.16508400292184075,0.005470230709761381,1.4110487711604947e-07,0.031105490401387215,0.029914509505033493,0.0004014910664409399,1.222503414055609e-07
0212_3.jpg,212,3,English,0,1369,0.02255579363554716,132,1237,0.09642074506939372,0.004778075963258743,1.80942677729945e-07,0.044314779341220856,0.043362945318222046,0.0005591227090917528,1.5205266379325622e-07
0212_4.jpg,212,4,English,1,1369,0.010247291997075081,257,1112,0.1877282688093499,0.004057057201862335,1.6208814201945643e-07,0.0200576763600111,0.01957034505903721,0.00035907234996557236,1.309173427443966e-07
0213_1.jpg,213,1,Arabic,0,1369,0.016670044511556625,162,1207,0.1183345507669832,0.00448221480473876,1.3137349696989986e-07,0.033240802586078644,0.03190398961305618,0.0006223208038136363,1.1829697399434735e-07
0213_2.jpg,213,2,Arabic,1,1369,0.023734062910079956,263,1106,0.19211102994886778,0.010153686627745628,2.6305110623070505e-07,0.045818913727998734,0.044725000858306885,0.0016727152979001403,1.3623919414840202e-07
0213_3.jpg,213,3,English,0,1369,0.03163528814911842,158,1211,0.1154127100073046,0.008231249637901783,3.264570750616258e-06,0.062417007982730865,0.06000225618481636,0.0011615973198786378,1.5326908453516808e-07
0213_4.jpg,213,4,English,1,1369,0.02328734379261732,326,1043,0.2381300219138057,0.012032897211611271,3.5279258554510307e-06,0.04460075497627258,0.04389005899429321,0.0018534903647378087,1.3046118851889332e-07
0214_1.jpg,214,1,Arabic,0,1369,0.022396511398255825,158,1211,0.1154127100073046,0.0056682731956243515,1.9523562855283672e-07,0.04375798627734184,0.04197155311703682,0.0006986818043515086,1.4536234971274098e-07
0214_2.jpg,214,2,Arabic,1,1369,0.015840952284634113,287,1082,0.20964207450693936,0.007319463416934013,3.859096580072219e-07,0.030595486983656883,0.029080407693982124,0.0011455093044787645,1.3182966540625785e-07
0214_3.jpg,214,3,English,0,1369,0.022694073617458344,126,1243,0.09203798392987582,0.004952542018145323,5.0308448408031836e-05,0.04358284920454025,0.04315941408276558,0.0010366777423769236,2.8792996090487577e-05
0214_4.jpg,214,4,English,1,1369,0.030238397419452667,336,1033,0.24543462381300218,0.01609475165605545,2.4465882233926095e-05,0.0580880232155323,0.056432969868183136,0.0024357582442462444,1.30157076227988e-07
0220_1.jpg,220,1,Arabic,0,1369,0.02665405347943306,191,1178,0.13951789627465302,0.008123689331114292,1.1981749992173718e-07,0.0521845705807209,0.05152374505996704,0.000979693839326501,1.1099844243744883e-07
0220_2.jpg,220,2,Arabic,1,1369,0.030082588084042072,337,1032,0.24616508400292184,0.016202395781874657,1.754687701804869e-07,0.0576910600066185,0.05519596487283707,0.0026542560663074255,1.2529139326034056e-07
0220_3.jpg,220,3,English,0,1369,0.03373071923851967,221,1148,0.16143170197224252,0.012221564538776875,2.758235382316343e-07,0.06584489345550537,0.06107958406209946,0.0018986056093126535,1.4247333979255927e-07
0220_4.jpg,220,4,English,1,1369,0.03506854921579361,309,1060,0.22571219868517164,0.0169787909835577,1.614799316485005e-07,0.0680537074804306,0.06549673527479172,0.0020899740047752857,1.2437908480933402e-07
0221_1.jpg,221,1,Arabic,0,1369,0.02428142912685871,147,1222,0.10737764791818846,0.005937145557254553,3.4211848287668545e-07,0.04826696217060089,0.04591391608119011,0.00084509706357494,1.5190062185865827e-07
0221_2.jpg,221,2,Arabic,1,1369,0.028988543897867203,320,1049,0.2337472607742878,0.0148879773914814,2.343131654924946e-06,0.05638401582837105,0.054447926580905914,0.0022295117378234863,1.2650781400225242e-07
0221_3.jpg,221,3,English,0,1369,0.024189230054616928,148,1221,0.10810810810810811,0.005952339619398117,9.739398956298828e-05,0.047814950346946716,0.046962618827819824,0.000878083985298872,3.1046114600030705e-05
0221_4.jpg,221,4,English,1,1369,0.03157439921051264,267,1102,0.19503287070854639,0.013777212239801884,1.5205266379325622e-07,0.0617380328476429,0.061247631907463074,0.002156939124688506,1.2270649563106417e-07
0223_1.jpg,223,1,Arabic,0,1369,0.016449143178761005,163,1206,0.11906501095690285,0.00446980819106102,1.2133803295455436e-07,0.03206237405538559,0.03024725802242756,0.0007404645439237356,1.1343129102669991e-07
0223_2.jpg,223,2,Arabic,1,1369,0.0248472448438406,247,1122,0.1804236669101534,0.010189160704612732,1.7212362024565664e-07,0.04778783395886421,0.04651684686541557,0.0019120910437777638,1.3152555311535252e-07
0223_3.jpg,223,3,English,0,1369,0.018190045841038227,161,1208,0.11760409057706354,0.004848062060773373,1.614799316485005e-07,0.03595590218901634,0.033948808908462524,0.0007020668126642704,1.3958434408323228e-07
0223_4.jpg,223,4,English,1,1369,0.02624510508030653,361,1008,0.26369612856099345,0.01494516059756279,4.331341915531084e-05,0.05033408850431442,0.04928885027766228,0.002271149540320039,1.30157076227988e-07
0225_1.jpg,225,1,Arabic,0,1369,0.008399750106036663,143,1226,0.10445580715850986,0.0019635010976344347,1.5144445342230028e-07,0.016525134444236755,0.015116221271455288,0.0002650396490935236,1.3623919414840202e-07
0225_2.jpg,225,2,Arabic,1,1369,0.010088542476296425,314,1055,0.2293644996347699,0.005108993034809828,2.1165730856864684e-07,0.019276786595582962,0.01904926262795925,0.0008922276319935918,1.280283470350696e-07
0225_3.jpg,225,3,English,0,1369,0.010926520451903343,157,1212,0.11468224981738495,0.002946080407127738,2.57555930147646e-05,0.02108721435070038,0.02099757082760334,0.0005961151910014451,1.7242771832570725e-07
0225_4.jpg,225,4,English,1,1369,0.01378328213468194,289,1080,0.21110299488677867,0.006465127691626549,8.738770702620968e-06,0.026559768244624138,0.02459023892879486,0.001087950193323195,1.3213376348630845e-07
0226_1.jpg,226,1,Arabic,0,1369,0.018192834220826626,154,1215,0.11249086924762601,0.0046012974344193935,1.1464771176861177e-07,0.036069270223379135,0.03461364656686783,0.0006127639207988977,1.09477916510059e-07
0226_2.jpg,226,2,Arabic,1,1369,0.021033245138823986,239,1130,0.1745799853907962,0.007934289053082466,1.2529139326034056e-07,0.04112774506211281,0.039609912782907486,0.0009137250599451363,1.1312718584122194e-07
0226_3.jpg,226,3,English,0,1369,0.028542939573526382,153,1216,0.11176040905770636,0.007222962565720081,1.1221487028478805e-07,0.05630841106176376,0.05470838025212288,0.0010469157714396715,1.0734918021171325e-07
0226_4.jpg,226,4,English,1,1369,0.027920089662075043,252,1117,0.18407596785975164,0.011415761895477772,1.3623919414840202e-07,0.05421309173107147,0.052433162927627563,0.0017604995518922806,1.1647234288147956e-07
0227_1.jpg,227,1,Arabic,0,1369,0.021767640486359596,158,1211,0.1154127100073046,0.005589808337390423,1.9523562855283672e-07,0.04283689334988594,0.039919063448905945,0.0007301557343453169,1.4627465816374752e-07
0227_2.jpg,227,2,Arabic,1,1369,0.023340067826211452,316,1053,0.2308254200146092,0.011758113279938698,1.8529137832956621e-06,0.04468483477830887,0.04264489933848381,0.0018769692396745086,1.3046118851889332e-07
0227_3.jpg,227,3,English,0,1369,0.028053253889083862,75,1294,0.0547845142439737,0.0036957329139113426,1.545007216918748e-05,0.05507209151983261,0.05526616796851158,0.0007179686799645424,7.261274731718004e-06
0227_4.jpg,227,4,English,1,1369,0.02652862388640642,312,1057,0.2279035792549306,0.013286185450851917,1.41348152737919e-06,0.05092454329133034,0.049761757254600525,0.0021762808319181204,1.3137349696989986e-07
0228_1.jpg,228,1,Arabic,0,1369,0.02888748236000538,138,1231,0.10080350620891161,0.006436443887650967,1.4475413934178505e-07,0.05684991180896759,0.0541553720831871,0.0007848941604606807,1.3137349696989986e-07
0228_2.jpg,228,2,Arabic,1,1369,0.025269300676882267,240,1129,0.17531044558071585,0.010007898323237896,1.4049666674509353e-07,0.04875832423567772,0.04481928423047066,0.0017704286146908998,1.1981749992173718e-07
0228_3.jpg,228,3,English,0,1369,0.019794645719230175,132,1237,0.09642074506939372,0.0040985895320773125,1.341104507446289e-07,0.039175212383270264,0.03711497783660889,0.0003555704315658659,1.2255445369646623e-07
0228_4.jpg,228,4,English,1,1369,0.02079160138964653,330,1039,0.2410518626734843,0.010987158864736557,1.8155088810090092e-07,0.03963230550289154,0.03660278022289276,0.0018890856299549341,1.2468318288938463e-07
0229_1.jpg,229,1,Arabic,0,1369,0.02134655322879553,213,1156,0.1555880204528853,0.007546651177108288,2.497100103937555e-05,0.04125603288412094,0.04018424451351166,0.0013354922411963344,1.744044055840277e-07
0229_2.jpg,229,2,Arabic,1,1369,0.021677186712622643,253,1116,0.1848064280496713,0.008865985088050365,1.3973640307085589e-06,0.041956692934036255,0.04132764786481857,0.0013642365811392665,1.4445002705087973e-07
0229_3.jpg,229,3,English,0,1369,0.019992224872112274,147,1222,0.10737764791818846,0.004913216456770897,1.6009624232538044e-05,0.03947216644883156,0.03851054608821869,0.0007559622754342854,4.692345214607485e-07
0229_4.jpg,229,4,English,1,1369,0.020843010395765305,258,1111,0.18845872899926955,0.008703328669071198,2.0648751331009407e-07,0.040191400796175,0.03920846804976463,0.0013910668203607202,1.3715150259940856e-07
0231_1.jpg,231,1,Arabic,0,1369,0.019300345331430435,171,1198,0.12490869247626005,0.005330685526132584,1.435377185998732e-07,0.03822220116853714,0.03676937520503998,0.0006358196842484176,1.2650781400225242e-07
0231_2.jpg,231,2,Arabic,1,1369,0.02010953798890114,251,1118,0.183345507669832,0.008376150391995907,0.00015637825708836317,0.03896229341626167,0.03741908445954323,0.0015093148685991764,4.6114379074424505e-05
0231_3.jpg,231,3,English,0,1369,0.022601662203669548,202,1167,0.14755295836376917,0.007383991032838821,5.3966836276231334e-05,0.04440835490822792,0.04245491325855255,0.0009753184276632965,7.345056019403273e-06
0231_4.jpg,231,4,English,1,1369,0.02346440777182579,270,1099,0.19722425127830534,0.009741007350385189,1.5418140719702933e-07,0.04590592905879021,0.04441126808524132,0.0008560852147638798,1.2742013666411367e-07
0232_1.jpg,232,1,Arabic,0,1369,0.03187129180878401,132,1237,0.09642074506939372,0.006976878736168146,1.2133803295455436e-07,0.060987140983343124,0.054375093430280685,0.0012134562712162733,1.1464771176861177e-07
0232_2.jpg,232,2,Arabic,1,1369,0.01911360863596201,238,1131,0.17384952520087654,0.007639296352863312,1.614799316485005e-07,0.03672216087579727,0.03543969243764877,0.001519294222816825,1.3046118851889332e-07
0232_3.jpg,232,3,English,0,1369,0.023567616939544678,117,1252,0.08546384222059898,0.004937563091516495,3.0440943987741775e-07,0.046219706535339355,0.04331323876976967,0.0010797267314046621,1.5935118824472738e-07
0232_4.jpg,232,4,English,1,1369,0.02046033926308155,276,1093,0.20160701241782322,0.009309237822890282,1.754687701804869e-07,0.039227377623319626,0.03629399091005325,0.0017544286092743278,1.3137349696989986e-07
0234_1.jpg,234,1,Arabic,0,1369,0.02186273317784071,125,1244,0.09130752373995617,0.004375792108476162,1.1099844243744883e-07,0.042788323014974594,0.042102642357349396,0.0005160126020200551,1.0674096984075732e-07
0234_2.jpg,234,2,Arabic,1,1369,0.019747648388147354,233,1136,0.1701972242512783,0.007331350818276405,1.4110487711604947e-07,0.03890611231327057,0.03829452767968178,0.0008551877690479159,1.2133803295455436e-07
0234_3.jpg,234,3,English,0,1369,0.0171032240614295,128,1241,0.09349890430971512,0.003561855759471655,1.5935118824472738e-07,0.03391024097800255,0.03177099674940109,0.000431643333286047,1.4292950822891726e-07
0234_4.jpg,234,4,English,1,1369,0.014610445592552423,256,1113,0.18699780861943024,0.006144344806671143,1.5843887979372084e-07,0.028258100152015686,0.026438353583216667,0.0010579820955172181,1.2954886585703207e-07
0235_1.jpg,235,1,Arabic,0,1369,0.04611361399292946,147,1222,0.10737764791818846,0.010846489109098911,1.4445002705087973e-07,0.09032358229160309,0.09113290160894394,0.0012858236441388726,1.2924476777698146e-07
0235_2.jpg,235,2,Arabic,1,1369,0.018539355136454105,200,1169,0.14609203798392986,0.0059845931828022,1.7273183061661257e-07,0.036185372620821,0.03535392880439758,0.0008176507544703782,1.3715150259940856e-07
0235_3.jpg,235,3,English,0,1369,0.04979121498763561,132,1237,0.09642074506939372,0.011198061518371105,1.569700543768704e-05,0.09670235961675644,0.09526801109313965,0.0020739177707582712,1.0820067473105155e-06
0235_4.jpg,235,4,English,1,1369,0.021246549673378468,266,1103,0.19430241051862673,0.009122531861066818,6.6577781581145246e-06,0.04143192246556282,0.04062078148126602,0.0013307835906744003,1.4536234971274098e-07
0240_1.jpg,240,1,Arabic,0,1369,0.016861049458384514,145,1224,0.10591672753834916,0.003763800486922264,1.1738465843791346e-07,0.03327508643269539,0.030584365129470825,0.0002677741867955774,1.1191076509931008e-07
0240_2.jpg,240,2,Arabic,1,1369,0.017959153279662132,196,1173,0.14317019722425128,0.005575775168836117,1.341104507446289e-07,0.0348319485783577,0.03295312449336052,0.0006872753147035837,1.1981749992173718e-07
0240_3.jpg,240,3,English,0,1369,0.013819716405123472,167,1202,0.12198685171658144,0.003777510952204466,1.4870749964757124e-07,0.027692366391420364,0.027051342651247978,0.00045489834155887365,1.3137349696989986e-07
0240_4.jpg,240,4,English,1,1369,0.0171330738812685,285,1084,0.20818115412710006,0.007885551080107689,1.754687701804869e-07,0.033131517469882965,0.03229508176445961,0.0012480062432587147,1.3061324466434598e-07
0241_1.jpg,241,1,Arabic,0,1369,0.025703412480652332,117,1252,0.08546384222059898,0.004985853563994169,1.1008612688101493e-07,0.05647910758852959,0.05667215958237648,0.00017378477787133306,1.0552454909884545e-07
0241_2.jpg,241,2,Arabic,1,1369,0.03369634039700031,180,1189,0.13148283418553688,0.009549605660140514,1.3076528659894393e-07,0.06730744242668152,0.06841142475605011,0.0008057773229666054,1.1860107917982532e-07
0241_3.jpg,241,3,English,0,1369,0.025022597052156925,114,1255,0.08327246165084003,0.004791302606463432,2.584895355539629e-07,0.04968543350696564,0.050967320799827576,0.0007132700411602855,1.553978279389412e-07
0241_4.jpg,241,4,English,1,1369,0.028869573026895523,272,1097,0.19868517165814464,0.012203682214021683,1.4931572422938189e-07,0.056024279445409775,0.05581571161746979,0.0013384106568992138,1.2285855177651683e-07
0242_1.jpg,242,1,Arabic,0,1369,0.01562456600368023,162,1207,0.1183345507669832,0.004053852520883083,1.3289403000271705e-07,0.03124719113111496,0.029343854635953903,0.00040404259925708175,1.2072982258359843e-07
0242_2.jpg,242,2,Arabic,1,1369,0.025752654299139977,221,1148,0.16143170197224252,0.009223825298249722,1.3289403000271705e-07,0.04993831738829613,0.0491209477186203,0.0013859306927770376,1.1799286880886939e-07
0242_3.jpg,242,3,English,0,1369,0.018412700854241848,148,1221,0.10810810810810811,0.0044610085897147655,1.80942677729945e-07,0.03642045706510544,0.035024113953113556,0.0005871359026059508,1.4627465816374752e-07
0242_4.jpg,242,4,English,1,1369,0.028561865910887718,311,1058,0.22717311906501095,0.014170392416417599,1.715154098747007e-07,0.05488644540309906,0.0524449348449707,0.0022018728777766228,1.2529139326034056e-07
0243_1.jpg,243,1,Arabic,0,1369,0.0221389913931489,126,1243,0.09203798392987582,0.00438262801617384,1.103902320664929e-07,0.04472368210554123,0.044383853673934937,0.0002933505456894636,1.0552454909884545e-07
0243_2.jpg,243,2,Arabic,1,1369,0.021287583746016026,202,1167,0.14755295836376917,0.006949765607714653,1.1829697399434735e-07,0.0415617860853672,0.040514327585697174,0.0009586525848135352,1.1069433725197086e-07
0243_3.jpg,243,3,English,0,1369,0.022727902978658676,136,1233,0.09934258582907232,0.004942275118082762,1.0978202169553697e-07,0.04495091736316681,0.04423345625400543,0.0005293191061355174,1.0491633872788952e-07
0243_4.jpg,243,4,English,1,1369,0.022692096419632435,272,1097,0.19868517165814464,0.00979328528046608,1.5509371564803587e-07,0.044169265776872635,0.043087705969810486,0.0012697968631982803,1.2316266406742216e-07
0244_1.jpg,244,1,Arabic,0,1369,0.039706237614154816,82,1287,0.05989773557341125,0.00552228931337595,1.2103392066364904e-07,0.07986540347337723,0.07692492008209229,0.0007855871808715165,1.1677644806695753e-07
0244_2.jpg,244,2,Arabic,1,1369,0.047649357467889786,404,965,0.29510591672753833,0.029668312519788742,3.1036684958962724e-05,0.09143200516700745,0.09029674530029297,0.0038107719738036394,1.240749725184287e-07
0244_3.jpg,244,3,English,0,1369,0.03487606532871723,170,1199,0.1241782322863404,0.01010263804346323,2.3257975954038557e-06,0.06759977340698242,0.06383395940065384,0.0019504170631989837,1.496198223094325e-07
0244_4.jpg,244,4,English,1,1369,0.04891091212630272,412,957,0.30094959824689554,0.03141709789633751,2.8577082048286684e-05,0.09285608679056168,0.09143763780593872,0.004966875538229942,1.2285855177651683e-07
0245_1.jpg,245,1,Arabic,0,1369,0.018488544039428234,157,1212,0.11468224981738495,0.0049010468646883965,1.2285855177651683e-07,0.03616156801581383,0.03508375212550163,0.0008516230154782534,1.143436065831338e-07
0245_2.jpg,245,2,Arabic,1,1369,0.02549033146351576,268,1101,0.19576333089846604,0.010651580058038235,1.3137349696989986e-07,0.04990613833069801,0.04733322933316231,0.0010964279063045979,1.143436065831338e-07
0245_3.jpg,245,3,English,0,1369,0.037967829033732414,165,1204,0.12052593133674215,0.010574406944215298,1.4901161193847656e-07,0.07358366250991821,0.07165800034999847,0.0019394181435927749,1.3137349696989986e-07
0245_4.jpg,245,4,English,1,1369,0.03134796675294638,319,1050,0.23301680058436816,0.01562331710010767,1.535731968260734e-07,0.060582928359508514,0.059306446462869644,0.001964159309864044,1.2255445369646623e-07
0246_1.jpg,246,1,Arabic,0,1369,0.025300847366452217,136,1233,0.09934258582907232,0.005351221188902855,1.377597129703645e-07,0.05087763071060181,0.049358464777469635,0.0003296545473858714,1.240749725184287e-07
0246_2.jpg,246,2,Arabic,1,1369,0.02173953503370285,208,1161,0.15193571950328708,0.007137712556868792,1.6908256839087699e-07,0.044549763202667236,0.04309023171663284,0.00043512345291674137,1.377597129703645e-07
0246_3.jpg,246,3,English,0,1369,0.02460882905870676,205,1164,0.14974433893352812,0.00791827030479908,4.0689292291062884e-07,0.048427000641822815,0.04954022169113159,0.0007840008474886417,1.4551440585819364e-07
0246_4.jpg,246,4,English,1,1369,0.021976176649332047,333,1036,0.24324324324324326,0.011395024135708809,1.8155088810090092e-07,0.042719658464193344,0.043135400861501694,0.0013263931032270193,1.2742013666411367e-07
0247_1.jpg,247,1,Arabic,0,1369,0.016998358070850372,180,1189,0.13148283418553688,0.004851505160331726,1.6452098350328015e-07,0.03382592648267746,0.032509513199329376,0.0004651334893424064,1.3836792334132042e-07
0247_2.jpg,247,2,Arabic,1,1369,0.01950138434767723,262,1107,0.19138056975894813,0.008082039654254913,1.6695382498710387e-07,0.037779685109853745,0.03621014580130577,0.0010533276945352554,1.30157076227988e-07
0247_3.jpg,247,3,English,0,1369,0.0346856415271759,169,1200,0.12344777209642074,0.00938291847705841,5.71529490116518e-05,0.06757881492376328,0.06740769743919373,0.0011869966983795166,1.977596912183799e-05
0247_4.jpg,247,4,English,1,1369,0.019679633900523186,311,1058,0.22717311906501095,0.009821896441280842,4.25747457484249e-05,0.0377638041973114,0.0367414653301239,0.0016083489172160625,1.3243786156635906e-07
0249_1.jpg,249,1,Arabic,0,1369,0.026878949254751205,147,1222,0.10737764791818846,0.006603305693715811,5.160667342352099e-07,0.05212071165442467,0.05053860321640968,0.00112780777271837,1.546375614225326e-07
0249_2.jpg,249,2,Arabic,1,1369,0.026503030210733414,281,1088,0.20525931336742148,0.012202377431094646,3.4108454656234244e-06,0.05049656704068184,0.0492643378674984,0.0023120574187487364,1.369994606648106e-07
0249_3.jpg,249,3,English,0,1369,0.02893129177391529,99,1270,0.0723155588020453,0.005163871683180332,6.170540291350335e-05,0.05606396496295929,0.05453058332204819,0.0011960696429014206,3.644139724201523e-05
0249_4.jpg,249,4,English,1,1369,0.028208771720528603,268,1101,0.19576333089846604,0.012763598002493382,8.001011337910313e-07,0.053877100348472595,0.05316982418298721,0.002755950205028057,1.3745561489031388e-07
0250_1.jpg,250,1,Arabic,0,1369,0.01610752660781145,151,1218,0.11029948867786706,0.0038879974745213985,1.341104507446289e-07,0.03182412311434746,0.031958941370248795,0.00042465259321033955,1.211859768091017e-07
0250_2.jpg,250,2,Arabic,1,1369,0.01807527244091034,205,1164,0.14974433893352812,0.005917385220527649,1.9523562855283672e-07,0.03643084689974785,0.03599267452955246,0.0005434506456367671,1.435377185998732e-07
0250_3.jpg,250,3,English,0,1369,0.020192249678075314,155,1214,0.11322132943754565,0.005173932295292616,2.8441754693631083e-05,0.039502911269664764,0.03822750598192215,0.0007909073610790074,3.3077535590564366e-06
0250_4.jpg,250,4,English,1,1369,0.026911485940217972,298,1071,0.2176771365960555,0.012726065702736378,0.00016810759552754462,0.05177685618400574,0.0488118901848793,0.0018603934440761805,3.3603031624807045e-05
0251_1.jpg,251,1,Arabic,0,1369,0.02024280559271574,155,1214,0.11322132943754565,0.00491190142929554,1.1677644806695753e-07,0.040280114859342575,0.038844816386699677,0.00039619056042283773,1.113025476229268e-07
0251_2.jpg,251,2,Arabic,1,1369,0.020954100415110588,265,1104,0.19357195032870708,0.008821139112114906,1.4110487711604947e-07,0.0408296063542366,0.03957044705748558,0.0011379469651728868,1.1860107917982532e-07
0251_3.jpg,251,3,English,0,1369,0.02749695722013712,120,1249,0.08765522279035792,0.005376495886594057,1.3623919414840202e-07,0.05421920120716095,0.051733046770095825,0.0006838421104475856,1.2589960363129649e-07
0251_4.jpg,251,4,English,1,1369,0.019929727539420128,328,1041,0.239590942293645,0.010251980274915695,1.5600603830989712e-07,0.03851383551955223,0.03582121804356575,0.0013471883721649647,1.2285855177651683e-07
0252_1.jpg,252,1,Arabic,0,1369,0.01676801312714815,134,1235,0.09788166544923302,0.0033269214909523726,1.2255445369646623e-07,0.03279091790318489,0.03184061869978905,0.0001300181174883619,1.1647234288147956e-07
0252_2.jpg,252,2,Arabic,1,1369,0.015906398184597492,152,1217,0.1110299488677867,0.0037552977446466684,1.2742013666411367e-07,0.03134020045399666,0.03047146648168564,0.0003100181929767132,1.1738465843791346e-07
0252_3.jpg,252,3,English,0,1369,0.014974971301853657,134,1235,0.09788166544923302,0.0031198186334222555,1.5053214497129375e-07,0.029780790209770203,0.02891969308257103,0.00022704996808897704,1.3745561489031388e-07
0252_4.jpg,252,4,English,1,1369,0.013757211621850729,267,1102,0.19503287070854639,0.005705222021788359,1.5235677608416154e-07,0.027229830622673035,0.02616477757692337,0.0004900941275991499,1.2468318288938463e-07
0255_1.jpg,255,1,Arabic,0,1369,0.018538148142397404,201,1168,0.1468224981738495,0.005771522410213947,1.1373539621217787e-07,0.03681915998458862,0.03562071546912193,0.0004285643808543682,1.0567660524429812e-07
0255_2.jpg,255,2,Arabic,1,1369,0.02300970535725355,297,1072,0.21694667640613585,0.010749097913503647,1.2742013666411367e-07,0.04530436918139458,0.04250432550907135,0.00117548368871212,1.103902320664929e-07
0255_3.jpg,255,3,English,0,1369,0.03338489681482315,162,1207,0.1183345507669832,0.008823134005069733,1.298529781479374e-07,0.06609878689050674,0.06349392235279083,0.001135764759965241,1.1647234288147956e-07
0255_4.jpg,255,4,English,1,1369,0.02179649844765663,302,1067,0.2205989773557341,0.010893607512116432,1.5935118824472738e-07,0.040763188153505325,0.0392814502120018,0.0024394241627305746,1.237708744383781e-07
0256_1.jpg,256,1,Arabic,0,1369,0.019333548843860626,108,1261,0.07888970051132213,0.003302105935290456,1.1495181695408974e-07,0.03840820491313934,0.038492850959300995,0.00029539791285060346,1.1099844243744883e-07
0256_2.jpg,256,2,Arabic,1,1369,0.018974412232637405,172,1197,0.1256391526661797,0.00489767687395215,1.2285855177651683e-07,0.03774065896868706,0.037432778626680374,0.00017838412895798683,1.1495181695408974e-07
0256_3.jpg,256,3,English,0,1369,0.016049143858253956,110,1259,0.08035062089116143,0.0029002786614000797,9.146271622739732e-06,0.031756602227687836,0.03169266879558563,0.0003790748887695372,1.7212362024565664e-07
0256_4.jpg,256,4,English,1,1369,0.01876891404390335,258,1111,0.18845872899926955,0.007819491438567638,2.5626957267377293e-06,0.03641017526388168,0.03514767438173294,0.0011800711508840322,1.401925544541882e-07
0260_1.jpg,260,1,Arabic,0,1369,0.017787419259548187,128,1241,0.09349890430971512,0.003400352317839861,1.1920928955078125e-07,0.034804992377758026,0.0336245596408844,0.00016119549400173128,1.1343129102669991e-07
0260_2.jpg,260,2,Arabic,1,1369,0.01987453270703554,237,1132,0.1731190650109569,0.007271716371178627,1.435377185998732e-07,0.03904960677027702,0.03856118023395538,0.0006185721722431481,1.2133803295455436e-07
0260_3.jpg,260,3,English,0,1369,0.023704038001596928,137,1232,0.10007304601899196,0.0050898585468530655,1.754687701804869e-07,0.046908412128686905,0.04334402456879616,0.00043958009337075055,1.4855544350211858e-07
0260_4.jpg,260,4,English,1,1369,0.03069656901061535,275,1094,0.20087655222790357,0.013395244255661964,2.5738258045748807e-05,0.059696462005376816,0.055431053042411804,0.0017564547015354037,1.3943230214863434e-07
0261_1.jpg,261,1,Arabic,0,1369,0.015998550690710545,142,1227,0.10372534696859022,0.0035606147721409798,1.9523562855283672e-07,0.031897902488708496,0.03137825429439545,0.00028115659370087087,1.4870749964757124e-07
0261_2.jpg,261,2,Arabic,1,1369,0.016042130067944527,234,1135,0.17092768444119796,0.006076905410736799,2.1378605197241995e-07,0.03111211024224758,0.030139649286866188,0.000915462092962116,1.380638252612698e-07
0261_3.jpg,261,3,English,0,1369,0.02231562789529562,136,1233,0.09934258582907232,0.0054417443461716175,6.751625187462196e-05,0.04341515526175499,0.0415271557867527,0.001253274385817349,2.4374650820391253e-05
0261_4.jpg,261,4,English,1,1369,0.0182555066421628,281,1088,0.20525931336742148,0.008234069682657719,1.8276730884281278e-07,0.03522179648280144,0.033933527767658234,0.0012638932093977928,1.312214408244472e-07
0262_1.jpg,262,1,Arabic,0,1369,0.016600605100393295,136,1233,0.09934258582907232,0.0033386987634003162,1.1403950139765584e-07,0.03198700025677681,0.0310654379427433,0.0001787887013051659,1.09477916510059e-07
0262_2.jpg,262,2,Arabic,1,1369,0.016532381996512413,213,1156,0.1555880204528853,0.005565612576901913,1.2772423474416428e-07,0.032382238656282425,0.031590018421411514,0.0006244867108762264,1.1464771176861177e-07
0262_3.jpg,262,3,English,0,1369,0.020871711894869804,122,1247,0.08911614317019723,0.004161739721894264,1.456664477927916e-07,0.04105576127767563,0.04148727282881737,0.0005522200372070074,1.341104507446289e-07
0262_4.jpg,262,4,English,1,1369,0.020060843788087368,274,1095,0.20014609203798392,0.008786060847342014,1.5205266379325622e-07,0.03895524889230728,0.037599388509988785,0.0012368762400001287,1.237708744383781e-07
0263_1.jpg,263,1,Arabic,0,1369,0.01596742682158947,130,1239,0.09495982468955443,0.0033572877291589975,1.1708055325243549e-07,0.032825589179992676,0.03189481794834137,0.0002653757983352989,1.1160665280840476e-07
0263_2.jpg,263,2,Arabic,1,1369,0.024696772918105125,247,1122,0.1804236669101534,0.009680897928774357,1.4870749964757124e-07,0.048180900514125824,0.04685835540294647,0.0012054071994498372,1.240749725184287e-07
0263_3.jpg,263,3,English,0,1369,0.024652523919939995,99,1270,0.0723155588020453,0.004147050902247429,1.3897613371227635e-07,0.04867178574204445,0.04474297910928726,0.0006762249977327883,1.3030913237344066e-07
0263_4.jpg,263,4,English,1,1369,0.02406027354300022,291,1078,0.21256391526661797,0.010842781513929367,1.4323360630896786e-07,0.046693794429302216,0.044757306575775146,0.0011650031665340066,1.1860107917982532e-07
0264_1.jpg,264,1,Arabic,0,1369,0.0132161695510149,152,1217,0.1110299488677867,0.003325773635879159,3.5519502716852003e-07,0.025892555713653564,0.024463877081871033,0.000507243734318763,1.5205266379325622e-07
0264_2.jpg,264,2,Arabic,1,1369,0.015220452100038528,283,1086,0.20672023374726078,0.006962262559682131,1.5889503629296087e-05,0.02940700575709343,0.028190933167934418,0.0011134016094729304,1.4004049830873555e-07
0264_3.jpg,264,3,English,0,1369,0.019802147522568703,138,1231,0.10080350620891161,0.004787210840731859,5.321782373357564e-05,0.03821132332086563,0.036876581609249115,0.001040234579704702,1.568849074828904e-05
0264_4.jpg,264,4,English,1,1369,0.02207990176975727,269,1100,0.1964937910883857,0.009804094210267067,2.0648751331009407e-07,0.042308855801820755,0.03959235921502113,0.0018552006222307682,1.3623919414840202e-07
0265_1.jpg,265,1,Arabic,0,1369,0.012965435162186623,113,1256,0.08254200146092038,0.0022880039177834988,1.2103392066364904e-07,0.025731517001986504,0.02505185827612877,0.00017883442342281342,1.1556002732504567e-07
0265_2.jpg,265,2,Arabic,1,1369,0.018152854405343533,139,1230,0.10153396639883126,0.00386490928940475,8.062744200287852e-06,0.036497872322797775,0.03581633046269417,0.00017711936379782856,1.575265571318596e-07
0265_3.jpg,265,3,English,0,1369,0.012079451233148575,138,1231,0.10080350620891161,0.0026283985935151577,1.4901161193847656e-07,0.023892810568213463,0.024059519171714783,0.000244573486270383,1.3502277340649016e-07
0265_4.jpg,265,4,English,1,1369,0.012805579230189323,207,1162,0.15120525931336742,0.0043363189324736595,0.0001271452201763168,0.02469685487449169,0.025247471407055855,0.0007092699524946511,4.435421942616813e-05
0267_1.jpg,267,1,Arabic,0,1369,0.021968526765704155,178,1191,0.13002191380569758,0.005992449354380369,1.30157076227988e-07,0.04294630512595177,0.040116820484399796,0.00046953881974332035,1.1677644806695753e-07
0267_2.jpg,267,2,Arabic,1,1369,0.01684551127254963,222,1147,0.16216216216216217,0.0059536960907280445,1.30157076227988e-07,0.03346754610538483,0.03293093293905258,0.0006284352857619524,1.161682376960016e-07
0267_3.jpg,267,3,English,0,1369,0.032416095957159996,136,1233,0.09934258582907232,0.007329453714191914,1.6512919387423608e-07,0.0645059272646904,0.06162022054195404,0.0010228838073089719,1.4414592897082912e-07
0267_4.jpg,267,4,English,1,1369,0.02203901018947363,244,1125,0.17823228634039445,0.009169566445052624,1.6208814201945643e-07,0.04255931079387665,0.04084596037864685,0.0019277023384347558,1.3106939888984925e-07
0272_1.jpg,272,1,Arabic,0,1369,0.02395661361515522,152,1217,0.1110299488677867,0.005741594824939966,1.2133803295455436e-07,0.04805919528007507,0.04486033320426941,0.0004562407557386905,1.1464771176861177e-07
0272_2.jpg,272,2,Arabic,1,1369,0.02702835015952587,232,1137,0.16946676406135866,0.010092385113239288,1.4232129785796133e-07,0.05227319896221161,0.05166018009185791,0.0014855694025754929,1.2255445369646623e-07
0272_3.jpg,272,3,English,0,1369,0.02842256799340248,145,1224,0.10591672753834916,0.006770996376872063,1.3715150259940856e-07,0.055837150663137436,0.055272091180086136,0.0009584210929460824,1.2377086022752337e-07
0272_4.jpg,272,4,English,1,1369,0.02742328029125929,189,1180,0.13805697589481372,0.008376507088541985,1.4445002705087973e-07,0.055191706866025925,0.05465291440486908,0.0008781397482380271,1.2711603858406306e-07
0273_1.jpg,273,1,Arabic,0,1369,0.01959381438791752,157,1212,0.11468224981738495,0.004834206774830818,1.596553005356327e-07,0.03877114877104759,0.03850675746798515,0.00043808473856188357,1.3973640022868494e-07
0273_2.jpg,273,2,Arabic,1,1369,0.01827381458133459,194,1175,0.14170927684441198,0.005751337390393019,1.7273183061661257e-07,0.03576172515749931,0.03541327267885208,0.0007964307442307472,1.3928024600318167e-07
0273_3.jpg,273,3,English,0,1369,0.020525416359305382,157,1212,0.11468224981738495,0.005215074401348829,1.5938769138301723e-05,0.0407840758562088,0.03976079821586609,0.0006075393757782876,2.1849967879461474e-07
0273_4.jpg,273,4,English,1,1369,0.016125566326081753,273,1096,0.19941563184806427,0.006930612493306398,9.466799042456842e-07,0.031276095658540726,0.03012542799115181,0.0008664549677632749,1.369994606648106e-07
0274_1.jpg,274,1,Arabic,0,1369,0.012384435161948204,162,1207,0.1183345507669832,0.0033777430653572083,1.3623919414840202e-07,0.02429826557636261,0.02343776263296604,0.0005698514869436622,1.2133803295455436e-07
0274_2.jpg,274,2,Arabic,1,1369,0.018626744858920574,196,1173,0.14317019722425128,0.005968775134533644,1.3289403000271705e-07,0.036834895610809326,0.03468874841928482,0.0008112649666145444,1.1920928955078125e-07
0274_3.jpg,274,3,English,0,1369,0.01875616703182459,136,1233,0.09934258582907232,0.004549817182123661,2.794728004573699e-07,0.03630610182881355,0.03339157998561859,0.0010470962151885033,1.5296498645511747e-07
0274_4.jpg,274,4,English,1,1369,0.013475879561156034,220,1149,0.16070124178232287,0.004866818897426128,1.8945762292332802e-07,0.02603883296251297,0.02525130659341812,0.0008129948982968926,1.401925544541882e-07
0276_1.jpg,276,1,Arabic,0,1369,0.024378531612455845,147,1222,0.10737764791818846,0.006045282352715731,1.1799286880886939e-07,0.04733840003609657,0.045625872910022736,0.0010779431322589517,1.1221487028478805e-07
0276_2.jpg,276,2,Arabic,1,1369,0.020423784852027893,273,1096,0.19941563184806427,0.00863869022578001,1.4049666674509353e-07,0.03943745419383049,0.03589462861418724,0.0009670997387729585,1.1738465843791346e-07
0276_3.jpg,276,3,English,0,1369,0.01951908227056265,128,1241,0.09349890430971512,0.004219117574393749,1.398884563741376e-07,0.03796606883406639,0.03595174476504326,0.0007383684860542417,1.2863655740602553e-07
0276_4.jpg,276,4,English,1,1369,0.02870500646531582,311,1058,0.22717311906501095,0.014387580566108227,1.4931572422938189e-07,0.055624738335609436,0.05199827998876572,0.002265883143991232,1.2072982258359843e-07
0281_1.jpg,281,1,Arabic,0,1369,0.01578970579430461,129,1240,0.09422936449963477,0.0033038232941180468,1.6208814201945643e-07,0.031002089381217957,0.03056914731860161,0.0004223102587275207,1.435377185998732e-07
0281_2.jpg,281,2,Arabic,1,1369,0.04459199868142605,202,1167,0.14755295836376917,0.014116941019892693,3.610186467994936e-05,0.08851470798254013,0.0884876698255539,0.0012391790514811873,2.608615432109218e-06
0281_3.jpg,281,3,English,0,1369,0.022193098440766335,127,1242,0.09276844411979547,0.004850043915212154,1.4333092622109689e-05,0.04382717236876488,0.04127097502350807,0.0008644606568850577,2.3613779376319144e-07
0281_4.jpg,281,4,English,1,1369,0.025742207653820515,291,1078,0.21256391526661797,0.012106734327971935,3.416623439989053e-05,0.04936914145946503,0.04765825718641281,0.002047957619652152,1.3821588140672247e-07
