role,condition,arabic_writer,english_writer,arabic_filename,english_filename,label
exploration,cross_variable_variable,1,1,0001_1.jpg,0001_3.jpg,1
exploration,cross_variable_variable,1,27,0001_1.jpg,0027_3.jpg,0
exploration,cross_variable_variable,1,29,0001_1.jpg,0029_3.jpg,0
exploration,cross_variable_variable,1,66,0001_1.jpg,0066_3.jpg,0
exploration,cross_variable_variable,1,124,0001_1.jpg,0124_3.jpg,0
exploration,cross_variable_variable,1,125,0001_1.jpg,0125_3.jpg,0
exploration,cross_variable_variable,1,189,0001_1.jpg,0189_3.jpg,0
exploration,cross_variable_variable,1,206,0001_1.jpg,0206_3.jpg,0
exploration,cross_variable_variable,1,219,0001_1.jpg,0219_3.jpg,0
exploration,cross_variable_variable,1,242,0001_1.jpg,0242_3.jpg,0
exploration,cross_variable_variable,1,276,0001_1.jpg,0276_3.jpg,0
exploration,cross_variable_variable,2,2,0002_1.jpg,0002_3.jpg,1
exploration,cross_variable_variable,2,29,0002_1.jpg,0029_3.jpg,0
exploration,cross_variable_variable,2,30,0002_1.jpg,0030_3.jpg,0
exploration,cross_variable_variable,2,67,0002_1.jpg,0067_3.jpg,0
exploration,cross_variable_variable,2,125,0002_1.jpg,0125_3.jpg,0
exploration,cross_variable_variable,2,127,0002_1.jpg,0127_3.jpg,0
exploration,cross_variable_variable,2,191,0002_1.jpg,0191_3.jpg,0
exploration,cross_variable_variable,2,207,0002_1.jpg,0207_3.jpg,0
exploration,cross_variable_variable,2,220,0002_1.jpg,0220_3.jpg,0
exploration,cross_variable_variable,2,243,0002_1.jpg,0243_3.jpg,0
exploration,cross_variable_variable,2,279,0002_1.jpg,0279_3.jpg,0
exploration,cross_variable_variable,3,3,0003_1.jpg,0003_3.jpg,1
exploration,cross_variable_variable,3,30,0003_1.jpg,0030_3.jpg,0
exploration,cross_variable_variable,3,31,0003_1.jpg,0031_3.jpg,0
exploration,cross_variable_variable,3,70,0003_1.jpg,0070_3.jpg,0
exploration,cross_variable_variable,3,127,0003_1.jpg,0127_3.jpg,0
exploration,cross_variable_variable,3,130,0003_1.jpg,0130_3.jpg,0
exploration,cross_variable_variable,3,192,0003_1.jpg,0192_3.jpg,0
exploration,cross_variable_variable,3,208,0003_1.jpg,0208_3.jpg,0
exploration,cross_variable_variable,3,221,0003_1.jpg,0221_3.jpg,0
exploration,cross_variable_variable,3,244,0003_1.jpg,0244_3.jpg,0
exploration,cross_variable_variable,3,281,0003_1.jpg,0281_3.jpg,0
exploration,cross_variable_variable,6,6,0006_1.jpg,0006_3.jpg,1
exploration,cross_variable_variable,6,31,0006_1.jpg,0031_3.jpg,0
exploration,cross_variable_variable,6,35,0006_1.jpg,0035_3.jpg,0
exploration,cross_variable_variable,6,71,0006_1.jpg,0071_3.jpg,0
exploration,cross_variable_variable,6,130,0006_1.jpg,0130_3.jpg,0
exploration,cross_variable_variable,6,132,0006_1.jpg,0132_3.jpg,0
exploration,cross_variable_variable,6,196,0006_1.jpg,0196_3.jpg,0
exploration,cross_variable_variable,6,209,0006_1.jpg,0209_3.jpg,0
exploration,cross_variable_variable,6,223,0006_1.jpg,0223_3.jpg,0
exploration,cross_variable_variable,6,245,0006_1.jpg,0245_3.jpg,0
exploration,cross_variable_variable,6,282,0006_1.jpg,0282_3.jpg,0
exploration,cross_variable_variable,7,7,0007_1.jpg,0007_3.jpg,1
exploration,cross_variable_variable,7,35,0007_1.jpg,0035_3.jpg,0
exploration,cross_variable_variable,7,38,0007_1.jpg,0038_3.jpg,0
exploration,cross_variable_variable,7,74,0007_1.jpg,0074_3.jpg,0
exploration,cross_variable_variable,7,132,0007_1.jpg,0132_3.jpg,0
exploration,cross_variable_variable,7,133,0007_1.jpg,0133_3.jpg,0
exploration,cross_variable_variable,7,197,0007_1.jpg,0197_3.jpg,0
exploration,cross_variable_variable,7,211,0007_1.jpg,0211_3.jpg,0
exploration,cross_variable_variable,7,224,0007_1.jpg,0224_3.jpg,0
exploration,cross_variable_variable,7,246,0007_1.jpg,0246_3.jpg,0
exploration,cross_variable_variable,7,1,0007_1.jpg,0001_3.jpg,0
exploration,cross_variable_variable,8,8,0008_1.jpg,0008_3.jpg,1
exploration,cross_variable_variable,8,38,0008_1.jpg,0038_3.jpg,0
exploration,cross_variable_variable,8,39,0008_1.jpg,0039_3.jpg,0
exploration,cross_variable_variable,8,75,0008_1.jpg,0075_3.jpg,0
exploration,cross_variable_variable,8,133,0008_1.jpg,0133_3.jpg,0
exploration,cross_variable_variable,8,134,0008_1.jpg,0134_3.jpg,0
exploration,cross_variable_variable,8,198,0008_1.jpg,0198_3.jpg,0
exploration,cross_variable_variable,8,212,0008_1.jpg,0212_3.jpg,0
exploration,cross_variable_variable,8,225,0008_1.jpg,0225_3.jpg,0
exploration,cross_variable_variable,8,247,0008_1.jpg,0247_3.jpg,0
exploration,cross_variable_variable,8,2,0008_1.jpg,0002_3.jpg,0
exploration,cross_variable_variable,11,11,0011_1.jpg,0011_3.jpg,1
exploration,cross_variable_variable,11,39,0011_1.jpg,0039_3.jpg,0
exploration,cross_variable_variable,11,40,0011_1.jpg,0040_3.jpg,0
exploration,cross_variable_variable,11,76,0011_1.jpg,0076_3.jpg,0
exploration,cross_variable_variable,11,134,0011_1.jpg,0134_3.jpg,0
exploration,cross_variable_variable,11,135,0011_1.jpg,0135_3.jpg,0
exploration,cross_variable_variable,11,199,0011_1.jpg,0199_3.jpg,0
exploration,cross_variable_variable,11,213,0011_1.jpg,0213_3.jpg,0
exploration,cross_variable_variable,11,226,0011_1.jpg,0226_3.jpg,0
exploration,cross_variable_variable,11,248,0011_1.jpg,0248_3.jpg,0
exploration,cross_variable_variable,11,3,0011_1.jpg,0003_3.jpg,0
exploration,cross_variable_variable,12,12,0012_1.jpg,0012_3.jpg,1
exploration,cross_variable_variable,12,40,0012_1.jpg,0040_3.jpg,0
exploration,cross_variable_variable,12,42,0012_1.jpg,0042_3.jpg,0
exploration,cross_variable_variable,12,77,0012_1.jpg,0077_3.jpg,0
exploration,cross_variable_variable,12,135,0012_1.jpg,0135_3.jpg,0
exploration,cross_variable_variable,12,138,0012_1.jpg,0138_3.jpg,0
exploration,cross_variable_variable,12,200,0012_1.jpg,0200_3.jpg,0
exploration,cross_variable_variable,12,214,0012_1.jpg,0214_3.jpg,0
exploration,cross_variable_variable,12,227,0012_1.jpg,0227_3.jpg,0
exploration,cross_variable_variable,12,249,0012_1.jpg,0249_3.jpg,0
exploration,cross_variable_variable,12,6,0012_1.jpg,0006_3.jpg,0
exploration,cross_variable_variable,15,15,0015_1.jpg,0015_3.jpg,1
exploration,cross_variable_variable,15,42,0015_1.jpg,0042_3.jpg,0
exploration,cross_variable_variable,15,43,0015_1.jpg,0043_3.jpg,0
exploration,cross_variable_variable,15,78,0015_1.jpg,0078_3.jpg,0
exploration,cross_variable_variable,15,138,0015_1.jpg,0138_3.jpg,0
exploration,cross_variable_variable,15,140,0015_1.jpg,0140_3.jpg,0
exploration,cross_variable_variable,15,201,0015_1.jpg,0201_3.jpg,0
exploration,cross_variable_variable,15,216,0015_1.jpg,0216_3.jpg,0
exploration,cross_variable_variable,15,228,0015_1.jpg,0228_3.jpg,0
exploration,cross_variable_variable,15,250,0015_1.jpg,0250_3.jpg,0
exploration,cross_variable_variable,15,7,0015_1.jpg,0007_3.jpg,0
exploration,cross_variable_variable,18,18,0018_1.jpg,0018_3.jpg,1
exploration,cross_variable_variable,18,43,0018_1.jpg,0043_3.jpg,0
exploration,cross_variable_variable,18,46,0018_1.jpg,0046_3.jpg,0
exploration,cross_variable_variable,18,79,0018_1.jpg,0079_3.jpg,0
exploration,cross_variable_variable,18,140,0018_1.jpg,0140_3.jpg,0
exploration,cross_variable_variable,18,142,0018_1.jpg,0142_3.jpg,0
exploration,cross_variable_variable,18,203,0018_1.jpg,0203_3.jpg,0
exploration,cross_variable_variable,18,219,0018_1.jpg,0219_3.jpg,0
exploration,cross_variable_variable,18,229,0018_1.jpg,0229_3.jpg,0
exploration,cross_variable_variable,18,251,0018_1.jpg,0251_3.jpg,0
exploration,cross_variable_variable,18,8,0018_1.jpg,0008_3.jpg,0
exploration,cross_variable_variable,19,19,0019_1.jpg,0019_3.jpg,1
exploration,cross_variable_variable,19,46,0019_1.jpg,0046_3.jpg,0
exploration,cross_variable_variable,19,47,0019_1.jpg,0047_3.jpg,0
exploration,cross_variable_variable,19,81,0019_1.jpg,0081_3.jpg,0
exploration,cross_variable_variable,19,142,0019_1.jpg,0142_3.jpg,0
exploration,cross_variable_variable,19,146,0019_1.jpg,0146_3.jpg,0
exploration,cross_variable_variable,19,204,0019_1.jpg,0204_3.jpg,0
exploration,cross_variable_variable,19,220,0019_1.jpg,0220_3.jpg,0
exploration,cross_variable_variable,19,231,0019_1.jpg,0231_3.jpg,0
exploration,cross_variable_variable,19,252,0019_1.jpg,0252_3.jpg,0
exploration,cross_variable_variable,19,11,0019_1.jpg,0011_3.jpg,0
exploration,cross_variable_variable,20,20,0020_1.jpg,0020_3.jpg,1
exploration,cross_variable_variable,20,47,0020_1.jpg,0047_3.jpg,0
exploration,cross_variable_variable,20,49,0020_1.jpg,0049_3.jpg,0
exploration,cross_variable_variable,20,83,0020_1.jpg,0083_3.jpg,0
exploration,cross_variable_variable,20,146,0020_1.jpg,0146_3.jpg,0
exploration,cross_variable_variable,20,147,0020_1.jpg,0147_3.jpg,0
exploration,cross_variable_variable,20,206,0020_1.jpg,0206_3.jpg,0
exploration,cross_variable_variable,20,221,0020_1.jpg,0221_3.jpg,0
exploration,cross_variable_variable,20,232,0020_1.jpg,0232_3.jpg,0
exploration,cross_variable_variable,20,255,0020_1.jpg,0255_3.jpg,0
exploration,cross_variable_variable,20,12,0020_1.jpg,0012_3.jpg,0
exploration,cross_variable_variable,21,21,0021_1.jpg,0021_3.jpg,1
exploration,cross_variable_variable,21,49,0021_1.jpg,0049_3.jpg,0
exploration,cross_variable_variable,21,55,0021_1.jpg,0055_3.jpg,0
exploration,cross_variable_variable,21,85,0021_1.jpg,0085_3.jpg,0
exploration,cross_variable_variable,21,147,0021_1.jpg,0147_3.jpg,0
exploration,cross_variable_variable,21,148,0021_1.jpg,0148_3.jpg,0
exploration,cross_variable_variable,21,207,0021_1.jpg,0207_3.jpg,0
exploration,cross_variable_variable,21,223,0021_1.jpg,0223_3.jpg,0
exploration,cross_variable_variable,21,234,0021_1.jpg,0234_3.jpg,0
exploration,cross_variable_variable,21,256,0021_1.jpg,0256_3.jpg,0
exploration,cross_variable_variable,21,15,0021_1.jpg,0015_3.jpg,0
exploration,cross_variable_variable,22,22,0022_1.jpg,0022_3.jpg,1
exploration,cross_variable_variable,22,55,0022_1.jpg,0055_3.jpg,0
exploration,cross_variable_variable,22,56,0022_1.jpg,0056_3.jpg,0
exploration,cross_variable_variable,22,86,0022_1.jpg,0086_3.jpg,0
exploration,cross_variable_variable,22,148,0022_1.jpg,0148_3.jpg,0
exploration,cross_variable_variable,22,152,0022_1.jpg,0152_3.jpg,0
exploration,cross_variable_variable,22,208,0022_1.jpg,0208_3.jpg,0
exploration,cross_variable_variable,22,224,0022_1.jpg,0224_3.jpg,0
exploration,cross_variable_variable,22,235,0022_1.jpg,0235_3.jpg,0
exploration,cross_variable_variable,22,260,0022_1.jpg,0260_3.jpg,0
exploration,cross_variable_variable,22,18,0022_1.jpg,0018_3.jpg,0
exploration,cross_variable_variable,25,25,0025_1.jpg,0025_3.jpg,1
exploration,cross_variable_variable,25,56,0025_1.jpg,0056_3.jpg,0
exploration,cross_variable_variable,25,57,0025_1.jpg,0057_3.jpg,0
exploration,cross_variable_variable,25,87,0025_1.jpg,0087_3.jpg,0
exploration,cross_variable_variable,25,152,0025_1.jpg,0152_3.jpg,0
exploration,cross_variable_variable,25,153,0025_1.jpg,0153_3.jpg,0
exploration,cross_variable_variable,25,209,0025_1.jpg,0209_3.jpg,0
exploration,cross_variable_variable,25,225,0025_1.jpg,0225_3.jpg,0
exploration,cross_variable_variable,25,237,0025_1.jpg,0237_3.jpg,0
exploration,cross_variable_variable,25,261,0025_1.jpg,0261_3.jpg,0
exploration,cross_variable_variable,25,19,0025_1.jpg,0019_3.jpg,0
exploration,cross_variable_variable,26,26,0026_1.jpg,0026_3.jpg,1
exploration,cross_variable_variable,26,57,0026_1.jpg,0057_3.jpg,0
exploration,cross_variable_variable,26,59,0026_1.jpg,0059_3.jpg,0
exploration,cross_variable_variable,26,89,0026_1.jpg,0089_3.jpg,0
exploration,cross_variable_variable,26,153,0026_1.jpg,0153_3.jpg,0
exploration,cross_variable_variable,26,154,0026_1.jpg,0154_3.jpg,0
exploration,cross_variable_variable,26,211,0026_1.jpg,0211_3.jpg,0
exploration,cross_variable_variable,26,226,0026_1.jpg,0226_3.jpg,0
exploration,cross_variable_variable,26,239,0026_1.jpg,0239_3.jpg,0
exploration,cross_variable_variable,26,262,0026_1.jpg,0262_3.jpg,0
exploration,cross_variable_variable,26,20,0026_1.jpg,0020_3.jpg,0
exploration,cross_variable_variable,27,27,0027_1.jpg,0027_3.jpg,1
exploration,cross_variable_variable,27,59,0027_1.jpg,0059_3.jpg,0
exploration,cross_variable_variable,27,60,0027_1.jpg,0060_3.jpg,0
exploration,cross_variable_variable,27,90,0027_1.jpg,0090_3.jpg,0
exploration,cross_variable_variable,27,154,0027_1.jpg,0154_3.jpg,0
exploration,cross_variable_variable,27,155,0027_1.jpg,0155_3.jpg,0
exploration,cross_variable_variable,27,212,0027_1.jpg,0212_3.jpg,0
exploration,cross_variable_variable,27,227,0027_1.jpg,0227_3.jpg,0
exploration,cross_variable_variable,27,240,0027_1.jpg,0240_3.jpg,0
exploration,cross_variable_variable,27,263,0027_1.jpg,0263_3.jpg,0
exploration,cross_variable_variable,27,21,0027_1.jpg,0021_3.jpg,0
exploration,cross_variable_variable,29,29,0029_1.jpg,0029_3.jpg,1
exploration,cross_variable_variable,29,60,0029_1.jpg,0060_3.jpg,0
exploration,cross_variable_variable,29,61,0029_1.jpg,0061_3.jpg,0
exploration,cross_variable_variable,29,91,0029_1.jpg,0091_3.jpg,0
exploration,cross_variable_variable,29,155,0029_1.jpg,0155_3.jpg,0
exploration,cross_variable_variable,29,156,0029_1.jpg,0156_3.jpg,0
exploration,cross_variable_variable,29,213,0029_1.jpg,0213_3.jpg,0
exploration,cross_variable_variable,29,228,0029_1.jpg,0228_3.jpg,0
exploration,cross_variable_variable,29,241,0029_1.jpg,0241_3.jpg,0
exploration,cross_variable_variable,29,264,0029_1.jpg,0264_3.jpg,0
exploration,cross_variable_variable,29,22,0029_1.jpg,0022_3.jpg,0
exploration,cross_variable_variable,30,30,0030_1.jpg,0030_3.jpg,1
exploration,cross_variable_variable,30,61,0030_1.jpg,0061_3.jpg,0
exploration,cross_variable_variable,30,62,0030_1.jpg,0062_3.jpg,0
exploration,cross_variable_variable,30,92,0030_1.jpg,0092_3.jpg,0
exploration,cross_variable_variable,30,156,0030_1.jpg,0156_3.jpg,0
exploration,cross_variable_variable,30,157,0030_1.jpg,0157_3.jpg,0
exploration,cross_variable_variable,30,214,0030_1.jpg,0214_3.jpg,0
exploration,cross_variable_variable,30,229,0030_1.jpg,0229_3.jpg,0
exploration,cross_variable_variable,30,242,0030_1.jpg,0242_3.jpg,0
exploration,cross_variable_variable,30,265,0030_1.jpg,0265_3.jpg,0
exploration,cross_variable_variable,30,25,0030_1.jpg,0025_3.jpg,0
exploration,cross_variable_variable,31,31,0031_1.jpg,0031_3.jpg,1
exploration,cross_variable_variable,31,62,0031_1.jpg,0062_3.jpg,0
exploration,cross_variable_variable,31,65,0031_1.jpg,0065_3.jpg,0
exploration,cross_variable_variable,31,93,0031_1.jpg,0093_3.jpg,0
exploration,cross_variable_variable,31,157,0031_1.jpg,0157_3.jpg,0
exploration,cross_variable_variable,31,158,0031_1.jpg,0158_3.jpg,0
exploration,cross_variable_variable,31,216,0031_1.jpg,0216_3.jpg,0
exploration,cross_variable_variable,31,231,0031_1.jpg,0231_3.jpg,0
exploration,cross_variable_variable,31,243,0031_1.jpg,0243_3.jpg,0
exploration,cross_variable_variable,31,266,0031_1.jpg,0266_3.jpg,0
exploration,cross_variable_variable,31,26,0031_1.jpg,0026_3.jpg,0
exploration,cross_variable_variable,35,35,0035_1.jpg,0035_3.jpg,1
exploration,cross_variable_variable,35,65,0035_1.jpg,0065_3.jpg,0
exploration,cross_variable_variable,35,66,0035_1.jpg,0066_3.jpg,0
exploration,cross_variable_variable,35,94,0035_1.jpg,0094_3.jpg,0
exploration,cross_variable_variable,35,158,0035_1.jpg,0158_3.jpg,0
exploration,cross_variable_variable,35,159,0035_1.jpg,0159_3.jpg,0
exploration,cross_variable_variable,35,219,0035_1.jpg,0219_3.jpg,0
exploration,cross_variable_variable,35,232,0035_1.jpg,0232_3.jpg,0
exploration,cross_variable_variable,35,244,0035_1.jpg,0244_3.jpg,0
exploration,cross_variable_variable,35,267,0035_1.jpg,0267_3.jpg,0
exploration,cross_variable_variable,35,27,0035_1.jpg,0027_3.jpg,0
exploration,cross_variable_variable,38,38,0038_1.jpg,0038_3.jpg,1
exploration,cross_variable_variable,38,66,0038_1.jpg,0066_3.jpg,0
exploration,cross_variable_variable,38,67,0038_1.jpg,0067_3.jpg,0
exploration,cross_variable_variable,38,96,0038_1.jpg,0096_3.jpg,0
exploration,cross_variable_variable,38,159,0038_1.jpg,0159_3.jpg,0
exploration,cross_variable_variable,38,161,0038_1.jpg,0161_3.jpg,0
exploration,cross_variable_variable,38,220,0038_1.jpg,0220_3.jpg,0
exploration,cross_variable_variable,38,234,0038_1.jpg,0234_3.jpg,0
exploration,cross_variable_variable,38,245,0038_1.jpg,0245_3.jpg,0
exploration,cross_variable_variable,38,271,0038_1.jpg,0271_3.jpg,0
exploration,cross_variable_variable,38,29,0038_1.jpg,0029_3.jpg,0
exploration,cross_variable_variable,39,39,0039_1.jpg,0039_3.jpg,1
exploration,cross_variable_variable,39,67,0039_1.jpg,0067_3.jpg,0
exploration,cross_variable_variable,39,70,0039_1.jpg,0070_3.jpg,0
exploration,cross_variable_variable,39,97,0039_1.jpg,0097_3.jpg,0
exploration,cross_variable_variable,39,161,0039_1.jpg,0161_3.jpg,0
exploration,cross_variable_variable,39,162,0039_1.jpg,0162_3.jpg,0
exploration,cross_variable_variable,39,221,0039_1.jpg,0221_3.jpg,0
exploration,cross_variable_variable,39,235,0039_1.jpg,0235_3.jpg,0
exploration,cross_variable_variable,39,246,0039_1.jpg,0246_3.jpg,0
exploration,cross_variable_variable,39,272,0039_1.jpg,0272_3.jpg,0
exploration,cross_variable_variable,39,30,0039_1.jpg,0030_3.jpg,0
exploration,cross_variable_variable,40,40,0040_1.jpg,0040_3.jpg,1
exploration,cross_variable_variable,40,70,0040_1.jpg,0070_3.jpg,0
exploration,cross_variable_variable,40,71,0040_1.jpg,0071_3.jpg,0
exploration,cross_variable_variable,40,98,0040_1.jpg,0098_3.jpg,0
exploration,cross_variable_variable,40,162,0040_1.jpg,0162_3.jpg,0
exploration,cross_variable_variable,40,163,0040_1.jpg,0163_3.jpg,0
exploration,cross_variable_variable,40,223,0040_1.jpg,0223_3.jpg,0
exploration,cross_variable_variable,40,237,0040_1.jpg,0237_3.jpg,0
exploration,cross_variable_variable,40,247,0040_1.jpg,0247_3.jpg,0
exploration,cross_variable_variable,40,273,0040_1.jpg,0273_3.jpg,0
exploration,cross_variable_variable,40,31,0040_1.jpg,0031_3.jpg,0
exploration,cross_variable_variable,42,42,0042_1.jpg,0042_3.jpg,1
exploration,cross_variable_variable,42,71,0042_1.jpg,0071_3.jpg,0
exploration,cross_variable_variable,42,74,0042_1.jpg,0074_3.jpg,0
exploration,cross_variable_variable,42,100,0042_1.jpg,0100_3.jpg,0
exploration,cross_variable_variable,42,163,0042_1.jpg,0163_3.jpg,0
exploration,cross_variable_variable,42,164,0042_1.jpg,0164_3.jpg,0
exploration,cross_variable_variable,42,224,0042_1.jpg,0224_3.jpg,0
exploration,cross_variable_variable,42,239,0042_1.jpg,0239_3.jpg,0
exploration,cross_variable_variable,42,248,0042_1.jpg,0248_3.jpg,0
exploration,cross_variable_variable,42,274,0042_1.jpg,0274_3.jpg,0
exploration,cross_variable_variable,42,35,0042_1.jpg,0035_3.jpg,0
exploration,cross_variable_variable,43,43,0043_1.jpg,0043_3.jpg,1
exploration,cross_variable_variable,43,74,0043_1.jpg,0074_3.jpg,0
exploration,cross_variable_variable,43,75,0043_1.jpg,0075_3.jpg,0
exploration,cross_variable_variable,43,101,0043_1.jpg,0101_3.jpg,0
exploration,cross_variable_variable,43,164,0043_1.jpg,0164_3.jpg,0
exploration,cross_variable_variable,43,167,0043_1.jpg,0167_3.jpg,0
exploration,cross_variable_variable,43,225,0043_1.jpg,0225_3.jpg,0
exploration,cross_variable_variable,43,240,0043_1.jpg,0240_3.jpg,0
exploration,cross_variable_variable,43,249,0043_1.jpg,0249_3.jpg,0
exploration,cross_variable_variable,43,276,0043_1.jpg,0276_3.jpg,0
exploration,cross_variable_variable,43,38,0043_1.jpg,0038_3.jpg,0
exploration,cross_variable_variable,46,46,0046_1.jpg,0046_3.jpg,1
exploration,cross_variable_variable,46,75,0046_1.jpg,0075_3.jpg,0
exploration,cross_variable_variable,46,76,0046_1.jpg,0076_3.jpg,0
exploration,cross_variable_variable,46,103,0046_1.jpg,0103_3.jpg,0
exploration,cross_variable_variable,46,167,0046_1.jpg,0167_3.jpg,0
exploration,cross_variable_variable,46,168,0046_1.jpg,0168_3.jpg,0
exploration,cross_variable_variable,46,226,0046_1.jpg,0226_3.jpg,0
exploration,cross_variable_variable,46,241,0046_1.jpg,0241_3.jpg,0
exploration,cross_variable_variable,46,250,0046_1.jpg,0250_3.jpg,0
exploration,cross_variable_variable,46,279,0046_1.jpg,0279_3.jpg,0
exploration,cross_variable_variable,46,39,0046_1.jpg,0039_3.jpg,0
exploration,cross_variable_variable,47,47,0047_1.jpg,0047_3.jpg,1
exploration,cross_variable_variable,47,76,0047_1.jpg,0076_3.jpg,0
exploration,cross_variable_variable,47,77,0047_1.jpg,0077_3.jpg,0
exploration,cross_variable_variable,47,104,0047_1.jpg,0104_3.jpg,0
exploration,cross_variable_variable,47,168,0047_1.jpg,0168_3.jpg,0
exploration,cross_variable_variable,47,169,0047_1.jpg,0169_3.jpg,0
exploration,cross_variable_variable,47,227,0047_1.jpg,0227_3.jpg,0
exploration,cross_variable_variable,47,242,0047_1.jpg,0242_3.jpg,0
exploration,cross_variable_variable,47,251,0047_1.jpg,0251_3.jpg,0
exploration,cross_variable_variable,47,281,0047_1.jpg,0281_3.jpg,0
exploration,cross_variable_variable,47,40,0047_1.jpg,0040_3.jpg,0
exploration,cross_variable_variable,49,49,0049_1.jpg,0049_3.jpg,1
exploration,cross_variable_variable,49,77,0049_1.jpg,0077_3.jpg,0
exploration,cross_variable_variable,49,78,0049_1.jpg,0078_3.jpg,0
exploration,cross_variable_variable,49,105,0049_1.jpg,0105_3.jpg,0
exploration,cross_variable_variable,49,169,0049_1.jpg,0169_3.jpg,0
exploration,cross_variable_variable,49,171,0049_1.jpg,0171_3.jpg,0
exploration,cross_variable_variable,49,228,0049_1.jpg,0228_3.jpg,0
exploration,cross_variable_variable,49,243,0049_1.jpg,0243_3.jpg,0
exploration,cross_variable_variable,49,252,0049_1.jpg,0252_3.jpg,0
exploration,cross_variable_variable,49,282,0049_1.jpg,0282_3.jpg,0
exploration,cross_variable_variable,49,42,0049_1.jpg,0042_3.jpg,0
exploration,cross_variable_variable,55,55,0055_1.jpg,0055_3.jpg,1
exploration,cross_variable_variable,55,78,0055_1.jpg,0078_3.jpg,0
exploration,cross_variable_variable,55,79,0055_1.jpg,0079_3.jpg,0
exploration,cross_variable_variable,55,106,0055_1.jpg,0106_3.jpg,0
exploration,cross_variable_variable,55,171,0055_1.jpg,0171_3.jpg,0
exploration,cross_variable_variable,55,172,0055_1.jpg,0172_3.jpg,0
exploration,cross_variable_variable,55,229,0055_1.jpg,0229_3.jpg,0
exploration,cross_variable_variable,55,244,0055_1.jpg,0244_3.jpg,0
exploration,cross_variable_variable,55,255,0055_1.jpg,0255_3.jpg,0
exploration,cross_variable_variable,55,1,0055_1.jpg,0001_3.jpg,0
exploration,cross_variable_variable,55,43,0055_1.jpg,0043_3.jpg,0
exploration,cross_variable_variable,56,56,0056_1.jpg,0056_3.jpg,1
exploration,cross_variable_variable,56,79,0056_1.jpg,0079_3.jpg,0
exploration,cross_variable_variable,56,81,0056_1.jpg,0081_3.jpg,0
exploration,cross_variable_variable,56,107,0056_1.jpg,0107_3.jpg,0
exploration,cross_variable_variable,56,172,0056_1.jpg,0172_3.jpg,0
exploration,cross_variable_variable,56,178,0056_1.jpg,0178_3.jpg,0
exploration,cross_variable_variable,56,231,0056_1.jpg,0231_3.jpg,0
exploration,cross_variable_variable,56,245,0056_1.jpg,0245_3.jpg,0
exploration,cross_variable_variable,56,256,0056_1.jpg,0256_3.jpg,0
exploration,cross_variable_variable,56,2,0056_1.jpg,0002_3.jpg,0
exploration,cross_variable_variable,56,46,0056_1.jpg,0046_3.jpg,0
exploration,cross_variable_variable,57,57,0057_1.jpg,0057_3.jpg,1
exploration,cross_variable_variable,57,81,0057_1.jpg,0081_3.jpg,0
exploration,cross_variable_variable,57,83,0057_1.jpg,0083_3.jpg,0
exploration,cross_variable_variable,57,109,0057_1.jpg,0109_3.jpg,0
exploration,cross_variable_variable,57,178,0057_1.jpg,0178_3.jpg,0
exploration,cross_variable_variable,57,179,0057_1.jpg,0179_3.jpg,0
exploration,cross_variable_variable,57,232,0057_1.jpg,0232_3.jpg,0
exploration,cross_variable_variable,57,246,0057_1.jpg,0246_3.jpg,0
exploration,cross_variable_variable,57,260,0057_1.jpg,0260_3.jpg,0
exploration,cross_variable_variable,57,3,0057_1.jpg,0003_3.jpg,0
exploration,cross_variable_variable,57,47,0057_1.jpg,0047_3.jpg,0
exploration,cross_variable_variable,59,59,0059_1.jpg,0059_3.jpg,1
exploration,cross_variable_variable,59,83,0059_1.jpg,0083_3.jpg,0
exploration,cross_variable_variable,59,85,0059_1.jpg,0085_3.jpg,0
exploration,cross_variable_variable,59,110,0059_1.jpg,0110_3.jpg,0
exploration,cross_variable_variable,59,179,0059_1.jpg,0179_3.jpg,0
exploration,cross_variable_variable,59,180,0059_1.jpg,0180_3.jpg,0
exploration,cross_variable_variable,59,234,0059_1.jpg,0234_3.jpg,0
exploration,cross_variable_variable,59,247,0059_1.jpg,0247_3.jpg,0
exploration,cross_variable_variable,59,261,0059_1.jpg,0261_3.jpg,0
exploration,cross_variable_variable,59,6,0059_1.jpg,0006_3.jpg,0
exploration,cross_variable_variable,59,49,0059_1.jpg,0049_3.jpg,0
exploration,cross_variable_variable,60,60,0060_1.jpg,0060_3.jpg,1
exploration,cross_variable_variable,60,85,0060_1.jpg,0085_3.jpg,0
exploration,cross_variable_variable,60,86,0060_1.jpg,0086_3.jpg,0
exploration,cross_variable_variable,60,114,0060_1.jpg,0114_3.jpg,0
exploration,cross_variable_variable,60,180,0060_1.jpg,0180_3.jpg,0
exploration,cross_variable_variable,60,181,0060_1.jpg,0181_3.jpg,0
exploration,cross_variable_variable,60,235,0060_1.jpg,0235_3.jpg,0
exploration,cross_variable_variable,60,248,0060_1.jpg,0248_3.jpg,0
exploration,cross_variable_variable,60,262,0060_1.jpg,0262_3.jpg,0
exploration,cross_variable_variable,60,7,0060_1.jpg,0007_3.jpg,0
exploration,cross_variable_variable,60,55,0060_1.jpg,0055_3.jpg,0
exploration,cross_variable_variable,61,61,0061_1.jpg,0061_3.jpg,1
exploration,cross_variable_variable,61,86,0061_1.jpg,0086_3.jpg,0
exploration,cross_variable_variable,61,87,0061_1.jpg,0087_3.jpg,0
exploration,cross_variable_variable,61,116,0061_1.jpg,0116_3.jpg,0
exploration,cross_variable_variable,61,181,0061_1.jpg,0181_3.jpg,0
exploration,cross_variable_variable,61,183,0061_1.jpg,0183_3.jpg,0
exploration,cross_variable_variable,61,237,0061_1.jpg,0237_3.jpg,0
exploration,cross_variable_variable,61,249,0061_1.jpg,0249_3.jpg,0
exploration,cross_variable_variable,61,263,0061_1.jpg,0263_3.jpg,0
exploration,cross_variable_variable,61,8,0061_1.jpg,0008_3.jpg,0
exploration,cross_variable_variable,61,56,0061_1.jpg,0056_3.jpg,0
exploration,cross_variable_variable,62,62,0062_1.jpg,0062_3.jpg,1
exploration,cross_variable_variable,62,87,0062_1.jpg,0087_3.jpg,0
exploration,cross_variable_variable,62,89,0062_1.jpg,0089_3.jpg,0
exploration,cross_variable_variable,62,118,0062_1.jpg,0118_3.jpg,0
exploration,cross_variable_variable,62,183,0062_1.jpg,0183_3.jpg,0
exploration,cross_variable_variable,62,185,0062_1.jpg,0185_3.jpg,0
exploration,cross_variable_variable,62,239,0062_1.jpg,0239_3.jpg,0
exploration,cross_variable_variable,62,250,0062_1.jpg,0250_3.jpg,0
exploration,cross_variable_variable,62,264,0062_1.jpg,0264_3.jpg,0
exploration,cross_variable_variable,62,11,0062_1.jpg,0011_3.jpg,0
exploration,cross_variable_variable,62,57,0062_1.jpg,0057_3.jpg,0
exploration,cross_variable_variable,65,65,0065_1.jpg,0065_3.jpg,1
exploration,cross_variable_variable,65,89,0065_1.jpg,0089_3.jpg,0
exploration,cross_variable_variable,65,90,0065_1.jpg,0090_3.jpg,0
exploration,cross_variable_variable,65,119,0065_1.jpg,0119_3.jpg,0
exploration,cross_variable_variable,65,185,0065_1.jpg,0185_3.jpg,0
exploration,cross_variable_variable,65,188,0065_1.jpg,0188_3.jpg,0
exploration,cross_variable_variable,65,240,0065_1.jpg,0240_3.jpg,0
exploration,cross_variable_variable,65,251,0065_1.jpg,0251_3.jpg,0
exploration,cross_variable_variable,65,265,0065_1.jpg,0265_3.jpg,0
exploration,cross_variable_variable,65,12,0065_1.jpg,0012_3.jpg,0
exploration,cross_variable_variable,65,59,0065_1.jpg,0059_3.jpg,0
exploration,cross_variable_variable,66,66,0066_1.jpg,0066_3.jpg,1
exploration,cross_variable_variable,66,90,0066_1.jpg,0090_3.jpg,0
exploration,cross_variable_variable,66,91,0066_1.jpg,0091_3.jpg,0
exploration,cross_variable_variable,66,122,0066_1.jpg,0122_3.jpg,0
exploration,cross_variable_variable,66,188,0066_1.jpg,0188_3.jpg,0
exploration,cross_variable_variable,66,189,0066_1.jpg,0189_3.jpg,0
exploration,cross_variable_variable,66,241,0066_1.jpg,0241_3.jpg,0
exploration,cross_variable_variable,66,252,0066_1.jpg,0252_3.jpg,0
exploration,cross_variable_variable,66,266,0066_1.jpg,0266_3.jpg,0
exploration,cross_variable_variable,66,15,0066_1.jpg,0015_3.jpg,0
exploration,cross_variable_variable,66,60,0066_1.jpg,0060_3.jpg,0
exploration,cross_variable_variable,67,67,0067_1.jpg,0067_3.jpg,1
exploration,cross_variable_variable,67,91,0067_1.jpg,0091_3.jpg,0
exploration,cross_variable_variable,67,92,0067_1.jpg,0092_3.jpg,0
exploration,cross_variable_variable,67,123,0067_1.jpg,0123_3.jpg,0
exploration,cross_variable_variable,67,189,0067_1.jpg,0189_3.jpg,0
exploration,cross_variable_variable,67,191,0067_1.jpg,0191_3.jpg,0
exploration,cross_variable_variable,67,242,0067_1.jpg,0242_3.jpg,0
exploration,cross_variable_variable,67,255,0067_1.jpg,0255_3.jpg,0
exploration,cross_variable_variable,67,267,0067_1.jpg,0267_3.jpg,0
exploration,cross_variable_variable,67,18,0067_1.jpg,0018_3.jpg,0
exploration,cross_variable_variable,67,61,0067_1.jpg,0061_3.jpg,0
exploration,cross_variable_variable,70,70,0070_1.jpg,0070_3.jpg,1
exploration,cross_variable_variable,70,92,0070_1.jpg,0092_3.jpg,0
exploration,cross_variable_variable,70,93,0070_1.jpg,0093_3.jpg,0
exploration,cross_variable_variable,70,124,0070_1.jpg,0124_3.jpg,0
exploration,cross_variable_variable,70,191,0070_1.jpg,0191_3.jpg,0
exploration,cross_variable_variable,70,192,0070_1.jpg,0192_3.jpg,0
exploration,cross_variable_variable,70,243,0070_1.jpg,0243_3.jpg,0
exploration,cross_variable_variable,70,256,0070_1.jpg,0256_3.jpg,0
exploration,cross_variable_variable,70,271,0070_1.jpg,0271_3.jpg,0
exploration,cross_variable_variable,70,19,0070_1.jpg,0019_3.jpg,0
exploration,cross_variable_variable,70,62,0070_1.jpg,0062_3.jpg,0
exploration,cross_variable_variable,71,71,0071_1.jpg,0071_3.jpg,1
exploration,cross_variable_variable,71,93,0071_1.jpg,0093_3.jpg,0
exploration,cross_variable_variable,71,94,0071_1.jpg,0094_3.jpg,0
exploration,cross_variable_variable,71,125,0071_1.jpg,0125_3.jpg,0
exploration,cross_variable_variable,71,192,0071_1.jpg,0192_3.jpg,0
exploration,cross_variable_variable,71,196,0071_1.jpg,0196_3.jpg,0
exploration,cross_variable_variable,71,244,0071_1.jpg,0244_3.jpg,0
exploration,cross_variable_variable,71,260,0071_1.jpg,0260_3.jpg,0
exploration,cross_variable_variable,71,272,0071_1.jpg,0272_3.jpg,0
exploration,cross_variable_variable,71,20,0071_1.jpg,0020_3.jpg,0
exploration,cross_variable_variable,71,65,0071_1.jpg,0065_3.jpg,0
exploration,cross_variable_variable,74,74,0074_1.jpg,0074_3.jpg,1
exploration,cross_variable_variable,74,94,0074_1.jpg,0094_3.jpg,0
exploration,cross_variable_variable,74,96,0074_1.jpg,0096_3.jpg,0
exploration,cross_variable_variable,74,127,0074_1.jpg,0127_3.jpg,0
exploration,cross_variable_variable,74,196,0074_1.jpg,0196_3.jpg,0
exploration,cross_variable_variable,74,197,0074_1.jpg,0197_3.jpg,0
exploration,cross_variable_variable,74,245,0074_1.jpg,0245_3.jpg,0
exploration,cross_variable_variable,74,261,0074_1.jpg,0261_3.jpg,0
exploration,cross_variable_variable,74,273,0074_1.jpg,0273_3.jpg,0
exploration,cross_variable_variable,74,21,0074_1.jpg,0021_3.jpg,0
exploration,cross_variable_variable,74,66,0074_1.jpg,0066_3.jpg,0
exploration,cross_variable_variable,75,75,0075_1.jpg,0075_3.jpg,1
exploration,cross_variable_variable,75,96,0075_1.jpg,0096_3.jpg,0
exploration,cross_variable_variable,75,97,0075_1.jpg,0097_3.jpg,0
exploration,cross_variable_variable,75,130,0075_1.jpg,0130_3.jpg,0
exploration,cross_variable_variable,75,197,0075_1.jpg,0197_3.jpg,0
exploration,cross_variable_variable,75,198,0075_1.jpg,0198_3.jpg,0
exploration,cross_variable_variable,75,246,0075_1.jpg,0246_3.jpg,0
exploration,cross_variable_variable,75,262,0075_1.jpg,0262_3.jpg,0
exploration,cross_variable_variable,75,274,0075_1.jpg,0274_3.jpg,0
exploration,cross_variable_variable,75,22,0075_1.jpg,0022_3.jpg,0
exploration,cross_variable_variable,75,67,0075_1.jpg,0067_3.jpg,0
exploration,cross_variable_variable,76,76,0076_1.jpg,0076_3.jpg,1
exploration,cross_variable_variable,76,97,0076_1.jpg,0097_3.jpg,0
exploration,cross_variable_variable,76,98,0076_1.jpg,0098_3.jpg,0
exploration,cross_variable_variable,76,132,0076_1.jpg,0132_3.jpg,0
exploration,cross_variable_variable,76,198,0076_1.jpg,0198_3.jpg,0
exploration,cross_variable_variable,76,199,0076_1.jpg,0199_3.jpg,0
exploration,cross_variable_variable,76,247,0076_1.jpg,0247_3.jpg,0
exploration,cross_variable_variable,76,263,0076_1.jpg,0263_3.jpg,0
exploration,cross_variable_variable,76,276,0076_1.jpg,0276_3.jpg,0
exploration,cross_variable_variable,76,25,0076_1.jpg,0025_3.jpg,0
exploration,cross_variable_variable,76,70,0076_1.jpg,0070_3.jpg,0
exploration,cross_variable_variable,77,77,0077_1.jpg,0077_3.jpg,1
exploration,cross_variable_variable,77,98,0077_1.jpg,0098_3.jpg,0
exploration,cross_variable_variable,77,100,0077_1.jpg,0100_3.jpg,0
exploration,cross_variable_variable,77,133,0077_1.jpg,0133_3.jpg,0
exploration,cross_variable_variable,77,199,0077_1.jpg,0199_3.jpg,0
exploration,cross_variable_variable,77,200,0077_1.jpg,0200_3.jpg,0
exploration,cross_variable_variable,77,248,0077_1.jpg,0248_3.jpg,0
exploration,cross_variable_variable,77,264,0077_1.jpg,0264_3.jpg,0
exploration,cross_variable_variable,77,279,0077_1.jpg,0279_3.jpg,0
exploration,cross_variable_variable,77,26,0077_1.jpg,0026_3.jpg,0
exploration,cross_variable_variable,77,71,0077_1.jpg,0071_3.jpg,0
exploration,cross_variable_variable,78,78,0078_1.jpg,0078_3.jpg,1
exploration,cross_variable_variable,78,100,0078_1.jpg,0100_3.jpg,0
exploration,cross_variable_variable,78,101,0078_1.jpg,0101_3.jpg,0
exploration,cross_variable_variable,78,134,0078_1.jpg,0134_3.jpg,0
exploration,cross_variable_variable,78,200,0078_1.jpg,0200_3.jpg,0
exploration,cross_variable_variable,78,201,0078_1.jpg,0201_3.jpg,0
exploration,cross_variable_variable,78,249,0078_1.jpg,0249_3.jpg,0
exploration,cross_variable_variable,78,265,0078_1.jpg,0265_3.jpg,0
exploration,cross_variable_variable,78,281,0078_1.jpg,0281_3.jpg,0
exploration,cross_variable_variable,78,27,0078_1.jpg,0027_3.jpg,0
exploration,cross_variable_variable,78,74,0078_1.jpg,0074_3.jpg,0
exploration,cross_variable_variable,79,79,0079_1.jpg,0079_3.jpg,1
exploration,cross_variable_variable,79,101,0079_1.jpg,0101_3.jpg,0
exploration,cross_variable_variable,79,103,0079_1.jpg,0103_3.jpg,0
exploration,cross_variable_variable,79,135,0079_1.jpg,0135_3.jpg,0
exploration,cross_variable_variable,79,201,0079_1.jpg,0201_3.jpg,0
exploration,cross_variable_variable,79,203,0079_1.jpg,0203_3.jpg,0
exploration,cross_variable_variable,79,250,0079_1.jpg,0250_3.jpg,0
exploration,cross_variable_variable,79,266,0079_1.jpg,0266_3.jpg,0
exploration,cross_variable_variable,79,282,0079_1.jpg,0282_3.jpg,0
exploration,cross_variable_variable,79,29,0079_1.jpg,0029_3.jpg,0
exploration,cross_variable_variable,79,75,0079_1.jpg,0075_3.jpg,0
exploration,cross_variable_variable,81,81,0081_1.jpg,0081_3.jpg,1
exploration,cross_variable_variable,81,103,0081_1.jpg,0103_3.jpg,0
exploration,cross_variable_variable,81,104,0081_1.jpg,0104_3.jpg,0
exploration,cross_variable_variable,81,138,0081_1.jpg,0138_3.jpg,0
exploration,cross_variable_variable,81,203,0081_1.jpg,0203_3.jpg,0
exploration,cross_variable_variable,81,204,0081_1.jpg,0204_3.jpg,0
exploration,cross_variable_variable,81,251,0081_1.jpg,0251_3.jpg,0
exploration,cross_variable_variable,81,267,0081_1.jpg,0267_3.jpg,0
exploration,cross_variable_variable,81,1,0081_1.jpg,0001_3.jpg,0
exploration,cross_variable_variable,81,30,0081_1.jpg,0030_3.jpg,0
exploration,cross_variable_variable,81,76,0081_1.jpg,0076_3.jpg,0
exploration,cross_variable_variable,83,83,0083_1.jpg,0083_3.jpg,1
exploration,cross_variable_variable,83,104,0083_1.jpg,0104_3.jpg,0
exploration,cross_variable_variable,83,105,0083_1.jpg,0105_3.jpg,0
exploration,cross_variable_variable,83,140,0083_1.jpg,0140_3.jpg,0
exploration,cross_variable_variable,83,204,0083_1.jpg,0204_3.jpg,0
exploration,cross_variable_variable,83,206,0083_1.jpg,0206_3.jpg,0
exploration,cross_variable_variable,83,252,0083_1.jpg,0252_3.jpg,0
exploration,cross_variable_variable,83,271,0083_1.jpg,0271_3.jpg,0
exploration,cross_variable_variable,83,2,0083_1.jpg,0002_3.jpg,0
exploration,cross_variable_variable,83,31,0083_1.jpg,0031_3.jpg,0
exploration,cross_variable_variable,83,77,0083_1.jpg,0077_3.jpg,0
exploration,cross_variable_variable,85,85,0085_1.jpg,0085_3.jpg,1
exploration,cross_variable_variable,85,105,0085_1.jpg,0105_3.jpg,0
exploration,cross_variable_variable,85,106,0085_1.jpg,0106_3.jpg,0
exploration,cross_variable_variable,85,142,0085_1.jpg,0142_3.jpg,0
exploration,cross_variable_variable,85,206,0085_1.jpg,0206_3.jpg,0
exploration,cross_variable_variable,85,207,0085_1.jpg,0207_3.jpg,0
exploration,cross_variable_variable,85,255,0085_1.jpg,0255_3.jpg,0
exploration,cross_variable_variable,85,272,0085_1.jpg,0272_3.jpg,0
exploration,cross_variable_variable,85,3,0085_1.jpg,0003_3.jpg,0
exploration,cross_variable_variable,85,35,0085_1.jpg,0035_3.jpg,0
exploration,cross_variable_variable,85,78,0085_1.jpg,0078_3.jpg,0
exploration,cross_variable_variable,86,86,0086_1.jpg,0086_3.jpg,1
exploration,cross_variable_variable,86,106,0086_1.jpg,0106_3.jpg,0
exploration,cross_variable_variable,86,107,0086_1.jpg,0107_3.jpg,0
exploration,cross_variable_variable,86,146,0086_1.jpg,0146_3.jpg,0
exploration,cross_variable_variable,86,207,0086_1.jpg,0207_3.jpg,0
exploration,cross_variable_variable,86,208,0086_1.jpg,0208_3.jpg,0
exploration,cross_variable_variable,86,256,0086_1.jpg,0256_3.jpg,0
exploration,cross_variable_variable,86,273,0086_1.jpg,0273_3.jpg,0
exploration,cross_variable_variable,86,6,0086_1.jpg,0006_3.jpg,0
exploration,cross_variable_variable,86,38,0086_1.jpg,0038_3.jpg,0
exploration,cross_variable_variable,86,79,0086_1.jpg,0079_3.jpg,0
exploration,cross_variable_variable,87,87,0087_1.jpg,0087_3.jpg,1
exploration,cross_variable_variable,87,107,0087_1.jpg,0107_3.jpg,0
exploration,cross_variable_variable,87,109,0087_1.jpg,0109_3.jpg,0
exploration,cross_variable_variable,87,147,0087_1.jpg,0147_3.jpg,0
exploration,cross_variable_variable,87,208,0087_1.jpg,0208_3.jpg,0
exploration,cross_variable_variable,87,209,0087_1.jpg,0209_3.jpg,0
exploration,cross_variable_variable,87,260,0087_1.jpg,0260_3.jpg,0
exploration,cross_variable_variable,87,274,0087_1.jpg,0274_3.jpg,0
exploration,cross_variable_variable,87,7,0087_1.jpg,0007_3.jpg,0
exploration,cross_variable_variable,87,39,0087_1.jpg,0039_3.jpg,0
exploration,cross_variable_variable,87,81,0087_1.jpg,0081_3.jpg,0
exploration,cross_variable_variable,89,89,0089_1.jpg,0089_3.jpg,1
exploration,cross_variable_variable,89,109,0089_1.jpg,0109_3.jpg,0
exploration,cross_variable_variable,89,110,0089_1.jpg,0110_3.jpg,0
exploration,cross_variable_variable,89,148,0089_1.jpg,0148_3.jpg,0
exploration,cross_variable_variable,89,209,0089_1.jpg,0209_3.jpg,0
exploration,cross_variable_variable,89,211,0089_1.jpg,0211_3.jpg,0
exploration,cross_variable_variable,89,261,0089_1.jpg,0261_3.jpg,0
exploration,cross_variable_variable,89,276,0089_1.jpg,0276_3.jpg,0
exploration,cross_variable_variable,89,8,0089_1.jpg,0008_3.jpg,0
exploration,cross_variable_variable,89,40,0089_1.jpg,0040_3.jpg,0
exploration,cross_variable_variable,89,83,0089_1.jpg,0083_3.jpg,0
exploration,cross_variable_variable,90,90,0090_1.jpg,0090_3.jpg,1
exploration,cross_variable_variable,90,110,0090_1.jpg,0110_3.jpg,0
exploration,cross_variable_variable,90,114,0090_1.jpg,0114_3.jpg,0
exploration,cross_variable_variable,90,152,0090_1.jpg,0152_3.jpg,0
exploration,cross_variable_variable,90,211,0090_1.jpg,0211_3.jpg,0
exploration,cross_variable_variable,90,212,0090_1.jpg,0212_3.jpg,0
exploration,cross_variable_variable,90,262,0090_1.jpg,0262_3.jpg,0
exploration,cross_variable_variable,90,279,0090_1.jpg,0279_3.jpg,0
exploration,cross_variable_variable,90,11,0090_1.jpg,0011_3.jpg,0
exploration,cross_variable_variable,90,42,0090_1.jpg,0042_3.jpg,0
exploration,cross_variable_variable,90,85,0090_1.jpg,0085_3.jpg,0
exploration,cross_variable_variable,91,91,0091_1.jpg,0091_3.jpg,1
exploration,cross_variable_variable,91,114,0091_1.jpg,0114_3.jpg,0
exploration,cross_variable_variable,91,116,0091_1.jpg,0116_3.jpg,0
exploration,cross_variable_variable,91,153,0091_1.jpg,0153_3.jpg,0
exploration,cross_variable_variable,91,212,0091_1.jpg,0212_3.jpg,0
exploration,cross_variable_variable,91,213,0091_1.jpg,0213_3.jpg,0
exploration,cross_variable_variable,91,263,0091_1.jpg,0263_3.jpg,0
exploration,cross_variable_variable,91,281,0091_1.jpg,0281_3.jpg,0
exploration,cross_variable_variable,91,12,0091_1.jpg,0012_3.jpg,0
exploration,cross_variable_variable,91,43,0091_1.jpg,0043_3.jpg,0
exploration,cross_variable_variable,91,86,0091_1.jpg,0086_3.jpg,0
exploration,cross_variable_variable,92,92,0092_1.jpg,0092_3.jpg,1
exploration,cross_variable_variable,92,116,0092_1.jpg,0116_3.jpg,0
exploration,cross_variable_variable,92,118,0092_1.jpg,0118_3.jpg,0
exploration,cross_variable_variable,92,154,0092_1.jpg,0154_3.jpg,0
exploration,cross_variable_variable,92,213,0092_1.jpg,0213_3.jpg,0
exploration,cross_variable_variable,92,214,0092_1.jpg,0214_3.jpg,0
exploration,cross_variable_variable,92,264,0092_1.jpg,0264_3.jpg,0
exploration,cross_variable_variable,92,282,0092_1.jpg,0282_3.jpg,0
exploration,cross_variable_variable,92,15,0092_1.jpg,0015_3.jpg,0
exploration,cross_variable_variable,92,46,0092_1.jpg,0046_3.jpg,0
exploration,cross_variable_variable,92,87,0092_1.jpg,0087_3.jpg,0
exploration,cross_variable_variable,93,93,0093_1.jpg,0093_3.jpg,1
exploration,cross_variable_variable,93,118,0093_1.jpg,0118_3.jpg,0
exploration,cross_variable_variable,93,119,0093_1.jpg,0119_3.jpg,0
exploration,cross_variable_variable,93,155,0093_1.jpg,0155_3.jpg,0
exploration,cross_variable_variable,93,214,0093_1.jpg,0214_3.jpg,0
exploration,cross_variable_variable,93,216,0093_1.jpg,0216_3.jpg,0
exploration,cross_variable_variable,93,265,0093_1.jpg,0265_3.jpg,0
exploration,cross_variable_variable,93,1,0093_1.jpg,0001_3.jpg,0
exploration,cross_variable_variable,93,18,0093_1.jpg,0018_3.jpg,0
exploration,cross_variable_variable,93,47,0093_1.jpg,0047_3.jpg,0
exploration,cross_variable_variable,93,89,0093_1.jpg,0089_3.jpg,0
exploration,cross_variable_variable,94,94,0094_1.jpg,0094_3.jpg,1
exploration,cross_variable_variable,94,119,0094_1.jpg,0119_3.jpg,0
exploration,cross_variable_variable,94,122,0094_1.jpg,0122_3.jpg,0
exploration,cross_variable_variable,94,156,0094_1.jpg,0156_3.jpg,0
exploration,cross_variable_variable,94,216,0094_1.jpg,0216_3.jpg,0
exploration,cross_variable_variable,94,219,0094_1.jpg,0219_3.jpg,0
exploration,cross_variable_variable,94,266,0094_1.jpg,0266_3.jpg,0
exploration,cross_variable_variable,94,2,0094_1.jpg,0002_3.jpg,0
exploration,cross_variable_variable,94,19,0094_1.jpg,0019_3.jpg,0
exploration,cross_variable_variable,94,49,0094_1.jpg,0049_3.jpg,0
exploration,cross_variable_variable,94,90,0094_1.jpg,0090_3.jpg,0
exploration,cross_variable_variable,96,96,0096_1.jpg,0096_3.jpg,1
exploration,cross_variable_variable,96,122,0096_1.jpg,0122_3.jpg,0
exploration,cross_variable_variable,96,123,0096_1.jpg,0123_3.jpg,0
exploration,cross_variable_variable,96,157,0096_1.jpg,0157_3.jpg,0
exploration,cross_variable_variable,96,219,0096_1.jpg,0219_3.jpg,0
exploration,cross_variable_variable,96,220,0096_1.jpg,0220_3.jpg,0
exploration,cross_variable_variable,96,267,0096_1.jpg,0267_3.jpg,0
exploration,cross_variable_variable,96,3,0096_1.jpg,0003_3.jpg,0
exploration,cross_variable_variable,96,20,0096_1.jpg,0020_3.jpg,0
exploration,cross_variable_variable,96,55,0096_1.jpg,0055_3.jpg,0
exploration,cross_variable_variable,96,91,0096_1.jpg,0091_3.jpg,0
exploration,cross_variable_variable,97,97,0097_1.jpg,0097_3.jpg,1
exploration,cross_variable_variable,97,123,0097_1.jpg,0123_3.jpg,0
exploration,cross_variable_variable,97,124,0097_1.jpg,0124_3.jpg,0
exploration,cross_variable_variable,97,158,0097_1.jpg,0158_3.jpg,0
exploration,cross_variable_variable,97,220,0097_1.jpg,0220_3.jpg,0
exploration,cross_variable_variable,97,221,0097_1.jpg,0221_3.jpg,0
exploration,cross_variable_variable,97,271,0097_1.jpg,0271_3.jpg,0
exploration,cross_variable_variable,97,6,0097_1.jpg,0006_3.jpg,0
exploration,cross_variable_variable,97,21,0097_1.jpg,0021_3.jpg,0
exploration,cross_variable_variable,97,56,0097_1.jpg,0056_3.jpg,0
exploration,cross_variable_variable,97,92,0097_1.jpg,0092_3.jpg,0
exploration,cross_variable_variable,98,98,0098_1.jpg,0098_3.jpg,1
exploration,cross_variable_variable,98,124,0098_1.jpg,0124_3.jpg,0
exploration,cross_variable_variable,98,125,0098_1.jpg,0125_3.jpg,0
exploration,cross_variable_variable,98,159,0098_1.jpg,0159_3.jpg,0
exploration,cross_variable_variable,98,221,0098_1.jpg,0221_3.jpg,0
exploration,cross_variable_variable,98,223,0098_1.jpg,0223_3.jpg,0
exploration,cross_variable_variable,98,272,0098_1.jpg,0272_3.jpg,0
exploration,cross_variable_variable,98,7,0098_1.jpg,0007_3.jpg,0
exploration,cross_variable_variable,98,22,0098_1.jpg,0022_3.jpg,0
exploration,cross_variable_variable,98,57,0098_1.jpg,0057_3.jpg,0
exploration,cross_variable_variable,98,93,0098_1.jpg,0093_3.jpg,0
exploration,cross_variable_variable,100,100,0100_1.jpg,0100_3.jpg,1
exploration,cross_variable_variable,100,125,0100_1.jpg,0125_3.jpg,0
exploration,cross_variable_variable,100,127,0100_1.jpg,0127_3.jpg,0
exploration,cross_variable_variable,100,161,0100_1.jpg,0161_3.jpg,0
exploration,cross_variable_variable,100,223,0100_1.jpg,0223_3.jpg,0
exploration,cross_variable_variable,100,224,0100_1.jpg,0224_3.jpg,0
exploration,cross_variable_variable,100,273,0100_1.jpg,0273_3.jpg,0
exploration,cross_variable_variable,100,8,0100_1.jpg,0008_3.jpg,0
exploration,cross_variable_variable,100,25,0100_1.jpg,0025_3.jpg,0
exploration,cross_variable_variable,100,59,0100_1.jpg,0059_3.jpg,0
exploration,cross_variable_variable,100,94,0100_1.jpg,0094_3.jpg,0
exploration,cross_variable_variable,101,101,0101_1.jpg,0101_3.jpg,1
exploration,cross_variable_variable,101,127,0101_1.jpg,0127_3.jpg,0
exploration,cross_variable_variable,101,130,0101_1.jpg,0130_3.jpg,0
exploration,cross_variable_variable,101,162,0101_1.jpg,0162_3.jpg,0
exploration,cross_variable_variable,101,224,0101_1.jpg,0224_3.jpg,0
exploration,cross_variable_variable,101,225,0101_1.jpg,0225_3.jpg,0
exploration,cross_variable_variable,101,274,0101_1.jpg,0274_3.jpg,0
exploration,cross_variable_variable,101,11,0101_1.jpg,0011_3.jpg,0
exploration,cross_variable_variable,101,26,0101_1.jpg,0026_3.jpg,0
exploration,cross_variable_variable,101,60,0101_1.jpg,0060_3.jpg,0
exploration,cross_variable_variable,101,96,0101_1.jpg,0096_3.jpg,0
exploration,cross_variable_variable,103,103,0103_1.jpg,0103_3.jpg,1
exploration,cross_variable_variable,103,130,0103_1.jpg,0130_3.jpg,0
exploration,cross_variable_variable,103,132,0103_1.jpg,0132_3.jpg,0
exploration,cross_variable_variable,103,163,0103_1.jpg,0163_3.jpg,0
exploration,cross_variable_variable,103,225,0103_1.jpg,0225_3.jpg,0
exploration,cross_variable_variable,103,226,0103_1.jpg,0226_3.jpg,0
exploration,cross_variable_variable,103,276,0103_1.jpg,0276_3.jpg,0
exploration,cross_variable_variable,103,12,0103_1.jpg,0012_3.jpg,0
exploration,cross_variable_variable,103,27,0103_1.jpg,0027_3.jpg,0
exploration,cross_variable_variable,103,61,0103_1.jpg,0061_3.jpg,0
exploration,cross_variable_variable,103,97,0103_1.jpg,0097_3.jpg,0
exploration,cross_variable_variable,104,104,0104_1.jpg,0104_3.jpg,1
exploration,cross_variable_variable,104,132,0104_1.jpg,0132_3.jpg,0
exploration,cross_variable_variable,104,133,0104_1.jpg,0133_3.jpg,0
exploration,cross_variable_variable,104,164,0104_1.jpg,0164_3.jpg,0
exploration,cross_variable_variable,104,226,0104_1.jpg,0226_3.jpg,0
exploration,cross_variable_variable,104,227,0104_1.jpg,0227_3.jpg,0
exploration,cross_variable_variable,104,279,0104_1.jpg,0279_3.jpg,0
exploration,cross_variable_variable,104,15,0104_1.jpg,0015_3.jpg,0
exploration,cross_variable_variable,104,29,0104_1.jpg,0029_3.jpg,0
exploration,cross_variable_variable,104,62,0104_1.jpg,0062_3.jpg,0
exploration,cross_variable_variable,104,98,0104_1.jpg,0098_3.jpg,0
exploration,cross_variable_variable,105,105,0105_1.jpg,0105_3.jpg,1
exploration,cross_variable_variable,105,133,0105_1.jpg,0133_3.jpg,0
exploration,cross_variable_variable,105,134,0105_1.jpg,0134_3.jpg,0
exploration,cross_variable_variable,105,167,0105_1.jpg,0167_3.jpg,0
exploration,cross_variable_variable,105,227,0105_1.jpg,0227_3.jpg,0
exploration,cross_variable_variable,105,228,0105_1.jpg,0228_3.jpg,0
exploration,cross_variable_variable,105,281,0105_1.jpg,0281_3.jpg,0
exploration,cross_variable_variable,105,18,0105_1.jpg,0018_3.jpg,0
exploration,cross_variable_variable,105,30,0105_1.jpg,0030_3.jpg,0
exploration,cross_variable_variable,105,65,0105_1.jpg,0065_3.jpg,0
exploration,cross_variable_variable,105,100,0105_1.jpg,0100_3.jpg,0
exploration,cross_variable_variable,106,106,0106_1.jpg,0106_3.jpg,1
exploration,cross_variable_variable,106,134,0106_1.jpg,0134_3.jpg,0
exploration,cross_variable_variable,106,135,0106_1.jpg,0135_3.jpg,0
exploration,cross_variable_variable,106,168,0106_1.jpg,0168_3.jpg,0
exploration,cross_variable_variable,106,228,0106_1.jpg,0228_3.jpg,0
exploration,cross_variable_variable,106,229,0106_1.jpg,0229_3.jpg,0
exploration,cross_variable_variable,106,282,0106_1.jpg,0282_3.jpg,0
exploration,cross_variable_variable,106,19,0106_1.jpg,0019_3.jpg,0
exploration,cross_variable_variable,106,31,0106_1.jpg,0031_3.jpg,0
exploration,cross_variable_variable,106,66,0106_1.jpg,0066_3.jpg,0
exploration,cross_variable_variable,106,101,0106_1.jpg,0101_3.jpg,0
exploration,cross_variable_variable,107,107,0107_1.jpg,0107_3.jpg,1
exploration,cross_variable_variable,107,135,0107_1.jpg,0135_3.jpg,0
exploration,cross_variable_variable,107,138,0107_1.jpg,0138_3.jpg,0
exploration,cross_variable_variable,107,169,0107_1.jpg,0169_3.jpg,0
exploration,cross_variable_variable,107,229,0107_1.jpg,0229_3.jpg,0
exploration,cross_variable_variable,107,231,0107_1.jpg,0231_3.jpg,0
exploration,cross_variable_variable,107,1,0107_1.jpg,0001_3.jpg,0
exploration,cross_variable_variable,107,20,0107_1.jpg,0020_3.jpg,0
exploration,cross_variable_variable,107,35,0107_1.jpg,0035_3.jpg,0
exploration,cross_variable_variable,107,67,0107_1.jpg,0067_3.jpg,0
exploration,cross_variable_variable,107,103,0107_1.jpg,0103_3.jpg,0
exploration,cross_variable_variable,109,109,0109_1.jpg,0109_3.jpg,1
exploration,cross_variable_variable,109,138,0109_1.jpg,0138_3.jpg,0
exploration,cross_variable_variable,109,140,0109_1.jpg,0140_3.jpg,0
exploration,cross_variable_variable,109,171,0109_1.jpg,0171_3.jpg,0
exploration,cross_variable_variable,109,231,0109_1.jpg,0231_3.jpg,0
exploration,cross_variable_variable,109,232,0109_1.jpg,0232_3.jpg,0
exploration,cross_variable_variable,109,2,0109_1.jpg,0002_3.jpg,0
exploration,cross_variable_variable,109,21,0109_1.jpg,0021_3.jpg,0
exploration,cross_variable_variable,109,38,0109_1.jpg,0038_3.jpg,0
exploration,cross_variable_variable,109,70,0109_1.jpg,0070_3.jpg,0
exploration,cross_variable_variable,109,104,0109_1.jpg,0104_3.jpg,0
exploration,cross_variable_variable,110,110,0110_1.jpg,0110_3.jpg,1
exploration,cross_variable_variable,110,140,0110_1.jpg,0140_3.jpg,0
exploration,cross_variable_variable,110,142,0110_1.jpg,0142_3.jpg,0
exploration,cross_variable_variable,110,172,0110_1.jpg,0172_3.jpg,0
exploration,cross_variable_variable,110,232,0110_1.jpg,0232_3.jpg,0
exploration,cross_variable_variable,110,234,0110_1.jpg,0234_3.jpg,0
exploration,cross_variable_variable,110,3,0110_1.jpg,0003_3.jpg,0
exploration,cross_variable_variable,110,22,0110_1.jpg,0022_3.jpg,0
exploration,cross_variable_variable,110,39,0110_1.jpg,0039_3.jpg,0
exploration,cross_variable_variable,110,71,0110_1.jpg,0071_3.jpg,0
exploration,cross_variable_variable,110,105,0110_1.jpg,0105_3.jpg,0
exploration,cross_variable_variable,114,114,0114_1.jpg,0114_3.jpg,1
exploration,cross_variable_variable,114,142,0114_1.jpg,0142_3.jpg,0
exploration,cross_variable_variable,114,146,0114_1.jpg,0146_3.jpg,0
exploration,cross_variable_variable,114,178,0114_1.jpg,0178_3.jpg,0
exploration,cross_variable_variable,114,234,0114_1.jpg,0234_3.jpg,0
exploration,cross_variable_variable,114,235,0114_1.jpg,0235_3.jpg,0
exploration,cross_variable_variable,114,6,0114_1.jpg,0006_3.jpg,0
exploration,cross_variable_variable,114,25,0114_1.jpg,0025_3.jpg,0
exploration,cross_variable_variable,114,40,0114_1.jpg,0040_3.jpg,0
exploration,cross_variable_variable,114,74,0114_1.jpg,0074_3.jpg,0
exploration,cross_variable_variable,114,106,0114_1.jpg,0106_3.jpg,0
exploration,cross_variable_variable,116,116,0116_1.jpg,0116_3.jpg,1
exploration,cross_variable_variable,116,146,0116_1.jpg,0146_3.jpg,0
exploration,cross_variable_variable,116,147,0116_1.jpg,0147_3.jpg,0
exploration,cross_variable_variable,116,179,0116_1.jpg,0179_3.jpg,0
exploration,cross_variable_variable,116,235,0116_1.jpg,0235_3.jpg,0
exploration,cross_variable_variable,116,237,0116_1.jpg,0237_3.jpg,0
exploration,cross_variable_variable,116,7,0116_1.jpg,0007_3.jpg,0
exploration,cross_variable_variable,116,26,0116_1.jpg,0026_3.jpg,0
exploration,cross_variable_variable,116,42,0116_1.jpg,0042_3.jpg,0
exploration,cross_variable_variable,116,75,0116_1.jpg,0075_3.jpg,0
exploration,cross_variable_variable,116,107,0116_1.jpg,0107_3.jpg,0
exploration,cross_variable_variable,118,118,0118_1.jpg,0118_3.jpg,1
exploration,cross_variable_variable,118,147,0118_1.jpg,0147_3.jpg,0
exploration,cross_variable_variable,118,148,0118_1.jpg,0148_3.jpg,0
exploration,cross_variable_variable,118,180,0118_1.jpg,0180_3.jpg,0
exploration,cross_variable_variable,118,237,0118_1.jpg,0237_3.jpg,0
exploration,cross_variable_variable,118,239,0118_1.jpg,0239_3.jpg,0
exploration,cross_variable_variable,118,8,0118_1.jpg,0008_3.jpg,0
exploration,cross_variable_variable,118,27,0118_1.jpg,0027_3.jpg,0
exploration,cross_variable_variable,118,43,0118_1.jpg,0043_3.jpg,0
exploration,cross_variable_variable,118,76,0118_1.jpg,0076_3.jpg,0
exploration,cross_variable_variable,118,109,0118_1.jpg,0109_3.jpg,0
exploration,cross_variable_variable,119,119,0119_1.jpg,0119_3.jpg,1
exploration,cross_variable_variable,119,148,0119_1.jpg,0148_3.jpg,0
exploration,cross_variable_variable,119,152,0119_1.jpg,0152_3.jpg,0
exploration,cross_variable_variable,119,181,0119_1.jpg,0181_3.jpg,0
exploration,cross_variable_variable,119,239,0119_1.jpg,0239_3.jpg,0
exploration,cross_variable_variable,119,240,0119_1.jpg,0240_3.jpg,0
exploration,cross_variable_variable,119,11,0119_1.jpg,0011_3.jpg,0
exploration,cross_variable_variable,119,29,0119_1.jpg,0029_3.jpg,0
exploration,cross_variable_variable,119,46,0119_1.jpg,0046_3.jpg,0
exploration,cross_variable_variable,119,77,0119_1.jpg,0077_3.jpg,0
exploration,cross_variable_variable,119,110,0119_1.jpg,0110_3.jpg,0
exploration,cross_variable_variable,122,122,0122_1.jpg,0122_3.jpg,1
exploration,cross_variable_variable,122,152,0122_1.jpg,0152_3.jpg,0
exploration,cross_variable_variable,122,153,0122_1.jpg,0153_3.jpg,0
exploration,cross_variable_variable,122,183,0122_1.jpg,0183_3.jpg,0
exploration,cross_variable_variable,122,240,0122_1.jpg,0240_3.jpg,0
exploration,cross_variable_variable,122,241,0122_1.jpg,0241_3.jpg,0
exploration,cross_variable_variable,122,12,0122_1.jpg,0012_3.jpg,0
exploration,cross_variable_variable,122,30,0122_1.jpg,0030_3.jpg,0
exploration,cross_variable_variable,122,47,0122_1.jpg,0047_3.jpg,0
exploration,cross_variable_variable,122,78,0122_1.jpg,0078_3.jpg,0
exploration,cross_variable_variable,122,114,0122_1.jpg,0114_3.jpg,0
exploration,cross_variable_variable,123,123,0123_1.jpg,0123_3.jpg,1
exploration,cross_variable_variable,123,153,0123_1.jpg,0153_3.jpg,0
exploration,cross_variable_variable,123,154,0123_1.jpg,0154_3.jpg,0
exploration,cross_variable_variable,123,185,0123_1.jpg,0185_3.jpg,0
exploration,cross_variable_variable,123,241,0123_1.jpg,0241_3.jpg,0
exploration,cross_variable_variable,123,242,0123_1.jpg,0242_3.jpg,0
exploration,cross_variable_variable,123,15,0123_1.jpg,0015_3.jpg,0
exploration,cross_variable_variable,123,31,0123_1.jpg,0031_3.jpg,0
exploration,cross_variable_variable,123,49,0123_1.jpg,0049_3.jpg,0
exploration,cross_variable_variable,123,79,0123_1.jpg,0079_3.jpg,0
exploration,cross_variable_variable,123,116,0123_1.jpg,0116_3.jpg,0
exploration,cross_variable_variable,124,124,0124_1.jpg,0124_3.jpg,1
exploration,cross_variable_variable,124,154,0124_1.jpg,0154_3.jpg,0
exploration,cross_variable_variable,124,155,0124_1.jpg,0155_3.jpg,0
exploration,cross_variable_variable,124,188,0124_1.jpg,0188_3.jpg,0
exploration,cross_variable_variable,124,242,0124_1.jpg,0242_3.jpg,0
exploration,cross_variable_variable,124,243,0124_1.jpg,0243_3.jpg,0
exploration,cross_variable_variable,124,18,0124_1.jpg,0018_3.jpg,0
exploration,cross_variable_variable,124,35,0124_1.jpg,0035_3.jpg,0
exploration,cross_variable_variable,124,55,0124_1.jpg,0055_3.jpg,0
exploration,cross_variable_variable,124,81,0124_1.jpg,0081_3.jpg,0
exploration,cross_variable_variable,124,118,0124_1.jpg,0118_3.jpg,0
exploration,cross_variable_variable,125,125,0125_1.jpg,0125_3.jpg,1
exploration,cross_variable_variable,125,155,0125_1.jpg,0155_3.jpg,0
exploration,cross_variable_variable,125,156,0125_1.jpg,0156_3.jpg,0
exploration,cross_variable_variable,125,189,0125_1.jpg,0189_3.jpg,0
exploration,cross_variable_variable,125,243,0125_1.jpg,0243_3.jpg,0
exploration,cross_variable_variable,125,244,0125_1.jpg,0244_3.jpg,0
exploration,cross_variable_variable,125,19,0125_1.jpg,0019_3.jpg,0
exploration,cross_variable_variable,125,38,0125_1.jpg,0038_3.jpg,0
exploration,cross_variable_variable,125,56,0125_1.jpg,0056_3.jpg,0
exploration,cross_variable_variable,125,83,0125_1.jpg,0083_3.jpg,0
exploration,cross_variable_variable,125,119,0125_1.jpg,0119_3.jpg,0
exploration,cross_variable_variable,127,127,0127_1.jpg,0127_3.jpg,1
exploration,cross_variable_variable,127,156,0127_1.jpg,0156_3.jpg,0
exploration,cross_variable_variable,127,157,0127_1.jpg,0157_3.jpg,0
exploration,cross_variable_variable,127,191,0127_1.jpg,0191_3.jpg,0
exploration,cross_variable_variable,127,244,0127_1.jpg,0244_3.jpg,0
exploration,cross_variable_variable,127,245,0127_1.jpg,0245_3.jpg,0
exploration,cross_variable_variable,127,20,0127_1.jpg,0020_3.jpg,0
exploration,cross_variable_variable,127,39,0127_1.jpg,0039_3.jpg,0
exploration,cross_variable_variable,127,57,0127_1.jpg,0057_3.jpg,0
exploration,cross_variable_variable,127,85,0127_1.jpg,0085_3.jpg,0
exploration,cross_variable_variable,127,122,0127_1.jpg,0122_3.jpg,0
exploration,cross_variable_variable,130,130,0130_1.jpg,0130_3.jpg,1
exploration,cross_variable_variable,130,157,0130_1.jpg,0157_3.jpg,0
exploration,cross_variable_variable,130,158,0130_1.jpg,0158_3.jpg,0
exploration,cross_variable_variable,130,192,0130_1.jpg,0192_3.jpg,0
exploration,cross_variable_variable,130,245,0130_1.jpg,0245_3.jpg,0
exploration,cross_variable_variable,130,246,0130_1.jpg,0246_3.jpg,0
exploration,cross_variable_variable,130,21,0130_1.jpg,0021_3.jpg,0
exploration,cross_variable_variable,130,40,0130_1.jpg,0040_3.jpg,0
exploration,cross_variable_variable,130,59,0130_1.jpg,0059_3.jpg,0
exploration,cross_variable_variable,130,86,0130_1.jpg,0086_3.jpg,0
exploration,cross_variable_variable,130,123,0130_1.jpg,0123_3.jpg,0
exploration,cross_variable_variable,132,132,0132_1.jpg,0132_3.jpg,1
exploration,cross_variable_variable,132,158,0132_1.jpg,0158_3.jpg,0
exploration,cross_variable_variable,132,159,0132_1.jpg,0159_3.jpg,0
exploration,cross_variable_variable,132,196,0132_1.jpg,0196_3.jpg,0
exploration,cross_variable_variable,132,246,0132_1.jpg,0246_3.jpg,0
exploration,cross_variable_variable,132,247,0132_1.jpg,0247_3.jpg,0
exploration,cross_variable_variable,132,22,0132_1.jpg,0022_3.jpg,0
exploration,cross_variable_variable,132,42,0132_1.jpg,0042_3.jpg,0
exploration,cross_variable_variable,132,60,0132_1.jpg,0060_3.jpg,0
exploration,cross_variable_variable,132,87,0132_1.jpg,0087_3.jpg,0
exploration,cross_variable_variable,132,124,0132_1.jpg,0124_3.jpg,0
exploration,cross_variable_variable,133,133,0133_1.jpg,0133_3.jpg,1
exploration,cross_variable_variable,133,159,0133_1.jpg,0159_3.jpg,0
exploration,cross_variable_variable,133,161,0133_1.jpg,0161_3.jpg,0
exploration,cross_variable_variable,133,197,0133_1.jpg,0197_3.jpg,0
exploration,cross_variable_variable,133,247,0133_1.jpg,0247_3.jpg,0
exploration,cross_variable_variable,133,248,0133_1.jpg,0248_3.jpg,0
exploration,cross_variable_variable,133,25,0133_1.jpg,0025_3.jpg,0
exploration,cross_variable_variable,133,43,0133_1.jpg,0043_3.jpg,0
exploration,cross_variable_variable,133,61,0133_1.jpg,0061_3.jpg,0
exploration,cross_variable_variable,133,89,0133_1.jpg,0089_3.jpg,0
exploration,cross_variable_variable,133,125,0133_1.jpg,0125_3.jpg,0
exploration,cross_variable_variable,134,134,0134_1.jpg,0134_3.jpg,1
exploration,cross_variable_variable,134,161,0134_1.jpg,0161_3.jpg,0
exploration,cross_variable_variable,134,162,0134_1.jpg,0162_3.jpg,0
exploration,cross_variable_variable,134,198,0134_1.jpg,0198_3.jpg,0
exploration,cross_variable_variable,134,248,0134_1.jpg,0248_3.jpg,0
exploration,cross_variable_variable,134,249,0134_1.jpg,0249_3.jpg,0
exploration,cross_variable_variable,134,26,0134_1.jpg,0026_3.jpg,0
exploration,cross_variable_variable,134,46,0134_1.jpg,0046_3.jpg,0
exploration,cross_variable_variable,134,62,0134_1.jpg,0062_3.jpg,0
exploration,cross_variable_variable,134,90,0134_1.jpg,0090_3.jpg,0
exploration,cross_variable_variable,134,127,0134_1.jpg,0127_3.jpg,0
exploration,cross_variable_variable,135,135,0135_1.jpg,0135_3.jpg,1
exploration,cross_variable_variable,135,162,0135_1.jpg,0162_3.jpg,0
exploration,cross_variable_variable,135,163,0135_1.jpg,0163_3.jpg,0
exploration,cross_variable_variable,135,199,0135_1.jpg,0199_3.jpg,0
exploration,cross_variable_variable,135,249,0135_1.jpg,0249_3.jpg,0
exploration,cross_variable_variable,135,250,0135_1.jpg,0250_3.jpg,0
exploration,cross_variable_variable,135,27,0135_1.jpg,0027_3.jpg,0
exploration,cross_variable_variable,135,47,0135_1.jpg,0047_3.jpg,0
exploration,cross_variable_variable,135,65,0135_1.jpg,0065_3.jpg,0
exploration,cross_variable_variable,135,91,0135_1.jpg,0091_3.jpg,0
exploration,cross_variable_variable,135,130,0135_1.jpg,0130_3.jpg,0
exploration,cross_variable_variable,138,138,0138_1.jpg,0138_3.jpg,1
exploration,cross_variable_variable,138,163,0138_1.jpg,0163_3.jpg,0
exploration,cross_variable_variable,138,164,0138_1.jpg,0164_3.jpg,0
exploration,cross_variable_variable,138,200,0138_1.jpg,0200_3.jpg,0
exploration,cross_variable_variable,138,250,0138_1.jpg,0250_3.jpg,0
exploration,cross_variable_variable,138,251,0138_1.jpg,0251_3.jpg,0
exploration,cross_variable_variable,138,29,0138_1.jpg,0029_3.jpg,0
exploration,cross_variable_variable,138,49,0138_1.jpg,0049_3.jpg,0
exploration,cross_variable_variable,138,66,0138_1.jpg,0066_3.jpg,0
exploration,cross_variable_variable,138,92,0138_1.jpg,0092_3.jpg,0
exploration,cross_variable_variable,138,132,0138_1.jpg,0132_3.jpg,0
exploration,cross_variable_variable,140,140,0140_1.jpg,0140_3.jpg,1
exploration,cross_variable_variable,140,164,0140_1.jpg,0164_3.jpg,0
exploration,cross_variable_variable,140,167,0140_1.jpg,0167_3.jpg,0
exploration,cross_variable_variable,140,201,0140_1.jpg,0201_3.jpg,0
exploration,cross_variable_variable,140,251,0140_1.jpg,0251_3.jpg,0
exploration,cross_variable_variable,140,252,0140_1.jpg,0252_3.jpg,0
exploration,cross_variable_variable,140,30,0140_1.jpg,0030_3.jpg,0
exploration,cross_variable_variable,140,55,0140_1.jpg,0055_3.jpg,0
exploration,cross_variable_variable,140,67,0140_1.jpg,0067_3.jpg,0
exploration,cross_variable_variable,140,93,0140_1.jpg,0093_3.jpg,0
exploration,cross_variable_variable,140,133,0140_1.jpg,0133_3.jpg,0
exploration,cross_variable_variable,142,142,0142_1.jpg,0142_3.jpg,1
exploration,cross_variable_variable,142,167,0142_1.jpg,0167_3.jpg,0
exploration,cross_variable_variable,142,168,0142_1.jpg,0168_3.jpg,0
exploration,cross_variable_variable,142,203,0142_1.jpg,0203_3.jpg,0
exploration,cross_variable_variable,142,252,0142_1.jpg,0252_3.jpg,0
exploration,cross_variable_variable,142,255,0142_1.jpg,0255_3.jpg,0
exploration,cross_variable_variable,142,31,0142_1.jpg,0031_3.jpg,0
exploration,cross_variable_variable,142,56,0142_1.jpg,0056_3.jpg,0
exploration,cross_variable_variable,142,70,0142_1.jpg,0070_3.jpg,0
exploration,cross_variable_variable,142,94,0142_1.jpg,0094_3.jpg,0
exploration,cross_variable_variable,142,134,0142_1.jpg,0134_3.jpg,0
exploration,cross_variable_variable,146,146,0146_1.jpg,0146_3.jpg,1
exploration,cross_variable_variable,146,168,0146_1.jpg,0168_3.jpg,0
exploration,cross_variable_variable,146,169,0146_1.jpg,0169_3.jpg,0
exploration,cross_variable_variable,146,204,0146_1.jpg,0204_3.jpg,0
exploration,cross_variable_variable,146,255,0146_1.jpg,0255_3.jpg,0
exploration,cross_variable_variable,146,256,0146_1.jpg,0256_3.jpg,0
exploration,cross_variable_variable,146,35,0146_1.jpg,0035_3.jpg,0
exploration,cross_variable_variable,146,57,0146_1.jpg,0057_3.jpg,0
exploration,cross_variable_variable,146,71,0146_1.jpg,0071_3.jpg,0
exploration,cross_variable_variable,146,96,0146_1.jpg,0096_3.jpg,0
exploration,cross_variable_variable,146,135,0146_1.jpg,0135_3.jpg,0
exploration,cross_variable_variable,147,147,0147_1.jpg,0147_3.jpg,1
exploration,cross_variable_variable,147,169,0147_1.jpg,0169_3.jpg,0
exploration,cross_variable_variable,147,171,0147_1.jpg,0171_3.jpg,0
exploration,cross_variable_variable,147,206,0147_1.jpg,0206_3.jpg,0
exploration,cross_variable_variable,147,256,0147_1.jpg,0256_3.jpg,0
exploration,cross_variable_variable,147,260,0147_1.jpg,0260_3.jpg,0
exploration,cross_variable_variable,147,38,0147_1.jpg,0038_3.jpg,0
exploration,cross_variable_variable,147,59,0147_1.jpg,0059_3.jpg,0
exploration,cross_variable_variable,147,74,0147_1.jpg,0074_3.jpg,0
exploration,cross_variable_variable,147,97,0147_1.jpg,0097_3.jpg,0
exploration,cross_variable_variable,147,138,0147_1.jpg,0138_3.jpg,0
exploration,cross_variable_variable,148,148,0148_1.jpg,0148_3.jpg,1
exploration,cross_variable_variable,148,171,0148_1.jpg,0171_3.jpg,0
exploration,cross_variable_variable,148,172,0148_1.jpg,0172_3.jpg,0
exploration,cross_variable_variable,148,207,0148_1.jpg,0207_3.jpg,0
exploration,cross_variable_variable,148,260,0148_1.jpg,0260_3.jpg,0
exploration,cross_variable_variable,148,261,0148_1.jpg,0261_3.jpg,0
exploration,cross_variable_variable,148,39,0148_1.jpg,0039_3.jpg,0
exploration,cross_variable_variable,148,60,0148_1.jpg,0060_3.jpg,0
exploration,cross_variable_variable,148,75,0148_1.jpg,0075_3.jpg,0
exploration,cross_variable_variable,148,98,0148_1.jpg,0098_3.jpg,0
exploration,cross_variable_variable,148,140,0148_1.jpg,0140_3.jpg,0
exploration,cross_variable_variable,152,152,0152_1.jpg,0152_3.jpg,1
exploration,cross_variable_variable,152,172,0152_1.jpg,0172_3.jpg,0
exploration,cross_variable_variable,152,178,0152_1.jpg,0178_3.jpg,0
exploration,cross_variable_variable,152,208,0152_1.jpg,0208_3.jpg,0
exploration,cross_variable_variable,152,261,0152_1.jpg,0261_3.jpg,0
exploration,cross_variable_variable,152,262,0152_1.jpg,0262_3.jpg,0
exploration,cross_variable_variable,152,40,0152_1.jpg,0040_3.jpg,0
exploration,cross_variable_variable,152,61,0152_1.jpg,0061_3.jpg,0
exploration,cross_variable_variable,152,76,0152_1.jpg,0076_3.jpg,0
exploration,cross_variable_variable,152,100,0152_1.jpg,0100_3.jpg,0
exploration,cross_variable_variable,152,142,0152_1.jpg,0142_3.jpg,0
exploration,cross_variable_variable,153,153,0153_1.jpg,0153_3.jpg,1
exploration,cross_variable_variable,153,178,0153_1.jpg,0178_3.jpg,0
exploration,cross_variable_variable,153,179,0153_1.jpg,0179_3.jpg,0
exploration,cross_variable_variable,153,209,0153_1.jpg,0209_3.jpg,0
exploration,cross_variable_variable,153,262,0153_1.jpg,0262_3.jpg,0
exploration,cross_variable_variable,153,263,0153_1.jpg,0263_3.jpg,0
exploration,cross_variable_variable,153,42,0153_1.jpg,0042_3.jpg,0
exploration,cross_variable_variable,153,62,0153_1.jpg,0062_3.jpg,0
exploration,cross_variable_variable,153,77,0153_1.jpg,0077_3.jpg,0
exploration,cross_variable_variable,153,101,0153_1.jpg,0101_3.jpg,0
exploration,cross_variable_variable,153,146,0153_1.jpg,0146_3.jpg,0
exploration,cross_variable_variable,154,154,0154_1.jpg,0154_3.jpg,1
exploration,cross_variable_variable,154,179,0154_1.jpg,0179_3.jpg,0
exploration,cross_variable_variable,154,180,0154_1.jpg,0180_3.jpg,0
exploration,cross_variable_variable,154,211,0154_1.jpg,0211_3.jpg,0
exploration,cross_variable_variable,154,263,0154_1.jpg,0263_3.jpg,0
exploration,cross_variable_variable,154,264,0154_1.jpg,0264_3.jpg,0
exploration,cross_variable_variable,154,43,0154_1.jpg,0043_3.jpg,0
exploration,cross_variable_variable,154,65,0154_1.jpg,0065_3.jpg,0
exploration,cross_variable_variable,154,78,0154_1.jpg,0078_3.jpg,0
exploration,cross_variable_variable,154,103,0154_1.jpg,0103_3.jpg,0
exploration,cross_variable_variable,154,147,0154_1.jpg,0147_3.jpg,0
exploration,cross_variable_variable,155,155,0155_1.jpg,0155_3.jpg,1
exploration,cross_variable_variable,155,180,0155_1.jpg,0180_3.jpg,0
exploration,cross_variable_variable,155,181,0155_1.jpg,0181_3.jpg,0
exploration,cross_variable_variable,155,212,0155_1.jpg,0212_3.jpg,0
exploration,cross_variable_variable,155,264,0155_1.jpg,0264_3.jpg,0
exploration,cross_variable_variable,155,265,0155_1.jpg,0265_3.jpg,0
exploration,cross_variable_variable,155,46,0155_1.jpg,0046_3.jpg,0
exploration,cross_variable_variable,155,66,0155_1.jpg,0066_3.jpg,0
exploration,cross_variable_variable,155,79,0155_1.jpg,0079_3.jpg,0
exploration,cross_variable_variable,155,104,0155_1.jpg,0104_3.jpg,0
exploration,cross_variable_variable,155,148,0155_1.jpg,0148_3.jpg,0
exploration,cross_variable_variable,156,156,0156_1.jpg,0156_3.jpg,1
exploration,cross_variable_variable,156,181,0156_1.jpg,0181_3.jpg,0
exploration,cross_variable_variable,156,183,0156_1.jpg,0183_3.jpg,0
exploration,cross_variable_variable,156,213,0156_1.jpg,0213_3.jpg,0
exploration,cross_variable_variable,156,265,0156_1.jpg,0265_3.jpg,0
exploration,cross_variable_variable,156,266,0156_1.jpg,0266_3.jpg,0
exploration,cross_variable_variable,156,47,0156_1.jpg,0047_3.jpg,0
exploration,cross_variable_variable,156,67,0156_1.jpg,0067_3.jpg,0
exploration,cross_variable_variable,156,81,0156_1.jpg,0081_3.jpg,0
exploration,cross_variable_variable,156,105,0156_1.jpg,0105_3.jpg,0
exploration,cross_variable_variable,156,152,0156_1.jpg,0152_3.jpg,0
exploration,cross_variable_variable,157,157,0157_1.jpg,0157_3.jpg,1
exploration,cross_variable_variable,157,183,0157_1.jpg,0183_3.jpg,0
exploration,cross_variable_variable,157,185,0157_1.jpg,0185_3.jpg,0
exploration,cross_variable_variable,157,214,0157_1.jpg,0214_3.jpg,0
exploration,cross_variable_variable,157,266,0157_1.jpg,0266_3.jpg,0
exploration,cross_variable_variable,157,267,0157_1.jpg,0267_3.jpg,0
exploration,cross_variable_variable,157,49,0157_1.jpg,0049_3.jpg,0
exploration,cross_variable_variable,157,70,0157_1.jpg,0070_3.jpg,0
exploration,cross_variable_variable,157,83,0157_1.jpg,0083_3.jpg,0
exploration,cross_variable_variable,157,106,0157_1.jpg,0106_3.jpg,0
exploration,cross_variable_variable,157,153,0157_1.jpg,0153_3.jpg,0
exploration,cross_variable_variable,158,158,0158_1.jpg,0158_3.jpg,1
exploration,cross_variable_variable,158,185,0158_1.jpg,0185_3.jpg,0
exploration,cross_variable_variable,158,188,0158_1.jpg,0188_3.jpg,0
exploration,cross_variable_variable,158,216,0158_1.jpg,0216_3.jpg,0
exploration,cross_variable_variable,158,267,0158_1.jpg,0267_3.jpg,0
exploration,cross_variable_variable,158,271,0158_1.jpg,0271_3.jpg,0
exploration,cross_variable_variable,158,55,0158_1.jpg,0055_3.jpg,0
exploration,cross_variable_variable,158,71,0158_1.jpg,0071_3.jpg,0
exploration,cross_variable_variable,158,85,0158_1.jpg,0085_3.jpg,0
exploration,cross_variable_variable,158,107,0158_1.jpg,0107_3.jpg,0
exploration,cross_variable_variable,158,154,0158_1.jpg,0154_3.jpg,0
exploration,cross_variable_variable,159,159,0159_1.jpg,0159_3.jpg,1
exploration,cross_variable_variable,159,188,0159_1.jpg,0188_3.jpg,0
exploration,cross_variable_variable,159,189,0159_1.jpg,0189_3.jpg,0
exploration,cross_variable_variable,159,219,0159_1.jpg,0219_3.jpg,0
exploration,cross_variable_variable,159,271,0159_1.jpg,0271_3.jpg,0
exploration,cross_variable_variable,159,272,0159_1.jpg,0272_3.jpg,0
exploration,cross_variable_variable,159,56,0159_1.jpg,0056_3.jpg,0
exploration,cross_variable_variable,159,74,0159_1.jpg,0074_3.jpg,0
exploration,cross_variable_variable,159,86,0159_1.jpg,0086_3.jpg,0
exploration,cross_variable_variable,159,109,0159_1.jpg,0109_3.jpg,0
exploration,cross_variable_variable,159,155,0159_1.jpg,0155_3.jpg,0
exploration,cross_variable_variable,161,161,0161_1.jpg,0161_3.jpg,1
exploration,cross_variable_variable,161,189,0161_1.jpg,0189_3.jpg,0
exploration,cross_variable_variable,161,191,0161_1.jpg,0191_3.jpg,0
exploration,cross_variable_variable,161,220,0161_1.jpg,0220_3.jpg,0
exploration,cross_variable_variable,161,272,0161_1.jpg,0272_3.jpg,0
exploration,cross_variable_variable,161,273,0161_1.jpg,0273_3.jpg,0
exploration,cross_variable_variable,161,57,0161_1.jpg,0057_3.jpg,0
exploration,cross_variable_variable,161,75,0161_1.jpg,0075_3.jpg,0
exploration,cross_variable_variable,161,87,0161_1.jpg,0087_3.jpg,0
exploration,cross_variable_variable,161,110,0161_1.jpg,0110_3.jpg,0
exploration,cross_variable_variable,161,156,0161_1.jpg,0156_3.jpg,0
exploration,cross_variable_variable,162,162,0162_1.jpg,0162_3.jpg,1
exploration,cross_variable_variable,162,191,0162_1.jpg,0191_3.jpg,0
exploration,cross_variable_variable,162,192,0162_1.jpg,0192_3.jpg,0
exploration,cross_variable_variable,162,221,0162_1.jpg,0221_3.jpg,0
exploration,cross_variable_variable,162,273,0162_1.jpg,0273_3.jpg,0
exploration,cross_variable_variable,162,274,0162_1.jpg,0274_3.jpg,0
exploration,cross_variable_variable,162,59,0162_1.jpg,0059_3.jpg,0
exploration,cross_variable_variable,162,76,0162_1.jpg,0076_3.jpg,0
exploration,cross_variable_variable,162,89,0162_1.jpg,0089_3.jpg,0
exploration,cross_variable_variable,162,114,0162_1.jpg,0114_3.jpg,0
exploration,cross_variable_variable,162,157,0162_1.jpg,0157_3.jpg,0
exploration,cross_variable_variable,163,163,0163_1.jpg,0163_3.jpg,1
exploration,cross_variable_variable,163,192,0163_1.jpg,0192_3.jpg,0
exploration,cross_variable_variable,163,196,0163_1.jpg,0196_3.jpg,0
exploration,cross_variable_variable,163,223,0163_1.jpg,0223_3.jpg,0
exploration,cross_variable_variable,163,274,0163_1.jpg,0274_3.jpg,0
exploration,cross_variable_variable,163,276,0163_1.jpg,0276_3.jpg,0
exploration,cross_variable_variable,163,60,0163_1.jpg,0060_3.jpg,0
exploration,cross_variable_variable,163,77,0163_1.jpg,0077_3.jpg,0
exploration,cross_variable_variable,163,90,0163_1.jpg,0090_3.jpg,0
exploration,cross_variable_variable,163,116,0163_1.jpg,0116_3.jpg,0
exploration,cross_variable_variable,163,158,0163_1.jpg,0158_3.jpg,0
exploration,cross_variable_variable,164,164,0164_1.jpg,0164_3.jpg,1
exploration,cross_variable_variable,164,196,0164_1.jpg,0196_3.jpg,0
exploration,cross_variable_variable,164,197,0164_1.jpg,0197_3.jpg,0
exploration,cross_variable_variable,164,224,0164_1.jpg,0224_3.jpg,0
exploration,cross_variable_variable,164,276,0164_1.jpg,0276_3.jpg,0
exploration,cross_variable_variable,164,279,0164_1.jpg,0279_3.jpg,0
exploration,cross_variable_variable,164,61,0164_1.jpg,0061_3.jpg,0
exploration,cross_variable_variable,164,78,0164_1.jpg,0078_3.jpg,0
exploration,cross_variable_variable,164,91,0164_1.jpg,0091_3.jpg,0
exploration,cross_variable_variable,164,118,0164_1.jpg,0118_3.jpg,0
exploration,cross_variable_variable,164,159,0164_1.jpg,0159_3.jpg,0
exploration,cross_variable_variable,167,167,0167_1.jpg,0167_3.jpg,1
exploration,cross_variable_variable,167,197,0167_1.jpg,0197_3.jpg,0
exploration,cross_variable_variable,167,198,0167_1.jpg,0198_3.jpg,0
exploration,cross_variable_variable,167,225,0167_1.jpg,0225_3.jpg,0
exploration,cross_variable_variable,167,279,0167_1.jpg,0279_3.jpg,0
exploration,cross_variable_variable,167,281,0167_1.jpg,0281_3.jpg,0
exploration,cross_variable_variable,167,62,0167_1.jpg,0062_3.jpg,0
exploration,cross_variable_variable,167,79,0167_1.jpg,0079_3.jpg,0
exploration,cross_variable_variable,167,92,0167_1.jpg,0092_3.jpg,0
exploration,cross_variable_variable,167,119,0167_1.jpg,0119_3.jpg,0
exploration,cross_variable_variable,167,161,0167_1.jpg,0161_3.jpg,0
exploration,cross_variable_variable,168,168,0168_1.jpg,0168_3.jpg,1
exploration,cross_variable_variable,168,198,0168_1.jpg,0198_3.jpg,0
exploration,cross_variable_variable,168,199,0168_1.jpg,0199_3.jpg,0
exploration,cross_variable_variable,168,226,0168_1.jpg,0226_3.jpg,0
exploration,cross_variable_variable,168,281,0168_1.jpg,0281_3.jpg,0
exploration,cross_variable_variable,168,282,0168_1.jpg,0282_3.jpg,0
exploration,cross_variable_variable,168,65,0168_1.jpg,0065_3.jpg,0
exploration,cross_variable_variable,168,81,0168_1.jpg,0081_3.jpg,0
exploration,cross_variable_variable,168,93,0168_1.jpg,0093_3.jpg,0
exploration,cross_variable_variable,168,122,0168_1.jpg,0122_3.jpg,0
exploration,cross_variable_variable,168,162,0168_1.jpg,0162_3.jpg,0
exploration,cross_variable_variable,169,169,0169_1.jpg,0169_3.jpg,1
exploration,cross_variable_variable,169,199,0169_1.jpg,0199_3.jpg,0
exploration,cross_variable_variable,169,200,0169_1.jpg,0200_3.jpg,0
exploration,cross_variable_variable,169,227,0169_1.jpg,0227_3.jpg,0
exploration,cross_variable_variable,169,282,0169_1.jpg,0282_3.jpg,0
exploration,cross_variable_variable,169,1,0169_1.jpg,0001_3.jpg,0
exploration,cross_variable_variable,169,66,0169_1.jpg,0066_3.jpg,0
exploration,cross_variable_variable,169,83,0169_1.jpg,0083_3.jpg,0
exploration,cross_variable_variable,169,94,0169_1.jpg,0094_3.jpg,0
exploration,cross_variable_variable,169,123,0169_1.jpg,0123_3.jpg,0
exploration,cross_variable_variable,169,163,0169_1.jpg,0163_3.jpg,0
exploration,cross_variable_variable,171,171,0171_1.jpg,0171_3.jpg,1
exploration,cross_variable_variable,171,200,0171_1.jpg,0200_3.jpg,0
exploration,cross_variable_variable,171,201,0171_1.jpg,0201_3.jpg,0
exploration,cross_variable_variable,171,228,0171_1.jpg,0228_3.jpg,0
exploration,cross_variable_variable,171,1,0171_1.jpg,0001_3.jpg,0
exploration,cross_variable_variable,171,2,0171_1.jpg,0002_3.jpg,0
exploration,cross_variable_variable,171,67,0171_1.jpg,0067_3.jpg,0
exploration,cross_variable_variable,171,85,0171_1.jpg,0085_3.jpg,0
exploration,cross_variable_variable,171,96,0171_1.jpg,0096_3.jpg,0
exploration,cross_variable_variable,171,124,0171_1.jpg,0124_3.jpg,0
exploration,cross_variable_variable,171,164,0171_1.jpg,0164_3.jpg,0
exploration,cross_variable_variable,172,172,0172_1.jpg,0172_3.jpg,1
exploration,cross_variable_variable,172,201,0172_1.jpg,0201_3.jpg,0
exploration,cross_variable_variable,172,203,0172_1.jpg,0203_3.jpg,0
exploration,cross_variable_variable,172,229,0172_1.jpg,0229_3.jpg,0
exploration,cross_variable_variable,172,2,0172_1.jpg,0002_3.jpg,0
exploration,cross_variable_variable,172,3,0172_1.jpg,0003_3.jpg,0
exploration,cross_variable_variable,172,70,0172_1.jpg,0070_3.jpg,0
exploration,cross_variable_variable,172,86,0172_1.jpg,0086_3.jpg,0
exploration,cross_variable_variable,172,97,0172_1.jpg,0097_3.jpg,0
exploration,cross_variable_variable,172,125,0172_1.jpg,0125_3.jpg,0
exploration,cross_variable_variable,172,167,0172_1.jpg,0167_3.jpg,0
exploration,cross_variable_variable,178,178,0178_1.jpg,0178_3.jpg,1
exploration,cross_variable_variable,178,203,0178_1.jpg,0203_3.jpg,0
exploration,cross_variable_variable,178,204,0178_1.jpg,0204_3.jpg,0
exploration,cross_variable_variable,178,231,0178_1.jpg,0231_3.jpg,0
exploration,cross_variable_variable,178,3,0178_1.jpg,0003_3.jpg,0
exploration,cross_variable_variable,178,6,0178_1.jpg,0006_3.jpg,0
exploration,cross_variable_variable,178,71,0178_1.jpg,0071_3.jpg,0
exploration,cross_variable_variable,178,87,0178_1.jpg,0087_3.jpg,0
exploration,cross_variable_variable,178,98,0178_1.jpg,0098_3.jpg,0
exploration,cross_variable_variable,178,127,0178_1.jpg,0127_3.jpg,0
exploration,cross_variable_variable,178,168,0178_1.jpg,0168_3.jpg,0
exploration,cross_variable_variable,179,179,0179_1.jpg,0179_3.jpg,1
exploration,cross_variable_variable,179,204,0179_1.jpg,0204_3.jpg,0
exploration,cross_variable_variable,179,206,0179_1.jpg,0206_3.jpg,0
exploration,cross_variable_variable,179,232,0179_1.jpg,0232_3.jpg,0
exploration,cross_variable_variable,179,6,0179_1.jpg,0006_3.jpg,0
exploration,cross_variable_variable,179,7,0179_1.jpg,0007_3.jpg,0
exploration,cross_variable_variable,179,74,0179_1.jpg,0074_3.jpg,0
exploration,cross_variable_variable,179,89,0179_1.jpg,0089_3.jpg,0
exploration,cross_variable_variable,179,100,0179_1.jpg,0100_3.jpg,0
exploration,cross_variable_variable,179,130,0179_1.jpg,0130_3.jpg,0
exploration,cross_variable_variable,179,169,0179_1.jpg,0169_3.jpg,0
exploration,cross_variable_variable,180,180,0180_1.jpg,0180_3.jpg,1
exploration,cross_variable_variable,180,206,0180_1.jpg,0206_3.jpg,0
exploration,cross_variable_variable,180,207,0180_1.jpg,0207_3.jpg,0
exploration,cross_variable_variable,180,234,0180_1.jpg,0234_3.jpg,0
exploration,cross_variable_variable,180,7,0180_1.jpg,0007_3.jpg,0
exploration,cross_variable_variable,180,8,0180_1.jpg,0008_3.jpg,0
exploration,cross_variable_variable,180,75,0180_1.jpg,0075_3.jpg,0
exploration,cross_variable_variable,180,90,0180_1.jpg,0090_3.jpg,0
exploration,cross_variable_variable,180,101,0180_1.jpg,0101_3.jpg,0
exploration,cross_variable_variable,180,132,0180_1.jpg,0132_3.jpg,0
exploration,cross_variable_variable,180,171,0180_1.jpg,0171_3.jpg,0
exploration,cross_variable_variable,181,181,0181_1.jpg,0181_3.jpg,1
exploration,cross_variable_variable,181,207,0181_1.jpg,0207_3.jpg,0
exploration,cross_variable_variable,181,208,0181_1.jpg,0208_3.jpg,0
exploration,cross_variable_variable,181,235,0181_1.jpg,0235_3.jpg,0
exploration,cross_variable_variable,181,8,0181_1.jpg,0008_3.jpg,0
exploration,cross_variable_variable,181,11,0181_1.jpg,0011_3.jpg,0
exploration,cross_variable_variable,181,76,0181_1.jpg,0076_3.jpg,0
exploration,cross_variable_variable,181,91,0181_1.jpg,0091_3.jpg,0
exploration,cross_variable_variable,181,103,0181_1.jpg,0103_3.jpg,0
exploration,cross_variable_variable,181,133,0181_1.jpg,0133_3.jpg,0
exploration,cross_variable_variable,181,172,0181_1.jpg,0172_3.jpg,0
exploration,cross_variable_variable,183,183,0183_1.jpg,0183_3.jpg,1
exploration,cross_variable_variable,183,208,0183_1.jpg,0208_3.jpg,0
exploration,cross_variable_variable,183,209,0183_1.jpg,0209_3.jpg,0
exploration,cross_variable_variable,183,237,0183_1.jpg,0237_3.jpg,0
exploration,cross_variable_variable,183,11,0183_1.jpg,0011_3.jpg,0
exploration,cross_variable_variable,183,12,0183_1.jpg,0012_3.jpg,0
exploration,cross_variable_variable,183,77,0183_1.jpg,0077_3.jpg,0
exploration,cross_variable_variable,183,92,0183_1.jpg,0092_3.jpg,0
exploration,cross_variable_variable,183,104,0183_1.jpg,0104_3.jpg,0
exploration,cross_variable_variable,183,134,0183_1.jpg,0134_3.jpg,0
exploration,cross_variable_variable,183,178,0183_1.jpg,0178_3.jpg,0
exploration,cross_variable_variable,185,185,0185_1.jpg,0185_3.jpg,1
exploration,cross_variable_variable,185,209,0185_1.jpg,0209_3.jpg,0
exploration,cross_variable_variable,185,211,0185_1.jpg,0211_3.jpg,0
exploration,cross_variable_variable,185,239,0185_1.jpg,0239_3.jpg,0
exploration,cross_variable_variable,185,12,0185_1.jpg,0012_3.jpg,0
exploration,cross_variable_variable,185,15,0185_1.jpg,0015_3.jpg,0
exploration,cross_variable_variable,185,78,0185_1.jpg,0078_3.jpg,0
exploration,cross_variable_variable,185,93,0185_1.jpg,0093_3.jpg,0
exploration,cross_variable_variable,185,105,0185_1.jpg,0105_3.jpg,0
exploration,cross_variable_variable,185,135,0185_1.jpg,0135_3.jpg,0
exploration,cross_variable_variable,185,179,0185_1.jpg,0179_3.jpg,0
exploration,cross_variable_variable,188,188,0188_1.jpg,0188_3.jpg,1
exploration,cross_variable_variable,188,211,0188_1.jpg,0211_3.jpg,0
exploration,cross_variable_variable,188,212,0188_1.jpg,0212_3.jpg,0
exploration,cross_variable_variable,188,240,0188_1.jpg,0240_3.jpg,0
exploration,cross_variable_variable,188,15,0188_1.jpg,0015_3.jpg,0
exploration,cross_variable_variable,188,18,0188_1.jpg,0018_3.jpg,0
exploration,cross_variable_variable,188,79,0188_1.jpg,0079_3.jpg,0
exploration,cross_variable_variable,188,94,0188_1.jpg,0094_3.jpg,0
exploration,cross_variable_variable,188,106,0188_1.jpg,0106_3.jpg,0
exploration,cross_variable_variable,188,138,0188_1.jpg,0138_3.jpg,0
exploration,cross_variable_variable,188,180,0188_1.jpg,0180_3.jpg,0
exploration,cross_variable_variable,189,189,0189_1.jpg,0189_3.jpg,1
exploration,cross_variable_variable,189,212,0189_1.jpg,0212_3.jpg,0
exploration,cross_variable_variable,189,213,0189_1.jpg,0213_3.jpg,0
exploration,cross_variable_variable,189,241,0189_1.jpg,0241_3.jpg,0
exploration,cross_variable_variable,189,18,0189_1.jpg,0018_3.jpg,0
exploration,cross_variable_variable,189,19,0189_1.jpg,0019_3.jpg,0
exploration,cross_variable_variable,189,81,0189_1.jpg,0081_3.jpg,0
exploration,cross_variable_variable,189,96,0189_1.jpg,0096_3.jpg,0
exploration,cross_variable_variable,189,107,0189_1.jpg,0107_3.jpg,0
exploration,cross_variable_variable,189,140,0189_1.jpg,0140_3.jpg,0
exploration,cross_variable_variable,189,181,0189_1.jpg,0181_3.jpg,0
exploration,cross_variable_variable,191,191,0191_1.jpg,0191_3.jpg,1
exploration,cross_variable_variable,191,213,0191_1.jpg,0213_3.jpg,0
exploration,cross_variable_variable,191,214,0191_1.jpg,0214_3.jpg,0
exploration,cross_variable_variable,191,242,0191_1.jpg,0242_3.jpg,0
exploration,cross_variable_variable,191,19,0191_1.jpg,0019_3.jpg,0
exploration,cross_variable_variable,191,20,0191_1.jpg,0020_3.jpg,0
exploration,cross_variable_variable,191,83,0191_1.jpg,0083_3.jpg,0
exploration,cross_variable_variable,191,97,0191_1.jpg,0097_3.jpg,0
exploration,cross_variable_variable,191,109,0191_1.jpg,0109_3.jpg,0
exploration,cross_variable_variable,191,142,0191_1.jpg,0142_3.jpg,0
exploration,cross_variable_variable,191,183,0191_1.jpg,0183_3.jpg,0
exploration,cross_variable_variable,192,192,0192_1.jpg,0192_3.jpg,1
exploration,cross_variable_variable,192,214,0192_1.jpg,0214_3.jpg,0
exploration,cross_variable_variable,192,216,0192_1.jpg,0216_3.jpg,0
exploration,cross_variable_variable,192,243,0192_1.jpg,0243_3.jpg,0
exploration,cross_variable_variable,192,20,0192_1.jpg,0020_3.jpg,0
exploration,cross_variable_variable,192,21,0192_1.jpg,0021_3.jpg,0
exploration,cross_variable_variable,192,85,0192_1.jpg,0085_3.jpg,0
exploration,cross_variable_variable,192,98,0192_1.jpg,0098_3.jpg,0
exploration,cross_variable_variable,192,110,0192_1.jpg,0110_3.jpg,0
exploration,cross_variable_variable,192,146,0192_1.jpg,0146_3.jpg,0
exploration,cross_variable_variable,192,185,0192_1.jpg,0185_3.jpg,0
exploration,cross_variable_variable,196,196,0196_1.jpg,0196_3.jpg,1
exploration,cross_variable_variable,196,216,0196_1.jpg,0216_3.jpg,0
exploration,cross_variable_variable,196,219,0196_1.jpg,0219_3.jpg,0
exploration,cross_variable_variable,196,244,0196_1.jpg,0244_3.jpg,0
exploration,cross_variable_variable,196,21,0196_1.jpg,0021_3.jpg,0
exploration,cross_variable_variable,196,22,0196_1.jpg,0022_3.jpg,0
exploration,cross_variable_variable,196,86,0196_1.jpg,0086_3.jpg,0
exploration,cross_variable_variable,196,100,0196_1.jpg,0100_3.jpg,0
exploration,cross_variable_variable,196,114,0196_1.jpg,0114_3.jpg,0
exploration,cross_variable_variable,196,147,0196_1.jpg,0147_3.jpg,0
exploration,cross_variable_variable,196,188,0196_1.jpg,0188_3.jpg,0
exploration,cross_variable_variable,197,197,0197_1.jpg,0197_3.jpg,1
exploration,cross_variable_variable,197,219,0197_1.jpg,0219_3.jpg,0
exploration,cross_variable_variable,197,220,0197_1.jpg,0220_3.jpg,0
exploration,cross_variable_variable,197,245,0197_1.jpg,0245_3.jpg,0
exploration,cross_variable_variable,197,22,0197_1.jpg,0022_3.jpg,0
exploration,cross_variable_variable,197,25,0197_1.jpg,0025_3.jpg,0
exploration,cross_variable_variable,197,87,0197_1.jpg,0087_3.jpg,0
exploration,cross_variable_variable,197,101,0197_1.jpg,0101_3.jpg,0
exploration,cross_variable_variable,197,116,0197_1.jpg,0116_3.jpg,0
exploration,cross_variable_variable,197,148,0197_1.jpg,0148_3.jpg,0
exploration,cross_variable_variable,197,189,0197_1.jpg,0189_3.jpg,0
exploration,cross_variable_variable,198,198,0198_1.jpg,0198_3.jpg,1
exploration,cross_variable_variable,198,220,0198_1.jpg,0220_3.jpg,0
exploration,cross_variable_variable,198,221,0198_1.jpg,0221_3.jpg,0
exploration,cross_variable_variable,198,246,0198_1.jpg,0246_3.jpg,0
exploration,cross_variable_variable,198,25,0198_1.jpg,0025_3.jpg,0
exploration,cross_variable_variable,198,26,0198_1.jpg,0026_3.jpg,0
exploration,cross_variable_variable,198,89,0198_1.jpg,0089_3.jpg,0
exploration,cross_variable_variable,198,103,0198_1.jpg,0103_3.jpg,0
exploration,cross_variable_variable,198,118,0198_1.jpg,0118_3.jpg,0
exploration,cross_variable_variable,198,152,0198_1.jpg,0152_3.jpg,0
exploration,cross_variable_variable,198,191,0198_1.jpg,0191_3.jpg,0
exploration,cross_variable_variable,199,199,0199_1.jpg,0199_3.jpg,1
exploration,cross_variable_variable,199,221,0199_1.jpg,0221_3.jpg,0
exploration,cross_variable_variable,199,223,0199_1.jpg,0223_3.jpg,0
exploration,cross_variable_variable,199,247,0199_1.jpg,0247_3.jpg,0
exploration,cross_variable_variable,199,26,0199_1.jpg,0026_3.jpg,0
exploration,cross_variable_variable,199,27,0199_1.jpg,0027_3.jpg,0
exploration,cross_variable_variable,199,90,0199_1.jpg,0090_3.jpg,0
exploration,cross_variable_variable,199,104,0199_1.jpg,0104_3.jpg,0
exploration,cross_variable_variable,199,119,0199_1.jpg,0119_3.jpg,0
exploration,cross_variable_variable,199,153,0199_1.jpg,0153_3.jpg,0
exploration,cross_variable_variable,199,192,0199_1.jpg,0192_3.jpg,0
exploration,cross_variable_variable,200,200,0200_1.jpg,0200_3.jpg,1
exploration,cross_variable_variable,200,223,0200_1.jpg,0223_3.jpg,0
exploration,cross_variable_variable,200,224,0200_1.jpg,0224_3.jpg,0
exploration,cross_variable_variable,200,248,0200_1.jpg,0248_3.jpg,0
exploration,cross_variable_variable,200,27,0200_1.jpg,0027_3.jpg,0
exploration,cross_variable_variable,200,29,0200_1.jpg,0029_3.jpg,0
exploration,cross_variable_variable,200,91,0200_1.jpg,0091_3.jpg,0
exploration,cross_variable_variable,200,105,0200_1.jpg,0105_3.jpg,0
exploration,cross_variable_variable,200,122,0200_1.jpg,0122_3.jpg,0
exploration,cross_variable_variable,200,154,0200_1.jpg,0154_3.jpg,0
exploration,cross_variable_variable,200,196,0200_1.jpg,0196_3.jpg,0
exploration,cross_variable_variable,201,201,0201_1.jpg,0201_3.jpg,1
exploration,cross_variable_variable,201,224,0201_1.jpg,0224_3.jpg,0
exploration,cross_variable_variable,201,225,0201_1.jpg,0225_3.jpg,0
exploration,cross_variable_variable,201,249,0201_1.jpg,0249_3.jpg,0
exploration,cross_variable_variable,201,29,0201_1.jpg,0029_3.jpg,0
exploration,cross_variable_variable,201,30,0201_1.jpg,0030_3.jpg,0
exploration,cross_variable_variable,201,92,0201_1.jpg,0092_3.jpg,0
exploration,cross_variable_variable,201,106,0201_1.jpg,0106_3.jpg,0
exploration,cross_variable_variable,201,123,0201_1.jpg,0123_3.jpg,0
exploration,cross_variable_variable,201,155,0201_1.jpg,0155_3.jpg,0
exploration,cross_variable_variable,201,197,0201_1.jpg,0197_3.jpg,0
exploration,cross_variable_variable,203,203,0203_1.jpg,0203_3.jpg,1
exploration,cross_variable_variable,203,225,0203_1.jpg,0225_3.jpg,0
exploration,cross_variable_variable,203,226,0203_1.jpg,0226_3.jpg,0
exploration,cross_variable_variable,203,250,0203_1.jpg,0250_3.jpg,0
exploration,cross_variable_variable,203,30,0203_1.jpg,0030_3.jpg,0
exploration,cross_variable_variable,203,31,0203_1.jpg,0031_3.jpg,0
exploration,cross_variable_variable,203,93,0203_1.jpg,0093_3.jpg,0
exploration,cross_variable_variable,203,107,0203_1.jpg,0107_3.jpg,0
exploration,cross_variable_variable,203,124,0203_1.jpg,0124_3.jpg,0
exploration,cross_variable_variable,203,156,0203_1.jpg,0156_3.jpg,0
exploration,cross_variable_variable,203,198,0203_1.jpg,0198_3.jpg,0
exploration,cross_variable_variable,204,204,0204_1.jpg,0204_3.jpg,1
exploration,cross_variable_variable,204,226,0204_1.jpg,0226_3.jpg,0
exploration,cross_variable_variable,204,227,0204_1.jpg,0227_3.jpg,0
exploration,cross_variable_variable,204,251,0204_1.jpg,0251_3.jpg,0
exploration,cross_variable_variable,204,31,0204_1.jpg,0031_3.jpg,0
exploration,cross_variable_variable,204,35,0204_1.jpg,0035_3.jpg,0
exploration,cross_variable_variable,204,94,0204_1.jpg,0094_3.jpg,0
exploration,cross_variable_variable,204,109,0204_1.jpg,0109_3.jpg,0
exploration,cross_variable_variable,204,125,0204_1.jpg,0125_3.jpg,0
exploration,cross_variable_variable,204,157,0204_1.jpg,0157_3.jpg,0
exploration,cross_variable_variable,204,199,0204_1.jpg,0199_3.jpg,0
exploration,cross_variable_variable,206,206,0206_1.jpg,0206_3.jpg,1
exploration,cross_variable_variable,206,227,0206_1.jpg,0227_3.jpg,0
exploration,cross_variable_variable,206,228,0206_1.jpg,0228_3.jpg,0
exploration,cross_variable_variable,206,252,0206_1.jpg,0252_3.jpg,0
exploration,cross_variable_variable,206,35,0206_1.jpg,0035_3.jpg,0
exploration,cross_variable_variable,206,38,0206_1.jpg,0038_3.jpg,0
exploration,cross_variable_variable,206,96,0206_1.jpg,0096_3.jpg,0
exploration,cross_variable_variable,206,110,0206_1.jpg,0110_3.jpg,0
exploration,cross_variable_variable,206,127,0206_1.jpg,0127_3.jpg,0
exploration,cross_variable_variable,206,158,0206_1.jpg,0158_3.jpg,0
exploration,cross_variable_variable,206,200,0206_1.jpg,0200_3.jpg,0
exploration,cross_variable_variable,207,207,0207_1.jpg,0207_3.jpg,1
exploration,cross_variable_variable,207,228,0207_1.jpg,0228_3.jpg,0
exploration,cross_variable_variable,207,229,0207_1.jpg,0229_3.jpg,0
exploration,cross_variable_variable,207,255,0207_1.jpg,0255_3.jpg,0
exploration,cross_variable_variable,207,38,0207_1.jpg,0038_3.jpg,0
exploration,cross_variable_variable,207,39,0207_1.jpg,0039_3.jpg,0
exploration,cross_variable_variable,207,97,0207_1.jpg,0097_3.jpg,0
exploration,cross_variable_variable,207,114,0207_1.jpg,0114_3.jpg,0
exploration,cross_variable_variable,207,130,0207_1.jpg,0130_3.jpg,0
exploration,cross_variable_variable,207,159,0207_1.jpg,0159_3.jpg,0
exploration,cross_variable_variable,207,201,0207_1.jpg,0201_3.jpg,0
exploration,cross_variable_variable,208,208,0208_1.jpg,0208_3.jpg,1
exploration,cross_variable_variable,208,229,0208_1.jpg,0229_3.jpg,0
exploration,cross_variable_variable,208,231,0208_1.jpg,0231_3.jpg,0
exploration,cross_variable_variable,208,256,0208_1.jpg,0256_3.jpg,0
exploration,cross_variable_variable,208,39,0208_1.jpg,0039_3.jpg,0
exploration,cross_variable_variable,208,40,0208_1.jpg,0040_3.jpg,0
exploration,cross_variable_variable,208,98,0208_1.jpg,0098_3.jpg,0
exploration,cross_variable_variable,208,116,0208_1.jpg,0116_3.jpg,0
exploration,cross_variable_variable,208,132,0208_1.jpg,0132_3.jpg,0
exploration,cross_variable_variable,208,161,0208_1.jpg,0161_3.jpg,0
exploration,cross_variable_variable,208,203,0208_1.jpg,0203_3.jpg,0
exploration,cross_variable_variable,209,209,0209_1.jpg,0209_3.jpg,1
exploration,cross_variable_variable,209,231,0209_1.jpg,0231_3.jpg,0
exploration,cross_variable_variable,209,232,0209_1.jpg,0232_3.jpg,0
exploration,cross_variable_variable,209,260,0209_1.jpg,0260_3.jpg,0
exploration,cross_variable_variable,209,40,0209_1.jpg,0040_3.jpg,0
exploration,cross_variable_variable,209,42,0209_1.jpg,0042_3.jpg,0
exploration,cross_variable_variable,209,100,0209_1.jpg,0100_3.jpg,0
exploration,cross_variable_variable,209,118,0209_1.jpg,0118_3.jpg,0
exploration,cross_variable_variable,209,133,0209_1.jpg,0133_3.jpg,0
exploration,cross_variable_variable,209,162,0209_1.jpg,0162_3.jpg,0
exploration,cross_variable_variable,209,204,0209_1.jpg,0204_3.jpg,0
exploration,cross_variable_variable,211,211,0211_1.jpg,0211_3.jpg,1
exploration,cross_variable_variable,211,232,0211_1.jpg,0232_3.jpg,0
exploration,cross_variable_variable,211,234,0211_1.jpg,0234_3.jpg,0
exploration,cross_variable_variable,211,261,0211_1.jpg,0261_3.jpg,0
exploration,cross_variable_variable,211,42,0211_1.jpg,0042_3.jpg,0
exploration,cross_variable_variable,211,43,0211_1.jpg,0043_3.jpg,0
exploration,cross_variable_variable,211,101,0211_1.jpg,0101_3.jpg,0
exploration,cross_variable_variable,211,119,0211_1.jpg,0119_3.jpg,0
exploration,cross_variable_variable,211,134,0211_1.jpg,0134_3.jpg,0
exploration,cross_variable_variable,211,163,0211_1.jpg,0163_3.jpg,0
exploration,cross_variable_variable,211,206,0211_1.jpg,0206_3.jpg,0
exploration,cross_variable_variable,212,212,0212_1.jpg,0212_3.jpg,1
exploration,cross_variable_variable,212,234,0212_1.jpg,0234_3.jpg,0
exploration,cross_variable_variable,212,235,0212_1.jpg,0235_3.jpg,0
exploration,cross_variable_variable,212,262,0212_1.jpg,0262_3.jpg,0
exploration,cross_variable_variable,212,43,0212_1.jpg,0043_3.jpg,0
exploration,cross_variable_variable,212,46,0212_1.jpg,0046_3.jpg,0
exploration,cross_variable_variable,212,103,0212_1.jpg,0103_3.jpg,0
exploration,cross_variable_variable,212,122,0212_1.jpg,0122_3.jpg,0
exploration,cross_variable_variable,212,135,0212_1.jpg,0135_3.jpg,0
exploration,cross_variable_variable,212,164,0212_1.jpg,0164_3.jpg,0
exploration,cross_variable_variable,212,207,0212_1.jpg,0207_3.jpg,0
exploration,cross_variable_variable,213,213,0213_1.jpg,0213_3.jpg,1
exploration,cross_variable_variable,213,235,0213_1.jpg,0235_3.jpg,0
exploration,cross_variable_variable,213,237,0213_1.jpg,0237_3.jpg,0
exploration,cross_variable_variable,213,263,0213_1.jpg,0263_3.jpg,0
exploration,cross_variable_variable,213,46,0213_1.jpg,0046_3.jpg,0
exploration,cross_variable_variable,213,47,0213_1.jpg,0047_3.jpg,0
exploration,cross_variable_variable,213,104,0213_1.jpg,0104_3.jpg,0
exploration,cross_variable_variable,213,123,0213_1.jpg,0123_3.jpg,0
exploration,cross_variable_variable,213,138,0213_1.jpg,0138_3.jpg,0
exploration,cross_variable_variable,213,167,0213_1.jpg,0167_3.jpg,0
exploration,cross_variable_variable,213,208,0213_1.jpg,0208_3.jpg,0
exploration,cross_variable_variable,214,214,0214_1.jpg,0214_3.jpg,1
exploration,cross_variable_variable,214,237,0214_1.jpg,0237_3.jpg,0
exploration,cross_variable_variable,214,239,0214_1.jpg,0239_3.jpg,0
exploration,cross_variable_variable,214,264,0214_1.jpg,0264_3.jpg,0
exploration,cross_variable_variable,214,47,0214_1.jpg,0047_3.jpg,0
exploration,cross_variable_variable,214,49,0214_1.jpg,0049_3.jpg,0
exploration,cross_variable_variable,214,105,0214_1.jpg,0105_3.jpg,0
exploration,cross_variable_variable,214,124,0214_1.jpg,0124_3.jpg,0
exploration,cross_variable_variable,214,140,0214_1.jpg,0140_3.jpg,0
exploration,cross_variable_variable,214,168,0214_1.jpg,0168_3.jpg,0
exploration,cross_variable_variable,214,209,0214_1.jpg,0209_3.jpg,0
exploration,cross_variable_variable,216,216,0216_1.jpg,0216_3.jpg,1
exploration,cross_variable_variable,216,239,0216_1.jpg,0239_3.jpg,0
exploration,cross_variable_variable,216,240,0216_1.jpg,0240_3.jpg,0
exploration,cross_variable_variable,216,265,0216_1.jpg,0265_3.jpg,0
exploration,cross_variable_variable,216,49,0216_1.jpg,0049_3.jpg,0
exploration,cross_variable_variable,216,55,0216_1.jpg,0055_3.jpg,0
exploration,cross_variable_variable,216,106,0216_1.jpg,0106_3.jpg,0
exploration,cross_variable_variable,216,125,0216_1.jpg,0125_3.jpg,0
exploration,cross_variable_variable,216,142,0216_1.jpg,0142_3.jpg,0
exploration,cross_variable_variable,216,169,0216_1.jpg,0169_3.jpg,0
exploration,cross_variable_variable,216,211,0216_1.jpg,0211_3.jpg,0
exploration,cross_variable_variable,219,219,0219_1.jpg,0219_3.jpg,1
exploration,cross_variable_variable,219,240,0219_1.jpg,0240_3.jpg,0
exploration,cross_variable_variable,219,241,0219_1.jpg,0241_3.jpg,0
exploration,cross_variable_variable,219,266,0219_1.jpg,0266_3.jpg,0
exploration,cross_variable_variable,219,55,0219_1.jpg,0055_3.jpg,0
exploration,cross_variable_variable,219,56,0219_1.jpg,0056_3.jpg,0
exploration,cross_variable_variable,219,107,0219_1.jpg,0107_3.jpg,0
exploration,cross_variable_variable,219,127,0219_1.jpg,0127_3.jpg,0
exploration,cross_variable_variable,219,146,0219_1.jpg,0146_3.jpg,0
exploration,cross_variable_variable,219,171,0219_1.jpg,0171_3.jpg,0
exploration,cross_variable_variable,219,212,0219_1.jpg,0212_3.jpg,0
exploration,cross_variable_variable,220,220,0220_1.jpg,0220_3.jpg,1
exploration,cross_variable_variable,220,241,0220_1.jpg,0241_3.jpg,0
exploration,cross_variable_variable,220,242,0220_1.jpg,0242_3.jpg,0
exploration,cross_variable_variable,220,267,0220_1.jpg,0267_3.jpg,0
exploration,cross_variable_variable,220,56,0220_1.jpg,0056_3.jpg,0
exploration,cross_variable_variable,220,57,0220_1.jpg,0057_3.jpg,0
exploration,cross_variable_variable,220,109,0220_1.jpg,0109_3.jpg,0
exploration,cross_variable_variable,220,130,0220_1.jpg,0130_3.jpg,0
exploration,cross_variable_variable,220,147,0220_1.jpg,0147_3.jpg,0
exploration,cross_variable_variable,220,172,0220_1.jpg,0172_3.jpg,0
exploration,cross_variable_variable,220,213,0220_1.jpg,0213_3.jpg,0
exploration,cross_variable_variable,221,221,0221_1.jpg,0221_3.jpg,1
exploration,cross_variable_variable,221,242,0221_1.jpg,0242_3.jpg,0
exploration,cross_variable_variable,221,243,0221_1.jpg,0243_3.jpg,0
exploration,cross_variable_variable,221,271,0221_1.jpg,0271_3.jpg,0
exploration,cross_variable_variable,221,57,0221_1.jpg,0057_3.jpg,0
exploration,cross_variable_variable,221,59,0221_1.jpg,0059_3.jpg,0
exploration,cross_variable_variable,221,110,0221_1.jpg,0110_3.jpg,0
exploration,cross_variable_variable,221,132,0221_1.jpg,0132_3.jpg,0
exploration,cross_variable_variable,221,148,0221_1.jpg,0148_3.jpg,0
exploration,cross_variable_variable,221,178,0221_1.jpg,0178_3.jpg,0
exploration,cross_variable_variable,221,214,0221_1.jpg,0214_3.jpg,0
exploration,cross_variable_variable,223,223,0223_1.jpg,0223_3.jpg,1
exploration,cross_variable_variable,223,243,0223_1.jpg,0243_3.jpg,0
exploration,cross_variable_variable,223,244,0223_1.jpg,0244_3.jpg,0
exploration,cross_variable_variable,223,272,0223_1.jpg,0272_3.jpg,0
exploration,cross_variable_variable,223,59,0223_1.jpg,0059_3.jpg,0
exploration,cross_variable_variable,223,60,0223_1.jpg,0060_3.jpg,0
exploration,cross_variable_variable,223,114,0223_1.jpg,0114_3.jpg,0
exploration,cross_variable_variable,223,133,0223_1.jpg,0133_3.jpg,0
exploration,cross_variable_variable,223,152,0223_1.jpg,0152_3.jpg,0
exploration,cross_variable_variable,223,179,0223_1.jpg,0179_3.jpg,0
exploration,cross_variable_variable,223,216,0223_1.jpg,0216_3.jpg,0
exploration,cross_variable_variable,224,224,0224_1.jpg,0224_3.jpg,1
exploration,cross_variable_variable,224,244,0224_1.jpg,0244_3.jpg,0
exploration,cross_variable_variable,224,245,0224_1.jpg,0245_3.jpg,0
exploration,cross_variable_variable,224,273,0224_1.jpg,0273_3.jpg,0
exploration,cross_variable_variable,224,60,0224_1.jpg,0060_3.jpg,0
exploration,cross_variable_variable,224,61,0224_1.jpg,0061_3.jpg,0
exploration,cross_variable_variable,224,116,0224_1.jpg,0116_3.jpg,0
exploration,cross_variable_variable,224,134,0224_1.jpg,0134_3.jpg,0
exploration,cross_variable_variable,224,153,0224_1.jpg,0153_3.jpg,0
exploration,cross_variable_variable,224,180,0224_1.jpg,0180_3.jpg,0
exploration,cross_variable_variable,224,219,0224_1.jpg,0219_3.jpg,0
exploration,cross_variable_variable,225,225,0225_1.jpg,0225_3.jpg,1
exploration,cross_variable_variable,225,245,0225_1.jpg,0245_3.jpg,0
exploration,cross_variable_variable,225,246,0225_1.jpg,0246_3.jpg,0
exploration,cross_variable_variable,225,274,0225_1.jpg,0274_3.jpg,0
exploration,cross_variable_variable,225,61,0225_1.jpg,0061_3.jpg,0
exploration,cross_variable_variable,225,62,0225_1.jpg,0062_3.jpg,0
exploration,cross_variable_variable,225,118,0225_1.jpg,0118_3.jpg,0
exploration,cross_variable_variable,225,135,0225_1.jpg,0135_3.jpg,0
exploration,cross_variable_variable,225,154,0225_1.jpg,0154_3.jpg,0
exploration,cross_variable_variable,225,181,0225_1.jpg,0181_3.jpg,0
exploration,cross_variable_variable,225,220,0225_1.jpg,0220_3.jpg,0
exploration,cross_variable_variable,226,226,0226_1.jpg,0226_3.jpg,1
exploration,cross_variable_variable,226,246,0226_1.jpg,0246_3.jpg,0
exploration,cross_variable_variable,226,247,0226_1.jpg,0247_3.jpg,0
exploration,cross_variable_variable,226,276,0226_1.jpg,0276_3.jpg,0
exploration,cross_variable_variable,226,62,0226_1.jpg,0062_3.jpg,0
exploration,cross_variable_variable,226,65,0226_1.jpg,0065_3.jpg,0
exploration,cross_variable_variable,226,119,0226_1.jpg,0119_3.jpg,0
exploration,cross_variable_variable,226,138,0226_1.jpg,0138_3.jpg,0
exploration,cross_variable_variable,226,155,0226_1.jpg,0155_3.jpg,0
exploration,cross_variable_variable,226,183,0226_1.jpg,0183_3.jpg,0
exploration,cross_variable_variable,226,221,0226_1.jpg,0221_3.jpg,0
exploration,cross_variable_variable,227,227,0227_1.jpg,0227_3.jpg,1
exploration,cross_variable_variable,227,247,0227_1.jpg,0247_3.jpg,0
exploration,cross_variable_variable,227,248,0227_1.jpg,0248_3.jpg,0
exploration,cross_variable_variable,227,279,0227_1.jpg,0279_3.jpg,0
exploration,cross_variable_variable,227,65,0227_1.jpg,0065_3.jpg,0
exploration,cross_variable_variable,227,66,0227_1.jpg,0066_3.jpg,0
exploration,cross_variable_variable,227,122,0227_1.jpg,0122_3.jpg,0
exploration,cross_variable_variable,227,140,0227_1.jpg,0140_3.jpg,0
exploration,cross_variable_variable,227,156,0227_1.jpg,0156_3.jpg,0
exploration,cross_variable_variable,227,185,0227_1.jpg,0185_3.jpg,0
exploration,cross_variable_variable,227,223,0227_1.jpg,0223_3.jpg,0
exploration,cross_variable_variable,228,228,0228_1.jpg,0228_3.jpg,1
exploration,cross_variable_variable,228,248,0228_1.jpg,0248_3.jpg,0
exploration,cross_variable_variable,228,249,0228_1.jpg,0249_3.jpg,0
exploration,cross_variable_variable,228,281,0228_1.jpg,0281_3.jpg,0
exploration,cross_variable_variable,228,66,0228_1.jpg,0066_3.jpg,0
exploration,cross_variable_variable,228,67,0228_1.jpg,0067_3.jpg,0
exploration,cross_variable_variable,228,123,0228_1.jpg,0123_3.jpg,0
exploration,cross_variable_variable,228,142,0228_1.jpg,0142_3.jpg,0
exploration,cross_variable_variable,228,157,0228_1.jpg,0157_3.jpg,0
exploration,cross_variable_variable,228,188,0228_1.jpg,0188_3.jpg,0
exploration,cross_variable_variable,228,224,0228_1.jpg,0224_3.jpg,0
exploration,cross_variable_variable,229,229,0229_1.jpg,0229_3.jpg,1
exploration,cross_variable_variable,229,249,0229_1.jpg,0249_3.jpg,0
exploration,cross_variable_variable,229,250,0229_1.jpg,0250_3.jpg,0
exploration,cross_variable_variable,229,282,0229_1.jpg,0282_3.jpg,0
exploration,cross_variable_variable,229,67,0229_1.jpg,0067_3.jpg,0
exploration,cross_variable_variable,229,70,0229_1.jpg,0070_3.jpg,0
exploration,cross_variable_variable,229,124,0229_1.jpg,0124_3.jpg,0
exploration,cross_variable_variable,229,146,0229_1.jpg,0146_3.jpg,0
exploration,cross_variable_variable,229,158,0229_1.jpg,0158_3.jpg,0
exploration,cross_variable_variable,229,189,0229_1.jpg,0189_3.jpg,0
exploration,cross_variable_variable,229,225,0229_1.jpg,0225_3.jpg,0
exploration,cross_variable_variable,231,231,0231_1.jpg,0231_3.jpg,1
exploration,cross_variable_variable,231,250,0231_1.jpg,0250_3.jpg,0
exploration,cross_variable_variable,231,251,0231_1.jpg,0251_3.jpg,0
exploration,cross_variable_variable,231,1,0231_1.jpg,0001_3.jpg,0
exploration,cross_variable_variable,231,70,0231_1.jpg,0070_3.jpg,0
exploration,cross_variable_variable,231,71,0231_1.jpg,0071_3.jpg,0
exploration,cross_variable_variable,231,125,0231_1.jpg,0125_3.jpg,0
exploration,cross_variable_variable,231,147,0231_1.jpg,0147_3.jpg,0
exploration,cross_variable_variable,231,159,0231_1.jpg,0159_3.jpg,0
exploration,cross_variable_variable,231,191,0231_1.jpg,0191_3.jpg,0
exploration,cross_variable_variable,231,226,0231_1.jpg,0226_3.jpg,0
exploration,cross_variable_variable,232,232,0232_1.jpg,0232_3.jpg,1
exploration,cross_variable_variable,232,251,0232_1.jpg,0251_3.jpg,0
exploration,cross_variable_variable,232,252,0232_1.jpg,0252_3.jpg,0
exploration,cross_variable_variable,232,2,0232_1.jpg,0002_3.jpg,0
exploration,cross_variable_variable,232,71,0232_1.jpg,0071_3.jpg,0
exploration,cross_variable_variable,232,74,0232_1.jpg,0074_3.jpg,0
exploration,cross_variable_variable,232,127,0232_1.jpg,0127_3.jpg,0
exploration,cross_variable_variable,232,148,0232_1.jpg,0148_3.jpg,0
exploration,cross_variable_variable,232,161,0232_1.jpg,0161_3.jpg,0
exploration,cross_variable_variable,232,192,0232_1.jpg,0192_3.jpg,0
exploration,cross_variable_variable,232,227,0232_1.jpg,0227_3.jpg,0
exploration,cross_variable_variable,234,234,0234_1.jpg,0234_3.jpg,1
exploration,cross_variable_variable,234,252,0234_1.jpg,0252_3.jpg,0
exploration,cross_variable_variable,234,255,0234_1.jpg,0255_3.jpg,0
exploration,cross_variable_variable,234,3,0234_1.jpg,0003_3.jpg,0
exploration,cross_variable_variable,234,74,0234_1.jpg,0074_3.jpg,0
exploration,cross_variable_variable,234,75,0234_1.jpg,0075_3.jpg,0
exploration,cross_variable_variable,234,130,0234_1.jpg,0130_3.jpg,0
exploration,cross_variable_variable,234,152,0234_1.jpg,0152_3.jpg,0
exploration,cross_variable_variable,234,162,0234_1.jpg,0162_3.jpg,0
exploration,cross_variable_variable,234,196,0234_1.jpg,0196_3.jpg,0
exploration,cross_variable_variable,234,228,0234_1.jpg,0228_3.jpg,0
exploration,cross_variable_variable,235,235,0235_1.jpg,0235_3.jpg,1
exploration,cross_variable_variable,235,255,0235_1.jpg,0255_3.jpg,0
exploration,cross_variable_variable,235,256,0235_1.jpg,0256_3.jpg,0
exploration,cross_variable_variable,235,6,0235_1.jpg,0006_3.jpg,0
exploration,cross_variable_variable,235,75,0235_1.jpg,0075_3.jpg,0
exploration,cross_variable_variable,235,76,0235_1.jpg,0076_3.jpg,0
exploration,cross_variable_variable,235,132,0235_1.jpg,0132_3.jpg,0
exploration,cross_variable_variable,235,153,0235_1.jpg,0153_3.jpg,0
exploration,cross_variable_variable,235,163,0235_1.jpg,0163_3.jpg,0
exploration,cross_variable_variable,235,197,0235_1.jpg,0197_3.jpg,0
exploration,cross_variable_variable,235,229,0235_1.jpg,0229_3.jpg,0
exploration,cross_variable_variable,237,237,0237_1.jpg,0237_3.jpg,1
exploration,cross_variable_variable,237,256,0237_1.jpg,0256_3.jpg,0
exploration,cross_variable_variable,237,260,0237_1.jpg,0260_3.jpg,0
exploration,cross_variable_variable,237,7,0237_1.jpg,0007_3.jpg,0
exploration,cross_variable_variable,237,76,0237_1.jpg,0076_3.jpg,0
exploration,cross_variable_variable,237,77,0237_1.jpg,0077_3.jpg,0
exploration,cross_variable_variable,237,133,0237_1.jpg,0133_3.jpg,0
exploration,cross_variable_variable,237,154,0237_1.jpg,0154_3.jpg,0
exploration,cross_variable_variable,237,164,0237_1.jpg,0164_3.jpg,0
exploration,cross_variable_variable,237,198,0237_1.jpg,0198_3.jpg,0
exploration,cross_variable_variable,237,231,0237_1.jpg,0231_3.jpg,0
exploration,cross_variable_variable,239,239,0239_1.jpg,0239_3.jpg,1
exploration,cross_variable_variable,239,260,0239_1.jpg,0260_3.jpg,0
exploration,cross_variable_variable,239,261,0239_1.jpg,0261_3.jpg,0
exploration,cross_variable_variable,239,8,0239_1.jpg,0008_3.jpg,0
exploration,cross_variable_variable,239,77,0239_1.jpg,0077_3.jpg,0
exploration,cross_variable_variable,239,78,0239_1.jpg,0078_3.jpg,0
exploration,cross_variable_variable,239,134,0239_1.jpg,0134_3.jpg,0
exploration,cross_variable_variable,239,155,0239_1.jpg,0155_3.jpg,0
exploration,cross_variable_variable,239,167,0239_1.jpg,0167_3.jpg,0
exploration,cross_variable_variable,239,199,0239_1.jpg,0199_3.jpg,0
exploration,cross_variable_variable,239,232,0239_1.jpg,0232_3.jpg,0
exploration,cross_variable_variable,240,240,0240_1.jpg,0240_3.jpg,1
exploration,cross_variable_variable,240,261,0240_1.jpg,0261_3.jpg,0
exploration,cross_variable_variable,240,262,0240_1.jpg,0262_3.jpg,0
exploration,cross_variable_variable,240,11,0240_1.jpg,0011_3.jpg,0
exploration,cross_variable_variable,240,78,0240_1.jpg,0078_3.jpg,0
exploration,cross_variable_variable,240,79,0240_1.jpg,0079_3.jpg,0
exploration,cross_variable_variable,240,135,0240_1.jpg,0135_3.jpg,0
exploration,cross_variable_variable,240,156,0240_1.jpg,0156_3.jpg,0
exploration,cross_variable_variable,240,168,0240_1.jpg,0168_3.jpg,0
exploration,cross_variable_variable,240,200,0240_1.jpg,0200_3.jpg,0
exploration,cross_variable_variable,240,234,0240_1.jpg,0234_3.jpg,0
exploration,cross_variable_variable,241,241,0241_1.jpg,0241_3.jpg,1
exploration,cross_variable_variable,241,262,0241_1.jpg,0262_3.jpg,0
exploration,cross_variable_variable,241,263,0241_1.jpg,0263_3.jpg,0
exploration,cross_variable_variable,241,12,0241_1.jpg,0012_3.jpg,0
exploration,cross_variable_variable,241,79,0241_1.jpg,0079_3.jpg,0
exploration,cross_variable_variable,241,81,0241_1.jpg,0081_3.jpg,0
exploration,cross_variable_variable,241,138,0241_1.jpg,0138_3.jpg,0
exploration,cross_variable_variable,241,157,0241_1.jpg,0157_3.jpg,0
exploration,cross_variable_variable,241,169,0241_1.jpg,0169_3.jpg,0
exploration,cross_variable_variable,241,201,0241_1.jpg,0201_3.jpg,0
exploration,cross_variable_variable,241,235,0241_1.jpg,0235_3.jpg,0
exploration,cross_variable_variable,242,242,0242_1.jpg,0242_3.jpg,1
exploration,cross_variable_variable,242,263,0242_1.jpg,0263_3.jpg,0
exploration,cross_variable_variable,242,264,0242_1.jpg,0264_3.jpg,0
exploration,cross_variable_variable,242,15,0242_1.jpg,0015_3.jpg,0
exploration,cross_variable_variable,242,81,0242_1.jpg,0081_3.jpg,0
exploration,cross_variable_variable,242,83,0242_1.jpg,0083_3.jpg,0
exploration,cross_variable_variable,242,140,0242_1.jpg,0140_3.jpg,0
exploration,cross_variable_variable,242,158,0242_1.jpg,0158_3.jpg,0
exploration,cross_variable_variable,242,171,0242_1.jpg,0171_3.jpg,0
exploration,cross_variable_variable,242,203,0242_1.jpg,0203_3.jpg,0
exploration,cross_variable_variable,242,237,0242_1.jpg,0237_3.jpg,0
exploration,cross_variable_variable,243,243,0243_1.jpg,0243_3.jpg,1
exploration,cross_variable_variable,243,264,0243_1.jpg,0264_3.jpg,0
exploration,cross_variable_variable,243,265,0243_1.jpg,0265_3.jpg,0
exploration,cross_variable_variable,243,18,0243_1.jpg,0018_3.jpg,0
exploration,cross_variable_variable,243,83,0243_1.jpg,0083_3.jpg,0
exploration,cross_variable_variable,243,85,0243_1.jpg,0085_3.jpg,0
exploration,cross_variable_variable,243,142,0243_1.jpg,0142_3.jpg,0
exploration,cross_variable_variable,243,159,0243_1.jpg,0159_3.jpg,0
exploration,cross_variable_variable,243,172,0243_1.jpg,0172_3.jpg,0
exploration,cross_variable_variable,243,204,0243_1.jpg,0204_3.jpg,0
exploration,cross_variable_variable,243,239,0243_1.jpg,0239_3.jpg,0
exploration,cross_variable_variable,244,244,0244_1.jpg,0244_3.jpg,1
exploration,cross_variable_variable,244,265,0244_1.jpg,0265_3.jpg,0
exploration,cross_variable_variable,244,266,0244_1.jpg,0266_3.jpg,0
exploration,cross_variable_variable,244,19,0244_1.jpg,0019_3.jpg,0
exploration,cross_variable_variable,244,85,0244_1.jpg,0085_3.jpg,0
exploration,cross_variable_variable,244,86,0244_1.jpg,0086_3.jpg,0
exploration,cross_variable_variable,244,146,0244_1.jpg,0146_3.jpg,0
exploration,cross_variable_variable,244,161,0244_1.jpg,0161_3.jpg,0
exploration,cross_variable_variable,244,178,0244_1.jpg,0178_3.jpg,0
exploration,cross_variable_variable,244,206,0244_1.jpg,0206_3.jpg,0
exploration,cross_variable_variable,244,240,0244_1.jpg,0240_3.jpg,0
exploration,cross_variable_variable,245,245,0245_1.jpg,0245_3.jpg,1
exploration,cross_variable_variable,245,266,0245_1.jpg,0266_3.jpg,0
exploration,cross_variable_variable,245,267,0245_1.jpg,0267_3.jpg,0
exploration,cross_variable_variable,245,20,0245_1.jpg,0020_3.jpg,0
exploration,cross_variable_variable,245,86,0245_1.jpg,0086_3.jpg,0
exploration,cross_variable_variable,245,87,0245_1.jpg,0087_3.jpg,0
exploration,cross_variable_variable,245,147,0245_1.jpg,0147_3.jpg,0
exploration,cross_variable_variable,245,162,0245_1.jpg,0162_3.jpg,0
exploration,cross_variable_variable,245,179,0245_1.jpg,0179_3.jpg,0
exploration,cross_variable_variable,245,207,0245_1.jpg,0207_3.jpg,0
exploration,cross_variable_variable,245,241,0245_1.jpg,0241_3.jpg,0
exploration,cross_variable_variable,246,246,0246_1.jpg,0246_3.jpg,1
exploration,cross_variable_variable,246,267,0246_1.jpg,0267_3.jpg,0
exploration,cross_variable_variable,246,271,0246_1.jpg,0271_3.jpg,0
exploration,cross_variable_variable,246,21,0246_1.jpg,0021_3.jpg,0
exploration,cross_variable_variable,246,87,0246_1.jpg,0087_3.jpg,0
exploration,cross_variable_variable,246,89,0246_1.jpg,0089_3.jpg,0
exploration,cross_variable_variable,246,148,0246_1.jpg,0148_3.jpg,0
exploration,cross_variable_variable,246,163,0246_1.jpg,0163_3.jpg,0
exploration,cross_variable_variable,246,180,0246_1.jpg,0180_3.jpg,0
exploration,cross_variable_variable,246,208,0246_1.jpg,0208_3.jpg,0
exploration,cross_variable_variable,246,242,0246_1.jpg,0242_3.jpg,0
exploration,cross_variable_variable,247,247,0247_1.jpg,0247_3.jpg,1
exploration,cross_variable_variable,247,271,0247_1.jpg,0271_3.jpg,0
exploration,cross_variable_variable,247,272,0247_1.jpg,0272_3.jpg,0
exploration,cross_variable_variable,247,22,0247_1.jpg,0022_3.jpg,0
exploration,cross_variable_variable,247,89,0247_1.jpg,0089_3.jpg,0
exploration,cross_variable_variable,247,90,0247_1.jpg,0090_3.jpg,0
exploration,cross_variable_variable,247,152,0247_1.jpg,0152_3.jpg,0
exploration,cross_variable_variable,247,164,0247_1.jpg,0164_3.jpg,0
exploration,cross_variable_variable,247,181,0247_1.jpg,0181_3.jpg,0
exploration,cross_variable_variable,247,209,0247_1.jpg,0209_3.jpg,0
exploration,cross_variable_variable,247,243,0247_1.jpg,0243_3.jpg,0
exploration,cross_variable_variable,248,248,0248_1.jpg,0248_3.jpg,1
exploration,cross_variable_variable,248,272,0248_1.jpg,0272_3.jpg,0
exploration,cross_variable_variable,248,273,0248_1.jpg,0273_3.jpg,0
exploration,cross_variable_variable,248,25,0248_1.jpg,0025_3.jpg,0
exploration,cross_variable_variable,248,90,0248_1.jpg,0090_3.jpg,0
exploration,cross_variable_variable,248,91,0248_1.jpg,0091_3.jpg,0
exploration,cross_variable_variable,248,153,0248_1.jpg,0153_3.jpg,0
exploration,cross_variable_variable,248,167,0248_1.jpg,0167_3.jpg,0
exploration,cross_variable_variable,248,183,0248_1.jpg,0183_3.jpg,0
exploration,cross_variable_variable,248,211,0248_1.jpg,0211_3.jpg,0
exploration,cross_variable_variable,248,244,0248_1.jpg,0244_3.jpg,0
exploration,cross_variable_variable,249,249,0249_1.jpg,0249_3.jpg,1
exploration,cross_variable_variable,249,273,0249_1.jpg,0273_3.jpg,0
exploration,cross_variable_variable,249,274,0249_1.jpg,0274_3.jpg,0
exploration,cross_variable_variable,249,26,0249_1.jpg,0026_3.jpg,0
exploration,cross_variable_variable,249,91,0249_1.jpg,0091_3.jpg,0
exploration,cross_variable_variable,249,92,0249_1.jpg,0092_3.jpg,0
exploration,cross_variable_variable,249,154,0249_1.jpg,0154_3.jpg,0
exploration,cross_variable_variable,249,168,0249_1.jpg,0168_3.jpg,0
exploration,cross_variable_variable,249,185,0249_1.jpg,0185_3.jpg,0
exploration,cross_variable_variable,249,212,0249_1.jpg,0212_3.jpg,0
exploration,cross_variable_variable,249,245,0249_1.jpg,0245_3.jpg,0
exploration,cross_variable_variable,250,250,0250_1.jpg,0250_3.jpg,1
exploration,cross_variable_variable,250,274,0250_1.jpg,0274_3.jpg,0
exploration,cross_variable_variable,250,276,0250_1.jpg,0276_3.jpg,0
exploration,cross_variable_variable,250,27,0250_1.jpg,0027_3.jpg,0
exploration,cross_variable_variable,250,92,0250_1.jpg,0092_3.jpg,0
exploration,cross_variable_variable,250,93,0250_1.jpg,0093_3.jpg,0
exploration,cross_variable_variable,250,155,0250_1.jpg,0155_3.jpg,0
exploration,cross_variable_variable,250,169,0250_1.jpg,0169_3.jpg,0
exploration,cross_variable_variable,250,188,0250_1.jpg,0188_3.jpg,0
exploration,cross_variable_variable,250,213,0250_1.jpg,0213_3.jpg,0
exploration,cross_variable_variable,250,246,0250_1.jpg,0246_3.jpg,0
exploration,cross_variable_variable,251,251,0251_1.jpg,0251_3.jpg,1
exploration,cross_variable_variable,251,276,0251_1.jpg,0276_3.jpg,0
exploration,cross_variable_variable,251,279,0251_1.jpg,0279_3.jpg,0
exploration,cross_variable_variable,251,29,0251_1.jpg,0029_3.jpg,0
exploration,cross_variable_variable,251,93,0251_1.jpg,0093_3.jpg,0
exploration,cross_variable_variable,251,94,0251_1.jpg,0094_3.jpg,0
exploration,cross_variable_variable,251,156,0251_1.jpg,0156_3.jpg,0
exploration,cross_variable_variable,251,171,0251_1.jpg,0171_3.jpg,0
exploration,cross_variable_variable,251,189,0251_1.jpg,0189_3.jpg,0
exploration,cross_variable_variable,251,214,0251_1.jpg,0214_3.jpg,0
exploration,cross_variable_variable,251,247,0251_1.jpg,0247_3.jpg,0
exploration,cross_variable_variable,252,252,0252_1.jpg,0252_3.jpg,1
exploration,cross_variable_variable,252,279,0252_1.jpg,0279_3.jpg,0
exploration,cross_variable_variable,252,281,0252_1.jpg,0281_3.jpg,0
exploration,cross_variable_variable,252,30,0252_1.jpg,0030_3.jpg,0
exploration,cross_variable_variable,252,94,0252_1.jpg,0094_3.jpg,0
exploration,cross_variable_variable,252,96,0252_1.jpg,0096_3.jpg,0
exploration,cross_variable_variable,252,157,0252_1.jpg,0157_3.jpg,0
exploration,cross_variable_variable,252,172,0252_1.jpg,0172_3.jpg,0
exploration,cross_variable_variable,252,191,0252_1.jpg,0191_3.jpg,0
exploration,cross_variable_variable,252,216,0252_1.jpg,0216_3.jpg,0
exploration,cross_variable_variable,252,248,0252_1.jpg,0248_3.jpg,0
exploration,cross_variable_variable,255,255,0255_1.jpg,0255_3.jpg,1
exploration,cross_variable_variable,255,281,0255_1.jpg,0281_3.jpg,0
exploration,cross_variable_variable,255,282,0255_1.jpg,0282_3.jpg,0
exploration,cross_variable_variable,255,31,0255_1.jpg,0031_3.jpg,0
exploration,cross_variable_variable,255,96,0255_1.jpg,0096_3.jpg,0
exploration,cross_variable_variable,255,97,0255_1.jpg,0097_3.jpg,0
exploration,cross_variable_variable,255,158,0255_1.jpg,0158_3.jpg,0
exploration,cross_variable_variable,255,178,0255_1.jpg,0178_3.jpg,0
exploration,cross_variable_variable,255,192,0255_1.jpg,0192_3.jpg,0
exploration,cross_variable_variable,255,219,0255_1.jpg,0219_3.jpg,0
exploration,cross_variable_variable,255,249,0255_1.jpg,0249_3.jpg,0
exploration,cross_variable_variable,256,256,0256_1.jpg,0256_3.jpg,1
exploration,cross_variable_variable,256,282,0256_1.jpg,0282_3.jpg,0
exploration,cross_variable_variable,256,1,0256_1.jpg,0001_3.jpg,0
exploration,cross_variable_variable,256,35,0256_1.jpg,0035_3.jpg,0
exploration,cross_variable_variable,256,97,0256_1.jpg,0097_3.jpg,0
exploration,cross_variable_variable,256,98,0256_1.jpg,0098_3.jpg,0
exploration,cross_variable_variable,256,159,0256_1.jpg,0159_3.jpg,0
exploration,cross_variable_variable,256,179,0256_1.jpg,0179_3.jpg,0
exploration,cross_variable_variable,256,196,0256_1.jpg,0196_3.jpg,0
exploration,cross_variable_variable,256,220,0256_1.jpg,0220_3.jpg,0
exploration,cross_variable_variable,256,250,0256_1.jpg,0250_3.jpg,0
exploration,cross_variable_variable,260,260,0260_1.jpg,0260_3.jpg,1
exploration,cross_variable_variable,260,1,0260_1.jpg,0001_3.jpg,0
exploration,cross_variable_variable,260,2,0260_1.jpg,0002_3.jpg,0
exploration,cross_variable_variable,260,38,0260_1.jpg,0038_3.jpg,0
exploration,cross_variable_variable,260,98,0260_1.jpg,0098_3.jpg,0
exploration,cross_variable_variable,260,100,0260_1.jpg,0100_3.jpg,0
exploration,cross_variable_variable,260,161,0260_1.jpg,0161_3.jpg,0
exploration,cross_variable_variable,260,180,0260_1.jpg,0180_3.jpg,0
exploration,cross_variable_variable,260,197,0260_1.jpg,0197_3.jpg,0
exploration,cross_variable_variable,260,221,0260_1.jpg,0221_3.jpg,0
exploration,cross_variable_variable,260,251,0260_1.jpg,0251_3.jpg,0
exploration,cross_variable_variable,261,261,0261_1.jpg,0261_3.jpg,1
exploration,cross_variable_variable,261,2,0261_1.jpg,0002_3.jpg,0
exploration,cross_variable_variable,261,3,0261_1.jpg,0003_3.jpg,0
exploration,cross_variable_variable,261,39,0261_1.jpg,0039_3.jpg,0
exploration,cross_variable_variable,261,100,0261_1.jpg,0100_3.jpg,0
exploration,cross_variable_variable,261,101,0261_1.jpg,0101_3.jpg,0
exploration,cross_variable_variable,261,162,0261_1.jpg,0162_3.jpg,0
exploration,cross_variable_variable,261,181,0261_1.jpg,0181_3.jpg,0
exploration,cross_variable_variable,261,198,0261_1.jpg,0198_3.jpg,0
exploration,cross_variable_variable,261,223,0261_1.jpg,0223_3.jpg,0
exploration,cross_variable_variable,261,252,0261_1.jpg,0252_3.jpg,0
exploration,cross_variable_variable,262,262,0262_1.jpg,0262_3.jpg,1
exploration,cross_variable_variable,262,3,0262_1.jpg,0003_3.jpg,0
exploration,cross_variable_variable,262,6,0262_1.jpg,0006_3.jpg,0
exploration,cross_variable_variable,262,40,0262_1.jpg,0040_3.jpg,0
exploration,cross_variable_variable,262,101,0262_1.jpg,0101_3.jpg,0
exploration,cross_variable_variable,262,103,0262_1.jpg,0103_3.jpg,0
exploration,cross_variable_variable,262,163,0262_1.jpg,0163_3.jpg,0
exploration,cross_variable_variable,262,183,0262_1.jpg,0183_3.jpg,0
exploration,cross_variable_variable,262,199,0262_1.jpg,0199_3.jpg,0
exploration,cross_variable_variable,262,224,0262_1.jpg,0224_3.jpg,0
exploration,cross_variable_variable,262,255,0262_1.jpg,0255_3.jpg,0
exploration,cross_variable_variable,263,263,0263_1.jpg,0263_3.jpg,1
exploration,cross_variable_variable,263,6,0263_1.jpg,0006_3.jpg,0
exploration,cross_variable_variable,263,7,0263_1.jpg,0007_3.jpg,0
exploration,cross_variable_variable,263,42,0263_1.jpg,0042_3.jpg,0
exploration,cross_variable_variable,263,103,0263_1.jpg,0103_3.jpg,0
exploration,cross_variable_variable,263,104,0263_1.jpg,0104_3.jpg,0
exploration,cross_variable_variable,263,164,0263_1.jpg,0164_3.jpg,0
exploration,cross_variable_variable,263,185,0263_1.jpg,0185_3.jpg,0
exploration,cross_variable_variable,263,200,0263_1.jpg,0200_3.jpg,0
exploration,cross_variable_variable,263,225,0263_1.jpg,0225_3.jpg,0
exploration,cross_variable_variable,263,256,0263_1.jpg,0256_3.jpg,0
exploration,cross_variable_variable,264,264,0264_1.jpg,0264_3.jpg,1
exploration,cross_variable_variable,264,7,0264_1.jpg,0007_3.jpg,0
exploration,cross_variable_variable,264,8,0264_1.jpg,0008_3.jpg,0
exploration,cross_variable_variable,264,43,0264_1.jpg,0043_3.jpg,0
exploration,cross_variable_variable,264,104,0264_1.jpg,0104_3.jpg,0
exploration,cross_variable_variable,264,105,0264_1.jpg,0105_3.jpg,0
exploration,cross_variable_variable,264,167,0264_1.jpg,0167_3.jpg,0
exploration,cross_variable_variable,264,188,0264_1.jpg,0188_3.jpg,0
exploration,cross_variable_variable,264,201,0264_1.jpg,0201_3.jpg,0
exploration,cross_variable_variable,264,226,0264_1.jpg,0226_3.jpg,0
exploration,cross_variable_variable,264,260,0264_1.jpg,0260_3.jpg,0
exploration,cross_variable_variable,265,265,0265_1.jpg,0265_3.jpg,1
exploration,cross_variable_variable,265,8,0265_1.jpg,0008_3.jpg,0
exploration,cross_variable_variable,265,11,0265_1.jpg,0011_3.jpg,0
exploration,cross_variable_variable,265,46,0265_1.jpg,0046_3.jpg,0
exploration,cross_variable_variable,265,105,0265_1.jpg,0105_3.jpg,0
exploration,cross_variable_variable,265,106,0265_1.jpg,0106_3.jpg,0
exploration,cross_variable_variable,265,168,0265_1.jpg,0168_3.jpg,0
exploration,cross_variable_variable,265,189,0265_1.jpg,0189_3.jpg,0
exploration,cross_variable_variable,265,203,0265_1.jpg,0203_3.jpg,0
exploration,cross_variable_variable,265,227,0265_1.jpg,0227_3.jpg,0
exploration,cross_variable_variable,265,261,0265_1.jpg,0261_3.jpg,0
exploration,cross_variable_variable,266,266,0266_1.jpg,0266_3.jpg,1
exploration,cross_variable_variable,266,11,0266_1.jpg,0011_3.jpg,0
exploration,cross_variable_variable,266,12,0266_1.jpg,0012_3.jpg,0
exploration,cross_variable_variable,266,47,0266_1.jpg,0047_3.jpg,0
exploration,cross_variable_variable,266,106,0266_1.jpg,0106_3.jpg,0
exploration,cross_variable_variable,266,107,0266_1.jpg,0107_3.jpg,0
exploration,cross_variable_variable,266,169,0266_1.jpg,0169_3.jpg,0
exploration,cross_variable_variable,266,191,0266_1.jpg,0191_3.jpg,0
exploration,cross_variable_variable,266,204,0266_1.jpg,0204_3.jpg,0
exploration,cross_variable_variable,266,228,0266_1.jpg,0228_3.jpg,0
exploration,cross_variable_variable,266,262,0266_1.jpg,0262_3.jpg,0
exploration,cross_variable_variable,267,267,0267_1.jpg,0267_3.jpg,1
exploration,cross_variable_variable,267,12,0267_1.jpg,0012_3.jpg,0
exploration,cross_variable_variable,267,15,0267_1.jpg,0015_3.jpg,0
exploration,cross_variable_variable,267,49,0267_1.jpg,0049_3.jpg,0
exploration,cross_variable_variable,267,107,0267_1.jpg,0107_3.jpg,0
exploration,cross_variable_variable,267,109,0267_1.jpg,0109_3.jpg,0
exploration,cross_variable_variable,267,171,0267_1.jpg,0171_3.jpg,0
exploration,cross_variable_variable,267,192,0267_1.jpg,0192_3.jpg,0
exploration,cross_variable_variable,267,206,0267_1.jpg,0206_3.jpg,0
exploration,cross_variable_variable,267,229,0267_1.jpg,0229_3.jpg,0
exploration,cross_variable_variable,267,263,0267_1.jpg,0263_3.jpg,0
exploration,cross_variable_variable,271,271,0271_1.jpg,0271_3.jpg,1
exploration,cross_variable_variable,271,15,0271_1.jpg,0015_3.jpg,0
exploration,cross_variable_variable,271,18,0271_1.jpg,0018_3.jpg,0
exploration,cross_variable_variable,271,55,0271_1.jpg,0055_3.jpg,0
exploration,cross_variable_variable,271,109,0271_1.jpg,0109_3.jpg,0
exploration,cross_variable_variable,271,110,0271_1.jpg,0110_3.jpg,0
exploration,cross_variable_variable,271,172,0271_1.jpg,0172_3.jpg,0
exploration,cross_variable_variable,271,196,0271_1.jpg,0196_3.jpg,0
exploration,cross_variable_variable,271,207,0271_1.jpg,0207_3.jpg,0
exploration,cross_variable_variable,271,231,0271_1.jpg,0231_3.jpg,0
exploration,cross_variable_variable,271,264,0271_1.jpg,0264_3.jpg,0
exploration,cross_variable_variable,272,272,0272_1.jpg,0272_3.jpg,1
exploration,cross_variable_variable,272,18,0272_1.jpg,0018_3.jpg,0
exploration,cross_variable_variable,272,19,0272_1.jpg,0019_3.jpg,0
exploration,cross_variable_variable,272,56,0272_1.jpg,0056_3.jpg,0
exploration,cross_variable_variable,272,110,0272_1.jpg,0110_3.jpg,0
exploration,cross_variable_variable,272,114,0272_1.jpg,0114_3.jpg,0
exploration,cross_variable_variable,272,178,0272_1.jpg,0178_3.jpg,0
exploration,cross_variable_variable,272,197,0272_1.jpg,0197_3.jpg,0
exploration,cross_variable_variable,272,208,0272_1.jpg,0208_3.jpg,0
exploration,cross_variable_variable,272,232,0272_1.jpg,0232_3.jpg,0
exploration,cross_variable_variable,272,265,0272_1.jpg,0265_3.jpg,0
exploration,cross_variable_variable,273,273,0273_1.jpg,0273_3.jpg,1
exploration,cross_variable_variable,273,19,0273_1.jpg,0019_3.jpg,0
exploration,cross_variable_variable,273,20,0273_1.jpg,0020_3.jpg,0
exploration,cross_variable_variable,273,57,0273_1.jpg,0057_3.jpg,0
exploration,cross_variable_variable,273,114,0273_1.jpg,0114_3.jpg,0
exploration,cross_variable_variable,273,116,0273_1.jpg,0116_3.jpg,0
exploration,cross_variable_variable,273,179,0273_1.jpg,0179_3.jpg,0
exploration,cross_variable_variable,273,198,0273_1.jpg,0198_3.jpg,0
exploration,cross_variable_variable,273,209,0273_1.jpg,0209_3.jpg,0
exploration,cross_variable_variable,273,234,0273_1.jpg,0234_3.jpg,0
exploration,cross_variable_variable,273,266,0273_1.jpg,0266_3.jpg,0
exploration,cross_variable_variable,274,274,0274_1.jpg,0274_3.jpg,1
exploration,cross_variable_variable,274,20,0274_1.jpg,0020_3.jpg,0
exploration,cross_variable_variable,274,21,0274_1.jpg,0021_3.jpg,0
exploration,cross_variable_variable,274,59,0274_1.jpg,0059_3.jpg,0
exploration,cross_variable_variable,274,116,0274_1.jpg,0116_3.jpg,0
exploration,cross_variable_variable,274,118,0274_1.jpg,0118_3.jpg,0
exploration,cross_variable_variable,274,180,0274_1.jpg,0180_3.jpg,0
exploration,cross_variable_variable,274,199,0274_1.jpg,0199_3.jpg,0
exploration,cross_variable_variable,274,211,0274_1.jpg,0211_3.jpg,0
exploration,cross_variable_variable,274,235,0274_1.jpg,0235_3.jpg,0
exploration,cross_variable_variable,274,267,0274_1.jpg,0267_3.jpg,0
exploration,cross_variable_variable,276,276,0276_1.jpg,0276_3.jpg,1
exploration,cross_variable_variable,276,21,0276_1.jpg,0021_3.jpg,0
exploration,cross_variable_variable,276,22,0276_1.jpg,0022_3.jpg,0
exploration,cross_variable_variable,276,60,0276_1.jpg,0060_3.jpg,0
exploration,cross_variable_variable,276,118,0276_1.jpg,0118_3.jpg,0
exploration,cross_variable_variable,276,119,0276_1.jpg,0119_3.jpg,0
exploration,cross_variable_variable,276,181,0276_1.jpg,0181_3.jpg,0
exploration,cross_variable_variable,276,200,0276_1.jpg,0200_3.jpg,0
exploration,cross_variable_variable,276,212,0276_1.jpg,0212_3.jpg,0
exploration,cross_variable_variable,276,237,0276_1.jpg,0237_3.jpg,0
exploration,cross_variable_variable,276,271,0276_1.jpg,0271_3.jpg,0
exploration,cross_variable_variable,279,279,0279_1.jpg,0279_3.jpg,1
exploration,cross_variable_variable,279,22,0279_1.jpg,0022_3.jpg,0
exploration,cross_variable_variable,279,25,0279_1.jpg,0025_3.jpg,0
exploration,cross_variable_variable,279,61,0279_1.jpg,0061_3.jpg,0
exploration,cross_variable_variable,279,119,0279_1.jpg,0119_3.jpg,0
exploration,cross_variable_variable,279,122,0279_1.jpg,0122_3.jpg,0
exploration,cross_variable_variable,279,183,0279_1.jpg,0183_3.jpg,0
exploration,cross_variable_variable,279,201,0279_1.jpg,0201_3.jpg,0
exploration,cross_variable_variable,279,213,0279_1.jpg,0213_3.jpg,0
exploration,cross_variable_variable,279,239,0279_1.jpg,0239_3.jpg,0
exploration,cross_variable_variable,279,272,0279_1.jpg,0272_3.jpg,0
exploration,cross_variable_variable,281,281,0281_1.jpg,0281_3.jpg,1
exploration,cross_variable_variable,281,25,0281_1.jpg,0025_3.jpg,0
exploration,cross_variable_variable,281,26,0281_1.jpg,0026_3.jpg,0
exploration,cross_variable_variable,281,62,0281_1.jpg,0062_3.jpg,0
exploration,cross_variable_variable,281,122,0281_1.jpg,0122_3.jpg,0
exploration,cross_variable_variable,281,123,0281_1.jpg,0123_3.jpg,0
exploration,cross_variable_variable,281,185,0281_1.jpg,0185_3.jpg,0
exploration,cross_variable_variable,281,203,0281_1.jpg,0203_3.jpg,0
exploration,cross_variable_variable,281,214,0281_1.jpg,0214_3.jpg,0
exploration,cross_variable_variable,281,240,0281_1.jpg,0240_3.jpg,0
exploration,cross_variable_variable,281,273,0281_1.jpg,0273_3.jpg,0
exploration,cross_variable_variable,282,282,0282_1.jpg,0282_3.jpg,1
exploration,cross_variable_variable,282,26,0282_1.jpg,0026_3.jpg,0
exploration,cross_variable_variable,282,27,0282_1.jpg,0027_3.jpg,0
exploration,cross_variable_variable,282,65,0282_1.jpg,0065_3.jpg,0
exploration,cross_variable_variable,282,123,0282_1.jpg,0123_3.jpg,0
exploration,cross_variable_variable,282,124,0282_1.jpg,0124_3.jpg,0
exploration,cross_variable_variable,282,188,0282_1.jpg,0188_3.jpg,0
exploration,cross_variable_variable,282,204,0282_1.jpg,0204_3.jpg,0
exploration,cross_variable_variable,282,216,0282_1.jpg,0216_3.jpg,0
exploration,cross_variable_variable,282,241,0282_1.jpg,0241_3.jpg,0
exploration,cross_variable_variable,282,274,0282_1.jpg,0274_3.jpg,0
exploration,cross_variable_same,1,1,0001_1.jpg,0001_4.jpg,1
exploration,cross_variable_same,1,27,0001_1.jpg,0027_4.jpg,0
exploration,cross_variable_same,1,29,0001_1.jpg,0029_4.jpg,0
exploration,cross_variable_same,1,66,0001_1.jpg,0066_4.jpg,0
exploration,cross_variable_same,1,124,0001_1.jpg,0124_4.jpg,0
exploration,cross_variable_same,1,125,0001_1.jpg,0125_4.jpg,0
exploration,cross_variable_same,1,189,0001_1.jpg,0189_4.jpg,0
exploration,cross_variable_same,1,206,0001_1.jpg,0206_4.jpg,0
exploration,cross_variable_same,1,219,0001_1.jpg,0219_4.jpg,0
exploration,cross_variable_same,1,242,0001_1.jpg,0242_4.jpg,0
exploration,cross_variable_same,1,276,0001_1.jpg,0276_4.jpg,0
exploration,cross_variable_same,2,2,0002_1.jpg,0002_4.jpg,1
exploration,cross_variable_same,2,29,0002_1.jpg,0029_4.jpg,0
exploration,cross_variable_same,2,30,0002_1.jpg,0030_4.jpg,0
exploration,cross_variable_same,2,67,0002_1.jpg,0067_4.jpg,0
exploration,cross_variable_same,2,125,0002_1.jpg,0125_4.jpg,0
exploration,cross_variable_same,2,127,0002_1.jpg,0127_4.jpg,0
exploration,cross_variable_same,2,191,0002_1.jpg,0191_4.jpg,0
exploration,cross_variable_same,2,207,0002_1.jpg,0207_4.jpg,0
exploration,cross_variable_same,2,220,0002_1.jpg,0220_4.jpg,0
exploration,cross_variable_same,2,243,0002_1.jpg,0243_4.jpg,0
exploration,cross_variable_same,2,279,0002_1.jpg,0279_4.jpg,0
exploration,cross_variable_same,3,3,0003_1.jpg,0003_4.jpg,1
exploration,cross_variable_same,3,30,0003_1.jpg,0030_4.jpg,0
exploration,cross_variable_same,3,31,0003_1.jpg,0031_4.jpg,0
exploration,cross_variable_same,3,70,0003_1.jpg,0070_4.jpg,0
exploration,cross_variable_same,3,127,0003_1.jpg,0127_4.jpg,0
exploration,cross_variable_same,3,130,0003_1.jpg,0130_4.jpg,0
exploration,cross_variable_same,3,192,0003_1.jpg,0192_4.jpg,0
exploration,cross_variable_same,3,208,0003_1.jpg,0208_4.jpg,0
exploration,cross_variable_same,3,221,0003_1.jpg,0221_4.jpg,0
exploration,cross_variable_same,3,244,0003_1.jpg,0244_4.jpg,0
exploration,cross_variable_same,3,281,0003_1.jpg,0281_4.jpg,0
exploration,cross_variable_same,6,6,0006_1.jpg,0006_4.jpg,1
exploration,cross_variable_same,6,31,0006_1.jpg,0031_4.jpg,0
exploration,cross_variable_same,6,35,0006_1.jpg,0035_4.jpg,0
exploration,cross_variable_same,6,71,0006_1.jpg,0071_4.jpg,0
exploration,cross_variable_same,6,130,0006_1.jpg,0130_4.jpg,0
exploration,cross_variable_same,6,132,0006_1.jpg,0132_4.jpg,0
exploration,cross_variable_same,6,196,0006_1.jpg,0196_4.jpg,0
exploration,cross_variable_same,6,209,0006_1.jpg,0209_4.jpg,0
exploration,cross_variable_same,6,223,0006_1.jpg,0223_4.jpg,0
exploration,cross_variable_same,6,245,0006_1.jpg,0245_4.jpg,0
exploration,cross_variable_same,6,282,0006_1.jpg,0282_4.jpg,0
exploration,cross_variable_same,7,7,0007_1.jpg,0007_4.jpg,1
exploration,cross_variable_same,7,35,0007_1.jpg,0035_4.jpg,0
exploration,cross_variable_same,7,38,0007_1.jpg,0038_4.jpg,0
exploration,cross_variable_same,7,74,0007_1.jpg,0074_4.jpg,0
exploration,cross_variable_same,7,132,0007_1.jpg,0132_4.jpg,0
exploration,cross_variable_same,7,133,0007_1.jpg,0133_4.jpg,0
exploration,cross_variable_same,7,197,0007_1.jpg,0197_4.jpg,0
exploration,cross_variable_same,7,211,0007_1.jpg,0211_4.jpg,0
exploration,cross_variable_same,7,224,0007_1.jpg,0224_4.jpg,0
exploration,cross_variable_same,7,246,0007_1.jpg,0246_4.jpg,0
exploration,cross_variable_same,7,1,0007_1.jpg,0001_4.jpg,0
exploration,cross_variable_same,8,8,0008_1.jpg,0008_4.jpg,1
exploration,cross_variable_same,8,38,0008_1.jpg,0038_4.jpg,0
exploration,cross_variable_same,8,39,0008_1.jpg,0039_4.jpg,0
exploration,cross_variable_same,8,75,0008_1.jpg,0075_4.jpg,0
exploration,cross_variable_same,8,133,0008_1.jpg,0133_4.jpg,0
exploration,cross_variable_same,8,134,0008_1.jpg,0134_4.jpg,0
exploration,cross_variable_same,8,198,0008_1.jpg,0198_4.jpg,0
exploration,cross_variable_same,8,212,0008_1.jpg,0212_4.jpg,0
exploration,cross_variable_same,8,225,0008_1.jpg,0225_4.jpg,0
exploration,cross_variable_same,8,247,0008_1.jpg,0247_4.jpg,0
exploration,cross_variable_same,8,2,0008_1.jpg,0002_4.jpg,0
exploration,cross_variable_same,11,11,0011_1.jpg,0011_4.jpg,1
exploration,cross_variable_same,11,39,0011_1.jpg,0039_4.jpg,0
exploration,cross_variable_same,11,40,0011_1.jpg,0040_4.jpg,0
exploration,cross_variable_same,11,76,0011_1.jpg,0076_4.jpg,0
exploration,cross_variable_same,11,134,0011_1.jpg,0134_4.jpg,0
exploration,cross_variable_same,11,135,0011_1.jpg,0135_4.jpg,0
exploration,cross_variable_same,11,199,0011_1.jpg,0199_4.jpg,0
exploration,cross_variable_same,11,213,0011_1.jpg,0213_4.jpg,0
exploration,cross_variable_same,11,226,0011_1.jpg,0226_4.jpg,0
exploration,cross_variable_same,11,248,0011_1.jpg,0248_4.jpg,0
exploration,cross_variable_same,11,3,0011_1.jpg,0003_4.jpg,0
exploration,cross_variable_same,12,12,0012_1.jpg,0012_4.jpg,1
exploration,cross_variable_same,12,40,0012_1.jpg,0040_4.jpg,0
exploration,cross_variable_same,12,42,0012_1.jpg,0042_4.jpg,0
exploration,cross_variable_same,12,77,0012_1.jpg,0077_4.jpg,0
exploration,cross_variable_same,12,135,0012_1.jpg,0135_4.jpg,0
exploration,cross_variable_same,12,138,0012_1.jpg,0138_4.jpg,0
exploration,cross_variable_same,12,200,0012_1.jpg,0200_4.jpg,0
exploration,cross_variable_same,12,214,0012_1.jpg,0214_4.jpg,0
exploration,cross_variable_same,12,227,0012_1.jpg,0227_4.jpg,0
exploration,cross_variable_same,12,249,0012_1.jpg,0249_4.jpg,0
exploration,cross_variable_same,12,6,0012_1.jpg,0006_4.jpg,0
exploration,cross_variable_same,15,15,0015_1.jpg,0015_4.jpg,1
exploration,cross_variable_same,15,42,0015_1.jpg,0042_4.jpg,0
exploration,cross_variable_same,15,43,0015_1.jpg,0043_4.jpg,0
exploration,cross_variable_same,15,78,0015_1.jpg,0078_4.jpg,0
exploration,cross_variable_same,15,138,0015_1.jpg,0138_4.jpg,0
exploration,cross_variable_same,15,140,0015_1.jpg,0140_4.jpg,0
exploration,cross_variable_same,15,201,0015_1.jpg,0201_4.jpg,0
exploration,cross_variable_same,15,216,0015_1.jpg,0216_4.jpg,0
exploration,cross_variable_same,15,228,0015_1.jpg,0228_4.jpg,0
exploration,cross_variable_same,15,250,0015_1.jpg,0250_4.jpg,0
exploration,cross_variable_same,15,7,0015_1.jpg,0007_4.jpg,0
exploration,cross_variable_same,18,18,0018_1.jpg,0018_4.jpg,1
exploration,cross_variable_same,18,43,0018_1.jpg,0043_4.jpg,0
exploration,cross_variable_same,18,46,0018_1.jpg,0046_4.jpg,0
exploration,cross_variable_same,18,79,0018_1.jpg,0079_4.jpg,0
exploration,cross_variable_same,18,140,0018_1.jpg,0140_4.jpg,0
exploration,cross_variable_same,18,142,0018_1.jpg,0142_4.jpg,0
exploration,cross_variable_same,18,203,0018_1.jpg,0203_4.jpg,0
exploration,cross_variable_same,18,219,0018_1.jpg,0219_4.jpg,0
exploration,cross_variable_same,18,229,0018_1.jpg,0229_4.jpg,0
exploration,cross_variable_same,18,251,0018_1.jpg,0251_4.jpg,0
exploration,cross_variable_same,18,8,0018_1.jpg,0008_4.jpg,0
exploration,cross_variable_same,19,19,0019_1.jpg,0019_4.jpg,1
exploration,cross_variable_same,19,46,0019_1.jpg,0046_4.jpg,0
exploration,cross_variable_same,19,47,0019_1.jpg,0047_4.jpg,0
exploration,cross_variable_same,19,81,0019_1.jpg,0081_4.jpg,0
exploration,cross_variable_same,19,142,0019_1.jpg,0142_4.jpg,0
exploration,cross_variable_same,19,146,0019_1.jpg,0146_4.jpg,0
exploration,cross_variable_same,19,204,0019_1.jpg,0204_4.jpg,0
exploration,cross_variable_same,19,220,0019_1.jpg,0220_4.jpg,0
exploration,cross_variable_same,19,231,0019_1.jpg,0231_4.jpg,0
exploration,cross_variable_same,19,252,0019_1.jpg,0252_4.jpg,0
exploration,cross_variable_same,19,11,0019_1.jpg,0011_4.jpg,0
exploration,cross_variable_same,20,20,0020_1.jpg,0020_4.jpg,1
exploration,cross_variable_same,20,47,0020_1.jpg,0047_4.jpg,0
exploration,cross_variable_same,20,49,0020_1.jpg,0049_4.jpg,0
exploration,cross_variable_same,20,83,0020_1.jpg,0083_4.jpg,0
exploration,cross_variable_same,20,146,0020_1.jpg,0146_4.jpg,0
exploration,cross_variable_same,20,147,0020_1.jpg,0147_4.jpg,0
exploration,cross_variable_same,20,206,0020_1.jpg,0206_4.jpg,0
exploration,cross_variable_same,20,221,0020_1.jpg,0221_4.jpg,0
exploration,cross_variable_same,20,232,0020_1.jpg,0232_4.jpg,0
exploration,cross_variable_same,20,255,0020_1.jpg,0255_4.jpg,0
exploration,cross_variable_same,20,12,0020_1.jpg,0012_4.jpg,0
exploration,cross_variable_same,21,21,0021_1.jpg,0021_4.jpg,1
exploration,cross_variable_same,21,49,0021_1.jpg,0049_4.jpg,0
exploration,cross_variable_same,21,55,0021_1.jpg,0055_4.jpg,0
exploration,cross_variable_same,21,85,0021_1.jpg,0085_4.jpg,0
exploration,cross_variable_same,21,147,0021_1.jpg,0147_4.jpg,0
exploration,cross_variable_same,21,148,0021_1.jpg,0148_4.jpg,0
exploration,cross_variable_same,21,207,0021_1.jpg,0207_4.jpg,0
exploration,cross_variable_same,21,223,0021_1.jpg,0223_4.jpg,0
exploration,cross_variable_same,21,234,0021_1.jpg,0234_4.jpg,0
exploration,cross_variable_same,21,256,0021_1.jpg,0256_4.jpg,0
exploration,cross_variable_same,21,15,0021_1.jpg,0015_4.jpg,0
exploration,cross_variable_same,22,22,0022_1.jpg,0022_4.jpg,1
exploration,cross_variable_same,22,55,0022_1.jpg,0055_4.jpg,0
exploration,cross_variable_same,22,56,0022_1.jpg,0056_4.jpg,0
exploration,cross_variable_same,22,86,0022_1.jpg,0086_4.jpg,0
exploration,cross_variable_same,22,148,0022_1.jpg,0148_4.jpg,0
exploration,cross_variable_same,22,152,0022_1.jpg,0152_4.jpg,0
exploration,cross_variable_same,22,208,0022_1.jpg,0208_4.jpg,0
exploration,cross_variable_same,22,224,0022_1.jpg,0224_4.jpg,0
exploration,cross_variable_same,22,235,0022_1.jpg,0235_4.jpg,0
exploration,cross_variable_same,22,260,0022_1.jpg,0260_4.jpg,0
exploration,cross_variable_same,22,18,0022_1.jpg,0018_4.jpg,0
exploration,cross_variable_same,25,25,0025_1.jpg,0025_4.jpg,1
exploration,cross_variable_same,25,56,0025_1.jpg,0056_4.jpg,0
exploration,cross_variable_same,25,57,0025_1.jpg,0057_4.jpg,0
exploration,cross_variable_same,25,87,0025_1.jpg,0087_4.jpg,0
exploration,cross_variable_same,25,152,0025_1.jpg,0152_4.jpg,0
exploration,cross_variable_same,25,153,0025_1.jpg,0153_4.jpg,0
exploration,cross_variable_same,25,209,0025_1.jpg,0209_4.jpg,0
exploration,cross_variable_same,25,225,0025_1.jpg,0225_4.jpg,0
exploration,cross_variable_same,25,237,0025_1.jpg,0237_4.jpg,0
exploration,cross_variable_same,25,261,0025_1.jpg,0261_4.jpg,0
exploration,cross_variable_same,25,19,0025_1.jpg,0019_4.jpg,0
exploration,cross_variable_same,26,26,0026_1.jpg,0026_4.jpg,1
exploration,cross_variable_same,26,57,0026_1.jpg,0057_4.jpg,0
exploration,cross_variable_same,26,59,0026_1.jpg,0059_4.jpg,0
exploration,cross_variable_same,26,89,0026_1.jpg,0089_4.jpg,0
exploration,cross_variable_same,26,153,0026_1.jpg,0153_4.jpg,0
exploration,cross_variable_same,26,154,0026_1.jpg,0154_4.jpg,0
exploration,cross_variable_same,26,211,0026_1.jpg,0211_4.jpg,0
exploration,cross_variable_same,26,226,0026_1.jpg,0226_4.jpg,0
exploration,cross_variable_same,26,239,0026_1.jpg,0239_4.jpg,0
exploration,cross_variable_same,26,262,0026_1.jpg,0262_4.jpg,0
exploration,cross_variable_same,26,20,0026_1.jpg,0020_4.jpg,0
exploration,cross_variable_same,27,27,0027_1.jpg,0027_4.jpg,1
exploration,cross_variable_same,27,59,0027_1.jpg,0059_4.jpg,0
exploration,cross_variable_same,27,60,0027_1.jpg,0060_4.jpg,0
exploration,cross_variable_same,27,90,0027_1.jpg,0090_4.jpg,0
exploration,cross_variable_same,27,154,0027_1.jpg,0154_4.jpg,0
exploration,cross_variable_same,27,155,0027_1.jpg,0155_4.jpg,0
exploration,cross_variable_same,27,212,0027_1.jpg,0212_4.jpg,0
exploration,cross_variable_same,27,227,0027_1.jpg,0227_4.jpg,0
exploration,cross_variable_same,27,240,0027_1.jpg,0240_4.jpg,0
exploration,cross_variable_same,27,263,0027_1.jpg,0263_4.jpg,0
exploration,cross_variable_same,27,21,0027_1.jpg,0021_4.jpg,0
exploration,cross_variable_same,29,29,0029_1.jpg,0029_4.jpg,1
exploration,cross_variable_same,29,60,0029_1.jpg,0060_4.jpg,0
exploration,cross_variable_same,29,61,0029_1.jpg,0061_4.jpg,0
exploration,cross_variable_same,29,91,0029_1.jpg,0091_4.jpg,0
exploration,cross_variable_same,29,155,0029_1.jpg,0155_4.jpg,0
exploration,cross_variable_same,29,156,0029_1.jpg,0156_4.jpg,0
exploration,cross_variable_same,29,213,0029_1.jpg,0213_4.jpg,0
exploration,cross_variable_same,29,228,0029_1.jpg,0228_4.jpg,0
exploration,cross_variable_same,29,241,0029_1.jpg,0241_4.jpg,0
exploration,cross_variable_same,29,264,0029_1.jpg,0264_4.jpg,0
exploration,cross_variable_same,29,22,0029_1.jpg,0022_4.jpg,0
exploration,cross_variable_same,30,30,0030_1.jpg,0030_4.jpg,1
exploration,cross_variable_same,30,61,0030_1.jpg,0061_4.jpg,0
exploration,cross_variable_same,30,62,0030_1.jpg,0062_4.jpg,0
exploration,cross_variable_same,30,92,0030_1.jpg,0092_4.jpg,0
exploration,cross_variable_same,30,156,0030_1.jpg,0156_4.jpg,0
exploration,cross_variable_same,30,157,0030_1.jpg,0157_4.jpg,0
exploration,cross_variable_same,30,214,0030_1.jpg,0214_4.jpg,0
exploration,cross_variable_same,30,229,0030_1.jpg,0229_4.jpg,0
exploration,cross_variable_same,30,242,0030_1.jpg,0242_4.jpg,0
exploration,cross_variable_same,30,265,0030_1.jpg,0265_4.jpg,0
exploration,cross_variable_same,30,25,0030_1.jpg,0025_4.jpg,0
exploration,cross_variable_same,31,31,0031_1.jpg,0031_4.jpg,1
exploration,cross_variable_same,31,62,0031_1.jpg,0062_4.jpg,0
exploration,cross_variable_same,31,65,0031_1.jpg,0065_4.jpg,0
exploration,cross_variable_same,31,93,0031_1.jpg,0093_4.jpg,0
exploration,cross_variable_same,31,157,0031_1.jpg,0157_4.jpg,0
exploration,cross_variable_same,31,158,0031_1.jpg,0158_4.jpg,0
exploration,cross_variable_same,31,216,0031_1.jpg,0216_4.jpg,0
exploration,cross_variable_same,31,231,0031_1.jpg,0231_4.jpg,0
exploration,cross_variable_same,31,243,0031_1.jpg,0243_4.jpg,0
exploration,cross_variable_same,31,266,0031_1.jpg,0266_4.jpg,0
exploration,cross_variable_same,31,26,0031_1.jpg,0026_4.jpg,0
exploration,cross_variable_same,35,35,0035_1.jpg,0035_4.jpg,1
exploration,cross_variable_same,35,65,0035_1.jpg,0065_4.jpg,0
exploration,cross_variable_same,35,66,0035_1.jpg,0066_4.jpg,0
exploration,cross_variable_same,35,94,0035_1.jpg,0094_4.jpg,0
exploration,cross_variable_same,35,158,0035_1.jpg,0158_4.jpg,0
exploration,cross_variable_same,35,159,0035_1.jpg,0159_4.jpg,0
exploration,cross_variable_same,35,219,0035_1.jpg,0219_4.jpg,0
exploration,cross_variable_same,35,232,0035_1.jpg,0232_4.jpg,0
exploration,cross_variable_same,35,244,0035_1.jpg,0244_4.jpg,0
exploration,cross_variable_same,35,267,0035_1.jpg,0267_4.jpg,0
exploration,cross_variable_same,35,27,0035_1.jpg,0027_4.jpg,0
exploration,cross_variable_same,38,38,0038_1.jpg,0038_4.jpg,1
exploration,cross_variable_same,38,66,0038_1.jpg,0066_4.jpg,0
exploration,cross_variable_same,38,67,0038_1.jpg,0067_4.jpg,0
exploration,cross_variable_same,38,96,0038_1.jpg,0096_4.jpg,0
exploration,cross_variable_same,38,159,0038_1.jpg,0159_4.jpg,0
exploration,cross_variable_same,38,161,0038_1.jpg,0161_4.jpg,0
exploration,cross_variable_same,38,220,0038_1.jpg,0220_4.jpg,0
exploration,cross_variable_same,38,234,0038_1.jpg,0234_4.jpg,0
exploration,cross_variable_same,38,245,0038_1.jpg,0245_4.jpg,0
exploration,cross_variable_same,38,271,0038_1.jpg,0271_4.jpg,0
exploration,cross_variable_same,38,29,0038_1.jpg,0029_4.jpg,0
exploration,cross_variable_same,39,39,0039_1.jpg,0039_4.jpg,1
exploration,cross_variable_same,39,67,0039_1.jpg,0067_4.jpg,0
exploration,cross_variable_same,39,70,0039_1.jpg,0070_4.jpg,0
exploration,cross_variable_same,39,97,0039_1.jpg,0097_4.jpg,0
exploration,cross_variable_same,39,161,0039_1.jpg,0161_4.jpg,0
exploration,cross_variable_same,39,162,0039_1.jpg,0162_4.jpg,0
exploration,cross_variable_same,39,221,0039_1.jpg,0221_4.jpg,0
exploration,cross_variable_same,39,235,0039_1.jpg,0235_4.jpg,0
exploration,cross_variable_same,39,246,0039_1.jpg,0246_4.jpg,0
exploration,cross_variable_same,39,272,0039_1.jpg,0272_4.jpg,0
exploration,cross_variable_same,39,30,0039_1.jpg,0030_4.jpg,0
exploration,cross_variable_same,40,40,0040_1.jpg,0040_4.jpg,1
exploration,cross_variable_same,40,70,0040_1.jpg,0070_4.jpg,0
exploration,cross_variable_same,40,71,0040_1.jpg,0071_4.jpg,0
exploration,cross_variable_same,40,98,0040_1.jpg,0098_4.jpg,0
exploration,cross_variable_same,40,162,0040_1.jpg,0162_4.jpg,0
exploration,cross_variable_same,40,163,0040_1.jpg,0163_4.jpg,0
exploration,cross_variable_same,40,223,0040_1.jpg,0223_4.jpg,0
exploration,cross_variable_same,40,237,0040_1.jpg,0237_4.jpg,0
exploration,cross_variable_same,40,247,0040_1.jpg,0247_4.jpg,0
exploration,cross_variable_same,40,273,0040_1.jpg,0273_4.jpg,0
exploration,cross_variable_same,40,31,0040_1.jpg,0031_4.jpg,0
exploration,cross_variable_same,42,42,0042_1.jpg,0042_4.jpg,1
exploration,cross_variable_same,42,71,0042_1.jpg,0071_4.jpg,0
exploration,cross_variable_same,42,74,0042_1.jpg,0074_4.jpg,0
exploration,cross_variable_same,42,100,0042_1.jpg,0100_4.jpg,0
exploration,cross_variable_same,42,163,0042_1.jpg,0163_4.jpg,0
exploration,cross_variable_same,42,164,0042_1.jpg,0164_4.jpg,0
exploration,cross_variable_same,42,224,0042_1.jpg,0224_4.jpg,0
exploration,cross_variable_same,42,239,0042_1.jpg,0239_4.jpg,0
exploration,cross_variable_same,42,248,0042_1.jpg,0248_4.jpg,0
exploration,cross_variable_same,42,274,0042_1.jpg,0274_4.jpg,0
exploration,cross_variable_same,42,35,0042_1.jpg,0035_4.jpg,0
exploration,cross_variable_same,43,43,0043_1.jpg,0043_4.jpg,1
exploration,cross_variable_same,43,74,0043_1.jpg,0074_4.jpg,0
exploration,cross_variable_same,43,75,0043_1.jpg,0075_4.jpg,0
exploration,cross_variable_same,43,101,0043_1.jpg,0101_4.jpg,0
exploration,cross_variable_same,43,164,0043_1.jpg,0164_4.jpg,0
exploration,cross_variable_same,43,167,0043_1.jpg,0167_4.jpg,0
exploration,cross_variable_same,43,225,0043_1.jpg,0225_4.jpg,0
exploration,cross_variable_same,43,240,0043_1.jpg,0240_4.jpg,0
exploration,cross_variable_same,43,249,0043_1.jpg,0249_4.jpg,0
exploration,cross_variable_same,43,276,0043_1.jpg,0276_4.jpg,0
exploration,cross_variable_same,43,38,0043_1.jpg,0038_4.jpg,0
exploration,cross_variable_same,46,46,0046_1.jpg,0046_4.jpg,1
exploration,cross_variable_same,46,75,0046_1.jpg,0075_4.jpg,0
exploration,cross_variable_same,46,76,0046_1.jpg,0076_4.jpg,0
exploration,cross_variable_same,46,103,0046_1.jpg,0103_4.jpg,0
exploration,cross_variable_same,46,167,0046_1.jpg,0167_4.jpg,0
exploration,cross_variable_same,46,168,0046_1.jpg,0168_4.jpg,0
exploration,cross_variable_same,46,226,0046_1.jpg,0226_4.jpg,0
exploration,cross_variable_same,46,241,0046_1.jpg,0241_4.jpg,0
exploration,cross_variable_same,46,250,0046_1.jpg,0250_4.jpg,0
exploration,cross_variable_same,46,279,0046_1.jpg,0279_4.jpg,0
exploration,cross_variable_same,46,39,0046_1.jpg,0039_4.jpg,0
exploration,cross_variable_same,47,47,0047_1.jpg,0047_4.jpg,1
exploration,cross_variable_same,47,76,0047_1.jpg,0076_4.jpg,0
exploration,cross_variable_same,47,77,0047_1.jpg,0077_4.jpg,0
exploration,cross_variable_same,47,104,0047_1.jpg,0104_4.jpg,0
exploration,cross_variable_same,47,168,0047_1.jpg,0168_4.jpg,0
exploration,cross_variable_same,47,169,0047_1.jpg,0169_4.jpg,0
exploration,cross_variable_same,47,227,0047_1.jpg,0227_4.jpg,0
exploration,cross_variable_same,47,242,0047_1.jpg,0242_4.jpg,0
exploration,cross_variable_same,47,251,0047_1.jpg,0251_4.jpg,0
exploration,cross_variable_same,47,281,0047_1.jpg,0281_4.jpg,0
exploration,cross_variable_same,47,40,0047_1.jpg,0040_4.jpg,0
exploration,cross_variable_same,49,49,0049_1.jpg,0049_4.jpg,1
exploration,cross_variable_same,49,77,0049_1.jpg,0077_4.jpg,0
exploration,cross_variable_same,49,78,0049_1.jpg,0078_4.jpg,0
exploration,cross_variable_same,49,105,0049_1.jpg,0105_4.jpg,0
exploration,cross_variable_same,49,169,0049_1.jpg,0169_4.jpg,0
exploration,cross_variable_same,49,171,0049_1.jpg,0171_4.jpg,0
exploration,cross_variable_same,49,228,0049_1.jpg,0228_4.jpg,0
exploration,cross_variable_same,49,243,0049_1.jpg,0243_4.jpg,0
exploration,cross_variable_same,49,252,0049_1.jpg,0252_4.jpg,0
exploration,cross_variable_same,49,282,0049_1.jpg,0282_4.jpg,0
exploration,cross_variable_same,49,42,0049_1.jpg,0042_4.jpg,0
exploration,cross_variable_same,55,55,0055_1.jpg,0055_4.jpg,1
exploration,cross_variable_same,55,78,0055_1.jpg,0078_4.jpg,0
exploration,cross_variable_same,55,79,0055_1.jpg,0079_4.jpg,0
exploration,cross_variable_same,55,106,0055_1.jpg,0106_4.jpg,0
exploration,cross_variable_same,55,171,0055_1.jpg,0171_4.jpg,0
exploration,cross_variable_same,55,172,0055_1.jpg,0172_4.jpg,0
exploration,cross_variable_same,55,229,0055_1.jpg,0229_4.jpg,0
exploration,cross_variable_same,55,244,0055_1.jpg,0244_4.jpg,0
exploration,cross_variable_same,55,255,0055_1.jpg,0255_4.jpg,0
exploration,cross_variable_same,55,1,0055_1.jpg,0001_4.jpg,0
exploration,cross_variable_same,55,43,0055_1.jpg,0043_4.jpg,0
exploration,cross_variable_same,56,56,0056_1.jpg,0056_4.jpg,1
exploration,cross_variable_same,56,79,0056_1.jpg,0079_4.jpg,0
exploration,cross_variable_same,56,81,0056_1.jpg,0081_4.jpg,0
exploration,cross_variable_same,56,107,0056_1.jpg,0107_4.jpg,0
exploration,cross_variable_same,56,172,0056_1.jpg,0172_4.jpg,0
exploration,cross_variable_same,56,178,0056_1.jpg,0178_4.jpg,0
exploration,cross_variable_same,56,231,0056_1.jpg,0231_4.jpg,0
exploration,cross_variable_same,56,245,0056_1.jpg,0245_4.jpg,0
exploration,cross_variable_same,56,256,0056_1.jpg,0256_4.jpg,0
exploration,cross_variable_same,56,2,0056_1.jpg,0002_4.jpg,0
exploration,cross_variable_same,56,46,0056_1.jpg,0046_4.jpg,0
exploration,cross_variable_same,57,57,0057_1.jpg,0057_4.jpg,1
exploration,cross_variable_same,57,81,0057_1.jpg,0081_4.jpg,0
exploration,cross_variable_same,57,83,0057_1.jpg,0083_4.jpg,0
exploration,cross_variable_same,57,109,0057_1.jpg,0109_4.jpg,0
exploration,cross_variable_same,57,178,0057_1.jpg,0178_4.jpg,0
exploration,cross_variable_same,57,179,0057_1.jpg,0179_4.jpg,0
exploration,cross_variable_same,57,232,0057_1.jpg,0232_4.jpg,0
exploration,cross_variable_same,57,246,0057_1.jpg,0246_4.jpg,0
exploration,cross_variable_same,57,260,0057_1.jpg,0260_4.jpg,0
exploration,cross_variable_same,57,3,0057_1.jpg,0003_4.jpg,0
exploration,cross_variable_same,57,47,0057_1.jpg,0047_4.jpg,0
exploration,cross_variable_same,59,59,0059_1.jpg,0059_4.jpg,1
exploration,cross_variable_same,59,83,0059_1.jpg,0083_4.jpg,0
exploration,cross_variable_same,59,85,0059_1.jpg,0085_4.jpg,0
exploration,cross_variable_same,59,110,0059_1.jpg,0110_4.jpg,0
exploration,cross_variable_same,59,179,0059_1.jpg,0179_4.jpg,0
exploration,cross_variable_same,59,180,0059_1.jpg,0180_4.jpg,0
exploration,cross_variable_same,59,234,0059_1.jpg,0234_4.jpg,0
exploration,cross_variable_same,59,247,0059_1.jpg,0247_4.jpg,0
exploration,cross_variable_same,59,261,0059_1.jpg,0261_4.jpg,0
exploration,cross_variable_same,59,6,0059_1.jpg,0006_4.jpg,0
exploration,cross_variable_same,59,49,0059_1.jpg,0049_4.jpg,0
exploration,cross_variable_same,60,60,0060_1.jpg,0060_4.jpg,1
exploration,cross_variable_same,60,85,0060_1.jpg,0085_4.jpg,0
exploration,cross_variable_same,60,86,0060_1.jpg,0086_4.jpg,0
exploration,cross_variable_same,60,114,0060_1.jpg,0114_4.jpg,0
exploration,cross_variable_same,60,180,0060_1.jpg,0180_4.jpg,0
exploration,cross_variable_same,60,181,0060_1.jpg,0181_4.jpg,0
exploration,cross_variable_same,60,235,0060_1.jpg,0235_4.jpg,0
exploration,cross_variable_same,60,248,0060_1.jpg,0248_4.jpg,0
exploration,cross_variable_same,60,262,0060_1.jpg,0262_4.jpg,0
exploration,cross_variable_same,60,7,0060_1.jpg,0007_4.jpg,0
exploration,cross_variable_same,60,55,0060_1.jpg,0055_4.jpg,0
exploration,cross_variable_same,61,61,0061_1.jpg,0061_4.jpg,1
exploration,cross_variable_same,61,86,0061_1.jpg,0086_4.jpg,0
exploration,cross_variable_same,61,87,0061_1.jpg,0087_4.jpg,0
exploration,cross_variable_same,61,116,0061_1.jpg,0116_4.jpg,0
exploration,cross_variable_same,61,181,0061_1.jpg,0181_4.jpg,0
exploration,cross_variable_same,61,183,0061_1.jpg,0183_4.jpg,0
exploration,cross_variable_same,61,237,0061_1.jpg,0237_4.jpg,0
exploration,cross_variable_same,61,249,0061_1.jpg,0249_4.jpg,0
exploration,cross_variable_same,61,263,0061_1.jpg,0263_4.jpg,0
exploration,cross_variable_same,61,8,0061_1.jpg,0008_4.jpg,0
exploration,cross_variable_same,61,56,0061_1.jpg,0056_4.jpg,0
exploration,cross_variable_same,62,62,0062_1.jpg,0062_4.jpg,1
exploration,cross_variable_same,62,87,0062_1.jpg,0087_4.jpg,0
exploration,cross_variable_same,62,89,0062_1.jpg,0089_4.jpg,0
exploration,cross_variable_same,62,118,0062_1.jpg,0118_4.jpg,0
exploration,cross_variable_same,62,183,0062_1.jpg,0183_4.jpg,0
exploration,cross_variable_same,62,185,0062_1.jpg,0185_4.jpg,0
exploration,cross_variable_same,62,239,0062_1.jpg,0239_4.jpg,0
exploration,cross_variable_same,62,250,0062_1.jpg,0250_4.jpg,0
exploration,cross_variable_same,62,264,0062_1.jpg,0264_4.jpg,0
exploration,cross_variable_same,62,11,0062_1.jpg,0011_4.jpg,0
exploration,cross_variable_same,62,57,0062_1.jpg,0057_4.jpg,0
exploration,cross_variable_same,65,65,0065_1.jpg,0065_4.jpg,1
exploration,cross_variable_same,65,89,0065_1.jpg,0089_4.jpg,0
exploration,cross_variable_same,65,90,0065_1.jpg,0090_4.jpg,0
exploration,cross_variable_same,65,119,0065_1.jpg,0119_4.jpg,0
exploration,cross_variable_same,65,185,0065_1.jpg,0185_4.jpg,0
exploration,cross_variable_same,65,188,0065_1.jpg,0188_4.jpg,0
exploration,cross_variable_same,65,240,0065_1.jpg,0240_4.jpg,0
exploration,cross_variable_same,65,251,0065_1.jpg,0251_4.jpg,0
exploration,cross_variable_same,65,265,0065_1.jpg,0265_4.jpg,0
exploration,cross_variable_same,65,12,0065_1.jpg,0012_4.jpg,0
exploration,cross_variable_same,65,59,0065_1.jpg,0059_4.jpg,0
exploration,cross_variable_same,66,66,0066_1.jpg,0066_4.jpg,1
exploration,cross_variable_same,66,90,0066_1.jpg,0090_4.jpg,0
exploration,cross_variable_same,66,91,0066_1.jpg,0091_4.jpg,0
exploration,cross_variable_same,66,122,0066_1.jpg,0122_4.jpg,0
exploration,cross_variable_same,66,188,0066_1.jpg,0188_4.jpg,0
exploration,cross_variable_same,66,189,0066_1.jpg,0189_4.jpg,0
exploration,cross_variable_same,66,241,0066_1.jpg,0241_4.jpg,0
exploration,cross_variable_same,66,252,0066_1.jpg,0252_4.jpg,0
exploration,cross_variable_same,66,266,0066_1.jpg,0266_4.jpg,0
exploration,cross_variable_same,66,15,0066_1.jpg,0015_4.jpg,0
exploration,cross_variable_same,66,60,0066_1.jpg,0060_4.jpg,0
exploration,cross_variable_same,67,67,0067_1.jpg,0067_4.jpg,1
exploration,cross_variable_same,67,91,0067_1.jpg,0091_4.jpg,0
exploration,cross_variable_same,67,92,0067_1.jpg,0092_4.jpg,0
exploration,cross_variable_same,67,123,0067_1.jpg,0123_4.jpg,0
exploration,cross_variable_same,67,189,0067_1.jpg,0189_4.jpg,0
exploration,cross_variable_same,67,191,0067_1.jpg,0191_4.jpg,0
exploration,cross_variable_same,67,242,0067_1.jpg,0242_4.jpg,0
exploration,cross_variable_same,67,255,0067_1.jpg,0255_4.jpg,0
exploration,cross_variable_same,67,267,0067_1.jpg,0267_4.jpg,0
exploration,cross_variable_same,67,18,0067_1.jpg,0018_4.jpg,0
exploration,cross_variable_same,67,61,0067_1.jpg,0061_4.jpg,0
exploration,cross_variable_same,70,70,0070_1.jpg,0070_4.jpg,1
exploration,cross_variable_same,70,92,0070_1.jpg,0092_4.jpg,0
exploration,cross_variable_same,70,93,0070_1.jpg,0093_4.jpg,0
exploration,cross_variable_same,70,124,0070_1.jpg,0124_4.jpg,0
exploration,cross_variable_same,70,191,0070_1.jpg,0191_4.jpg,0
exploration,cross_variable_same,70,192,0070_1.jpg,0192_4.jpg,0
exploration,cross_variable_same,70,243,0070_1.jpg,0243_4.jpg,0
exploration,cross_variable_same,70,256,0070_1.jpg,0256_4.jpg,0
exploration,cross_variable_same,70,271,0070_1.jpg,0271_4.jpg,0
exploration,cross_variable_same,70,19,0070_1.jpg,0019_4.jpg,0
exploration,cross_variable_same,70,62,0070_1.jpg,0062_4.jpg,0
exploration,cross_variable_same,71,71,0071_1.jpg,0071_4.jpg,1
exploration,cross_variable_same,71,93,0071_1.jpg,0093_4.jpg,0
exploration,cross_variable_same,71,94,0071_1.jpg,0094_4.jpg,0
exploration,cross_variable_same,71,125,0071_1.jpg,0125_4.jpg,0
exploration,cross_variable_same,71,192,0071_1.jpg,0192_4.jpg,0
exploration,cross_variable_same,71,196,0071_1.jpg,0196_4.jpg,0
exploration,cross_variable_same,71,244,0071_1.jpg,0244_4.jpg,0
exploration,cross_variable_same,71,260,0071_1.jpg,0260_4.jpg,0
exploration,cross_variable_same,71,272,0071_1.jpg,0272_4.jpg,0
exploration,cross_variable_same,71,20,0071_1.jpg,0020_4.jpg,0
exploration,cross_variable_same,71,65,0071_1.jpg,0065_4.jpg,0
exploration,cross_variable_same,74,74,0074_1.jpg,0074_4.jpg,1
exploration,cross_variable_same,74,94,0074_1.jpg,0094_4.jpg,0
exploration,cross_variable_same,74,96,0074_1.jpg,0096_4.jpg,0
exploration,cross_variable_same,74,127,0074_1.jpg,0127_4.jpg,0
exploration,cross_variable_same,74,196,0074_1.jpg,0196_4.jpg,0
exploration,cross_variable_same,74,197,0074_1.jpg,0197_4.jpg,0
exploration,cross_variable_same,74,245,0074_1.jpg,0245_4.jpg,0
exploration,cross_variable_same,74,261,0074_1.jpg,0261_4.jpg,0
exploration,cross_variable_same,74,273,0074_1.jpg,0273_4.jpg,0
exploration,cross_variable_same,74,21,0074_1.jpg,0021_4.jpg,0
exploration,cross_variable_same,74,66,0074_1.jpg,0066_4.jpg,0
exploration,cross_variable_same,75,75,0075_1.jpg,0075_4.jpg,1
exploration,cross_variable_same,75,96,0075_1.jpg,0096_4.jpg,0
exploration,cross_variable_same,75,97,0075_1.jpg,0097_4.jpg,0
exploration,cross_variable_same,75,130,0075_1.jpg,0130_4.jpg,0
exploration,cross_variable_same,75,197,0075_1.jpg,0197_4.jpg,0
exploration,cross_variable_same,75,198,0075_1.jpg,0198_4.jpg,0
exploration,cross_variable_same,75,246,0075_1.jpg,0246_4.jpg,0
exploration,cross_variable_same,75,262,0075_1.jpg,0262_4.jpg,0
exploration,cross_variable_same,75,274,0075_1.jpg,0274_4.jpg,0
exploration,cross_variable_same,75,22,0075_1.jpg,0022_4.jpg,0
exploration,cross_variable_same,75,67,0075_1.jpg,0067_4.jpg,0
exploration,cross_variable_same,76,76,0076_1.jpg,0076_4.jpg,1
exploration,cross_variable_same,76,97,0076_1.jpg,0097_4.jpg,0
exploration,cross_variable_same,76,98,0076_1.jpg,0098_4.jpg,0
exploration,cross_variable_same,76,132,0076_1.jpg,0132_4.jpg,0
exploration,cross_variable_same,76,198,0076_1.jpg,0198_4.jpg,0
exploration,cross_variable_same,76,199,0076_1.jpg,0199_4.jpg,0
exploration,cross_variable_same,76,247,0076_1.jpg,0247_4.jpg,0
exploration,cross_variable_same,76,263,0076_1.jpg,0263_4.jpg,0
exploration,cross_variable_same,76,276,0076_1.jpg,0276_4.jpg,0
exploration,cross_variable_same,76,25,0076_1.jpg,0025_4.jpg,0
exploration,cross_variable_same,76,70,0076_1.jpg,0070_4.jpg,0
exploration,cross_variable_same,77,77,0077_1.jpg,0077_4.jpg,1
exploration,cross_variable_same,77,98,0077_1.jpg,0098_4.jpg,0
exploration,cross_variable_same,77,100,0077_1.jpg,0100_4.jpg,0
exploration,cross_variable_same,77,133,0077_1.jpg,0133_4.jpg,0
exploration,cross_variable_same,77,199,0077_1.jpg,0199_4.jpg,0
exploration,cross_variable_same,77,200,0077_1.jpg,0200_4.jpg,0
exploration,cross_variable_same,77,248,0077_1.jpg,0248_4.jpg,0
exploration,cross_variable_same,77,264,0077_1.jpg,0264_4.jpg,0
exploration,cross_variable_same,77,279,0077_1.jpg,0279_4.jpg,0
exploration,cross_variable_same,77,26,0077_1.jpg,0026_4.jpg,0
exploration,cross_variable_same,77,71,0077_1.jpg,0071_4.jpg,0
exploration,cross_variable_same,78,78,0078_1.jpg,0078_4.jpg,1
exploration,cross_variable_same,78,100,0078_1.jpg,0100_4.jpg,0
exploration,cross_variable_same,78,101,0078_1.jpg,0101_4.jpg,0
exploration,cross_variable_same,78,134,0078_1.jpg,0134_4.jpg,0
exploration,cross_variable_same,78,200,0078_1.jpg,0200_4.jpg,0
exploration,cross_variable_same,78,201,0078_1.jpg,0201_4.jpg,0
exploration,cross_variable_same,78,249,0078_1.jpg,0249_4.jpg,0
exploration,cross_variable_same,78,265,0078_1.jpg,0265_4.jpg,0
exploration,cross_variable_same,78,281,0078_1.jpg,0281_4.jpg,0
exploration,cross_variable_same,78,27,0078_1.jpg,0027_4.jpg,0
exploration,cross_variable_same,78,74,0078_1.jpg,0074_4.jpg,0
exploration,cross_variable_same,79,79,0079_1.jpg,0079_4.jpg,1
exploration,cross_variable_same,79,101,0079_1.jpg,0101_4.jpg,0
exploration,cross_variable_same,79,103,0079_1.jpg,0103_4.jpg,0
exploration,cross_variable_same,79,135,0079_1.jpg,0135_4.jpg,0
exploration,cross_variable_same,79,201,0079_1.jpg,0201_4.jpg,0
exploration,cross_variable_same,79,203,0079_1.jpg,0203_4.jpg,0
exploration,cross_variable_same,79,250,0079_1.jpg,0250_4.jpg,0
exploration,cross_variable_same,79,266,0079_1.jpg,0266_4.jpg,0
exploration,cross_variable_same,79,282,0079_1.jpg,0282_4.jpg,0
exploration,cross_variable_same,79,29,0079_1.jpg,0029_4.jpg,0
exploration,cross_variable_same,79,75,0079_1.jpg,0075_4.jpg,0
exploration,cross_variable_same,81,81,0081_1.jpg,0081_4.jpg,1
exploration,cross_variable_same,81,103,0081_1.jpg,0103_4.jpg,0
exploration,cross_variable_same,81,104,0081_1.jpg,0104_4.jpg,0
exploration,cross_variable_same,81,138,0081_1.jpg,0138_4.jpg,0
exploration,cross_variable_same,81,203,0081_1.jpg,0203_4.jpg,0
exploration,cross_variable_same,81,204,0081_1.jpg,0204_4.jpg,0
exploration,cross_variable_same,81,251,0081_1.jpg,0251_4.jpg,0
exploration,cross_variable_same,81,267,0081_1.jpg,0267_4.jpg,0
exploration,cross_variable_same,81,1,0081_1.jpg,0001_4.jpg,0
exploration,cross_variable_same,81,30,0081_1.jpg,0030_4.jpg,0
exploration,cross_variable_same,81,76,0081_1.jpg,0076_4.jpg,0
exploration,cross_variable_same,83,83,0083_1.jpg,0083_4.jpg,1
exploration,cross_variable_same,83,104,0083_1.jpg,0104_4.jpg,0
exploration,cross_variable_same,83,105,0083_1.jpg,0105_4.jpg,0
exploration,cross_variable_same,83,140,0083_1.jpg,0140_4.jpg,0
exploration,cross_variable_same,83,204,0083_1.jpg,0204_4.jpg,0
exploration,cross_variable_same,83,206,0083_1.jpg,0206_4.jpg,0
exploration,cross_variable_same,83,252,0083_1.jpg,0252_4.jpg,0
exploration,cross_variable_same,83,271,0083_1.jpg,0271_4.jpg,0
exploration,cross_variable_same,83,2,0083_1.jpg,0002_4.jpg,0
exploration,cross_variable_same,83,31,0083_1.jpg,0031_4.jpg,0
exploration,cross_variable_same,83,77,0083_1.jpg,0077_4.jpg,0
exploration,cross_variable_same,85,85,0085_1.jpg,0085_4.jpg,1
exploration,cross_variable_same,85,105,0085_1.jpg,0105_4.jpg,0
exploration,cross_variable_same,85,106,0085_1.jpg,0106_4.jpg,0
exploration,cross_variable_same,85,142,0085_1.jpg,0142_4.jpg,0
exploration,cross_variable_same,85,206,0085_1.jpg,0206_4.jpg,0
exploration,cross_variable_same,85,207,0085_1.jpg,0207_4.jpg,0
exploration,cross_variable_same,85,255,0085_1.jpg,0255_4.jpg,0
exploration,cross_variable_same,85,272,0085_1.jpg,0272_4.jpg,0
exploration,cross_variable_same,85,3,0085_1.jpg,0003_4.jpg,0
exploration,cross_variable_same,85,35,0085_1.jpg,0035_4.jpg,0
exploration,cross_variable_same,85,78,0085_1.jpg,0078_4.jpg,0
exploration,cross_variable_same,86,86,0086_1.jpg,0086_4.jpg,1
exploration,cross_variable_same,86,106,0086_1.jpg,0106_4.jpg,0
exploration,cross_variable_same,86,107,0086_1.jpg,0107_4.jpg,0
exploration,cross_variable_same,86,146,0086_1.jpg,0146_4.jpg,0
exploration,cross_variable_same,86,207,0086_1.jpg,0207_4.jpg,0
exploration,cross_variable_same,86,208,0086_1.jpg,0208_4.jpg,0
exploration,cross_variable_same,86,256,0086_1.jpg,0256_4.jpg,0
exploration,cross_variable_same,86,273,0086_1.jpg,0273_4.jpg,0
exploration,cross_variable_same,86,6,0086_1.jpg,0006_4.jpg,0
exploration,cross_variable_same,86,38,0086_1.jpg,0038_4.jpg,0
exploration,cross_variable_same,86,79,0086_1.jpg,0079_4.jpg,0
exploration,cross_variable_same,87,87,0087_1.jpg,0087_4.jpg,1
exploration,cross_variable_same,87,107,0087_1.jpg,0107_4.jpg,0
exploration,cross_variable_same,87,109,0087_1.jpg,0109_4.jpg,0
exploration,cross_variable_same,87,147,0087_1.jpg,0147_4.jpg,0
exploration,cross_variable_same,87,208,0087_1.jpg,0208_4.jpg,0
exploration,cross_variable_same,87,209,0087_1.jpg,0209_4.jpg,0
exploration,cross_variable_same,87,260,0087_1.jpg,0260_4.jpg,0
exploration,cross_variable_same,87,274,0087_1.jpg,0274_4.jpg,0
exploration,cross_variable_same,87,7,0087_1.jpg,0007_4.jpg,0
exploration,cross_variable_same,87,39,0087_1.jpg,0039_4.jpg,0
exploration,cross_variable_same,87,81,0087_1.jpg,0081_4.jpg,0
exploration,cross_variable_same,89,89,0089_1.jpg,0089_4.jpg,1
exploration,cross_variable_same,89,109,0089_1.jpg,0109_4.jpg,0
exploration,cross_variable_same,89,110,0089_1.jpg,0110_4.jpg,0
exploration,cross_variable_same,89,148,0089_1.jpg,0148_4.jpg,0
exploration,cross_variable_same,89,209,0089_1.jpg,0209_4.jpg,0
exploration,cross_variable_same,89,211,0089_1.jpg,0211_4.jpg,0
exploration,cross_variable_same,89,261,0089_1.jpg,0261_4.jpg,0
exploration,cross_variable_same,89,276,0089_1.jpg,0276_4.jpg,0
exploration,cross_variable_same,89,8,0089_1.jpg,0008_4.jpg,0
exploration,cross_variable_same,89,40,0089_1.jpg,0040_4.jpg,0
exploration,cross_variable_same,89,83,0089_1.jpg,0083_4.jpg,0
exploration,cross_variable_same,90,90,0090_1.jpg,0090_4.jpg,1
exploration,cross_variable_same,90,110,0090_1.jpg,0110_4.jpg,0
exploration,cross_variable_same,90,114,0090_1.jpg,0114_4.jpg,0
exploration,cross_variable_same,90,152,0090_1.jpg,0152_4.jpg,0
exploration,cross_variable_same,90,211,0090_1.jpg,0211_4.jpg,0
exploration,cross_variable_same,90,212,0090_1.jpg,0212_4.jpg,0
exploration,cross_variable_same,90,262,0090_1.jpg,0262_4.jpg,0
exploration,cross_variable_same,90,279,0090_1.jpg,0279_4.jpg,0
exploration,cross_variable_same,90,11,0090_1.jpg,0011_4.jpg,0
exploration,cross_variable_same,90,42,0090_1.jpg,0042_4.jpg,0
exploration,cross_variable_same,90,85,0090_1.jpg,0085_4.jpg,0
exploration,cross_variable_same,91,91,0091_1.jpg,0091_4.jpg,1
exploration,cross_variable_same,91,114,0091_1.jpg,0114_4.jpg,0
exploration,cross_variable_same,91,116,0091_1.jpg,0116_4.jpg,0
exploration,cross_variable_same,91,153,0091_1.jpg,0153_4.jpg,0
exploration,cross_variable_same,91,212,0091_1.jpg,0212_4.jpg,0
exploration,cross_variable_same,91,213,0091_1.jpg,0213_4.jpg,0
exploration,cross_variable_same,91,263,0091_1.jpg,0263_4.jpg,0
exploration,cross_variable_same,91,281,0091_1.jpg,0281_4.jpg,0
exploration,cross_variable_same,91,12,0091_1.jpg,0012_4.jpg,0
exploration,cross_variable_same,91,43,0091_1.jpg,0043_4.jpg,0
exploration,cross_variable_same,91,86,0091_1.jpg,0086_4.jpg,0
exploration,cross_variable_same,92,92,0092_1.jpg,0092_4.jpg,1
exploration,cross_variable_same,92,116,0092_1.jpg,0116_4.jpg,0
exploration,cross_variable_same,92,118,0092_1.jpg,0118_4.jpg,0
exploration,cross_variable_same,92,154,0092_1.jpg,0154_4.jpg,0
exploration,cross_variable_same,92,213,0092_1.jpg,0213_4.jpg,0
exploration,cross_variable_same,92,214,0092_1.jpg,0214_4.jpg,0
exploration,cross_variable_same,92,264,0092_1.jpg,0264_4.jpg,0
exploration,cross_variable_same,92,282,0092_1.jpg,0282_4.jpg,0
exploration,cross_variable_same,92,15,0092_1.jpg,0015_4.jpg,0
exploration,cross_variable_same,92,46,0092_1.jpg,0046_4.jpg,0
exploration,cross_variable_same,92,87,0092_1.jpg,0087_4.jpg,0
exploration,cross_variable_same,93,93,0093_1.jpg,0093_4.jpg,1
exploration,cross_variable_same,93,118,0093_1.jpg,0118_4.jpg,0
exploration,cross_variable_same,93,119,0093_1.jpg,0119_4.jpg,0
exploration,cross_variable_same,93,155,0093_1.jpg,0155_4.jpg,0
exploration,cross_variable_same,93,214,0093_1.jpg,0214_4.jpg,0
exploration,cross_variable_same,93,216,0093_1.jpg,0216_4.jpg,0
exploration,cross_variable_same,93,265,0093_1.jpg,0265_4.jpg,0
exploration,cross_variable_same,93,1,0093_1.jpg,0001_4.jpg,0
exploration,cross_variable_same,93,18,0093_1.jpg,0018_4.jpg,0
exploration,cross_variable_same,93,47,0093_1.jpg,0047_4.jpg,0
exploration,cross_variable_same,93,89,0093_1.jpg,0089_4.jpg,0
exploration,cross_variable_same,94,94,0094_1.jpg,0094_4.jpg,1
exploration,cross_variable_same,94,119,0094_1.jpg,0119_4.jpg,0
exploration,cross_variable_same,94,122,0094_1.jpg,0122_4.jpg,0
exploration,cross_variable_same,94,156,0094_1.jpg,0156_4.jpg,0
exploration,cross_variable_same,94,216,0094_1.jpg,0216_4.jpg,0
exploration,cross_variable_same,94,219,0094_1.jpg,0219_4.jpg,0
exploration,cross_variable_same,94,266,0094_1.jpg,0266_4.jpg,0
exploration,cross_variable_same,94,2,0094_1.jpg,0002_4.jpg,0
exploration,cross_variable_same,94,19,0094_1.jpg,0019_4.jpg,0
exploration,cross_variable_same,94,49,0094_1.jpg,0049_4.jpg,0
exploration,cross_variable_same,94,90,0094_1.jpg,0090_4.jpg,0
exploration,cross_variable_same,96,96,0096_1.jpg,0096_4.jpg,1
exploration,cross_variable_same,96,122,0096_1.jpg,0122_4.jpg,0
exploration,cross_variable_same,96,123,0096_1.jpg,0123_4.jpg,0
exploration,cross_variable_same,96,157,0096_1.jpg,0157_4.jpg,0
exploration,cross_variable_same,96,219,0096_1.jpg,0219_4.jpg,0
exploration,cross_variable_same,96,220,0096_1.jpg,0220_4.jpg,0
exploration,cross_variable_same,96,267,0096_1.jpg,0267_4.jpg,0
exploration,cross_variable_same,96,3,0096_1.jpg,0003_4.jpg,0
exploration,cross_variable_same,96,20,0096_1.jpg,0020_4.jpg,0
exploration,cross_variable_same,96,55,0096_1.jpg,0055_4.jpg,0
exploration,cross_variable_same,96,91,0096_1.jpg,0091_4.jpg,0
exploration,cross_variable_same,97,97,0097_1.jpg,0097_4.jpg,1
exploration,cross_variable_same,97,123,0097_1.jpg,0123_4.jpg,0
exploration,cross_variable_same,97,124,0097_1.jpg,0124_4.jpg,0
exploration,cross_variable_same,97,158,0097_1.jpg,0158_4.jpg,0
exploration,cross_variable_same,97,220,0097_1.jpg,0220_4.jpg,0
exploration,cross_variable_same,97,221,0097_1.jpg,0221_4.jpg,0
exploration,cross_variable_same,97,271,0097_1.jpg,0271_4.jpg,0
exploration,cross_variable_same,97,6,0097_1.jpg,0006_4.jpg,0
exploration,cross_variable_same,97,21,0097_1.jpg,0021_4.jpg,0
exploration,cross_variable_same,97,56,0097_1.jpg,0056_4.jpg,0
exploration,cross_variable_same,97,92,0097_1.jpg,0092_4.jpg,0
exploration,cross_variable_same,98,98,0098_1.jpg,0098_4.jpg,1
exploration,cross_variable_same,98,124,0098_1.jpg,0124_4.jpg,0
exploration,cross_variable_same,98,125,0098_1.jpg,0125_4.jpg,0
exploration,cross_variable_same,98,159,0098_1.jpg,0159_4.jpg,0
exploration,cross_variable_same,98,221,0098_1.jpg,0221_4.jpg,0
exploration,cross_variable_same,98,223,0098_1.jpg,0223_4.jpg,0
exploration,cross_variable_same,98,272,0098_1.jpg,0272_4.jpg,0
exploration,cross_variable_same,98,7,0098_1.jpg,0007_4.jpg,0
exploration,cross_variable_same,98,22,0098_1.jpg,0022_4.jpg,0
exploration,cross_variable_same,98,57,0098_1.jpg,0057_4.jpg,0
exploration,cross_variable_same,98,93,0098_1.jpg,0093_4.jpg,0
exploration,cross_variable_same,100,100,0100_1.jpg,0100_4.jpg,1
exploration,cross_variable_same,100,125,0100_1.jpg,0125_4.jpg,0
exploration,cross_variable_same,100,127,0100_1.jpg,0127_4.jpg,0
exploration,cross_variable_same,100,161,0100_1.jpg,0161_4.jpg,0
exploration,cross_variable_same,100,223,0100_1.jpg,0223_4.jpg,0
exploration,cross_variable_same,100,224,0100_1.jpg,0224_4.jpg,0
exploration,cross_variable_same,100,273,0100_1.jpg,0273_4.jpg,0
exploration,cross_variable_same,100,8,0100_1.jpg,0008_4.jpg,0
exploration,cross_variable_same,100,25,0100_1.jpg,0025_4.jpg,0
exploration,cross_variable_same,100,59,0100_1.jpg,0059_4.jpg,0
exploration,cross_variable_same,100,94,0100_1.jpg,0094_4.jpg,0
exploration,cross_variable_same,101,101,0101_1.jpg,0101_4.jpg,1
exploration,cross_variable_same,101,127,0101_1.jpg,0127_4.jpg,0
exploration,cross_variable_same,101,130,0101_1.jpg,0130_4.jpg,0
exploration,cross_variable_same,101,162,0101_1.jpg,0162_4.jpg,0
exploration,cross_variable_same,101,224,0101_1.jpg,0224_4.jpg,0
exploration,cross_variable_same,101,225,0101_1.jpg,0225_4.jpg,0
exploration,cross_variable_same,101,274,0101_1.jpg,0274_4.jpg,0
exploration,cross_variable_same,101,11,0101_1.jpg,0011_4.jpg,0
exploration,cross_variable_same,101,26,0101_1.jpg,0026_4.jpg,0
exploration,cross_variable_same,101,60,0101_1.jpg,0060_4.jpg,0
exploration,cross_variable_same,101,96,0101_1.jpg,0096_4.jpg,0
exploration,cross_variable_same,103,103,0103_1.jpg,0103_4.jpg,1
exploration,cross_variable_same,103,130,0103_1.jpg,0130_4.jpg,0
exploration,cross_variable_same,103,132,0103_1.jpg,0132_4.jpg,0
exploration,cross_variable_same,103,163,0103_1.jpg,0163_4.jpg,0
exploration,cross_variable_same,103,225,0103_1.jpg,0225_4.jpg,0
exploration,cross_variable_same,103,226,0103_1.jpg,0226_4.jpg,0
exploration,cross_variable_same,103,276,0103_1.jpg,0276_4.jpg,0
exploration,cross_variable_same,103,12,0103_1.jpg,0012_4.jpg,0
exploration,cross_variable_same,103,27,0103_1.jpg,0027_4.jpg,0
exploration,cross_variable_same,103,61,0103_1.jpg,0061_4.jpg,0
exploration,cross_variable_same,103,97,0103_1.jpg,0097_4.jpg,0
exploration,cross_variable_same,104,104,0104_1.jpg,0104_4.jpg,1
exploration,cross_variable_same,104,132,0104_1.jpg,0132_4.jpg,0
exploration,cross_variable_same,104,133,0104_1.jpg,0133_4.jpg,0
exploration,cross_variable_same,104,164,0104_1.jpg,0164_4.jpg,0
exploration,cross_variable_same,104,226,0104_1.jpg,0226_4.jpg,0
exploration,cross_variable_same,104,227,0104_1.jpg,0227_4.jpg,0
exploration,cross_variable_same,104,279,0104_1.jpg,0279_4.jpg,0
exploration,cross_variable_same,104,15,0104_1.jpg,0015_4.jpg,0
exploration,cross_variable_same,104,29,0104_1.jpg,0029_4.jpg,0
exploration,cross_variable_same,104,62,0104_1.jpg,0062_4.jpg,0
exploration,cross_variable_same,104,98,0104_1.jpg,0098_4.jpg,0
exploration,cross_variable_same,105,105,0105_1.jpg,0105_4.jpg,1
exploration,cross_variable_same,105,133,0105_1.jpg,0133_4.jpg,0
exploration,cross_variable_same,105,134,0105_1.jpg,0134_4.jpg,0
exploration,cross_variable_same,105,167,0105_1.jpg,0167_4.jpg,0
exploration,cross_variable_same,105,227,0105_1.jpg,0227_4.jpg,0
exploration,cross_variable_same,105,228,0105_1.jpg,0228_4.jpg,0
exploration,cross_variable_same,105,281,0105_1.jpg,0281_4.jpg,0
exploration,cross_variable_same,105,18,0105_1.jpg,0018_4.jpg,0
exploration,cross_variable_same,105,30,0105_1.jpg,0030_4.jpg,0
exploration,cross_variable_same,105,65,0105_1.jpg,0065_4.jpg,0
exploration,cross_variable_same,105,100,0105_1.jpg,0100_4.jpg,0
exploration,cross_variable_same,106,106,0106_1.jpg,0106_4.jpg,1
exploration,cross_variable_same,106,134,0106_1.jpg,0134_4.jpg,0
exploration,cross_variable_same,106,135,0106_1.jpg,0135_4.jpg,0
exploration,cross_variable_same,106,168,0106_1.jpg,0168_4.jpg,0
exploration,cross_variable_same,106,228,0106_1.jpg,0228_4.jpg,0
exploration,cross_variable_same,106,229,0106_1.jpg,0229_4.jpg,0
exploration,cross_variable_same,106,282,0106_1.jpg,0282_4.jpg,0
exploration,cross_variable_same,106,19,0106_1.jpg,0019_4.jpg,0
exploration,cross_variable_same,106,31,0106_1.jpg,0031_4.jpg,0
exploration,cross_variable_same,106,66,0106_1.jpg,0066_4.jpg,0
exploration,cross_variable_same,106,101,0106_1.jpg,0101_4.jpg,0
exploration,cross_variable_same,107,107,0107_1.jpg,0107_4.jpg,1
exploration,cross_variable_same,107,135,0107_1.jpg,0135_4.jpg,0
exploration,cross_variable_same,107,138,0107_1.jpg,0138_4.jpg,0
exploration,cross_variable_same,107,169,0107_1.jpg,0169_4.jpg,0
exploration,cross_variable_same,107,229,0107_1.jpg,0229_4.jpg,0
exploration,cross_variable_same,107,231,0107_1.jpg,0231_4.jpg,0
exploration,cross_variable_same,107,1,0107_1.jpg,0001_4.jpg,0
exploration,cross_variable_same,107,20,0107_1.jpg,0020_4.jpg,0
exploration,cross_variable_same,107,35,0107_1.jpg,0035_4.jpg,0
exploration,cross_variable_same,107,67,0107_1.jpg,0067_4.jpg,0
exploration,cross_variable_same,107,103,0107_1.jpg,0103_4.jpg,0
exploration,cross_variable_same,109,109,0109_1.jpg,0109_4.jpg,1
exploration,cross_variable_same,109,138,0109_1.jpg,0138_4.jpg,0
exploration,cross_variable_same,109,140,0109_1.jpg,0140_4.jpg,0
exploration,cross_variable_same,109,171,0109_1.jpg,0171_4.jpg,0
exploration,cross_variable_same,109,231,0109_1.jpg,0231_4.jpg,0
exploration,cross_variable_same,109,232,0109_1.jpg,0232_4.jpg,0
exploration,cross_variable_same,109,2,0109_1.jpg,0002_4.jpg,0
exploration,cross_variable_same,109,21,0109_1.jpg,0021_4.jpg,0
exploration,cross_variable_same,109,38,0109_1.jpg,0038_4.jpg,0
exploration,cross_variable_same,109,70,0109_1.jpg,0070_4.jpg,0
exploration,cross_variable_same,109,104,0109_1.jpg,0104_4.jpg,0
exploration,cross_variable_same,110,110,0110_1.jpg,0110_4.jpg,1
exploration,cross_variable_same,110,140,0110_1.jpg,0140_4.jpg,0
exploration,cross_variable_same,110,142,0110_1.jpg,0142_4.jpg,0
exploration,cross_variable_same,110,172,0110_1.jpg,0172_4.jpg,0
exploration,cross_variable_same,110,232,0110_1.jpg,0232_4.jpg,0
exploration,cross_variable_same,110,234,0110_1.jpg,0234_4.jpg,0
exploration,cross_variable_same,110,3,0110_1.jpg,0003_4.jpg,0
exploration,cross_variable_same,110,22,0110_1.jpg,0022_4.jpg,0
exploration,cross_variable_same,110,39,0110_1.jpg,0039_4.jpg,0
exploration,cross_variable_same,110,71,0110_1.jpg,0071_4.jpg,0
exploration,cross_variable_same,110,105,0110_1.jpg,0105_4.jpg,0
exploration,cross_variable_same,114,114,0114_1.jpg,0114_4.jpg,1
exploration,cross_variable_same,114,142,0114_1.jpg,0142_4.jpg,0
exploration,cross_variable_same,114,146,0114_1.jpg,0146_4.jpg,0
exploration,cross_variable_same,114,178,0114_1.jpg,0178_4.jpg,0
exploration,cross_variable_same,114,234,0114_1.jpg,0234_4.jpg,0
exploration,cross_variable_same,114,235,0114_1.jpg,0235_4.jpg,0
exploration,cross_variable_same,114,6,0114_1.jpg,0006_4.jpg,0
exploration,cross_variable_same,114,25,0114_1.jpg,0025_4.jpg,0
exploration,cross_variable_same,114,40,0114_1.jpg,0040_4.jpg,0
exploration,cross_variable_same,114,74,0114_1.jpg,0074_4.jpg,0
exploration,cross_variable_same,114,106,0114_1.jpg,0106_4.jpg,0
exploration,cross_variable_same,116,116,0116_1.jpg,0116_4.jpg,1
exploration,cross_variable_same,116,146,0116_1.jpg,0146_4.jpg,0
exploration,cross_variable_same,116,147,0116_1.jpg,0147_4.jpg,0
exploration,cross_variable_same,116,179,0116_1.jpg,0179_4.jpg,0
exploration,cross_variable_same,116,235,0116_1.jpg,0235_4.jpg,0
exploration,cross_variable_same,116,237,0116_1.jpg,0237_4.jpg,0
exploration,cross_variable_same,116,7,0116_1.jpg,0007_4.jpg,0
exploration,cross_variable_same,116,26,0116_1.jpg,0026_4.jpg,0
exploration,cross_variable_same,116,42,0116_1.jpg,0042_4.jpg,0
exploration,cross_variable_same,116,75,0116_1.jpg,0075_4.jpg,0
exploration,cross_variable_same,116,107,0116_1.jpg,0107_4.jpg,0
exploration,cross_variable_same,118,118,0118_1.jpg,0118_4.jpg,1
exploration,cross_variable_same,118,147,0118_1.jpg,0147_4.jpg,0
exploration,cross_variable_same,118,148,0118_1.jpg,0148_4.jpg,0
exploration,cross_variable_same,118,180,0118_1.jpg,0180_4.jpg,0
exploration,cross_variable_same,118,237,0118_1.jpg,0237_4.jpg,0
exploration,cross_variable_same,118,239,0118_1.jpg,0239_4.jpg,0
exploration,cross_variable_same,118,8,0118_1.jpg,0008_4.jpg,0
exploration,cross_variable_same,118,27,0118_1.jpg,0027_4.jpg,0
exploration,cross_variable_same,118,43,0118_1.jpg,0043_4.jpg,0
exploration,cross_variable_same,118,76,0118_1.jpg,0076_4.jpg,0
exploration,cross_variable_same,118,109,0118_1.jpg,0109_4.jpg,0
exploration,cross_variable_same,119,119,0119_1.jpg,0119_4.jpg,1
exploration,cross_variable_same,119,148,0119_1.jpg,0148_4.jpg,0
exploration,cross_variable_same,119,152,0119_1.jpg,0152_4.jpg,0
exploration,cross_variable_same,119,181,0119_1.jpg,0181_4.jpg,0
exploration,cross_variable_same,119,239,0119_1.jpg,0239_4.jpg,0
exploration,cross_variable_same,119,240,0119_1.jpg,0240_4.jpg,0
exploration,cross_variable_same,119,11,0119_1.jpg,0011_4.jpg,0
exploration,cross_variable_same,119,29,0119_1.jpg,0029_4.jpg,0
exploration,cross_variable_same,119,46,0119_1.jpg,0046_4.jpg,0
exploration,cross_variable_same,119,77,0119_1.jpg,0077_4.jpg,0
exploration,cross_variable_same,119,110,0119_1.jpg,0110_4.jpg,0
exploration,cross_variable_same,122,122,0122_1.jpg,0122_4.jpg,1
exploration,cross_variable_same,122,152,0122_1.jpg,0152_4.jpg,0
exploration,cross_variable_same,122,153,0122_1.jpg,0153_4.jpg,0
exploration,cross_variable_same,122,183,0122_1.jpg,0183_4.jpg,0
exploration,cross_variable_same,122,240,0122_1.jpg,0240_4.jpg,0
exploration,cross_variable_same,122,241,0122_1.jpg,0241_4.jpg,0
exploration,cross_variable_same,122,12,0122_1.jpg,0012_4.jpg,0
exploration,cross_variable_same,122,30,0122_1.jpg,0030_4.jpg,0
exploration,cross_variable_same,122,47,0122_1.jpg,0047_4.jpg,0
exploration,cross_variable_same,122,78,0122_1.jpg,0078_4.jpg,0
exploration,cross_variable_same,122,114,0122_1.jpg,0114_4.jpg,0
exploration,cross_variable_same,123,123,0123_1.jpg,0123_4.jpg,1
exploration,cross_variable_same,123,153,0123_1.jpg,0153_4.jpg,0
exploration,cross_variable_same,123,154,0123_1.jpg,0154_4.jpg,0
exploration,cross_variable_same,123,185,0123_1.jpg,0185_4.jpg,0
exploration,cross_variable_same,123,241,0123_1.jpg,0241_4.jpg,0
exploration,cross_variable_same,123,242,0123_1.jpg,0242_4.jpg,0
exploration,cross_variable_same,123,15,0123_1.jpg,0015_4.jpg,0
exploration,cross_variable_same,123,31,0123_1.jpg,0031_4.jpg,0
exploration,cross_variable_same,123,49,0123_1.jpg,0049_4.jpg,0
exploration,cross_variable_same,123,79,0123_1.jpg,0079_4.jpg,0
exploration,cross_variable_same,123,116,0123_1.jpg,0116_4.jpg,0
exploration,cross_variable_same,124,124,0124_1.jpg,0124_4.jpg,1
exploration,cross_variable_same,124,154,0124_1.jpg,0154_4.jpg,0
exploration,cross_variable_same,124,155,0124_1.jpg,0155_4.jpg,0
exploration,cross_variable_same,124,188,0124_1.jpg,0188_4.jpg,0
exploration,cross_variable_same,124,242,0124_1.jpg,0242_4.jpg,0
exploration,cross_variable_same,124,243,0124_1.jpg,0243_4.jpg,0
exploration,cross_variable_same,124,18,0124_1.jpg,0018_4.jpg,0
exploration,cross_variable_same,124,35,0124_1.jpg,0035_4.jpg,0
exploration,cross_variable_same,124,55,0124_1.jpg,0055_4.jpg,0
exploration,cross_variable_same,124,81,0124_1.jpg,0081_4.jpg,0
exploration,cross_variable_same,124,118,0124_1.jpg,0118_4.jpg,0
exploration,cross_variable_same,125,125,0125_1.jpg,0125_4.jpg,1
exploration,cross_variable_same,125,155,0125_1.jpg,0155_4.jpg,0
exploration,cross_variable_same,125,156,0125_1.jpg,0156_4.jpg,0
exploration,cross_variable_same,125,189,0125_1.jpg,0189_4.jpg,0
exploration,cross_variable_same,125,243,0125_1.jpg,0243_4.jpg,0
exploration,cross_variable_same,125,244,0125_1.jpg,0244_4.jpg,0
exploration,cross_variable_same,125,19,0125_1.jpg,0019_4.jpg,0
exploration,cross_variable_same,125,38,0125_1.jpg,0038_4.jpg,0
exploration,cross_variable_same,125,56,0125_1.jpg,0056_4.jpg,0
exploration,cross_variable_same,125,83,0125_1.jpg,0083_4.jpg,0
exploration,cross_variable_same,125,119,0125_1.jpg,0119_4.jpg,0
exploration,cross_variable_same,127,127,0127_1.jpg,0127_4.jpg,1
exploration,cross_variable_same,127,156,0127_1.jpg,0156_4.jpg,0
exploration,cross_variable_same,127,157,0127_1.jpg,0157_4.jpg,0
exploration,cross_variable_same,127,191,0127_1.jpg,0191_4.jpg,0
exploration,cross_variable_same,127,244,0127_1.jpg,0244_4.jpg,0
exploration,cross_variable_same,127,245,0127_1.jpg,0245_4.jpg,0
exploration,cross_variable_same,127,20,0127_1.jpg,0020_4.jpg,0
exploration,cross_variable_same,127,39,0127_1.jpg,0039_4.jpg,0
exploration,cross_variable_same,127,57,0127_1.jpg,0057_4.jpg,0
exploration,cross_variable_same,127,85,0127_1.jpg,0085_4.jpg,0
exploration,cross_variable_same,127,122,0127_1.jpg,0122_4.jpg,0
exploration,cross_variable_same,130,130,0130_1.jpg,0130_4.jpg,1
exploration,cross_variable_same,130,157,0130_1.jpg,0157_4.jpg,0
exploration,cross_variable_same,130,158,0130_1.jpg,0158_4.jpg,0
exploration,cross_variable_same,130,192,0130_1.jpg,0192_4.jpg,0
exploration,cross_variable_same,130,245,0130_1.jpg,0245_4.jpg,0
exploration,cross_variable_same,130,246,0130_1.jpg,0246_4.jpg,0
exploration,cross_variable_same,130,21,0130_1.jpg,0021_4.jpg,0
exploration,cross_variable_same,130,40,0130_1.jpg,0040_4.jpg,0
exploration,cross_variable_same,130,59,0130_1.jpg,0059_4.jpg,0
exploration,cross_variable_same,130,86,0130_1.jpg,0086_4.jpg,0
exploration,cross_variable_same,130,123,0130_1.jpg,0123_4.jpg,0
exploration,cross_variable_same,132,132,0132_1.jpg,0132_4.jpg,1
exploration,cross_variable_same,132,158,0132_1.jpg,0158_4.jpg,0
exploration,cross_variable_same,132,159,0132_1.jpg,0159_4.jpg,0
exploration,cross_variable_same,132,196,0132_1.jpg,0196_4.jpg,0
exploration,cross_variable_same,132,246,0132_1.jpg,0246_4.jpg,0
exploration,cross_variable_same,132,247,0132_1.jpg,0247_4.jpg,0
exploration,cross_variable_same,132,22,0132_1.jpg,0022_4.jpg,0
exploration,cross_variable_same,132,42,0132_1.jpg,0042_4.jpg,0
exploration,cross_variable_same,132,60,0132_1.jpg,0060_4.jpg,0
exploration,cross_variable_same,132,87,0132_1.jpg,0087_4.jpg,0
exploration,cross_variable_same,132,124,0132_1.jpg,0124_4.jpg,0
exploration,cross_variable_same,133,133,0133_1.jpg,0133_4.jpg,1
exploration,cross_variable_same,133,159,0133_1.jpg,0159_4.jpg,0
exploration,cross_variable_same,133,161,0133_1.jpg,0161_4.jpg,0
exploration,cross_variable_same,133,197,0133_1.jpg,0197_4.jpg,0
exploration,cross_variable_same,133,247,0133_1.jpg,0247_4.jpg,0
exploration,cross_variable_same,133,248,0133_1.jpg,0248_4.jpg,0
exploration,cross_variable_same,133,25,0133_1.jpg,0025_4.jpg,0
exploration,cross_variable_same,133,43,0133_1.jpg,0043_4.jpg,0
exploration,cross_variable_same,133,61,0133_1.jpg,0061_4.jpg,0
exploration,cross_variable_same,133,89,0133_1.jpg,0089_4.jpg,0
exploration,cross_variable_same,133,125,0133_1.jpg,0125_4.jpg,0
exploration,cross_variable_same,134,134,0134_1.jpg,0134_4.jpg,1
exploration,cross_variable_same,134,161,0134_1.jpg,0161_4.jpg,0
exploration,cross_variable_same,134,162,0134_1.jpg,0162_4.jpg,0
exploration,cross_variable_same,134,198,0134_1.jpg,0198_4.jpg,0
exploration,cross_variable_same,134,248,0134_1.jpg,0248_4.jpg,0
exploration,cross_variable_same,134,249,0134_1.jpg,0249_4.jpg,0
exploration,cross_variable_same,134,26,0134_1.jpg,0026_4.jpg,0
exploration,cross_variable_same,134,46,0134_1.jpg,0046_4.jpg,0
exploration,cross_variable_same,134,62,0134_1.jpg,0062_4.jpg,0
exploration,cross_variable_same,134,90,0134_1.jpg,0090_4.jpg,0
exploration,cross_variable_same,134,127,0134_1.jpg,0127_4.jpg,0
exploration,cross_variable_same,135,135,0135_1.jpg,0135_4.jpg,1
exploration,cross_variable_same,135,162,0135_1.jpg,0162_4.jpg,0
exploration,cross_variable_same,135,163,0135_1.jpg,0163_4.jpg,0
exploration,cross_variable_same,135,199,0135_1.jpg,0199_4.jpg,0
exploration,cross_variable_same,135,249,0135_1.jpg,0249_4.jpg,0
exploration,cross_variable_same,135,250,0135_1.jpg,0250_4.jpg,0
exploration,cross_variable_same,135,27,0135_1.jpg,0027_4.jpg,0
exploration,cross_variable_same,135,47,0135_1.jpg,0047_4.jpg,0
exploration,cross_variable_same,135,65,0135_1.jpg,0065_4.jpg,0
exploration,cross_variable_same,135,91,0135_1.jpg,0091_4.jpg,0
exploration,cross_variable_same,135,130,0135_1.jpg,0130_4.jpg,0
exploration,cross_variable_same,138,138,0138_1.jpg,0138_4.jpg,1
exploration,cross_variable_same,138,163,0138_1.jpg,0163_4.jpg,0
exploration,cross_variable_same,138,164,0138_1.jpg,0164_4.jpg,0
exploration,cross_variable_same,138,200,0138_1.jpg,0200_4.jpg,0
exploration,cross_variable_same,138,250,0138_1.jpg,0250_4.jpg,0
exploration,cross_variable_same,138,251,0138_1.jpg,0251_4.jpg,0
exploration,cross_variable_same,138,29,0138_1.jpg,0029_4.jpg,0
exploration,cross_variable_same,138,49,0138_1.jpg,0049_4.jpg,0
exploration,cross_variable_same,138,66,0138_1.jpg,0066_4.jpg,0
exploration,cross_variable_same,138,92,0138_1.jpg,0092_4.jpg,0
exploration,cross_variable_same,138,132,0138_1.jpg,0132_4.jpg,0
exploration,cross_variable_same,140,140,0140_1.jpg,0140_4.jpg,1
exploration,cross_variable_same,140,164,0140_1.jpg,0164_4.jpg,0
exploration,cross_variable_same,140,167,0140_1.jpg,0167_4.jpg,0
exploration,cross_variable_same,140,201,0140_1.jpg,0201_4.jpg,0
exploration,cross_variable_same,140,251,0140_1.jpg,0251_4.jpg,0
exploration,cross_variable_same,140,252,0140_1.jpg,0252_4.jpg,0
exploration,cross_variable_same,140,30,0140_1.jpg,0030_4.jpg,0
exploration,cross_variable_same,140,55,0140_1.jpg,0055_4.jpg,0
exploration,cross_variable_same,140,67,0140_1.jpg,0067_4.jpg,0
exploration,cross_variable_same,140,93,0140_1.jpg,0093_4.jpg,0
exploration,cross_variable_same,140,133,0140_1.jpg,0133_4.jpg,0
exploration,cross_variable_same,142,142,0142_1.jpg,0142_4.jpg,1
exploration,cross_variable_same,142,167,0142_1.jpg,0167_4.jpg,0
exploration,cross_variable_same,142,168,0142_1.jpg,0168_4.jpg,0
exploration,cross_variable_same,142,203,0142_1.jpg,0203_4.jpg,0
exploration,cross_variable_same,142,252,0142_1.jpg,0252_4.jpg,0
exploration,cross_variable_same,142,255,0142_1.jpg,0255_4.jpg,0
exploration,cross_variable_same,142,31,0142_1.jpg,0031_4.jpg,0
exploration,cross_variable_same,142,56,0142_1.jpg,0056_4.jpg,0
exploration,cross_variable_same,142,70,0142_1.jpg,0070_4.jpg,0
exploration,cross_variable_same,142,94,0142_1.jpg,0094_4.jpg,0
exploration,cross_variable_same,142,134,0142_1.jpg,0134_4.jpg,0
exploration,cross_variable_same,146,146,0146_1.jpg,0146_4.jpg,1
exploration,cross_variable_same,146,168,0146_1.jpg,0168_4.jpg,0
exploration,cross_variable_same,146,169,0146_1.jpg,0169_4.jpg,0
exploration,cross_variable_same,146,204,0146_1.jpg,0204_4.jpg,0
exploration,cross_variable_same,146,255,0146_1.jpg,0255_4.jpg,0
exploration,cross_variable_same,146,256,0146_1.jpg,0256_4.jpg,0
exploration,cross_variable_same,146,35,0146_1.jpg,0035_4.jpg,0
exploration,cross_variable_same,146,57,0146_1.jpg,0057_4.jpg,0
exploration,cross_variable_same,146,71,0146_1.jpg,0071_4.jpg,0
exploration,cross_variable_same,146,96,0146_1.jpg,0096_4.jpg,0
exploration,cross_variable_same,146,135,0146_1.jpg,0135_4.jpg,0
exploration,cross_variable_same,147,147,0147_1.jpg,0147_4.jpg,1
exploration,cross_variable_same,147,169,0147_1.jpg,0169_4.jpg,0
exploration,cross_variable_same,147,171,0147_1.jpg,0171_4.jpg,0
exploration,cross_variable_same,147,206,0147_1.jpg,0206_4.jpg,0
exploration,cross_variable_same,147,256,0147_1.jpg,0256_4.jpg,0
exploration,cross_variable_same,147,260,0147_1.jpg,0260_4.jpg,0
exploration,cross_variable_same,147,38,0147_1.jpg,0038_4.jpg,0
exploration,cross_variable_same,147,59,0147_1.jpg,0059_4.jpg,0
exploration,cross_variable_same,147,74,0147_1.jpg,0074_4.jpg,0
exploration,cross_variable_same,147,97,0147_1.jpg,0097_4.jpg,0
exploration,cross_variable_same,147,138,0147_1.jpg,0138_4.jpg,0
exploration,cross_variable_same,148,148,0148_1.jpg,0148_4.jpg,1
exploration,cross_variable_same,148,171,0148_1.jpg,0171_4.jpg,0
exploration,cross_variable_same,148,172,0148_1.jpg,0172_4.jpg,0
exploration,cross_variable_same,148,207,0148_1.jpg,0207_4.jpg,0
exploration,cross_variable_same,148,260,0148_1.jpg,0260_4.jpg,0
exploration,cross_variable_same,148,261,0148_1.jpg,0261_4.jpg,0
exploration,cross_variable_same,148,39,0148_1.jpg,0039_4.jpg,0
exploration,cross_variable_same,148,60,0148_1.jpg,0060_4.jpg,0
exploration,cross_variable_same,148,75,0148_1.jpg,0075_4.jpg,0
exploration,cross_variable_same,148,98,0148_1.jpg,0098_4.jpg,0
exploration,cross_variable_same,148,140,0148_1.jpg,0140_4.jpg,0
exploration,cross_variable_same,152,152,0152_1.jpg,0152_4.jpg,1
exploration,cross_variable_same,152,172,0152_1.jpg,0172_4.jpg,0
exploration,cross_variable_same,152,178,0152_1.jpg,0178_4.jpg,0
exploration,cross_variable_same,152,208,0152_1.jpg,0208_4.jpg,0
exploration,cross_variable_same,152,261,0152_1.jpg,0261_4.jpg,0
exploration,cross_variable_same,152,262,0152_1.jpg,0262_4.jpg,0
exploration,cross_variable_same,152,40,0152_1.jpg,0040_4.jpg,0
exploration,cross_variable_same,152,61,0152_1.jpg,0061_4.jpg,0
exploration,cross_variable_same,152,76,0152_1.jpg,0076_4.jpg,0
exploration,cross_variable_same,152,100,0152_1.jpg,0100_4.jpg,0
exploration,cross_variable_same,152,142,0152_1.jpg,0142_4.jpg,0
exploration,cross_variable_same,153,153,0153_1.jpg,0153_4.jpg,1
exploration,cross_variable_same,153,178,0153_1.jpg,0178_4.jpg,0
exploration,cross_variable_same,153,179,0153_1.jpg,0179_4.jpg,0
exploration,cross_variable_same,153,209,0153_1.jpg,0209_4.jpg,0
exploration,cross_variable_same,153,262,0153_1.jpg,0262_4.jpg,0
exploration,cross_variable_same,153,263,0153_1.jpg,0263_4.jpg,0
exploration,cross_variable_same,153,42,0153_1.jpg,0042_4.jpg,0
exploration,cross_variable_same,153,62,0153_1.jpg,0062_4.jpg,0
exploration,cross_variable_same,153,77,0153_1.jpg,0077_4.jpg,0
exploration,cross_variable_same,153,101,0153_1.jpg,0101_4.jpg,0
exploration,cross_variable_same,153,146,0153_1.jpg,0146_4.jpg,0
exploration,cross_variable_same,154,154,0154_1.jpg,0154_4.jpg,1
exploration,cross_variable_same,154,179,0154_1.jpg,0179_4.jpg,0
exploration,cross_variable_same,154,180,0154_1.jpg,0180_4.jpg,0
exploration,cross_variable_same,154,211,0154_1.jpg,0211_4.jpg,0
exploration,cross_variable_same,154,263,0154_1.jpg,0263_4.jpg,0
exploration,cross_variable_same,154,264,0154_1.jpg,0264_4.jpg,0
exploration,cross_variable_same,154,43,0154_1.jpg,0043_4.jpg,0
exploration,cross_variable_same,154,65,0154_1.jpg,0065_4.jpg,0
exploration,cross_variable_same,154,78,0154_1.jpg,0078_4.jpg,0
exploration,cross_variable_same,154,103,0154_1.jpg,0103_4.jpg,0
exploration,cross_variable_same,154,147,0154_1.jpg,0147_4.jpg,0
exploration,cross_variable_same,155,155,0155_1.jpg,0155_4.jpg,1
exploration,cross_variable_same,155,180,0155_1.jpg,0180_4.jpg,0
exploration,cross_variable_same,155,181,0155_1.jpg,0181_4.jpg,0
exploration,cross_variable_same,155,212,0155_1.jpg,0212_4.jpg,0
exploration,cross_variable_same,155,264,0155_1.jpg,0264_4.jpg,0
exploration,cross_variable_same,155,265,0155_1.jpg,0265_4.jpg,0
exploration,cross_variable_same,155,46,0155_1.jpg,0046_4.jpg,0
exploration,cross_variable_same,155,66,0155_1.jpg,0066_4.jpg,0
exploration,cross_variable_same,155,79,0155_1.jpg,0079_4.jpg,0
exploration,cross_variable_same,155,104,0155_1.jpg,0104_4.jpg,0
exploration,cross_variable_same,155,148,0155_1.jpg,0148_4.jpg,0
exploration,cross_variable_same,156,156,0156_1.jpg,0156_4.jpg,1
exploration,cross_variable_same,156,181,0156_1.jpg,0181_4.jpg,0
exploration,cross_variable_same,156,183,0156_1.jpg,0183_4.jpg,0
exploration,cross_variable_same,156,213,0156_1.jpg,0213_4.jpg,0
exploration,cross_variable_same,156,265,0156_1.jpg,0265_4.jpg,0
exploration,cross_variable_same,156,266,0156_1.jpg,0266_4.jpg,0
exploration,cross_variable_same,156,47,0156_1.jpg,0047_4.jpg,0
exploration,cross_variable_same,156,67,0156_1.jpg,0067_4.jpg,0
exploration,cross_variable_same,156,81,0156_1.jpg,0081_4.jpg,0
exploration,cross_variable_same,156,105,0156_1.jpg,0105_4.jpg,0
exploration,cross_variable_same,156,152,0156_1.jpg,0152_4.jpg,0
exploration,cross_variable_same,157,157,0157_1.jpg,0157_4.jpg,1
exploration,cross_variable_same,157,183,0157_1.jpg,0183_4.jpg,0
exploration,cross_variable_same,157,185,0157_1.jpg,0185_4.jpg,0
exploration,cross_variable_same,157,214,0157_1.jpg,0214_4.jpg,0
exploration,cross_variable_same,157,266,0157_1.jpg,0266_4.jpg,0
exploration,cross_variable_same,157,267,0157_1.jpg,0267_4.jpg,0
exploration,cross_variable_same,157,49,0157_1.jpg,0049_4.jpg,0
exploration,cross_variable_same,157,70,0157_1.jpg,0070_4.jpg,0
exploration,cross_variable_same,157,83,0157_1.jpg,0083_4.jpg,0
exploration,cross_variable_same,157,106,0157_1.jpg,0106_4.jpg,0
exploration,cross_variable_same,157,153,0157_1.jpg,0153_4.jpg,0
exploration,cross_variable_same,158,158,0158_1.jpg,0158_4.jpg,1
exploration,cross_variable_same,158,185,0158_1.jpg,0185_4.jpg,0
exploration,cross_variable_same,158,188,0158_1.jpg,0188_4.jpg,0
exploration,cross_variable_same,158,216,0158_1.jpg,0216_4.jpg,0
exploration,cross_variable_same,158,267,0158_1.jpg,0267_4.jpg,0
exploration,cross_variable_same,158,271,0158_1.jpg,0271_4.jpg,0
exploration,cross_variable_same,158,55,0158_1.jpg,0055_4.jpg,0
exploration,cross_variable_same,158,71,0158_1.jpg,0071_4.jpg,0
exploration,cross_variable_same,158,85,0158_1.jpg,0085_4.jpg,0
exploration,cross_variable_same,158,107,0158_1.jpg,0107_4.jpg,0
exploration,cross_variable_same,158,154,0158_1.jpg,0154_4.jpg,0
exploration,cross_variable_same,159,159,0159_1.jpg,0159_4.jpg,1
exploration,cross_variable_same,159,188,0159_1.jpg,0188_4.jpg,0
exploration,cross_variable_same,159,189,0159_1.jpg,0189_4.jpg,0
exploration,cross_variable_same,159,219,0159_1.jpg,0219_4.jpg,0
exploration,cross_variable_same,159,271,0159_1.jpg,0271_4.jpg,0
exploration,cross_variable_same,159,272,0159_1.jpg,0272_4.jpg,0
exploration,cross_variable_same,159,56,0159_1.jpg,0056_4.jpg,0
exploration,cross_variable_same,159,74,0159_1.jpg,0074_4.jpg,0
exploration,cross_variable_same,159,86,0159_1.jpg,0086_4.jpg,0
exploration,cross_variable_same,159,109,0159_1.jpg,0109_4.jpg,0
exploration,cross_variable_same,159,155,0159_1.jpg,0155_4.jpg,0
exploration,cross_variable_same,161,161,0161_1.jpg,0161_4.jpg,1
exploration,cross_variable_same,161,189,0161_1.jpg,0189_4.jpg,0
exploration,cross_variable_same,161,191,0161_1.jpg,0191_4.jpg,0
exploration,cross_variable_same,161,220,0161_1.jpg,0220_4.jpg,0
exploration,cross_variable_same,161,272,0161_1.jpg,0272_4.jpg,0
exploration,cross_variable_same,161,273,0161_1.jpg,0273_4.jpg,0
exploration,cross_variable_same,161,57,0161_1.jpg,0057_4.jpg,0
exploration,cross_variable_same,161,75,0161_1.jpg,0075_4.jpg,0
exploration,cross_variable_same,161,87,0161_1.jpg,0087_4.jpg,0
exploration,cross_variable_same,161,110,0161_1.jpg,0110_4.jpg,0
exploration,cross_variable_same,161,156,0161_1.jpg,0156_4.jpg,0
exploration,cross_variable_same,162,162,0162_1.jpg,0162_4.jpg,1
exploration,cross_variable_same,162,191,0162_1.jpg,0191_4.jpg,0
exploration,cross_variable_same,162,192,0162_1.jpg,0192_4.jpg,0
exploration,cross_variable_same,162,221,0162_1.jpg,0221_4.jpg,0
exploration,cross_variable_same,162,273,0162_1.jpg,0273_4.jpg,0
exploration,cross_variable_same,162,274,0162_1.jpg,0274_4.jpg,0
exploration,cross_variable_same,162,59,0162_1.jpg,0059_4.jpg,0
exploration,cross_variable_same,162,76,0162_1.jpg,0076_4.jpg,0
exploration,cross_variable_same,162,89,0162_1.jpg,0089_4.jpg,0
exploration,cross_variable_same,162,114,0162_1.jpg,0114_4.jpg,0
exploration,cross_variable_same,162,157,0162_1.jpg,0157_4.jpg,0
exploration,cross_variable_same,163,163,0163_1.jpg,0163_4.jpg,1
exploration,cross_variable_same,163,192,0163_1.jpg,0192_4.jpg,0
exploration,cross_variable_same,163,196,0163_1.jpg,0196_4.jpg,0
exploration,cross_variable_same,163,223,0163_1.jpg,0223_4.jpg,0
exploration,cross_variable_same,163,274,0163_1.jpg,0274_4.jpg,0
exploration,cross_variable_same,163,276,0163_1.jpg,0276_4.jpg,0
exploration,cross_variable_same,163,60,0163_1.jpg,0060_4.jpg,0
exploration,cross_variable_same,163,77,0163_1.jpg,0077_4.jpg,0
exploration,cross_variable_same,163,90,0163_1.jpg,0090_4.jpg,0
exploration,cross_variable_same,163,116,0163_1.jpg,0116_4.jpg,0
exploration,cross_variable_same,163,158,0163_1.jpg,0158_4.jpg,0
exploration,cross_variable_same,164,164,0164_1.jpg,0164_4.jpg,1
exploration,cross_variable_same,164,196,0164_1.jpg,0196_4.jpg,0
exploration,cross_variable_same,164,197,0164_1.jpg,0197_4.jpg,0
exploration,cross_variable_same,164,224,0164_1.jpg,0224_4.jpg,0
exploration,cross_variable_same,164,276,0164_1.jpg,0276_4.jpg,0
exploration,cross_variable_same,164,279,0164_1.jpg,0279_4.jpg,0
exploration,cross_variable_same,164,61,0164_1.jpg,0061_4.jpg,0
exploration,cross_variable_same,164,78,0164_1.jpg,0078_4.jpg,0
exploration,cross_variable_same,164,91,0164_1.jpg,0091_4.jpg,0
exploration,cross_variable_same,164,118,0164_1.jpg,0118_4.jpg,0
exploration,cross_variable_same,164,159,0164_1.jpg,0159_4.jpg,0
exploration,cross_variable_same,167,167,0167_1.jpg,0167_4.jpg,1
exploration,cross_variable_same,167,197,0167_1.jpg,0197_4.jpg,0
exploration,cross_variable_same,167,198,0167_1.jpg,0198_4.jpg,0
exploration,cross_variable_same,167,225,0167_1.jpg,0225_4.jpg,0
exploration,cross_variable_same,167,279,0167_1.jpg,0279_4.jpg,0
exploration,cross_variable_same,167,281,0167_1.jpg,0281_4.jpg,0
exploration,cross_variable_same,167,62,0167_1.jpg,0062_4.jpg,0
exploration,cross_variable_same,167,79,0167_1.jpg,0079_4.jpg,0
exploration,cross_variable_same,167,92,0167_1.jpg,0092_4.jpg,0
exploration,cross_variable_same,167,119,0167_1.jpg,0119_4.jpg,0
exploration,cross_variable_same,167,161,0167_1.jpg,0161_4.jpg,0
exploration,cross_variable_same,168,168,0168_1.jpg,0168_4.jpg,1
exploration,cross_variable_same,168,198,0168_1.jpg,0198_4.jpg,0
exploration,cross_variable_same,168,199,0168_1.jpg,0199_4.jpg,0
exploration,cross_variable_same,168,226,0168_1.jpg,0226_4.jpg,0
exploration,cross_variable_same,168,281,0168_1.jpg,0281_4.jpg,0
exploration,cross_variable_same,168,282,0168_1.jpg,0282_4.jpg,0
exploration,cross_variable_same,168,65,0168_1.jpg,0065_4.jpg,0
exploration,cross_variable_same,168,81,0168_1.jpg,0081_4.jpg,0
exploration,cross_variable_same,168,93,0168_1.jpg,0093_4.jpg,0
exploration,cross_variable_same,168,122,0168_1.jpg,0122_4.jpg,0
exploration,cross_variable_same,168,162,0168_1.jpg,0162_4.jpg,0
exploration,cross_variable_same,169,169,0169_1.jpg,0169_4.jpg,1
exploration,cross_variable_same,169,199,0169_1.jpg,0199_4.jpg,0
exploration,cross_variable_same,169,200,0169_1.jpg,0200_4.jpg,0
exploration,cross_variable_same,169,227,0169_1.jpg,0227_4.jpg,0
exploration,cross_variable_same,169,282,0169_1.jpg,0282_4.jpg,0
exploration,cross_variable_same,169,1,0169_1.jpg,0001_4.jpg,0
exploration,cross_variable_same,169,66,0169_1.jpg,0066_4.jpg,0
exploration,cross_variable_same,169,83,0169_1.jpg,0083_4.jpg,0
exploration,cross_variable_same,169,94,0169_1.jpg,0094_4.jpg,0
exploration,cross_variable_same,169,123,0169_1.jpg,0123_4.jpg,0
exploration,cross_variable_same,169,163,0169_1.jpg,0163_4.jpg,0
exploration,cross_variable_same,171,171,0171_1.jpg,0171_4.jpg,1
exploration,cross_variable_same,171,200,0171_1.jpg,0200_4.jpg,0
exploration,cross_variable_same,171,201,0171_1.jpg,0201_4.jpg,0
exploration,cross_variable_same,171,228,0171_1.jpg,0228_4.jpg,0
exploration,cross_variable_same,171,1,0171_1.jpg,0001_4.jpg,0
exploration,cross_variable_same,171,2,0171_1.jpg,0002_4.jpg,0
exploration,cross_variable_same,171,67,0171_1.jpg,0067_4.jpg,0
exploration,cross_variable_same,171,85,0171_1.jpg,0085_4.jpg,0
exploration,cross_variable_same,171,96,0171_1.jpg,0096_4.jpg,0
exploration,cross_variable_same,171,124,0171_1.jpg,0124_4.jpg,0
exploration,cross_variable_same,171,164,0171_1.jpg,0164_4.jpg,0
exploration,cross_variable_same,172,172,0172_1.jpg,0172_4.jpg,1
exploration,cross_variable_same,172,201,0172_1.jpg,0201_4.jpg,0
exploration,cross_variable_same,172,203,0172_1.jpg,0203_4.jpg,0
exploration,cross_variable_same,172,229,0172_1.jpg,0229_4.jpg,0
exploration,cross_variable_same,172,2,0172_1.jpg,0002_4.jpg,0
exploration,cross_variable_same,172,3,0172_1.jpg,0003_4.jpg,0
exploration,cross_variable_same,172,70,0172_1.jpg,0070_4.jpg,0
exploration,cross_variable_same,172,86,0172_1.jpg,0086_4.jpg,0
exploration,cross_variable_same,172,97,0172_1.jpg,0097_4.jpg,0
exploration,cross_variable_same,172,125,0172_1.jpg,0125_4.jpg,0
exploration,cross_variable_same,172,167,0172_1.jpg,0167_4.jpg,0
exploration,cross_variable_same,178,178,0178_1.jpg,0178_4.jpg,1
exploration,cross_variable_same,178,203,0178_1.jpg,0203_4.jpg,0
exploration,cross_variable_same,178,204,0178_1.jpg,0204_4.jpg,0
exploration,cross_variable_same,178,231,0178_1.jpg,0231_4.jpg,0
exploration,cross_variable_same,178,3,0178_1.jpg,0003_4.jpg,0
exploration,cross_variable_same,178,6,0178_1.jpg,0006_4.jpg,0
exploration,cross_variable_same,178,71,0178_1.jpg,0071_4.jpg,0
exploration,cross_variable_same,178,87,0178_1.jpg,0087_4.jpg,0
exploration,cross_variable_same,178,98,0178_1.jpg,0098_4.jpg,0
exploration,cross_variable_same,178,127,0178_1.jpg,0127_4.jpg,0
exploration,cross_variable_same,178,168,0178_1.jpg,0168_4.jpg,0
exploration,cross_variable_same,179,179,0179_1.jpg,0179_4.jpg,1
exploration,cross_variable_same,179,204,0179_1.jpg,0204_4.jpg,0
exploration,cross_variable_same,179,206,0179_1.jpg,0206_4.jpg,0
exploration,cross_variable_same,179,232,0179_1.jpg,0232_4.jpg,0
exploration,cross_variable_same,179,6,0179_1.jpg,0006_4.jpg,0
exploration,cross_variable_same,179,7,0179_1.jpg,0007_4.jpg,0
exploration,cross_variable_same,179,74,0179_1.jpg,0074_4.jpg,0
exploration,cross_variable_same,179,89,0179_1.jpg,0089_4.jpg,0
exploration,cross_variable_same,179,100,0179_1.jpg,0100_4.jpg,0
exploration,cross_variable_same,179,130,0179_1.jpg,0130_4.jpg,0
exploration,cross_variable_same,179,169,0179_1.jpg,0169_4.jpg,0
exploration,cross_variable_same,180,180,0180_1.jpg,0180_4.jpg,1
exploration,cross_variable_same,180,206,0180_1.jpg,0206_4.jpg,0
exploration,cross_variable_same,180,207,0180_1.jpg,0207_4.jpg,0
exploration,cross_variable_same,180,234,0180_1.jpg,0234_4.jpg,0
exploration,cross_variable_same,180,7,0180_1.jpg,0007_4.jpg,0
exploration,cross_variable_same,180,8,0180_1.jpg,0008_4.jpg,0
exploration,cross_variable_same,180,75,0180_1.jpg,0075_4.jpg,0
exploration,cross_variable_same,180,90,0180_1.jpg,0090_4.jpg,0
exploration,cross_variable_same,180,101,0180_1.jpg,0101_4.jpg,0
exploration,cross_variable_same,180,132,0180_1.jpg,0132_4.jpg,0
exploration,cross_variable_same,180,171,0180_1.jpg,0171_4.jpg,0
exploration,cross_variable_same,181,181,0181_1.jpg,0181_4.jpg,1
exploration,cross_variable_same,181,207,0181_1.jpg,0207_4.jpg,0
exploration,cross_variable_same,181,208,0181_1.jpg,0208_4.jpg,0
exploration,cross_variable_same,181,235,0181_1.jpg,0235_4.jpg,0
exploration,cross_variable_same,181,8,0181_1.jpg,0008_4.jpg,0
exploration,cross_variable_same,181,11,0181_1.jpg,0011_4.jpg,0
exploration,cross_variable_same,181,76,0181_1.jpg,0076_4.jpg,0
exploration,cross_variable_same,181,91,0181_1.jpg,0091_4.jpg,0
exploration,cross_variable_same,181,103,0181_1.jpg,0103_4.jpg,0
exploration,cross_variable_same,181,133,0181_1.jpg,0133_4.jpg,0
exploration,cross_variable_same,181,172,0181_1.jpg,0172_4.jpg,0
exploration,cross_variable_same,183,183,0183_1.jpg,0183_4.jpg,1
exploration,cross_variable_same,183,208,0183_1.jpg,0208_4.jpg,0
exploration,cross_variable_same,183,209,0183_1.jpg,0209_4.jpg,0
exploration,cross_variable_same,183,237,0183_1.jpg,0237_4.jpg,0
exploration,cross_variable_same,183,11,0183_1.jpg,0011_4.jpg,0
exploration,cross_variable_same,183,12,0183_1.jpg,0012_4.jpg,0
exploration,cross_variable_same,183,77,0183_1.jpg,0077_4.jpg,0
exploration,cross_variable_same,183,92,0183_1.jpg,0092_4.jpg,0
exploration,cross_variable_same,183,104,0183_1.jpg,0104_4.jpg,0
exploration,cross_variable_same,183,134,0183_1.jpg,0134_4.jpg,0
exploration,cross_variable_same,183,178,0183_1.jpg,0178_4.jpg,0
exploration,cross_variable_same,185,185,0185_1.jpg,0185_4.jpg,1
exploration,cross_variable_same,185,209,0185_1.jpg,0209_4.jpg,0
exploration,cross_variable_same,185,211,0185_1.jpg,0211_4.jpg,0
exploration,cross_variable_same,185,239,0185_1.jpg,0239_4.jpg,0
exploration,cross_variable_same,185,12,0185_1.jpg,0012_4.jpg,0
exploration,cross_variable_same,185,15,0185_1.jpg,0015_4.jpg,0
exploration,cross_variable_same,185,78,0185_1.jpg,0078_4.jpg,0
exploration,cross_variable_same,185,93,0185_1.jpg,0093_4.jpg,0
exploration,cross_variable_same,185,105,0185_1.jpg,0105_4.jpg,0
exploration,cross_variable_same,185,135,0185_1.jpg,0135_4.jpg,0
exploration,cross_variable_same,185,179,0185_1.jpg,0179_4.jpg,0
exploration,cross_variable_same,188,188,0188_1.jpg,0188_4.jpg,1
exploration,cross_variable_same,188,211,0188_1.jpg,0211_4.jpg,0
exploration,cross_variable_same,188,212,0188_1.jpg,0212_4.jpg,0
exploration,cross_variable_same,188,240,0188_1.jpg,0240_4.jpg,0
exploration,cross_variable_same,188,15,0188_1.jpg,0015_4.jpg,0
exploration,cross_variable_same,188,18,0188_1.jpg,0018_4.jpg,0
exploration,cross_variable_same,188,79,0188_1.jpg,0079_4.jpg,0
exploration,cross_variable_same,188,94,0188_1.jpg,0094_4.jpg,0
exploration,cross_variable_same,188,106,0188_1.jpg,0106_4.jpg,0
exploration,cross_variable_same,188,138,0188_1.jpg,0138_4.jpg,0
exploration,cross_variable_same,188,180,0188_1.jpg,0180_4.jpg,0
exploration,cross_variable_same,189,189,0189_1.jpg,0189_4.jpg,1
exploration,cross_variable_same,189,212,0189_1.jpg,0212_4.jpg,0
exploration,cross_variable_same,189,213,0189_1.jpg,0213_4.jpg,0
exploration,cross_variable_same,189,241,0189_1.jpg,0241_4.jpg,0
exploration,cross_variable_same,189,18,0189_1.jpg,0018_4.jpg,0
exploration,cross_variable_same,189,19,0189_1.jpg,0019_4.jpg,0
exploration,cross_variable_same,189,81,0189_1.jpg,0081_4.jpg,0
exploration,cross_variable_same,189,96,0189_1.jpg,0096_4.jpg,0
exploration,cross_variable_same,189,107,0189_1.jpg,0107_4.jpg,0
exploration,cross_variable_same,189,140,0189_1.jpg,0140_4.jpg,0
exploration,cross_variable_same,189,181,0189_1.jpg,0181_4.jpg,0
exploration,cross_variable_same,191,191,0191_1.jpg,0191_4.jpg,1
exploration,cross_variable_same,191,213,0191_1.jpg,0213_4.jpg,0
exploration,cross_variable_same,191,214,0191_1.jpg,0214_4.jpg,0
exploration,cross_variable_same,191,242,0191_1.jpg,0242_4.jpg,0
exploration,cross_variable_same,191,19,0191_1.jpg,0019_4.jpg,0
exploration,cross_variable_same,191,20,0191_1.jpg,0020_4.jpg,0
exploration,cross_variable_same,191,83,0191_1.jpg,0083_4.jpg,0
exploration,cross_variable_same,191,97,0191_1.jpg,0097_4.jpg,0
exploration,cross_variable_same,191,109,0191_1.jpg,0109_4.jpg,0
exploration,cross_variable_same,191,142,0191_1.jpg,0142_4.jpg,0
exploration,cross_variable_same,191,183,0191_1.jpg,0183_4.jpg,0
exploration,cross_variable_same,192,192,0192_1.jpg,0192_4.jpg,1
exploration,cross_variable_same,192,214,0192_1.jpg,0214_4.jpg,0
exploration,cross_variable_same,192,216,0192_1.jpg,0216_4.jpg,0
exploration,cross_variable_same,192,243,0192_1.jpg,0243_4.jpg,0
exploration,cross_variable_same,192,20,0192_1.jpg,0020_4.jpg,0
exploration,cross_variable_same,192,21,0192_1.jpg,0021_4.jpg,0
exploration,cross_variable_same,192,85,0192_1.jpg,0085_4.jpg,0
exploration,cross_variable_same,192,98,0192_1.jpg,0098_4.jpg,0
exploration,cross_variable_same,192,110,0192_1.jpg,0110_4.jpg,0
exploration,cross_variable_same,192,146,0192_1.jpg,0146_4.jpg,0
exploration,cross_variable_same,192,185,0192_1.jpg,0185_4.jpg,0
exploration,cross_variable_same,196,196,0196_1.jpg,0196_4.jpg,1
exploration,cross_variable_same,196,216,0196_1.jpg,0216_4.jpg,0
exploration,cross_variable_same,196,219,0196_1.jpg,0219_4.jpg,0
exploration,cross_variable_same,196,244,0196_1.jpg,0244_4.jpg,0
exploration,cross_variable_same,196,21,0196_1.jpg,0021_4.jpg,0
exploration,cross_variable_same,196,22,0196_1.jpg,0022_4.jpg,0
exploration,cross_variable_same,196,86,0196_1.jpg,0086_4.jpg,0
exploration,cross_variable_same,196,100,0196_1.jpg,0100_4.jpg,0
exploration,cross_variable_same,196,114,0196_1.jpg,0114_4.jpg,0
exploration,cross_variable_same,196,147,0196_1.jpg,0147_4.jpg,0
exploration,cross_variable_same,196,188,0196_1.jpg,0188_4.jpg,0
exploration,cross_variable_same,197,197,0197_1.jpg,0197_4.jpg,1
exploration,cross_variable_same,197,219,0197_1.jpg,0219_4.jpg,0
exploration,cross_variable_same,197,220,0197_1.jpg,0220_4.jpg,0
exploration,cross_variable_same,197,245,0197_1.jpg,0245_4.jpg,0
exploration,cross_variable_same,197,22,0197_1.jpg,0022_4.jpg,0
exploration,cross_variable_same,197,25,0197_1.jpg,0025_4.jpg,0
exploration,cross_variable_same,197,87,0197_1.jpg,0087_4.jpg,0
exploration,cross_variable_same,197,101,0197_1.jpg,0101_4.jpg,0
exploration,cross_variable_same,197,116,0197_1.jpg,0116_4.jpg,0
exploration,cross_variable_same,197,148,0197_1.jpg,0148_4.jpg,0
exploration,cross_variable_same,197,189,0197_1.jpg,0189_4.jpg,0
exploration,cross_variable_same,198,198,0198_1.jpg,0198_4.jpg,1
exploration,cross_variable_same,198,220,0198_1.jpg,0220_4.jpg,0
exploration,cross_variable_same,198,221,0198_1.jpg,0221_4.jpg,0
exploration,cross_variable_same,198,246,0198_1.jpg,0246_4.jpg,0
exploration,cross_variable_same,198,25,0198_1.jpg,0025_4.jpg,0
exploration,cross_variable_same,198,26,0198_1.jpg,0026_4.jpg,0
exploration,cross_variable_same,198,89,0198_1.jpg,0089_4.jpg,0
exploration,cross_variable_same,198,103,0198_1.jpg,0103_4.jpg,0
exploration,cross_variable_same,198,118,0198_1.jpg,0118_4.jpg,0
exploration,cross_variable_same,198,152,0198_1.jpg,0152_4.jpg,0
exploration,cross_variable_same,198,191,0198_1.jpg,0191_4.jpg,0
exploration,cross_variable_same,199,199,0199_1.jpg,0199_4.jpg,1
exploration,cross_variable_same,199,221,0199_1.jpg,0221_4.jpg,0
exploration,cross_variable_same,199,223,0199_1.jpg,0223_4.jpg,0
exploration,cross_variable_same,199,247,0199_1.jpg,0247_4.jpg,0
exploration,cross_variable_same,199,26,0199_1.jpg,0026_4.jpg,0
exploration,cross_variable_same,199,27,0199_1.jpg,0027_4.jpg,0
exploration,cross_variable_same,199,90,0199_1.jpg,0090_4.jpg,0
exploration,cross_variable_same,199,104,0199_1.jpg,0104_4.jpg,0
exploration,cross_variable_same,199,119,0199_1.jpg,0119_4.jpg,0
exploration,cross_variable_same,199,153,0199_1.jpg,0153_4.jpg,0
exploration,cross_variable_same,199,192,0199_1.jpg,0192_4.jpg,0
exploration,cross_variable_same,200,200,0200_1.jpg,0200_4.jpg,1
exploration,cross_variable_same,200,223,0200_1.jpg,0223_4.jpg,0
exploration,cross_variable_same,200,224,0200_1.jpg,0224_4.jpg,0
exploration,cross_variable_same,200,248,0200_1.jpg,0248_4.jpg,0
exploration,cross_variable_same,200,27,0200_1.jpg,0027_4.jpg,0
exploration,cross_variable_same,200,29,0200_1.jpg,0029_4.jpg,0
exploration,cross_variable_same,200,91,0200_1.jpg,0091_4.jpg,0
exploration,cross_variable_same,200,105,0200_1.jpg,0105_4.jpg,0
exploration,cross_variable_same,200,122,0200_1.jpg,0122_4.jpg,0
exploration,cross_variable_same,200,154,0200_1.jpg,0154_4.jpg,0
exploration,cross_variable_same,200,196,0200_1.jpg,0196_4.jpg,0
exploration,cross_variable_same,201,201,0201_1.jpg,0201_4.jpg,1
exploration,cross_variable_same,201,224,0201_1.jpg,0224_4.jpg,0
exploration,cross_variable_same,201,225,0201_1.jpg,0225_4.jpg,0
exploration,cross_variable_same,201,249,0201_1.jpg,0249_4.jpg,0
exploration,cross_variable_same,201,29,0201_1.jpg,0029_4.jpg,0
exploration,cross_variable_same,201,30,0201_1.jpg,0030_4.jpg,0
exploration,cross_variable_same,201,92,0201_1.jpg,0092_4.jpg,0
exploration,cross_variable_same,201,106,0201_1.jpg,0106_4.jpg,0
exploration,cross_variable_same,201,123,0201_1.jpg,0123_4.jpg,0
exploration,cross_variable_same,201,155,0201_1.jpg,0155_4.jpg,0
exploration,cross_variable_same,201,197,0201_1.jpg,0197_4.jpg,0
exploration,cross_variable_same,203,203,0203_1.jpg,0203_4.jpg,1
exploration,cross_variable_same,203,225,0203_1.jpg,0225_4.jpg,0
exploration,cross_variable_same,203,226,0203_1.jpg,0226_4.jpg,0
exploration,cross_variable_same,203,250,0203_1.jpg,0250_4.jpg,0
exploration,cross_variable_same,203,30,0203_1.jpg,0030_4.jpg,0
exploration,cross_variable_same,203,31,0203_1.jpg,0031_4.jpg,0
exploration,cross_variable_same,203,93,0203_1.jpg,0093_4.jpg,0
exploration,cross_variable_same,203,107,0203_1.jpg,0107_4.jpg,0
exploration,cross_variable_same,203,124,0203_1.jpg,0124_4.jpg,0
exploration,cross_variable_same,203,156,0203_1.jpg,0156_4.jpg,0
exploration,cross_variable_same,203,198,0203_1.jpg,0198_4.jpg,0
exploration,cross_variable_same,204,204,0204_1.jpg,0204_4.jpg,1
exploration,cross_variable_same,204,226,0204_1.jpg,0226_4.jpg,0
exploration,cross_variable_same,204,227,0204_1.jpg,0227_4.jpg,0
exploration,cross_variable_same,204,251,0204_1.jpg,0251_4.jpg,0
exploration,cross_variable_same,204,31,0204_1.jpg,0031_4.jpg,0
exploration,cross_variable_same,204,35,0204_1.jpg,0035_4.jpg,0
exploration,cross_variable_same,204,94,0204_1.jpg,0094_4.jpg,0
exploration,cross_variable_same,204,109,0204_1.jpg,0109_4.jpg,0
exploration,cross_variable_same,204,125,0204_1.jpg,0125_4.jpg,0
exploration,cross_variable_same,204,157,0204_1.jpg,0157_4.jpg,0
exploration,cross_variable_same,204,199,0204_1.jpg,0199_4.jpg,0
exploration,cross_variable_same,206,206,0206_1.jpg,0206_4.jpg,1
exploration,cross_variable_same,206,227,0206_1.jpg,0227_4.jpg,0
exploration,cross_variable_same,206,228,0206_1.jpg,0228_4.jpg,0
exploration,cross_variable_same,206,252,0206_1.jpg,0252_4.jpg,0
exploration,cross_variable_same,206,35,0206_1.jpg,0035_4.jpg,0
exploration,cross_variable_same,206,38,0206_1.jpg,0038_4.jpg,0
exploration,cross_variable_same,206,96,0206_1.jpg,0096_4.jpg,0
exploration,cross_variable_same,206,110,0206_1.jpg,0110_4.jpg,0
exploration,cross_variable_same,206,127,0206_1.jpg,0127_4.jpg,0
exploration,cross_variable_same,206,158,0206_1.jpg,0158_4.jpg,0
exploration,cross_variable_same,206,200,0206_1.jpg,0200_4.jpg,0
exploration,cross_variable_same,207,207,0207_1.jpg,0207_4.jpg,1
exploration,cross_variable_same,207,228,0207_1.jpg,0228_4.jpg,0
exploration,cross_variable_same,207,229,0207_1.jpg,0229_4.jpg,0
exploration,cross_variable_same,207,255,0207_1.jpg,0255_4.jpg,0
exploration,cross_variable_same,207,38,0207_1.jpg,0038_4.jpg,0
exploration,cross_variable_same,207,39,0207_1.jpg,0039_4.jpg,0
exploration,cross_variable_same,207,97,0207_1.jpg,0097_4.jpg,0
exploration,cross_variable_same,207,114,0207_1.jpg,0114_4.jpg,0
exploration,cross_variable_same,207,130,0207_1.jpg,0130_4.jpg,0
exploration,cross_variable_same,207,159,0207_1.jpg,0159_4.jpg,0
exploration,cross_variable_same,207,201,0207_1.jpg,0201_4.jpg,0
exploration,cross_variable_same,208,208,0208_1.jpg,0208_4.jpg,1
exploration,cross_variable_same,208,229,0208_1.jpg,0229_4.jpg,0
exploration,cross_variable_same,208,231,0208_1.jpg,0231_4.jpg,0
exploration,cross_variable_same,208,256,0208_1.jpg,0256_4.jpg,0
exploration,cross_variable_same,208,39,0208_1.jpg,0039_4.jpg,0
exploration,cross_variable_same,208,40,0208_1.jpg,0040_4.jpg,0
exploration,cross_variable_same,208,98,0208_1.jpg,0098_4.jpg,0
exploration,cross_variable_same,208,116,0208_1.jpg,0116_4.jpg,0
exploration,cross_variable_same,208,132,0208_1.jpg,0132_4.jpg,0
exploration,cross_variable_same,208,161,0208_1.jpg,0161_4.jpg,0
exploration,cross_variable_same,208,203,0208_1.jpg,0203_4.jpg,0
exploration,cross_variable_same,209,209,0209_1.jpg,0209_4.jpg,1
exploration,cross_variable_same,209,231,0209_1.jpg,0231_4.jpg,0
exploration,cross_variable_same,209,232,0209_1.jpg,0232_4.jpg,0
exploration,cross_variable_same,209,260,0209_1.jpg,0260_4.jpg,0
exploration,cross_variable_same,209,40,0209_1.jpg,0040_4.jpg,0
exploration,cross_variable_same,209,42,0209_1.jpg,0042_4.jpg,0
exploration,cross_variable_same,209,100,0209_1.jpg,0100_4.jpg,0
exploration,cross_variable_same,209,118,0209_1.jpg,0118_4.jpg,0
exploration,cross_variable_same,209,133,0209_1.jpg,0133_4.jpg,0
exploration,cross_variable_same,209,162,0209_1.jpg,0162_4.jpg,0
exploration,cross_variable_same,209,204,0209_1.jpg,0204_4.jpg,0
exploration,cross_variable_same,211,211,0211_1.jpg,0211_4.jpg,1
exploration,cross_variable_same,211,232,0211_1.jpg,0232_4.jpg,0
exploration,cross_variable_same,211,234,0211_1.jpg,0234_4.jpg,0
exploration,cross_variable_same,211,261,0211_1.jpg,0261_4.jpg,0
exploration,cross_variable_same,211,42,0211_1.jpg,0042_4.jpg,0
exploration,cross_variable_same,211,43,0211_1.jpg,0043_4.jpg,0
exploration,cross_variable_same,211,101,0211_1.jpg,0101_4.jpg,0
exploration,cross_variable_same,211,119,0211_1.jpg,0119_4.jpg,0
exploration,cross_variable_same,211,134,0211_1.jpg,0134_4.jpg,0
exploration,cross_variable_same,211,163,0211_1.jpg,0163_4.jpg,0
exploration,cross_variable_same,211,206,0211_1.jpg,0206_4.jpg,0
exploration,cross_variable_same,212,212,0212_1.jpg,0212_4.jpg,1
exploration,cross_variable_same,212,234,0212_1.jpg,0234_4.jpg,0
exploration,cross_variable_same,212,235,0212_1.jpg,0235_4.jpg,0
exploration,cross_variable_same,212,262,0212_1.jpg,0262_4.jpg,0
exploration,cross_variable_same,212,43,0212_1.jpg,0043_4.jpg,0
exploration,cross_variable_same,212,46,0212_1.jpg,0046_4.jpg,0
exploration,cross_variable_same,212,103,0212_1.jpg,0103_4.jpg,0
exploration,cross_variable_same,212,122,0212_1.jpg,0122_4.jpg,0
exploration,cross_variable_same,212,135,0212_1.jpg,0135_4.jpg,0
exploration,cross_variable_same,212,164,0212_1.jpg,0164_4.jpg,0
exploration,cross_variable_same,212,207,0212_1.jpg,0207_4.jpg,0
exploration,cross_variable_same,213,213,0213_1.jpg,0213_4.jpg,1
exploration,cross_variable_same,213,235,0213_1.jpg,0235_4.jpg,0
exploration,cross_variable_same,213,237,0213_1.jpg,0237_4.jpg,0
exploration,cross_variable_same,213,263,0213_1.jpg,0263_4.jpg,0
exploration,cross_variable_same,213,46,0213_1.jpg,0046_4.jpg,0
exploration,cross_variable_same,213,47,0213_1.jpg,0047_4.jpg,0
exploration,cross_variable_same,213,104,0213_1.jpg,0104_4.jpg,0
exploration,cross_variable_same,213,123,0213_1.jpg,0123_4.jpg,0
exploration,cross_variable_same,213,138,0213_1.jpg,0138_4.jpg,0
exploration,cross_variable_same,213,167,0213_1.jpg,0167_4.jpg,0
exploration,cross_variable_same,213,208,0213_1.jpg,0208_4.jpg,0
exploration,cross_variable_same,214,214,0214_1.jpg,0214_4.jpg,1
exploration,cross_variable_same,214,237,0214_1.jpg,0237_4.jpg,0
exploration,cross_variable_same,214,239,0214_1.jpg,0239_4.jpg,0
exploration,cross_variable_same,214,264,0214_1.jpg,0264_4.jpg,0
exploration,cross_variable_same,214,47,0214_1.jpg,0047_4.jpg,0
exploration,cross_variable_same,214,49,0214_1.jpg,0049_4.jpg,0
exploration,cross_variable_same,214,105,0214_1.jpg,0105_4.jpg,0
exploration,cross_variable_same,214,124,0214_1.jpg,0124_4.jpg,0
exploration,cross_variable_same,214,140,0214_1.jpg,0140_4.jpg,0
exploration,cross_variable_same,214,168,0214_1.jpg,0168_4.jpg,0
exploration,cross_variable_same,214,209,0214_1.jpg,0209_4.jpg,0
exploration,cross_variable_same,216,216,0216_1.jpg,0216_4.jpg,1
exploration,cross_variable_same,216,239,0216_1.jpg,0239_4.jpg,0
exploration,cross_variable_same,216,240,0216_1.jpg,0240_4.jpg,0
exploration,cross_variable_same,216,265,0216_1.jpg,0265_4.jpg,0
exploration,cross_variable_same,216,49,0216_1.jpg,0049_4.jpg,0
exploration,cross_variable_same,216,55,0216_1.jpg,0055_4.jpg,0
exploration,cross_variable_same,216,106,0216_1.jpg,0106_4.jpg,0
exploration,cross_variable_same,216,125,0216_1.jpg,0125_4.jpg,0
exploration,cross_variable_same,216,142,0216_1.jpg,0142_4.jpg,0
exploration,cross_variable_same,216,169,0216_1.jpg,0169_4.jpg,0
exploration,cross_variable_same,216,211,0216_1.jpg,0211_4.jpg,0
exploration,cross_variable_same,219,219,0219_1.jpg,0219_4.jpg,1
exploration,cross_variable_same,219,240,0219_1.jpg,0240_4.jpg,0
exploration,cross_variable_same,219,241,0219_1.jpg,0241_4.jpg,0
exploration,cross_variable_same,219,266,0219_1.jpg,0266_4.jpg,0
exploration,cross_variable_same,219,55,0219_1.jpg,0055_4.jpg,0
exploration,cross_variable_same,219,56,0219_1.jpg,0056_4.jpg,0
exploration,cross_variable_same,219,107,0219_1.jpg,0107_4.jpg,0
exploration,cross_variable_same,219,127,0219_1.jpg,0127_4.jpg,0
exploration,cross_variable_same,219,146,0219_1.jpg,0146_4.jpg,0
exploration,cross_variable_same,219,171,0219_1.jpg,0171_4.jpg,0
exploration,cross_variable_same,219,212,0219_1.jpg,0212_4.jpg,0
exploration,cross_variable_same,220,220,0220_1.jpg,0220_4.jpg,1
exploration,cross_variable_same,220,241,0220_1.jpg,0241_4.jpg,0
exploration,cross_variable_same,220,242,0220_1.jpg,0242_4.jpg,0
exploration,cross_variable_same,220,267,0220_1.jpg,0267_4.jpg,0
exploration,cross_variable_same,220,56,0220_1.jpg,0056_4.jpg,0
exploration,cross_variable_same,220,57,0220_1.jpg,0057_4.jpg,0
exploration,cross_variable_same,220,109,0220_1.jpg,0109_4.jpg,0
exploration,cross_variable_same,220,130,0220_1.jpg,0130_4.jpg,0
exploration,cross_variable_same,220,147,0220_1.jpg,0147_4.jpg,0
exploration,cross_variable_same,220,172,0220_1.jpg,0172_4.jpg,0
exploration,cross_variable_same,220,213,0220_1.jpg,0213_4.jpg,0
exploration,cross_variable_same,221,221,0221_1.jpg,0221_4.jpg,1
exploration,cross_variable_same,221,242,0221_1.jpg,0242_4.jpg,0
exploration,cross_variable_same,221,243,0221_1.jpg,0243_4.jpg,0
exploration,cross_variable_same,221,271,0221_1.jpg,0271_4.jpg,0
exploration,cross_variable_same,221,57,0221_1.jpg,0057_4.jpg,0
exploration,cross_variable_same,221,59,0221_1.jpg,0059_4.jpg,0
exploration,cross_variable_same,221,110,0221_1.jpg,0110_4.jpg,0
exploration,cross_variable_same,221,132,0221_1.jpg,0132_4.jpg,0
exploration,cross_variable_same,221,148,0221_1.jpg,0148_4.jpg,0
exploration,cross_variable_same,221,178,0221_1.jpg,0178_4.jpg,0
exploration,cross_variable_same,221,214,0221_1.jpg,0214_4.jpg,0
exploration,cross_variable_same,223,223,0223_1.jpg,0223_4.jpg,1
exploration,cross_variable_same,223,243,0223_1.jpg,0243_4.jpg,0
exploration,cross_variable_same,223,244,0223_1.jpg,0244_4.jpg,0
exploration,cross_variable_same,223,272,0223_1.jpg,0272_4.jpg,0
exploration,cross_variable_same,223,59,0223_1.jpg,0059_4.jpg,0
exploration,cross_variable_same,223,60,0223_1.jpg,0060_4.jpg,0
exploration,cross_variable_same,223,114,0223_1.jpg,0114_4.jpg,0
exploration,cross_variable_same,223,133,0223_1.jpg,0133_4.jpg,0
exploration,cross_variable_same,223,152,0223_1.jpg,0152_4.jpg,0
exploration,cross_variable_same,223,179,0223_1.jpg,0179_4.jpg,0
exploration,cross_variable_same,223,216,0223_1.jpg,0216_4.jpg,0
exploration,cross_variable_same,224,224,0224_1.jpg,0224_4.jpg,1
exploration,cross_variable_same,224,244,0224_1.jpg,0244_4.jpg,0
exploration,cross_variable_same,224,245,0224_1.jpg,0245_4.jpg,0
exploration,cross_variable_same,224,273,0224_1.jpg,0273_4.jpg,0
exploration,cross_variable_same,224,60,0224_1.jpg,0060_4.jpg,0
exploration,cross_variable_same,224,61,0224_1.jpg,0061_4.jpg,0
exploration,cross_variable_same,224,116,0224_1.jpg,0116_4.jpg,0
exploration,cross_variable_same,224,134,0224_1.jpg,0134_4.jpg,0
exploration,cross_variable_same,224,153,0224_1.jpg,0153_4.jpg,0
exploration,cross_variable_same,224,180,0224_1.jpg,0180_4.jpg,0
exploration,cross_variable_same,224,219,0224_1.jpg,0219_4.jpg,0
exploration,cross_variable_same,225,225,0225_1.jpg,0225_4.jpg,1
exploration,cross_variable_same,225,245,0225_1.jpg,0245_4.jpg,0
exploration,cross_variable_same,225,246,0225_1.jpg,0246_4.jpg,0
exploration,cross_variable_same,225,274,0225_1.jpg,0274_4.jpg,0
exploration,cross_variable_same,225,61,0225_1.jpg,0061_4.jpg,0
exploration,cross_variable_same,225,62,0225_1.jpg,0062_4.jpg,0
exploration,cross_variable_same,225,118,0225_1.jpg,0118_4.jpg,0
exploration,cross_variable_same,225,135,0225_1.jpg,0135_4.jpg,0
exploration,cross_variable_same,225,154,0225_1.jpg,0154_4.jpg,0
exploration,cross_variable_same,225,181,0225_1.jpg,0181_4.jpg,0
exploration,cross_variable_same,225,220,0225_1.jpg,0220_4.jpg,0
exploration,cross_variable_same,226,226,0226_1.jpg,0226_4.jpg,1
exploration,cross_variable_same,226,246,0226_1.jpg,0246_4.jpg,0
exploration,cross_variable_same,226,247,0226_1.jpg,0247_4.jpg,0
exploration,cross_variable_same,226,276,0226_1.jpg,0276_4.jpg,0
exploration,cross_variable_same,226,62,0226_1.jpg,0062_4.jpg,0
exploration,cross_variable_same,226,65,0226_1.jpg,0065_4.jpg,0
exploration,cross_variable_same,226,119,0226_1.jpg,0119_4.jpg,0
exploration,cross_variable_same,226,138,0226_1.jpg,0138_4.jpg,0
exploration,cross_variable_same,226,155,0226_1.jpg,0155_4.jpg,0
exploration,cross_variable_same,226,183,0226_1.jpg,0183_4.jpg,0
exploration,cross_variable_same,226,221,0226_1.jpg,0221_4.jpg,0
exploration,cross_variable_same,227,227,0227_1.jpg,0227_4.jpg,1
exploration,cross_variable_same,227,247,0227_1.jpg,0247_4.jpg,0
exploration,cross_variable_same,227,248,0227_1.jpg,0248_4.jpg,0
exploration,cross_variable_same,227,279,0227_1.jpg,0279_4.jpg,0
exploration,cross_variable_same,227,65,0227_1.jpg,0065_4.jpg,0
exploration,cross_variable_same,227,66,0227_1.jpg,0066_4.jpg,0
exploration,cross_variable_same,227,122,0227_1.jpg,0122_4.jpg,0
exploration,cross_variable_same,227,140,0227_1.jpg,0140_4.jpg,0
exploration,cross_variable_same,227,156,0227_1.jpg,0156_4.jpg,0
exploration,cross_variable_same,227,185,0227_1.jpg,0185_4.jpg,0
exploration,cross_variable_same,227,223,0227_1.jpg,0223_4.jpg,0
exploration,cross_variable_same,228,228,0228_1.jpg,0228_4.jpg,1
exploration,cross_variable_same,228,248,0228_1.jpg,0248_4.jpg,0
exploration,cross_variable_same,228,249,0228_1.jpg,0249_4.jpg,0
exploration,cross_variable_same,228,281,0228_1.jpg,0281_4.jpg,0
exploration,cross_variable_same,228,66,0228_1.jpg,0066_4.jpg,0
exploration,cross_variable_same,228,67,0228_1.jpg,0067_4.jpg,0
exploration,cross_variable_same,228,123,0228_1.jpg,0123_4.jpg,0
exploration,cross_variable_same,228,142,0228_1.jpg,0142_4.jpg,0
exploration,cross_variable_same,228,157,0228_1.jpg,0157_4.jpg,0
exploration,cross_variable_same,228,188,0228_1.jpg,0188_4.jpg,0
exploration,cross_variable_same,228,224,0228_1.jpg,0224_4.jpg,0
exploration,cross_variable_same,229,229,0229_1.jpg,0229_4.jpg,1
exploration,cross_variable_same,229,249,0229_1.jpg,0249_4.jpg,0
exploration,cross_variable_same,229,250,0229_1.jpg,0250_4.jpg,0
exploration,cross_variable_same,229,282,0229_1.jpg,0282_4.jpg,0
exploration,cross_variable_same,229,67,0229_1.jpg,0067_4.jpg,0
exploration,cross_variable_same,229,70,0229_1.jpg,0070_4.jpg,0
exploration,cross_variable_same,229,124,0229_1.jpg,0124_4.jpg,0
exploration,cross_variable_same,229,146,0229_1.jpg,0146_4.jpg,0
exploration,cross_variable_same,229,158,0229_1.jpg,0158_4.jpg,0
exploration,cross_variable_same,229,189,0229_1.jpg,0189_4.jpg,0
exploration,cross_variable_same,229,225,0229_1.jpg,0225_4.jpg,0
exploration,cross_variable_same,231,231,0231_1.jpg,0231_4.jpg,1
exploration,cross_variable_same,231,250,0231_1.jpg,0250_4.jpg,0
exploration,cross_variable_same,231,251,0231_1.jpg,0251_4.jpg,0
exploration,cross_variable_same,231,1,0231_1.jpg,0001_4.jpg,0
exploration,cross_variable_same,231,70,0231_1.jpg,0070_4.jpg,0
exploration,cross_variable_same,231,71,0231_1.jpg,0071_4.jpg,0
exploration,cross_variable_same,231,125,0231_1.jpg,0125_4.jpg,0
exploration,cross_variable_same,231,147,0231_1.jpg,0147_4.jpg,0
exploration,cross_variable_same,231,159,0231_1.jpg,0159_4.jpg,0
exploration,cross_variable_same,231,191,0231_1.jpg,0191_4.jpg,0
exploration,cross_variable_same,231,226,0231_1.jpg,0226_4.jpg,0
exploration,cross_variable_same,232,232,0232_1.jpg,0232_4.jpg,1
exploration,cross_variable_same,232,251,0232_1.jpg,0251_4.jpg,0
exploration,cross_variable_same,232,252,0232_1.jpg,0252_4.jpg,0
exploration,cross_variable_same,232,2,0232_1.jpg,0002_4.jpg,0
exploration,cross_variable_same,232,71,0232_1.jpg,0071_4.jpg,0
exploration,cross_variable_same,232,74,0232_1.jpg,0074_4.jpg,0
exploration,cross_variable_same,232,127,0232_1.jpg,0127_4.jpg,0
exploration,cross_variable_same,232,148,0232_1.jpg,0148_4.jpg,0
exploration,cross_variable_same,232,161,0232_1.jpg,0161_4.jpg,0
exploration,cross_variable_same,232,192,0232_1.jpg,0192_4.jpg,0
exploration,cross_variable_same,232,227,0232_1.jpg,0227_4.jpg,0
exploration,cross_variable_same,234,234,0234_1.jpg,0234_4.jpg,1
exploration,cross_variable_same,234,252,0234_1.jpg,0252_4.jpg,0
exploration,cross_variable_same,234,255,0234_1.jpg,0255_4.jpg,0
exploration,cross_variable_same,234,3,0234_1.jpg,0003_4.jpg,0
exploration,cross_variable_same,234,74,0234_1.jpg,0074_4.jpg,0
exploration,cross_variable_same,234,75,0234_1.jpg,0075_4.jpg,0
exploration,cross_variable_same,234,130,0234_1.jpg,0130_4.jpg,0
exploration,cross_variable_same,234,152,0234_1.jpg,0152_4.jpg,0
exploration,cross_variable_same,234,162,0234_1.jpg,0162_4.jpg,0
exploration,cross_variable_same,234,196,0234_1.jpg,0196_4.jpg,0
exploration,cross_variable_same,234,228,0234_1.jpg,0228_4.jpg,0
exploration,cross_variable_same,235,235,0235_1.jpg,0235_4.jpg,1
exploration,cross_variable_same,235,255,0235_1.jpg,0255_4.jpg,0
exploration,cross_variable_same,235,256,0235_1.jpg,0256_4.jpg,0
exploration,cross_variable_same,235,6,0235_1.jpg,0006_4.jpg,0
exploration,cross_variable_same,235,75,0235_1.jpg,0075_4.jpg,0
exploration,cross_variable_same,235,76,0235_1.jpg,0076_4.jpg,0
exploration,cross_variable_same,235,132,0235_1.jpg,0132_4.jpg,0
exploration,cross_variable_same,235,153,0235_1.jpg,0153_4.jpg,0
exploration,cross_variable_same,235,163,0235_1.jpg,0163_4.jpg,0
exploration,cross_variable_same,235,197,0235_1.jpg,0197_4.jpg,0
exploration,cross_variable_same,235,229,0235_1.jpg,0229_4.jpg,0
exploration,cross_variable_same,237,237,0237_1.jpg,0237_4.jpg,1
exploration,cross_variable_same,237,256,0237_1.jpg,0256_4.jpg,0
exploration,cross_variable_same,237,260,0237_1.jpg,0260_4.jpg,0
exploration,cross_variable_same,237,7,0237_1.jpg,0007_4.jpg,0
exploration,cross_variable_same,237,76,0237_1.jpg,0076_4.jpg,0
exploration,cross_variable_same,237,77,0237_1.jpg,0077_4.jpg,0
exploration,cross_variable_same,237,133,0237_1.jpg,0133_4.jpg,0
exploration,cross_variable_same,237,154,0237_1.jpg,0154_4.jpg,0
exploration,cross_variable_same,237,164,0237_1.jpg,0164_4.jpg,0
exploration,cross_variable_same,237,198,0237_1.jpg,0198_4.jpg,0
exploration,cross_variable_same,237,231,0237_1.jpg,0231_4.jpg,0
exploration,cross_variable_same,239,239,0239_1.jpg,0239_4.jpg,1
exploration,cross_variable_same,239,260,0239_1.jpg,0260_4.jpg,0
exploration,cross_variable_same,239,261,0239_1.jpg,0261_4.jpg,0
exploration,cross_variable_same,239,8,0239_1.jpg,0008_4.jpg,0
exploration,cross_variable_same,239,77,0239_1.jpg,0077_4.jpg,0
exploration,cross_variable_same,239,78,0239_1.jpg,0078_4.jpg,0
exploration,cross_variable_same,239,134,0239_1.jpg,0134_4.jpg,0
exploration,cross_variable_same,239,155,0239_1.jpg,0155_4.jpg,0
exploration,cross_variable_same,239,167,0239_1.jpg,0167_4.jpg,0
exploration,cross_variable_same,239,199,0239_1.jpg,0199_4.jpg,0
exploration,cross_variable_same,239,232,0239_1.jpg,0232_4.jpg,0
exploration,cross_variable_same,240,240,0240_1.jpg,0240_4.jpg,1
exploration,cross_variable_same,240,261,0240_1.jpg,0261_4.jpg,0
exploration,cross_variable_same,240,262,0240_1.jpg,0262_4.jpg,0
exploration,cross_variable_same,240,11,0240_1.jpg,0011_4.jpg,0
exploration,cross_variable_same,240,78,0240_1.jpg,0078_4.jpg,0
exploration,cross_variable_same,240,79,0240_1.jpg,0079_4.jpg,0
exploration,cross_variable_same,240,135,0240_1.jpg,0135_4.jpg,0
exploration,cross_variable_same,240,156,0240_1.jpg,0156_4.jpg,0
exploration,cross_variable_same,240,168,0240_1.jpg,0168_4.jpg,0
exploration,cross_variable_same,240,200,0240_1.jpg,0200_4.jpg,0
exploration,cross_variable_same,240,234,0240_1.jpg,0234_4.jpg,0
exploration,cross_variable_same,241,241,0241_1.jpg,0241_4.jpg,1
exploration,cross_variable_same,241,262,0241_1.jpg,0262_4.jpg,0
exploration,cross_variable_same,241,263,0241_1.jpg,0263_4.jpg,0
exploration,cross_variable_same,241,12,0241_1.jpg,0012_4.jpg,0
exploration,cross_variable_same,241,79,0241_1.jpg,0079_4.jpg,0
exploration,cross_variable_same,241,81,0241_1.jpg,0081_4.jpg,0
exploration,cross_variable_same,241,138,0241_1.jpg,0138_4.jpg,0
exploration,cross_variable_same,241,157,0241_1.jpg,0157_4.jpg,0
exploration,cross_variable_same,241,169,0241_1.jpg,0169_4.jpg,0
exploration,cross_variable_same,241,201,0241_1.jpg,0201_4.jpg,0
exploration,cross_variable_same,241,235,0241_1.jpg,0235_4.jpg,0
exploration,cross_variable_same,242,242,0242_1.jpg,0242_4.jpg,1
exploration,cross_variable_same,242,263,0242_1.jpg,0263_4.jpg,0
exploration,cross_variable_same,242,264,0242_1.jpg,0264_4.jpg,0
exploration,cross_variable_same,242,15,0242_1.jpg,0015_4.jpg,0
exploration,cross_variable_same,242,81,0242_1.jpg,0081_4.jpg,0
exploration,cross_variable_same,242,83,0242_1.jpg,0083_4.jpg,0
exploration,cross_variable_same,242,140,0242_1.jpg,0140_4.jpg,0
exploration,cross_variable_same,242,158,0242_1.jpg,0158_4.jpg,0
exploration,cross_variable_same,242,171,0242_1.jpg,0171_4.jpg,0
exploration,cross_variable_same,242,203,0242_1.jpg,0203_4.jpg,0
exploration,cross_variable_same,242,237,0242_1.jpg,0237_4.jpg,0
exploration,cross_variable_same,243,243,0243_1.jpg,0243_4.jpg,1
exploration,cross_variable_same,243,264,0243_1.jpg,0264_4.jpg,0
exploration,cross_variable_same,243,265,0243_1.jpg,0265_4.jpg,0
exploration,cross_variable_same,243,18,0243_1.jpg,0018_4.jpg,0
exploration,cross_variable_same,243,83,0243_1.jpg,0083_4.jpg,0
exploration,cross_variable_same,243,85,0243_1.jpg,0085_4.jpg,0
exploration,cross_variable_same,243,142,0243_1.jpg,0142_4.jpg,0
exploration,cross_variable_same,243,159,0243_1.jpg,0159_4.jpg,0
exploration,cross_variable_same,243,172,0243_1.jpg,0172_4.jpg,0
exploration,cross_variable_same,243,204,0243_1.jpg,0204_4.jpg,0
exploration,cross_variable_same,243,239,0243_1.jpg,0239_4.jpg,0
exploration,cross_variable_same,244,244,0244_1.jpg,0244_4.jpg,1
exploration,cross_variable_same,244,265,0244_1.jpg,0265_4.jpg,0
exploration,cross_variable_same,244,266,0244_1.jpg,0266_4.jpg,0
exploration,cross_variable_same,244,19,0244_1.jpg,0019_4.jpg,0
exploration,cross_variable_same,244,85,0244_1.jpg,0085_4.jpg,0
exploration,cross_variable_same,244,86,0244_1.jpg,0086_4.jpg,0
exploration,cross_variable_same,244,146,0244_1.jpg,0146_4.jpg,0
exploration,cross_variable_same,244,161,0244_1.jpg,0161_4.jpg,0
exploration,cross_variable_same,244,178,0244_1.jpg,0178_4.jpg,0
exploration,cross_variable_same,244,206,0244_1.jpg,0206_4.jpg,0
exploration,cross_variable_same,244,240,0244_1.jpg,0240_4.jpg,0
exploration,cross_variable_same,245,245,0245_1.jpg,0245_4.jpg,1
exploration,cross_variable_same,245,266,0245_1.jpg,0266_4.jpg,0
exploration,cross_variable_same,245,267,0245_1.jpg,0267_4.jpg,0
exploration,cross_variable_same,245,20,0245_1.jpg,0020_4.jpg,0
exploration,cross_variable_same,245,86,0245_1.jpg,0086_4.jpg,0
exploration,cross_variable_same,245,87,0245_1.jpg,0087_4.jpg,0
exploration,cross_variable_same,245,147,0245_1.jpg,0147_4.jpg,0
exploration,cross_variable_same,245,162,0245_1.jpg,0162_4.jpg,0
exploration,cross_variable_same,245,179,0245_1.jpg,0179_4.jpg,0
exploration,cross_variable_same,245,207,0245_1.jpg,0207_4.jpg,0
exploration,cross_variable_same,245,241,0245_1.jpg,0241_4.jpg,0
exploration,cross_variable_same,246,246,0246_1.jpg,0246_4.jpg,1
exploration,cross_variable_same,246,267,0246_1.jpg,0267_4.jpg,0
exploration,cross_variable_same,246,271,0246_1.jpg,0271_4.jpg,0
exploration,cross_variable_same,246,21,0246_1.jpg,0021_4.jpg,0
exploration,cross_variable_same,246,87,0246_1.jpg,0087_4.jpg,0
exploration,cross_variable_same,246,89,0246_1.jpg,0089_4.jpg,0
exploration,cross_variable_same,246,148,0246_1.jpg,0148_4.jpg,0
exploration,cross_variable_same,246,163,0246_1.jpg,0163_4.jpg,0
exploration,cross_variable_same,246,180,0246_1.jpg,0180_4.jpg,0
exploration,cross_variable_same,246,208,0246_1.jpg,0208_4.jpg,0
exploration,cross_variable_same,246,242,0246_1.jpg,0242_4.jpg,0
exploration,cross_variable_same,247,247,0247_1.jpg,0247_4.jpg,1
exploration,cross_variable_same,247,271,0247_1.jpg,0271_4.jpg,0
exploration,cross_variable_same,247,272,0247_1.jpg,0272_4.jpg,0
exploration,cross_variable_same,247,22,0247_1.jpg,0022_4.jpg,0
exploration,cross_variable_same,247,89,0247_1.jpg,0089_4.jpg,0
exploration,cross_variable_same,247,90,0247_1.jpg,0090_4.jpg,0
exploration,cross_variable_same,247,152,0247_1.jpg,0152_4.jpg,0
exploration,cross_variable_same,247,164,0247_1.jpg,0164_4.jpg,0
exploration,cross_variable_same,247,181,0247_1.jpg,0181_4.jpg,0
exploration,cross_variable_same,247,209,0247_1.jpg,0209_4.jpg,0
exploration,cross_variable_same,247,243,0247_1.jpg,0243_4.jpg,0
exploration,cross_variable_same,248,248,0248_1.jpg,0248_4.jpg,1
exploration,cross_variable_same,248,272,0248_1.jpg,0272_4.jpg,0
exploration,cross_variable_same,248,273,0248_1.jpg,0273_4.jpg,0
exploration,cross_variable_same,248,25,0248_1.jpg,0025_4.jpg,0
exploration,cross_variable_same,248,90,0248_1.jpg,0090_4.jpg,0
exploration,cross_variable_same,248,91,0248_1.jpg,0091_4.jpg,0
exploration,cross_variable_same,248,153,0248_1.jpg,0153_4.jpg,0
exploration,cross_variable_same,248,167,0248_1.jpg,0167_4.jpg,0
exploration,cross_variable_same,248,183,0248_1.jpg,0183_4.jpg,0
exploration,cross_variable_same,248,211,0248_1.jpg,0211_4.jpg,0
exploration,cross_variable_same,248,244,0248_1.jpg,0244_4.jpg,0
exploration,cross_variable_same,249,249,0249_1.jpg,0249_4.jpg,1
exploration,cross_variable_same,249,273,0249_1.jpg,0273_4.jpg,0
exploration,cross_variable_same,249,274,0249_1.jpg,0274_4.jpg,0
exploration,cross_variable_same,249,26,0249_1.jpg,0026_4.jpg,0
exploration,cross_variable_same,249,91,0249_1.jpg,0091_4.jpg,0
exploration,cross_variable_same,249,92,0249_1.jpg,0092_4.jpg,0
exploration,cross_variable_same,249,154,0249_1.jpg,0154_4.jpg,0
exploration,cross_variable_same,249,168,0249_1.jpg,0168_4.jpg,0
exploration,cross_variable_same,249,185,0249_1.jpg,0185_4.jpg,0
exploration,cross_variable_same,249,212,0249_1.jpg,0212_4.jpg,0
exploration,cross_variable_same,249,245,0249_1.jpg,0245_4.jpg,0
exploration,cross_variable_same,250,250,0250_1.jpg,0250_4.jpg,1
exploration,cross_variable_same,250,274,0250_1.jpg,0274_4.jpg,0
exploration,cross_variable_same,250,276,0250_1.jpg,0276_4.jpg,0
exploration,cross_variable_same,250,27,0250_1.jpg,0027_4.jpg,0
exploration,cross_variable_same,250,92,0250_1.jpg,0092_4.jpg,0
exploration,cross_variable_same,250,93,0250_1.jpg,0093_4.jpg,0
exploration,cross_variable_same,250,155,0250_1.jpg,0155_4.jpg,0
exploration,cross_variable_same,250,169,0250_1.jpg,0169_4.jpg,0
exploration,cross_variable_same,250,188,0250_1.jpg,0188_4.jpg,0
exploration,cross_variable_same,250,213,0250_1.jpg,0213_4.jpg,0
exploration,cross_variable_same,250,246,0250_1.jpg,0246_4.jpg,0
exploration,cross_variable_same,251,251,0251_1.jpg,0251_4.jpg,1
exploration,cross_variable_same,251,276,0251_1.jpg,0276_4.jpg,0
exploration,cross_variable_same,251,279,0251_1.jpg,0279_4.jpg,0
exploration,cross_variable_same,251,29,0251_1.jpg,0029_4.jpg,0
exploration,cross_variable_same,251,93,0251_1.jpg,0093_4.jpg,0
exploration,cross_variable_same,251,94,0251_1.jpg,0094_4.jpg,0
exploration,cross_variable_same,251,156,0251_1.jpg,0156_4.jpg,0
exploration,cross_variable_same,251,171,0251_1.jpg,0171_4.jpg,0
exploration,cross_variable_same,251,189,0251_1.jpg,0189_4.jpg,0
exploration,cross_variable_same,251,214,0251_1.jpg,0214_4.jpg,0
exploration,cross_variable_same,251,247,0251_1.jpg,0247_4.jpg,0
exploration,cross_variable_same,252,252,0252_1.jpg,0252_4.jpg,1
exploration,cross_variable_same,252,279,0252_1.jpg,0279_4.jpg,0
exploration,cross_variable_same,252,281,0252_1.jpg,0281_4.jpg,0
exploration,cross_variable_same,252,30,0252_1.jpg,0030_4.jpg,0
exploration,cross_variable_same,252,94,0252_1.jpg,0094_4.jpg,0
exploration,cross_variable_same,252,96,0252_1.jpg,0096_4.jpg,0
exploration,cross_variable_same,252,157,0252_1.jpg,0157_4.jpg,0
exploration,cross_variable_same,252,172,0252_1.jpg,0172_4.jpg,0
exploration,cross_variable_same,252,191,0252_1.jpg,0191_4.jpg,0
exploration,cross_variable_same,252,216,0252_1.jpg,0216_4.jpg,0
exploration,cross_variable_same,252,248,0252_1.jpg,0248_4.jpg,0
exploration,cross_variable_same,255,255,0255_1.jpg,0255_4.jpg,1
exploration,cross_variable_same,255,281,0255_1.jpg,0281_4.jpg,0
exploration,cross_variable_same,255,282,0255_1.jpg,0282_4.jpg,0
exploration,cross_variable_same,255,31,0255_1.jpg,0031_4.jpg,0
exploration,cross_variable_same,255,96,0255_1.jpg,0096_4.jpg,0
exploration,cross_variable_same,255,97,0255_1.jpg,0097_4.jpg,0
exploration,cross_variable_same,255,158,0255_1.jpg,0158_4.jpg,0
exploration,cross_variable_same,255,178,0255_1.jpg,0178_4.jpg,0
exploration,cross_variable_same,255,192,0255_1.jpg,0192_4.jpg,0
exploration,cross_variable_same,255,219,0255_1.jpg,0219_4.jpg,0
exploration,cross_variable_same,255,249,0255_1.jpg,0249_4.jpg,0
exploration,cross_variable_same,256,256,0256_1.jpg,0256_4.jpg,1
exploration,cross_variable_same,256,282,0256_1.jpg,0282_4.jpg,0
exploration,cross_variable_same,256,1,0256_1.jpg,0001_4.jpg,0
exploration,cross_variable_same,256,35,0256_1.jpg,0035_4.jpg,0
exploration,cross_variable_same,256,97,0256_1.jpg,0097_4.jpg,0
exploration,cross_variable_same,256,98,0256_1.jpg,0098_4.jpg,0
exploration,cross_variable_same,256,159,0256_1.jpg,0159_4.jpg,0
exploration,cross_variable_same,256,179,0256_1.jpg,0179_4.jpg,0
exploration,cross_variable_same,256,196,0256_1.jpg,0196_4.jpg,0
exploration,cross_variable_same,256,220,0256_1.jpg,0220_4.jpg,0
exploration,cross_variable_same,256,250,0256_1.jpg,0250_4.jpg,0
exploration,cross_variable_same,260,260,0260_1.jpg,0260_4.jpg,1
exploration,cross_variable_same,260,1,0260_1.jpg,0001_4.jpg,0
exploration,cross_variable_same,260,2,0260_1.jpg,0002_4.jpg,0
exploration,cross_variable_same,260,38,0260_1.jpg,0038_4.jpg,0
exploration,cross_variable_same,260,98,0260_1.jpg,0098_4.jpg,0
exploration,cross_variable_same,260,100,0260_1.jpg,0100_4.jpg,0
exploration,cross_variable_same,260,161,0260_1.jpg,0161_4.jpg,0
exploration,cross_variable_same,260,180,0260_1.jpg,0180_4.jpg,0
exploration,cross_variable_same,260,197,0260_1.jpg,0197_4.jpg,0
exploration,cross_variable_same,260,221,0260_1.jpg,0221_4.jpg,0
exploration,cross_variable_same,260,251,0260_1.jpg,0251_4.jpg,0
exploration,cross_variable_same,261,261,0261_1.jpg,0261_4.jpg,1
exploration,cross_variable_same,261,2,0261_1.jpg,0002_4.jpg,0
exploration,cross_variable_same,261,3,0261_1.jpg,0003_4.jpg,0
exploration,cross_variable_same,261,39,0261_1.jpg,0039_4.jpg,0
exploration,cross_variable_same,261,100,0261_1.jpg,0100_4.jpg,0
exploration,cross_variable_same,261,101,0261_1.jpg,0101_4.jpg,0
exploration,cross_variable_same,261,162,0261_1.jpg,0162_4.jpg,0
exploration,cross_variable_same,261,181,0261_1.jpg,0181_4.jpg,0
exploration,cross_variable_same,261,198,0261_1.jpg,0198_4.jpg,0
exploration,cross_variable_same,261,223,0261_1.jpg,0223_4.jpg,0
exploration,cross_variable_same,261,252,0261_1.jpg,0252_4.jpg,0
exploration,cross_variable_same,262,262,0262_1.jpg,0262_4.jpg,1
exploration,cross_variable_same,262,3,0262_1.jpg,0003_4.jpg,0
exploration,cross_variable_same,262,6,0262_1.jpg,0006_4.jpg,0
exploration,cross_variable_same,262,40,0262_1.jpg,0040_4.jpg,0
exploration,cross_variable_same,262,101,0262_1.jpg,0101_4.jpg,0
exploration,cross_variable_same,262,103,0262_1.jpg,0103_4.jpg,0
exploration,cross_variable_same,262,163,0262_1.jpg,0163_4.jpg,0
exploration,cross_variable_same,262,183,0262_1.jpg,0183_4.jpg,0
exploration,cross_variable_same,262,199,0262_1.jpg,0199_4.jpg,0
exploration,cross_variable_same,262,224,0262_1.jpg,0224_4.jpg,0
exploration,cross_variable_same,262,255,0262_1.jpg,0255_4.jpg,0
exploration,cross_variable_same,263,263,0263_1.jpg,0263_4.jpg,1
exploration,cross_variable_same,263,6,0263_1.jpg,0006_4.jpg,0
exploration,cross_variable_same,263,7,0263_1.jpg,0007_4.jpg,0
exploration,cross_variable_same,263,42,0263_1.jpg,0042_4.jpg,0
exploration,cross_variable_same,263,103,0263_1.jpg,0103_4.jpg,0
exploration,cross_variable_same,263,104,0263_1.jpg,0104_4.jpg,0
exploration,cross_variable_same,263,164,0263_1.jpg,0164_4.jpg,0
exploration,cross_variable_same,263,185,0263_1.jpg,0185_4.jpg,0
exploration,cross_variable_same,263,200,0263_1.jpg,0200_4.jpg,0
exploration,cross_variable_same,263,225,0263_1.jpg,0225_4.jpg,0
exploration,cross_variable_same,263,256,0263_1.jpg,0256_4.jpg,0
exploration,cross_variable_same,264,264,0264_1.jpg,0264_4.jpg,1
exploration,cross_variable_same,264,7,0264_1.jpg,0007_4.jpg,0
exploration,cross_variable_same,264,8,0264_1.jpg,0008_4.jpg,0
exploration,cross_variable_same,264,43,0264_1.jpg,0043_4.jpg,0
exploration,cross_variable_same,264,104,0264_1.jpg,0104_4.jpg,0
exploration,cross_variable_same,264,105,0264_1.jpg,0105_4.jpg,0
exploration,cross_variable_same,264,167,0264_1.jpg,0167_4.jpg,0
exploration,cross_variable_same,264,188,0264_1.jpg,0188_4.jpg,0
exploration,cross_variable_same,264,201,0264_1.jpg,0201_4.jpg,0
exploration,cross_variable_same,264,226,0264_1.jpg,0226_4.jpg,0
exploration,cross_variable_same,264,260,0264_1.jpg,0260_4.jpg,0
exploration,cross_variable_same,265,265,0265_1.jpg,0265_4.jpg,1
exploration,cross_variable_same,265,8,0265_1.jpg,0008_4.jpg,0
exploration,cross_variable_same,265,11,0265_1.jpg,0011_4.jpg,0
exploration,cross_variable_same,265,46,0265_1.jpg,0046_4.jpg,0
exploration,cross_variable_same,265,105,0265_1.jpg,0105_4.jpg,0
exploration,cross_variable_same,265,106,0265_1.jpg,0106_4.jpg,0
exploration,cross_variable_same,265,168,0265_1.jpg,0168_4.jpg,0
exploration,cross_variable_same,265,189,0265_1.jpg,0189_4.jpg,0
exploration,cross_variable_same,265,203,0265_1.jpg,0203_4.jpg,0
exploration,cross_variable_same,265,227,0265_1.jpg,0227_4.jpg,0
exploration,cross_variable_same,265,261,0265_1.jpg,0261_4.jpg,0
exploration,cross_variable_same,266,266,0266_1.jpg,0266_4.jpg,1
exploration,cross_variable_same,266,11,0266_1.jpg,0011_4.jpg,0
exploration,cross_variable_same,266,12,0266_1.jpg,0012_4.jpg,0
exploration,cross_variable_same,266,47,0266_1.jpg,0047_4.jpg,0
exploration,cross_variable_same,266,106,0266_1.jpg,0106_4.jpg,0
exploration,cross_variable_same,266,107,0266_1.jpg,0107_4.jpg,0
exploration,cross_variable_same,266,169,0266_1.jpg,0169_4.jpg,0
exploration,cross_variable_same,266,191,0266_1.jpg,0191_4.jpg,0
exploration,cross_variable_same,266,204,0266_1.jpg,0204_4.jpg,0
exploration,cross_variable_same,266,228,0266_1.jpg,0228_4.jpg,0
exploration,cross_variable_same,266,262,0266_1.jpg,0262_4.jpg,0
exploration,cross_variable_same,267,267,0267_1.jpg,0267_4.jpg,1
exploration,cross_variable_same,267,12,0267_1.jpg,0012_4.jpg,0
exploration,cross_variable_same,267,15,0267_1.jpg,0015_4.jpg,0
exploration,cross_variable_same,267,49,0267_1.jpg,0049_4.jpg,0
exploration,cross_variable_same,267,107,0267_1.jpg,0107_4.jpg,0
exploration,cross_variable_same,267,109,0267_1.jpg,0109_4.jpg,0
exploration,cross_variable_same,267,171,0267_1.jpg,0171_4.jpg,0
exploration,cross_variable_same,267,192,0267_1.jpg,0192_4.jpg,0
exploration,cross_variable_same,267,206,0267_1.jpg,0206_4.jpg,0
exploration,cross_variable_same,267,229,0267_1.jpg,0229_4.jpg,0
exploration,cross_variable_same,267,263,0267_1.jpg,0263_4.jpg,0
exploration,cross_variable_same,271,271,0271_1.jpg,0271_4.jpg,1
exploration,cross_variable_same,271,15,0271_1.jpg,0015_4.jpg,0
exploration,cross_variable_same,271,18,0271_1.jpg,0018_4.jpg,0
exploration,cross_variable_same,271,55,0271_1.jpg,0055_4.jpg,0
exploration,cross_variable_same,271,109,0271_1.jpg,0109_4.jpg,0
exploration,cross_variable_same,271,110,0271_1.jpg,0110_4.jpg,0
exploration,cross_variable_same,271,172,0271_1.jpg,0172_4.jpg,0
exploration,cross_variable_same,271,196,0271_1.jpg,0196_4.jpg,0
exploration,cross_variable_same,271,207,0271_1.jpg,0207_4.jpg,0
exploration,cross_variable_same,271,231,0271_1.jpg,0231_4.jpg,0
exploration,cross_variable_same,271,264,0271_1.jpg,0264_4.jpg,0
exploration,cross_variable_same,272,272,0272_1.jpg,0272_4.jpg,1
exploration,cross_variable_same,272,18,0272_1.jpg,0018_4.jpg,0
exploration,cross_variable_same,272,19,0272_1.jpg,0019_4.jpg,0
exploration,cross_variable_same,272,56,0272_1.jpg,0056_4.jpg,0
exploration,cross_variable_same,272,110,0272_1.jpg,0110_4.jpg,0
exploration,cross_variable_same,272,114,0272_1.jpg,0114_4.jpg,0
exploration,cross_variable_same,272,178,0272_1.jpg,0178_4.jpg,0
exploration,cross_variable_same,272,197,0272_1.jpg,0197_4.jpg,0
exploration,cross_variable_same,272,208,0272_1.jpg,0208_4.jpg,0
exploration,cross_variable_same,272,232,0272_1.jpg,0232_4.jpg,0
exploration,cross_variable_same,272,265,0272_1.jpg,0265_4.jpg,0
exploration,cross_variable_same,273,273,0273_1.jpg,0273_4.jpg,1
exploration,cross_variable_same,273,19,0273_1.jpg,0019_4.jpg,0
exploration,cross_variable_same,273,20,0273_1.jpg,0020_4.jpg,0
exploration,cross_variable_same,273,57,0273_1.jpg,0057_4.jpg,0
exploration,cross_variable_same,273,114,0273_1.jpg,0114_4.jpg,0
exploration,cross_variable_same,273,116,0273_1.jpg,0116_4.jpg,0
exploration,cross_variable_same,273,179,0273_1.jpg,0179_4.jpg,0
exploration,cross_variable_same,273,198,0273_1.jpg,0198_4.jpg,0
exploration,cross_variable_same,273,209,0273_1.jpg,0209_4.jpg,0
exploration,cross_variable_same,273,234,0273_1.jpg,0234_4.jpg,0
exploration,cross_variable_same,273,266,0273_1.jpg,0266_4.jpg,0
exploration,cross_variable_same,274,274,0274_1.jpg,0274_4.jpg,1
exploration,cross_variable_same,274,20,0274_1.jpg,0020_4.jpg,0
exploration,cross_variable_same,274,21,0274_1.jpg,0021_4.jpg,0
exploration,cross_variable_same,274,59,0274_1.jpg,0059_4.jpg,0
exploration,cross_variable_same,274,116,0274_1.jpg,0116_4.jpg,0
exploration,cross_variable_same,274,118,0274_1.jpg,0118_4.jpg,0
exploration,cross_variable_same,274,180,0274_1.jpg,0180_4.jpg,0
exploration,cross_variable_same,274,199,0274_1.jpg,0199_4.jpg,0
exploration,cross_variable_same,274,211,0274_1.jpg,0211_4.jpg,0
exploration,cross_variable_same,274,235,0274_1.jpg,0235_4.jpg,0
exploration,cross_variable_same,274,267,0274_1.jpg,0267_4.jpg,0
exploration,cross_variable_same,276,276,0276_1.jpg,0276_4.jpg,1
exploration,cross_variable_same,276,21,0276_1.jpg,0021_4.jpg,0
exploration,cross_variable_same,276,22,0276_1.jpg,0022_4.jpg,0
exploration,cross_variable_same,276,60,0276_1.jpg,0060_4.jpg,0
exploration,cross_variable_same,276,118,0276_1.jpg,0118_4.jpg,0
exploration,cross_variable_same,276,119,0276_1.jpg,0119_4.jpg,0
exploration,cross_variable_same,276,181,0276_1.jpg,0181_4.jpg,0
exploration,cross_variable_same,276,200,0276_1.jpg,0200_4.jpg,0
exploration,cross_variable_same,276,212,0276_1.jpg,0212_4.jpg,0
exploration,cross_variable_same,276,237,0276_1.jpg,0237_4.jpg,0
exploration,cross_variable_same,276,271,0276_1.jpg,0271_4.jpg,0
exploration,cross_variable_same,279,279,0279_1.jpg,0279_4.jpg,1
exploration,cross_variable_same,279,22,0279_1.jpg,0022_4.jpg,0
exploration,cross_variable_same,279,25,0279_1.jpg,0025_4.jpg,0
exploration,cross_variable_same,279,61,0279_1.jpg,0061_4.jpg,0
exploration,cross_variable_same,279,119,0279_1.jpg,0119_4.jpg,0
exploration,cross_variable_same,279,122,0279_1.jpg,0122_4.jpg,0
exploration,cross_variable_same,279,183,0279_1.jpg,0183_4.jpg,0
exploration,cross_variable_same,279,201,0279_1.jpg,0201_4.jpg,0
exploration,cross_variable_same,279,213,0279_1.jpg,0213_4.jpg,0
exploration,cross_variable_same,279,239,0279_1.jpg,0239_4.jpg,0
exploration,cross_variable_same,279,272,0279_1.jpg,0272_4.jpg,0
exploration,cross_variable_same,281,281,0281_1.jpg,0281_4.jpg,1
exploration,cross_variable_same,281,25,0281_1.jpg,0025_4.jpg,0
exploration,cross_variable_same,281,26,0281_1.jpg,0026_4.jpg,0
exploration,cross_variable_same,281,62,0281_1.jpg,0062_4.jpg,0
exploration,cross_variable_same,281,122,0281_1.jpg,0122_4.jpg,0
exploration,cross_variable_same,281,123,0281_1.jpg,0123_4.jpg,0
exploration,cross_variable_same,281,185,0281_1.jpg,0185_4.jpg,0
exploration,cross_variable_same,281,203,0281_1.jpg,0203_4.jpg,0
exploration,cross_variable_same,281,214,0281_1.jpg,0214_4.jpg,0
exploration,cross_variable_same,281,240,0281_1.jpg,0240_4.jpg,0
exploration,cross_variable_same,281,273,0281_1.jpg,0273_4.jpg,0
exploration,cross_variable_same,282,282,0282_1.jpg,0282_4.jpg,1
exploration,cross_variable_same,282,26,0282_1.jpg,0026_4.jpg,0
exploration,cross_variable_same,282,27,0282_1.jpg,0027_4.jpg,0
exploration,cross_variable_same,282,65,0282_1.jpg,0065_4.jpg,0
exploration,cross_variable_same,282,123,0282_1.jpg,0123_4.jpg,0
exploration,cross_variable_same,282,124,0282_1.jpg,0124_4.jpg,0
exploration,cross_variable_same,282,188,0282_1.jpg,0188_4.jpg,0
exploration,cross_variable_same,282,204,0282_1.jpg,0204_4.jpg,0
exploration,cross_variable_same,282,216,0282_1.jpg,0216_4.jpg,0
exploration,cross_variable_same,282,241,0282_1.jpg,0241_4.jpg,0
exploration,cross_variable_same,282,274,0282_1.jpg,0274_4.jpg,0
exploration,cross_same_variable,1,1,0001_2.jpg,0001_3.jpg,1
exploration,cross_same_variable,1,27,0001_2.jpg,0027_3.jpg,0
exploration,cross_same_variable,1,29,0001_2.jpg,0029_3.jpg,0
exploration,cross_same_variable,1,66,0001_2.jpg,0066_3.jpg,0
exploration,cross_same_variable,1,124,0001_2.jpg,0124_3.jpg,0
exploration,cross_same_variable,1,125,0001_2.jpg,0125_3.jpg,0
exploration,cross_same_variable,1,189,0001_2.jpg,0189_3.jpg,0
exploration,cross_same_variable,1,206,0001_2.jpg,0206_3.jpg,0
exploration,cross_same_variable,1,219,0001_2.jpg,0219_3.jpg,0
exploration,cross_same_variable,1,242,0001_2.jpg,0242_3.jpg,0
exploration,cross_same_variable,1,276,0001_2.jpg,0276_3.jpg,0
exploration,cross_same_variable,2,2,0002_2.jpg,0002_3.jpg,1
exploration,cross_same_variable,2,29,0002_2.jpg,0029_3.jpg,0
exploration,cross_same_variable,2,30,0002_2.jpg,0030_3.jpg,0
exploration,cross_same_variable,2,67,0002_2.jpg,0067_3.jpg,0
exploration,cross_same_variable,2,125,0002_2.jpg,0125_3.jpg,0
exploration,cross_same_variable,2,127,0002_2.jpg,0127_3.jpg,0
exploration,cross_same_variable,2,191,0002_2.jpg,0191_3.jpg,0
exploration,cross_same_variable,2,207,0002_2.jpg,0207_3.jpg,0
exploration,cross_same_variable,2,220,0002_2.jpg,0220_3.jpg,0
exploration,cross_same_variable,2,243,0002_2.jpg,0243_3.jpg,0
exploration,cross_same_variable,2,279,0002_2.jpg,0279_3.jpg,0
exploration,cross_same_variable,3,3,0003_2.jpg,0003_3.jpg,1
exploration,cross_same_variable,3,30,0003_2.jpg,0030_3.jpg,0
exploration,cross_same_variable,3,31,0003_2.jpg,0031_3.jpg,0
exploration,cross_same_variable,3,70,0003_2.jpg,0070_3.jpg,0
exploration,cross_same_variable,3,127,0003_2.jpg,0127_3.jpg,0
exploration,cross_same_variable,3,130,0003_2.jpg,0130_3.jpg,0
exploration,cross_same_variable,3,192,0003_2.jpg,0192_3.jpg,0
exploration,cross_same_variable,3,208,0003_2.jpg,0208_3.jpg,0
exploration,cross_same_variable,3,221,0003_2.jpg,0221_3.jpg,0
exploration,cross_same_variable,3,244,0003_2.jpg,0244_3.jpg,0
exploration,cross_same_variable,3,281,0003_2.jpg,0281_3.jpg,0
exploration,cross_same_variable,6,6,0006_2.jpg,0006_3.jpg,1
exploration,cross_same_variable,6,31,0006_2.jpg,0031_3.jpg,0
exploration,cross_same_variable,6,35,0006_2.jpg,0035_3.jpg,0
exploration,cross_same_variable,6,71,0006_2.jpg,0071_3.jpg,0
exploration,cross_same_variable,6,130,0006_2.jpg,0130_3.jpg,0
exploration,cross_same_variable,6,132,0006_2.jpg,0132_3.jpg,0
exploration,cross_same_variable,6,196,0006_2.jpg,0196_3.jpg,0
exploration,cross_same_variable,6,209,0006_2.jpg,0209_3.jpg,0
exploration,cross_same_variable,6,223,0006_2.jpg,0223_3.jpg,0
exploration,cross_same_variable,6,245,0006_2.jpg,0245_3.jpg,0
exploration,cross_same_variable,6,282,0006_2.jpg,0282_3.jpg,0
exploration,cross_same_variable,7,7,0007_2.jpg,0007_3.jpg,1
exploration,cross_same_variable,7,35,0007_2.jpg,0035_3.jpg,0
exploration,cross_same_variable,7,38,0007_2.jpg,0038_3.jpg,0
exploration,cross_same_variable,7,74,0007_2.jpg,0074_3.jpg,0
exploration,cross_same_variable,7,132,0007_2.jpg,0132_3.jpg,0
exploration,cross_same_variable,7,133,0007_2.jpg,0133_3.jpg,0
exploration,cross_same_variable,7,197,0007_2.jpg,0197_3.jpg,0
exploration,cross_same_variable,7,211,0007_2.jpg,0211_3.jpg,0
exploration,cross_same_variable,7,224,0007_2.jpg,0224_3.jpg,0
exploration,cross_same_variable,7,246,0007_2.jpg,0246_3.jpg,0
exploration,cross_same_variable,7,1,0007_2.jpg,0001_3.jpg,0
exploration,cross_same_variable,8,8,0008_2.jpg,0008_3.jpg,1
exploration,cross_same_variable,8,38,0008_2.jpg,0038_3.jpg,0
exploration,cross_same_variable,8,39,0008_2.jpg,0039_3.jpg,0
exploration,cross_same_variable,8,75,0008_2.jpg,0075_3.jpg,0
exploration,cross_same_variable,8,133,0008_2.jpg,0133_3.jpg,0
exploration,cross_same_variable,8,134,0008_2.jpg,0134_3.jpg,0
exploration,cross_same_variable,8,198,0008_2.jpg,0198_3.jpg,0
exploration,cross_same_variable,8,212,0008_2.jpg,0212_3.jpg,0
exploration,cross_same_variable,8,225,0008_2.jpg,0225_3.jpg,0
exploration,cross_same_variable,8,247,0008_2.jpg,0247_3.jpg,0
exploration,cross_same_variable,8,2,0008_2.jpg,0002_3.jpg,0
exploration,cross_same_variable,11,11,0011_2.jpg,0011_3.jpg,1
exploration,cross_same_variable,11,39,0011_2.jpg,0039_3.jpg,0
exploration,cross_same_variable,11,40,0011_2.jpg,0040_3.jpg,0
exploration,cross_same_variable,11,76,0011_2.jpg,0076_3.jpg,0
exploration,cross_same_variable,11,134,0011_2.jpg,0134_3.jpg,0
exploration,cross_same_variable,11,135,0011_2.jpg,0135_3.jpg,0
exploration,cross_same_variable,11,199,0011_2.jpg,0199_3.jpg,0
exploration,cross_same_variable,11,213,0011_2.jpg,0213_3.jpg,0
exploration,cross_same_variable,11,226,0011_2.jpg,0226_3.jpg,0
exploration,cross_same_variable,11,248,0011_2.jpg,0248_3.jpg,0
exploration,cross_same_variable,11,3,0011_2.jpg,0003_3.jpg,0
exploration,cross_same_variable,12,12,0012_2.jpg,0012_3.jpg,1
exploration,cross_same_variable,12,40,0012_2.jpg,0040_3.jpg,0
exploration,cross_same_variable,12,42,0012_2.jpg,0042_3.jpg,0
exploration,cross_same_variable,12,77,0012_2.jpg,0077_3.jpg,0
exploration,cross_same_variable,12,135,0012_2.jpg,0135_3.jpg,0
exploration,cross_same_variable,12,138,0012_2.jpg,0138_3.jpg,0
exploration,cross_same_variable,12,200,0012_2.jpg,0200_3.jpg,0
exploration,cross_same_variable,12,214,0012_2.jpg,0214_3.jpg,0
exploration,cross_same_variable,12,227,0012_2.jpg,0227_3.jpg,0
exploration,cross_same_variable,12,249,0012_2.jpg,0249_3.jpg,0
exploration,cross_same_variable,12,6,0012_2.jpg,0006_3.jpg,0
exploration,cross_same_variable,15,15,0015_2.jpg,0015_3.jpg,1
exploration,cross_same_variable,15,42,0015_2.jpg,0042_3.jpg,0
exploration,cross_same_variable,15,43,0015_2.jpg,0043_3.jpg,0
exploration,cross_same_variable,15,78,0015_2.jpg,0078_3.jpg,0
exploration,cross_same_variable,15,138,0015_2.jpg,0138_3.jpg,0
exploration,cross_same_variable,15,140,0015_2.jpg,0140_3.jpg,0
exploration,cross_same_variable,15,201,0015_2.jpg,0201_3.jpg,0
exploration,cross_same_variable,15,216,0015_2.jpg,0216_3.jpg,0
exploration,cross_same_variable,15,228,0015_2.jpg,0228_3.jpg,0
exploration,cross_same_variable,15,250,0015_2.jpg,0250_3.jpg,0
exploration,cross_same_variable,15,7,0015_2.jpg,0007_3.jpg,0
exploration,cross_same_variable,18,18,0018_2.jpg,0018_3.jpg,1
exploration,cross_same_variable,18,43,0018_2.jpg,0043_3.jpg,0
exploration,cross_same_variable,18,46,0018_2.jpg,0046_3.jpg,0
exploration,cross_same_variable,18,79,0018_2.jpg,0079_3.jpg,0
exploration,cross_same_variable,18,140,0018_2.jpg,0140_3.jpg,0
exploration,cross_same_variable,18,142,0018_2.jpg,0142_3.jpg,0
exploration,cross_same_variable,18,203,0018_2.jpg,0203_3.jpg,0
exploration,cross_same_variable,18,219,0018_2.jpg,0219_3.jpg,0
exploration,cross_same_variable,18,229,0018_2.jpg,0229_3.jpg,0
exploration,cross_same_variable,18,251,0018_2.jpg,0251_3.jpg,0
exploration,cross_same_variable,18,8,0018_2.jpg,0008_3.jpg,0
exploration,cross_same_variable,19,19,0019_2.jpg,0019_3.jpg,1
exploration,cross_same_variable,19,46,0019_2.jpg,0046_3.jpg,0
exploration,cross_same_variable,19,47,0019_2.jpg,0047_3.jpg,0
exploration,cross_same_variable,19,81,0019_2.jpg,0081_3.jpg,0
exploration,cross_same_variable,19,142,0019_2.jpg,0142_3.jpg,0
exploration,cross_same_variable,19,146,0019_2.jpg,0146_3.jpg,0
exploration,cross_same_variable,19,204,0019_2.jpg,0204_3.jpg,0
exploration,cross_same_variable,19,220,0019_2.jpg,0220_3.jpg,0
exploration,cross_same_variable,19,231,0019_2.jpg,0231_3.jpg,0
exploration,cross_same_variable,19,252,0019_2.jpg,0252_3.jpg,0
exploration,cross_same_variable,19,11,0019_2.jpg,0011_3.jpg,0
exploration,cross_same_variable,20,20,0020_2.jpg,0020_3.jpg,1
exploration,cross_same_variable,20,47,0020_2.jpg,0047_3.jpg,0
exploration,cross_same_variable,20,49,0020_2.jpg,0049_3.jpg,0
exploration,cross_same_variable,20,83,0020_2.jpg,0083_3.jpg,0
exploration,cross_same_variable,20,146,0020_2.jpg,0146_3.jpg,0
exploration,cross_same_variable,20,147,0020_2.jpg,0147_3.jpg,0
exploration,cross_same_variable,20,206,0020_2.jpg,0206_3.jpg,0
exploration,cross_same_variable,20,221,0020_2.jpg,0221_3.jpg,0
exploration,cross_same_variable,20,232,0020_2.jpg,0232_3.jpg,0
exploration,cross_same_variable,20,255,0020_2.jpg,0255_3.jpg,0
exploration,cross_same_variable,20,12,0020_2.jpg,0012_3.jpg,0
exploration,cross_same_variable,21,21,0021_2.jpg,0021_3.jpg,1
exploration,cross_same_variable,21,49,0021_2.jpg,0049_3.jpg,0
exploration,cross_same_variable,21,55,0021_2.jpg,0055_3.jpg,0
exploration,cross_same_variable,21,85,0021_2.jpg,0085_3.jpg,0
exploration,cross_same_variable,21,147,0021_2.jpg,0147_3.jpg,0
exploration,cross_same_variable,21,148,0021_2.jpg,0148_3.jpg,0
exploration,cross_same_variable,21,207,0021_2.jpg,0207_3.jpg,0
exploration,cross_same_variable,21,223,0021_2.jpg,0223_3.jpg,0
exploration,cross_same_variable,21,234,0021_2.jpg,0234_3.jpg,0
exploration,cross_same_variable,21,256,0021_2.jpg,0256_3.jpg,0
exploration,cross_same_variable,21,15,0021_2.jpg,0015_3.jpg,0
exploration,cross_same_variable,22,22,0022_2.jpg,0022_3.jpg,1
exploration,cross_same_variable,22,55,0022_2.jpg,0055_3.jpg,0
exploration,cross_same_variable,22,56,0022_2.jpg,0056_3.jpg,0
exploration,cross_same_variable,22,86,0022_2.jpg,0086_3.jpg,0
exploration,cross_same_variable,22,148,0022_2.jpg,0148_3.jpg,0
exploration,cross_same_variable,22,152,0022_2.jpg,0152_3.jpg,0
exploration,cross_same_variable,22,208,0022_2.jpg,0208_3.jpg,0
exploration,cross_same_variable,22,224,0022_2.jpg,0224_3.jpg,0
exploration,cross_same_variable,22,235,0022_2.jpg,0235_3.jpg,0
exploration,cross_same_variable,22,260,0022_2.jpg,0260_3.jpg,0
exploration,cross_same_variable,22,18,0022_2.jpg,0018_3.jpg,0
exploration,cross_same_variable,25,25,0025_2.jpg,0025_3.jpg,1
exploration,cross_same_variable,25,56,0025_2.jpg,0056_3.jpg,0
exploration,cross_same_variable,25,57,0025_2.jpg,0057_3.jpg,0
exploration,cross_same_variable,25,87,0025_2.jpg,0087_3.jpg,0
exploration,cross_same_variable,25,152,0025_2.jpg,0152_3.jpg,0
exploration,cross_same_variable,25,153,0025_2.jpg,0153_3.jpg,0
exploration,cross_same_variable,25,209,0025_2.jpg,0209_3.jpg,0
exploration,cross_same_variable,25,225,0025_2.jpg,0225_3.jpg,0
exploration,cross_same_variable,25,237,0025_2.jpg,0237_3.jpg,0
exploration,cross_same_variable,25,261,0025_2.jpg,0261_3.jpg,0
exploration,cross_same_variable,25,19,0025_2.jpg,0019_3.jpg,0
exploration,cross_same_variable,26,26,0026_2.jpg,0026_3.jpg,1
exploration,cross_same_variable,26,57,0026_2.jpg,0057_3.jpg,0
exploration,cross_same_variable,26,59,0026_2.jpg,0059_3.jpg,0
exploration,cross_same_variable,26,89,0026_2.jpg,0089_3.jpg,0
exploration,cross_same_variable,26,153,0026_2.jpg,0153_3.jpg,0
exploration,cross_same_variable,26,154,0026_2.jpg,0154_3.jpg,0
exploration,cross_same_variable,26,211,0026_2.jpg,0211_3.jpg,0
exploration,cross_same_variable,26,226,0026_2.jpg,0226_3.jpg,0
exploration,cross_same_variable,26,239,0026_2.jpg,0239_3.jpg,0
exploration,cross_same_variable,26,262,0026_2.jpg,0262_3.jpg,0
exploration,cross_same_variable,26,20,0026_2.jpg,0020_3.jpg,0
exploration,cross_same_variable,27,27,0027_2.jpg,0027_3.jpg,1
exploration,cross_same_variable,27,59,0027_2.jpg,0059_3.jpg,0
exploration,cross_same_variable,27,60,0027_2.jpg,0060_3.jpg,0
exploration,cross_same_variable,27,90,0027_2.jpg,0090_3.jpg,0
exploration,cross_same_variable,27,154,0027_2.jpg,0154_3.jpg,0
exploration,cross_same_variable,27,155,0027_2.jpg,0155_3.jpg,0
exploration,cross_same_variable,27,212,0027_2.jpg,0212_3.jpg,0
exploration,cross_same_variable,27,227,0027_2.jpg,0227_3.jpg,0
exploration,cross_same_variable,27,240,0027_2.jpg,0240_3.jpg,0
exploration,cross_same_variable,27,263,0027_2.jpg,0263_3.jpg,0
exploration,cross_same_variable,27,21,0027_2.jpg,0021_3.jpg,0
exploration,cross_same_variable,29,29,0029_2.jpg,0029_3.jpg,1
exploration,cross_same_variable,29,60,0029_2.jpg,0060_3.jpg,0
exploration,cross_same_variable,29,61,0029_2.jpg,0061_3.jpg,0
exploration,cross_same_variable,29,91,0029_2.jpg,0091_3.jpg,0
exploration,cross_same_variable,29,155,0029_2.jpg,0155_3.jpg,0
exploration,cross_same_variable,29,156,0029_2.jpg,0156_3.jpg,0
exploration,cross_same_variable,29,213,0029_2.jpg,0213_3.jpg,0
exploration,cross_same_variable,29,228,0029_2.jpg,0228_3.jpg,0
exploration,cross_same_variable,29,241,0029_2.jpg,0241_3.jpg,0
exploration,cross_same_variable,29,264,0029_2.jpg,0264_3.jpg,0
exploration,cross_same_variable,29,22,0029_2.jpg,0022_3.jpg,0
exploration,cross_same_variable,30,30,0030_2.jpg,0030_3.jpg,1
exploration,cross_same_variable,30,61,0030_2.jpg,0061_3.jpg,0
exploration,cross_same_variable,30,62,0030_2.jpg,0062_3.jpg,0
exploration,cross_same_variable,30,92,0030_2.jpg,0092_3.jpg,0
exploration,cross_same_variable,30,156,0030_2.jpg,0156_3.jpg,0
exploration,cross_same_variable,30,157,0030_2.jpg,0157_3.jpg,0
exploration,cross_same_variable,30,214,0030_2.jpg,0214_3.jpg,0
exploration,cross_same_variable,30,229,0030_2.jpg,0229_3.jpg,0
exploration,cross_same_variable,30,242,0030_2.jpg,0242_3.jpg,0
exploration,cross_same_variable,30,265,0030_2.jpg,0265_3.jpg,0
exploration,cross_same_variable,30,25,0030_2.jpg,0025_3.jpg,0
exploration,cross_same_variable,31,31,0031_2.jpg,0031_3.jpg,1
exploration,cross_same_variable,31,62,0031_2.jpg,0062_3.jpg,0
exploration,cross_same_variable,31,65,0031_2.jpg,0065_3.jpg,0
exploration,cross_same_variable,31,93,0031_2.jpg,0093_3.jpg,0
exploration,cross_same_variable,31,157,0031_2.jpg,0157_3.jpg,0
exploration,cross_same_variable,31,158,0031_2.jpg,0158_3.jpg,0
exploration,cross_same_variable,31,216,0031_2.jpg,0216_3.jpg,0
exploration,cross_same_variable,31,231,0031_2.jpg,0231_3.jpg,0
exploration,cross_same_variable,31,243,0031_2.jpg,0243_3.jpg,0
exploration,cross_same_variable,31,266,0031_2.jpg,0266_3.jpg,0
exploration,cross_same_variable,31,26,0031_2.jpg,0026_3.jpg,0
exploration,cross_same_variable,35,35,0035_2.jpg,0035_3.jpg,1
exploration,cross_same_variable,35,65,0035_2.jpg,0065_3.jpg,0
exploration,cross_same_variable,35,66,0035_2.jpg,0066_3.jpg,0
exploration,cross_same_variable,35,94,0035_2.jpg,0094_3.jpg,0
exploration,cross_same_variable,35,158,0035_2.jpg,0158_3.jpg,0
exploration,cross_same_variable,35,159,0035_2.jpg,0159_3.jpg,0
exploration,cross_same_variable,35,219,0035_2.jpg,0219_3.jpg,0
exploration,cross_same_variable,35,232,0035_2.jpg,0232_3.jpg,0
exploration,cross_same_variable,35,244,0035_2.jpg,0244_3.jpg,0
exploration,cross_same_variable,35,267,0035_2.jpg,0267_3.jpg,0
exploration,cross_same_variable,35,27,0035_2.jpg,0027_3.jpg,0
exploration,cross_same_variable,38,38,0038_2.jpg,0038_3.jpg,1
exploration,cross_same_variable,38,66,0038_2.jpg,0066_3.jpg,0
exploration,cross_same_variable,38,67,0038_2.jpg,0067_3.jpg,0
exploration,cross_same_variable,38,96,0038_2.jpg,0096_3.jpg,0
exploration,cross_same_variable,38,159,0038_2.jpg,0159_3.jpg,0
exploration,cross_same_variable,38,161,0038_2.jpg,0161_3.jpg,0
exploration,cross_same_variable,38,220,0038_2.jpg,0220_3.jpg,0
exploration,cross_same_variable,38,234,0038_2.jpg,0234_3.jpg,0
exploration,cross_same_variable,38,245,0038_2.jpg,0245_3.jpg,0
exploration,cross_same_variable,38,271,0038_2.jpg,0271_3.jpg,0
exploration,cross_same_variable,38,29,0038_2.jpg,0029_3.jpg,0
exploration,cross_same_variable,39,39,0039_2.jpg,0039_3.jpg,1
exploration,cross_same_variable,39,67,0039_2.jpg,0067_3.jpg,0
exploration,cross_same_variable,39,70,0039_2.jpg,0070_3.jpg,0
exploration,cross_same_variable,39,97,0039_2.jpg,0097_3.jpg,0
exploration,cross_same_variable,39,161,0039_2.jpg,0161_3.jpg,0
exploration,cross_same_variable,39,162,0039_2.jpg,0162_3.jpg,0
exploration,cross_same_variable,39,221,0039_2.jpg,0221_3.jpg,0
exploration,cross_same_variable,39,235,0039_2.jpg,0235_3.jpg,0
exploration,cross_same_variable,39,246,0039_2.jpg,0246_3.jpg,0
exploration,cross_same_variable,39,272,0039_2.jpg,0272_3.jpg,0
exploration,cross_same_variable,39,30,0039_2.jpg,0030_3.jpg,0
exploration,cross_same_variable,40,40,0040_2.jpg,0040_3.jpg,1
exploration,cross_same_variable,40,70,0040_2.jpg,0070_3.jpg,0
exploration,cross_same_variable,40,71,0040_2.jpg,0071_3.jpg,0
exploration,cross_same_variable,40,98,0040_2.jpg,0098_3.jpg,0
exploration,cross_same_variable,40,162,0040_2.jpg,0162_3.jpg,0
exploration,cross_same_variable,40,163,0040_2.jpg,0163_3.jpg,0
exploration,cross_same_variable,40,223,0040_2.jpg,0223_3.jpg,0
exploration,cross_same_variable,40,237,0040_2.jpg,0237_3.jpg,0
exploration,cross_same_variable,40,247,0040_2.jpg,0247_3.jpg,0
exploration,cross_same_variable,40,273,0040_2.jpg,0273_3.jpg,0
exploration,cross_same_variable,40,31,0040_2.jpg,0031_3.jpg,0
exploration,cross_same_variable,42,42,0042_2.jpg,0042_3.jpg,1
exploration,cross_same_variable,42,71,0042_2.jpg,0071_3.jpg,0
exploration,cross_same_variable,42,74,0042_2.jpg,0074_3.jpg,0
exploration,cross_same_variable,42,100,0042_2.jpg,0100_3.jpg,0
exploration,cross_same_variable,42,163,0042_2.jpg,0163_3.jpg,0
exploration,cross_same_variable,42,164,0042_2.jpg,0164_3.jpg,0
exploration,cross_same_variable,42,224,0042_2.jpg,0224_3.jpg,0
exploration,cross_same_variable,42,239,0042_2.jpg,0239_3.jpg,0
exploration,cross_same_variable,42,248,0042_2.jpg,0248_3.jpg,0
exploration,cross_same_variable,42,274,0042_2.jpg,0274_3.jpg,0
exploration,cross_same_variable,42,35,0042_2.jpg,0035_3.jpg,0
exploration,cross_same_variable,43,43,0043_2.jpg,0043_3.jpg,1
exploration,cross_same_variable,43,74,0043_2.jpg,0074_3.jpg,0
exploration,cross_same_variable,43,75,0043_2.jpg,0075_3.jpg,0
exploration,cross_same_variable,43,101,0043_2.jpg,0101_3.jpg,0
exploration,cross_same_variable,43,164,0043_2.jpg,0164_3.jpg,0
exploration,cross_same_variable,43,167,0043_2.jpg,0167_3.jpg,0
exploration,cross_same_variable,43,225,0043_2.jpg,0225_3.jpg,0
exploration,cross_same_variable,43,240,0043_2.jpg,0240_3.jpg,0
exploration,cross_same_variable,43,249,0043_2.jpg,0249_3.jpg,0
exploration,cross_same_variable,43,276,0043_2.jpg,0276_3.jpg,0
exploration,cross_same_variable,43,38,0043_2.jpg,0038_3.jpg,0
exploration,cross_same_variable,46,46,0046_2.jpg,0046_3.jpg,1
exploration,cross_same_variable,46,75,0046_2.jpg,0075_3.jpg,0
exploration,cross_same_variable,46,76,0046_2.jpg,0076_3.jpg,0
exploration,cross_same_variable,46,103,0046_2.jpg,0103_3.jpg,0
exploration,cross_same_variable,46,167,0046_2.jpg,0167_3.jpg,0
exploration,cross_same_variable,46,168,0046_2.jpg,0168_3.jpg,0
exploration,cross_same_variable,46,226,0046_2.jpg,0226_3.jpg,0
exploration,cross_same_variable,46,241,0046_2.jpg,0241_3.jpg,0
exploration,cross_same_variable,46,250,0046_2.jpg,0250_3.jpg,0
exploration,cross_same_variable,46,279,0046_2.jpg,0279_3.jpg,0
exploration,cross_same_variable,46,39,0046_2.jpg,0039_3.jpg,0
exploration,cross_same_variable,47,47,0047_2.jpg,0047_3.jpg,1
exploration,cross_same_variable,47,76,0047_2.jpg,0076_3.jpg,0
exploration,cross_same_variable,47,77,0047_2.jpg,0077_3.jpg,0
exploration,cross_same_variable,47,104,0047_2.jpg,0104_3.jpg,0
exploration,cross_same_variable,47,168,0047_2.jpg,0168_3.jpg,0
exploration,cross_same_variable,47,169,0047_2.jpg,0169_3.jpg,0
exploration,cross_same_variable,47,227,0047_2.jpg,0227_3.jpg,0
exploration,cross_same_variable,47,242,0047_2.jpg,0242_3.jpg,0
exploration,cross_same_variable,47,251,0047_2.jpg,0251_3.jpg,0
exploration,cross_same_variable,47,281,0047_2.jpg,0281_3.jpg,0
exploration,cross_same_variable,47,40,0047_2.jpg,0040_3.jpg,0
exploration,cross_same_variable,49,49,0049_2.jpg,0049_3.jpg,1
exploration,cross_same_variable,49,77,0049_2.jpg,0077_3.jpg,0
exploration,cross_same_variable,49,78,0049_2.jpg,0078_3.jpg,0
exploration,cross_same_variable,49,105,0049_2.jpg,0105_3.jpg,0
exploration,cross_same_variable,49,169,0049_2.jpg,0169_3.jpg,0
exploration,cross_same_variable,49,171,0049_2.jpg,0171_3.jpg,0
exploration,cross_same_variable,49,228,0049_2.jpg,0228_3.jpg,0
exploration,cross_same_variable,49,243,0049_2.jpg,0243_3.jpg,0
exploration,cross_same_variable,49,252,0049_2.jpg,0252_3.jpg,0
exploration,cross_same_variable,49,282,0049_2.jpg,0282_3.jpg,0
exploration,cross_same_variable,49,42,0049_2.jpg,0042_3.jpg,0
exploration,cross_same_variable,55,55,0055_2.jpg,0055_3.jpg,1
exploration,cross_same_variable,55,78,0055_2.jpg,0078_3.jpg,0
exploration,cross_same_variable,55,79,0055_2.jpg,0079_3.jpg,0
exploration,cross_same_variable,55,106,0055_2.jpg,0106_3.jpg,0
exploration,cross_same_variable,55,171,0055_2.jpg,0171_3.jpg,0
exploration,cross_same_variable,55,172,0055_2.jpg,0172_3.jpg,0
exploration,cross_same_variable,55,229,0055_2.jpg,0229_3.jpg,0
exploration,cross_same_variable,55,244,0055_2.jpg,0244_3.jpg,0
exploration,cross_same_variable,55,255,0055_2.jpg,0255_3.jpg,0
exploration,cross_same_variable,55,1,0055_2.jpg,0001_3.jpg,0
exploration,cross_same_variable,55,43,0055_2.jpg,0043_3.jpg,0
exploration,cross_same_variable,56,56,0056_2.jpg,0056_3.jpg,1
exploration,cross_same_variable,56,79,0056_2.jpg,0079_3.jpg,0
exploration,cross_same_variable,56,81,0056_2.jpg,0081_3.jpg,0
exploration,cross_same_variable,56,107,0056_2.jpg,0107_3.jpg,0
exploration,cross_same_variable,56,172,0056_2.jpg,0172_3.jpg,0
exploration,cross_same_variable,56,178,0056_2.jpg,0178_3.jpg,0
exploration,cross_same_variable,56,231,0056_2.jpg,0231_3.jpg,0
exploration,cross_same_variable,56,245,0056_2.jpg,0245_3.jpg,0
exploration,cross_same_variable,56,256,0056_2.jpg,0256_3.jpg,0
exploration,cross_same_variable,56,2,0056_2.jpg,0002_3.jpg,0
exploration,cross_same_variable,56,46,0056_2.jpg,0046_3.jpg,0
exploration,cross_same_variable,57,57,0057_2.jpg,0057_3.jpg,1
exploration,cross_same_variable,57,81,0057_2.jpg,0081_3.jpg,0
exploration,cross_same_variable,57,83,0057_2.jpg,0083_3.jpg,0
exploration,cross_same_variable,57,109,0057_2.jpg,0109_3.jpg,0
exploration,cross_same_variable,57,178,0057_2.jpg,0178_3.jpg,0
exploration,cross_same_variable,57,179,0057_2.jpg,0179_3.jpg,0
exploration,cross_same_variable,57,232,0057_2.jpg,0232_3.jpg,0
exploration,cross_same_variable,57,246,0057_2.jpg,0246_3.jpg,0
exploration,cross_same_variable,57,260,0057_2.jpg,0260_3.jpg,0
exploration,cross_same_variable,57,3,0057_2.jpg,0003_3.jpg,0
exploration,cross_same_variable,57,47,0057_2.jpg,0047_3.jpg,0
exploration,cross_same_variable,59,59,0059_2.jpg,0059_3.jpg,1
exploration,cross_same_variable,59,83,0059_2.jpg,0083_3.jpg,0
exploration,cross_same_variable,59,85,0059_2.jpg,0085_3.jpg,0
exploration,cross_same_variable,59,110,0059_2.jpg,0110_3.jpg,0
exploration,cross_same_variable,59,179,0059_2.jpg,0179_3.jpg,0
exploration,cross_same_variable,59,180,0059_2.jpg,0180_3.jpg,0
exploration,cross_same_variable,59,234,0059_2.jpg,0234_3.jpg,0
exploration,cross_same_variable,59,247,0059_2.jpg,0247_3.jpg,0
exploration,cross_same_variable,59,261,0059_2.jpg,0261_3.jpg,0
exploration,cross_same_variable,59,6,0059_2.jpg,0006_3.jpg,0
exploration,cross_same_variable,59,49,0059_2.jpg,0049_3.jpg,0
exploration,cross_same_variable,60,60,0060_2.jpg,0060_3.jpg,1
exploration,cross_same_variable,60,85,0060_2.jpg,0085_3.jpg,0
exploration,cross_same_variable,60,86,0060_2.jpg,0086_3.jpg,0
exploration,cross_same_variable,60,114,0060_2.jpg,0114_3.jpg,0
exploration,cross_same_variable,60,180,0060_2.jpg,0180_3.jpg,0
exploration,cross_same_variable,60,181,0060_2.jpg,0181_3.jpg,0
exploration,cross_same_variable,60,235,0060_2.jpg,0235_3.jpg,0
exploration,cross_same_variable,60,248,0060_2.jpg,0248_3.jpg,0
exploration,cross_same_variable,60,262,0060_2.jpg,0262_3.jpg,0
exploration,cross_same_variable,60,7,0060_2.jpg,0007_3.jpg,0
exploration,cross_same_variable,60,55,0060_2.jpg,0055_3.jpg,0
exploration,cross_same_variable,61,61,0061_2.jpg,0061_3.jpg,1
exploration,cross_same_variable,61,86,0061_2.jpg,0086_3.jpg,0
exploration,cross_same_variable,61,87,0061_2.jpg,0087_3.jpg,0
exploration,cross_same_variable,61,116,0061_2.jpg,0116_3.jpg,0
exploration,cross_same_variable,61,181,0061_2.jpg,0181_3.jpg,0
exploration,cross_same_variable,61,183,0061_2.jpg,0183_3.jpg,0
exploration,cross_same_variable,61,237,0061_2.jpg,0237_3.jpg,0
exploration,cross_same_variable,61,249,0061_2.jpg,0249_3.jpg,0
exploration,cross_same_variable,61,263,0061_2.jpg,0263_3.jpg,0
exploration,cross_same_variable,61,8,0061_2.jpg,0008_3.jpg,0
exploration,cross_same_variable,61,56,0061_2.jpg,0056_3.jpg,0
exploration,cross_same_variable,62,62,0062_2.jpg,0062_3.jpg,1
exploration,cross_same_variable,62,87,0062_2.jpg,0087_3.jpg,0
exploration,cross_same_variable,62,89,0062_2.jpg,0089_3.jpg,0
exploration,cross_same_variable,62,118,0062_2.jpg,0118_3.jpg,0
exploration,cross_same_variable,62,183,0062_2.jpg,0183_3.jpg,0
exploration,cross_same_variable,62,185,0062_2.jpg,0185_3.jpg,0
exploration,cross_same_variable,62,239,0062_2.jpg,0239_3.jpg,0
exploration,cross_same_variable,62,250,0062_2.jpg,0250_3.jpg,0
exploration,cross_same_variable,62,264,0062_2.jpg,0264_3.jpg,0
exploration,cross_same_variable,62,11,0062_2.jpg,0011_3.jpg,0
exploration,cross_same_variable,62,57,0062_2.jpg,0057_3.jpg,0
exploration,cross_same_variable,65,65,0065_2.jpg,0065_3.jpg,1
exploration,cross_same_variable,65,89,0065_2.jpg,0089_3.jpg,0
exploration,cross_same_variable,65,90,0065_2.jpg,0090_3.jpg,0
exploration,cross_same_variable,65,119,0065_2.jpg,0119_3.jpg,0
exploration,cross_same_variable,65,185,0065_2.jpg,0185_3.jpg,0
exploration,cross_same_variable,65,188,0065_2.jpg,0188_3.jpg,0
exploration,cross_same_variable,65,240,0065_2.jpg,0240_3.jpg,0
exploration,cross_same_variable,65,251,0065_2.jpg,0251_3.jpg,0
exploration,cross_same_variable,65,265,0065_2.jpg,0265_3.jpg,0
exploration,cross_same_variable,65,12,0065_2.jpg,0012_3.jpg,0
exploration,cross_same_variable,65,59,0065_2.jpg,0059_3.jpg,0
exploration,cross_same_variable,66,66,0066_2.jpg,0066_3.jpg,1
exploration,cross_same_variable,66,90,0066_2.jpg,0090_3.jpg,0
exploration,cross_same_variable,66,91,0066_2.jpg,0091_3.jpg,0
exploration,cross_same_variable,66,122,0066_2.jpg,0122_3.jpg,0
exploration,cross_same_variable,66,188,0066_2.jpg,0188_3.jpg,0
exploration,cross_same_variable,66,189,0066_2.jpg,0189_3.jpg,0
exploration,cross_same_variable,66,241,0066_2.jpg,0241_3.jpg,0
exploration,cross_same_variable,66,252,0066_2.jpg,0252_3.jpg,0
exploration,cross_same_variable,66,266,0066_2.jpg,0266_3.jpg,0
exploration,cross_same_variable,66,15,0066_2.jpg,0015_3.jpg,0
exploration,cross_same_variable,66,60,0066_2.jpg,0060_3.jpg,0
exploration,cross_same_variable,67,67,0067_2.jpg,0067_3.jpg,1
exploration,cross_same_variable,67,91,0067_2.jpg,0091_3.jpg,0
exploration,cross_same_variable,67,92,0067_2.jpg,0092_3.jpg,0
exploration,cross_same_variable,67,123,0067_2.jpg,0123_3.jpg,0
exploration,cross_same_variable,67,189,0067_2.jpg,0189_3.jpg,0
exploration,cross_same_variable,67,191,0067_2.jpg,0191_3.jpg,0
exploration,cross_same_variable,67,242,0067_2.jpg,0242_3.jpg,0
exploration,cross_same_variable,67,255,0067_2.jpg,0255_3.jpg,0
exploration,cross_same_variable,67,267,0067_2.jpg,0267_3.jpg,0
exploration,cross_same_variable,67,18,0067_2.jpg,0018_3.jpg,0
exploration,cross_same_variable,67,61,0067_2.jpg,0061_3.jpg,0
exploration,cross_same_variable,70,70,0070_2.jpg,0070_3.jpg,1
exploration,cross_same_variable,70,92,0070_2.jpg,0092_3.jpg,0
exploration,cross_same_variable,70,93,0070_2.jpg,0093_3.jpg,0
exploration,cross_same_variable,70,124,0070_2.jpg,0124_3.jpg,0
exploration,cross_same_variable,70,191,0070_2.jpg,0191_3.jpg,0
exploration,cross_same_variable,70,192,0070_2.jpg,0192_3.jpg,0
exploration,cross_same_variable,70,243,0070_2.jpg,0243_3.jpg,0
exploration,cross_same_variable,70,256,0070_2.jpg,0256_3.jpg,0
exploration,cross_same_variable,70,271,0070_2.jpg,0271_3.jpg,0
exploration,cross_same_variable,70,19,0070_2.jpg,0019_3.jpg,0
exploration,cross_same_variable,70,62,0070_2.jpg,0062_3.jpg,0
exploration,cross_same_variable,71,71,0071_2.jpg,0071_3.jpg,1
exploration,cross_same_variable,71,93,0071_2.jpg,0093_3.jpg,0
exploration,cross_same_variable,71,94,0071_2.jpg,0094_3.jpg,0
exploration,cross_same_variable,71,125,0071_2.jpg,0125_3.jpg,0
exploration,cross_same_variable,71,192,0071_2.jpg,0192_3.jpg,0
exploration,cross_same_variable,71,196,0071_2.jpg,0196_3.jpg,0
exploration,cross_same_variable,71,244,0071_2.jpg,0244_3.jpg,0
exploration,cross_same_variable,71,260,0071_2.jpg,0260_3.jpg,0
exploration,cross_same_variable,71,272,0071_2.jpg,0272_3.jpg,0
exploration,cross_same_variable,71,20,0071_2.jpg,0020_3.jpg,0
exploration,cross_same_variable,71,65,0071_2.jpg,0065_3.jpg,0
exploration,cross_same_variable,74,74,0074_2.jpg,0074_3.jpg,1
exploration,cross_same_variable,74,94,0074_2.jpg,0094_3.jpg,0
exploration,cross_same_variable,74,96,0074_2.jpg,0096_3.jpg,0
exploration,cross_same_variable,74,127,0074_2.jpg,0127_3.jpg,0
exploration,cross_same_variable,74,196,0074_2.jpg,0196_3.jpg,0
exploration,cross_same_variable,74,197,0074_2.jpg,0197_3.jpg,0
exploration,cross_same_variable,74,245,0074_2.jpg,0245_3.jpg,0
exploration,cross_same_variable,74,261,0074_2.jpg,0261_3.jpg,0
exploration,cross_same_variable,74,273,0074_2.jpg,0273_3.jpg,0
exploration,cross_same_variable,74,21,0074_2.jpg,0021_3.jpg,0
exploration,cross_same_variable,74,66,0074_2.jpg,0066_3.jpg,0
exploration,cross_same_variable,75,75,0075_2.jpg,0075_3.jpg,1
exploration,cross_same_variable,75,96,0075_2.jpg,0096_3.jpg,0
exploration,cross_same_variable,75,97,0075_2.jpg,0097_3.jpg,0
exploration,cross_same_variable,75,130,0075_2.jpg,0130_3.jpg,0
exploration,cross_same_variable,75,197,0075_2.jpg,0197_3.jpg,0
exploration,cross_same_variable,75,198,0075_2.jpg,0198_3.jpg,0
exploration,cross_same_variable,75,246,0075_2.jpg,0246_3.jpg,0
exploration,cross_same_variable,75,262,0075_2.jpg,0262_3.jpg,0
exploration,cross_same_variable,75,274,0075_2.jpg,0274_3.jpg,0
exploration,cross_same_variable,75,22,0075_2.jpg,0022_3.jpg,0
exploration,cross_same_variable,75,67,0075_2.jpg,0067_3.jpg,0
exploration,cross_same_variable,76,76,0076_2.jpg,0076_3.jpg,1
exploration,cross_same_variable,76,97,0076_2.jpg,0097_3.jpg,0
exploration,cross_same_variable,76,98,0076_2.jpg,0098_3.jpg,0
exploration,cross_same_variable,76,132,0076_2.jpg,0132_3.jpg,0
exploration,cross_same_variable,76,198,0076_2.jpg,0198_3.jpg,0
exploration,cross_same_variable,76,199,0076_2.jpg,0199_3.jpg,0
exploration,cross_same_variable,76,247,0076_2.jpg,0247_3.jpg,0
exploration,cross_same_variable,76,263,0076_2.jpg,0263_3.jpg,0
exploration,cross_same_variable,76,276,0076_2.jpg,0276_3.jpg,0
exploration,cross_same_variable,76,25,0076_2.jpg,0025_3.jpg,0
exploration,cross_same_variable,76,70,0076_2.jpg,0070_3.jpg,0
exploration,cross_same_variable,77,77,0077_2.jpg,0077_3.jpg,1
exploration,cross_same_variable,77,98,0077_2.jpg,0098_3.jpg,0
exploration,cross_same_variable,77,100,0077_2.jpg,0100_3.jpg,0
exploration,cross_same_variable,77,133,0077_2.jpg,0133_3.jpg,0
exploration,cross_same_variable,77,199,0077_2.jpg,0199_3.jpg,0
exploration,cross_same_variable,77,200,0077_2.jpg,0200_3.jpg,0
exploration,cross_same_variable,77,248,0077_2.jpg,0248_3.jpg,0
exploration,cross_same_variable,77,264,0077_2.jpg,0264_3.jpg,0
exploration,cross_same_variable,77,279,0077_2.jpg,0279_3.jpg,0
exploration,cross_same_variable,77,26,0077_2.jpg,0026_3.jpg,0
exploration,cross_same_variable,77,71,0077_2.jpg,0071_3.jpg,0
exploration,cross_same_variable,78,78,0078_2.jpg,0078_3.jpg,1
exploration,cross_same_variable,78,100,0078_2.jpg,0100_3.jpg,0
exploration,cross_same_variable,78,101,0078_2.jpg,0101_3.jpg,0
exploration,cross_same_variable,78,134,0078_2.jpg,0134_3.jpg,0
exploration,cross_same_variable,78,200,0078_2.jpg,0200_3.jpg,0
exploration,cross_same_variable,78,201,0078_2.jpg,0201_3.jpg,0
exploration,cross_same_variable,78,249,0078_2.jpg,0249_3.jpg,0
exploration,cross_same_variable,78,265,0078_2.jpg,0265_3.jpg,0
exploration,cross_same_variable,78,281,0078_2.jpg,0281_3.jpg,0
exploration,cross_same_variable,78,27,0078_2.jpg,0027_3.jpg,0
exploration,cross_same_variable,78,74,0078_2.jpg,0074_3.jpg,0
exploration,cross_same_variable,79,79,0079_2.jpg,0079_3.jpg,1
exploration,cross_same_variable,79,101,0079_2.jpg,0101_3.jpg,0
exploration,cross_same_variable,79,103,0079_2.jpg,0103_3.jpg,0
exploration,cross_same_variable,79,135,0079_2.jpg,0135_3.jpg,0
exploration,cross_same_variable,79,201,0079_2.jpg,0201_3.jpg,0
exploration,cross_same_variable,79,203,0079_2.jpg,0203_3.jpg,0
exploration,cross_same_variable,79,250,0079_2.jpg,0250_3.jpg,0
exploration,cross_same_variable,79,266,0079_2.jpg,0266_3.jpg,0
exploration,cross_same_variable,79,282,0079_2.jpg,0282_3.jpg,0
exploration,cross_same_variable,79,29,0079_2.jpg,0029_3.jpg,0
exploration,cross_same_variable,79,75,0079_2.jpg,0075_3.jpg,0
exploration,cross_same_variable,81,81,0081_2.jpg,0081_3.jpg,1
exploration,cross_same_variable,81,103,0081_2.jpg,0103_3.jpg,0
exploration,cross_same_variable,81,104,0081_2.jpg,0104_3.jpg,0
exploration,cross_same_variable,81,138,0081_2.jpg,0138_3.jpg,0
exploration,cross_same_variable,81,203,0081_2.jpg,0203_3.jpg,0
exploration,cross_same_variable,81,204,0081_2.jpg,0204_3.jpg,0
exploration,cross_same_variable,81,251,0081_2.jpg,0251_3.jpg,0
exploration,cross_same_variable,81,267,0081_2.jpg,0267_3.jpg,0
exploration,cross_same_variable,81,1,0081_2.jpg,0001_3.jpg,0
exploration,cross_same_variable,81,30,0081_2.jpg,0030_3.jpg,0
exploration,cross_same_variable,81,76,0081_2.jpg,0076_3.jpg,0
exploration,cross_same_variable,83,83,0083_2.jpg,0083_3.jpg,1
exploration,cross_same_variable,83,104,0083_2.jpg,0104_3.jpg,0
exploration,cross_same_variable,83,105,0083_2.jpg,0105_3.jpg,0
exploration,cross_same_variable,83,140,0083_2.jpg,0140_3.jpg,0
exploration,cross_same_variable,83,204,0083_2.jpg,0204_3.jpg,0
exploration,cross_same_variable,83,206,0083_2.jpg,0206_3.jpg,0
exploration,cross_same_variable,83,252,0083_2.jpg,0252_3.jpg,0
exploration,cross_same_variable,83,271,0083_2.jpg,0271_3.jpg,0
exploration,cross_same_variable,83,2,0083_2.jpg,0002_3.jpg,0
exploration,cross_same_variable,83,31,0083_2.jpg,0031_3.jpg,0
exploration,cross_same_variable,83,77,0083_2.jpg,0077_3.jpg,0
exploration,cross_same_variable,85,85,0085_2.jpg,0085_3.jpg,1
exploration,cross_same_variable,85,105,0085_2.jpg,0105_3.jpg,0
exploration,cross_same_variable,85,106,0085_2.jpg,0106_3.jpg,0
exploration,cross_same_variable,85,142,0085_2.jpg,0142_3.jpg,0
exploration,cross_same_variable,85,206,0085_2.jpg,0206_3.jpg,0
exploration,cross_same_variable,85,207,0085_2.jpg,0207_3.jpg,0
exploration,cross_same_variable,85,255,0085_2.jpg,0255_3.jpg,0
exploration,cross_same_variable,85,272,0085_2.jpg,0272_3.jpg,0
exploration,cross_same_variable,85,3,0085_2.jpg,0003_3.jpg,0
exploration,cross_same_variable,85,35,0085_2.jpg,0035_3.jpg,0
exploration,cross_same_variable,85,78,0085_2.jpg,0078_3.jpg,0
exploration,cross_same_variable,86,86,0086_2.jpg,0086_3.jpg,1
exploration,cross_same_variable,86,106,0086_2.jpg,0106_3.jpg,0
exploration,cross_same_variable,86,107,0086_2.jpg,0107_3.jpg,0
exploration,cross_same_variable,86,146,0086_2.jpg,0146_3.jpg,0
exploration,cross_same_variable,86,207,0086_2.jpg,0207_3.jpg,0
exploration,cross_same_variable,86,208,0086_2.jpg,0208_3.jpg,0
exploration,cross_same_variable,86,256,0086_2.jpg,0256_3.jpg,0
exploration,cross_same_variable,86,273,0086_2.jpg,0273_3.jpg,0
exploration,cross_same_variable,86,6,0086_2.jpg,0006_3.jpg,0
exploration,cross_same_variable,86,38,0086_2.jpg,0038_3.jpg,0
exploration,cross_same_variable,86,79,0086_2.jpg,0079_3.jpg,0
exploration,cross_same_variable,87,87,0087_2.jpg,0087_3.jpg,1
exploration,cross_same_variable,87,107,0087_2.jpg,0107_3.jpg,0
exploration,cross_same_variable,87,109,0087_2.jpg,0109_3.jpg,0
exploration,cross_same_variable,87,147,0087_2.jpg,0147_3.jpg,0
exploration,cross_same_variable,87,208,0087_2.jpg,0208_3.jpg,0
exploration,cross_same_variable,87,209,0087_2.jpg,0209_3.jpg,0
exploration,cross_same_variable,87,260,0087_2.jpg,0260_3.jpg,0
exploration,cross_same_variable,87,274,0087_2.jpg,0274_3.jpg,0
exploration,cross_same_variable,87,7,0087_2.jpg,0007_3.jpg,0
exploration,cross_same_variable,87,39,0087_2.jpg,0039_3.jpg,0
exploration,cross_same_variable,87,81,0087_2.jpg,0081_3.jpg,0
exploration,cross_same_variable,89,89,0089_2.jpg,0089_3.jpg,1
exploration,cross_same_variable,89,109,0089_2.jpg,0109_3.jpg,0
exploration,cross_same_variable,89,110,0089_2.jpg,0110_3.jpg,0
exploration,cross_same_variable,89,148,0089_2.jpg,0148_3.jpg,0
exploration,cross_same_variable,89,209,0089_2.jpg,0209_3.jpg,0
exploration,cross_same_variable,89,211,0089_2.jpg,0211_3.jpg,0
exploration,cross_same_variable,89,261,0089_2.jpg,0261_3.jpg,0
exploration,cross_same_variable,89,276,0089_2.jpg,0276_3.jpg,0
exploration,cross_same_variable,89,8,0089_2.jpg,0008_3.jpg,0
exploration,cross_same_variable,89,40,0089_2.jpg,0040_3.jpg,0
exploration,cross_same_variable,89,83,0089_2.jpg,0083_3.jpg,0
exploration,cross_same_variable,90,90,0090_2.jpg,0090_3.jpg,1
exploration,cross_same_variable,90,110,0090_2.jpg,0110_3.jpg,0
exploration,cross_same_variable,90,114,0090_2.jpg,0114_3.jpg,0
exploration,cross_same_variable,90,152,0090_2.jpg,0152_3.jpg,0
exploration,cross_same_variable,90,211,0090_2.jpg,0211_3.jpg,0
exploration,cross_same_variable,90,212,0090_2.jpg,0212_3.jpg,0
exploration,cross_same_variable,90,262,0090_2.jpg,0262_3.jpg,0
exploration,cross_same_variable,90,279,0090_2.jpg,0279_3.jpg,0
exploration,cross_same_variable,90,11,0090_2.jpg,0011_3.jpg,0
exploration,cross_same_variable,90,42,0090_2.jpg,0042_3.jpg,0
exploration,cross_same_variable,90,85,0090_2.jpg,0085_3.jpg,0
exploration,cross_same_variable,91,91,0091_2.jpg,0091_3.jpg,1
exploration,cross_same_variable,91,114,0091_2.jpg,0114_3.jpg,0
exploration,cross_same_variable,91,116,0091_2.jpg,0116_3.jpg,0
exploration,cross_same_variable,91,153,0091_2.jpg,0153_3.jpg,0
exploration,cross_same_variable,91,212,0091_2.jpg,0212_3.jpg,0
exploration,cross_same_variable,91,213,0091_2.jpg,0213_3.jpg,0
exploration,cross_same_variable,91,263,0091_2.jpg,0263_3.jpg,0
exploration,cross_same_variable,91,281,0091_2.jpg,0281_3.jpg,0
exploration,cross_same_variable,91,12,0091_2.jpg,0012_3.jpg,0
exploration,cross_same_variable,91,43,0091_2.jpg,0043_3.jpg,0
exploration,cross_same_variable,91,86,0091_2.jpg,0086_3.jpg,0
exploration,cross_same_variable,92,92,0092_2.jpg,0092_3.jpg,1
exploration,cross_same_variable,92,116,0092_2.jpg,0116_3.jpg,0
exploration,cross_same_variable,92,118,0092_2.jpg,0118_3.jpg,0
exploration,cross_same_variable,92,154,0092_2.jpg,0154_3.jpg,0
exploration,cross_same_variable,92,213,0092_2.jpg,0213_3.jpg,0
exploration,cross_same_variable,92,214,0092_2.jpg,0214_3.jpg,0
exploration,cross_same_variable,92,264,0092_2.jpg,0264_3.jpg,0
exploration,cross_same_variable,92,282,0092_2.jpg,0282_3.jpg,0
exploration,cross_same_variable,92,15,0092_2.jpg,0015_3.jpg,0
exploration,cross_same_variable,92,46,0092_2.jpg,0046_3.jpg,0
exploration,cross_same_variable,92,87,0092_2.jpg,0087_3.jpg,0
exploration,cross_same_variable,93,93,0093_2.jpg,0093_3.jpg,1
exploration,cross_same_variable,93,118,0093_2.jpg,0118_3.jpg,0
exploration,cross_same_variable,93,119,0093_2.jpg,0119_3.jpg,0
exploration,cross_same_variable,93,155,0093_2.jpg,0155_3.jpg,0
exploration,cross_same_variable,93,214,0093_2.jpg,0214_3.jpg,0
exploration,cross_same_variable,93,216,0093_2.jpg,0216_3.jpg,0
exploration,cross_same_variable,93,265,0093_2.jpg,0265_3.jpg,0
exploration,cross_same_variable,93,1,0093_2.jpg,0001_3.jpg,0
exploration,cross_same_variable,93,18,0093_2.jpg,0018_3.jpg,0
exploration,cross_same_variable,93,47,0093_2.jpg,0047_3.jpg,0
exploration,cross_same_variable,93,89,0093_2.jpg,0089_3.jpg,0
exploration,cross_same_variable,94,94,0094_2.jpg,0094_3.jpg,1
exploration,cross_same_variable,94,119,0094_2.jpg,0119_3.jpg,0
exploration,cross_same_variable,94,122,0094_2.jpg,0122_3.jpg,0
exploration,cross_same_variable,94,156,0094_2.jpg,0156_3.jpg,0
exploration,cross_same_variable,94,216,0094_2.jpg,0216_3.jpg,0
exploration,cross_same_variable,94,219,0094_2.jpg,0219_3.jpg,0
exploration,cross_same_variable,94,266,0094_2.jpg,0266_3.jpg,0
exploration,cross_same_variable,94,2,0094_2.jpg,0002_3.jpg,0
exploration,cross_same_variable,94,19,0094_2.jpg,0019_3.jpg,0
exploration,cross_same_variable,94,49,0094_2.jpg,0049_3.jpg,0
exploration,cross_same_variable,94,90,0094_2.jpg,0090_3.jpg,0
exploration,cross_same_variable,96,96,0096_2.jpg,0096_3.jpg,1
exploration,cross_same_variable,96,122,0096_2.jpg,0122_3.jpg,0
exploration,cross_same_variable,96,123,0096_2.jpg,0123_3.jpg,0
exploration,cross_same_variable,96,157,0096_2.jpg,0157_3.jpg,0
exploration,cross_same_variable,96,219,0096_2.jpg,0219_3.jpg,0
exploration,cross_same_variable,96,220,0096_2.jpg,0220_3.jpg,0
exploration,cross_same_variable,96,267,0096_2.jpg,0267_3.jpg,0
exploration,cross_same_variable,96,3,0096_2.jpg,0003_3.jpg,0
exploration,cross_same_variable,96,20,0096_2.jpg,0020_3.jpg,0
exploration,cross_same_variable,96,55,0096_2.jpg,0055_3.jpg,0
exploration,cross_same_variable,96,91,0096_2.jpg,0091_3.jpg,0
exploration,cross_same_variable,97,97,0097_2.jpg,0097_3.jpg,1
exploration,cross_same_variable,97,123,0097_2.jpg,0123_3.jpg,0
exploration,cross_same_variable,97,124,0097_2.jpg,0124_3.jpg,0
exploration,cross_same_variable,97,158,0097_2.jpg,0158_3.jpg,0
exploration,cross_same_variable,97,220,0097_2.jpg,0220_3.jpg,0
exploration,cross_same_variable,97,221,0097_2.jpg,0221_3.jpg,0
exploration,cross_same_variable,97,271,0097_2.jpg,0271_3.jpg,0
exploration,cross_same_variable,97,6,0097_2.jpg,0006_3.jpg,0
exploration,cross_same_variable,97,21,0097_2.jpg,0021_3.jpg,0
exploration,cross_same_variable,97,56,0097_2.jpg,0056_3.jpg,0
exploration,cross_same_variable,97,92,0097_2.jpg,0092_3.jpg,0
exploration,cross_same_variable,98,98,0098_2.jpg,0098_3.jpg,1
exploration,cross_same_variable,98,124,0098_2.jpg,0124_3.jpg,0
exploration,cross_same_variable,98,125,0098_2.jpg,0125_3.jpg,0
exploration,cross_same_variable,98,159,0098_2.jpg,0159_3.jpg,0
exploration,cross_same_variable,98,221,0098_2.jpg,0221_3.jpg,0
exploration,cross_same_variable,98,223,0098_2.jpg,0223_3.jpg,0
exploration,cross_same_variable,98,272,0098_2.jpg,0272_3.jpg,0
exploration,cross_same_variable,98,7,0098_2.jpg,0007_3.jpg,0
exploration,cross_same_variable,98,22,0098_2.jpg,0022_3.jpg,0
exploration,cross_same_variable,98,57,0098_2.jpg,0057_3.jpg,0
exploration,cross_same_variable,98,93,0098_2.jpg,0093_3.jpg,0
exploration,cross_same_variable,100,100,0100_2.jpg,0100_3.jpg,1
exploration,cross_same_variable,100,125,0100_2.jpg,0125_3.jpg,0
exploration,cross_same_variable,100,127,0100_2.jpg,0127_3.jpg,0
exploration,cross_same_variable,100,161,0100_2.jpg,0161_3.jpg,0
exploration,cross_same_variable,100,223,0100_2.jpg,0223_3.jpg,0
exploration,cross_same_variable,100,224,0100_2.jpg,0224_3.jpg,0
exploration,cross_same_variable,100,273,0100_2.jpg,0273_3.jpg,0
exploration,cross_same_variable,100,8,0100_2.jpg,0008_3.jpg,0
exploration,cross_same_variable,100,25,0100_2.jpg,0025_3.jpg,0
exploration,cross_same_variable,100,59,0100_2.jpg,0059_3.jpg,0
exploration,cross_same_variable,100,94,0100_2.jpg,0094_3.jpg,0
exploration,cross_same_variable,101,101,0101_2.jpg,0101_3.jpg,1
exploration,cross_same_variable,101,127,0101_2.jpg,0127_3.jpg,0
exploration,cross_same_variable,101,130,0101_2.jpg,0130_3.jpg,0
exploration,cross_same_variable,101,162,0101_2.jpg,0162_3.jpg,0
exploration,cross_same_variable,101,224,0101_2.jpg,0224_3.jpg,0
exploration,cross_same_variable,101,225,0101_2.jpg,0225_3.jpg,0
exploration,cross_same_variable,101,274,0101_2.jpg,0274_3.jpg,0
exploration,cross_same_variable,101,11,0101_2.jpg,0011_3.jpg,0
exploration,cross_same_variable,101,26,0101_2.jpg,0026_3.jpg,0
exploration,cross_same_variable,101,60,0101_2.jpg,0060_3.jpg,0
exploration,cross_same_variable,101,96,0101_2.jpg,0096_3.jpg,0
exploration,cross_same_variable,103,103,0103_2.jpg,0103_3.jpg,1
exploration,cross_same_variable,103,130,0103_2.jpg,0130_3.jpg,0
exploration,cross_same_variable,103,132,0103_2.jpg,0132_3.jpg,0
exploration,cross_same_variable,103,163,0103_2.jpg,0163_3.jpg,0
exploration,cross_same_variable,103,225,0103_2.jpg,0225_3.jpg,0
exploration,cross_same_variable,103,226,0103_2.jpg,0226_3.jpg,0
exploration,cross_same_variable,103,276,0103_2.jpg,0276_3.jpg,0
exploration,cross_same_variable,103,12,0103_2.jpg,0012_3.jpg,0
exploration,cross_same_variable,103,27,0103_2.jpg,0027_3.jpg,0
exploration,cross_same_variable,103,61,0103_2.jpg,0061_3.jpg,0
exploration,cross_same_variable,103,97,0103_2.jpg,0097_3.jpg,0
exploration,cross_same_variable,104,104,0104_2.jpg,0104_3.jpg,1
exploration,cross_same_variable,104,132,0104_2.jpg,0132_3.jpg,0
exploration,cross_same_variable,104,133,0104_2.jpg,0133_3.jpg,0
exploration,cross_same_variable,104,164,0104_2.jpg,0164_3.jpg,0
exploration,cross_same_variable,104,226,0104_2.jpg,0226_3.jpg,0
exploration,cross_same_variable,104,227,0104_2.jpg,0227_3.jpg,0
exploration,cross_same_variable,104,279,0104_2.jpg,0279_3.jpg,0
exploration,cross_same_variable,104,15,0104_2.jpg,0015_3.jpg,0
exploration,cross_same_variable,104,29,0104_2.jpg,0029_3.jpg,0
exploration,cross_same_variable,104,62,0104_2.jpg,0062_3.jpg,0
exploration,cross_same_variable,104,98,0104_2.jpg,0098_3.jpg,0
exploration,cross_same_variable,105,105,0105_2.jpg,0105_3.jpg,1
exploration,cross_same_variable,105,133,0105_2.jpg,0133_3.jpg,0
exploration,cross_same_variable,105,134,0105_2.jpg,0134_3.jpg,0
exploration,cross_same_variable,105,167,0105_2.jpg,0167_3.jpg,0
exploration,cross_same_variable,105,227,0105_2.jpg,0227_3.jpg,0
exploration,cross_same_variable,105,228,0105_2.jpg,0228_3.jpg,0
exploration,cross_same_variable,105,281,0105_2.jpg,0281_3.jpg,0
exploration,cross_same_variable,105,18,0105_2.jpg,0018_3.jpg,0
exploration,cross_same_variable,105,30,0105_2.jpg,0030_3.jpg,0
exploration,cross_same_variable,105,65,0105_2.jpg,0065_3.jpg,0
exploration,cross_same_variable,105,100,0105_2.jpg,0100_3.jpg,0
exploration,cross_same_variable,106,106,0106_2.jpg,0106_3.jpg,1
exploration,cross_same_variable,106,134,0106_2.jpg,0134_3.jpg,0
exploration,cross_same_variable,106,135,0106_2.jpg,0135_3.jpg,0
exploration,cross_same_variable,106,168,0106_2.jpg,0168_3.jpg,0
exploration,cross_same_variable,106,228,0106_2.jpg,0228_3.jpg,0
exploration,cross_same_variable,106,229,0106_2.jpg,0229_3.jpg,0
exploration,cross_same_variable,106,282,0106_2.jpg,0282_3.jpg,0
exploration,cross_same_variable,106,19,0106_2.jpg,0019_3.jpg,0
exploration,cross_same_variable,106,31,0106_2.jpg,0031_3.jpg,0
exploration,cross_same_variable,106,66,0106_2.jpg,0066_3.jpg,0
exploration,cross_same_variable,106,101,0106_2.jpg,0101_3.jpg,0
exploration,cross_same_variable,107,107,0107_2.jpg,0107_3.jpg,1
exploration,cross_same_variable,107,135,0107_2.jpg,0135_3.jpg,0
exploration,cross_same_variable,107,138,0107_2.jpg,0138_3.jpg,0
exploration,cross_same_variable,107,169,0107_2.jpg,0169_3.jpg,0
exploration,cross_same_variable,107,229,0107_2.jpg,0229_3.jpg,0
exploration,cross_same_variable,107,231,0107_2.jpg,0231_3.jpg,0
exploration,cross_same_variable,107,1,0107_2.jpg,0001_3.jpg,0
exploration,cross_same_variable,107,20,0107_2.jpg,0020_3.jpg,0
exploration,cross_same_variable,107,35,0107_2.jpg,0035_3.jpg,0
exploration,cross_same_variable,107,67,0107_2.jpg,0067_3.jpg,0
exploration,cross_same_variable,107,103,0107_2.jpg,0103_3.jpg,0
exploration,cross_same_variable,109,109,0109_2.jpg,0109_3.jpg,1
exploration,cross_same_variable,109,138,0109_2.jpg,0138_3.jpg,0
exploration,cross_same_variable,109,140,0109_2.jpg,0140_3.jpg,0
exploration,cross_same_variable,109,171,0109_2.jpg,0171_3.jpg,0
exploration,cross_same_variable,109,231,0109_2.jpg,0231_3.jpg,0
exploration,cross_same_variable,109,232,0109_2.jpg,0232_3.jpg,0
exploration,cross_same_variable,109,2,0109_2.jpg,0002_3.jpg,0
exploration,cross_same_variable,109,21,0109_2.jpg,0021_3.jpg,0
exploration,cross_same_variable,109,38,0109_2.jpg,0038_3.jpg,0
exploration,cross_same_variable,109,70,0109_2.jpg,0070_3.jpg,0
exploration,cross_same_variable,109,104,0109_2.jpg,0104_3.jpg,0
exploration,cross_same_variable,110,110,0110_2.jpg,0110_3.jpg,1
exploration,cross_same_variable,110,140,0110_2.jpg,0140_3.jpg,0
exploration,cross_same_variable,110,142,0110_2.jpg,0142_3.jpg,0
exploration,cross_same_variable,110,172,0110_2.jpg,0172_3.jpg,0
exploration,cross_same_variable,110,232,0110_2.jpg,0232_3.jpg,0
exploration,cross_same_variable,110,234,0110_2.jpg,0234_3.jpg,0
exploration,cross_same_variable,110,3,0110_2.jpg,0003_3.jpg,0
exploration,cross_same_variable,110,22,0110_2.jpg,0022_3.jpg,0
exploration,cross_same_variable,110,39,0110_2.jpg,0039_3.jpg,0
exploration,cross_same_variable,110,71,0110_2.jpg,0071_3.jpg,0
exploration,cross_same_variable,110,105,0110_2.jpg,0105_3.jpg,0
exploration,cross_same_variable,114,114,0114_2.jpg,0114_3.jpg,1
exploration,cross_same_variable,114,142,0114_2.jpg,0142_3.jpg,0
exploration,cross_same_variable,114,146,0114_2.jpg,0146_3.jpg,0
exploration,cross_same_variable,114,178,0114_2.jpg,0178_3.jpg,0
exploration,cross_same_variable,114,234,0114_2.jpg,0234_3.jpg,0
exploration,cross_same_variable,114,235,0114_2.jpg,0235_3.jpg,0
exploration,cross_same_variable,114,6,0114_2.jpg,0006_3.jpg,0
exploration,cross_same_variable,114,25,0114_2.jpg,0025_3.jpg,0
exploration,cross_same_variable,114,40,0114_2.jpg,0040_3.jpg,0
exploration,cross_same_variable,114,74,0114_2.jpg,0074_3.jpg,0
exploration,cross_same_variable,114,106,0114_2.jpg,0106_3.jpg,0
exploration,cross_same_variable,116,116,0116_2.jpg,0116_3.jpg,1
exploration,cross_same_variable,116,146,0116_2.jpg,0146_3.jpg,0
exploration,cross_same_variable,116,147,0116_2.jpg,0147_3.jpg,0
exploration,cross_same_variable,116,179,0116_2.jpg,0179_3.jpg,0
exploration,cross_same_variable,116,235,0116_2.jpg,0235_3.jpg,0
exploration,cross_same_variable,116,237,0116_2.jpg,0237_3.jpg,0
exploration,cross_same_variable,116,7,0116_2.jpg,0007_3.jpg,0
exploration,cross_same_variable,116,26,0116_2.jpg,0026_3.jpg,0
exploration,cross_same_variable,116,42,0116_2.jpg,0042_3.jpg,0
exploration,cross_same_variable,116,75,0116_2.jpg,0075_3.jpg,0
exploration,cross_same_variable,116,107,0116_2.jpg,0107_3.jpg,0
exploration,cross_same_variable,118,118,0118_2.jpg,0118_3.jpg,1
exploration,cross_same_variable,118,147,0118_2.jpg,0147_3.jpg,0
exploration,cross_same_variable,118,148,0118_2.jpg,0148_3.jpg,0
exploration,cross_same_variable,118,180,0118_2.jpg,0180_3.jpg,0
exploration,cross_same_variable,118,237,0118_2.jpg,0237_3.jpg,0
exploration,cross_same_variable,118,239,0118_2.jpg,0239_3.jpg,0
exploration,cross_same_variable,118,8,0118_2.jpg,0008_3.jpg,0
exploration,cross_same_variable,118,27,0118_2.jpg,0027_3.jpg,0
exploration,cross_same_variable,118,43,0118_2.jpg,0043_3.jpg,0
exploration,cross_same_variable,118,76,0118_2.jpg,0076_3.jpg,0
exploration,cross_same_variable,118,109,0118_2.jpg,0109_3.jpg,0
exploration,cross_same_variable,119,119,0119_2.jpg,0119_3.jpg,1
exploration,cross_same_variable,119,148,0119_2.jpg,0148_3.jpg,0
exploration,cross_same_variable,119,152,0119_2.jpg,0152_3.jpg,0
exploration,cross_same_variable,119,181,0119_2.jpg,0181_3.jpg,0
exploration,cross_same_variable,119,239,0119_2.jpg,0239_3.jpg,0
exploration,cross_same_variable,119,240,0119_2.jpg,0240_3.jpg,0
exploration,cross_same_variable,119,11,0119_2.jpg,0011_3.jpg,0
exploration,cross_same_variable,119,29,0119_2.jpg,0029_3.jpg,0
exploration,cross_same_variable,119,46,0119_2.jpg,0046_3.jpg,0
exploration,cross_same_variable,119,77,0119_2.jpg,0077_3.jpg,0
exploration,cross_same_variable,119,110,0119_2.jpg,0110_3.jpg,0
exploration,cross_same_variable,122,122,0122_2.jpg,0122_3.jpg,1
exploration,cross_same_variable,122,152,0122_2.jpg,0152_3.jpg,0
exploration,cross_same_variable,122,153,0122_2.jpg,0153_3.jpg,0
exploration,cross_same_variable,122,183,0122_2.jpg,0183_3.jpg,0
exploration,cross_same_variable,122,240,0122_2.jpg,0240_3.jpg,0
exploration,cross_same_variable,122,241,0122_2.jpg,0241_3.jpg,0
exploration,cross_same_variable,122,12,0122_2.jpg,0012_3.jpg,0
exploration,cross_same_variable,122,30,0122_2.jpg,0030_3.jpg,0
exploration,cross_same_variable,122,47,0122_2.jpg,0047_3.jpg,0
exploration,cross_same_variable,122,78,0122_2.jpg,0078_3.jpg,0
exploration,cross_same_variable,122,114,0122_2.jpg,0114_3.jpg,0
exploration,cross_same_variable,123,123,0123_2.jpg,0123_3.jpg,1
exploration,cross_same_variable,123,153,0123_2.jpg,0153_3.jpg,0
exploration,cross_same_variable,123,154,0123_2.jpg,0154_3.jpg,0
exploration,cross_same_variable,123,185,0123_2.jpg,0185_3.jpg,0
exploration,cross_same_variable,123,241,0123_2.jpg,0241_3.jpg,0
exploration,cross_same_variable,123,242,0123_2.jpg,0242_3.jpg,0
exploration,cross_same_variable,123,15,0123_2.jpg,0015_3.jpg,0
exploration,cross_same_variable,123,31,0123_2.jpg,0031_3.jpg,0
exploration,cross_same_variable,123,49,0123_2.jpg,0049_3.jpg,0
exploration,cross_same_variable,123,79,0123_2.jpg,0079_3.jpg,0
exploration,cross_same_variable,123,116,0123_2.jpg,0116_3.jpg,0
exploration,cross_same_variable,124,124,0124_2.jpg,0124_3.jpg,1
exploration,cross_same_variable,124,154,0124_2.jpg,0154_3.jpg,0
exploration,cross_same_variable,124,155,0124_2.jpg,0155_3.jpg,0
exploration,cross_same_variable,124,188,0124_2.jpg,0188_3.jpg,0
exploration,cross_same_variable,124,242,0124_2.jpg,0242_3.jpg,0
exploration,cross_same_variable,124,243,0124_2.jpg,0243_3.jpg,0
exploration,cross_same_variable,124,18,0124_2.jpg,0018_3.jpg,0
exploration,cross_same_variable,124,35,0124_2.jpg,0035_3.jpg,0
exploration,cross_same_variable,124,55,0124_2.jpg,0055_3.jpg,0
exploration,cross_same_variable,124,81,0124_2.jpg,0081_3.jpg,0
exploration,cross_same_variable,124,118,0124_2.jpg,0118_3.jpg,0
exploration,cross_same_variable,125,125,0125_2.jpg,0125_3.jpg,1
exploration,cross_same_variable,125,155,0125_2.jpg,0155_3.jpg,0
exploration,cross_same_variable,125,156,0125_2.jpg,0156_3.jpg,0
exploration,cross_same_variable,125,189,0125_2.jpg,0189_3.jpg,0
exploration,cross_same_variable,125,243,0125_2.jpg,0243_3.jpg,0
exploration,cross_same_variable,125,244,0125_2.jpg,0244_3.jpg,0
exploration,cross_same_variable,125,19,0125_2.jpg,0019_3.jpg,0
exploration,cross_same_variable,125,38,0125_2.jpg,0038_3.jpg,0
exploration,cross_same_variable,125,56,0125_2.jpg,0056_3.jpg,0
exploration,cross_same_variable,125,83,0125_2.jpg,0083_3.jpg,0
exploration,cross_same_variable,125,119,0125_2.jpg,0119_3.jpg,0
exploration,cross_same_variable,127,127,0127_2.jpg,0127_3.jpg,1
exploration,cross_same_variable,127,156,0127_2.jpg,0156_3.jpg,0
exploration,cross_same_variable,127,157,0127_2.jpg,0157_3.jpg,0
exploration,cross_same_variable,127,191,0127_2.jpg,0191_3.jpg,0
exploration,cross_same_variable,127,244,0127_2.jpg,0244_3.jpg,0
exploration,cross_same_variable,127,245,0127_2.jpg,0245_3.jpg,0
exploration,cross_same_variable,127,20,0127_2.jpg,0020_3.jpg,0
exploration,cross_same_variable,127,39,0127_2.jpg,0039_3.jpg,0
exploration,cross_same_variable,127,57,0127_2.jpg,0057_3.jpg,0
exploration,cross_same_variable,127,85,0127_2.jpg,0085_3.jpg,0
exploration,cross_same_variable,127,122,0127_2.jpg,0122_3.jpg,0
exploration,cross_same_variable,130,130,0130_2.jpg,0130_3.jpg,1
exploration,cross_same_variable,130,157,0130_2.jpg,0157_3.jpg,0
exploration,cross_same_variable,130,158,0130_2.jpg,0158_3.jpg,0
exploration,cross_same_variable,130,192,0130_2.jpg,0192_3.jpg,0
exploration,cross_same_variable,130,245,0130_2.jpg,0245_3.jpg,0
exploration,cross_same_variable,130,246,0130_2.jpg,0246_3.jpg,0
exploration,cross_same_variable,130,21,0130_2.jpg,0021_3.jpg,0
exploration,cross_same_variable,130,40,0130_2.jpg,0040_3.jpg,0
exploration,cross_same_variable,130,59,0130_2.jpg,0059_3.jpg,0
exploration,cross_same_variable,130,86,0130_2.jpg,0086_3.jpg,0
exploration,cross_same_variable,130,123,0130_2.jpg,0123_3.jpg,0
exploration,cross_same_variable,132,132,0132_2.jpg,0132_3.jpg,1
exploration,cross_same_variable,132,158,0132_2.jpg,0158_3.jpg,0
exploration,cross_same_variable,132,159,0132_2.jpg,0159_3.jpg,0
exploration,cross_same_variable,132,196,0132_2.jpg,0196_3.jpg,0
exploration,cross_same_variable,132,246,0132_2.jpg,0246_3.jpg,0
exploration,cross_same_variable,132,247,0132_2.jpg,0247_3.jpg,0
exploration,cross_same_variable,132,22,0132_2.jpg,0022_3.jpg,0
exploration,cross_same_variable,132,42,0132_2.jpg,0042_3.jpg,0
exploration,cross_same_variable,132,60,0132_2.jpg,0060_3.jpg,0
exploration,cross_same_variable,132,87,0132_2.jpg,0087_3.jpg,0
exploration,cross_same_variable,132,124,0132_2.jpg,0124_3.jpg,0
exploration,cross_same_variable,133,133,0133_2.jpg,0133_3.jpg,1
exploration,cross_same_variable,133,159,0133_2.jpg,0159_3.jpg,0
exploration,cross_same_variable,133,161,0133_2.jpg,0161_3.jpg,0
exploration,cross_same_variable,133,197,0133_2.jpg,0197_3.jpg,0
exploration,cross_same_variable,133,247,0133_2.jpg,0247_3.jpg,0
exploration,cross_same_variable,133,248,0133_2.jpg,0248_3.jpg,0
exploration,cross_same_variable,133,25,0133_2.jpg,0025_3.jpg,0
exploration,cross_same_variable,133,43,0133_2.jpg,0043_3.jpg,0
exploration,cross_same_variable,133,61,0133_2.jpg,0061_3.jpg,0
exploration,cross_same_variable,133,89,0133_2.jpg,0089_3.jpg,0
exploration,cross_same_variable,133,125,0133_2.jpg,0125_3.jpg,0
exploration,cross_same_variable,134,134,0134_2.jpg,0134_3.jpg,1
exploration,cross_same_variable,134,161,0134_2.jpg,0161_3.jpg,0
exploration,cross_same_variable,134,162,0134_2.jpg,0162_3.jpg,0
exploration,cross_same_variable,134,198,0134_2.jpg,0198_3.jpg,0
exploration,cross_same_variable,134,248,0134_2.jpg,0248_3.jpg,0
exploration,cross_same_variable,134,249,0134_2.jpg,0249_3.jpg,0
exploration,cross_same_variable,134,26,0134_2.jpg,0026_3.jpg,0
exploration,cross_same_variable,134,46,0134_2.jpg,0046_3.jpg,0
exploration,cross_same_variable,134,62,0134_2.jpg,0062_3.jpg,0
exploration,cross_same_variable,134,90,0134_2.jpg,0090_3.jpg,0
exploration,cross_same_variable,134,127,0134_2.jpg,0127_3.jpg,0
exploration,cross_same_variable,135,135,0135_2.jpg,0135_3.jpg,1
exploration,cross_same_variable,135,162,0135_2.jpg,0162_3.jpg,0
exploration,cross_same_variable,135,163,0135_2.jpg,0163_3.jpg,0
exploration,cross_same_variable,135,199,0135_2.jpg,0199_3.jpg,0
exploration,cross_same_variable,135,249,0135_2.jpg,0249_3.jpg,0
exploration,cross_same_variable,135,250,0135_2.jpg,0250_3.jpg,0
exploration,cross_same_variable,135,27,0135_2.jpg,0027_3.jpg,0
exploration,cross_same_variable,135,47,0135_2.jpg,0047_3.jpg,0
exploration,cross_same_variable,135,65,0135_2.jpg,0065_3.jpg,0
exploration,cross_same_variable,135,91,0135_2.jpg,0091_3.jpg,0
exploration,cross_same_variable,135,130,0135_2.jpg,0130_3.jpg,0
exploration,cross_same_variable,138,138,0138_2.jpg,0138_3.jpg,1
exploration,cross_same_variable,138,163,0138_2.jpg,0163_3.jpg,0
exploration,cross_same_variable,138,164,0138_2.jpg,0164_3.jpg,0
exploration,cross_same_variable,138,200,0138_2.jpg,0200_3.jpg,0
exploration,cross_same_variable,138,250,0138_2.jpg,0250_3.jpg,0
exploration,cross_same_variable,138,251,0138_2.jpg,0251_3.jpg,0
exploration,cross_same_variable,138,29,0138_2.jpg,0029_3.jpg,0
exploration,cross_same_variable,138,49,0138_2.jpg,0049_3.jpg,0
exploration,cross_same_variable,138,66,0138_2.jpg,0066_3.jpg,0
exploration,cross_same_variable,138,92,0138_2.jpg,0092_3.jpg,0
exploration,cross_same_variable,138,132,0138_2.jpg,0132_3.jpg,0
exploration,cross_same_variable,140,140,0140_2.jpg,0140_3.jpg,1
exploration,cross_same_variable,140,164,0140_2.jpg,0164_3.jpg,0
exploration,cross_same_variable,140,167,0140_2.jpg,0167_3.jpg,0
exploration,cross_same_variable,140,201,0140_2.jpg,0201_3.jpg,0
exploration,cross_same_variable,140,251,0140_2.jpg,0251_3.jpg,0
exploration,cross_same_variable,140,252,0140_2.jpg,0252_3.jpg,0
exploration,cross_same_variable,140,30,0140_2.jpg,0030_3.jpg,0
exploration,cross_same_variable,140,55,0140_2.jpg,0055_3.jpg,0
exploration,cross_same_variable,140,67,0140_2.jpg,0067_3.jpg,0
exploration,cross_same_variable,140,93,0140_2.jpg,0093_3.jpg,0
exploration,cross_same_variable,140,133,0140_2.jpg,0133_3.jpg,0
exploration,cross_same_variable,142,142,0142_2.jpg,0142_3.jpg,1
exploration,cross_same_variable,142,167,0142_2.jpg,0167_3.jpg,0
exploration,cross_same_variable,142,168,0142_2.jpg,0168_3.jpg,0
exploration,cross_same_variable,142,203,0142_2.jpg,0203_3.jpg,0
exploration,cross_same_variable,142,252,0142_2.jpg,0252_3.jpg,0
exploration,cross_same_variable,142,255,0142_2.jpg,0255_3.jpg,0
exploration,cross_same_variable,142,31,0142_2.jpg,0031_3.jpg,0
exploration,cross_same_variable,142,56,0142_2.jpg,0056_3.jpg,0
exploration,cross_same_variable,142,70,0142_2.jpg,0070_3.jpg,0
exploration,cross_same_variable,142,94,0142_2.jpg,0094_3.jpg,0
exploration,cross_same_variable,142,134,0142_2.jpg,0134_3.jpg,0
exploration,cross_same_variable,146,146,0146_2.jpg,0146_3.jpg,1
exploration,cross_same_variable,146,168,0146_2.jpg,0168_3.jpg,0
exploration,cross_same_variable,146,169,0146_2.jpg,0169_3.jpg,0
exploration,cross_same_variable,146,204,0146_2.jpg,0204_3.jpg,0
exploration,cross_same_variable,146,255,0146_2.jpg,0255_3.jpg,0
exploration,cross_same_variable,146,256,0146_2.jpg,0256_3.jpg,0
exploration,cross_same_variable,146,35,0146_2.jpg,0035_3.jpg,0
exploration,cross_same_variable,146,57,0146_2.jpg,0057_3.jpg,0
exploration,cross_same_variable,146,71,0146_2.jpg,0071_3.jpg,0
exploration,cross_same_variable,146,96,0146_2.jpg,0096_3.jpg,0
exploration,cross_same_variable,146,135,0146_2.jpg,0135_3.jpg,0
exploration,cross_same_variable,147,147,0147_2.jpg,0147_3.jpg,1
exploration,cross_same_variable,147,169,0147_2.jpg,0169_3.jpg,0
exploration,cross_same_variable,147,171,0147_2.jpg,0171_3.jpg,0
exploration,cross_same_variable,147,206,0147_2.jpg,0206_3.jpg,0
exploration,cross_same_variable,147,256,0147_2.jpg,0256_3.jpg,0
exploration,cross_same_variable,147,260,0147_2.jpg,0260_3.jpg,0
exploration,cross_same_variable,147,38,0147_2.jpg,0038_3.jpg,0
exploration,cross_same_variable,147,59,0147_2.jpg,0059_3.jpg,0
exploration,cross_same_variable,147,74,0147_2.jpg,0074_3.jpg,0
exploration,cross_same_variable,147,97,0147_2.jpg,0097_3.jpg,0
exploration,cross_same_variable,147,138,0147_2.jpg,0138_3.jpg,0
exploration,cross_same_variable,148,148,0148_2.jpg,0148_3.jpg,1
exploration,cross_same_variable,148,171,0148_2.jpg,0171_3.jpg,0
exploration,cross_same_variable,148,172,0148_2.jpg,0172_3.jpg,0
exploration,cross_same_variable,148,207,0148_2.jpg,0207_3.jpg,0
exploration,cross_same_variable,148,260,0148_2.jpg,0260_3.jpg,0
exploration,cross_same_variable,148,261,0148_2.jpg,0261_3.jpg,0
exploration,cross_same_variable,148,39,0148_2.jpg,0039_3.jpg,0
exploration,cross_same_variable,148,60,0148_2.jpg,0060_3.jpg,0
exploration,cross_same_variable,148,75,0148_2.jpg,0075_3.jpg,0
exploration,cross_same_variable,148,98,0148_2.jpg,0098_3.jpg,0
exploration,cross_same_variable,148,140,0148_2.jpg,0140_3.jpg,0
exploration,cross_same_variable,152,152,0152_2.jpg,0152_3.jpg,1
exploration,cross_same_variable,152,172,0152_2.jpg,0172_3.jpg,0
exploration,cross_same_variable,152,178,0152_2.jpg,0178_3.jpg,0
exploration,cross_same_variable,152,208,0152_2.jpg,0208_3.jpg,0
exploration,cross_same_variable,152,261,0152_2.jpg,0261_3.jpg,0
exploration,cross_same_variable,152,262,0152_2.jpg,0262_3.jpg,0
exploration,cross_same_variable,152,40,0152_2.jpg,0040_3.jpg,0
exploration,cross_same_variable,152,61,0152_2.jpg,0061_3.jpg,0
exploration,cross_same_variable,152,76,0152_2.jpg,0076_3.jpg,0
exploration,cross_same_variable,152,100,0152_2.jpg,0100_3.jpg,0
exploration,cross_same_variable,152,142,0152_2.jpg,0142_3.jpg,0
exploration,cross_same_variable,153,153,0153_2.jpg,0153_3.jpg,1
exploration,cross_same_variable,153,178,0153_2.jpg,0178_3.jpg,0
exploration,cross_same_variable,153,179,0153_2.jpg,0179_3.jpg,0
exploration,cross_same_variable,153,209,0153_2.jpg,0209_3.jpg,0
exploration,cross_same_variable,153,262,0153_2.jpg,0262_3.jpg,0
exploration,cross_same_variable,153,263,0153_2.jpg,0263_3.jpg,0
exploration,cross_same_variable,153,42,0153_2.jpg,0042_3.jpg,0
exploration,cross_same_variable,153,62,0153_2.jpg,0062_3.jpg,0
exploration,cross_same_variable,153,77,0153_2.jpg,0077_3.jpg,0
exploration,cross_same_variable,153,101,0153_2.jpg,0101_3.jpg,0
exploration,cross_same_variable,153,146,0153_2.jpg,0146_3.jpg,0
exploration,cross_same_variable,154,154,0154_2.jpg,0154_3.jpg,1
exploration,cross_same_variable,154,179,0154_2.jpg,0179_3.jpg,0
exploration,cross_same_variable,154,180,0154_2.jpg,0180_3.jpg,0
exploration,cross_same_variable,154,211,0154_2.jpg,0211_3.jpg,0
exploration,cross_same_variable,154,263,0154_2.jpg,0263_3.jpg,0
exploration,cross_same_variable,154,264,0154_2.jpg,0264_3.jpg,0
exploration,cross_same_variable,154,43,0154_2.jpg,0043_3.jpg,0
exploration,cross_same_variable,154,65,0154_2.jpg,0065_3.jpg,0
exploration,cross_same_variable,154,78,0154_2.jpg,0078_3.jpg,0
exploration,cross_same_variable,154,103,0154_2.jpg,0103_3.jpg,0
exploration,cross_same_variable,154,147,0154_2.jpg,0147_3.jpg,0
exploration,cross_same_variable,155,155,0155_2.jpg,0155_3.jpg,1
exploration,cross_same_variable,155,180,0155_2.jpg,0180_3.jpg,0
exploration,cross_same_variable,155,181,0155_2.jpg,0181_3.jpg,0
exploration,cross_same_variable,155,212,0155_2.jpg,0212_3.jpg,0
exploration,cross_same_variable,155,264,0155_2.jpg,0264_3.jpg,0
exploration,cross_same_variable,155,265,0155_2.jpg,0265_3.jpg,0
exploration,cross_same_variable,155,46,0155_2.jpg,0046_3.jpg,0
exploration,cross_same_variable,155,66,0155_2.jpg,0066_3.jpg,0
exploration,cross_same_variable,155,79,0155_2.jpg,0079_3.jpg,0
exploration,cross_same_variable,155,104,0155_2.jpg,0104_3.jpg,0
exploration,cross_same_variable,155,148,0155_2.jpg,0148_3.jpg,0
exploration,cross_same_variable,156,156,0156_2.jpg,0156_3.jpg,1
exploration,cross_same_variable,156,181,0156_2.jpg,0181_3.jpg,0
exploration,cross_same_variable,156,183,0156_2.jpg,0183_3.jpg,0
exploration,cross_same_variable,156,213,0156_2.jpg,0213_3.jpg,0
exploration,cross_same_variable,156,265,0156_2.jpg,0265_3.jpg,0
exploration,cross_same_variable,156,266,0156_2.jpg,0266_3.jpg,0
exploration,cross_same_variable,156,47,0156_2.jpg,0047_3.jpg,0
exploration,cross_same_variable,156,67,0156_2.jpg,0067_3.jpg,0
exploration,cross_same_variable,156,81,0156_2.jpg,0081_3.jpg,0
exploration,cross_same_variable,156,105,0156_2.jpg,0105_3.jpg,0
exploration,cross_same_variable,156,152,0156_2.jpg,0152_3.jpg,0
exploration,cross_same_variable,157,157,0157_2.jpg,0157_3.jpg,1
exploration,cross_same_variable,157,183,0157_2.jpg,0183_3.jpg,0
exploration,cross_same_variable,157,185,0157_2.jpg,0185_3.jpg,0
exploration,cross_same_variable,157,214,0157_2.jpg,0214_3.jpg,0
exploration,cross_same_variable,157,266,0157_2.jpg,0266_3.jpg,0
exploration,cross_same_variable,157,267,0157_2.jpg,0267_3.jpg,0
exploration,cross_same_variable,157,49,0157_2.jpg,0049_3.jpg,0
exploration,cross_same_variable,157,70,0157_2.jpg,0070_3.jpg,0
exploration,cross_same_variable,157,83,0157_2.jpg,0083_3.jpg,0
exploration,cross_same_variable,157,106,0157_2.jpg,0106_3.jpg,0
exploration,cross_same_variable,157,153,0157_2.jpg,0153_3.jpg,0
exploration,cross_same_variable,158,158,0158_2.jpg,0158_3.jpg,1
exploration,cross_same_variable,158,185,0158_2.jpg,0185_3.jpg,0
exploration,cross_same_variable,158,188,0158_2.jpg,0188_3.jpg,0
exploration,cross_same_variable,158,216,0158_2.jpg,0216_3.jpg,0
exploration,cross_same_variable,158,267,0158_2.jpg,0267_3.jpg,0
exploration,cross_same_variable,158,271,0158_2.jpg,0271_3.jpg,0
exploration,cross_same_variable,158,55,0158_2.jpg,0055_3.jpg,0
exploration,cross_same_variable,158,71,0158_2.jpg,0071_3.jpg,0
exploration,cross_same_variable,158,85,0158_2.jpg,0085_3.jpg,0
exploration,cross_same_variable,158,107,0158_2.jpg,0107_3.jpg,0
exploration,cross_same_variable,158,154,0158_2.jpg,0154_3.jpg,0
exploration,cross_same_variable,159,159,0159_2.jpg,0159_3.jpg,1
exploration,cross_same_variable,159,188,0159_2.jpg,0188_3.jpg,0
exploration,cross_same_variable,159,189,0159_2.jpg,0189_3.jpg,0
exploration,cross_same_variable,159,219,0159_2.jpg,0219_3.jpg,0
exploration,cross_same_variable,159,271,0159_2.jpg,0271_3.jpg,0
exploration,cross_same_variable,159,272,0159_2.jpg,0272_3.jpg,0
exploration,cross_same_variable,159,56,0159_2.jpg,0056_3.jpg,0
exploration,cross_same_variable,159,74,0159_2.jpg,0074_3.jpg,0
exploration,cross_same_variable,159,86,0159_2.jpg,0086_3.jpg,0
exploration,cross_same_variable,159,109,0159_2.jpg,0109_3.jpg,0
exploration,cross_same_variable,159,155,0159_2.jpg,0155_3.jpg,0
exploration,cross_same_variable,161,161,0161_2.jpg,0161_3.jpg,1
exploration,cross_same_variable,161,189,0161_2.jpg,0189_3.jpg,0
exploration,cross_same_variable,161,191,0161_2.jpg,0191_3.jpg,0
exploration,cross_same_variable,161,220,0161_2.jpg,0220_3.jpg,0
exploration,cross_same_variable,161,272,0161_2.jpg,0272_3.jpg,0
exploration,cross_same_variable,161,273,0161_2.jpg,0273_3.jpg,0
exploration,cross_same_variable,161,57,0161_2.jpg,0057_3.jpg,0
exploration,cross_same_variable,161,75,0161_2.jpg,0075_3.jpg,0
exploration,cross_same_variable,161,87,0161_2.jpg,0087_3.jpg,0
exploration,cross_same_variable,161,110,0161_2.jpg,0110_3.jpg,0
exploration,cross_same_variable,161,156,0161_2.jpg,0156_3.jpg,0
exploration,cross_same_variable,162,162,0162_2.jpg,0162_3.jpg,1
exploration,cross_same_variable,162,191,0162_2.jpg,0191_3.jpg,0
exploration,cross_same_variable,162,192,0162_2.jpg,0192_3.jpg,0
exploration,cross_same_variable,162,221,0162_2.jpg,0221_3.jpg,0
exploration,cross_same_variable,162,273,0162_2.jpg,0273_3.jpg,0
exploration,cross_same_variable,162,274,0162_2.jpg,0274_3.jpg,0
exploration,cross_same_variable,162,59,0162_2.jpg,0059_3.jpg,0
exploration,cross_same_variable,162,76,0162_2.jpg,0076_3.jpg,0
exploration,cross_same_variable,162,89,0162_2.jpg,0089_3.jpg,0
exploration,cross_same_variable,162,114,0162_2.jpg,0114_3.jpg,0
exploration,cross_same_variable,162,157,0162_2.jpg,0157_3.jpg,0
exploration,cross_same_variable,163,163,0163_2.jpg,0163_3.jpg,1
exploration,cross_same_variable,163,192,0163_2.jpg,0192_3.jpg,0
exploration,cross_same_variable,163,196,0163_2.jpg,0196_3.jpg,0
exploration,cross_same_variable,163,223,0163_2.jpg,0223_3.jpg,0
exploration,cross_same_variable,163,274,0163_2.jpg,0274_3.jpg,0
exploration,cross_same_variable,163,276,0163_2.jpg,0276_3.jpg,0
exploration,cross_same_variable,163,60,0163_2.jpg,0060_3.jpg,0
exploration,cross_same_variable,163,77,0163_2.jpg,0077_3.jpg,0
exploration,cross_same_variable,163,90,0163_2.jpg,0090_3.jpg,0
exploration,cross_same_variable,163,116,0163_2.jpg,0116_3.jpg,0
exploration,cross_same_variable,163,158,0163_2.jpg,0158_3.jpg,0
exploration,cross_same_variable,164,164,0164_2.jpg,0164_3.jpg,1
exploration,cross_same_variable,164,196,0164_2.jpg,0196_3.jpg,0
exploration,cross_same_variable,164,197,0164_2.jpg,0197_3.jpg,0
exploration,cross_same_variable,164,224,0164_2.jpg,0224_3.jpg,0
exploration,cross_same_variable,164,276,0164_2.jpg,0276_3.jpg,0
exploration,cross_same_variable,164,279,0164_2.jpg,0279_3.jpg,0
exploration,cross_same_variable,164,61,0164_2.jpg,0061_3.jpg,0
exploration,cross_same_variable,164,78,0164_2.jpg,0078_3.jpg,0
exploration,cross_same_variable,164,91,0164_2.jpg,0091_3.jpg,0
exploration,cross_same_variable,164,118,0164_2.jpg,0118_3.jpg,0
exploration,cross_same_variable,164,159,0164_2.jpg,0159_3.jpg,0
exploration,cross_same_variable,167,167,0167_2.jpg,0167_3.jpg,1
exploration,cross_same_variable,167,197,0167_2.jpg,0197_3.jpg,0
exploration,cross_same_variable,167,198,0167_2.jpg,0198_3.jpg,0
exploration,cross_same_variable,167,225,0167_2.jpg,0225_3.jpg,0
exploration,cross_same_variable,167,279,0167_2.jpg,0279_3.jpg,0
exploration,cross_same_variable,167,281,0167_2.jpg,0281_3.jpg,0
exploration,cross_same_variable,167,62,0167_2.jpg,0062_3.jpg,0
exploration,cross_same_variable,167,79,0167_2.jpg,0079_3.jpg,0
exploration,cross_same_variable,167,92,0167_2.jpg,0092_3.jpg,0
exploration,cross_same_variable,167,119,0167_2.jpg,0119_3.jpg,0
exploration,cross_same_variable,167,161,0167_2.jpg,0161_3.jpg,0
exploration,cross_same_variable,168,168,0168_2.jpg,0168_3.jpg,1
exploration,cross_same_variable,168,198,0168_2.jpg,0198_3.jpg,0
exploration,cross_same_variable,168,199,0168_2.jpg,0199_3.jpg,0
exploration,cross_same_variable,168,226,0168_2.jpg,0226_3.jpg,0
exploration,cross_same_variable,168,281,0168_2.jpg,0281_3.jpg,0
exploration,cross_same_variable,168,282,0168_2.jpg,0282_3.jpg,0
exploration,cross_same_variable,168,65,0168_2.jpg,0065_3.jpg,0
exploration,cross_same_variable,168,81,0168_2.jpg,0081_3.jpg,0
exploration,cross_same_variable,168,93,0168_2.jpg,0093_3.jpg,0
exploration,cross_same_variable,168,122,0168_2.jpg,0122_3.jpg,0
exploration,cross_same_variable,168,162,0168_2.jpg,0162_3.jpg,0
exploration,cross_same_variable,169,169,0169_2.jpg,0169_3.jpg,1
exploration,cross_same_variable,169,199,0169_2.jpg,0199_3.jpg,0
exploration,cross_same_variable,169,200,0169_2.jpg,0200_3.jpg,0
exploration,cross_same_variable,169,227,0169_2.jpg,0227_3.jpg,0
exploration,cross_same_variable,169,282,0169_2.jpg,0282_3.jpg,0
exploration,cross_same_variable,169,1,0169_2.jpg,0001_3.jpg,0
exploration,cross_same_variable,169,66,0169_2.jpg,0066_3.jpg,0
exploration,cross_same_variable,169,83,0169_2.jpg,0083_3.jpg,0
exploration,cross_same_variable,169,94,0169_2.jpg,0094_3.jpg,0
exploration,cross_same_variable,169,123,0169_2.jpg,0123_3.jpg,0
exploration,cross_same_variable,169,163,0169_2.jpg,0163_3.jpg,0
exploration,cross_same_variable,171,171,0171_2.jpg,0171_3.jpg,1
exploration,cross_same_variable,171,200,0171_2.jpg,0200_3.jpg,0
exploration,cross_same_variable,171,201,0171_2.jpg,0201_3.jpg,0
exploration,cross_same_variable,171,228,0171_2.jpg,0228_3.jpg,0
exploration,cross_same_variable,171,1,0171_2.jpg,0001_3.jpg,0
exploration,cross_same_variable,171,2,0171_2.jpg,0002_3.jpg,0
exploration,cross_same_variable,171,67,0171_2.jpg,0067_3.jpg,0
exploration,cross_same_variable,171,85,0171_2.jpg,0085_3.jpg,0
exploration,cross_same_variable,171,96,0171_2.jpg,0096_3.jpg,0
exploration,cross_same_variable,171,124,0171_2.jpg,0124_3.jpg,0
exploration,cross_same_variable,171,164,0171_2.jpg,0164_3.jpg,0
exploration,cross_same_variable,172,172,0172_2.jpg,0172_3.jpg,1
exploration,cross_same_variable,172,201,0172_2.jpg,0201_3.jpg,0
exploration,cross_same_variable,172,203,0172_2.jpg,0203_3.jpg,0
exploration,cross_same_variable,172,229,0172_2.jpg,0229_3.jpg,0
exploration,cross_same_variable,172,2,0172_2.jpg,0002_3.jpg,0
exploration,cross_same_variable,172,3,0172_2.jpg,0003_3.jpg,0
exploration,cross_same_variable,172,70,0172_2.jpg,0070_3.jpg,0
exploration,cross_same_variable,172,86,0172_2.jpg,0086_3.jpg,0
exploration,cross_same_variable,172,97,0172_2.jpg,0097_3.jpg,0
exploration,cross_same_variable,172,125,0172_2.jpg,0125_3.jpg,0
exploration,cross_same_variable,172,167,0172_2.jpg,0167_3.jpg,0
exploration,cross_same_variable,178,178,0178_2.jpg,0178_3.jpg,1
exploration,cross_same_variable,178,203,0178_2.jpg,0203_3.jpg,0
exploration,cross_same_variable,178,204,0178_2.jpg,0204_3.jpg,0
exploration,cross_same_variable,178,231,0178_2.jpg,0231_3.jpg,0
exploration,cross_same_variable,178,3,0178_2.jpg,0003_3.jpg,0
exploration,cross_same_variable,178,6,0178_2.jpg,0006_3.jpg,0
exploration,cross_same_variable,178,71,0178_2.jpg,0071_3.jpg,0
exploration,cross_same_variable,178,87,0178_2.jpg,0087_3.jpg,0
exploration,cross_same_variable,178,98,0178_2.jpg,0098_3.jpg,0
exploration,cross_same_variable,178,127,0178_2.jpg,0127_3.jpg,0
exploration,cross_same_variable,178,168,0178_2.jpg,0168_3.jpg,0
exploration,cross_same_variable,179,179,0179_2.jpg,0179_3.jpg,1
exploration,cross_same_variable,179,204,0179_2.jpg,0204_3.jpg,0
exploration,cross_same_variable,179,206,0179_2.jpg,0206_3.jpg,0
exploration,cross_same_variable,179,232,0179_2.jpg,0232_3.jpg,0
exploration,cross_same_variable,179,6,0179_2.jpg,0006_3.jpg,0
exploration,cross_same_variable,179,7,0179_2.jpg,0007_3.jpg,0
exploration,cross_same_variable,179,74,0179_2.jpg,0074_3.jpg,0
exploration,cross_same_variable,179,89,0179_2.jpg,0089_3.jpg,0
exploration,cross_same_variable,179,100,0179_2.jpg,0100_3.jpg,0
exploration,cross_same_variable,179,130,0179_2.jpg,0130_3.jpg,0
exploration,cross_same_variable,179,169,0179_2.jpg,0169_3.jpg,0
exploration,cross_same_variable,180,180,0180_2.jpg,0180_3.jpg,1
exploration,cross_same_variable,180,206,0180_2.jpg,0206_3.jpg,0
exploration,cross_same_variable,180,207,0180_2.jpg,0207_3.jpg,0
exploration,cross_same_variable,180,234,0180_2.jpg,0234_3.jpg,0
exploration,cross_same_variable,180,7,0180_2.jpg,0007_3.jpg,0
exploration,cross_same_variable,180,8,0180_2.jpg,0008_3.jpg,0
exploration,cross_same_variable,180,75,0180_2.jpg,0075_3.jpg,0
exploration,cross_same_variable,180,90,0180_2.jpg,0090_3.jpg,0
exploration,cross_same_variable,180,101,0180_2.jpg,0101_3.jpg,0
exploration,cross_same_variable,180,132,0180_2.jpg,0132_3.jpg,0
exploration,cross_same_variable,180,171,0180_2.jpg,0171_3.jpg,0
exploration,cross_same_variable,181,181,0181_2.jpg,0181_3.jpg,1
exploration,cross_same_variable,181,207,0181_2.jpg,0207_3.jpg,0
exploration,cross_same_variable,181,208,0181_2.jpg,0208_3.jpg,0
exploration,cross_same_variable,181,235,0181_2.jpg,0235_3.jpg,0
exploration,cross_same_variable,181,8,0181_2.jpg,0008_3.jpg,0
exploration,cross_same_variable,181,11,0181_2.jpg,0011_3.jpg,0
exploration,cross_same_variable,181,76,0181_2.jpg,0076_3.jpg,0
exploration,cross_same_variable,181,91,0181_2.jpg,0091_3.jpg,0
exploration,cross_same_variable,181,103,0181_2.jpg,0103_3.jpg,0
exploration,cross_same_variable,181,133,0181_2.jpg,0133_3.jpg,0
exploration,cross_same_variable,181,172,0181_2.jpg,0172_3.jpg,0
exploration,cross_same_variable,183,183,0183_2.jpg,0183_3.jpg,1
exploration,cross_same_variable,183,208,0183_2.jpg,0208_3.jpg,0
exploration,cross_same_variable,183,209,0183_2.jpg,0209_3.jpg,0
exploration,cross_same_variable,183,237,0183_2.jpg,0237_3.jpg,0
exploration,cross_same_variable,183,11,0183_2.jpg,0011_3.jpg,0
exploration,cross_same_variable,183,12,0183_2.jpg,0012_3.jpg,0
exploration,cross_same_variable,183,77,0183_2.jpg,0077_3.jpg,0
exploration,cross_same_variable,183,92,0183_2.jpg,0092_3.jpg,0
exploration,cross_same_variable,183,104,0183_2.jpg,0104_3.jpg,0
exploration,cross_same_variable,183,134,0183_2.jpg,0134_3.jpg,0
exploration,cross_same_variable,183,178,0183_2.jpg,0178_3.jpg,0
exploration,cross_same_variable,185,185,0185_2.jpg,0185_3.jpg,1
exploration,cross_same_variable,185,209,0185_2.jpg,0209_3.jpg,0
exploration,cross_same_variable,185,211,0185_2.jpg,0211_3.jpg,0
exploration,cross_same_variable,185,239,0185_2.jpg,0239_3.jpg,0
exploration,cross_same_variable,185,12,0185_2.jpg,0012_3.jpg,0
exploration,cross_same_variable,185,15,0185_2.jpg,0015_3.jpg,0
exploration,cross_same_variable,185,78,0185_2.jpg,0078_3.jpg,0
exploration,cross_same_variable,185,93,0185_2.jpg,0093_3.jpg,0
exploration,cross_same_variable,185,105,0185_2.jpg,0105_3.jpg,0
exploration,cross_same_variable,185,135,0185_2.jpg,0135_3.jpg,0
exploration,cross_same_variable,185,179,0185_2.jpg,0179_3.jpg,0
exploration,cross_same_variable,188,188,0188_2.jpg,0188_3.jpg,1
exploration,cross_same_variable,188,211,0188_2.jpg,0211_3.jpg,0
exploration,cross_same_variable,188,212,0188_2.jpg,0212_3.jpg,0
exploration,cross_same_variable,188,240,0188_2.jpg,0240_3.jpg,0
exploration,cross_same_variable,188,15,0188_2.jpg,0015_3.jpg,0
exploration,cross_same_variable,188,18,0188_2.jpg,0018_3.jpg,0
exploration,cross_same_variable,188,79,0188_2.jpg,0079_3.jpg,0
exploration,cross_same_variable,188,94,0188_2.jpg,0094_3.jpg,0
exploration,cross_same_variable,188,106,0188_2.jpg,0106_3.jpg,0
exploration,cross_same_variable,188,138,0188_2.jpg,0138_3.jpg,0
exploration,cross_same_variable,188,180,0188_2.jpg,0180_3.jpg,0
exploration,cross_same_variable,189,189,0189_2.jpg,0189_3.jpg,1
exploration,cross_same_variable,189,212,0189_2.jpg,0212_3.jpg,0
exploration,cross_same_variable,189,213,0189_2.jpg,0213_3.jpg,0
exploration,cross_same_variable,189,241,0189_2.jpg,0241_3.jpg,0
exploration,cross_same_variable,189,18,0189_2.jpg,0018_3.jpg,0
exploration,cross_same_variable,189,19,0189_2.jpg,0019_3.jpg,0
exploration,cross_same_variable,189,81,0189_2.jpg,0081_3.jpg,0
exploration,cross_same_variable,189,96,0189_2.jpg,0096_3.jpg,0
exploration,cross_same_variable,189,107,0189_2.jpg,0107_3.jpg,0
exploration,cross_same_variable,189,140,0189_2.jpg,0140_3.jpg,0
exploration,cross_same_variable,189,181,0189_2.jpg,0181_3.jpg,0
exploration,cross_same_variable,191,191,0191_2.jpg,0191_3.jpg,1
exploration,cross_same_variable,191,213,0191_2.jpg,0213_3.jpg,0
exploration,cross_same_variable,191,214,0191_2.jpg,0214_3.jpg,0
exploration,cross_same_variable,191,242,0191_2.jpg,0242_3.jpg,0
exploration,cross_same_variable,191,19,0191_2.jpg,0019_3.jpg,0
exploration,cross_same_variable,191,20,0191_2.jpg,0020_3.jpg,0
exploration,cross_same_variable,191,83,0191_2.jpg,0083_3.jpg,0
exploration,cross_same_variable,191,97,0191_2.jpg,0097_3.jpg,0
exploration,cross_same_variable,191,109,0191_2.jpg,0109_3.jpg,0
exploration,cross_same_variable,191,142,0191_2.jpg,0142_3.jpg,0
exploration,cross_same_variable,191,183,0191_2.jpg,0183_3.jpg,0
exploration,cross_same_variable,192,192,0192_2.jpg,0192_3.jpg,1
exploration,cross_same_variable,192,214,0192_2.jpg,0214_3.jpg,0
exploration,cross_same_variable,192,216,0192_2.jpg,0216_3.jpg,0
exploration,cross_same_variable,192,243,0192_2.jpg,0243_3.jpg,0
exploration,cross_same_variable,192,20,0192_2.jpg,0020_3.jpg,0
exploration,cross_same_variable,192,21,0192_2.jpg,0021_3.jpg,0
exploration,cross_same_variable,192,85,0192_2.jpg,0085_3.jpg,0
exploration,cross_same_variable,192,98,0192_2.jpg,0098_3.jpg,0
exploration,cross_same_variable,192,110,0192_2.jpg,0110_3.jpg,0
exploration,cross_same_variable,192,146,0192_2.jpg,0146_3.jpg,0
exploration,cross_same_variable,192,185,0192_2.jpg,0185_3.jpg,0
exploration,cross_same_variable,196,196,0196_2.jpg,0196_3.jpg,1
exploration,cross_same_variable,196,216,0196_2.jpg,0216_3.jpg,0
exploration,cross_same_variable,196,219,0196_2.jpg,0219_3.jpg,0
exploration,cross_same_variable,196,244,0196_2.jpg,0244_3.jpg,0
exploration,cross_same_variable,196,21,0196_2.jpg,0021_3.jpg,0
exploration,cross_same_variable,196,22,0196_2.jpg,0022_3.jpg,0
exploration,cross_same_variable,196,86,0196_2.jpg,0086_3.jpg,0
exploration,cross_same_variable,196,100,0196_2.jpg,0100_3.jpg,0
exploration,cross_same_variable,196,114,0196_2.jpg,0114_3.jpg,0
exploration,cross_same_variable,196,147,0196_2.jpg,0147_3.jpg,0
exploration,cross_same_variable,196,188,0196_2.jpg,0188_3.jpg,0
exploration,cross_same_variable,197,197,0197_2.jpg,0197_3.jpg,1
exploration,cross_same_variable,197,219,0197_2.jpg,0219_3.jpg,0
exploration,cross_same_variable,197,220,0197_2.jpg,0220_3.jpg,0
exploration,cross_same_variable,197,245,0197_2.jpg,0245_3.jpg,0
exploration,cross_same_variable,197,22,0197_2.jpg,0022_3.jpg,0
exploration,cross_same_variable,197,25,0197_2.jpg,0025_3.jpg,0
exploration,cross_same_variable,197,87,0197_2.jpg,0087_3.jpg,0
exploration,cross_same_variable,197,101,0197_2.jpg,0101_3.jpg,0
exploration,cross_same_variable,197,116,0197_2.jpg,0116_3.jpg,0
exploration,cross_same_variable,197,148,0197_2.jpg,0148_3.jpg,0
exploration,cross_same_variable,197,189,0197_2.jpg,0189_3.jpg,0
exploration,cross_same_variable,198,198,0198_2.jpg,0198_3.jpg,1
exploration,cross_same_variable,198,220,0198_2.jpg,0220_3.jpg,0
exploration,cross_same_variable,198,221,0198_2.jpg,0221_3.jpg,0
exploration,cross_same_variable,198,246,0198_2.jpg,0246_3.jpg,0
exploration,cross_same_variable,198,25,0198_2.jpg,0025_3.jpg,0
exploration,cross_same_variable,198,26,0198_2.jpg,0026_3.jpg,0
exploration,cross_same_variable,198,89,0198_2.jpg,0089_3.jpg,0
exploration,cross_same_variable,198,103,0198_2.jpg,0103_3.jpg,0
exploration,cross_same_variable,198,118,0198_2.jpg,0118_3.jpg,0
exploration,cross_same_variable,198,152,0198_2.jpg,0152_3.jpg,0
exploration,cross_same_variable,198,191,0198_2.jpg,0191_3.jpg,0
exploration,cross_same_variable,199,199,0199_2.jpg,0199_3.jpg,1
exploration,cross_same_variable,199,221,0199_2.jpg,0221_3.jpg,0
exploration,cross_same_variable,199,223,0199_2.jpg,0223_3.jpg,0
exploration,cross_same_variable,199,247,0199_2.jpg,0247_3.jpg,0
exploration,cross_same_variable,199,26,0199_2.jpg,0026_3.jpg,0
exploration,cross_same_variable,199,27,0199_2.jpg,0027_3.jpg,0
exploration,cross_same_variable,199,90,0199_2.jpg,0090_3.jpg,0
exploration,cross_same_variable,199,104,0199_2.jpg,0104_3.jpg,0
exploration,cross_same_variable,199,119,0199_2.jpg,0119_3.jpg,0
exploration,cross_same_variable,199,153,0199_2.jpg,0153_3.jpg,0
exploration,cross_same_variable,199,192,0199_2.jpg,0192_3.jpg,0
exploration,cross_same_variable,200,200,0200_2.jpg,0200_3.jpg,1
exploration,cross_same_variable,200,223,0200_2.jpg,0223_3.jpg,0
exploration,cross_same_variable,200,224,0200_2.jpg,0224_3.jpg,0
exploration,cross_same_variable,200,248,0200_2.jpg,0248_3.jpg,0
exploration,cross_same_variable,200,27,0200_2.jpg,0027_3.jpg,0
exploration,cross_same_variable,200,29,0200_2.jpg,0029_3.jpg,0
exploration,cross_same_variable,200,91,0200_2.jpg,0091_3.jpg,0
exploration,cross_same_variable,200,105,0200_2.jpg,0105_3.jpg,0
exploration,cross_same_variable,200,122,0200_2.jpg,0122_3.jpg,0
exploration,cross_same_variable,200,154,0200_2.jpg,0154_3.jpg,0
exploration,cross_same_variable,200,196,0200_2.jpg,0196_3.jpg,0
exploration,cross_same_variable,201,201,0201_2.jpg,0201_3.jpg,1
exploration,cross_same_variable,201,224,0201_2.jpg,0224_3.jpg,0
exploration,cross_same_variable,201,225,0201_2.jpg,0225_3.jpg,0
exploration,cross_same_variable,201,249,0201_2.jpg,0249_3.jpg,0
exploration,cross_same_variable,201,29,0201_2.jpg,0029_3.jpg,0
exploration,cross_same_variable,201,30,0201_2.jpg,0030_3.jpg,0
exploration,cross_same_variable,201,92,0201_2.jpg,0092_3.jpg,0
exploration,cross_same_variable,201,106,0201_2.jpg,0106_3.jpg,0
exploration,cross_same_variable,201,123,0201_2.jpg,0123_3.jpg,0
exploration,cross_same_variable,201,155,0201_2.jpg,0155_3.jpg,0
exploration,cross_same_variable,201,197,0201_2.jpg,0197_3.jpg,0
exploration,cross_same_variable,203,203,0203_2.jpg,0203_3.jpg,1
exploration,cross_same_variable,203,225,0203_2.jpg,0225_3.jpg,0
exploration,cross_same_variable,203,226,0203_2.jpg,0226_3.jpg,0
exploration,cross_same_variable,203,250,0203_2.jpg,0250_3.jpg,0
exploration,cross_same_variable,203,30,0203_2.jpg,0030_3.jpg,0
exploration,cross_same_variable,203,31,0203_2.jpg,0031_3.jpg,0
exploration,cross_same_variable,203,93,0203_2.jpg,0093_3.jpg,0
exploration,cross_same_variable,203,107,0203_2.jpg,0107_3.jpg,0
exploration,cross_same_variable,203,124,0203_2.jpg,0124_3.jpg,0
exploration,cross_same_variable,203,156,0203_2.jpg,0156_3.jpg,0
exploration,cross_same_variable,203,198,0203_2.jpg,0198_3.jpg,0
exploration,cross_same_variable,204,204,0204_2.jpg,0204_3.jpg,1
exploration,cross_same_variable,204,226,0204_2.jpg,0226_3.jpg,0
exploration,cross_same_variable,204,227,0204_2.jpg,0227_3.jpg,0
exploration,cross_same_variable,204,251,0204_2.jpg,0251_3.jpg,0
exploration,cross_same_variable,204,31,0204_2.jpg,0031_3.jpg,0
exploration,cross_same_variable,204,35,0204_2.jpg,0035_3.jpg,0
exploration,cross_same_variable,204,94,0204_2.jpg,0094_3.jpg,0
exploration,cross_same_variable,204,109,0204_2.jpg,0109_3.jpg,0
exploration,cross_same_variable,204,125,0204_2.jpg,0125_3.jpg,0
exploration,cross_same_variable,204,157,0204_2.jpg,0157_3.jpg,0
exploration,cross_same_variable,204,199,0204_2.jpg,0199_3.jpg,0
exploration,cross_same_variable,206,206,0206_2.jpg,0206_3.jpg,1
exploration,cross_same_variable,206,227,0206_2.jpg,0227_3.jpg,0
exploration,cross_same_variable,206,228,0206_2.jpg,0228_3.jpg,0
exploration,cross_same_variable,206,252,0206_2.jpg,0252_3.jpg,0
exploration,cross_same_variable,206,35,0206_2.jpg,0035_3.jpg,0
exploration,cross_same_variable,206,38,0206_2.jpg,0038_3.jpg,0
exploration,cross_same_variable,206,96,0206_2.jpg,0096_3.jpg,0
exploration,cross_same_variable,206,110,0206_2.jpg,0110_3.jpg,0
exploration,cross_same_variable,206,127,0206_2.jpg,0127_3.jpg,0
exploration,cross_same_variable,206,158,0206_2.jpg,0158_3.jpg,0
exploration,cross_same_variable,206,200,0206_2.jpg,0200_3.jpg,0
exploration,cross_same_variable,207,207,0207_2.jpg,0207_3.jpg,1
exploration,cross_same_variable,207,228,0207_2.jpg,0228_3.jpg,0
exploration,cross_same_variable,207,229,0207_2.jpg,0229_3.jpg,0
exploration,cross_same_variable,207,255,0207_2.jpg,0255_3.jpg,0
exploration,cross_same_variable,207,38,0207_2.jpg,0038_3.jpg,0
exploration,cross_same_variable,207,39,0207_2.jpg,0039_3.jpg,0
exploration,cross_same_variable,207,97,0207_2.jpg,0097_3.jpg,0
exploration,cross_same_variable,207,114,0207_2.jpg,0114_3.jpg,0
exploration,cross_same_variable,207,130,0207_2.jpg,0130_3.jpg,0
exploration,cross_same_variable,207,159,0207_2.jpg,0159_3.jpg,0
exploration,cross_same_variable,207,201,0207_2.jpg,0201_3.jpg,0
exploration,cross_same_variable,208,208,0208_2.jpg,0208_3.jpg,1
exploration,cross_same_variable,208,229,0208_2.jpg,0229_3.jpg,0
exploration,cross_same_variable,208,231,0208_2.jpg,0231_3.jpg,0
exploration,cross_same_variable,208,256,0208_2.jpg,0256_3.jpg,0
exploration,cross_same_variable,208,39,0208_2.jpg,0039_3.jpg,0
exploration,cross_same_variable,208,40,0208_2.jpg,0040_3.jpg,0
exploration,cross_same_variable,208,98,0208_2.jpg,0098_3.jpg,0
exploration,cross_same_variable,208,116,0208_2.jpg,0116_3.jpg,0
exploration,cross_same_variable,208,132,0208_2.jpg,0132_3.jpg,0
exploration,cross_same_variable,208,161,0208_2.jpg,0161_3.jpg,0
exploration,cross_same_variable,208,203,0208_2.jpg,0203_3.jpg,0
exploration,cross_same_variable,209,209,0209_2.jpg,0209_3.jpg,1
exploration,cross_same_variable,209,231,0209_2.jpg,0231_3.jpg,0
exploration,cross_same_variable,209,232,0209_2.jpg,0232_3.jpg,0
exploration,cross_same_variable,209,260,0209_2.jpg,0260_3.jpg,0
exploration,cross_same_variable,209,40,0209_2.jpg,0040_3.jpg,0
exploration,cross_same_variable,209,42,0209_2.jpg,0042_3.jpg,0
exploration,cross_same_variable,209,100,0209_2.jpg,0100_3.jpg,0
exploration,cross_same_variable,209,118,0209_2.jpg,0118_3.jpg,0
exploration,cross_same_variable,209,133,0209_2.jpg,0133_3.jpg,0
exploration,cross_same_variable,209,162,0209_2.jpg,0162_3.jpg,0
exploration,cross_same_variable,209,204,0209_2.jpg,0204_3.jpg,0
exploration,cross_same_variable,211,211,0211_2.jpg,0211_3.jpg,1
exploration,cross_same_variable,211,232,0211_2.jpg,0232_3.jpg,0
exploration,cross_same_variable,211,234,0211_2.jpg,0234_3.jpg,0
exploration,cross_same_variable,211,261,0211_2.jpg,0261_3.jpg,0
exploration,cross_same_variable,211,42,0211_2.jpg,0042_3.jpg,0
exploration,cross_same_variable,211,43,0211_2.jpg,0043_3.jpg,0
exploration,cross_same_variable,211,101,0211_2.jpg,0101_3.jpg,0
exploration,cross_same_variable,211,119,0211_2.jpg,0119_3.jpg,0
exploration,cross_same_variable,211,134,0211_2.jpg,0134_3.jpg,0
exploration,cross_same_variable,211,163,0211_2.jpg,0163_3.jpg,0
exploration,cross_same_variable,211,206,0211_2.jpg,0206_3.jpg,0
exploration,cross_same_variable,212,212,0212_2.jpg,0212_3.jpg,1
exploration,cross_same_variable,212,234,0212_2.jpg,0234_3.jpg,0
exploration,cross_same_variable,212,235,0212_2.jpg,0235_3.jpg,0
exploration,cross_same_variable,212,262,0212_2.jpg,0262_3.jpg,0
exploration,cross_same_variable,212,43,0212_2.jpg,0043_3.jpg,0
exploration,cross_same_variable,212,46,0212_2.jpg,0046_3.jpg,0
exploration,cross_same_variable,212,103,0212_2.jpg,0103_3.jpg,0
exploration,cross_same_variable,212,122,0212_2.jpg,0122_3.jpg,0
exploration,cross_same_variable,212,135,0212_2.jpg,0135_3.jpg,0
exploration,cross_same_variable,212,164,0212_2.jpg,0164_3.jpg,0
exploration,cross_same_variable,212,207,0212_2.jpg,0207_3.jpg,0
exploration,cross_same_variable,213,213,0213_2.jpg,0213_3.jpg,1
exploration,cross_same_variable,213,235,0213_2.jpg,0235_3.jpg,0
exploration,cross_same_variable,213,237,0213_2.jpg,0237_3.jpg,0
exploration,cross_same_variable,213,263,0213_2.jpg,0263_3.jpg,0
exploration,cross_same_variable,213,46,0213_2.jpg,0046_3.jpg,0
exploration,cross_same_variable,213,47,0213_2.jpg,0047_3.jpg,0
exploration,cross_same_variable,213,104,0213_2.jpg,0104_3.jpg,0
exploration,cross_same_variable,213,123,0213_2.jpg,0123_3.jpg,0
exploration,cross_same_variable,213,138,0213_2.jpg,0138_3.jpg,0
exploration,cross_same_variable,213,167,0213_2.jpg,0167_3.jpg,0
exploration,cross_same_variable,213,208,0213_2.jpg,0208_3.jpg,0
exploration,cross_same_variable,214,214,0214_2.jpg,0214_3.jpg,1
exploration,cross_same_variable,214,237,0214_2.jpg,0237_3.jpg,0
exploration,cross_same_variable,214,239,0214_2.jpg,0239_3.jpg,0
exploration,cross_same_variable,214,264,0214_2.jpg,0264_3.jpg,0
exploration,cross_same_variable,214,47,0214_2.jpg,0047_3.jpg,0
exploration,cross_same_variable,214,49,0214_2.jpg,0049_3.jpg,0
exploration,cross_same_variable,214,105,0214_2.jpg,0105_3.jpg,0
exploration,cross_same_variable,214,124,0214_2.jpg,0124_3.jpg,0
exploration,cross_same_variable,214,140,0214_2.jpg,0140_3.jpg,0
exploration,cross_same_variable,214,168,0214_2.jpg,0168_3.jpg,0
exploration,cross_same_variable,214,209,0214_2.jpg,0209_3.jpg,0
exploration,cross_same_variable,216,216,0216_2.jpg,0216_3.jpg,1
exploration,cross_same_variable,216,239,0216_2.jpg,0239_3.jpg,0
exploration,cross_same_variable,216,240,0216_2.jpg,0240_3.jpg,0
exploration,cross_same_variable,216,265,0216_2.jpg,0265_3.jpg,0
exploration,cross_same_variable,216,49,0216_2.jpg,0049_3.jpg,0
exploration,cross_same_variable,216,55,0216_2.jpg,0055_3.jpg,0
exploration,cross_same_variable,216,106,0216_2.jpg,0106_3.jpg,0
exploration,cross_same_variable,216,125,0216_2.jpg,0125_3.jpg,0
exploration,cross_same_variable,216,142,0216_2.jpg,0142_3.jpg,0
exploration,cross_same_variable,216,169,0216_2.jpg,0169_3.jpg,0
exploration,cross_same_variable,216,211,0216_2.jpg,0211_3.jpg,0
exploration,cross_same_variable,219,219,0219_2.jpg,0219_3.jpg,1
exploration,cross_same_variable,219,240,0219_2.jpg,0240_3.jpg,0
exploration,cross_same_variable,219,241,0219_2.jpg,0241_3.jpg,0
exploration,cross_same_variable,219,266,0219_2.jpg,0266_3.jpg,0
exploration,cross_same_variable,219,55,0219_2.jpg,0055_3.jpg,0
exploration,cross_same_variable,219,56,0219_2.jpg,0056_3.jpg,0
exploration,cross_same_variable,219,107,0219_2.jpg,0107_3.jpg,0
exploration,cross_same_variable,219,127,0219_2.jpg,0127_3.jpg,0
exploration,cross_same_variable,219,146,0219_2.jpg,0146_3.jpg,0
exploration,cross_same_variable,219,171,0219_2.jpg,0171_3.jpg,0
exploration,cross_same_variable,219,212,0219_2.jpg,0212_3.jpg,0
exploration,cross_same_variable,220,220,0220_2.jpg,0220_3.jpg,1
exploration,cross_same_variable,220,241,0220_2.jpg,0241_3.jpg,0
exploration,cross_same_variable,220,242,0220_2.jpg,0242_3.jpg,0
exploration,cross_same_variable,220,267,0220_2.jpg,0267_3.jpg,0
exploration,cross_same_variable,220,56,0220_2.jpg,0056_3.jpg,0
exploration,cross_same_variable,220,57,0220_2.jpg,0057_3.jpg,0
exploration,cross_same_variable,220,109,0220_2.jpg,0109_3.jpg,0
exploration,cross_same_variable,220,130,0220_2.jpg,0130_3.jpg,0
exploration,cross_same_variable,220,147,0220_2.jpg,0147_3.jpg,0
exploration,cross_same_variable,220,172,0220_2.jpg,0172_3.jpg,0
exploration,cross_same_variable,220,213,0220_2.jpg,0213_3.jpg,0
exploration,cross_same_variable,221,221,0221_2.jpg,0221_3.jpg,1
exploration,cross_same_variable,221,242,0221_2.jpg,0242_3.jpg,0
exploration,cross_same_variable,221,243,0221_2.jpg,0243_3.jpg,0
exploration,cross_same_variable,221,271,0221_2.jpg,0271_3.jpg,0
exploration,cross_same_variable,221,57,0221_2.jpg,0057_3.jpg,0
exploration,cross_same_variable,221,59,0221_2.jpg,0059_3.jpg,0
exploration,cross_same_variable,221,110,0221_2.jpg,0110_3.jpg,0
exploration,cross_same_variable,221,132,0221_2.jpg,0132_3.jpg,0
exploration,cross_same_variable,221,148,0221_2.jpg,0148_3.jpg,0
exploration,cross_same_variable,221,178,0221_2.jpg,0178_3.jpg,0
exploration,cross_same_variable,221,214,0221_2.jpg,0214_3.jpg,0
exploration,cross_same_variable,223,223,0223_2.jpg,0223_3.jpg,1
exploration,cross_same_variable,223,243,0223_2.jpg,0243_3.jpg,0
exploration,cross_same_variable,223,244,0223_2.jpg,0244_3.jpg,0
exploration,cross_same_variable,223,272,0223_2.jpg,0272_3.jpg,0
exploration,cross_same_variable,223,59,0223_2.jpg,0059_3.jpg,0
exploration,cross_same_variable,223,60,0223_2.jpg,0060_3.jpg,0
exploration,cross_same_variable,223,114,0223_2.jpg,0114_3.jpg,0
exploration,cross_same_variable,223,133,0223_2.jpg,0133_3.jpg,0
exploration,cross_same_variable,223,152,0223_2.jpg,0152_3.jpg,0
exploration,cross_same_variable,223,179,0223_2.jpg,0179_3.jpg,0
exploration,cross_same_variable,223,216,0223_2.jpg,0216_3.jpg,0
exploration,cross_same_variable,224,224,0224_2.jpg,0224_3.jpg,1
exploration,cross_same_variable,224,244,0224_2.jpg,0244_3.jpg,0
exploration,cross_same_variable,224,245,0224_2.jpg,0245_3.jpg,0
exploration,cross_same_variable,224,273,0224_2.jpg,0273_3.jpg,0
exploration,cross_same_variable,224,60,0224_2.jpg,0060_3.jpg,0
exploration,cross_same_variable,224,61,0224_2.jpg,0061_3.jpg,0
exploration,cross_same_variable,224,116,0224_2.jpg,0116_3.jpg,0
exploration,cross_same_variable,224,134,0224_2.jpg,0134_3.jpg,0
exploration,cross_same_variable,224,153,0224_2.jpg,0153_3.jpg,0
exploration,cross_same_variable,224,180,0224_2.jpg,0180_3.jpg,0
exploration,cross_same_variable,224,219,0224_2.jpg,0219_3.jpg,0
exploration,cross_same_variable,225,225,0225_2.jpg,0225_3.jpg,1
exploration,cross_same_variable,225,245,0225_2.jpg,0245_3.jpg,0
exploration,cross_same_variable,225,246,0225_2.jpg,0246_3.jpg,0
exploration,cross_same_variable,225,274,0225_2.jpg,0274_3.jpg,0
exploration,cross_same_variable,225,61,0225_2.jpg,0061_3.jpg,0
exploration,cross_same_variable,225,62,0225_2.jpg,0062_3.jpg,0
exploration,cross_same_variable,225,118,0225_2.jpg,0118_3.jpg,0
exploration,cross_same_variable,225,135,0225_2.jpg,0135_3.jpg,0
exploration,cross_same_variable,225,154,0225_2.jpg,0154_3.jpg,0
exploration,cross_same_variable,225,181,0225_2.jpg,0181_3.jpg,0
exploration,cross_same_variable,225,220,0225_2.jpg,0220_3.jpg,0
exploration,cross_same_variable,226,226,0226_2.jpg,0226_3.jpg,1
exploration,cross_same_variable,226,246,0226_2.jpg,0246_3.jpg,0
exploration,cross_same_variable,226,247,0226_2.jpg,0247_3.jpg,0
exploration,cross_same_variable,226,276,0226_2.jpg,0276_3.jpg,0
exploration,cross_same_variable,226,62,0226_2.jpg,0062_3.jpg,0
exploration,cross_same_variable,226,65,0226_2.jpg,0065_3.jpg,0
exploration,cross_same_variable,226,119,0226_2.jpg,0119_3.jpg,0
exploration,cross_same_variable,226,138,0226_2.jpg,0138_3.jpg,0
exploration,cross_same_variable,226,155,0226_2.jpg,0155_3.jpg,0
exploration,cross_same_variable,226,183,0226_2.jpg,0183_3.jpg,0
exploration,cross_same_variable,226,221,0226_2.jpg,0221_3.jpg,0
exploration,cross_same_variable,227,227,0227_2.jpg,0227_3.jpg,1
exploration,cross_same_variable,227,247,0227_2.jpg,0247_3.jpg,0
exploration,cross_same_variable,227,248,0227_2.jpg,0248_3.jpg,0
exploration,cross_same_variable,227,279,0227_2.jpg,0279_3.jpg,0
exploration,cross_same_variable,227,65,0227_2.jpg,0065_3.jpg,0
exploration,cross_same_variable,227,66,0227_2.jpg,0066_3.jpg,0
exploration,cross_same_variable,227,122,0227_2.jpg,0122_3.jpg,0
exploration,cross_same_variable,227,140,0227_2.jpg,0140_3.jpg,0
exploration,cross_same_variable,227,156,0227_2.jpg,0156_3.jpg,0
exploration,cross_same_variable,227,185,0227_2.jpg,0185_3.jpg,0
exploration,cross_same_variable,227,223,0227_2.jpg,0223_3.jpg,0
exploration,cross_same_variable,228,228,0228_2.jpg,0228_3.jpg,1
exploration,cross_same_variable,228,248,0228_2.jpg,0248_3.jpg,0
exploration,cross_same_variable,228,249,0228_2.jpg,0249_3.jpg,0
exploration,cross_same_variable,228,281,0228_2.jpg,0281_3.jpg,0
exploration,cross_same_variable,228,66,0228_2.jpg,0066_3.jpg,0
exploration,cross_same_variable,228,67,0228_2.jpg,0067_3.jpg,0
exploration,cross_same_variable,228,123,0228_2.jpg,0123_3.jpg,0
exploration,cross_same_variable,228,142,0228_2.jpg,0142_3.jpg,0
exploration,cross_same_variable,228,157,0228_2.jpg,0157_3.jpg,0
exploration,cross_same_variable,228,188,0228_2.jpg,0188_3.jpg,0
exploration,cross_same_variable,228,224,0228_2.jpg,0224_3.jpg,0
exploration,cross_same_variable,229,229,0229_2.jpg,0229_3.jpg,1
exploration,cross_same_variable,229,249,0229_2.jpg,0249_3.jpg,0
exploration,cross_same_variable,229,250,0229_2.jpg,0250_3.jpg,0
exploration,cross_same_variable,229,282,0229_2.jpg,0282_3.jpg,0
exploration,cross_same_variable,229,67,0229_2.jpg,0067_3.jpg,0
exploration,cross_same_variable,229,70,0229_2.jpg,0070_3.jpg,0
exploration,cross_same_variable,229,124,0229_2.jpg,0124_3.jpg,0
exploration,cross_same_variable,229,146,0229_2.jpg,0146_3.jpg,0
exploration,cross_same_variable,229,158,0229_2.jpg,0158_3.jpg,0
exploration,cross_same_variable,229,189,0229_2.jpg,0189_3.jpg,0
exploration,cross_same_variable,229,225,0229_2.jpg,0225_3.jpg,0
exploration,cross_same_variable,231,231,0231_2.jpg,0231_3.jpg,1
exploration,cross_same_variable,231,250,0231_2.jpg,0250_3.jpg,0
exploration,cross_same_variable,231,251,0231_2.jpg,0251_3.jpg,0
exploration,cross_same_variable,231,1,0231_2.jpg,0001_3.jpg,0
exploration,cross_same_variable,231,70,0231_2.jpg,0070_3.jpg,0
exploration,cross_same_variable,231,71,0231_2.jpg,0071_3.jpg,0
exploration,cross_same_variable,231,125,0231_2.jpg,0125_3.jpg,0
exploration,cross_same_variable,231,147,0231_2.jpg,0147_3.jpg,0
exploration,cross_same_variable,231,159,0231_2.jpg,0159_3.jpg,0
exploration,cross_same_variable,231,191,0231_2.jpg,0191_3.jpg,0
exploration,cross_same_variable,231,226,0231_2.jpg,0226_3.jpg,0
exploration,cross_same_variable,232,232,0232_2.jpg,0232_3.jpg,1
exploration,cross_same_variable,232,251,0232_2.jpg,0251_3.jpg,0
exploration,cross_same_variable,232,252,0232_2.jpg,0252_3.jpg,0
exploration,cross_same_variable,232,2,0232_2.jpg,0002_3.jpg,0
exploration,cross_same_variable,232,71,0232_2.jpg,0071_3.jpg,0
exploration,cross_same_variable,232,74,0232_2.jpg,0074_3.jpg,0
exploration,cross_same_variable,232,127,0232_2.jpg,0127_3.jpg,0
exploration,cross_same_variable,232,148,0232_2.jpg,0148_3.jpg,0
exploration,cross_same_variable,232,161,0232_2.jpg,0161_3.jpg,0
exploration,cross_same_variable,232,192,0232_2.jpg,0192_3.jpg,0
exploration,cross_same_variable,232,227,0232_2.jpg,0227_3.jpg,0
exploration,cross_same_variable,234,234,0234_2.jpg,0234_3.jpg,1
exploration,cross_same_variable,234,252,0234_2.jpg,0252_3.jpg,0
exploration,cross_same_variable,234,255,0234_2.jpg,0255_3.jpg,0
exploration,cross_same_variable,234,3,0234_2.jpg,0003_3.jpg,0
exploration,cross_same_variable,234,74,0234_2.jpg,0074_3.jpg,0
exploration,cross_same_variable,234,75,0234_2.jpg,0075_3.jpg,0
exploration,cross_same_variable,234,130,0234_2.jpg,0130_3.jpg,0
exploration,cross_same_variable,234,152,0234_2.jpg,0152_3.jpg,0
exploration,cross_same_variable,234,162,0234_2.jpg,0162_3.jpg,0
exploration,cross_same_variable,234,196,0234_2.jpg,0196_3.jpg,0
exploration,cross_same_variable,234,228,0234_2.jpg,0228_3.jpg,0
exploration,cross_same_variable,235,235,0235_2.jpg,0235_3.jpg,1
exploration,cross_same_variable,235,255,0235_2.jpg,0255_3.jpg,0
exploration,cross_same_variable,235,256,0235_2.jpg,0256_3.jpg,0
exploration,cross_same_variable,235,6,0235_2.jpg,0006_3.jpg,0
exploration,cross_same_variable,235,75,0235_2.jpg,0075_3.jpg,0
exploration,cross_same_variable,235,76,0235_2.jpg,0076_3.jpg,0
exploration,cross_same_variable,235,132,0235_2.jpg,0132_3.jpg,0
exploration,cross_same_variable,235,153,0235_2.jpg,0153_3.jpg,0
exploration,cross_same_variable,235,163,0235_2.jpg,0163_3.jpg,0
exploration,cross_same_variable,235,197,0235_2.jpg,0197_3.jpg,0
exploration,cross_same_variable,235,229,0235_2.jpg,0229_3.jpg,0
exploration,cross_same_variable,237,237,0237_2.jpg,0237_3.jpg,1
exploration,cross_same_variable,237,256,0237_2.jpg,0256_3.jpg,0
exploration,cross_same_variable,237,260,0237_2.jpg,0260_3.jpg,0
exploration,cross_same_variable,237,7,0237_2.jpg,0007_3.jpg,0
exploration,cross_same_variable,237,76,0237_2.jpg,0076_3.jpg,0
exploration,cross_same_variable,237,77,0237_2.jpg,0077_3.jpg,0
exploration,cross_same_variable,237,133,0237_2.jpg,0133_3.jpg,0
exploration,cross_same_variable,237,154,0237_2.jpg,0154_3.jpg,0
exploration,cross_same_variable,237,164,0237_2.jpg,0164_3.jpg,0
exploration,cross_same_variable,237,198,0237_2.jpg,0198_3.jpg,0
exploration,cross_same_variable,237,231,0237_2.jpg,0231_3.jpg,0
exploration,cross_same_variable,239,239,0239_2.jpg,0239_3.jpg,1
exploration,cross_same_variable,239,260,0239_2.jpg,0260_3.jpg,0
exploration,cross_same_variable,239,261,0239_2.jpg,0261_3.jpg,0
exploration,cross_same_variable,239,8,0239_2.jpg,0008_3.jpg,0
exploration,cross_same_variable,239,77,0239_2.jpg,0077_3.jpg,0
exploration,cross_same_variable,239,78,0239_2.jpg,0078_3.jpg,0
exploration,cross_same_variable,239,134,0239_2.jpg,0134_3.jpg,0
exploration,cross_same_variable,239,155,0239_2.jpg,0155_3.jpg,0
exploration,cross_same_variable,239,167,0239_2.jpg,0167_3.jpg,0
exploration,cross_same_variable,239,199,0239_2.jpg,0199_3.jpg,0
exploration,cross_same_variable,239,232,0239_2.jpg,0232_3.jpg,0
exploration,cross_same_variable,240,240,0240_2.jpg,0240_3.jpg,1
exploration,cross_same_variable,240,261,0240_2.jpg,0261_3.jpg,0
exploration,cross_same_variable,240,262,0240_2.jpg,0262_3.jpg,0
exploration,cross_same_variable,240,11,0240_2.jpg,0011_3.jpg,0
exploration,cross_same_variable,240,78,0240_2.jpg,0078_3.jpg,0
exploration,cross_same_variable,240,79,0240_2.jpg,0079_3.jpg,0
exploration,cross_same_variable,240,135,0240_2.jpg,0135_3.jpg,0
exploration,cross_same_variable,240,156,0240_2.jpg,0156_3.jpg,0
exploration,cross_same_variable,240,168,0240_2.jpg,0168_3.jpg,0
exploration,cross_same_variable,240,200,0240_2.jpg,0200_3.jpg,0
exploration,cross_same_variable,240,234,0240_2.jpg,0234_3.jpg,0
exploration,cross_same_variable,241,241,0241_2.jpg,0241_3.jpg,1
exploration,cross_same_variable,241,262,0241_2.jpg,0262_3.jpg,0
exploration,cross_same_variable,241,263,0241_2.jpg,0263_3.jpg,0
exploration,cross_same_variable,241,12,0241_2.jpg,0012_3.jpg,0
exploration,cross_same_variable,241,79,0241_2.jpg,0079_3.jpg,0
exploration,cross_same_variable,241,81,0241_2.jpg,0081_3.jpg,0
exploration,cross_same_variable,241,138,0241_2.jpg,0138_3.jpg,0
exploration,cross_same_variable,241,157,0241_2.jpg,0157_3.jpg,0
exploration,cross_same_variable,241,169,0241_2.jpg,0169_3.jpg,0
exploration,cross_same_variable,241,201,0241_2.jpg,0201_3.jpg,0
exploration,cross_same_variable,241,235,0241_2.jpg,0235_3.jpg,0
exploration,cross_same_variable,242,242,0242_2.jpg,0242_3.jpg,1
exploration,cross_same_variable,242,263,0242_2.jpg,0263_3.jpg,0
exploration,cross_same_variable,242,264,0242_2.jpg,0264_3.jpg,0
exploration,cross_same_variable,242,15,0242_2.jpg,0015_3.jpg,0
exploration,cross_same_variable,242,81,0242_2.jpg,0081_3.jpg,0
exploration,cross_same_variable,242,83,0242_2.jpg,0083_3.jpg,0
exploration,cross_same_variable,242,140,0242_2.jpg,0140_3.jpg,0
exploration,cross_same_variable,242,158,0242_2.jpg,0158_3.jpg,0
exploration,cross_same_variable,242,171,0242_2.jpg,0171_3.jpg,0
exploration,cross_same_variable,242,203,0242_2.jpg,0203_3.jpg,0
exploration,cross_same_variable,242,237,0242_2.jpg,0237_3.jpg,0
exploration,cross_same_variable,243,243,0243_2.jpg,0243_3.jpg,1
exploration,cross_same_variable,243,264,0243_2.jpg,0264_3.jpg,0
exploration,cross_same_variable,243,265,0243_2.jpg,0265_3.jpg,0
exploration,cross_same_variable,243,18,0243_2.jpg,0018_3.jpg,0
exploration,cross_same_variable,243,83,0243_2.jpg,0083_3.jpg,0
exploration,cross_same_variable,243,85,0243_2.jpg,0085_3.jpg,0
exploration,cross_same_variable,243,142,0243_2.jpg,0142_3.jpg,0
exploration,cross_same_variable,243,159,0243_2.jpg,0159_3.jpg,0
exploration,cross_same_variable,243,172,0243_2.jpg,0172_3.jpg,0
exploration,cross_same_variable,243,204,0243_2.jpg,0204_3.jpg,0
exploration,cross_same_variable,243,239,0243_2.jpg,0239_3.jpg,0
exploration,cross_same_variable,244,244,0244_2.jpg,0244_3.jpg,1
exploration,cross_same_variable,244,265,0244_2.jpg,0265_3.jpg,0
exploration,cross_same_variable,244,266,0244_2.jpg,0266_3.jpg,0
exploration,cross_same_variable,244,19,0244_2.jpg,0019_3.jpg,0
exploration,cross_same_variable,244,85,0244_2.jpg,0085_3.jpg,0
exploration,cross_same_variable,244,86,0244_2.jpg,0086_3.jpg,0
exploration,cross_same_variable,244,146,0244_2.jpg,0146_3.jpg,0
exploration,cross_same_variable,244,161,0244_2.jpg,0161_3.jpg,0
exploration,cross_same_variable,244,178,0244_2.jpg,0178_3.jpg,0
exploration,cross_same_variable,244,206,0244_2.jpg,0206_3.jpg,0
exploration,cross_same_variable,244,240,0244_2.jpg,0240_3.jpg,0
exploration,cross_same_variable,245,245,0245_2.jpg,0245_3.jpg,1
exploration,cross_same_variable,245,266,0245_2.jpg,0266_3.jpg,0
exploration,cross_same_variable,245,267,0245_2.jpg,0267_3.jpg,0
exploration,cross_same_variable,245,20,0245_2.jpg,0020_3.jpg,0
exploration,cross_same_variable,245,86,0245_2.jpg,0086_3.jpg,0
exploration,cross_same_variable,245,87,0245_2.jpg,0087_3.jpg,0
exploration,cross_same_variable,245,147,0245_2.jpg,0147_3.jpg,0
exploration,cross_same_variable,245,162,0245_2.jpg,0162_3.jpg,0
exploration,cross_same_variable,245,179,0245_2.jpg,0179_3.jpg,0
exploration,cross_same_variable,245,207,0245_2.jpg,0207_3.jpg,0
exploration,cross_same_variable,245,241,0245_2.jpg,0241_3.jpg,0
exploration,cross_same_variable,246,246,0246_2.jpg,0246_3.jpg,1
exploration,cross_same_variable,246,267,0246_2.jpg,0267_3.jpg,0
exploration,cross_same_variable,246,271,0246_2.jpg,0271_3.jpg,0
exploration,cross_same_variable,246,21,0246_2.jpg,0021_3.jpg,0
exploration,cross_same_variable,246,87,0246_2.jpg,0087_3.jpg,0
exploration,cross_same_variable,246,89,0246_2.jpg,0089_3.jpg,0
exploration,cross_same_variable,246,148,0246_2.jpg,0148_3.jpg,0
exploration,cross_same_variable,246,163,0246_2.jpg,0163_3.jpg,0
exploration,cross_same_variable,246,180,0246_2.jpg,0180_3.jpg,0
exploration,cross_same_variable,246,208,0246_2.jpg,0208_3.jpg,0
exploration,cross_same_variable,246,242,0246_2.jpg,0242_3.jpg,0
exploration,cross_same_variable,247,247,0247_2.jpg,0247_3.jpg,1
exploration,cross_same_variable,247,271,0247_2.jpg,0271_3.jpg,0
exploration,cross_same_variable,247,272,0247_2.jpg,0272_3.jpg,0
exploration,cross_same_variable,247,22,0247_2.jpg,0022_3.jpg,0
exploration,cross_same_variable,247,89,0247_2.jpg,0089_3.jpg,0
exploration,cross_same_variable,247,90,0247_2.jpg,0090_3.jpg,0
exploration,cross_same_variable,247,152,0247_2.jpg,0152_3.jpg,0
exploration,cross_same_variable,247,164,0247_2.jpg,0164_3.jpg,0
exploration,cross_same_variable,247,181,0247_2.jpg,0181_3.jpg,0
exploration,cross_same_variable,247,209,0247_2.jpg,0209_3.jpg,0
exploration,cross_same_variable,247,243,0247_2.jpg,0243_3.jpg,0
exploration,cross_same_variable,248,248,0248_2.jpg,0248_3.jpg,1
exploration,cross_same_variable,248,272,0248_2.jpg,0272_3.jpg,0
exploration,cross_same_variable,248,273,0248_2.jpg,0273_3.jpg,0
exploration,cross_same_variable,248,25,0248_2.jpg,0025_3.jpg,0
exploration,cross_same_variable,248,90,0248_2.jpg,0090_3.jpg,0
exploration,cross_same_variable,248,91,0248_2.jpg,0091_3.jpg,0
exploration,cross_same_variable,248,153,0248_2.jpg,0153_3.jpg,0
exploration,cross_same_variable,248,167,0248_2.jpg,0167_3.jpg,0
exploration,cross_same_variable,248,183,0248_2.jpg,0183_3.jpg,0
exploration,cross_same_variable,248,211,0248_2.jpg,0211_3.jpg,0
exploration,cross_same_variable,248,244,0248_2.jpg,0244_3.jpg,0
exploration,cross_same_variable,249,249,0249_2.jpg,0249_3.jpg,1
exploration,cross_same_variable,249,273,0249_2.jpg,0273_3.jpg,0
exploration,cross_same_variable,249,274,0249_2.jpg,0274_3.jpg,0
exploration,cross_same_variable,249,26,0249_2.jpg,0026_3.jpg,0
exploration,cross_same_variable,249,91,0249_2.jpg,0091_3.jpg,0
exploration,cross_same_variable,249,92,0249_2.jpg,0092_3.jpg,0
exploration,cross_same_variable,249,154,0249_2.jpg,0154_3.jpg,0
exploration,cross_same_variable,249,168,0249_2.jpg,0168_3.jpg,0
exploration,cross_same_variable,249,185,0249_2.jpg,0185_3.jpg,0
exploration,cross_same_variable,249,212,0249_2.jpg,0212_3.jpg,0
exploration,cross_same_variable,249,245,0249_2.jpg,0245_3.jpg,0
exploration,cross_same_variable,250,250,0250_2.jpg,0250_3.jpg,1
exploration,cross_same_variable,250,274,0250_2.jpg,0274_3.jpg,0
exploration,cross_same_variable,250,276,0250_2.jpg,0276_3.jpg,0
exploration,cross_same_variable,250,27,0250_2.jpg,0027_3.jpg,0
exploration,cross_same_variable,250,92,0250_2.jpg,0092_3.jpg,0
exploration,cross_same_variable,250,93,0250_2.jpg,0093_3.jpg,0
exploration,cross_same_variable,250,155,0250_2.jpg,0155_3.jpg,0
exploration,cross_same_variable,250,169,0250_2.jpg,0169_3.jpg,0
exploration,cross_same_variable,250,188,0250_2.jpg,0188_3.jpg,0
exploration,cross_same_variable,250,213,0250_2.jpg,0213_3.jpg,0
exploration,cross_same_variable,250,246,0250_2.jpg,0246_3.jpg,0
exploration,cross_same_variable,251,251,0251_2.jpg,0251_3.jpg,1
exploration,cross_same_variable,251,276,0251_2.jpg,0276_3.jpg,0
exploration,cross_same_variable,251,279,0251_2.jpg,0279_3.jpg,0
exploration,cross_same_variable,251,29,0251_2.jpg,0029_3.jpg,0
exploration,cross_same_variable,251,93,0251_2.jpg,0093_3.jpg,0
exploration,cross_same_variable,251,94,0251_2.jpg,0094_3.jpg,0
exploration,cross_same_variable,251,156,0251_2.jpg,0156_3.jpg,0
exploration,cross_same_variable,251,171,0251_2.jpg,0171_3.jpg,0
exploration,cross_same_variable,251,189,0251_2.jpg,0189_3.jpg,0
exploration,cross_same_variable,251,214,0251_2.jpg,0214_3.jpg,0
exploration,cross_same_variable,251,247,0251_2.jpg,0247_3.jpg,0
exploration,cross_same_variable,252,252,0252_2.jpg,0252_3.jpg,1
exploration,cross_same_variable,252,279,0252_2.jpg,0279_3.jpg,0
exploration,cross_same_variable,252,281,0252_2.jpg,0281_3.jpg,0
exploration,cross_same_variable,252,30,0252_2.jpg,0030_3.jpg,0
exploration,cross_same_variable,252,94,0252_2.jpg,0094_3.jpg,0
exploration,cross_same_variable,252,96,0252_2.jpg,0096_3.jpg,0
exploration,cross_same_variable,252,157,0252_2.jpg,0157_3.jpg,0
exploration,cross_same_variable,252,172,0252_2.jpg,0172_3.jpg,0
exploration,cross_same_variable,252,191,0252_2.jpg,0191_3.jpg,0
exploration,cross_same_variable,252,216,0252_2.jpg,0216_3.jpg,0
exploration,cross_same_variable,252,248,0252_2.jpg,0248_3.jpg,0
exploration,cross_same_variable,255,255,0255_2.jpg,0255_3.jpg,1
exploration,cross_same_variable,255,281,0255_2.jpg,0281_3.jpg,0
exploration,cross_same_variable,255,282,0255_2.jpg,0282_3.jpg,0
exploration,cross_same_variable,255,31,0255_2.jpg,0031_3.jpg,0
exploration,cross_same_variable,255,96,0255_2.jpg,0096_3.jpg,0
exploration,cross_same_variable,255,97,0255_2.jpg,0097_3.jpg,0
exploration,cross_same_variable,255,158,0255_2.jpg,0158_3.jpg,0
exploration,cross_same_variable,255,178,0255_2.jpg,0178_3.jpg,0
exploration,cross_same_variable,255,192,0255_2.jpg,0192_3.jpg,0
exploration,cross_same_variable,255,219,0255_2.jpg,0219_3.jpg,0
exploration,cross_same_variable,255,249,0255_2.jpg,0249_3.jpg,0
exploration,cross_same_variable,256,256,0256_2.jpg,0256_3.jpg,1
exploration,cross_same_variable,256,282,0256_2.jpg,0282_3.jpg,0
exploration,cross_same_variable,256,1,0256_2.jpg,0001_3.jpg,0
exploration,cross_same_variable,256,35,0256_2.jpg,0035_3.jpg,0
exploration,cross_same_variable,256,97,0256_2.jpg,0097_3.jpg,0
exploration,cross_same_variable,256,98,0256_2.jpg,0098_3.jpg,0
exploration,cross_same_variable,256,159,0256_2.jpg,0159_3.jpg,0
exploration,cross_same_variable,256,179,0256_2.jpg,0179_3.jpg,0
exploration,cross_same_variable,256,196,0256_2.jpg,0196_3.jpg,0
exploration,cross_same_variable,256,220,0256_2.jpg,0220_3.jpg,0
exploration,cross_same_variable,256,250,0256_2.jpg,0250_3.jpg,0
exploration,cross_same_variable,260,260,0260_2.jpg,0260_3.jpg,1
exploration,cross_same_variable,260,1,0260_2.jpg,0001_3.jpg,0
exploration,cross_same_variable,260,2,0260_2.jpg,0002_3.jpg,0
exploration,cross_same_variable,260,38,0260_2.jpg,0038_3.jpg,0
exploration,cross_same_variable,260,98,0260_2.jpg,0098_3.jpg,0
exploration,cross_same_variable,260,100,0260_2.jpg,0100_3.jpg,0
exploration,cross_same_variable,260,161,0260_2.jpg,0161_3.jpg,0
exploration,cross_same_variable,260,180,0260_2.jpg,0180_3.jpg,0
exploration,cross_same_variable,260,197,0260_2.jpg,0197_3.jpg,0
exploration,cross_same_variable,260,221,0260_2.jpg,0221_3.jpg,0
exploration,cross_same_variable,260,251,0260_2.jpg,0251_3.jpg,0
exploration,cross_same_variable,261,261,0261_2.jpg,0261_3.jpg,1
exploration,cross_same_variable,261,2,0261_2.jpg,0002_3.jpg,0
exploration,cross_same_variable,261,3,0261_2.jpg,0003_3.jpg,0
exploration,cross_same_variable,261,39,0261_2.jpg,0039_3.jpg,0
exploration,cross_same_variable,261,100,0261_2.jpg,0100_3.jpg,0
exploration,cross_same_variable,261,101,0261_2.jpg,0101_3.jpg,0
exploration,cross_same_variable,261,162,0261_2.jpg,0162_3.jpg,0
exploration,cross_same_variable,261,181,0261_2.jpg,0181_3.jpg,0
exploration,cross_same_variable,261,198,0261_2.jpg,0198_3.jpg,0
exploration,cross_same_variable,261,223,0261_2.jpg,0223_3.jpg,0
exploration,cross_same_variable,261,252,0261_2.jpg,0252_3.jpg,0
exploration,cross_same_variable,262,262,0262_2.jpg,0262_3.jpg,1
exploration,cross_same_variable,262,3,0262_2.jpg,0003_3.jpg,0
exploration,cross_same_variable,262,6,0262_2.jpg,0006_3.jpg,0
exploration,cross_same_variable,262,40,0262_2.jpg,0040_3.jpg,0
exploration,cross_same_variable,262,101,0262_2.jpg,0101_3.jpg,0
exploration,cross_same_variable,262,103,0262_2.jpg,0103_3.jpg,0
exploration,cross_same_variable,262,163,0262_2.jpg,0163_3.jpg,0
exploration,cross_same_variable,262,183,0262_2.jpg,0183_3.jpg,0
exploration,cross_same_variable,262,199,0262_2.jpg,0199_3.jpg,0
exploration,cross_same_variable,262,224,0262_2.jpg,0224_3.jpg,0
exploration,cross_same_variable,262,255,0262_2.jpg,0255_3.jpg,0
exploration,cross_same_variable,263,263,0263_2.jpg,0263_3.jpg,1
exploration,cross_same_variable,263,6,0263_2.jpg,0006_3.jpg,0
exploration,cross_same_variable,263,7,0263_2.jpg,0007_3.jpg,0
exploration,cross_same_variable,263,42,0263_2.jpg,0042_3.jpg,0
exploration,cross_same_variable,263,103,0263_2.jpg,0103_3.jpg,0
exploration,cross_same_variable,263,104,0263_2.jpg,0104_3.jpg,0
exploration,cross_same_variable,263,164,0263_2.jpg,0164_3.jpg,0
exploration,cross_same_variable,263,185,0263_2.jpg,0185_3.jpg,0
exploration,cross_same_variable,263,200,0263_2.jpg,0200_3.jpg,0
exploration,cross_same_variable,263,225,0263_2.jpg,0225_3.jpg,0
exploration,cross_same_variable,263,256,0263_2.jpg,0256_3.jpg,0
exploration,cross_same_variable,264,264,0264_2.jpg,0264_3.jpg,1
exploration,cross_same_variable,264,7,0264_2.jpg,0007_3.jpg,0
exploration,cross_same_variable,264,8,0264_2.jpg,0008_3.jpg,0
exploration,cross_same_variable,264,43,0264_2.jpg,0043_3.jpg,0
exploration,cross_same_variable,264,104,0264_2.jpg,0104_3.jpg,0
exploration,cross_same_variable,264,105,0264_2.jpg,0105_3.jpg,0
exploration,cross_same_variable,264,167,0264_2.jpg,0167_3.jpg,0
exploration,cross_same_variable,264,188,0264_2.jpg,0188_3.jpg,0
exploration,cross_same_variable,264,201,0264_2.jpg,0201_3.jpg,0
exploration,cross_same_variable,264,226,0264_2.jpg,0226_3.jpg,0
exploration,cross_same_variable,264,260,0264_2.jpg,0260_3.jpg,0
exploration,cross_same_variable,265,265,0265_2.jpg,0265_3.jpg,1
exploration,cross_same_variable,265,8,0265_2.jpg,0008_3.jpg,0
exploration,cross_same_variable,265,11,0265_2.jpg,0011_3.jpg,0
exploration,cross_same_variable,265,46,0265_2.jpg,0046_3.jpg,0
exploration,cross_same_variable,265,105,0265_2.jpg,0105_3.jpg,0
exploration,cross_same_variable,265,106,0265_2.jpg,0106_3.jpg,0
exploration,cross_same_variable,265,168,0265_2.jpg,0168_3.jpg,0
exploration,cross_same_variable,265,189,0265_2.jpg,0189_3.jpg,0
exploration,cross_same_variable,265,203,0265_2.jpg,0203_3.jpg,0
exploration,cross_same_variable,265,227,0265_2.jpg,0227_3.jpg,0
exploration,cross_same_variable,265,261,0265_2.jpg,0261_3.jpg,0
exploration,cross_same_variable,266,266,0266_2.jpg,0266_3.jpg,1
exploration,cross_same_variable,266,11,0266_2.jpg,0011_3.jpg,0
exploration,cross_same_variable,266,12,0266_2.jpg,0012_3.jpg,0
exploration,cross_same_variable,266,47,0266_2.jpg,0047_3.jpg,0
exploration,cross_same_variable,266,106,0266_2.jpg,0106_3.jpg,0
exploration,cross_same_variable,266,107,0266_2.jpg,0107_3.jpg,0
exploration,cross_same_variable,266,169,0266_2.jpg,0169_3.jpg,0
exploration,cross_same_variable,266,191,0266_2.jpg,0191_3.jpg,0
exploration,cross_same_variable,266,204,0266_2.jpg,0204_3.jpg,0
exploration,cross_same_variable,266,228,0266_2.jpg,0228_3.jpg,0
exploration,cross_same_variable,266,262,0266_2.jpg,0262_3.jpg,0
exploration,cross_same_variable,267,267,0267_2.jpg,0267_3.jpg,1
exploration,cross_same_variable,267,12,0267_2.jpg,0012_3.jpg,0
exploration,cross_same_variable,267,15,0267_2.jpg,0015_3.jpg,0
exploration,cross_same_variable,267,49,0267_2.jpg,0049_3.jpg,0
exploration,cross_same_variable,267,107,0267_2.jpg,0107_3.jpg,0
exploration,cross_same_variable,267,109,0267_2.jpg,0109_3.jpg,0
exploration,cross_same_variable,267,171,0267_2.jpg,0171_3.jpg,0
exploration,cross_same_variable,267,192,0267_2.jpg,0192_3.jpg,0
exploration,cross_same_variable,267,206,0267_2.jpg,0206_3.jpg,0
exploration,cross_same_variable,267,229,0267_2.jpg,0229_3.jpg,0
exploration,cross_same_variable,267,263,0267_2.jpg,0263_3.jpg,0
exploration,cross_same_variable,271,271,0271_2.jpg,0271_3.jpg,1
exploration,cross_same_variable,271,15,0271_2.jpg,0015_3.jpg,0
exploration,cross_same_variable,271,18,0271_2.jpg,0018_3.jpg,0
exploration,cross_same_variable,271,55,0271_2.jpg,0055_3.jpg,0
exploration,cross_same_variable,271,109,0271_2.jpg,0109_3.jpg,0
exploration,cross_same_variable,271,110,0271_2.jpg,0110_3.jpg,0
exploration,cross_same_variable,271,172,0271_2.jpg,0172_3.jpg,0
exploration,cross_same_variable,271,196,0271_2.jpg,0196_3.jpg,0
exploration,cross_same_variable,271,207,0271_2.jpg,0207_3.jpg,0
exploration,cross_same_variable,271,231,0271_2.jpg,0231_3.jpg,0
exploration,cross_same_variable,271,264,0271_2.jpg,0264_3.jpg,0
exploration,cross_same_variable,272,272,0272_2.jpg,0272_3.jpg,1
exploration,cross_same_variable,272,18,0272_2.jpg,0018_3.jpg,0
exploration,cross_same_variable,272,19,0272_2.jpg,0019_3.jpg,0
exploration,cross_same_variable,272,56,0272_2.jpg,0056_3.jpg,0
exploration,cross_same_variable,272,110,0272_2.jpg,0110_3.jpg,0
exploration,cross_same_variable,272,114,0272_2.jpg,0114_3.jpg,0
exploration,cross_same_variable,272,178,0272_2.jpg,0178_3.jpg,0
exploration,cross_same_variable,272,197,0272_2.jpg,0197_3.jpg,0
exploration,cross_same_variable,272,208,0272_2.jpg,0208_3.jpg,0
exploration,cross_same_variable,272,232,0272_2.jpg,0232_3.jpg,0
exploration,cross_same_variable,272,265,0272_2.jpg,0265_3.jpg,0
exploration,cross_same_variable,273,273,0273_2.jpg,0273_3.jpg,1
exploration,cross_same_variable,273,19,0273_2.jpg,0019_3.jpg,0
exploration,cross_same_variable,273,20,0273_2.jpg,0020_3.jpg,0
exploration,cross_same_variable,273,57,0273_2.jpg,0057_3.jpg,0
exploration,cross_same_variable,273,114,0273_2.jpg,0114_3.jpg,0
exploration,cross_same_variable,273,116,0273_2.jpg,0116_3.jpg,0
exploration,cross_same_variable,273,179,0273_2.jpg,0179_3.jpg,0
exploration,cross_same_variable,273,198,0273_2.jpg,0198_3.jpg,0
exploration,cross_same_variable,273,209,0273_2.jpg,0209_3.jpg,0
exploration,cross_same_variable,273,234,0273_2.jpg,0234_3.jpg,0
exploration,cross_same_variable,273,266,0273_2.jpg,0266_3.jpg,0
exploration,cross_same_variable,274,274,0274_2.jpg,0274_3.jpg,1
exploration,cross_same_variable,274,20,0274_2.jpg,0020_3.jpg,0
exploration,cross_same_variable,274,21,0274_2.jpg,0021_3.jpg,0
exploration,cross_same_variable,274,59,0274_2.jpg,0059_3.jpg,0
exploration,cross_same_variable,274,116,0274_2.jpg,0116_3.jpg,0
exploration,cross_same_variable,274,118,0274_2.jpg,0118_3.jpg,0
exploration,cross_same_variable,274,180,0274_2.jpg,0180_3.jpg,0
exploration,cross_same_variable,274,199,0274_2.jpg,0199_3.jpg,0
exploration,cross_same_variable,274,211,0274_2.jpg,0211_3.jpg,0
exploration,cross_same_variable,274,235,0274_2.jpg,0235_3.jpg,0
exploration,cross_same_variable,274,267,0274_2.jpg,0267_3.jpg,0
exploration,cross_same_variable,276,276,0276_2.jpg,0276_3.jpg,1
exploration,cross_same_variable,276,21,0276_2.jpg,0021_3.jpg,0
exploration,cross_same_variable,276,22,0276_2.jpg,0022_3.jpg,0
exploration,cross_same_variable,276,60,0276_2.jpg,0060_3.jpg,0
exploration,cross_same_variable,276,118,0276_2.jpg,0118_3.jpg,0
exploration,cross_same_variable,276,119,0276_2.jpg,0119_3.jpg,0
exploration,cross_same_variable,276,181,0276_2.jpg,0181_3.jpg,0
exploration,cross_same_variable,276,200,0276_2.jpg,0200_3.jpg,0
exploration,cross_same_variable,276,212,0276_2.jpg,0212_3.jpg,0
exploration,cross_same_variable,276,237,0276_2.jpg,0237_3.jpg,0
exploration,cross_same_variable,276,271,0276_2.jpg,0271_3.jpg,0
exploration,cross_same_variable,279,279,0279_2.jpg,0279_3.jpg,1
exploration,cross_same_variable,279,22,0279_2.jpg,0022_3.jpg,0
exploration,cross_same_variable,279,25,0279_2.jpg,0025_3.jpg,0
exploration,cross_same_variable,279,61,0279_2.jpg,0061_3.jpg,0
exploration,cross_same_variable,279,119,0279_2.jpg,0119_3.jpg,0
exploration,cross_same_variable,279,122,0279_2.jpg,0122_3.jpg,0
exploration,cross_same_variable,279,183,0279_2.jpg,0183_3.jpg,0
exploration,cross_same_variable,279,201,0279_2.jpg,0201_3.jpg,0
exploration,cross_same_variable,279,213,0279_2.jpg,0213_3.jpg,0
exploration,cross_same_variable,279,239,0279_2.jpg,0239_3.jpg,0
exploration,cross_same_variable,279,272,0279_2.jpg,0272_3.jpg,0
exploration,cross_same_variable,281,281,0281_2.jpg,0281_3.jpg,1
exploration,cross_same_variable,281,25,0281_2.jpg,0025_3.jpg,0
exploration,cross_same_variable,281,26,0281_2.jpg,0026_3.jpg,0
exploration,cross_same_variable,281,62,0281_2.jpg,0062_3.jpg,0
exploration,cross_same_variable,281,122,0281_2.jpg,0122_3.jpg,0
exploration,cross_same_variable,281,123,0281_2.jpg,0123_3.jpg,0
exploration,cross_same_variable,281,185,0281_2.jpg,0185_3.jpg,0
exploration,cross_same_variable,281,203,0281_2.jpg,0203_3.jpg,0
exploration,cross_same_variable,281,214,0281_2.jpg,0214_3.jpg,0
exploration,cross_same_variable,281,240,0281_2.jpg,0240_3.jpg,0
exploration,cross_same_variable,281,273,0281_2.jpg,0273_3.jpg,0
exploration,cross_same_variable,282,282,0282_2.jpg,0282_3.jpg,1
exploration,cross_same_variable,282,26,0282_2.jpg,0026_3.jpg,0
exploration,cross_same_variable,282,27,0282_2.jpg,0027_3.jpg,0
exploration,cross_same_variable,282,65,0282_2.jpg,0065_3.jpg,0
exploration,cross_same_variable,282,123,0282_2.jpg,0123_3.jpg,0
exploration,cross_same_variable,282,124,0282_2.jpg,0124_3.jpg,0
exploration,cross_same_variable,282,188,0282_2.jpg,0188_3.jpg,0
exploration,cross_same_variable,282,204,0282_2.jpg,0204_3.jpg,0
exploration,cross_same_variable,282,216,0282_2.jpg,0216_3.jpg,0
exploration,cross_same_variable,282,241,0282_2.jpg,0241_3.jpg,0
exploration,cross_same_variable,282,274,0282_2.jpg,0274_3.jpg,0
exploration,cross_same_same,1,1,0001_2.jpg,0001_4.jpg,1
exploration,cross_same_same,1,27,0001_2.jpg,0027_4.jpg,0
exploration,cross_same_same,1,29,0001_2.jpg,0029_4.jpg,0
exploration,cross_same_same,1,66,0001_2.jpg,0066_4.jpg,0
exploration,cross_same_same,1,124,0001_2.jpg,0124_4.jpg,0
exploration,cross_same_same,1,125,0001_2.jpg,0125_4.jpg,0
exploration,cross_same_same,1,189,0001_2.jpg,0189_4.jpg,0
exploration,cross_same_same,1,206,0001_2.jpg,0206_4.jpg,0
exploration,cross_same_same,1,219,0001_2.jpg,0219_4.jpg,0
exploration,cross_same_same,1,242,0001_2.jpg,0242_4.jpg,0
exploration,cross_same_same,1,276,0001_2.jpg,0276_4.jpg,0
exploration,cross_same_same,2,2,0002_2.jpg,0002_4.jpg,1
exploration,cross_same_same,2,29,0002_2.jpg,0029_4.jpg,0
exploration,cross_same_same,2,30,0002_2.jpg,0030_4.jpg,0
exploration,cross_same_same,2,67,0002_2.jpg,0067_4.jpg,0
exploration,cross_same_same,2,125,0002_2.jpg,0125_4.jpg,0
exploration,cross_same_same,2,127,0002_2.jpg,0127_4.jpg,0
exploration,cross_same_same,2,191,0002_2.jpg,0191_4.jpg,0
exploration,cross_same_same,2,207,0002_2.jpg,0207_4.jpg,0
exploration,cross_same_same,2,220,0002_2.jpg,0220_4.jpg,0
exploration,cross_same_same,2,243,0002_2.jpg,0243_4.jpg,0
exploration,cross_same_same,2,279,0002_2.jpg,0279_4.jpg,0
exploration,cross_same_same,3,3,0003_2.jpg,0003_4.jpg,1
exploration,cross_same_same,3,30,0003_2.jpg,0030_4.jpg,0
exploration,cross_same_same,3,31,0003_2.jpg,0031_4.jpg,0
exploration,cross_same_same,3,70,0003_2.jpg,0070_4.jpg,0
exploration,cross_same_same,3,127,0003_2.jpg,0127_4.jpg,0
exploration,cross_same_same,3,130,0003_2.jpg,0130_4.jpg,0
exploration,cross_same_same,3,192,0003_2.jpg,0192_4.jpg,0
exploration,cross_same_same,3,208,0003_2.jpg,0208_4.jpg,0
exploration,cross_same_same,3,221,0003_2.jpg,0221_4.jpg,0
exploration,cross_same_same,3,244,0003_2.jpg,0244_4.jpg,0
exploration,cross_same_same,3,281,0003_2.jpg,0281_4.jpg,0
exploration,cross_same_same,6,6,0006_2.jpg,0006_4.jpg,1
exploration,cross_same_same,6,31,0006_2.jpg,0031_4.jpg,0
exploration,cross_same_same,6,35,0006_2.jpg,0035_4.jpg,0
exploration,cross_same_same,6,71,0006_2.jpg,0071_4.jpg,0
exploration,cross_same_same,6,130,0006_2.jpg,0130_4.jpg,0
exploration,cross_same_same,6,132,0006_2.jpg,0132_4.jpg,0
exploration,cross_same_same,6,196,0006_2.jpg,0196_4.jpg,0
exploration,cross_same_same,6,209,0006_2.jpg,0209_4.jpg,0
exploration,cross_same_same,6,223,0006_2.jpg,0223_4.jpg,0
exploration,cross_same_same,6,245,0006_2.jpg,0245_4.jpg,0
exploration,cross_same_same,6,282,0006_2.jpg,0282_4.jpg,0
exploration,cross_same_same,7,7,0007_2.jpg,0007_4.jpg,1
exploration,cross_same_same,7,35,0007_2.jpg,0035_4.jpg,0
exploration,cross_same_same,7,38,0007_2.jpg,0038_4.jpg,0
exploration,cross_same_same,7,74,0007_2.jpg,0074_4.jpg,0
exploration,cross_same_same,7,132,0007_2.jpg,0132_4.jpg,0
exploration,cross_same_same,7,133,0007_2.jpg,0133_4.jpg,0
exploration,cross_same_same,7,197,0007_2.jpg,0197_4.jpg,0
exploration,cross_same_same,7,211,0007_2.jpg,0211_4.jpg,0
exploration,cross_same_same,7,224,0007_2.jpg,0224_4.jpg,0
exploration,cross_same_same,7,246,0007_2.jpg,0246_4.jpg,0
exploration,cross_same_same,7,1,0007_2.jpg,0001_4.jpg,0
exploration,cross_same_same,8,8,0008_2.jpg,0008_4.jpg,1
exploration,cross_same_same,8,38,0008_2.jpg,0038_4.jpg,0
exploration,cross_same_same,8,39,0008_2.jpg,0039_4.jpg,0
exploration,cross_same_same,8,75,0008_2.jpg,0075_4.jpg,0
exploration,cross_same_same,8,133,0008_2.jpg,0133_4.jpg,0
exploration,cross_same_same,8,134,0008_2.jpg,0134_4.jpg,0
exploration,cross_same_same,8,198,0008_2.jpg,0198_4.jpg,0
exploration,cross_same_same,8,212,0008_2.jpg,0212_4.jpg,0
exploration,cross_same_same,8,225,0008_2.jpg,0225_4.jpg,0
exploration,cross_same_same,8,247,0008_2.jpg,0247_4.jpg,0
exploration,cross_same_same,8,2,0008_2.jpg,0002_4.jpg,0
exploration,cross_same_same,11,11,0011_2.jpg,0011_4.jpg,1
exploration,cross_same_same,11,39,0011_2.jpg,0039_4.jpg,0
exploration,cross_same_same,11,40,0011_2.jpg,0040_4.jpg,0
exploration,cross_same_same,11,76,0011_2.jpg,0076_4.jpg,0
exploration,cross_same_same,11,134,0011_2.jpg,0134_4.jpg,0
exploration,cross_same_same,11,135,0011_2.jpg,0135_4.jpg,0
exploration,cross_same_same,11,199,0011_2.jpg,0199_4.jpg,0
exploration,cross_same_same,11,213,0011_2.jpg,0213_4.jpg,0
exploration,cross_same_same,11,226,0011_2.jpg,0226_4.jpg,0
exploration,cross_same_same,11,248,0011_2.jpg,0248_4.jpg,0
exploration,cross_same_same,11,3,0011_2.jpg,0003_4.jpg,0
exploration,cross_same_same,12,12,0012_2.jpg,0012_4.jpg,1
exploration,cross_same_same,12,40,0012_2.jpg,0040_4.jpg,0
exploration,cross_same_same,12,42,0012_2.jpg,0042_4.jpg,0
exploration,cross_same_same,12,77,0012_2.jpg,0077_4.jpg,0
exploration,cross_same_same,12,135,0012_2.jpg,0135_4.jpg,0
exploration,cross_same_same,12,138,0012_2.jpg,0138_4.jpg,0
exploration,cross_same_same,12,200,0012_2.jpg,0200_4.jpg,0
exploration,cross_same_same,12,214,0012_2.jpg,0214_4.jpg,0
exploration,cross_same_same,12,227,0012_2.jpg,0227_4.jpg,0
exploration,cross_same_same,12,249,0012_2.jpg,0249_4.jpg,0
exploration,cross_same_same,12,6,0012_2.jpg,0006_4.jpg,0
exploration,cross_same_same,15,15,0015_2.jpg,0015_4.jpg,1
exploration,cross_same_same,15,42,0015_2.jpg,0042_4.jpg,0
exploration,cross_same_same,15,43,0015_2.jpg,0043_4.jpg,0
exploration,cross_same_same,15,78,0015_2.jpg,0078_4.jpg,0
exploration,cross_same_same,15,138,0015_2.jpg,0138_4.jpg,0
exploration,cross_same_same,15,140,0015_2.jpg,0140_4.jpg,0
exploration,cross_same_same,15,201,0015_2.jpg,0201_4.jpg,0
exploration,cross_same_same,15,216,0015_2.jpg,0216_4.jpg,0
exploration,cross_same_same,15,228,0015_2.jpg,0228_4.jpg,0
exploration,cross_same_same,15,250,0015_2.jpg,0250_4.jpg,0
exploration,cross_same_same,15,7,0015_2.jpg,0007_4.jpg,0
exploration,cross_same_same,18,18,0018_2.jpg,0018_4.jpg,1
exploration,cross_same_same,18,43,0018_2.jpg,0043_4.jpg,0
exploration,cross_same_same,18,46,0018_2.jpg,0046_4.jpg,0
exploration,cross_same_same,18,79,0018_2.jpg,0079_4.jpg,0
exploration,cross_same_same,18,140,0018_2.jpg,0140_4.jpg,0
exploration,cross_same_same,18,142,0018_2.jpg,0142_4.jpg,0
exploration,cross_same_same,18,203,0018_2.jpg,0203_4.jpg,0
exploration,cross_same_same,18,219,0018_2.jpg,0219_4.jpg,0
exploration,cross_same_same,18,229,0018_2.jpg,0229_4.jpg,0
exploration,cross_same_same,18,251,0018_2.jpg,0251_4.jpg,0
exploration,cross_same_same,18,8,0018_2.jpg,0008_4.jpg,0
exploration,cross_same_same,19,19,0019_2.jpg,0019_4.jpg,1
exploration,cross_same_same,19,46,0019_2.jpg,0046_4.jpg,0
exploration,cross_same_same,19,47,0019_2.jpg,0047_4.jpg,0
exploration,cross_same_same,19,81,0019_2.jpg,0081_4.jpg,0
exploration,cross_same_same,19,142,0019_2.jpg,0142_4.jpg,0
exploration,cross_same_same,19,146,0019_2.jpg,0146_4.jpg,0
exploration,cross_same_same,19,204,0019_2.jpg,0204_4.jpg,0
exploration,cross_same_same,19,220,0019_2.jpg,0220_4.jpg,0
exploration,cross_same_same,19,231,0019_2.jpg,0231_4.jpg,0
exploration,cross_same_same,19,252,0019_2.jpg,0252_4.jpg,0
exploration,cross_same_same,19,11,0019_2.jpg,0011_4.jpg,0
exploration,cross_same_same,20,20,0020_2.jpg,0020_4.jpg,1
exploration,cross_same_same,20,47,0020_2.jpg,0047_4.jpg,0
exploration,cross_same_same,20,49,0020_2.jpg,0049_4.jpg,0
exploration,cross_same_same,20,83,0020_2.jpg,0083_4.jpg,0
exploration,cross_same_same,20,146,0020_2.jpg,0146_4.jpg,0
exploration,cross_same_same,20,147,0020_2.jpg,0147_4.jpg,0
exploration,cross_same_same,20,206,0020_2.jpg,0206_4.jpg,0
exploration,cross_same_same,20,221,0020_2.jpg,0221_4.jpg,0
exploration,cross_same_same,20,232,0020_2.jpg,0232_4.jpg,0
exploration,cross_same_same,20,255,0020_2.jpg,0255_4.jpg,0
exploration,cross_same_same,20,12,0020_2.jpg,0012_4.jpg,0
exploration,cross_same_same,21,21,0021_2.jpg,0021_4.jpg,1
exploration,cross_same_same,21,49,0021_2.jpg,0049_4.jpg,0
exploration,cross_same_same,21,55,0021_2.jpg,0055_4.jpg,0
exploration,cross_same_same,21,85,0021_2.jpg,0085_4.jpg,0
exploration,cross_same_same,21,147,0021_2.jpg,0147_4.jpg,0
exploration,cross_same_same,21,148,0021_2.jpg,0148_4.jpg,0
exploration,cross_same_same,21,207,0021_2.jpg,0207_4.jpg,0
exploration,cross_same_same,21,223,0021_2.jpg,0223_4.jpg,0
exploration,cross_same_same,21,234,0021_2.jpg,0234_4.jpg,0
exploration,cross_same_same,21,256,0021_2.jpg,0256_4.jpg,0
exploration,cross_same_same,21,15,0021_2.jpg,0015_4.jpg,0
exploration,cross_same_same,22,22,0022_2.jpg,0022_4.jpg,1
exploration,cross_same_same,22,55,0022_2.jpg,0055_4.jpg,0
exploration,cross_same_same,22,56,0022_2.jpg,0056_4.jpg,0
exploration,cross_same_same,22,86,0022_2.jpg,0086_4.jpg,0
exploration,cross_same_same,22,148,0022_2.jpg,0148_4.jpg,0
exploration,cross_same_same,22,152,0022_2.jpg,0152_4.jpg,0
exploration,cross_same_same,22,208,0022_2.jpg,0208_4.jpg,0
exploration,cross_same_same,22,224,0022_2.jpg,0224_4.jpg,0
exploration,cross_same_same,22,235,0022_2.jpg,0235_4.jpg,0
exploration,cross_same_same,22,260,0022_2.jpg,0260_4.jpg,0
exploration,cross_same_same,22,18,0022_2.jpg,0018_4.jpg,0
exploration,cross_same_same,25,25,0025_2.jpg,0025_4.jpg,1
exploration,cross_same_same,25,56,0025_2.jpg,0056_4.jpg,0
exploration,cross_same_same,25,57,0025_2.jpg,0057_4.jpg,0
exploration,cross_same_same,25,87,0025_2.jpg,0087_4.jpg,0
exploration,cross_same_same,25,152,0025_2.jpg,0152_4.jpg,0
exploration,cross_same_same,25,153,0025_2.jpg,0153_4.jpg,0
exploration,cross_same_same,25,209,0025_2.jpg,0209_4.jpg,0
exploration,cross_same_same,25,225,0025_2.jpg,0225_4.jpg,0
exploration,cross_same_same,25,237,0025_2.jpg,0237_4.jpg,0
exploration,cross_same_same,25,261,0025_2.jpg,0261_4.jpg,0
exploration,cross_same_same,25,19,0025_2.jpg,0019_4.jpg,0
exploration,cross_same_same,26,26,0026_2.jpg,0026_4.jpg,1
exploration,cross_same_same,26,57,0026_2.jpg,0057_4.jpg,0
exploration,cross_same_same,26,59,0026_2.jpg,0059_4.jpg,0
exploration,cross_same_same,26,89,0026_2.jpg,0089_4.jpg,0
exploration,cross_same_same,26,153,0026_2.jpg,0153_4.jpg,0
exploration,cross_same_same,26,154,0026_2.jpg,0154_4.jpg,0
exploration,cross_same_same,26,211,0026_2.jpg,0211_4.jpg,0
exploration,cross_same_same,26,226,0026_2.jpg,0226_4.jpg,0
exploration,cross_same_same,26,239,0026_2.jpg,0239_4.jpg,0
exploration,cross_same_same,26,262,0026_2.jpg,0262_4.jpg,0
exploration,cross_same_same,26,20,0026_2.jpg,0020_4.jpg,0
exploration,cross_same_same,27,27,0027_2.jpg,0027_4.jpg,1
exploration,cross_same_same,27,59,0027_2.jpg,0059_4.jpg,0
exploration,cross_same_same,27,60,0027_2.jpg,0060_4.jpg,0
exploration,cross_same_same,27,90,0027_2.jpg,0090_4.jpg,0
exploration,cross_same_same,27,154,0027_2.jpg,0154_4.jpg,0
exploration,cross_same_same,27,155,0027_2.jpg,0155_4.jpg,0
exploration,cross_same_same,27,212,0027_2.jpg,0212_4.jpg,0
exploration,cross_same_same,27,227,0027_2.jpg,0227_4.jpg,0
exploration,cross_same_same,27,240,0027_2.jpg,0240_4.jpg,0
exploration,cross_same_same,27,263,0027_2.jpg,0263_4.jpg,0
exploration,cross_same_same,27,21,0027_2.jpg,0021_4.jpg,0
exploration,cross_same_same,29,29,0029_2.jpg,0029_4.jpg,1
exploration,cross_same_same,29,60,0029_2.jpg,0060_4.jpg,0
exploration,cross_same_same,29,61,0029_2.jpg,0061_4.jpg,0
exploration,cross_same_same,29,91,0029_2.jpg,0091_4.jpg,0
exploration,cross_same_same,29,155,0029_2.jpg,0155_4.jpg,0
exploration,cross_same_same,29,156,0029_2.jpg,0156_4.jpg,0
exploration,cross_same_same,29,213,0029_2.jpg,0213_4.jpg,0
exploration,cross_same_same,29,228,0029_2.jpg,0228_4.jpg,0
exploration,cross_same_same,29,241,0029_2.jpg,0241_4.jpg,0
exploration,cross_same_same,29,264,0029_2.jpg,0264_4.jpg,0
exploration,cross_same_same,29,22,0029_2.jpg,0022_4.jpg,0
exploration,cross_same_same,30,30,0030_2.jpg,0030_4.jpg,1
exploration,cross_same_same,30,61,0030_2.jpg,0061_4.jpg,0
exploration,cross_same_same,30,62,0030_2.jpg,0062_4.jpg,0
exploration,cross_same_same,30,92,0030_2.jpg,0092_4.jpg,0
exploration,cross_same_same,30,156,0030_2.jpg,0156_4.jpg,0
exploration,cross_same_same,30,157,0030_2.jpg,0157_4.jpg,0
exploration,cross_same_same,30,214,0030_2.jpg,0214_4.jpg,0
exploration,cross_same_same,30,229,0030_2.jpg,0229_4.jpg,0
exploration,cross_same_same,30,242,0030_2.jpg,0242_4.jpg,0
exploration,cross_same_same,30,265,0030_2.jpg,0265_4.jpg,0
exploration,cross_same_same,30,25,0030_2.jpg,0025_4.jpg,0
exploration,cross_same_same,31,31,0031_2.jpg,0031_4.jpg,1
exploration,cross_same_same,31,62,0031_2.jpg,0062_4.jpg,0
exploration,cross_same_same,31,65,0031_2.jpg,0065_4.jpg,0
exploration,cross_same_same,31,93,0031_2.jpg,0093_4.jpg,0
exploration,cross_same_same,31,157,0031_2.jpg,0157_4.jpg,0
exploration,cross_same_same,31,158,0031_2.jpg,0158_4.jpg,0
exploration,cross_same_same,31,216,0031_2.jpg,0216_4.jpg,0
exploration,cross_same_same,31,231,0031_2.jpg,0231_4.jpg,0
exploration,cross_same_same,31,243,0031_2.jpg,0243_4.jpg,0
exploration,cross_same_same,31,266,0031_2.jpg,0266_4.jpg,0
exploration,cross_same_same,31,26,0031_2.jpg,0026_4.jpg,0
exploration,cross_same_same,35,35,0035_2.jpg,0035_4.jpg,1
exploration,cross_same_same,35,65,0035_2.jpg,0065_4.jpg,0
exploration,cross_same_same,35,66,0035_2.jpg,0066_4.jpg,0
exploration,cross_same_same,35,94,0035_2.jpg,0094_4.jpg,0
exploration,cross_same_same,35,158,0035_2.jpg,0158_4.jpg,0
exploration,cross_same_same,35,159,0035_2.jpg,0159_4.jpg,0
exploration,cross_same_same,35,219,0035_2.jpg,0219_4.jpg,0
exploration,cross_same_same,35,232,0035_2.jpg,0232_4.jpg,0
exploration,cross_same_same,35,244,0035_2.jpg,0244_4.jpg,0
exploration,cross_same_same,35,267,0035_2.jpg,0267_4.jpg,0
exploration,cross_same_same,35,27,0035_2.jpg,0027_4.jpg,0
exploration,cross_same_same,38,38,0038_2.jpg,0038_4.jpg,1
exploration,cross_same_same,38,66,0038_2.jpg,0066_4.jpg,0
exploration,cross_same_same,38,67,0038_2.jpg,0067_4.jpg,0
exploration,cross_same_same,38,96,0038_2.jpg,0096_4.jpg,0
exploration,cross_same_same,38,159,0038_2.jpg,0159_4.jpg,0
exploration,cross_same_same,38,161,0038_2.jpg,0161_4.jpg,0
exploration,cross_same_same,38,220,0038_2.jpg,0220_4.jpg,0
exploration,cross_same_same,38,234,0038_2.jpg,0234_4.jpg,0
exploration,cross_same_same,38,245,0038_2.jpg,0245_4.jpg,0
exploration,cross_same_same,38,271,0038_2.jpg,0271_4.jpg,0
exploration,cross_same_same,38,29,0038_2.jpg,0029_4.jpg,0
exploration,cross_same_same,39,39,0039_2.jpg,0039_4.jpg,1
exploration,cross_same_same,39,67,0039_2.jpg,0067_4.jpg,0
exploration,cross_same_same,39,70,0039_2.jpg,0070_4.jpg,0
exploration,cross_same_same,39,97,0039_2.jpg,0097_4.jpg,0
exploration,cross_same_same,39,161,0039_2.jpg,0161_4.jpg,0
exploration,cross_same_same,39,162,0039_2.jpg,0162_4.jpg,0
exploration,cross_same_same,39,221,0039_2.jpg,0221_4.jpg,0
exploration,cross_same_same,39,235,0039_2.jpg,0235_4.jpg,0
exploration,cross_same_same,39,246,0039_2.jpg,0246_4.jpg,0
exploration,cross_same_same,39,272,0039_2.jpg,0272_4.jpg,0
exploration,cross_same_same,39,30,0039_2.jpg,0030_4.jpg,0
exploration,cross_same_same,40,40,0040_2.jpg,0040_4.jpg,1
exploration,cross_same_same,40,70,0040_2.jpg,0070_4.jpg,0
exploration,cross_same_same,40,71,0040_2.jpg,0071_4.jpg,0
exploration,cross_same_same,40,98,0040_2.jpg,0098_4.jpg,0
exploration,cross_same_same,40,162,0040_2.jpg,0162_4.jpg,0
exploration,cross_same_same,40,163,0040_2.jpg,0163_4.jpg,0
exploration,cross_same_same,40,223,0040_2.jpg,0223_4.jpg,0
exploration,cross_same_same,40,237,0040_2.jpg,0237_4.jpg,0
exploration,cross_same_same,40,247,0040_2.jpg,0247_4.jpg,0
exploration,cross_same_same,40,273,0040_2.jpg,0273_4.jpg,0
exploration,cross_same_same,40,31,0040_2.jpg,0031_4.jpg,0
exploration,cross_same_same,42,42,0042_2.jpg,0042_4.jpg,1
exploration,cross_same_same,42,71,0042_2.jpg,0071_4.jpg,0
exploration,cross_same_same,42,74,0042_2.jpg,0074_4.jpg,0
exploration,cross_same_same,42,100,0042_2.jpg,0100_4.jpg,0
exploration,cross_same_same,42,163,0042_2.jpg,0163_4.jpg,0
exploration,cross_same_same,42,164,0042_2.jpg,0164_4.jpg,0
exploration,cross_same_same,42,224,0042_2.jpg,0224_4.jpg,0
exploration,cross_same_same,42,239,0042_2.jpg,0239_4.jpg,0
exploration,cross_same_same,42,248,0042_2.jpg,0248_4.jpg,0
exploration,cross_same_same,42,274,0042_2.jpg,0274_4.jpg,0
exploration,cross_same_same,42,35,0042_2.jpg,0035_4.jpg,0
exploration,cross_same_same,43,43,0043_2.jpg,0043_4.jpg,1
exploration,cross_same_same,43,74,0043_2.jpg,0074_4.jpg,0
exploration,cross_same_same,43,75,0043_2.jpg,0075_4.jpg,0
exploration,cross_same_same,43,101,0043_2.jpg,0101_4.jpg,0
exploration,cross_same_same,43,164,0043_2.jpg,0164_4.jpg,0
exploration,cross_same_same,43,167,0043_2.jpg,0167_4.jpg,0
exploration,cross_same_same,43,225,0043_2.jpg,0225_4.jpg,0
exploration,cross_same_same,43,240,0043_2.jpg,0240_4.jpg,0
exploration,cross_same_same,43,249,0043_2.jpg,0249_4.jpg,0
exploration,cross_same_same,43,276,0043_2.jpg,0276_4.jpg,0
exploration,cross_same_same,43,38,0043_2.jpg,0038_4.jpg,0
exploration,cross_same_same,46,46,0046_2.jpg,0046_4.jpg,1
exploration,cross_same_same,46,75,0046_2.jpg,0075_4.jpg,0
exploration,cross_same_same,46,76,0046_2.jpg,0076_4.jpg,0
exploration,cross_same_same,46,103,0046_2.jpg,0103_4.jpg,0
exploration,cross_same_same,46,167,0046_2.jpg,0167_4.jpg,0
exploration,cross_same_same,46,168,0046_2.jpg,0168_4.jpg,0
exploration,cross_same_same,46,226,0046_2.jpg,0226_4.jpg,0
exploration,cross_same_same,46,241,0046_2.jpg,0241_4.jpg,0
exploration,cross_same_same,46,250,0046_2.jpg,0250_4.jpg,0
exploration,cross_same_same,46,279,0046_2.jpg,0279_4.jpg,0
exploration,cross_same_same,46,39,0046_2.jpg,0039_4.jpg,0
exploration,cross_same_same,47,47,0047_2.jpg,0047_4.jpg,1
exploration,cross_same_same,47,76,0047_2.jpg,0076_4.jpg,0
exploration,cross_same_same,47,77,0047_2.jpg,0077_4.jpg,0
exploration,cross_same_same,47,104,0047_2.jpg,0104_4.jpg,0
exploration,cross_same_same,47,168,0047_2.jpg,0168_4.jpg,0
exploration,cross_same_same,47,169,0047_2.jpg,0169_4.jpg,0
exploration,cross_same_same,47,227,0047_2.jpg,0227_4.jpg,0
exploration,cross_same_same,47,242,0047_2.jpg,0242_4.jpg,0
exploration,cross_same_same,47,251,0047_2.jpg,0251_4.jpg,0
exploration,cross_same_same,47,281,0047_2.jpg,0281_4.jpg,0
exploration,cross_same_same,47,40,0047_2.jpg,0040_4.jpg,0
exploration,cross_same_same,49,49,0049_2.jpg,0049_4.jpg,1
exploration,cross_same_same,49,77,0049_2.jpg,0077_4.jpg,0
exploration,cross_same_same,49,78,0049_2.jpg,0078_4.jpg,0
exploration,cross_same_same,49,105,0049_2.jpg,0105_4.jpg,0
exploration,cross_same_same,49,169,0049_2.jpg,0169_4.jpg,0
exploration,cross_same_same,49,171,0049_2.jpg,0171_4.jpg,0
exploration,cross_same_same,49,228,0049_2.jpg,0228_4.jpg,0
exploration,cross_same_same,49,243,0049_2.jpg,0243_4.jpg,0
exploration,cross_same_same,49,252,0049_2.jpg,0252_4.jpg,0
exploration,cross_same_same,49,282,0049_2.jpg,0282_4.jpg,0
exploration,cross_same_same,49,42,0049_2.jpg,0042_4.jpg,0
exploration,cross_same_same,55,55,0055_2.jpg,0055_4.jpg,1
exploration,cross_same_same,55,78,0055_2.jpg,0078_4.jpg,0
exploration,cross_same_same,55,79,0055_2.jpg,0079_4.jpg,0
exploration,cross_same_same,55,106,0055_2.jpg,0106_4.jpg,0
exploration,cross_same_same,55,171,0055_2.jpg,0171_4.jpg,0
exploration,cross_same_same,55,172,0055_2.jpg,0172_4.jpg,0
exploration,cross_same_same,55,229,0055_2.jpg,0229_4.jpg,0
exploration,cross_same_same,55,244,0055_2.jpg,0244_4.jpg,0
exploration,cross_same_same,55,255,0055_2.jpg,0255_4.jpg,0
exploration,cross_same_same,55,1,0055_2.jpg,0001_4.jpg,0
exploration,cross_same_same,55,43,0055_2.jpg,0043_4.jpg,0
exploration,cross_same_same,56,56,0056_2.jpg,0056_4.jpg,1
exploration,cross_same_same,56,79,0056_2.jpg,0079_4.jpg,0
exploration,cross_same_same,56,81,0056_2.jpg,0081_4.jpg,0
exploration,cross_same_same,56,107,0056_2.jpg,0107_4.jpg,0
exploration,cross_same_same,56,172,0056_2.jpg,0172_4.jpg,0
exploration,cross_same_same,56,178,0056_2.jpg,0178_4.jpg,0
exploration,cross_same_same,56,231,0056_2.jpg,0231_4.jpg,0
exploration,cross_same_same,56,245,0056_2.jpg,0245_4.jpg,0
exploration,cross_same_same,56,256,0056_2.jpg,0256_4.jpg,0
exploration,cross_same_same,56,2,0056_2.jpg,0002_4.jpg,0
exploration,cross_same_same,56,46,0056_2.jpg,0046_4.jpg,0
exploration,cross_same_same,57,57,0057_2.jpg,0057_4.jpg,1
exploration,cross_same_same,57,81,0057_2.jpg,0081_4.jpg,0
exploration,cross_same_same,57,83,0057_2.jpg,0083_4.jpg,0
exploration,cross_same_same,57,109,0057_2.jpg,0109_4.jpg,0
exploration,cross_same_same,57,178,0057_2.jpg,0178_4.jpg,0
exploration,cross_same_same,57,179,0057_2.jpg,0179_4.jpg,0
exploration,cross_same_same,57,232,0057_2.jpg,0232_4.jpg,0
exploration,cross_same_same,57,246,0057_2.jpg,0246_4.jpg,0
exploration,cross_same_same,57,260,0057_2.jpg,0260_4.jpg,0
exploration,cross_same_same,57,3,0057_2.jpg,0003_4.jpg,0
exploration,cross_same_same,57,47,0057_2.jpg,0047_4.jpg,0
exploration,cross_same_same,59,59,0059_2.jpg,0059_4.jpg,1
exploration,cross_same_same,59,83,0059_2.jpg,0083_4.jpg,0
exploration,cross_same_same,59,85,0059_2.jpg,0085_4.jpg,0
exploration,cross_same_same,59,110,0059_2.jpg,0110_4.jpg,0
exploration,cross_same_same,59,179,0059_2.jpg,0179_4.jpg,0
exploration,cross_same_same,59,180,0059_2.jpg,0180_4.jpg,0
exploration,cross_same_same,59,234,0059_2.jpg,0234_4.jpg,0
exploration,cross_same_same,59,247,0059_2.jpg,0247_4.jpg,0
exploration,cross_same_same,59,261,0059_2.jpg,0261_4.jpg,0
exploration,cross_same_same,59,6,0059_2.jpg,0006_4.jpg,0
exploration,cross_same_same,59,49,0059_2.jpg,0049_4.jpg,0
exploration,cross_same_same,60,60,0060_2.jpg,0060_4.jpg,1
exploration,cross_same_same,60,85,0060_2.jpg,0085_4.jpg,0
exploration,cross_same_same,60,86,0060_2.jpg,0086_4.jpg,0
exploration,cross_same_same,60,114,0060_2.jpg,0114_4.jpg,0
exploration,cross_same_same,60,180,0060_2.jpg,0180_4.jpg,0
exploration,cross_same_same,60,181,0060_2.jpg,0181_4.jpg,0
exploration,cross_same_same,60,235,0060_2.jpg,0235_4.jpg,0
exploration,cross_same_same,60,248,0060_2.jpg,0248_4.jpg,0
exploration,cross_same_same,60,262,0060_2.jpg,0262_4.jpg,0
exploration,cross_same_same,60,7,0060_2.jpg,0007_4.jpg,0
exploration,cross_same_same,60,55,0060_2.jpg,0055_4.jpg,0
exploration,cross_same_same,61,61,0061_2.jpg,0061_4.jpg,1
exploration,cross_same_same,61,86,0061_2.jpg,0086_4.jpg,0
exploration,cross_same_same,61,87,0061_2.jpg,0087_4.jpg,0
exploration,cross_same_same,61,116,0061_2.jpg,0116_4.jpg,0
exploration,cross_same_same,61,181,0061_2.jpg,0181_4.jpg,0
exploration,cross_same_same,61,183,0061_2.jpg,0183_4.jpg,0
exploration,cross_same_same,61,237,0061_2.jpg,0237_4.jpg,0
exploration,cross_same_same,61,249,0061_2.jpg,0249_4.jpg,0
exploration,cross_same_same,61,263,0061_2.jpg,0263_4.jpg,0
exploration,cross_same_same,61,8,0061_2.jpg,0008_4.jpg,0
exploration,cross_same_same,61,56,0061_2.jpg,0056_4.jpg,0
exploration,cross_same_same,62,62,0062_2.jpg,0062_4.jpg,1
exploration,cross_same_same,62,87,0062_2.jpg,0087_4.jpg,0
exploration,cross_same_same,62,89,0062_2.jpg,0089_4.jpg,0
exploration,cross_same_same,62,118,0062_2.jpg,0118_4.jpg,0
exploration,cross_same_same,62,183,0062_2.jpg,0183_4.jpg,0
exploration,cross_same_same,62,185,0062_2.jpg,0185_4.jpg,0
exploration,cross_same_same,62,239,0062_2.jpg,0239_4.jpg,0
exploration,cross_same_same,62,250,0062_2.jpg,0250_4.jpg,0
exploration,cross_same_same,62,264,0062_2.jpg,0264_4.jpg,0
exploration,cross_same_same,62,11,0062_2.jpg,0011_4.jpg,0
exploration,cross_same_same,62,57,0062_2.jpg,0057_4.jpg,0
exploration,cross_same_same,65,65,0065_2.jpg,0065_4.jpg,1
exploration,cross_same_same,65,89,0065_2.jpg,0089_4.jpg,0
exploration,cross_same_same,65,90,0065_2.jpg,0090_4.jpg,0
exploration,cross_same_same,65,119,0065_2.jpg,0119_4.jpg,0
exploration,cross_same_same,65,185,0065_2.jpg,0185_4.jpg,0
exploration,cross_same_same,65,188,0065_2.jpg,0188_4.jpg,0
exploration,cross_same_same,65,240,0065_2.jpg,0240_4.jpg,0
exploration,cross_same_same,65,251,0065_2.jpg,0251_4.jpg,0
exploration,cross_same_same,65,265,0065_2.jpg,0265_4.jpg,0
exploration,cross_same_same,65,12,0065_2.jpg,0012_4.jpg,0
exploration,cross_same_same,65,59,0065_2.jpg,0059_4.jpg,0
exploration,cross_same_same,66,66,0066_2.jpg,0066_4.jpg,1
exploration,cross_same_same,66,90,0066_2.jpg,0090_4.jpg,0
exploration,cross_same_same,66,91,0066_2.jpg,0091_4.jpg,0
exploration,cross_same_same,66,122,0066_2.jpg,0122_4.jpg,0
exploration,cross_same_same,66,188,0066_2.jpg,0188_4.jpg,0
exploration,cross_same_same,66,189,0066_2.jpg,0189_4.jpg,0
exploration,cross_same_same,66,241,0066_2.jpg,0241_4.jpg,0
exploration,cross_same_same,66,252,0066_2.jpg,0252_4.jpg,0
exploration,cross_same_same,66,266,0066_2.jpg,0266_4.jpg,0
exploration,cross_same_same,66,15,0066_2.jpg,0015_4.jpg,0
exploration,cross_same_same,66,60,0066_2.jpg,0060_4.jpg,0
exploration,cross_same_same,67,67,0067_2.jpg,0067_4.jpg,1
exploration,cross_same_same,67,91,0067_2.jpg,0091_4.jpg,0
exploration,cross_same_same,67,92,0067_2.jpg,0092_4.jpg,0
exploration,cross_same_same,67,123,0067_2.jpg,0123_4.jpg,0
exploration,cross_same_same,67,189,0067_2.jpg,0189_4.jpg,0
exploration,cross_same_same,67,191,0067_2.jpg,0191_4.jpg,0
exploration,cross_same_same,67,242,0067_2.jpg,0242_4.jpg,0
exploration,cross_same_same,67,255,0067_2.jpg,0255_4.jpg,0
exploration,cross_same_same,67,267,0067_2.jpg,0267_4.jpg,0
exploration,cross_same_same,67,18,0067_2.jpg,0018_4.jpg,0
exploration,cross_same_same,67,61,0067_2.jpg,0061_4.jpg,0
exploration,cross_same_same,70,70,0070_2.jpg,0070_4.jpg,1
exploration,cross_same_same,70,92,0070_2.jpg,0092_4.jpg,0
exploration,cross_same_same,70,93,0070_2.jpg,0093_4.jpg,0
exploration,cross_same_same,70,124,0070_2.jpg,0124_4.jpg,0
exploration,cross_same_same,70,191,0070_2.jpg,0191_4.jpg,0
exploration,cross_same_same,70,192,0070_2.jpg,0192_4.jpg,0
exploration,cross_same_same,70,243,0070_2.jpg,0243_4.jpg,0
exploration,cross_same_same,70,256,0070_2.jpg,0256_4.jpg,0
exploration,cross_same_same,70,271,0070_2.jpg,0271_4.jpg,0
exploration,cross_same_same,70,19,0070_2.jpg,0019_4.jpg,0
exploration,cross_same_same,70,62,0070_2.jpg,0062_4.jpg,0
exploration,cross_same_same,71,71,0071_2.jpg,0071_4.jpg,1
exploration,cross_same_same,71,93,0071_2.jpg,0093_4.jpg,0
exploration,cross_same_same,71,94,0071_2.jpg,0094_4.jpg,0
exploration,cross_same_same,71,125,0071_2.jpg,0125_4.jpg,0
exploration,cross_same_same,71,192,0071_2.jpg,0192_4.jpg,0
exploration,cross_same_same,71,196,0071_2.jpg,0196_4.jpg,0
exploration,cross_same_same,71,244,0071_2.jpg,0244_4.jpg,0
exploration,cross_same_same,71,260,0071_2.jpg,0260_4.jpg,0
exploration,cross_same_same,71,272,0071_2.jpg,0272_4.jpg,0
exploration,cross_same_same,71,20,0071_2.jpg,0020_4.jpg,0
exploration,cross_same_same,71,65,0071_2.jpg,0065_4.jpg,0
exploration,cross_same_same,74,74,0074_2.jpg,0074_4.jpg,1
exploration,cross_same_same,74,94,0074_2.jpg,0094_4.jpg,0
exploration,cross_same_same,74,96,0074_2.jpg,0096_4.jpg,0
exploration,cross_same_same,74,127,0074_2.jpg,0127_4.jpg,0
exploration,cross_same_same,74,196,0074_2.jpg,0196_4.jpg,0
exploration,cross_same_same,74,197,0074_2.jpg,0197_4.jpg,0
exploration,cross_same_same,74,245,0074_2.jpg,0245_4.jpg,0
exploration,cross_same_same,74,261,0074_2.jpg,0261_4.jpg,0
exploration,cross_same_same,74,273,0074_2.jpg,0273_4.jpg,0
exploration,cross_same_same,74,21,0074_2.jpg,0021_4.jpg,0
exploration,cross_same_same,74,66,0074_2.jpg,0066_4.jpg,0
exploration,cross_same_same,75,75,0075_2.jpg,0075_4.jpg,1
exploration,cross_same_same,75,96,0075_2.jpg,0096_4.jpg,0
exploration,cross_same_same,75,97,0075_2.jpg,0097_4.jpg,0
exploration,cross_same_same,75,130,0075_2.jpg,0130_4.jpg,0
exploration,cross_same_same,75,197,0075_2.jpg,0197_4.jpg,0
exploration,cross_same_same,75,198,0075_2.jpg,0198_4.jpg,0
exploration,cross_same_same,75,246,0075_2.jpg,0246_4.jpg,0
exploration,cross_same_same,75,262,0075_2.jpg,0262_4.jpg,0
exploration,cross_same_same,75,274,0075_2.jpg,0274_4.jpg,0
exploration,cross_same_same,75,22,0075_2.jpg,0022_4.jpg,0
exploration,cross_same_same,75,67,0075_2.jpg,0067_4.jpg,0
exploration,cross_same_same,76,76,0076_2.jpg,0076_4.jpg,1
exploration,cross_same_same,76,97,0076_2.jpg,0097_4.jpg,0
exploration,cross_same_same,76,98,0076_2.jpg,0098_4.jpg,0
exploration,cross_same_same,76,132,0076_2.jpg,0132_4.jpg,0
exploration,cross_same_same,76,198,0076_2.jpg,0198_4.jpg,0
exploration,cross_same_same,76,199,0076_2.jpg,0199_4.jpg,0
exploration,cross_same_same,76,247,0076_2.jpg,0247_4.jpg,0
exploration,cross_same_same,76,263,0076_2.jpg,0263_4.jpg,0
exploration,cross_same_same,76,276,0076_2.jpg,0276_4.jpg,0
exploration,cross_same_same,76,25,0076_2.jpg,0025_4.jpg,0
exploration,cross_same_same,76,70,0076_2.jpg,0070_4.jpg,0
exploration,cross_same_same,77,77,0077_2.jpg,0077_4.jpg,1
exploration,cross_same_same,77,98,0077_2.jpg,0098_4.jpg,0
exploration,cross_same_same,77,100,0077_2.jpg,0100_4.jpg,0
exploration,cross_same_same,77,133,0077_2.jpg,0133_4.jpg,0
exploration,cross_same_same,77,199,0077_2.jpg,0199_4.jpg,0
exploration,cross_same_same,77,200,0077_2.jpg,0200_4.jpg,0
exploration,cross_same_same,77,248,0077_2.jpg,0248_4.jpg,0
exploration,cross_same_same,77,264,0077_2.jpg,0264_4.jpg,0
exploration,cross_same_same,77,279,0077_2.jpg,0279_4.jpg,0
exploration,cross_same_same,77,26,0077_2.jpg,0026_4.jpg,0
exploration,cross_same_same,77,71,0077_2.jpg,0071_4.jpg,0
exploration,cross_same_same,78,78,0078_2.jpg,0078_4.jpg,1
exploration,cross_same_same,78,100,0078_2.jpg,0100_4.jpg,0
exploration,cross_same_same,78,101,0078_2.jpg,0101_4.jpg,0
exploration,cross_same_same,78,134,0078_2.jpg,0134_4.jpg,0
exploration,cross_same_same,78,200,0078_2.jpg,0200_4.jpg,0
exploration,cross_same_same,78,201,0078_2.jpg,0201_4.jpg,0
exploration,cross_same_same,78,249,0078_2.jpg,0249_4.jpg,0
exploration,cross_same_same,78,265,0078_2.jpg,0265_4.jpg,0
exploration,cross_same_same,78,281,0078_2.jpg,0281_4.jpg,0
exploration,cross_same_same,78,27,0078_2.jpg,0027_4.jpg,0
exploration,cross_same_same,78,74,0078_2.jpg,0074_4.jpg,0
exploration,cross_same_same,79,79,0079_2.jpg,0079_4.jpg,1
exploration,cross_same_same,79,101,0079_2.jpg,0101_4.jpg,0
exploration,cross_same_same,79,103,0079_2.jpg,0103_4.jpg,0
exploration,cross_same_same,79,135,0079_2.jpg,0135_4.jpg,0
exploration,cross_same_same,79,201,0079_2.jpg,0201_4.jpg,0
exploration,cross_same_same,79,203,0079_2.jpg,0203_4.jpg,0
exploration,cross_same_same,79,250,0079_2.jpg,0250_4.jpg,0
exploration,cross_same_same,79,266,0079_2.jpg,0266_4.jpg,0
exploration,cross_same_same,79,282,0079_2.jpg,0282_4.jpg,0
exploration,cross_same_same,79,29,0079_2.jpg,0029_4.jpg,0
exploration,cross_same_same,79,75,0079_2.jpg,0075_4.jpg,0
exploration,cross_same_same,81,81,0081_2.jpg,0081_4.jpg,1
exploration,cross_same_same,81,103,0081_2.jpg,0103_4.jpg,0
exploration,cross_same_same,81,104,0081_2.jpg,0104_4.jpg,0
exploration,cross_same_same,81,138,0081_2.jpg,0138_4.jpg,0
exploration,cross_same_same,81,203,0081_2.jpg,0203_4.jpg,0
exploration,cross_same_same,81,204,0081_2.jpg,0204_4.jpg,0
exploration,cross_same_same,81,251,0081_2.jpg,0251_4.jpg,0
exploration,cross_same_same,81,267,0081_2.jpg,0267_4.jpg,0
exploration,cross_same_same,81,1,0081_2.jpg,0001_4.jpg,0
exploration,cross_same_same,81,30,0081_2.jpg,0030_4.jpg,0
exploration,cross_same_same,81,76,0081_2.jpg,0076_4.jpg,0
exploration,cross_same_same,83,83,0083_2.jpg,0083_4.jpg,1
exploration,cross_same_same,83,104,0083_2.jpg,0104_4.jpg,0
exploration,cross_same_same,83,105,0083_2.jpg,0105_4.jpg,0
exploration,cross_same_same,83,140,0083_2.jpg,0140_4.jpg,0
exploration,cross_same_same,83,204,0083_2.jpg,0204_4.jpg,0
exploration,cross_same_same,83,206,0083_2.jpg,0206_4.jpg,0
exploration,cross_same_same,83,252,0083_2.jpg,0252_4.jpg,0
exploration,cross_same_same,83,271,0083_2.jpg,0271_4.jpg,0
exploration,cross_same_same,83,2,0083_2.jpg,0002_4.jpg,0
exploration,cross_same_same,83,31,0083_2.jpg,0031_4.jpg,0
exploration,cross_same_same,83,77,0083_2.jpg,0077_4.jpg,0
exploration,cross_same_same,85,85,0085_2.jpg,0085_4.jpg,1
exploration,cross_same_same,85,105,0085_2.jpg,0105_4.jpg,0
exploration,cross_same_same,85,106,0085_2.jpg,0106_4.jpg,0
exploration,cross_same_same,85,142,0085_2.jpg,0142_4.jpg,0
exploration,cross_same_same,85,206,0085_2.jpg,0206_4.jpg,0
exploration,cross_same_same,85,207,0085_2.jpg,0207_4.jpg,0
exploration,cross_same_same,85,255,0085_2.jpg,0255_4.jpg,0
exploration,cross_same_same,85,272,0085_2.jpg,0272_4.jpg,0
exploration,cross_same_same,85,3,0085_2.jpg,0003_4.jpg,0
exploration,cross_same_same,85,35,0085_2.jpg,0035_4.jpg,0
exploration,cross_same_same,85,78,0085_2.jpg,0078_4.jpg,0
exploration,cross_same_same,86,86,0086_2.jpg,0086_4.jpg,1
exploration,cross_same_same,86,106,0086_2.jpg,0106_4.jpg,0
exploration,cross_same_same,86,107,0086_2.jpg,0107_4.jpg,0
exploration,cross_same_same,86,146,0086_2.jpg,0146_4.jpg,0
exploration,cross_same_same,86,207,0086_2.jpg,0207_4.jpg,0
exploration,cross_same_same,86,208,0086_2.jpg,0208_4.jpg,0
exploration,cross_same_same,86,256,0086_2.jpg,0256_4.jpg,0
exploration,cross_same_same,86,273,0086_2.jpg,0273_4.jpg,0
exploration,cross_same_same,86,6,0086_2.jpg,0006_4.jpg,0
exploration,cross_same_same,86,38,0086_2.jpg,0038_4.jpg,0
exploration,cross_same_same,86,79,0086_2.jpg,0079_4.jpg,0
exploration,cross_same_same,87,87,0087_2.jpg,0087_4.jpg,1
exploration,cross_same_same,87,107,0087_2.jpg,0107_4.jpg,0
exploration,cross_same_same,87,109,0087_2.jpg,0109_4.jpg,0
exploration,cross_same_same,87,147,0087_2.jpg,0147_4.jpg,0
exploration,cross_same_same,87,208,0087_2.jpg,0208_4.jpg,0
exploration,cross_same_same,87,209,0087_2.jpg,0209_4.jpg,0
exploration,cross_same_same,87,260,0087_2.jpg,0260_4.jpg,0
exploration,cross_same_same,87,274,0087_2.jpg,0274_4.jpg,0
exploration,cross_same_same,87,7,0087_2.jpg,0007_4.jpg,0
exploration,cross_same_same,87,39,0087_2.jpg,0039_4.jpg,0
exploration,cross_same_same,87,81,0087_2.jpg,0081_4.jpg,0
exploration,cross_same_same,89,89,0089_2.jpg,0089_4.jpg,1
exploration,cross_same_same,89,109,0089_2.jpg,0109_4.jpg,0
exploration,cross_same_same,89,110,0089_2.jpg,0110_4.jpg,0
exploration,cross_same_same,89,148,0089_2.jpg,0148_4.jpg,0
exploration,cross_same_same,89,209,0089_2.jpg,0209_4.jpg,0
exploration,cross_same_same,89,211,0089_2.jpg,0211_4.jpg,0
exploration,cross_same_same,89,261,0089_2.jpg,0261_4.jpg,0
exploration,cross_same_same,89,276,0089_2.jpg,0276_4.jpg,0
exploration,cross_same_same,89,8,0089_2.jpg,0008_4.jpg,0
exploration,cross_same_same,89,40,0089_2.jpg,0040_4.jpg,0
exploration,cross_same_same,89,83,0089_2.jpg,0083_4.jpg,0
exploration,cross_same_same,90,90,0090_2.jpg,0090_4.jpg,1
exploration,cross_same_same,90,110,0090_2.jpg,0110_4.jpg,0
exploration,cross_same_same,90,114,0090_2.jpg,0114_4.jpg,0
exploration,cross_same_same,90,152,0090_2.jpg,0152_4.jpg,0
exploration,cross_same_same,90,211,0090_2.jpg,0211_4.jpg,0
exploration,cross_same_same,90,212,0090_2.jpg,0212_4.jpg,0
exploration,cross_same_same,90,262,0090_2.jpg,0262_4.jpg,0
exploration,cross_same_same,90,279,0090_2.jpg,0279_4.jpg,0
exploration,cross_same_same,90,11,0090_2.jpg,0011_4.jpg,0
exploration,cross_same_same,90,42,0090_2.jpg,0042_4.jpg,0
exploration,cross_same_same,90,85,0090_2.jpg,0085_4.jpg,0
exploration,cross_same_same,91,91,0091_2.jpg,0091_4.jpg,1
exploration,cross_same_same,91,114,0091_2.jpg,0114_4.jpg,0
exploration,cross_same_same,91,116,0091_2.jpg,0116_4.jpg,0
exploration,cross_same_same,91,153,0091_2.jpg,0153_4.jpg,0
exploration,cross_same_same,91,212,0091_2.jpg,0212_4.jpg,0
exploration,cross_same_same,91,213,0091_2.jpg,0213_4.jpg,0
exploration,cross_same_same,91,263,0091_2.jpg,0263_4.jpg,0
exploration,cross_same_same,91,281,0091_2.jpg,0281_4.jpg,0
exploration,cross_same_same,91,12,0091_2.jpg,0012_4.jpg,0
exploration,cross_same_same,91,43,0091_2.jpg,0043_4.jpg,0
exploration,cross_same_same,91,86,0091_2.jpg,0086_4.jpg,0
exploration,cross_same_same,92,92,0092_2.jpg,0092_4.jpg,1
exploration,cross_same_same,92,116,0092_2.jpg,0116_4.jpg,0
exploration,cross_same_same,92,118,0092_2.jpg,0118_4.jpg,0
exploration,cross_same_same,92,154,0092_2.jpg,0154_4.jpg,0
exploration,cross_same_same,92,213,0092_2.jpg,0213_4.jpg,0
exploration,cross_same_same,92,214,0092_2.jpg,0214_4.jpg,0
exploration,cross_same_same,92,264,0092_2.jpg,0264_4.jpg,0
exploration,cross_same_same,92,282,0092_2.jpg,0282_4.jpg,0
exploration,cross_same_same,92,15,0092_2.jpg,0015_4.jpg,0
exploration,cross_same_same,92,46,0092_2.jpg,0046_4.jpg,0
exploration,cross_same_same,92,87,0092_2.jpg,0087_4.jpg,0
exploration,cross_same_same,93,93,0093_2.jpg,0093_4.jpg,1
exploration,cross_same_same,93,118,0093_2.jpg,0118_4.jpg,0
exploration,cross_same_same,93,119,0093_2.jpg,0119_4.jpg,0
exploration,cross_same_same,93,155,0093_2.jpg,0155_4.jpg,0
exploration,cross_same_same,93,214,0093_2.jpg,0214_4.jpg,0
exploration,cross_same_same,93,216,0093_2.jpg,0216_4.jpg,0
exploration,cross_same_same,93,265,0093_2.jpg,0265_4.jpg,0
exploration,cross_same_same,93,1,0093_2.jpg,0001_4.jpg,0
exploration,cross_same_same,93,18,0093_2.jpg,0018_4.jpg,0
exploration,cross_same_same,93,47,0093_2.jpg,0047_4.jpg,0
exploration,cross_same_same,93,89,0093_2.jpg,0089_4.jpg,0
exploration,cross_same_same,94,94,0094_2.jpg,0094_4.jpg,1
exploration,cross_same_same,94,119,0094_2.jpg,0119_4.jpg,0
exploration,cross_same_same,94,122,0094_2.jpg,0122_4.jpg,0
exploration,cross_same_same,94,156,0094_2.jpg,0156_4.jpg,0
exploration,cross_same_same,94,216,0094_2.jpg,0216_4.jpg,0
exploration,cross_same_same,94,219,0094_2.jpg,0219_4.jpg,0
exploration,cross_same_same,94,266,0094_2.jpg,0266_4.jpg,0
exploration,cross_same_same,94,2,0094_2.jpg,0002_4.jpg,0
exploration,cross_same_same,94,19,0094_2.jpg,0019_4.jpg,0
exploration,cross_same_same,94,49,0094_2.jpg,0049_4.jpg,0
exploration,cross_same_same,94,90,0094_2.jpg,0090_4.jpg,0
exploration,cross_same_same,96,96,0096_2.jpg,0096_4.jpg,1
exploration,cross_same_same,96,122,0096_2.jpg,0122_4.jpg,0
exploration,cross_same_same,96,123,0096_2.jpg,0123_4.jpg,0
exploration,cross_same_same,96,157,0096_2.jpg,0157_4.jpg,0
exploration,cross_same_same,96,219,0096_2.jpg,0219_4.jpg,0
exploration,cross_same_same,96,220,0096_2.jpg,0220_4.jpg,0
exploration,cross_same_same,96,267,0096_2.jpg,0267_4.jpg,0
exploration,cross_same_same,96,3,0096_2.jpg,0003_4.jpg,0
exploration,cross_same_same,96,20,0096_2.jpg,0020_4.jpg,0
exploration,cross_same_same,96,55,0096_2.jpg,0055_4.jpg,0
exploration,cross_same_same,96,91,0096_2.jpg,0091_4.jpg,0
exploration,cross_same_same,97,97,0097_2.jpg,0097_4.jpg,1
exploration,cross_same_same,97,123,0097_2.jpg,0123_4.jpg,0
exploration,cross_same_same,97,124,0097_2.jpg,0124_4.jpg,0
exploration,cross_same_same,97,158,0097_2.jpg,0158_4.jpg,0
exploration,cross_same_same,97,220,0097_2.jpg,0220_4.jpg,0
exploration,cross_same_same,97,221,0097_2.jpg,0221_4.jpg,0
exploration,cross_same_same,97,271,0097_2.jpg,0271_4.jpg,0
exploration,cross_same_same,97,6,0097_2.jpg,0006_4.jpg,0
exploration,cross_same_same,97,21,0097_2.jpg,0021_4.jpg,0
exploration,cross_same_same,97,56,0097_2.jpg,0056_4.jpg,0
exploration,cross_same_same,97,92,0097_2.jpg,0092_4.jpg,0
exploration,cross_same_same,98,98,0098_2.jpg,0098_4.jpg,1
exploration,cross_same_same,98,124,0098_2.jpg,0124_4.jpg,0
exploration,cross_same_same,98,125,0098_2.jpg,0125_4.jpg,0
exploration,cross_same_same,98,159,0098_2.jpg,0159_4.jpg,0
exploration,cross_same_same,98,221,0098_2.jpg,0221_4.jpg,0
exploration,cross_same_same,98,223,0098_2.jpg,0223_4.jpg,0
exploration,cross_same_same,98,272,0098_2.jpg,0272_4.jpg,0
exploration,cross_same_same,98,7,0098_2.jpg,0007_4.jpg,0
exploration,cross_same_same,98,22,0098_2.jpg,0022_4.jpg,0
exploration,cross_same_same,98,57,0098_2.jpg,0057_4.jpg,0
exploration,cross_same_same,98,93,0098_2.jpg,0093_4.jpg,0
exploration,cross_same_same,100,100,0100_2.jpg,0100_4.jpg,1
exploration,cross_same_same,100,125,0100_2.jpg,0125_4.jpg,0
exploration,cross_same_same,100,127,0100_2.jpg,0127_4.jpg,0
exploration,cross_same_same,100,161,0100_2.jpg,0161_4.jpg,0
exploration,cross_same_same,100,223,0100_2.jpg,0223_4.jpg,0
exploration,cross_same_same,100,224,0100_2.jpg,0224_4.jpg,0
exploration,cross_same_same,100,273,0100_2.jpg,0273_4.jpg,0
exploration,cross_same_same,100,8,0100_2.jpg,0008_4.jpg,0
exploration,cross_same_same,100,25,0100_2.jpg,0025_4.jpg,0
exploration,cross_same_same,100,59,0100_2.jpg,0059_4.jpg,0
exploration,cross_same_same,100,94,0100_2.jpg,0094_4.jpg,0
exploration,cross_same_same,101,101,0101_2.jpg,0101_4.jpg,1
exploration,cross_same_same,101,127,0101_2.jpg,0127_4.jpg,0
exploration,cross_same_same,101,130,0101_2.jpg,0130_4.jpg,0
exploration,cross_same_same,101,162,0101_2.jpg,0162_4.jpg,0
exploration,cross_same_same,101,224,0101_2.jpg,0224_4.jpg,0
exploration,cross_same_same,101,225,0101_2.jpg,0225_4.jpg,0
exploration,cross_same_same,101,274,0101_2.jpg,0274_4.jpg,0
exploration,cross_same_same,101,11,0101_2.jpg,0011_4.jpg,0
exploration,cross_same_same,101,26,0101_2.jpg,0026_4.jpg,0
exploration,cross_same_same,101,60,0101_2.jpg,0060_4.jpg,0
exploration,cross_same_same,101,96,0101_2.jpg,0096_4.jpg,0
exploration,cross_same_same,103,103,0103_2.jpg,0103_4.jpg,1
exploration,cross_same_same,103,130,0103_2.jpg,0130_4.jpg,0
exploration,cross_same_same,103,132,0103_2.jpg,0132_4.jpg,0
exploration,cross_same_same,103,163,0103_2.jpg,0163_4.jpg,0
exploration,cross_same_same,103,225,0103_2.jpg,0225_4.jpg,0
exploration,cross_same_same,103,226,0103_2.jpg,0226_4.jpg,0
exploration,cross_same_same,103,276,0103_2.jpg,0276_4.jpg,0
exploration,cross_same_same,103,12,0103_2.jpg,0012_4.jpg,0
exploration,cross_same_same,103,27,0103_2.jpg,0027_4.jpg,0
exploration,cross_same_same,103,61,0103_2.jpg,0061_4.jpg,0
exploration,cross_same_same,103,97,0103_2.jpg,0097_4.jpg,0
exploration,cross_same_same,104,104,0104_2.jpg,0104_4.jpg,1
exploration,cross_same_same,104,132,0104_2.jpg,0132_4.jpg,0
exploration,cross_same_same,104,133,0104_2.jpg,0133_4.jpg,0
exploration,cross_same_same,104,164,0104_2.jpg,0164_4.jpg,0
exploration,cross_same_same,104,226,0104_2.jpg,0226_4.jpg,0
exploration,cross_same_same,104,227,0104_2.jpg,0227_4.jpg,0
exploration,cross_same_same,104,279,0104_2.jpg,0279_4.jpg,0
exploration,cross_same_same,104,15,0104_2.jpg,0015_4.jpg,0
exploration,cross_same_same,104,29,0104_2.jpg,0029_4.jpg,0
exploration,cross_same_same,104,62,0104_2.jpg,0062_4.jpg,0
exploration,cross_same_same,104,98,0104_2.jpg,0098_4.jpg,0
exploration,cross_same_same,105,105,0105_2.jpg,0105_4.jpg,1
exploration,cross_same_same,105,133,0105_2.jpg,0133_4.jpg,0
exploration,cross_same_same,105,134,0105_2.jpg,0134_4.jpg,0
exploration,cross_same_same,105,167,0105_2.jpg,0167_4.jpg,0
exploration,cross_same_same,105,227,0105_2.jpg,0227_4.jpg,0
exploration,cross_same_same,105,228,0105_2.jpg,0228_4.jpg,0
exploration,cross_same_same,105,281,0105_2.jpg,0281_4.jpg,0
exploration,cross_same_same,105,18,0105_2.jpg,0018_4.jpg,0
exploration,cross_same_same,105,30,0105_2.jpg,0030_4.jpg,0
exploration,cross_same_same,105,65,0105_2.jpg,0065_4.jpg,0
exploration,cross_same_same,105,100,0105_2.jpg,0100_4.jpg,0
exploration,cross_same_same,106,106,0106_2.jpg,0106_4.jpg,1
exploration,cross_same_same,106,134,0106_2.jpg,0134_4.jpg,0
exploration,cross_same_same,106,135,0106_2.jpg,0135_4.jpg,0
exploration,cross_same_same,106,168,0106_2.jpg,0168_4.jpg,0
exploration,cross_same_same,106,228,0106_2.jpg,0228_4.jpg,0
exploration,cross_same_same,106,229,0106_2.jpg,0229_4.jpg,0
exploration,cross_same_same,106,282,0106_2.jpg,0282_4.jpg,0
exploration,cross_same_same,106,19,0106_2.jpg,0019_4.jpg,0
exploration,cross_same_same,106,31,0106_2.jpg,0031_4.jpg,0
exploration,cross_same_same,106,66,0106_2.jpg,0066_4.jpg,0
exploration,cross_same_same,106,101,0106_2.jpg,0101_4.jpg,0
exploration,cross_same_same,107,107,0107_2.jpg,0107_4.jpg,1
exploration,cross_same_same,107,135,0107_2.jpg,0135_4.jpg,0
exploration,cross_same_same,107,138,0107_2.jpg,0138_4.jpg,0
exploration,cross_same_same,107,169,0107_2.jpg,0169_4.jpg,0
exploration,cross_same_same,107,229,0107_2.jpg,0229_4.jpg,0
exploration,cross_same_same,107,231,0107_2.jpg,0231_4.jpg,0
exploration,cross_same_same,107,1,0107_2.jpg,0001_4.jpg,0
exploration,cross_same_same,107,20,0107_2.jpg,0020_4.jpg,0
exploration,cross_same_same,107,35,0107_2.jpg,0035_4.jpg,0
exploration,cross_same_same,107,67,0107_2.jpg,0067_4.jpg,0
exploration,cross_same_same,107,103,0107_2.jpg,0103_4.jpg,0
exploration,cross_same_same,109,109,0109_2.jpg,0109_4.jpg,1
exploration,cross_same_same,109,138,0109_2.jpg,0138_4.jpg,0
exploration,cross_same_same,109,140,0109_2.jpg,0140_4.jpg,0
exploration,cross_same_same,109,171,0109_2.jpg,0171_4.jpg,0
exploration,cross_same_same,109,231,0109_2.jpg,0231_4.jpg,0
exploration,cross_same_same,109,232,0109_2.jpg,0232_4.jpg,0
exploration,cross_same_same,109,2,0109_2.jpg,0002_4.jpg,0
exploration,cross_same_same,109,21,0109_2.jpg,0021_4.jpg,0
exploration,cross_same_same,109,38,0109_2.jpg,0038_4.jpg,0
exploration,cross_same_same,109,70,0109_2.jpg,0070_4.jpg,0
exploration,cross_same_same,109,104,0109_2.jpg,0104_4.jpg,0
exploration,cross_same_same,110,110,0110_2.jpg,0110_4.jpg,1
exploration,cross_same_same,110,140,0110_2.jpg,0140_4.jpg,0
exploration,cross_same_same,110,142,0110_2.jpg,0142_4.jpg,0
exploration,cross_same_same,110,172,0110_2.jpg,0172_4.jpg,0
exploration,cross_same_same,110,232,0110_2.jpg,0232_4.jpg,0
exploration,cross_same_same,110,234,0110_2.jpg,0234_4.jpg,0
exploration,cross_same_same,110,3,0110_2.jpg,0003_4.jpg,0
exploration,cross_same_same,110,22,0110_2.jpg,0022_4.jpg,0
exploration,cross_same_same,110,39,0110_2.jpg,0039_4.jpg,0
exploration,cross_same_same,110,71,0110_2.jpg,0071_4.jpg,0
exploration,cross_same_same,110,105,0110_2.jpg,0105_4.jpg,0
exploration,cross_same_same,114,114,0114_2.jpg,0114_4.jpg,1
exploration,cross_same_same,114,142,0114_2.jpg,0142_4.jpg,0
exploration,cross_same_same,114,146,0114_2.jpg,0146_4.jpg,0
exploration,cross_same_same,114,178,0114_2.jpg,0178_4.jpg,0
exploration,cross_same_same,114,234,0114_2.jpg,0234_4.jpg,0
exploration,cross_same_same,114,235,0114_2.jpg,0235_4.jpg,0
exploration,cross_same_same,114,6,0114_2.jpg,0006_4.jpg,0
exploration,cross_same_same,114,25,0114_2.jpg,0025_4.jpg,0
exploration,cross_same_same,114,40,0114_2.jpg,0040_4.jpg,0
exploration,cross_same_same,114,74,0114_2.jpg,0074_4.jpg,0
exploration,cross_same_same,114,106,0114_2.jpg,0106_4.jpg,0
exploration,cross_same_same,116,116,0116_2.jpg,0116_4.jpg,1
exploration,cross_same_same,116,146,0116_2.jpg,0146_4.jpg,0
exploration,cross_same_same,116,147,0116_2.jpg,0147_4.jpg,0
exploration,cross_same_same,116,179,0116_2.jpg,0179_4.jpg,0
exploration,cross_same_same,116,235,0116_2.jpg,0235_4.jpg,0
exploration,cross_same_same,116,237,0116_2.jpg,0237_4.jpg,0
exploration,cross_same_same,116,7,0116_2.jpg,0007_4.jpg,0
exploration,cross_same_same,116,26,0116_2.jpg,0026_4.jpg,0
exploration,cross_same_same,116,42,0116_2.jpg,0042_4.jpg,0
exploration,cross_same_same,116,75,0116_2.jpg,0075_4.jpg,0
exploration,cross_same_same,116,107,0116_2.jpg,0107_4.jpg,0
exploration,cross_same_same,118,118,0118_2.jpg,0118_4.jpg,1
exploration,cross_same_same,118,147,0118_2.jpg,0147_4.jpg,0
exploration,cross_same_same,118,148,0118_2.jpg,0148_4.jpg,0
exploration,cross_same_same,118,180,0118_2.jpg,0180_4.jpg,0
exploration,cross_same_same,118,237,0118_2.jpg,0237_4.jpg,0
exploration,cross_same_same,118,239,0118_2.jpg,0239_4.jpg,0
exploration,cross_same_same,118,8,0118_2.jpg,0008_4.jpg,0
exploration,cross_same_same,118,27,0118_2.jpg,0027_4.jpg,0
exploration,cross_same_same,118,43,0118_2.jpg,0043_4.jpg,0
exploration,cross_same_same,118,76,0118_2.jpg,0076_4.jpg,0
exploration,cross_same_same,118,109,0118_2.jpg,0109_4.jpg,0
exploration,cross_same_same,119,119,0119_2.jpg,0119_4.jpg,1
exploration,cross_same_same,119,148,0119_2.jpg,0148_4.jpg,0
exploration,cross_same_same,119,152,0119_2.jpg,0152_4.jpg,0
exploration,cross_same_same,119,181,0119_2.jpg,0181_4.jpg,0
exploration,cross_same_same,119,239,0119_2.jpg,0239_4.jpg,0
exploration,cross_same_same,119,240,0119_2.jpg,0240_4.jpg,0
exploration,cross_same_same,119,11,0119_2.jpg,0011_4.jpg,0
exploration,cross_same_same,119,29,0119_2.jpg,0029_4.jpg,0
exploration,cross_same_same,119,46,0119_2.jpg,0046_4.jpg,0
exploration,cross_same_same,119,77,0119_2.jpg,0077_4.jpg,0
exploration,cross_same_same,119,110,0119_2.jpg,0110_4.jpg,0
exploration,cross_same_same,122,122,0122_2.jpg,0122_4.jpg,1
exploration,cross_same_same,122,152,0122_2.jpg,0152_4.jpg,0
exploration,cross_same_same,122,153,0122_2.jpg,0153_4.jpg,0
exploration,cross_same_same,122,183,0122_2.jpg,0183_4.jpg,0
exploration,cross_same_same,122,240,0122_2.jpg,0240_4.jpg,0
exploration,cross_same_same,122,241,0122_2.jpg,0241_4.jpg,0
exploration,cross_same_same,122,12,0122_2.jpg,0012_4.jpg,0
exploration,cross_same_same,122,30,0122_2.jpg,0030_4.jpg,0
exploration,cross_same_same,122,47,0122_2.jpg,0047_4.jpg,0
exploration,cross_same_same,122,78,0122_2.jpg,0078_4.jpg,0
exploration,cross_same_same,122,114,0122_2.jpg,0114_4.jpg,0
exploration,cross_same_same,123,123,0123_2.jpg,0123_4.jpg,1
exploration,cross_same_same,123,153,0123_2.jpg,0153_4.jpg,0
exploration,cross_same_same,123,154,0123_2.jpg,0154_4.jpg,0
exploration,cross_same_same,123,185,0123_2.jpg,0185_4.jpg,0
exploration,cross_same_same,123,241,0123_2.jpg,0241_4.jpg,0
exploration,cross_same_same,123,242,0123_2.jpg,0242_4.jpg,0
exploration,cross_same_same,123,15,0123_2.jpg,0015_4.jpg,0
exploration,cross_same_same,123,31,0123_2.jpg,0031_4.jpg,0
exploration,cross_same_same,123,49,0123_2.jpg,0049_4.jpg,0
exploration,cross_same_same,123,79,0123_2.jpg,0079_4.jpg,0
exploration,cross_same_same,123,116,0123_2.jpg,0116_4.jpg,0
exploration,cross_same_same,124,124,0124_2.jpg,0124_4.jpg,1
exploration,cross_same_same,124,154,0124_2.jpg,0154_4.jpg,0
exploration,cross_same_same,124,155,0124_2.jpg,0155_4.jpg,0
exploration,cross_same_same,124,188,0124_2.jpg,0188_4.jpg,0
exploration,cross_same_same,124,242,0124_2.jpg,0242_4.jpg,0
exploration,cross_same_same,124,243,0124_2.jpg,0243_4.jpg,0
exploration,cross_same_same,124,18,0124_2.jpg,0018_4.jpg,0
exploration,cross_same_same,124,35,0124_2.jpg,0035_4.jpg,0
exploration,cross_same_same,124,55,0124_2.jpg,0055_4.jpg,0
exploration,cross_same_same,124,81,0124_2.jpg,0081_4.jpg,0
exploration,cross_same_same,124,118,0124_2.jpg,0118_4.jpg,0
exploration,cross_same_same,125,125,0125_2.jpg,0125_4.jpg,1
exploration,cross_same_same,125,155,0125_2.jpg,0155_4.jpg,0
exploration,cross_same_same,125,156,0125_2.jpg,0156_4.jpg,0
exploration,cross_same_same,125,189,0125_2.jpg,0189_4.jpg,0
exploration,cross_same_same,125,243,0125_2.jpg,0243_4.jpg,0
exploration,cross_same_same,125,244,0125_2.jpg,0244_4.jpg,0
exploration,cross_same_same,125,19,0125_2.jpg,0019_4.jpg,0
exploration,cross_same_same,125,38,0125_2.jpg,0038_4.jpg,0
exploration,cross_same_same,125,56,0125_2.jpg,0056_4.jpg,0
exploration,cross_same_same,125,83,0125_2.jpg,0083_4.jpg,0
exploration,cross_same_same,125,119,0125_2.jpg,0119_4.jpg,0
exploration,cross_same_same,127,127,0127_2.jpg,0127_4.jpg,1
exploration,cross_same_same,127,156,0127_2.jpg,0156_4.jpg,0
exploration,cross_same_same,127,157,0127_2.jpg,0157_4.jpg,0
exploration,cross_same_same,127,191,0127_2.jpg,0191_4.jpg,0
exploration,cross_same_same,127,244,0127_2.jpg,0244_4.jpg,0
exploration,cross_same_same,127,245,0127_2.jpg,0245_4.jpg,0
exploration,cross_same_same,127,20,0127_2.jpg,0020_4.jpg,0
exploration,cross_same_same,127,39,0127_2.jpg,0039_4.jpg,0
exploration,cross_same_same,127,57,0127_2.jpg,0057_4.jpg,0
exploration,cross_same_same,127,85,0127_2.jpg,0085_4.jpg,0
exploration,cross_same_same,127,122,0127_2.jpg,0122_4.jpg,0
exploration,cross_same_same,130,130,0130_2.jpg,0130_4.jpg,1
exploration,cross_same_same,130,157,0130_2.jpg,0157_4.jpg,0
exploration,cross_same_same,130,158,0130_2.jpg,0158_4.jpg,0
exploration,cross_same_same,130,192,0130_2.jpg,0192_4.jpg,0
exploration,cross_same_same,130,245,0130_2.jpg,0245_4.jpg,0
exploration,cross_same_same,130,246,0130_2.jpg,0246_4.jpg,0
exploration,cross_same_same,130,21,0130_2.jpg,0021_4.jpg,0
exploration,cross_same_same,130,40,0130_2.jpg,0040_4.jpg,0
exploration,cross_same_same,130,59,0130_2.jpg,0059_4.jpg,0
exploration,cross_same_same,130,86,0130_2.jpg,0086_4.jpg,0
exploration,cross_same_same,130,123,0130_2.jpg,0123_4.jpg,0
exploration,cross_same_same,132,132,0132_2.jpg,0132_4.jpg,1
exploration,cross_same_same,132,158,0132_2.jpg,0158_4.jpg,0
exploration,cross_same_same,132,159,0132_2.jpg,0159_4.jpg,0
exploration,cross_same_same,132,196,0132_2.jpg,0196_4.jpg,0
exploration,cross_same_same,132,246,0132_2.jpg,0246_4.jpg,0
exploration,cross_same_same,132,247,0132_2.jpg,0247_4.jpg,0
exploration,cross_same_same,132,22,0132_2.jpg,0022_4.jpg,0
exploration,cross_same_same,132,42,0132_2.jpg,0042_4.jpg,0
exploration,cross_same_same,132,60,0132_2.jpg,0060_4.jpg,0
exploration,cross_same_same,132,87,0132_2.jpg,0087_4.jpg,0
exploration,cross_same_same,132,124,0132_2.jpg,0124_4.jpg,0
exploration,cross_same_same,133,133,0133_2.jpg,0133_4.jpg,1
exploration,cross_same_same,133,159,0133_2.jpg,0159_4.jpg,0
exploration,cross_same_same,133,161,0133_2.jpg,0161_4.jpg,0
exploration,cross_same_same,133,197,0133_2.jpg,0197_4.jpg,0
exploration,cross_same_same,133,247,0133_2.jpg,0247_4.jpg,0
exploration,cross_same_same,133,248,0133_2.jpg,0248_4.jpg,0
exploration,cross_same_same,133,25,0133_2.jpg,0025_4.jpg,0
exploration,cross_same_same,133,43,0133_2.jpg,0043_4.jpg,0
exploration,cross_same_same,133,61,0133_2.jpg,0061_4.jpg,0
exploration,cross_same_same,133,89,0133_2.jpg,0089_4.jpg,0
exploration,cross_same_same,133,125,0133_2.jpg,0125_4.jpg,0
exploration,cross_same_same,134,134,0134_2.jpg,0134_4.jpg,1
exploration,cross_same_same,134,161,0134_2.jpg,0161_4.jpg,0
exploration,cross_same_same,134,162,0134_2.jpg,0162_4.jpg,0
exploration,cross_same_same,134,198,0134_2.jpg,0198_4.jpg,0
exploration,cross_same_same,134,248,0134_2.jpg,0248_4.jpg,0
exploration,cross_same_same,134,249,0134_2.jpg,0249_4.jpg,0
exploration,cross_same_same,134,26,0134_2.jpg,0026_4.jpg,0
exploration,cross_same_same,134,46,0134_2.jpg,0046_4.jpg,0
exploration,cross_same_same,134,62,0134_2.jpg,0062_4.jpg,0
exploration,cross_same_same,134,90,0134_2.jpg,0090_4.jpg,0
exploration,cross_same_same,134,127,0134_2.jpg,0127_4.jpg,0
exploration,cross_same_same,135,135,0135_2.jpg,0135_4.jpg,1
exploration,cross_same_same,135,162,0135_2.jpg,0162_4.jpg,0
exploration,cross_same_same,135,163,0135_2.jpg,0163_4.jpg,0
exploration,cross_same_same,135,199,0135_2.jpg,0199_4.jpg,0
exploration,cross_same_same,135,249,0135_2.jpg,0249_4.jpg,0
exploration,cross_same_same,135,250,0135_2.jpg,0250_4.jpg,0
exploration,cross_same_same,135,27,0135_2.jpg,0027_4.jpg,0
exploration,cross_same_same,135,47,0135_2.jpg,0047_4.jpg,0
exploration,cross_same_same,135,65,0135_2.jpg,0065_4.jpg,0
exploration,cross_same_same,135,91,0135_2.jpg,0091_4.jpg,0
exploration,cross_same_same,135,130,0135_2.jpg,0130_4.jpg,0
exploration,cross_same_same,138,138,0138_2.jpg,0138_4.jpg,1
exploration,cross_same_same,138,163,0138_2.jpg,0163_4.jpg,0
exploration,cross_same_same,138,164,0138_2.jpg,0164_4.jpg,0
exploration,cross_same_same,138,200,0138_2.jpg,0200_4.jpg,0
exploration,cross_same_same,138,250,0138_2.jpg,0250_4.jpg,0
exploration,cross_same_same,138,251,0138_2.jpg,0251_4.jpg,0
exploration,cross_same_same,138,29,0138_2.jpg,0029_4.jpg,0
exploration,cross_same_same,138,49,0138_2.jpg,0049_4.jpg,0
exploration,cross_same_same,138,66,0138_2.jpg,0066_4.jpg,0
exploration,cross_same_same,138,92,0138_2.jpg,0092_4.jpg,0
exploration,cross_same_same,138,132,0138_2.jpg,0132_4.jpg,0
exploration,cross_same_same,140,140,0140_2.jpg,0140_4.jpg,1
exploration,cross_same_same,140,164,0140_2.jpg,0164_4.jpg,0
exploration,cross_same_same,140,167,0140_2.jpg,0167_4.jpg,0
exploration,cross_same_same,140,201,0140_2.jpg,0201_4.jpg,0
exploration,cross_same_same,140,251,0140_2.jpg,0251_4.jpg,0
exploration,cross_same_same,140,252,0140_2.jpg,0252_4.jpg,0
exploration,cross_same_same,140,30,0140_2.jpg,0030_4.jpg,0
exploration,cross_same_same,140,55,0140_2.jpg,0055_4.jpg,0
exploration,cross_same_same,140,67,0140_2.jpg,0067_4.jpg,0
exploration,cross_same_same,140,93,0140_2.jpg,0093_4.jpg,0
exploration,cross_same_same,140,133,0140_2.jpg,0133_4.jpg,0
exploration,cross_same_same,142,142,0142_2.jpg,0142_4.jpg,1
exploration,cross_same_same,142,167,0142_2.jpg,0167_4.jpg,0
exploration,cross_same_same,142,168,0142_2.jpg,0168_4.jpg,0
exploration,cross_same_same,142,203,0142_2.jpg,0203_4.jpg,0
exploration,cross_same_same,142,252,0142_2.jpg,0252_4.jpg,0
exploration,cross_same_same,142,255,0142_2.jpg,0255_4.jpg,0
exploration,cross_same_same,142,31,0142_2.jpg,0031_4.jpg,0
exploration,cross_same_same,142,56,0142_2.jpg,0056_4.jpg,0
exploration,cross_same_same,142,70,0142_2.jpg,0070_4.jpg,0
exploration,cross_same_same,142,94,0142_2.jpg,0094_4.jpg,0
exploration,cross_same_same,142,134,0142_2.jpg,0134_4.jpg,0
exploration,cross_same_same,146,146,0146_2.jpg,0146_4.jpg,1
exploration,cross_same_same,146,168,0146_2.jpg,0168_4.jpg,0
exploration,cross_same_same,146,169,0146_2.jpg,0169_4.jpg,0
exploration,cross_same_same,146,204,0146_2.jpg,0204_4.jpg,0
exploration,cross_same_same,146,255,0146_2.jpg,0255_4.jpg,0
exploration,cross_same_same,146,256,0146_2.jpg,0256_4.jpg,0
exploration,cross_same_same,146,35,0146_2.jpg,0035_4.jpg,0
exploration,cross_same_same,146,57,0146_2.jpg,0057_4.jpg,0
exploration,cross_same_same,146,71,0146_2.jpg,0071_4.jpg,0
exploration,cross_same_same,146,96,0146_2.jpg,0096_4.jpg,0
exploration,cross_same_same,146,135,0146_2.jpg,0135_4.jpg,0
exploration,cross_same_same,147,147,0147_2.jpg,0147_4.jpg,1
exploration,cross_same_same,147,169,0147_2.jpg,0169_4.jpg,0
exploration,cross_same_same,147,171,0147_2.jpg,0171_4.jpg,0
exploration,cross_same_same,147,206,0147_2.jpg,0206_4.jpg,0
exploration,cross_same_same,147,256,0147_2.jpg,0256_4.jpg,0
exploration,cross_same_same,147,260,0147_2.jpg,0260_4.jpg,0
exploration,cross_same_same,147,38,0147_2.jpg,0038_4.jpg,0
exploration,cross_same_same,147,59,0147_2.jpg,0059_4.jpg,0
exploration,cross_same_same,147,74,0147_2.jpg,0074_4.jpg,0
exploration,cross_same_same,147,97,0147_2.jpg,0097_4.jpg,0
exploration,cross_same_same,147,138,0147_2.jpg,0138_4.jpg,0
exploration,cross_same_same,148,148,0148_2.jpg,0148_4.jpg,1
exploration,cross_same_same,148,171,0148_2.jpg,0171_4.jpg,0
exploration,cross_same_same,148,172,0148_2.jpg,0172_4.jpg,0
exploration,cross_same_same,148,207,0148_2.jpg,0207_4.jpg,0
exploration,cross_same_same,148,260,0148_2.jpg,0260_4.jpg,0
exploration,cross_same_same,148,261,0148_2.jpg,0261_4.jpg,0
exploration,cross_same_same,148,39,0148_2.jpg,0039_4.jpg,0
exploration,cross_same_same,148,60,0148_2.jpg,0060_4.jpg,0
exploration,cross_same_same,148,75,0148_2.jpg,0075_4.jpg,0
exploration,cross_same_same,148,98,0148_2.jpg,0098_4.jpg,0
exploration,cross_same_same,148,140,0148_2.jpg,0140_4.jpg,0
exploration,cross_same_same,152,152,0152_2.jpg,0152_4.jpg,1
exploration,cross_same_same,152,172,0152_2.jpg,0172_4.jpg,0
exploration,cross_same_same,152,178,0152_2.jpg,0178_4.jpg,0
exploration,cross_same_same,152,208,0152_2.jpg,0208_4.jpg,0
exploration,cross_same_same,152,261,0152_2.jpg,0261_4.jpg,0
exploration,cross_same_same,152,262,0152_2.jpg,0262_4.jpg,0
exploration,cross_same_same,152,40,0152_2.jpg,0040_4.jpg,0
exploration,cross_same_same,152,61,0152_2.jpg,0061_4.jpg,0
exploration,cross_same_same,152,76,0152_2.jpg,0076_4.jpg,0
exploration,cross_same_same,152,100,0152_2.jpg,0100_4.jpg,0
exploration,cross_same_same,152,142,0152_2.jpg,0142_4.jpg,0
exploration,cross_same_same,153,153,0153_2.jpg,0153_4.jpg,1
exploration,cross_same_same,153,178,0153_2.jpg,0178_4.jpg,0
exploration,cross_same_same,153,179,0153_2.jpg,0179_4.jpg,0
exploration,cross_same_same,153,209,0153_2.jpg,0209_4.jpg,0
exploration,cross_same_same,153,262,0153_2.jpg,0262_4.jpg,0
exploration,cross_same_same,153,263,0153_2.jpg,0263_4.jpg,0
exploration,cross_same_same,153,42,0153_2.jpg,0042_4.jpg,0
exploration,cross_same_same,153,62,0153_2.jpg,0062_4.jpg,0
exploration,cross_same_same,153,77,0153_2.jpg,0077_4.jpg,0
exploration,cross_same_same,153,101,0153_2.jpg,0101_4.jpg,0
exploration,cross_same_same,153,146,0153_2.jpg,0146_4.jpg,0
exploration,cross_same_same,154,154,0154_2.jpg,0154_4.jpg,1
exploration,cross_same_same,154,179,0154_2.jpg,0179_4.jpg,0
exploration,cross_same_same,154,180,0154_2.jpg,0180_4.jpg,0
exploration,cross_same_same,154,211,0154_2.jpg,0211_4.jpg,0
exploration,cross_same_same,154,263,0154_2.jpg,0263_4.jpg,0
exploration,cross_same_same,154,264,0154_2.jpg,0264_4.jpg,0
exploration,cross_same_same,154,43,0154_2.jpg,0043_4.jpg,0
exploration,cross_same_same,154,65,0154_2.jpg,0065_4.jpg,0
exploration,cross_same_same,154,78,0154_2.jpg,0078_4.jpg,0
exploration,cross_same_same,154,103,0154_2.jpg,0103_4.jpg,0
exploration,cross_same_same,154,147,0154_2.jpg,0147_4.jpg,0
exploration,cross_same_same,155,155,0155_2.jpg,0155_4.jpg,1
exploration,cross_same_same,155,180,0155_2.jpg,0180_4.jpg,0
exploration,cross_same_same,155,181,0155_2.jpg,0181_4.jpg,0
exploration,cross_same_same,155,212,0155_2.jpg,0212_4.jpg,0
exploration,cross_same_same,155,264,0155_2.jpg,0264_4.jpg,0
exploration,cross_same_same,155,265,0155_2.jpg,0265_4.jpg,0
exploration,cross_same_same,155,46,0155_2.jpg,0046_4.jpg,0
exploration,cross_same_same,155,66,0155_2.jpg,0066_4.jpg,0
exploration,cross_same_same,155,79,0155_2.jpg,0079_4.jpg,0
exploration,cross_same_same,155,104,0155_2.jpg,0104_4.jpg,0
exploration,cross_same_same,155,148,0155_2.jpg,0148_4.jpg,0
exploration,cross_same_same,156,156,0156_2.jpg,0156_4.jpg,1
exploration,cross_same_same,156,181,0156_2.jpg,0181_4.jpg,0
exploration,cross_same_same,156,183,0156_2.jpg,0183_4.jpg,0
exploration,cross_same_same,156,213,0156_2.jpg,0213_4.jpg,0
exploration,cross_same_same,156,265,0156_2.jpg,0265_4.jpg,0
exploration,cross_same_same,156,266,0156_2.jpg,0266_4.jpg,0
exploration,cross_same_same,156,47,0156_2.jpg,0047_4.jpg,0
exploration,cross_same_same,156,67,0156_2.jpg,0067_4.jpg,0
exploration,cross_same_same,156,81,0156_2.jpg,0081_4.jpg,0
exploration,cross_same_same,156,105,0156_2.jpg,0105_4.jpg,0
exploration,cross_same_same,156,152,0156_2.jpg,0152_4.jpg,0
exploration,cross_same_same,157,157,0157_2.jpg,0157_4.jpg,1
exploration,cross_same_same,157,183,0157_2.jpg,0183_4.jpg,0
exploration,cross_same_same,157,185,0157_2.jpg,0185_4.jpg,0
exploration,cross_same_same,157,214,0157_2.jpg,0214_4.jpg,0
exploration,cross_same_same,157,266,0157_2.jpg,0266_4.jpg,0
exploration,cross_same_same,157,267,0157_2.jpg,0267_4.jpg,0
exploration,cross_same_same,157,49,0157_2.jpg,0049_4.jpg,0
exploration,cross_same_same,157,70,0157_2.jpg,0070_4.jpg,0
exploration,cross_same_same,157,83,0157_2.jpg,0083_4.jpg,0
exploration,cross_same_same,157,106,0157_2.jpg,0106_4.jpg,0
exploration,cross_same_same,157,153,0157_2.jpg,0153_4.jpg,0
exploration,cross_same_same,158,158,0158_2.jpg,0158_4.jpg,1
exploration,cross_same_same,158,185,0158_2.jpg,0185_4.jpg,0
exploration,cross_same_same,158,188,0158_2.jpg,0188_4.jpg,0
exploration,cross_same_same,158,216,0158_2.jpg,0216_4.jpg,0
exploration,cross_same_same,158,267,0158_2.jpg,0267_4.jpg,0
exploration,cross_same_same,158,271,0158_2.jpg,0271_4.jpg,0
exploration,cross_same_same,158,55,0158_2.jpg,0055_4.jpg,0
exploration,cross_same_same,158,71,0158_2.jpg,0071_4.jpg,0
exploration,cross_same_same,158,85,0158_2.jpg,0085_4.jpg,0
exploration,cross_same_same,158,107,0158_2.jpg,0107_4.jpg,0
exploration,cross_same_same,158,154,0158_2.jpg,0154_4.jpg,0
exploration,cross_same_same,159,159,0159_2.jpg,0159_4.jpg,1
exploration,cross_same_same,159,188,0159_2.jpg,0188_4.jpg,0
exploration,cross_same_same,159,189,0159_2.jpg,0189_4.jpg,0
exploration,cross_same_same,159,219,0159_2.jpg,0219_4.jpg,0
exploration,cross_same_same,159,271,0159_2.jpg,0271_4.jpg,0
exploration,cross_same_same,159,272,0159_2.jpg,0272_4.jpg,0
exploration,cross_same_same,159,56,0159_2.jpg,0056_4.jpg,0
exploration,cross_same_same,159,74,0159_2.jpg,0074_4.jpg,0
exploration,cross_same_same,159,86,0159_2.jpg,0086_4.jpg,0
exploration,cross_same_same,159,109,0159_2.jpg,0109_4.jpg,0
exploration,cross_same_same,159,155,0159_2.jpg,0155_4.jpg,0
exploration,cross_same_same,161,161,0161_2.jpg,0161_4.jpg,1
exploration,cross_same_same,161,189,0161_2.jpg,0189_4.jpg,0
exploration,cross_same_same,161,191,0161_2.jpg,0191_4.jpg,0
exploration,cross_same_same,161,220,0161_2.jpg,0220_4.jpg,0
exploration,cross_same_same,161,272,0161_2.jpg,0272_4.jpg,0
exploration,cross_same_same,161,273,0161_2.jpg,0273_4.jpg,0
exploration,cross_same_same,161,57,0161_2.jpg,0057_4.jpg,0
exploration,cross_same_same,161,75,0161_2.jpg,0075_4.jpg,0
exploration,cross_same_same,161,87,0161_2.jpg,0087_4.jpg,0
exploration,cross_same_same,161,110,0161_2.jpg,0110_4.jpg,0
exploration,cross_same_same,161,156,0161_2.jpg,0156_4.jpg,0
exploration,cross_same_same,162,162,0162_2.jpg,0162_4.jpg,1
exploration,cross_same_same,162,191,0162_2.jpg,0191_4.jpg,0
exploration,cross_same_same,162,192,0162_2.jpg,0192_4.jpg,0
exploration,cross_same_same,162,221,0162_2.jpg,0221_4.jpg,0
exploration,cross_same_same,162,273,0162_2.jpg,0273_4.jpg,0
exploration,cross_same_same,162,274,0162_2.jpg,0274_4.jpg,0
exploration,cross_same_same,162,59,0162_2.jpg,0059_4.jpg,0
exploration,cross_same_same,162,76,0162_2.jpg,0076_4.jpg,0
exploration,cross_same_same,162,89,0162_2.jpg,0089_4.jpg,0
exploration,cross_same_same,162,114,0162_2.jpg,0114_4.jpg,0
exploration,cross_same_same,162,157,0162_2.jpg,0157_4.jpg,0
exploration,cross_same_same,163,163,0163_2.jpg,0163_4.jpg,1
exploration,cross_same_same,163,192,0163_2.jpg,0192_4.jpg,0
exploration,cross_same_same,163,196,0163_2.jpg,0196_4.jpg,0
exploration,cross_same_same,163,223,0163_2.jpg,0223_4.jpg,0
exploration,cross_same_same,163,274,0163_2.jpg,0274_4.jpg,0
exploration,cross_same_same,163,276,0163_2.jpg,0276_4.jpg,0
exploration,cross_same_same,163,60,0163_2.jpg,0060_4.jpg,0
exploration,cross_same_same,163,77,0163_2.jpg,0077_4.jpg,0
exploration,cross_same_same,163,90,0163_2.jpg,0090_4.jpg,0
exploration,cross_same_same,163,116,0163_2.jpg,0116_4.jpg,0
exploration,cross_same_same,163,158,0163_2.jpg,0158_4.jpg,0
exploration,cross_same_same,164,164,0164_2.jpg,0164_4.jpg,1
exploration,cross_same_same,164,196,0164_2.jpg,0196_4.jpg,0
exploration,cross_same_same,164,197,0164_2.jpg,0197_4.jpg,0
exploration,cross_same_same,164,224,0164_2.jpg,0224_4.jpg,0
exploration,cross_same_same,164,276,0164_2.jpg,0276_4.jpg,0
exploration,cross_same_same,164,279,0164_2.jpg,0279_4.jpg,0
exploration,cross_same_same,164,61,0164_2.jpg,0061_4.jpg,0
exploration,cross_same_same,164,78,0164_2.jpg,0078_4.jpg,0
exploration,cross_same_same,164,91,0164_2.jpg,0091_4.jpg,0
exploration,cross_same_same,164,118,0164_2.jpg,0118_4.jpg,0
exploration,cross_same_same,164,159,0164_2.jpg,0159_4.jpg,0
exploration,cross_same_same,167,167,0167_2.jpg,0167_4.jpg,1
exploration,cross_same_same,167,197,0167_2.jpg,0197_4.jpg,0
exploration,cross_same_same,167,198,0167_2.jpg,0198_4.jpg,0
exploration,cross_same_same,167,225,0167_2.jpg,0225_4.jpg,0
exploration,cross_same_same,167,279,0167_2.jpg,0279_4.jpg,0
exploration,cross_same_same,167,281,0167_2.jpg,0281_4.jpg,0
exploration,cross_same_same,167,62,0167_2.jpg,0062_4.jpg,0
exploration,cross_same_same,167,79,0167_2.jpg,0079_4.jpg,0
exploration,cross_same_same,167,92,0167_2.jpg,0092_4.jpg,0
exploration,cross_same_same,167,119,0167_2.jpg,0119_4.jpg,0
exploration,cross_same_same,167,161,0167_2.jpg,0161_4.jpg,0
exploration,cross_same_same,168,168,0168_2.jpg,0168_4.jpg,1
exploration,cross_same_same,168,198,0168_2.jpg,0198_4.jpg,0
exploration,cross_same_same,168,199,0168_2.jpg,0199_4.jpg,0
exploration,cross_same_same,168,226,0168_2.jpg,0226_4.jpg,0
exploration,cross_same_same,168,281,0168_2.jpg,0281_4.jpg,0
exploration,cross_same_same,168,282,0168_2.jpg,0282_4.jpg,0
exploration,cross_same_same,168,65,0168_2.jpg,0065_4.jpg,0
exploration,cross_same_same,168,81,0168_2.jpg,0081_4.jpg,0
exploration,cross_same_same,168,93,0168_2.jpg,0093_4.jpg,0
exploration,cross_same_same,168,122,0168_2.jpg,0122_4.jpg,0
exploration,cross_same_same,168,162,0168_2.jpg,0162_4.jpg,0
exploration,cross_same_same,169,169,0169_2.jpg,0169_4.jpg,1
exploration,cross_same_same,169,199,0169_2.jpg,0199_4.jpg,0
exploration,cross_same_same,169,200,0169_2.jpg,0200_4.jpg,0
exploration,cross_same_same,169,227,0169_2.jpg,0227_4.jpg,0
exploration,cross_same_same,169,282,0169_2.jpg,0282_4.jpg,0
exploration,cross_same_same,169,1,0169_2.jpg,0001_4.jpg,0
exploration,cross_same_same,169,66,0169_2.jpg,0066_4.jpg,0
exploration,cross_same_same,169,83,0169_2.jpg,0083_4.jpg,0
exploration,cross_same_same,169,94,0169_2.jpg,0094_4.jpg,0
exploration,cross_same_same,169,123,0169_2.jpg,0123_4.jpg,0
exploration,cross_same_same,169,163,0169_2.jpg,0163_4.jpg,0
exploration,cross_same_same,171,171,0171_2.jpg,0171_4.jpg,1
exploration,cross_same_same,171,200,0171_2.jpg,0200_4.jpg,0
exploration,cross_same_same,171,201,0171_2.jpg,0201_4.jpg,0
exploration,cross_same_same,171,228,0171_2.jpg,0228_4.jpg,0
exploration,cross_same_same,171,1,0171_2.jpg,0001_4.jpg,0
exploration,cross_same_same,171,2,0171_2.jpg,0002_4.jpg,0
exploration,cross_same_same,171,67,0171_2.jpg,0067_4.jpg,0
exploration,cross_same_same,171,85,0171_2.jpg,0085_4.jpg,0
exploration,cross_same_same,171,96,0171_2.jpg,0096_4.jpg,0
exploration,cross_same_same,171,124,0171_2.jpg,0124_4.jpg,0
exploration,cross_same_same,171,164,0171_2.jpg,0164_4.jpg,0
exploration,cross_same_same,172,172,0172_2.jpg,0172_4.jpg,1
exploration,cross_same_same,172,201,0172_2.jpg,0201_4.jpg,0
exploration,cross_same_same,172,203,0172_2.jpg,0203_4.jpg,0
exploration,cross_same_same,172,229,0172_2.jpg,0229_4.jpg,0
exploration,cross_same_same,172,2,0172_2.jpg,0002_4.jpg,0
exploration,cross_same_same,172,3,0172_2.jpg,0003_4.jpg,0
exploration,cross_same_same,172,70,0172_2.jpg,0070_4.jpg,0
exploration,cross_same_same,172,86,0172_2.jpg,0086_4.jpg,0
exploration,cross_same_same,172,97,0172_2.jpg,0097_4.jpg,0
exploration,cross_same_same,172,125,0172_2.jpg,0125_4.jpg,0
exploration,cross_same_same,172,167,0172_2.jpg,0167_4.jpg,0
exploration,cross_same_same,178,178,0178_2.jpg,0178_4.jpg,1
exploration,cross_same_same,178,203,0178_2.jpg,0203_4.jpg,0
exploration,cross_same_same,178,204,0178_2.jpg,0204_4.jpg,0
exploration,cross_same_same,178,231,0178_2.jpg,0231_4.jpg,0
exploration,cross_same_same,178,3,0178_2.jpg,0003_4.jpg,0
exploration,cross_same_same,178,6,0178_2.jpg,0006_4.jpg,0
exploration,cross_same_same,178,71,0178_2.jpg,0071_4.jpg,0
exploration,cross_same_same,178,87,0178_2.jpg,0087_4.jpg,0
exploration,cross_same_same,178,98,0178_2.jpg,0098_4.jpg,0
exploration,cross_same_same,178,127,0178_2.jpg,0127_4.jpg,0
exploration,cross_same_same,178,168,0178_2.jpg,0168_4.jpg,0
exploration,cross_same_same,179,179,0179_2.jpg,0179_4.jpg,1
exploration,cross_same_same,179,204,0179_2.jpg,0204_4.jpg,0
exploration,cross_same_same,179,206,0179_2.jpg,0206_4.jpg,0
exploration,cross_same_same,179,232,0179_2.jpg,0232_4.jpg,0
exploration,cross_same_same,179,6,0179_2.jpg,0006_4.jpg,0
exploration,cross_same_same,179,7,0179_2.jpg,0007_4.jpg,0
exploration,cross_same_same,179,74,0179_2.jpg,0074_4.jpg,0
exploration,cross_same_same,179,89,0179_2.jpg,0089_4.jpg,0
exploration,cross_same_same,179,100,0179_2.jpg,0100_4.jpg,0
exploration,cross_same_same,179,130,0179_2.jpg,0130_4.jpg,0
exploration,cross_same_same,179,169,0179_2.jpg,0169_4.jpg,0
exploration,cross_same_same,180,180,0180_2.jpg,0180_4.jpg,1
exploration,cross_same_same,180,206,0180_2.jpg,0206_4.jpg,0
exploration,cross_same_same,180,207,0180_2.jpg,0207_4.jpg,0
exploration,cross_same_same,180,234,0180_2.jpg,0234_4.jpg,0
exploration,cross_same_same,180,7,0180_2.jpg,0007_4.jpg,0
exploration,cross_same_same,180,8,0180_2.jpg,0008_4.jpg,0
exploration,cross_same_same,180,75,0180_2.jpg,0075_4.jpg,0
exploration,cross_same_same,180,90,0180_2.jpg,0090_4.jpg,0
exploration,cross_same_same,180,101,0180_2.jpg,0101_4.jpg,0
exploration,cross_same_same,180,132,0180_2.jpg,0132_4.jpg,0
exploration,cross_same_same,180,171,0180_2.jpg,0171_4.jpg,0
exploration,cross_same_same,181,181,0181_2.jpg,0181_4.jpg,1
exploration,cross_same_same,181,207,0181_2.jpg,0207_4.jpg,0
exploration,cross_same_same,181,208,0181_2.jpg,0208_4.jpg,0
exploration,cross_same_same,181,235,0181_2.jpg,0235_4.jpg,0
exploration,cross_same_same,181,8,0181_2.jpg,0008_4.jpg,0
exploration,cross_same_same,181,11,0181_2.jpg,0011_4.jpg,0
exploration,cross_same_same,181,76,0181_2.jpg,0076_4.jpg,0
exploration,cross_same_same,181,91,0181_2.jpg,0091_4.jpg,0
exploration,cross_same_same,181,103,0181_2.jpg,0103_4.jpg,0
exploration,cross_same_same,181,133,0181_2.jpg,0133_4.jpg,0
exploration,cross_same_same,181,172,0181_2.jpg,0172_4.jpg,0
exploration,cross_same_same,183,183,0183_2.jpg,0183_4.jpg,1
exploration,cross_same_same,183,208,0183_2.jpg,0208_4.jpg,0
exploration,cross_same_same,183,209,0183_2.jpg,0209_4.jpg,0
exploration,cross_same_same,183,237,0183_2.jpg,0237_4.jpg,0
exploration,cross_same_same,183,11,0183_2.jpg,0011_4.jpg,0
exploration,cross_same_same,183,12,0183_2.jpg,0012_4.jpg,0
exploration,cross_same_same,183,77,0183_2.jpg,0077_4.jpg,0
exploration,cross_same_same,183,92,0183_2.jpg,0092_4.jpg,0
exploration,cross_same_same,183,104,0183_2.jpg,0104_4.jpg,0
exploration,cross_same_same,183,134,0183_2.jpg,0134_4.jpg,0
exploration,cross_same_same,183,178,0183_2.jpg,0178_4.jpg,0
exploration,cross_same_same,185,185,0185_2.jpg,0185_4.jpg,1
exploration,cross_same_same,185,209,0185_2.jpg,0209_4.jpg,0
exploration,cross_same_same,185,211,0185_2.jpg,0211_4.jpg,0
exploration,cross_same_same,185,239,0185_2.jpg,0239_4.jpg,0
exploration,cross_same_same,185,12,0185_2.jpg,0012_4.jpg,0
exploration,cross_same_same,185,15,0185_2.jpg,0015_4.jpg,0
exploration,cross_same_same,185,78,0185_2.jpg,0078_4.jpg,0
exploration,cross_same_same,185,93,0185_2.jpg,0093_4.jpg,0
exploration,cross_same_same,185,105,0185_2.jpg,0105_4.jpg,0
exploration,cross_same_same,185,135,0185_2.jpg,0135_4.jpg,0
exploration,cross_same_same,185,179,0185_2.jpg,0179_4.jpg,0
exploration,cross_same_same,188,188,0188_2.jpg,0188_4.jpg,1
exploration,cross_same_same,188,211,0188_2.jpg,0211_4.jpg,0
exploration,cross_same_same,188,212,0188_2.jpg,0212_4.jpg,0
exploration,cross_same_same,188,240,0188_2.jpg,0240_4.jpg,0
exploration,cross_same_same,188,15,0188_2.jpg,0015_4.jpg,0
exploration,cross_same_same,188,18,0188_2.jpg,0018_4.jpg,0
exploration,cross_same_same,188,79,0188_2.jpg,0079_4.jpg,0
exploration,cross_same_same,188,94,0188_2.jpg,0094_4.jpg,0
exploration,cross_same_same,188,106,0188_2.jpg,0106_4.jpg,0
exploration,cross_same_same,188,138,0188_2.jpg,0138_4.jpg,0
exploration,cross_same_same,188,180,0188_2.jpg,0180_4.jpg,0
exploration,cross_same_same,189,189,0189_2.jpg,0189_4.jpg,1
exploration,cross_same_same,189,212,0189_2.jpg,0212_4.jpg,0
exploration,cross_same_same,189,213,0189_2.jpg,0213_4.jpg,0
exploration,cross_same_same,189,241,0189_2.jpg,0241_4.jpg,0
exploration,cross_same_same,189,18,0189_2.jpg,0018_4.jpg,0
exploration,cross_same_same,189,19,0189_2.jpg,0019_4.jpg,0
exploration,cross_same_same,189,81,0189_2.jpg,0081_4.jpg,0
exploration,cross_same_same,189,96,0189_2.jpg,0096_4.jpg,0
exploration,cross_same_same,189,107,0189_2.jpg,0107_4.jpg,0
exploration,cross_same_same,189,140,0189_2.jpg,0140_4.jpg,0
exploration,cross_same_same,189,181,0189_2.jpg,0181_4.jpg,0
exploration,cross_same_same,191,191,0191_2.jpg,0191_4.jpg,1
exploration,cross_same_same,191,213,0191_2.jpg,0213_4.jpg,0
exploration,cross_same_same,191,214,0191_2.jpg,0214_4.jpg,0
exploration,cross_same_same,191,242,0191_2.jpg,0242_4.jpg,0
exploration,cross_same_same,191,19,0191_2.jpg,0019_4.jpg,0
exploration,cross_same_same,191,20,0191_2.jpg,0020_4.jpg,0
exploration,cross_same_same,191,83,0191_2.jpg,0083_4.jpg,0
exploration,cross_same_same,191,97,0191_2.jpg,0097_4.jpg,0
exploration,cross_same_same,191,109,0191_2.jpg,0109_4.jpg,0
exploration,cross_same_same,191,142,0191_2.jpg,0142_4.jpg,0
exploration,cross_same_same,191,183,0191_2.jpg,0183_4.jpg,0
exploration,cross_same_same,192,192,0192_2.jpg,0192_4.jpg,1
exploration,cross_same_same,192,214,0192_2.jpg,0214_4.jpg,0
exploration,cross_same_same,192,216,0192_2.jpg,0216_4.jpg,0
exploration,cross_same_same,192,243,0192_2.jpg,0243_4.jpg,0
exploration,cross_same_same,192,20,0192_2.jpg,0020_4.jpg,0
exploration,cross_same_same,192,21,0192_2.jpg,0021_4.jpg,0
exploration,cross_same_same,192,85,0192_2.jpg,0085_4.jpg,0
exploration,cross_same_same,192,98,0192_2.jpg,0098_4.jpg,0
exploration,cross_same_same,192,110,0192_2.jpg,0110_4.jpg,0
exploration,cross_same_same,192,146,0192_2.jpg,0146_4.jpg,0
exploration,cross_same_same,192,185,0192_2.jpg,0185_4.jpg,0
exploration,cross_same_same,196,196,0196_2.jpg,0196_4.jpg,1
exploration,cross_same_same,196,216,0196_2.jpg,0216_4.jpg,0
exploration,cross_same_same,196,219,0196_2.jpg,0219_4.jpg,0
exploration,cross_same_same,196,244,0196_2.jpg,0244_4.jpg,0
exploration,cross_same_same,196,21,0196_2.jpg,0021_4.jpg,0
exploration,cross_same_same,196,22,0196_2.jpg,0022_4.jpg,0
exploration,cross_same_same,196,86,0196_2.jpg,0086_4.jpg,0
exploration,cross_same_same,196,100,0196_2.jpg,0100_4.jpg,0
exploration,cross_same_same,196,114,0196_2.jpg,0114_4.jpg,0
exploration,cross_same_same,196,147,0196_2.jpg,0147_4.jpg,0
exploration,cross_same_same,196,188,0196_2.jpg,0188_4.jpg,0
exploration,cross_same_same,197,197,0197_2.jpg,0197_4.jpg,1
exploration,cross_same_same,197,219,0197_2.jpg,0219_4.jpg,0
exploration,cross_same_same,197,220,0197_2.jpg,0220_4.jpg,0
exploration,cross_same_same,197,245,0197_2.jpg,0245_4.jpg,0
exploration,cross_same_same,197,22,0197_2.jpg,0022_4.jpg,0
exploration,cross_same_same,197,25,0197_2.jpg,0025_4.jpg,0
exploration,cross_same_same,197,87,0197_2.jpg,0087_4.jpg,0
exploration,cross_same_same,197,101,0197_2.jpg,0101_4.jpg,0
exploration,cross_same_same,197,116,0197_2.jpg,0116_4.jpg,0
exploration,cross_same_same,197,148,0197_2.jpg,0148_4.jpg,0
exploration,cross_same_same,197,189,0197_2.jpg,0189_4.jpg,0
exploration,cross_same_same,198,198,0198_2.jpg,0198_4.jpg,1
exploration,cross_same_same,198,220,0198_2.jpg,0220_4.jpg,0
exploration,cross_same_same,198,221,0198_2.jpg,0221_4.jpg,0
exploration,cross_same_same,198,246,0198_2.jpg,0246_4.jpg,0
exploration,cross_same_same,198,25,0198_2.jpg,0025_4.jpg,0
exploration,cross_same_same,198,26,0198_2.jpg,0026_4.jpg,0
exploration,cross_same_same,198,89,0198_2.jpg,0089_4.jpg,0
exploration,cross_same_same,198,103,0198_2.jpg,0103_4.jpg,0
exploration,cross_same_same,198,118,0198_2.jpg,0118_4.jpg,0
exploration,cross_same_same,198,152,0198_2.jpg,0152_4.jpg,0
exploration,cross_same_same,198,191,0198_2.jpg,0191_4.jpg,0
exploration,cross_same_same,199,199,0199_2.jpg,0199_4.jpg,1
exploration,cross_same_same,199,221,0199_2.jpg,0221_4.jpg,0
exploration,cross_same_same,199,223,0199_2.jpg,0223_4.jpg,0
exploration,cross_same_same,199,247,0199_2.jpg,0247_4.jpg,0
exploration,cross_same_same,199,26,0199_2.jpg,0026_4.jpg,0
exploration,cross_same_same,199,27,0199_2.jpg,0027_4.jpg,0
exploration,cross_same_same,199,90,0199_2.jpg,0090_4.jpg,0
exploration,cross_same_same,199,104,0199_2.jpg,0104_4.jpg,0
exploration,cross_same_same,199,119,0199_2.jpg,0119_4.jpg,0
exploration,cross_same_same,199,153,0199_2.jpg,0153_4.jpg,0
exploration,cross_same_same,199,192,0199_2.jpg,0192_4.jpg,0
exploration,cross_same_same,200,200,0200_2.jpg,0200_4.jpg,1
exploration,cross_same_same,200,223,0200_2.jpg,0223_4.jpg,0
exploration,cross_same_same,200,224,0200_2.jpg,0224_4.jpg,0
exploration,cross_same_same,200,248,0200_2.jpg,0248_4.jpg,0
exploration,cross_same_same,200,27,0200_2.jpg,0027_4.jpg,0
exploration,cross_same_same,200,29,0200_2.jpg,0029_4.jpg,0
exploration,cross_same_same,200,91,0200_2.jpg,0091_4.jpg,0
exploration,cross_same_same,200,105,0200_2.jpg,0105_4.jpg,0
exploration,cross_same_same,200,122,0200_2.jpg,0122_4.jpg,0
exploration,cross_same_same,200,154,0200_2.jpg,0154_4.jpg,0
exploration,cross_same_same,200,196,0200_2.jpg,0196_4.jpg,0
exploration,cross_same_same,201,201,0201_2.jpg,0201_4.jpg,1
exploration,cross_same_same,201,224,0201_2.jpg,0224_4.jpg,0
exploration,cross_same_same,201,225,0201_2.jpg,0225_4.jpg,0
exploration,cross_same_same,201,249,0201_2.jpg,0249_4.jpg,0
exploration,cross_same_same,201,29,0201_2.jpg,0029_4.jpg,0
exploration,cross_same_same,201,30,0201_2.jpg,0030_4.jpg,0
exploration,cross_same_same,201,92,0201_2.jpg,0092_4.jpg,0
exploration,cross_same_same,201,106,0201_2.jpg,0106_4.jpg,0
exploration,cross_same_same,201,123,0201_2.jpg,0123_4.jpg,0
exploration,cross_same_same,201,155,0201_2.jpg,0155_4.jpg,0
exploration,cross_same_same,201,197,0201_2.jpg,0197_4.jpg,0
exploration,cross_same_same,203,203,0203_2.jpg,0203_4.jpg,1
exploration,cross_same_same,203,225,0203_2.jpg,0225_4.jpg,0
exploration,cross_same_same,203,226,0203_2.jpg,0226_4.jpg,0
exploration,cross_same_same,203,250,0203_2.jpg,0250_4.jpg,0
exploration,cross_same_same,203,30,0203_2.jpg,0030_4.jpg,0
exploration,cross_same_same,203,31,0203_2.jpg,0031_4.jpg,0
exploration,cross_same_same,203,93,0203_2.jpg,0093_4.jpg,0
exploration,cross_same_same,203,107,0203_2.jpg,0107_4.jpg,0
exploration,cross_same_same,203,124,0203_2.jpg,0124_4.jpg,0
exploration,cross_same_same,203,156,0203_2.jpg,0156_4.jpg,0
exploration,cross_same_same,203,198,0203_2.jpg,0198_4.jpg,0
exploration,cross_same_same,204,204,0204_2.jpg,0204_4.jpg,1
exploration,cross_same_same,204,226,0204_2.jpg,0226_4.jpg,0
exploration,cross_same_same,204,227,0204_2.jpg,0227_4.jpg,0
exploration,cross_same_same,204,251,0204_2.jpg,0251_4.jpg,0
exploration,cross_same_same,204,31,0204_2.jpg,0031_4.jpg,0
exploration,cross_same_same,204,35,0204_2.jpg,0035_4.jpg,0
exploration,cross_same_same,204,94,0204_2.jpg,0094_4.jpg,0
exploration,cross_same_same,204,109,0204_2.jpg,0109_4.jpg,0
exploration,cross_same_same,204,125,0204_2.jpg,0125_4.jpg,0
exploration,cross_same_same,204,157,0204_2.jpg,0157_4.jpg,0
exploration,cross_same_same,204,199,0204_2.jpg,0199_4.jpg,0
exploration,cross_same_same,206,206,0206_2.jpg,0206_4.jpg,1
exploration,cross_same_same,206,227,0206_2.jpg,0227_4.jpg,0
exploration,cross_same_same,206,228,0206_2.jpg,0228_4.jpg,0
exploration,cross_same_same,206,252,0206_2.jpg,0252_4.jpg,0
exploration,cross_same_same,206,35,0206_2.jpg,0035_4.jpg,0
exploration,cross_same_same,206,38,0206_2.jpg,0038_4.jpg,0
exploration,cross_same_same,206,96,0206_2.jpg,0096_4.jpg,0
exploration,cross_same_same,206,110,0206_2.jpg,0110_4.jpg,0
exploration,cross_same_same,206,127,0206_2.jpg,0127_4.jpg,0
exploration,cross_same_same,206,158,0206_2.jpg,0158_4.jpg,0
exploration,cross_same_same,206,200,0206_2.jpg,0200_4.jpg,0
exploration,cross_same_same,207,207,0207_2.jpg,0207_4.jpg,1
exploration,cross_same_same,207,228,0207_2.jpg,0228_4.jpg,0
exploration,cross_same_same,207,229,0207_2.jpg,0229_4.jpg,0
exploration,cross_same_same,207,255,0207_2.jpg,0255_4.jpg,0
exploration,cross_same_same,207,38,0207_2.jpg,0038_4.jpg,0
exploration,cross_same_same,207,39,0207_2.jpg,0039_4.jpg,0
exploration,cross_same_same,207,97,0207_2.jpg,0097_4.jpg,0
exploration,cross_same_same,207,114,0207_2.jpg,0114_4.jpg,0
exploration,cross_same_same,207,130,0207_2.jpg,0130_4.jpg,0
exploration,cross_same_same,207,159,0207_2.jpg,0159_4.jpg,0
exploration,cross_same_same,207,201,0207_2.jpg,0201_4.jpg,0
exploration,cross_same_same,208,208,0208_2.jpg,0208_4.jpg,1
exploration,cross_same_same,208,229,0208_2.jpg,0229_4.jpg,0
exploration,cross_same_same,208,231,0208_2.jpg,0231_4.jpg,0
exploration,cross_same_same,208,256,0208_2.jpg,0256_4.jpg,0
exploration,cross_same_same,208,39,0208_2.jpg,0039_4.jpg,0
exploration,cross_same_same,208,40,0208_2.jpg,0040_4.jpg,0
exploration,cross_same_same,208,98,0208_2.jpg,0098_4.jpg,0
exploration,cross_same_same,208,116,0208_2.jpg,0116_4.jpg,0
exploration,cross_same_same,208,132,0208_2.jpg,0132_4.jpg,0
exploration,cross_same_same,208,161,0208_2.jpg,0161_4.jpg,0
exploration,cross_same_same,208,203,0208_2.jpg,0203_4.jpg,0
exploration,cross_same_same,209,209,0209_2.jpg,0209_4.jpg,1
exploration,cross_same_same,209,231,0209_2.jpg,0231_4.jpg,0
exploration,cross_same_same,209,232,0209_2.jpg,0232_4.jpg,0
exploration,cross_same_same,209,260,0209_2.jpg,0260_4.jpg,0
exploration,cross_same_same,209,40,0209_2.jpg,0040_4.jpg,0
exploration,cross_same_same,209,42,0209_2.jpg,0042_4.jpg,0
exploration,cross_same_same,209,100,0209_2.jpg,0100_4.jpg,0
exploration,cross_same_same,209,118,0209_2.jpg,0118_4.jpg,0
exploration,cross_same_same,209,133,0209_2.jpg,0133_4.jpg,0
exploration,cross_same_same,209,162,0209_2.jpg,0162_4.jpg,0
exploration,cross_same_same,209,204,0209_2.jpg,0204_4.jpg,0
exploration,cross_same_same,211,211,0211_2.jpg,0211_4.jpg,1
exploration,cross_same_same,211,232,0211_2.jpg,0232_4.jpg,0
exploration,cross_same_same,211,234,0211_2.jpg,0234_4.jpg,0
exploration,cross_same_same,211,261,0211_2.jpg,0261_4.jpg,0
exploration,cross_same_same,211,42,0211_2.jpg,0042_4.jpg,0
exploration,cross_same_same,211,43,0211_2.jpg,0043_4.jpg,0
exploration,cross_same_same,211,101,0211_2.jpg,0101_4.jpg,0
exploration,cross_same_same,211,119,0211_2.jpg,0119_4.jpg,0
exploration,cross_same_same,211,134,0211_2.jpg,0134_4.jpg,0
exploration,cross_same_same,211,163,0211_2.jpg,0163_4.jpg,0
exploration,cross_same_same,211,206,0211_2.jpg,0206_4.jpg,0
exploration,cross_same_same,212,212,0212_2.jpg,0212_4.jpg,1
exploration,cross_same_same,212,234,0212_2.jpg,0234_4.jpg,0
exploration,cross_same_same,212,235,0212_2.jpg,0235_4.jpg,0
exploration,cross_same_same,212,262,0212_2.jpg,0262_4.jpg,0
exploration,cross_same_same,212,43,0212_2.jpg,0043_4.jpg,0
exploration,cross_same_same,212,46,0212_2.jpg,0046_4.jpg,0
exploration,cross_same_same,212,103,0212_2.jpg,0103_4.jpg,0
exploration,cross_same_same,212,122,0212_2.jpg,0122_4.jpg,0
exploration,cross_same_same,212,135,0212_2.jpg,0135_4.jpg,0
exploration,cross_same_same,212,164,0212_2.jpg,0164_4.jpg,0
exploration,cross_same_same,212,207,0212_2.jpg,0207_4.jpg,0
exploration,cross_same_same,213,213,0213_2.jpg,0213_4.jpg,1
exploration,cross_same_same,213,235,0213_2.jpg,0235_4.jpg,0
exploration,cross_same_same,213,237,0213_2.jpg,0237_4.jpg,0
exploration,cross_same_same,213,263,0213_2.jpg,0263_4.jpg,0
exploration,cross_same_same,213,46,0213_2.jpg,0046_4.jpg,0
exploration,cross_same_same,213,47,0213_2.jpg,0047_4.jpg,0
exploration,cross_same_same,213,104,0213_2.jpg,0104_4.jpg,0
exploration,cross_same_same,213,123,0213_2.jpg,0123_4.jpg,0
exploration,cross_same_same,213,138,0213_2.jpg,0138_4.jpg,0
exploration,cross_same_same,213,167,0213_2.jpg,0167_4.jpg,0
exploration,cross_same_same,213,208,0213_2.jpg,0208_4.jpg,0
exploration,cross_same_same,214,214,0214_2.jpg,0214_4.jpg,1
exploration,cross_same_same,214,237,0214_2.jpg,0237_4.jpg,0
exploration,cross_same_same,214,239,0214_2.jpg,0239_4.jpg,0
exploration,cross_same_same,214,264,0214_2.jpg,0264_4.jpg,0
exploration,cross_same_same,214,47,0214_2.jpg,0047_4.jpg,0
exploration,cross_same_same,214,49,0214_2.jpg,0049_4.jpg,0
exploration,cross_same_same,214,105,0214_2.jpg,0105_4.jpg,0
exploration,cross_same_same,214,124,0214_2.jpg,0124_4.jpg,0
exploration,cross_same_same,214,140,0214_2.jpg,0140_4.jpg,0
exploration,cross_same_same,214,168,0214_2.jpg,0168_4.jpg,0
exploration,cross_same_same,214,209,0214_2.jpg,0209_4.jpg,0
exploration,cross_same_same,216,216,0216_2.jpg,0216_4.jpg,1
exploration,cross_same_same,216,239,0216_2.jpg,0239_4.jpg,0
exploration,cross_same_same,216,240,0216_2.jpg,0240_4.jpg,0
exploration,cross_same_same,216,265,0216_2.jpg,0265_4.jpg,0
exploration,cross_same_same,216,49,0216_2.jpg,0049_4.jpg,0
exploration,cross_same_same,216,55,0216_2.jpg,0055_4.jpg,0
exploration,cross_same_same,216,106,0216_2.jpg,0106_4.jpg,0
exploration,cross_same_same,216,125,0216_2.jpg,0125_4.jpg,0
exploration,cross_same_same,216,142,0216_2.jpg,0142_4.jpg,0
exploration,cross_same_same,216,169,0216_2.jpg,0169_4.jpg,0
exploration,cross_same_same,216,211,0216_2.jpg,0211_4.jpg,0
exploration,cross_same_same,219,219,0219_2.jpg,0219_4.jpg,1
exploration,cross_same_same,219,240,0219_2.jpg,0240_4.jpg,0
exploration,cross_same_same,219,241,0219_2.jpg,0241_4.jpg,0
exploration,cross_same_same,219,266,0219_2.jpg,0266_4.jpg,0
exploration,cross_same_same,219,55,0219_2.jpg,0055_4.jpg,0
exploration,cross_same_same,219,56,0219_2.jpg,0056_4.jpg,0
exploration,cross_same_same,219,107,0219_2.jpg,0107_4.jpg,0
exploration,cross_same_same,219,127,0219_2.jpg,0127_4.jpg,0
exploration,cross_same_same,219,146,0219_2.jpg,0146_4.jpg,0
exploration,cross_same_same,219,171,0219_2.jpg,0171_4.jpg,0
exploration,cross_same_same,219,212,0219_2.jpg,0212_4.jpg,0
exploration,cross_same_same,220,220,0220_2.jpg,0220_4.jpg,1
exploration,cross_same_same,220,241,0220_2.jpg,0241_4.jpg,0
exploration,cross_same_same,220,242,0220_2.jpg,0242_4.jpg,0
exploration,cross_same_same,220,267,0220_2.jpg,0267_4.jpg,0
exploration,cross_same_same,220,56,0220_2.jpg,0056_4.jpg,0
exploration,cross_same_same,220,57,0220_2.jpg,0057_4.jpg,0
exploration,cross_same_same,220,109,0220_2.jpg,0109_4.jpg,0
exploration,cross_same_same,220,130,0220_2.jpg,0130_4.jpg,0
exploration,cross_same_same,220,147,0220_2.jpg,0147_4.jpg,0
exploration,cross_same_same,220,172,0220_2.jpg,0172_4.jpg,0
exploration,cross_same_same,220,213,0220_2.jpg,0213_4.jpg,0
exploration,cross_same_same,221,221,0221_2.jpg,0221_4.jpg,1
exploration,cross_same_same,221,242,0221_2.jpg,0242_4.jpg,0
exploration,cross_same_same,221,243,0221_2.jpg,0243_4.jpg,0
exploration,cross_same_same,221,271,0221_2.jpg,0271_4.jpg,0
exploration,cross_same_same,221,57,0221_2.jpg,0057_4.jpg,0
exploration,cross_same_same,221,59,0221_2.jpg,0059_4.jpg,0
exploration,cross_same_same,221,110,0221_2.jpg,0110_4.jpg,0
exploration,cross_same_same,221,132,0221_2.jpg,0132_4.jpg,0
exploration,cross_same_same,221,148,0221_2.jpg,0148_4.jpg,0
exploration,cross_same_same,221,178,0221_2.jpg,0178_4.jpg,0
exploration,cross_same_same,221,214,0221_2.jpg,0214_4.jpg,0
exploration,cross_same_same,223,223,0223_2.jpg,0223_4.jpg,1
exploration,cross_same_same,223,243,0223_2.jpg,0243_4.jpg,0
exploration,cross_same_same,223,244,0223_2.jpg,0244_4.jpg,0
exploration,cross_same_same,223,272,0223_2.jpg,0272_4.jpg,0
exploration,cross_same_same,223,59,0223_2.jpg,0059_4.jpg,0
exploration,cross_same_same,223,60,0223_2.jpg,0060_4.jpg,0
exploration,cross_same_same,223,114,0223_2.jpg,0114_4.jpg,0
exploration,cross_same_same,223,133,0223_2.jpg,0133_4.jpg,0
exploration,cross_same_same,223,152,0223_2.jpg,0152_4.jpg,0
exploration,cross_same_same,223,179,0223_2.jpg,0179_4.jpg,0
exploration,cross_same_same,223,216,0223_2.jpg,0216_4.jpg,0
exploration,cross_same_same,224,224,0224_2.jpg,0224_4.jpg,1
exploration,cross_same_same,224,244,0224_2.jpg,0244_4.jpg,0
exploration,cross_same_same,224,245,0224_2.jpg,0245_4.jpg,0
exploration,cross_same_same,224,273,0224_2.jpg,0273_4.jpg,0
exploration,cross_same_same,224,60,0224_2.jpg,0060_4.jpg,0
exploration,cross_same_same,224,61,0224_2.jpg,0061_4.jpg,0
exploration,cross_same_same,224,116,0224_2.jpg,0116_4.jpg,0
exploration,cross_same_same,224,134,0224_2.jpg,0134_4.jpg,0
exploration,cross_same_same,224,153,0224_2.jpg,0153_4.jpg,0
exploration,cross_same_same,224,180,0224_2.jpg,0180_4.jpg,0
exploration,cross_same_same,224,219,0224_2.jpg,0219_4.jpg,0
exploration,cross_same_same,225,225,0225_2.jpg,0225_4.jpg,1
exploration,cross_same_same,225,245,0225_2.jpg,0245_4.jpg,0
exploration,cross_same_same,225,246,0225_2.jpg,0246_4.jpg,0
exploration,cross_same_same,225,274,0225_2.jpg,0274_4.jpg,0
exploration,cross_same_same,225,61,0225_2.jpg,0061_4.jpg,0
exploration,cross_same_same,225,62,0225_2.jpg,0062_4.jpg,0
exploration,cross_same_same,225,118,0225_2.jpg,0118_4.jpg,0
exploration,cross_same_same,225,135,0225_2.jpg,0135_4.jpg,0
exploration,cross_same_same,225,154,0225_2.jpg,0154_4.jpg,0
exploration,cross_same_same,225,181,0225_2.jpg,0181_4.jpg,0
exploration,cross_same_same,225,220,0225_2.jpg,0220_4.jpg,0
exploration,cross_same_same,226,226,0226_2.jpg,0226_4.jpg,1
exploration,cross_same_same,226,246,0226_2.jpg,0246_4.jpg,0
exploration,cross_same_same,226,247,0226_2.jpg,0247_4.jpg,0
exploration,cross_same_same,226,276,0226_2.jpg,0276_4.jpg,0
exploration,cross_same_same,226,62,0226_2.jpg,0062_4.jpg,0
exploration,cross_same_same,226,65,0226_2.jpg,0065_4.jpg,0
exploration,cross_same_same,226,119,0226_2.jpg,0119_4.jpg,0
exploration,cross_same_same,226,138,0226_2.jpg,0138_4.jpg,0
exploration,cross_same_same,226,155,0226_2.jpg,0155_4.jpg,0
exploration,cross_same_same,226,183,0226_2.jpg,0183_4.jpg,0
exploration,cross_same_same,226,221,0226_2.jpg,0221_4.jpg,0
exploration,cross_same_same,227,227,0227_2.jpg,0227_4.jpg,1
exploration,cross_same_same,227,247,0227_2.jpg,0247_4.jpg,0
exploration,cross_same_same,227,248,0227_2.jpg,0248_4.jpg,0
exploration,cross_same_same,227,279,0227_2.jpg,0279_4.jpg,0
exploration,cross_same_same,227,65,0227_2.jpg,0065_4.jpg,0
exploration,cross_same_same,227,66,0227_2.jpg,0066_4.jpg,0
exploration,cross_same_same,227,122,0227_2.jpg,0122_4.jpg,0
exploration,cross_same_same,227,140,0227_2.jpg,0140_4.jpg,0
exploration,cross_same_same,227,156,0227_2.jpg,0156_4.jpg,0
exploration,cross_same_same,227,185,0227_2.jpg,0185_4.jpg,0
exploration,cross_same_same,227,223,0227_2.jpg,0223_4.jpg,0
exploration,cross_same_same,228,228,0228_2.jpg,0228_4.jpg,1
exploration,cross_same_same,228,248,0228_2.jpg,0248_4.jpg,0
exploration,cross_same_same,228,249,0228_2.jpg,0249_4.jpg,0
exploration,cross_same_same,228,281,0228_2.jpg,0281_4.jpg,0
exploration,cross_same_same,228,66,0228_2.jpg,0066_4.jpg,0
exploration,cross_same_same,228,67,0228_2.jpg,0067_4.jpg,0
exploration,cross_same_same,228,123,0228_2.jpg,0123_4.jpg,0
exploration,cross_same_same,228,142,0228_2.jpg,0142_4.jpg,0
exploration,cross_same_same,228,157,0228_2.jpg,0157_4.jpg,0
exploration,cross_same_same,228,188,0228_2.jpg,0188_4.jpg,0
exploration,cross_same_same,228,224,0228_2.jpg,0224_4.jpg,0
exploration,cross_same_same,229,229,0229_2.jpg,0229_4.jpg,1
exploration,cross_same_same,229,249,0229_2.jpg,0249_4.jpg,0
exploration,cross_same_same,229,250,0229_2.jpg,0250_4.jpg,0
exploration,cross_same_same,229,282,0229_2.jpg,0282_4.jpg,0
exploration,cross_same_same,229,67,0229_2.jpg,0067_4.jpg,0
exploration,cross_same_same,229,70,0229_2.jpg,0070_4.jpg,0
exploration,cross_same_same,229,124,0229_2.jpg,0124_4.jpg,0
exploration,cross_same_same,229,146,0229_2.jpg,0146_4.jpg,0
exploration,cross_same_same,229,158,0229_2.jpg,0158_4.jpg,0
exploration,cross_same_same,229,189,0229_2.jpg,0189_4.jpg,0
exploration,cross_same_same,229,225,0229_2.jpg,0225_4.jpg,0
exploration,cross_same_same,231,231,0231_2.jpg,0231_4.jpg,1
exploration,cross_same_same,231,250,0231_2.jpg,0250_4.jpg,0
exploration,cross_same_same,231,251,0231_2.jpg,0251_4.jpg,0
exploration,cross_same_same,231,1,0231_2.jpg,0001_4.jpg,0
exploration,cross_same_same,231,70,0231_2.jpg,0070_4.jpg,0
exploration,cross_same_same,231,71,0231_2.jpg,0071_4.jpg,0
exploration,cross_same_same,231,125,0231_2.jpg,0125_4.jpg,0
exploration,cross_same_same,231,147,0231_2.jpg,0147_4.jpg,0
exploration,cross_same_same,231,159,0231_2.jpg,0159_4.jpg,0
exploration,cross_same_same,231,191,0231_2.jpg,0191_4.jpg,0
exploration,cross_same_same,231,226,0231_2.jpg,0226_4.jpg,0
exploration,cross_same_same,232,232,0232_2.jpg,0232_4.jpg,1
exploration,cross_same_same,232,251,0232_2.jpg,0251_4.jpg,0
exploration,cross_same_same,232,252,0232_2.jpg,0252_4.jpg,0
exploration,cross_same_same,232,2,0232_2.jpg,0002_4.jpg,0
exploration,cross_same_same,232,71,0232_2.jpg,0071_4.jpg,0
exploration,cross_same_same,232,74,0232_2.jpg,0074_4.jpg,0
exploration,cross_same_same,232,127,0232_2.jpg,0127_4.jpg,0
exploration,cross_same_same,232,148,0232_2.jpg,0148_4.jpg,0
exploration,cross_same_same,232,161,0232_2.jpg,0161_4.jpg,0
exploration,cross_same_same,232,192,0232_2.jpg,0192_4.jpg,0
exploration,cross_same_same,232,227,0232_2.jpg,0227_4.jpg,0
exploration,cross_same_same,234,234,0234_2.jpg,0234_4.jpg,1
exploration,cross_same_same,234,252,0234_2.jpg,0252_4.jpg,0
exploration,cross_same_same,234,255,0234_2.jpg,0255_4.jpg,0
exploration,cross_same_same,234,3,0234_2.jpg,0003_4.jpg,0
exploration,cross_same_same,234,74,0234_2.jpg,0074_4.jpg,0
exploration,cross_same_same,234,75,0234_2.jpg,0075_4.jpg,0
exploration,cross_same_same,234,130,0234_2.jpg,0130_4.jpg,0
exploration,cross_same_same,234,152,0234_2.jpg,0152_4.jpg,0
exploration,cross_same_same,234,162,0234_2.jpg,0162_4.jpg,0
exploration,cross_same_same,234,196,0234_2.jpg,0196_4.jpg,0
exploration,cross_same_same,234,228,0234_2.jpg,0228_4.jpg,0
exploration,cross_same_same,235,235,0235_2.jpg,0235_4.jpg,1
exploration,cross_same_same,235,255,0235_2.jpg,0255_4.jpg,0
exploration,cross_same_same,235,256,0235_2.jpg,0256_4.jpg,0
exploration,cross_same_same,235,6,0235_2.jpg,0006_4.jpg,0
exploration,cross_same_same,235,75,0235_2.jpg,0075_4.jpg,0
exploration,cross_same_same,235,76,0235_2.jpg,0076_4.jpg,0
exploration,cross_same_same,235,132,0235_2.jpg,0132_4.jpg,0
exploration,cross_same_same,235,153,0235_2.jpg,0153_4.jpg,0
exploration,cross_same_same,235,163,0235_2.jpg,0163_4.jpg,0
exploration,cross_same_same,235,197,0235_2.jpg,0197_4.jpg,0
exploration,cross_same_same,235,229,0235_2.jpg,0229_4.jpg,0
exploration,cross_same_same,237,237,0237_2.jpg,0237_4.jpg,1
exploration,cross_same_same,237,256,0237_2.jpg,0256_4.jpg,0
exploration,cross_same_same,237,260,0237_2.jpg,0260_4.jpg,0
exploration,cross_same_same,237,7,0237_2.jpg,0007_4.jpg,0
exploration,cross_same_same,237,76,0237_2.jpg,0076_4.jpg,0
exploration,cross_same_same,237,77,0237_2.jpg,0077_4.jpg,0
exploration,cross_same_same,237,133,0237_2.jpg,0133_4.jpg,0
exploration,cross_same_same,237,154,0237_2.jpg,0154_4.jpg,0
exploration,cross_same_same,237,164,0237_2.jpg,0164_4.jpg,0
exploration,cross_same_same,237,198,0237_2.jpg,0198_4.jpg,0
exploration,cross_same_same,237,231,0237_2.jpg,0231_4.jpg,0
exploration,cross_same_same,239,239,0239_2.jpg,0239_4.jpg,1
exploration,cross_same_same,239,260,0239_2.jpg,0260_4.jpg,0
exploration,cross_same_same,239,261,0239_2.jpg,0261_4.jpg,0
exploration,cross_same_same,239,8,0239_2.jpg,0008_4.jpg,0
exploration,cross_same_same,239,77,0239_2.jpg,0077_4.jpg,0
exploration,cross_same_same,239,78,0239_2.jpg,0078_4.jpg,0
exploration,cross_same_same,239,134,0239_2.jpg,0134_4.jpg,0
exploration,cross_same_same,239,155,0239_2.jpg,0155_4.jpg,0
exploration,cross_same_same,239,167,0239_2.jpg,0167_4.jpg,0
exploration,cross_same_same,239,199,0239_2.jpg,0199_4.jpg,0
exploration,cross_same_same,239,232,0239_2.jpg,0232_4.jpg,0
exploration,cross_same_same,240,240,0240_2.jpg,0240_4.jpg,1
exploration,cross_same_same,240,261,0240_2.jpg,0261_4.jpg,0
exploration,cross_same_same,240,262,0240_2.jpg,0262_4.jpg,0
exploration,cross_same_same,240,11,0240_2.jpg,0011_4.jpg,0
exploration,cross_same_same,240,78,0240_2.jpg,0078_4.jpg,0
exploration,cross_same_same,240,79,0240_2.jpg,0079_4.jpg,0
exploration,cross_same_same,240,135,0240_2.jpg,0135_4.jpg,0
exploration,cross_same_same,240,156,0240_2.jpg,0156_4.jpg,0
exploration,cross_same_same,240,168,0240_2.jpg,0168_4.jpg,0
exploration,cross_same_same,240,200,0240_2.jpg,0200_4.jpg,0
exploration,cross_same_same,240,234,0240_2.jpg,0234_4.jpg,0
exploration,cross_same_same,241,241,0241_2.jpg,0241_4.jpg,1
exploration,cross_same_same,241,262,0241_2.jpg,0262_4.jpg,0
exploration,cross_same_same,241,263,0241_2.jpg,0263_4.jpg,0
exploration,cross_same_same,241,12,0241_2.jpg,0012_4.jpg,0
exploration,cross_same_same,241,79,0241_2.jpg,0079_4.jpg,0
exploration,cross_same_same,241,81,0241_2.jpg,0081_4.jpg,0
exploration,cross_same_same,241,138,0241_2.jpg,0138_4.jpg,0
exploration,cross_same_same,241,157,0241_2.jpg,0157_4.jpg,0
exploration,cross_same_same,241,169,0241_2.jpg,0169_4.jpg,0
exploration,cross_same_same,241,201,0241_2.jpg,0201_4.jpg,0
exploration,cross_same_same,241,235,0241_2.jpg,0235_4.jpg,0
exploration,cross_same_same,242,242,0242_2.jpg,0242_4.jpg,1
exploration,cross_same_same,242,263,0242_2.jpg,0263_4.jpg,0
exploration,cross_same_same,242,264,0242_2.jpg,0264_4.jpg,0
exploration,cross_same_same,242,15,0242_2.jpg,0015_4.jpg,0
exploration,cross_same_same,242,81,0242_2.jpg,0081_4.jpg,0
exploration,cross_same_same,242,83,0242_2.jpg,0083_4.jpg,0
exploration,cross_same_same,242,140,0242_2.jpg,0140_4.jpg,0
exploration,cross_same_same,242,158,0242_2.jpg,0158_4.jpg,0
exploration,cross_same_same,242,171,0242_2.jpg,0171_4.jpg,0
exploration,cross_same_same,242,203,0242_2.jpg,0203_4.jpg,0
exploration,cross_same_same,242,237,0242_2.jpg,0237_4.jpg,0
exploration,cross_same_same,243,243,0243_2.jpg,0243_4.jpg,1
exploration,cross_same_same,243,264,0243_2.jpg,0264_4.jpg,0
exploration,cross_same_same,243,265,0243_2.jpg,0265_4.jpg,0
exploration,cross_same_same,243,18,0243_2.jpg,0018_4.jpg,0
exploration,cross_same_same,243,83,0243_2.jpg,0083_4.jpg,0
exploration,cross_same_same,243,85,0243_2.jpg,0085_4.jpg,0
exploration,cross_same_same,243,142,0243_2.jpg,0142_4.jpg,0
exploration,cross_same_same,243,159,0243_2.jpg,0159_4.jpg,0
exploration,cross_same_same,243,172,0243_2.jpg,0172_4.jpg,0
exploration,cross_same_same,243,204,0243_2.jpg,0204_4.jpg,0
exploration,cross_same_same,243,239,0243_2.jpg,0239_4.jpg,0
exploration,cross_same_same,244,244,0244_2.jpg,0244_4.jpg,1
exploration,cross_same_same,244,265,0244_2.jpg,0265_4.jpg,0
exploration,cross_same_same,244,266,0244_2.jpg,0266_4.jpg,0
exploration,cross_same_same,244,19,0244_2.jpg,0019_4.jpg,0
exploration,cross_same_same,244,85,0244_2.jpg,0085_4.jpg,0
exploration,cross_same_same,244,86,0244_2.jpg,0086_4.jpg,0
exploration,cross_same_same,244,146,0244_2.jpg,0146_4.jpg,0
exploration,cross_same_same,244,161,0244_2.jpg,0161_4.jpg,0
exploration,cross_same_same,244,178,0244_2.jpg,0178_4.jpg,0
exploration,cross_same_same,244,206,0244_2.jpg,0206_4.jpg,0
exploration,cross_same_same,244,240,0244_2.jpg,0240_4.jpg,0
exploration,cross_same_same,245,245,0245_2.jpg,0245_4.jpg,1
exploration,cross_same_same,245,266,0245_2.jpg,0266_4.jpg,0
exploration,cross_same_same,245,267,0245_2.jpg,0267_4.jpg,0
exploration,cross_same_same,245,20,0245_2.jpg,0020_4.jpg,0
exploration,cross_same_same,245,86,0245_2.jpg,0086_4.jpg,0
exploration,cross_same_same,245,87,0245_2.jpg,0087_4.jpg,0
exploration,cross_same_same,245,147,0245_2.jpg,0147_4.jpg,0
exploration,cross_same_same,245,162,0245_2.jpg,0162_4.jpg,0
exploration,cross_same_same,245,179,0245_2.jpg,0179_4.jpg,0
exploration,cross_same_same,245,207,0245_2.jpg,0207_4.jpg,0
exploration,cross_same_same,245,241,0245_2.jpg,0241_4.jpg,0
exploration,cross_same_same,246,246,0246_2.jpg,0246_4.jpg,1
exploration,cross_same_same,246,267,0246_2.jpg,0267_4.jpg,0
exploration,cross_same_same,246,271,0246_2.jpg,0271_4.jpg,0
exploration,cross_same_same,246,21,0246_2.jpg,0021_4.jpg,0
exploration,cross_same_same,246,87,0246_2.jpg,0087_4.jpg,0
exploration,cross_same_same,246,89,0246_2.jpg,0089_4.jpg,0
exploration,cross_same_same,246,148,0246_2.jpg,0148_4.jpg,0
exploration,cross_same_same,246,163,0246_2.jpg,0163_4.jpg,0
exploration,cross_same_same,246,180,0246_2.jpg,0180_4.jpg,0
exploration,cross_same_same,246,208,0246_2.jpg,0208_4.jpg,0
exploration,cross_same_same,246,242,0246_2.jpg,0242_4.jpg,0
exploration,cross_same_same,247,247,0247_2.jpg,0247_4.jpg,1
exploration,cross_same_same,247,271,0247_2.jpg,0271_4.jpg,0
exploration,cross_same_same,247,272,0247_2.jpg,0272_4.jpg,0
exploration,cross_same_same,247,22,0247_2.jpg,0022_4.jpg,0
exploration,cross_same_same,247,89,0247_2.jpg,0089_4.jpg,0
exploration,cross_same_same,247,90,0247_2.jpg,0090_4.jpg,0
exploration,cross_same_same,247,152,0247_2.jpg,0152_4.jpg,0
exploration,cross_same_same,247,164,0247_2.jpg,0164_4.jpg,0
exploration,cross_same_same,247,181,0247_2.jpg,0181_4.jpg,0
exploration,cross_same_same,247,209,0247_2.jpg,0209_4.jpg,0
exploration,cross_same_same,247,243,0247_2.jpg,0243_4.jpg,0
exploration,cross_same_same,248,248,0248_2.jpg,0248_4.jpg,1
exploration,cross_same_same,248,272,0248_2.jpg,0272_4.jpg,0
exploration,cross_same_same,248,273,0248_2.jpg,0273_4.jpg,0
exploration,cross_same_same,248,25,0248_2.jpg,0025_4.jpg,0
exploration,cross_same_same,248,90,0248_2.jpg,0090_4.jpg,0
exploration,cross_same_same,248,91,0248_2.jpg,0091_4.jpg,0
exploration,cross_same_same,248,153,0248_2.jpg,0153_4.jpg,0
exploration,cross_same_same,248,167,0248_2.jpg,0167_4.jpg,0
exploration,cross_same_same,248,183,0248_2.jpg,0183_4.jpg,0
exploration,cross_same_same,248,211,0248_2.jpg,0211_4.jpg,0
exploration,cross_same_same,248,244,0248_2.jpg,0244_4.jpg,0
exploration,cross_same_same,249,249,0249_2.jpg,0249_4.jpg,1
exploration,cross_same_same,249,273,0249_2.jpg,0273_4.jpg,0
exploration,cross_same_same,249,274,0249_2.jpg,0274_4.jpg,0
exploration,cross_same_same,249,26,0249_2.jpg,0026_4.jpg,0
exploration,cross_same_same,249,91,0249_2.jpg,0091_4.jpg,0
exploration,cross_same_same,249,92,0249_2.jpg,0092_4.jpg,0
exploration,cross_same_same,249,154,0249_2.jpg,0154_4.jpg,0
exploration,cross_same_same,249,168,0249_2.jpg,0168_4.jpg,0
exploration,cross_same_same,249,185,0249_2.jpg,0185_4.jpg,0
exploration,cross_same_same,249,212,0249_2.jpg,0212_4.jpg,0
exploration,cross_same_same,249,245,0249_2.jpg,0245_4.jpg,0
exploration,cross_same_same,250,250,0250_2.jpg,0250_4.jpg,1
exploration,cross_same_same,250,274,0250_2.jpg,0274_4.jpg,0
exploration,cross_same_same,250,276,0250_2.jpg,0276_4.jpg,0
exploration,cross_same_same,250,27,0250_2.jpg,0027_4.jpg,0
exploration,cross_same_same,250,92,0250_2.jpg,0092_4.jpg,0
exploration,cross_same_same,250,93,0250_2.jpg,0093_4.jpg,0
exploration,cross_same_same,250,155,0250_2.jpg,0155_4.jpg,0
exploration,cross_same_same,250,169,0250_2.jpg,0169_4.jpg,0
exploration,cross_same_same,250,188,0250_2.jpg,0188_4.jpg,0
exploration,cross_same_same,250,213,0250_2.jpg,0213_4.jpg,0
exploration,cross_same_same,250,246,0250_2.jpg,0246_4.jpg,0
exploration,cross_same_same,251,251,0251_2.jpg,0251_4.jpg,1
exploration,cross_same_same,251,276,0251_2.jpg,0276_4.jpg,0
exploration,cross_same_same,251,279,0251_2.jpg,0279_4.jpg,0
exploration,cross_same_same,251,29,0251_2.jpg,0029_4.jpg,0
exploration,cross_same_same,251,93,0251_2.jpg,0093_4.jpg,0
exploration,cross_same_same,251,94,0251_2.jpg,0094_4.jpg,0
exploration,cross_same_same,251,156,0251_2.jpg,0156_4.jpg,0
exploration,cross_same_same,251,171,0251_2.jpg,0171_4.jpg,0
exploration,cross_same_same,251,189,0251_2.jpg,0189_4.jpg,0
exploration,cross_same_same,251,214,0251_2.jpg,0214_4.jpg,0
exploration,cross_same_same,251,247,0251_2.jpg,0247_4.jpg,0
exploration,cross_same_same,252,252,0252_2.jpg,0252_4.jpg,1
exploration,cross_same_same,252,279,0252_2.jpg,0279_4.jpg,0
exploration,cross_same_same,252,281,0252_2.jpg,0281_4.jpg,0
exploration,cross_same_same,252,30,0252_2.jpg,0030_4.jpg,0
exploration,cross_same_same,252,94,0252_2.jpg,0094_4.jpg,0
exploration,cross_same_same,252,96,0252_2.jpg,0096_4.jpg,0
exploration,cross_same_same,252,157,0252_2.jpg,0157_4.jpg,0
exploration,cross_same_same,252,172,0252_2.jpg,0172_4.jpg,0
exploration,cross_same_same,252,191,0252_2.jpg,0191_4.jpg,0
exploration,cross_same_same,252,216,0252_2.jpg,0216_4.jpg,0
exploration,cross_same_same,252,248,0252_2.jpg,0248_4.jpg,0
exploration,cross_same_same,255,255,0255_2.jpg,0255_4.jpg,1
exploration,cross_same_same,255,281,0255_2.jpg,0281_4.jpg,0
exploration,cross_same_same,255,282,0255_2.jpg,0282_4.jpg,0
exploration,cross_same_same,255,31,0255_2.jpg,0031_4.jpg,0
exploration,cross_same_same,255,96,0255_2.jpg,0096_4.jpg,0
exploration,cross_same_same,255,97,0255_2.jpg,0097_4.jpg,0
exploration,cross_same_same,255,158,0255_2.jpg,0158_4.jpg,0
exploration,cross_same_same,255,178,0255_2.jpg,0178_4.jpg,0
exploration,cross_same_same,255,192,0255_2.jpg,0192_4.jpg,0
exploration,cross_same_same,255,219,0255_2.jpg,0219_4.jpg,0
exploration,cross_same_same,255,249,0255_2.jpg,0249_4.jpg,0
exploration,cross_same_same,256,256,0256_2.jpg,0256_4.jpg,1
exploration,cross_same_same,256,282,0256_2.jpg,0282_4.jpg,0
exploration,cross_same_same,256,1,0256_2.jpg,0001_4.jpg,0
exploration,cross_same_same,256,35,0256_2.jpg,0035_4.jpg,0
exploration,cross_same_same,256,97,0256_2.jpg,0097_4.jpg,0
exploration,cross_same_same,256,98,0256_2.jpg,0098_4.jpg,0
exploration,cross_same_same,256,159,0256_2.jpg,0159_4.jpg,0
exploration,cross_same_same,256,179,0256_2.jpg,0179_4.jpg,0
exploration,cross_same_same,256,196,0256_2.jpg,0196_4.jpg,0
exploration,cross_same_same,256,220,0256_2.jpg,0220_4.jpg,0
exploration,cross_same_same,256,250,0256_2.jpg,0250_4.jpg,0
exploration,cross_same_same,260,260,0260_2.jpg,0260_4.jpg,1
exploration,cross_same_same,260,1,0260_2.jpg,0001_4.jpg,0
exploration,cross_same_same,260,2,0260_2.jpg,0002_4.jpg,0
exploration,cross_same_same,260,38,0260_2.jpg,0038_4.jpg,0
exploration,cross_same_same,260,98,0260_2.jpg,0098_4.jpg,0
exploration,cross_same_same,260,100,0260_2.jpg,0100_4.jpg,0
exploration,cross_same_same,260,161,0260_2.jpg,0161_4.jpg,0
exploration,cross_same_same,260,180,0260_2.jpg,0180_4.jpg,0
exploration,cross_same_same,260,197,0260_2.jpg,0197_4.jpg,0
exploration,cross_same_same,260,221,0260_2.jpg,0221_4.jpg,0
exploration,cross_same_same,260,251,0260_2.jpg,0251_4.jpg,0
exploration,cross_same_same,261,261,0261_2.jpg,0261_4.jpg,1
exploration,cross_same_same,261,2,0261_2.jpg,0002_4.jpg,0
exploration,cross_same_same,261,3,0261_2.jpg,0003_4.jpg,0
exploration,cross_same_same,261,39,0261_2.jpg,0039_4.jpg,0
exploration,cross_same_same,261,100,0261_2.jpg,0100_4.jpg,0
exploration,cross_same_same,261,101,0261_2.jpg,0101_4.jpg,0
exploration,cross_same_same,261,162,0261_2.jpg,0162_4.jpg,0
exploration,cross_same_same,261,181,0261_2.jpg,0181_4.jpg,0
exploration,cross_same_same,261,198,0261_2.jpg,0198_4.jpg,0
exploration,cross_same_same,261,223,0261_2.jpg,0223_4.jpg,0
exploration,cross_same_same,261,252,0261_2.jpg,0252_4.jpg,0
exploration,cross_same_same,262,262,0262_2.jpg,0262_4.jpg,1
exploration,cross_same_same,262,3,0262_2.jpg,0003_4.jpg,0
exploration,cross_same_same,262,6,0262_2.jpg,0006_4.jpg,0
exploration,cross_same_same,262,40,0262_2.jpg,0040_4.jpg,0
exploration,cross_same_same,262,101,0262_2.jpg,0101_4.jpg,0
exploration,cross_same_same,262,103,0262_2.jpg,0103_4.jpg,0
exploration,cross_same_same,262,163,0262_2.jpg,0163_4.jpg,0
exploration,cross_same_same,262,183,0262_2.jpg,0183_4.jpg,0
exploration,cross_same_same,262,199,0262_2.jpg,0199_4.jpg,0
exploration,cross_same_same,262,224,0262_2.jpg,0224_4.jpg,0
exploration,cross_same_same,262,255,0262_2.jpg,0255_4.jpg,0
exploration,cross_same_same,263,263,0263_2.jpg,0263_4.jpg,1
exploration,cross_same_same,263,6,0263_2.jpg,0006_4.jpg,0
exploration,cross_same_same,263,7,0263_2.jpg,0007_4.jpg,0
exploration,cross_same_same,263,42,0263_2.jpg,0042_4.jpg,0
exploration,cross_same_same,263,103,0263_2.jpg,0103_4.jpg,0
exploration,cross_same_same,263,104,0263_2.jpg,0104_4.jpg,0
exploration,cross_same_same,263,164,0263_2.jpg,0164_4.jpg,0
exploration,cross_same_same,263,185,0263_2.jpg,0185_4.jpg,0
exploration,cross_same_same,263,200,0263_2.jpg,0200_4.jpg,0
exploration,cross_same_same,263,225,0263_2.jpg,0225_4.jpg,0
exploration,cross_same_same,263,256,0263_2.jpg,0256_4.jpg,0
exploration,cross_same_same,264,264,0264_2.jpg,0264_4.jpg,1
exploration,cross_same_same,264,7,0264_2.jpg,0007_4.jpg,0
exploration,cross_same_same,264,8,0264_2.jpg,0008_4.jpg,0
exploration,cross_same_same,264,43,0264_2.jpg,0043_4.jpg,0
exploration,cross_same_same,264,104,0264_2.jpg,0104_4.jpg,0
exploration,cross_same_same,264,105,0264_2.jpg,0105_4.jpg,0
exploration,cross_same_same,264,167,0264_2.jpg,0167_4.jpg,0
exploration,cross_same_same,264,188,0264_2.jpg,0188_4.jpg,0
exploration,cross_same_same,264,201,0264_2.jpg,0201_4.jpg,0
exploration,cross_same_same,264,226,0264_2.jpg,0226_4.jpg,0
exploration,cross_same_same,264,260,0264_2.jpg,0260_4.jpg,0
exploration,cross_same_same,265,265,0265_2.jpg,0265_4.jpg,1
exploration,cross_same_same,265,8,0265_2.jpg,0008_4.jpg,0
exploration,cross_same_same,265,11,0265_2.jpg,0011_4.jpg,0
exploration,cross_same_same,265,46,0265_2.jpg,0046_4.jpg,0
exploration,cross_same_same,265,105,0265_2.jpg,0105_4.jpg,0
exploration,cross_same_same,265,106,0265_2.jpg,0106_4.jpg,0
exploration,cross_same_same,265,168,0265_2.jpg,0168_4.jpg,0
exploration,cross_same_same,265,189,0265_2.jpg,0189_4.jpg,0
exploration,cross_same_same,265,203,0265_2.jpg,0203_4.jpg,0
exploration,cross_same_same,265,227,0265_2.jpg,0227_4.jpg,0
exploration,cross_same_same,265,261,0265_2.jpg,0261_4.jpg,0
exploration,cross_same_same,266,266,0266_2.jpg,0266_4.jpg,1
exploration,cross_same_same,266,11,0266_2.jpg,0011_4.jpg,0
exploration,cross_same_same,266,12,0266_2.jpg,0012_4.jpg,0
exploration,cross_same_same,266,47,0266_2.jpg,0047_4.jpg,0
exploration,cross_same_same,266,106,0266_2.jpg,0106_4.jpg,0
exploration,cross_same_same,266,107,0266_2.jpg,0107_4.jpg,0
exploration,cross_same_same,266,169,0266_2.jpg,0169_4.jpg,0
exploration,cross_same_same,266,191,0266_2.jpg,0191_4.jpg,0
exploration,cross_same_same,266,204,0266_2.jpg,0204_4.jpg,0
exploration,cross_same_same,266,228,0266_2.jpg,0228_4.jpg,0
exploration,cross_same_same,266,262,0266_2.jpg,0262_4.jpg,0
exploration,cross_same_same,267,267,0267_2.jpg,0267_4.jpg,1
exploration,cross_same_same,267,12,0267_2.jpg,0012_4.jpg,0
exploration,cross_same_same,267,15,0267_2.jpg,0015_4.jpg,0
exploration,cross_same_same,267,49,0267_2.jpg,0049_4.jpg,0
exploration,cross_same_same,267,107,0267_2.jpg,0107_4.jpg,0
exploration,cross_same_same,267,109,0267_2.jpg,0109_4.jpg,0
exploration,cross_same_same,267,171,0267_2.jpg,0171_4.jpg,0
exploration,cross_same_same,267,192,0267_2.jpg,0192_4.jpg,0
exploration,cross_same_same,267,206,0267_2.jpg,0206_4.jpg,0
exploration,cross_same_same,267,229,0267_2.jpg,0229_4.jpg,0
exploration,cross_same_same,267,263,0267_2.jpg,0263_4.jpg,0
exploration,cross_same_same,271,271,0271_2.jpg,0271_4.jpg,1
exploration,cross_same_same,271,15,0271_2.jpg,0015_4.jpg,0
exploration,cross_same_same,271,18,0271_2.jpg,0018_4.jpg,0
exploration,cross_same_same,271,55,0271_2.jpg,0055_4.jpg,0
exploration,cross_same_same,271,109,0271_2.jpg,0109_4.jpg,0
exploration,cross_same_same,271,110,0271_2.jpg,0110_4.jpg,0
exploration,cross_same_same,271,172,0271_2.jpg,0172_4.jpg,0
exploration,cross_same_same,271,196,0271_2.jpg,0196_4.jpg,0
exploration,cross_same_same,271,207,0271_2.jpg,0207_4.jpg,0
exploration,cross_same_same,271,231,0271_2.jpg,0231_4.jpg,0
exploration,cross_same_same,271,264,0271_2.jpg,0264_4.jpg,0
exploration,cross_same_same,272,272,0272_2.jpg,0272_4.jpg,1
exploration,cross_same_same,272,18,0272_2.jpg,0018_4.jpg,0
exploration,cross_same_same,272,19,0272_2.jpg,0019_4.jpg,0
exploration,cross_same_same,272,56,0272_2.jpg,0056_4.jpg,0
exploration,cross_same_same,272,110,0272_2.jpg,0110_4.jpg,0
exploration,cross_same_same,272,114,0272_2.jpg,0114_4.jpg,0
exploration,cross_same_same,272,178,0272_2.jpg,0178_4.jpg,0
exploration,cross_same_same,272,197,0272_2.jpg,0197_4.jpg,0
exploration,cross_same_same,272,208,0272_2.jpg,0208_4.jpg,0
exploration,cross_same_same,272,232,0272_2.jpg,0232_4.jpg,0
exploration,cross_same_same,272,265,0272_2.jpg,0265_4.jpg,0
exploration,cross_same_same,273,273,0273_2.jpg,0273_4.jpg,1
exploration,cross_same_same,273,19,0273_2.jpg,0019_4.jpg,0
exploration,cross_same_same,273,20,0273_2.jpg,0020_4.jpg,0
exploration,cross_same_same,273,57,0273_2.jpg,0057_4.jpg,0
exploration,cross_same_same,273,114,0273_2.jpg,0114_4.jpg,0
exploration,cross_same_same,273,116,0273_2.jpg,0116_4.jpg,0
exploration,cross_same_same,273,179,0273_2.jpg,0179_4.jpg,0
exploration,cross_same_same,273,198,0273_2.jpg,0198_4.jpg,0
exploration,cross_same_same,273,209,0273_2.jpg,0209_4.jpg,0
exploration,cross_same_same,273,234,0273_2.jpg,0234_4.jpg,0
exploration,cross_same_same,273,266,0273_2.jpg,0266_4.jpg,0
exploration,cross_same_same,274,274,0274_2.jpg,0274_4.jpg,1
exploration,cross_same_same,274,20,0274_2.jpg,0020_4.jpg,0
exploration,cross_same_same,274,21,0274_2.jpg,0021_4.jpg,0
exploration,cross_same_same,274,59,0274_2.jpg,0059_4.jpg,0
exploration,cross_same_same,274,116,0274_2.jpg,0116_4.jpg,0
exploration,cross_same_same,274,118,0274_2.jpg,0118_4.jpg,0
exploration,cross_same_same,274,180,0274_2.jpg,0180_4.jpg,0
exploration,cross_same_same,274,199,0274_2.jpg,0199_4.jpg,0
exploration,cross_same_same,274,211,0274_2.jpg,0211_4.jpg,0
exploration,cross_same_same,274,235,0274_2.jpg,0235_4.jpg,0
exploration,cross_same_same,274,267,0274_2.jpg,0267_4.jpg,0
exploration,cross_same_same,276,276,0276_2.jpg,0276_4.jpg,1
exploration,cross_same_same,276,21,0276_2.jpg,0021_4.jpg,0
exploration,cross_same_same,276,22,0276_2.jpg,0022_4.jpg,0
exploration,cross_same_same,276,60,0276_2.jpg,0060_4.jpg,0
exploration,cross_same_same,276,118,0276_2.jpg,0118_4.jpg,0
exploration,cross_same_same,276,119,0276_2.jpg,0119_4.jpg,0
exploration,cross_same_same,276,181,0276_2.jpg,0181_4.jpg,0
exploration,cross_same_same,276,200,0276_2.jpg,0200_4.jpg,0
exploration,cross_same_same,276,212,0276_2.jpg,0212_4.jpg,0
exploration,cross_same_same,276,237,0276_2.jpg,0237_4.jpg,0
exploration,cross_same_same,276,271,0276_2.jpg,0271_4.jpg,0
exploration,cross_same_same,279,279,0279_2.jpg,0279_4.jpg,1
exploration,cross_same_same,279,22,0279_2.jpg,0022_4.jpg,0
exploration,cross_same_same,279,25,0279_2.jpg,0025_4.jpg,0
exploration,cross_same_same,279,61,0279_2.jpg,0061_4.jpg,0
exploration,cross_same_same,279,119,0279_2.jpg,0119_4.jpg,0
exploration,cross_same_same,279,122,0279_2.jpg,0122_4.jpg,0
exploration,cross_same_same,279,183,0279_2.jpg,0183_4.jpg,0
exploration,cross_same_same,279,201,0279_2.jpg,0201_4.jpg,0
exploration,cross_same_same,279,213,0279_2.jpg,0213_4.jpg,0
exploration,cross_same_same,279,239,0279_2.jpg,0239_4.jpg,0
exploration,cross_same_same,279,272,0279_2.jpg,0272_4.jpg,0
exploration,cross_same_same,281,281,0281_2.jpg,0281_4.jpg,1
exploration,cross_same_same,281,25,0281_2.jpg,0025_4.jpg,0
exploration,cross_same_same,281,26,0281_2.jpg,0026_4.jpg,0
exploration,cross_same_same,281,62,0281_2.jpg,0062_4.jpg,0
exploration,cross_same_same,281,122,0281_2.jpg,0122_4.jpg,0
exploration,cross_same_same,281,123,0281_2.jpg,0123_4.jpg,0
exploration,cross_same_same,281,185,0281_2.jpg,0185_4.jpg,0
exploration,cross_same_same,281,203,0281_2.jpg,0203_4.jpg,0
exploration,cross_same_same,281,214,0281_2.jpg,0214_4.jpg,0
exploration,cross_same_same,281,240,0281_2.jpg,0240_4.jpg,0
exploration,cross_same_same,281,273,0281_2.jpg,0273_4.jpg,0
exploration,cross_same_same,282,282,0282_2.jpg,0282_4.jpg,1
exploration,cross_same_same,282,26,0282_2.jpg,0026_4.jpg,0
exploration,cross_same_same,282,27,0282_2.jpg,0027_4.jpg,0
exploration,cross_same_same,282,65,0282_2.jpg,0065_4.jpg,0
exploration,cross_same_same,282,123,0282_2.jpg,0123_4.jpg,0
exploration,cross_same_same,282,124,0282_2.jpg,0124_4.jpg,0
exploration,cross_same_same,282,188,0282_2.jpg,0188_4.jpg,0
exploration,cross_same_same,282,204,0282_2.jpg,0204_4.jpg,0
exploration,cross_same_same,282,216,0282_2.jpg,0216_4.jpg,0
exploration,cross_same_same,282,241,0282_2.jpg,0241_4.jpg,0
exploration,cross_same_same,282,274,0282_2.jpg,0274_4.jpg,0
monitor,cross_variable_variable,5,5,0005_1.jpg,0005_3.jpg,1
monitor,cross_variable_variable,5,9,0005_1.jpg,0009_3.jpg,0
monitor,cross_variable_variable,5,10,0005_1.jpg,0010_3.jpg,0
monitor,cross_variable_variable,5,28,0005_1.jpg,0028_3.jpg,0
monitor,cross_variable_variable,5,32,0005_1.jpg,0032_3.jpg,0
monitor,cross_variable_variable,5,33,0005_1.jpg,0033_3.jpg,0
monitor,cross_variable_variable,5,34,0005_1.jpg,0034_3.jpg,0
monitor,cross_variable_variable,5,44,0005_1.jpg,0044_3.jpg,0
monitor,cross_variable_variable,5,51,0005_1.jpg,0051_3.jpg,0
monitor,cross_variable_variable,5,54,0005_1.jpg,0054_3.jpg,0
monitor,cross_variable_variable,5,63,0005_1.jpg,0063_3.jpg,0
monitor,cross_variable_variable,5,68,0005_1.jpg,0068_3.jpg,0
monitor,cross_variable_variable,5,69,0005_1.jpg,0069_3.jpg,0
monitor,cross_variable_variable,5,73,0005_1.jpg,0073_3.jpg,0
monitor,cross_variable_variable,5,95,0005_1.jpg,0095_3.jpg,0
monitor,cross_variable_variable,5,121,0005_1.jpg,0121_3.jpg,0
monitor,cross_variable_variable,5,128,0005_1.jpg,0128_3.jpg,0
monitor,cross_variable_variable,5,129,0005_1.jpg,0129_3.jpg,0
monitor,cross_variable_variable,5,131,0005_1.jpg,0131_3.jpg,0
monitor,cross_variable_variable,5,139,0005_1.jpg,0139_3.jpg,0
monitor,cross_variable_variable,5,144,0005_1.jpg,0144_3.jpg,0
monitor,cross_variable_variable,5,145,0005_1.jpg,0145_3.jpg,0
monitor,cross_variable_variable,5,150,0005_1.jpg,0150_3.jpg,0
monitor,cross_variable_variable,5,160,0005_1.jpg,0160_3.jpg,0
monitor,cross_variable_variable,5,165,0005_1.jpg,0165_3.jpg,0
monitor,cross_variable_variable,5,166,0005_1.jpg,0166_3.jpg,0
monitor,cross_variable_variable,5,170,0005_1.jpg,0170_3.jpg,0
monitor,cross_variable_variable,5,174,0005_1.jpg,0174_3.jpg,0
monitor,cross_variable_variable,5,176,0005_1.jpg,0176_3.jpg,0
monitor,cross_variable_variable,5,193,0005_1.jpg,0193_3.jpg,0
monitor,cross_variable_variable,5,202,0005_1.jpg,0202_3.jpg,0
monitor,cross_variable_variable,5,205,0005_1.jpg,0205_3.jpg,0
monitor,cross_variable_variable,5,210,0005_1.jpg,0210_3.jpg,0
monitor,cross_variable_variable,5,218,0005_1.jpg,0218_3.jpg,0
monitor,cross_variable_variable,5,222,0005_1.jpg,0222_3.jpg,0
monitor,cross_variable_variable,5,238,0005_1.jpg,0238_3.jpg,0
monitor,cross_variable_variable,5,253,0005_1.jpg,0253_3.jpg,0
monitor,cross_variable_variable,5,254,0005_1.jpg,0254_3.jpg,0
monitor,cross_variable_variable,5,257,0005_1.jpg,0257_3.jpg,0
monitor,cross_variable_variable,5,258,0005_1.jpg,0258_3.jpg,0
monitor,cross_variable_variable,5,268,0005_1.jpg,0268_3.jpg,0
monitor,cross_variable_variable,5,269,0005_1.jpg,0269_3.jpg,0
monitor,cross_variable_variable,5,270,0005_1.jpg,0270_3.jpg,0
monitor,cross_variable_variable,5,277,0005_1.jpg,0277_3.jpg,0
monitor,cross_variable_variable,5,278,0005_1.jpg,0278_3.jpg,0
monitor,cross_variable_variable,9,5,0009_1.jpg,0005_3.jpg,0
monitor,cross_variable_variable,9,9,0009_1.jpg,0009_3.jpg,1
monitor,cross_variable_variable,9,10,0009_1.jpg,0010_3.jpg,0
monitor,cross_variable_variable,9,28,0009_1.jpg,0028_3.jpg,0
monitor,cross_variable_variable,9,32,0009_1.jpg,0032_3.jpg,0
monitor,cross_variable_variable,9,33,0009_1.jpg,0033_3.jpg,0
monitor,cross_variable_variable,9,34,0009_1.jpg,0034_3.jpg,0
monitor,cross_variable_variable,9,44,0009_1.jpg,0044_3.jpg,0
monitor,cross_variable_variable,9,51,0009_1.jpg,0051_3.jpg,0
monitor,cross_variable_variable,9,54,0009_1.jpg,0054_3.jpg,0
monitor,cross_variable_variable,9,63,0009_1.jpg,0063_3.jpg,0
monitor,cross_variable_variable,9,68,0009_1.jpg,0068_3.jpg,0
monitor,cross_variable_variable,9,69,0009_1.jpg,0069_3.jpg,0
monitor,cross_variable_variable,9,73,0009_1.jpg,0073_3.jpg,0
monitor,cross_variable_variable,9,95,0009_1.jpg,0095_3.jpg,0
monitor,cross_variable_variable,9,121,0009_1.jpg,0121_3.jpg,0
monitor,cross_variable_variable,9,128,0009_1.jpg,0128_3.jpg,0
monitor,cross_variable_variable,9,129,0009_1.jpg,0129_3.jpg,0
monitor,cross_variable_variable,9,131,0009_1.jpg,0131_3.jpg,0
monitor,cross_variable_variable,9,139,0009_1.jpg,0139_3.jpg,0
monitor,cross_variable_variable,9,144,0009_1.jpg,0144_3.jpg,0
monitor,cross_variable_variable,9,145,0009_1.jpg,0145_3.jpg,0
monitor,cross_variable_variable,9,150,0009_1.jpg,0150_3.jpg,0
monitor,cross_variable_variable,9,160,0009_1.jpg,0160_3.jpg,0
monitor,cross_variable_variable,9,165,0009_1.jpg,0165_3.jpg,0
monitor,cross_variable_variable,9,166,0009_1.jpg,0166_3.jpg,0
monitor,cross_variable_variable,9,170,0009_1.jpg,0170_3.jpg,0
monitor,cross_variable_variable,9,174,0009_1.jpg,0174_3.jpg,0
monitor,cross_variable_variable,9,176,0009_1.jpg,0176_3.jpg,0
monitor,cross_variable_variable,9,193,0009_1.jpg,0193_3.jpg,0
monitor,cross_variable_variable,9,202,0009_1.jpg,0202_3.jpg,0
monitor,cross_variable_variable,9,205,0009_1.jpg,0205_3.jpg,0
monitor,cross_variable_variable,9,210,0009_1.jpg,0210_3.jpg,0
monitor,cross_variable_variable,9,218,0009_1.jpg,0218_3.jpg,0
monitor,cross_variable_variable,9,222,0009_1.jpg,0222_3.jpg,0
monitor,cross_variable_variable,9,238,0009_1.jpg,0238_3.jpg,0
monitor,cross_variable_variable,9,253,0009_1.jpg,0253_3.jpg,0
monitor,cross_variable_variable,9,254,0009_1.jpg,0254_3.jpg,0
monitor,cross_variable_variable,9,257,0009_1.jpg,0257_3.jpg,0
monitor,cross_variable_variable,9,258,0009_1.jpg,0258_3.jpg,0
monitor,cross_variable_variable,9,268,0009_1.jpg,0268_3.jpg,0
monitor,cross_variable_variable,9,269,0009_1.jpg,0269_3.jpg,0
monitor,cross_variable_variable,9,270,0009_1.jpg,0270_3.jpg,0
monitor,cross_variable_variable,9,277,0009_1.jpg,0277_3.jpg,0
monitor,cross_variable_variable,9,278,0009_1.jpg,0278_3.jpg,0
monitor,cross_variable_variable,10,5,0010_1.jpg,0005_3.jpg,0
monitor,cross_variable_variable,10,9,0010_1.jpg,0009_3.jpg,0
monitor,cross_variable_variable,10,10,0010_1.jpg,0010_3.jpg,1
monitor,cross_variable_variable,10,28,0010_1.jpg,0028_3.jpg,0
monitor,cross_variable_variable,10,32,0010_1.jpg,0032_3.jpg,0
monitor,cross_variable_variable,10,33,0010_1.jpg,0033_3.jpg,0
monitor,cross_variable_variable,10,34,0010_1.jpg,0034_3.jpg,0
monitor,cross_variable_variable,10,44,0010_1.jpg,0044_3.jpg,0
monitor,cross_variable_variable,10,51,0010_1.jpg,0051_3.jpg,0
monitor,cross_variable_variable,10,54,0010_1.jpg,0054_3.jpg,0
monitor,cross_variable_variable,10,63,0010_1.jpg,0063_3.jpg,0
monitor,cross_variable_variable,10,68,0010_1.jpg,0068_3.jpg,0
monitor,cross_variable_variable,10,69,0010_1.jpg,0069_3.jpg,0
monitor,cross_variable_variable,10,73,0010_1.jpg,0073_3.jpg,0
monitor,cross_variable_variable,10,95,0010_1.jpg,0095_3.jpg,0
monitor,cross_variable_variable,10,121,0010_1.jpg,0121_3.jpg,0
monitor,cross_variable_variable,10,128,0010_1.jpg,0128_3.jpg,0
monitor,cross_variable_variable,10,129,0010_1.jpg,0129_3.jpg,0
monitor,cross_variable_variable,10,131,0010_1.jpg,0131_3.jpg,0
monitor,cross_variable_variable,10,139,0010_1.jpg,0139_3.jpg,0
monitor,cross_variable_variable,10,144,0010_1.jpg,0144_3.jpg,0
monitor,cross_variable_variable,10,145,0010_1.jpg,0145_3.jpg,0
monitor,cross_variable_variable,10,150,0010_1.jpg,0150_3.jpg,0
monitor,cross_variable_variable,10,160,0010_1.jpg,0160_3.jpg,0
monitor,cross_variable_variable,10,165,0010_1.jpg,0165_3.jpg,0
monitor,cross_variable_variable,10,166,0010_1.jpg,0166_3.jpg,0
monitor,cross_variable_variable,10,170,0010_1.jpg,0170_3.jpg,0
monitor,cross_variable_variable,10,174,0010_1.jpg,0174_3.jpg,0
monitor,cross_variable_variable,10,176,0010_1.jpg,0176_3.jpg,0
monitor,cross_variable_variable,10,193,0010_1.jpg,0193_3.jpg,0
monitor,cross_variable_variable,10,202,0010_1.jpg,0202_3.jpg,0
monitor,cross_variable_variable,10,205,0010_1.jpg,0205_3.jpg,0
monitor,cross_variable_variable,10,210,0010_1.jpg,0210_3.jpg,0
monitor,cross_variable_variable,10,218,0010_1.jpg,0218_3.jpg,0
monitor,cross_variable_variable,10,222,0010_1.jpg,0222_3.jpg,0
monitor,cross_variable_variable,10,238,0010_1.jpg,0238_3.jpg,0
monitor,cross_variable_variable,10,253,0010_1.jpg,0253_3.jpg,0
monitor,cross_variable_variable,10,254,0010_1.jpg,0254_3.jpg,0
monitor,cross_variable_variable,10,257,0010_1.jpg,0257_3.jpg,0
monitor,cross_variable_variable,10,258,0010_1.jpg,0258_3.jpg,0
monitor,cross_variable_variable,10,268,0010_1.jpg,0268_3.jpg,0
monitor,cross_variable_variable,10,269,0010_1.jpg,0269_3.jpg,0
monitor,cross_variable_variable,10,270,0010_1.jpg,0270_3.jpg,0
monitor,cross_variable_variable,10,277,0010_1.jpg,0277_3.jpg,0
monitor,cross_variable_variable,10,278,0010_1.jpg,0278_3.jpg,0
monitor,cross_variable_variable,28,5,0028_1.jpg,0005_3.jpg,0
monitor,cross_variable_variable,28,9,0028_1.jpg,0009_3.jpg,0
monitor,cross_variable_variable,28,10,0028_1.jpg,0010_3.jpg,0
monitor,cross_variable_variable,28,28,0028_1.jpg,0028_3.jpg,1
monitor,cross_variable_variable,28,32,0028_1.jpg,0032_3.jpg,0
monitor,cross_variable_variable,28,33,0028_1.jpg,0033_3.jpg,0
monitor,cross_variable_variable,28,34,0028_1.jpg,0034_3.jpg,0
monitor,cross_variable_variable,28,44,0028_1.jpg,0044_3.jpg,0
monitor,cross_variable_variable,28,51,0028_1.jpg,0051_3.jpg,0
monitor,cross_variable_variable,28,54,0028_1.jpg,0054_3.jpg,0
monitor,cross_variable_variable,28,63,0028_1.jpg,0063_3.jpg,0
monitor,cross_variable_variable,28,68,0028_1.jpg,0068_3.jpg,0
monitor,cross_variable_variable,28,69,0028_1.jpg,0069_3.jpg,0
monitor,cross_variable_variable,28,73,0028_1.jpg,0073_3.jpg,0
monitor,cross_variable_variable,28,95,0028_1.jpg,0095_3.jpg,0
monitor,cross_variable_variable,28,121,0028_1.jpg,0121_3.jpg,0
monitor,cross_variable_variable,28,128,0028_1.jpg,0128_3.jpg,0
monitor,cross_variable_variable,28,129,0028_1.jpg,0129_3.jpg,0
monitor,cross_variable_variable,28,131,0028_1.jpg,0131_3.jpg,0
monitor,cross_variable_variable,28,139,0028_1.jpg,0139_3.jpg,0
monitor,cross_variable_variable,28,144,0028_1.jpg,0144_3.jpg,0
monitor,cross_variable_variable,28,145,0028_1.jpg,0145_3.jpg,0
monitor,cross_variable_variable,28,150,0028_1.jpg,0150_3.jpg,0
monitor,cross_variable_variable,28,160,0028_1.jpg,0160_3.jpg,0
monitor,cross_variable_variable,28,165,0028_1.jpg,0165_3.jpg,0
monitor,cross_variable_variable,28,166,0028_1.jpg,0166_3.jpg,0
monitor,cross_variable_variable,28,170,0028_1.jpg,0170_3.jpg,0
monitor,cross_variable_variable,28,174,0028_1.jpg,0174_3.jpg,0
monitor,cross_variable_variable,28,176,0028_1.jpg,0176_3.jpg,0
monitor,cross_variable_variable,28,193,0028_1.jpg,0193_3.jpg,0
monitor,cross_variable_variable,28,202,0028_1.jpg,0202_3.jpg,0
monitor,cross_variable_variable,28,205,0028_1.jpg,0205_3.jpg,0
monitor,cross_variable_variable,28,210,0028_1.jpg,0210_3.jpg,0
monitor,cross_variable_variable,28,218,0028_1.jpg,0218_3.jpg,0
monitor,cross_variable_variable,28,222,0028_1.jpg,0222_3.jpg,0
monitor,cross_variable_variable,28,238,0028_1.jpg,0238_3.jpg,0
monitor,cross_variable_variable,28,253,0028_1.jpg,0253_3.jpg,0
monitor,cross_variable_variable,28,254,0028_1.jpg,0254_3.jpg,0
monitor,cross_variable_variable,28,257,0028_1.jpg,0257_3.jpg,0
monitor,cross_variable_variable,28,258,0028_1.jpg,0258_3.jpg,0
monitor,cross_variable_variable,28,268,0028_1.jpg,0268_3.jpg,0
monitor,cross_variable_variable,28,269,0028_1.jpg,0269_3.jpg,0
monitor,cross_variable_variable,28,270,0028_1.jpg,0270_3.jpg,0
monitor,cross_variable_variable,28,277,0028_1.jpg,0277_3.jpg,0
monitor,cross_variable_variable,28,278,0028_1.jpg,0278_3.jpg,0
monitor,cross_variable_variable,32,5,0032_1.jpg,0005_3.jpg,0
monitor,cross_variable_variable,32,9,0032_1.jpg,0009_3.jpg,0
monitor,cross_variable_variable,32,10,0032_1.jpg,0010_3.jpg,0
monitor,cross_variable_variable,32,28,0032_1.jpg,0028_3.jpg,0
monitor,cross_variable_variable,32,32,0032_1.jpg,0032_3.jpg,1
monitor,cross_variable_variable,32,33,0032_1.jpg,0033_3.jpg,0
monitor,cross_variable_variable,32,34,0032_1.jpg,0034_3.jpg,0
monitor,cross_variable_variable,32,44,0032_1.jpg,0044_3.jpg,0
monitor,cross_variable_variable,32,51,0032_1.jpg,0051_3.jpg,0
monitor,cross_variable_variable,32,54,0032_1.jpg,0054_3.jpg,0
monitor,cross_variable_variable,32,63,0032_1.jpg,0063_3.jpg,0
monitor,cross_variable_variable,32,68,0032_1.jpg,0068_3.jpg,0
monitor,cross_variable_variable,32,69,0032_1.jpg,0069_3.jpg,0
monitor,cross_variable_variable,32,73,0032_1.jpg,0073_3.jpg,0
monitor,cross_variable_variable,32,95,0032_1.jpg,0095_3.jpg,0
monitor,cross_variable_variable,32,121,0032_1.jpg,0121_3.jpg,0
monitor,cross_variable_variable,32,128,0032_1.jpg,0128_3.jpg,0
monitor,cross_variable_variable,32,129,0032_1.jpg,0129_3.jpg,0
monitor,cross_variable_variable,32,131,0032_1.jpg,0131_3.jpg,0
monitor,cross_variable_variable,32,139,0032_1.jpg,0139_3.jpg,0
monitor,cross_variable_variable,32,144,0032_1.jpg,0144_3.jpg,0
monitor,cross_variable_variable,32,145,0032_1.jpg,0145_3.jpg,0
monitor,cross_variable_variable,32,150,0032_1.jpg,0150_3.jpg,0
monitor,cross_variable_variable,32,160,0032_1.jpg,0160_3.jpg,0
monitor,cross_variable_variable,32,165,0032_1.jpg,0165_3.jpg,0
monitor,cross_variable_variable,32,166,0032_1.jpg,0166_3.jpg,0
monitor,cross_variable_variable,32,170,0032_1.jpg,0170_3.jpg,0
monitor,cross_variable_variable,32,174,0032_1.jpg,0174_3.jpg,0
monitor,cross_variable_variable,32,176,0032_1.jpg,0176_3.jpg,0
monitor,cross_variable_variable,32,193,0032_1.jpg,0193_3.jpg,0
monitor,cross_variable_variable,32,202,0032_1.jpg,0202_3.jpg,0
monitor,cross_variable_variable,32,205,0032_1.jpg,0205_3.jpg,0
monitor,cross_variable_variable,32,210,0032_1.jpg,0210_3.jpg,0
monitor,cross_variable_variable,32,218,0032_1.jpg,0218_3.jpg,0
monitor,cross_variable_variable,32,222,0032_1.jpg,0222_3.jpg,0
monitor,cross_variable_variable,32,238,0032_1.jpg,0238_3.jpg,0
monitor,cross_variable_variable,32,253,0032_1.jpg,0253_3.jpg,0
monitor,cross_variable_variable,32,254,0032_1.jpg,0254_3.jpg,0
monitor,cross_variable_variable,32,257,0032_1.jpg,0257_3.jpg,0
monitor,cross_variable_variable,32,258,0032_1.jpg,0258_3.jpg,0
monitor,cross_variable_variable,32,268,0032_1.jpg,0268_3.jpg,0
monitor,cross_variable_variable,32,269,0032_1.jpg,0269_3.jpg,0
monitor,cross_variable_variable,32,270,0032_1.jpg,0270_3.jpg,0
monitor,cross_variable_variable,32,277,0032_1.jpg,0277_3.jpg,0
monitor,cross_variable_variable,32,278,0032_1.jpg,0278_3.jpg,0
monitor,cross_variable_variable,33,5,0033_1.jpg,0005_3.jpg,0
monitor,cross_variable_variable,33,9,0033_1.jpg,0009_3.jpg,0
monitor,cross_variable_variable,33,10,0033_1.jpg,0010_3.jpg,0
monitor,cross_variable_variable,33,28,0033_1.jpg,0028_3.jpg,0
monitor,cross_variable_variable,33,32,0033_1.jpg,0032_3.jpg,0
monitor,cross_variable_variable,33,33,0033_1.jpg,0033_3.jpg,1
monitor,cross_variable_variable,33,34,0033_1.jpg,0034_3.jpg,0
monitor,cross_variable_variable,33,44,0033_1.jpg,0044_3.jpg,0
monitor,cross_variable_variable,33,51,0033_1.jpg,0051_3.jpg,0
monitor,cross_variable_variable,33,54,0033_1.jpg,0054_3.jpg,0
monitor,cross_variable_variable,33,63,0033_1.jpg,0063_3.jpg,0
monitor,cross_variable_variable,33,68,0033_1.jpg,0068_3.jpg,0
monitor,cross_variable_variable,33,69,0033_1.jpg,0069_3.jpg,0
monitor,cross_variable_variable,33,73,0033_1.jpg,0073_3.jpg,0
monitor,cross_variable_variable,33,95,0033_1.jpg,0095_3.jpg,0
monitor,cross_variable_variable,33,121,0033_1.jpg,0121_3.jpg,0
monitor,cross_variable_variable,33,128,0033_1.jpg,0128_3.jpg,0
monitor,cross_variable_variable,33,129,0033_1.jpg,0129_3.jpg,0
monitor,cross_variable_variable,33,131,0033_1.jpg,0131_3.jpg,0
monitor,cross_variable_variable,33,139,0033_1.jpg,0139_3.jpg,0
monitor,cross_variable_variable,33,144,0033_1.jpg,0144_3.jpg,0
monitor,cross_variable_variable,33,145,0033_1.jpg,0145_3.jpg,0
monitor,cross_variable_variable,33,150,0033_1.jpg,0150_3.jpg,0
monitor,cross_variable_variable,33,160,0033_1.jpg,0160_3.jpg,0
monitor,cross_variable_variable,33,165,0033_1.jpg,0165_3.jpg,0
monitor,cross_variable_variable,33,166,0033_1.jpg,0166_3.jpg,0
monitor,cross_variable_variable,33,170,0033_1.jpg,0170_3.jpg,0
monitor,cross_variable_variable,33,174,0033_1.jpg,0174_3.jpg,0
monitor,cross_variable_variable,33,176,0033_1.jpg,0176_3.jpg,0
monitor,cross_variable_variable,33,193,0033_1.jpg,0193_3.jpg,0
monitor,cross_variable_variable,33,202,0033_1.jpg,0202_3.jpg,0
monitor,cross_variable_variable,33,205,0033_1.jpg,0205_3.jpg,0
monitor,cross_variable_variable,33,210,0033_1.jpg,0210_3.jpg,0
monitor,cross_variable_variable,33,218,0033_1.jpg,0218_3.jpg,0
monitor,cross_variable_variable,33,222,0033_1.jpg,0222_3.jpg,0
monitor,cross_variable_variable,33,238,0033_1.jpg,0238_3.jpg,0
monitor,cross_variable_variable,33,253,0033_1.jpg,0253_3.jpg,0
monitor,cross_variable_variable,33,254,0033_1.jpg,0254_3.jpg,0
monitor,cross_variable_variable,33,257,0033_1.jpg,0257_3.jpg,0
monitor,cross_variable_variable,33,258,0033_1.jpg,0258_3.jpg,0
monitor,cross_variable_variable,33,268,0033_1.jpg,0268_3.jpg,0
monitor,cross_variable_variable,33,269,0033_1.jpg,0269_3.jpg,0
monitor,cross_variable_variable,33,270,0033_1.jpg,0270_3.jpg,0
monitor,cross_variable_variable,33,277,0033_1.jpg,0277_3.jpg,0
monitor,cross_variable_variable,33,278,0033_1.jpg,0278_3.jpg,0
monitor,cross_variable_variable,34,5,0034_1.jpg,0005_3.jpg,0
monitor,cross_variable_variable,34,9,0034_1.jpg,0009_3.jpg,0
monitor,cross_variable_variable,34,10,0034_1.jpg,0010_3.jpg,0
monitor,cross_variable_variable,34,28,0034_1.jpg,0028_3.jpg,0
monitor,cross_variable_variable,34,32,0034_1.jpg,0032_3.jpg,0
monitor,cross_variable_variable,34,33,0034_1.jpg,0033_3.jpg,0
monitor,cross_variable_variable,34,34,0034_1.jpg,0034_3.jpg,1
monitor,cross_variable_variable,34,44,0034_1.jpg,0044_3.jpg,0
monitor,cross_variable_variable,34,51,0034_1.jpg,0051_3.jpg,0
monitor,cross_variable_variable,34,54,0034_1.jpg,0054_3.jpg,0
monitor,cross_variable_variable,34,63,0034_1.jpg,0063_3.jpg,0
monitor,cross_variable_variable,34,68,0034_1.jpg,0068_3.jpg,0
monitor,cross_variable_variable,34,69,0034_1.jpg,0069_3.jpg,0
monitor,cross_variable_variable,34,73,0034_1.jpg,0073_3.jpg,0
monitor,cross_variable_variable,34,95,0034_1.jpg,0095_3.jpg,0
monitor,cross_variable_variable,34,121,0034_1.jpg,0121_3.jpg,0
monitor,cross_variable_variable,34,128,0034_1.jpg,0128_3.jpg,0
monitor,cross_variable_variable,34,129,0034_1.jpg,0129_3.jpg,0
monitor,cross_variable_variable,34,131,0034_1.jpg,0131_3.jpg,0
monitor,cross_variable_variable,34,139,0034_1.jpg,0139_3.jpg,0
monitor,cross_variable_variable,34,144,0034_1.jpg,0144_3.jpg,0
monitor,cross_variable_variable,34,145,0034_1.jpg,0145_3.jpg,0
monitor,cross_variable_variable,34,150,0034_1.jpg,0150_3.jpg,0
monitor,cross_variable_variable,34,160,0034_1.jpg,0160_3.jpg,0
monitor,cross_variable_variable,34,165,0034_1.jpg,0165_3.jpg,0
monitor,cross_variable_variable,34,166,0034_1.jpg,0166_3.jpg,0
monitor,cross_variable_variable,34,170,0034_1.jpg,0170_3.jpg,0
monitor,cross_variable_variable,34,174,0034_1.jpg,0174_3.jpg,0
monitor,cross_variable_variable,34,176,0034_1.jpg,0176_3.jpg,0
monitor,cross_variable_variable,34,193,0034_1.jpg,0193_3.jpg,0
monitor,cross_variable_variable,34,202,0034_1.jpg,0202_3.jpg,0
monitor,cross_variable_variable,34,205,0034_1.jpg,0205_3.jpg,0
monitor,cross_variable_variable,34,210,0034_1.jpg,0210_3.jpg,0
monitor,cross_variable_variable,34,218,0034_1.jpg,0218_3.jpg,0
monitor,cross_variable_variable,34,222,0034_1.jpg,0222_3.jpg,0
monitor,cross_variable_variable,34,238,0034_1.jpg,0238_3.jpg,0
monitor,cross_variable_variable,34,253,0034_1.jpg,0253_3.jpg,0
monitor,cross_variable_variable,34,254,0034_1.jpg,0254_3.jpg,0
monitor,cross_variable_variable,34,257,0034_1.jpg,0257_3.jpg,0
monitor,cross_variable_variable,34,258,0034_1.jpg,0258_3.jpg,0
monitor,cross_variable_variable,34,268,0034_1.jpg,0268_3.jpg,0
monitor,cross_variable_variable,34,269,0034_1.jpg,0269_3.jpg,0
monitor,cross_variable_variable,34,270,0034_1.jpg,0270_3.jpg,0
monitor,cross_variable_variable,34,277,0034_1.jpg,0277_3.jpg,0
monitor,cross_variable_variable,34,278,0034_1.jpg,0278_3.jpg,0
monitor,cross_variable_variable,44,5,0044_1.jpg,0005_3.jpg,0
monitor,cross_variable_variable,44,9,0044_1.jpg,0009_3.jpg,0
monitor,cross_variable_variable,44,10,0044_1.jpg,0010_3.jpg,0
monitor,cross_variable_variable,44,28,0044_1.jpg,0028_3.jpg,0
monitor,cross_variable_variable,44,32,0044_1.jpg,0032_3.jpg,0
monitor,cross_variable_variable,44,33,0044_1.jpg,0033_3.jpg,0
monitor,cross_variable_variable,44,34,0044_1.jpg,0034_3.jpg,0
monitor,cross_variable_variable,44,44,0044_1.jpg,0044_3.jpg,1
monitor,cross_variable_variable,44,51,0044_1.jpg,0051_3.jpg,0
monitor,cross_variable_variable,44,54,0044_1.jpg,0054_3.jpg,0
monitor,cross_variable_variable,44,63,0044_1.jpg,0063_3.jpg,0
monitor,cross_variable_variable,44,68,0044_1.jpg,0068_3.jpg,0
monitor,cross_variable_variable,44,69,0044_1.jpg,0069_3.jpg,0
monitor,cross_variable_variable,44,73,0044_1.jpg,0073_3.jpg,0
monitor,cross_variable_variable,44,95,0044_1.jpg,0095_3.jpg,0
monitor,cross_variable_variable,44,121,0044_1.jpg,0121_3.jpg,0
monitor,cross_variable_variable,44,128,0044_1.jpg,0128_3.jpg,0
monitor,cross_variable_variable,44,129,0044_1.jpg,0129_3.jpg,0
monitor,cross_variable_variable,44,131,0044_1.jpg,0131_3.jpg,0
monitor,cross_variable_variable,44,139,0044_1.jpg,0139_3.jpg,0
monitor,cross_variable_variable,44,144,0044_1.jpg,0144_3.jpg,0
monitor,cross_variable_variable,44,145,0044_1.jpg,0145_3.jpg,0
monitor,cross_variable_variable,44,150,0044_1.jpg,0150_3.jpg,0
monitor,cross_variable_variable,44,160,0044_1.jpg,0160_3.jpg,0
monitor,cross_variable_variable,44,165,0044_1.jpg,0165_3.jpg,0
monitor,cross_variable_variable,44,166,0044_1.jpg,0166_3.jpg,0
monitor,cross_variable_variable,44,170,0044_1.jpg,0170_3.jpg,0
monitor,cross_variable_variable,44,174,0044_1.jpg,0174_3.jpg,0
monitor,cross_variable_variable,44,176,0044_1.jpg,0176_3.jpg,0
monitor,cross_variable_variable,44,193,0044_1.jpg,0193_3.jpg,0
monitor,cross_variable_variable,44,202,0044_1.jpg,0202_3.jpg,0
monitor,cross_variable_variable,44,205,0044_1.jpg,0205_3.jpg,0
monitor,cross_variable_variable,44,210,0044_1.jpg,0210_3.jpg,0
monitor,cross_variable_variable,44,218,0044_1.jpg,0218_3.jpg,0
monitor,cross_variable_variable,44,222,0044_1.jpg,0222_3.jpg,0
monitor,cross_variable_variable,44,238,0044_1.jpg,0238_3.jpg,0
monitor,cross_variable_variable,44,253,0044_1.jpg,0253_3.jpg,0
monitor,cross_variable_variable,44,254,0044_1.jpg,0254_3.jpg,0
monitor,cross_variable_variable,44,257,0044_1.jpg,0257_3.jpg,0
monitor,cross_variable_variable,44,258,0044_1.jpg,0258_3.jpg,0
monitor,cross_variable_variable,44,268,0044_1.jpg,0268_3.jpg,0
monitor,cross_variable_variable,44,269,0044_1.jpg,0269_3.jpg,0
monitor,cross_variable_variable,44,270,0044_1.jpg,0270_3.jpg,0
monitor,cross_variable_variable,44,277,0044_1.jpg,0277_3.jpg,0
monitor,cross_variable_variable,44,278,0044_1.jpg,0278_3.jpg,0
monitor,cross_variable_variable,51,5,0051_1.jpg,0005_3.jpg,0
monitor,cross_variable_variable,51,9,0051_1.jpg,0009_3.jpg,0
monitor,cross_variable_variable,51,10,0051_1.jpg,0010_3.jpg,0
monitor,cross_variable_variable,51,28,0051_1.jpg,0028_3.jpg,0
monitor,cross_variable_variable,51,32,0051_1.jpg,0032_3.jpg,0
monitor,cross_variable_variable,51,33,0051_1.jpg,0033_3.jpg,0
monitor,cross_variable_variable,51,34,0051_1.jpg,0034_3.jpg,0
monitor,cross_variable_variable,51,44,0051_1.jpg,0044_3.jpg,0
monitor,cross_variable_variable,51,51,0051_1.jpg,0051_3.jpg,1
monitor,cross_variable_variable,51,54,0051_1.jpg,0054_3.jpg,0
monitor,cross_variable_variable,51,63,0051_1.jpg,0063_3.jpg,0
monitor,cross_variable_variable,51,68,0051_1.jpg,0068_3.jpg,0
monitor,cross_variable_variable,51,69,0051_1.jpg,0069_3.jpg,0
monitor,cross_variable_variable,51,73,0051_1.jpg,0073_3.jpg,0
monitor,cross_variable_variable,51,95,0051_1.jpg,0095_3.jpg,0
monitor,cross_variable_variable,51,121,0051_1.jpg,0121_3.jpg,0
monitor,cross_variable_variable,51,128,0051_1.jpg,0128_3.jpg,0
monitor,cross_variable_variable,51,129,0051_1.jpg,0129_3.jpg,0
monitor,cross_variable_variable,51,131,0051_1.jpg,0131_3.jpg,0
monitor,cross_variable_variable,51,139,0051_1.jpg,0139_3.jpg,0
monitor,cross_variable_variable,51,144,0051_1.jpg,0144_3.jpg,0
monitor,cross_variable_variable,51,145,0051_1.jpg,0145_3.jpg,0
monitor,cross_variable_variable,51,150,0051_1.jpg,0150_3.jpg,0
monitor,cross_variable_variable,51,160,0051_1.jpg,0160_3.jpg,0
monitor,cross_variable_variable,51,165,0051_1.jpg,0165_3.jpg,0
monitor,cross_variable_variable,51,166,0051_1.jpg,0166_3.jpg,0
monitor,cross_variable_variable,51,170,0051_1.jpg,0170_3.jpg,0
monitor,cross_variable_variable,51,174,0051_1.jpg,0174_3.jpg,0
monitor,cross_variable_variable,51,176,0051_1.jpg,0176_3.jpg,0
monitor,cross_variable_variable,51,193,0051_1.jpg,0193_3.jpg,0
monitor,cross_variable_variable,51,202,0051_1.jpg,0202_3.jpg,0
monitor,cross_variable_variable,51,205,0051_1.jpg,0205_3.jpg,0
monitor,cross_variable_variable,51,210,0051_1.jpg,0210_3.jpg,0
monitor,cross_variable_variable,51,218,0051_1.jpg,0218_3.jpg,0
monitor,cross_variable_variable,51,222,0051_1.jpg,0222_3.jpg,0
monitor,cross_variable_variable,51,238,0051_1.jpg,0238_3.jpg,0
monitor,cross_variable_variable,51,253,0051_1.jpg,0253_3.jpg,0
monitor,cross_variable_variable,51,254,0051_1.jpg,0254_3.jpg,0
monitor,cross_variable_variable,51,257,0051_1.jpg,0257_3.jpg,0
monitor,cross_variable_variable,51,258,0051_1.jpg,0258_3.jpg,0
monitor,cross_variable_variable,51,268,0051_1.jpg,0268_3.jpg,0
monitor,cross_variable_variable,51,269,0051_1.jpg,0269_3.jpg,0
monitor,cross_variable_variable,51,270,0051_1.jpg,0270_3.jpg,0
monitor,cross_variable_variable,51,277,0051_1.jpg,0277_3.jpg,0
monitor,cross_variable_variable,51,278,0051_1.jpg,0278_3.jpg,0
monitor,cross_variable_variable,54,5,0054_1.jpg,0005_3.jpg,0
monitor,cross_variable_variable,54,9,0054_1.jpg,0009_3.jpg,0
monitor,cross_variable_variable,54,10,0054_1.jpg,0010_3.jpg,0
monitor,cross_variable_variable,54,28,0054_1.jpg,0028_3.jpg,0
monitor,cross_variable_variable,54,32,0054_1.jpg,0032_3.jpg,0
monitor,cross_variable_variable,54,33,0054_1.jpg,0033_3.jpg,0
monitor,cross_variable_variable,54,34,0054_1.jpg,0034_3.jpg,0
monitor,cross_variable_variable,54,44,0054_1.jpg,0044_3.jpg,0
monitor,cross_variable_variable,54,51,0054_1.jpg,0051_3.jpg,0
monitor,cross_variable_variable,54,54,0054_1.jpg,0054_3.jpg,1
monitor,cross_variable_variable,54,63,0054_1.jpg,0063_3.jpg,0
monitor,cross_variable_variable,54,68,0054_1.jpg,0068_3.jpg,0
monitor,cross_variable_variable,54,69,0054_1.jpg,0069_3.jpg,0
monitor,cross_variable_variable,54,73,0054_1.jpg,0073_3.jpg,0
monitor,cross_variable_variable,54,95,0054_1.jpg,0095_3.jpg,0
monitor,cross_variable_variable,54,121,0054_1.jpg,0121_3.jpg,0
monitor,cross_variable_variable,54,128,0054_1.jpg,0128_3.jpg,0
monitor,cross_variable_variable,54,129,0054_1.jpg,0129_3.jpg,0
monitor,cross_variable_variable,54,131,0054_1.jpg,0131_3.jpg,0
monitor,cross_variable_variable,54,139,0054_1.jpg,0139_3.jpg,0
monitor,cross_variable_variable,54,144,0054_1.jpg,0144_3.jpg,0
monitor,cross_variable_variable,54,145,0054_1.jpg,0145_3.jpg,0
monitor,cross_variable_variable,54,150,0054_1.jpg,0150_3.jpg,0
monitor,cross_variable_variable,54,160,0054_1.jpg,0160_3.jpg,0
monitor,cross_variable_variable,54,165,0054_1.jpg,0165_3.jpg,0
monitor,cross_variable_variable,54,166,0054_1.jpg,0166_3.jpg,0
monitor,cross_variable_variable,54,170,0054_1.jpg,0170_3.jpg,0
monitor,cross_variable_variable,54,174,0054_1.jpg,0174_3.jpg,0
monitor,cross_variable_variable,54,176,0054_1.jpg,0176_3.jpg,0
monitor,cross_variable_variable,54,193,0054_1.jpg,0193_3.jpg,0
monitor,cross_variable_variable,54,202,0054_1.jpg,0202_3.jpg,0
monitor,cross_variable_variable,54,205,0054_1.jpg,0205_3.jpg,0
monitor,cross_variable_variable,54,210,0054_1.jpg,0210_3.jpg,0
monitor,cross_variable_variable,54,218,0054_1.jpg,0218_3.jpg,0
monitor,cross_variable_variable,54,222,0054_1.jpg,0222_3.jpg,0
monitor,cross_variable_variable,54,238,0054_1.jpg,0238_3.jpg,0
monitor,cross_variable_variable,54,253,0054_1.jpg,0253_3.jpg,0
monitor,cross_variable_variable,54,254,0054_1.jpg,0254_3.jpg,0
monitor,cross_variable_variable,54,257,0054_1.jpg,0257_3.jpg,0
monitor,cross_variable_variable,54,258,0054_1.jpg,0258_3.jpg,0
monitor,cross_variable_variable,54,268,0054_1.jpg,0268_3.jpg,0
monitor,cross_variable_variable,54,269,0054_1.jpg,0269_3.jpg,0
monitor,cross_variable_variable,54,270,0054_1.jpg,0270_3.jpg,0
monitor,cross_variable_variable,54,277,0054_1.jpg,0277_3.jpg,0
monitor,cross_variable_variable,54,278,0054_1.jpg,0278_3.jpg,0
monitor,cross_variable_variable,63,5,0063_1.jpg,0005_3.jpg,0
monitor,cross_variable_variable,63,9,0063_1.jpg,0009_3.jpg,0
monitor,cross_variable_variable,63,10,0063_1.jpg,0010_3.jpg,0
monitor,cross_variable_variable,63,28,0063_1.jpg,0028_3.jpg,0
monitor,cross_variable_variable,63,32,0063_1.jpg,0032_3.jpg,0
monitor,cross_variable_variable,63,33,0063_1.jpg,0033_3.jpg,0
monitor,cross_variable_variable,63,34,0063_1.jpg,0034_3.jpg,0
monitor,cross_variable_variable,63,44,0063_1.jpg,0044_3.jpg,0
monitor,cross_variable_variable,63,51,0063_1.jpg,0051_3.jpg,0
monitor,cross_variable_variable,63,54,0063_1.jpg,0054_3.jpg,0
monitor,cross_variable_variable,63,63,0063_1.jpg,0063_3.jpg,1
monitor,cross_variable_variable,63,68,0063_1.jpg,0068_3.jpg,0
monitor,cross_variable_variable,63,69,0063_1.jpg,0069_3.jpg,0
monitor,cross_variable_variable,63,73,0063_1.jpg,0073_3.jpg,0
monitor,cross_variable_variable,63,95,0063_1.jpg,0095_3.jpg,0
monitor,cross_variable_variable,63,121,0063_1.jpg,0121_3.jpg,0
monitor,cross_variable_variable,63,128,0063_1.jpg,0128_3.jpg,0
monitor,cross_variable_variable,63,129,0063_1.jpg,0129_3.jpg,0
monitor,cross_variable_variable,63,131,0063_1.jpg,0131_3.jpg,0
monitor,cross_variable_variable,63,139,0063_1.jpg,0139_3.jpg,0
monitor,cross_variable_variable,63,144,0063_1.jpg,0144_3.jpg,0
monitor,cross_variable_variable,63,145,0063_1.jpg,0145_3.jpg,0
monitor,cross_variable_variable,63,150,0063_1.jpg,0150_3.jpg,0
monitor,cross_variable_variable,63,160,0063_1.jpg,0160_3.jpg,0
monitor,cross_variable_variable,63,165,0063_1.jpg,0165_3.jpg,0
monitor,cross_variable_variable,63,166,0063_1.jpg,0166_3.jpg,0
monitor,cross_variable_variable,63,170,0063_1.jpg,0170_3.jpg,0
monitor,cross_variable_variable,63,174,0063_1.jpg,0174_3.jpg,0
monitor,cross_variable_variable,63,176,0063_1.jpg,0176_3.jpg,0
monitor,cross_variable_variable,63,193,0063_1.jpg,0193_3.jpg,0
monitor,cross_variable_variable,63,202,0063_1.jpg,0202_3.jpg,0
monitor,cross_variable_variable,63,205,0063_1.jpg,0205_3.jpg,0
monitor,cross_variable_variable,63,210,0063_1.jpg,0210_3.jpg,0
monitor,cross_variable_variable,63,218,0063_1.jpg,0218_3.jpg,0
monitor,cross_variable_variable,63,222,0063_1.jpg,0222_3.jpg,0
monitor,cross_variable_variable,63,238,0063_1.jpg,0238_3.jpg,0
monitor,cross_variable_variable,63,253,0063_1.jpg,0253_3.jpg,0
monitor,cross_variable_variable,63,254,0063_1.jpg,0254_3.jpg,0
monitor,cross_variable_variable,63,257,0063_1.jpg,0257_3.jpg,0
monitor,cross_variable_variable,63,258,0063_1.jpg,0258_3.jpg,0
monitor,cross_variable_variable,63,268,0063_1.jpg,0268_3.jpg,0
monitor,cross_variable_variable,63,269,0063_1.jpg,0269_3.jpg,0
monitor,cross_variable_variable,63,270,0063_1.jpg,0270_3.jpg,0
monitor,cross_variable_variable,63,277,0063_1.jpg,0277_3.jpg,0
monitor,cross_variable_variable,63,278,0063_1.jpg,0278_3.jpg,0
monitor,cross_variable_variable,68,5,0068_1.jpg,0005_3.jpg,0
monitor,cross_variable_variable,68,9,0068_1.jpg,0009_3.jpg,0
monitor,cross_variable_variable,68,10,0068_1.jpg,0010_3.jpg,0
monitor,cross_variable_variable,68,28,0068_1.jpg,0028_3.jpg,0
monitor,cross_variable_variable,68,32,0068_1.jpg,0032_3.jpg,0
monitor,cross_variable_variable,68,33,0068_1.jpg,0033_3.jpg,0
monitor,cross_variable_variable,68,34,0068_1.jpg,0034_3.jpg,0
monitor,cross_variable_variable,68,44,0068_1.jpg,0044_3.jpg,0
monitor,cross_variable_variable,68,51,0068_1.jpg,0051_3.jpg,0
monitor,cross_variable_variable,68,54,0068_1.jpg,0054_3.jpg,0
monitor,cross_variable_variable,68,63,0068_1.jpg,0063_3.jpg,0
monitor,cross_variable_variable,68,68,0068_1.jpg,0068_3.jpg,1
monitor,cross_variable_variable,68,69,0068_1.jpg,0069_3.jpg,0
monitor,cross_variable_variable,68,73,0068_1.jpg,0073_3.jpg,0
monitor,cross_variable_variable,68,95,0068_1.jpg,0095_3.jpg,0
monitor,cross_variable_variable,68,121,0068_1.jpg,0121_3.jpg,0
monitor,cross_variable_variable,68,128,0068_1.jpg,0128_3.jpg,0
monitor,cross_variable_variable,68,129,0068_1.jpg,0129_3.jpg,0
monitor,cross_variable_variable,68,131,0068_1.jpg,0131_3.jpg,0
monitor,cross_variable_variable,68,139,0068_1.jpg,0139_3.jpg,0
monitor,cross_variable_variable,68,144,0068_1.jpg,0144_3.jpg,0
monitor,cross_variable_variable,68,145,0068_1.jpg,0145_3.jpg,0
monitor,cross_variable_variable,68,150,0068_1.jpg,0150_3.jpg,0
monitor,cross_variable_variable,68,160,0068_1.jpg,0160_3.jpg,0
monitor,cross_variable_variable,68,165,0068_1.jpg,0165_3.jpg,0
monitor,cross_variable_variable,68,166,0068_1.jpg,0166_3.jpg,0
monitor,cross_variable_variable,68,170,0068_1.jpg,0170_3.jpg,0
monitor,cross_variable_variable,68,174,0068_1.jpg,0174_3.jpg,0
monitor,cross_variable_variable,68,176,0068_1.jpg,0176_3.jpg,0
monitor,cross_variable_variable,68,193,0068_1.jpg,0193_3.jpg,0
monitor,cross_variable_variable,68,202,0068_1.jpg,0202_3.jpg,0
monitor,cross_variable_variable,68,205,0068_1.jpg,0205_3.jpg,0
monitor,cross_variable_variable,68,210,0068_1.jpg,0210_3.jpg,0
monitor,cross_variable_variable,68,218,0068_1.jpg,0218_3.jpg,0
monitor,cross_variable_variable,68,222,0068_1.jpg,0222_3.jpg,0
monitor,cross_variable_variable,68,238,0068_1.jpg,0238_3.jpg,0
monitor,cross_variable_variable,68,253,0068_1.jpg,0253_3.jpg,0
monitor,cross_variable_variable,68,254,0068_1.jpg,0254_3.jpg,0
monitor,cross_variable_variable,68,257,0068_1.jpg,0257_3.jpg,0
monitor,cross_variable_variable,68,258,0068_1.jpg,0258_3.jpg,0
monitor,cross_variable_variable,68,268,0068_1.jpg,0268_3.jpg,0
monitor,cross_variable_variable,68,269,0068_1.jpg,0269_3.jpg,0
monitor,cross_variable_variable,68,270,0068_1.jpg,0270_3.jpg,0
monitor,cross_variable_variable,68,277,0068_1.jpg,0277_3.jpg,0
monitor,cross_variable_variable,68,278,0068_1.jpg,0278_3.jpg,0
monitor,cross_variable_variable,69,5,0069_1.jpg,0005_3.jpg,0
monitor,cross_variable_variable,69,9,0069_1.jpg,0009_3.jpg,0
monitor,cross_variable_variable,69,10,0069_1.jpg,0010_3.jpg,0
monitor,cross_variable_variable,69,28,0069_1.jpg,0028_3.jpg,0
monitor,cross_variable_variable,69,32,0069_1.jpg,0032_3.jpg,0
monitor,cross_variable_variable,69,33,0069_1.jpg,0033_3.jpg,0
monitor,cross_variable_variable,69,34,0069_1.jpg,0034_3.jpg,0
monitor,cross_variable_variable,69,44,0069_1.jpg,0044_3.jpg,0
monitor,cross_variable_variable,69,51,0069_1.jpg,0051_3.jpg,0
monitor,cross_variable_variable,69,54,0069_1.jpg,0054_3.jpg,0
monitor,cross_variable_variable,69,63,0069_1.jpg,0063_3.jpg,0
monitor,cross_variable_variable,69,68,0069_1.jpg,0068_3.jpg,0
monitor,cross_variable_variable,69,69,0069_1.jpg,0069_3.jpg,1
monitor,cross_variable_variable,69,73,0069_1.jpg,0073_3.jpg,0
monitor,cross_variable_variable,69,95,0069_1.jpg,0095_3.jpg,0
monitor,cross_variable_variable,69,121,0069_1.jpg,0121_3.jpg,0
monitor,cross_variable_variable,69,128,0069_1.jpg,0128_3.jpg,0
monitor,cross_variable_variable,69,129,0069_1.jpg,0129_3.jpg,0
monitor,cross_variable_variable,69,131,0069_1.jpg,0131_3.jpg,0
monitor,cross_variable_variable,69,139,0069_1.jpg,0139_3.jpg,0
monitor,cross_variable_variable,69,144,0069_1.jpg,0144_3.jpg,0
monitor,cross_variable_variable,69,145,0069_1.jpg,0145_3.jpg,0
monitor,cross_variable_variable,69,150,0069_1.jpg,0150_3.jpg,0
monitor,cross_variable_variable,69,160,0069_1.jpg,0160_3.jpg,0
monitor,cross_variable_variable,69,165,0069_1.jpg,0165_3.jpg,0
monitor,cross_variable_variable,69,166,0069_1.jpg,0166_3.jpg,0
monitor,cross_variable_variable,69,170,0069_1.jpg,0170_3.jpg,0
monitor,cross_variable_variable,69,174,0069_1.jpg,0174_3.jpg,0
monitor,cross_variable_variable,69,176,0069_1.jpg,0176_3.jpg,0
monitor,cross_variable_variable,69,193,0069_1.jpg,0193_3.jpg,0
monitor,cross_variable_variable,69,202,0069_1.jpg,0202_3.jpg,0
monitor,cross_variable_variable,69,205,0069_1.jpg,0205_3.jpg,0
monitor,cross_variable_variable,69,210,0069_1.jpg,0210_3.jpg,0
monitor,cross_variable_variable,69,218,0069_1.jpg,0218_3.jpg,0
monitor,cross_variable_variable,69,222,0069_1.jpg,0222_3.jpg,0
monitor,cross_variable_variable,69,238,0069_1.jpg,0238_3.jpg,0
monitor,cross_variable_variable,69,253,0069_1.jpg,0253_3.jpg,0
monitor,cross_variable_variable,69,254,0069_1.jpg,0254_3.jpg,0
monitor,cross_variable_variable,69,257,0069_1.jpg,0257_3.jpg,0
monitor,cross_variable_variable,69,258,0069_1.jpg,0258_3.jpg,0
monitor,cross_variable_variable,69,268,0069_1.jpg,0268_3.jpg,0
monitor,cross_variable_variable,69,269,0069_1.jpg,0269_3.jpg,0
monitor,cross_variable_variable,69,270,0069_1.jpg,0270_3.jpg,0
monitor,cross_variable_variable,69,277,0069_1.jpg,0277_3.jpg,0
monitor,cross_variable_variable,69,278,0069_1.jpg,0278_3.jpg,0
monitor,cross_variable_variable,73,5,0073_1.jpg,0005_3.jpg,0
monitor,cross_variable_variable,73,9,0073_1.jpg,0009_3.jpg,0
monitor,cross_variable_variable,73,10,0073_1.jpg,0010_3.jpg,0
monitor,cross_variable_variable,73,28,0073_1.jpg,0028_3.jpg,0
monitor,cross_variable_variable,73,32,0073_1.jpg,0032_3.jpg,0
monitor,cross_variable_variable,73,33,0073_1.jpg,0033_3.jpg,0
monitor,cross_variable_variable,73,34,0073_1.jpg,0034_3.jpg,0
monitor,cross_variable_variable,73,44,0073_1.jpg,0044_3.jpg,0
monitor,cross_variable_variable,73,51,0073_1.jpg,0051_3.jpg,0
monitor,cross_variable_variable,73,54,0073_1.jpg,0054_3.jpg,0
monitor,cross_variable_variable,73,63,0073_1.jpg,0063_3.jpg,0
monitor,cross_variable_variable,73,68,0073_1.jpg,0068_3.jpg,0
monitor,cross_variable_variable,73,69,0073_1.jpg,0069_3.jpg,0
monitor,cross_variable_variable,73,73,0073_1.jpg,0073_3.jpg,1
monitor,cross_variable_variable,73,95,0073_1.jpg,0095_3.jpg,0
monitor,cross_variable_variable,73,121,0073_1.jpg,0121_3.jpg,0
monitor,cross_variable_variable,73,128,0073_1.jpg,0128_3.jpg,0
monitor,cross_variable_variable,73,129,0073_1.jpg,0129_3.jpg,0
monitor,cross_variable_variable,73,131,0073_1.jpg,0131_3.jpg,0
monitor,cross_variable_variable,73,139,0073_1.jpg,0139_3.jpg,0
monitor,cross_variable_variable,73,144,0073_1.jpg,0144_3.jpg,0
monitor,cross_variable_variable,73,145,0073_1.jpg,0145_3.jpg,0
monitor,cross_variable_variable,73,150,0073_1.jpg,0150_3.jpg,0
monitor,cross_variable_variable,73,160,0073_1.jpg,0160_3.jpg,0
monitor,cross_variable_variable,73,165,0073_1.jpg,0165_3.jpg,0
monitor,cross_variable_variable,73,166,0073_1.jpg,0166_3.jpg,0
monitor,cross_variable_variable,73,170,0073_1.jpg,0170_3.jpg,0
monitor,cross_variable_variable,73,174,0073_1.jpg,0174_3.jpg,0
monitor,cross_variable_variable,73,176,0073_1.jpg,0176_3.jpg,0
monitor,cross_variable_variable,73,193,0073_1.jpg,0193_3.jpg,0
monitor,cross_variable_variable,73,202,0073_1.jpg,0202_3.jpg,0
monitor,cross_variable_variable,73,205,0073_1.jpg,0205_3.jpg,0
monitor,cross_variable_variable,73,210,0073_1.jpg,0210_3.jpg,0
monitor,cross_variable_variable,73,218,0073_1.jpg,0218_3.jpg,0
monitor,cross_variable_variable,73,222,0073_1.jpg,0222_3.jpg,0
monitor,cross_variable_variable,73,238,0073_1.jpg,0238_3.jpg,0
monitor,cross_variable_variable,73,253,0073_1.jpg,0253_3.jpg,0
monitor,cross_variable_variable,73,254,0073_1.jpg,0254_3.jpg,0
monitor,cross_variable_variable,73,257,0073_1.jpg,0257_3.jpg,0
monitor,cross_variable_variable,73,258,0073_1.jpg,0258_3.jpg,0
monitor,cross_variable_variable,73,268,0073_1.jpg,0268_3.jpg,0
monitor,cross_variable_variable,73,269,0073_1.jpg,0269_3.jpg,0
monitor,cross_variable_variable,73,270,0073_1.jpg,0270_3.jpg,0
monitor,cross_variable_variable,73,277,0073_1.jpg,0277_3.jpg,0
monitor,cross_variable_variable,73,278,0073_1.jpg,0278_3.jpg,0
monitor,cross_variable_variable,95,5,0095_1.jpg,0005_3.jpg,0
monitor,cross_variable_variable,95,9,0095_1.jpg,0009_3.jpg,0
monitor,cross_variable_variable,95,10,0095_1.jpg,0010_3.jpg,0
monitor,cross_variable_variable,95,28,0095_1.jpg,0028_3.jpg,0
monitor,cross_variable_variable,95,32,0095_1.jpg,0032_3.jpg,0
monitor,cross_variable_variable,95,33,0095_1.jpg,0033_3.jpg,0
monitor,cross_variable_variable,95,34,0095_1.jpg,0034_3.jpg,0
monitor,cross_variable_variable,95,44,0095_1.jpg,0044_3.jpg,0
monitor,cross_variable_variable,95,51,0095_1.jpg,0051_3.jpg,0
monitor,cross_variable_variable,95,54,0095_1.jpg,0054_3.jpg,0
monitor,cross_variable_variable,95,63,0095_1.jpg,0063_3.jpg,0
monitor,cross_variable_variable,95,68,0095_1.jpg,0068_3.jpg,0
monitor,cross_variable_variable,95,69,0095_1.jpg,0069_3.jpg,0
monitor,cross_variable_variable,95,73,0095_1.jpg,0073_3.jpg,0
monitor,cross_variable_variable,95,95,0095_1.jpg,0095_3.jpg,1
monitor,cross_variable_variable,95,121,0095_1.jpg,0121_3.jpg,0
monitor,cross_variable_variable,95,128,0095_1.jpg,0128_3.jpg,0
monitor,cross_variable_variable,95,129,0095_1.jpg,0129_3.jpg,0
monitor,cross_variable_variable,95,131,0095_1.jpg,0131_3.jpg,0
monitor,cross_variable_variable,95,139,0095_1.jpg,0139_3.jpg,0
monitor,cross_variable_variable,95,144,0095_1.jpg,0144_3.jpg,0
monitor,cross_variable_variable,95,145,0095_1.jpg,0145_3.jpg,0
monitor,cross_variable_variable,95,150,0095_1.jpg,0150_3.jpg,0
monitor,cross_variable_variable,95,160,0095_1.jpg,0160_3.jpg,0
monitor,cross_variable_variable,95,165,0095_1.jpg,0165_3.jpg,0
monitor,cross_variable_variable,95,166,0095_1.jpg,0166_3.jpg,0
monitor,cross_variable_variable,95,170,0095_1.jpg,0170_3.jpg,0
monitor,cross_variable_variable,95,174,0095_1.jpg,0174_3.jpg,0
monitor,cross_variable_variable,95,176,0095_1.jpg,0176_3.jpg,0
monitor,cross_variable_variable,95,193,0095_1.jpg,0193_3.jpg,0
monitor,cross_variable_variable,95,202,0095_1.jpg,0202_3.jpg,0
monitor,cross_variable_variable,95,205,0095_1.jpg,0205_3.jpg,0
monitor,cross_variable_variable,95,210,0095_1.jpg,0210_3.jpg,0
monitor,cross_variable_variable,95,218,0095_1.jpg,0218_3.jpg,0
monitor,cross_variable_variable,95,222,0095_1.jpg,0222_3.jpg,0
monitor,cross_variable_variable,95,238,0095_1.jpg,0238_3.jpg,0
monitor,cross_variable_variable,95,253,0095_1.jpg,0253_3.jpg,0
monitor,cross_variable_variable,95,254,0095_1.jpg,0254_3.jpg,0
monitor,cross_variable_variable,95,257,0095_1.jpg,0257_3.jpg,0
monitor,cross_variable_variable,95,258,0095_1.jpg,0258_3.jpg,0
monitor,cross_variable_variable,95,268,0095_1.jpg,0268_3.jpg,0
monitor,cross_variable_variable,95,269,0095_1.jpg,0269_3.jpg,0
monitor,cross_variable_variable,95,270,0095_1.jpg,0270_3.jpg,0
monitor,cross_variable_variable,95,277,0095_1.jpg,0277_3.jpg,0
monitor,cross_variable_variable,95,278,0095_1.jpg,0278_3.jpg,0
monitor,cross_variable_variable,121,5,0121_1.jpg,0005_3.jpg,0
monitor,cross_variable_variable,121,9,0121_1.jpg,0009_3.jpg,0
monitor,cross_variable_variable,121,10,0121_1.jpg,0010_3.jpg,0
monitor,cross_variable_variable,121,28,0121_1.jpg,0028_3.jpg,0
monitor,cross_variable_variable,121,32,0121_1.jpg,0032_3.jpg,0
monitor,cross_variable_variable,121,33,0121_1.jpg,0033_3.jpg,0
monitor,cross_variable_variable,121,34,0121_1.jpg,0034_3.jpg,0
monitor,cross_variable_variable,121,44,0121_1.jpg,0044_3.jpg,0
monitor,cross_variable_variable,121,51,0121_1.jpg,0051_3.jpg,0
monitor,cross_variable_variable,121,54,0121_1.jpg,0054_3.jpg,0
monitor,cross_variable_variable,121,63,0121_1.jpg,0063_3.jpg,0
monitor,cross_variable_variable,121,68,0121_1.jpg,0068_3.jpg,0
monitor,cross_variable_variable,121,69,0121_1.jpg,0069_3.jpg,0
monitor,cross_variable_variable,121,73,0121_1.jpg,0073_3.jpg,0
monitor,cross_variable_variable,121,95,0121_1.jpg,0095_3.jpg,0
monitor,cross_variable_variable,121,121,0121_1.jpg,0121_3.jpg,1
monitor,cross_variable_variable,121,128,0121_1.jpg,0128_3.jpg,0
monitor,cross_variable_variable,121,129,0121_1.jpg,0129_3.jpg,0
monitor,cross_variable_variable,121,131,0121_1.jpg,0131_3.jpg,0
monitor,cross_variable_variable,121,139,0121_1.jpg,0139_3.jpg,0
monitor,cross_variable_variable,121,144,0121_1.jpg,0144_3.jpg,0
monitor,cross_variable_variable,121,145,0121_1.jpg,0145_3.jpg,0
monitor,cross_variable_variable,121,150,0121_1.jpg,0150_3.jpg,0
monitor,cross_variable_variable,121,160,0121_1.jpg,0160_3.jpg,0
monitor,cross_variable_variable,121,165,0121_1.jpg,0165_3.jpg,0
monitor,cross_variable_variable,121,166,0121_1.jpg,0166_3.jpg,0
monitor,cross_variable_variable,121,170,0121_1.jpg,0170_3.jpg,0
monitor,cross_variable_variable,121,174,0121_1.jpg,0174_3.jpg,0
monitor,cross_variable_variable,121,176,0121_1.jpg,0176_3.jpg,0
monitor,cross_variable_variable,121,193,0121_1.jpg,0193_3.jpg,0
monitor,cross_variable_variable,121,202,0121_1.jpg,0202_3.jpg,0
monitor,cross_variable_variable,121,205,0121_1.jpg,0205_3.jpg,0
monitor,cross_variable_variable,121,210,0121_1.jpg,0210_3.jpg,0
monitor,cross_variable_variable,121,218,0121_1.jpg,0218_3.jpg,0
monitor,cross_variable_variable,121,222,0121_1.jpg,0222_3.jpg,0
monitor,cross_variable_variable,121,238,0121_1.jpg,0238_3.jpg,0
monitor,cross_variable_variable,121,253,0121_1.jpg,0253_3.jpg,0
monitor,cross_variable_variable,121,254,0121_1.jpg,0254_3.jpg,0
monitor,cross_variable_variable,121,257,0121_1.jpg,0257_3.jpg,0
monitor,cross_variable_variable,121,258,0121_1.jpg,0258_3.jpg,0
monitor,cross_variable_variable,121,268,0121_1.jpg,0268_3.jpg,0
monitor,cross_variable_variable,121,269,0121_1.jpg,0269_3.jpg,0
monitor,cross_variable_variable,121,270,0121_1.jpg,0270_3.jpg,0
monitor,cross_variable_variable,121,277,0121_1.jpg,0277_3.jpg,0
monitor,cross_variable_variable,121,278,0121_1.jpg,0278_3.jpg,0
monitor,cross_variable_variable,128,5,0128_1.jpg,0005_3.jpg,0
monitor,cross_variable_variable,128,9,0128_1.jpg,0009_3.jpg,0
monitor,cross_variable_variable,128,10,0128_1.jpg,0010_3.jpg,0
monitor,cross_variable_variable,128,28,0128_1.jpg,0028_3.jpg,0
monitor,cross_variable_variable,128,32,0128_1.jpg,0032_3.jpg,0
monitor,cross_variable_variable,128,33,0128_1.jpg,0033_3.jpg,0
monitor,cross_variable_variable,128,34,0128_1.jpg,0034_3.jpg,0
monitor,cross_variable_variable,128,44,0128_1.jpg,0044_3.jpg,0
monitor,cross_variable_variable,128,51,0128_1.jpg,0051_3.jpg,0
monitor,cross_variable_variable,128,54,0128_1.jpg,0054_3.jpg,0
monitor,cross_variable_variable,128,63,0128_1.jpg,0063_3.jpg,0
monitor,cross_variable_variable,128,68,0128_1.jpg,0068_3.jpg,0
monitor,cross_variable_variable,128,69,0128_1.jpg,0069_3.jpg,0
monitor,cross_variable_variable,128,73,0128_1.jpg,0073_3.jpg,0
monitor,cross_variable_variable,128,95,0128_1.jpg,0095_3.jpg,0
monitor,cross_variable_variable,128,121,0128_1.jpg,0121_3.jpg,0
monitor,cross_variable_variable,128,128,0128_1.jpg,0128_3.jpg,1
monitor,cross_variable_variable,128,129,0128_1.jpg,0129_3.jpg,0
monitor,cross_variable_variable,128,131,0128_1.jpg,0131_3.jpg,0
monitor,cross_variable_variable,128,139,0128_1.jpg,0139_3.jpg,0
monitor,cross_variable_variable,128,144,0128_1.jpg,0144_3.jpg,0
monitor,cross_variable_variable,128,145,0128_1.jpg,0145_3.jpg,0
monitor,cross_variable_variable,128,150,0128_1.jpg,0150_3.jpg,0
monitor,cross_variable_variable,128,160,0128_1.jpg,0160_3.jpg,0
monitor,cross_variable_variable,128,165,0128_1.jpg,0165_3.jpg,0
monitor,cross_variable_variable,128,166,0128_1.jpg,0166_3.jpg,0
monitor,cross_variable_variable,128,170,0128_1.jpg,0170_3.jpg,0
monitor,cross_variable_variable,128,174,0128_1.jpg,0174_3.jpg,0
monitor,cross_variable_variable,128,176,0128_1.jpg,0176_3.jpg,0
monitor,cross_variable_variable,128,193,0128_1.jpg,0193_3.jpg,0
monitor,cross_variable_variable,128,202,0128_1.jpg,0202_3.jpg,0
monitor,cross_variable_variable,128,205,0128_1.jpg,0205_3.jpg,0
monitor,cross_variable_variable,128,210,0128_1.jpg,0210_3.jpg,0
monitor,cross_variable_variable,128,218,0128_1.jpg,0218_3.jpg,0
monitor,cross_variable_variable,128,222,0128_1.jpg,0222_3.jpg,0
monitor,cross_variable_variable,128,238,0128_1.jpg,0238_3.jpg,0
monitor,cross_variable_variable,128,253,0128_1.jpg,0253_3.jpg,0
monitor,cross_variable_variable,128,254,0128_1.jpg,0254_3.jpg,0
monitor,cross_variable_variable,128,257,0128_1.jpg,0257_3.jpg,0
monitor,cross_variable_variable,128,258,0128_1.jpg,0258_3.jpg,0
monitor,cross_variable_variable,128,268,0128_1.jpg,0268_3.jpg,0
monitor,cross_variable_variable,128,269,0128_1.jpg,0269_3.jpg,0
monitor,cross_variable_variable,128,270,0128_1.jpg,0270_3.jpg,0
monitor,cross_variable_variable,128,277,0128_1.jpg,0277_3.jpg,0
monitor,cross_variable_variable,128,278,0128_1.jpg,0278_3.jpg,0
monitor,cross_variable_variable,129,5,0129_1.jpg,0005_3.jpg,0
monitor,cross_variable_variable,129,9,0129_1.jpg,0009_3.jpg,0
monitor,cross_variable_variable,129,10,0129_1.jpg,0010_3.jpg,0
monitor,cross_variable_variable,129,28,0129_1.jpg,0028_3.jpg,0
monitor,cross_variable_variable,129,32,0129_1.jpg,0032_3.jpg,0
monitor,cross_variable_variable,129,33,0129_1.jpg,0033_3.jpg,0
monitor,cross_variable_variable,129,34,0129_1.jpg,0034_3.jpg,0
monitor,cross_variable_variable,129,44,0129_1.jpg,0044_3.jpg,0
monitor,cross_variable_variable,129,51,0129_1.jpg,0051_3.jpg,0
monitor,cross_variable_variable,129,54,0129_1.jpg,0054_3.jpg,0
monitor,cross_variable_variable,129,63,0129_1.jpg,0063_3.jpg,0
monitor,cross_variable_variable,129,68,0129_1.jpg,0068_3.jpg,0
monitor,cross_variable_variable,129,69,0129_1.jpg,0069_3.jpg,0
monitor,cross_variable_variable,129,73,0129_1.jpg,0073_3.jpg,0
monitor,cross_variable_variable,129,95,0129_1.jpg,0095_3.jpg,0
monitor,cross_variable_variable,129,121,0129_1.jpg,0121_3.jpg,0
monitor,cross_variable_variable,129,128,0129_1.jpg,0128_3.jpg,0
monitor,cross_variable_variable,129,129,0129_1.jpg,0129_3.jpg,1
monitor,cross_variable_variable,129,131,0129_1.jpg,0131_3.jpg,0
monitor,cross_variable_variable,129,139,0129_1.jpg,0139_3.jpg,0
monitor,cross_variable_variable,129,144,0129_1.jpg,0144_3.jpg,0
monitor,cross_variable_variable,129,145,0129_1.jpg,0145_3.jpg,0
monitor,cross_variable_variable,129,150,0129_1.jpg,0150_3.jpg,0
monitor,cross_variable_variable,129,160,0129_1.jpg,0160_3.jpg,0
monitor,cross_variable_variable,129,165,0129_1.jpg,0165_3.jpg,0
monitor,cross_variable_variable,129,166,0129_1.jpg,0166_3.jpg,0
monitor,cross_variable_variable,129,170,0129_1.jpg,0170_3.jpg,0
monitor,cross_variable_variable,129,174,0129_1.jpg,0174_3.jpg,0
monitor,cross_variable_variable,129,176,0129_1.jpg,0176_3.jpg,0
monitor,cross_variable_variable,129,193,0129_1.jpg,0193_3.jpg,0
monitor,cross_variable_variable,129,202,0129_1.jpg,0202_3.jpg,0
monitor,cross_variable_variable,129,205,0129_1.jpg,0205_3.jpg,0
monitor,cross_variable_variable,129,210,0129_1.jpg,0210_3.jpg,0
monitor,cross_variable_variable,129,218,0129_1.jpg,0218_3.jpg,0
monitor,cross_variable_variable,129,222,0129_1.jpg,0222_3.jpg,0
monitor,cross_variable_variable,129,238,0129_1.jpg,0238_3.jpg,0
monitor,cross_variable_variable,129,253,0129_1.jpg,0253_3.jpg,0
monitor,cross_variable_variable,129,254,0129_1.jpg,0254_3.jpg,0
monitor,cross_variable_variable,129,257,0129_1.jpg,0257_3.jpg,0
monitor,cross_variable_variable,129,258,0129_1.jpg,0258_3.jpg,0
monitor,cross_variable_variable,129,268,0129_1.jpg,0268_3.jpg,0
monitor,cross_variable_variable,129,269,0129_1.jpg,0269_3.jpg,0
monitor,cross_variable_variable,129,270,0129_1.jpg,0270_3.jpg,0
monitor,cross_variable_variable,129,277,0129_1.jpg,0277_3.jpg,0
monitor,cross_variable_variable,129,278,0129_1.jpg,0278_3.jpg,0
monitor,cross_variable_variable,131,5,0131_1.jpg,0005_3.jpg,0
monitor,cross_variable_variable,131,9,0131_1.jpg,0009_3.jpg,0
monitor,cross_variable_variable,131,10,0131_1.jpg,0010_3.jpg,0
monitor,cross_variable_variable,131,28,0131_1.jpg,0028_3.jpg,0
monitor,cross_variable_variable,131,32,0131_1.jpg,0032_3.jpg,0
monitor,cross_variable_variable,131,33,0131_1.jpg,0033_3.jpg,0
monitor,cross_variable_variable,131,34,0131_1.jpg,0034_3.jpg,0
monitor,cross_variable_variable,131,44,0131_1.jpg,0044_3.jpg,0
monitor,cross_variable_variable,131,51,0131_1.jpg,0051_3.jpg,0
monitor,cross_variable_variable,131,54,0131_1.jpg,0054_3.jpg,0
monitor,cross_variable_variable,131,63,0131_1.jpg,0063_3.jpg,0
monitor,cross_variable_variable,131,68,0131_1.jpg,0068_3.jpg,0
monitor,cross_variable_variable,131,69,0131_1.jpg,0069_3.jpg,0
monitor,cross_variable_variable,131,73,0131_1.jpg,0073_3.jpg,0
monitor,cross_variable_variable,131,95,0131_1.jpg,0095_3.jpg,0
monitor,cross_variable_variable,131,121,0131_1.jpg,0121_3.jpg,0
monitor,cross_variable_variable,131,128,0131_1.jpg,0128_3.jpg,0
monitor,cross_variable_variable,131,129,0131_1.jpg,0129_3.jpg,0
monitor,cross_variable_variable,131,131,0131_1.jpg,0131_3.jpg,1
monitor,cross_variable_variable,131,139,0131_1.jpg,0139_3.jpg,0
monitor,cross_variable_variable,131,144,0131_1.jpg,0144_3.jpg,0
monitor,cross_variable_variable,131,145,0131_1.jpg,0145_3.jpg,0
monitor,cross_variable_variable,131,150,0131_1.jpg,0150_3.jpg,0
monitor,cross_variable_variable,131,160,0131_1.jpg,0160_3.jpg,0
monitor,cross_variable_variable,131,165,0131_1.jpg,0165_3.jpg,0
monitor,cross_variable_variable,131,166,0131_1.jpg,0166_3.jpg,0
monitor,cross_variable_variable,131,170,0131_1.jpg,0170_3.jpg,0
monitor,cross_variable_variable,131,174,0131_1.jpg,0174_3.jpg,0
monitor,cross_variable_variable,131,176,0131_1.jpg,0176_3.jpg,0
monitor,cross_variable_variable,131,193,0131_1.jpg,0193_3.jpg,0
monitor,cross_variable_variable,131,202,0131_1.jpg,0202_3.jpg,0
monitor,cross_variable_variable,131,205,0131_1.jpg,0205_3.jpg,0
monitor,cross_variable_variable,131,210,0131_1.jpg,0210_3.jpg,0
monitor,cross_variable_variable,131,218,0131_1.jpg,0218_3.jpg,0
monitor,cross_variable_variable,131,222,0131_1.jpg,0222_3.jpg,0
monitor,cross_variable_variable,131,238,0131_1.jpg,0238_3.jpg,0
monitor,cross_variable_variable,131,253,0131_1.jpg,0253_3.jpg,0
monitor,cross_variable_variable,131,254,0131_1.jpg,0254_3.jpg,0
monitor,cross_variable_variable,131,257,0131_1.jpg,0257_3.jpg,0
monitor,cross_variable_variable,131,258,0131_1.jpg,0258_3.jpg,0
monitor,cross_variable_variable,131,268,0131_1.jpg,0268_3.jpg,0
monitor,cross_variable_variable,131,269,0131_1.jpg,0269_3.jpg,0
monitor,cross_variable_variable,131,270,0131_1.jpg,0270_3.jpg,0
monitor,cross_variable_variable,131,277,0131_1.jpg,0277_3.jpg,0
monitor,cross_variable_variable,131,278,0131_1.jpg,0278_3.jpg,0
monitor,cross_variable_variable,139,5,0139_1.jpg,0005_3.jpg,0
monitor,cross_variable_variable,139,9,0139_1.jpg,0009_3.jpg,0
monitor,cross_variable_variable,139,10,0139_1.jpg,0010_3.jpg,0
monitor,cross_variable_variable,139,28,0139_1.jpg,0028_3.jpg,0
monitor,cross_variable_variable,139,32,0139_1.jpg,0032_3.jpg,0
monitor,cross_variable_variable,139,33,0139_1.jpg,0033_3.jpg,0
monitor,cross_variable_variable,139,34,0139_1.jpg,0034_3.jpg,0
monitor,cross_variable_variable,139,44,0139_1.jpg,0044_3.jpg,0
monitor,cross_variable_variable,139,51,0139_1.jpg,0051_3.jpg,0
monitor,cross_variable_variable,139,54,0139_1.jpg,0054_3.jpg,0
monitor,cross_variable_variable,139,63,0139_1.jpg,0063_3.jpg,0
monitor,cross_variable_variable,139,68,0139_1.jpg,0068_3.jpg,0
monitor,cross_variable_variable,139,69,0139_1.jpg,0069_3.jpg,0
monitor,cross_variable_variable,139,73,0139_1.jpg,0073_3.jpg,0
monitor,cross_variable_variable,139,95,0139_1.jpg,0095_3.jpg,0
monitor,cross_variable_variable,139,121,0139_1.jpg,0121_3.jpg,0
monitor,cross_variable_variable,139,128,0139_1.jpg,0128_3.jpg,0
monitor,cross_variable_variable,139,129,0139_1.jpg,0129_3.jpg,0
monitor,cross_variable_variable,139,131,0139_1.jpg,0131_3.jpg,0
monitor,cross_variable_variable,139,139,0139_1.jpg,0139_3.jpg,1
monitor,cross_variable_variable,139,144,0139_1.jpg,0144_3.jpg,0
monitor,cross_variable_variable,139,145,0139_1.jpg,0145_3.jpg,0
monitor,cross_variable_variable,139,150,0139_1.jpg,0150_3.jpg,0
monitor,cross_variable_variable,139,160,0139_1.jpg,0160_3.jpg,0
monitor,cross_variable_variable,139,165,0139_1.jpg,0165_3.jpg,0
monitor,cross_variable_variable,139,166,0139_1.jpg,0166_3.jpg,0
monitor,cross_variable_variable,139,170,0139_1.jpg,0170_3.jpg,0
monitor,cross_variable_variable,139,174,0139_1.jpg,0174_3.jpg,0
monitor,cross_variable_variable,139,176,0139_1.jpg,0176_3.jpg,0
monitor,cross_variable_variable,139,193,0139_1.jpg,0193_3.jpg,0
monitor,cross_variable_variable,139,202,0139_1.jpg,0202_3.jpg,0
monitor,cross_variable_variable,139,205,0139_1.jpg,0205_3.jpg,0
monitor,cross_variable_variable,139,210,0139_1.jpg,0210_3.jpg,0
monitor,cross_variable_variable,139,218,0139_1.jpg,0218_3.jpg,0
monitor,cross_variable_variable,139,222,0139_1.jpg,0222_3.jpg,0
monitor,cross_variable_variable,139,238,0139_1.jpg,0238_3.jpg,0
monitor,cross_variable_variable,139,253,0139_1.jpg,0253_3.jpg,0
monitor,cross_variable_variable,139,254,0139_1.jpg,0254_3.jpg,0
monitor,cross_variable_variable,139,257,0139_1.jpg,0257_3.jpg,0
monitor,cross_variable_variable,139,258,0139_1.jpg,0258_3.jpg,0
monitor,cross_variable_variable,139,268,0139_1.jpg,0268_3.jpg,0
monitor,cross_variable_variable,139,269,0139_1.jpg,0269_3.jpg,0
monitor,cross_variable_variable,139,270,0139_1.jpg,0270_3.jpg,0
monitor,cross_variable_variable,139,277,0139_1.jpg,0277_3.jpg,0
monitor,cross_variable_variable,139,278,0139_1.jpg,0278_3.jpg,0
monitor,cross_variable_variable,144,5,0144_1.jpg,0005_3.jpg,0
monitor,cross_variable_variable,144,9,0144_1.jpg,0009_3.jpg,0
monitor,cross_variable_variable,144,10,0144_1.jpg,0010_3.jpg,0
monitor,cross_variable_variable,144,28,0144_1.jpg,0028_3.jpg,0
monitor,cross_variable_variable,144,32,0144_1.jpg,0032_3.jpg,0
monitor,cross_variable_variable,144,33,0144_1.jpg,0033_3.jpg,0
monitor,cross_variable_variable,144,34,0144_1.jpg,0034_3.jpg,0
monitor,cross_variable_variable,144,44,0144_1.jpg,0044_3.jpg,0
monitor,cross_variable_variable,144,51,0144_1.jpg,0051_3.jpg,0
monitor,cross_variable_variable,144,54,0144_1.jpg,0054_3.jpg,0
monitor,cross_variable_variable,144,63,0144_1.jpg,0063_3.jpg,0
monitor,cross_variable_variable,144,68,0144_1.jpg,0068_3.jpg,0
monitor,cross_variable_variable,144,69,0144_1.jpg,0069_3.jpg,0
monitor,cross_variable_variable,144,73,0144_1.jpg,0073_3.jpg,0
monitor,cross_variable_variable,144,95,0144_1.jpg,0095_3.jpg,0
monitor,cross_variable_variable,144,121,0144_1.jpg,0121_3.jpg,0
monitor,cross_variable_variable,144,128,0144_1.jpg,0128_3.jpg,0
monitor,cross_variable_variable,144,129,0144_1.jpg,0129_3.jpg,0
monitor,cross_variable_variable,144,131,0144_1.jpg,0131_3.jpg,0
monitor,cross_variable_variable,144,139,0144_1.jpg,0139_3.jpg,0
monitor,cross_variable_variable,144,144,0144_1.jpg,0144_3.jpg,1
monitor,cross_variable_variable,144,145,0144_1.jpg,0145_3.jpg,0
monitor,cross_variable_variable,144,150,0144_1.jpg,0150_3.jpg,0
monitor,cross_variable_variable,144,160,0144_1.jpg,0160_3.jpg,0
monitor,cross_variable_variable,144,165,0144_1.jpg,0165_3.jpg,0
monitor,cross_variable_variable,144,166,0144_1.jpg,0166_3.jpg,0
monitor,cross_variable_variable,144,170,0144_1.jpg,0170_3.jpg,0
monitor,cross_variable_variable,144,174,0144_1.jpg,0174_3.jpg,0
monitor,cross_variable_variable,144,176,0144_1.jpg,0176_3.jpg,0
monitor,cross_variable_variable,144,193,0144_1.jpg,0193_3.jpg,0
monitor,cross_variable_variable,144,202,0144_1.jpg,0202_3.jpg,0
monitor,cross_variable_variable,144,205,0144_1.jpg,0205_3.jpg,0
monitor,cross_variable_variable,144,210,0144_1.jpg,0210_3.jpg,0
monitor,cross_variable_variable,144,218,0144_1.jpg,0218_3.jpg,0
monitor,cross_variable_variable,144,222,0144_1.jpg,0222_3.jpg,0
monitor,cross_variable_variable,144,238,0144_1.jpg,0238_3.jpg,0
monitor,cross_variable_variable,144,253,0144_1.jpg,0253_3.jpg,0
monitor,cross_variable_variable,144,254,0144_1.jpg,0254_3.jpg,0
monitor,cross_variable_variable,144,257,0144_1.jpg,0257_3.jpg,0
monitor,cross_variable_variable,144,258,0144_1.jpg,0258_3.jpg,0
monitor,cross_variable_variable,144,268,0144_1.jpg,0268_3.jpg,0
monitor,cross_variable_variable,144,269,0144_1.jpg,0269_3.jpg,0
monitor,cross_variable_variable,144,270,0144_1.jpg,0270_3.jpg,0
monitor,cross_variable_variable,144,277,0144_1.jpg,0277_3.jpg,0
monitor,cross_variable_variable,144,278,0144_1.jpg,0278_3.jpg,0
monitor,cross_variable_variable,145,5,0145_1.jpg,0005_3.jpg,0
monitor,cross_variable_variable,145,9,0145_1.jpg,0009_3.jpg,0
monitor,cross_variable_variable,145,10,0145_1.jpg,0010_3.jpg,0
monitor,cross_variable_variable,145,28,0145_1.jpg,0028_3.jpg,0
monitor,cross_variable_variable,145,32,0145_1.jpg,0032_3.jpg,0
monitor,cross_variable_variable,145,33,0145_1.jpg,0033_3.jpg,0
monitor,cross_variable_variable,145,34,0145_1.jpg,0034_3.jpg,0
monitor,cross_variable_variable,145,44,0145_1.jpg,0044_3.jpg,0
monitor,cross_variable_variable,145,51,0145_1.jpg,0051_3.jpg,0
monitor,cross_variable_variable,145,54,0145_1.jpg,0054_3.jpg,0
monitor,cross_variable_variable,145,63,0145_1.jpg,0063_3.jpg,0
monitor,cross_variable_variable,145,68,0145_1.jpg,0068_3.jpg,0
monitor,cross_variable_variable,145,69,0145_1.jpg,0069_3.jpg,0
monitor,cross_variable_variable,145,73,0145_1.jpg,0073_3.jpg,0
monitor,cross_variable_variable,145,95,0145_1.jpg,0095_3.jpg,0
monitor,cross_variable_variable,145,121,0145_1.jpg,0121_3.jpg,0
monitor,cross_variable_variable,145,128,0145_1.jpg,0128_3.jpg,0
monitor,cross_variable_variable,145,129,0145_1.jpg,0129_3.jpg,0
monitor,cross_variable_variable,145,131,0145_1.jpg,0131_3.jpg,0
monitor,cross_variable_variable,145,139,0145_1.jpg,0139_3.jpg,0
monitor,cross_variable_variable,145,144,0145_1.jpg,0144_3.jpg,0
monitor,cross_variable_variable,145,145,0145_1.jpg,0145_3.jpg,1
monitor,cross_variable_variable,145,150,0145_1.jpg,0150_3.jpg,0
monitor,cross_variable_variable,145,160,0145_1.jpg,0160_3.jpg,0
monitor,cross_variable_variable,145,165,0145_1.jpg,0165_3.jpg,0
monitor,cross_variable_variable,145,166,0145_1.jpg,0166_3.jpg,0
monitor,cross_variable_variable,145,170,0145_1.jpg,0170_3.jpg,0
monitor,cross_variable_variable,145,174,0145_1.jpg,0174_3.jpg,0
monitor,cross_variable_variable,145,176,0145_1.jpg,0176_3.jpg,0
monitor,cross_variable_variable,145,193,0145_1.jpg,0193_3.jpg,0
monitor,cross_variable_variable,145,202,0145_1.jpg,0202_3.jpg,0
monitor,cross_variable_variable,145,205,0145_1.jpg,0205_3.jpg,0
monitor,cross_variable_variable,145,210,0145_1.jpg,0210_3.jpg,0
monitor,cross_variable_variable,145,218,0145_1.jpg,0218_3.jpg,0
monitor,cross_variable_variable,145,222,0145_1.jpg,0222_3.jpg,0
monitor,cross_variable_variable,145,238,0145_1.jpg,0238_3.jpg,0
monitor,cross_variable_variable,145,253,0145_1.jpg,0253_3.jpg,0
monitor,cross_variable_variable,145,254,0145_1.jpg,0254_3.jpg,0
monitor,cross_variable_variable,145,257,0145_1.jpg,0257_3.jpg,0
monitor,cross_variable_variable,145,258,0145_1.jpg,0258_3.jpg,0
monitor,cross_variable_variable,145,268,0145_1.jpg,0268_3.jpg,0
monitor,cross_variable_variable,145,269,0145_1.jpg,0269_3.jpg,0
monitor,cross_variable_variable,145,270,0145_1.jpg,0270_3.jpg,0
monitor,cross_variable_variable,145,277,0145_1.jpg,0277_3.jpg,0
monitor,cross_variable_variable,145,278,0145_1.jpg,0278_3.jpg,0
monitor,cross_variable_variable,150,5,0150_1.jpg,0005_3.jpg,0
monitor,cross_variable_variable,150,9,0150_1.jpg,0009_3.jpg,0
monitor,cross_variable_variable,150,10,0150_1.jpg,0010_3.jpg,0
monitor,cross_variable_variable,150,28,0150_1.jpg,0028_3.jpg,0
monitor,cross_variable_variable,150,32,0150_1.jpg,0032_3.jpg,0
monitor,cross_variable_variable,150,33,0150_1.jpg,0033_3.jpg,0
monitor,cross_variable_variable,150,34,0150_1.jpg,0034_3.jpg,0
monitor,cross_variable_variable,150,44,0150_1.jpg,0044_3.jpg,0
monitor,cross_variable_variable,150,51,0150_1.jpg,0051_3.jpg,0
monitor,cross_variable_variable,150,54,0150_1.jpg,0054_3.jpg,0
monitor,cross_variable_variable,150,63,0150_1.jpg,0063_3.jpg,0
monitor,cross_variable_variable,150,68,0150_1.jpg,0068_3.jpg,0
monitor,cross_variable_variable,150,69,0150_1.jpg,0069_3.jpg,0
monitor,cross_variable_variable,150,73,0150_1.jpg,0073_3.jpg,0
monitor,cross_variable_variable,150,95,0150_1.jpg,0095_3.jpg,0
monitor,cross_variable_variable,150,121,0150_1.jpg,0121_3.jpg,0
monitor,cross_variable_variable,150,128,0150_1.jpg,0128_3.jpg,0
monitor,cross_variable_variable,150,129,0150_1.jpg,0129_3.jpg,0
monitor,cross_variable_variable,150,131,0150_1.jpg,0131_3.jpg,0
monitor,cross_variable_variable,150,139,0150_1.jpg,0139_3.jpg,0
monitor,cross_variable_variable,150,144,0150_1.jpg,0144_3.jpg,0
monitor,cross_variable_variable,150,145,0150_1.jpg,0145_3.jpg,0
monitor,cross_variable_variable,150,150,0150_1.jpg,0150_3.jpg,1
monitor,cross_variable_variable,150,160,0150_1.jpg,0160_3.jpg,0
monitor,cross_variable_variable,150,165,0150_1.jpg,0165_3.jpg,0
monitor,cross_variable_variable,150,166,0150_1.jpg,0166_3.jpg,0
monitor,cross_variable_variable,150,170,0150_1.jpg,0170_3.jpg,0
monitor,cross_variable_variable,150,174,0150_1.jpg,0174_3.jpg,0
monitor,cross_variable_variable,150,176,0150_1.jpg,0176_3.jpg,0
monitor,cross_variable_variable,150,193,0150_1.jpg,0193_3.jpg,0
monitor,cross_variable_variable,150,202,0150_1.jpg,0202_3.jpg,0
monitor,cross_variable_variable,150,205,0150_1.jpg,0205_3.jpg,0
monitor,cross_variable_variable,150,210,0150_1.jpg,0210_3.jpg,0
monitor,cross_variable_variable,150,218,0150_1.jpg,0218_3.jpg,0
monitor,cross_variable_variable,150,222,0150_1.jpg,0222_3.jpg,0
monitor,cross_variable_variable,150,238,0150_1.jpg,0238_3.jpg,0
monitor,cross_variable_variable,150,253,0150_1.jpg,0253_3.jpg,0
monitor,cross_variable_variable,150,254,0150_1.jpg,0254_3.jpg,0
monitor,cross_variable_variable,150,257,0150_1.jpg,0257_3.jpg,0
monitor,cross_variable_variable,150,258,0150_1.jpg,0258_3.jpg,0
monitor,cross_variable_variable,150,268,0150_1.jpg,0268_3.jpg,0
monitor,cross_variable_variable,150,269,0150_1.jpg,0269_3.jpg,0
monitor,cross_variable_variable,150,270,0150_1.jpg,0270_3.jpg,0
monitor,cross_variable_variable,150,277,0150_1.jpg,0277_3.jpg,0
monitor,cross_variable_variable,150,278,0150_1.jpg,0278_3.jpg,0
monitor,cross_variable_variable,160,5,0160_1.jpg,0005_3.jpg,0
monitor,cross_variable_variable,160,9,0160_1.jpg,0009_3.jpg,0
monitor,cross_variable_variable,160,10,0160_1.jpg,0010_3.jpg,0
monitor,cross_variable_variable,160,28,0160_1.jpg,0028_3.jpg,0
monitor,cross_variable_variable,160,32,0160_1.jpg,0032_3.jpg,0
monitor,cross_variable_variable,160,33,0160_1.jpg,0033_3.jpg,0
monitor,cross_variable_variable,160,34,0160_1.jpg,0034_3.jpg,0
monitor,cross_variable_variable,160,44,0160_1.jpg,0044_3.jpg,0
monitor,cross_variable_variable,160,51,0160_1.jpg,0051_3.jpg,0
monitor,cross_variable_variable,160,54,0160_1.jpg,0054_3.jpg,0
monitor,cross_variable_variable,160,63,0160_1.jpg,0063_3.jpg,0
monitor,cross_variable_variable,160,68,0160_1.jpg,0068_3.jpg,0
monitor,cross_variable_variable,160,69,0160_1.jpg,0069_3.jpg,0
monitor,cross_variable_variable,160,73,0160_1.jpg,0073_3.jpg,0
monitor,cross_variable_variable,160,95,0160_1.jpg,0095_3.jpg,0
monitor,cross_variable_variable,160,121,0160_1.jpg,0121_3.jpg,0
monitor,cross_variable_variable,160,128,0160_1.jpg,0128_3.jpg,0
monitor,cross_variable_variable,160,129,0160_1.jpg,0129_3.jpg,0
monitor,cross_variable_variable,160,131,0160_1.jpg,0131_3.jpg,0
monitor,cross_variable_variable,160,139,0160_1.jpg,0139_3.jpg,0
monitor,cross_variable_variable,160,144,0160_1.jpg,0144_3.jpg,0
monitor,cross_variable_variable,160,145,0160_1.jpg,0145_3.jpg,0
monitor,cross_variable_variable,160,150,0160_1.jpg,0150_3.jpg,0
monitor,cross_variable_variable,160,160,0160_1.jpg,0160_3.jpg,1
monitor,cross_variable_variable,160,165,0160_1.jpg,0165_3.jpg,0
monitor,cross_variable_variable,160,166,0160_1.jpg,0166_3.jpg,0
monitor,cross_variable_variable,160,170,0160_1.jpg,0170_3.jpg,0
monitor,cross_variable_variable,160,174,0160_1.jpg,0174_3.jpg,0
monitor,cross_variable_variable,160,176,0160_1.jpg,0176_3.jpg,0
monitor,cross_variable_variable,160,193,0160_1.jpg,0193_3.jpg,0
monitor,cross_variable_variable,160,202,0160_1.jpg,0202_3.jpg,0
monitor,cross_variable_variable,160,205,0160_1.jpg,0205_3.jpg,0
monitor,cross_variable_variable,160,210,0160_1.jpg,0210_3.jpg,0
monitor,cross_variable_variable,160,218,0160_1.jpg,0218_3.jpg,0
monitor,cross_variable_variable,160,222,0160_1.jpg,0222_3.jpg,0
monitor,cross_variable_variable,160,238,0160_1.jpg,0238_3.jpg,0
monitor,cross_variable_variable,160,253,0160_1.jpg,0253_3.jpg,0
monitor,cross_variable_variable,160,254,0160_1.jpg,0254_3.jpg,0
monitor,cross_variable_variable,160,257,0160_1.jpg,0257_3.jpg,0
monitor,cross_variable_variable,160,258,0160_1.jpg,0258_3.jpg,0
monitor,cross_variable_variable,160,268,0160_1.jpg,0268_3.jpg,0
monitor,cross_variable_variable,160,269,0160_1.jpg,0269_3.jpg,0
monitor,cross_variable_variable,160,270,0160_1.jpg,0270_3.jpg,0
monitor,cross_variable_variable,160,277,0160_1.jpg,0277_3.jpg,0
monitor,cross_variable_variable,160,278,0160_1.jpg,0278_3.jpg,0
monitor,cross_variable_variable,165,5,0165_1.jpg,0005_3.jpg,0
monitor,cross_variable_variable,165,9,0165_1.jpg,0009_3.jpg,0
monitor,cross_variable_variable,165,10,0165_1.jpg,0010_3.jpg,0
monitor,cross_variable_variable,165,28,0165_1.jpg,0028_3.jpg,0
monitor,cross_variable_variable,165,32,0165_1.jpg,0032_3.jpg,0
monitor,cross_variable_variable,165,33,0165_1.jpg,0033_3.jpg,0
monitor,cross_variable_variable,165,34,0165_1.jpg,0034_3.jpg,0
monitor,cross_variable_variable,165,44,0165_1.jpg,0044_3.jpg,0
monitor,cross_variable_variable,165,51,0165_1.jpg,0051_3.jpg,0
monitor,cross_variable_variable,165,54,0165_1.jpg,0054_3.jpg,0
monitor,cross_variable_variable,165,63,0165_1.jpg,0063_3.jpg,0
monitor,cross_variable_variable,165,68,0165_1.jpg,0068_3.jpg,0
monitor,cross_variable_variable,165,69,0165_1.jpg,0069_3.jpg,0
monitor,cross_variable_variable,165,73,0165_1.jpg,0073_3.jpg,0
monitor,cross_variable_variable,165,95,0165_1.jpg,0095_3.jpg,0
monitor,cross_variable_variable,165,121,0165_1.jpg,0121_3.jpg,0
monitor,cross_variable_variable,165,128,0165_1.jpg,0128_3.jpg,0
monitor,cross_variable_variable,165,129,0165_1.jpg,0129_3.jpg,0
monitor,cross_variable_variable,165,131,0165_1.jpg,0131_3.jpg,0
monitor,cross_variable_variable,165,139,0165_1.jpg,0139_3.jpg,0
monitor,cross_variable_variable,165,144,0165_1.jpg,0144_3.jpg,0
monitor,cross_variable_variable,165,145,0165_1.jpg,0145_3.jpg,0
monitor,cross_variable_variable,165,150,0165_1.jpg,0150_3.jpg,0
monitor,cross_variable_variable,165,160,0165_1.jpg,0160_3.jpg,0
monitor,cross_variable_variable,165,165,0165_1.jpg,0165_3.jpg,1
monitor,cross_variable_variable,165,166,0165_1.jpg,0166_3.jpg,0
monitor,cross_variable_variable,165,170,0165_1.jpg,0170_3.jpg,0
monitor,cross_variable_variable,165,174,0165_1.jpg,0174_3.jpg,0
monitor,cross_variable_variable,165,176,0165_1.jpg,0176_3.jpg,0
monitor,cross_variable_variable,165,193,0165_1.jpg,0193_3.jpg,0
monitor,cross_variable_variable,165,202,0165_1.jpg,0202_3.jpg,0
monitor,cross_variable_variable,165,205,0165_1.jpg,0205_3.jpg,0
monitor,cross_variable_variable,165,210,0165_1.jpg,0210_3.jpg,0
monitor,cross_variable_variable,165,218,0165_1.jpg,0218_3.jpg,0
monitor,cross_variable_variable,165,222,0165_1.jpg,0222_3.jpg,0
monitor,cross_variable_variable,165,238,0165_1.jpg,0238_3.jpg,0
monitor,cross_variable_variable,165,253,0165_1.jpg,0253_3.jpg,0
monitor,cross_variable_variable,165,254,0165_1.jpg,0254_3.jpg,0
monitor,cross_variable_variable,165,257,0165_1.jpg,0257_3.jpg,0
monitor,cross_variable_variable,165,258,0165_1.jpg,0258_3.jpg,0
monitor,cross_variable_variable,165,268,0165_1.jpg,0268_3.jpg,0
monitor,cross_variable_variable,165,269,0165_1.jpg,0269_3.jpg,0
monitor,cross_variable_variable,165,270,0165_1.jpg,0270_3.jpg,0
monitor,cross_variable_variable,165,277,0165_1.jpg,0277_3.jpg,0
monitor,cross_variable_variable,165,278,0165_1.jpg,0278_3.jpg,0
monitor,cross_variable_variable,166,5,0166_1.jpg,0005_3.jpg,0
monitor,cross_variable_variable,166,9,0166_1.jpg,0009_3.jpg,0
monitor,cross_variable_variable,166,10,0166_1.jpg,0010_3.jpg,0
monitor,cross_variable_variable,166,28,0166_1.jpg,0028_3.jpg,0
monitor,cross_variable_variable,166,32,0166_1.jpg,0032_3.jpg,0
monitor,cross_variable_variable,166,33,0166_1.jpg,0033_3.jpg,0
monitor,cross_variable_variable,166,34,0166_1.jpg,0034_3.jpg,0
monitor,cross_variable_variable,166,44,0166_1.jpg,0044_3.jpg,0
monitor,cross_variable_variable,166,51,0166_1.jpg,0051_3.jpg,0
monitor,cross_variable_variable,166,54,0166_1.jpg,0054_3.jpg,0
monitor,cross_variable_variable,166,63,0166_1.jpg,0063_3.jpg,0
monitor,cross_variable_variable,166,68,0166_1.jpg,0068_3.jpg,0
monitor,cross_variable_variable,166,69,0166_1.jpg,0069_3.jpg,0
monitor,cross_variable_variable,166,73,0166_1.jpg,0073_3.jpg,0
monitor,cross_variable_variable,166,95,0166_1.jpg,0095_3.jpg,0
monitor,cross_variable_variable,166,121,0166_1.jpg,0121_3.jpg,0
monitor,cross_variable_variable,166,128,0166_1.jpg,0128_3.jpg,0
monitor,cross_variable_variable,166,129,0166_1.jpg,0129_3.jpg,0
monitor,cross_variable_variable,166,131,0166_1.jpg,0131_3.jpg,0
monitor,cross_variable_variable,166,139,0166_1.jpg,0139_3.jpg,0
monitor,cross_variable_variable,166,144,0166_1.jpg,0144_3.jpg,0
monitor,cross_variable_variable,166,145,0166_1.jpg,0145_3.jpg,0
monitor,cross_variable_variable,166,150,0166_1.jpg,0150_3.jpg,0
monitor,cross_variable_variable,166,160,0166_1.jpg,0160_3.jpg,0
monitor,cross_variable_variable,166,165,0166_1.jpg,0165_3.jpg,0
monitor,cross_variable_variable,166,166,0166_1.jpg,0166_3.jpg,1
monitor,cross_variable_variable,166,170,0166_1.jpg,0170_3.jpg,0
monitor,cross_variable_variable,166,174,0166_1.jpg,0174_3.jpg,0
monitor,cross_variable_variable,166,176,0166_1.jpg,0176_3.jpg,0
monitor,cross_variable_variable,166,193,0166_1.jpg,0193_3.jpg,0
monitor,cross_variable_variable,166,202,0166_1.jpg,0202_3.jpg,0
monitor,cross_variable_variable,166,205,0166_1.jpg,0205_3.jpg,0
monitor,cross_variable_variable,166,210,0166_1.jpg,0210_3.jpg,0
monitor,cross_variable_variable,166,218,0166_1.jpg,0218_3.jpg,0
monitor,cross_variable_variable,166,222,0166_1.jpg,0222_3.jpg,0
monitor,cross_variable_variable,166,238,0166_1.jpg,0238_3.jpg,0
monitor,cross_variable_variable,166,253,0166_1.jpg,0253_3.jpg,0
monitor,cross_variable_variable,166,254,0166_1.jpg,0254_3.jpg,0
monitor,cross_variable_variable,166,257,0166_1.jpg,0257_3.jpg,0
monitor,cross_variable_variable,166,258,0166_1.jpg,0258_3.jpg,0
monitor,cross_variable_variable,166,268,0166_1.jpg,0268_3.jpg,0
monitor,cross_variable_variable,166,269,0166_1.jpg,0269_3.jpg,0
monitor,cross_variable_variable,166,270,0166_1.jpg,0270_3.jpg,0
monitor,cross_variable_variable,166,277,0166_1.jpg,0277_3.jpg,0
monitor,cross_variable_variable,166,278,0166_1.jpg,0278_3.jpg,0
monitor,cross_variable_variable,170,5,0170_1.jpg,0005_3.jpg,0
monitor,cross_variable_variable,170,9,0170_1.jpg,0009_3.jpg,0
monitor,cross_variable_variable,170,10,0170_1.jpg,0010_3.jpg,0
monitor,cross_variable_variable,170,28,0170_1.jpg,0028_3.jpg,0
monitor,cross_variable_variable,170,32,0170_1.jpg,0032_3.jpg,0
monitor,cross_variable_variable,170,33,0170_1.jpg,0033_3.jpg,0
monitor,cross_variable_variable,170,34,0170_1.jpg,0034_3.jpg,0
monitor,cross_variable_variable,170,44,0170_1.jpg,0044_3.jpg,0
monitor,cross_variable_variable,170,51,0170_1.jpg,0051_3.jpg,0
monitor,cross_variable_variable,170,54,0170_1.jpg,0054_3.jpg,0
monitor,cross_variable_variable,170,63,0170_1.jpg,0063_3.jpg,0
monitor,cross_variable_variable,170,68,0170_1.jpg,0068_3.jpg,0
monitor,cross_variable_variable,170,69,0170_1.jpg,0069_3.jpg,0
monitor,cross_variable_variable,170,73,0170_1.jpg,0073_3.jpg,0
monitor,cross_variable_variable,170,95,0170_1.jpg,0095_3.jpg,0
monitor,cross_variable_variable,170,121,0170_1.jpg,0121_3.jpg,0
monitor,cross_variable_variable,170,128,0170_1.jpg,0128_3.jpg,0
monitor,cross_variable_variable,170,129,0170_1.jpg,0129_3.jpg,0
monitor,cross_variable_variable,170,131,0170_1.jpg,0131_3.jpg,0
monitor,cross_variable_variable,170,139,0170_1.jpg,0139_3.jpg,0
monitor,cross_variable_variable,170,144,0170_1.jpg,0144_3.jpg,0
monitor,cross_variable_variable,170,145,0170_1.jpg,0145_3.jpg,0
monitor,cross_variable_variable,170,150,0170_1.jpg,0150_3.jpg,0
monitor,cross_variable_variable,170,160,0170_1.jpg,0160_3.jpg,0
monitor,cross_variable_variable,170,165,0170_1.jpg,0165_3.jpg,0
monitor,cross_variable_variable,170,166,0170_1.jpg,0166_3.jpg,0
monitor,cross_variable_variable,170,170,0170_1.jpg,0170_3.jpg,1
monitor,cross_variable_variable,170,174,0170_1.jpg,0174_3.jpg,0
monitor,cross_variable_variable,170,176,0170_1.jpg,0176_3.jpg,0
monitor,cross_variable_variable,170,193,0170_1.jpg,0193_3.jpg,0
monitor,cross_variable_variable,170,202,0170_1.jpg,0202_3.jpg,0
monitor,cross_variable_variable,170,205,0170_1.jpg,0205_3.jpg,0
monitor,cross_variable_variable,170,210,0170_1.jpg,0210_3.jpg,0
monitor,cross_variable_variable,170,218,0170_1.jpg,0218_3.jpg,0
monitor,cross_variable_variable,170,222,0170_1.jpg,0222_3.jpg,0
monitor,cross_variable_variable,170,238,0170_1.jpg,0238_3.jpg,0
monitor,cross_variable_variable,170,253,0170_1.jpg,0253_3.jpg,0
monitor,cross_variable_variable,170,254,0170_1.jpg,0254_3.jpg,0
monitor,cross_variable_variable,170,257,0170_1.jpg,0257_3.jpg,0
monitor,cross_variable_variable,170,258,0170_1.jpg,0258_3.jpg,0
monitor,cross_variable_variable,170,268,0170_1.jpg,0268_3.jpg,0
monitor,cross_variable_variable,170,269,0170_1.jpg,0269_3.jpg,0
monitor,cross_variable_variable,170,270,0170_1.jpg,0270_3.jpg,0
monitor,cross_variable_variable,170,277,0170_1.jpg,0277_3.jpg,0
monitor,cross_variable_variable,170,278,0170_1.jpg,0278_3.jpg,0
monitor,cross_variable_variable,174,5,0174_1.jpg,0005_3.jpg,0
monitor,cross_variable_variable,174,9,0174_1.jpg,0009_3.jpg,0
monitor,cross_variable_variable,174,10,0174_1.jpg,0010_3.jpg,0
monitor,cross_variable_variable,174,28,0174_1.jpg,0028_3.jpg,0
monitor,cross_variable_variable,174,32,0174_1.jpg,0032_3.jpg,0
monitor,cross_variable_variable,174,33,0174_1.jpg,0033_3.jpg,0
monitor,cross_variable_variable,174,34,0174_1.jpg,0034_3.jpg,0
monitor,cross_variable_variable,174,44,0174_1.jpg,0044_3.jpg,0
monitor,cross_variable_variable,174,51,0174_1.jpg,0051_3.jpg,0
monitor,cross_variable_variable,174,54,0174_1.jpg,0054_3.jpg,0
monitor,cross_variable_variable,174,63,0174_1.jpg,0063_3.jpg,0
monitor,cross_variable_variable,174,68,0174_1.jpg,0068_3.jpg,0
monitor,cross_variable_variable,174,69,0174_1.jpg,0069_3.jpg,0
monitor,cross_variable_variable,174,73,0174_1.jpg,0073_3.jpg,0
monitor,cross_variable_variable,174,95,0174_1.jpg,0095_3.jpg,0
monitor,cross_variable_variable,174,121,0174_1.jpg,0121_3.jpg,0
monitor,cross_variable_variable,174,128,0174_1.jpg,0128_3.jpg,0
monitor,cross_variable_variable,174,129,0174_1.jpg,0129_3.jpg,0
monitor,cross_variable_variable,174,131,0174_1.jpg,0131_3.jpg,0
monitor,cross_variable_variable,174,139,0174_1.jpg,0139_3.jpg,0
monitor,cross_variable_variable,174,144,0174_1.jpg,0144_3.jpg,0
monitor,cross_variable_variable,174,145,0174_1.jpg,0145_3.jpg,0
monitor,cross_variable_variable,174,150,0174_1.jpg,0150_3.jpg,0
monitor,cross_variable_variable,174,160,0174_1.jpg,0160_3.jpg,0
monitor,cross_variable_variable,174,165,0174_1.jpg,0165_3.jpg,0
monitor,cross_variable_variable,174,166,0174_1.jpg,0166_3.jpg,0
monitor,cross_variable_variable,174,170,0174_1.jpg,0170_3.jpg,0
monitor,cross_variable_variable,174,174,0174_1.jpg,0174_3.jpg,1
monitor,cross_variable_variable,174,176,0174_1.jpg,0176_3.jpg,0
monitor,cross_variable_variable,174,193,0174_1.jpg,0193_3.jpg,0
monitor,cross_variable_variable,174,202,0174_1.jpg,0202_3.jpg,0
monitor,cross_variable_variable,174,205,0174_1.jpg,0205_3.jpg,0
monitor,cross_variable_variable,174,210,0174_1.jpg,0210_3.jpg,0
monitor,cross_variable_variable,174,218,0174_1.jpg,0218_3.jpg,0
monitor,cross_variable_variable,174,222,0174_1.jpg,0222_3.jpg,0
monitor,cross_variable_variable,174,238,0174_1.jpg,0238_3.jpg,0
monitor,cross_variable_variable,174,253,0174_1.jpg,0253_3.jpg,0
monitor,cross_variable_variable,174,254,0174_1.jpg,0254_3.jpg,0
monitor,cross_variable_variable,174,257,0174_1.jpg,0257_3.jpg,0
monitor,cross_variable_variable,174,258,0174_1.jpg,0258_3.jpg,0
monitor,cross_variable_variable,174,268,0174_1.jpg,0268_3.jpg,0
monitor,cross_variable_variable,174,269,0174_1.jpg,0269_3.jpg,0
monitor,cross_variable_variable,174,270,0174_1.jpg,0270_3.jpg,0
monitor,cross_variable_variable,174,277,0174_1.jpg,0277_3.jpg,0
monitor,cross_variable_variable,174,278,0174_1.jpg,0278_3.jpg,0
monitor,cross_variable_variable,176,5,0176_1.jpg,0005_3.jpg,0
monitor,cross_variable_variable,176,9,0176_1.jpg,0009_3.jpg,0
monitor,cross_variable_variable,176,10,0176_1.jpg,0010_3.jpg,0
monitor,cross_variable_variable,176,28,0176_1.jpg,0028_3.jpg,0
monitor,cross_variable_variable,176,32,0176_1.jpg,0032_3.jpg,0
monitor,cross_variable_variable,176,33,0176_1.jpg,0033_3.jpg,0
monitor,cross_variable_variable,176,34,0176_1.jpg,0034_3.jpg,0
monitor,cross_variable_variable,176,44,0176_1.jpg,0044_3.jpg,0
monitor,cross_variable_variable,176,51,0176_1.jpg,0051_3.jpg,0
monitor,cross_variable_variable,176,54,0176_1.jpg,0054_3.jpg,0
monitor,cross_variable_variable,176,63,0176_1.jpg,0063_3.jpg,0
monitor,cross_variable_variable,176,68,0176_1.jpg,0068_3.jpg,0
monitor,cross_variable_variable,176,69,0176_1.jpg,0069_3.jpg,0
monitor,cross_variable_variable,176,73,0176_1.jpg,0073_3.jpg,0
monitor,cross_variable_variable,176,95,0176_1.jpg,0095_3.jpg,0
monitor,cross_variable_variable,176,121,0176_1.jpg,0121_3.jpg,0
monitor,cross_variable_variable,176,128,0176_1.jpg,0128_3.jpg,0
monitor,cross_variable_variable,176,129,0176_1.jpg,0129_3.jpg,0
monitor,cross_variable_variable,176,131,0176_1.jpg,0131_3.jpg,0
monitor,cross_variable_variable,176,139,0176_1.jpg,0139_3.jpg,0
monitor,cross_variable_variable,176,144,0176_1.jpg,0144_3.jpg,0
monitor,cross_variable_variable,176,145,0176_1.jpg,0145_3.jpg,0
monitor,cross_variable_variable,176,150,0176_1.jpg,0150_3.jpg,0
monitor,cross_variable_variable,176,160,0176_1.jpg,0160_3.jpg,0
monitor,cross_variable_variable,176,165,0176_1.jpg,0165_3.jpg,0
monitor,cross_variable_variable,176,166,0176_1.jpg,0166_3.jpg,0
monitor,cross_variable_variable,176,170,0176_1.jpg,0170_3.jpg,0
monitor,cross_variable_variable,176,174,0176_1.jpg,0174_3.jpg,0
monitor,cross_variable_variable,176,176,0176_1.jpg,0176_3.jpg,1
monitor,cross_variable_variable,176,193,0176_1.jpg,0193_3.jpg,0
monitor,cross_variable_variable,176,202,0176_1.jpg,0202_3.jpg,0
monitor,cross_variable_variable,176,205,0176_1.jpg,0205_3.jpg,0
monitor,cross_variable_variable,176,210,0176_1.jpg,0210_3.jpg,0
monitor,cross_variable_variable,176,218,0176_1.jpg,0218_3.jpg,0
monitor,cross_variable_variable,176,222,0176_1.jpg,0222_3.jpg,0
monitor,cross_variable_variable,176,238,0176_1.jpg,0238_3.jpg,0
monitor,cross_variable_variable,176,253,0176_1.jpg,0253_3.jpg,0
monitor,cross_variable_variable,176,254,0176_1.jpg,0254_3.jpg,0
monitor,cross_variable_variable,176,257,0176_1.jpg,0257_3.jpg,0
monitor,cross_variable_variable,176,258,0176_1.jpg,0258_3.jpg,0
monitor,cross_variable_variable,176,268,0176_1.jpg,0268_3.jpg,0
monitor,cross_variable_variable,176,269,0176_1.jpg,0269_3.jpg,0
monitor,cross_variable_variable,176,270,0176_1.jpg,0270_3.jpg,0
monitor,cross_variable_variable,176,277,0176_1.jpg,0277_3.jpg,0
monitor,cross_variable_variable,176,278,0176_1.jpg,0278_3.jpg,0
monitor,cross_variable_variable,193,5,0193_1.jpg,0005_3.jpg,0
monitor,cross_variable_variable,193,9,0193_1.jpg,0009_3.jpg,0
monitor,cross_variable_variable,193,10,0193_1.jpg,0010_3.jpg,0
monitor,cross_variable_variable,193,28,0193_1.jpg,0028_3.jpg,0
monitor,cross_variable_variable,193,32,0193_1.jpg,0032_3.jpg,0
monitor,cross_variable_variable,193,33,0193_1.jpg,0033_3.jpg,0
monitor,cross_variable_variable,193,34,0193_1.jpg,0034_3.jpg,0
monitor,cross_variable_variable,193,44,0193_1.jpg,0044_3.jpg,0
monitor,cross_variable_variable,193,51,0193_1.jpg,0051_3.jpg,0
monitor,cross_variable_variable,193,54,0193_1.jpg,0054_3.jpg,0
monitor,cross_variable_variable,193,63,0193_1.jpg,0063_3.jpg,0
monitor,cross_variable_variable,193,68,0193_1.jpg,0068_3.jpg,0
monitor,cross_variable_variable,193,69,0193_1.jpg,0069_3.jpg,0
monitor,cross_variable_variable,193,73,0193_1.jpg,0073_3.jpg,0
monitor,cross_variable_variable,193,95,0193_1.jpg,0095_3.jpg,0
monitor,cross_variable_variable,193,121,0193_1.jpg,0121_3.jpg,0
monitor,cross_variable_variable,193,128,0193_1.jpg,0128_3.jpg,0
monitor,cross_variable_variable,193,129,0193_1.jpg,0129_3.jpg,0
monitor,cross_variable_variable,193,131,0193_1.jpg,0131_3.jpg,0
monitor,cross_variable_variable,193,139,0193_1.jpg,0139_3.jpg,0
monitor,cross_variable_variable,193,144,0193_1.jpg,0144_3.jpg,0
monitor,cross_variable_variable,193,145,0193_1.jpg,0145_3.jpg,0
monitor,cross_variable_variable,193,150,0193_1.jpg,0150_3.jpg,0
monitor,cross_variable_variable,193,160,0193_1.jpg,0160_3.jpg,0
monitor,cross_variable_variable,193,165,0193_1.jpg,0165_3.jpg,0
monitor,cross_variable_variable,193,166,0193_1.jpg,0166_3.jpg,0
monitor,cross_variable_variable,193,170,0193_1.jpg,0170_3.jpg,0
monitor,cross_variable_variable,193,174,0193_1.jpg,0174_3.jpg,0
monitor,cross_variable_variable,193,176,0193_1.jpg,0176_3.jpg,0
monitor,cross_variable_variable,193,193,0193_1.jpg,0193_3.jpg,1
monitor,cross_variable_variable,193,202,0193_1.jpg,0202_3.jpg,0
monitor,cross_variable_variable,193,205,0193_1.jpg,0205_3.jpg,0
monitor,cross_variable_variable,193,210,0193_1.jpg,0210_3.jpg,0
monitor,cross_variable_variable,193,218,0193_1.jpg,0218_3.jpg,0
monitor,cross_variable_variable,193,222,0193_1.jpg,0222_3.jpg,0
monitor,cross_variable_variable,193,238,0193_1.jpg,0238_3.jpg,0
monitor,cross_variable_variable,193,253,0193_1.jpg,0253_3.jpg,0
monitor,cross_variable_variable,193,254,0193_1.jpg,0254_3.jpg,0
monitor,cross_variable_variable,193,257,0193_1.jpg,0257_3.jpg,0
monitor,cross_variable_variable,193,258,0193_1.jpg,0258_3.jpg,0
monitor,cross_variable_variable,193,268,0193_1.jpg,0268_3.jpg,0
monitor,cross_variable_variable,193,269,0193_1.jpg,0269_3.jpg,0
monitor,cross_variable_variable,193,270,0193_1.jpg,0270_3.jpg,0
monitor,cross_variable_variable,193,277,0193_1.jpg,0277_3.jpg,0
monitor,cross_variable_variable,193,278,0193_1.jpg,0278_3.jpg,0
monitor,cross_variable_variable,202,5,0202_1.jpg,0005_3.jpg,0
monitor,cross_variable_variable,202,9,0202_1.jpg,0009_3.jpg,0
monitor,cross_variable_variable,202,10,0202_1.jpg,0010_3.jpg,0
monitor,cross_variable_variable,202,28,0202_1.jpg,0028_3.jpg,0
monitor,cross_variable_variable,202,32,0202_1.jpg,0032_3.jpg,0
monitor,cross_variable_variable,202,33,0202_1.jpg,0033_3.jpg,0
monitor,cross_variable_variable,202,34,0202_1.jpg,0034_3.jpg,0
monitor,cross_variable_variable,202,44,0202_1.jpg,0044_3.jpg,0
monitor,cross_variable_variable,202,51,0202_1.jpg,0051_3.jpg,0
monitor,cross_variable_variable,202,54,0202_1.jpg,0054_3.jpg,0
monitor,cross_variable_variable,202,63,0202_1.jpg,0063_3.jpg,0
monitor,cross_variable_variable,202,68,0202_1.jpg,0068_3.jpg,0
monitor,cross_variable_variable,202,69,0202_1.jpg,0069_3.jpg,0
monitor,cross_variable_variable,202,73,0202_1.jpg,0073_3.jpg,0
monitor,cross_variable_variable,202,95,0202_1.jpg,0095_3.jpg,0
monitor,cross_variable_variable,202,121,0202_1.jpg,0121_3.jpg,0
monitor,cross_variable_variable,202,128,0202_1.jpg,0128_3.jpg,0
monitor,cross_variable_variable,202,129,0202_1.jpg,0129_3.jpg,0
monitor,cross_variable_variable,202,131,0202_1.jpg,0131_3.jpg,0
monitor,cross_variable_variable,202,139,0202_1.jpg,0139_3.jpg,0
monitor,cross_variable_variable,202,144,0202_1.jpg,0144_3.jpg,0
monitor,cross_variable_variable,202,145,0202_1.jpg,0145_3.jpg,0
monitor,cross_variable_variable,202,150,0202_1.jpg,0150_3.jpg,0
monitor,cross_variable_variable,202,160,0202_1.jpg,0160_3.jpg,0
monitor,cross_variable_variable,202,165,0202_1.jpg,0165_3.jpg,0
monitor,cross_variable_variable,202,166,0202_1.jpg,0166_3.jpg,0
monitor,cross_variable_variable,202,170,0202_1.jpg,0170_3.jpg,0
monitor,cross_variable_variable,202,174,0202_1.jpg,0174_3.jpg,0
monitor,cross_variable_variable,202,176,0202_1.jpg,0176_3.jpg,0
monitor,cross_variable_variable,202,193,0202_1.jpg,0193_3.jpg,0
monitor,cross_variable_variable,202,202,0202_1.jpg,0202_3.jpg,1
monitor,cross_variable_variable,202,205,0202_1.jpg,0205_3.jpg,0
monitor,cross_variable_variable,202,210,0202_1.jpg,0210_3.jpg,0
monitor,cross_variable_variable,202,218,0202_1.jpg,0218_3.jpg,0
monitor,cross_variable_variable,202,222,0202_1.jpg,0222_3.jpg,0
monitor,cross_variable_variable,202,238,0202_1.jpg,0238_3.jpg,0
monitor,cross_variable_variable,202,253,0202_1.jpg,0253_3.jpg,0
monitor,cross_variable_variable,202,254,0202_1.jpg,0254_3.jpg,0
monitor,cross_variable_variable,202,257,0202_1.jpg,0257_3.jpg,0
monitor,cross_variable_variable,202,258,0202_1.jpg,0258_3.jpg,0
monitor,cross_variable_variable,202,268,0202_1.jpg,0268_3.jpg,0
monitor,cross_variable_variable,202,269,0202_1.jpg,0269_3.jpg,0
monitor,cross_variable_variable,202,270,0202_1.jpg,0270_3.jpg,0
monitor,cross_variable_variable,202,277,0202_1.jpg,0277_3.jpg,0
monitor,cross_variable_variable,202,278,0202_1.jpg,0278_3.jpg,0
monitor,cross_variable_variable,205,5,0205_1.jpg,0005_3.jpg,0
monitor,cross_variable_variable,205,9,0205_1.jpg,0009_3.jpg,0
monitor,cross_variable_variable,205,10,0205_1.jpg,0010_3.jpg,0
monitor,cross_variable_variable,205,28,0205_1.jpg,0028_3.jpg,0
monitor,cross_variable_variable,205,32,0205_1.jpg,0032_3.jpg,0
monitor,cross_variable_variable,205,33,0205_1.jpg,0033_3.jpg,0
monitor,cross_variable_variable,205,34,0205_1.jpg,0034_3.jpg,0
monitor,cross_variable_variable,205,44,0205_1.jpg,0044_3.jpg,0
monitor,cross_variable_variable,205,51,0205_1.jpg,0051_3.jpg,0
monitor,cross_variable_variable,205,54,0205_1.jpg,0054_3.jpg,0
monitor,cross_variable_variable,205,63,0205_1.jpg,0063_3.jpg,0
monitor,cross_variable_variable,205,68,0205_1.jpg,0068_3.jpg,0
monitor,cross_variable_variable,205,69,0205_1.jpg,0069_3.jpg,0
monitor,cross_variable_variable,205,73,0205_1.jpg,0073_3.jpg,0
monitor,cross_variable_variable,205,95,0205_1.jpg,0095_3.jpg,0
monitor,cross_variable_variable,205,121,0205_1.jpg,0121_3.jpg,0
monitor,cross_variable_variable,205,128,0205_1.jpg,0128_3.jpg,0
monitor,cross_variable_variable,205,129,0205_1.jpg,0129_3.jpg,0
monitor,cross_variable_variable,205,131,0205_1.jpg,0131_3.jpg,0
monitor,cross_variable_variable,205,139,0205_1.jpg,0139_3.jpg,0
monitor,cross_variable_variable,205,144,0205_1.jpg,0144_3.jpg,0
monitor,cross_variable_variable,205,145,0205_1.jpg,0145_3.jpg,0
monitor,cross_variable_variable,205,150,0205_1.jpg,0150_3.jpg,0
monitor,cross_variable_variable,205,160,0205_1.jpg,0160_3.jpg,0
monitor,cross_variable_variable,205,165,0205_1.jpg,0165_3.jpg,0
monitor,cross_variable_variable,205,166,0205_1.jpg,0166_3.jpg,0
monitor,cross_variable_variable,205,170,0205_1.jpg,0170_3.jpg,0
monitor,cross_variable_variable,205,174,0205_1.jpg,0174_3.jpg,0
monitor,cross_variable_variable,205,176,0205_1.jpg,0176_3.jpg,0
monitor,cross_variable_variable,205,193,0205_1.jpg,0193_3.jpg,0
monitor,cross_variable_variable,205,202,0205_1.jpg,0202_3.jpg,0
monitor,cross_variable_variable,205,205,0205_1.jpg,0205_3.jpg,1
monitor,cross_variable_variable,205,210,0205_1.jpg,0210_3.jpg,0
monitor,cross_variable_variable,205,218,0205_1.jpg,0218_3.jpg,0
monitor,cross_variable_variable,205,222,0205_1.jpg,0222_3.jpg,0
monitor,cross_variable_variable,205,238,0205_1.jpg,0238_3.jpg,0
monitor,cross_variable_variable,205,253,0205_1.jpg,0253_3.jpg,0
monitor,cross_variable_variable,205,254,0205_1.jpg,0254_3.jpg,0
monitor,cross_variable_variable,205,257,0205_1.jpg,0257_3.jpg,0
monitor,cross_variable_variable,205,258,0205_1.jpg,0258_3.jpg,0
monitor,cross_variable_variable,205,268,0205_1.jpg,0268_3.jpg,0
monitor,cross_variable_variable,205,269,0205_1.jpg,0269_3.jpg,0
monitor,cross_variable_variable,205,270,0205_1.jpg,0270_3.jpg,0
monitor,cross_variable_variable,205,277,0205_1.jpg,0277_3.jpg,0
monitor,cross_variable_variable,205,278,0205_1.jpg,0278_3.jpg,0
monitor,cross_variable_variable,210,5,0210_1.jpg,0005_3.jpg,0
monitor,cross_variable_variable,210,9,0210_1.jpg,0009_3.jpg,0
monitor,cross_variable_variable,210,10,0210_1.jpg,0010_3.jpg,0
monitor,cross_variable_variable,210,28,0210_1.jpg,0028_3.jpg,0
monitor,cross_variable_variable,210,32,0210_1.jpg,0032_3.jpg,0
monitor,cross_variable_variable,210,33,0210_1.jpg,0033_3.jpg,0
monitor,cross_variable_variable,210,34,0210_1.jpg,0034_3.jpg,0
monitor,cross_variable_variable,210,44,0210_1.jpg,0044_3.jpg,0
monitor,cross_variable_variable,210,51,0210_1.jpg,0051_3.jpg,0
monitor,cross_variable_variable,210,54,0210_1.jpg,0054_3.jpg,0
monitor,cross_variable_variable,210,63,0210_1.jpg,0063_3.jpg,0
monitor,cross_variable_variable,210,68,0210_1.jpg,0068_3.jpg,0
monitor,cross_variable_variable,210,69,0210_1.jpg,0069_3.jpg,0
monitor,cross_variable_variable,210,73,0210_1.jpg,0073_3.jpg,0
monitor,cross_variable_variable,210,95,0210_1.jpg,0095_3.jpg,0
monitor,cross_variable_variable,210,121,0210_1.jpg,0121_3.jpg,0
monitor,cross_variable_variable,210,128,0210_1.jpg,0128_3.jpg,0
monitor,cross_variable_variable,210,129,0210_1.jpg,0129_3.jpg,0
monitor,cross_variable_variable,210,131,0210_1.jpg,0131_3.jpg,0
monitor,cross_variable_variable,210,139,0210_1.jpg,0139_3.jpg,0
monitor,cross_variable_variable,210,144,0210_1.jpg,0144_3.jpg,0
monitor,cross_variable_variable,210,145,0210_1.jpg,0145_3.jpg,0
monitor,cross_variable_variable,210,150,0210_1.jpg,0150_3.jpg,0
monitor,cross_variable_variable,210,160,0210_1.jpg,0160_3.jpg,0
monitor,cross_variable_variable,210,165,0210_1.jpg,0165_3.jpg,0
monitor,cross_variable_variable,210,166,0210_1.jpg,0166_3.jpg,0
monitor,cross_variable_variable,210,170,0210_1.jpg,0170_3.jpg,0
monitor,cross_variable_variable,210,174,0210_1.jpg,0174_3.jpg,0
monitor,cross_variable_variable,210,176,0210_1.jpg,0176_3.jpg,0
monitor,cross_variable_variable,210,193,0210_1.jpg,0193_3.jpg,0
monitor,cross_variable_variable,210,202,0210_1.jpg,0202_3.jpg,0
monitor,cross_variable_variable,210,205,0210_1.jpg,0205_3.jpg,0
monitor,cross_variable_variable,210,210,0210_1.jpg,0210_3.jpg,1
monitor,cross_variable_variable,210,218,0210_1.jpg,0218_3.jpg,0
monitor,cross_variable_variable,210,222,0210_1.jpg,0222_3.jpg,0
monitor,cross_variable_variable,210,238,0210_1.jpg,0238_3.jpg,0
monitor,cross_variable_variable,210,253,0210_1.jpg,0253_3.jpg,0
monitor,cross_variable_variable,210,254,0210_1.jpg,0254_3.jpg,0
monitor,cross_variable_variable,210,257,0210_1.jpg,0257_3.jpg,0
monitor,cross_variable_variable,210,258,0210_1.jpg,0258_3.jpg,0
monitor,cross_variable_variable,210,268,0210_1.jpg,0268_3.jpg,0
monitor,cross_variable_variable,210,269,0210_1.jpg,0269_3.jpg,0
monitor,cross_variable_variable,210,270,0210_1.jpg,0270_3.jpg,0
monitor,cross_variable_variable,210,277,0210_1.jpg,0277_3.jpg,0
monitor,cross_variable_variable,210,278,0210_1.jpg,0278_3.jpg,0
monitor,cross_variable_variable,218,5,0218_1.jpg,0005_3.jpg,0
monitor,cross_variable_variable,218,9,0218_1.jpg,0009_3.jpg,0
monitor,cross_variable_variable,218,10,0218_1.jpg,0010_3.jpg,0
monitor,cross_variable_variable,218,28,0218_1.jpg,0028_3.jpg,0
monitor,cross_variable_variable,218,32,0218_1.jpg,0032_3.jpg,0
monitor,cross_variable_variable,218,33,0218_1.jpg,0033_3.jpg,0
monitor,cross_variable_variable,218,34,0218_1.jpg,0034_3.jpg,0
monitor,cross_variable_variable,218,44,0218_1.jpg,0044_3.jpg,0
monitor,cross_variable_variable,218,51,0218_1.jpg,0051_3.jpg,0
monitor,cross_variable_variable,218,54,0218_1.jpg,0054_3.jpg,0
monitor,cross_variable_variable,218,63,0218_1.jpg,0063_3.jpg,0
monitor,cross_variable_variable,218,68,0218_1.jpg,0068_3.jpg,0
monitor,cross_variable_variable,218,69,0218_1.jpg,0069_3.jpg,0
monitor,cross_variable_variable,218,73,0218_1.jpg,0073_3.jpg,0
monitor,cross_variable_variable,218,95,0218_1.jpg,0095_3.jpg,0
monitor,cross_variable_variable,218,121,0218_1.jpg,0121_3.jpg,0
monitor,cross_variable_variable,218,128,0218_1.jpg,0128_3.jpg,0
monitor,cross_variable_variable,218,129,0218_1.jpg,0129_3.jpg,0
monitor,cross_variable_variable,218,131,0218_1.jpg,0131_3.jpg,0
monitor,cross_variable_variable,218,139,0218_1.jpg,0139_3.jpg,0
monitor,cross_variable_variable,218,144,0218_1.jpg,0144_3.jpg,0
monitor,cross_variable_variable,218,145,0218_1.jpg,0145_3.jpg,0
monitor,cross_variable_variable,218,150,0218_1.jpg,0150_3.jpg,0
monitor,cross_variable_variable,218,160,0218_1.jpg,0160_3.jpg,0
monitor,cross_variable_variable,218,165,0218_1.jpg,0165_3.jpg,0
monitor,cross_variable_variable,218,166,0218_1.jpg,0166_3.jpg,0
monitor,cross_variable_variable,218,170,0218_1.jpg,0170_3.jpg,0
monitor,cross_variable_variable,218,174,0218_1.jpg,0174_3.jpg,0
monitor,cross_variable_variable,218,176,0218_1.jpg,0176_3.jpg,0
monitor,cross_variable_variable,218,193,0218_1.jpg,0193_3.jpg,0
monitor,cross_variable_variable,218,202,0218_1.jpg,0202_3.jpg,0
monitor,cross_variable_variable,218,205,0218_1.jpg,0205_3.jpg,0
monitor,cross_variable_variable,218,210,0218_1.jpg,0210_3.jpg,0
monitor,cross_variable_variable,218,218,0218_1.jpg,0218_3.jpg,1
monitor,cross_variable_variable,218,222,0218_1.jpg,0222_3.jpg,0
monitor,cross_variable_variable,218,238,0218_1.jpg,0238_3.jpg,0
monitor,cross_variable_variable,218,253,0218_1.jpg,0253_3.jpg,0
monitor,cross_variable_variable,218,254,0218_1.jpg,0254_3.jpg,0
monitor,cross_variable_variable,218,257,0218_1.jpg,0257_3.jpg,0
monitor,cross_variable_variable,218,258,0218_1.jpg,0258_3.jpg,0
monitor,cross_variable_variable,218,268,0218_1.jpg,0268_3.jpg,0
monitor,cross_variable_variable,218,269,0218_1.jpg,0269_3.jpg,0
monitor,cross_variable_variable,218,270,0218_1.jpg,0270_3.jpg,0
monitor,cross_variable_variable,218,277,0218_1.jpg,0277_3.jpg,0
monitor,cross_variable_variable,218,278,0218_1.jpg,0278_3.jpg,0
monitor,cross_variable_variable,222,5,0222_1.jpg,0005_3.jpg,0
monitor,cross_variable_variable,222,9,0222_1.jpg,0009_3.jpg,0
monitor,cross_variable_variable,222,10,0222_1.jpg,0010_3.jpg,0
monitor,cross_variable_variable,222,28,0222_1.jpg,0028_3.jpg,0
monitor,cross_variable_variable,222,32,0222_1.jpg,0032_3.jpg,0
monitor,cross_variable_variable,222,33,0222_1.jpg,0033_3.jpg,0
monitor,cross_variable_variable,222,34,0222_1.jpg,0034_3.jpg,0
monitor,cross_variable_variable,222,44,0222_1.jpg,0044_3.jpg,0
monitor,cross_variable_variable,222,51,0222_1.jpg,0051_3.jpg,0
monitor,cross_variable_variable,222,54,0222_1.jpg,0054_3.jpg,0
monitor,cross_variable_variable,222,63,0222_1.jpg,0063_3.jpg,0
monitor,cross_variable_variable,222,68,0222_1.jpg,0068_3.jpg,0
monitor,cross_variable_variable,222,69,0222_1.jpg,0069_3.jpg,0
monitor,cross_variable_variable,222,73,0222_1.jpg,0073_3.jpg,0
monitor,cross_variable_variable,222,95,0222_1.jpg,0095_3.jpg,0
monitor,cross_variable_variable,222,121,0222_1.jpg,0121_3.jpg,0
monitor,cross_variable_variable,222,128,0222_1.jpg,0128_3.jpg,0
monitor,cross_variable_variable,222,129,0222_1.jpg,0129_3.jpg,0
monitor,cross_variable_variable,222,131,0222_1.jpg,0131_3.jpg,0
monitor,cross_variable_variable,222,139,0222_1.jpg,0139_3.jpg,0
monitor,cross_variable_variable,222,144,0222_1.jpg,0144_3.jpg,0
monitor,cross_variable_variable,222,145,0222_1.jpg,0145_3.jpg,0
monitor,cross_variable_variable,222,150,0222_1.jpg,0150_3.jpg,0
monitor,cross_variable_variable,222,160,0222_1.jpg,0160_3.jpg,0
monitor,cross_variable_variable,222,165,0222_1.jpg,0165_3.jpg,0
monitor,cross_variable_variable,222,166,0222_1.jpg,0166_3.jpg,0
monitor,cross_variable_variable,222,170,0222_1.jpg,0170_3.jpg,0
monitor,cross_variable_variable,222,174,0222_1.jpg,0174_3.jpg,0
monitor,cross_variable_variable,222,176,0222_1.jpg,0176_3.jpg,0
monitor,cross_variable_variable,222,193,0222_1.jpg,0193_3.jpg,0
monitor,cross_variable_variable,222,202,0222_1.jpg,0202_3.jpg,0
monitor,cross_variable_variable,222,205,0222_1.jpg,0205_3.jpg,0
monitor,cross_variable_variable,222,210,0222_1.jpg,0210_3.jpg,0
monitor,cross_variable_variable,222,218,0222_1.jpg,0218_3.jpg,0
monitor,cross_variable_variable,222,222,0222_1.jpg,0222_3.jpg,1
monitor,cross_variable_variable,222,238,0222_1.jpg,0238_3.jpg,0
monitor,cross_variable_variable,222,253,0222_1.jpg,0253_3.jpg,0
monitor,cross_variable_variable,222,254,0222_1.jpg,0254_3.jpg,0
monitor,cross_variable_variable,222,257,0222_1.jpg,0257_3.jpg,0
monitor,cross_variable_variable,222,258,0222_1.jpg,0258_3.jpg,0
monitor,cross_variable_variable,222,268,0222_1.jpg,0268_3.jpg,0
monitor,cross_variable_variable,222,269,0222_1.jpg,0269_3.jpg,0
monitor,cross_variable_variable,222,270,0222_1.jpg,0270_3.jpg,0
monitor,cross_variable_variable,222,277,0222_1.jpg,0277_3.jpg,0
monitor,cross_variable_variable,222,278,0222_1.jpg,0278_3.jpg,0
monitor,cross_variable_variable,238,5,0238_1.jpg,0005_3.jpg,0
monitor,cross_variable_variable,238,9,0238_1.jpg,0009_3.jpg,0
monitor,cross_variable_variable,238,10,0238_1.jpg,0010_3.jpg,0
monitor,cross_variable_variable,238,28,0238_1.jpg,0028_3.jpg,0
monitor,cross_variable_variable,238,32,0238_1.jpg,0032_3.jpg,0
monitor,cross_variable_variable,238,33,0238_1.jpg,0033_3.jpg,0
monitor,cross_variable_variable,238,34,0238_1.jpg,0034_3.jpg,0
monitor,cross_variable_variable,238,44,0238_1.jpg,0044_3.jpg,0
monitor,cross_variable_variable,238,51,0238_1.jpg,0051_3.jpg,0
monitor,cross_variable_variable,238,54,0238_1.jpg,0054_3.jpg,0
monitor,cross_variable_variable,238,63,0238_1.jpg,0063_3.jpg,0
monitor,cross_variable_variable,238,68,0238_1.jpg,0068_3.jpg,0
monitor,cross_variable_variable,238,69,0238_1.jpg,0069_3.jpg,0
monitor,cross_variable_variable,238,73,0238_1.jpg,0073_3.jpg,0
monitor,cross_variable_variable,238,95,0238_1.jpg,0095_3.jpg,0
monitor,cross_variable_variable,238,121,0238_1.jpg,0121_3.jpg,0
monitor,cross_variable_variable,238,128,0238_1.jpg,0128_3.jpg,0
monitor,cross_variable_variable,238,129,0238_1.jpg,0129_3.jpg,0
monitor,cross_variable_variable,238,131,0238_1.jpg,0131_3.jpg,0
monitor,cross_variable_variable,238,139,0238_1.jpg,0139_3.jpg,0
monitor,cross_variable_variable,238,144,0238_1.jpg,0144_3.jpg,0
monitor,cross_variable_variable,238,145,0238_1.jpg,0145_3.jpg,0
monitor,cross_variable_variable,238,150,0238_1.jpg,0150_3.jpg,0
monitor,cross_variable_variable,238,160,0238_1.jpg,0160_3.jpg,0
monitor,cross_variable_variable,238,165,0238_1.jpg,0165_3.jpg,0
monitor,cross_variable_variable,238,166,0238_1.jpg,0166_3.jpg,0
monitor,cross_variable_variable,238,170,0238_1.jpg,0170_3.jpg,0
monitor,cross_variable_variable,238,174,0238_1.jpg,0174_3.jpg,0
monitor,cross_variable_variable,238,176,0238_1.jpg,0176_3.jpg,0
monitor,cross_variable_variable,238,193,0238_1.jpg,0193_3.jpg,0
monitor,cross_variable_variable,238,202,0238_1.jpg,0202_3.jpg,0
monitor,cross_variable_variable,238,205,0238_1.jpg,0205_3.jpg,0
monitor,cross_variable_variable,238,210,0238_1.jpg,0210_3.jpg,0
monitor,cross_variable_variable,238,218,0238_1.jpg,0218_3.jpg,0
monitor,cross_variable_variable,238,222,0238_1.jpg,0222_3.jpg,0
monitor,cross_variable_variable,238,238,0238_1.jpg,0238_3.jpg,1
monitor,cross_variable_variable,238,253,0238_1.jpg,0253_3.jpg,0
monitor,cross_variable_variable,238,254,0238_1.jpg,0254_3.jpg,0
monitor,cross_variable_variable,238,257,0238_1.jpg,0257_3.jpg,0
monitor,cross_variable_variable,238,258,0238_1.jpg,0258_3.jpg,0
monitor,cross_variable_variable,238,268,0238_1.jpg,0268_3.jpg,0
monitor,cross_variable_variable,238,269,0238_1.jpg,0269_3.jpg,0
monitor,cross_variable_variable,238,270,0238_1.jpg,0270_3.jpg,0
monitor,cross_variable_variable,238,277,0238_1.jpg,0277_3.jpg,0
monitor,cross_variable_variable,238,278,0238_1.jpg,0278_3.jpg,0
monitor,cross_variable_variable,253,5,0253_1.jpg,0005_3.jpg,0
monitor,cross_variable_variable,253,9,0253_1.jpg,0009_3.jpg,0
monitor,cross_variable_variable,253,10,0253_1.jpg,0010_3.jpg,0
monitor,cross_variable_variable,253,28,0253_1.jpg,0028_3.jpg,0
monitor,cross_variable_variable,253,32,0253_1.jpg,0032_3.jpg,0
monitor,cross_variable_variable,253,33,0253_1.jpg,0033_3.jpg,0
monitor,cross_variable_variable,253,34,0253_1.jpg,0034_3.jpg,0
monitor,cross_variable_variable,253,44,0253_1.jpg,0044_3.jpg,0
monitor,cross_variable_variable,253,51,0253_1.jpg,0051_3.jpg,0
monitor,cross_variable_variable,253,54,0253_1.jpg,0054_3.jpg,0
monitor,cross_variable_variable,253,63,0253_1.jpg,0063_3.jpg,0
monitor,cross_variable_variable,253,68,0253_1.jpg,0068_3.jpg,0
monitor,cross_variable_variable,253,69,0253_1.jpg,0069_3.jpg,0
monitor,cross_variable_variable,253,73,0253_1.jpg,0073_3.jpg,0
monitor,cross_variable_variable,253,95,0253_1.jpg,0095_3.jpg,0
monitor,cross_variable_variable,253,121,0253_1.jpg,0121_3.jpg,0
monitor,cross_variable_variable,253,128,0253_1.jpg,0128_3.jpg,0
monitor,cross_variable_variable,253,129,0253_1.jpg,0129_3.jpg,0
monitor,cross_variable_variable,253,131,0253_1.jpg,0131_3.jpg,0
monitor,cross_variable_variable,253,139,0253_1.jpg,0139_3.jpg,0
monitor,cross_variable_variable,253,144,0253_1.jpg,0144_3.jpg,0
monitor,cross_variable_variable,253,145,0253_1.jpg,0145_3.jpg,0
monitor,cross_variable_variable,253,150,0253_1.jpg,0150_3.jpg,0
monitor,cross_variable_variable,253,160,0253_1.jpg,0160_3.jpg,0
monitor,cross_variable_variable,253,165,0253_1.jpg,0165_3.jpg,0
monitor,cross_variable_variable,253,166,0253_1.jpg,0166_3.jpg,0
monitor,cross_variable_variable,253,170,0253_1.jpg,0170_3.jpg,0
monitor,cross_variable_variable,253,174,0253_1.jpg,0174_3.jpg,0
monitor,cross_variable_variable,253,176,0253_1.jpg,0176_3.jpg,0
monitor,cross_variable_variable,253,193,0253_1.jpg,0193_3.jpg,0
monitor,cross_variable_variable,253,202,0253_1.jpg,0202_3.jpg,0
monitor,cross_variable_variable,253,205,0253_1.jpg,0205_3.jpg,0
monitor,cross_variable_variable,253,210,0253_1.jpg,0210_3.jpg,0
monitor,cross_variable_variable,253,218,0253_1.jpg,0218_3.jpg,0
monitor,cross_variable_variable,253,222,0253_1.jpg,0222_3.jpg,0
monitor,cross_variable_variable,253,238,0253_1.jpg,0238_3.jpg,0
monitor,cross_variable_variable,253,253,0253_1.jpg,0253_3.jpg,1
monitor,cross_variable_variable,253,254,0253_1.jpg,0254_3.jpg,0
monitor,cross_variable_variable,253,257,0253_1.jpg,0257_3.jpg,0
monitor,cross_variable_variable,253,258,0253_1.jpg,0258_3.jpg,0
monitor,cross_variable_variable,253,268,0253_1.jpg,0268_3.jpg,0
monitor,cross_variable_variable,253,269,0253_1.jpg,0269_3.jpg,0
monitor,cross_variable_variable,253,270,0253_1.jpg,0270_3.jpg,0
monitor,cross_variable_variable,253,277,0253_1.jpg,0277_3.jpg,0
monitor,cross_variable_variable,253,278,0253_1.jpg,0278_3.jpg,0
monitor,cross_variable_variable,254,5,0254_1.jpg,0005_3.jpg,0
monitor,cross_variable_variable,254,9,0254_1.jpg,0009_3.jpg,0
monitor,cross_variable_variable,254,10,0254_1.jpg,0010_3.jpg,0
monitor,cross_variable_variable,254,28,0254_1.jpg,0028_3.jpg,0
monitor,cross_variable_variable,254,32,0254_1.jpg,0032_3.jpg,0
monitor,cross_variable_variable,254,33,0254_1.jpg,0033_3.jpg,0
monitor,cross_variable_variable,254,34,0254_1.jpg,0034_3.jpg,0
monitor,cross_variable_variable,254,44,0254_1.jpg,0044_3.jpg,0
monitor,cross_variable_variable,254,51,0254_1.jpg,0051_3.jpg,0
monitor,cross_variable_variable,254,54,0254_1.jpg,0054_3.jpg,0
monitor,cross_variable_variable,254,63,0254_1.jpg,0063_3.jpg,0
monitor,cross_variable_variable,254,68,0254_1.jpg,0068_3.jpg,0
monitor,cross_variable_variable,254,69,0254_1.jpg,0069_3.jpg,0
monitor,cross_variable_variable,254,73,0254_1.jpg,0073_3.jpg,0
monitor,cross_variable_variable,254,95,0254_1.jpg,0095_3.jpg,0
monitor,cross_variable_variable,254,121,0254_1.jpg,0121_3.jpg,0
monitor,cross_variable_variable,254,128,0254_1.jpg,0128_3.jpg,0
monitor,cross_variable_variable,254,129,0254_1.jpg,0129_3.jpg,0
monitor,cross_variable_variable,254,131,0254_1.jpg,0131_3.jpg,0
monitor,cross_variable_variable,254,139,0254_1.jpg,0139_3.jpg,0
monitor,cross_variable_variable,254,144,0254_1.jpg,0144_3.jpg,0
monitor,cross_variable_variable,254,145,0254_1.jpg,0145_3.jpg,0
monitor,cross_variable_variable,254,150,0254_1.jpg,0150_3.jpg,0
monitor,cross_variable_variable,254,160,0254_1.jpg,0160_3.jpg,0
monitor,cross_variable_variable,254,165,0254_1.jpg,0165_3.jpg,0
monitor,cross_variable_variable,254,166,0254_1.jpg,0166_3.jpg,0
monitor,cross_variable_variable,254,170,0254_1.jpg,0170_3.jpg,0
monitor,cross_variable_variable,254,174,0254_1.jpg,0174_3.jpg,0
monitor,cross_variable_variable,254,176,0254_1.jpg,0176_3.jpg,0
monitor,cross_variable_variable,254,193,0254_1.jpg,0193_3.jpg,0
monitor,cross_variable_variable,254,202,0254_1.jpg,0202_3.jpg,0
monitor,cross_variable_variable,254,205,0254_1.jpg,0205_3.jpg,0
monitor,cross_variable_variable,254,210,0254_1.jpg,0210_3.jpg,0
monitor,cross_variable_variable,254,218,0254_1.jpg,0218_3.jpg,0
monitor,cross_variable_variable,254,222,0254_1.jpg,0222_3.jpg,0
monitor,cross_variable_variable,254,238,0254_1.jpg,0238_3.jpg,0
monitor,cross_variable_variable,254,253,0254_1.jpg,0253_3.jpg,0
monitor,cross_variable_variable,254,254,0254_1.jpg,0254_3.jpg,1
monitor,cross_variable_variable,254,257,0254_1.jpg,0257_3.jpg,0
monitor,cross_variable_variable,254,258,0254_1.jpg,0258_3.jpg,0
monitor,cross_variable_variable,254,268,0254_1.jpg,0268_3.jpg,0
monitor,cross_variable_variable,254,269,0254_1.jpg,0269_3.jpg,0
monitor,cross_variable_variable,254,270,0254_1.jpg,0270_3.jpg,0
monitor,cross_variable_variable,254,277,0254_1.jpg,0277_3.jpg,0
monitor,cross_variable_variable,254,278,0254_1.jpg,0278_3.jpg,0
monitor,cross_variable_variable,257,5,0257_1.jpg,0005_3.jpg,0
monitor,cross_variable_variable,257,9,0257_1.jpg,0009_3.jpg,0
monitor,cross_variable_variable,257,10,0257_1.jpg,0010_3.jpg,0
monitor,cross_variable_variable,257,28,0257_1.jpg,0028_3.jpg,0
monitor,cross_variable_variable,257,32,0257_1.jpg,0032_3.jpg,0
monitor,cross_variable_variable,257,33,0257_1.jpg,0033_3.jpg,0
monitor,cross_variable_variable,257,34,0257_1.jpg,0034_3.jpg,0
monitor,cross_variable_variable,257,44,0257_1.jpg,0044_3.jpg,0
monitor,cross_variable_variable,257,51,0257_1.jpg,0051_3.jpg,0
monitor,cross_variable_variable,257,54,0257_1.jpg,0054_3.jpg,0
monitor,cross_variable_variable,257,63,0257_1.jpg,0063_3.jpg,0
monitor,cross_variable_variable,257,68,0257_1.jpg,0068_3.jpg,0
monitor,cross_variable_variable,257,69,0257_1.jpg,0069_3.jpg,0
monitor,cross_variable_variable,257,73,0257_1.jpg,0073_3.jpg,0
monitor,cross_variable_variable,257,95,0257_1.jpg,0095_3.jpg,0
monitor,cross_variable_variable,257,121,0257_1.jpg,0121_3.jpg,0
monitor,cross_variable_variable,257,128,0257_1.jpg,0128_3.jpg,0
monitor,cross_variable_variable,257,129,0257_1.jpg,0129_3.jpg,0
monitor,cross_variable_variable,257,131,0257_1.jpg,0131_3.jpg,0
monitor,cross_variable_variable,257,139,0257_1.jpg,0139_3.jpg,0
monitor,cross_variable_variable,257,144,0257_1.jpg,0144_3.jpg,0
monitor,cross_variable_variable,257,145,0257_1.jpg,0145_3.jpg,0
monitor,cross_variable_variable,257,150,0257_1.jpg,0150_3.jpg,0
monitor,cross_variable_variable,257,160,0257_1.jpg,0160_3.jpg,0
monitor,cross_variable_variable,257,165,0257_1.jpg,0165_3.jpg,0
monitor,cross_variable_variable,257,166,0257_1.jpg,0166_3.jpg,0
monitor,cross_variable_variable,257,170,0257_1.jpg,0170_3.jpg,0
monitor,cross_variable_variable,257,174,0257_1.jpg,0174_3.jpg,0
monitor,cross_variable_variable,257,176,0257_1.jpg,0176_3.jpg,0
monitor,cross_variable_variable,257,193,0257_1.jpg,0193_3.jpg,0
monitor,cross_variable_variable,257,202,0257_1.jpg,0202_3.jpg,0
monitor,cross_variable_variable,257,205,0257_1.jpg,0205_3.jpg,0
monitor,cross_variable_variable,257,210,0257_1.jpg,0210_3.jpg,0
monitor,cross_variable_variable,257,218,0257_1.jpg,0218_3.jpg,0
monitor,cross_variable_variable,257,222,0257_1.jpg,0222_3.jpg,0
monitor,cross_variable_variable,257,238,0257_1.jpg,0238_3.jpg,0
monitor,cross_variable_variable,257,253,0257_1.jpg,0253_3.jpg,0
monitor,cross_variable_variable,257,254,0257_1.jpg,0254_3.jpg,0
monitor,cross_variable_variable,257,257,0257_1.jpg,0257_3.jpg,1
monitor,cross_variable_variable,257,258,0257_1.jpg,0258_3.jpg,0
monitor,cross_variable_variable,257,268,0257_1.jpg,0268_3.jpg,0
monitor,cross_variable_variable,257,269,0257_1.jpg,0269_3.jpg,0
monitor,cross_variable_variable,257,270,0257_1.jpg,0270_3.jpg,0
monitor,cross_variable_variable,257,277,0257_1.jpg,0277_3.jpg,0
monitor,cross_variable_variable,257,278,0257_1.jpg,0278_3.jpg,0
monitor,cross_variable_variable,258,5,0258_1.jpg,0005_3.jpg,0
monitor,cross_variable_variable,258,9,0258_1.jpg,0009_3.jpg,0
monitor,cross_variable_variable,258,10,0258_1.jpg,0010_3.jpg,0
monitor,cross_variable_variable,258,28,0258_1.jpg,0028_3.jpg,0
monitor,cross_variable_variable,258,32,0258_1.jpg,0032_3.jpg,0
monitor,cross_variable_variable,258,33,0258_1.jpg,0033_3.jpg,0
monitor,cross_variable_variable,258,34,0258_1.jpg,0034_3.jpg,0
monitor,cross_variable_variable,258,44,0258_1.jpg,0044_3.jpg,0
monitor,cross_variable_variable,258,51,0258_1.jpg,0051_3.jpg,0
monitor,cross_variable_variable,258,54,0258_1.jpg,0054_3.jpg,0
monitor,cross_variable_variable,258,63,0258_1.jpg,0063_3.jpg,0
monitor,cross_variable_variable,258,68,0258_1.jpg,0068_3.jpg,0
monitor,cross_variable_variable,258,69,0258_1.jpg,0069_3.jpg,0
monitor,cross_variable_variable,258,73,0258_1.jpg,0073_3.jpg,0
monitor,cross_variable_variable,258,95,0258_1.jpg,0095_3.jpg,0
monitor,cross_variable_variable,258,121,0258_1.jpg,0121_3.jpg,0
monitor,cross_variable_variable,258,128,0258_1.jpg,0128_3.jpg,0
monitor,cross_variable_variable,258,129,0258_1.jpg,0129_3.jpg,0
monitor,cross_variable_variable,258,131,0258_1.jpg,0131_3.jpg,0
monitor,cross_variable_variable,258,139,0258_1.jpg,0139_3.jpg,0
monitor,cross_variable_variable,258,144,0258_1.jpg,0144_3.jpg,0
monitor,cross_variable_variable,258,145,0258_1.jpg,0145_3.jpg,0
monitor,cross_variable_variable,258,150,0258_1.jpg,0150_3.jpg,0
monitor,cross_variable_variable,258,160,0258_1.jpg,0160_3.jpg,0
monitor,cross_variable_variable,258,165,0258_1.jpg,0165_3.jpg,0
monitor,cross_variable_variable,258,166,0258_1.jpg,0166_3.jpg,0
monitor,cross_variable_variable,258,170,0258_1.jpg,0170_3.jpg,0
monitor,cross_variable_variable,258,174,0258_1.jpg,0174_3.jpg,0
monitor,cross_variable_variable,258,176,0258_1.jpg,0176_3.jpg,0
monitor,cross_variable_variable,258,193,0258_1.jpg,0193_3.jpg,0
monitor,cross_variable_variable,258,202,0258_1.jpg,0202_3.jpg,0
monitor,cross_variable_variable,258,205,0258_1.jpg,0205_3.jpg,0
monitor,cross_variable_variable,258,210,0258_1.jpg,0210_3.jpg,0
monitor,cross_variable_variable,258,218,0258_1.jpg,0218_3.jpg,0
monitor,cross_variable_variable,258,222,0258_1.jpg,0222_3.jpg,0
monitor,cross_variable_variable,258,238,0258_1.jpg,0238_3.jpg,0
monitor,cross_variable_variable,258,253,0258_1.jpg,0253_3.jpg,0
monitor,cross_variable_variable,258,254,0258_1.jpg,0254_3.jpg,0
monitor,cross_variable_variable,258,257,0258_1.jpg,0257_3.jpg,0
monitor,cross_variable_variable,258,258,0258_1.jpg,0258_3.jpg,1
monitor,cross_variable_variable,258,268,0258_1.jpg,0268_3.jpg,0
monitor,cross_variable_variable,258,269,0258_1.jpg,0269_3.jpg,0
monitor,cross_variable_variable,258,270,0258_1.jpg,0270_3.jpg,0
monitor,cross_variable_variable,258,277,0258_1.jpg,0277_3.jpg,0
monitor,cross_variable_variable,258,278,0258_1.jpg,0278_3.jpg,0
monitor,cross_variable_variable,268,5,0268_1.jpg,0005_3.jpg,0
monitor,cross_variable_variable,268,9,0268_1.jpg,0009_3.jpg,0
monitor,cross_variable_variable,268,10,0268_1.jpg,0010_3.jpg,0
monitor,cross_variable_variable,268,28,0268_1.jpg,0028_3.jpg,0
monitor,cross_variable_variable,268,32,0268_1.jpg,0032_3.jpg,0
monitor,cross_variable_variable,268,33,0268_1.jpg,0033_3.jpg,0
monitor,cross_variable_variable,268,34,0268_1.jpg,0034_3.jpg,0
monitor,cross_variable_variable,268,44,0268_1.jpg,0044_3.jpg,0
monitor,cross_variable_variable,268,51,0268_1.jpg,0051_3.jpg,0
monitor,cross_variable_variable,268,54,0268_1.jpg,0054_3.jpg,0
monitor,cross_variable_variable,268,63,0268_1.jpg,0063_3.jpg,0
monitor,cross_variable_variable,268,68,0268_1.jpg,0068_3.jpg,0
monitor,cross_variable_variable,268,69,0268_1.jpg,0069_3.jpg,0
monitor,cross_variable_variable,268,73,0268_1.jpg,0073_3.jpg,0
monitor,cross_variable_variable,268,95,0268_1.jpg,0095_3.jpg,0
monitor,cross_variable_variable,268,121,0268_1.jpg,0121_3.jpg,0
monitor,cross_variable_variable,268,128,0268_1.jpg,0128_3.jpg,0
monitor,cross_variable_variable,268,129,0268_1.jpg,0129_3.jpg,0
monitor,cross_variable_variable,268,131,0268_1.jpg,0131_3.jpg,0
monitor,cross_variable_variable,268,139,0268_1.jpg,0139_3.jpg,0
monitor,cross_variable_variable,268,144,0268_1.jpg,0144_3.jpg,0
monitor,cross_variable_variable,268,145,0268_1.jpg,0145_3.jpg,0
monitor,cross_variable_variable,268,150,0268_1.jpg,0150_3.jpg,0
monitor,cross_variable_variable,268,160,0268_1.jpg,0160_3.jpg,0
monitor,cross_variable_variable,268,165,0268_1.jpg,0165_3.jpg,0
monitor,cross_variable_variable,268,166,0268_1.jpg,0166_3.jpg,0
monitor,cross_variable_variable,268,170,0268_1.jpg,0170_3.jpg,0
monitor,cross_variable_variable,268,174,0268_1.jpg,0174_3.jpg,0
monitor,cross_variable_variable,268,176,0268_1.jpg,0176_3.jpg,0
monitor,cross_variable_variable,268,193,0268_1.jpg,0193_3.jpg,0
monitor,cross_variable_variable,268,202,0268_1.jpg,0202_3.jpg,0
monitor,cross_variable_variable,268,205,0268_1.jpg,0205_3.jpg,0
monitor,cross_variable_variable,268,210,0268_1.jpg,0210_3.jpg,0
monitor,cross_variable_variable,268,218,0268_1.jpg,0218_3.jpg,0
monitor,cross_variable_variable,268,222,0268_1.jpg,0222_3.jpg,0
monitor,cross_variable_variable,268,238,0268_1.jpg,0238_3.jpg,0
monitor,cross_variable_variable,268,253,0268_1.jpg,0253_3.jpg,0
monitor,cross_variable_variable,268,254,0268_1.jpg,0254_3.jpg,0
monitor,cross_variable_variable,268,257,0268_1.jpg,0257_3.jpg,0
monitor,cross_variable_variable,268,258,0268_1.jpg,0258_3.jpg,0
monitor,cross_variable_variable,268,268,0268_1.jpg,0268_3.jpg,1
monitor,cross_variable_variable,268,269,0268_1.jpg,0269_3.jpg,0
monitor,cross_variable_variable,268,270,0268_1.jpg,0270_3.jpg,0
monitor,cross_variable_variable,268,277,0268_1.jpg,0277_3.jpg,0
monitor,cross_variable_variable,268,278,0268_1.jpg,0278_3.jpg,0
monitor,cross_variable_variable,269,5,0269_1.jpg,0005_3.jpg,0
monitor,cross_variable_variable,269,9,0269_1.jpg,0009_3.jpg,0
monitor,cross_variable_variable,269,10,0269_1.jpg,0010_3.jpg,0
monitor,cross_variable_variable,269,28,0269_1.jpg,0028_3.jpg,0
monitor,cross_variable_variable,269,32,0269_1.jpg,0032_3.jpg,0
monitor,cross_variable_variable,269,33,0269_1.jpg,0033_3.jpg,0
monitor,cross_variable_variable,269,34,0269_1.jpg,0034_3.jpg,0
monitor,cross_variable_variable,269,44,0269_1.jpg,0044_3.jpg,0
monitor,cross_variable_variable,269,51,0269_1.jpg,0051_3.jpg,0
monitor,cross_variable_variable,269,54,0269_1.jpg,0054_3.jpg,0
monitor,cross_variable_variable,269,63,0269_1.jpg,0063_3.jpg,0
monitor,cross_variable_variable,269,68,0269_1.jpg,0068_3.jpg,0
monitor,cross_variable_variable,269,69,0269_1.jpg,0069_3.jpg,0
monitor,cross_variable_variable,269,73,0269_1.jpg,0073_3.jpg,0
monitor,cross_variable_variable,269,95,0269_1.jpg,0095_3.jpg,0
monitor,cross_variable_variable,269,121,0269_1.jpg,0121_3.jpg,0
monitor,cross_variable_variable,269,128,0269_1.jpg,0128_3.jpg,0
monitor,cross_variable_variable,269,129,0269_1.jpg,0129_3.jpg,0
monitor,cross_variable_variable,269,131,0269_1.jpg,0131_3.jpg,0
monitor,cross_variable_variable,269,139,0269_1.jpg,0139_3.jpg,0
monitor,cross_variable_variable,269,144,0269_1.jpg,0144_3.jpg,0
monitor,cross_variable_variable,269,145,0269_1.jpg,0145_3.jpg,0
monitor,cross_variable_variable,269,150,0269_1.jpg,0150_3.jpg,0
monitor,cross_variable_variable,269,160,0269_1.jpg,0160_3.jpg,0
monitor,cross_variable_variable,269,165,0269_1.jpg,0165_3.jpg,0
monitor,cross_variable_variable,269,166,0269_1.jpg,0166_3.jpg,0
monitor,cross_variable_variable,269,170,0269_1.jpg,0170_3.jpg,0
monitor,cross_variable_variable,269,174,0269_1.jpg,0174_3.jpg,0
monitor,cross_variable_variable,269,176,0269_1.jpg,0176_3.jpg,0
monitor,cross_variable_variable,269,193,0269_1.jpg,0193_3.jpg,0
monitor,cross_variable_variable,269,202,0269_1.jpg,0202_3.jpg,0
monitor,cross_variable_variable,269,205,0269_1.jpg,0205_3.jpg,0
monitor,cross_variable_variable,269,210,0269_1.jpg,0210_3.jpg,0
monitor,cross_variable_variable,269,218,0269_1.jpg,0218_3.jpg,0
monitor,cross_variable_variable,269,222,0269_1.jpg,0222_3.jpg,0
monitor,cross_variable_variable,269,238,0269_1.jpg,0238_3.jpg,0
monitor,cross_variable_variable,269,253,0269_1.jpg,0253_3.jpg,0
monitor,cross_variable_variable,269,254,0269_1.jpg,0254_3.jpg,0
monitor,cross_variable_variable,269,257,0269_1.jpg,0257_3.jpg,0
monitor,cross_variable_variable,269,258,0269_1.jpg,0258_3.jpg,0
monitor,cross_variable_variable,269,268,0269_1.jpg,0268_3.jpg,0
monitor,cross_variable_variable,269,269,0269_1.jpg,0269_3.jpg,1
monitor,cross_variable_variable,269,270,0269_1.jpg,0270_3.jpg,0
monitor,cross_variable_variable,269,277,0269_1.jpg,0277_3.jpg,0
monitor,cross_variable_variable,269,278,0269_1.jpg,0278_3.jpg,0
monitor,cross_variable_variable,270,5,0270_1.jpg,0005_3.jpg,0
monitor,cross_variable_variable,270,9,0270_1.jpg,0009_3.jpg,0
monitor,cross_variable_variable,270,10,0270_1.jpg,0010_3.jpg,0
monitor,cross_variable_variable,270,28,0270_1.jpg,0028_3.jpg,0
monitor,cross_variable_variable,270,32,0270_1.jpg,0032_3.jpg,0
monitor,cross_variable_variable,270,33,0270_1.jpg,0033_3.jpg,0
monitor,cross_variable_variable,270,34,0270_1.jpg,0034_3.jpg,0
monitor,cross_variable_variable,270,44,0270_1.jpg,0044_3.jpg,0
monitor,cross_variable_variable,270,51,0270_1.jpg,0051_3.jpg,0
monitor,cross_variable_variable,270,54,0270_1.jpg,0054_3.jpg,0
monitor,cross_variable_variable,270,63,0270_1.jpg,0063_3.jpg,0
monitor,cross_variable_variable,270,68,0270_1.jpg,0068_3.jpg,0
monitor,cross_variable_variable,270,69,0270_1.jpg,0069_3.jpg,0
monitor,cross_variable_variable,270,73,0270_1.jpg,0073_3.jpg,0
monitor,cross_variable_variable,270,95,0270_1.jpg,0095_3.jpg,0
monitor,cross_variable_variable,270,121,0270_1.jpg,0121_3.jpg,0
monitor,cross_variable_variable,270,128,0270_1.jpg,0128_3.jpg,0
monitor,cross_variable_variable,270,129,0270_1.jpg,0129_3.jpg,0
monitor,cross_variable_variable,270,131,0270_1.jpg,0131_3.jpg,0
monitor,cross_variable_variable,270,139,0270_1.jpg,0139_3.jpg,0
monitor,cross_variable_variable,270,144,0270_1.jpg,0144_3.jpg,0
monitor,cross_variable_variable,270,145,0270_1.jpg,0145_3.jpg,0
monitor,cross_variable_variable,270,150,0270_1.jpg,0150_3.jpg,0
monitor,cross_variable_variable,270,160,0270_1.jpg,0160_3.jpg,0
monitor,cross_variable_variable,270,165,0270_1.jpg,0165_3.jpg,0
monitor,cross_variable_variable,270,166,0270_1.jpg,0166_3.jpg,0
monitor,cross_variable_variable,270,170,0270_1.jpg,0170_3.jpg,0
monitor,cross_variable_variable,270,174,0270_1.jpg,0174_3.jpg,0
monitor,cross_variable_variable,270,176,0270_1.jpg,0176_3.jpg,0
monitor,cross_variable_variable,270,193,0270_1.jpg,0193_3.jpg,0
monitor,cross_variable_variable,270,202,0270_1.jpg,0202_3.jpg,0
monitor,cross_variable_variable,270,205,0270_1.jpg,0205_3.jpg,0
monitor,cross_variable_variable,270,210,0270_1.jpg,0210_3.jpg,0
monitor,cross_variable_variable,270,218,0270_1.jpg,0218_3.jpg,0
monitor,cross_variable_variable,270,222,0270_1.jpg,0222_3.jpg,0
monitor,cross_variable_variable,270,238,0270_1.jpg,0238_3.jpg,0
monitor,cross_variable_variable,270,253,0270_1.jpg,0253_3.jpg,0
monitor,cross_variable_variable,270,254,0270_1.jpg,0254_3.jpg,0
monitor,cross_variable_variable,270,257,0270_1.jpg,0257_3.jpg,0
monitor,cross_variable_variable,270,258,0270_1.jpg,0258_3.jpg,0
monitor,cross_variable_variable,270,268,0270_1.jpg,0268_3.jpg,0
monitor,cross_variable_variable,270,269,0270_1.jpg,0269_3.jpg,0
monitor,cross_variable_variable,270,270,0270_1.jpg,0270_3.jpg,1
monitor,cross_variable_variable,270,277,0270_1.jpg,0277_3.jpg,0
monitor,cross_variable_variable,270,278,0270_1.jpg,0278_3.jpg,0
monitor,cross_variable_variable,277,5,0277_1.jpg,0005_3.jpg,0
monitor,cross_variable_variable,277,9,0277_1.jpg,0009_3.jpg,0
monitor,cross_variable_variable,277,10,0277_1.jpg,0010_3.jpg,0
monitor,cross_variable_variable,277,28,0277_1.jpg,0028_3.jpg,0
monitor,cross_variable_variable,277,32,0277_1.jpg,0032_3.jpg,0
monitor,cross_variable_variable,277,33,0277_1.jpg,0033_3.jpg,0
monitor,cross_variable_variable,277,34,0277_1.jpg,0034_3.jpg,0
monitor,cross_variable_variable,277,44,0277_1.jpg,0044_3.jpg,0
monitor,cross_variable_variable,277,51,0277_1.jpg,0051_3.jpg,0
monitor,cross_variable_variable,277,54,0277_1.jpg,0054_3.jpg,0
monitor,cross_variable_variable,277,63,0277_1.jpg,0063_3.jpg,0
monitor,cross_variable_variable,277,68,0277_1.jpg,0068_3.jpg,0
monitor,cross_variable_variable,277,69,0277_1.jpg,0069_3.jpg,0
monitor,cross_variable_variable,277,73,0277_1.jpg,0073_3.jpg,0
monitor,cross_variable_variable,277,95,0277_1.jpg,0095_3.jpg,0
monitor,cross_variable_variable,277,121,0277_1.jpg,0121_3.jpg,0
monitor,cross_variable_variable,277,128,0277_1.jpg,0128_3.jpg,0
monitor,cross_variable_variable,277,129,0277_1.jpg,0129_3.jpg,0
monitor,cross_variable_variable,277,131,0277_1.jpg,0131_3.jpg,0
monitor,cross_variable_variable,277,139,0277_1.jpg,0139_3.jpg,0
monitor,cross_variable_variable,277,144,0277_1.jpg,0144_3.jpg,0
monitor,cross_variable_variable,277,145,0277_1.jpg,0145_3.jpg,0
monitor,cross_variable_variable,277,150,0277_1.jpg,0150_3.jpg,0
monitor,cross_variable_variable,277,160,0277_1.jpg,0160_3.jpg,0
monitor,cross_variable_variable,277,165,0277_1.jpg,0165_3.jpg,0
monitor,cross_variable_variable,277,166,0277_1.jpg,0166_3.jpg,0
monitor,cross_variable_variable,277,170,0277_1.jpg,0170_3.jpg,0
monitor,cross_variable_variable,277,174,0277_1.jpg,0174_3.jpg,0
monitor,cross_variable_variable,277,176,0277_1.jpg,0176_3.jpg,0
monitor,cross_variable_variable,277,193,0277_1.jpg,0193_3.jpg,0
monitor,cross_variable_variable,277,202,0277_1.jpg,0202_3.jpg,0
monitor,cross_variable_variable,277,205,0277_1.jpg,0205_3.jpg,0
monitor,cross_variable_variable,277,210,0277_1.jpg,0210_3.jpg,0
monitor,cross_variable_variable,277,218,0277_1.jpg,0218_3.jpg,0
monitor,cross_variable_variable,277,222,0277_1.jpg,0222_3.jpg,0
monitor,cross_variable_variable,277,238,0277_1.jpg,0238_3.jpg,0
monitor,cross_variable_variable,277,253,0277_1.jpg,0253_3.jpg,0
monitor,cross_variable_variable,277,254,0277_1.jpg,0254_3.jpg,0
monitor,cross_variable_variable,277,257,0277_1.jpg,0257_3.jpg,0
monitor,cross_variable_variable,277,258,0277_1.jpg,0258_3.jpg,0
monitor,cross_variable_variable,277,268,0277_1.jpg,0268_3.jpg,0
monitor,cross_variable_variable,277,269,0277_1.jpg,0269_3.jpg,0
monitor,cross_variable_variable,277,270,0277_1.jpg,0270_3.jpg,0
monitor,cross_variable_variable,277,277,0277_1.jpg,0277_3.jpg,1
monitor,cross_variable_variable,277,278,0277_1.jpg,0278_3.jpg,0
monitor,cross_variable_variable,278,5,0278_1.jpg,0005_3.jpg,0
monitor,cross_variable_variable,278,9,0278_1.jpg,0009_3.jpg,0
monitor,cross_variable_variable,278,10,0278_1.jpg,0010_3.jpg,0
monitor,cross_variable_variable,278,28,0278_1.jpg,0028_3.jpg,0
monitor,cross_variable_variable,278,32,0278_1.jpg,0032_3.jpg,0
monitor,cross_variable_variable,278,33,0278_1.jpg,0033_3.jpg,0
monitor,cross_variable_variable,278,34,0278_1.jpg,0034_3.jpg,0
monitor,cross_variable_variable,278,44,0278_1.jpg,0044_3.jpg,0
monitor,cross_variable_variable,278,51,0278_1.jpg,0051_3.jpg,0
monitor,cross_variable_variable,278,54,0278_1.jpg,0054_3.jpg,0
monitor,cross_variable_variable,278,63,0278_1.jpg,0063_3.jpg,0
monitor,cross_variable_variable,278,68,0278_1.jpg,0068_3.jpg,0
monitor,cross_variable_variable,278,69,0278_1.jpg,0069_3.jpg,0
monitor,cross_variable_variable,278,73,0278_1.jpg,0073_3.jpg,0
monitor,cross_variable_variable,278,95,0278_1.jpg,0095_3.jpg,0
monitor,cross_variable_variable,278,121,0278_1.jpg,0121_3.jpg,0
monitor,cross_variable_variable,278,128,0278_1.jpg,0128_3.jpg,0
monitor,cross_variable_variable,278,129,0278_1.jpg,0129_3.jpg,0
monitor,cross_variable_variable,278,131,0278_1.jpg,0131_3.jpg,0
monitor,cross_variable_variable,278,139,0278_1.jpg,0139_3.jpg,0
monitor,cross_variable_variable,278,144,0278_1.jpg,0144_3.jpg,0
monitor,cross_variable_variable,278,145,0278_1.jpg,0145_3.jpg,0
monitor,cross_variable_variable,278,150,0278_1.jpg,0150_3.jpg,0
monitor,cross_variable_variable,278,160,0278_1.jpg,0160_3.jpg,0
monitor,cross_variable_variable,278,165,0278_1.jpg,0165_3.jpg,0
monitor,cross_variable_variable,278,166,0278_1.jpg,0166_3.jpg,0
monitor,cross_variable_variable,278,170,0278_1.jpg,0170_3.jpg,0
monitor,cross_variable_variable,278,174,0278_1.jpg,0174_3.jpg,0
monitor,cross_variable_variable,278,176,0278_1.jpg,0176_3.jpg,0
monitor,cross_variable_variable,278,193,0278_1.jpg,0193_3.jpg,0
monitor,cross_variable_variable,278,202,0278_1.jpg,0202_3.jpg,0
monitor,cross_variable_variable,278,205,0278_1.jpg,0205_3.jpg,0
monitor,cross_variable_variable,278,210,0278_1.jpg,0210_3.jpg,0
monitor,cross_variable_variable,278,218,0278_1.jpg,0218_3.jpg,0
monitor,cross_variable_variable,278,222,0278_1.jpg,0222_3.jpg,0
monitor,cross_variable_variable,278,238,0278_1.jpg,0238_3.jpg,0
monitor,cross_variable_variable,278,253,0278_1.jpg,0253_3.jpg,0
monitor,cross_variable_variable,278,254,0278_1.jpg,0254_3.jpg,0
monitor,cross_variable_variable,278,257,0278_1.jpg,0257_3.jpg,0
monitor,cross_variable_variable,278,258,0278_1.jpg,0258_3.jpg,0
monitor,cross_variable_variable,278,268,0278_1.jpg,0268_3.jpg,0
monitor,cross_variable_variable,278,269,0278_1.jpg,0269_3.jpg,0
monitor,cross_variable_variable,278,270,0278_1.jpg,0270_3.jpg,0
monitor,cross_variable_variable,278,277,0278_1.jpg,0277_3.jpg,0
monitor,cross_variable_variable,278,278,0278_1.jpg,0278_3.jpg,1
monitor,cross_variable_same,5,5,0005_1.jpg,0005_4.jpg,1
monitor,cross_variable_same,5,9,0005_1.jpg,0009_4.jpg,0
monitor,cross_variable_same,5,10,0005_1.jpg,0010_4.jpg,0
monitor,cross_variable_same,5,28,0005_1.jpg,0028_4.jpg,0
monitor,cross_variable_same,5,32,0005_1.jpg,0032_4.jpg,0
monitor,cross_variable_same,5,33,0005_1.jpg,0033_4.jpg,0
monitor,cross_variable_same,5,34,0005_1.jpg,0034_4.jpg,0
monitor,cross_variable_same,5,44,0005_1.jpg,0044_4.jpg,0
monitor,cross_variable_same,5,51,0005_1.jpg,0051_4.jpg,0
monitor,cross_variable_same,5,54,0005_1.jpg,0054_4.jpg,0
monitor,cross_variable_same,5,63,0005_1.jpg,0063_4.jpg,0
monitor,cross_variable_same,5,68,0005_1.jpg,0068_4.jpg,0
monitor,cross_variable_same,5,69,0005_1.jpg,0069_4.jpg,0
monitor,cross_variable_same,5,73,0005_1.jpg,0073_4.jpg,0
monitor,cross_variable_same,5,95,0005_1.jpg,0095_4.jpg,0
monitor,cross_variable_same,5,121,0005_1.jpg,0121_4.jpg,0
monitor,cross_variable_same,5,128,0005_1.jpg,0128_4.jpg,0
monitor,cross_variable_same,5,129,0005_1.jpg,0129_4.jpg,0
monitor,cross_variable_same,5,131,0005_1.jpg,0131_4.jpg,0
monitor,cross_variable_same,5,139,0005_1.jpg,0139_4.jpg,0
monitor,cross_variable_same,5,144,0005_1.jpg,0144_4.jpg,0
monitor,cross_variable_same,5,145,0005_1.jpg,0145_4.jpg,0
monitor,cross_variable_same,5,150,0005_1.jpg,0150_4.jpg,0
monitor,cross_variable_same,5,160,0005_1.jpg,0160_4.jpg,0
monitor,cross_variable_same,5,165,0005_1.jpg,0165_4.jpg,0
monitor,cross_variable_same,5,166,0005_1.jpg,0166_4.jpg,0
monitor,cross_variable_same,5,170,0005_1.jpg,0170_4.jpg,0
monitor,cross_variable_same,5,174,0005_1.jpg,0174_4.jpg,0
monitor,cross_variable_same,5,176,0005_1.jpg,0176_4.jpg,0
monitor,cross_variable_same,5,193,0005_1.jpg,0193_4.jpg,0
monitor,cross_variable_same,5,202,0005_1.jpg,0202_4.jpg,0
monitor,cross_variable_same,5,205,0005_1.jpg,0205_4.jpg,0
monitor,cross_variable_same,5,210,0005_1.jpg,0210_4.jpg,0
monitor,cross_variable_same,5,218,0005_1.jpg,0218_4.jpg,0
monitor,cross_variable_same,5,222,0005_1.jpg,0222_4.jpg,0
monitor,cross_variable_same,5,238,0005_1.jpg,0238_4.jpg,0
monitor,cross_variable_same,5,253,0005_1.jpg,0253_4.jpg,0
monitor,cross_variable_same,5,254,0005_1.jpg,0254_4.jpg,0
monitor,cross_variable_same,5,257,0005_1.jpg,0257_4.jpg,0
monitor,cross_variable_same,5,258,0005_1.jpg,0258_4.jpg,0
monitor,cross_variable_same,5,268,0005_1.jpg,0268_4.jpg,0
monitor,cross_variable_same,5,269,0005_1.jpg,0269_4.jpg,0
monitor,cross_variable_same,5,270,0005_1.jpg,0270_4.jpg,0
monitor,cross_variable_same,5,277,0005_1.jpg,0277_4.jpg,0
monitor,cross_variable_same,5,278,0005_1.jpg,0278_4.jpg,0
monitor,cross_variable_same,9,5,0009_1.jpg,0005_4.jpg,0
monitor,cross_variable_same,9,9,0009_1.jpg,0009_4.jpg,1
monitor,cross_variable_same,9,10,0009_1.jpg,0010_4.jpg,0
monitor,cross_variable_same,9,28,0009_1.jpg,0028_4.jpg,0
monitor,cross_variable_same,9,32,0009_1.jpg,0032_4.jpg,0
monitor,cross_variable_same,9,33,0009_1.jpg,0033_4.jpg,0
monitor,cross_variable_same,9,34,0009_1.jpg,0034_4.jpg,0
monitor,cross_variable_same,9,44,0009_1.jpg,0044_4.jpg,0
monitor,cross_variable_same,9,51,0009_1.jpg,0051_4.jpg,0
monitor,cross_variable_same,9,54,0009_1.jpg,0054_4.jpg,0
monitor,cross_variable_same,9,63,0009_1.jpg,0063_4.jpg,0
monitor,cross_variable_same,9,68,0009_1.jpg,0068_4.jpg,0
monitor,cross_variable_same,9,69,0009_1.jpg,0069_4.jpg,0
monitor,cross_variable_same,9,73,0009_1.jpg,0073_4.jpg,0
monitor,cross_variable_same,9,95,0009_1.jpg,0095_4.jpg,0
monitor,cross_variable_same,9,121,0009_1.jpg,0121_4.jpg,0
monitor,cross_variable_same,9,128,0009_1.jpg,0128_4.jpg,0
monitor,cross_variable_same,9,129,0009_1.jpg,0129_4.jpg,0
monitor,cross_variable_same,9,131,0009_1.jpg,0131_4.jpg,0
monitor,cross_variable_same,9,139,0009_1.jpg,0139_4.jpg,0
monitor,cross_variable_same,9,144,0009_1.jpg,0144_4.jpg,0
monitor,cross_variable_same,9,145,0009_1.jpg,0145_4.jpg,0
monitor,cross_variable_same,9,150,0009_1.jpg,0150_4.jpg,0
monitor,cross_variable_same,9,160,0009_1.jpg,0160_4.jpg,0
monitor,cross_variable_same,9,165,0009_1.jpg,0165_4.jpg,0
monitor,cross_variable_same,9,166,0009_1.jpg,0166_4.jpg,0
monitor,cross_variable_same,9,170,0009_1.jpg,0170_4.jpg,0
monitor,cross_variable_same,9,174,0009_1.jpg,0174_4.jpg,0
monitor,cross_variable_same,9,176,0009_1.jpg,0176_4.jpg,0
monitor,cross_variable_same,9,193,0009_1.jpg,0193_4.jpg,0
monitor,cross_variable_same,9,202,0009_1.jpg,0202_4.jpg,0
monitor,cross_variable_same,9,205,0009_1.jpg,0205_4.jpg,0
monitor,cross_variable_same,9,210,0009_1.jpg,0210_4.jpg,0
monitor,cross_variable_same,9,218,0009_1.jpg,0218_4.jpg,0
monitor,cross_variable_same,9,222,0009_1.jpg,0222_4.jpg,0
monitor,cross_variable_same,9,238,0009_1.jpg,0238_4.jpg,0
monitor,cross_variable_same,9,253,0009_1.jpg,0253_4.jpg,0
monitor,cross_variable_same,9,254,0009_1.jpg,0254_4.jpg,0
monitor,cross_variable_same,9,257,0009_1.jpg,0257_4.jpg,0
monitor,cross_variable_same,9,258,0009_1.jpg,0258_4.jpg,0
monitor,cross_variable_same,9,268,0009_1.jpg,0268_4.jpg,0
monitor,cross_variable_same,9,269,0009_1.jpg,0269_4.jpg,0
monitor,cross_variable_same,9,270,0009_1.jpg,0270_4.jpg,0
monitor,cross_variable_same,9,277,0009_1.jpg,0277_4.jpg,0
monitor,cross_variable_same,9,278,0009_1.jpg,0278_4.jpg,0
monitor,cross_variable_same,10,5,0010_1.jpg,0005_4.jpg,0
monitor,cross_variable_same,10,9,0010_1.jpg,0009_4.jpg,0
monitor,cross_variable_same,10,10,0010_1.jpg,0010_4.jpg,1
monitor,cross_variable_same,10,28,0010_1.jpg,0028_4.jpg,0
monitor,cross_variable_same,10,32,0010_1.jpg,0032_4.jpg,0
monitor,cross_variable_same,10,33,0010_1.jpg,0033_4.jpg,0
monitor,cross_variable_same,10,34,0010_1.jpg,0034_4.jpg,0
monitor,cross_variable_same,10,44,0010_1.jpg,0044_4.jpg,0
monitor,cross_variable_same,10,51,0010_1.jpg,0051_4.jpg,0
monitor,cross_variable_same,10,54,0010_1.jpg,0054_4.jpg,0
monitor,cross_variable_same,10,63,0010_1.jpg,0063_4.jpg,0
monitor,cross_variable_same,10,68,0010_1.jpg,0068_4.jpg,0
monitor,cross_variable_same,10,69,0010_1.jpg,0069_4.jpg,0
monitor,cross_variable_same,10,73,0010_1.jpg,0073_4.jpg,0
monitor,cross_variable_same,10,95,0010_1.jpg,0095_4.jpg,0
monitor,cross_variable_same,10,121,0010_1.jpg,0121_4.jpg,0
monitor,cross_variable_same,10,128,0010_1.jpg,0128_4.jpg,0
monitor,cross_variable_same,10,129,0010_1.jpg,0129_4.jpg,0
monitor,cross_variable_same,10,131,0010_1.jpg,0131_4.jpg,0
monitor,cross_variable_same,10,139,0010_1.jpg,0139_4.jpg,0
monitor,cross_variable_same,10,144,0010_1.jpg,0144_4.jpg,0
monitor,cross_variable_same,10,145,0010_1.jpg,0145_4.jpg,0
monitor,cross_variable_same,10,150,0010_1.jpg,0150_4.jpg,0
monitor,cross_variable_same,10,160,0010_1.jpg,0160_4.jpg,0
monitor,cross_variable_same,10,165,0010_1.jpg,0165_4.jpg,0
monitor,cross_variable_same,10,166,0010_1.jpg,0166_4.jpg,0
monitor,cross_variable_same,10,170,0010_1.jpg,0170_4.jpg,0
monitor,cross_variable_same,10,174,0010_1.jpg,0174_4.jpg,0
monitor,cross_variable_same,10,176,0010_1.jpg,0176_4.jpg,0
monitor,cross_variable_same,10,193,0010_1.jpg,0193_4.jpg,0
monitor,cross_variable_same,10,202,0010_1.jpg,0202_4.jpg,0
monitor,cross_variable_same,10,205,0010_1.jpg,0205_4.jpg,0
monitor,cross_variable_same,10,210,0010_1.jpg,0210_4.jpg,0
monitor,cross_variable_same,10,218,0010_1.jpg,0218_4.jpg,0
monitor,cross_variable_same,10,222,0010_1.jpg,0222_4.jpg,0
monitor,cross_variable_same,10,238,0010_1.jpg,0238_4.jpg,0
monitor,cross_variable_same,10,253,0010_1.jpg,0253_4.jpg,0
monitor,cross_variable_same,10,254,0010_1.jpg,0254_4.jpg,0
monitor,cross_variable_same,10,257,0010_1.jpg,0257_4.jpg,0
monitor,cross_variable_same,10,258,0010_1.jpg,0258_4.jpg,0
monitor,cross_variable_same,10,268,0010_1.jpg,0268_4.jpg,0
monitor,cross_variable_same,10,269,0010_1.jpg,0269_4.jpg,0
monitor,cross_variable_same,10,270,0010_1.jpg,0270_4.jpg,0
monitor,cross_variable_same,10,277,0010_1.jpg,0277_4.jpg,0
monitor,cross_variable_same,10,278,0010_1.jpg,0278_4.jpg,0
monitor,cross_variable_same,28,5,0028_1.jpg,0005_4.jpg,0
monitor,cross_variable_same,28,9,0028_1.jpg,0009_4.jpg,0
monitor,cross_variable_same,28,10,0028_1.jpg,0010_4.jpg,0
monitor,cross_variable_same,28,28,0028_1.jpg,0028_4.jpg,1
monitor,cross_variable_same,28,32,0028_1.jpg,0032_4.jpg,0
monitor,cross_variable_same,28,33,0028_1.jpg,0033_4.jpg,0
monitor,cross_variable_same,28,34,0028_1.jpg,0034_4.jpg,0
monitor,cross_variable_same,28,44,0028_1.jpg,0044_4.jpg,0
monitor,cross_variable_same,28,51,0028_1.jpg,0051_4.jpg,0
monitor,cross_variable_same,28,54,0028_1.jpg,0054_4.jpg,0
monitor,cross_variable_same,28,63,0028_1.jpg,0063_4.jpg,0
monitor,cross_variable_same,28,68,0028_1.jpg,0068_4.jpg,0
monitor,cross_variable_same,28,69,0028_1.jpg,0069_4.jpg,0
monitor,cross_variable_same,28,73,0028_1.jpg,0073_4.jpg,0
monitor,cross_variable_same,28,95,0028_1.jpg,0095_4.jpg,0
monitor,cross_variable_same,28,121,0028_1.jpg,0121_4.jpg,0
monitor,cross_variable_same,28,128,0028_1.jpg,0128_4.jpg,0
monitor,cross_variable_same,28,129,0028_1.jpg,0129_4.jpg,0
monitor,cross_variable_same,28,131,0028_1.jpg,0131_4.jpg,0
monitor,cross_variable_same,28,139,0028_1.jpg,0139_4.jpg,0
monitor,cross_variable_same,28,144,0028_1.jpg,0144_4.jpg,0
monitor,cross_variable_same,28,145,0028_1.jpg,0145_4.jpg,0
monitor,cross_variable_same,28,150,0028_1.jpg,0150_4.jpg,0
monitor,cross_variable_same,28,160,0028_1.jpg,0160_4.jpg,0
monitor,cross_variable_same,28,165,0028_1.jpg,0165_4.jpg,0
monitor,cross_variable_same,28,166,0028_1.jpg,0166_4.jpg,0
monitor,cross_variable_same,28,170,0028_1.jpg,0170_4.jpg,0
monitor,cross_variable_same,28,174,0028_1.jpg,0174_4.jpg,0
monitor,cross_variable_same,28,176,0028_1.jpg,0176_4.jpg,0
monitor,cross_variable_same,28,193,0028_1.jpg,0193_4.jpg,0
monitor,cross_variable_same,28,202,0028_1.jpg,0202_4.jpg,0
monitor,cross_variable_same,28,205,0028_1.jpg,0205_4.jpg,0
monitor,cross_variable_same,28,210,0028_1.jpg,0210_4.jpg,0
monitor,cross_variable_same,28,218,0028_1.jpg,0218_4.jpg,0
monitor,cross_variable_same,28,222,0028_1.jpg,0222_4.jpg,0
monitor,cross_variable_same,28,238,0028_1.jpg,0238_4.jpg,0
monitor,cross_variable_same,28,253,0028_1.jpg,0253_4.jpg,0
monitor,cross_variable_same,28,254,0028_1.jpg,0254_4.jpg,0
monitor,cross_variable_same,28,257,0028_1.jpg,0257_4.jpg,0
monitor,cross_variable_same,28,258,0028_1.jpg,0258_4.jpg,0
monitor,cross_variable_same,28,268,0028_1.jpg,0268_4.jpg,0
monitor,cross_variable_same,28,269,0028_1.jpg,0269_4.jpg,0
monitor,cross_variable_same,28,270,0028_1.jpg,0270_4.jpg,0
monitor,cross_variable_same,28,277,0028_1.jpg,0277_4.jpg,0
monitor,cross_variable_same,28,278,0028_1.jpg,0278_4.jpg,0
monitor,cross_variable_same,32,5,0032_1.jpg,0005_4.jpg,0
monitor,cross_variable_same,32,9,0032_1.jpg,0009_4.jpg,0
monitor,cross_variable_same,32,10,0032_1.jpg,0010_4.jpg,0
monitor,cross_variable_same,32,28,0032_1.jpg,0028_4.jpg,0
monitor,cross_variable_same,32,32,0032_1.jpg,0032_4.jpg,1
monitor,cross_variable_same,32,33,0032_1.jpg,0033_4.jpg,0
monitor,cross_variable_same,32,34,0032_1.jpg,0034_4.jpg,0
monitor,cross_variable_same,32,44,0032_1.jpg,0044_4.jpg,0
monitor,cross_variable_same,32,51,0032_1.jpg,0051_4.jpg,0
monitor,cross_variable_same,32,54,0032_1.jpg,0054_4.jpg,0
monitor,cross_variable_same,32,63,0032_1.jpg,0063_4.jpg,0
monitor,cross_variable_same,32,68,0032_1.jpg,0068_4.jpg,0
monitor,cross_variable_same,32,69,0032_1.jpg,0069_4.jpg,0
monitor,cross_variable_same,32,73,0032_1.jpg,0073_4.jpg,0
monitor,cross_variable_same,32,95,0032_1.jpg,0095_4.jpg,0
monitor,cross_variable_same,32,121,0032_1.jpg,0121_4.jpg,0
monitor,cross_variable_same,32,128,0032_1.jpg,0128_4.jpg,0
monitor,cross_variable_same,32,129,0032_1.jpg,0129_4.jpg,0
monitor,cross_variable_same,32,131,0032_1.jpg,0131_4.jpg,0
monitor,cross_variable_same,32,139,0032_1.jpg,0139_4.jpg,0
monitor,cross_variable_same,32,144,0032_1.jpg,0144_4.jpg,0
monitor,cross_variable_same,32,145,0032_1.jpg,0145_4.jpg,0
monitor,cross_variable_same,32,150,0032_1.jpg,0150_4.jpg,0
monitor,cross_variable_same,32,160,0032_1.jpg,0160_4.jpg,0
monitor,cross_variable_same,32,165,0032_1.jpg,0165_4.jpg,0
monitor,cross_variable_same,32,166,0032_1.jpg,0166_4.jpg,0
monitor,cross_variable_same,32,170,0032_1.jpg,0170_4.jpg,0
monitor,cross_variable_same,32,174,0032_1.jpg,0174_4.jpg,0
monitor,cross_variable_same,32,176,0032_1.jpg,0176_4.jpg,0
monitor,cross_variable_same,32,193,0032_1.jpg,0193_4.jpg,0
monitor,cross_variable_same,32,202,0032_1.jpg,0202_4.jpg,0
monitor,cross_variable_same,32,205,0032_1.jpg,0205_4.jpg,0
monitor,cross_variable_same,32,210,0032_1.jpg,0210_4.jpg,0
monitor,cross_variable_same,32,218,0032_1.jpg,0218_4.jpg,0
monitor,cross_variable_same,32,222,0032_1.jpg,0222_4.jpg,0
monitor,cross_variable_same,32,238,0032_1.jpg,0238_4.jpg,0
monitor,cross_variable_same,32,253,0032_1.jpg,0253_4.jpg,0
monitor,cross_variable_same,32,254,0032_1.jpg,0254_4.jpg,0
monitor,cross_variable_same,32,257,0032_1.jpg,0257_4.jpg,0
monitor,cross_variable_same,32,258,0032_1.jpg,0258_4.jpg,0
monitor,cross_variable_same,32,268,0032_1.jpg,0268_4.jpg,0
monitor,cross_variable_same,32,269,0032_1.jpg,0269_4.jpg,0
monitor,cross_variable_same,32,270,0032_1.jpg,0270_4.jpg,0
monitor,cross_variable_same,32,277,0032_1.jpg,0277_4.jpg,0
monitor,cross_variable_same,32,278,0032_1.jpg,0278_4.jpg,0
monitor,cross_variable_same,33,5,0033_1.jpg,0005_4.jpg,0
monitor,cross_variable_same,33,9,0033_1.jpg,0009_4.jpg,0
monitor,cross_variable_same,33,10,0033_1.jpg,0010_4.jpg,0
monitor,cross_variable_same,33,28,0033_1.jpg,0028_4.jpg,0
monitor,cross_variable_same,33,32,0033_1.jpg,0032_4.jpg,0
monitor,cross_variable_same,33,33,0033_1.jpg,0033_4.jpg,1
monitor,cross_variable_same,33,34,0033_1.jpg,0034_4.jpg,0
monitor,cross_variable_same,33,44,0033_1.jpg,0044_4.jpg,0
monitor,cross_variable_same,33,51,0033_1.jpg,0051_4.jpg,0
monitor,cross_variable_same,33,54,0033_1.jpg,0054_4.jpg,0
monitor,cross_variable_same,33,63,0033_1.jpg,0063_4.jpg,0
monitor,cross_variable_same,33,68,0033_1.jpg,0068_4.jpg,0
monitor,cross_variable_same,33,69,0033_1.jpg,0069_4.jpg,0
monitor,cross_variable_same,33,73,0033_1.jpg,0073_4.jpg,0
monitor,cross_variable_same,33,95,0033_1.jpg,0095_4.jpg,0
monitor,cross_variable_same,33,121,0033_1.jpg,0121_4.jpg,0
monitor,cross_variable_same,33,128,0033_1.jpg,0128_4.jpg,0
monitor,cross_variable_same,33,129,0033_1.jpg,0129_4.jpg,0
monitor,cross_variable_same,33,131,0033_1.jpg,0131_4.jpg,0
monitor,cross_variable_same,33,139,0033_1.jpg,0139_4.jpg,0
monitor,cross_variable_same,33,144,0033_1.jpg,0144_4.jpg,0
monitor,cross_variable_same,33,145,0033_1.jpg,0145_4.jpg,0
monitor,cross_variable_same,33,150,0033_1.jpg,0150_4.jpg,0
monitor,cross_variable_same,33,160,0033_1.jpg,0160_4.jpg,0
monitor,cross_variable_same,33,165,0033_1.jpg,0165_4.jpg,0
monitor,cross_variable_same,33,166,0033_1.jpg,0166_4.jpg,0
monitor,cross_variable_same,33,170,0033_1.jpg,0170_4.jpg,0
monitor,cross_variable_same,33,174,0033_1.jpg,0174_4.jpg,0
monitor,cross_variable_same,33,176,0033_1.jpg,0176_4.jpg,0
monitor,cross_variable_same,33,193,0033_1.jpg,0193_4.jpg,0
monitor,cross_variable_same,33,202,0033_1.jpg,0202_4.jpg,0
monitor,cross_variable_same,33,205,0033_1.jpg,0205_4.jpg,0
monitor,cross_variable_same,33,210,0033_1.jpg,0210_4.jpg,0
monitor,cross_variable_same,33,218,0033_1.jpg,0218_4.jpg,0
monitor,cross_variable_same,33,222,0033_1.jpg,0222_4.jpg,0
monitor,cross_variable_same,33,238,0033_1.jpg,0238_4.jpg,0
monitor,cross_variable_same,33,253,0033_1.jpg,0253_4.jpg,0
monitor,cross_variable_same,33,254,0033_1.jpg,0254_4.jpg,0
monitor,cross_variable_same,33,257,0033_1.jpg,0257_4.jpg,0
monitor,cross_variable_same,33,258,0033_1.jpg,0258_4.jpg,0
monitor,cross_variable_same,33,268,0033_1.jpg,0268_4.jpg,0
monitor,cross_variable_same,33,269,0033_1.jpg,0269_4.jpg,0
monitor,cross_variable_same,33,270,0033_1.jpg,0270_4.jpg,0
monitor,cross_variable_same,33,277,0033_1.jpg,0277_4.jpg,0
monitor,cross_variable_same,33,278,0033_1.jpg,0278_4.jpg,0
monitor,cross_variable_same,34,5,0034_1.jpg,0005_4.jpg,0
monitor,cross_variable_same,34,9,0034_1.jpg,0009_4.jpg,0
monitor,cross_variable_same,34,10,0034_1.jpg,0010_4.jpg,0
monitor,cross_variable_same,34,28,0034_1.jpg,0028_4.jpg,0
monitor,cross_variable_same,34,32,0034_1.jpg,0032_4.jpg,0
monitor,cross_variable_same,34,33,0034_1.jpg,0033_4.jpg,0
monitor,cross_variable_same,34,34,0034_1.jpg,0034_4.jpg,1
monitor,cross_variable_same,34,44,0034_1.jpg,0044_4.jpg,0
monitor,cross_variable_same,34,51,0034_1.jpg,0051_4.jpg,0
monitor,cross_variable_same,34,54,0034_1.jpg,0054_4.jpg,0
monitor,cross_variable_same,34,63,0034_1.jpg,0063_4.jpg,0
monitor,cross_variable_same,34,68,0034_1.jpg,0068_4.jpg,0
monitor,cross_variable_same,34,69,0034_1.jpg,0069_4.jpg,0
monitor,cross_variable_same,34,73,0034_1.jpg,0073_4.jpg,0
monitor,cross_variable_same,34,95,0034_1.jpg,0095_4.jpg,0
monitor,cross_variable_same,34,121,0034_1.jpg,0121_4.jpg,0
monitor,cross_variable_same,34,128,0034_1.jpg,0128_4.jpg,0
monitor,cross_variable_same,34,129,0034_1.jpg,0129_4.jpg,0
monitor,cross_variable_same,34,131,0034_1.jpg,0131_4.jpg,0
monitor,cross_variable_same,34,139,0034_1.jpg,0139_4.jpg,0
monitor,cross_variable_same,34,144,0034_1.jpg,0144_4.jpg,0
monitor,cross_variable_same,34,145,0034_1.jpg,0145_4.jpg,0
monitor,cross_variable_same,34,150,0034_1.jpg,0150_4.jpg,0
monitor,cross_variable_same,34,160,0034_1.jpg,0160_4.jpg,0
monitor,cross_variable_same,34,165,0034_1.jpg,0165_4.jpg,0
monitor,cross_variable_same,34,166,0034_1.jpg,0166_4.jpg,0
monitor,cross_variable_same,34,170,0034_1.jpg,0170_4.jpg,0
monitor,cross_variable_same,34,174,0034_1.jpg,0174_4.jpg,0
monitor,cross_variable_same,34,176,0034_1.jpg,0176_4.jpg,0
monitor,cross_variable_same,34,193,0034_1.jpg,0193_4.jpg,0
monitor,cross_variable_same,34,202,0034_1.jpg,0202_4.jpg,0
monitor,cross_variable_same,34,205,0034_1.jpg,0205_4.jpg,0
monitor,cross_variable_same,34,210,0034_1.jpg,0210_4.jpg,0
monitor,cross_variable_same,34,218,0034_1.jpg,0218_4.jpg,0
monitor,cross_variable_same,34,222,0034_1.jpg,0222_4.jpg,0
monitor,cross_variable_same,34,238,0034_1.jpg,0238_4.jpg,0
monitor,cross_variable_same,34,253,0034_1.jpg,0253_4.jpg,0
monitor,cross_variable_same,34,254,0034_1.jpg,0254_4.jpg,0
monitor,cross_variable_same,34,257,0034_1.jpg,0257_4.jpg,0
monitor,cross_variable_same,34,258,0034_1.jpg,0258_4.jpg,0
monitor,cross_variable_same,34,268,0034_1.jpg,0268_4.jpg,0
monitor,cross_variable_same,34,269,0034_1.jpg,0269_4.jpg,0
monitor,cross_variable_same,34,270,0034_1.jpg,0270_4.jpg,0
monitor,cross_variable_same,34,277,0034_1.jpg,0277_4.jpg,0
monitor,cross_variable_same,34,278,0034_1.jpg,0278_4.jpg,0
monitor,cross_variable_same,44,5,0044_1.jpg,0005_4.jpg,0
monitor,cross_variable_same,44,9,0044_1.jpg,0009_4.jpg,0
monitor,cross_variable_same,44,10,0044_1.jpg,0010_4.jpg,0
monitor,cross_variable_same,44,28,0044_1.jpg,0028_4.jpg,0
monitor,cross_variable_same,44,32,0044_1.jpg,0032_4.jpg,0
monitor,cross_variable_same,44,33,0044_1.jpg,0033_4.jpg,0
monitor,cross_variable_same,44,34,0044_1.jpg,0034_4.jpg,0
monitor,cross_variable_same,44,44,0044_1.jpg,0044_4.jpg,1
monitor,cross_variable_same,44,51,0044_1.jpg,0051_4.jpg,0
monitor,cross_variable_same,44,54,0044_1.jpg,0054_4.jpg,0
monitor,cross_variable_same,44,63,0044_1.jpg,0063_4.jpg,0
monitor,cross_variable_same,44,68,0044_1.jpg,0068_4.jpg,0
monitor,cross_variable_same,44,69,0044_1.jpg,0069_4.jpg,0
monitor,cross_variable_same,44,73,0044_1.jpg,0073_4.jpg,0
monitor,cross_variable_same,44,95,0044_1.jpg,0095_4.jpg,0
monitor,cross_variable_same,44,121,0044_1.jpg,0121_4.jpg,0
monitor,cross_variable_same,44,128,0044_1.jpg,0128_4.jpg,0
monitor,cross_variable_same,44,129,0044_1.jpg,0129_4.jpg,0
monitor,cross_variable_same,44,131,0044_1.jpg,0131_4.jpg,0
monitor,cross_variable_same,44,139,0044_1.jpg,0139_4.jpg,0
monitor,cross_variable_same,44,144,0044_1.jpg,0144_4.jpg,0
monitor,cross_variable_same,44,145,0044_1.jpg,0145_4.jpg,0
monitor,cross_variable_same,44,150,0044_1.jpg,0150_4.jpg,0
monitor,cross_variable_same,44,160,0044_1.jpg,0160_4.jpg,0
monitor,cross_variable_same,44,165,0044_1.jpg,0165_4.jpg,0
monitor,cross_variable_same,44,166,0044_1.jpg,0166_4.jpg,0
monitor,cross_variable_same,44,170,0044_1.jpg,0170_4.jpg,0
monitor,cross_variable_same,44,174,0044_1.jpg,0174_4.jpg,0
monitor,cross_variable_same,44,176,0044_1.jpg,0176_4.jpg,0
monitor,cross_variable_same,44,193,0044_1.jpg,0193_4.jpg,0
monitor,cross_variable_same,44,202,0044_1.jpg,0202_4.jpg,0
monitor,cross_variable_same,44,205,0044_1.jpg,0205_4.jpg,0
monitor,cross_variable_same,44,210,0044_1.jpg,0210_4.jpg,0
monitor,cross_variable_same,44,218,0044_1.jpg,0218_4.jpg,0
monitor,cross_variable_same,44,222,0044_1.jpg,0222_4.jpg,0
monitor,cross_variable_same,44,238,0044_1.jpg,0238_4.jpg,0
monitor,cross_variable_same,44,253,0044_1.jpg,0253_4.jpg,0
monitor,cross_variable_same,44,254,0044_1.jpg,0254_4.jpg,0
monitor,cross_variable_same,44,257,0044_1.jpg,0257_4.jpg,0
monitor,cross_variable_same,44,258,0044_1.jpg,0258_4.jpg,0
monitor,cross_variable_same,44,268,0044_1.jpg,0268_4.jpg,0
monitor,cross_variable_same,44,269,0044_1.jpg,0269_4.jpg,0
monitor,cross_variable_same,44,270,0044_1.jpg,0270_4.jpg,0
monitor,cross_variable_same,44,277,0044_1.jpg,0277_4.jpg,0
monitor,cross_variable_same,44,278,0044_1.jpg,0278_4.jpg,0
monitor,cross_variable_same,51,5,0051_1.jpg,0005_4.jpg,0
monitor,cross_variable_same,51,9,0051_1.jpg,0009_4.jpg,0
monitor,cross_variable_same,51,10,0051_1.jpg,0010_4.jpg,0
monitor,cross_variable_same,51,28,0051_1.jpg,0028_4.jpg,0
monitor,cross_variable_same,51,32,0051_1.jpg,0032_4.jpg,0
monitor,cross_variable_same,51,33,0051_1.jpg,0033_4.jpg,0
monitor,cross_variable_same,51,34,0051_1.jpg,0034_4.jpg,0
monitor,cross_variable_same,51,44,0051_1.jpg,0044_4.jpg,0
monitor,cross_variable_same,51,51,0051_1.jpg,0051_4.jpg,1
monitor,cross_variable_same,51,54,0051_1.jpg,0054_4.jpg,0
monitor,cross_variable_same,51,63,0051_1.jpg,0063_4.jpg,0
monitor,cross_variable_same,51,68,0051_1.jpg,0068_4.jpg,0
monitor,cross_variable_same,51,69,0051_1.jpg,0069_4.jpg,0
monitor,cross_variable_same,51,73,0051_1.jpg,0073_4.jpg,0
monitor,cross_variable_same,51,95,0051_1.jpg,0095_4.jpg,0
monitor,cross_variable_same,51,121,0051_1.jpg,0121_4.jpg,0
monitor,cross_variable_same,51,128,0051_1.jpg,0128_4.jpg,0
monitor,cross_variable_same,51,129,0051_1.jpg,0129_4.jpg,0
monitor,cross_variable_same,51,131,0051_1.jpg,0131_4.jpg,0
monitor,cross_variable_same,51,139,0051_1.jpg,0139_4.jpg,0
monitor,cross_variable_same,51,144,0051_1.jpg,0144_4.jpg,0
monitor,cross_variable_same,51,145,0051_1.jpg,0145_4.jpg,0
monitor,cross_variable_same,51,150,0051_1.jpg,0150_4.jpg,0
monitor,cross_variable_same,51,160,0051_1.jpg,0160_4.jpg,0
monitor,cross_variable_same,51,165,0051_1.jpg,0165_4.jpg,0
monitor,cross_variable_same,51,166,0051_1.jpg,0166_4.jpg,0
monitor,cross_variable_same,51,170,0051_1.jpg,0170_4.jpg,0
monitor,cross_variable_same,51,174,0051_1.jpg,0174_4.jpg,0
monitor,cross_variable_same,51,176,0051_1.jpg,0176_4.jpg,0
monitor,cross_variable_same,51,193,0051_1.jpg,0193_4.jpg,0
monitor,cross_variable_same,51,202,0051_1.jpg,0202_4.jpg,0
monitor,cross_variable_same,51,205,0051_1.jpg,0205_4.jpg,0
monitor,cross_variable_same,51,210,0051_1.jpg,0210_4.jpg,0
monitor,cross_variable_same,51,218,0051_1.jpg,0218_4.jpg,0
monitor,cross_variable_same,51,222,0051_1.jpg,0222_4.jpg,0
monitor,cross_variable_same,51,238,0051_1.jpg,0238_4.jpg,0
monitor,cross_variable_same,51,253,0051_1.jpg,0253_4.jpg,0
monitor,cross_variable_same,51,254,0051_1.jpg,0254_4.jpg,0
monitor,cross_variable_same,51,257,0051_1.jpg,0257_4.jpg,0
monitor,cross_variable_same,51,258,0051_1.jpg,0258_4.jpg,0
monitor,cross_variable_same,51,268,0051_1.jpg,0268_4.jpg,0
monitor,cross_variable_same,51,269,0051_1.jpg,0269_4.jpg,0
monitor,cross_variable_same,51,270,0051_1.jpg,0270_4.jpg,0
monitor,cross_variable_same,51,277,0051_1.jpg,0277_4.jpg,0
monitor,cross_variable_same,51,278,0051_1.jpg,0278_4.jpg,0
monitor,cross_variable_same,54,5,0054_1.jpg,0005_4.jpg,0
monitor,cross_variable_same,54,9,0054_1.jpg,0009_4.jpg,0
monitor,cross_variable_same,54,10,0054_1.jpg,0010_4.jpg,0
monitor,cross_variable_same,54,28,0054_1.jpg,0028_4.jpg,0
monitor,cross_variable_same,54,32,0054_1.jpg,0032_4.jpg,0
monitor,cross_variable_same,54,33,0054_1.jpg,0033_4.jpg,0
monitor,cross_variable_same,54,34,0054_1.jpg,0034_4.jpg,0
monitor,cross_variable_same,54,44,0054_1.jpg,0044_4.jpg,0
monitor,cross_variable_same,54,51,0054_1.jpg,0051_4.jpg,0
monitor,cross_variable_same,54,54,0054_1.jpg,0054_4.jpg,1
monitor,cross_variable_same,54,63,0054_1.jpg,0063_4.jpg,0
monitor,cross_variable_same,54,68,0054_1.jpg,0068_4.jpg,0
monitor,cross_variable_same,54,69,0054_1.jpg,0069_4.jpg,0
monitor,cross_variable_same,54,73,0054_1.jpg,0073_4.jpg,0
monitor,cross_variable_same,54,95,0054_1.jpg,0095_4.jpg,0
monitor,cross_variable_same,54,121,0054_1.jpg,0121_4.jpg,0
monitor,cross_variable_same,54,128,0054_1.jpg,0128_4.jpg,0
monitor,cross_variable_same,54,129,0054_1.jpg,0129_4.jpg,0
monitor,cross_variable_same,54,131,0054_1.jpg,0131_4.jpg,0
monitor,cross_variable_same,54,139,0054_1.jpg,0139_4.jpg,0
monitor,cross_variable_same,54,144,0054_1.jpg,0144_4.jpg,0
monitor,cross_variable_same,54,145,0054_1.jpg,0145_4.jpg,0
monitor,cross_variable_same,54,150,0054_1.jpg,0150_4.jpg,0
monitor,cross_variable_same,54,160,0054_1.jpg,0160_4.jpg,0
monitor,cross_variable_same,54,165,0054_1.jpg,0165_4.jpg,0
monitor,cross_variable_same,54,166,0054_1.jpg,0166_4.jpg,0
monitor,cross_variable_same,54,170,0054_1.jpg,0170_4.jpg,0
monitor,cross_variable_same,54,174,0054_1.jpg,0174_4.jpg,0
monitor,cross_variable_same,54,176,0054_1.jpg,0176_4.jpg,0
monitor,cross_variable_same,54,193,0054_1.jpg,0193_4.jpg,0
monitor,cross_variable_same,54,202,0054_1.jpg,0202_4.jpg,0
monitor,cross_variable_same,54,205,0054_1.jpg,0205_4.jpg,0
monitor,cross_variable_same,54,210,0054_1.jpg,0210_4.jpg,0
monitor,cross_variable_same,54,218,0054_1.jpg,0218_4.jpg,0
monitor,cross_variable_same,54,222,0054_1.jpg,0222_4.jpg,0
monitor,cross_variable_same,54,238,0054_1.jpg,0238_4.jpg,0
monitor,cross_variable_same,54,253,0054_1.jpg,0253_4.jpg,0
monitor,cross_variable_same,54,254,0054_1.jpg,0254_4.jpg,0
monitor,cross_variable_same,54,257,0054_1.jpg,0257_4.jpg,0
monitor,cross_variable_same,54,258,0054_1.jpg,0258_4.jpg,0
monitor,cross_variable_same,54,268,0054_1.jpg,0268_4.jpg,0
monitor,cross_variable_same,54,269,0054_1.jpg,0269_4.jpg,0
monitor,cross_variable_same,54,270,0054_1.jpg,0270_4.jpg,0
monitor,cross_variable_same,54,277,0054_1.jpg,0277_4.jpg,0
monitor,cross_variable_same,54,278,0054_1.jpg,0278_4.jpg,0
monitor,cross_variable_same,63,5,0063_1.jpg,0005_4.jpg,0
monitor,cross_variable_same,63,9,0063_1.jpg,0009_4.jpg,0
monitor,cross_variable_same,63,10,0063_1.jpg,0010_4.jpg,0
monitor,cross_variable_same,63,28,0063_1.jpg,0028_4.jpg,0
monitor,cross_variable_same,63,32,0063_1.jpg,0032_4.jpg,0
monitor,cross_variable_same,63,33,0063_1.jpg,0033_4.jpg,0
monitor,cross_variable_same,63,34,0063_1.jpg,0034_4.jpg,0
monitor,cross_variable_same,63,44,0063_1.jpg,0044_4.jpg,0
monitor,cross_variable_same,63,51,0063_1.jpg,0051_4.jpg,0
monitor,cross_variable_same,63,54,0063_1.jpg,0054_4.jpg,0
monitor,cross_variable_same,63,63,0063_1.jpg,0063_4.jpg,1
monitor,cross_variable_same,63,68,0063_1.jpg,0068_4.jpg,0
monitor,cross_variable_same,63,69,0063_1.jpg,0069_4.jpg,0
monitor,cross_variable_same,63,73,0063_1.jpg,0073_4.jpg,0
monitor,cross_variable_same,63,95,0063_1.jpg,0095_4.jpg,0
monitor,cross_variable_same,63,121,0063_1.jpg,0121_4.jpg,0
monitor,cross_variable_same,63,128,0063_1.jpg,0128_4.jpg,0
monitor,cross_variable_same,63,129,0063_1.jpg,0129_4.jpg,0
monitor,cross_variable_same,63,131,0063_1.jpg,0131_4.jpg,0
monitor,cross_variable_same,63,139,0063_1.jpg,0139_4.jpg,0
monitor,cross_variable_same,63,144,0063_1.jpg,0144_4.jpg,0
monitor,cross_variable_same,63,145,0063_1.jpg,0145_4.jpg,0
monitor,cross_variable_same,63,150,0063_1.jpg,0150_4.jpg,0
monitor,cross_variable_same,63,160,0063_1.jpg,0160_4.jpg,0
monitor,cross_variable_same,63,165,0063_1.jpg,0165_4.jpg,0
monitor,cross_variable_same,63,166,0063_1.jpg,0166_4.jpg,0
monitor,cross_variable_same,63,170,0063_1.jpg,0170_4.jpg,0
monitor,cross_variable_same,63,174,0063_1.jpg,0174_4.jpg,0
monitor,cross_variable_same,63,176,0063_1.jpg,0176_4.jpg,0
monitor,cross_variable_same,63,193,0063_1.jpg,0193_4.jpg,0
monitor,cross_variable_same,63,202,0063_1.jpg,0202_4.jpg,0
monitor,cross_variable_same,63,205,0063_1.jpg,0205_4.jpg,0
monitor,cross_variable_same,63,210,0063_1.jpg,0210_4.jpg,0
monitor,cross_variable_same,63,218,0063_1.jpg,0218_4.jpg,0
monitor,cross_variable_same,63,222,0063_1.jpg,0222_4.jpg,0
monitor,cross_variable_same,63,238,0063_1.jpg,0238_4.jpg,0
monitor,cross_variable_same,63,253,0063_1.jpg,0253_4.jpg,0
monitor,cross_variable_same,63,254,0063_1.jpg,0254_4.jpg,0
monitor,cross_variable_same,63,257,0063_1.jpg,0257_4.jpg,0
monitor,cross_variable_same,63,258,0063_1.jpg,0258_4.jpg,0
monitor,cross_variable_same,63,268,0063_1.jpg,0268_4.jpg,0
monitor,cross_variable_same,63,269,0063_1.jpg,0269_4.jpg,0
monitor,cross_variable_same,63,270,0063_1.jpg,0270_4.jpg,0
monitor,cross_variable_same,63,277,0063_1.jpg,0277_4.jpg,0
monitor,cross_variable_same,63,278,0063_1.jpg,0278_4.jpg,0
monitor,cross_variable_same,68,5,0068_1.jpg,0005_4.jpg,0
monitor,cross_variable_same,68,9,0068_1.jpg,0009_4.jpg,0
monitor,cross_variable_same,68,10,0068_1.jpg,0010_4.jpg,0
monitor,cross_variable_same,68,28,0068_1.jpg,0028_4.jpg,0
monitor,cross_variable_same,68,32,0068_1.jpg,0032_4.jpg,0
monitor,cross_variable_same,68,33,0068_1.jpg,0033_4.jpg,0
monitor,cross_variable_same,68,34,0068_1.jpg,0034_4.jpg,0
monitor,cross_variable_same,68,44,0068_1.jpg,0044_4.jpg,0
monitor,cross_variable_same,68,51,0068_1.jpg,0051_4.jpg,0
monitor,cross_variable_same,68,54,0068_1.jpg,0054_4.jpg,0
monitor,cross_variable_same,68,63,0068_1.jpg,0063_4.jpg,0
monitor,cross_variable_same,68,68,0068_1.jpg,0068_4.jpg,1
monitor,cross_variable_same,68,69,0068_1.jpg,0069_4.jpg,0
monitor,cross_variable_same,68,73,0068_1.jpg,0073_4.jpg,0
monitor,cross_variable_same,68,95,0068_1.jpg,0095_4.jpg,0
monitor,cross_variable_same,68,121,0068_1.jpg,0121_4.jpg,0
monitor,cross_variable_same,68,128,0068_1.jpg,0128_4.jpg,0
monitor,cross_variable_same,68,129,0068_1.jpg,0129_4.jpg,0
monitor,cross_variable_same,68,131,0068_1.jpg,0131_4.jpg,0
monitor,cross_variable_same,68,139,0068_1.jpg,0139_4.jpg,0
monitor,cross_variable_same,68,144,0068_1.jpg,0144_4.jpg,0
monitor,cross_variable_same,68,145,0068_1.jpg,0145_4.jpg,0
monitor,cross_variable_same,68,150,0068_1.jpg,0150_4.jpg,0
monitor,cross_variable_same,68,160,0068_1.jpg,0160_4.jpg,0
monitor,cross_variable_same,68,165,0068_1.jpg,0165_4.jpg,0
monitor,cross_variable_same,68,166,0068_1.jpg,0166_4.jpg,0
monitor,cross_variable_same,68,170,0068_1.jpg,0170_4.jpg,0
monitor,cross_variable_same,68,174,0068_1.jpg,0174_4.jpg,0
monitor,cross_variable_same,68,176,0068_1.jpg,0176_4.jpg,0
monitor,cross_variable_same,68,193,0068_1.jpg,0193_4.jpg,0
monitor,cross_variable_same,68,202,0068_1.jpg,0202_4.jpg,0
monitor,cross_variable_same,68,205,0068_1.jpg,0205_4.jpg,0
monitor,cross_variable_same,68,210,0068_1.jpg,0210_4.jpg,0
monitor,cross_variable_same,68,218,0068_1.jpg,0218_4.jpg,0
monitor,cross_variable_same,68,222,0068_1.jpg,0222_4.jpg,0
monitor,cross_variable_same,68,238,0068_1.jpg,0238_4.jpg,0
monitor,cross_variable_same,68,253,0068_1.jpg,0253_4.jpg,0
monitor,cross_variable_same,68,254,0068_1.jpg,0254_4.jpg,0
monitor,cross_variable_same,68,257,0068_1.jpg,0257_4.jpg,0
monitor,cross_variable_same,68,258,0068_1.jpg,0258_4.jpg,0
monitor,cross_variable_same,68,268,0068_1.jpg,0268_4.jpg,0
monitor,cross_variable_same,68,269,0068_1.jpg,0269_4.jpg,0
monitor,cross_variable_same,68,270,0068_1.jpg,0270_4.jpg,0
monitor,cross_variable_same,68,277,0068_1.jpg,0277_4.jpg,0
monitor,cross_variable_same,68,278,0068_1.jpg,0278_4.jpg,0
monitor,cross_variable_same,69,5,0069_1.jpg,0005_4.jpg,0
monitor,cross_variable_same,69,9,0069_1.jpg,0009_4.jpg,0
monitor,cross_variable_same,69,10,0069_1.jpg,0010_4.jpg,0
monitor,cross_variable_same,69,28,0069_1.jpg,0028_4.jpg,0
monitor,cross_variable_same,69,32,0069_1.jpg,0032_4.jpg,0
monitor,cross_variable_same,69,33,0069_1.jpg,0033_4.jpg,0
monitor,cross_variable_same,69,34,0069_1.jpg,0034_4.jpg,0
monitor,cross_variable_same,69,44,0069_1.jpg,0044_4.jpg,0
monitor,cross_variable_same,69,51,0069_1.jpg,0051_4.jpg,0
monitor,cross_variable_same,69,54,0069_1.jpg,0054_4.jpg,0
monitor,cross_variable_same,69,63,0069_1.jpg,0063_4.jpg,0
monitor,cross_variable_same,69,68,0069_1.jpg,0068_4.jpg,0
monitor,cross_variable_same,69,69,0069_1.jpg,0069_4.jpg,1
monitor,cross_variable_same,69,73,0069_1.jpg,0073_4.jpg,0
monitor,cross_variable_same,69,95,0069_1.jpg,0095_4.jpg,0
monitor,cross_variable_same,69,121,0069_1.jpg,0121_4.jpg,0
monitor,cross_variable_same,69,128,0069_1.jpg,0128_4.jpg,0
monitor,cross_variable_same,69,129,0069_1.jpg,0129_4.jpg,0
monitor,cross_variable_same,69,131,0069_1.jpg,0131_4.jpg,0
monitor,cross_variable_same,69,139,0069_1.jpg,0139_4.jpg,0
monitor,cross_variable_same,69,144,0069_1.jpg,0144_4.jpg,0
monitor,cross_variable_same,69,145,0069_1.jpg,0145_4.jpg,0
monitor,cross_variable_same,69,150,0069_1.jpg,0150_4.jpg,0
monitor,cross_variable_same,69,160,0069_1.jpg,0160_4.jpg,0
monitor,cross_variable_same,69,165,0069_1.jpg,0165_4.jpg,0
monitor,cross_variable_same,69,166,0069_1.jpg,0166_4.jpg,0
monitor,cross_variable_same,69,170,0069_1.jpg,0170_4.jpg,0
monitor,cross_variable_same,69,174,0069_1.jpg,0174_4.jpg,0
monitor,cross_variable_same,69,176,0069_1.jpg,0176_4.jpg,0
monitor,cross_variable_same,69,193,0069_1.jpg,0193_4.jpg,0
monitor,cross_variable_same,69,202,0069_1.jpg,0202_4.jpg,0
monitor,cross_variable_same,69,205,0069_1.jpg,0205_4.jpg,0
monitor,cross_variable_same,69,210,0069_1.jpg,0210_4.jpg,0
monitor,cross_variable_same,69,218,0069_1.jpg,0218_4.jpg,0
monitor,cross_variable_same,69,222,0069_1.jpg,0222_4.jpg,0
monitor,cross_variable_same,69,238,0069_1.jpg,0238_4.jpg,0
monitor,cross_variable_same,69,253,0069_1.jpg,0253_4.jpg,0
monitor,cross_variable_same,69,254,0069_1.jpg,0254_4.jpg,0
monitor,cross_variable_same,69,257,0069_1.jpg,0257_4.jpg,0
monitor,cross_variable_same,69,258,0069_1.jpg,0258_4.jpg,0
monitor,cross_variable_same,69,268,0069_1.jpg,0268_4.jpg,0
monitor,cross_variable_same,69,269,0069_1.jpg,0269_4.jpg,0
monitor,cross_variable_same,69,270,0069_1.jpg,0270_4.jpg,0
monitor,cross_variable_same,69,277,0069_1.jpg,0277_4.jpg,0
monitor,cross_variable_same,69,278,0069_1.jpg,0278_4.jpg,0
monitor,cross_variable_same,73,5,0073_1.jpg,0005_4.jpg,0
monitor,cross_variable_same,73,9,0073_1.jpg,0009_4.jpg,0
monitor,cross_variable_same,73,10,0073_1.jpg,0010_4.jpg,0
monitor,cross_variable_same,73,28,0073_1.jpg,0028_4.jpg,0
monitor,cross_variable_same,73,32,0073_1.jpg,0032_4.jpg,0
monitor,cross_variable_same,73,33,0073_1.jpg,0033_4.jpg,0
monitor,cross_variable_same,73,34,0073_1.jpg,0034_4.jpg,0
monitor,cross_variable_same,73,44,0073_1.jpg,0044_4.jpg,0
monitor,cross_variable_same,73,51,0073_1.jpg,0051_4.jpg,0
monitor,cross_variable_same,73,54,0073_1.jpg,0054_4.jpg,0
monitor,cross_variable_same,73,63,0073_1.jpg,0063_4.jpg,0
monitor,cross_variable_same,73,68,0073_1.jpg,0068_4.jpg,0
monitor,cross_variable_same,73,69,0073_1.jpg,0069_4.jpg,0
monitor,cross_variable_same,73,73,0073_1.jpg,0073_4.jpg,1
monitor,cross_variable_same,73,95,0073_1.jpg,0095_4.jpg,0
monitor,cross_variable_same,73,121,0073_1.jpg,0121_4.jpg,0
monitor,cross_variable_same,73,128,0073_1.jpg,0128_4.jpg,0
monitor,cross_variable_same,73,129,0073_1.jpg,0129_4.jpg,0
monitor,cross_variable_same,73,131,0073_1.jpg,0131_4.jpg,0
monitor,cross_variable_same,73,139,0073_1.jpg,0139_4.jpg,0
monitor,cross_variable_same,73,144,0073_1.jpg,0144_4.jpg,0
monitor,cross_variable_same,73,145,0073_1.jpg,0145_4.jpg,0
monitor,cross_variable_same,73,150,0073_1.jpg,0150_4.jpg,0
monitor,cross_variable_same,73,160,0073_1.jpg,0160_4.jpg,0
monitor,cross_variable_same,73,165,0073_1.jpg,0165_4.jpg,0
monitor,cross_variable_same,73,166,0073_1.jpg,0166_4.jpg,0
monitor,cross_variable_same,73,170,0073_1.jpg,0170_4.jpg,0
monitor,cross_variable_same,73,174,0073_1.jpg,0174_4.jpg,0
monitor,cross_variable_same,73,176,0073_1.jpg,0176_4.jpg,0
monitor,cross_variable_same,73,193,0073_1.jpg,0193_4.jpg,0
monitor,cross_variable_same,73,202,0073_1.jpg,0202_4.jpg,0
monitor,cross_variable_same,73,205,0073_1.jpg,0205_4.jpg,0
monitor,cross_variable_same,73,210,0073_1.jpg,0210_4.jpg,0
monitor,cross_variable_same,73,218,0073_1.jpg,0218_4.jpg,0
monitor,cross_variable_same,73,222,0073_1.jpg,0222_4.jpg,0
monitor,cross_variable_same,73,238,0073_1.jpg,0238_4.jpg,0
monitor,cross_variable_same,73,253,0073_1.jpg,0253_4.jpg,0
monitor,cross_variable_same,73,254,0073_1.jpg,0254_4.jpg,0
monitor,cross_variable_same,73,257,0073_1.jpg,0257_4.jpg,0
monitor,cross_variable_same,73,258,0073_1.jpg,0258_4.jpg,0
monitor,cross_variable_same,73,268,0073_1.jpg,0268_4.jpg,0
monitor,cross_variable_same,73,269,0073_1.jpg,0269_4.jpg,0
monitor,cross_variable_same,73,270,0073_1.jpg,0270_4.jpg,0
monitor,cross_variable_same,73,277,0073_1.jpg,0277_4.jpg,0
monitor,cross_variable_same,73,278,0073_1.jpg,0278_4.jpg,0
monitor,cross_variable_same,95,5,0095_1.jpg,0005_4.jpg,0
monitor,cross_variable_same,95,9,0095_1.jpg,0009_4.jpg,0
monitor,cross_variable_same,95,10,0095_1.jpg,0010_4.jpg,0
monitor,cross_variable_same,95,28,0095_1.jpg,0028_4.jpg,0
monitor,cross_variable_same,95,32,0095_1.jpg,0032_4.jpg,0
monitor,cross_variable_same,95,33,0095_1.jpg,0033_4.jpg,0
monitor,cross_variable_same,95,34,0095_1.jpg,0034_4.jpg,0
monitor,cross_variable_same,95,44,0095_1.jpg,0044_4.jpg,0
monitor,cross_variable_same,95,51,0095_1.jpg,0051_4.jpg,0
monitor,cross_variable_same,95,54,0095_1.jpg,0054_4.jpg,0
monitor,cross_variable_same,95,63,0095_1.jpg,0063_4.jpg,0
monitor,cross_variable_same,95,68,0095_1.jpg,0068_4.jpg,0
monitor,cross_variable_same,95,69,0095_1.jpg,0069_4.jpg,0
monitor,cross_variable_same,95,73,0095_1.jpg,0073_4.jpg,0
monitor,cross_variable_same,95,95,0095_1.jpg,0095_4.jpg,1
monitor,cross_variable_same,95,121,0095_1.jpg,0121_4.jpg,0
monitor,cross_variable_same,95,128,0095_1.jpg,0128_4.jpg,0
monitor,cross_variable_same,95,129,0095_1.jpg,0129_4.jpg,0
monitor,cross_variable_same,95,131,0095_1.jpg,0131_4.jpg,0
monitor,cross_variable_same,95,139,0095_1.jpg,0139_4.jpg,0
monitor,cross_variable_same,95,144,0095_1.jpg,0144_4.jpg,0
monitor,cross_variable_same,95,145,0095_1.jpg,0145_4.jpg,0
monitor,cross_variable_same,95,150,0095_1.jpg,0150_4.jpg,0
monitor,cross_variable_same,95,160,0095_1.jpg,0160_4.jpg,0
monitor,cross_variable_same,95,165,0095_1.jpg,0165_4.jpg,0
monitor,cross_variable_same,95,166,0095_1.jpg,0166_4.jpg,0
monitor,cross_variable_same,95,170,0095_1.jpg,0170_4.jpg,0
monitor,cross_variable_same,95,174,0095_1.jpg,0174_4.jpg,0
monitor,cross_variable_same,95,176,0095_1.jpg,0176_4.jpg,0
monitor,cross_variable_same,95,193,0095_1.jpg,0193_4.jpg,0
monitor,cross_variable_same,95,202,0095_1.jpg,0202_4.jpg,0
monitor,cross_variable_same,95,205,0095_1.jpg,0205_4.jpg,0
monitor,cross_variable_same,95,210,0095_1.jpg,0210_4.jpg,0
monitor,cross_variable_same,95,218,0095_1.jpg,0218_4.jpg,0
monitor,cross_variable_same,95,222,0095_1.jpg,0222_4.jpg,0
monitor,cross_variable_same,95,238,0095_1.jpg,0238_4.jpg,0
monitor,cross_variable_same,95,253,0095_1.jpg,0253_4.jpg,0
monitor,cross_variable_same,95,254,0095_1.jpg,0254_4.jpg,0
monitor,cross_variable_same,95,257,0095_1.jpg,0257_4.jpg,0
monitor,cross_variable_same,95,258,0095_1.jpg,0258_4.jpg,0
monitor,cross_variable_same,95,268,0095_1.jpg,0268_4.jpg,0
monitor,cross_variable_same,95,269,0095_1.jpg,0269_4.jpg,0
monitor,cross_variable_same,95,270,0095_1.jpg,0270_4.jpg,0
monitor,cross_variable_same,95,277,0095_1.jpg,0277_4.jpg,0
monitor,cross_variable_same,95,278,0095_1.jpg,0278_4.jpg,0
monitor,cross_variable_same,121,5,0121_1.jpg,0005_4.jpg,0
monitor,cross_variable_same,121,9,0121_1.jpg,0009_4.jpg,0
monitor,cross_variable_same,121,10,0121_1.jpg,0010_4.jpg,0
monitor,cross_variable_same,121,28,0121_1.jpg,0028_4.jpg,0
monitor,cross_variable_same,121,32,0121_1.jpg,0032_4.jpg,0
monitor,cross_variable_same,121,33,0121_1.jpg,0033_4.jpg,0
monitor,cross_variable_same,121,34,0121_1.jpg,0034_4.jpg,0
monitor,cross_variable_same,121,44,0121_1.jpg,0044_4.jpg,0
monitor,cross_variable_same,121,51,0121_1.jpg,0051_4.jpg,0
monitor,cross_variable_same,121,54,0121_1.jpg,0054_4.jpg,0
monitor,cross_variable_same,121,63,0121_1.jpg,0063_4.jpg,0
monitor,cross_variable_same,121,68,0121_1.jpg,0068_4.jpg,0
monitor,cross_variable_same,121,69,0121_1.jpg,0069_4.jpg,0
monitor,cross_variable_same,121,73,0121_1.jpg,0073_4.jpg,0
monitor,cross_variable_same,121,95,0121_1.jpg,0095_4.jpg,0
monitor,cross_variable_same,121,121,0121_1.jpg,0121_4.jpg,1
monitor,cross_variable_same,121,128,0121_1.jpg,0128_4.jpg,0
monitor,cross_variable_same,121,129,0121_1.jpg,0129_4.jpg,0
monitor,cross_variable_same,121,131,0121_1.jpg,0131_4.jpg,0
monitor,cross_variable_same,121,139,0121_1.jpg,0139_4.jpg,0
monitor,cross_variable_same,121,144,0121_1.jpg,0144_4.jpg,0
monitor,cross_variable_same,121,145,0121_1.jpg,0145_4.jpg,0
monitor,cross_variable_same,121,150,0121_1.jpg,0150_4.jpg,0
monitor,cross_variable_same,121,160,0121_1.jpg,0160_4.jpg,0
monitor,cross_variable_same,121,165,0121_1.jpg,0165_4.jpg,0
monitor,cross_variable_same,121,166,0121_1.jpg,0166_4.jpg,0
monitor,cross_variable_same,121,170,0121_1.jpg,0170_4.jpg,0
monitor,cross_variable_same,121,174,0121_1.jpg,0174_4.jpg,0
monitor,cross_variable_same,121,176,0121_1.jpg,0176_4.jpg,0
monitor,cross_variable_same,121,193,0121_1.jpg,0193_4.jpg,0
monitor,cross_variable_same,121,202,0121_1.jpg,0202_4.jpg,0
monitor,cross_variable_same,121,205,0121_1.jpg,0205_4.jpg,0
monitor,cross_variable_same,121,210,0121_1.jpg,0210_4.jpg,0
monitor,cross_variable_same,121,218,0121_1.jpg,0218_4.jpg,0
monitor,cross_variable_same,121,222,0121_1.jpg,0222_4.jpg,0
monitor,cross_variable_same,121,238,0121_1.jpg,0238_4.jpg,0
monitor,cross_variable_same,121,253,0121_1.jpg,0253_4.jpg,0
monitor,cross_variable_same,121,254,0121_1.jpg,0254_4.jpg,0
monitor,cross_variable_same,121,257,0121_1.jpg,0257_4.jpg,0
monitor,cross_variable_same,121,258,0121_1.jpg,0258_4.jpg,0
monitor,cross_variable_same,121,268,0121_1.jpg,0268_4.jpg,0
monitor,cross_variable_same,121,269,0121_1.jpg,0269_4.jpg,0
monitor,cross_variable_same,121,270,0121_1.jpg,0270_4.jpg,0
monitor,cross_variable_same,121,277,0121_1.jpg,0277_4.jpg,0
monitor,cross_variable_same,121,278,0121_1.jpg,0278_4.jpg,0
monitor,cross_variable_same,128,5,0128_1.jpg,0005_4.jpg,0
monitor,cross_variable_same,128,9,0128_1.jpg,0009_4.jpg,0
monitor,cross_variable_same,128,10,0128_1.jpg,0010_4.jpg,0
monitor,cross_variable_same,128,28,0128_1.jpg,0028_4.jpg,0
monitor,cross_variable_same,128,32,0128_1.jpg,0032_4.jpg,0
monitor,cross_variable_same,128,33,0128_1.jpg,0033_4.jpg,0
monitor,cross_variable_same,128,34,0128_1.jpg,0034_4.jpg,0
monitor,cross_variable_same,128,44,0128_1.jpg,0044_4.jpg,0
monitor,cross_variable_same,128,51,0128_1.jpg,0051_4.jpg,0
monitor,cross_variable_same,128,54,0128_1.jpg,0054_4.jpg,0
monitor,cross_variable_same,128,63,0128_1.jpg,0063_4.jpg,0
monitor,cross_variable_same,128,68,0128_1.jpg,0068_4.jpg,0
monitor,cross_variable_same,128,69,0128_1.jpg,0069_4.jpg,0
monitor,cross_variable_same,128,73,0128_1.jpg,0073_4.jpg,0
monitor,cross_variable_same,128,95,0128_1.jpg,0095_4.jpg,0
monitor,cross_variable_same,128,121,0128_1.jpg,0121_4.jpg,0
monitor,cross_variable_same,128,128,0128_1.jpg,0128_4.jpg,1
monitor,cross_variable_same,128,129,0128_1.jpg,0129_4.jpg,0
monitor,cross_variable_same,128,131,0128_1.jpg,0131_4.jpg,0
monitor,cross_variable_same,128,139,0128_1.jpg,0139_4.jpg,0
monitor,cross_variable_same,128,144,0128_1.jpg,0144_4.jpg,0
monitor,cross_variable_same,128,145,0128_1.jpg,0145_4.jpg,0
monitor,cross_variable_same,128,150,0128_1.jpg,0150_4.jpg,0
monitor,cross_variable_same,128,160,0128_1.jpg,0160_4.jpg,0
monitor,cross_variable_same,128,165,0128_1.jpg,0165_4.jpg,0
monitor,cross_variable_same,128,166,0128_1.jpg,0166_4.jpg,0
monitor,cross_variable_same,128,170,0128_1.jpg,0170_4.jpg,0
monitor,cross_variable_same,128,174,0128_1.jpg,0174_4.jpg,0
monitor,cross_variable_same,128,176,0128_1.jpg,0176_4.jpg,0
monitor,cross_variable_same,128,193,0128_1.jpg,0193_4.jpg,0
monitor,cross_variable_same,128,202,0128_1.jpg,0202_4.jpg,0
monitor,cross_variable_same,128,205,0128_1.jpg,0205_4.jpg,0
monitor,cross_variable_same,128,210,0128_1.jpg,0210_4.jpg,0
monitor,cross_variable_same,128,218,0128_1.jpg,0218_4.jpg,0
monitor,cross_variable_same,128,222,0128_1.jpg,0222_4.jpg,0
monitor,cross_variable_same,128,238,0128_1.jpg,0238_4.jpg,0
monitor,cross_variable_same,128,253,0128_1.jpg,0253_4.jpg,0
monitor,cross_variable_same,128,254,0128_1.jpg,0254_4.jpg,0
monitor,cross_variable_same,128,257,0128_1.jpg,0257_4.jpg,0
monitor,cross_variable_same,128,258,0128_1.jpg,0258_4.jpg,0
monitor,cross_variable_same,128,268,0128_1.jpg,0268_4.jpg,0
monitor,cross_variable_same,128,269,0128_1.jpg,0269_4.jpg,0
monitor,cross_variable_same,128,270,0128_1.jpg,0270_4.jpg,0
monitor,cross_variable_same,128,277,0128_1.jpg,0277_4.jpg,0
monitor,cross_variable_same,128,278,0128_1.jpg,0278_4.jpg,0
monitor,cross_variable_same,129,5,0129_1.jpg,0005_4.jpg,0
monitor,cross_variable_same,129,9,0129_1.jpg,0009_4.jpg,0
monitor,cross_variable_same,129,10,0129_1.jpg,0010_4.jpg,0
monitor,cross_variable_same,129,28,0129_1.jpg,0028_4.jpg,0
monitor,cross_variable_same,129,32,0129_1.jpg,0032_4.jpg,0
monitor,cross_variable_same,129,33,0129_1.jpg,0033_4.jpg,0
monitor,cross_variable_same,129,34,0129_1.jpg,0034_4.jpg,0
monitor,cross_variable_same,129,44,0129_1.jpg,0044_4.jpg,0
monitor,cross_variable_same,129,51,0129_1.jpg,0051_4.jpg,0
monitor,cross_variable_same,129,54,0129_1.jpg,0054_4.jpg,0
monitor,cross_variable_same,129,63,0129_1.jpg,0063_4.jpg,0
monitor,cross_variable_same,129,68,0129_1.jpg,0068_4.jpg,0
monitor,cross_variable_same,129,69,0129_1.jpg,0069_4.jpg,0
monitor,cross_variable_same,129,73,0129_1.jpg,0073_4.jpg,0
monitor,cross_variable_same,129,95,0129_1.jpg,0095_4.jpg,0
monitor,cross_variable_same,129,121,0129_1.jpg,0121_4.jpg,0
monitor,cross_variable_same,129,128,0129_1.jpg,0128_4.jpg,0
monitor,cross_variable_same,129,129,0129_1.jpg,0129_4.jpg,1
monitor,cross_variable_same,129,131,0129_1.jpg,0131_4.jpg,0
monitor,cross_variable_same,129,139,0129_1.jpg,0139_4.jpg,0
monitor,cross_variable_same,129,144,0129_1.jpg,0144_4.jpg,0
monitor,cross_variable_same,129,145,0129_1.jpg,0145_4.jpg,0
monitor,cross_variable_same,129,150,0129_1.jpg,0150_4.jpg,0
monitor,cross_variable_same,129,160,0129_1.jpg,0160_4.jpg,0
monitor,cross_variable_same,129,165,0129_1.jpg,0165_4.jpg,0
monitor,cross_variable_same,129,166,0129_1.jpg,0166_4.jpg,0
monitor,cross_variable_same,129,170,0129_1.jpg,0170_4.jpg,0
monitor,cross_variable_same,129,174,0129_1.jpg,0174_4.jpg,0
monitor,cross_variable_same,129,176,0129_1.jpg,0176_4.jpg,0
monitor,cross_variable_same,129,193,0129_1.jpg,0193_4.jpg,0
monitor,cross_variable_same,129,202,0129_1.jpg,0202_4.jpg,0
monitor,cross_variable_same,129,205,0129_1.jpg,0205_4.jpg,0
monitor,cross_variable_same,129,210,0129_1.jpg,0210_4.jpg,0
monitor,cross_variable_same,129,218,0129_1.jpg,0218_4.jpg,0
monitor,cross_variable_same,129,222,0129_1.jpg,0222_4.jpg,0
monitor,cross_variable_same,129,238,0129_1.jpg,0238_4.jpg,0
monitor,cross_variable_same,129,253,0129_1.jpg,0253_4.jpg,0
monitor,cross_variable_same,129,254,0129_1.jpg,0254_4.jpg,0
monitor,cross_variable_same,129,257,0129_1.jpg,0257_4.jpg,0
monitor,cross_variable_same,129,258,0129_1.jpg,0258_4.jpg,0
monitor,cross_variable_same,129,268,0129_1.jpg,0268_4.jpg,0
monitor,cross_variable_same,129,269,0129_1.jpg,0269_4.jpg,0
monitor,cross_variable_same,129,270,0129_1.jpg,0270_4.jpg,0
monitor,cross_variable_same,129,277,0129_1.jpg,0277_4.jpg,0
monitor,cross_variable_same,129,278,0129_1.jpg,0278_4.jpg,0
monitor,cross_variable_same,131,5,0131_1.jpg,0005_4.jpg,0
monitor,cross_variable_same,131,9,0131_1.jpg,0009_4.jpg,0
monitor,cross_variable_same,131,10,0131_1.jpg,0010_4.jpg,0
monitor,cross_variable_same,131,28,0131_1.jpg,0028_4.jpg,0
monitor,cross_variable_same,131,32,0131_1.jpg,0032_4.jpg,0
monitor,cross_variable_same,131,33,0131_1.jpg,0033_4.jpg,0
monitor,cross_variable_same,131,34,0131_1.jpg,0034_4.jpg,0
monitor,cross_variable_same,131,44,0131_1.jpg,0044_4.jpg,0
monitor,cross_variable_same,131,51,0131_1.jpg,0051_4.jpg,0
monitor,cross_variable_same,131,54,0131_1.jpg,0054_4.jpg,0
monitor,cross_variable_same,131,63,0131_1.jpg,0063_4.jpg,0
monitor,cross_variable_same,131,68,0131_1.jpg,0068_4.jpg,0
monitor,cross_variable_same,131,69,0131_1.jpg,0069_4.jpg,0
monitor,cross_variable_same,131,73,0131_1.jpg,0073_4.jpg,0
monitor,cross_variable_same,131,95,0131_1.jpg,0095_4.jpg,0
monitor,cross_variable_same,131,121,0131_1.jpg,0121_4.jpg,0
monitor,cross_variable_same,131,128,0131_1.jpg,0128_4.jpg,0
monitor,cross_variable_same,131,129,0131_1.jpg,0129_4.jpg,0
monitor,cross_variable_same,131,131,0131_1.jpg,0131_4.jpg,1
monitor,cross_variable_same,131,139,0131_1.jpg,0139_4.jpg,0
monitor,cross_variable_same,131,144,0131_1.jpg,0144_4.jpg,0
monitor,cross_variable_same,131,145,0131_1.jpg,0145_4.jpg,0
monitor,cross_variable_same,131,150,0131_1.jpg,0150_4.jpg,0
monitor,cross_variable_same,131,160,0131_1.jpg,0160_4.jpg,0
monitor,cross_variable_same,131,165,0131_1.jpg,0165_4.jpg,0
monitor,cross_variable_same,131,166,0131_1.jpg,0166_4.jpg,0
monitor,cross_variable_same,131,170,0131_1.jpg,0170_4.jpg,0
monitor,cross_variable_same,131,174,0131_1.jpg,0174_4.jpg,0
monitor,cross_variable_same,131,176,0131_1.jpg,0176_4.jpg,0
monitor,cross_variable_same,131,193,0131_1.jpg,0193_4.jpg,0
monitor,cross_variable_same,131,202,0131_1.jpg,0202_4.jpg,0
monitor,cross_variable_same,131,205,0131_1.jpg,0205_4.jpg,0
monitor,cross_variable_same,131,210,0131_1.jpg,0210_4.jpg,0
monitor,cross_variable_same,131,218,0131_1.jpg,0218_4.jpg,0
monitor,cross_variable_same,131,222,0131_1.jpg,0222_4.jpg,0
monitor,cross_variable_same,131,238,0131_1.jpg,0238_4.jpg,0
monitor,cross_variable_same,131,253,0131_1.jpg,0253_4.jpg,0
monitor,cross_variable_same,131,254,0131_1.jpg,0254_4.jpg,0
monitor,cross_variable_same,131,257,0131_1.jpg,0257_4.jpg,0
monitor,cross_variable_same,131,258,0131_1.jpg,0258_4.jpg,0
monitor,cross_variable_same,131,268,0131_1.jpg,0268_4.jpg,0
monitor,cross_variable_same,131,269,0131_1.jpg,0269_4.jpg,0
monitor,cross_variable_same,131,270,0131_1.jpg,0270_4.jpg,0
monitor,cross_variable_same,131,277,0131_1.jpg,0277_4.jpg,0
monitor,cross_variable_same,131,278,0131_1.jpg,0278_4.jpg,0
monitor,cross_variable_same,139,5,0139_1.jpg,0005_4.jpg,0
monitor,cross_variable_same,139,9,0139_1.jpg,0009_4.jpg,0
monitor,cross_variable_same,139,10,0139_1.jpg,0010_4.jpg,0
monitor,cross_variable_same,139,28,0139_1.jpg,0028_4.jpg,0
monitor,cross_variable_same,139,32,0139_1.jpg,0032_4.jpg,0
monitor,cross_variable_same,139,33,0139_1.jpg,0033_4.jpg,0
monitor,cross_variable_same,139,34,0139_1.jpg,0034_4.jpg,0
monitor,cross_variable_same,139,44,0139_1.jpg,0044_4.jpg,0
monitor,cross_variable_same,139,51,0139_1.jpg,0051_4.jpg,0
monitor,cross_variable_same,139,54,0139_1.jpg,0054_4.jpg,0
monitor,cross_variable_same,139,63,0139_1.jpg,0063_4.jpg,0
monitor,cross_variable_same,139,68,0139_1.jpg,0068_4.jpg,0
monitor,cross_variable_same,139,69,0139_1.jpg,0069_4.jpg,0
monitor,cross_variable_same,139,73,0139_1.jpg,0073_4.jpg,0
monitor,cross_variable_same,139,95,0139_1.jpg,0095_4.jpg,0
monitor,cross_variable_same,139,121,0139_1.jpg,0121_4.jpg,0
monitor,cross_variable_same,139,128,0139_1.jpg,0128_4.jpg,0
monitor,cross_variable_same,139,129,0139_1.jpg,0129_4.jpg,0
monitor,cross_variable_same,139,131,0139_1.jpg,0131_4.jpg,0
monitor,cross_variable_same,139,139,0139_1.jpg,0139_4.jpg,1
monitor,cross_variable_same,139,144,0139_1.jpg,0144_4.jpg,0
monitor,cross_variable_same,139,145,0139_1.jpg,0145_4.jpg,0
monitor,cross_variable_same,139,150,0139_1.jpg,0150_4.jpg,0
monitor,cross_variable_same,139,160,0139_1.jpg,0160_4.jpg,0
monitor,cross_variable_same,139,165,0139_1.jpg,0165_4.jpg,0
monitor,cross_variable_same,139,166,0139_1.jpg,0166_4.jpg,0
monitor,cross_variable_same,139,170,0139_1.jpg,0170_4.jpg,0
monitor,cross_variable_same,139,174,0139_1.jpg,0174_4.jpg,0
monitor,cross_variable_same,139,176,0139_1.jpg,0176_4.jpg,0
monitor,cross_variable_same,139,193,0139_1.jpg,0193_4.jpg,0
monitor,cross_variable_same,139,202,0139_1.jpg,0202_4.jpg,0
monitor,cross_variable_same,139,205,0139_1.jpg,0205_4.jpg,0
monitor,cross_variable_same,139,210,0139_1.jpg,0210_4.jpg,0
monitor,cross_variable_same,139,218,0139_1.jpg,0218_4.jpg,0
monitor,cross_variable_same,139,222,0139_1.jpg,0222_4.jpg,0
monitor,cross_variable_same,139,238,0139_1.jpg,0238_4.jpg,0
monitor,cross_variable_same,139,253,0139_1.jpg,0253_4.jpg,0
monitor,cross_variable_same,139,254,0139_1.jpg,0254_4.jpg,0
monitor,cross_variable_same,139,257,0139_1.jpg,0257_4.jpg,0
monitor,cross_variable_same,139,258,0139_1.jpg,0258_4.jpg,0
monitor,cross_variable_same,139,268,0139_1.jpg,0268_4.jpg,0
monitor,cross_variable_same,139,269,0139_1.jpg,0269_4.jpg,0
monitor,cross_variable_same,139,270,0139_1.jpg,0270_4.jpg,0
monitor,cross_variable_same,139,277,0139_1.jpg,0277_4.jpg,0
monitor,cross_variable_same,139,278,0139_1.jpg,0278_4.jpg,0
monitor,cross_variable_same,144,5,0144_1.jpg,0005_4.jpg,0
monitor,cross_variable_same,144,9,0144_1.jpg,0009_4.jpg,0
monitor,cross_variable_same,144,10,0144_1.jpg,0010_4.jpg,0
monitor,cross_variable_same,144,28,0144_1.jpg,0028_4.jpg,0
monitor,cross_variable_same,144,32,0144_1.jpg,0032_4.jpg,0
monitor,cross_variable_same,144,33,0144_1.jpg,0033_4.jpg,0
monitor,cross_variable_same,144,34,0144_1.jpg,0034_4.jpg,0
monitor,cross_variable_same,144,44,0144_1.jpg,0044_4.jpg,0
monitor,cross_variable_same,144,51,0144_1.jpg,0051_4.jpg,0
monitor,cross_variable_same,144,54,0144_1.jpg,0054_4.jpg,0
monitor,cross_variable_same,144,63,0144_1.jpg,0063_4.jpg,0
monitor,cross_variable_same,144,68,0144_1.jpg,0068_4.jpg,0
monitor,cross_variable_same,144,69,0144_1.jpg,0069_4.jpg,0
monitor,cross_variable_same,144,73,0144_1.jpg,0073_4.jpg,0
monitor,cross_variable_same,144,95,0144_1.jpg,0095_4.jpg,0
monitor,cross_variable_same,144,121,0144_1.jpg,0121_4.jpg,0
monitor,cross_variable_same,144,128,0144_1.jpg,0128_4.jpg,0
monitor,cross_variable_same,144,129,0144_1.jpg,0129_4.jpg,0
monitor,cross_variable_same,144,131,0144_1.jpg,0131_4.jpg,0
monitor,cross_variable_same,144,139,0144_1.jpg,0139_4.jpg,0
monitor,cross_variable_same,144,144,0144_1.jpg,0144_4.jpg,1
monitor,cross_variable_same,144,145,0144_1.jpg,0145_4.jpg,0
monitor,cross_variable_same,144,150,0144_1.jpg,0150_4.jpg,0
monitor,cross_variable_same,144,160,0144_1.jpg,0160_4.jpg,0
monitor,cross_variable_same,144,165,0144_1.jpg,0165_4.jpg,0
monitor,cross_variable_same,144,166,0144_1.jpg,0166_4.jpg,0
monitor,cross_variable_same,144,170,0144_1.jpg,0170_4.jpg,0
monitor,cross_variable_same,144,174,0144_1.jpg,0174_4.jpg,0
monitor,cross_variable_same,144,176,0144_1.jpg,0176_4.jpg,0
monitor,cross_variable_same,144,193,0144_1.jpg,0193_4.jpg,0
monitor,cross_variable_same,144,202,0144_1.jpg,0202_4.jpg,0
monitor,cross_variable_same,144,205,0144_1.jpg,0205_4.jpg,0
monitor,cross_variable_same,144,210,0144_1.jpg,0210_4.jpg,0
monitor,cross_variable_same,144,218,0144_1.jpg,0218_4.jpg,0
monitor,cross_variable_same,144,222,0144_1.jpg,0222_4.jpg,0
monitor,cross_variable_same,144,238,0144_1.jpg,0238_4.jpg,0
monitor,cross_variable_same,144,253,0144_1.jpg,0253_4.jpg,0
monitor,cross_variable_same,144,254,0144_1.jpg,0254_4.jpg,0
monitor,cross_variable_same,144,257,0144_1.jpg,0257_4.jpg,0
monitor,cross_variable_same,144,258,0144_1.jpg,0258_4.jpg,0
monitor,cross_variable_same,144,268,0144_1.jpg,0268_4.jpg,0
monitor,cross_variable_same,144,269,0144_1.jpg,0269_4.jpg,0
monitor,cross_variable_same,144,270,0144_1.jpg,0270_4.jpg,0
monitor,cross_variable_same,144,277,0144_1.jpg,0277_4.jpg,0
monitor,cross_variable_same,144,278,0144_1.jpg,0278_4.jpg,0
monitor,cross_variable_same,145,5,0145_1.jpg,0005_4.jpg,0
monitor,cross_variable_same,145,9,0145_1.jpg,0009_4.jpg,0
monitor,cross_variable_same,145,10,0145_1.jpg,0010_4.jpg,0
monitor,cross_variable_same,145,28,0145_1.jpg,0028_4.jpg,0
monitor,cross_variable_same,145,32,0145_1.jpg,0032_4.jpg,0
monitor,cross_variable_same,145,33,0145_1.jpg,0033_4.jpg,0
monitor,cross_variable_same,145,34,0145_1.jpg,0034_4.jpg,0
monitor,cross_variable_same,145,44,0145_1.jpg,0044_4.jpg,0
monitor,cross_variable_same,145,51,0145_1.jpg,0051_4.jpg,0
monitor,cross_variable_same,145,54,0145_1.jpg,0054_4.jpg,0
monitor,cross_variable_same,145,63,0145_1.jpg,0063_4.jpg,0
monitor,cross_variable_same,145,68,0145_1.jpg,0068_4.jpg,0
monitor,cross_variable_same,145,69,0145_1.jpg,0069_4.jpg,0
monitor,cross_variable_same,145,73,0145_1.jpg,0073_4.jpg,0
monitor,cross_variable_same,145,95,0145_1.jpg,0095_4.jpg,0
monitor,cross_variable_same,145,121,0145_1.jpg,0121_4.jpg,0
monitor,cross_variable_same,145,128,0145_1.jpg,0128_4.jpg,0
monitor,cross_variable_same,145,129,0145_1.jpg,0129_4.jpg,0
monitor,cross_variable_same,145,131,0145_1.jpg,0131_4.jpg,0
monitor,cross_variable_same,145,139,0145_1.jpg,0139_4.jpg,0
monitor,cross_variable_same,145,144,0145_1.jpg,0144_4.jpg,0
monitor,cross_variable_same,145,145,0145_1.jpg,0145_4.jpg,1
monitor,cross_variable_same,145,150,0145_1.jpg,0150_4.jpg,0
monitor,cross_variable_same,145,160,0145_1.jpg,0160_4.jpg,0
monitor,cross_variable_same,145,165,0145_1.jpg,0165_4.jpg,0
monitor,cross_variable_same,145,166,0145_1.jpg,0166_4.jpg,0
monitor,cross_variable_same,145,170,0145_1.jpg,0170_4.jpg,0
monitor,cross_variable_same,145,174,0145_1.jpg,0174_4.jpg,0
monitor,cross_variable_same,145,176,0145_1.jpg,0176_4.jpg,0
monitor,cross_variable_same,145,193,0145_1.jpg,0193_4.jpg,0
monitor,cross_variable_same,145,202,0145_1.jpg,0202_4.jpg,0
monitor,cross_variable_same,145,205,0145_1.jpg,0205_4.jpg,0
monitor,cross_variable_same,145,210,0145_1.jpg,0210_4.jpg,0
monitor,cross_variable_same,145,218,0145_1.jpg,0218_4.jpg,0
monitor,cross_variable_same,145,222,0145_1.jpg,0222_4.jpg,0
monitor,cross_variable_same,145,238,0145_1.jpg,0238_4.jpg,0
monitor,cross_variable_same,145,253,0145_1.jpg,0253_4.jpg,0
monitor,cross_variable_same,145,254,0145_1.jpg,0254_4.jpg,0
monitor,cross_variable_same,145,257,0145_1.jpg,0257_4.jpg,0
monitor,cross_variable_same,145,258,0145_1.jpg,0258_4.jpg,0
monitor,cross_variable_same,145,268,0145_1.jpg,0268_4.jpg,0
monitor,cross_variable_same,145,269,0145_1.jpg,0269_4.jpg,0
monitor,cross_variable_same,145,270,0145_1.jpg,0270_4.jpg,0
monitor,cross_variable_same,145,277,0145_1.jpg,0277_4.jpg,0
monitor,cross_variable_same,145,278,0145_1.jpg,0278_4.jpg,0
monitor,cross_variable_same,150,5,0150_1.jpg,0005_4.jpg,0
monitor,cross_variable_same,150,9,0150_1.jpg,0009_4.jpg,0
monitor,cross_variable_same,150,10,0150_1.jpg,0010_4.jpg,0
monitor,cross_variable_same,150,28,0150_1.jpg,0028_4.jpg,0
monitor,cross_variable_same,150,32,0150_1.jpg,0032_4.jpg,0
monitor,cross_variable_same,150,33,0150_1.jpg,0033_4.jpg,0
monitor,cross_variable_same,150,34,0150_1.jpg,0034_4.jpg,0
monitor,cross_variable_same,150,44,0150_1.jpg,0044_4.jpg,0
monitor,cross_variable_same,150,51,0150_1.jpg,0051_4.jpg,0
monitor,cross_variable_same,150,54,0150_1.jpg,0054_4.jpg,0
monitor,cross_variable_same,150,63,0150_1.jpg,0063_4.jpg,0
monitor,cross_variable_same,150,68,0150_1.jpg,0068_4.jpg,0
monitor,cross_variable_same,150,69,0150_1.jpg,0069_4.jpg,0
monitor,cross_variable_same,150,73,0150_1.jpg,0073_4.jpg,0
monitor,cross_variable_same,150,95,0150_1.jpg,0095_4.jpg,0
monitor,cross_variable_same,150,121,0150_1.jpg,0121_4.jpg,0
monitor,cross_variable_same,150,128,0150_1.jpg,0128_4.jpg,0
monitor,cross_variable_same,150,129,0150_1.jpg,0129_4.jpg,0
monitor,cross_variable_same,150,131,0150_1.jpg,0131_4.jpg,0
monitor,cross_variable_same,150,139,0150_1.jpg,0139_4.jpg,0
monitor,cross_variable_same,150,144,0150_1.jpg,0144_4.jpg,0
monitor,cross_variable_same,150,145,0150_1.jpg,0145_4.jpg,0
monitor,cross_variable_same,150,150,0150_1.jpg,0150_4.jpg,1
monitor,cross_variable_same,150,160,0150_1.jpg,0160_4.jpg,0
monitor,cross_variable_same,150,165,0150_1.jpg,0165_4.jpg,0
monitor,cross_variable_same,150,166,0150_1.jpg,0166_4.jpg,0
monitor,cross_variable_same,150,170,0150_1.jpg,0170_4.jpg,0
monitor,cross_variable_same,150,174,0150_1.jpg,0174_4.jpg,0
monitor,cross_variable_same,150,176,0150_1.jpg,0176_4.jpg,0
monitor,cross_variable_same,150,193,0150_1.jpg,0193_4.jpg,0
monitor,cross_variable_same,150,202,0150_1.jpg,0202_4.jpg,0
monitor,cross_variable_same,150,205,0150_1.jpg,0205_4.jpg,0
monitor,cross_variable_same,150,210,0150_1.jpg,0210_4.jpg,0
monitor,cross_variable_same,150,218,0150_1.jpg,0218_4.jpg,0
monitor,cross_variable_same,150,222,0150_1.jpg,0222_4.jpg,0
monitor,cross_variable_same,150,238,0150_1.jpg,0238_4.jpg,0
monitor,cross_variable_same,150,253,0150_1.jpg,0253_4.jpg,0
monitor,cross_variable_same,150,254,0150_1.jpg,0254_4.jpg,0
monitor,cross_variable_same,150,257,0150_1.jpg,0257_4.jpg,0
monitor,cross_variable_same,150,258,0150_1.jpg,0258_4.jpg,0
monitor,cross_variable_same,150,268,0150_1.jpg,0268_4.jpg,0
monitor,cross_variable_same,150,269,0150_1.jpg,0269_4.jpg,0
monitor,cross_variable_same,150,270,0150_1.jpg,0270_4.jpg,0
monitor,cross_variable_same,150,277,0150_1.jpg,0277_4.jpg,0
monitor,cross_variable_same,150,278,0150_1.jpg,0278_4.jpg,0
monitor,cross_variable_same,160,5,0160_1.jpg,0005_4.jpg,0
monitor,cross_variable_same,160,9,0160_1.jpg,0009_4.jpg,0
monitor,cross_variable_same,160,10,0160_1.jpg,0010_4.jpg,0
monitor,cross_variable_same,160,28,0160_1.jpg,0028_4.jpg,0
monitor,cross_variable_same,160,32,0160_1.jpg,0032_4.jpg,0
monitor,cross_variable_same,160,33,0160_1.jpg,0033_4.jpg,0
monitor,cross_variable_same,160,34,0160_1.jpg,0034_4.jpg,0
monitor,cross_variable_same,160,44,0160_1.jpg,0044_4.jpg,0
monitor,cross_variable_same,160,51,0160_1.jpg,0051_4.jpg,0
monitor,cross_variable_same,160,54,0160_1.jpg,0054_4.jpg,0
monitor,cross_variable_same,160,63,0160_1.jpg,0063_4.jpg,0
monitor,cross_variable_same,160,68,0160_1.jpg,0068_4.jpg,0
monitor,cross_variable_same,160,69,0160_1.jpg,0069_4.jpg,0
monitor,cross_variable_same,160,73,0160_1.jpg,0073_4.jpg,0
monitor,cross_variable_same,160,95,0160_1.jpg,0095_4.jpg,0
monitor,cross_variable_same,160,121,0160_1.jpg,0121_4.jpg,0
monitor,cross_variable_same,160,128,0160_1.jpg,0128_4.jpg,0
monitor,cross_variable_same,160,129,0160_1.jpg,0129_4.jpg,0
monitor,cross_variable_same,160,131,0160_1.jpg,0131_4.jpg,0
monitor,cross_variable_same,160,139,0160_1.jpg,0139_4.jpg,0
monitor,cross_variable_same,160,144,0160_1.jpg,0144_4.jpg,0
monitor,cross_variable_same,160,145,0160_1.jpg,0145_4.jpg,0
monitor,cross_variable_same,160,150,0160_1.jpg,0150_4.jpg,0
monitor,cross_variable_same,160,160,0160_1.jpg,0160_4.jpg,1
monitor,cross_variable_same,160,165,0160_1.jpg,0165_4.jpg,0
monitor,cross_variable_same,160,166,0160_1.jpg,0166_4.jpg,0
monitor,cross_variable_same,160,170,0160_1.jpg,0170_4.jpg,0
monitor,cross_variable_same,160,174,0160_1.jpg,0174_4.jpg,0
monitor,cross_variable_same,160,176,0160_1.jpg,0176_4.jpg,0
monitor,cross_variable_same,160,193,0160_1.jpg,0193_4.jpg,0
monitor,cross_variable_same,160,202,0160_1.jpg,0202_4.jpg,0
monitor,cross_variable_same,160,205,0160_1.jpg,0205_4.jpg,0
monitor,cross_variable_same,160,210,0160_1.jpg,0210_4.jpg,0
monitor,cross_variable_same,160,218,0160_1.jpg,0218_4.jpg,0
monitor,cross_variable_same,160,222,0160_1.jpg,0222_4.jpg,0
monitor,cross_variable_same,160,238,0160_1.jpg,0238_4.jpg,0
monitor,cross_variable_same,160,253,0160_1.jpg,0253_4.jpg,0
monitor,cross_variable_same,160,254,0160_1.jpg,0254_4.jpg,0
monitor,cross_variable_same,160,257,0160_1.jpg,0257_4.jpg,0
monitor,cross_variable_same,160,258,0160_1.jpg,0258_4.jpg,0
monitor,cross_variable_same,160,268,0160_1.jpg,0268_4.jpg,0
monitor,cross_variable_same,160,269,0160_1.jpg,0269_4.jpg,0
monitor,cross_variable_same,160,270,0160_1.jpg,0270_4.jpg,0
monitor,cross_variable_same,160,277,0160_1.jpg,0277_4.jpg,0
monitor,cross_variable_same,160,278,0160_1.jpg,0278_4.jpg,0
monitor,cross_variable_same,165,5,0165_1.jpg,0005_4.jpg,0
monitor,cross_variable_same,165,9,0165_1.jpg,0009_4.jpg,0
monitor,cross_variable_same,165,10,0165_1.jpg,0010_4.jpg,0
monitor,cross_variable_same,165,28,0165_1.jpg,0028_4.jpg,0
monitor,cross_variable_same,165,32,0165_1.jpg,0032_4.jpg,0
monitor,cross_variable_same,165,33,0165_1.jpg,0033_4.jpg,0
monitor,cross_variable_same,165,34,0165_1.jpg,0034_4.jpg,0
monitor,cross_variable_same,165,44,0165_1.jpg,0044_4.jpg,0
monitor,cross_variable_same,165,51,0165_1.jpg,0051_4.jpg,0
monitor,cross_variable_same,165,54,0165_1.jpg,0054_4.jpg,0
monitor,cross_variable_same,165,63,0165_1.jpg,0063_4.jpg,0
monitor,cross_variable_same,165,68,0165_1.jpg,0068_4.jpg,0
monitor,cross_variable_same,165,69,0165_1.jpg,0069_4.jpg,0
monitor,cross_variable_same,165,73,0165_1.jpg,0073_4.jpg,0
monitor,cross_variable_same,165,95,0165_1.jpg,0095_4.jpg,0
monitor,cross_variable_same,165,121,0165_1.jpg,0121_4.jpg,0
monitor,cross_variable_same,165,128,0165_1.jpg,0128_4.jpg,0
monitor,cross_variable_same,165,129,0165_1.jpg,0129_4.jpg,0
monitor,cross_variable_same,165,131,0165_1.jpg,0131_4.jpg,0
monitor,cross_variable_same,165,139,0165_1.jpg,0139_4.jpg,0
monitor,cross_variable_same,165,144,0165_1.jpg,0144_4.jpg,0
monitor,cross_variable_same,165,145,0165_1.jpg,0145_4.jpg,0
monitor,cross_variable_same,165,150,0165_1.jpg,0150_4.jpg,0
monitor,cross_variable_same,165,160,0165_1.jpg,0160_4.jpg,0
monitor,cross_variable_same,165,165,0165_1.jpg,0165_4.jpg,1
monitor,cross_variable_same,165,166,0165_1.jpg,0166_4.jpg,0
monitor,cross_variable_same,165,170,0165_1.jpg,0170_4.jpg,0
monitor,cross_variable_same,165,174,0165_1.jpg,0174_4.jpg,0
monitor,cross_variable_same,165,176,0165_1.jpg,0176_4.jpg,0
monitor,cross_variable_same,165,193,0165_1.jpg,0193_4.jpg,0
monitor,cross_variable_same,165,202,0165_1.jpg,0202_4.jpg,0
monitor,cross_variable_same,165,205,0165_1.jpg,0205_4.jpg,0
monitor,cross_variable_same,165,210,0165_1.jpg,0210_4.jpg,0
monitor,cross_variable_same,165,218,0165_1.jpg,0218_4.jpg,0
monitor,cross_variable_same,165,222,0165_1.jpg,0222_4.jpg,0
monitor,cross_variable_same,165,238,0165_1.jpg,0238_4.jpg,0
monitor,cross_variable_same,165,253,0165_1.jpg,0253_4.jpg,0
monitor,cross_variable_same,165,254,0165_1.jpg,0254_4.jpg,0
monitor,cross_variable_same,165,257,0165_1.jpg,0257_4.jpg,0
monitor,cross_variable_same,165,258,0165_1.jpg,0258_4.jpg,0
monitor,cross_variable_same,165,268,0165_1.jpg,0268_4.jpg,0
monitor,cross_variable_same,165,269,0165_1.jpg,0269_4.jpg,0
monitor,cross_variable_same,165,270,0165_1.jpg,0270_4.jpg,0
monitor,cross_variable_same,165,277,0165_1.jpg,0277_4.jpg,0
monitor,cross_variable_same,165,278,0165_1.jpg,0278_4.jpg,0
monitor,cross_variable_same,166,5,0166_1.jpg,0005_4.jpg,0
monitor,cross_variable_same,166,9,0166_1.jpg,0009_4.jpg,0
monitor,cross_variable_same,166,10,0166_1.jpg,0010_4.jpg,0
monitor,cross_variable_same,166,28,0166_1.jpg,0028_4.jpg,0
monitor,cross_variable_same,166,32,0166_1.jpg,0032_4.jpg,0
monitor,cross_variable_same,166,33,0166_1.jpg,0033_4.jpg,0
monitor,cross_variable_same,166,34,0166_1.jpg,0034_4.jpg,0
monitor,cross_variable_same,166,44,0166_1.jpg,0044_4.jpg,0
monitor,cross_variable_same,166,51,0166_1.jpg,0051_4.jpg,0
monitor,cross_variable_same,166,54,0166_1.jpg,0054_4.jpg,0
monitor,cross_variable_same,166,63,0166_1.jpg,0063_4.jpg,0
monitor,cross_variable_same,166,68,0166_1.jpg,0068_4.jpg,0
monitor,cross_variable_same,166,69,0166_1.jpg,0069_4.jpg,0
monitor,cross_variable_same,166,73,0166_1.jpg,0073_4.jpg,0
monitor,cross_variable_same,166,95,0166_1.jpg,0095_4.jpg,0
monitor,cross_variable_same,166,121,0166_1.jpg,0121_4.jpg,0
monitor,cross_variable_same,166,128,0166_1.jpg,0128_4.jpg,0
monitor,cross_variable_same,166,129,0166_1.jpg,0129_4.jpg,0
monitor,cross_variable_same,166,131,0166_1.jpg,0131_4.jpg,0
monitor,cross_variable_same,166,139,0166_1.jpg,0139_4.jpg,0
monitor,cross_variable_same,166,144,0166_1.jpg,0144_4.jpg,0
monitor,cross_variable_same,166,145,0166_1.jpg,0145_4.jpg,0
monitor,cross_variable_same,166,150,0166_1.jpg,0150_4.jpg,0
monitor,cross_variable_same,166,160,0166_1.jpg,0160_4.jpg,0
monitor,cross_variable_same,166,165,0166_1.jpg,0165_4.jpg,0
monitor,cross_variable_same,166,166,0166_1.jpg,0166_4.jpg,1
monitor,cross_variable_same,166,170,0166_1.jpg,0170_4.jpg,0
monitor,cross_variable_same,166,174,0166_1.jpg,0174_4.jpg,0
monitor,cross_variable_same,166,176,0166_1.jpg,0176_4.jpg,0
monitor,cross_variable_same,166,193,0166_1.jpg,0193_4.jpg,0
monitor,cross_variable_same,166,202,0166_1.jpg,0202_4.jpg,0
monitor,cross_variable_same,166,205,0166_1.jpg,0205_4.jpg,0
monitor,cross_variable_same,166,210,0166_1.jpg,0210_4.jpg,0
monitor,cross_variable_same,166,218,0166_1.jpg,0218_4.jpg,0
monitor,cross_variable_same,166,222,0166_1.jpg,0222_4.jpg,0
monitor,cross_variable_same,166,238,0166_1.jpg,0238_4.jpg,0
monitor,cross_variable_same,166,253,0166_1.jpg,0253_4.jpg,0
monitor,cross_variable_same,166,254,0166_1.jpg,0254_4.jpg,0
monitor,cross_variable_same,166,257,0166_1.jpg,0257_4.jpg,0
monitor,cross_variable_same,166,258,0166_1.jpg,0258_4.jpg,0
monitor,cross_variable_same,166,268,0166_1.jpg,0268_4.jpg,0
monitor,cross_variable_same,166,269,0166_1.jpg,0269_4.jpg,0
monitor,cross_variable_same,166,270,0166_1.jpg,0270_4.jpg,0
monitor,cross_variable_same,166,277,0166_1.jpg,0277_4.jpg,0
monitor,cross_variable_same,166,278,0166_1.jpg,0278_4.jpg,0
monitor,cross_variable_same,170,5,0170_1.jpg,0005_4.jpg,0
monitor,cross_variable_same,170,9,0170_1.jpg,0009_4.jpg,0
monitor,cross_variable_same,170,10,0170_1.jpg,0010_4.jpg,0
monitor,cross_variable_same,170,28,0170_1.jpg,0028_4.jpg,0
monitor,cross_variable_same,170,32,0170_1.jpg,0032_4.jpg,0
monitor,cross_variable_same,170,33,0170_1.jpg,0033_4.jpg,0
monitor,cross_variable_same,170,34,0170_1.jpg,0034_4.jpg,0
monitor,cross_variable_same,170,44,0170_1.jpg,0044_4.jpg,0
monitor,cross_variable_same,170,51,0170_1.jpg,0051_4.jpg,0
monitor,cross_variable_same,170,54,0170_1.jpg,0054_4.jpg,0
monitor,cross_variable_same,170,63,0170_1.jpg,0063_4.jpg,0
monitor,cross_variable_same,170,68,0170_1.jpg,0068_4.jpg,0
monitor,cross_variable_same,170,69,0170_1.jpg,0069_4.jpg,0
monitor,cross_variable_same,170,73,0170_1.jpg,0073_4.jpg,0
monitor,cross_variable_same,170,95,0170_1.jpg,0095_4.jpg,0
monitor,cross_variable_same,170,121,0170_1.jpg,0121_4.jpg,0
monitor,cross_variable_same,170,128,0170_1.jpg,0128_4.jpg,0
monitor,cross_variable_same,170,129,0170_1.jpg,0129_4.jpg,0
monitor,cross_variable_same,170,131,0170_1.jpg,0131_4.jpg,0
monitor,cross_variable_same,170,139,0170_1.jpg,0139_4.jpg,0
monitor,cross_variable_same,170,144,0170_1.jpg,0144_4.jpg,0
monitor,cross_variable_same,170,145,0170_1.jpg,0145_4.jpg,0
monitor,cross_variable_same,170,150,0170_1.jpg,0150_4.jpg,0
monitor,cross_variable_same,170,160,0170_1.jpg,0160_4.jpg,0
monitor,cross_variable_same,170,165,0170_1.jpg,0165_4.jpg,0
monitor,cross_variable_same,170,166,0170_1.jpg,0166_4.jpg,0
monitor,cross_variable_same,170,170,0170_1.jpg,0170_4.jpg,1
monitor,cross_variable_same,170,174,0170_1.jpg,0174_4.jpg,0
monitor,cross_variable_same,170,176,0170_1.jpg,0176_4.jpg,0
monitor,cross_variable_same,170,193,0170_1.jpg,0193_4.jpg,0
monitor,cross_variable_same,170,202,0170_1.jpg,0202_4.jpg,0
monitor,cross_variable_same,170,205,0170_1.jpg,0205_4.jpg,0
monitor,cross_variable_same,170,210,0170_1.jpg,0210_4.jpg,0
monitor,cross_variable_same,170,218,0170_1.jpg,0218_4.jpg,0
monitor,cross_variable_same,170,222,0170_1.jpg,0222_4.jpg,0
monitor,cross_variable_same,170,238,0170_1.jpg,0238_4.jpg,0
monitor,cross_variable_same,170,253,0170_1.jpg,0253_4.jpg,0
monitor,cross_variable_same,170,254,0170_1.jpg,0254_4.jpg,0
monitor,cross_variable_same,170,257,0170_1.jpg,0257_4.jpg,0
monitor,cross_variable_same,170,258,0170_1.jpg,0258_4.jpg,0
monitor,cross_variable_same,170,268,0170_1.jpg,0268_4.jpg,0
monitor,cross_variable_same,170,269,0170_1.jpg,0269_4.jpg,0
monitor,cross_variable_same,170,270,0170_1.jpg,0270_4.jpg,0
monitor,cross_variable_same,170,277,0170_1.jpg,0277_4.jpg,0
monitor,cross_variable_same,170,278,0170_1.jpg,0278_4.jpg,0
monitor,cross_variable_same,174,5,0174_1.jpg,0005_4.jpg,0
monitor,cross_variable_same,174,9,0174_1.jpg,0009_4.jpg,0
monitor,cross_variable_same,174,10,0174_1.jpg,0010_4.jpg,0
monitor,cross_variable_same,174,28,0174_1.jpg,0028_4.jpg,0
monitor,cross_variable_same,174,32,0174_1.jpg,0032_4.jpg,0
monitor,cross_variable_same,174,33,0174_1.jpg,0033_4.jpg,0
monitor,cross_variable_same,174,34,0174_1.jpg,0034_4.jpg,0
monitor,cross_variable_same,174,44,0174_1.jpg,0044_4.jpg,0
monitor,cross_variable_same,174,51,0174_1.jpg,0051_4.jpg,0
monitor,cross_variable_same,174,54,0174_1.jpg,0054_4.jpg,0
monitor,cross_variable_same,174,63,0174_1.jpg,0063_4.jpg,0
monitor,cross_variable_same,174,68,0174_1.jpg,0068_4.jpg,0
monitor,cross_variable_same,174,69,0174_1.jpg,0069_4.jpg,0
monitor,cross_variable_same,174,73,0174_1.jpg,0073_4.jpg,0
monitor,cross_variable_same,174,95,0174_1.jpg,0095_4.jpg,0
monitor,cross_variable_same,174,121,0174_1.jpg,0121_4.jpg,0
monitor,cross_variable_same,174,128,0174_1.jpg,0128_4.jpg,0
monitor,cross_variable_same,174,129,0174_1.jpg,0129_4.jpg,0
monitor,cross_variable_same,174,131,0174_1.jpg,0131_4.jpg,0
monitor,cross_variable_same,174,139,0174_1.jpg,0139_4.jpg,0
monitor,cross_variable_same,174,144,0174_1.jpg,0144_4.jpg,0
monitor,cross_variable_same,174,145,0174_1.jpg,0145_4.jpg,0
monitor,cross_variable_same,174,150,0174_1.jpg,0150_4.jpg,0
monitor,cross_variable_same,174,160,0174_1.jpg,0160_4.jpg,0
monitor,cross_variable_same,174,165,0174_1.jpg,0165_4.jpg,0
monitor,cross_variable_same,174,166,0174_1.jpg,0166_4.jpg,0
monitor,cross_variable_same,174,170,0174_1.jpg,0170_4.jpg,0
monitor,cross_variable_same,174,174,0174_1.jpg,0174_4.jpg,1
monitor,cross_variable_same,174,176,0174_1.jpg,0176_4.jpg,0
monitor,cross_variable_same,174,193,0174_1.jpg,0193_4.jpg,0
monitor,cross_variable_same,174,202,0174_1.jpg,0202_4.jpg,0
monitor,cross_variable_same,174,205,0174_1.jpg,0205_4.jpg,0
monitor,cross_variable_same,174,210,0174_1.jpg,0210_4.jpg,0
monitor,cross_variable_same,174,218,0174_1.jpg,0218_4.jpg,0
monitor,cross_variable_same,174,222,0174_1.jpg,0222_4.jpg,0
monitor,cross_variable_same,174,238,0174_1.jpg,0238_4.jpg,0
monitor,cross_variable_same,174,253,0174_1.jpg,0253_4.jpg,0
monitor,cross_variable_same,174,254,0174_1.jpg,0254_4.jpg,0
monitor,cross_variable_same,174,257,0174_1.jpg,0257_4.jpg,0
monitor,cross_variable_same,174,258,0174_1.jpg,0258_4.jpg,0
monitor,cross_variable_same,174,268,0174_1.jpg,0268_4.jpg,0
monitor,cross_variable_same,174,269,0174_1.jpg,0269_4.jpg,0
monitor,cross_variable_same,174,270,0174_1.jpg,0270_4.jpg,0
monitor,cross_variable_same,174,277,0174_1.jpg,0277_4.jpg,0
monitor,cross_variable_same,174,278,0174_1.jpg,0278_4.jpg,0
monitor,cross_variable_same,176,5,0176_1.jpg,0005_4.jpg,0
monitor,cross_variable_same,176,9,0176_1.jpg,0009_4.jpg,0
monitor,cross_variable_same,176,10,0176_1.jpg,0010_4.jpg,0
monitor,cross_variable_same,176,28,0176_1.jpg,0028_4.jpg,0
monitor,cross_variable_same,176,32,0176_1.jpg,0032_4.jpg,0
monitor,cross_variable_same,176,33,0176_1.jpg,0033_4.jpg,0
monitor,cross_variable_same,176,34,0176_1.jpg,0034_4.jpg,0
monitor,cross_variable_same,176,44,0176_1.jpg,0044_4.jpg,0
monitor,cross_variable_same,176,51,0176_1.jpg,0051_4.jpg,0
monitor,cross_variable_same,176,54,0176_1.jpg,0054_4.jpg,0
monitor,cross_variable_same,176,63,0176_1.jpg,0063_4.jpg,0
monitor,cross_variable_same,176,68,0176_1.jpg,0068_4.jpg,0
monitor,cross_variable_same,176,69,0176_1.jpg,0069_4.jpg,0
monitor,cross_variable_same,176,73,0176_1.jpg,0073_4.jpg,0
monitor,cross_variable_same,176,95,0176_1.jpg,0095_4.jpg,0
monitor,cross_variable_same,176,121,0176_1.jpg,0121_4.jpg,0
monitor,cross_variable_same,176,128,0176_1.jpg,0128_4.jpg,0
monitor,cross_variable_same,176,129,0176_1.jpg,0129_4.jpg,0
monitor,cross_variable_same,176,131,0176_1.jpg,0131_4.jpg,0
monitor,cross_variable_same,176,139,0176_1.jpg,0139_4.jpg,0
monitor,cross_variable_same,176,144,0176_1.jpg,0144_4.jpg,0
monitor,cross_variable_same,176,145,0176_1.jpg,0145_4.jpg,0
monitor,cross_variable_same,176,150,0176_1.jpg,0150_4.jpg,0
monitor,cross_variable_same,176,160,0176_1.jpg,0160_4.jpg,0
monitor,cross_variable_same,176,165,0176_1.jpg,0165_4.jpg,0
monitor,cross_variable_same,176,166,0176_1.jpg,0166_4.jpg,0
monitor,cross_variable_same,176,170,0176_1.jpg,0170_4.jpg,0
monitor,cross_variable_same,176,174,0176_1.jpg,0174_4.jpg,0
monitor,cross_variable_same,176,176,0176_1.jpg,0176_4.jpg,1
monitor,cross_variable_same,176,193,0176_1.jpg,0193_4.jpg,0
monitor,cross_variable_same,176,202,0176_1.jpg,0202_4.jpg,0
monitor,cross_variable_same,176,205,0176_1.jpg,0205_4.jpg,0
monitor,cross_variable_same,176,210,0176_1.jpg,0210_4.jpg,0
monitor,cross_variable_same,176,218,0176_1.jpg,0218_4.jpg,0
monitor,cross_variable_same,176,222,0176_1.jpg,0222_4.jpg,0
monitor,cross_variable_same,176,238,0176_1.jpg,0238_4.jpg,0
monitor,cross_variable_same,176,253,0176_1.jpg,0253_4.jpg,0
monitor,cross_variable_same,176,254,0176_1.jpg,0254_4.jpg,0
monitor,cross_variable_same,176,257,0176_1.jpg,0257_4.jpg,0
monitor,cross_variable_same,176,258,0176_1.jpg,0258_4.jpg,0
monitor,cross_variable_same,176,268,0176_1.jpg,0268_4.jpg,0
monitor,cross_variable_same,176,269,0176_1.jpg,0269_4.jpg,0
monitor,cross_variable_same,176,270,0176_1.jpg,0270_4.jpg,0
monitor,cross_variable_same,176,277,0176_1.jpg,0277_4.jpg,0
monitor,cross_variable_same,176,278,0176_1.jpg,0278_4.jpg,0
monitor,cross_variable_same,193,5,0193_1.jpg,0005_4.jpg,0
monitor,cross_variable_same,193,9,0193_1.jpg,0009_4.jpg,0
monitor,cross_variable_same,193,10,0193_1.jpg,0010_4.jpg,0
monitor,cross_variable_same,193,28,0193_1.jpg,0028_4.jpg,0
monitor,cross_variable_same,193,32,0193_1.jpg,0032_4.jpg,0
monitor,cross_variable_same,193,33,0193_1.jpg,0033_4.jpg,0
monitor,cross_variable_same,193,34,0193_1.jpg,0034_4.jpg,0
monitor,cross_variable_same,193,44,0193_1.jpg,0044_4.jpg,0
monitor,cross_variable_same,193,51,0193_1.jpg,0051_4.jpg,0
monitor,cross_variable_same,193,54,0193_1.jpg,0054_4.jpg,0
monitor,cross_variable_same,193,63,0193_1.jpg,0063_4.jpg,0
monitor,cross_variable_same,193,68,0193_1.jpg,0068_4.jpg,0
monitor,cross_variable_same,193,69,0193_1.jpg,0069_4.jpg,0
monitor,cross_variable_same,193,73,0193_1.jpg,0073_4.jpg,0
monitor,cross_variable_same,193,95,0193_1.jpg,0095_4.jpg,0
monitor,cross_variable_same,193,121,0193_1.jpg,0121_4.jpg,0
monitor,cross_variable_same,193,128,0193_1.jpg,0128_4.jpg,0
monitor,cross_variable_same,193,129,0193_1.jpg,0129_4.jpg,0
monitor,cross_variable_same,193,131,0193_1.jpg,0131_4.jpg,0
monitor,cross_variable_same,193,139,0193_1.jpg,0139_4.jpg,0
monitor,cross_variable_same,193,144,0193_1.jpg,0144_4.jpg,0
monitor,cross_variable_same,193,145,0193_1.jpg,0145_4.jpg,0
monitor,cross_variable_same,193,150,0193_1.jpg,0150_4.jpg,0
monitor,cross_variable_same,193,160,0193_1.jpg,0160_4.jpg,0
monitor,cross_variable_same,193,165,0193_1.jpg,0165_4.jpg,0
monitor,cross_variable_same,193,166,0193_1.jpg,0166_4.jpg,0
monitor,cross_variable_same,193,170,0193_1.jpg,0170_4.jpg,0
monitor,cross_variable_same,193,174,0193_1.jpg,0174_4.jpg,0
monitor,cross_variable_same,193,176,0193_1.jpg,0176_4.jpg,0
monitor,cross_variable_same,193,193,0193_1.jpg,0193_4.jpg,1
monitor,cross_variable_same,193,202,0193_1.jpg,0202_4.jpg,0
monitor,cross_variable_same,193,205,0193_1.jpg,0205_4.jpg,0
monitor,cross_variable_same,193,210,0193_1.jpg,0210_4.jpg,0
monitor,cross_variable_same,193,218,0193_1.jpg,0218_4.jpg,0
monitor,cross_variable_same,193,222,0193_1.jpg,0222_4.jpg,0
monitor,cross_variable_same,193,238,0193_1.jpg,0238_4.jpg,0
monitor,cross_variable_same,193,253,0193_1.jpg,0253_4.jpg,0
monitor,cross_variable_same,193,254,0193_1.jpg,0254_4.jpg,0
monitor,cross_variable_same,193,257,0193_1.jpg,0257_4.jpg,0
monitor,cross_variable_same,193,258,0193_1.jpg,0258_4.jpg,0
monitor,cross_variable_same,193,268,0193_1.jpg,0268_4.jpg,0
monitor,cross_variable_same,193,269,0193_1.jpg,0269_4.jpg,0
monitor,cross_variable_same,193,270,0193_1.jpg,0270_4.jpg,0
monitor,cross_variable_same,193,277,0193_1.jpg,0277_4.jpg,0
monitor,cross_variable_same,193,278,0193_1.jpg,0278_4.jpg,0
monitor,cross_variable_same,202,5,0202_1.jpg,0005_4.jpg,0
monitor,cross_variable_same,202,9,0202_1.jpg,0009_4.jpg,0
monitor,cross_variable_same,202,10,0202_1.jpg,0010_4.jpg,0
monitor,cross_variable_same,202,28,0202_1.jpg,0028_4.jpg,0
monitor,cross_variable_same,202,32,0202_1.jpg,0032_4.jpg,0
monitor,cross_variable_same,202,33,0202_1.jpg,0033_4.jpg,0
monitor,cross_variable_same,202,34,0202_1.jpg,0034_4.jpg,0
monitor,cross_variable_same,202,44,0202_1.jpg,0044_4.jpg,0
monitor,cross_variable_same,202,51,0202_1.jpg,0051_4.jpg,0
monitor,cross_variable_same,202,54,0202_1.jpg,0054_4.jpg,0
monitor,cross_variable_same,202,63,0202_1.jpg,0063_4.jpg,0
monitor,cross_variable_same,202,68,0202_1.jpg,0068_4.jpg,0
monitor,cross_variable_same,202,69,0202_1.jpg,0069_4.jpg,0
monitor,cross_variable_same,202,73,0202_1.jpg,0073_4.jpg,0
monitor,cross_variable_same,202,95,0202_1.jpg,0095_4.jpg,0
monitor,cross_variable_same,202,121,0202_1.jpg,0121_4.jpg,0
monitor,cross_variable_same,202,128,0202_1.jpg,0128_4.jpg,0
monitor,cross_variable_same,202,129,0202_1.jpg,0129_4.jpg,0
monitor,cross_variable_same,202,131,0202_1.jpg,0131_4.jpg,0
monitor,cross_variable_same,202,139,0202_1.jpg,0139_4.jpg,0
monitor,cross_variable_same,202,144,0202_1.jpg,0144_4.jpg,0
monitor,cross_variable_same,202,145,0202_1.jpg,0145_4.jpg,0
monitor,cross_variable_same,202,150,0202_1.jpg,0150_4.jpg,0
monitor,cross_variable_same,202,160,0202_1.jpg,0160_4.jpg,0
monitor,cross_variable_same,202,165,0202_1.jpg,0165_4.jpg,0
monitor,cross_variable_same,202,166,0202_1.jpg,0166_4.jpg,0
monitor,cross_variable_same,202,170,0202_1.jpg,0170_4.jpg,0
monitor,cross_variable_same,202,174,0202_1.jpg,0174_4.jpg,0
monitor,cross_variable_same,202,176,0202_1.jpg,0176_4.jpg,0
monitor,cross_variable_same,202,193,0202_1.jpg,0193_4.jpg,0
monitor,cross_variable_same,202,202,0202_1.jpg,0202_4.jpg,1
monitor,cross_variable_same,202,205,0202_1.jpg,0205_4.jpg,0
monitor,cross_variable_same,202,210,0202_1.jpg,0210_4.jpg,0
monitor,cross_variable_same,202,218,0202_1.jpg,0218_4.jpg,0
monitor,cross_variable_same,202,222,0202_1.jpg,0222_4.jpg,0
monitor,cross_variable_same,202,238,0202_1.jpg,0238_4.jpg,0
monitor,cross_variable_same,202,253,0202_1.jpg,0253_4.jpg,0
monitor,cross_variable_same,202,254,0202_1.jpg,0254_4.jpg,0
monitor,cross_variable_same,202,257,0202_1.jpg,0257_4.jpg,0
monitor,cross_variable_same,202,258,0202_1.jpg,0258_4.jpg,0
monitor,cross_variable_same,202,268,0202_1.jpg,0268_4.jpg,0
monitor,cross_variable_same,202,269,0202_1.jpg,0269_4.jpg,0
monitor,cross_variable_same,202,270,0202_1.jpg,0270_4.jpg,0
monitor,cross_variable_same,202,277,0202_1.jpg,0277_4.jpg,0
monitor,cross_variable_same,202,278,0202_1.jpg,0278_4.jpg,0
monitor,cross_variable_same,205,5,0205_1.jpg,0005_4.jpg,0
monitor,cross_variable_same,205,9,0205_1.jpg,0009_4.jpg,0
monitor,cross_variable_same,205,10,0205_1.jpg,0010_4.jpg,0
monitor,cross_variable_same,205,28,0205_1.jpg,0028_4.jpg,0
monitor,cross_variable_same,205,32,0205_1.jpg,0032_4.jpg,0
monitor,cross_variable_same,205,33,0205_1.jpg,0033_4.jpg,0
monitor,cross_variable_same,205,34,0205_1.jpg,0034_4.jpg,0
monitor,cross_variable_same,205,44,0205_1.jpg,0044_4.jpg,0
monitor,cross_variable_same,205,51,0205_1.jpg,0051_4.jpg,0
monitor,cross_variable_same,205,54,0205_1.jpg,0054_4.jpg,0
monitor,cross_variable_same,205,63,0205_1.jpg,0063_4.jpg,0
monitor,cross_variable_same,205,68,0205_1.jpg,0068_4.jpg,0
monitor,cross_variable_same,205,69,0205_1.jpg,0069_4.jpg,0
monitor,cross_variable_same,205,73,0205_1.jpg,0073_4.jpg,0
monitor,cross_variable_same,205,95,0205_1.jpg,0095_4.jpg,0
monitor,cross_variable_same,205,121,0205_1.jpg,0121_4.jpg,0
monitor,cross_variable_same,205,128,0205_1.jpg,0128_4.jpg,0
monitor,cross_variable_same,205,129,0205_1.jpg,0129_4.jpg,0
monitor,cross_variable_same,205,131,0205_1.jpg,0131_4.jpg,0
monitor,cross_variable_same,205,139,0205_1.jpg,0139_4.jpg,0
monitor,cross_variable_same,205,144,0205_1.jpg,0144_4.jpg,0
monitor,cross_variable_same,205,145,0205_1.jpg,0145_4.jpg,0
monitor,cross_variable_same,205,150,0205_1.jpg,0150_4.jpg,0
monitor,cross_variable_same,205,160,0205_1.jpg,0160_4.jpg,0
monitor,cross_variable_same,205,165,0205_1.jpg,0165_4.jpg,0
monitor,cross_variable_same,205,166,0205_1.jpg,0166_4.jpg,0
monitor,cross_variable_same,205,170,0205_1.jpg,0170_4.jpg,0
monitor,cross_variable_same,205,174,0205_1.jpg,0174_4.jpg,0
monitor,cross_variable_same,205,176,0205_1.jpg,0176_4.jpg,0
monitor,cross_variable_same,205,193,0205_1.jpg,0193_4.jpg,0
monitor,cross_variable_same,205,202,0205_1.jpg,0202_4.jpg,0
monitor,cross_variable_same,205,205,0205_1.jpg,0205_4.jpg,1
monitor,cross_variable_same,205,210,0205_1.jpg,0210_4.jpg,0
monitor,cross_variable_same,205,218,0205_1.jpg,0218_4.jpg,0
monitor,cross_variable_same,205,222,0205_1.jpg,0222_4.jpg,0
monitor,cross_variable_same,205,238,0205_1.jpg,0238_4.jpg,0
monitor,cross_variable_same,205,253,0205_1.jpg,0253_4.jpg,0
monitor,cross_variable_same,205,254,0205_1.jpg,0254_4.jpg,0
monitor,cross_variable_same,205,257,0205_1.jpg,0257_4.jpg,0
monitor,cross_variable_same,205,258,0205_1.jpg,0258_4.jpg,0
monitor,cross_variable_same,205,268,0205_1.jpg,0268_4.jpg,0
monitor,cross_variable_same,205,269,0205_1.jpg,0269_4.jpg,0
monitor,cross_variable_same,205,270,0205_1.jpg,0270_4.jpg,0
monitor,cross_variable_same,205,277,0205_1.jpg,0277_4.jpg,0
monitor,cross_variable_same,205,278,0205_1.jpg,0278_4.jpg,0
monitor,cross_variable_same,210,5,0210_1.jpg,0005_4.jpg,0
monitor,cross_variable_same,210,9,0210_1.jpg,0009_4.jpg,0
monitor,cross_variable_same,210,10,0210_1.jpg,0010_4.jpg,0
monitor,cross_variable_same,210,28,0210_1.jpg,0028_4.jpg,0
monitor,cross_variable_same,210,32,0210_1.jpg,0032_4.jpg,0
monitor,cross_variable_same,210,33,0210_1.jpg,0033_4.jpg,0
monitor,cross_variable_same,210,34,0210_1.jpg,0034_4.jpg,0
monitor,cross_variable_same,210,44,0210_1.jpg,0044_4.jpg,0
monitor,cross_variable_same,210,51,0210_1.jpg,0051_4.jpg,0
monitor,cross_variable_same,210,54,0210_1.jpg,0054_4.jpg,0
monitor,cross_variable_same,210,63,0210_1.jpg,0063_4.jpg,0
monitor,cross_variable_same,210,68,0210_1.jpg,0068_4.jpg,0
monitor,cross_variable_same,210,69,0210_1.jpg,0069_4.jpg,0
monitor,cross_variable_same,210,73,0210_1.jpg,0073_4.jpg,0
monitor,cross_variable_same,210,95,0210_1.jpg,0095_4.jpg,0
monitor,cross_variable_same,210,121,0210_1.jpg,0121_4.jpg,0
monitor,cross_variable_same,210,128,0210_1.jpg,0128_4.jpg,0
monitor,cross_variable_same,210,129,0210_1.jpg,0129_4.jpg,0
monitor,cross_variable_same,210,131,0210_1.jpg,0131_4.jpg,0
monitor,cross_variable_same,210,139,0210_1.jpg,0139_4.jpg,0
monitor,cross_variable_same,210,144,0210_1.jpg,0144_4.jpg,0
monitor,cross_variable_same,210,145,0210_1.jpg,0145_4.jpg,0
monitor,cross_variable_same,210,150,0210_1.jpg,0150_4.jpg,0
monitor,cross_variable_same,210,160,0210_1.jpg,0160_4.jpg,0
monitor,cross_variable_same,210,165,0210_1.jpg,0165_4.jpg,0
monitor,cross_variable_same,210,166,0210_1.jpg,0166_4.jpg,0
monitor,cross_variable_same,210,170,0210_1.jpg,0170_4.jpg,0
monitor,cross_variable_same,210,174,0210_1.jpg,0174_4.jpg,0
monitor,cross_variable_same,210,176,0210_1.jpg,0176_4.jpg,0
monitor,cross_variable_same,210,193,0210_1.jpg,0193_4.jpg,0
monitor,cross_variable_same,210,202,0210_1.jpg,0202_4.jpg,0
monitor,cross_variable_same,210,205,0210_1.jpg,0205_4.jpg,0
monitor,cross_variable_same,210,210,0210_1.jpg,0210_4.jpg,1
monitor,cross_variable_same,210,218,0210_1.jpg,0218_4.jpg,0
monitor,cross_variable_same,210,222,0210_1.jpg,0222_4.jpg,0
monitor,cross_variable_same,210,238,0210_1.jpg,0238_4.jpg,0
monitor,cross_variable_same,210,253,0210_1.jpg,0253_4.jpg,0
monitor,cross_variable_same,210,254,0210_1.jpg,0254_4.jpg,0
monitor,cross_variable_same,210,257,0210_1.jpg,0257_4.jpg,0
monitor,cross_variable_same,210,258,0210_1.jpg,0258_4.jpg,0
monitor,cross_variable_same,210,268,0210_1.jpg,0268_4.jpg,0
monitor,cross_variable_same,210,269,0210_1.jpg,0269_4.jpg,0
monitor,cross_variable_same,210,270,0210_1.jpg,0270_4.jpg,0
monitor,cross_variable_same,210,277,0210_1.jpg,0277_4.jpg,0
monitor,cross_variable_same,210,278,0210_1.jpg,0278_4.jpg,0
monitor,cross_variable_same,218,5,0218_1.jpg,0005_4.jpg,0
monitor,cross_variable_same,218,9,0218_1.jpg,0009_4.jpg,0
monitor,cross_variable_same,218,10,0218_1.jpg,0010_4.jpg,0
monitor,cross_variable_same,218,28,0218_1.jpg,0028_4.jpg,0
monitor,cross_variable_same,218,32,0218_1.jpg,0032_4.jpg,0
monitor,cross_variable_same,218,33,0218_1.jpg,0033_4.jpg,0
monitor,cross_variable_same,218,34,0218_1.jpg,0034_4.jpg,0
monitor,cross_variable_same,218,44,0218_1.jpg,0044_4.jpg,0
monitor,cross_variable_same,218,51,0218_1.jpg,0051_4.jpg,0
monitor,cross_variable_same,218,54,0218_1.jpg,0054_4.jpg,0
monitor,cross_variable_same,218,63,0218_1.jpg,0063_4.jpg,0
monitor,cross_variable_same,218,68,0218_1.jpg,0068_4.jpg,0
monitor,cross_variable_same,218,69,0218_1.jpg,0069_4.jpg,0
monitor,cross_variable_same,218,73,0218_1.jpg,0073_4.jpg,0
monitor,cross_variable_same,218,95,0218_1.jpg,0095_4.jpg,0
monitor,cross_variable_same,218,121,0218_1.jpg,0121_4.jpg,0
monitor,cross_variable_same,218,128,0218_1.jpg,0128_4.jpg,0
monitor,cross_variable_same,218,129,0218_1.jpg,0129_4.jpg,0
monitor,cross_variable_same,218,131,0218_1.jpg,0131_4.jpg,0
monitor,cross_variable_same,218,139,0218_1.jpg,0139_4.jpg,0
monitor,cross_variable_same,218,144,0218_1.jpg,0144_4.jpg,0
monitor,cross_variable_same,218,145,0218_1.jpg,0145_4.jpg,0
monitor,cross_variable_same,218,150,0218_1.jpg,0150_4.jpg,0
monitor,cross_variable_same,218,160,0218_1.jpg,0160_4.jpg,0
monitor,cross_variable_same,218,165,0218_1.jpg,0165_4.jpg,0
monitor,cross_variable_same,218,166,0218_1.jpg,0166_4.jpg,0
monitor,cross_variable_same,218,170,0218_1.jpg,0170_4.jpg,0
monitor,cross_variable_same,218,174,0218_1.jpg,0174_4.jpg,0
monitor,cross_variable_same,218,176,0218_1.jpg,0176_4.jpg,0
monitor,cross_variable_same,218,193,0218_1.jpg,0193_4.jpg,0
monitor,cross_variable_same,218,202,0218_1.jpg,0202_4.jpg,0
monitor,cross_variable_same,218,205,0218_1.jpg,0205_4.jpg,0
monitor,cross_variable_same,218,210,0218_1.jpg,0210_4.jpg,0
monitor,cross_variable_same,218,218,0218_1.jpg,0218_4.jpg,1
monitor,cross_variable_same,218,222,0218_1.jpg,0222_4.jpg,0
monitor,cross_variable_same,218,238,0218_1.jpg,0238_4.jpg,0
monitor,cross_variable_same,218,253,0218_1.jpg,0253_4.jpg,0
monitor,cross_variable_same,218,254,0218_1.jpg,0254_4.jpg,0
monitor,cross_variable_same,218,257,0218_1.jpg,0257_4.jpg,0
monitor,cross_variable_same,218,258,0218_1.jpg,0258_4.jpg,0
monitor,cross_variable_same,218,268,0218_1.jpg,0268_4.jpg,0
monitor,cross_variable_same,218,269,0218_1.jpg,0269_4.jpg,0
monitor,cross_variable_same,218,270,0218_1.jpg,0270_4.jpg,0
monitor,cross_variable_same,218,277,0218_1.jpg,0277_4.jpg,0
monitor,cross_variable_same,218,278,0218_1.jpg,0278_4.jpg,0
monitor,cross_variable_same,222,5,0222_1.jpg,0005_4.jpg,0
monitor,cross_variable_same,222,9,0222_1.jpg,0009_4.jpg,0
monitor,cross_variable_same,222,10,0222_1.jpg,0010_4.jpg,0
monitor,cross_variable_same,222,28,0222_1.jpg,0028_4.jpg,0
monitor,cross_variable_same,222,32,0222_1.jpg,0032_4.jpg,0
monitor,cross_variable_same,222,33,0222_1.jpg,0033_4.jpg,0
monitor,cross_variable_same,222,34,0222_1.jpg,0034_4.jpg,0
monitor,cross_variable_same,222,44,0222_1.jpg,0044_4.jpg,0
monitor,cross_variable_same,222,51,0222_1.jpg,0051_4.jpg,0
monitor,cross_variable_same,222,54,0222_1.jpg,0054_4.jpg,0
monitor,cross_variable_same,222,63,0222_1.jpg,0063_4.jpg,0
monitor,cross_variable_same,222,68,0222_1.jpg,0068_4.jpg,0
monitor,cross_variable_same,222,69,0222_1.jpg,0069_4.jpg,0
monitor,cross_variable_same,222,73,0222_1.jpg,0073_4.jpg,0
monitor,cross_variable_same,222,95,0222_1.jpg,0095_4.jpg,0
monitor,cross_variable_same,222,121,0222_1.jpg,0121_4.jpg,0
monitor,cross_variable_same,222,128,0222_1.jpg,0128_4.jpg,0
monitor,cross_variable_same,222,129,0222_1.jpg,0129_4.jpg,0
monitor,cross_variable_same,222,131,0222_1.jpg,0131_4.jpg,0
monitor,cross_variable_same,222,139,0222_1.jpg,0139_4.jpg,0
monitor,cross_variable_same,222,144,0222_1.jpg,0144_4.jpg,0
monitor,cross_variable_same,222,145,0222_1.jpg,0145_4.jpg,0
monitor,cross_variable_same,222,150,0222_1.jpg,0150_4.jpg,0
monitor,cross_variable_same,222,160,0222_1.jpg,0160_4.jpg,0
monitor,cross_variable_same,222,165,0222_1.jpg,0165_4.jpg,0
monitor,cross_variable_same,222,166,0222_1.jpg,0166_4.jpg,0
monitor,cross_variable_same,222,170,0222_1.jpg,0170_4.jpg,0
monitor,cross_variable_same,222,174,0222_1.jpg,0174_4.jpg,0
monitor,cross_variable_same,222,176,0222_1.jpg,0176_4.jpg,0
monitor,cross_variable_same,222,193,0222_1.jpg,0193_4.jpg,0
monitor,cross_variable_same,222,202,0222_1.jpg,0202_4.jpg,0
monitor,cross_variable_same,222,205,0222_1.jpg,0205_4.jpg,0
monitor,cross_variable_same,222,210,0222_1.jpg,0210_4.jpg,0
monitor,cross_variable_same,222,218,0222_1.jpg,0218_4.jpg,0
monitor,cross_variable_same,222,222,0222_1.jpg,0222_4.jpg,1
monitor,cross_variable_same,222,238,0222_1.jpg,0238_4.jpg,0
monitor,cross_variable_same,222,253,0222_1.jpg,0253_4.jpg,0
monitor,cross_variable_same,222,254,0222_1.jpg,0254_4.jpg,0
monitor,cross_variable_same,222,257,0222_1.jpg,0257_4.jpg,0
monitor,cross_variable_same,222,258,0222_1.jpg,0258_4.jpg,0
monitor,cross_variable_same,222,268,0222_1.jpg,0268_4.jpg,0
monitor,cross_variable_same,222,269,0222_1.jpg,0269_4.jpg,0
monitor,cross_variable_same,222,270,0222_1.jpg,0270_4.jpg,0
monitor,cross_variable_same,222,277,0222_1.jpg,0277_4.jpg,0
monitor,cross_variable_same,222,278,0222_1.jpg,0278_4.jpg,0
monitor,cross_variable_same,238,5,0238_1.jpg,0005_4.jpg,0
monitor,cross_variable_same,238,9,0238_1.jpg,0009_4.jpg,0
monitor,cross_variable_same,238,10,0238_1.jpg,0010_4.jpg,0
monitor,cross_variable_same,238,28,0238_1.jpg,0028_4.jpg,0
monitor,cross_variable_same,238,32,0238_1.jpg,0032_4.jpg,0
monitor,cross_variable_same,238,33,0238_1.jpg,0033_4.jpg,0
monitor,cross_variable_same,238,34,0238_1.jpg,0034_4.jpg,0
monitor,cross_variable_same,238,44,0238_1.jpg,0044_4.jpg,0
monitor,cross_variable_same,238,51,0238_1.jpg,0051_4.jpg,0
monitor,cross_variable_same,238,54,0238_1.jpg,0054_4.jpg,0
monitor,cross_variable_same,238,63,0238_1.jpg,0063_4.jpg,0
monitor,cross_variable_same,238,68,0238_1.jpg,0068_4.jpg,0
monitor,cross_variable_same,238,69,0238_1.jpg,0069_4.jpg,0
monitor,cross_variable_same,238,73,0238_1.jpg,0073_4.jpg,0
monitor,cross_variable_same,238,95,0238_1.jpg,0095_4.jpg,0
monitor,cross_variable_same,238,121,0238_1.jpg,0121_4.jpg,0
monitor,cross_variable_same,238,128,0238_1.jpg,0128_4.jpg,0
monitor,cross_variable_same,238,129,0238_1.jpg,0129_4.jpg,0
monitor,cross_variable_same,238,131,0238_1.jpg,0131_4.jpg,0
monitor,cross_variable_same,238,139,0238_1.jpg,0139_4.jpg,0
monitor,cross_variable_same,238,144,0238_1.jpg,0144_4.jpg,0
monitor,cross_variable_same,238,145,0238_1.jpg,0145_4.jpg,0
monitor,cross_variable_same,238,150,0238_1.jpg,0150_4.jpg,0
monitor,cross_variable_same,238,160,0238_1.jpg,0160_4.jpg,0
monitor,cross_variable_same,238,165,0238_1.jpg,0165_4.jpg,0
monitor,cross_variable_same,238,166,0238_1.jpg,0166_4.jpg,0
monitor,cross_variable_same,238,170,0238_1.jpg,0170_4.jpg,0
monitor,cross_variable_same,238,174,0238_1.jpg,0174_4.jpg,0
monitor,cross_variable_same,238,176,0238_1.jpg,0176_4.jpg,0
monitor,cross_variable_same,238,193,0238_1.jpg,0193_4.jpg,0
monitor,cross_variable_same,238,202,0238_1.jpg,0202_4.jpg,0
monitor,cross_variable_same,238,205,0238_1.jpg,0205_4.jpg,0
monitor,cross_variable_same,238,210,0238_1.jpg,0210_4.jpg,0
monitor,cross_variable_same,238,218,0238_1.jpg,0218_4.jpg,0
monitor,cross_variable_same,238,222,0238_1.jpg,0222_4.jpg,0
monitor,cross_variable_same,238,238,0238_1.jpg,0238_4.jpg,1
monitor,cross_variable_same,238,253,0238_1.jpg,0253_4.jpg,0
monitor,cross_variable_same,238,254,0238_1.jpg,0254_4.jpg,0
monitor,cross_variable_same,238,257,0238_1.jpg,0257_4.jpg,0
monitor,cross_variable_same,238,258,0238_1.jpg,0258_4.jpg,0
monitor,cross_variable_same,238,268,0238_1.jpg,0268_4.jpg,0
monitor,cross_variable_same,238,269,0238_1.jpg,0269_4.jpg,0
monitor,cross_variable_same,238,270,0238_1.jpg,0270_4.jpg,0
monitor,cross_variable_same,238,277,0238_1.jpg,0277_4.jpg,0
monitor,cross_variable_same,238,278,0238_1.jpg,0278_4.jpg,0
monitor,cross_variable_same,253,5,0253_1.jpg,0005_4.jpg,0
monitor,cross_variable_same,253,9,0253_1.jpg,0009_4.jpg,0
monitor,cross_variable_same,253,10,0253_1.jpg,0010_4.jpg,0
monitor,cross_variable_same,253,28,0253_1.jpg,0028_4.jpg,0
monitor,cross_variable_same,253,32,0253_1.jpg,0032_4.jpg,0
monitor,cross_variable_same,253,33,0253_1.jpg,0033_4.jpg,0
monitor,cross_variable_same,253,34,0253_1.jpg,0034_4.jpg,0
monitor,cross_variable_same,253,44,0253_1.jpg,0044_4.jpg,0
monitor,cross_variable_same,253,51,0253_1.jpg,0051_4.jpg,0
monitor,cross_variable_same,253,54,0253_1.jpg,0054_4.jpg,0
monitor,cross_variable_same,253,63,0253_1.jpg,0063_4.jpg,0
monitor,cross_variable_same,253,68,0253_1.jpg,0068_4.jpg,0
monitor,cross_variable_same,253,69,0253_1.jpg,0069_4.jpg,0
monitor,cross_variable_same,253,73,0253_1.jpg,0073_4.jpg,0
monitor,cross_variable_same,253,95,0253_1.jpg,0095_4.jpg,0
monitor,cross_variable_same,253,121,0253_1.jpg,0121_4.jpg,0
monitor,cross_variable_same,253,128,0253_1.jpg,0128_4.jpg,0
monitor,cross_variable_same,253,129,0253_1.jpg,0129_4.jpg,0
monitor,cross_variable_same,253,131,0253_1.jpg,0131_4.jpg,0
monitor,cross_variable_same,253,139,0253_1.jpg,0139_4.jpg,0
monitor,cross_variable_same,253,144,0253_1.jpg,0144_4.jpg,0
monitor,cross_variable_same,253,145,0253_1.jpg,0145_4.jpg,0
monitor,cross_variable_same,253,150,0253_1.jpg,0150_4.jpg,0
monitor,cross_variable_same,253,160,0253_1.jpg,0160_4.jpg,0
monitor,cross_variable_same,253,165,0253_1.jpg,0165_4.jpg,0
monitor,cross_variable_same,253,166,0253_1.jpg,0166_4.jpg,0
monitor,cross_variable_same,253,170,0253_1.jpg,0170_4.jpg,0
monitor,cross_variable_same,253,174,0253_1.jpg,0174_4.jpg,0
monitor,cross_variable_same,253,176,0253_1.jpg,0176_4.jpg,0
monitor,cross_variable_same,253,193,0253_1.jpg,0193_4.jpg,0
monitor,cross_variable_same,253,202,0253_1.jpg,0202_4.jpg,0
monitor,cross_variable_same,253,205,0253_1.jpg,0205_4.jpg,0
monitor,cross_variable_same,253,210,0253_1.jpg,0210_4.jpg,0
monitor,cross_variable_same,253,218,0253_1.jpg,0218_4.jpg,0
monitor,cross_variable_same,253,222,0253_1.jpg,0222_4.jpg,0
monitor,cross_variable_same,253,238,0253_1.jpg,0238_4.jpg,0
monitor,cross_variable_same,253,253,0253_1.jpg,0253_4.jpg,1
monitor,cross_variable_same,253,254,0253_1.jpg,0254_4.jpg,0
monitor,cross_variable_same,253,257,0253_1.jpg,0257_4.jpg,0
monitor,cross_variable_same,253,258,0253_1.jpg,0258_4.jpg,0
monitor,cross_variable_same,253,268,0253_1.jpg,0268_4.jpg,0
monitor,cross_variable_same,253,269,0253_1.jpg,0269_4.jpg,0
monitor,cross_variable_same,253,270,0253_1.jpg,0270_4.jpg,0
monitor,cross_variable_same,253,277,0253_1.jpg,0277_4.jpg,0
monitor,cross_variable_same,253,278,0253_1.jpg,0278_4.jpg,0
monitor,cross_variable_same,254,5,0254_1.jpg,0005_4.jpg,0
monitor,cross_variable_same,254,9,0254_1.jpg,0009_4.jpg,0
monitor,cross_variable_same,254,10,0254_1.jpg,0010_4.jpg,0
monitor,cross_variable_same,254,28,0254_1.jpg,0028_4.jpg,0
monitor,cross_variable_same,254,32,0254_1.jpg,0032_4.jpg,0
monitor,cross_variable_same,254,33,0254_1.jpg,0033_4.jpg,0
monitor,cross_variable_same,254,34,0254_1.jpg,0034_4.jpg,0
monitor,cross_variable_same,254,44,0254_1.jpg,0044_4.jpg,0
monitor,cross_variable_same,254,51,0254_1.jpg,0051_4.jpg,0
monitor,cross_variable_same,254,54,0254_1.jpg,0054_4.jpg,0
monitor,cross_variable_same,254,63,0254_1.jpg,0063_4.jpg,0
monitor,cross_variable_same,254,68,0254_1.jpg,0068_4.jpg,0
monitor,cross_variable_same,254,69,0254_1.jpg,0069_4.jpg,0
monitor,cross_variable_same,254,73,0254_1.jpg,0073_4.jpg,0
monitor,cross_variable_same,254,95,0254_1.jpg,0095_4.jpg,0
monitor,cross_variable_same,254,121,0254_1.jpg,0121_4.jpg,0
monitor,cross_variable_same,254,128,0254_1.jpg,0128_4.jpg,0
monitor,cross_variable_same,254,129,0254_1.jpg,0129_4.jpg,0
monitor,cross_variable_same,254,131,0254_1.jpg,0131_4.jpg,0
monitor,cross_variable_same,254,139,0254_1.jpg,0139_4.jpg,0
monitor,cross_variable_same,254,144,0254_1.jpg,0144_4.jpg,0
monitor,cross_variable_same,254,145,0254_1.jpg,0145_4.jpg,0
monitor,cross_variable_same,254,150,0254_1.jpg,0150_4.jpg,0
monitor,cross_variable_same,254,160,0254_1.jpg,0160_4.jpg,0
monitor,cross_variable_same,254,165,0254_1.jpg,0165_4.jpg,0
monitor,cross_variable_same,254,166,0254_1.jpg,0166_4.jpg,0
monitor,cross_variable_same,254,170,0254_1.jpg,0170_4.jpg,0
monitor,cross_variable_same,254,174,0254_1.jpg,0174_4.jpg,0
monitor,cross_variable_same,254,176,0254_1.jpg,0176_4.jpg,0
monitor,cross_variable_same,254,193,0254_1.jpg,0193_4.jpg,0
monitor,cross_variable_same,254,202,0254_1.jpg,0202_4.jpg,0
monitor,cross_variable_same,254,205,0254_1.jpg,0205_4.jpg,0
monitor,cross_variable_same,254,210,0254_1.jpg,0210_4.jpg,0
monitor,cross_variable_same,254,218,0254_1.jpg,0218_4.jpg,0
monitor,cross_variable_same,254,222,0254_1.jpg,0222_4.jpg,0
monitor,cross_variable_same,254,238,0254_1.jpg,0238_4.jpg,0
monitor,cross_variable_same,254,253,0254_1.jpg,0253_4.jpg,0
monitor,cross_variable_same,254,254,0254_1.jpg,0254_4.jpg,1
monitor,cross_variable_same,254,257,0254_1.jpg,0257_4.jpg,0
monitor,cross_variable_same,254,258,0254_1.jpg,0258_4.jpg,0
monitor,cross_variable_same,254,268,0254_1.jpg,0268_4.jpg,0
monitor,cross_variable_same,254,269,0254_1.jpg,0269_4.jpg,0
monitor,cross_variable_same,254,270,0254_1.jpg,0270_4.jpg,0
monitor,cross_variable_same,254,277,0254_1.jpg,0277_4.jpg,0
monitor,cross_variable_same,254,278,0254_1.jpg,0278_4.jpg,0
monitor,cross_variable_same,257,5,0257_1.jpg,0005_4.jpg,0
monitor,cross_variable_same,257,9,0257_1.jpg,0009_4.jpg,0
monitor,cross_variable_same,257,10,0257_1.jpg,0010_4.jpg,0
monitor,cross_variable_same,257,28,0257_1.jpg,0028_4.jpg,0
monitor,cross_variable_same,257,32,0257_1.jpg,0032_4.jpg,0
monitor,cross_variable_same,257,33,0257_1.jpg,0033_4.jpg,0
monitor,cross_variable_same,257,34,0257_1.jpg,0034_4.jpg,0
monitor,cross_variable_same,257,44,0257_1.jpg,0044_4.jpg,0
monitor,cross_variable_same,257,51,0257_1.jpg,0051_4.jpg,0
monitor,cross_variable_same,257,54,0257_1.jpg,0054_4.jpg,0
monitor,cross_variable_same,257,63,0257_1.jpg,0063_4.jpg,0
monitor,cross_variable_same,257,68,0257_1.jpg,0068_4.jpg,0
monitor,cross_variable_same,257,69,0257_1.jpg,0069_4.jpg,0
monitor,cross_variable_same,257,73,0257_1.jpg,0073_4.jpg,0
monitor,cross_variable_same,257,95,0257_1.jpg,0095_4.jpg,0
monitor,cross_variable_same,257,121,0257_1.jpg,0121_4.jpg,0
monitor,cross_variable_same,257,128,0257_1.jpg,0128_4.jpg,0
monitor,cross_variable_same,257,129,0257_1.jpg,0129_4.jpg,0
monitor,cross_variable_same,257,131,0257_1.jpg,0131_4.jpg,0
monitor,cross_variable_same,257,139,0257_1.jpg,0139_4.jpg,0
monitor,cross_variable_same,257,144,0257_1.jpg,0144_4.jpg,0
monitor,cross_variable_same,257,145,0257_1.jpg,0145_4.jpg,0
monitor,cross_variable_same,257,150,0257_1.jpg,0150_4.jpg,0
monitor,cross_variable_same,257,160,0257_1.jpg,0160_4.jpg,0
monitor,cross_variable_same,257,165,0257_1.jpg,0165_4.jpg,0
monitor,cross_variable_same,257,166,0257_1.jpg,0166_4.jpg,0
monitor,cross_variable_same,257,170,0257_1.jpg,0170_4.jpg,0
monitor,cross_variable_same,257,174,0257_1.jpg,0174_4.jpg,0
monitor,cross_variable_same,257,176,0257_1.jpg,0176_4.jpg,0
monitor,cross_variable_same,257,193,0257_1.jpg,0193_4.jpg,0
monitor,cross_variable_same,257,202,0257_1.jpg,0202_4.jpg,0
monitor,cross_variable_same,257,205,0257_1.jpg,0205_4.jpg,0
monitor,cross_variable_same,257,210,0257_1.jpg,0210_4.jpg,0
monitor,cross_variable_same,257,218,0257_1.jpg,0218_4.jpg,0
monitor,cross_variable_same,257,222,0257_1.jpg,0222_4.jpg,0
monitor,cross_variable_same,257,238,0257_1.jpg,0238_4.jpg,0
monitor,cross_variable_same,257,253,0257_1.jpg,0253_4.jpg,0
monitor,cross_variable_same,257,254,0257_1.jpg,0254_4.jpg,0
monitor,cross_variable_same,257,257,0257_1.jpg,0257_4.jpg,1
monitor,cross_variable_same,257,258,0257_1.jpg,0258_4.jpg,0
monitor,cross_variable_same,257,268,0257_1.jpg,0268_4.jpg,0
monitor,cross_variable_same,257,269,0257_1.jpg,0269_4.jpg,0
monitor,cross_variable_same,257,270,0257_1.jpg,0270_4.jpg,0
monitor,cross_variable_same,257,277,0257_1.jpg,0277_4.jpg,0
monitor,cross_variable_same,257,278,0257_1.jpg,0278_4.jpg,0
monitor,cross_variable_same,258,5,0258_1.jpg,0005_4.jpg,0
monitor,cross_variable_same,258,9,0258_1.jpg,0009_4.jpg,0
monitor,cross_variable_same,258,10,0258_1.jpg,0010_4.jpg,0
monitor,cross_variable_same,258,28,0258_1.jpg,0028_4.jpg,0
monitor,cross_variable_same,258,32,0258_1.jpg,0032_4.jpg,0
monitor,cross_variable_same,258,33,0258_1.jpg,0033_4.jpg,0
monitor,cross_variable_same,258,34,0258_1.jpg,0034_4.jpg,0
monitor,cross_variable_same,258,44,0258_1.jpg,0044_4.jpg,0
monitor,cross_variable_same,258,51,0258_1.jpg,0051_4.jpg,0
monitor,cross_variable_same,258,54,0258_1.jpg,0054_4.jpg,0
monitor,cross_variable_same,258,63,0258_1.jpg,0063_4.jpg,0
monitor,cross_variable_same,258,68,0258_1.jpg,0068_4.jpg,0
monitor,cross_variable_same,258,69,0258_1.jpg,0069_4.jpg,0
monitor,cross_variable_same,258,73,0258_1.jpg,0073_4.jpg,0
monitor,cross_variable_same,258,95,0258_1.jpg,0095_4.jpg,0
monitor,cross_variable_same,258,121,0258_1.jpg,0121_4.jpg,0
monitor,cross_variable_same,258,128,0258_1.jpg,0128_4.jpg,0
monitor,cross_variable_same,258,129,0258_1.jpg,0129_4.jpg,0
monitor,cross_variable_same,258,131,0258_1.jpg,0131_4.jpg,0
monitor,cross_variable_same,258,139,0258_1.jpg,0139_4.jpg,0
monitor,cross_variable_same,258,144,0258_1.jpg,0144_4.jpg,0
monitor,cross_variable_same,258,145,0258_1.jpg,0145_4.jpg,0
monitor,cross_variable_same,258,150,0258_1.jpg,0150_4.jpg,0
monitor,cross_variable_same,258,160,0258_1.jpg,0160_4.jpg,0
monitor,cross_variable_same,258,165,0258_1.jpg,0165_4.jpg,0
monitor,cross_variable_same,258,166,0258_1.jpg,0166_4.jpg,0
monitor,cross_variable_same,258,170,0258_1.jpg,0170_4.jpg,0
monitor,cross_variable_same,258,174,0258_1.jpg,0174_4.jpg,0
monitor,cross_variable_same,258,176,0258_1.jpg,0176_4.jpg,0
monitor,cross_variable_same,258,193,0258_1.jpg,0193_4.jpg,0
monitor,cross_variable_same,258,202,0258_1.jpg,0202_4.jpg,0
monitor,cross_variable_same,258,205,0258_1.jpg,0205_4.jpg,0
monitor,cross_variable_same,258,210,0258_1.jpg,0210_4.jpg,0
monitor,cross_variable_same,258,218,0258_1.jpg,0218_4.jpg,0
monitor,cross_variable_same,258,222,0258_1.jpg,0222_4.jpg,0
monitor,cross_variable_same,258,238,0258_1.jpg,0238_4.jpg,0
monitor,cross_variable_same,258,253,0258_1.jpg,0253_4.jpg,0
monitor,cross_variable_same,258,254,0258_1.jpg,0254_4.jpg,0
monitor,cross_variable_same,258,257,0258_1.jpg,0257_4.jpg,0
monitor,cross_variable_same,258,258,0258_1.jpg,0258_4.jpg,1
monitor,cross_variable_same,258,268,0258_1.jpg,0268_4.jpg,0
monitor,cross_variable_same,258,269,0258_1.jpg,0269_4.jpg,0
monitor,cross_variable_same,258,270,0258_1.jpg,0270_4.jpg,0
monitor,cross_variable_same,258,277,0258_1.jpg,0277_4.jpg,0
monitor,cross_variable_same,258,278,0258_1.jpg,0278_4.jpg,0
monitor,cross_variable_same,268,5,0268_1.jpg,0005_4.jpg,0
monitor,cross_variable_same,268,9,0268_1.jpg,0009_4.jpg,0
monitor,cross_variable_same,268,10,0268_1.jpg,0010_4.jpg,0
monitor,cross_variable_same,268,28,0268_1.jpg,0028_4.jpg,0
monitor,cross_variable_same,268,32,0268_1.jpg,0032_4.jpg,0
monitor,cross_variable_same,268,33,0268_1.jpg,0033_4.jpg,0
monitor,cross_variable_same,268,34,0268_1.jpg,0034_4.jpg,0
monitor,cross_variable_same,268,44,0268_1.jpg,0044_4.jpg,0
monitor,cross_variable_same,268,51,0268_1.jpg,0051_4.jpg,0
monitor,cross_variable_same,268,54,0268_1.jpg,0054_4.jpg,0
monitor,cross_variable_same,268,63,0268_1.jpg,0063_4.jpg,0
monitor,cross_variable_same,268,68,0268_1.jpg,0068_4.jpg,0
monitor,cross_variable_same,268,69,0268_1.jpg,0069_4.jpg,0
monitor,cross_variable_same,268,73,0268_1.jpg,0073_4.jpg,0
monitor,cross_variable_same,268,95,0268_1.jpg,0095_4.jpg,0
monitor,cross_variable_same,268,121,0268_1.jpg,0121_4.jpg,0
monitor,cross_variable_same,268,128,0268_1.jpg,0128_4.jpg,0
monitor,cross_variable_same,268,129,0268_1.jpg,0129_4.jpg,0
monitor,cross_variable_same,268,131,0268_1.jpg,0131_4.jpg,0
monitor,cross_variable_same,268,139,0268_1.jpg,0139_4.jpg,0
monitor,cross_variable_same,268,144,0268_1.jpg,0144_4.jpg,0
monitor,cross_variable_same,268,145,0268_1.jpg,0145_4.jpg,0
monitor,cross_variable_same,268,150,0268_1.jpg,0150_4.jpg,0
monitor,cross_variable_same,268,160,0268_1.jpg,0160_4.jpg,0
monitor,cross_variable_same,268,165,0268_1.jpg,0165_4.jpg,0
monitor,cross_variable_same,268,166,0268_1.jpg,0166_4.jpg,0
monitor,cross_variable_same,268,170,0268_1.jpg,0170_4.jpg,0
monitor,cross_variable_same,268,174,0268_1.jpg,0174_4.jpg,0
monitor,cross_variable_same,268,176,0268_1.jpg,0176_4.jpg,0
monitor,cross_variable_same,268,193,0268_1.jpg,0193_4.jpg,0
monitor,cross_variable_same,268,202,0268_1.jpg,0202_4.jpg,0
monitor,cross_variable_same,268,205,0268_1.jpg,0205_4.jpg,0
monitor,cross_variable_same,268,210,0268_1.jpg,0210_4.jpg,0
monitor,cross_variable_same,268,218,0268_1.jpg,0218_4.jpg,0
monitor,cross_variable_same,268,222,0268_1.jpg,0222_4.jpg,0
monitor,cross_variable_same,268,238,0268_1.jpg,0238_4.jpg,0
monitor,cross_variable_same,268,253,0268_1.jpg,0253_4.jpg,0
monitor,cross_variable_same,268,254,0268_1.jpg,0254_4.jpg,0
monitor,cross_variable_same,268,257,0268_1.jpg,0257_4.jpg,0
monitor,cross_variable_same,268,258,0268_1.jpg,0258_4.jpg,0
monitor,cross_variable_same,268,268,0268_1.jpg,0268_4.jpg,1
monitor,cross_variable_same,268,269,0268_1.jpg,0269_4.jpg,0
monitor,cross_variable_same,268,270,0268_1.jpg,0270_4.jpg,0
monitor,cross_variable_same,268,277,0268_1.jpg,0277_4.jpg,0
monitor,cross_variable_same,268,278,0268_1.jpg,0278_4.jpg,0
monitor,cross_variable_same,269,5,0269_1.jpg,0005_4.jpg,0
monitor,cross_variable_same,269,9,0269_1.jpg,0009_4.jpg,0
monitor,cross_variable_same,269,10,0269_1.jpg,0010_4.jpg,0
monitor,cross_variable_same,269,28,0269_1.jpg,0028_4.jpg,0
monitor,cross_variable_same,269,32,0269_1.jpg,0032_4.jpg,0
monitor,cross_variable_same,269,33,0269_1.jpg,0033_4.jpg,0
monitor,cross_variable_same,269,34,0269_1.jpg,0034_4.jpg,0
monitor,cross_variable_same,269,44,0269_1.jpg,0044_4.jpg,0
monitor,cross_variable_same,269,51,0269_1.jpg,0051_4.jpg,0
monitor,cross_variable_same,269,54,0269_1.jpg,0054_4.jpg,0
monitor,cross_variable_same,269,63,0269_1.jpg,0063_4.jpg,0
monitor,cross_variable_same,269,68,0269_1.jpg,0068_4.jpg,0
monitor,cross_variable_same,269,69,0269_1.jpg,0069_4.jpg,0
monitor,cross_variable_same,269,73,0269_1.jpg,0073_4.jpg,0
monitor,cross_variable_same,269,95,0269_1.jpg,0095_4.jpg,0
monitor,cross_variable_same,269,121,0269_1.jpg,0121_4.jpg,0
monitor,cross_variable_same,269,128,0269_1.jpg,0128_4.jpg,0
monitor,cross_variable_same,269,129,0269_1.jpg,0129_4.jpg,0
monitor,cross_variable_same,269,131,0269_1.jpg,0131_4.jpg,0
monitor,cross_variable_same,269,139,0269_1.jpg,0139_4.jpg,0
monitor,cross_variable_same,269,144,0269_1.jpg,0144_4.jpg,0
monitor,cross_variable_same,269,145,0269_1.jpg,0145_4.jpg,0
monitor,cross_variable_same,269,150,0269_1.jpg,0150_4.jpg,0
monitor,cross_variable_same,269,160,0269_1.jpg,0160_4.jpg,0
monitor,cross_variable_same,269,165,0269_1.jpg,0165_4.jpg,0
monitor,cross_variable_same,269,166,0269_1.jpg,0166_4.jpg,0
monitor,cross_variable_same,269,170,0269_1.jpg,0170_4.jpg,0
monitor,cross_variable_same,269,174,0269_1.jpg,0174_4.jpg,0
monitor,cross_variable_same,269,176,0269_1.jpg,0176_4.jpg,0
monitor,cross_variable_same,269,193,0269_1.jpg,0193_4.jpg,0
monitor,cross_variable_same,269,202,0269_1.jpg,0202_4.jpg,0
monitor,cross_variable_same,269,205,0269_1.jpg,0205_4.jpg,0
monitor,cross_variable_same,269,210,0269_1.jpg,0210_4.jpg,0
monitor,cross_variable_same,269,218,0269_1.jpg,0218_4.jpg,0
monitor,cross_variable_same,269,222,0269_1.jpg,0222_4.jpg,0
monitor,cross_variable_same,269,238,0269_1.jpg,0238_4.jpg,0
monitor,cross_variable_same,269,253,0269_1.jpg,0253_4.jpg,0
monitor,cross_variable_same,269,254,0269_1.jpg,0254_4.jpg,0
monitor,cross_variable_same,269,257,0269_1.jpg,0257_4.jpg,0
monitor,cross_variable_same,269,258,0269_1.jpg,0258_4.jpg,0
monitor,cross_variable_same,269,268,0269_1.jpg,0268_4.jpg,0
monitor,cross_variable_same,269,269,0269_1.jpg,0269_4.jpg,1
monitor,cross_variable_same,269,270,0269_1.jpg,0270_4.jpg,0
monitor,cross_variable_same,269,277,0269_1.jpg,0277_4.jpg,0
monitor,cross_variable_same,269,278,0269_1.jpg,0278_4.jpg,0
monitor,cross_variable_same,270,5,0270_1.jpg,0005_4.jpg,0
monitor,cross_variable_same,270,9,0270_1.jpg,0009_4.jpg,0
monitor,cross_variable_same,270,10,0270_1.jpg,0010_4.jpg,0
monitor,cross_variable_same,270,28,0270_1.jpg,0028_4.jpg,0
monitor,cross_variable_same,270,32,0270_1.jpg,0032_4.jpg,0
monitor,cross_variable_same,270,33,0270_1.jpg,0033_4.jpg,0
monitor,cross_variable_same,270,34,0270_1.jpg,0034_4.jpg,0
monitor,cross_variable_same,270,44,0270_1.jpg,0044_4.jpg,0
monitor,cross_variable_same,270,51,0270_1.jpg,0051_4.jpg,0
monitor,cross_variable_same,270,54,0270_1.jpg,0054_4.jpg,0
monitor,cross_variable_same,270,63,0270_1.jpg,0063_4.jpg,0
monitor,cross_variable_same,270,68,0270_1.jpg,0068_4.jpg,0
monitor,cross_variable_same,270,69,0270_1.jpg,0069_4.jpg,0
monitor,cross_variable_same,270,73,0270_1.jpg,0073_4.jpg,0
monitor,cross_variable_same,270,95,0270_1.jpg,0095_4.jpg,0
monitor,cross_variable_same,270,121,0270_1.jpg,0121_4.jpg,0
monitor,cross_variable_same,270,128,0270_1.jpg,0128_4.jpg,0
monitor,cross_variable_same,270,129,0270_1.jpg,0129_4.jpg,0
monitor,cross_variable_same,270,131,0270_1.jpg,0131_4.jpg,0
monitor,cross_variable_same,270,139,0270_1.jpg,0139_4.jpg,0
monitor,cross_variable_same,270,144,0270_1.jpg,0144_4.jpg,0
monitor,cross_variable_same,270,145,0270_1.jpg,0145_4.jpg,0
monitor,cross_variable_same,270,150,0270_1.jpg,0150_4.jpg,0
monitor,cross_variable_same,270,160,0270_1.jpg,0160_4.jpg,0
monitor,cross_variable_same,270,165,0270_1.jpg,0165_4.jpg,0
monitor,cross_variable_same,270,166,0270_1.jpg,0166_4.jpg,0
monitor,cross_variable_same,270,170,0270_1.jpg,0170_4.jpg,0
monitor,cross_variable_same,270,174,0270_1.jpg,0174_4.jpg,0
monitor,cross_variable_same,270,176,0270_1.jpg,0176_4.jpg,0
monitor,cross_variable_same,270,193,0270_1.jpg,0193_4.jpg,0
monitor,cross_variable_same,270,202,0270_1.jpg,0202_4.jpg,0
monitor,cross_variable_same,270,205,0270_1.jpg,0205_4.jpg,0
monitor,cross_variable_same,270,210,0270_1.jpg,0210_4.jpg,0
monitor,cross_variable_same,270,218,0270_1.jpg,0218_4.jpg,0
monitor,cross_variable_same,270,222,0270_1.jpg,0222_4.jpg,0
monitor,cross_variable_same,270,238,0270_1.jpg,0238_4.jpg,0
monitor,cross_variable_same,270,253,0270_1.jpg,0253_4.jpg,0
monitor,cross_variable_same,270,254,0270_1.jpg,0254_4.jpg,0
monitor,cross_variable_same,270,257,0270_1.jpg,0257_4.jpg,0
monitor,cross_variable_same,270,258,0270_1.jpg,0258_4.jpg,0
monitor,cross_variable_same,270,268,0270_1.jpg,0268_4.jpg,0
monitor,cross_variable_same,270,269,0270_1.jpg,0269_4.jpg,0
monitor,cross_variable_same,270,270,0270_1.jpg,0270_4.jpg,1
monitor,cross_variable_same,270,277,0270_1.jpg,0277_4.jpg,0
monitor,cross_variable_same,270,278,0270_1.jpg,0278_4.jpg,0
monitor,cross_variable_same,277,5,0277_1.jpg,0005_4.jpg,0
monitor,cross_variable_same,277,9,0277_1.jpg,0009_4.jpg,0
monitor,cross_variable_same,277,10,0277_1.jpg,0010_4.jpg,0
monitor,cross_variable_same,277,28,0277_1.jpg,0028_4.jpg,0
monitor,cross_variable_same,277,32,0277_1.jpg,0032_4.jpg,0
monitor,cross_variable_same,277,33,0277_1.jpg,0033_4.jpg,0
monitor,cross_variable_same,277,34,0277_1.jpg,0034_4.jpg,0
monitor,cross_variable_same,277,44,0277_1.jpg,0044_4.jpg,0
monitor,cross_variable_same,277,51,0277_1.jpg,0051_4.jpg,0
monitor,cross_variable_same,277,54,0277_1.jpg,0054_4.jpg,0
monitor,cross_variable_same,277,63,0277_1.jpg,0063_4.jpg,0
monitor,cross_variable_same,277,68,0277_1.jpg,0068_4.jpg,0
monitor,cross_variable_same,277,69,0277_1.jpg,0069_4.jpg,0
monitor,cross_variable_same,277,73,0277_1.jpg,0073_4.jpg,0
monitor,cross_variable_same,277,95,0277_1.jpg,0095_4.jpg,0
monitor,cross_variable_same,277,121,0277_1.jpg,0121_4.jpg,0
monitor,cross_variable_same,277,128,0277_1.jpg,0128_4.jpg,0
monitor,cross_variable_same,277,129,0277_1.jpg,0129_4.jpg,0
monitor,cross_variable_same,277,131,0277_1.jpg,0131_4.jpg,0
monitor,cross_variable_same,277,139,0277_1.jpg,0139_4.jpg,0
monitor,cross_variable_same,277,144,0277_1.jpg,0144_4.jpg,0
monitor,cross_variable_same,277,145,0277_1.jpg,0145_4.jpg,0
monitor,cross_variable_same,277,150,0277_1.jpg,0150_4.jpg,0
monitor,cross_variable_same,277,160,0277_1.jpg,0160_4.jpg,0
monitor,cross_variable_same,277,165,0277_1.jpg,0165_4.jpg,0
monitor,cross_variable_same,277,166,0277_1.jpg,0166_4.jpg,0
monitor,cross_variable_same,277,170,0277_1.jpg,0170_4.jpg,0
monitor,cross_variable_same,277,174,0277_1.jpg,0174_4.jpg,0
monitor,cross_variable_same,277,176,0277_1.jpg,0176_4.jpg,0
monitor,cross_variable_same,277,193,0277_1.jpg,0193_4.jpg,0
monitor,cross_variable_same,277,202,0277_1.jpg,0202_4.jpg,0
monitor,cross_variable_same,277,205,0277_1.jpg,0205_4.jpg,0
monitor,cross_variable_same,277,210,0277_1.jpg,0210_4.jpg,0
monitor,cross_variable_same,277,218,0277_1.jpg,0218_4.jpg,0
monitor,cross_variable_same,277,222,0277_1.jpg,0222_4.jpg,0
monitor,cross_variable_same,277,238,0277_1.jpg,0238_4.jpg,0
monitor,cross_variable_same,277,253,0277_1.jpg,0253_4.jpg,0
monitor,cross_variable_same,277,254,0277_1.jpg,0254_4.jpg,0
monitor,cross_variable_same,277,257,0277_1.jpg,0257_4.jpg,0
monitor,cross_variable_same,277,258,0277_1.jpg,0258_4.jpg,0
monitor,cross_variable_same,277,268,0277_1.jpg,0268_4.jpg,0
monitor,cross_variable_same,277,269,0277_1.jpg,0269_4.jpg,0
monitor,cross_variable_same,277,270,0277_1.jpg,0270_4.jpg,0
monitor,cross_variable_same,277,277,0277_1.jpg,0277_4.jpg,1
monitor,cross_variable_same,277,278,0277_1.jpg,0278_4.jpg,0
monitor,cross_variable_same,278,5,0278_1.jpg,0005_4.jpg,0
monitor,cross_variable_same,278,9,0278_1.jpg,0009_4.jpg,0
monitor,cross_variable_same,278,10,0278_1.jpg,0010_4.jpg,0
monitor,cross_variable_same,278,28,0278_1.jpg,0028_4.jpg,0
monitor,cross_variable_same,278,32,0278_1.jpg,0032_4.jpg,0
monitor,cross_variable_same,278,33,0278_1.jpg,0033_4.jpg,0
monitor,cross_variable_same,278,34,0278_1.jpg,0034_4.jpg,0
monitor,cross_variable_same,278,44,0278_1.jpg,0044_4.jpg,0
monitor,cross_variable_same,278,51,0278_1.jpg,0051_4.jpg,0
monitor,cross_variable_same,278,54,0278_1.jpg,0054_4.jpg,0
monitor,cross_variable_same,278,63,0278_1.jpg,0063_4.jpg,0
monitor,cross_variable_same,278,68,0278_1.jpg,0068_4.jpg,0
monitor,cross_variable_same,278,69,0278_1.jpg,0069_4.jpg,0
monitor,cross_variable_same,278,73,0278_1.jpg,0073_4.jpg,0
monitor,cross_variable_same,278,95,0278_1.jpg,0095_4.jpg,0
monitor,cross_variable_same,278,121,0278_1.jpg,0121_4.jpg,0
monitor,cross_variable_same,278,128,0278_1.jpg,0128_4.jpg,0
monitor,cross_variable_same,278,129,0278_1.jpg,0129_4.jpg,0
monitor,cross_variable_same,278,131,0278_1.jpg,0131_4.jpg,0
monitor,cross_variable_same,278,139,0278_1.jpg,0139_4.jpg,0
monitor,cross_variable_same,278,144,0278_1.jpg,0144_4.jpg,0
monitor,cross_variable_same,278,145,0278_1.jpg,0145_4.jpg,0
monitor,cross_variable_same,278,150,0278_1.jpg,0150_4.jpg,0
monitor,cross_variable_same,278,160,0278_1.jpg,0160_4.jpg,0
monitor,cross_variable_same,278,165,0278_1.jpg,0165_4.jpg,0
monitor,cross_variable_same,278,166,0278_1.jpg,0166_4.jpg,0
monitor,cross_variable_same,278,170,0278_1.jpg,0170_4.jpg,0
monitor,cross_variable_same,278,174,0278_1.jpg,0174_4.jpg,0
monitor,cross_variable_same,278,176,0278_1.jpg,0176_4.jpg,0
monitor,cross_variable_same,278,193,0278_1.jpg,0193_4.jpg,0
monitor,cross_variable_same,278,202,0278_1.jpg,0202_4.jpg,0
monitor,cross_variable_same,278,205,0278_1.jpg,0205_4.jpg,0
monitor,cross_variable_same,278,210,0278_1.jpg,0210_4.jpg,0
monitor,cross_variable_same,278,218,0278_1.jpg,0218_4.jpg,0
monitor,cross_variable_same,278,222,0278_1.jpg,0222_4.jpg,0
monitor,cross_variable_same,278,238,0278_1.jpg,0238_4.jpg,0
monitor,cross_variable_same,278,253,0278_1.jpg,0253_4.jpg,0
monitor,cross_variable_same,278,254,0278_1.jpg,0254_4.jpg,0
monitor,cross_variable_same,278,257,0278_1.jpg,0257_4.jpg,0
monitor,cross_variable_same,278,258,0278_1.jpg,0258_4.jpg,0
monitor,cross_variable_same,278,268,0278_1.jpg,0268_4.jpg,0
monitor,cross_variable_same,278,269,0278_1.jpg,0269_4.jpg,0
monitor,cross_variable_same,278,270,0278_1.jpg,0270_4.jpg,0
monitor,cross_variable_same,278,277,0278_1.jpg,0277_4.jpg,0
monitor,cross_variable_same,278,278,0278_1.jpg,0278_4.jpg,1
monitor,cross_same_variable,5,5,0005_2.jpg,0005_3.jpg,1
monitor,cross_same_variable,5,9,0005_2.jpg,0009_3.jpg,0
monitor,cross_same_variable,5,10,0005_2.jpg,0010_3.jpg,0
monitor,cross_same_variable,5,28,0005_2.jpg,0028_3.jpg,0
monitor,cross_same_variable,5,32,0005_2.jpg,0032_3.jpg,0
monitor,cross_same_variable,5,33,0005_2.jpg,0033_3.jpg,0
monitor,cross_same_variable,5,34,0005_2.jpg,0034_3.jpg,0
monitor,cross_same_variable,5,44,0005_2.jpg,0044_3.jpg,0
monitor,cross_same_variable,5,51,0005_2.jpg,0051_3.jpg,0
monitor,cross_same_variable,5,54,0005_2.jpg,0054_3.jpg,0
monitor,cross_same_variable,5,63,0005_2.jpg,0063_3.jpg,0
monitor,cross_same_variable,5,68,0005_2.jpg,0068_3.jpg,0
monitor,cross_same_variable,5,69,0005_2.jpg,0069_3.jpg,0
monitor,cross_same_variable,5,73,0005_2.jpg,0073_3.jpg,0
monitor,cross_same_variable,5,95,0005_2.jpg,0095_3.jpg,0
monitor,cross_same_variable,5,121,0005_2.jpg,0121_3.jpg,0
monitor,cross_same_variable,5,128,0005_2.jpg,0128_3.jpg,0
monitor,cross_same_variable,5,129,0005_2.jpg,0129_3.jpg,0
monitor,cross_same_variable,5,131,0005_2.jpg,0131_3.jpg,0
monitor,cross_same_variable,5,139,0005_2.jpg,0139_3.jpg,0
monitor,cross_same_variable,5,144,0005_2.jpg,0144_3.jpg,0
monitor,cross_same_variable,5,145,0005_2.jpg,0145_3.jpg,0
monitor,cross_same_variable,5,150,0005_2.jpg,0150_3.jpg,0
monitor,cross_same_variable,5,160,0005_2.jpg,0160_3.jpg,0
monitor,cross_same_variable,5,165,0005_2.jpg,0165_3.jpg,0
monitor,cross_same_variable,5,166,0005_2.jpg,0166_3.jpg,0
monitor,cross_same_variable,5,170,0005_2.jpg,0170_3.jpg,0
monitor,cross_same_variable,5,174,0005_2.jpg,0174_3.jpg,0
monitor,cross_same_variable,5,176,0005_2.jpg,0176_3.jpg,0
monitor,cross_same_variable,5,193,0005_2.jpg,0193_3.jpg,0
monitor,cross_same_variable,5,202,0005_2.jpg,0202_3.jpg,0
monitor,cross_same_variable,5,205,0005_2.jpg,0205_3.jpg,0
monitor,cross_same_variable,5,210,0005_2.jpg,0210_3.jpg,0
monitor,cross_same_variable,5,218,0005_2.jpg,0218_3.jpg,0
monitor,cross_same_variable,5,222,0005_2.jpg,0222_3.jpg,0
monitor,cross_same_variable,5,238,0005_2.jpg,0238_3.jpg,0
monitor,cross_same_variable,5,253,0005_2.jpg,0253_3.jpg,0
monitor,cross_same_variable,5,254,0005_2.jpg,0254_3.jpg,0
monitor,cross_same_variable,5,257,0005_2.jpg,0257_3.jpg,0
monitor,cross_same_variable,5,258,0005_2.jpg,0258_3.jpg,0
monitor,cross_same_variable,5,268,0005_2.jpg,0268_3.jpg,0
monitor,cross_same_variable,5,269,0005_2.jpg,0269_3.jpg,0
monitor,cross_same_variable,5,270,0005_2.jpg,0270_3.jpg,0
monitor,cross_same_variable,5,277,0005_2.jpg,0277_3.jpg,0
monitor,cross_same_variable,5,278,0005_2.jpg,0278_3.jpg,0
monitor,cross_same_variable,9,5,0009_2.jpg,0005_3.jpg,0
monitor,cross_same_variable,9,9,0009_2.jpg,0009_3.jpg,1
monitor,cross_same_variable,9,10,0009_2.jpg,0010_3.jpg,0
monitor,cross_same_variable,9,28,0009_2.jpg,0028_3.jpg,0
monitor,cross_same_variable,9,32,0009_2.jpg,0032_3.jpg,0
monitor,cross_same_variable,9,33,0009_2.jpg,0033_3.jpg,0
monitor,cross_same_variable,9,34,0009_2.jpg,0034_3.jpg,0
monitor,cross_same_variable,9,44,0009_2.jpg,0044_3.jpg,0
monitor,cross_same_variable,9,51,0009_2.jpg,0051_3.jpg,0
monitor,cross_same_variable,9,54,0009_2.jpg,0054_3.jpg,0
monitor,cross_same_variable,9,63,0009_2.jpg,0063_3.jpg,0
monitor,cross_same_variable,9,68,0009_2.jpg,0068_3.jpg,0
monitor,cross_same_variable,9,69,0009_2.jpg,0069_3.jpg,0
monitor,cross_same_variable,9,73,0009_2.jpg,0073_3.jpg,0
monitor,cross_same_variable,9,95,0009_2.jpg,0095_3.jpg,0
monitor,cross_same_variable,9,121,0009_2.jpg,0121_3.jpg,0
monitor,cross_same_variable,9,128,0009_2.jpg,0128_3.jpg,0
monitor,cross_same_variable,9,129,0009_2.jpg,0129_3.jpg,0
monitor,cross_same_variable,9,131,0009_2.jpg,0131_3.jpg,0
monitor,cross_same_variable,9,139,0009_2.jpg,0139_3.jpg,0
monitor,cross_same_variable,9,144,0009_2.jpg,0144_3.jpg,0
monitor,cross_same_variable,9,145,0009_2.jpg,0145_3.jpg,0
monitor,cross_same_variable,9,150,0009_2.jpg,0150_3.jpg,0
monitor,cross_same_variable,9,160,0009_2.jpg,0160_3.jpg,0
monitor,cross_same_variable,9,165,0009_2.jpg,0165_3.jpg,0
monitor,cross_same_variable,9,166,0009_2.jpg,0166_3.jpg,0
monitor,cross_same_variable,9,170,0009_2.jpg,0170_3.jpg,0
monitor,cross_same_variable,9,174,0009_2.jpg,0174_3.jpg,0
monitor,cross_same_variable,9,176,0009_2.jpg,0176_3.jpg,0
monitor,cross_same_variable,9,193,0009_2.jpg,0193_3.jpg,0
monitor,cross_same_variable,9,202,0009_2.jpg,0202_3.jpg,0
monitor,cross_same_variable,9,205,0009_2.jpg,0205_3.jpg,0
monitor,cross_same_variable,9,210,0009_2.jpg,0210_3.jpg,0
monitor,cross_same_variable,9,218,0009_2.jpg,0218_3.jpg,0
monitor,cross_same_variable,9,222,0009_2.jpg,0222_3.jpg,0
monitor,cross_same_variable,9,238,0009_2.jpg,0238_3.jpg,0
monitor,cross_same_variable,9,253,0009_2.jpg,0253_3.jpg,0
monitor,cross_same_variable,9,254,0009_2.jpg,0254_3.jpg,0
monitor,cross_same_variable,9,257,0009_2.jpg,0257_3.jpg,0
monitor,cross_same_variable,9,258,0009_2.jpg,0258_3.jpg,0
monitor,cross_same_variable,9,268,0009_2.jpg,0268_3.jpg,0
monitor,cross_same_variable,9,269,0009_2.jpg,0269_3.jpg,0
monitor,cross_same_variable,9,270,0009_2.jpg,0270_3.jpg,0
monitor,cross_same_variable,9,277,0009_2.jpg,0277_3.jpg,0
monitor,cross_same_variable,9,278,0009_2.jpg,0278_3.jpg,0
monitor,cross_same_variable,10,5,0010_2.jpg,0005_3.jpg,0
monitor,cross_same_variable,10,9,0010_2.jpg,0009_3.jpg,0
monitor,cross_same_variable,10,10,0010_2.jpg,0010_3.jpg,1
monitor,cross_same_variable,10,28,0010_2.jpg,0028_3.jpg,0
monitor,cross_same_variable,10,32,0010_2.jpg,0032_3.jpg,0
monitor,cross_same_variable,10,33,0010_2.jpg,0033_3.jpg,0
monitor,cross_same_variable,10,34,0010_2.jpg,0034_3.jpg,0
monitor,cross_same_variable,10,44,0010_2.jpg,0044_3.jpg,0
monitor,cross_same_variable,10,51,0010_2.jpg,0051_3.jpg,0
monitor,cross_same_variable,10,54,0010_2.jpg,0054_3.jpg,0
monitor,cross_same_variable,10,63,0010_2.jpg,0063_3.jpg,0
monitor,cross_same_variable,10,68,0010_2.jpg,0068_3.jpg,0
monitor,cross_same_variable,10,69,0010_2.jpg,0069_3.jpg,0
monitor,cross_same_variable,10,73,0010_2.jpg,0073_3.jpg,0
monitor,cross_same_variable,10,95,0010_2.jpg,0095_3.jpg,0
monitor,cross_same_variable,10,121,0010_2.jpg,0121_3.jpg,0
monitor,cross_same_variable,10,128,0010_2.jpg,0128_3.jpg,0
monitor,cross_same_variable,10,129,0010_2.jpg,0129_3.jpg,0
monitor,cross_same_variable,10,131,0010_2.jpg,0131_3.jpg,0
monitor,cross_same_variable,10,139,0010_2.jpg,0139_3.jpg,0
monitor,cross_same_variable,10,144,0010_2.jpg,0144_3.jpg,0
monitor,cross_same_variable,10,145,0010_2.jpg,0145_3.jpg,0
monitor,cross_same_variable,10,150,0010_2.jpg,0150_3.jpg,0
monitor,cross_same_variable,10,160,0010_2.jpg,0160_3.jpg,0
monitor,cross_same_variable,10,165,0010_2.jpg,0165_3.jpg,0
monitor,cross_same_variable,10,166,0010_2.jpg,0166_3.jpg,0
monitor,cross_same_variable,10,170,0010_2.jpg,0170_3.jpg,0
monitor,cross_same_variable,10,174,0010_2.jpg,0174_3.jpg,0
monitor,cross_same_variable,10,176,0010_2.jpg,0176_3.jpg,0
monitor,cross_same_variable,10,193,0010_2.jpg,0193_3.jpg,0
monitor,cross_same_variable,10,202,0010_2.jpg,0202_3.jpg,0
monitor,cross_same_variable,10,205,0010_2.jpg,0205_3.jpg,0
monitor,cross_same_variable,10,210,0010_2.jpg,0210_3.jpg,0
monitor,cross_same_variable,10,218,0010_2.jpg,0218_3.jpg,0
monitor,cross_same_variable,10,222,0010_2.jpg,0222_3.jpg,0
monitor,cross_same_variable,10,238,0010_2.jpg,0238_3.jpg,0
monitor,cross_same_variable,10,253,0010_2.jpg,0253_3.jpg,0
monitor,cross_same_variable,10,254,0010_2.jpg,0254_3.jpg,0
monitor,cross_same_variable,10,257,0010_2.jpg,0257_3.jpg,0
monitor,cross_same_variable,10,258,0010_2.jpg,0258_3.jpg,0
monitor,cross_same_variable,10,268,0010_2.jpg,0268_3.jpg,0
monitor,cross_same_variable,10,269,0010_2.jpg,0269_3.jpg,0
monitor,cross_same_variable,10,270,0010_2.jpg,0270_3.jpg,0
monitor,cross_same_variable,10,277,0010_2.jpg,0277_3.jpg,0
monitor,cross_same_variable,10,278,0010_2.jpg,0278_3.jpg,0
monitor,cross_same_variable,28,5,0028_2.jpg,0005_3.jpg,0
monitor,cross_same_variable,28,9,0028_2.jpg,0009_3.jpg,0
monitor,cross_same_variable,28,10,0028_2.jpg,0010_3.jpg,0
monitor,cross_same_variable,28,28,0028_2.jpg,0028_3.jpg,1
monitor,cross_same_variable,28,32,0028_2.jpg,0032_3.jpg,0
monitor,cross_same_variable,28,33,0028_2.jpg,0033_3.jpg,0
monitor,cross_same_variable,28,34,0028_2.jpg,0034_3.jpg,0
monitor,cross_same_variable,28,44,0028_2.jpg,0044_3.jpg,0
monitor,cross_same_variable,28,51,0028_2.jpg,0051_3.jpg,0
monitor,cross_same_variable,28,54,0028_2.jpg,0054_3.jpg,0
monitor,cross_same_variable,28,63,0028_2.jpg,0063_3.jpg,0
monitor,cross_same_variable,28,68,0028_2.jpg,0068_3.jpg,0
monitor,cross_same_variable,28,69,0028_2.jpg,0069_3.jpg,0
monitor,cross_same_variable,28,73,0028_2.jpg,0073_3.jpg,0
monitor,cross_same_variable,28,95,0028_2.jpg,0095_3.jpg,0
monitor,cross_same_variable,28,121,0028_2.jpg,0121_3.jpg,0
monitor,cross_same_variable,28,128,0028_2.jpg,0128_3.jpg,0
monitor,cross_same_variable,28,129,0028_2.jpg,0129_3.jpg,0
monitor,cross_same_variable,28,131,0028_2.jpg,0131_3.jpg,0
monitor,cross_same_variable,28,139,0028_2.jpg,0139_3.jpg,0
monitor,cross_same_variable,28,144,0028_2.jpg,0144_3.jpg,0
monitor,cross_same_variable,28,145,0028_2.jpg,0145_3.jpg,0
monitor,cross_same_variable,28,150,0028_2.jpg,0150_3.jpg,0
monitor,cross_same_variable,28,160,0028_2.jpg,0160_3.jpg,0
monitor,cross_same_variable,28,165,0028_2.jpg,0165_3.jpg,0
monitor,cross_same_variable,28,166,0028_2.jpg,0166_3.jpg,0
monitor,cross_same_variable,28,170,0028_2.jpg,0170_3.jpg,0
monitor,cross_same_variable,28,174,0028_2.jpg,0174_3.jpg,0
monitor,cross_same_variable,28,176,0028_2.jpg,0176_3.jpg,0
monitor,cross_same_variable,28,193,0028_2.jpg,0193_3.jpg,0
monitor,cross_same_variable,28,202,0028_2.jpg,0202_3.jpg,0
monitor,cross_same_variable,28,205,0028_2.jpg,0205_3.jpg,0
monitor,cross_same_variable,28,210,0028_2.jpg,0210_3.jpg,0
monitor,cross_same_variable,28,218,0028_2.jpg,0218_3.jpg,0
monitor,cross_same_variable,28,222,0028_2.jpg,0222_3.jpg,0
monitor,cross_same_variable,28,238,0028_2.jpg,0238_3.jpg,0
monitor,cross_same_variable,28,253,0028_2.jpg,0253_3.jpg,0
monitor,cross_same_variable,28,254,0028_2.jpg,0254_3.jpg,0
monitor,cross_same_variable,28,257,0028_2.jpg,0257_3.jpg,0
monitor,cross_same_variable,28,258,0028_2.jpg,0258_3.jpg,0
monitor,cross_same_variable,28,268,0028_2.jpg,0268_3.jpg,0
monitor,cross_same_variable,28,269,0028_2.jpg,0269_3.jpg,0
monitor,cross_same_variable,28,270,0028_2.jpg,0270_3.jpg,0
monitor,cross_same_variable,28,277,0028_2.jpg,0277_3.jpg,0
monitor,cross_same_variable,28,278,0028_2.jpg,0278_3.jpg,0
monitor,cross_same_variable,32,5,0032_2.jpg,0005_3.jpg,0
monitor,cross_same_variable,32,9,0032_2.jpg,0009_3.jpg,0
monitor,cross_same_variable,32,10,0032_2.jpg,0010_3.jpg,0
monitor,cross_same_variable,32,28,0032_2.jpg,0028_3.jpg,0
monitor,cross_same_variable,32,32,0032_2.jpg,0032_3.jpg,1
monitor,cross_same_variable,32,33,0032_2.jpg,0033_3.jpg,0
monitor,cross_same_variable,32,34,0032_2.jpg,0034_3.jpg,0
monitor,cross_same_variable,32,44,0032_2.jpg,0044_3.jpg,0
monitor,cross_same_variable,32,51,0032_2.jpg,0051_3.jpg,0
monitor,cross_same_variable,32,54,0032_2.jpg,0054_3.jpg,0
monitor,cross_same_variable,32,63,0032_2.jpg,0063_3.jpg,0
monitor,cross_same_variable,32,68,0032_2.jpg,0068_3.jpg,0
monitor,cross_same_variable,32,69,0032_2.jpg,0069_3.jpg,0
monitor,cross_same_variable,32,73,0032_2.jpg,0073_3.jpg,0
monitor,cross_same_variable,32,95,0032_2.jpg,0095_3.jpg,0
monitor,cross_same_variable,32,121,0032_2.jpg,0121_3.jpg,0
monitor,cross_same_variable,32,128,0032_2.jpg,0128_3.jpg,0
monitor,cross_same_variable,32,129,0032_2.jpg,0129_3.jpg,0
monitor,cross_same_variable,32,131,0032_2.jpg,0131_3.jpg,0
monitor,cross_same_variable,32,139,0032_2.jpg,0139_3.jpg,0
monitor,cross_same_variable,32,144,0032_2.jpg,0144_3.jpg,0
monitor,cross_same_variable,32,145,0032_2.jpg,0145_3.jpg,0
monitor,cross_same_variable,32,150,0032_2.jpg,0150_3.jpg,0
monitor,cross_same_variable,32,160,0032_2.jpg,0160_3.jpg,0
monitor,cross_same_variable,32,165,0032_2.jpg,0165_3.jpg,0
monitor,cross_same_variable,32,166,0032_2.jpg,0166_3.jpg,0
monitor,cross_same_variable,32,170,0032_2.jpg,0170_3.jpg,0
monitor,cross_same_variable,32,174,0032_2.jpg,0174_3.jpg,0
monitor,cross_same_variable,32,176,0032_2.jpg,0176_3.jpg,0
monitor,cross_same_variable,32,193,0032_2.jpg,0193_3.jpg,0
monitor,cross_same_variable,32,202,0032_2.jpg,0202_3.jpg,0
monitor,cross_same_variable,32,205,0032_2.jpg,0205_3.jpg,0
monitor,cross_same_variable,32,210,0032_2.jpg,0210_3.jpg,0
monitor,cross_same_variable,32,218,0032_2.jpg,0218_3.jpg,0
monitor,cross_same_variable,32,222,0032_2.jpg,0222_3.jpg,0
monitor,cross_same_variable,32,238,0032_2.jpg,0238_3.jpg,0
monitor,cross_same_variable,32,253,0032_2.jpg,0253_3.jpg,0
monitor,cross_same_variable,32,254,0032_2.jpg,0254_3.jpg,0
monitor,cross_same_variable,32,257,0032_2.jpg,0257_3.jpg,0
monitor,cross_same_variable,32,258,0032_2.jpg,0258_3.jpg,0
monitor,cross_same_variable,32,268,0032_2.jpg,0268_3.jpg,0
monitor,cross_same_variable,32,269,0032_2.jpg,0269_3.jpg,0
monitor,cross_same_variable,32,270,0032_2.jpg,0270_3.jpg,0
monitor,cross_same_variable,32,277,0032_2.jpg,0277_3.jpg,0
monitor,cross_same_variable,32,278,0032_2.jpg,0278_3.jpg,0
monitor,cross_same_variable,33,5,0033_2.jpg,0005_3.jpg,0
monitor,cross_same_variable,33,9,0033_2.jpg,0009_3.jpg,0
monitor,cross_same_variable,33,10,0033_2.jpg,0010_3.jpg,0
monitor,cross_same_variable,33,28,0033_2.jpg,0028_3.jpg,0
monitor,cross_same_variable,33,32,0033_2.jpg,0032_3.jpg,0
monitor,cross_same_variable,33,33,0033_2.jpg,0033_3.jpg,1
monitor,cross_same_variable,33,34,0033_2.jpg,0034_3.jpg,0
monitor,cross_same_variable,33,44,0033_2.jpg,0044_3.jpg,0
monitor,cross_same_variable,33,51,0033_2.jpg,0051_3.jpg,0
monitor,cross_same_variable,33,54,0033_2.jpg,0054_3.jpg,0
monitor,cross_same_variable,33,63,0033_2.jpg,0063_3.jpg,0
monitor,cross_same_variable,33,68,0033_2.jpg,0068_3.jpg,0
monitor,cross_same_variable,33,69,0033_2.jpg,0069_3.jpg,0
monitor,cross_same_variable,33,73,0033_2.jpg,0073_3.jpg,0
monitor,cross_same_variable,33,95,0033_2.jpg,0095_3.jpg,0
monitor,cross_same_variable,33,121,0033_2.jpg,0121_3.jpg,0
monitor,cross_same_variable,33,128,0033_2.jpg,0128_3.jpg,0
monitor,cross_same_variable,33,129,0033_2.jpg,0129_3.jpg,0
monitor,cross_same_variable,33,131,0033_2.jpg,0131_3.jpg,0
monitor,cross_same_variable,33,139,0033_2.jpg,0139_3.jpg,0
monitor,cross_same_variable,33,144,0033_2.jpg,0144_3.jpg,0
monitor,cross_same_variable,33,145,0033_2.jpg,0145_3.jpg,0
monitor,cross_same_variable,33,150,0033_2.jpg,0150_3.jpg,0
monitor,cross_same_variable,33,160,0033_2.jpg,0160_3.jpg,0
monitor,cross_same_variable,33,165,0033_2.jpg,0165_3.jpg,0
monitor,cross_same_variable,33,166,0033_2.jpg,0166_3.jpg,0
monitor,cross_same_variable,33,170,0033_2.jpg,0170_3.jpg,0
monitor,cross_same_variable,33,174,0033_2.jpg,0174_3.jpg,0
monitor,cross_same_variable,33,176,0033_2.jpg,0176_3.jpg,0
monitor,cross_same_variable,33,193,0033_2.jpg,0193_3.jpg,0
monitor,cross_same_variable,33,202,0033_2.jpg,0202_3.jpg,0
monitor,cross_same_variable,33,205,0033_2.jpg,0205_3.jpg,0
monitor,cross_same_variable,33,210,0033_2.jpg,0210_3.jpg,0
monitor,cross_same_variable,33,218,0033_2.jpg,0218_3.jpg,0
monitor,cross_same_variable,33,222,0033_2.jpg,0222_3.jpg,0
monitor,cross_same_variable,33,238,0033_2.jpg,0238_3.jpg,0
monitor,cross_same_variable,33,253,0033_2.jpg,0253_3.jpg,0
monitor,cross_same_variable,33,254,0033_2.jpg,0254_3.jpg,0
monitor,cross_same_variable,33,257,0033_2.jpg,0257_3.jpg,0
monitor,cross_same_variable,33,258,0033_2.jpg,0258_3.jpg,0
monitor,cross_same_variable,33,268,0033_2.jpg,0268_3.jpg,0
monitor,cross_same_variable,33,269,0033_2.jpg,0269_3.jpg,0
monitor,cross_same_variable,33,270,0033_2.jpg,0270_3.jpg,0
monitor,cross_same_variable,33,277,0033_2.jpg,0277_3.jpg,0
monitor,cross_same_variable,33,278,0033_2.jpg,0278_3.jpg,0
monitor,cross_same_variable,34,5,0034_2.jpg,0005_3.jpg,0
monitor,cross_same_variable,34,9,0034_2.jpg,0009_3.jpg,0
monitor,cross_same_variable,34,10,0034_2.jpg,0010_3.jpg,0
monitor,cross_same_variable,34,28,0034_2.jpg,0028_3.jpg,0
monitor,cross_same_variable,34,32,0034_2.jpg,0032_3.jpg,0
monitor,cross_same_variable,34,33,0034_2.jpg,0033_3.jpg,0
monitor,cross_same_variable,34,34,0034_2.jpg,0034_3.jpg,1
monitor,cross_same_variable,34,44,0034_2.jpg,0044_3.jpg,0
monitor,cross_same_variable,34,51,0034_2.jpg,0051_3.jpg,0
monitor,cross_same_variable,34,54,0034_2.jpg,0054_3.jpg,0
monitor,cross_same_variable,34,63,0034_2.jpg,0063_3.jpg,0
monitor,cross_same_variable,34,68,0034_2.jpg,0068_3.jpg,0
monitor,cross_same_variable,34,69,0034_2.jpg,0069_3.jpg,0
monitor,cross_same_variable,34,73,0034_2.jpg,0073_3.jpg,0
monitor,cross_same_variable,34,95,0034_2.jpg,0095_3.jpg,0
monitor,cross_same_variable,34,121,0034_2.jpg,0121_3.jpg,0
monitor,cross_same_variable,34,128,0034_2.jpg,0128_3.jpg,0
monitor,cross_same_variable,34,129,0034_2.jpg,0129_3.jpg,0
monitor,cross_same_variable,34,131,0034_2.jpg,0131_3.jpg,0
monitor,cross_same_variable,34,139,0034_2.jpg,0139_3.jpg,0
monitor,cross_same_variable,34,144,0034_2.jpg,0144_3.jpg,0
monitor,cross_same_variable,34,145,0034_2.jpg,0145_3.jpg,0
monitor,cross_same_variable,34,150,0034_2.jpg,0150_3.jpg,0
monitor,cross_same_variable,34,160,0034_2.jpg,0160_3.jpg,0
monitor,cross_same_variable,34,165,0034_2.jpg,0165_3.jpg,0
monitor,cross_same_variable,34,166,0034_2.jpg,0166_3.jpg,0
monitor,cross_same_variable,34,170,0034_2.jpg,0170_3.jpg,0
monitor,cross_same_variable,34,174,0034_2.jpg,0174_3.jpg,0
monitor,cross_same_variable,34,176,0034_2.jpg,0176_3.jpg,0
monitor,cross_same_variable,34,193,0034_2.jpg,0193_3.jpg,0
monitor,cross_same_variable,34,202,0034_2.jpg,0202_3.jpg,0
monitor,cross_same_variable,34,205,0034_2.jpg,0205_3.jpg,0
monitor,cross_same_variable,34,210,0034_2.jpg,0210_3.jpg,0
monitor,cross_same_variable,34,218,0034_2.jpg,0218_3.jpg,0
monitor,cross_same_variable,34,222,0034_2.jpg,0222_3.jpg,0
monitor,cross_same_variable,34,238,0034_2.jpg,0238_3.jpg,0
monitor,cross_same_variable,34,253,0034_2.jpg,0253_3.jpg,0
monitor,cross_same_variable,34,254,0034_2.jpg,0254_3.jpg,0
monitor,cross_same_variable,34,257,0034_2.jpg,0257_3.jpg,0
monitor,cross_same_variable,34,258,0034_2.jpg,0258_3.jpg,0
monitor,cross_same_variable,34,268,0034_2.jpg,0268_3.jpg,0
monitor,cross_same_variable,34,269,0034_2.jpg,0269_3.jpg,0
monitor,cross_same_variable,34,270,0034_2.jpg,0270_3.jpg,0
monitor,cross_same_variable,34,277,0034_2.jpg,0277_3.jpg,0
monitor,cross_same_variable,34,278,0034_2.jpg,0278_3.jpg,0
monitor,cross_same_variable,44,5,0044_2.jpg,0005_3.jpg,0
monitor,cross_same_variable,44,9,0044_2.jpg,0009_3.jpg,0
monitor,cross_same_variable,44,10,0044_2.jpg,0010_3.jpg,0
monitor,cross_same_variable,44,28,0044_2.jpg,0028_3.jpg,0
monitor,cross_same_variable,44,32,0044_2.jpg,0032_3.jpg,0
monitor,cross_same_variable,44,33,0044_2.jpg,0033_3.jpg,0
monitor,cross_same_variable,44,34,0044_2.jpg,0034_3.jpg,0
monitor,cross_same_variable,44,44,0044_2.jpg,0044_3.jpg,1
monitor,cross_same_variable,44,51,0044_2.jpg,0051_3.jpg,0
monitor,cross_same_variable,44,54,0044_2.jpg,0054_3.jpg,0
monitor,cross_same_variable,44,63,0044_2.jpg,0063_3.jpg,0
monitor,cross_same_variable,44,68,0044_2.jpg,0068_3.jpg,0
monitor,cross_same_variable,44,69,0044_2.jpg,0069_3.jpg,0
monitor,cross_same_variable,44,73,0044_2.jpg,0073_3.jpg,0
monitor,cross_same_variable,44,95,0044_2.jpg,0095_3.jpg,0
monitor,cross_same_variable,44,121,0044_2.jpg,0121_3.jpg,0
monitor,cross_same_variable,44,128,0044_2.jpg,0128_3.jpg,0
monitor,cross_same_variable,44,129,0044_2.jpg,0129_3.jpg,0
monitor,cross_same_variable,44,131,0044_2.jpg,0131_3.jpg,0
monitor,cross_same_variable,44,139,0044_2.jpg,0139_3.jpg,0
monitor,cross_same_variable,44,144,0044_2.jpg,0144_3.jpg,0
monitor,cross_same_variable,44,145,0044_2.jpg,0145_3.jpg,0
monitor,cross_same_variable,44,150,0044_2.jpg,0150_3.jpg,0
monitor,cross_same_variable,44,160,0044_2.jpg,0160_3.jpg,0
monitor,cross_same_variable,44,165,0044_2.jpg,0165_3.jpg,0
monitor,cross_same_variable,44,166,0044_2.jpg,0166_3.jpg,0
monitor,cross_same_variable,44,170,0044_2.jpg,0170_3.jpg,0
monitor,cross_same_variable,44,174,0044_2.jpg,0174_3.jpg,0
monitor,cross_same_variable,44,176,0044_2.jpg,0176_3.jpg,0
monitor,cross_same_variable,44,193,0044_2.jpg,0193_3.jpg,0
monitor,cross_same_variable,44,202,0044_2.jpg,0202_3.jpg,0
monitor,cross_same_variable,44,205,0044_2.jpg,0205_3.jpg,0
monitor,cross_same_variable,44,210,0044_2.jpg,0210_3.jpg,0
monitor,cross_same_variable,44,218,0044_2.jpg,0218_3.jpg,0
monitor,cross_same_variable,44,222,0044_2.jpg,0222_3.jpg,0
monitor,cross_same_variable,44,238,0044_2.jpg,0238_3.jpg,0
monitor,cross_same_variable,44,253,0044_2.jpg,0253_3.jpg,0
monitor,cross_same_variable,44,254,0044_2.jpg,0254_3.jpg,0
monitor,cross_same_variable,44,257,0044_2.jpg,0257_3.jpg,0
monitor,cross_same_variable,44,258,0044_2.jpg,0258_3.jpg,0
monitor,cross_same_variable,44,268,0044_2.jpg,0268_3.jpg,0
monitor,cross_same_variable,44,269,0044_2.jpg,0269_3.jpg,0
monitor,cross_same_variable,44,270,0044_2.jpg,0270_3.jpg,0
monitor,cross_same_variable,44,277,0044_2.jpg,0277_3.jpg,0
monitor,cross_same_variable,44,278,0044_2.jpg,0278_3.jpg,0
monitor,cross_same_variable,51,5,0051_2.jpg,0005_3.jpg,0
monitor,cross_same_variable,51,9,0051_2.jpg,0009_3.jpg,0
monitor,cross_same_variable,51,10,0051_2.jpg,0010_3.jpg,0
monitor,cross_same_variable,51,28,0051_2.jpg,0028_3.jpg,0
monitor,cross_same_variable,51,32,0051_2.jpg,0032_3.jpg,0
monitor,cross_same_variable,51,33,0051_2.jpg,0033_3.jpg,0
monitor,cross_same_variable,51,34,0051_2.jpg,0034_3.jpg,0
monitor,cross_same_variable,51,44,0051_2.jpg,0044_3.jpg,0
monitor,cross_same_variable,51,51,0051_2.jpg,0051_3.jpg,1
monitor,cross_same_variable,51,54,0051_2.jpg,0054_3.jpg,0
monitor,cross_same_variable,51,63,0051_2.jpg,0063_3.jpg,0
monitor,cross_same_variable,51,68,0051_2.jpg,0068_3.jpg,0
monitor,cross_same_variable,51,69,0051_2.jpg,0069_3.jpg,0
monitor,cross_same_variable,51,73,0051_2.jpg,0073_3.jpg,0
monitor,cross_same_variable,51,95,0051_2.jpg,0095_3.jpg,0
monitor,cross_same_variable,51,121,0051_2.jpg,0121_3.jpg,0
monitor,cross_same_variable,51,128,0051_2.jpg,0128_3.jpg,0
monitor,cross_same_variable,51,129,0051_2.jpg,0129_3.jpg,0
monitor,cross_same_variable,51,131,0051_2.jpg,0131_3.jpg,0
monitor,cross_same_variable,51,139,0051_2.jpg,0139_3.jpg,0
monitor,cross_same_variable,51,144,0051_2.jpg,0144_3.jpg,0
monitor,cross_same_variable,51,145,0051_2.jpg,0145_3.jpg,0
monitor,cross_same_variable,51,150,0051_2.jpg,0150_3.jpg,0
monitor,cross_same_variable,51,160,0051_2.jpg,0160_3.jpg,0
monitor,cross_same_variable,51,165,0051_2.jpg,0165_3.jpg,0
monitor,cross_same_variable,51,166,0051_2.jpg,0166_3.jpg,0
monitor,cross_same_variable,51,170,0051_2.jpg,0170_3.jpg,0
monitor,cross_same_variable,51,174,0051_2.jpg,0174_3.jpg,0
monitor,cross_same_variable,51,176,0051_2.jpg,0176_3.jpg,0
monitor,cross_same_variable,51,193,0051_2.jpg,0193_3.jpg,0
monitor,cross_same_variable,51,202,0051_2.jpg,0202_3.jpg,0
monitor,cross_same_variable,51,205,0051_2.jpg,0205_3.jpg,0
monitor,cross_same_variable,51,210,0051_2.jpg,0210_3.jpg,0
monitor,cross_same_variable,51,218,0051_2.jpg,0218_3.jpg,0
monitor,cross_same_variable,51,222,0051_2.jpg,0222_3.jpg,0
monitor,cross_same_variable,51,238,0051_2.jpg,0238_3.jpg,0
monitor,cross_same_variable,51,253,0051_2.jpg,0253_3.jpg,0
monitor,cross_same_variable,51,254,0051_2.jpg,0254_3.jpg,0
monitor,cross_same_variable,51,257,0051_2.jpg,0257_3.jpg,0
monitor,cross_same_variable,51,258,0051_2.jpg,0258_3.jpg,0
monitor,cross_same_variable,51,268,0051_2.jpg,0268_3.jpg,0
monitor,cross_same_variable,51,269,0051_2.jpg,0269_3.jpg,0
monitor,cross_same_variable,51,270,0051_2.jpg,0270_3.jpg,0
monitor,cross_same_variable,51,277,0051_2.jpg,0277_3.jpg,0
monitor,cross_same_variable,51,278,0051_2.jpg,0278_3.jpg,0
monitor,cross_same_variable,54,5,0054_2.jpg,0005_3.jpg,0
monitor,cross_same_variable,54,9,0054_2.jpg,0009_3.jpg,0
monitor,cross_same_variable,54,10,0054_2.jpg,0010_3.jpg,0
monitor,cross_same_variable,54,28,0054_2.jpg,0028_3.jpg,0
monitor,cross_same_variable,54,32,0054_2.jpg,0032_3.jpg,0
monitor,cross_same_variable,54,33,0054_2.jpg,0033_3.jpg,0
monitor,cross_same_variable,54,34,0054_2.jpg,0034_3.jpg,0
monitor,cross_same_variable,54,44,0054_2.jpg,0044_3.jpg,0
monitor,cross_same_variable,54,51,0054_2.jpg,0051_3.jpg,0
monitor,cross_same_variable,54,54,0054_2.jpg,0054_3.jpg,1
monitor,cross_same_variable,54,63,0054_2.jpg,0063_3.jpg,0
monitor,cross_same_variable,54,68,0054_2.jpg,0068_3.jpg,0
monitor,cross_same_variable,54,69,0054_2.jpg,0069_3.jpg,0
monitor,cross_same_variable,54,73,0054_2.jpg,0073_3.jpg,0
monitor,cross_same_variable,54,95,0054_2.jpg,0095_3.jpg,0
monitor,cross_same_variable,54,121,0054_2.jpg,0121_3.jpg,0
monitor,cross_same_variable,54,128,0054_2.jpg,0128_3.jpg,0
monitor,cross_same_variable,54,129,0054_2.jpg,0129_3.jpg,0
monitor,cross_same_variable,54,131,0054_2.jpg,0131_3.jpg,0
monitor,cross_same_variable,54,139,0054_2.jpg,0139_3.jpg,0
monitor,cross_same_variable,54,144,0054_2.jpg,0144_3.jpg,0
monitor,cross_same_variable,54,145,0054_2.jpg,0145_3.jpg,0
monitor,cross_same_variable,54,150,0054_2.jpg,0150_3.jpg,0
monitor,cross_same_variable,54,160,0054_2.jpg,0160_3.jpg,0
monitor,cross_same_variable,54,165,0054_2.jpg,0165_3.jpg,0
monitor,cross_same_variable,54,166,0054_2.jpg,0166_3.jpg,0
monitor,cross_same_variable,54,170,0054_2.jpg,0170_3.jpg,0
monitor,cross_same_variable,54,174,0054_2.jpg,0174_3.jpg,0
monitor,cross_same_variable,54,176,0054_2.jpg,0176_3.jpg,0
monitor,cross_same_variable,54,193,0054_2.jpg,0193_3.jpg,0
monitor,cross_same_variable,54,202,0054_2.jpg,0202_3.jpg,0
monitor,cross_same_variable,54,205,0054_2.jpg,0205_3.jpg,0
monitor,cross_same_variable,54,210,0054_2.jpg,0210_3.jpg,0
monitor,cross_same_variable,54,218,0054_2.jpg,0218_3.jpg,0
monitor,cross_same_variable,54,222,0054_2.jpg,0222_3.jpg,0
monitor,cross_same_variable,54,238,0054_2.jpg,0238_3.jpg,0
monitor,cross_same_variable,54,253,0054_2.jpg,0253_3.jpg,0
monitor,cross_same_variable,54,254,0054_2.jpg,0254_3.jpg,0
monitor,cross_same_variable,54,257,0054_2.jpg,0257_3.jpg,0
monitor,cross_same_variable,54,258,0054_2.jpg,0258_3.jpg,0
monitor,cross_same_variable,54,268,0054_2.jpg,0268_3.jpg,0
monitor,cross_same_variable,54,269,0054_2.jpg,0269_3.jpg,0
monitor,cross_same_variable,54,270,0054_2.jpg,0270_3.jpg,0
monitor,cross_same_variable,54,277,0054_2.jpg,0277_3.jpg,0
monitor,cross_same_variable,54,278,0054_2.jpg,0278_3.jpg,0
monitor,cross_same_variable,63,5,0063_2.jpg,0005_3.jpg,0
monitor,cross_same_variable,63,9,0063_2.jpg,0009_3.jpg,0
monitor,cross_same_variable,63,10,0063_2.jpg,0010_3.jpg,0
monitor,cross_same_variable,63,28,0063_2.jpg,0028_3.jpg,0
monitor,cross_same_variable,63,32,0063_2.jpg,0032_3.jpg,0
monitor,cross_same_variable,63,33,0063_2.jpg,0033_3.jpg,0
monitor,cross_same_variable,63,34,0063_2.jpg,0034_3.jpg,0
monitor,cross_same_variable,63,44,0063_2.jpg,0044_3.jpg,0
monitor,cross_same_variable,63,51,0063_2.jpg,0051_3.jpg,0
monitor,cross_same_variable,63,54,0063_2.jpg,0054_3.jpg,0
monitor,cross_same_variable,63,63,0063_2.jpg,0063_3.jpg,1
monitor,cross_same_variable,63,68,0063_2.jpg,0068_3.jpg,0
monitor,cross_same_variable,63,69,0063_2.jpg,0069_3.jpg,0
monitor,cross_same_variable,63,73,0063_2.jpg,0073_3.jpg,0
monitor,cross_same_variable,63,95,0063_2.jpg,0095_3.jpg,0
monitor,cross_same_variable,63,121,0063_2.jpg,0121_3.jpg,0
monitor,cross_same_variable,63,128,0063_2.jpg,0128_3.jpg,0
monitor,cross_same_variable,63,129,0063_2.jpg,0129_3.jpg,0
monitor,cross_same_variable,63,131,0063_2.jpg,0131_3.jpg,0
monitor,cross_same_variable,63,139,0063_2.jpg,0139_3.jpg,0
monitor,cross_same_variable,63,144,0063_2.jpg,0144_3.jpg,0
monitor,cross_same_variable,63,145,0063_2.jpg,0145_3.jpg,0
monitor,cross_same_variable,63,150,0063_2.jpg,0150_3.jpg,0
monitor,cross_same_variable,63,160,0063_2.jpg,0160_3.jpg,0
monitor,cross_same_variable,63,165,0063_2.jpg,0165_3.jpg,0
monitor,cross_same_variable,63,166,0063_2.jpg,0166_3.jpg,0
monitor,cross_same_variable,63,170,0063_2.jpg,0170_3.jpg,0
monitor,cross_same_variable,63,174,0063_2.jpg,0174_3.jpg,0
monitor,cross_same_variable,63,176,0063_2.jpg,0176_3.jpg,0
monitor,cross_same_variable,63,193,0063_2.jpg,0193_3.jpg,0
monitor,cross_same_variable,63,202,0063_2.jpg,0202_3.jpg,0
monitor,cross_same_variable,63,205,0063_2.jpg,0205_3.jpg,0
monitor,cross_same_variable,63,210,0063_2.jpg,0210_3.jpg,0
monitor,cross_same_variable,63,218,0063_2.jpg,0218_3.jpg,0
monitor,cross_same_variable,63,222,0063_2.jpg,0222_3.jpg,0
monitor,cross_same_variable,63,238,0063_2.jpg,0238_3.jpg,0
monitor,cross_same_variable,63,253,0063_2.jpg,0253_3.jpg,0
monitor,cross_same_variable,63,254,0063_2.jpg,0254_3.jpg,0
monitor,cross_same_variable,63,257,0063_2.jpg,0257_3.jpg,0
monitor,cross_same_variable,63,258,0063_2.jpg,0258_3.jpg,0
monitor,cross_same_variable,63,268,0063_2.jpg,0268_3.jpg,0
monitor,cross_same_variable,63,269,0063_2.jpg,0269_3.jpg,0
monitor,cross_same_variable,63,270,0063_2.jpg,0270_3.jpg,0
monitor,cross_same_variable,63,277,0063_2.jpg,0277_3.jpg,0
monitor,cross_same_variable,63,278,0063_2.jpg,0278_3.jpg,0
monitor,cross_same_variable,68,5,0068_2.jpg,0005_3.jpg,0
monitor,cross_same_variable,68,9,0068_2.jpg,0009_3.jpg,0
monitor,cross_same_variable,68,10,0068_2.jpg,0010_3.jpg,0
monitor,cross_same_variable,68,28,0068_2.jpg,0028_3.jpg,0
monitor,cross_same_variable,68,32,0068_2.jpg,0032_3.jpg,0
monitor,cross_same_variable,68,33,0068_2.jpg,0033_3.jpg,0
monitor,cross_same_variable,68,34,0068_2.jpg,0034_3.jpg,0
monitor,cross_same_variable,68,44,0068_2.jpg,0044_3.jpg,0
monitor,cross_same_variable,68,51,0068_2.jpg,0051_3.jpg,0
monitor,cross_same_variable,68,54,0068_2.jpg,0054_3.jpg,0
monitor,cross_same_variable,68,63,0068_2.jpg,0063_3.jpg,0
monitor,cross_same_variable,68,68,0068_2.jpg,0068_3.jpg,1
monitor,cross_same_variable,68,69,0068_2.jpg,0069_3.jpg,0
monitor,cross_same_variable,68,73,0068_2.jpg,0073_3.jpg,0
monitor,cross_same_variable,68,95,0068_2.jpg,0095_3.jpg,0
monitor,cross_same_variable,68,121,0068_2.jpg,0121_3.jpg,0
monitor,cross_same_variable,68,128,0068_2.jpg,0128_3.jpg,0
monitor,cross_same_variable,68,129,0068_2.jpg,0129_3.jpg,0
monitor,cross_same_variable,68,131,0068_2.jpg,0131_3.jpg,0
monitor,cross_same_variable,68,139,0068_2.jpg,0139_3.jpg,0
monitor,cross_same_variable,68,144,0068_2.jpg,0144_3.jpg,0
monitor,cross_same_variable,68,145,0068_2.jpg,0145_3.jpg,0
monitor,cross_same_variable,68,150,0068_2.jpg,0150_3.jpg,0
monitor,cross_same_variable,68,160,0068_2.jpg,0160_3.jpg,0
monitor,cross_same_variable,68,165,0068_2.jpg,0165_3.jpg,0
monitor,cross_same_variable,68,166,0068_2.jpg,0166_3.jpg,0
monitor,cross_same_variable,68,170,0068_2.jpg,0170_3.jpg,0
monitor,cross_same_variable,68,174,0068_2.jpg,0174_3.jpg,0
monitor,cross_same_variable,68,176,0068_2.jpg,0176_3.jpg,0
monitor,cross_same_variable,68,193,0068_2.jpg,0193_3.jpg,0
monitor,cross_same_variable,68,202,0068_2.jpg,0202_3.jpg,0
monitor,cross_same_variable,68,205,0068_2.jpg,0205_3.jpg,0
monitor,cross_same_variable,68,210,0068_2.jpg,0210_3.jpg,0
monitor,cross_same_variable,68,218,0068_2.jpg,0218_3.jpg,0
monitor,cross_same_variable,68,222,0068_2.jpg,0222_3.jpg,0
monitor,cross_same_variable,68,238,0068_2.jpg,0238_3.jpg,0
monitor,cross_same_variable,68,253,0068_2.jpg,0253_3.jpg,0
monitor,cross_same_variable,68,254,0068_2.jpg,0254_3.jpg,0
monitor,cross_same_variable,68,257,0068_2.jpg,0257_3.jpg,0
monitor,cross_same_variable,68,258,0068_2.jpg,0258_3.jpg,0
monitor,cross_same_variable,68,268,0068_2.jpg,0268_3.jpg,0
monitor,cross_same_variable,68,269,0068_2.jpg,0269_3.jpg,0
monitor,cross_same_variable,68,270,0068_2.jpg,0270_3.jpg,0
monitor,cross_same_variable,68,277,0068_2.jpg,0277_3.jpg,0
monitor,cross_same_variable,68,278,0068_2.jpg,0278_3.jpg,0
monitor,cross_same_variable,69,5,0069_2.jpg,0005_3.jpg,0
monitor,cross_same_variable,69,9,0069_2.jpg,0009_3.jpg,0
monitor,cross_same_variable,69,10,0069_2.jpg,0010_3.jpg,0
monitor,cross_same_variable,69,28,0069_2.jpg,0028_3.jpg,0
monitor,cross_same_variable,69,32,0069_2.jpg,0032_3.jpg,0
monitor,cross_same_variable,69,33,0069_2.jpg,0033_3.jpg,0
monitor,cross_same_variable,69,34,0069_2.jpg,0034_3.jpg,0
monitor,cross_same_variable,69,44,0069_2.jpg,0044_3.jpg,0
monitor,cross_same_variable,69,51,0069_2.jpg,0051_3.jpg,0
monitor,cross_same_variable,69,54,0069_2.jpg,0054_3.jpg,0
monitor,cross_same_variable,69,63,0069_2.jpg,0063_3.jpg,0
monitor,cross_same_variable,69,68,0069_2.jpg,0068_3.jpg,0
monitor,cross_same_variable,69,69,0069_2.jpg,0069_3.jpg,1
monitor,cross_same_variable,69,73,0069_2.jpg,0073_3.jpg,0
monitor,cross_same_variable,69,95,0069_2.jpg,0095_3.jpg,0
monitor,cross_same_variable,69,121,0069_2.jpg,0121_3.jpg,0
monitor,cross_same_variable,69,128,0069_2.jpg,0128_3.jpg,0
monitor,cross_same_variable,69,129,0069_2.jpg,0129_3.jpg,0
monitor,cross_same_variable,69,131,0069_2.jpg,0131_3.jpg,0
monitor,cross_same_variable,69,139,0069_2.jpg,0139_3.jpg,0
monitor,cross_same_variable,69,144,0069_2.jpg,0144_3.jpg,0
monitor,cross_same_variable,69,145,0069_2.jpg,0145_3.jpg,0
monitor,cross_same_variable,69,150,0069_2.jpg,0150_3.jpg,0
monitor,cross_same_variable,69,160,0069_2.jpg,0160_3.jpg,0
monitor,cross_same_variable,69,165,0069_2.jpg,0165_3.jpg,0
monitor,cross_same_variable,69,166,0069_2.jpg,0166_3.jpg,0
monitor,cross_same_variable,69,170,0069_2.jpg,0170_3.jpg,0
monitor,cross_same_variable,69,174,0069_2.jpg,0174_3.jpg,0
monitor,cross_same_variable,69,176,0069_2.jpg,0176_3.jpg,0
monitor,cross_same_variable,69,193,0069_2.jpg,0193_3.jpg,0
monitor,cross_same_variable,69,202,0069_2.jpg,0202_3.jpg,0
monitor,cross_same_variable,69,205,0069_2.jpg,0205_3.jpg,0
monitor,cross_same_variable,69,210,0069_2.jpg,0210_3.jpg,0
monitor,cross_same_variable,69,218,0069_2.jpg,0218_3.jpg,0
monitor,cross_same_variable,69,222,0069_2.jpg,0222_3.jpg,0
monitor,cross_same_variable,69,238,0069_2.jpg,0238_3.jpg,0
monitor,cross_same_variable,69,253,0069_2.jpg,0253_3.jpg,0
monitor,cross_same_variable,69,254,0069_2.jpg,0254_3.jpg,0
monitor,cross_same_variable,69,257,0069_2.jpg,0257_3.jpg,0
monitor,cross_same_variable,69,258,0069_2.jpg,0258_3.jpg,0
monitor,cross_same_variable,69,268,0069_2.jpg,0268_3.jpg,0
monitor,cross_same_variable,69,269,0069_2.jpg,0269_3.jpg,0
monitor,cross_same_variable,69,270,0069_2.jpg,0270_3.jpg,0
monitor,cross_same_variable,69,277,0069_2.jpg,0277_3.jpg,0
monitor,cross_same_variable,69,278,0069_2.jpg,0278_3.jpg,0
monitor,cross_same_variable,73,5,0073_2.jpg,0005_3.jpg,0
monitor,cross_same_variable,73,9,0073_2.jpg,0009_3.jpg,0
monitor,cross_same_variable,73,10,0073_2.jpg,0010_3.jpg,0
monitor,cross_same_variable,73,28,0073_2.jpg,0028_3.jpg,0
monitor,cross_same_variable,73,32,0073_2.jpg,0032_3.jpg,0
monitor,cross_same_variable,73,33,0073_2.jpg,0033_3.jpg,0
monitor,cross_same_variable,73,34,0073_2.jpg,0034_3.jpg,0
monitor,cross_same_variable,73,44,0073_2.jpg,0044_3.jpg,0
monitor,cross_same_variable,73,51,0073_2.jpg,0051_3.jpg,0
monitor,cross_same_variable,73,54,0073_2.jpg,0054_3.jpg,0
monitor,cross_same_variable,73,63,0073_2.jpg,0063_3.jpg,0
monitor,cross_same_variable,73,68,0073_2.jpg,0068_3.jpg,0
monitor,cross_same_variable,73,69,0073_2.jpg,0069_3.jpg,0
monitor,cross_same_variable,73,73,0073_2.jpg,0073_3.jpg,1
monitor,cross_same_variable,73,95,0073_2.jpg,0095_3.jpg,0
monitor,cross_same_variable,73,121,0073_2.jpg,0121_3.jpg,0
monitor,cross_same_variable,73,128,0073_2.jpg,0128_3.jpg,0
monitor,cross_same_variable,73,129,0073_2.jpg,0129_3.jpg,0
monitor,cross_same_variable,73,131,0073_2.jpg,0131_3.jpg,0
monitor,cross_same_variable,73,139,0073_2.jpg,0139_3.jpg,0
monitor,cross_same_variable,73,144,0073_2.jpg,0144_3.jpg,0
monitor,cross_same_variable,73,145,0073_2.jpg,0145_3.jpg,0
monitor,cross_same_variable,73,150,0073_2.jpg,0150_3.jpg,0
monitor,cross_same_variable,73,160,0073_2.jpg,0160_3.jpg,0
monitor,cross_same_variable,73,165,0073_2.jpg,0165_3.jpg,0
monitor,cross_same_variable,73,166,0073_2.jpg,0166_3.jpg,0
monitor,cross_same_variable,73,170,0073_2.jpg,0170_3.jpg,0
monitor,cross_same_variable,73,174,0073_2.jpg,0174_3.jpg,0
monitor,cross_same_variable,73,176,0073_2.jpg,0176_3.jpg,0
monitor,cross_same_variable,73,193,0073_2.jpg,0193_3.jpg,0
monitor,cross_same_variable,73,202,0073_2.jpg,0202_3.jpg,0
monitor,cross_same_variable,73,205,0073_2.jpg,0205_3.jpg,0
monitor,cross_same_variable,73,210,0073_2.jpg,0210_3.jpg,0
monitor,cross_same_variable,73,218,0073_2.jpg,0218_3.jpg,0
monitor,cross_same_variable,73,222,0073_2.jpg,0222_3.jpg,0
monitor,cross_same_variable,73,238,0073_2.jpg,0238_3.jpg,0
monitor,cross_same_variable,73,253,0073_2.jpg,0253_3.jpg,0
monitor,cross_same_variable,73,254,0073_2.jpg,0254_3.jpg,0
monitor,cross_same_variable,73,257,0073_2.jpg,0257_3.jpg,0
monitor,cross_same_variable,73,258,0073_2.jpg,0258_3.jpg,0
monitor,cross_same_variable,73,268,0073_2.jpg,0268_3.jpg,0
monitor,cross_same_variable,73,269,0073_2.jpg,0269_3.jpg,0
monitor,cross_same_variable,73,270,0073_2.jpg,0270_3.jpg,0
monitor,cross_same_variable,73,277,0073_2.jpg,0277_3.jpg,0
monitor,cross_same_variable,73,278,0073_2.jpg,0278_3.jpg,0
monitor,cross_same_variable,95,5,0095_2.jpg,0005_3.jpg,0
monitor,cross_same_variable,95,9,0095_2.jpg,0009_3.jpg,0
monitor,cross_same_variable,95,10,0095_2.jpg,0010_3.jpg,0
monitor,cross_same_variable,95,28,0095_2.jpg,0028_3.jpg,0
monitor,cross_same_variable,95,32,0095_2.jpg,0032_3.jpg,0
monitor,cross_same_variable,95,33,0095_2.jpg,0033_3.jpg,0
monitor,cross_same_variable,95,34,0095_2.jpg,0034_3.jpg,0
monitor,cross_same_variable,95,44,0095_2.jpg,0044_3.jpg,0
monitor,cross_same_variable,95,51,0095_2.jpg,0051_3.jpg,0
monitor,cross_same_variable,95,54,0095_2.jpg,0054_3.jpg,0
monitor,cross_same_variable,95,63,0095_2.jpg,0063_3.jpg,0
monitor,cross_same_variable,95,68,0095_2.jpg,0068_3.jpg,0
monitor,cross_same_variable,95,69,0095_2.jpg,0069_3.jpg,0
monitor,cross_same_variable,95,73,0095_2.jpg,0073_3.jpg,0
monitor,cross_same_variable,95,95,0095_2.jpg,0095_3.jpg,1
monitor,cross_same_variable,95,121,0095_2.jpg,0121_3.jpg,0
monitor,cross_same_variable,95,128,0095_2.jpg,0128_3.jpg,0
monitor,cross_same_variable,95,129,0095_2.jpg,0129_3.jpg,0
monitor,cross_same_variable,95,131,0095_2.jpg,0131_3.jpg,0
monitor,cross_same_variable,95,139,0095_2.jpg,0139_3.jpg,0
monitor,cross_same_variable,95,144,0095_2.jpg,0144_3.jpg,0
monitor,cross_same_variable,95,145,0095_2.jpg,0145_3.jpg,0
monitor,cross_same_variable,95,150,0095_2.jpg,0150_3.jpg,0
monitor,cross_same_variable,95,160,0095_2.jpg,0160_3.jpg,0
monitor,cross_same_variable,95,165,0095_2.jpg,0165_3.jpg,0
monitor,cross_same_variable,95,166,0095_2.jpg,0166_3.jpg,0
monitor,cross_same_variable,95,170,0095_2.jpg,0170_3.jpg,0
monitor,cross_same_variable,95,174,0095_2.jpg,0174_3.jpg,0
monitor,cross_same_variable,95,176,0095_2.jpg,0176_3.jpg,0
monitor,cross_same_variable,95,193,0095_2.jpg,0193_3.jpg,0
monitor,cross_same_variable,95,202,0095_2.jpg,0202_3.jpg,0
monitor,cross_same_variable,95,205,0095_2.jpg,0205_3.jpg,0
monitor,cross_same_variable,95,210,0095_2.jpg,0210_3.jpg,0
monitor,cross_same_variable,95,218,0095_2.jpg,0218_3.jpg,0
monitor,cross_same_variable,95,222,0095_2.jpg,0222_3.jpg,0
monitor,cross_same_variable,95,238,0095_2.jpg,0238_3.jpg,0
monitor,cross_same_variable,95,253,0095_2.jpg,0253_3.jpg,0
monitor,cross_same_variable,95,254,0095_2.jpg,0254_3.jpg,0
monitor,cross_same_variable,95,257,0095_2.jpg,0257_3.jpg,0
monitor,cross_same_variable,95,258,0095_2.jpg,0258_3.jpg,0
monitor,cross_same_variable,95,268,0095_2.jpg,0268_3.jpg,0
monitor,cross_same_variable,95,269,0095_2.jpg,0269_3.jpg,0
monitor,cross_same_variable,95,270,0095_2.jpg,0270_3.jpg,0
monitor,cross_same_variable,95,277,0095_2.jpg,0277_3.jpg,0
monitor,cross_same_variable,95,278,0095_2.jpg,0278_3.jpg,0
monitor,cross_same_variable,121,5,0121_2.jpg,0005_3.jpg,0
monitor,cross_same_variable,121,9,0121_2.jpg,0009_3.jpg,0
monitor,cross_same_variable,121,10,0121_2.jpg,0010_3.jpg,0
monitor,cross_same_variable,121,28,0121_2.jpg,0028_3.jpg,0
monitor,cross_same_variable,121,32,0121_2.jpg,0032_3.jpg,0
monitor,cross_same_variable,121,33,0121_2.jpg,0033_3.jpg,0
monitor,cross_same_variable,121,34,0121_2.jpg,0034_3.jpg,0
monitor,cross_same_variable,121,44,0121_2.jpg,0044_3.jpg,0
monitor,cross_same_variable,121,51,0121_2.jpg,0051_3.jpg,0
monitor,cross_same_variable,121,54,0121_2.jpg,0054_3.jpg,0
monitor,cross_same_variable,121,63,0121_2.jpg,0063_3.jpg,0
monitor,cross_same_variable,121,68,0121_2.jpg,0068_3.jpg,0
monitor,cross_same_variable,121,69,0121_2.jpg,0069_3.jpg,0
monitor,cross_same_variable,121,73,0121_2.jpg,0073_3.jpg,0
monitor,cross_same_variable,121,95,0121_2.jpg,0095_3.jpg,0
monitor,cross_same_variable,121,121,0121_2.jpg,0121_3.jpg,1
monitor,cross_same_variable,121,128,0121_2.jpg,0128_3.jpg,0
monitor,cross_same_variable,121,129,0121_2.jpg,0129_3.jpg,0
monitor,cross_same_variable,121,131,0121_2.jpg,0131_3.jpg,0
monitor,cross_same_variable,121,139,0121_2.jpg,0139_3.jpg,0
monitor,cross_same_variable,121,144,0121_2.jpg,0144_3.jpg,0
monitor,cross_same_variable,121,145,0121_2.jpg,0145_3.jpg,0
monitor,cross_same_variable,121,150,0121_2.jpg,0150_3.jpg,0
monitor,cross_same_variable,121,160,0121_2.jpg,0160_3.jpg,0
monitor,cross_same_variable,121,165,0121_2.jpg,0165_3.jpg,0
monitor,cross_same_variable,121,166,0121_2.jpg,0166_3.jpg,0
monitor,cross_same_variable,121,170,0121_2.jpg,0170_3.jpg,0
monitor,cross_same_variable,121,174,0121_2.jpg,0174_3.jpg,0
monitor,cross_same_variable,121,176,0121_2.jpg,0176_3.jpg,0
monitor,cross_same_variable,121,193,0121_2.jpg,0193_3.jpg,0
monitor,cross_same_variable,121,202,0121_2.jpg,0202_3.jpg,0
monitor,cross_same_variable,121,205,0121_2.jpg,0205_3.jpg,0
monitor,cross_same_variable,121,210,0121_2.jpg,0210_3.jpg,0
monitor,cross_same_variable,121,218,0121_2.jpg,0218_3.jpg,0
monitor,cross_same_variable,121,222,0121_2.jpg,0222_3.jpg,0
monitor,cross_same_variable,121,238,0121_2.jpg,0238_3.jpg,0
monitor,cross_same_variable,121,253,0121_2.jpg,0253_3.jpg,0
monitor,cross_same_variable,121,254,0121_2.jpg,0254_3.jpg,0
monitor,cross_same_variable,121,257,0121_2.jpg,0257_3.jpg,0
monitor,cross_same_variable,121,258,0121_2.jpg,0258_3.jpg,0
monitor,cross_same_variable,121,268,0121_2.jpg,0268_3.jpg,0
monitor,cross_same_variable,121,269,0121_2.jpg,0269_3.jpg,0
monitor,cross_same_variable,121,270,0121_2.jpg,0270_3.jpg,0
monitor,cross_same_variable,121,277,0121_2.jpg,0277_3.jpg,0
monitor,cross_same_variable,121,278,0121_2.jpg,0278_3.jpg,0
monitor,cross_same_variable,128,5,0128_2.jpg,0005_3.jpg,0
monitor,cross_same_variable,128,9,0128_2.jpg,0009_3.jpg,0
monitor,cross_same_variable,128,10,0128_2.jpg,0010_3.jpg,0
monitor,cross_same_variable,128,28,0128_2.jpg,0028_3.jpg,0
monitor,cross_same_variable,128,32,0128_2.jpg,0032_3.jpg,0
monitor,cross_same_variable,128,33,0128_2.jpg,0033_3.jpg,0
monitor,cross_same_variable,128,34,0128_2.jpg,0034_3.jpg,0
monitor,cross_same_variable,128,44,0128_2.jpg,0044_3.jpg,0
monitor,cross_same_variable,128,51,0128_2.jpg,0051_3.jpg,0
monitor,cross_same_variable,128,54,0128_2.jpg,0054_3.jpg,0
monitor,cross_same_variable,128,63,0128_2.jpg,0063_3.jpg,0
monitor,cross_same_variable,128,68,0128_2.jpg,0068_3.jpg,0
monitor,cross_same_variable,128,69,0128_2.jpg,0069_3.jpg,0
monitor,cross_same_variable,128,73,0128_2.jpg,0073_3.jpg,0
monitor,cross_same_variable,128,95,0128_2.jpg,0095_3.jpg,0
monitor,cross_same_variable,128,121,0128_2.jpg,0121_3.jpg,0
monitor,cross_same_variable,128,128,0128_2.jpg,0128_3.jpg,1
monitor,cross_same_variable,128,129,0128_2.jpg,0129_3.jpg,0
monitor,cross_same_variable,128,131,0128_2.jpg,0131_3.jpg,0
monitor,cross_same_variable,128,139,0128_2.jpg,0139_3.jpg,0
monitor,cross_same_variable,128,144,0128_2.jpg,0144_3.jpg,0
monitor,cross_same_variable,128,145,0128_2.jpg,0145_3.jpg,0
monitor,cross_same_variable,128,150,0128_2.jpg,0150_3.jpg,0
monitor,cross_same_variable,128,160,0128_2.jpg,0160_3.jpg,0
monitor,cross_same_variable,128,165,0128_2.jpg,0165_3.jpg,0
monitor,cross_same_variable,128,166,0128_2.jpg,0166_3.jpg,0
monitor,cross_same_variable,128,170,0128_2.jpg,0170_3.jpg,0
monitor,cross_same_variable,128,174,0128_2.jpg,0174_3.jpg,0
monitor,cross_same_variable,128,176,0128_2.jpg,0176_3.jpg,0
monitor,cross_same_variable,128,193,0128_2.jpg,0193_3.jpg,0
monitor,cross_same_variable,128,202,0128_2.jpg,0202_3.jpg,0
monitor,cross_same_variable,128,205,0128_2.jpg,0205_3.jpg,0
monitor,cross_same_variable,128,210,0128_2.jpg,0210_3.jpg,0
monitor,cross_same_variable,128,218,0128_2.jpg,0218_3.jpg,0
monitor,cross_same_variable,128,222,0128_2.jpg,0222_3.jpg,0
monitor,cross_same_variable,128,238,0128_2.jpg,0238_3.jpg,0
monitor,cross_same_variable,128,253,0128_2.jpg,0253_3.jpg,0
monitor,cross_same_variable,128,254,0128_2.jpg,0254_3.jpg,0
monitor,cross_same_variable,128,257,0128_2.jpg,0257_3.jpg,0
monitor,cross_same_variable,128,258,0128_2.jpg,0258_3.jpg,0
monitor,cross_same_variable,128,268,0128_2.jpg,0268_3.jpg,0
monitor,cross_same_variable,128,269,0128_2.jpg,0269_3.jpg,0
monitor,cross_same_variable,128,270,0128_2.jpg,0270_3.jpg,0
monitor,cross_same_variable,128,277,0128_2.jpg,0277_3.jpg,0
monitor,cross_same_variable,128,278,0128_2.jpg,0278_3.jpg,0
monitor,cross_same_variable,129,5,0129_2.jpg,0005_3.jpg,0
monitor,cross_same_variable,129,9,0129_2.jpg,0009_3.jpg,0
monitor,cross_same_variable,129,10,0129_2.jpg,0010_3.jpg,0
monitor,cross_same_variable,129,28,0129_2.jpg,0028_3.jpg,0
monitor,cross_same_variable,129,32,0129_2.jpg,0032_3.jpg,0
monitor,cross_same_variable,129,33,0129_2.jpg,0033_3.jpg,0
monitor,cross_same_variable,129,34,0129_2.jpg,0034_3.jpg,0
monitor,cross_same_variable,129,44,0129_2.jpg,0044_3.jpg,0
monitor,cross_same_variable,129,51,0129_2.jpg,0051_3.jpg,0
monitor,cross_same_variable,129,54,0129_2.jpg,0054_3.jpg,0
monitor,cross_same_variable,129,63,0129_2.jpg,0063_3.jpg,0
monitor,cross_same_variable,129,68,0129_2.jpg,0068_3.jpg,0
monitor,cross_same_variable,129,69,0129_2.jpg,0069_3.jpg,0
monitor,cross_same_variable,129,73,0129_2.jpg,0073_3.jpg,0
monitor,cross_same_variable,129,95,0129_2.jpg,0095_3.jpg,0
monitor,cross_same_variable,129,121,0129_2.jpg,0121_3.jpg,0
monitor,cross_same_variable,129,128,0129_2.jpg,0128_3.jpg,0
monitor,cross_same_variable,129,129,0129_2.jpg,0129_3.jpg,1
monitor,cross_same_variable,129,131,0129_2.jpg,0131_3.jpg,0
monitor,cross_same_variable,129,139,0129_2.jpg,0139_3.jpg,0
monitor,cross_same_variable,129,144,0129_2.jpg,0144_3.jpg,0
monitor,cross_same_variable,129,145,0129_2.jpg,0145_3.jpg,0
monitor,cross_same_variable,129,150,0129_2.jpg,0150_3.jpg,0
monitor,cross_same_variable,129,160,0129_2.jpg,0160_3.jpg,0
monitor,cross_same_variable,129,165,0129_2.jpg,0165_3.jpg,0
monitor,cross_same_variable,129,166,0129_2.jpg,0166_3.jpg,0
monitor,cross_same_variable,129,170,0129_2.jpg,0170_3.jpg,0
monitor,cross_same_variable,129,174,0129_2.jpg,0174_3.jpg,0
monitor,cross_same_variable,129,176,0129_2.jpg,0176_3.jpg,0
monitor,cross_same_variable,129,193,0129_2.jpg,0193_3.jpg,0
monitor,cross_same_variable,129,202,0129_2.jpg,0202_3.jpg,0
monitor,cross_same_variable,129,205,0129_2.jpg,0205_3.jpg,0
monitor,cross_same_variable,129,210,0129_2.jpg,0210_3.jpg,0
monitor,cross_same_variable,129,218,0129_2.jpg,0218_3.jpg,0
monitor,cross_same_variable,129,222,0129_2.jpg,0222_3.jpg,0
monitor,cross_same_variable,129,238,0129_2.jpg,0238_3.jpg,0
monitor,cross_same_variable,129,253,0129_2.jpg,0253_3.jpg,0
monitor,cross_same_variable,129,254,0129_2.jpg,0254_3.jpg,0
monitor,cross_same_variable,129,257,0129_2.jpg,0257_3.jpg,0
monitor,cross_same_variable,129,258,0129_2.jpg,0258_3.jpg,0
monitor,cross_same_variable,129,268,0129_2.jpg,0268_3.jpg,0
monitor,cross_same_variable,129,269,0129_2.jpg,0269_3.jpg,0
monitor,cross_same_variable,129,270,0129_2.jpg,0270_3.jpg,0
monitor,cross_same_variable,129,277,0129_2.jpg,0277_3.jpg,0
monitor,cross_same_variable,129,278,0129_2.jpg,0278_3.jpg,0
monitor,cross_same_variable,131,5,0131_2.jpg,0005_3.jpg,0
monitor,cross_same_variable,131,9,0131_2.jpg,0009_3.jpg,0
monitor,cross_same_variable,131,10,0131_2.jpg,0010_3.jpg,0
monitor,cross_same_variable,131,28,0131_2.jpg,0028_3.jpg,0
monitor,cross_same_variable,131,32,0131_2.jpg,0032_3.jpg,0
monitor,cross_same_variable,131,33,0131_2.jpg,0033_3.jpg,0
monitor,cross_same_variable,131,34,0131_2.jpg,0034_3.jpg,0
monitor,cross_same_variable,131,44,0131_2.jpg,0044_3.jpg,0
monitor,cross_same_variable,131,51,0131_2.jpg,0051_3.jpg,0
monitor,cross_same_variable,131,54,0131_2.jpg,0054_3.jpg,0
monitor,cross_same_variable,131,63,0131_2.jpg,0063_3.jpg,0
monitor,cross_same_variable,131,68,0131_2.jpg,0068_3.jpg,0
monitor,cross_same_variable,131,69,0131_2.jpg,0069_3.jpg,0
monitor,cross_same_variable,131,73,0131_2.jpg,0073_3.jpg,0
monitor,cross_same_variable,131,95,0131_2.jpg,0095_3.jpg,0
monitor,cross_same_variable,131,121,0131_2.jpg,0121_3.jpg,0
monitor,cross_same_variable,131,128,0131_2.jpg,0128_3.jpg,0
monitor,cross_same_variable,131,129,0131_2.jpg,0129_3.jpg,0
monitor,cross_same_variable,131,131,0131_2.jpg,0131_3.jpg,1
monitor,cross_same_variable,131,139,0131_2.jpg,0139_3.jpg,0
monitor,cross_same_variable,131,144,0131_2.jpg,0144_3.jpg,0
monitor,cross_same_variable,131,145,0131_2.jpg,0145_3.jpg,0
monitor,cross_same_variable,131,150,0131_2.jpg,0150_3.jpg,0
monitor,cross_same_variable,131,160,0131_2.jpg,0160_3.jpg,0
monitor,cross_same_variable,131,165,0131_2.jpg,0165_3.jpg,0
monitor,cross_same_variable,131,166,0131_2.jpg,0166_3.jpg,0
monitor,cross_same_variable,131,170,0131_2.jpg,0170_3.jpg,0
monitor,cross_same_variable,131,174,0131_2.jpg,0174_3.jpg,0
monitor,cross_same_variable,131,176,0131_2.jpg,0176_3.jpg,0
monitor,cross_same_variable,131,193,0131_2.jpg,0193_3.jpg,0
monitor,cross_same_variable,131,202,0131_2.jpg,0202_3.jpg,0
monitor,cross_same_variable,131,205,0131_2.jpg,0205_3.jpg,0
monitor,cross_same_variable,131,210,0131_2.jpg,0210_3.jpg,0
monitor,cross_same_variable,131,218,0131_2.jpg,0218_3.jpg,0
monitor,cross_same_variable,131,222,0131_2.jpg,0222_3.jpg,0
monitor,cross_same_variable,131,238,0131_2.jpg,0238_3.jpg,0
monitor,cross_same_variable,131,253,0131_2.jpg,0253_3.jpg,0
monitor,cross_same_variable,131,254,0131_2.jpg,0254_3.jpg,0
monitor,cross_same_variable,131,257,0131_2.jpg,0257_3.jpg,0
monitor,cross_same_variable,131,258,0131_2.jpg,0258_3.jpg,0
monitor,cross_same_variable,131,268,0131_2.jpg,0268_3.jpg,0
monitor,cross_same_variable,131,269,0131_2.jpg,0269_3.jpg,0
monitor,cross_same_variable,131,270,0131_2.jpg,0270_3.jpg,0
monitor,cross_same_variable,131,277,0131_2.jpg,0277_3.jpg,0
monitor,cross_same_variable,131,278,0131_2.jpg,0278_3.jpg,0
monitor,cross_same_variable,139,5,0139_2.jpg,0005_3.jpg,0
monitor,cross_same_variable,139,9,0139_2.jpg,0009_3.jpg,0
monitor,cross_same_variable,139,10,0139_2.jpg,0010_3.jpg,0
monitor,cross_same_variable,139,28,0139_2.jpg,0028_3.jpg,0
monitor,cross_same_variable,139,32,0139_2.jpg,0032_3.jpg,0
monitor,cross_same_variable,139,33,0139_2.jpg,0033_3.jpg,0
monitor,cross_same_variable,139,34,0139_2.jpg,0034_3.jpg,0
monitor,cross_same_variable,139,44,0139_2.jpg,0044_3.jpg,0
monitor,cross_same_variable,139,51,0139_2.jpg,0051_3.jpg,0
monitor,cross_same_variable,139,54,0139_2.jpg,0054_3.jpg,0
monitor,cross_same_variable,139,63,0139_2.jpg,0063_3.jpg,0
monitor,cross_same_variable,139,68,0139_2.jpg,0068_3.jpg,0
monitor,cross_same_variable,139,69,0139_2.jpg,0069_3.jpg,0
monitor,cross_same_variable,139,73,0139_2.jpg,0073_3.jpg,0
monitor,cross_same_variable,139,95,0139_2.jpg,0095_3.jpg,0
monitor,cross_same_variable,139,121,0139_2.jpg,0121_3.jpg,0
monitor,cross_same_variable,139,128,0139_2.jpg,0128_3.jpg,0
monitor,cross_same_variable,139,129,0139_2.jpg,0129_3.jpg,0
monitor,cross_same_variable,139,131,0139_2.jpg,0131_3.jpg,0
monitor,cross_same_variable,139,139,0139_2.jpg,0139_3.jpg,1
monitor,cross_same_variable,139,144,0139_2.jpg,0144_3.jpg,0
monitor,cross_same_variable,139,145,0139_2.jpg,0145_3.jpg,0
monitor,cross_same_variable,139,150,0139_2.jpg,0150_3.jpg,0
monitor,cross_same_variable,139,160,0139_2.jpg,0160_3.jpg,0
monitor,cross_same_variable,139,165,0139_2.jpg,0165_3.jpg,0
monitor,cross_same_variable,139,166,0139_2.jpg,0166_3.jpg,0
monitor,cross_same_variable,139,170,0139_2.jpg,0170_3.jpg,0
monitor,cross_same_variable,139,174,0139_2.jpg,0174_3.jpg,0
monitor,cross_same_variable,139,176,0139_2.jpg,0176_3.jpg,0
monitor,cross_same_variable,139,193,0139_2.jpg,0193_3.jpg,0
monitor,cross_same_variable,139,202,0139_2.jpg,0202_3.jpg,0
monitor,cross_same_variable,139,205,0139_2.jpg,0205_3.jpg,0
monitor,cross_same_variable,139,210,0139_2.jpg,0210_3.jpg,0
monitor,cross_same_variable,139,218,0139_2.jpg,0218_3.jpg,0
monitor,cross_same_variable,139,222,0139_2.jpg,0222_3.jpg,0
monitor,cross_same_variable,139,238,0139_2.jpg,0238_3.jpg,0
monitor,cross_same_variable,139,253,0139_2.jpg,0253_3.jpg,0
monitor,cross_same_variable,139,254,0139_2.jpg,0254_3.jpg,0
monitor,cross_same_variable,139,257,0139_2.jpg,0257_3.jpg,0
monitor,cross_same_variable,139,258,0139_2.jpg,0258_3.jpg,0
monitor,cross_same_variable,139,268,0139_2.jpg,0268_3.jpg,0
monitor,cross_same_variable,139,269,0139_2.jpg,0269_3.jpg,0
monitor,cross_same_variable,139,270,0139_2.jpg,0270_3.jpg,0
monitor,cross_same_variable,139,277,0139_2.jpg,0277_3.jpg,0
monitor,cross_same_variable,139,278,0139_2.jpg,0278_3.jpg,0
monitor,cross_same_variable,144,5,0144_2.jpg,0005_3.jpg,0
monitor,cross_same_variable,144,9,0144_2.jpg,0009_3.jpg,0
monitor,cross_same_variable,144,10,0144_2.jpg,0010_3.jpg,0
monitor,cross_same_variable,144,28,0144_2.jpg,0028_3.jpg,0
monitor,cross_same_variable,144,32,0144_2.jpg,0032_3.jpg,0
monitor,cross_same_variable,144,33,0144_2.jpg,0033_3.jpg,0
monitor,cross_same_variable,144,34,0144_2.jpg,0034_3.jpg,0
monitor,cross_same_variable,144,44,0144_2.jpg,0044_3.jpg,0
monitor,cross_same_variable,144,51,0144_2.jpg,0051_3.jpg,0
monitor,cross_same_variable,144,54,0144_2.jpg,0054_3.jpg,0
monitor,cross_same_variable,144,63,0144_2.jpg,0063_3.jpg,0
monitor,cross_same_variable,144,68,0144_2.jpg,0068_3.jpg,0
monitor,cross_same_variable,144,69,0144_2.jpg,0069_3.jpg,0
monitor,cross_same_variable,144,73,0144_2.jpg,0073_3.jpg,0
monitor,cross_same_variable,144,95,0144_2.jpg,0095_3.jpg,0
monitor,cross_same_variable,144,121,0144_2.jpg,0121_3.jpg,0
monitor,cross_same_variable,144,128,0144_2.jpg,0128_3.jpg,0
monitor,cross_same_variable,144,129,0144_2.jpg,0129_3.jpg,0
monitor,cross_same_variable,144,131,0144_2.jpg,0131_3.jpg,0
monitor,cross_same_variable,144,139,0144_2.jpg,0139_3.jpg,0
monitor,cross_same_variable,144,144,0144_2.jpg,0144_3.jpg,1
monitor,cross_same_variable,144,145,0144_2.jpg,0145_3.jpg,0
monitor,cross_same_variable,144,150,0144_2.jpg,0150_3.jpg,0
monitor,cross_same_variable,144,160,0144_2.jpg,0160_3.jpg,0
monitor,cross_same_variable,144,165,0144_2.jpg,0165_3.jpg,0
monitor,cross_same_variable,144,166,0144_2.jpg,0166_3.jpg,0
monitor,cross_same_variable,144,170,0144_2.jpg,0170_3.jpg,0
monitor,cross_same_variable,144,174,0144_2.jpg,0174_3.jpg,0
monitor,cross_same_variable,144,176,0144_2.jpg,0176_3.jpg,0
monitor,cross_same_variable,144,193,0144_2.jpg,0193_3.jpg,0
monitor,cross_same_variable,144,202,0144_2.jpg,0202_3.jpg,0
monitor,cross_same_variable,144,205,0144_2.jpg,0205_3.jpg,0
monitor,cross_same_variable,144,210,0144_2.jpg,0210_3.jpg,0
monitor,cross_same_variable,144,218,0144_2.jpg,0218_3.jpg,0
monitor,cross_same_variable,144,222,0144_2.jpg,0222_3.jpg,0
monitor,cross_same_variable,144,238,0144_2.jpg,0238_3.jpg,0
monitor,cross_same_variable,144,253,0144_2.jpg,0253_3.jpg,0
monitor,cross_same_variable,144,254,0144_2.jpg,0254_3.jpg,0
monitor,cross_same_variable,144,257,0144_2.jpg,0257_3.jpg,0
monitor,cross_same_variable,144,258,0144_2.jpg,0258_3.jpg,0
monitor,cross_same_variable,144,268,0144_2.jpg,0268_3.jpg,0
monitor,cross_same_variable,144,269,0144_2.jpg,0269_3.jpg,0
monitor,cross_same_variable,144,270,0144_2.jpg,0270_3.jpg,0
monitor,cross_same_variable,144,277,0144_2.jpg,0277_3.jpg,0
monitor,cross_same_variable,144,278,0144_2.jpg,0278_3.jpg,0
monitor,cross_same_variable,145,5,0145_2.jpg,0005_3.jpg,0
monitor,cross_same_variable,145,9,0145_2.jpg,0009_3.jpg,0
monitor,cross_same_variable,145,10,0145_2.jpg,0010_3.jpg,0
monitor,cross_same_variable,145,28,0145_2.jpg,0028_3.jpg,0
monitor,cross_same_variable,145,32,0145_2.jpg,0032_3.jpg,0
monitor,cross_same_variable,145,33,0145_2.jpg,0033_3.jpg,0
monitor,cross_same_variable,145,34,0145_2.jpg,0034_3.jpg,0
monitor,cross_same_variable,145,44,0145_2.jpg,0044_3.jpg,0
monitor,cross_same_variable,145,51,0145_2.jpg,0051_3.jpg,0
monitor,cross_same_variable,145,54,0145_2.jpg,0054_3.jpg,0
monitor,cross_same_variable,145,63,0145_2.jpg,0063_3.jpg,0
monitor,cross_same_variable,145,68,0145_2.jpg,0068_3.jpg,0
monitor,cross_same_variable,145,69,0145_2.jpg,0069_3.jpg,0
monitor,cross_same_variable,145,73,0145_2.jpg,0073_3.jpg,0
monitor,cross_same_variable,145,95,0145_2.jpg,0095_3.jpg,0
monitor,cross_same_variable,145,121,0145_2.jpg,0121_3.jpg,0
monitor,cross_same_variable,145,128,0145_2.jpg,0128_3.jpg,0
monitor,cross_same_variable,145,129,0145_2.jpg,0129_3.jpg,0
monitor,cross_same_variable,145,131,0145_2.jpg,0131_3.jpg,0
monitor,cross_same_variable,145,139,0145_2.jpg,0139_3.jpg,0
monitor,cross_same_variable,145,144,0145_2.jpg,0144_3.jpg,0
monitor,cross_same_variable,145,145,0145_2.jpg,0145_3.jpg,1
monitor,cross_same_variable,145,150,0145_2.jpg,0150_3.jpg,0
monitor,cross_same_variable,145,160,0145_2.jpg,0160_3.jpg,0
monitor,cross_same_variable,145,165,0145_2.jpg,0165_3.jpg,0
monitor,cross_same_variable,145,166,0145_2.jpg,0166_3.jpg,0
monitor,cross_same_variable,145,170,0145_2.jpg,0170_3.jpg,0
monitor,cross_same_variable,145,174,0145_2.jpg,0174_3.jpg,0
monitor,cross_same_variable,145,176,0145_2.jpg,0176_3.jpg,0
monitor,cross_same_variable,145,193,0145_2.jpg,0193_3.jpg,0
monitor,cross_same_variable,145,202,0145_2.jpg,0202_3.jpg,0
monitor,cross_same_variable,145,205,0145_2.jpg,0205_3.jpg,0
monitor,cross_same_variable,145,210,0145_2.jpg,0210_3.jpg,0
monitor,cross_same_variable,145,218,0145_2.jpg,0218_3.jpg,0
monitor,cross_same_variable,145,222,0145_2.jpg,0222_3.jpg,0
monitor,cross_same_variable,145,238,0145_2.jpg,0238_3.jpg,0
monitor,cross_same_variable,145,253,0145_2.jpg,0253_3.jpg,0
monitor,cross_same_variable,145,254,0145_2.jpg,0254_3.jpg,0
monitor,cross_same_variable,145,257,0145_2.jpg,0257_3.jpg,0
monitor,cross_same_variable,145,258,0145_2.jpg,0258_3.jpg,0
monitor,cross_same_variable,145,268,0145_2.jpg,0268_3.jpg,0
monitor,cross_same_variable,145,269,0145_2.jpg,0269_3.jpg,0
monitor,cross_same_variable,145,270,0145_2.jpg,0270_3.jpg,0
monitor,cross_same_variable,145,277,0145_2.jpg,0277_3.jpg,0
monitor,cross_same_variable,145,278,0145_2.jpg,0278_3.jpg,0
monitor,cross_same_variable,150,5,0150_2.jpg,0005_3.jpg,0
monitor,cross_same_variable,150,9,0150_2.jpg,0009_3.jpg,0
monitor,cross_same_variable,150,10,0150_2.jpg,0010_3.jpg,0
monitor,cross_same_variable,150,28,0150_2.jpg,0028_3.jpg,0
monitor,cross_same_variable,150,32,0150_2.jpg,0032_3.jpg,0
monitor,cross_same_variable,150,33,0150_2.jpg,0033_3.jpg,0
monitor,cross_same_variable,150,34,0150_2.jpg,0034_3.jpg,0
monitor,cross_same_variable,150,44,0150_2.jpg,0044_3.jpg,0
monitor,cross_same_variable,150,51,0150_2.jpg,0051_3.jpg,0
monitor,cross_same_variable,150,54,0150_2.jpg,0054_3.jpg,0
monitor,cross_same_variable,150,63,0150_2.jpg,0063_3.jpg,0
monitor,cross_same_variable,150,68,0150_2.jpg,0068_3.jpg,0
monitor,cross_same_variable,150,69,0150_2.jpg,0069_3.jpg,0
monitor,cross_same_variable,150,73,0150_2.jpg,0073_3.jpg,0
monitor,cross_same_variable,150,95,0150_2.jpg,0095_3.jpg,0
monitor,cross_same_variable,150,121,0150_2.jpg,0121_3.jpg,0
monitor,cross_same_variable,150,128,0150_2.jpg,0128_3.jpg,0
monitor,cross_same_variable,150,129,0150_2.jpg,0129_3.jpg,0
monitor,cross_same_variable,150,131,0150_2.jpg,0131_3.jpg,0
monitor,cross_same_variable,150,139,0150_2.jpg,0139_3.jpg,0
monitor,cross_same_variable,150,144,0150_2.jpg,0144_3.jpg,0
monitor,cross_same_variable,150,145,0150_2.jpg,0145_3.jpg,0
monitor,cross_same_variable,150,150,0150_2.jpg,0150_3.jpg,1
monitor,cross_same_variable,150,160,0150_2.jpg,0160_3.jpg,0
monitor,cross_same_variable,150,165,0150_2.jpg,0165_3.jpg,0
monitor,cross_same_variable,150,166,0150_2.jpg,0166_3.jpg,0
monitor,cross_same_variable,150,170,0150_2.jpg,0170_3.jpg,0
monitor,cross_same_variable,150,174,0150_2.jpg,0174_3.jpg,0
monitor,cross_same_variable,150,176,0150_2.jpg,0176_3.jpg,0
monitor,cross_same_variable,150,193,0150_2.jpg,0193_3.jpg,0
monitor,cross_same_variable,150,202,0150_2.jpg,0202_3.jpg,0
monitor,cross_same_variable,150,205,0150_2.jpg,0205_3.jpg,0
monitor,cross_same_variable,150,210,0150_2.jpg,0210_3.jpg,0
monitor,cross_same_variable,150,218,0150_2.jpg,0218_3.jpg,0
monitor,cross_same_variable,150,222,0150_2.jpg,0222_3.jpg,0
monitor,cross_same_variable,150,238,0150_2.jpg,0238_3.jpg,0
monitor,cross_same_variable,150,253,0150_2.jpg,0253_3.jpg,0
monitor,cross_same_variable,150,254,0150_2.jpg,0254_3.jpg,0
monitor,cross_same_variable,150,257,0150_2.jpg,0257_3.jpg,0
monitor,cross_same_variable,150,258,0150_2.jpg,0258_3.jpg,0
monitor,cross_same_variable,150,268,0150_2.jpg,0268_3.jpg,0
monitor,cross_same_variable,150,269,0150_2.jpg,0269_3.jpg,0
monitor,cross_same_variable,150,270,0150_2.jpg,0270_3.jpg,0
monitor,cross_same_variable,150,277,0150_2.jpg,0277_3.jpg,0
monitor,cross_same_variable,150,278,0150_2.jpg,0278_3.jpg,0
monitor,cross_same_variable,160,5,0160_2.jpg,0005_3.jpg,0
monitor,cross_same_variable,160,9,0160_2.jpg,0009_3.jpg,0
monitor,cross_same_variable,160,10,0160_2.jpg,0010_3.jpg,0
monitor,cross_same_variable,160,28,0160_2.jpg,0028_3.jpg,0
monitor,cross_same_variable,160,32,0160_2.jpg,0032_3.jpg,0
monitor,cross_same_variable,160,33,0160_2.jpg,0033_3.jpg,0
monitor,cross_same_variable,160,34,0160_2.jpg,0034_3.jpg,0
monitor,cross_same_variable,160,44,0160_2.jpg,0044_3.jpg,0
monitor,cross_same_variable,160,51,0160_2.jpg,0051_3.jpg,0
monitor,cross_same_variable,160,54,0160_2.jpg,0054_3.jpg,0
monitor,cross_same_variable,160,63,0160_2.jpg,0063_3.jpg,0
monitor,cross_same_variable,160,68,0160_2.jpg,0068_3.jpg,0
monitor,cross_same_variable,160,69,0160_2.jpg,0069_3.jpg,0
monitor,cross_same_variable,160,73,0160_2.jpg,0073_3.jpg,0
monitor,cross_same_variable,160,95,0160_2.jpg,0095_3.jpg,0
monitor,cross_same_variable,160,121,0160_2.jpg,0121_3.jpg,0
monitor,cross_same_variable,160,128,0160_2.jpg,0128_3.jpg,0
monitor,cross_same_variable,160,129,0160_2.jpg,0129_3.jpg,0
monitor,cross_same_variable,160,131,0160_2.jpg,0131_3.jpg,0
monitor,cross_same_variable,160,139,0160_2.jpg,0139_3.jpg,0
monitor,cross_same_variable,160,144,0160_2.jpg,0144_3.jpg,0
monitor,cross_same_variable,160,145,0160_2.jpg,0145_3.jpg,0
monitor,cross_same_variable,160,150,0160_2.jpg,0150_3.jpg,0
monitor,cross_same_variable,160,160,0160_2.jpg,0160_3.jpg,1
monitor,cross_same_variable,160,165,0160_2.jpg,0165_3.jpg,0
monitor,cross_same_variable,160,166,0160_2.jpg,0166_3.jpg,0
monitor,cross_same_variable,160,170,0160_2.jpg,0170_3.jpg,0
monitor,cross_same_variable,160,174,0160_2.jpg,0174_3.jpg,0
monitor,cross_same_variable,160,176,0160_2.jpg,0176_3.jpg,0
monitor,cross_same_variable,160,193,0160_2.jpg,0193_3.jpg,0
monitor,cross_same_variable,160,202,0160_2.jpg,0202_3.jpg,0
monitor,cross_same_variable,160,205,0160_2.jpg,0205_3.jpg,0
monitor,cross_same_variable,160,210,0160_2.jpg,0210_3.jpg,0
monitor,cross_same_variable,160,218,0160_2.jpg,0218_3.jpg,0
monitor,cross_same_variable,160,222,0160_2.jpg,0222_3.jpg,0
monitor,cross_same_variable,160,238,0160_2.jpg,0238_3.jpg,0
monitor,cross_same_variable,160,253,0160_2.jpg,0253_3.jpg,0
monitor,cross_same_variable,160,254,0160_2.jpg,0254_3.jpg,0
monitor,cross_same_variable,160,257,0160_2.jpg,0257_3.jpg,0
monitor,cross_same_variable,160,258,0160_2.jpg,0258_3.jpg,0
monitor,cross_same_variable,160,268,0160_2.jpg,0268_3.jpg,0
monitor,cross_same_variable,160,269,0160_2.jpg,0269_3.jpg,0
monitor,cross_same_variable,160,270,0160_2.jpg,0270_3.jpg,0
monitor,cross_same_variable,160,277,0160_2.jpg,0277_3.jpg,0
monitor,cross_same_variable,160,278,0160_2.jpg,0278_3.jpg,0
monitor,cross_same_variable,165,5,0165_2.jpg,0005_3.jpg,0
monitor,cross_same_variable,165,9,0165_2.jpg,0009_3.jpg,0
monitor,cross_same_variable,165,10,0165_2.jpg,0010_3.jpg,0
monitor,cross_same_variable,165,28,0165_2.jpg,0028_3.jpg,0
monitor,cross_same_variable,165,32,0165_2.jpg,0032_3.jpg,0
monitor,cross_same_variable,165,33,0165_2.jpg,0033_3.jpg,0
monitor,cross_same_variable,165,34,0165_2.jpg,0034_3.jpg,0
monitor,cross_same_variable,165,44,0165_2.jpg,0044_3.jpg,0
monitor,cross_same_variable,165,51,0165_2.jpg,0051_3.jpg,0
monitor,cross_same_variable,165,54,0165_2.jpg,0054_3.jpg,0
monitor,cross_same_variable,165,63,0165_2.jpg,0063_3.jpg,0
monitor,cross_same_variable,165,68,0165_2.jpg,0068_3.jpg,0
monitor,cross_same_variable,165,69,0165_2.jpg,0069_3.jpg,0
monitor,cross_same_variable,165,73,0165_2.jpg,0073_3.jpg,0
monitor,cross_same_variable,165,95,0165_2.jpg,0095_3.jpg,0
monitor,cross_same_variable,165,121,0165_2.jpg,0121_3.jpg,0
monitor,cross_same_variable,165,128,0165_2.jpg,0128_3.jpg,0
monitor,cross_same_variable,165,129,0165_2.jpg,0129_3.jpg,0
monitor,cross_same_variable,165,131,0165_2.jpg,0131_3.jpg,0
monitor,cross_same_variable,165,139,0165_2.jpg,0139_3.jpg,0
monitor,cross_same_variable,165,144,0165_2.jpg,0144_3.jpg,0
monitor,cross_same_variable,165,145,0165_2.jpg,0145_3.jpg,0
monitor,cross_same_variable,165,150,0165_2.jpg,0150_3.jpg,0
monitor,cross_same_variable,165,160,0165_2.jpg,0160_3.jpg,0
monitor,cross_same_variable,165,165,0165_2.jpg,0165_3.jpg,1
monitor,cross_same_variable,165,166,0165_2.jpg,0166_3.jpg,0
monitor,cross_same_variable,165,170,0165_2.jpg,0170_3.jpg,0
monitor,cross_same_variable,165,174,0165_2.jpg,0174_3.jpg,0
monitor,cross_same_variable,165,176,0165_2.jpg,0176_3.jpg,0
monitor,cross_same_variable,165,193,0165_2.jpg,0193_3.jpg,0
monitor,cross_same_variable,165,202,0165_2.jpg,0202_3.jpg,0
monitor,cross_same_variable,165,205,0165_2.jpg,0205_3.jpg,0
monitor,cross_same_variable,165,210,0165_2.jpg,0210_3.jpg,0
monitor,cross_same_variable,165,218,0165_2.jpg,0218_3.jpg,0
monitor,cross_same_variable,165,222,0165_2.jpg,0222_3.jpg,0
monitor,cross_same_variable,165,238,0165_2.jpg,0238_3.jpg,0
monitor,cross_same_variable,165,253,0165_2.jpg,0253_3.jpg,0
monitor,cross_same_variable,165,254,0165_2.jpg,0254_3.jpg,0
monitor,cross_same_variable,165,257,0165_2.jpg,0257_3.jpg,0
monitor,cross_same_variable,165,258,0165_2.jpg,0258_3.jpg,0
monitor,cross_same_variable,165,268,0165_2.jpg,0268_3.jpg,0
monitor,cross_same_variable,165,269,0165_2.jpg,0269_3.jpg,0
monitor,cross_same_variable,165,270,0165_2.jpg,0270_3.jpg,0
monitor,cross_same_variable,165,277,0165_2.jpg,0277_3.jpg,0
monitor,cross_same_variable,165,278,0165_2.jpg,0278_3.jpg,0
monitor,cross_same_variable,166,5,0166_2.jpg,0005_3.jpg,0
monitor,cross_same_variable,166,9,0166_2.jpg,0009_3.jpg,0
monitor,cross_same_variable,166,10,0166_2.jpg,0010_3.jpg,0
monitor,cross_same_variable,166,28,0166_2.jpg,0028_3.jpg,0
monitor,cross_same_variable,166,32,0166_2.jpg,0032_3.jpg,0
monitor,cross_same_variable,166,33,0166_2.jpg,0033_3.jpg,0
monitor,cross_same_variable,166,34,0166_2.jpg,0034_3.jpg,0
monitor,cross_same_variable,166,44,0166_2.jpg,0044_3.jpg,0
monitor,cross_same_variable,166,51,0166_2.jpg,0051_3.jpg,0
monitor,cross_same_variable,166,54,0166_2.jpg,0054_3.jpg,0
monitor,cross_same_variable,166,63,0166_2.jpg,0063_3.jpg,0
monitor,cross_same_variable,166,68,0166_2.jpg,0068_3.jpg,0
monitor,cross_same_variable,166,69,0166_2.jpg,0069_3.jpg,0
monitor,cross_same_variable,166,73,0166_2.jpg,0073_3.jpg,0
monitor,cross_same_variable,166,95,0166_2.jpg,0095_3.jpg,0
monitor,cross_same_variable,166,121,0166_2.jpg,0121_3.jpg,0
monitor,cross_same_variable,166,128,0166_2.jpg,0128_3.jpg,0
monitor,cross_same_variable,166,129,0166_2.jpg,0129_3.jpg,0
monitor,cross_same_variable,166,131,0166_2.jpg,0131_3.jpg,0
monitor,cross_same_variable,166,139,0166_2.jpg,0139_3.jpg,0
monitor,cross_same_variable,166,144,0166_2.jpg,0144_3.jpg,0
monitor,cross_same_variable,166,145,0166_2.jpg,0145_3.jpg,0
monitor,cross_same_variable,166,150,0166_2.jpg,0150_3.jpg,0
monitor,cross_same_variable,166,160,0166_2.jpg,0160_3.jpg,0
monitor,cross_same_variable,166,165,0166_2.jpg,0165_3.jpg,0
monitor,cross_same_variable,166,166,0166_2.jpg,0166_3.jpg,1
monitor,cross_same_variable,166,170,0166_2.jpg,0170_3.jpg,0
monitor,cross_same_variable,166,174,0166_2.jpg,0174_3.jpg,0
monitor,cross_same_variable,166,176,0166_2.jpg,0176_3.jpg,0
monitor,cross_same_variable,166,193,0166_2.jpg,0193_3.jpg,0
monitor,cross_same_variable,166,202,0166_2.jpg,0202_3.jpg,0
monitor,cross_same_variable,166,205,0166_2.jpg,0205_3.jpg,0
monitor,cross_same_variable,166,210,0166_2.jpg,0210_3.jpg,0
monitor,cross_same_variable,166,218,0166_2.jpg,0218_3.jpg,0
monitor,cross_same_variable,166,222,0166_2.jpg,0222_3.jpg,0
monitor,cross_same_variable,166,238,0166_2.jpg,0238_3.jpg,0
monitor,cross_same_variable,166,253,0166_2.jpg,0253_3.jpg,0
monitor,cross_same_variable,166,254,0166_2.jpg,0254_3.jpg,0
monitor,cross_same_variable,166,257,0166_2.jpg,0257_3.jpg,0
monitor,cross_same_variable,166,258,0166_2.jpg,0258_3.jpg,0
monitor,cross_same_variable,166,268,0166_2.jpg,0268_3.jpg,0
monitor,cross_same_variable,166,269,0166_2.jpg,0269_3.jpg,0
monitor,cross_same_variable,166,270,0166_2.jpg,0270_3.jpg,0
monitor,cross_same_variable,166,277,0166_2.jpg,0277_3.jpg,0
monitor,cross_same_variable,166,278,0166_2.jpg,0278_3.jpg,0
monitor,cross_same_variable,170,5,0170_2.jpg,0005_3.jpg,0
monitor,cross_same_variable,170,9,0170_2.jpg,0009_3.jpg,0
monitor,cross_same_variable,170,10,0170_2.jpg,0010_3.jpg,0
monitor,cross_same_variable,170,28,0170_2.jpg,0028_3.jpg,0
monitor,cross_same_variable,170,32,0170_2.jpg,0032_3.jpg,0
monitor,cross_same_variable,170,33,0170_2.jpg,0033_3.jpg,0
monitor,cross_same_variable,170,34,0170_2.jpg,0034_3.jpg,0
monitor,cross_same_variable,170,44,0170_2.jpg,0044_3.jpg,0
monitor,cross_same_variable,170,51,0170_2.jpg,0051_3.jpg,0
monitor,cross_same_variable,170,54,0170_2.jpg,0054_3.jpg,0
monitor,cross_same_variable,170,63,0170_2.jpg,0063_3.jpg,0
monitor,cross_same_variable,170,68,0170_2.jpg,0068_3.jpg,0
monitor,cross_same_variable,170,69,0170_2.jpg,0069_3.jpg,0
monitor,cross_same_variable,170,73,0170_2.jpg,0073_3.jpg,0
monitor,cross_same_variable,170,95,0170_2.jpg,0095_3.jpg,0
monitor,cross_same_variable,170,121,0170_2.jpg,0121_3.jpg,0
monitor,cross_same_variable,170,128,0170_2.jpg,0128_3.jpg,0
monitor,cross_same_variable,170,129,0170_2.jpg,0129_3.jpg,0
monitor,cross_same_variable,170,131,0170_2.jpg,0131_3.jpg,0
monitor,cross_same_variable,170,139,0170_2.jpg,0139_3.jpg,0
monitor,cross_same_variable,170,144,0170_2.jpg,0144_3.jpg,0
monitor,cross_same_variable,170,145,0170_2.jpg,0145_3.jpg,0
monitor,cross_same_variable,170,150,0170_2.jpg,0150_3.jpg,0
monitor,cross_same_variable,170,160,0170_2.jpg,0160_3.jpg,0
monitor,cross_same_variable,170,165,0170_2.jpg,0165_3.jpg,0
monitor,cross_same_variable,170,166,0170_2.jpg,0166_3.jpg,0
monitor,cross_same_variable,170,170,0170_2.jpg,0170_3.jpg,1
monitor,cross_same_variable,170,174,0170_2.jpg,0174_3.jpg,0
monitor,cross_same_variable,170,176,0170_2.jpg,0176_3.jpg,0
monitor,cross_same_variable,170,193,0170_2.jpg,0193_3.jpg,0
monitor,cross_same_variable,170,202,0170_2.jpg,0202_3.jpg,0
monitor,cross_same_variable,170,205,0170_2.jpg,0205_3.jpg,0
monitor,cross_same_variable,170,210,0170_2.jpg,0210_3.jpg,0
monitor,cross_same_variable,170,218,0170_2.jpg,0218_3.jpg,0
monitor,cross_same_variable,170,222,0170_2.jpg,0222_3.jpg,0
monitor,cross_same_variable,170,238,0170_2.jpg,0238_3.jpg,0
monitor,cross_same_variable,170,253,0170_2.jpg,0253_3.jpg,0
monitor,cross_same_variable,170,254,0170_2.jpg,0254_3.jpg,0
monitor,cross_same_variable,170,257,0170_2.jpg,0257_3.jpg,0
monitor,cross_same_variable,170,258,0170_2.jpg,0258_3.jpg,0
monitor,cross_same_variable,170,268,0170_2.jpg,0268_3.jpg,0
monitor,cross_same_variable,170,269,0170_2.jpg,0269_3.jpg,0
monitor,cross_same_variable,170,270,0170_2.jpg,0270_3.jpg,0
monitor,cross_same_variable,170,277,0170_2.jpg,0277_3.jpg,0
monitor,cross_same_variable,170,278,0170_2.jpg,0278_3.jpg,0
monitor,cross_same_variable,174,5,0174_2.jpg,0005_3.jpg,0
monitor,cross_same_variable,174,9,0174_2.jpg,0009_3.jpg,0
monitor,cross_same_variable,174,10,0174_2.jpg,0010_3.jpg,0
monitor,cross_same_variable,174,28,0174_2.jpg,0028_3.jpg,0
monitor,cross_same_variable,174,32,0174_2.jpg,0032_3.jpg,0
monitor,cross_same_variable,174,33,0174_2.jpg,0033_3.jpg,0
monitor,cross_same_variable,174,34,0174_2.jpg,0034_3.jpg,0
monitor,cross_same_variable,174,44,0174_2.jpg,0044_3.jpg,0
monitor,cross_same_variable,174,51,0174_2.jpg,0051_3.jpg,0
monitor,cross_same_variable,174,54,0174_2.jpg,0054_3.jpg,0
monitor,cross_same_variable,174,63,0174_2.jpg,0063_3.jpg,0
monitor,cross_same_variable,174,68,0174_2.jpg,0068_3.jpg,0
monitor,cross_same_variable,174,69,0174_2.jpg,0069_3.jpg,0
monitor,cross_same_variable,174,73,0174_2.jpg,0073_3.jpg,0
monitor,cross_same_variable,174,95,0174_2.jpg,0095_3.jpg,0
monitor,cross_same_variable,174,121,0174_2.jpg,0121_3.jpg,0
monitor,cross_same_variable,174,128,0174_2.jpg,0128_3.jpg,0
monitor,cross_same_variable,174,129,0174_2.jpg,0129_3.jpg,0
monitor,cross_same_variable,174,131,0174_2.jpg,0131_3.jpg,0
monitor,cross_same_variable,174,139,0174_2.jpg,0139_3.jpg,0
monitor,cross_same_variable,174,144,0174_2.jpg,0144_3.jpg,0
monitor,cross_same_variable,174,145,0174_2.jpg,0145_3.jpg,0
monitor,cross_same_variable,174,150,0174_2.jpg,0150_3.jpg,0
monitor,cross_same_variable,174,160,0174_2.jpg,0160_3.jpg,0
monitor,cross_same_variable,174,165,0174_2.jpg,0165_3.jpg,0
monitor,cross_same_variable,174,166,0174_2.jpg,0166_3.jpg,0
monitor,cross_same_variable,174,170,0174_2.jpg,0170_3.jpg,0
monitor,cross_same_variable,174,174,0174_2.jpg,0174_3.jpg,1
monitor,cross_same_variable,174,176,0174_2.jpg,0176_3.jpg,0
monitor,cross_same_variable,174,193,0174_2.jpg,0193_3.jpg,0
monitor,cross_same_variable,174,202,0174_2.jpg,0202_3.jpg,0
monitor,cross_same_variable,174,205,0174_2.jpg,0205_3.jpg,0
monitor,cross_same_variable,174,210,0174_2.jpg,0210_3.jpg,0
monitor,cross_same_variable,174,218,0174_2.jpg,0218_3.jpg,0
monitor,cross_same_variable,174,222,0174_2.jpg,0222_3.jpg,0
monitor,cross_same_variable,174,238,0174_2.jpg,0238_3.jpg,0
monitor,cross_same_variable,174,253,0174_2.jpg,0253_3.jpg,0
monitor,cross_same_variable,174,254,0174_2.jpg,0254_3.jpg,0
monitor,cross_same_variable,174,257,0174_2.jpg,0257_3.jpg,0
monitor,cross_same_variable,174,258,0174_2.jpg,0258_3.jpg,0
monitor,cross_same_variable,174,268,0174_2.jpg,0268_3.jpg,0
monitor,cross_same_variable,174,269,0174_2.jpg,0269_3.jpg,0
monitor,cross_same_variable,174,270,0174_2.jpg,0270_3.jpg,0
monitor,cross_same_variable,174,277,0174_2.jpg,0277_3.jpg,0
monitor,cross_same_variable,174,278,0174_2.jpg,0278_3.jpg,0
monitor,cross_same_variable,176,5,0176_2.jpg,0005_3.jpg,0
monitor,cross_same_variable,176,9,0176_2.jpg,0009_3.jpg,0
monitor,cross_same_variable,176,10,0176_2.jpg,0010_3.jpg,0
monitor,cross_same_variable,176,28,0176_2.jpg,0028_3.jpg,0
monitor,cross_same_variable,176,32,0176_2.jpg,0032_3.jpg,0
monitor,cross_same_variable,176,33,0176_2.jpg,0033_3.jpg,0
monitor,cross_same_variable,176,34,0176_2.jpg,0034_3.jpg,0
monitor,cross_same_variable,176,44,0176_2.jpg,0044_3.jpg,0
monitor,cross_same_variable,176,51,0176_2.jpg,0051_3.jpg,0
monitor,cross_same_variable,176,54,0176_2.jpg,0054_3.jpg,0
monitor,cross_same_variable,176,63,0176_2.jpg,0063_3.jpg,0
monitor,cross_same_variable,176,68,0176_2.jpg,0068_3.jpg,0
monitor,cross_same_variable,176,69,0176_2.jpg,0069_3.jpg,0
monitor,cross_same_variable,176,73,0176_2.jpg,0073_3.jpg,0
monitor,cross_same_variable,176,95,0176_2.jpg,0095_3.jpg,0
monitor,cross_same_variable,176,121,0176_2.jpg,0121_3.jpg,0
monitor,cross_same_variable,176,128,0176_2.jpg,0128_3.jpg,0
monitor,cross_same_variable,176,129,0176_2.jpg,0129_3.jpg,0
monitor,cross_same_variable,176,131,0176_2.jpg,0131_3.jpg,0
monitor,cross_same_variable,176,139,0176_2.jpg,0139_3.jpg,0
monitor,cross_same_variable,176,144,0176_2.jpg,0144_3.jpg,0
monitor,cross_same_variable,176,145,0176_2.jpg,0145_3.jpg,0
monitor,cross_same_variable,176,150,0176_2.jpg,0150_3.jpg,0
monitor,cross_same_variable,176,160,0176_2.jpg,0160_3.jpg,0
monitor,cross_same_variable,176,165,0176_2.jpg,0165_3.jpg,0
monitor,cross_same_variable,176,166,0176_2.jpg,0166_3.jpg,0
monitor,cross_same_variable,176,170,0176_2.jpg,0170_3.jpg,0
monitor,cross_same_variable,176,174,0176_2.jpg,0174_3.jpg,0
monitor,cross_same_variable,176,176,0176_2.jpg,0176_3.jpg,1
monitor,cross_same_variable,176,193,0176_2.jpg,0193_3.jpg,0
monitor,cross_same_variable,176,202,0176_2.jpg,0202_3.jpg,0
monitor,cross_same_variable,176,205,0176_2.jpg,0205_3.jpg,0
monitor,cross_same_variable,176,210,0176_2.jpg,0210_3.jpg,0
monitor,cross_same_variable,176,218,0176_2.jpg,0218_3.jpg,0
monitor,cross_same_variable,176,222,0176_2.jpg,0222_3.jpg,0
monitor,cross_same_variable,176,238,0176_2.jpg,0238_3.jpg,0
monitor,cross_same_variable,176,253,0176_2.jpg,0253_3.jpg,0
monitor,cross_same_variable,176,254,0176_2.jpg,0254_3.jpg,0
monitor,cross_same_variable,176,257,0176_2.jpg,0257_3.jpg,0
monitor,cross_same_variable,176,258,0176_2.jpg,0258_3.jpg,0
monitor,cross_same_variable,176,268,0176_2.jpg,0268_3.jpg,0
monitor,cross_same_variable,176,269,0176_2.jpg,0269_3.jpg,0
monitor,cross_same_variable,176,270,0176_2.jpg,0270_3.jpg,0
monitor,cross_same_variable,176,277,0176_2.jpg,0277_3.jpg,0
monitor,cross_same_variable,176,278,0176_2.jpg,0278_3.jpg,0
monitor,cross_same_variable,193,5,0193_2.jpg,0005_3.jpg,0
monitor,cross_same_variable,193,9,0193_2.jpg,0009_3.jpg,0
monitor,cross_same_variable,193,10,0193_2.jpg,0010_3.jpg,0
monitor,cross_same_variable,193,28,0193_2.jpg,0028_3.jpg,0
monitor,cross_same_variable,193,32,0193_2.jpg,0032_3.jpg,0
monitor,cross_same_variable,193,33,0193_2.jpg,0033_3.jpg,0
monitor,cross_same_variable,193,34,0193_2.jpg,0034_3.jpg,0
monitor,cross_same_variable,193,44,0193_2.jpg,0044_3.jpg,0
monitor,cross_same_variable,193,51,0193_2.jpg,0051_3.jpg,0
monitor,cross_same_variable,193,54,0193_2.jpg,0054_3.jpg,0
monitor,cross_same_variable,193,63,0193_2.jpg,0063_3.jpg,0
monitor,cross_same_variable,193,68,0193_2.jpg,0068_3.jpg,0
monitor,cross_same_variable,193,69,0193_2.jpg,0069_3.jpg,0
monitor,cross_same_variable,193,73,0193_2.jpg,0073_3.jpg,0
monitor,cross_same_variable,193,95,0193_2.jpg,0095_3.jpg,0
monitor,cross_same_variable,193,121,0193_2.jpg,0121_3.jpg,0
monitor,cross_same_variable,193,128,0193_2.jpg,0128_3.jpg,0
monitor,cross_same_variable,193,129,0193_2.jpg,0129_3.jpg,0
monitor,cross_same_variable,193,131,0193_2.jpg,0131_3.jpg,0
monitor,cross_same_variable,193,139,0193_2.jpg,0139_3.jpg,0
monitor,cross_same_variable,193,144,0193_2.jpg,0144_3.jpg,0
monitor,cross_same_variable,193,145,0193_2.jpg,0145_3.jpg,0
monitor,cross_same_variable,193,150,0193_2.jpg,0150_3.jpg,0
monitor,cross_same_variable,193,160,0193_2.jpg,0160_3.jpg,0
monitor,cross_same_variable,193,165,0193_2.jpg,0165_3.jpg,0
monitor,cross_same_variable,193,166,0193_2.jpg,0166_3.jpg,0
monitor,cross_same_variable,193,170,0193_2.jpg,0170_3.jpg,0
monitor,cross_same_variable,193,174,0193_2.jpg,0174_3.jpg,0
monitor,cross_same_variable,193,176,0193_2.jpg,0176_3.jpg,0
monitor,cross_same_variable,193,193,0193_2.jpg,0193_3.jpg,1
monitor,cross_same_variable,193,202,0193_2.jpg,0202_3.jpg,0
monitor,cross_same_variable,193,205,0193_2.jpg,0205_3.jpg,0
monitor,cross_same_variable,193,210,0193_2.jpg,0210_3.jpg,0
monitor,cross_same_variable,193,218,0193_2.jpg,0218_3.jpg,0
monitor,cross_same_variable,193,222,0193_2.jpg,0222_3.jpg,0
monitor,cross_same_variable,193,238,0193_2.jpg,0238_3.jpg,0
monitor,cross_same_variable,193,253,0193_2.jpg,0253_3.jpg,0
monitor,cross_same_variable,193,254,0193_2.jpg,0254_3.jpg,0
monitor,cross_same_variable,193,257,0193_2.jpg,0257_3.jpg,0
monitor,cross_same_variable,193,258,0193_2.jpg,0258_3.jpg,0
monitor,cross_same_variable,193,268,0193_2.jpg,0268_3.jpg,0
monitor,cross_same_variable,193,269,0193_2.jpg,0269_3.jpg,0
monitor,cross_same_variable,193,270,0193_2.jpg,0270_3.jpg,0
monitor,cross_same_variable,193,277,0193_2.jpg,0277_3.jpg,0
monitor,cross_same_variable,193,278,0193_2.jpg,0278_3.jpg,0
monitor,cross_same_variable,202,5,0202_2.jpg,0005_3.jpg,0
monitor,cross_same_variable,202,9,0202_2.jpg,0009_3.jpg,0
monitor,cross_same_variable,202,10,0202_2.jpg,0010_3.jpg,0
monitor,cross_same_variable,202,28,0202_2.jpg,0028_3.jpg,0
monitor,cross_same_variable,202,32,0202_2.jpg,0032_3.jpg,0
monitor,cross_same_variable,202,33,0202_2.jpg,0033_3.jpg,0
monitor,cross_same_variable,202,34,0202_2.jpg,0034_3.jpg,0
monitor,cross_same_variable,202,44,0202_2.jpg,0044_3.jpg,0
monitor,cross_same_variable,202,51,0202_2.jpg,0051_3.jpg,0
monitor,cross_same_variable,202,54,0202_2.jpg,0054_3.jpg,0
monitor,cross_same_variable,202,63,0202_2.jpg,0063_3.jpg,0
monitor,cross_same_variable,202,68,0202_2.jpg,0068_3.jpg,0
monitor,cross_same_variable,202,69,0202_2.jpg,0069_3.jpg,0
monitor,cross_same_variable,202,73,0202_2.jpg,0073_3.jpg,0
monitor,cross_same_variable,202,95,0202_2.jpg,0095_3.jpg,0
monitor,cross_same_variable,202,121,0202_2.jpg,0121_3.jpg,0
monitor,cross_same_variable,202,128,0202_2.jpg,0128_3.jpg,0
monitor,cross_same_variable,202,129,0202_2.jpg,0129_3.jpg,0
monitor,cross_same_variable,202,131,0202_2.jpg,0131_3.jpg,0
monitor,cross_same_variable,202,139,0202_2.jpg,0139_3.jpg,0
monitor,cross_same_variable,202,144,0202_2.jpg,0144_3.jpg,0
monitor,cross_same_variable,202,145,0202_2.jpg,0145_3.jpg,0
monitor,cross_same_variable,202,150,0202_2.jpg,0150_3.jpg,0
monitor,cross_same_variable,202,160,0202_2.jpg,0160_3.jpg,0
monitor,cross_same_variable,202,165,0202_2.jpg,0165_3.jpg,0
monitor,cross_same_variable,202,166,0202_2.jpg,0166_3.jpg,0
monitor,cross_same_variable,202,170,0202_2.jpg,0170_3.jpg,0
monitor,cross_same_variable,202,174,0202_2.jpg,0174_3.jpg,0
monitor,cross_same_variable,202,176,0202_2.jpg,0176_3.jpg,0
monitor,cross_same_variable,202,193,0202_2.jpg,0193_3.jpg,0
monitor,cross_same_variable,202,202,0202_2.jpg,0202_3.jpg,1
monitor,cross_same_variable,202,205,0202_2.jpg,0205_3.jpg,0
monitor,cross_same_variable,202,210,0202_2.jpg,0210_3.jpg,0
monitor,cross_same_variable,202,218,0202_2.jpg,0218_3.jpg,0
monitor,cross_same_variable,202,222,0202_2.jpg,0222_3.jpg,0
monitor,cross_same_variable,202,238,0202_2.jpg,0238_3.jpg,0
monitor,cross_same_variable,202,253,0202_2.jpg,0253_3.jpg,0
monitor,cross_same_variable,202,254,0202_2.jpg,0254_3.jpg,0
monitor,cross_same_variable,202,257,0202_2.jpg,0257_3.jpg,0
monitor,cross_same_variable,202,258,0202_2.jpg,0258_3.jpg,0
monitor,cross_same_variable,202,268,0202_2.jpg,0268_3.jpg,0
monitor,cross_same_variable,202,269,0202_2.jpg,0269_3.jpg,0
monitor,cross_same_variable,202,270,0202_2.jpg,0270_3.jpg,0
monitor,cross_same_variable,202,277,0202_2.jpg,0277_3.jpg,0
monitor,cross_same_variable,202,278,0202_2.jpg,0278_3.jpg,0
monitor,cross_same_variable,205,5,0205_2.jpg,0005_3.jpg,0
monitor,cross_same_variable,205,9,0205_2.jpg,0009_3.jpg,0
monitor,cross_same_variable,205,10,0205_2.jpg,0010_3.jpg,0
monitor,cross_same_variable,205,28,0205_2.jpg,0028_3.jpg,0
monitor,cross_same_variable,205,32,0205_2.jpg,0032_3.jpg,0
monitor,cross_same_variable,205,33,0205_2.jpg,0033_3.jpg,0
monitor,cross_same_variable,205,34,0205_2.jpg,0034_3.jpg,0
monitor,cross_same_variable,205,44,0205_2.jpg,0044_3.jpg,0
monitor,cross_same_variable,205,51,0205_2.jpg,0051_3.jpg,0
monitor,cross_same_variable,205,54,0205_2.jpg,0054_3.jpg,0
monitor,cross_same_variable,205,63,0205_2.jpg,0063_3.jpg,0
monitor,cross_same_variable,205,68,0205_2.jpg,0068_3.jpg,0
monitor,cross_same_variable,205,69,0205_2.jpg,0069_3.jpg,0
monitor,cross_same_variable,205,73,0205_2.jpg,0073_3.jpg,0
monitor,cross_same_variable,205,95,0205_2.jpg,0095_3.jpg,0
monitor,cross_same_variable,205,121,0205_2.jpg,0121_3.jpg,0
monitor,cross_same_variable,205,128,0205_2.jpg,0128_3.jpg,0
monitor,cross_same_variable,205,129,0205_2.jpg,0129_3.jpg,0
monitor,cross_same_variable,205,131,0205_2.jpg,0131_3.jpg,0
monitor,cross_same_variable,205,139,0205_2.jpg,0139_3.jpg,0
monitor,cross_same_variable,205,144,0205_2.jpg,0144_3.jpg,0
monitor,cross_same_variable,205,145,0205_2.jpg,0145_3.jpg,0
monitor,cross_same_variable,205,150,0205_2.jpg,0150_3.jpg,0
monitor,cross_same_variable,205,160,0205_2.jpg,0160_3.jpg,0
monitor,cross_same_variable,205,165,0205_2.jpg,0165_3.jpg,0
monitor,cross_same_variable,205,166,0205_2.jpg,0166_3.jpg,0
monitor,cross_same_variable,205,170,0205_2.jpg,0170_3.jpg,0
monitor,cross_same_variable,205,174,0205_2.jpg,0174_3.jpg,0
monitor,cross_same_variable,205,176,0205_2.jpg,0176_3.jpg,0
monitor,cross_same_variable,205,193,0205_2.jpg,0193_3.jpg,0
monitor,cross_same_variable,205,202,0205_2.jpg,0202_3.jpg,0
monitor,cross_same_variable,205,205,0205_2.jpg,0205_3.jpg,1
monitor,cross_same_variable,205,210,0205_2.jpg,0210_3.jpg,0
monitor,cross_same_variable,205,218,0205_2.jpg,0218_3.jpg,0
monitor,cross_same_variable,205,222,0205_2.jpg,0222_3.jpg,0
monitor,cross_same_variable,205,238,0205_2.jpg,0238_3.jpg,0
monitor,cross_same_variable,205,253,0205_2.jpg,0253_3.jpg,0
monitor,cross_same_variable,205,254,0205_2.jpg,0254_3.jpg,0
monitor,cross_same_variable,205,257,0205_2.jpg,0257_3.jpg,0
monitor,cross_same_variable,205,258,0205_2.jpg,0258_3.jpg,0
monitor,cross_same_variable,205,268,0205_2.jpg,0268_3.jpg,0
monitor,cross_same_variable,205,269,0205_2.jpg,0269_3.jpg,0
monitor,cross_same_variable,205,270,0205_2.jpg,0270_3.jpg,0
monitor,cross_same_variable,205,277,0205_2.jpg,0277_3.jpg,0
monitor,cross_same_variable,205,278,0205_2.jpg,0278_3.jpg,0
monitor,cross_same_variable,210,5,0210_2.jpg,0005_3.jpg,0
monitor,cross_same_variable,210,9,0210_2.jpg,0009_3.jpg,0
monitor,cross_same_variable,210,10,0210_2.jpg,0010_3.jpg,0
monitor,cross_same_variable,210,28,0210_2.jpg,0028_3.jpg,0
monitor,cross_same_variable,210,32,0210_2.jpg,0032_3.jpg,0
monitor,cross_same_variable,210,33,0210_2.jpg,0033_3.jpg,0
monitor,cross_same_variable,210,34,0210_2.jpg,0034_3.jpg,0
monitor,cross_same_variable,210,44,0210_2.jpg,0044_3.jpg,0
monitor,cross_same_variable,210,51,0210_2.jpg,0051_3.jpg,0
monitor,cross_same_variable,210,54,0210_2.jpg,0054_3.jpg,0
monitor,cross_same_variable,210,63,0210_2.jpg,0063_3.jpg,0
monitor,cross_same_variable,210,68,0210_2.jpg,0068_3.jpg,0
monitor,cross_same_variable,210,69,0210_2.jpg,0069_3.jpg,0
monitor,cross_same_variable,210,73,0210_2.jpg,0073_3.jpg,0
monitor,cross_same_variable,210,95,0210_2.jpg,0095_3.jpg,0
monitor,cross_same_variable,210,121,0210_2.jpg,0121_3.jpg,0
monitor,cross_same_variable,210,128,0210_2.jpg,0128_3.jpg,0
monitor,cross_same_variable,210,129,0210_2.jpg,0129_3.jpg,0
monitor,cross_same_variable,210,131,0210_2.jpg,0131_3.jpg,0
monitor,cross_same_variable,210,139,0210_2.jpg,0139_3.jpg,0
monitor,cross_same_variable,210,144,0210_2.jpg,0144_3.jpg,0
monitor,cross_same_variable,210,145,0210_2.jpg,0145_3.jpg,0
monitor,cross_same_variable,210,150,0210_2.jpg,0150_3.jpg,0
monitor,cross_same_variable,210,160,0210_2.jpg,0160_3.jpg,0
monitor,cross_same_variable,210,165,0210_2.jpg,0165_3.jpg,0
monitor,cross_same_variable,210,166,0210_2.jpg,0166_3.jpg,0
monitor,cross_same_variable,210,170,0210_2.jpg,0170_3.jpg,0
monitor,cross_same_variable,210,174,0210_2.jpg,0174_3.jpg,0
monitor,cross_same_variable,210,176,0210_2.jpg,0176_3.jpg,0
monitor,cross_same_variable,210,193,0210_2.jpg,0193_3.jpg,0
monitor,cross_same_variable,210,202,0210_2.jpg,0202_3.jpg,0
monitor,cross_same_variable,210,205,0210_2.jpg,0205_3.jpg,0
monitor,cross_same_variable,210,210,0210_2.jpg,0210_3.jpg,1
monitor,cross_same_variable,210,218,0210_2.jpg,0218_3.jpg,0
monitor,cross_same_variable,210,222,0210_2.jpg,0222_3.jpg,0
monitor,cross_same_variable,210,238,0210_2.jpg,0238_3.jpg,0
monitor,cross_same_variable,210,253,0210_2.jpg,0253_3.jpg,0
monitor,cross_same_variable,210,254,0210_2.jpg,0254_3.jpg,0
monitor,cross_same_variable,210,257,0210_2.jpg,0257_3.jpg,0
monitor,cross_same_variable,210,258,0210_2.jpg,0258_3.jpg,0
monitor,cross_same_variable,210,268,0210_2.jpg,0268_3.jpg,0
monitor,cross_same_variable,210,269,0210_2.jpg,0269_3.jpg,0
monitor,cross_same_variable,210,270,0210_2.jpg,0270_3.jpg,0
monitor,cross_same_variable,210,277,0210_2.jpg,0277_3.jpg,0
monitor,cross_same_variable,210,278,0210_2.jpg,0278_3.jpg,0
monitor,cross_same_variable,218,5,0218_2.jpg,0005_3.jpg,0
monitor,cross_same_variable,218,9,0218_2.jpg,0009_3.jpg,0
monitor,cross_same_variable,218,10,0218_2.jpg,0010_3.jpg,0
monitor,cross_same_variable,218,28,0218_2.jpg,0028_3.jpg,0
monitor,cross_same_variable,218,32,0218_2.jpg,0032_3.jpg,0
monitor,cross_same_variable,218,33,0218_2.jpg,0033_3.jpg,0
monitor,cross_same_variable,218,34,0218_2.jpg,0034_3.jpg,0
monitor,cross_same_variable,218,44,0218_2.jpg,0044_3.jpg,0
monitor,cross_same_variable,218,51,0218_2.jpg,0051_3.jpg,0
monitor,cross_same_variable,218,54,0218_2.jpg,0054_3.jpg,0
monitor,cross_same_variable,218,63,0218_2.jpg,0063_3.jpg,0
monitor,cross_same_variable,218,68,0218_2.jpg,0068_3.jpg,0
monitor,cross_same_variable,218,69,0218_2.jpg,0069_3.jpg,0
monitor,cross_same_variable,218,73,0218_2.jpg,0073_3.jpg,0
monitor,cross_same_variable,218,95,0218_2.jpg,0095_3.jpg,0
monitor,cross_same_variable,218,121,0218_2.jpg,0121_3.jpg,0
monitor,cross_same_variable,218,128,0218_2.jpg,0128_3.jpg,0
monitor,cross_same_variable,218,129,0218_2.jpg,0129_3.jpg,0
monitor,cross_same_variable,218,131,0218_2.jpg,0131_3.jpg,0
monitor,cross_same_variable,218,139,0218_2.jpg,0139_3.jpg,0
monitor,cross_same_variable,218,144,0218_2.jpg,0144_3.jpg,0
monitor,cross_same_variable,218,145,0218_2.jpg,0145_3.jpg,0
monitor,cross_same_variable,218,150,0218_2.jpg,0150_3.jpg,0
monitor,cross_same_variable,218,160,0218_2.jpg,0160_3.jpg,0
monitor,cross_same_variable,218,165,0218_2.jpg,0165_3.jpg,0
monitor,cross_same_variable,218,166,0218_2.jpg,0166_3.jpg,0
monitor,cross_same_variable,218,170,0218_2.jpg,0170_3.jpg,0
monitor,cross_same_variable,218,174,0218_2.jpg,0174_3.jpg,0
monitor,cross_same_variable,218,176,0218_2.jpg,0176_3.jpg,0
monitor,cross_same_variable,218,193,0218_2.jpg,0193_3.jpg,0
monitor,cross_same_variable,218,202,0218_2.jpg,0202_3.jpg,0
monitor,cross_same_variable,218,205,0218_2.jpg,0205_3.jpg,0
monitor,cross_same_variable,218,210,0218_2.jpg,0210_3.jpg,0
monitor,cross_same_variable,218,218,0218_2.jpg,0218_3.jpg,1
monitor,cross_same_variable,218,222,0218_2.jpg,0222_3.jpg,0
monitor,cross_same_variable,218,238,0218_2.jpg,0238_3.jpg,0
monitor,cross_same_variable,218,253,0218_2.jpg,0253_3.jpg,0
monitor,cross_same_variable,218,254,0218_2.jpg,0254_3.jpg,0
monitor,cross_same_variable,218,257,0218_2.jpg,0257_3.jpg,0
monitor,cross_same_variable,218,258,0218_2.jpg,0258_3.jpg,0
monitor,cross_same_variable,218,268,0218_2.jpg,0268_3.jpg,0
monitor,cross_same_variable,218,269,0218_2.jpg,0269_3.jpg,0
monitor,cross_same_variable,218,270,0218_2.jpg,0270_3.jpg,0
monitor,cross_same_variable,218,277,0218_2.jpg,0277_3.jpg,0
monitor,cross_same_variable,218,278,0218_2.jpg,0278_3.jpg,0
monitor,cross_same_variable,222,5,0222_2.jpg,0005_3.jpg,0
monitor,cross_same_variable,222,9,0222_2.jpg,0009_3.jpg,0
monitor,cross_same_variable,222,10,0222_2.jpg,0010_3.jpg,0
monitor,cross_same_variable,222,28,0222_2.jpg,0028_3.jpg,0
monitor,cross_same_variable,222,32,0222_2.jpg,0032_3.jpg,0
monitor,cross_same_variable,222,33,0222_2.jpg,0033_3.jpg,0
monitor,cross_same_variable,222,34,0222_2.jpg,0034_3.jpg,0
monitor,cross_same_variable,222,44,0222_2.jpg,0044_3.jpg,0
monitor,cross_same_variable,222,51,0222_2.jpg,0051_3.jpg,0
monitor,cross_same_variable,222,54,0222_2.jpg,0054_3.jpg,0
monitor,cross_same_variable,222,63,0222_2.jpg,0063_3.jpg,0
monitor,cross_same_variable,222,68,0222_2.jpg,0068_3.jpg,0
monitor,cross_same_variable,222,69,0222_2.jpg,0069_3.jpg,0
monitor,cross_same_variable,222,73,0222_2.jpg,0073_3.jpg,0
monitor,cross_same_variable,222,95,0222_2.jpg,0095_3.jpg,0
monitor,cross_same_variable,222,121,0222_2.jpg,0121_3.jpg,0
monitor,cross_same_variable,222,128,0222_2.jpg,0128_3.jpg,0
monitor,cross_same_variable,222,129,0222_2.jpg,0129_3.jpg,0
monitor,cross_same_variable,222,131,0222_2.jpg,0131_3.jpg,0
monitor,cross_same_variable,222,139,0222_2.jpg,0139_3.jpg,0
monitor,cross_same_variable,222,144,0222_2.jpg,0144_3.jpg,0
monitor,cross_same_variable,222,145,0222_2.jpg,0145_3.jpg,0
monitor,cross_same_variable,222,150,0222_2.jpg,0150_3.jpg,0
monitor,cross_same_variable,222,160,0222_2.jpg,0160_3.jpg,0
monitor,cross_same_variable,222,165,0222_2.jpg,0165_3.jpg,0
monitor,cross_same_variable,222,166,0222_2.jpg,0166_3.jpg,0
monitor,cross_same_variable,222,170,0222_2.jpg,0170_3.jpg,0
monitor,cross_same_variable,222,174,0222_2.jpg,0174_3.jpg,0
monitor,cross_same_variable,222,176,0222_2.jpg,0176_3.jpg,0
monitor,cross_same_variable,222,193,0222_2.jpg,0193_3.jpg,0
monitor,cross_same_variable,222,202,0222_2.jpg,0202_3.jpg,0
monitor,cross_same_variable,222,205,0222_2.jpg,0205_3.jpg,0
monitor,cross_same_variable,222,210,0222_2.jpg,0210_3.jpg,0
monitor,cross_same_variable,222,218,0222_2.jpg,0218_3.jpg,0
monitor,cross_same_variable,222,222,0222_2.jpg,0222_3.jpg,1
monitor,cross_same_variable,222,238,0222_2.jpg,0238_3.jpg,0
monitor,cross_same_variable,222,253,0222_2.jpg,0253_3.jpg,0
monitor,cross_same_variable,222,254,0222_2.jpg,0254_3.jpg,0
monitor,cross_same_variable,222,257,0222_2.jpg,0257_3.jpg,0
monitor,cross_same_variable,222,258,0222_2.jpg,0258_3.jpg,0
monitor,cross_same_variable,222,268,0222_2.jpg,0268_3.jpg,0
monitor,cross_same_variable,222,269,0222_2.jpg,0269_3.jpg,0
monitor,cross_same_variable,222,270,0222_2.jpg,0270_3.jpg,0
monitor,cross_same_variable,222,277,0222_2.jpg,0277_3.jpg,0
monitor,cross_same_variable,222,278,0222_2.jpg,0278_3.jpg,0
monitor,cross_same_variable,238,5,0238_2.jpg,0005_3.jpg,0
monitor,cross_same_variable,238,9,0238_2.jpg,0009_3.jpg,0
monitor,cross_same_variable,238,10,0238_2.jpg,0010_3.jpg,0
monitor,cross_same_variable,238,28,0238_2.jpg,0028_3.jpg,0
monitor,cross_same_variable,238,32,0238_2.jpg,0032_3.jpg,0
monitor,cross_same_variable,238,33,0238_2.jpg,0033_3.jpg,0
monitor,cross_same_variable,238,34,0238_2.jpg,0034_3.jpg,0
monitor,cross_same_variable,238,44,0238_2.jpg,0044_3.jpg,0
monitor,cross_same_variable,238,51,0238_2.jpg,0051_3.jpg,0
monitor,cross_same_variable,238,54,0238_2.jpg,0054_3.jpg,0
monitor,cross_same_variable,238,63,0238_2.jpg,0063_3.jpg,0
monitor,cross_same_variable,238,68,0238_2.jpg,0068_3.jpg,0
monitor,cross_same_variable,238,69,0238_2.jpg,0069_3.jpg,0
monitor,cross_same_variable,238,73,0238_2.jpg,0073_3.jpg,0
monitor,cross_same_variable,238,95,0238_2.jpg,0095_3.jpg,0
monitor,cross_same_variable,238,121,0238_2.jpg,0121_3.jpg,0
monitor,cross_same_variable,238,128,0238_2.jpg,0128_3.jpg,0
monitor,cross_same_variable,238,129,0238_2.jpg,0129_3.jpg,0
monitor,cross_same_variable,238,131,0238_2.jpg,0131_3.jpg,0
monitor,cross_same_variable,238,139,0238_2.jpg,0139_3.jpg,0
monitor,cross_same_variable,238,144,0238_2.jpg,0144_3.jpg,0
monitor,cross_same_variable,238,145,0238_2.jpg,0145_3.jpg,0
monitor,cross_same_variable,238,150,0238_2.jpg,0150_3.jpg,0
monitor,cross_same_variable,238,160,0238_2.jpg,0160_3.jpg,0
monitor,cross_same_variable,238,165,0238_2.jpg,0165_3.jpg,0
monitor,cross_same_variable,238,166,0238_2.jpg,0166_3.jpg,0
monitor,cross_same_variable,238,170,0238_2.jpg,0170_3.jpg,0
monitor,cross_same_variable,238,174,0238_2.jpg,0174_3.jpg,0
monitor,cross_same_variable,238,176,0238_2.jpg,0176_3.jpg,0
monitor,cross_same_variable,238,193,0238_2.jpg,0193_3.jpg,0
monitor,cross_same_variable,238,202,0238_2.jpg,0202_3.jpg,0
monitor,cross_same_variable,238,205,0238_2.jpg,0205_3.jpg,0
monitor,cross_same_variable,238,210,0238_2.jpg,0210_3.jpg,0
monitor,cross_same_variable,238,218,0238_2.jpg,0218_3.jpg,0
monitor,cross_same_variable,238,222,0238_2.jpg,0222_3.jpg,0
monitor,cross_same_variable,238,238,0238_2.jpg,0238_3.jpg,1
monitor,cross_same_variable,238,253,0238_2.jpg,0253_3.jpg,0
monitor,cross_same_variable,238,254,0238_2.jpg,0254_3.jpg,0
monitor,cross_same_variable,238,257,0238_2.jpg,0257_3.jpg,0
monitor,cross_same_variable,238,258,0238_2.jpg,0258_3.jpg,0
monitor,cross_same_variable,238,268,0238_2.jpg,0268_3.jpg,0
monitor,cross_same_variable,238,269,0238_2.jpg,0269_3.jpg,0
monitor,cross_same_variable,238,270,0238_2.jpg,0270_3.jpg,0
monitor,cross_same_variable,238,277,0238_2.jpg,0277_3.jpg,0
monitor,cross_same_variable,238,278,0238_2.jpg,0278_3.jpg,0
monitor,cross_same_variable,253,5,0253_2.jpg,0005_3.jpg,0
monitor,cross_same_variable,253,9,0253_2.jpg,0009_3.jpg,0
monitor,cross_same_variable,253,10,0253_2.jpg,0010_3.jpg,0
monitor,cross_same_variable,253,28,0253_2.jpg,0028_3.jpg,0
monitor,cross_same_variable,253,32,0253_2.jpg,0032_3.jpg,0
monitor,cross_same_variable,253,33,0253_2.jpg,0033_3.jpg,0
monitor,cross_same_variable,253,34,0253_2.jpg,0034_3.jpg,0
monitor,cross_same_variable,253,44,0253_2.jpg,0044_3.jpg,0
monitor,cross_same_variable,253,51,0253_2.jpg,0051_3.jpg,0
monitor,cross_same_variable,253,54,0253_2.jpg,0054_3.jpg,0
monitor,cross_same_variable,253,63,0253_2.jpg,0063_3.jpg,0
monitor,cross_same_variable,253,68,0253_2.jpg,0068_3.jpg,0
monitor,cross_same_variable,253,69,0253_2.jpg,0069_3.jpg,0
monitor,cross_same_variable,253,73,0253_2.jpg,0073_3.jpg,0
monitor,cross_same_variable,253,95,0253_2.jpg,0095_3.jpg,0
monitor,cross_same_variable,253,121,0253_2.jpg,0121_3.jpg,0
monitor,cross_same_variable,253,128,0253_2.jpg,0128_3.jpg,0
monitor,cross_same_variable,253,129,0253_2.jpg,0129_3.jpg,0
monitor,cross_same_variable,253,131,0253_2.jpg,0131_3.jpg,0
monitor,cross_same_variable,253,139,0253_2.jpg,0139_3.jpg,0
monitor,cross_same_variable,253,144,0253_2.jpg,0144_3.jpg,0
monitor,cross_same_variable,253,145,0253_2.jpg,0145_3.jpg,0
monitor,cross_same_variable,253,150,0253_2.jpg,0150_3.jpg,0
monitor,cross_same_variable,253,160,0253_2.jpg,0160_3.jpg,0
monitor,cross_same_variable,253,165,0253_2.jpg,0165_3.jpg,0
monitor,cross_same_variable,253,166,0253_2.jpg,0166_3.jpg,0
monitor,cross_same_variable,253,170,0253_2.jpg,0170_3.jpg,0
monitor,cross_same_variable,253,174,0253_2.jpg,0174_3.jpg,0
monitor,cross_same_variable,253,176,0253_2.jpg,0176_3.jpg,0
monitor,cross_same_variable,253,193,0253_2.jpg,0193_3.jpg,0
monitor,cross_same_variable,253,202,0253_2.jpg,0202_3.jpg,0
monitor,cross_same_variable,253,205,0253_2.jpg,0205_3.jpg,0
monitor,cross_same_variable,253,210,0253_2.jpg,0210_3.jpg,0
monitor,cross_same_variable,253,218,0253_2.jpg,0218_3.jpg,0
monitor,cross_same_variable,253,222,0253_2.jpg,0222_3.jpg,0
monitor,cross_same_variable,253,238,0253_2.jpg,0238_3.jpg,0
monitor,cross_same_variable,253,253,0253_2.jpg,0253_3.jpg,1
monitor,cross_same_variable,253,254,0253_2.jpg,0254_3.jpg,0
monitor,cross_same_variable,253,257,0253_2.jpg,0257_3.jpg,0
monitor,cross_same_variable,253,258,0253_2.jpg,0258_3.jpg,0
monitor,cross_same_variable,253,268,0253_2.jpg,0268_3.jpg,0
monitor,cross_same_variable,253,269,0253_2.jpg,0269_3.jpg,0
monitor,cross_same_variable,253,270,0253_2.jpg,0270_3.jpg,0
monitor,cross_same_variable,253,277,0253_2.jpg,0277_3.jpg,0
monitor,cross_same_variable,253,278,0253_2.jpg,0278_3.jpg,0
monitor,cross_same_variable,254,5,0254_2.jpg,0005_3.jpg,0
monitor,cross_same_variable,254,9,0254_2.jpg,0009_3.jpg,0
monitor,cross_same_variable,254,10,0254_2.jpg,0010_3.jpg,0
monitor,cross_same_variable,254,28,0254_2.jpg,0028_3.jpg,0
monitor,cross_same_variable,254,32,0254_2.jpg,0032_3.jpg,0
monitor,cross_same_variable,254,33,0254_2.jpg,0033_3.jpg,0
monitor,cross_same_variable,254,34,0254_2.jpg,0034_3.jpg,0
monitor,cross_same_variable,254,44,0254_2.jpg,0044_3.jpg,0
monitor,cross_same_variable,254,51,0254_2.jpg,0051_3.jpg,0
monitor,cross_same_variable,254,54,0254_2.jpg,0054_3.jpg,0
monitor,cross_same_variable,254,63,0254_2.jpg,0063_3.jpg,0
monitor,cross_same_variable,254,68,0254_2.jpg,0068_3.jpg,0
monitor,cross_same_variable,254,69,0254_2.jpg,0069_3.jpg,0
monitor,cross_same_variable,254,73,0254_2.jpg,0073_3.jpg,0
monitor,cross_same_variable,254,95,0254_2.jpg,0095_3.jpg,0
monitor,cross_same_variable,254,121,0254_2.jpg,0121_3.jpg,0
monitor,cross_same_variable,254,128,0254_2.jpg,0128_3.jpg,0
monitor,cross_same_variable,254,129,0254_2.jpg,0129_3.jpg,0
monitor,cross_same_variable,254,131,0254_2.jpg,0131_3.jpg,0
monitor,cross_same_variable,254,139,0254_2.jpg,0139_3.jpg,0
monitor,cross_same_variable,254,144,0254_2.jpg,0144_3.jpg,0
monitor,cross_same_variable,254,145,0254_2.jpg,0145_3.jpg,0
monitor,cross_same_variable,254,150,0254_2.jpg,0150_3.jpg,0
monitor,cross_same_variable,254,160,0254_2.jpg,0160_3.jpg,0
monitor,cross_same_variable,254,165,0254_2.jpg,0165_3.jpg,0
monitor,cross_same_variable,254,166,0254_2.jpg,0166_3.jpg,0
monitor,cross_same_variable,254,170,0254_2.jpg,0170_3.jpg,0
monitor,cross_same_variable,254,174,0254_2.jpg,0174_3.jpg,0
monitor,cross_same_variable,254,176,0254_2.jpg,0176_3.jpg,0
monitor,cross_same_variable,254,193,0254_2.jpg,0193_3.jpg,0
monitor,cross_same_variable,254,202,0254_2.jpg,0202_3.jpg,0
monitor,cross_same_variable,254,205,0254_2.jpg,0205_3.jpg,0
monitor,cross_same_variable,254,210,0254_2.jpg,0210_3.jpg,0
monitor,cross_same_variable,254,218,0254_2.jpg,0218_3.jpg,0
monitor,cross_same_variable,254,222,0254_2.jpg,0222_3.jpg,0
monitor,cross_same_variable,254,238,0254_2.jpg,0238_3.jpg,0
monitor,cross_same_variable,254,253,0254_2.jpg,0253_3.jpg,0
monitor,cross_same_variable,254,254,0254_2.jpg,0254_3.jpg,1
monitor,cross_same_variable,254,257,0254_2.jpg,0257_3.jpg,0
monitor,cross_same_variable,254,258,0254_2.jpg,0258_3.jpg,0
monitor,cross_same_variable,254,268,0254_2.jpg,0268_3.jpg,0
monitor,cross_same_variable,254,269,0254_2.jpg,0269_3.jpg,0
monitor,cross_same_variable,254,270,0254_2.jpg,0270_3.jpg,0
monitor,cross_same_variable,254,277,0254_2.jpg,0277_3.jpg,0
monitor,cross_same_variable,254,278,0254_2.jpg,0278_3.jpg,0
monitor,cross_same_variable,257,5,0257_2.jpg,0005_3.jpg,0
monitor,cross_same_variable,257,9,0257_2.jpg,0009_3.jpg,0
monitor,cross_same_variable,257,10,0257_2.jpg,0010_3.jpg,0
monitor,cross_same_variable,257,28,0257_2.jpg,0028_3.jpg,0
monitor,cross_same_variable,257,32,0257_2.jpg,0032_3.jpg,0
monitor,cross_same_variable,257,33,0257_2.jpg,0033_3.jpg,0
monitor,cross_same_variable,257,34,0257_2.jpg,0034_3.jpg,0
monitor,cross_same_variable,257,44,0257_2.jpg,0044_3.jpg,0
monitor,cross_same_variable,257,51,0257_2.jpg,0051_3.jpg,0
monitor,cross_same_variable,257,54,0257_2.jpg,0054_3.jpg,0
monitor,cross_same_variable,257,63,0257_2.jpg,0063_3.jpg,0
monitor,cross_same_variable,257,68,0257_2.jpg,0068_3.jpg,0
monitor,cross_same_variable,257,69,0257_2.jpg,0069_3.jpg,0
monitor,cross_same_variable,257,73,0257_2.jpg,0073_3.jpg,0
monitor,cross_same_variable,257,95,0257_2.jpg,0095_3.jpg,0
monitor,cross_same_variable,257,121,0257_2.jpg,0121_3.jpg,0
monitor,cross_same_variable,257,128,0257_2.jpg,0128_3.jpg,0
monitor,cross_same_variable,257,129,0257_2.jpg,0129_3.jpg,0
monitor,cross_same_variable,257,131,0257_2.jpg,0131_3.jpg,0
monitor,cross_same_variable,257,139,0257_2.jpg,0139_3.jpg,0
monitor,cross_same_variable,257,144,0257_2.jpg,0144_3.jpg,0
monitor,cross_same_variable,257,145,0257_2.jpg,0145_3.jpg,0
monitor,cross_same_variable,257,150,0257_2.jpg,0150_3.jpg,0
monitor,cross_same_variable,257,160,0257_2.jpg,0160_3.jpg,0
monitor,cross_same_variable,257,165,0257_2.jpg,0165_3.jpg,0
monitor,cross_same_variable,257,166,0257_2.jpg,0166_3.jpg,0
monitor,cross_same_variable,257,170,0257_2.jpg,0170_3.jpg,0
monitor,cross_same_variable,257,174,0257_2.jpg,0174_3.jpg,0
monitor,cross_same_variable,257,176,0257_2.jpg,0176_3.jpg,0
monitor,cross_same_variable,257,193,0257_2.jpg,0193_3.jpg,0
monitor,cross_same_variable,257,202,0257_2.jpg,0202_3.jpg,0
monitor,cross_same_variable,257,205,0257_2.jpg,0205_3.jpg,0
monitor,cross_same_variable,257,210,0257_2.jpg,0210_3.jpg,0
monitor,cross_same_variable,257,218,0257_2.jpg,0218_3.jpg,0
monitor,cross_same_variable,257,222,0257_2.jpg,0222_3.jpg,0
monitor,cross_same_variable,257,238,0257_2.jpg,0238_3.jpg,0
monitor,cross_same_variable,257,253,0257_2.jpg,0253_3.jpg,0
monitor,cross_same_variable,257,254,0257_2.jpg,0254_3.jpg,0
monitor,cross_same_variable,257,257,0257_2.jpg,0257_3.jpg,1
monitor,cross_same_variable,257,258,0257_2.jpg,0258_3.jpg,0
monitor,cross_same_variable,257,268,0257_2.jpg,0268_3.jpg,0
monitor,cross_same_variable,257,269,0257_2.jpg,0269_3.jpg,0
monitor,cross_same_variable,257,270,0257_2.jpg,0270_3.jpg,0
monitor,cross_same_variable,257,277,0257_2.jpg,0277_3.jpg,0
monitor,cross_same_variable,257,278,0257_2.jpg,0278_3.jpg,0
monitor,cross_same_variable,258,5,0258_2.jpg,0005_3.jpg,0
monitor,cross_same_variable,258,9,0258_2.jpg,0009_3.jpg,0
monitor,cross_same_variable,258,10,0258_2.jpg,0010_3.jpg,0
monitor,cross_same_variable,258,28,0258_2.jpg,0028_3.jpg,0
monitor,cross_same_variable,258,32,0258_2.jpg,0032_3.jpg,0
monitor,cross_same_variable,258,33,0258_2.jpg,0033_3.jpg,0
monitor,cross_same_variable,258,34,0258_2.jpg,0034_3.jpg,0
monitor,cross_same_variable,258,44,0258_2.jpg,0044_3.jpg,0
monitor,cross_same_variable,258,51,0258_2.jpg,0051_3.jpg,0
monitor,cross_same_variable,258,54,0258_2.jpg,0054_3.jpg,0
monitor,cross_same_variable,258,63,0258_2.jpg,0063_3.jpg,0
monitor,cross_same_variable,258,68,0258_2.jpg,0068_3.jpg,0
monitor,cross_same_variable,258,69,0258_2.jpg,0069_3.jpg,0
monitor,cross_same_variable,258,73,0258_2.jpg,0073_3.jpg,0
monitor,cross_same_variable,258,95,0258_2.jpg,0095_3.jpg,0
monitor,cross_same_variable,258,121,0258_2.jpg,0121_3.jpg,0
monitor,cross_same_variable,258,128,0258_2.jpg,0128_3.jpg,0
monitor,cross_same_variable,258,129,0258_2.jpg,0129_3.jpg,0
monitor,cross_same_variable,258,131,0258_2.jpg,0131_3.jpg,0
monitor,cross_same_variable,258,139,0258_2.jpg,0139_3.jpg,0
monitor,cross_same_variable,258,144,0258_2.jpg,0144_3.jpg,0
monitor,cross_same_variable,258,145,0258_2.jpg,0145_3.jpg,0
monitor,cross_same_variable,258,150,0258_2.jpg,0150_3.jpg,0
monitor,cross_same_variable,258,160,0258_2.jpg,0160_3.jpg,0
monitor,cross_same_variable,258,165,0258_2.jpg,0165_3.jpg,0
monitor,cross_same_variable,258,166,0258_2.jpg,0166_3.jpg,0
monitor,cross_same_variable,258,170,0258_2.jpg,0170_3.jpg,0
monitor,cross_same_variable,258,174,0258_2.jpg,0174_3.jpg,0
monitor,cross_same_variable,258,176,0258_2.jpg,0176_3.jpg,0
monitor,cross_same_variable,258,193,0258_2.jpg,0193_3.jpg,0
monitor,cross_same_variable,258,202,0258_2.jpg,0202_3.jpg,0
monitor,cross_same_variable,258,205,0258_2.jpg,0205_3.jpg,0
monitor,cross_same_variable,258,210,0258_2.jpg,0210_3.jpg,0
monitor,cross_same_variable,258,218,0258_2.jpg,0218_3.jpg,0
monitor,cross_same_variable,258,222,0258_2.jpg,0222_3.jpg,0
monitor,cross_same_variable,258,238,0258_2.jpg,0238_3.jpg,0
monitor,cross_same_variable,258,253,0258_2.jpg,0253_3.jpg,0
monitor,cross_same_variable,258,254,0258_2.jpg,0254_3.jpg,0
monitor,cross_same_variable,258,257,0258_2.jpg,0257_3.jpg,0
monitor,cross_same_variable,258,258,0258_2.jpg,0258_3.jpg,1
monitor,cross_same_variable,258,268,0258_2.jpg,0268_3.jpg,0
monitor,cross_same_variable,258,269,0258_2.jpg,0269_3.jpg,0
monitor,cross_same_variable,258,270,0258_2.jpg,0270_3.jpg,0
monitor,cross_same_variable,258,277,0258_2.jpg,0277_3.jpg,0
monitor,cross_same_variable,258,278,0258_2.jpg,0278_3.jpg,0
monitor,cross_same_variable,268,5,0268_2.jpg,0005_3.jpg,0
monitor,cross_same_variable,268,9,0268_2.jpg,0009_3.jpg,0
monitor,cross_same_variable,268,10,0268_2.jpg,0010_3.jpg,0
monitor,cross_same_variable,268,28,0268_2.jpg,0028_3.jpg,0
monitor,cross_same_variable,268,32,0268_2.jpg,0032_3.jpg,0
monitor,cross_same_variable,268,33,0268_2.jpg,0033_3.jpg,0
monitor,cross_same_variable,268,34,0268_2.jpg,0034_3.jpg,0
monitor,cross_same_variable,268,44,0268_2.jpg,0044_3.jpg,0
monitor,cross_same_variable,268,51,0268_2.jpg,0051_3.jpg,0
monitor,cross_same_variable,268,54,0268_2.jpg,0054_3.jpg,0
monitor,cross_same_variable,268,63,0268_2.jpg,0063_3.jpg,0
monitor,cross_same_variable,268,68,0268_2.jpg,0068_3.jpg,0
monitor,cross_same_variable,268,69,0268_2.jpg,0069_3.jpg,0
monitor,cross_same_variable,268,73,0268_2.jpg,0073_3.jpg,0
monitor,cross_same_variable,268,95,0268_2.jpg,0095_3.jpg,0
monitor,cross_same_variable,268,121,0268_2.jpg,0121_3.jpg,0
monitor,cross_same_variable,268,128,0268_2.jpg,0128_3.jpg,0
monitor,cross_same_variable,268,129,0268_2.jpg,0129_3.jpg,0
monitor,cross_same_variable,268,131,0268_2.jpg,0131_3.jpg,0
monitor,cross_same_variable,268,139,0268_2.jpg,0139_3.jpg,0
monitor,cross_same_variable,268,144,0268_2.jpg,0144_3.jpg,0
monitor,cross_same_variable,268,145,0268_2.jpg,0145_3.jpg,0
monitor,cross_same_variable,268,150,0268_2.jpg,0150_3.jpg,0
monitor,cross_same_variable,268,160,0268_2.jpg,0160_3.jpg,0
monitor,cross_same_variable,268,165,0268_2.jpg,0165_3.jpg,0
monitor,cross_same_variable,268,166,0268_2.jpg,0166_3.jpg,0
monitor,cross_same_variable,268,170,0268_2.jpg,0170_3.jpg,0
monitor,cross_same_variable,268,174,0268_2.jpg,0174_3.jpg,0
monitor,cross_same_variable,268,176,0268_2.jpg,0176_3.jpg,0
monitor,cross_same_variable,268,193,0268_2.jpg,0193_3.jpg,0
monitor,cross_same_variable,268,202,0268_2.jpg,0202_3.jpg,0
monitor,cross_same_variable,268,205,0268_2.jpg,0205_3.jpg,0
monitor,cross_same_variable,268,210,0268_2.jpg,0210_3.jpg,0
monitor,cross_same_variable,268,218,0268_2.jpg,0218_3.jpg,0
monitor,cross_same_variable,268,222,0268_2.jpg,0222_3.jpg,0
monitor,cross_same_variable,268,238,0268_2.jpg,0238_3.jpg,0
monitor,cross_same_variable,268,253,0268_2.jpg,0253_3.jpg,0
monitor,cross_same_variable,268,254,0268_2.jpg,0254_3.jpg,0
monitor,cross_same_variable,268,257,0268_2.jpg,0257_3.jpg,0
monitor,cross_same_variable,268,258,0268_2.jpg,0258_3.jpg,0
monitor,cross_same_variable,268,268,0268_2.jpg,0268_3.jpg,1
monitor,cross_same_variable,268,269,0268_2.jpg,0269_3.jpg,0
monitor,cross_same_variable,268,270,0268_2.jpg,0270_3.jpg,0
monitor,cross_same_variable,268,277,0268_2.jpg,0277_3.jpg,0
monitor,cross_same_variable,268,278,0268_2.jpg,0278_3.jpg,0
monitor,cross_same_variable,269,5,0269_2.jpg,0005_3.jpg,0
monitor,cross_same_variable,269,9,0269_2.jpg,0009_3.jpg,0
monitor,cross_same_variable,269,10,0269_2.jpg,0010_3.jpg,0
monitor,cross_same_variable,269,28,0269_2.jpg,0028_3.jpg,0
monitor,cross_same_variable,269,32,0269_2.jpg,0032_3.jpg,0
monitor,cross_same_variable,269,33,0269_2.jpg,0033_3.jpg,0
monitor,cross_same_variable,269,34,0269_2.jpg,0034_3.jpg,0
monitor,cross_same_variable,269,44,0269_2.jpg,0044_3.jpg,0
monitor,cross_same_variable,269,51,0269_2.jpg,0051_3.jpg,0
monitor,cross_same_variable,269,54,0269_2.jpg,0054_3.jpg,0
monitor,cross_same_variable,269,63,0269_2.jpg,0063_3.jpg,0
monitor,cross_same_variable,269,68,0269_2.jpg,0068_3.jpg,0
monitor,cross_same_variable,269,69,0269_2.jpg,0069_3.jpg,0
monitor,cross_same_variable,269,73,0269_2.jpg,0073_3.jpg,0
monitor,cross_same_variable,269,95,0269_2.jpg,0095_3.jpg,0
monitor,cross_same_variable,269,121,0269_2.jpg,0121_3.jpg,0
monitor,cross_same_variable,269,128,0269_2.jpg,0128_3.jpg,0
monitor,cross_same_variable,269,129,0269_2.jpg,0129_3.jpg,0
monitor,cross_same_variable,269,131,0269_2.jpg,0131_3.jpg,0
monitor,cross_same_variable,269,139,0269_2.jpg,0139_3.jpg,0
monitor,cross_same_variable,269,144,0269_2.jpg,0144_3.jpg,0
monitor,cross_same_variable,269,145,0269_2.jpg,0145_3.jpg,0
monitor,cross_same_variable,269,150,0269_2.jpg,0150_3.jpg,0
monitor,cross_same_variable,269,160,0269_2.jpg,0160_3.jpg,0
monitor,cross_same_variable,269,165,0269_2.jpg,0165_3.jpg,0
monitor,cross_same_variable,269,166,0269_2.jpg,0166_3.jpg,0
monitor,cross_same_variable,269,170,0269_2.jpg,0170_3.jpg,0
monitor,cross_same_variable,269,174,0269_2.jpg,0174_3.jpg,0
monitor,cross_same_variable,269,176,0269_2.jpg,0176_3.jpg,0
monitor,cross_same_variable,269,193,0269_2.jpg,0193_3.jpg,0
monitor,cross_same_variable,269,202,0269_2.jpg,0202_3.jpg,0
monitor,cross_same_variable,269,205,0269_2.jpg,0205_3.jpg,0
monitor,cross_same_variable,269,210,0269_2.jpg,0210_3.jpg,0
monitor,cross_same_variable,269,218,0269_2.jpg,0218_3.jpg,0
monitor,cross_same_variable,269,222,0269_2.jpg,0222_3.jpg,0
monitor,cross_same_variable,269,238,0269_2.jpg,0238_3.jpg,0
monitor,cross_same_variable,269,253,0269_2.jpg,0253_3.jpg,0
monitor,cross_same_variable,269,254,0269_2.jpg,0254_3.jpg,0
monitor,cross_same_variable,269,257,0269_2.jpg,0257_3.jpg,0
monitor,cross_same_variable,269,258,0269_2.jpg,0258_3.jpg,0
monitor,cross_same_variable,269,268,0269_2.jpg,0268_3.jpg,0
monitor,cross_same_variable,269,269,0269_2.jpg,0269_3.jpg,1
monitor,cross_same_variable,269,270,0269_2.jpg,0270_3.jpg,0
monitor,cross_same_variable,269,277,0269_2.jpg,0277_3.jpg,0
monitor,cross_same_variable,269,278,0269_2.jpg,0278_3.jpg,0
monitor,cross_same_variable,270,5,0270_2.jpg,0005_3.jpg,0
monitor,cross_same_variable,270,9,0270_2.jpg,0009_3.jpg,0
monitor,cross_same_variable,270,10,0270_2.jpg,0010_3.jpg,0
monitor,cross_same_variable,270,28,0270_2.jpg,0028_3.jpg,0
monitor,cross_same_variable,270,32,0270_2.jpg,0032_3.jpg,0
monitor,cross_same_variable,270,33,0270_2.jpg,0033_3.jpg,0
monitor,cross_same_variable,270,34,0270_2.jpg,0034_3.jpg,0
monitor,cross_same_variable,270,44,0270_2.jpg,0044_3.jpg,0
monitor,cross_same_variable,270,51,0270_2.jpg,0051_3.jpg,0
monitor,cross_same_variable,270,54,0270_2.jpg,0054_3.jpg,0
monitor,cross_same_variable,270,63,0270_2.jpg,0063_3.jpg,0
monitor,cross_same_variable,270,68,0270_2.jpg,0068_3.jpg,0
monitor,cross_same_variable,270,69,0270_2.jpg,0069_3.jpg,0
monitor,cross_same_variable,270,73,0270_2.jpg,0073_3.jpg,0
monitor,cross_same_variable,270,95,0270_2.jpg,0095_3.jpg,0
monitor,cross_same_variable,270,121,0270_2.jpg,0121_3.jpg,0
monitor,cross_same_variable,270,128,0270_2.jpg,0128_3.jpg,0
monitor,cross_same_variable,270,129,0270_2.jpg,0129_3.jpg,0
monitor,cross_same_variable,270,131,0270_2.jpg,0131_3.jpg,0
monitor,cross_same_variable,270,139,0270_2.jpg,0139_3.jpg,0
monitor,cross_same_variable,270,144,0270_2.jpg,0144_3.jpg,0
monitor,cross_same_variable,270,145,0270_2.jpg,0145_3.jpg,0
monitor,cross_same_variable,270,150,0270_2.jpg,0150_3.jpg,0
monitor,cross_same_variable,270,160,0270_2.jpg,0160_3.jpg,0
monitor,cross_same_variable,270,165,0270_2.jpg,0165_3.jpg,0
monitor,cross_same_variable,270,166,0270_2.jpg,0166_3.jpg,0
monitor,cross_same_variable,270,170,0270_2.jpg,0170_3.jpg,0
monitor,cross_same_variable,270,174,0270_2.jpg,0174_3.jpg,0
monitor,cross_same_variable,270,176,0270_2.jpg,0176_3.jpg,0
monitor,cross_same_variable,270,193,0270_2.jpg,0193_3.jpg,0
monitor,cross_same_variable,270,202,0270_2.jpg,0202_3.jpg,0
monitor,cross_same_variable,270,205,0270_2.jpg,0205_3.jpg,0
monitor,cross_same_variable,270,210,0270_2.jpg,0210_3.jpg,0
monitor,cross_same_variable,270,218,0270_2.jpg,0218_3.jpg,0
monitor,cross_same_variable,270,222,0270_2.jpg,0222_3.jpg,0
monitor,cross_same_variable,270,238,0270_2.jpg,0238_3.jpg,0
monitor,cross_same_variable,270,253,0270_2.jpg,0253_3.jpg,0
monitor,cross_same_variable,270,254,0270_2.jpg,0254_3.jpg,0
monitor,cross_same_variable,270,257,0270_2.jpg,0257_3.jpg,0
monitor,cross_same_variable,270,258,0270_2.jpg,0258_3.jpg,0
monitor,cross_same_variable,270,268,0270_2.jpg,0268_3.jpg,0
monitor,cross_same_variable,270,269,0270_2.jpg,0269_3.jpg,0
monitor,cross_same_variable,270,270,0270_2.jpg,0270_3.jpg,1
monitor,cross_same_variable,270,277,0270_2.jpg,0277_3.jpg,0
monitor,cross_same_variable,270,278,0270_2.jpg,0278_3.jpg,0
monitor,cross_same_variable,277,5,0277_2.jpg,0005_3.jpg,0
monitor,cross_same_variable,277,9,0277_2.jpg,0009_3.jpg,0
monitor,cross_same_variable,277,10,0277_2.jpg,0010_3.jpg,0
monitor,cross_same_variable,277,28,0277_2.jpg,0028_3.jpg,0
monitor,cross_same_variable,277,32,0277_2.jpg,0032_3.jpg,0
monitor,cross_same_variable,277,33,0277_2.jpg,0033_3.jpg,0
monitor,cross_same_variable,277,34,0277_2.jpg,0034_3.jpg,0
monitor,cross_same_variable,277,44,0277_2.jpg,0044_3.jpg,0
monitor,cross_same_variable,277,51,0277_2.jpg,0051_3.jpg,0
monitor,cross_same_variable,277,54,0277_2.jpg,0054_3.jpg,0
monitor,cross_same_variable,277,63,0277_2.jpg,0063_3.jpg,0
monitor,cross_same_variable,277,68,0277_2.jpg,0068_3.jpg,0
monitor,cross_same_variable,277,69,0277_2.jpg,0069_3.jpg,0
monitor,cross_same_variable,277,73,0277_2.jpg,0073_3.jpg,0
monitor,cross_same_variable,277,95,0277_2.jpg,0095_3.jpg,0
monitor,cross_same_variable,277,121,0277_2.jpg,0121_3.jpg,0
monitor,cross_same_variable,277,128,0277_2.jpg,0128_3.jpg,0
monitor,cross_same_variable,277,129,0277_2.jpg,0129_3.jpg,0
monitor,cross_same_variable,277,131,0277_2.jpg,0131_3.jpg,0
monitor,cross_same_variable,277,139,0277_2.jpg,0139_3.jpg,0
monitor,cross_same_variable,277,144,0277_2.jpg,0144_3.jpg,0
monitor,cross_same_variable,277,145,0277_2.jpg,0145_3.jpg,0
monitor,cross_same_variable,277,150,0277_2.jpg,0150_3.jpg,0
monitor,cross_same_variable,277,160,0277_2.jpg,0160_3.jpg,0
monitor,cross_same_variable,277,165,0277_2.jpg,0165_3.jpg,0
monitor,cross_same_variable,277,166,0277_2.jpg,0166_3.jpg,0
monitor,cross_same_variable,277,170,0277_2.jpg,0170_3.jpg,0
monitor,cross_same_variable,277,174,0277_2.jpg,0174_3.jpg,0
monitor,cross_same_variable,277,176,0277_2.jpg,0176_3.jpg,0
monitor,cross_same_variable,277,193,0277_2.jpg,0193_3.jpg,0
monitor,cross_same_variable,277,202,0277_2.jpg,0202_3.jpg,0
monitor,cross_same_variable,277,205,0277_2.jpg,0205_3.jpg,0
monitor,cross_same_variable,277,210,0277_2.jpg,0210_3.jpg,0
monitor,cross_same_variable,277,218,0277_2.jpg,0218_3.jpg,0
monitor,cross_same_variable,277,222,0277_2.jpg,0222_3.jpg,0
monitor,cross_same_variable,277,238,0277_2.jpg,0238_3.jpg,0
monitor,cross_same_variable,277,253,0277_2.jpg,0253_3.jpg,0
monitor,cross_same_variable,277,254,0277_2.jpg,0254_3.jpg,0
monitor,cross_same_variable,277,257,0277_2.jpg,0257_3.jpg,0
monitor,cross_same_variable,277,258,0277_2.jpg,0258_3.jpg,0
monitor,cross_same_variable,277,268,0277_2.jpg,0268_3.jpg,0
monitor,cross_same_variable,277,269,0277_2.jpg,0269_3.jpg,0
monitor,cross_same_variable,277,270,0277_2.jpg,0270_3.jpg,0
monitor,cross_same_variable,277,277,0277_2.jpg,0277_3.jpg,1
monitor,cross_same_variable,277,278,0277_2.jpg,0278_3.jpg,0
monitor,cross_same_variable,278,5,0278_2.jpg,0005_3.jpg,0
monitor,cross_same_variable,278,9,0278_2.jpg,0009_3.jpg,0
monitor,cross_same_variable,278,10,0278_2.jpg,0010_3.jpg,0
monitor,cross_same_variable,278,28,0278_2.jpg,0028_3.jpg,0
monitor,cross_same_variable,278,32,0278_2.jpg,0032_3.jpg,0
monitor,cross_same_variable,278,33,0278_2.jpg,0033_3.jpg,0
monitor,cross_same_variable,278,34,0278_2.jpg,0034_3.jpg,0
monitor,cross_same_variable,278,44,0278_2.jpg,0044_3.jpg,0
monitor,cross_same_variable,278,51,0278_2.jpg,0051_3.jpg,0
monitor,cross_same_variable,278,54,0278_2.jpg,0054_3.jpg,0
monitor,cross_same_variable,278,63,0278_2.jpg,0063_3.jpg,0
monitor,cross_same_variable,278,68,0278_2.jpg,0068_3.jpg,0
monitor,cross_same_variable,278,69,0278_2.jpg,0069_3.jpg,0
monitor,cross_same_variable,278,73,0278_2.jpg,0073_3.jpg,0
monitor,cross_same_variable,278,95,0278_2.jpg,0095_3.jpg,0
monitor,cross_same_variable,278,121,0278_2.jpg,0121_3.jpg,0
monitor,cross_same_variable,278,128,0278_2.jpg,0128_3.jpg,0
monitor,cross_same_variable,278,129,0278_2.jpg,0129_3.jpg,0
monitor,cross_same_variable,278,131,0278_2.jpg,0131_3.jpg,0
monitor,cross_same_variable,278,139,0278_2.jpg,0139_3.jpg,0
monitor,cross_same_variable,278,144,0278_2.jpg,0144_3.jpg,0
monitor,cross_same_variable,278,145,0278_2.jpg,0145_3.jpg,0
monitor,cross_same_variable,278,150,0278_2.jpg,0150_3.jpg,0
monitor,cross_same_variable,278,160,0278_2.jpg,0160_3.jpg,0
monitor,cross_same_variable,278,165,0278_2.jpg,0165_3.jpg,0
monitor,cross_same_variable,278,166,0278_2.jpg,0166_3.jpg,0
monitor,cross_same_variable,278,170,0278_2.jpg,0170_3.jpg,0
monitor,cross_same_variable,278,174,0278_2.jpg,0174_3.jpg,0
monitor,cross_same_variable,278,176,0278_2.jpg,0176_3.jpg,0
monitor,cross_same_variable,278,193,0278_2.jpg,0193_3.jpg,0
monitor,cross_same_variable,278,202,0278_2.jpg,0202_3.jpg,0
monitor,cross_same_variable,278,205,0278_2.jpg,0205_3.jpg,0
monitor,cross_same_variable,278,210,0278_2.jpg,0210_3.jpg,0
monitor,cross_same_variable,278,218,0278_2.jpg,0218_3.jpg,0
monitor,cross_same_variable,278,222,0278_2.jpg,0222_3.jpg,0
monitor,cross_same_variable,278,238,0278_2.jpg,0238_3.jpg,0
monitor,cross_same_variable,278,253,0278_2.jpg,0253_3.jpg,0
monitor,cross_same_variable,278,254,0278_2.jpg,0254_3.jpg,0
monitor,cross_same_variable,278,257,0278_2.jpg,0257_3.jpg,0
monitor,cross_same_variable,278,258,0278_2.jpg,0258_3.jpg,0
monitor,cross_same_variable,278,268,0278_2.jpg,0268_3.jpg,0
monitor,cross_same_variable,278,269,0278_2.jpg,0269_3.jpg,0
monitor,cross_same_variable,278,270,0278_2.jpg,0270_3.jpg,0
monitor,cross_same_variable,278,277,0278_2.jpg,0277_3.jpg,0
monitor,cross_same_variable,278,278,0278_2.jpg,0278_3.jpg,1
monitor,cross_same_same,5,5,0005_2.jpg,0005_4.jpg,1
monitor,cross_same_same,5,9,0005_2.jpg,0009_4.jpg,0
monitor,cross_same_same,5,10,0005_2.jpg,0010_4.jpg,0
monitor,cross_same_same,5,28,0005_2.jpg,0028_4.jpg,0
monitor,cross_same_same,5,32,0005_2.jpg,0032_4.jpg,0
monitor,cross_same_same,5,33,0005_2.jpg,0033_4.jpg,0
monitor,cross_same_same,5,34,0005_2.jpg,0034_4.jpg,0
monitor,cross_same_same,5,44,0005_2.jpg,0044_4.jpg,0
monitor,cross_same_same,5,51,0005_2.jpg,0051_4.jpg,0
monitor,cross_same_same,5,54,0005_2.jpg,0054_4.jpg,0
monitor,cross_same_same,5,63,0005_2.jpg,0063_4.jpg,0
monitor,cross_same_same,5,68,0005_2.jpg,0068_4.jpg,0
monitor,cross_same_same,5,69,0005_2.jpg,0069_4.jpg,0
monitor,cross_same_same,5,73,0005_2.jpg,0073_4.jpg,0
monitor,cross_same_same,5,95,0005_2.jpg,0095_4.jpg,0
monitor,cross_same_same,5,121,0005_2.jpg,0121_4.jpg,0
monitor,cross_same_same,5,128,0005_2.jpg,0128_4.jpg,0
monitor,cross_same_same,5,129,0005_2.jpg,0129_4.jpg,0
monitor,cross_same_same,5,131,0005_2.jpg,0131_4.jpg,0
monitor,cross_same_same,5,139,0005_2.jpg,0139_4.jpg,0
monitor,cross_same_same,5,144,0005_2.jpg,0144_4.jpg,0
monitor,cross_same_same,5,145,0005_2.jpg,0145_4.jpg,0
monitor,cross_same_same,5,150,0005_2.jpg,0150_4.jpg,0
monitor,cross_same_same,5,160,0005_2.jpg,0160_4.jpg,0
monitor,cross_same_same,5,165,0005_2.jpg,0165_4.jpg,0
monitor,cross_same_same,5,166,0005_2.jpg,0166_4.jpg,0
monitor,cross_same_same,5,170,0005_2.jpg,0170_4.jpg,0
monitor,cross_same_same,5,174,0005_2.jpg,0174_4.jpg,0
monitor,cross_same_same,5,176,0005_2.jpg,0176_4.jpg,0
monitor,cross_same_same,5,193,0005_2.jpg,0193_4.jpg,0
monitor,cross_same_same,5,202,0005_2.jpg,0202_4.jpg,0
monitor,cross_same_same,5,205,0005_2.jpg,0205_4.jpg,0
monitor,cross_same_same,5,210,0005_2.jpg,0210_4.jpg,0
monitor,cross_same_same,5,218,0005_2.jpg,0218_4.jpg,0
monitor,cross_same_same,5,222,0005_2.jpg,0222_4.jpg,0
monitor,cross_same_same,5,238,0005_2.jpg,0238_4.jpg,0
monitor,cross_same_same,5,253,0005_2.jpg,0253_4.jpg,0
monitor,cross_same_same,5,254,0005_2.jpg,0254_4.jpg,0
monitor,cross_same_same,5,257,0005_2.jpg,0257_4.jpg,0
monitor,cross_same_same,5,258,0005_2.jpg,0258_4.jpg,0
monitor,cross_same_same,5,268,0005_2.jpg,0268_4.jpg,0
monitor,cross_same_same,5,269,0005_2.jpg,0269_4.jpg,0
monitor,cross_same_same,5,270,0005_2.jpg,0270_4.jpg,0
monitor,cross_same_same,5,277,0005_2.jpg,0277_4.jpg,0
monitor,cross_same_same,5,278,0005_2.jpg,0278_4.jpg,0
monitor,cross_same_same,9,5,0009_2.jpg,0005_4.jpg,0
monitor,cross_same_same,9,9,0009_2.jpg,0009_4.jpg,1
monitor,cross_same_same,9,10,0009_2.jpg,0010_4.jpg,0
monitor,cross_same_same,9,28,0009_2.jpg,0028_4.jpg,0
monitor,cross_same_same,9,32,0009_2.jpg,0032_4.jpg,0
monitor,cross_same_same,9,33,0009_2.jpg,0033_4.jpg,0
monitor,cross_same_same,9,34,0009_2.jpg,0034_4.jpg,0
monitor,cross_same_same,9,44,0009_2.jpg,0044_4.jpg,0
monitor,cross_same_same,9,51,0009_2.jpg,0051_4.jpg,0
monitor,cross_same_same,9,54,0009_2.jpg,0054_4.jpg,0
monitor,cross_same_same,9,63,0009_2.jpg,0063_4.jpg,0
monitor,cross_same_same,9,68,0009_2.jpg,0068_4.jpg,0
monitor,cross_same_same,9,69,0009_2.jpg,0069_4.jpg,0
monitor,cross_same_same,9,73,0009_2.jpg,0073_4.jpg,0
monitor,cross_same_same,9,95,0009_2.jpg,0095_4.jpg,0
monitor,cross_same_same,9,121,0009_2.jpg,0121_4.jpg,0
monitor,cross_same_same,9,128,0009_2.jpg,0128_4.jpg,0
monitor,cross_same_same,9,129,0009_2.jpg,0129_4.jpg,0
monitor,cross_same_same,9,131,0009_2.jpg,0131_4.jpg,0
monitor,cross_same_same,9,139,0009_2.jpg,0139_4.jpg,0
monitor,cross_same_same,9,144,0009_2.jpg,0144_4.jpg,0
monitor,cross_same_same,9,145,0009_2.jpg,0145_4.jpg,0
monitor,cross_same_same,9,150,0009_2.jpg,0150_4.jpg,0
monitor,cross_same_same,9,160,0009_2.jpg,0160_4.jpg,0
monitor,cross_same_same,9,165,0009_2.jpg,0165_4.jpg,0
monitor,cross_same_same,9,166,0009_2.jpg,0166_4.jpg,0
monitor,cross_same_same,9,170,0009_2.jpg,0170_4.jpg,0
monitor,cross_same_same,9,174,0009_2.jpg,0174_4.jpg,0
monitor,cross_same_same,9,176,0009_2.jpg,0176_4.jpg,0
monitor,cross_same_same,9,193,0009_2.jpg,0193_4.jpg,0
monitor,cross_same_same,9,202,0009_2.jpg,0202_4.jpg,0
monitor,cross_same_same,9,205,0009_2.jpg,0205_4.jpg,0
monitor,cross_same_same,9,210,0009_2.jpg,0210_4.jpg,0
monitor,cross_same_same,9,218,0009_2.jpg,0218_4.jpg,0
monitor,cross_same_same,9,222,0009_2.jpg,0222_4.jpg,0
monitor,cross_same_same,9,238,0009_2.jpg,0238_4.jpg,0
monitor,cross_same_same,9,253,0009_2.jpg,0253_4.jpg,0
monitor,cross_same_same,9,254,0009_2.jpg,0254_4.jpg,0
monitor,cross_same_same,9,257,0009_2.jpg,0257_4.jpg,0
monitor,cross_same_same,9,258,0009_2.jpg,0258_4.jpg,0
monitor,cross_same_same,9,268,0009_2.jpg,0268_4.jpg,0
monitor,cross_same_same,9,269,0009_2.jpg,0269_4.jpg,0
monitor,cross_same_same,9,270,0009_2.jpg,0270_4.jpg,0
monitor,cross_same_same,9,277,0009_2.jpg,0277_4.jpg,0
monitor,cross_same_same,9,278,0009_2.jpg,0278_4.jpg,0
monitor,cross_same_same,10,5,0010_2.jpg,0005_4.jpg,0
monitor,cross_same_same,10,9,0010_2.jpg,0009_4.jpg,0
monitor,cross_same_same,10,10,0010_2.jpg,0010_4.jpg,1
monitor,cross_same_same,10,28,0010_2.jpg,0028_4.jpg,0
monitor,cross_same_same,10,32,0010_2.jpg,0032_4.jpg,0
monitor,cross_same_same,10,33,0010_2.jpg,0033_4.jpg,0
monitor,cross_same_same,10,34,0010_2.jpg,0034_4.jpg,0
monitor,cross_same_same,10,44,0010_2.jpg,0044_4.jpg,0
monitor,cross_same_same,10,51,0010_2.jpg,0051_4.jpg,0
monitor,cross_same_same,10,54,0010_2.jpg,0054_4.jpg,0
monitor,cross_same_same,10,63,0010_2.jpg,0063_4.jpg,0
monitor,cross_same_same,10,68,0010_2.jpg,0068_4.jpg,0
monitor,cross_same_same,10,69,0010_2.jpg,0069_4.jpg,0
monitor,cross_same_same,10,73,0010_2.jpg,0073_4.jpg,0
monitor,cross_same_same,10,95,0010_2.jpg,0095_4.jpg,0
monitor,cross_same_same,10,121,0010_2.jpg,0121_4.jpg,0
monitor,cross_same_same,10,128,0010_2.jpg,0128_4.jpg,0
monitor,cross_same_same,10,129,0010_2.jpg,0129_4.jpg,0
monitor,cross_same_same,10,131,0010_2.jpg,0131_4.jpg,0
monitor,cross_same_same,10,139,0010_2.jpg,0139_4.jpg,0
monitor,cross_same_same,10,144,0010_2.jpg,0144_4.jpg,0
monitor,cross_same_same,10,145,0010_2.jpg,0145_4.jpg,0
monitor,cross_same_same,10,150,0010_2.jpg,0150_4.jpg,0
monitor,cross_same_same,10,160,0010_2.jpg,0160_4.jpg,0
monitor,cross_same_same,10,165,0010_2.jpg,0165_4.jpg,0
monitor,cross_same_same,10,166,0010_2.jpg,0166_4.jpg,0
monitor,cross_same_same,10,170,0010_2.jpg,0170_4.jpg,0
monitor,cross_same_same,10,174,0010_2.jpg,0174_4.jpg,0
monitor,cross_same_same,10,176,0010_2.jpg,0176_4.jpg,0
monitor,cross_same_same,10,193,0010_2.jpg,0193_4.jpg,0
monitor,cross_same_same,10,202,0010_2.jpg,0202_4.jpg,0
monitor,cross_same_same,10,205,0010_2.jpg,0205_4.jpg,0
monitor,cross_same_same,10,210,0010_2.jpg,0210_4.jpg,0
monitor,cross_same_same,10,218,0010_2.jpg,0218_4.jpg,0
monitor,cross_same_same,10,222,0010_2.jpg,0222_4.jpg,0
monitor,cross_same_same,10,238,0010_2.jpg,0238_4.jpg,0
monitor,cross_same_same,10,253,0010_2.jpg,0253_4.jpg,0
monitor,cross_same_same,10,254,0010_2.jpg,0254_4.jpg,0
monitor,cross_same_same,10,257,0010_2.jpg,0257_4.jpg,0
monitor,cross_same_same,10,258,0010_2.jpg,0258_4.jpg,0
monitor,cross_same_same,10,268,0010_2.jpg,0268_4.jpg,0
monitor,cross_same_same,10,269,0010_2.jpg,0269_4.jpg,0
monitor,cross_same_same,10,270,0010_2.jpg,0270_4.jpg,0
monitor,cross_same_same,10,277,0010_2.jpg,0277_4.jpg,0
monitor,cross_same_same,10,278,0010_2.jpg,0278_4.jpg,0
monitor,cross_same_same,28,5,0028_2.jpg,0005_4.jpg,0
monitor,cross_same_same,28,9,0028_2.jpg,0009_4.jpg,0
monitor,cross_same_same,28,10,0028_2.jpg,0010_4.jpg,0
monitor,cross_same_same,28,28,0028_2.jpg,0028_4.jpg,1
monitor,cross_same_same,28,32,0028_2.jpg,0032_4.jpg,0
monitor,cross_same_same,28,33,0028_2.jpg,0033_4.jpg,0
monitor,cross_same_same,28,34,0028_2.jpg,0034_4.jpg,0
monitor,cross_same_same,28,44,0028_2.jpg,0044_4.jpg,0
monitor,cross_same_same,28,51,0028_2.jpg,0051_4.jpg,0
monitor,cross_same_same,28,54,0028_2.jpg,0054_4.jpg,0
monitor,cross_same_same,28,63,0028_2.jpg,0063_4.jpg,0
monitor,cross_same_same,28,68,0028_2.jpg,0068_4.jpg,0
monitor,cross_same_same,28,69,0028_2.jpg,0069_4.jpg,0
monitor,cross_same_same,28,73,0028_2.jpg,0073_4.jpg,0
monitor,cross_same_same,28,95,0028_2.jpg,0095_4.jpg,0
monitor,cross_same_same,28,121,0028_2.jpg,0121_4.jpg,0
monitor,cross_same_same,28,128,0028_2.jpg,0128_4.jpg,0
monitor,cross_same_same,28,129,0028_2.jpg,0129_4.jpg,0
monitor,cross_same_same,28,131,0028_2.jpg,0131_4.jpg,0
monitor,cross_same_same,28,139,0028_2.jpg,0139_4.jpg,0
monitor,cross_same_same,28,144,0028_2.jpg,0144_4.jpg,0
monitor,cross_same_same,28,145,0028_2.jpg,0145_4.jpg,0
monitor,cross_same_same,28,150,0028_2.jpg,0150_4.jpg,0
monitor,cross_same_same,28,160,0028_2.jpg,0160_4.jpg,0
monitor,cross_same_same,28,165,0028_2.jpg,0165_4.jpg,0
monitor,cross_same_same,28,166,0028_2.jpg,0166_4.jpg,0
monitor,cross_same_same,28,170,0028_2.jpg,0170_4.jpg,0
monitor,cross_same_same,28,174,0028_2.jpg,0174_4.jpg,0
monitor,cross_same_same,28,176,0028_2.jpg,0176_4.jpg,0
monitor,cross_same_same,28,193,0028_2.jpg,0193_4.jpg,0
monitor,cross_same_same,28,202,0028_2.jpg,0202_4.jpg,0
monitor,cross_same_same,28,205,0028_2.jpg,0205_4.jpg,0
monitor,cross_same_same,28,210,0028_2.jpg,0210_4.jpg,0
monitor,cross_same_same,28,218,0028_2.jpg,0218_4.jpg,0
monitor,cross_same_same,28,222,0028_2.jpg,0222_4.jpg,0
monitor,cross_same_same,28,238,0028_2.jpg,0238_4.jpg,0
monitor,cross_same_same,28,253,0028_2.jpg,0253_4.jpg,0
monitor,cross_same_same,28,254,0028_2.jpg,0254_4.jpg,0
monitor,cross_same_same,28,257,0028_2.jpg,0257_4.jpg,0
monitor,cross_same_same,28,258,0028_2.jpg,0258_4.jpg,0
monitor,cross_same_same,28,268,0028_2.jpg,0268_4.jpg,0
monitor,cross_same_same,28,269,0028_2.jpg,0269_4.jpg,0
monitor,cross_same_same,28,270,0028_2.jpg,0270_4.jpg,0
monitor,cross_same_same,28,277,0028_2.jpg,0277_4.jpg,0
monitor,cross_same_same,28,278,0028_2.jpg,0278_4.jpg,0
monitor,cross_same_same,32,5,0032_2.jpg,0005_4.jpg,0
monitor,cross_same_same,32,9,0032_2.jpg,0009_4.jpg,0
monitor,cross_same_same,32,10,0032_2.jpg,0010_4.jpg,0
monitor,cross_same_same,32,28,0032_2.jpg,0028_4.jpg,0
monitor,cross_same_same,32,32,0032_2.jpg,0032_4.jpg,1
monitor,cross_same_same,32,33,0032_2.jpg,0033_4.jpg,0
monitor,cross_same_same,32,34,0032_2.jpg,0034_4.jpg,0
monitor,cross_same_same,32,44,0032_2.jpg,0044_4.jpg,0
monitor,cross_same_same,32,51,0032_2.jpg,0051_4.jpg,0
monitor,cross_same_same,32,54,0032_2.jpg,0054_4.jpg,0
monitor,cross_same_same,32,63,0032_2.jpg,0063_4.jpg,0
monitor,cross_same_same,32,68,0032_2.jpg,0068_4.jpg,0
monitor,cross_same_same,32,69,0032_2.jpg,0069_4.jpg,0
monitor,cross_same_same,32,73,0032_2.jpg,0073_4.jpg,0
monitor,cross_same_same,32,95,0032_2.jpg,0095_4.jpg,0
monitor,cross_same_same,32,121,0032_2.jpg,0121_4.jpg,0
monitor,cross_same_same,32,128,0032_2.jpg,0128_4.jpg,0
monitor,cross_same_same,32,129,0032_2.jpg,0129_4.jpg,0
monitor,cross_same_same,32,131,0032_2.jpg,0131_4.jpg,0
monitor,cross_same_same,32,139,0032_2.jpg,0139_4.jpg,0
monitor,cross_same_same,32,144,0032_2.jpg,0144_4.jpg,0
monitor,cross_same_same,32,145,0032_2.jpg,0145_4.jpg,0
monitor,cross_same_same,32,150,0032_2.jpg,0150_4.jpg,0
monitor,cross_same_same,32,160,0032_2.jpg,0160_4.jpg,0
monitor,cross_same_same,32,165,0032_2.jpg,0165_4.jpg,0
monitor,cross_same_same,32,166,0032_2.jpg,0166_4.jpg,0
monitor,cross_same_same,32,170,0032_2.jpg,0170_4.jpg,0
monitor,cross_same_same,32,174,0032_2.jpg,0174_4.jpg,0
monitor,cross_same_same,32,176,0032_2.jpg,0176_4.jpg,0
monitor,cross_same_same,32,193,0032_2.jpg,0193_4.jpg,0
monitor,cross_same_same,32,202,0032_2.jpg,0202_4.jpg,0
monitor,cross_same_same,32,205,0032_2.jpg,0205_4.jpg,0
monitor,cross_same_same,32,210,0032_2.jpg,0210_4.jpg,0
monitor,cross_same_same,32,218,0032_2.jpg,0218_4.jpg,0
monitor,cross_same_same,32,222,0032_2.jpg,0222_4.jpg,0
monitor,cross_same_same,32,238,0032_2.jpg,0238_4.jpg,0
monitor,cross_same_same,32,253,0032_2.jpg,0253_4.jpg,0
monitor,cross_same_same,32,254,0032_2.jpg,0254_4.jpg,0
monitor,cross_same_same,32,257,0032_2.jpg,0257_4.jpg,0
monitor,cross_same_same,32,258,0032_2.jpg,0258_4.jpg,0
monitor,cross_same_same,32,268,0032_2.jpg,0268_4.jpg,0
monitor,cross_same_same,32,269,0032_2.jpg,0269_4.jpg,0
monitor,cross_same_same,32,270,0032_2.jpg,0270_4.jpg,0
monitor,cross_same_same,32,277,0032_2.jpg,0277_4.jpg,0
monitor,cross_same_same,32,278,0032_2.jpg,0278_4.jpg,0
monitor,cross_same_same,33,5,0033_2.jpg,0005_4.jpg,0
monitor,cross_same_same,33,9,0033_2.jpg,0009_4.jpg,0
monitor,cross_same_same,33,10,0033_2.jpg,0010_4.jpg,0
monitor,cross_same_same,33,28,0033_2.jpg,0028_4.jpg,0
monitor,cross_same_same,33,32,0033_2.jpg,0032_4.jpg,0
monitor,cross_same_same,33,33,0033_2.jpg,0033_4.jpg,1
monitor,cross_same_same,33,34,0033_2.jpg,0034_4.jpg,0
monitor,cross_same_same,33,44,0033_2.jpg,0044_4.jpg,0
monitor,cross_same_same,33,51,0033_2.jpg,0051_4.jpg,0
monitor,cross_same_same,33,54,0033_2.jpg,0054_4.jpg,0
monitor,cross_same_same,33,63,0033_2.jpg,0063_4.jpg,0
monitor,cross_same_same,33,68,0033_2.jpg,0068_4.jpg,0
monitor,cross_same_same,33,69,0033_2.jpg,0069_4.jpg,0
monitor,cross_same_same,33,73,0033_2.jpg,0073_4.jpg,0
monitor,cross_same_same,33,95,0033_2.jpg,0095_4.jpg,0
monitor,cross_same_same,33,121,0033_2.jpg,0121_4.jpg,0
monitor,cross_same_same,33,128,0033_2.jpg,0128_4.jpg,0
monitor,cross_same_same,33,129,0033_2.jpg,0129_4.jpg,0
monitor,cross_same_same,33,131,0033_2.jpg,0131_4.jpg,0
monitor,cross_same_same,33,139,0033_2.jpg,0139_4.jpg,0
monitor,cross_same_same,33,144,0033_2.jpg,0144_4.jpg,0
monitor,cross_same_same,33,145,0033_2.jpg,0145_4.jpg,0
monitor,cross_same_same,33,150,0033_2.jpg,0150_4.jpg,0
monitor,cross_same_same,33,160,0033_2.jpg,0160_4.jpg,0
monitor,cross_same_same,33,165,0033_2.jpg,0165_4.jpg,0
monitor,cross_same_same,33,166,0033_2.jpg,0166_4.jpg,0
monitor,cross_same_same,33,170,0033_2.jpg,0170_4.jpg,0
monitor,cross_same_same,33,174,0033_2.jpg,0174_4.jpg,0
monitor,cross_same_same,33,176,0033_2.jpg,0176_4.jpg,0
monitor,cross_same_same,33,193,0033_2.jpg,0193_4.jpg,0
monitor,cross_same_same,33,202,0033_2.jpg,0202_4.jpg,0
monitor,cross_same_same,33,205,0033_2.jpg,0205_4.jpg,0
monitor,cross_same_same,33,210,0033_2.jpg,0210_4.jpg,0
monitor,cross_same_same,33,218,0033_2.jpg,0218_4.jpg,0
monitor,cross_same_same,33,222,0033_2.jpg,0222_4.jpg,0
monitor,cross_same_same,33,238,0033_2.jpg,0238_4.jpg,0
monitor,cross_same_same,33,253,0033_2.jpg,0253_4.jpg,0
monitor,cross_same_same,33,254,0033_2.jpg,0254_4.jpg,0
monitor,cross_same_same,33,257,0033_2.jpg,0257_4.jpg,0
monitor,cross_same_same,33,258,0033_2.jpg,0258_4.jpg,0
monitor,cross_same_same,33,268,0033_2.jpg,0268_4.jpg,0
monitor,cross_same_same,33,269,0033_2.jpg,0269_4.jpg,0
monitor,cross_same_same,33,270,0033_2.jpg,0270_4.jpg,0
monitor,cross_same_same,33,277,0033_2.jpg,0277_4.jpg,0
monitor,cross_same_same,33,278,0033_2.jpg,0278_4.jpg,0
monitor,cross_same_same,34,5,0034_2.jpg,0005_4.jpg,0
monitor,cross_same_same,34,9,0034_2.jpg,0009_4.jpg,0
monitor,cross_same_same,34,10,0034_2.jpg,0010_4.jpg,0
monitor,cross_same_same,34,28,0034_2.jpg,0028_4.jpg,0
monitor,cross_same_same,34,32,0034_2.jpg,0032_4.jpg,0
monitor,cross_same_same,34,33,0034_2.jpg,0033_4.jpg,0
monitor,cross_same_same,34,34,0034_2.jpg,0034_4.jpg,1
monitor,cross_same_same,34,44,0034_2.jpg,0044_4.jpg,0
monitor,cross_same_same,34,51,0034_2.jpg,0051_4.jpg,0
monitor,cross_same_same,34,54,0034_2.jpg,0054_4.jpg,0
monitor,cross_same_same,34,63,0034_2.jpg,0063_4.jpg,0
monitor,cross_same_same,34,68,0034_2.jpg,0068_4.jpg,0
monitor,cross_same_same,34,69,0034_2.jpg,0069_4.jpg,0
monitor,cross_same_same,34,73,0034_2.jpg,0073_4.jpg,0
monitor,cross_same_same,34,95,0034_2.jpg,0095_4.jpg,0
monitor,cross_same_same,34,121,0034_2.jpg,0121_4.jpg,0
monitor,cross_same_same,34,128,0034_2.jpg,0128_4.jpg,0
monitor,cross_same_same,34,129,0034_2.jpg,0129_4.jpg,0
monitor,cross_same_same,34,131,0034_2.jpg,0131_4.jpg,0
monitor,cross_same_same,34,139,0034_2.jpg,0139_4.jpg,0
monitor,cross_same_same,34,144,0034_2.jpg,0144_4.jpg,0
monitor,cross_same_same,34,145,0034_2.jpg,0145_4.jpg,0
monitor,cross_same_same,34,150,0034_2.jpg,0150_4.jpg,0
monitor,cross_same_same,34,160,0034_2.jpg,0160_4.jpg,0
monitor,cross_same_same,34,165,0034_2.jpg,0165_4.jpg,0
monitor,cross_same_same,34,166,0034_2.jpg,0166_4.jpg,0
monitor,cross_same_same,34,170,0034_2.jpg,0170_4.jpg,0
monitor,cross_same_same,34,174,0034_2.jpg,0174_4.jpg,0
monitor,cross_same_same,34,176,0034_2.jpg,0176_4.jpg,0
monitor,cross_same_same,34,193,0034_2.jpg,0193_4.jpg,0
monitor,cross_same_same,34,202,0034_2.jpg,0202_4.jpg,0
monitor,cross_same_same,34,205,0034_2.jpg,0205_4.jpg,0
monitor,cross_same_same,34,210,0034_2.jpg,0210_4.jpg,0
monitor,cross_same_same,34,218,0034_2.jpg,0218_4.jpg,0
monitor,cross_same_same,34,222,0034_2.jpg,0222_4.jpg,0
monitor,cross_same_same,34,238,0034_2.jpg,0238_4.jpg,0
monitor,cross_same_same,34,253,0034_2.jpg,0253_4.jpg,0
monitor,cross_same_same,34,254,0034_2.jpg,0254_4.jpg,0
monitor,cross_same_same,34,257,0034_2.jpg,0257_4.jpg,0
monitor,cross_same_same,34,258,0034_2.jpg,0258_4.jpg,0
monitor,cross_same_same,34,268,0034_2.jpg,0268_4.jpg,0
monitor,cross_same_same,34,269,0034_2.jpg,0269_4.jpg,0
monitor,cross_same_same,34,270,0034_2.jpg,0270_4.jpg,0
monitor,cross_same_same,34,277,0034_2.jpg,0277_4.jpg,0
monitor,cross_same_same,34,278,0034_2.jpg,0278_4.jpg,0
monitor,cross_same_same,44,5,0044_2.jpg,0005_4.jpg,0
monitor,cross_same_same,44,9,0044_2.jpg,0009_4.jpg,0
monitor,cross_same_same,44,10,0044_2.jpg,0010_4.jpg,0
monitor,cross_same_same,44,28,0044_2.jpg,0028_4.jpg,0
monitor,cross_same_same,44,32,0044_2.jpg,0032_4.jpg,0
monitor,cross_same_same,44,33,0044_2.jpg,0033_4.jpg,0
monitor,cross_same_same,44,34,0044_2.jpg,0034_4.jpg,0
monitor,cross_same_same,44,44,0044_2.jpg,0044_4.jpg,1
monitor,cross_same_same,44,51,0044_2.jpg,0051_4.jpg,0
monitor,cross_same_same,44,54,0044_2.jpg,0054_4.jpg,0
monitor,cross_same_same,44,63,0044_2.jpg,0063_4.jpg,0
monitor,cross_same_same,44,68,0044_2.jpg,0068_4.jpg,0
monitor,cross_same_same,44,69,0044_2.jpg,0069_4.jpg,0
monitor,cross_same_same,44,73,0044_2.jpg,0073_4.jpg,0
monitor,cross_same_same,44,95,0044_2.jpg,0095_4.jpg,0
monitor,cross_same_same,44,121,0044_2.jpg,0121_4.jpg,0
monitor,cross_same_same,44,128,0044_2.jpg,0128_4.jpg,0
monitor,cross_same_same,44,129,0044_2.jpg,0129_4.jpg,0
monitor,cross_same_same,44,131,0044_2.jpg,0131_4.jpg,0
monitor,cross_same_same,44,139,0044_2.jpg,0139_4.jpg,0
monitor,cross_same_same,44,144,0044_2.jpg,0144_4.jpg,0
monitor,cross_same_same,44,145,0044_2.jpg,0145_4.jpg,0
monitor,cross_same_same,44,150,0044_2.jpg,0150_4.jpg,0
monitor,cross_same_same,44,160,0044_2.jpg,0160_4.jpg,0
monitor,cross_same_same,44,165,0044_2.jpg,0165_4.jpg,0
monitor,cross_same_same,44,166,0044_2.jpg,0166_4.jpg,0
monitor,cross_same_same,44,170,0044_2.jpg,0170_4.jpg,0
monitor,cross_same_same,44,174,0044_2.jpg,0174_4.jpg,0
monitor,cross_same_same,44,176,0044_2.jpg,0176_4.jpg,0
monitor,cross_same_same,44,193,0044_2.jpg,0193_4.jpg,0
monitor,cross_same_same,44,202,0044_2.jpg,0202_4.jpg,0
monitor,cross_same_same,44,205,0044_2.jpg,0205_4.jpg,0
monitor,cross_same_same,44,210,0044_2.jpg,0210_4.jpg,0
monitor,cross_same_same,44,218,0044_2.jpg,0218_4.jpg,0
monitor,cross_same_same,44,222,0044_2.jpg,0222_4.jpg,0
monitor,cross_same_same,44,238,0044_2.jpg,0238_4.jpg,0
monitor,cross_same_same,44,253,0044_2.jpg,0253_4.jpg,0
monitor,cross_same_same,44,254,0044_2.jpg,0254_4.jpg,0
monitor,cross_same_same,44,257,0044_2.jpg,0257_4.jpg,0
monitor,cross_same_same,44,258,0044_2.jpg,0258_4.jpg,0
monitor,cross_same_same,44,268,0044_2.jpg,0268_4.jpg,0
monitor,cross_same_same,44,269,0044_2.jpg,0269_4.jpg,0
monitor,cross_same_same,44,270,0044_2.jpg,0270_4.jpg,0
monitor,cross_same_same,44,277,0044_2.jpg,0277_4.jpg,0
monitor,cross_same_same,44,278,0044_2.jpg,0278_4.jpg,0
monitor,cross_same_same,51,5,0051_2.jpg,0005_4.jpg,0
monitor,cross_same_same,51,9,0051_2.jpg,0009_4.jpg,0
monitor,cross_same_same,51,10,0051_2.jpg,0010_4.jpg,0
monitor,cross_same_same,51,28,0051_2.jpg,0028_4.jpg,0
monitor,cross_same_same,51,32,0051_2.jpg,0032_4.jpg,0
monitor,cross_same_same,51,33,0051_2.jpg,0033_4.jpg,0
monitor,cross_same_same,51,34,0051_2.jpg,0034_4.jpg,0
monitor,cross_same_same,51,44,0051_2.jpg,0044_4.jpg,0
monitor,cross_same_same,51,51,0051_2.jpg,0051_4.jpg,1
monitor,cross_same_same,51,54,0051_2.jpg,0054_4.jpg,0
monitor,cross_same_same,51,63,0051_2.jpg,0063_4.jpg,0
monitor,cross_same_same,51,68,0051_2.jpg,0068_4.jpg,0
monitor,cross_same_same,51,69,0051_2.jpg,0069_4.jpg,0
monitor,cross_same_same,51,73,0051_2.jpg,0073_4.jpg,0
monitor,cross_same_same,51,95,0051_2.jpg,0095_4.jpg,0
monitor,cross_same_same,51,121,0051_2.jpg,0121_4.jpg,0
monitor,cross_same_same,51,128,0051_2.jpg,0128_4.jpg,0
monitor,cross_same_same,51,129,0051_2.jpg,0129_4.jpg,0
monitor,cross_same_same,51,131,0051_2.jpg,0131_4.jpg,0
monitor,cross_same_same,51,139,0051_2.jpg,0139_4.jpg,0
monitor,cross_same_same,51,144,0051_2.jpg,0144_4.jpg,0
monitor,cross_same_same,51,145,0051_2.jpg,0145_4.jpg,0
monitor,cross_same_same,51,150,0051_2.jpg,0150_4.jpg,0
monitor,cross_same_same,51,160,0051_2.jpg,0160_4.jpg,0
monitor,cross_same_same,51,165,0051_2.jpg,0165_4.jpg,0
monitor,cross_same_same,51,166,0051_2.jpg,0166_4.jpg,0
monitor,cross_same_same,51,170,0051_2.jpg,0170_4.jpg,0
monitor,cross_same_same,51,174,0051_2.jpg,0174_4.jpg,0
monitor,cross_same_same,51,176,0051_2.jpg,0176_4.jpg,0
monitor,cross_same_same,51,193,0051_2.jpg,0193_4.jpg,0
monitor,cross_same_same,51,202,0051_2.jpg,0202_4.jpg,0
monitor,cross_same_same,51,205,0051_2.jpg,0205_4.jpg,0
monitor,cross_same_same,51,210,0051_2.jpg,0210_4.jpg,0
monitor,cross_same_same,51,218,0051_2.jpg,0218_4.jpg,0
monitor,cross_same_same,51,222,0051_2.jpg,0222_4.jpg,0
monitor,cross_same_same,51,238,0051_2.jpg,0238_4.jpg,0
monitor,cross_same_same,51,253,0051_2.jpg,0253_4.jpg,0
monitor,cross_same_same,51,254,0051_2.jpg,0254_4.jpg,0
monitor,cross_same_same,51,257,0051_2.jpg,0257_4.jpg,0
monitor,cross_same_same,51,258,0051_2.jpg,0258_4.jpg,0
monitor,cross_same_same,51,268,0051_2.jpg,0268_4.jpg,0
monitor,cross_same_same,51,269,0051_2.jpg,0269_4.jpg,0
monitor,cross_same_same,51,270,0051_2.jpg,0270_4.jpg,0
monitor,cross_same_same,51,277,0051_2.jpg,0277_4.jpg,0
monitor,cross_same_same,51,278,0051_2.jpg,0278_4.jpg,0
monitor,cross_same_same,54,5,0054_2.jpg,0005_4.jpg,0
monitor,cross_same_same,54,9,0054_2.jpg,0009_4.jpg,0
monitor,cross_same_same,54,10,0054_2.jpg,0010_4.jpg,0
monitor,cross_same_same,54,28,0054_2.jpg,0028_4.jpg,0
monitor,cross_same_same,54,32,0054_2.jpg,0032_4.jpg,0
monitor,cross_same_same,54,33,0054_2.jpg,0033_4.jpg,0
monitor,cross_same_same,54,34,0054_2.jpg,0034_4.jpg,0
monitor,cross_same_same,54,44,0054_2.jpg,0044_4.jpg,0
monitor,cross_same_same,54,51,0054_2.jpg,0051_4.jpg,0
monitor,cross_same_same,54,54,0054_2.jpg,0054_4.jpg,1
monitor,cross_same_same,54,63,0054_2.jpg,0063_4.jpg,0
monitor,cross_same_same,54,68,0054_2.jpg,0068_4.jpg,0
monitor,cross_same_same,54,69,0054_2.jpg,0069_4.jpg,0
monitor,cross_same_same,54,73,0054_2.jpg,0073_4.jpg,0
monitor,cross_same_same,54,95,0054_2.jpg,0095_4.jpg,0
monitor,cross_same_same,54,121,0054_2.jpg,0121_4.jpg,0
monitor,cross_same_same,54,128,0054_2.jpg,0128_4.jpg,0
monitor,cross_same_same,54,129,0054_2.jpg,0129_4.jpg,0
monitor,cross_same_same,54,131,0054_2.jpg,0131_4.jpg,0
monitor,cross_same_same,54,139,0054_2.jpg,0139_4.jpg,0
monitor,cross_same_same,54,144,0054_2.jpg,0144_4.jpg,0
monitor,cross_same_same,54,145,0054_2.jpg,0145_4.jpg,0
monitor,cross_same_same,54,150,0054_2.jpg,0150_4.jpg,0
monitor,cross_same_same,54,160,0054_2.jpg,0160_4.jpg,0
monitor,cross_same_same,54,165,0054_2.jpg,0165_4.jpg,0
monitor,cross_same_same,54,166,0054_2.jpg,0166_4.jpg,0
monitor,cross_same_same,54,170,0054_2.jpg,0170_4.jpg,0
monitor,cross_same_same,54,174,0054_2.jpg,0174_4.jpg,0
monitor,cross_same_same,54,176,0054_2.jpg,0176_4.jpg,0
monitor,cross_same_same,54,193,0054_2.jpg,0193_4.jpg,0
monitor,cross_same_same,54,202,0054_2.jpg,0202_4.jpg,0
monitor,cross_same_same,54,205,0054_2.jpg,0205_4.jpg,0
monitor,cross_same_same,54,210,0054_2.jpg,0210_4.jpg,0
monitor,cross_same_same,54,218,0054_2.jpg,0218_4.jpg,0
monitor,cross_same_same,54,222,0054_2.jpg,0222_4.jpg,0
monitor,cross_same_same,54,238,0054_2.jpg,0238_4.jpg,0
monitor,cross_same_same,54,253,0054_2.jpg,0253_4.jpg,0
monitor,cross_same_same,54,254,0054_2.jpg,0254_4.jpg,0
monitor,cross_same_same,54,257,0054_2.jpg,0257_4.jpg,0
monitor,cross_same_same,54,258,0054_2.jpg,0258_4.jpg,0
monitor,cross_same_same,54,268,0054_2.jpg,0268_4.jpg,0
monitor,cross_same_same,54,269,0054_2.jpg,0269_4.jpg,0
monitor,cross_same_same,54,270,0054_2.jpg,0270_4.jpg,0
monitor,cross_same_same,54,277,0054_2.jpg,0277_4.jpg,0
monitor,cross_same_same,54,278,0054_2.jpg,0278_4.jpg,0
monitor,cross_same_same,63,5,0063_2.jpg,0005_4.jpg,0
monitor,cross_same_same,63,9,0063_2.jpg,0009_4.jpg,0
monitor,cross_same_same,63,10,0063_2.jpg,0010_4.jpg,0
monitor,cross_same_same,63,28,0063_2.jpg,0028_4.jpg,0
monitor,cross_same_same,63,32,0063_2.jpg,0032_4.jpg,0
monitor,cross_same_same,63,33,0063_2.jpg,0033_4.jpg,0
monitor,cross_same_same,63,34,0063_2.jpg,0034_4.jpg,0
monitor,cross_same_same,63,44,0063_2.jpg,0044_4.jpg,0
monitor,cross_same_same,63,51,0063_2.jpg,0051_4.jpg,0
monitor,cross_same_same,63,54,0063_2.jpg,0054_4.jpg,0
monitor,cross_same_same,63,63,0063_2.jpg,0063_4.jpg,1
monitor,cross_same_same,63,68,0063_2.jpg,0068_4.jpg,0
monitor,cross_same_same,63,69,0063_2.jpg,0069_4.jpg,0
monitor,cross_same_same,63,73,0063_2.jpg,0073_4.jpg,0
monitor,cross_same_same,63,95,0063_2.jpg,0095_4.jpg,0
monitor,cross_same_same,63,121,0063_2.jpg,0121_4.jpg,0
monitor,cross_same_same,63,128,0063_2.jpg,0128_4.jpg,0
monitor,cross_same_same,63,129,0063_2.jpg,0129_4.jpg,0
monitor,cross_same_same,63,131,0063_2.jpg,0131_4.jpg,0
monitor,cross_same_same,63,139,0063_2.jpg,0139_4.jpg,0
monitor,cross_same_same,63,144,0063_2.jpg,0144_4.jpg,0
monitor,cross_same_same,63,145,0063_2.jpg,0145_4.jpg,0
monitor,cross_same_same,63,150,0063_2.jpg,0150_4.jpg,0
monitor,cross_same_same,63,160,0063_2.jpg,0160_4.jpg,0
monitor,cross_same_same,63,165,0063_2.jpg,0165_4.jpg,0
monitor,cross_same_same,63,166,0063_2.jpg,0166_4.jpg,0
monitor,cross_same_same,63,170,0063_2.jpg,0170_4.jpg,0
monitor,cross_same_same,63,174,0063_2.jpg,0174_4.jpg,0
monitor,cross_same_same,63,176,0063_2.jpg,0176_4.jpg,0
monitor,cross_same_same,63,193,0063_2.jpg,0193_4.jpg,0
monitor,cross_same_same,63,202,0063_2.jpg,0202_4.jpg,0
monitor,cross_same_same,63,205,0063_2.jpg,0205_4.jpg,0
monitor,cross_same_same,63,210,0063_2.jpg,0210_4.jpg,0
monitor,cross_same_same,63,218,0063_2.jpg,0218_4.jpg,0
monitor,cross_same_same,63,222,0063_2.jpg,0222_4.jpg,0
monitor,cross_same_same,63,238,0063_2.jpg,0238_4.jpg,0
monitor,cross_same_same,63,253,0063_2.jpg,0253_4.jpg,0
monitor,cross_same_same,63,254,0063_2.jpg,0254_4.jpg,0
monitor,cross_same_same,63,257,0063_2.jpg,0257_4.jpg,0
monitor,cross_same_same,63,258,0063_2.jpg,0258_4.jpg,0
monitor,cross_same_same,63,268,0063_2.jpg,0268_4.jpg,0
monitor,cross_same_same,63,269,0063_2.jpg,0269_4.jpg,0
monitor,cross_same_same,63,270,0063_2.jpg,0270_4.jpg,0
monitor,cross_same_same,63,277,0063_2.jpg,0277_4.jpg,0
monitor,cross_same_same,63,278,0063_2.jpg,0278_4.jpg,0
monitor,cross_same_same,68,5,0068_2.jpg,0005_4.jpg,0
monitor,cross_same_same,68,9,0068_2.jpg,0009_4.jpg,0
monitor,cross_same_same,68,10,0068_2.jpg,0010_4.jpg,0
monitor,cross_same_same,68,28,0068_2.jpg,0028_4.jpg,0
monitor,cross_same_same,68,32,0068_2.jpg,0032_4.jpg,0
monitor,cross_same_same,68,33,0068_2.jpg,0033_4.jpg,0
monitor,cross_same_same,68,34,0068_2.jpg,0034_4.jpg,0
monitor,cross_same_same,68,44,0068_2.jpg,0044_4.jpg,0
monitor,cross_same_same,68,51,0068_2.jpg,0051_4.jpg,0
monitor,cross_same_same,68,54,0068_2.jpg,0054_4.jpg,0
monitor,cross_same_same,68,63,0068_2.jpg,0063_4.jpg,0
monitor,cross_same_same,68,68,0068_2.jpg,0068_4.jpg,1
monitor,cross_same_same,68,69,0068_2.jpg,0069_4.jpg,0
monitor,cross_same_same,68,73,0068_2.jpg,0073_4.jpg,0
monitor,cross_same_same,68,95,0068_2.jpg,0095_4.jpg,0
monitor,cross_same_same,68,121,0068_2.jpg,0121_4.jpg,0
monitor,cross_same_same,68,128,0068_2.jpg,0128_4.jpg,0
monitor,cross_same_same,68,129,0068_2.jpg,0129_4.jpg,0
monitor,cross_same_same,68,131,0068_2.jpg,0131_4.jpg,0
monitor,cross_same_same,68,139,0068_2.jpg,0139_4.jpg,0
monitor,cross_same_same,68,144,0068_2.jpg,0144_4.jpg,0
monitor,cross_same_same,68,145,0068_2.jpg,0145_4.jpg,0
monitor,cross_same_same,68,150,0068_2.jpg,0150_4.jpg,0
monitor,cross_same_same,68,160,0068_2.jpg,0160_4.jpg,0
monitor,cross_same_same,68,165,0068_2.jpg,0165_4.jpg,0
monitor,cross_same_same,68,166,0068_2.jpg,0166_4.jpg,0
monitor,cross_same_same,68,170,0068_2.jpg,0170_4.jpg,0
monitor,cross_same_same,68,174,0068_2.jpg,0174_4.jpg,0
monitor,cross_same_same,68,176,0068_2.jpg,0176_4.jpg,0
monitor,cross_same_same,68,193,0068_2.jpg,0193_4.jpg,0
monitor,cross_same_same,68,202,0068_2.jpg,0202_4.jpg,0
monitor,cross_same_same,68,205,0068_2.jpg,0205_4.jpg,0
monitor,cross_same_same,68,210,0068_2.jpg,0210_4.jpg,0
monitor,cross_same_same,68,218,0068_2.jpg,0218_4.jpg,0
monitor,cross_same_same,68,222,0068_2.jpg,0222_4.jpg,0
monitor,cross_same_same,68,238,0068_2.jpg,0238_4.jpg,0
monitor,cross_same_same,68,253,0068_2.jpg,0253_4.jpg,0
monitor,cross_same_same,68,254,0068_2.jpg,0254_4.jpg,0
monitor,cross_same_same,68,257,0068_2.jpg,0257_4.jpg,0
monitor,cross_same_same,68,258,0068_2.jpg,0258_4.jpg,0
monitor,cross_same_same,68,268,0068_2.jpg,0268_4.jpg,0
monitor,cross_same_same,68,269,0068_2.jpg,0269_4.jpg,0
monitor,cross_same_same,68,270,0068_2.jpg,0270_4.jpg,0
monitor,cross_same_same,68,277,0068_2.jpg,0277_4.jpg,0
monitor,cross_same_same,68,278,0068_2.jpg,0278_4.jpg,0
monitor,cross_same_same,69,5,0069_2.jpg,0005_4.jpg,0
monitor,cross_same_same,69,9,0069_2.jpg,0009_4.jpg,0
monitor,cross_same_same,69,10,0069_2.jpg,0010_4.jpg,0
monitor,cross_same_same,69,28,0069_2.jpg,0028_4.jpg,0
monitor,cross_same_same,69,32,0069_2.jpg,0032_4.jpg,0
monitor,cross_same_same,69,33,0069_2.jpg,0033_4.jpg,0
monitor,cross_same_same,69,34,0069_2.jpg,0034_4.jpg,0
monitor,cross_same_same,69,44,0069_2.jpg,0044_4.jpg,0
monitor,cross_same_same,69,51,0069_2.jpg,0051_4.jpg,0
monitor,cross_same_same,69,54,0069_2.jpg,0054_4.jpg,0
monitor,cross_same_same,69,63,0069_2.jpg,0063_4.jpg,0
monitor,cross_same_same,69,68,0069_2.jpg,0068_4.jpg,0
monitor,cross_same_same,69,69,0069_2.jpg,0069_4.jpg,1
monitor,cross_same_same,69,73,0069_2.jpg,0073_4.jpg,0
monitor,cross_same_same,69,95,0069_2.jpg,0095_4.jpg,0
monitor,cross_same_same,69,121,0069_2.jpg,0121_4.jpg,0
monitor,cross_same_same,69,128,0069_2.jpg,0128_4.jpg,0
monitor,cross_same_same,69,129,0069_2.jpg,0129_4.jpg,0
monitor,cross_same_same,69,131,0069_2.jpg,0131_4.jpg,0
monitor,cross_same_same,69,139,0069_2.jpg,0139_4.jpg,0
monitor,cross_same_same,69,144,0069_2.jpg,0144_4.jpg,0
monitor,cross_same_same,69,145,0069_2.jpg,0145_4.jpg,0
monitor,cross_same_same,69,150,0069_2.jpg,0150_4.jpg,0
monitor,cross_same_same,69,160,0069_2.jpg,0160_4.jpg,0
monitor,cross_same_same,69,165,0069_2.jpg,0165_4.jpg,0
monitor,cross_same_same,69,166,0069_2.jpg,0166_4.jpg,0
monitor,cross_same_same,69,170,0069_2.jpg,0170_4.jpg,0
monitor,cross_same_same,69,174,0069_2.jpg,0174_4.jpg,0
monitor,cross_same_same,69,176,0069_2.jpg,0176_4.jpg,0
monitor,cross_same_same,69,193,0069_2.jpg,0193_4.jpg,0
monitor,cross_same_same,69,202,0069_2.jpg,0202_4.jpg,0
monitor,cross_same_same,69,205,0069_2.jpg,0205_4.jpg,0
monitor,cross_same_same,69,210,0069_2.jpg,0210_4.jpg,0
monitor,cross_same_same,69,218,0069_2.jpg,0218_4.jpg,0
monitor,cross_same_same,69,222,0069_2.jpg,0222_4.jpg,0
monitor,cross_same_same,69,238,0069_2.jpg,0238_4.jpg,0
monitor,cross_same_same,69,253,0069_2.jpg,0253_4.jpg,0
monitor,cross_same_same,69,254,0069_2.jpg,0254_4.jpg,0
monitor,cross_same_same,69,257,0069_2.jpg,0257_4.jpg,0
monitor,cross_same_same,69,258,0069_2.jpg,0258_4.jpg,0
monitor,cross_same_same,69,268,0069_2.jpg,0268_4.jpg,0
monitor,cross_same_same,69,269,0069_2.jpg,0269_4.jpg,0
monitor,cross_same_same,69,270,0069_2.jpg,0270_4.jpg,0
monitor,cross_same_same,69,277,0069_2.jpg,0277_4.jpg,0
monitor,cross_same_same,69,278,0069_2.jpg,0278_4.jpg,0
monitor,cross_same_same,73,5,0073_2.jpg,0005_4.jpg,0
monitor,cross_same_same,73,9,0073_2.jpg,0009_4.jpg,0
monitor,cross_same_same,73,10,0073_2.jpg,0010_4.jpg,0
monitor,cross_same_same,73,28,0073_2.jpg,0028_4.jpg,0
monitor,cross_same_same,73,32,0073_2.jpg,0032_4.jpg,0
monitor,cross_same_same,73,33,0073_2.jpg,0033_4.jpg,0
monitor,cross_same_same,73,34,0073_2.jpg,0034_4.jpg,0
monitor,cross_same_same,73,44,0073_2.jpg,0044_4.jpg,0
monitor,cross_same_same,73,51,0073_2.jpg,0051_4.jpg,0
monitor,cross_same_same,73,54,0073_2.jpg,0054_4.jpg,0
monitor,cross_same_same,73,63,0073_2.jpg,0063_4.jpg,0
monitor,cross_same_same,73,68,0073_2.jpg,0068_4.jpg,0
monitor,cross_same_same,73,69,0073_2.jpg,0069_4.jpg,0
monitor,cross_same_same,73,73,0073_2.jpg,0073_4.jpg,1
monitor,cross_same_same,73,95,0073_2.jpg,0095_4.jpg,0
monitor,cross_same_same,73,121,0073_2.jpg,0121_4.jpg,0
monitor,cross_same_same,73,128,0073_2.jpg,0128_4.jpg,0
monitor,cross_same_same,73,129,0073_2.jpg,0129_4.jpg,0
monitor,cross_same_same,73,131,0073_2.jpg,0131_4.jpg,0
monitor,cross_same_same,73,139,0073_2.jpg,0139_4.jpg,0
monitor,cross_same_same,73,144,0073_2.jpg,0144_4.jpg,0
monitor,cross_same_same,73,145,0073_2.jpg,0145_4.jpg,0
monitor,cross_same_same,73,150,0073_2.jpg,0150_4.jpg,0
monitor,cross_same_same,73,160,0073_2.jpg,0160_4.jpg,0
monitor,cross_same_same,73,165,0073_2.jpg,0165_4.jpg,0
monitor,cross_same_same,73,166,0073_2.jpg,0166_4.jpg,0
monitor,cross_same_same,73,170,0073_2.jpg,0170_4.jpg,0
monitor,cross_same_same,73,174,0073_2.jpg,0174_4.jpg,0
monitor,cross_same_same,73,176,0073_2.jpg,0176_4.jpg,0
monitor,cross_same_same,73,193,0073_2.jpg,0193_4.jpg,0
monitor,cross_same_same,73,202,0073_2.jpg,0202_4.jpg,0
monitor,cross_same_same,73,205,0073_2.jpg,0205_4.jpg,0
monitor,cross_same_same,73,210,0073_2.jpg,0210_4.jpg,0
monitor,cross_same_same,73,218,0073_2.jpg,0218_4.jpg,0
monitor,cross_same_same,73,222,0073_2.jpg,0222_4.jpg,0
monitor,cross_same_same,73,238,0073_2.jpg,0238_4.jpg,0
monitor,cross_same_same,73,253,0073_2.jpg,0253_4.jpg,0
monitor,cross_same_same,73,254,0073_2.jpg,0254_4.jpg,0
monitor,cross_same_same,73,257,0073_2.jpg,0257_4.jpg,0
monitor,cross_same_same,73,258,0073_2.jpg,0258_4.jpg,0
monitor,cross_same_same,73,268,0073_2.jpg,0268_4.jpg,0
monitor,cross_same_same,73,269,0073_2.jpg,0269_4.jpg,0
monitor,cross_same_same,73,270,0073_2.jpg,0270_4.jpg,0
monitor,cross_same_same,73,277,0073_2.jpg,0277_4.jpg,0
monitor,cross_same_same,73,278,0073_2.jpg,0278_4.jpg,0
monitor,cross_same_same,95,5,0095_2.jpg,0005_4.jpg,0
monitor,cross_same_same,95,9,0095_2.jpg,0009_4.jpg,0
monitor,cross_same_same,95,10,0095_2.jpg,0010_4.jpg,0
monitor,cross_same_same,95,28,0095_2.jpg,0028_4.jpg,0
monitor,cross_same_same,95,32,0095_2.jpg,0032_4.jpg,0
monitor,cross_same_same,95,33,0095_2.jpg,0033_4.jpg,0
monitor,cross_same_same,95,34,0095_2.jpg,0034_4.jpg,0
monitor,cross_same_same,95,44,0095_2.jpg,0044_4.jpg,0
monitor,cross_same_same,95,51,0095_2.jpg,0051_4.jpg,0
monitor,cross_same_same,95,54,0095_2.jpg,0054_4.jpg,0
monitor,cross_same_same,95,63,0095_2.jpg,0063_4.jpg,0
monitor,cross_same_same,95,68,0095_2.jpg,0068_4.jpg,0
monitor,cross_same_same,95,69,0095_2.jpg,0069_4.jpg,0
monitor,cross_same_same,95,73,0095_2.jpg,0073_4.jpg,0
monitor,cross_same_same,95,95,0095_2.jpg,0095_4.jpg,1
monitor,cross_same_same,95,121,0095_2.jpg,0121_4.jpg,0
monitor,cross_same_same,95,128,0095_2.jpg,0128_4.jpg,0
monitor,cross_same_same,95,129,0095_2.jpg,0129_4.jpg,0
monitor,cross_same_same,95,131,0095_2.jpg,0131_4.jpg,0
monitor,cross_same_same,95,139,0095_2.jpg,0139_4.jpg,0
monitor,cross_same_same,95,144,0095_2.jpg,0144_4.jpg,0
monitor,cross_same_same,95,145,0095_2.jpg,0145_4.jpg,0
monitor,cross_same_same,95,150,0095_2.jpg,0150_4.jpg,0
monitor,cross_same_same,95,160,0095_2.jpg,0160_4.jpg,0
monitor,cross_same_same,95,165,0095_2.jpg,0165_4.jpg,0
monitor,cross_same_same,95,166,0095_2.jpg,0166_4.jpg,0
monitor,cross_same_same,95,170,0095_2.jpg,0170_4.jpg,0
monitor,cross_same_same,95,174,0095_2.jpg,0174_4.jpg,0
monitor,cross_same_same,95,176,0095_2.jpg,0176_4.jpg,0
monitor,cross_same_same,95,193,0095_2.jpg,0193_4.jpg,0
monitor,cross_same_same,95,202,0095_2.jpg,0202_4.jpg,0
monitor,cross_same_same,95,205,0095_2.jpg,0205_4.jpg,0
monitor,cross_same_same,95,210,0095_2.jpg,0210_4.jpg,0
monitor,cross_same_same,95,218,0095_2.jpg,0218_4.jpg,0
monitor,cross_same_same,95,222,0095_2.jpg,0222_4.jpg,0
monitor,cross_same_same,95,238,0095_2.jpg,0238_4.jpg,0
monitor,cross_same_same,95,253,0095_2.jpg,0253_4.jpg,0
monitor,cross_same_same,95,254,0095_2.jpg,0254_4.jpg,0
monitor,cross_same_same,95,257,0095_2.jpg,0257_4.jpg,0
monitor,cross_same_same,95,258,0095_2.jpg,0258_4.jpg,0
monitor,cross_same_same,95,268,0095_2.jpg,0268_4.jpg,0
monitor,cross_same_same,95,269,0095_2.jpg,0269_4.jpg,0
monitor,cross_same_same,95,270,0095_2.jpg,0270_4.jpg,0
monitor,cross_same_same,95,277,0095_2.jpg,0277_4.jpg,0
monitor,cross_same_same,95,278,0095_2.jpg,0278_4.jpg,0
monitor,cross_same_same,121,5,0121_2.jpg,0005_4.jpg,0
monitor,cross_same_same,121,9,0121_2.jpg,0009_4.jpg,0
monitor,cross_same_same,121,10,0121_2.jpg,0010_4.jpg,0
monitor,cross_same_same,121,28,0121_2.jpg,0028_4.jpg,0
monitor,cross_same_same,121,32,0121_2.jpg,0032_4.jpg,0
monitor,cross_same_same,121,33,0121_2.jpg,0033_4.jpg,0
monitor,cross_same_same,121,34,0121_2.jpg,0034_4.jpg,0
monitor,cross_same_same,121,44,0121_2.jpg,0044_4.jpg,0
monitor,cross_same_same,121,51,0121_2.jpg,0051_4.jpg,0
monitor,cross_same_same,121,54,0121_2.jpg,0054_4.jpg,0
monitor,cross_same_same,121,63,0121_2.jpg,0063_4.jpg,0
monitor,cross_same_same,121,68,0121_2.jpg,0068_4.jpg,0
monitor,cross_same_same,121,69,0121_2.jpg,0069_4.jpg,0
monitor,cross_same_same,121,73,0121_2.jpg,0073_4.jpg,0
monitor,cross_same_same,121,95,0121_2.jpg,0095_4.jpg,0
monitor,cross_same_same,121,121,0121_2.jpg,0121_4.jpg,1
monitor,cross_same_same,121,128,0121_2.jpg,0128_4.jpg,0
monitor,cross_same_same,121,129,0121_2.jpg,0129_4.jpg,0
monitor,cross_same_same,121,131,0121_2.jpg,0131_4.jpg,0
monitor,cross_same_same,121,139,0121_2.jpg,0139_4.jpg,0
monitor,cross_same_same,121,144,0121_2.jpg,0144_4.jpg,0
monitor,cross_same_same,121,145,0121_2.jpg,0145_4.jpg,0
monitor,cross_same_same,121,150,0121_2.jpg,0150_4.jpg,0
monitor,cross_same_same,121,160,0121_2.jpg,0160_4.jpg,0
monitor,cross_same_same,121,165,0121_2.jpg,0165_4.jpg,0
monitor,cross_same_same,121,166,0121_2.jpg,0166_4.jpg,0
monitor,cross_same_same,121,170,0121_2.jpg,0170_4.jpg,0
monitor,cross_same_same,121,174,0121_2.jpg,0174_4.jpg,0
monitor,cross_same_same,121,176,0121_2.jpg,0176_4.jpg,0
monitor,cross_same_same,121,193,0121_2.jpg,0193_4.jpg,0
monitor,cross_same_same,121,202,0121_2.jpg,0202_4.jpg,0
monitor,cross_same_same,121,205,0121_2.jpg,0205_4.jpg,0
monitor,cross_same_same,121,210,0121_2.jpg,0210_4.jpg,0
monitor,cross_same_same,121,218,0121_2.jpg,0218_4.jpg,0
monitor,cross_same_same,121,222,0121_2.jpg,0222_4.jpg,0
monitor,cross_same_same,121,238,0121_2.jpg,0238_4.jpg,0
monitor,cross_same_same,121,253,0121_2.jpg,0253_4.jpg,0
monitor,cross_same_same,121,254,0121_2.jpg,0254_4.jpg,0
monitor,cross_same_same,121,257,0121_2.jpg,0257_4.jpg,0
monitor,cross_same_same,121,258,0121_2.jpg,0258_4.jpg,0
monitor,cross_same_same,121,268,0121_2.jpg,0268_4.jpg,0
monitor,cross_same_same,121,269,0121_2.jpg,0269_4.jpg,0
monitor,cross_same_same,121,270,0121_2.jpg,0270_4.jpg,0
monitor,cross_same_same,121,277,0121_2.jpg,0277_4.jpg,0
monitor,cross_same_same,121,278,0121_2.jpg,0278_4.jpg,0
monitor,cross_same_same,128,5,0128_2.jpg,0005_4.jpg,0
monitor,cross_same_same,128,9,0128_2.jpg,0009_4.jpg,0
monitor,cross_same_same,128,10,0128_2.jpg,0010_4.jpg,0
monitor,cross_same_same,128,28,0128_2.jpg,0028_4.jpg,0
monitor,cross_same_same,128,32,0128_2.jpg,0032_4.jpg,0
monitor,cross_same_same,128,33,0128_2.jpg,0033_4.jpg,0
monitor,cross_same_same,128,34,0128_2.jpg,0034_4.jpg,0
monitor,cross_same_same,128,44,0128_2.jpg,0044_4.jpg,0
monitor,cross_same_same,128,51,0128_2.jpg,0051_4.jpg,0
monitor,cross_same_same,128,54,0128_2.jpg,0054_4.jpg,0
monitor,cross_same_same,128,63,0128_2.jpg,0063_4.jpg,0
monitor,cross_same_same,128,68,0128_2.jpg,0068_4.jpg,0
monitor,cross_same_same,128,69,0128_2.jpg,0069_4.jpg,0
monitor,cross_same_same,128,73,0128_2.jpg,0073_4.jpg,0
monitor,cross_same_same,128,95,0128_2.jpg,0095_4.jpg,0
monitor,cross_same_same,128,121,0128_2.jpg,0121_4.jpg,0
monitor,cross_same_same,128,128,0128_2.jpg,0128_4.jpg,1
monitor,cross_same_same,128,129,0128_2.jpg,0129_4.jpg,0
monitor,cross_same_same,128,131,0128_2.jpg,0131_4.jpg,0
monitor,cross_same_same,128,139,0128_2.jpg,0139_4.jpg,0
monitor,cross_same_same,128,144,0128_2.jpg,0144_4.jpg,0
monitor,cross_same_same,128,145,0128_2.jpg,0145_4.jpg,0
monitor,cross_same_same,128,150,0128_2.jpg,0150_4.jpg,0
monitor,cross_same_same,128,160,0128_2.jpg,0160_4.jpg,0
monitor,cross_same_same,128,165,0128_2.jpg,0165_4.jpg,0
monitor,cross_same_same,128,166,0128_2.jpg,0166_4.jpg,0
monitor,cross_same_same,128,170,0128_2.jpg,0170_4.jpg,0
monitor,cross_same_same,128,174,0128_2.jpg,0174_4.jpg,0
monitor,cross_same_same,128,176,0128_2.jpg,0176_4.jpg,0
monitor,cross_same_same,128,193,0128_2.jpg,0193_4.jpg,0
monitor,cross_same_same,128,202,0128_2.jpg,0202_4.jpg,0
monitor,cross_same_same,128,205,0128_2.jpg,0205_4.jpg,0
monitor,cross_same_same,128,210,0128_2.jpg,0210_4.jpg,0
monitor,cross_same_same,128,218,0128_2.jpg,0218_4.jpg,0
monitor,cross_same_same,128,222,0128_2.jpg,0222_4.jpg,0
monitor,cross_same_same,128,238,0128_2.jpg,0238_4.jpg,0
monitor,cross_same_same,128,253,0128_2.jpg,0253_4.jpg,0
monitor,cross_same_same,128,254,0128_2.jpg,0254_4.jpg,0
monitor,cross_same_same,128,257,0128_2.jpg,0257_4.jpg,0
monitor,cross_same_same,128,258,0128_2.jpg,0258_4.jpg,0
monitor,cross_same_same,128,268,0128_2.jpg,0268_4.jpg,0
monitor,cross_same_same,128,269,0128_2.jpg,0269_4.jpg,0
monitor,cross_same_same,128,270,0128_2.jpg,0270_4.jpg,0
monitor,cross_same_same,128,277,0128_2.jpg,0277_4.jpg,0
monitor,cross_same_same,128,278,0128_2.jpg,0278_4.jpg,0
monitor,cross_same_same,129,5,0129_2.jpg,0005_4.jpg,0
monitor,cross_same_same,129,9,0129_2.jpg,0009_4.jpg,0
monitor,cross_same_same,129,10,0129_2.jpg,0010_4.jpg,0
monitor,cross_same_same,129,28,0129_2.jpg,0028_4.jpg,0
monitor,cross_same_same,129,32,0129_2.jpg,0032_4.jpg,0
monitor,cross_same_same,129,33,0129_2.jpg,0033_4.jpg,0
monitor,cross_same_same,129,34,0129_2.jpg,0034_4.jpg,0
monitor,cross_same_same,129,44,0129_2.jpg,0044_4.jpg,0
monitor,cross_same_same,129,51,0129_2.jpg,0051_4.jpg,0
monitor,cross_same_same,129,54,0129_2.jpg,0054_4.jpg,0
monitor,cross_same_same,129,63,0129_2.jpg,0063_4.jpg,0
monitor,cross_same_same,129,68,0129_2.jpg,0068_4.jpg,0
monitor,cross_same_same,129,69,0129_2.jpg,0069_4.jpg,0
monitor,cross_same_same,129,73,0129_2.jpg,0073_4.jpg,0
monitor,cross_same_same,129,95,0129_2.jpg,0095_4.jpg,0
monitor,cross_same_same,129,121,0129_2.jpg,0121_4.jpg,0
monitor,cross_same_same,129,128,0129_2.jpg,0128_4.jpg,0
monitor,cross_same_same,129,129,0129_2.jpg,0129_4.jpg,1
monitor,cross_same_same,129,131,0129_2.jpg,0131_4.jpg,0
monitor,cross_same_same,129,139,0129_2.jpg,0139_4.jpg,0
monitor,cross_same_same,129,144,0129_2.jpg,0144_4.jpg,0
monitor,cross_same_same,129,145,0129_2.jpg,0145_4.jpg,0
monitor,cross_same_same,129,150,0129_2.jpg,0150_4.jpg,0
monitor,cross_same_same,129,160,0129_2.jpg,0160_4.jpg,0
monitor,cross_same_same,129,165,0129_2.jpg,0165_4.jpg,0
monitor,cross_same_same,129,166,0129_2.jpg,0166_4.jpg,0
monitor,cross_same_same,129,170,0129_2.jpg,0170_4.jpg,0
monitor,cross_same_same,129,174,0129_2.jpg,0174_4.jpg,0
monitor,cross_same_same,129,176,0129_2.jpg,0176_4.jpg,0
monitor,cross_same_same,129,193,0129_2.jpg,0193_4.jpg,0
monitor,cross_same_same,129,202,0129_2.jpg,0202_4.jpg,0
monitor,cross_same_same,129,205,0129_2.jpg,0205_4.jpg,0
monitor,cross_same_same,129,210,0129_2.jpg,0210_4.jpg,0
monitor,cross_same_same,129,218,0129_2.jpg,0218_4.jpg,0
monitor,cross_same_same,129,222,0129_2.jpg,0222_4.jpg,0
monitor,cross_same_same,129,238,0129_2.jpg,0238_4.jpg,0
monitor,cross_same_same,129,253,0129_2.jpg,0253_4.jpg,0
monitor,cross_same_same,129,254,0129_2.jpg,0254_4.jpg,0
monitor,cross_same_same,129,257,0129_2.jpg,0257_4.jpg,0
monitor,cross_same_same,129,258,0129_2.jpg,0258_4.jpg,0
monitor,cross_same_same,129,268,0129_2.jpg,0268_4.jpg,0
monitor,cross_same_same,129,269,0129_2.jpg,0269_4.jpg,0
monitor,cross_same_same,129,270,0129_2.jpg,0270_4.jpg,0
monitor,cross_same_same,129,277,0129_2.jpg,0277_4.jpg,0
monitor,cross_same_same,129,278,0129_2.jpg,0278_4.jpg,0
monitor,cross_same_same,131,5,0131_2.jpg,0005_4.jpg,0
monitor,cross_same_same,131,9,0131_2.jpg,0009_4.jpg,0
monitor,cross_same_same,131,10,0131_2.jpg,0010_4.jpg,0
monitor,cross_same_same,131,28,0131_2.jpg,0028_4.jpg,0
monitor,cross_same_same,131,32,0131_2.jpg,0032_4.jpg,0
monitor,cross_same_same,131,33,0131_2.jpg,0033_4.jpg,0
monitor,cross_same_same,131,34,0131_2.jpg,0034_4.jpg,0
monitor,cross_same_same,131,44,0131_2.jpg,0044_4.jpg,0
monitor,cross_same_same,131,51,0131_2.jpg,0051_4.jpg,0
monitor,cross_same_same,131,54,0131_2.jpg,0054_4.jpg,0
monitor,cross_same_same,131,63,0131_2.jpg,0063_4.jpg,0
monitor,cross_same_same,131,68,0131_2.jpg,0068_4.jpg,0
monitor,cross_same_same,131,69,0131_2.jpg,0069_4.jpg,0
monitor,cross_same_same,131,73,0131_2.jpg,0073_4.jpg,0
monitor,cross_same_same,131,95,0131_2.jpg,0095_4.jpg,0
monitor,cross_same_same,131,121,0131_2.jpg,0121_4.jpg,0
monitor,cross_same_same,131,128,0131_2.jpg,0128_4.jpg,0
monitor,cross_same_same,131,129,0131_2.jpg,0129_4.jpg,0
monitor,cross_same_same,131,131,0131_2.jpg,0131_4.jpg,1
monitor,cross_same_same,131,139,0131_2.jpg,0139_4.jpg,0
monitor,cross_same_same,131,144,0131_2.jpg,0144_4.jpg,0
monitor,cross_same_same,131,145,0131_2.jpg,0145_4.jpg,0
monitor,cross_same_same,131,150,0131_2.jpg,0150_4.jpg,0
monitor,cross_same_same,131,160,0131_2.jpg,0160_4.jpg,0
monitor,cross_same_same,131,165,0131_2.jpg,0165_4.jpg,0
monitor,cross_same_same,131,166,0131_2.jpg,0166_4.jpg,0
monitor,cross_same_same,131,170,0131_2.jpg,0170_4.jpg,0
monitor,cross_same_same,131,174,0131_2.jpg,0174_4.jpg,0
monitor,cross_same_same,131,176,0131_2.jpg,0176_4.jpg,0
monitor,cross_same_same,131,193,0131_2.jpg,0193_4.jpg,0
monitor,cross_same_same,131,202,0131_2.jpg,0202_4.jpg,0
monitor,cross_same_same,131,205,0131_2.jpg,0205_4.jpg,0
monitor,cross_same_same,131,210,0131_2.jpg,0210_4.jpg,0
monitor,cross_same_same,131,218,0131_2.jpg,0218_4.jpg,0
monitor,cross_same_same,131,222,0131_2.jpg,0222_4.jpg,0
monitor,cross_same_same,131,238,0131_2.jpg,0238_4.jpg,0
monitor,cross_same_same,131,253,0131_2.jpg,0253_4.jpg,0
monitor,cross_same_same,131,254,0131_2.jpg,0254_4.jpg,0
monitor,cross_same_same,131,257,0131_2.jpg,0257_4.jpg,0
monitor,cross_same_same,131,258,0131_2.jpg,0258_4.jpg,0
monitor,cross_same_same,131,268,0131_2.jpg,0268_4.jpg,0
monitor,cross_same_same,131,269,0131_2.jpg,0269_4.jpg,0
monitor,cross_same_same,131,270,0131_2.jpg,0270_4.jpg,0
monitor,cross_same_same,131,277,0131_2.jpg,0277_4.jpg,0
monitor,cross_same_same,131,278,0131_2.jpg,0278_4.jpg,0
monitor,cross_same_same,139,5,0139_2.jpg,0005_4.jpg,0
monitor,cross_same_same,139,9,0139_2.jpg,0009_4.jpg,0
monitor,cross_same_same,139,10,0139_2.jpg,0010_4.jpg,0
monitor,cross_same_same,139,28,0139_2.jpg,0028_4.jpg,0
monitor,cross_same_same,139,32,0139_2.jpg,0032_4.jpg,0
monitor,cross_same_same,139,33,0139_2.jpg,0033_4.jpg,0
monitor,cross_same_same,139,34,0139_2.jpg,0034_4.jpg,0
monitor,cross_same_same,139,44,0139_2.jpg,0044_4.jpg,0
monitor,cross_same_same,139,51,0139_2.jpg,0051_4.jpg,0
monitor,cross_same_same,139,54,0139_2.jpg,0054_4.jpg,0
monitor,cross_same_same,139,63,0139_2.jpg,0063_4.jpg,0
monitor,cross_same_same,139,68,0139_2.jpg,0068_4.jpg,0
monitor,cross_same_same,139,69,0139_2.jpg,0069_4.jpg,0
monitor,cross_same_same,139,73,0139_2.jpg,0073_4.jpg,0
monitor,cross_same_same,139,95,0139_2.jpg,0095_4.jpg,0
monitor,cross_same_same,139,121,0139_2.jpg,0121_4.jpg,0
monitor,cross_same_same,139,128,0139_2.jpg,0128_4.jpg,0
monitor,cross_same_same,139,129,0139_2.jpg,0129_4.jpg,0
monitor,cross_same_same,139,131,0139_2.jpg,0131_4.jpg,0
monitor,cross_same_same,139,139,0139_2.jpg,0139_4.jpg,1
monitor,cross_same_same,139,144,0139_2.jpg,0144_4.jpg,0
monitor,cross_same_same,139,145,0139_2.jpg,0145_4.jpg,0
monitor,cross_same_same,139,150,0139_2.jpg,0150_4.jpg,0
monitor,cross_same_same,139,160,0139_2.jpg,0160_4.jpg,0
monitor,cross_same_same,139,165,0139_2.jpg,0165_4.jpg,0
monitor,cross_same_same,139,166,0139_2.jpg,0166_4.jpg,0
monitor,cross_same_same,139,170,0139_2.jpg,0170_4.jpg,0
monitor,cross_same_same,139,174,0139_2.jpg,0174_4.jpg,0
monitor,cross_same_same,139,176,0139_2.jpg,0176_4.jpg,0
monitor,cross_same_same,139,193,0139_2.jpg,0193_4.jpg,0
monitor,cross_same_same,139,202,0139_2.jpg,0202_4.jpg,0
monitor,cross_same_same,139,205,0139_2.jpg,0205_4.jpg,0
monitor,cross_same_same,139,210,0139_2.jpg,0210_4.jpg,0
monitor,cross_same_same,139,218,0139_2.jpg,0218_4.jpg,0
monitor,cross_same_same,139,222,0139_2.jpg,0222_4.jpg,0
monitor,cross_same_same,139,238,0139_2.jpg,0238_4.jpg,0
monitor,cross_same_same,139,253,0139_2.jpg,0253_4.jpg,0
monitor,cross_same_same,139,254,0139_2.jpg,0254_4.jpg,0
monitor,cross_same_same,139,257,0139_2.jpg,0257_4.jpg,0
monitor,cross_same_same,139,258,0139_2.jpg,0258_4.jpg,0
monitor,cross_same_same,139,268,0139_2.jpg,0268_4.jpg,0
monitor,cross_same_same,139,269,0139_2.jpg,0269_4.jpg,0
monitor,cross_same_same,139,270,0139_2.jpg,0270_4.jpg,0
monitor,cross_same_same,139,277,0139_2.jpg,0277_4.jpg,0
monitor,cross_same_same,139,278,0139_2.jpg,0278_4.jpg,0
monitor,cross_same_same,144,5,0144_2.jpg,0005_4.jpg,0
monitor,cross_same_same,144,9,0144_2.jpg,0009_4.jpg,0
monitor,cross_same_same,144,10,0144_2.jpg,0010_4.jpg,0
monitor,cross_same_same,144,28,0144_2.jpg,0028_4.jpg,0
monitor,cross_same_same,144,32,0144_2.jpg,0032_4.jpg,0
monitor,cross_same_same,144,33,0144_2.jpg,0033_4.jpg,0
monitor,cross_same_same,144,34,0144_2.jpg,0034_4.jpg,0
monitor,cross_same_same,144,44,0144_2.jpg,0044_4.jpg,0
monitor,cross_same_same,144,51,0144_2.jpg,0051_4.jpg,0
monitor,cross_same_same,144,54,0144_2.jpg,0054_4.jpg,0
monitor,cross_same_same,144,63,0144_2.jpg,0063_4.jpg,0
monitor,cross_same_same,144,68,0144_2.jpg,0068_4.jpg,0
monitor,cross_same_same,144,69,0144_2.jpg,0069_4.jpg,0
monitor,cross_same_same,144,73,0144_2.jpg,0073_4.jpg,0
monitor,cross_same_same,144,95,0144_2.jpg,0095_4.jpg,0
monitor,cross_same_same,144,121,0144_2.jpg,0121_4.jpg,0
monitor,cross_same_same,144,128,0144_2.jpg,0128_4.jpg,0
monitor,cross_same_same,144,129,0144_2.jpg,0129_4.jpg,0
monitor,cross_same_same,144,131,0144_2.jpg,0131_4.jpg,0
monitor,cross_same_same,144,139,0144_2.jpg,0139_4.jpg,0
monitor,cross_same_same,144,144,0144_2.jpg,0144_4.jpg,1
monitor,cross_same_same,144,145,0144_2.jpg,0145_4.jpg,0
monitor,cross_same_same,144,150,0144_2.jpg,0150_4.jpg,0
monitor,cross_same_same,144,160,0144_2.jpg,0160_4.jpg,0
monitor,cross_same_same,144,165,0144_2.jpg,0165_4.jpg,0
monitor,cross_same_same,144,166,0144_2.jpg,0166_4.jpg,0
monitor,cross_same_same,144,170,0144_2.jpg,0170_4.jpg,0
monitor,cross_same_same,144,174,0144_2.jpg,0174_4.jpg,0
monitor,cross_same_same,144,176,0144_2.jpg,0176_4.jpg,0
monitor,cross_same_same,144,193,0144_2.jpg,0193_4.jpg,0
monitor,cross_same_same,144,202,0144_2.jpg,0202_4.jpg,0
monitor,cross_same_same,144,205,0144_2.jpg,0205_4.jpg,0
monitor,cross_same_same,144,210,0144_2.jpg,0210_4.jpg,0
monitor,cross_same_same,144,218,0144_2.jpg,0218_4.jpg,0
monitor,cross_same_same,144,222,0144_2.jpg,0222_4.jpg,0
monitor,cross_same_same,144,238,0144_2.jpg,0238_4.jpg,0
monitor,cross_same_same,144,253,0144_2.jpg,0253_4.jpg,0
monitor,cross_same_same,144,254,0144_2.jpg,0254_4.jpg,0
monitor,cross_same_same,144,257,0144_2.jpg,0257_4.jpg,0
monitor,cross_same_same,144,258,0144_2.jpg,0258_4.jpg,0
monitor,cross_same_same,144,268,0144_2.jpg,0268_4.jpg,0
monitor,cross_same_same,144,269,0144_2.jpg,0269_4.jpg,0
monitor,cross_same_same,144,270,0144_2.jpg,0270_4.jpg,0
monitor,cross_same_same,144,277,0144_2.jpg,0277_4.jpg,0
monitor,cross_same_same,144,278,0144_2.jpg,0278_4.jpg,0
monitor,cross_same_same,145,5,0145_2.jpg,0005_4.jpg,0
monitor,cross_same_same,145,9,0145_2.jpg,0009_4.jpg,0
monitor,cross_same_same,145,10,0145_2.jpg,0010_4.jpg,0
monitor,cross_same_same,145,28,0145_2.jpg,0028_4.jpg,0
monitor,cross_same_same,145,32,0145_2.jpg,0032_4.jpg,0
monitor,cross_same_same,145,33,0145_2.jpg,0033_4.jpg,0
monitor,cross_same_same,145,34,0145_2.jpg,0034_4.jpg,0
monitor,cross_same_same,145,44,0145_2.jpg,0044_4.jpg,0
monitor,cross_same_same,145,51,0145_2.jpg,0051_4.jpg,0
monitor,cross_same_same,145,54,0145_2.jpg,0054_4.jpg,0
monitor,cross_same_same,145,63,0145_2.jpg,0063_4.jpg,0
monitor,cross_same_same,145,68,0145_2.jpg,0068_4.jpg,0
monitor,cross_same_same,145,69,0145_2.jpg,0069_4.jpg,0
monitor,cross_same_same,145,73,0145_2.jpg,0073_4.jpg,0
monitor,cross_same_same,145,95,0145_2.jpg,0095_4.jpg,0
monitor,cross_same_same,145,121,0145_2.jpg,0121_4.jpg,0
monitor,cross_same_same,145,128,0145_2.jpg,0128_4.jpg,0
monitor,cross_same_same,145,129,0145_2.jpg,0129_4.jpg,0
monitor,cross_same_same,145,131,0145_2.jpg,0131_4.jpg,0
monitor,cross_same_same,145,139,0145_2.jpg,0139_4.jpg,0
monitor,cross_same_same,145,144,0145_2.jpg,0144_4.jpg,0
monitor,cross_same_same,145,145,0145_2.jpg,0145_4.jpg,1
monitor,cross_same_same,145,150,0145_2.jpg,0150_4.jpg,0
monitor,cross_same_same,145,160,0145_2.jpg,0160_4.jpg,0
monitor,cross_same_same,145,165,0145_2.jpg,0165_4.jpg,0
monitor,cross_same_same,145,166,0145_2.jpg,0166_4.jpg,0
monitor,cross_same_same,145,170,0145_2.jpg,0170_4.jpg,0
monitor,cross_same_same,145,174,0145_2.jpg,0174_4.jpg,0
monitor,cross_same_same,145,176,0145_2.jpg,0176_4.jpg,0
monitor,cross_same_same,145,193,0145_2.jpg,0193_4.jpg,0
monitor,cross_same_same,145,202,0145_2.jpg,0202_4.jpg,0
monitor,cross_same_same,145,205,0145_2.jpg,0205_4.jpg,0
monitor,cross_same_same,145,210,0145_2.jpg,0210_4.jpg,0
monitor,cross_same_same,145,218,0145_2.jpg,0218_4.jpg,0
monitor,cross_same_same,145,222,0145_2.jpg,0222_4.jpg,0
monitor,cross_same_same,145,238,0145_2.jpg,0238_4.jpg,0
monitor,cross_same_same,145,253,0145_2.jpg,0253_4.jpg,0
monitor,cross_same_same,145,254,0145_2.jpg,0254_4.jpg,0
monitor,cross_same_same,145,257,0145_2.jpg,0257_4.jpg,0
monitor,cross_same_same,145,258,0145_2.jpg,0258_4.jpg,0
monitor,cross_same_same,145,268,0145_2.jpg,0268_4.jpg,0
monitor,cross_same_same,145,269,0145_2.jpg,0269_4.jpg,0
monitor,cross_same_same,145,270,0145_2.jpg,0270_4.jpg,0
monitor,cross_same_same,145,277,0145_2.jpg,0277_4.jpg,0
monitor,cross_same_same,145,278,0145_2.jpg,0278_4.jpg,0
monitor,cross_same_same,150,5,0150_2.jpg,0005_4.jpg,0
monitor,cross_same_same,150,9,0150_2.jpg,0009_4.jpg,0
monitor,cross_same_same,150,10,0150_2.jpg,0010_4.jpg,0
monitor,cross_same_same,150,28,0150_2.jpg,0028_4.jpg,0
monitor,cross_same_same,150,32,0150_2.jpg,0032_4.jpg,0
monitor,cross_same_same,150,33,0150_2.jpg,0033_4.jpg,0
monitor,cross_same_same,150,34,0150_2.jpg,0034_4.jpg,0
monitor,cross_same_same,150,44,0150_2.jpg,0044_4.jpg,0
monitor,cross_same_same,150,51,0150_2.jpg,0051_4.jpg,0
monitor,cross_same_same,150,54,0150_2.jpg,0054_4.jpg,0
monitor,cross_same_same,150,63,0150_2.jpg,0063_4.jpg,0
monitor,cross_same_same,150,68,0150_2.jpg,0068_4.jpg,0
monitor,cross_same_same,150,69,0150_2.jpg,0069_4.jpg,0
monitor,cross_same_same,150,73,0150_2.jpg,0073_4.jpg,0
monitor,cross_same_same,150,95,0150_2.jpg,0095_4.jpg,0
monitor,cross_same_same,150,121,0150_2.jpg,0121_4.jpg,0
monitor,cross_same_same,150,128,0150_2.jpg,0128_4.jpg,0
monitor,cross_same_same,150,129,0150_2.jpg,0129_4.jpg,0
monitor,cross_same_same,150,131,0150_2.jpg,0131_4.jpg,0
monitor,cross_same_same,150,139,0150_2.jpg,0139_4.jpg,0
monitor,cross_same_same,150,144,0150_2.jpg,0144_4.jpg,0
monitor,cross_same_same,150,145,0150_2.jpg,0145_4.jpg,0
monitor,cross_same_same,150,150,0150_2.jpg,0150_4.jpg,1
monitor,cross_same_same,150,160,0150_2.jpg,0160_4.jpg,0
monitor,cross_same_same,150,165,0150_2.jpg,0165_4.jpg,0
monitor,cross_same_same,150,166,0150_2.jpg,0166_4.jpg,0
monitor,cross_same_same,150,170,0150_2.jpg,0170_4.jpg,0
monitor,cross_same_same,150,174,0150_2.jpg,0174_4.jpg,0
monitor,cross_same_same,150,176,0150_2.jpg,0176_4.jpg,0
monitor,cross_same_same,150,193,0150_2.jpg,0193_4.jpg,0
monitor,cross_same_same,150,202,0150_2.jpg,0202_4.jpg,0
monitor,cross_same_same,150,205,0150_2.jpg,0205_4.jpg,0
monitor,cross_same_same,150,210,0150_2.jpg,0210_4.jpg,0
monitor,cross_same_same,150,218,0150_2.jpg,0218_4.jpg,0
monitor,cross_same_same,150,222,0150_2.jpg,0222_4.jpg,0
monitor,cross_same_same,150,238,0150_2.jpg,0238_4.jpg,0
monitor,cross_same_same,150,253,0150_2.jpg,0253_4.jpg,0
monitor,cross_same_same,150,254,0150_2.jpg,0254_4.jpg,0
monitor,cross_same_same,150,257,0150_2.jpg,0257_4.jpg,0
monitor,cross_same_same,150,258,0150_2.jpg,0258_4.jpg,0
monitor,cross_same_same,150,268,0150_2.jpg,0268_4.jpg,0
monitor,cross_same_same,150,269,0150_2.jpg,0269_4.jpg,0
monitor,cross_same_same,150,270,0150_2.jpg,0270_4.jpg,0
monitor,cross_same_same,150,277,0150_2.jpg,0277_4.jpg,0
monitor,cross_same_same,150,278,0150_2.jpg,0278_4.jpg,0
monitor,cross_same_same,160,5,0160_2.jpg,0005_4.jpg,0
monitor,cross_same_same,160,9,0160_2.jpg,0009_4.jpg,0
monitor,cross_same_same,160,10,0160_2.jpg,0010_4.jpg,0
monitor,cross_same_same,160,28,0160_2.jpg,0028_4.jpg,0
monitor,cross_same_same,160,32,0160_2.jpg,0032_4.jpg,0
monitor,cross_same_same,160,33,0160_2.jpg,0033_4.jpg,0
monitor,cross_same_same,160,34,0160_2.jpg,0034_4.jpg,0
monitor,cross_same_same,160,44,0160_2.jpg,0044_4.jpg,0
monitor,cross_same_same,160,51,0160_2.jpg,0051_4.jpg,0
monitor,cross_same_same,160,54,0160_2.jpg,0054_4.jpg,0
monitor,cross_same_same,160,63,0160_2.jpg,0063_4.jpg,0
monitor,cross_same_same,160,68,0160_2.jpg,0068_4.jpg,0
monitor,cross_same_same,160,69,0160_2.jpg,0069_4.jpg,0
monitor,cross_same_same,160,73,0160_2.jpg,0073_4.jpg,0
monitor,cross_same_same,160,95,0160_2.jpg,0095_4.jpg,0
monitor,cross_same_same,160,121,0160_2.jpg,0121_4.jpg,0
monitor,cross_same_same,160,128,0160_2.jpg,0128_4.jpg,0
monitor,cross_same_same,160,129,0160_2.jpg,0129_4.jpg,0
monitor,cross_same_same,160,131,0160_2.jpg,0131_4.jpg,0
monitor,cross_same_same,160,139,0160_2.jpg,0139_4.jpg,0
monitor,cross_same_same,160,144,0160_2.jpg,0144_4.jpg,0
monitor,cross_same_same,160,145,0160_2.jpg,0145_4.jpg,0
monitor,cross_same_same,160,150,0160_2.jpg,0150_4.jpg,0
monitor,cross_same_same,160,160,0160_2.jpg,0160_4.jpg,1
monitor,cross_same_same,160,165,0160_2.jpg,0165_4.jpg,0
monitor,cross_same_same,160,166,0160_2.jpg,0166_4.jpg,0
monitor,cross_same_same,160,170,0160_2.jpg,0170_4.jpg,0
monitor,cross_same_same,160,174,0160_2.jpg,0174_4.jpg,0
monitor,cross_same_same,160,176,0160_2.jpg,0176_4.jpg,0
monitor,cross_same_same,160,193,0160_2.jpg,0193_4.jpg,0
monitor,cross_same_same,160,202,0160_2.jpg,0202_4.jpg,0
monitor,cross_same_same,160,205,0160_2.jpg,0205_4.jpg,0
monitor,cross_same_same,160,210,0160_2.jpg,0210_4.jpg,0
monitor,cross_same_same,160,218,0160_2.jpg,0218_4.jpg,0
monitor,cross_same_same,160,222,0160_2.jpg,0222_4.jpg,0
monitor,cross_same_same,160,238,0160_2.jpg,0238_4.jpg,0
monitor,cross_same_same,160,253,0160_2.jpg,0253_4.jpg,0
monitor,cross_same_same,160,254,0160_2.jpg,0254_4.jpg,0
monitor,cross_same_same,160,257,0160_2.jpg,0257_4.jpg,0
monitor,cross_same_same,160,258,0160_2.jpg,0258_4.jpg,0
monitor,cross_same_same,160,268,0160_2.jpg,0268_4.jpg,0
monitor,cross_same_same,160,269,0160_2.jpg,0269_4.jpg,0
monitor,cross_same_same,160,270,0160_2.jpg,0270_4.jpg,0
monitor,cross_same_same,160,277,0160_2.jpg,0277_4.jpg,0
monitor,cross_same_same,160,278,0160_2.jpg,0278_4.jpg,0
monitor,cross_same_same,165,5,0165_2.jpg,0005_4.jpg,0
monitor,cross_same_same,165,9,0165_2.jpg,0009_4.jpg,0
monitor,cross_same_same,165,10,0165_2.jpg,0010_4.jpg,0
monitor,cross_same_same,165,28,0165_2.jpg,0028_4.jpg,0
monitor,cross_same_same,165,32,0165_2.jpg,0032_4.jpg,0
monitor,cross_same_same,165,33,0165_2.jpg,0033_4.jpg,0
monitor,cross_same_same,165,34,0165_2.jpg,0034_4.jpg,0
monitor,cross_same_same,165,44,0165_2.jpg,0044_4.jpg,0
monitor,cross_same_same,165,51,0165_2.jpg,0051_4.jpg,0
monitor,cross_same_same,165,54,0165_2.jpg,0054_4.jpg,0
monitor,cross_same_same,165,63,0165_2.jpg,0063_4.jpg,0
monitor,cross_same_same,165,68,0165_2.jpg,0068_4.jpg,0
monitor,cross_same_same,165,69,0165_2.jpg,0069_4.jpg,0
monitor,cross_same_same,165,73,0165_2.jpg,0073_4.jpg,0
monitor,cross_same_same,165,95,0165_2.jpg,0095_4.jpg,0
monitor,cross_same_same,165,121,0165_2.jpg,0121_4.jpg,0
monitor,cross_same_same,165,128,0165_2.jpg,0128_4.jpg,0
monitor,cross_same_same,165,129,0165_2.jpg,0129_4.jpg,0
monitor,cross_same_same,165,131,0165_2.jpg,0131_4.jpg,0
monitor,cross_same_same,165,139,0165_2.jpg,0139_4.jpg,0
monitor,cross_same_same,165,144,0165_2.jpg,0144_4.jpg,0
monitor,cross_same_same,165,145,0165_2.jpg,0145_4.jpg,0
monitor,cross_same_same,165,150,0165_2.jpg,0150_4.jpg,0
monitor,cross_same_same,165,160,0165_2.jpg,0160_4.jpg,0
monitor,cross_same_same,165,165,0165_2.jpg,0165_4.jpg,1
monitor,cross_same_same,165,166,0165_2.jpg,0166_4.jpg,0
monitor,cross_same_same,165,170,0165_2.jpg,0170_4.jpg,0
monitor,cross_same_same,165,174,0165_2.jpg,0174_4.jpg,0
monitor,cross_same_same,165,176,0165_2.jpg,0176_4.jpg,0
monitor,cross_same_same,165,193,0165_2.jpg,0193_4.jpg,0
monitor,cross_same_same,165,202,0165_2.jpg,0202_4.jpg,0
monitor,cross_same_same,165,205,0165_2.jpg,0205_4.jpg,0
monitor,cross_same_same,165,210,0165_2.jpg,0210_4.jpg,0
monitor,cross_same_same,165,218,0165_2.jpg,0218_4.jpg,0
monitor,cross_same_same,165,222,0165_2.jpg,0222_4.jpg,0
monitor,cross_same_same,165,238,0165_2.jpg,0238_4.jpg,0
monitor,cross_same_same,165,253,0165_2.jpg,0253_4.jpg,0
monitor,cross_same_same,165,254,0165_2.jpg,0254_4.jpg,0
monitor,cross_same_same,165,257,0165_2.jpg,0257_4.jpg,0
monitor,cross_same_same,165,258,0165_2.jpg,0258_4.jpg,0
monitor,cross_same_same,165,268,0165_2.jpg,0268_4.jpg,0
monitor,cross_same_same,165,269,0165_2.jpg,0269_4.jpg,0
monitor,cross_same_same,165,270,0165_2.jpg,0270_4.jpg,0
monitor,cross_same_same,165,277,0165_2.jpg,0277_4.jpg,0
monitor,cross_same_same,165,278,0165_2.jpg,0278_4.jpg,0
monitor,cross_same_same,166,5,0166_2.jpg,0005_4.jpg,0
monitor,cross_same_same,166,9,0166_2.jpg,0009_4.jpg,0
monitor,cross_same_same,166,10,0166_2.jpg,0010_4.jpg,0
monitor,cross_same_same,166,28,0166_2.jpg,0028_4.jpg,0
monitor,cross_same_same,166,32,0166_2.jpg,0032_4.jpg,0
monitor,cross_same_same,166,33,0166_2.jpg,0033_4.jpg,0
monitor,cross_same_same,166,34,0166_2.jpg,0034_4.jpg,0
monitor,cross_same_same,166,44,0166_2.jpg,0044_4.jpg,0
monitor,cross_same_same,166,51,0166_2.jpg,0051_4.jpg,0
monitor,cross_same_same,166,54,0166_2.jpg,0054_4.jpg,0
monitor,cross_same_same,166,63,0166_2.jpg,0063_4.jpg,0
monitor,cross_same_same,166,68,0166_2.jpg,0068_4.jpg,0
monitor,cross_same_same,166,69,0166_2.jpg,0069_4.jpg,0
monitor,cross_same_same,166,73,0166_2.jpg,0073_4.jpg,0
monitor,cross_same_same,166,95,0166_2.jpg,0095_4.jpg,0
monitor,cross_same_same,166,121,0166_2.jpg,0121_4.jpg,0
monitor,cross_same_same,166,128,0166_2.jpg,0128_4.jpg,0
monitor,cross_same_same,166,129,0166_2.jpg,0129_4.jpg,0
monitor,cross_same_same,166,131,0166_2.jpg,0131_4.jpg,0
monitor,cross_same_same,166,139,0166_2.jpg,0139_4.jpg,0
monitor,cross_same_same,166,144,0166_2.jpg,0144_4.jpg,0
monitor,cross_same_same,166,145,0166_2.jpg,0145_4.jpg,0
monitor,cross_same_same,166,150,0166_2.jpg,0150_4.jpg,0
monitor,cross_same_same,166,160,0166_2.jpg,0160_4.jpg,0
monitor,cross_same_same,166,165,0166_2.jpg,0165_4.jpg,0
monitor,cross_same_same,166,166,0166_2.jpg,0166_4.jpg,1
monitor,cross_same_same,166,170,0166_2.jpg,0170_4.jpg,0
monitor,cross_same_same,166,174,0166_2.jpg,0174_4.jpg,0
monitor,cross_same_same,166,176,0166_2.jpg,0176_4.jpg,0
monitor,cross_same_same,166,193,0166_2.jpg,0193_4.jpg,0
monitor,cross_same_same,166,202,0166_2.jpg,0202_4.jpg,0
monitor,cross_same_same,166,205,0166_2.jpg,0205_4.jpg,0
monitor,cross_same_same,166,210,0166_2.jpg,0210_4.jpg,0
monitor,cross_same_same,166,218,0166_2.jpg,0218_4.jpg,0
monitor,cross_same_same,166,222,0166_2.jpg,0222_4.jpg,0
monitor,cross_same_same,166,238,0166_2.jpg,0238_4.jpg,0
monitor,cross_same_same,166,253,0166_2.jpg,0253_4.jpg,0
monitor,cross_same_same,166,254,0166_2.jpg,0254_4.jpg,0
monitor,cross_same_same,166,257,0166_2.jpg,0257_4.jpg,0
monitor,cross_same_same,166,258,0166_2.jpg,0258_4.jpg,0
monitor,cross_same_same,166,268,0166_2.jpg,0268_4.jpg,0
monitor,cross_same_same,166,269,0166_2.jpg,0269_4.jpg,0
monitor,cross_same_same,166,270,0166_2.jpg,0270_4.jpg,0
monitor,cross_same_same,166,277,0166_2.jpg,0277_4.jpg,0
monitor,cross_same_same,166,278,0166_2.jpg,0278_4.jpg,0
monitor,cross_same_same,170,5,0170_2.jpg,0005_4.jpg,0
monitor,cross_same_same,170,9,0170_2.jpg,0009_4.jpg,0
monitor,cross_same_same,170,10,0170_2.jpg,0010_4.jpg,0
monitor,cross_same_same,170,28,0170_2.jpg,0028_4.jpg,0
monitor,cross_same_same,170,32,0170_2.jpg,0032_4.jpg,0
monitor,cross_same_same,170,33,0170_2.jpg,0033_4.jpg,0
monitor,cross_same_same,170,34,0170_2.jpg,0034_4.jpg,0
monitor,cross_same_same,170,44,0170_2.jpg,0044_4.jpg,0
monitor,cross_same_same,170,51,0170_2.jpg,0051_4.jpg,0
monitor,cross_same_same,170,54,0170_2.jpg,0054_4.jpg,0
monitor,cross_same_same,170,63,0170_2.jpg,0063_4.jpg,0
monitor,cross_same_same,170,68,0170_2.jpg,0068_4.jpg,0
monitor,cross_same_same,170,69,0170_2.jpg,0069_4.jpg,0
monitor,cross_same_same,170,73,0170_2.jpg,0073_4.jpg,0
monitor,cross_same_same,170,95,0170_2.jpg,0095_4.jpg,0
monitor,cross_same_same,170,121,0170_2.jpg,0121_4.jpg,0
monitor,cross_same_same,170,128,0170_2.jpg,0128_4.jpg,0
monitor,cross_same_same,170,129,0170_2.jpg,0129_4.jpg,0
monitor,cross_same_same,170,131,0170_2.jpg,0131_4.jpg,0
monitor,cross_same_same,170,139,0170_2.jpg,0139_4.jpg,0
monitor,cross_same_same,170,144,0170_2.jpg,0144_4.jpg,0
monitor,cross_same_same,170,145,0170_2.jpg,0145_4.jpg,0
monitor,cross_same_same,170,150,0170_2.jpg,0150_4.jpg,0
monitor,cross_same_same,170,160,0170_2.jpg,0160_4.jpg,0
monitor,cross_same_same,170,165,0170_2.jpg,0165_4.jpg,0
monitor,cross_same_same,170,166,0170_2.jpg,0166_4.jpg,0
monitor,cross_same_same,170,170,0170_2.jpg,0170_4.jpg,1
monitor,cross_same_same,170,174,0170_2.jpg,0174_4.jpg,0
monitor,cross_same_same,170,176,0170_2.jpg,0176_4.jpg,0
monitor,cross_same_same,170,193,0170_2.jpg,0193_4.jpg,0
monitor,cross_same_same,170,202,0170_2.jpg,0202_4.jpg,0
monitor,cross_same_same,170,205,0170_2.jpg,0205_4.jpg,0
monitor,cross_same_same,170,210,0170_2.jpg,0210_4.jpg,0
monitor,cross_same_same,170,218,0170_2.jpg,0218_4.jpg,0
monitor,cross_same_same,170,222,0170_2.jpg,0222_4.jpg,0
monitor,cross_same_same,170,238,0170_2.jpg,0238_4.jpg,0
monitor,cross_same_same,170,253,0170_2.jpg,0253_4.jpg,0
monitor,cross_same_same,170,254,0170_2.jpg,0254_4.jpg,0
monitor,cross_same_same,170,257,0170_2.jpg,0257_4.jpg,0
monitor,cross_same_same,170,258,0170_2.jpg,0258_4.jpg,0
monitor,cross_same_same,170,268,0170_2.jpg,0268_4.jpg,0
monitor,cross_same_same,170,269,0170_2.jpg,0269_4.jpg,0
monitor,cross_same_same,170,270,0170_2.jpg,0270_4.jpg,0
monitor,cross_same_same,170,277,0170_2.jpg,0277_4.jpg,0
monitor,cross_same_same,170,278,0170_2.jpg,0278_4.jpg,0
monitor,cross_same_same,174,5,0174_2.jpg,0005_4.jpg,0
monitor,cross_same_same,174,9,0174_2.jpg,0009_4.jpg,0
monitor,cross_same_same,174,10,0174_2.jpg,0010_4.jpg,0
monitor,cross_same_same,174,28,0174_2.jpg,0028_4.jpg,0
monitor,cross_same_same,174,32,0174_2.jpg,0032_4.jpg,0
monitor,cross_same_same,174,33,0174_2.jpg,0033_4.jpg,0
monitor,cross_same_same,174,34,0174_2.jpg,0034_4.jpg,0
monitor,cross_same_same,174,44,0174_2.jpg,0044_4.jpg,0
monitor,cross_same_same,174,51,0174_2.jpg,0051_4.jpg,0
monitor,cross_same_same,174,54,0174_2.jpg,0054_4.jpg,0
monitor,cross_same_same,174,63,0174_2.jpg,0063_4.jpg,0
monitor,cross_same_same,174,68,0174_2.jpg,0068_4.jpg,0
monitor,cross_same_same,174,69,0174_2.jpg,0069_4.jpg,0
monitor,cross_same_same,174,73,0174_2.jpg,0073_4.jpg,0
monitor,cross_same_same,174,95,0174_2.jpg,0095_4.jpg,0
monitor,cross_same_same,174,121,0174_2.jpg,0121_4.jpg,0
monitor,cross_same_same,174,128,0174_2.jpg,0128_4.jpg,0
monitor,cross_same_same,174,129,0174_2.jpg,0129_4.jpg,0
monitor,cross_same_same,174,131,0174_2.jpg,0131_4.jpg,0
monitor,cross_same_same,174,139,0174_2.jpg,0139_4.jpg,0
monitor,cross_same_same,174,144,0174_2.jpg,0144_4.jpg,0
monitor,cross_same_same,174,145,0174_2.jpg,0145_4.jpg,0
monitor,cross_same_same,174,150,0174_2.jpg,0150_4.jpg,0
monitor,cross_same_same,174,160,0174_2.jpg,0160_4.jpg,0
monitor,cross_same_same,174,165,0174_2.jpg,0165_4.jpg,0
monitor,cross_same_same,174,166,0174_2.jpg,0166_4.jpg,0
monitor,cross_same_same,174,170,0174_2.jpg,0170_4.jpg,0
monitor,cross_same_same,174,174,0174_2.jpg,0174_4.jpg,1
monitor,cross_same_same,174,176,0174_2.jpg,0176_4.jpg,0
monitor,cross_same_same,174,193,0174_2.jpg,0193_4.jpg,0
monitor,cross_same_same,174,202,0174_2.jpg,0202_4.jpg,0
monitor,cross_same_same,174,205,0174_2.jpg,0205_4.jpg,0
monitor,cross_same_same,174,210,0174_2.jpg,0210_4.jpg,0
monitor,cross_same_same,174,218,0174_2.jpg,0218_4.jpg,0
monitor,cross_same_same,174,222,0174_2.jpg,0222_4.jpg,0
monitor,cross_same_same,174,238,0174_2.jpg,0238_4.jpg,0
monitor,cross_same_same,174,253,0174_2.jpg,0253_4.jpg,0
monitor,cross_same_same,174,254,0174_2.jpg,0254_4.jpg,0
monitor,cross_same_same,174,257,0174_2.jpg,0257_4.jpg,0
monitor,cross_same_same,174,258,0174_2.jpg,0258_4.jpg,0
monitor,cross_same_same,174,268,0174_2.jpg,0268_4.jpg,0
monitor,cross_same_same,174,269,0174_2.jpg,0269_4.jpg,0
monitor,cross_same_same,174,270,0174_2.jpg,0270_4.jpg,0
monitor,cross_same_same,174,277,0174_2.jpg,0277_4.jpg,0
monitor,cross_same_same,174,278,0174_2.jpg,0278_4.jpg,0
monitor,cross_same_same,176,5,0176_2.jpg,0005_4.jpg,0
monitor,cross_same_same,176,9,0176_2.jpg,0009_4.jpg,0
monitor,cross_same_same,176,10,0176_2.jpg,0010_4.jpg,0
monitor,cross_same_same,176,28,0176_2.jpg,0028_4.jpg,0
monitor,cross_same_same,176,32,0176_2.jpg,0032_4.jpg,0
monitor,cross_same_same,176,33,0176_2.jpg,0033_4.jpg,0
monitor,cross_same_same,176,34,0176_2.jpg,0034_4.jpg,0
monitor,cross_same_same,176,44,0176_2.jpg,0044_4.jpg,0
monitor,cross_same_same,176,51,0176_2.jpg,0051_4.jpg,0
monitor,cross_same_same,176,54,0176_2.jpg,0054_4.jpg,0
monitor,cross_same_same,176,63,0176_2.jpg,0063_4.jpg,0
monitor,cross_same_same,176,68,0176_2.jpg,0068_4.jpg,0
monitor,cross_same_same,176,69,0176_2.jpg,0069_4.jpg,0
monitor,cross_same_same,176,73,0176_2.jpg,0073_4.jpg,0
monitor,cross_same_same,176,95,0176_2.jpg,0095_4.jpg,0
monitor,cross_same_same,176,121,0176_2.jpg,0121_4.jpg,0
monitor,cross_same_same,176,128,0176_2.jpg,0128_4.jpg,0
monitor,cross_same_same,176,129,0176_2.jpg,0129_4.jpg,0
monitor,cross_same_same,176,131,0176_2.jpg,0131_4.jpg,0
monitor,cross_same_same,176,139,0176_2.jpg,0139_4.jpg,0
monitor,cross_same_same,176,144,0176_2.jpg,0144_4.jpg,0
monitor,cross_same_same,176,145,0176_2.jpg,0145_4.jpg,0
monitor,cross_same_same,176,150,0176_2.jpg,0150_4.jpg,0
monitor,cross_same_same,176,160,0176_2.jpg,0160_4.jpg,0
monitor,cross_same_same,176,165,0176_2.jpg,0165_4.jpg,0
monitor,cross_same_same,176,166,0176_2.jpg,0166_4.jpg,0
monitor,cross_same_same,176,170,0176_2.jpg,0170_4.jpg,0
monitor,cross_same_same,176,174,0176_2.jpg,0174_4.jpg,0
monitor,cross_same_same,176,176,0176_2.jpg,0176_4.jpg,1
monitor,cross_same_same,176,193,0176_2.jpg,0193_4.jpg,0
monitor,cross_same_same,176,202,0176_2.jpg,0202_4.jpg,0
monitor,cross_same_same,176,205,0176_2.jpg,0205_4.jpg,0
monitor,cross_same_same,176,210,0176_2.jpg,0210_4.jpg,0
monitor,cross_same_same,176,218,0176_2.jpg,0218_4.jpg,0
monitor,cross_same_same,176,222,0176_2.jpg,0222_4.jpg,0
monitor,cross_same_same,176,238,0176_2.jpg,0238_4.jpg,0
monitor,cross_same_same,176,253,0176_2.jpg,0253_4.jpg,0
monitor,cross_same_same,176,254,0176_2.jpg,0254_4.jpg,0
monitor,cross_same_same,176,257,0176_2.jpg,0257_4.jpg,0
monitor,cross_same_same,176,258,0176_2.jpg,0258_4.jpg,0
monitor,cross_same_same,176,268,0176_2.jpg,0268_4.jpg,0
monitor,cross_same_same,176,269,0176_2.jpg,0269_4.jpg,0
monitor,cross_same_same,176,270,0176_2.jpg,0270_4.jpg,0
monitor,cross_same_same,176,277,0176_2.jpg,0277_4.jpg,0
monitor,cross_same_same,176,278,0176_2.jpg,0278_4.jpg,0
monitor,cross_same_same,193,5,0193_2.jpg,0005_4.jpg,0
monitor,cross_same_same,193,9,0193_2.jpg,0009_4.jpg,0
monitor,cross_same_same,193,10,0193_2.jpg,0010_4.jpg,0
monitor,cross_same_same,193,28,0193_2.jpg,0028_4.jpg,0
monitor,cross_same_same,193,32,0193_2.jpg,0032_4.jpg,0
monitor,cross_same_same,193,33,0193_2.jpg,0033_4.jpg,0
monitor,cross_same_same,193,34,0193_2.jpg,0034_4.jpg,0
monitor,cross_same_same,193,44,0193_2.jpg,0044_4.jpg,0
monitor,cross_same_same,193,51,0193_2.jpg,0051_4.jpg,0
monitor,cross_same_same,193,54,0193_2.jpg,0054_4.jpg,0
monitor,cross_same_same,193,63,0193_2.jpg,0063_4.jpg,0
monitor,cross_same_same,193,68,0193_2.jpg,0068_4.jpg,0
monitor,cross_same_same,193,69,0193_2.jpg,0069_4.jpg,0
monitor,cross_same_same,193,73,0193_2.jpg,0073_4.jpg,0
monitor,cross_same_same,193,95,0193_2.jpg,0095_4.jpg,0
monitor,cross_same_same,193,121,0193_2.jpg,0121_4.jpg,0
monitor,cross_same_same,193,128,0193_2.jpg,0128_4.jpg,0
monitor,cross_same_same,193,129,0193_2.jpg,0129_4.jpg,0
monitor,cross_same_same,193,131,0193_2.jpg,0131_4.jpg,0
monitor,cross_same_same,193,139,0193_2.jpg,0139_4.jpg,0
monitor,cross_same_same,193,144,0193_2.jpg,0144_4.jpg,0
monitor,cross_same_same,193,145,0193_2.jpg,0145_4.jpg,0
monitor,cross_same_same,193,150,0193_2.jpg,0150_4.jpg,0
monitor,cross_same_same,193,160,0193_2.jpg,0160_4.jpg,0
monitor,cross_same_same,193,165,0193_2.jpg,0165_4.jpg,0
monitor,cross_same_same,193,166,0193_2.jpg,0166_4.jpg,0
monitor,cross_same_same,193,170,0193_2.jpg,0170_4.jpg,0
monitor,cross_same_same,193,174,0193_2.jpg,0174_4.jpg,0
monitor,cross_same_same,193,176,0193_2.jpg,0176_4.jpg,0
monitor,cross_same_same,193,193,0193_2.jpg,0193_4.jpg,1
monitor,cross_same_same,193,202,0193_2.jpg,0202_4.jpg,0
monitor,cross_same_same,193,205,0193_2.jpg,0205_4.jpg,0
monitor,cross_same_same,193,210,0193_2.jpg,0210_4.jpg,0
monitor,cross_same_same,193,218,0193_2.jpg,0218_4.jpg,0
monitor,cross_same_same,193,222,0193_2.jpg,0222_4.jpg,0
monitor,cross_same_same,193,238,0193_2.jpg,0238_4.jpg,0
monitor,cross_same_same,193,253,0193_2.jpg,0253_4.jpg,0
monitor,cross_same_same,193,254,0193_2.jpg,0254_4.jpg,0
monitor,cross_same_same,193,257,0193_2.jpg,0257_4.jpg,0
monitor,cross_same_same,193,258,0193_2.jpg,0258_4.jpg,0
monitor,cross_same_same,193,268,0193_2.jpg,0268_4.jpg,0
monitor,cross_same_same,193,269,0193_2.jpg,0269_4.jpg,0
monitor,cross_same_same,193,270,0193_2.jpg,0270_4.jpg,0
monitor,cross_same_same,193,277,0193_2.jpg,0277_4.jpg,0
monitor,cross_same_same,193,278,0193_2.jpg,0278_4.jpg,0
monitor,cross_same_same,202,5,0202_2.jpg,0005_4.jpg,0
monitor,cross_same_same,202,9,0202_2.jpg,0009_4.jpg,0
monitor,cross_same_same,202,10,0202_2.jpg,0010_4.jpg,0
monitor,cross_same_same,202,28,0202_2.jpg,0028_4.jpg,0
monitor,cross_same_same,202,32,0202_2.jpg,0032_4.jpg,0
monitor,cross_same_same,202,33,0202_2.jpg,0033_4.jpg,0
monitor,cross_same_same,202,34,0202_2.jpg,0034_4.jpg,0
monitor,cross_same_same,202,44,0202_2.jpg,0044_4.jpg,0
monitor,cross_same_same,202,51,0202_2.jpg,0051_4.jpg,0
monitor,cross_same_same,202,54,0202_2.jpg,0054_4.jpg,0
monitor,cross_same_same,202,63,0202_2.jpg,0063_4.jpg,0
monitor,cross_same_same,202,68,0202_2.jpg,0068_4.jpg,0
monitor,cross_same_same,202,69,0202_2.jpg,0069_4.jpg,0
monitor,cross_same_same,202,73,0202_2.jpg,0073_4.jpg,0
monitor,cross_same_same,202,95,0202_2.jpg,0095_4.jpg,0
monitor,cross_same_same,202,121,0202_2.jpg,0121_4.jpg,0
monitor,cross_same_same,202,128,0202_2.jpg,0128_4.jpg,0
monitor,cross_same_same,202,129,0202_2.jpg,0129_4.jpg,0
monitor,cross_same_same,202,131,0202_2.jpg,0131_4.jpg,0
monitor,cross_same_same,202,139,0202_2.jpg,0139_4.jpg,0
monitor,cross_same_same,202,144,0202_2.jpg,0144_4.jpg,0
monitor,cross_same_same,202,145,0202_2.jpg,0145_4.jpg,0
monitor,cross_same_same,202,150,0202_2.jpg,0150_4.jpg,0
monitor,cross_same_same,202,160,0202_2.jpg,0160_4.jpg,0
monitor,cross_same_same,202,165,0202_2.jpg,0165_4.jpg,0
monitor,cross_same_same,202,166,0202_2.jpg,0166_4.jpg,0
monitor,cross_same_same,202,170,0202_2.jpg,0170_4.jpg,0
monitor,cross_same_same,202,174,0202_2.jpg,0174_4.jpg,0
monitor,cross_same_same,202,176,0202_2.jpg,0176_4.jpg,0
monitor,cross_same_same,202,193,0202_2.jpg,0193_4.jpg,0
monitor,cross_same_same,202,202,0202_2.jpg,0202_4.jpg,1
monitor,cross_same_same,202,205,0202_2.jpg,0205_4.jpg,0
monitor,cross_same_same,202,210,0202_2.jpg,0210_4.jpg,0
monitor,cross_same_same,202,218,0202_2.jpg,0218_4.jpg,0
monitor,cross_same_same,202,222,0202_2.jpg,0222_4.jpg,0
monitor,cross_same_same,202,238,0202_2.jpg,0238_4.jpg,0
monitor,cross_same_same,202,253,0202_2.jpg,0253_4.jpg,0
monitor,cross_same_same,202,254,0202_2.jpg,0254_4.jpg,0
monitor,cross_same_same,202,257,0202_2.jpg,0257_4.jpg,0
monitor,cross_same_same,202,258,0202_2.jpg,0258_4.jpg,0
monitor,cross_same_same,202,268,0202_2.jpg,0268_4.jpg,0
monitor,cross_same_same,202,269,0202_2.jpg,0269_4.jpg,0
monitor,cross_same_same,202,270,0202_2.jpg,0270_4.jpg,0
monitor,cross_same_same,202,277,0202_2.jpg,0277_4.jpg,0
monitor,cross_same_same,202,278,0202_2.jpg,0278_4.jpg,0
monitor,cross_same_same,205,5,0205_2.jpg,0005_4.jpg,0
monitor,cross_same_same,205,9,0205_2.jpg,0009_4.jpg,0
monitor,cross_same_same,205,10,0205_2.jpg,0010_4.jpg,0
monitor,cross_same_same,205,28,0205_2.jpg,0028_4.jpg,0
monitor,cross_same_same,205,32,0205_2.jpg,0032_4.jpg,0
monitor,cross_same_same,205,33,0205_2.jpg,0033_4.jpg,0
monitor,cross_same_same,205,34,0205_2.jpg,0034_4.jpg,0
monitor,cross_same_same,205,44,0205_2.jpg,0044_4.jpg,0
monitor,cross_same_same,205,51,0205_2.jpg,0051_4.jpg,0
monitor,cross_same_same,205,54,0205_2.jpg,0054_4.jpg,0
monitor,cross_same_same,205,63,0205_2.jpg,0063_4.jpg,0
monitor,cross_same_same,205,68,0205_2.jpg,0068_4.jpg,0
monitor,cross_same_same,205,69,0205_2.jpg,0069_4.jpg,0
monitor,cross_same_same,205,73,0205_2.jpg,0073_4.jpg,0
monitor,cross_same_same,205,95,0205_2.jpg,0095_4.jpg,0
monitor,cross_same_same,205,121,0205_2.jpg,0121_4.jpg,0
monitor,cross_same_same,205,128,0205_2.jpg,0128_4.jpg,0
monitor,cross_same_same,205,129,0205_2.jpg,0129_4.jpg,0
monitor,cross_same_same,205,131,0205_2.jpg,0131_4.jpg,0
monitor,cross_same_same,205,139,0205_2.jpg,0139_4.jpg,0
monitor,cross_same_same,205,144,0205_2.jpg,0144_4.jpg,0
monitor,cross_same_same,205,145,0205_2.jpg,0145_4.jpg,0
monitor,cross_same_same,205,150,0205_2.jpg,0150_4.jpg,0
monitor,cross_same_same,205,160,0205_2.jpg,0160_4.jpg,0
monitor,cross_same_same,205,165,0205_2.jpg,0165_4.jpg,0
monitor,cross_same_same,205,166,0205_2.jpg,0166_4.jpg,0
monitor,cross_same_same,205,170,0205_2.jpg,0170_4.jpg,0
monitor,cross_same_same,205,174,0205_2.jpg,0174_4.jpg,0
monitor,cross_same_same,205,176,0205_2.jpg,0176_4.jpg,0
monitor,cross_same_same,205,193,0205_2.jpg,0193_4.jpg,0
monitor,cross_same_same,205,202,0205_2.jpg,0202_4.jpg,0
monitor,cross_same_same,205,205,0205_2.jpg,0205_4.jpg,1
monitor,cross_same_same,205,210,0205_2.jpg,0210_4.jpg,0
monitor,cross_same_same,205,218,0205_2.jpg,0218_4.jpg,0
monitor,cross_same_same,205,222,0205_2.jpg,0222_4.jpg,0
monitor,cross_same_same,205,238,0205_2.jpg,0238_4.jpg,0
monitor,cross_same_same,205,253,0205_2.jpg,0253_4.jpg,0
monitor,cross_same_same,205,254,0205_2.jpg,0254_4.jpg,0
monitor,cross_same_same,205,257,0205_2.jpg,0257_4.jpg,0
monitor,cross_same_same,205,258,0205_2.jpg,0258_4.jpg,0
monitor,cross_same_same,205,268,0205_2.jpg,0268_4.jpg,0
monitor,cross_same_same,205,269,0205_2.jpg,0269_4.jpg,0
monitor,cross_same_same,205,270,0205_2.jpg,0270_4.jpg,0
monitor,cross_same_same,205,277,0205_2.jpg,0277_4.jpg,0
monitor,cross_same_same,205,278,0205_2.jpg,0278_4.jpg,0
monitor,cross_same_same,210,5,0210_2.jpg,0005_4.jpg,0
monitor,cross_same_same,210,9,0210_2.jpg,0009_4.jpg,0
monitor,cross_same_same,210,10,0210_2.jpg,0010_4.jpg,0
monitor,cross_same_same,210,28,0210_2.jpg,0028_4.jpg,0
monitor,cross_same_same,210,32,0210_2.jpg,0032_4.jpg,0
monitor,cross_same_same,210,33,0210_2.jpg,0033_4.jpg,0
monitor,cross_same_same,210,34,0210_2.jpg,0034_4.jpg,0
monitor,cross_same_same,210,44,0210_2.jpg,0044_4.jpg,0
monitor,cross_same_same,210,51,0210_2.jpg,0051_4.jpg,0
monitor,cross_same_same,210,54,0210_2.jpg,0054_4.jpg,0
monitor,cross_same_same,210,63,0210_2.jpg,0063_4.jpg,0
monitor,cross_same_same,210,68,0210_2.jpg,0068_4.jpg,0
monitor,cross_same_same,210,69,0210_2.jpg,0069_4.jpg,0
monitor,cross_same_same,210,73,0210_2.jpg,0073_4.jpg,0
monitor,cross_same_same,210,95,0210_2.jpg,0095_4.jpg,0
monitor,cross_same_same,210,121,0210_2.jpg,0121_4.jpg,0
monitor,cross_same_same,210,128,0210_2.jpg,0128_4.jpg,0
monitor,cross_same_same,210,129,0210_2.jpg,0129_4.jpg,0
monitor,cross_same_same,210,131,0210_2.jpg,0131_4.jpg,0
monitor,cross_same_same,210,139,0210_2.jpg,0139_4.jpg,0
monitor,cross_same_same,210,144,0210_2.jpg,0144_4.jpg,0
monitor,cross_same_same,210,145,0210_2.jpg,0145_4.jpg,0
monitor,cross_same_same,210,150,0210_2.jpg,0150_4.jpg,0
monitor,cross_same_same,210,160,0210_2.jpg,0160_4.jpg,0
monitor,cross_same_same,210,165,0210_2.jpg,0165_4.jpg,0
monitor,cross_same_same,210,166,0210_2.jpg,0166_4.jpg,0
monitor,cross_same_same,210,170,0210_2.jpg,0170_4.jpg,0
monitor,cross_same_same,210,174,0210_2.jpg,0174_4.jpg,0
monitor,cross_same_same,210,176,0210_2.jpg,0176_4.jpg,0
monitor,cross_same_same,210,193,0210_2.jpg,0193_4.jpg,0
monitor,cross_same_same,210,202,0210_2.jpg,0202_4.jpg,0
monitor,cross_same_same,210,205,0210_2.jpg,0205_4.jpg,0
monitor,cross_same_same,210,210,0210_2.jpg,0210_4.jpg,1
monitor,cross_same_same,210,218,0210_2.jpg,0218_4.jpg,0
monitor,cross_same_same,210,222,0210_2.jpg,0222_4.jpg,0
monitor,cross_same_same,210,238,0210_2.jpg,0238_4.jpg,0
monitor,cross_same_same,210,253,0210_2.jpg,0253_4.jpg,0
monitor,cross_same_same,210,254,0210_2.jpg,0254_4.jpg,0
monitor,cross_same_same,210,257,0210_2.jpg,0257_4.jpg,0
monitor,cross_same_same,210,258,0210_2.jpg,0258_4.jpg,0
monitor,cross_same_same,210,268,0210_2.jpg,0268_4.jpg,0
monitor,cross_same_same,210,269,0210_2.jpg,0269_4.jpg,0
monitor,cross_same_same,210,270,0210_2.jpg,0270_4.jpg,0
monitor,cross_same_same,210,277,0210_2.jpg,0277_4.jpg,0
monitor,cross_same_same,210,278,0210_2.jpg,0278_4.jpg,0
monitor,cross_same_same,218,5,0218_2.jpg,0005_4.jpg,0
monitor,cross_same_same,218,9,0218_2.jpg,0009_4.jpg,0
monitor,cross_same_same,218,10,0218_2.jpg,0010_4.jpg,0
monitor,cross_same_same,218,28,0218_2.jpg,0028_4.jpg,0
monitor,cross_same_same,218,32,0218_2.jpg,0032_4.jpg,0
monitor,cross_same_same,218,33,0218_2.jpg,0033_4.jpg,0
monitor,cross_same_same,218,34,0218_2.jpg,0034_4.jpg,0
monitor,cross_same_same,218,44,0218_2.jpg,0044_4.jpg,0
monitor,cross_same_same,218,51,0218_2.jpg,0051_4.jpg,0
monitor,cross_same_same,218,54,0218_2.jpg,0054_4.jpg,0
monitor,cross_same_same,218,63,0218_2.jpg,0063_4.jpg,0
monitor,cross_same_same,218,68,0218_2.jpg,0068_4.jpg,0
monitor,cross_same_same,218,69,0218_2.jpg,0069_4.jpg,0
monitor,cross_same_same,218,73,0218_2.jpg,0073_4.jpg,0
monitor,cross_same_same,218,95,0218_2.jpg,0095_4.jpg,0
monitor,cross_same_same,218,121,0218_2.jpg,0121_4.jpg,0
monitor,cross_same_same,218,128,0218_2.jpg,0128_4.jpg,0
monitor,cross_same_same,218,129,0218_2.jpg,0129_4.jpg,0
monitor,cross_same_same,218,131,0218_2.jpg,0131_4.jpg,0
monitor,cross_same_same,218,139,0218_2.jpg,0139_4.jpg,0
monitor,cross_same_same,218,144,0218_2.jpg,0144_4.jpg,0
monitor,cross_same_same,218,145,0218_2.jpg,0145_4.jpg,0
monitor,cross_same_same,218,150,0218_2.jpg,0150_4.jpg,0
monitor,cross_same_same,218,160,0218_2.jpg,0160_4.jpg,0
monitor,cross_same_same,218,165,0218_2.jpg,0165_4.jpg,0
monitor,cross_same_same,218,166,0218_2.jpg,0166_4.jpg,0
monitor,cross_same_same,218,170,0218_2.jpg,0170_4.jpg,0
monitor,cross_same_same,218,174,0218_2.jpg,0174_4.jpg,0
monitor,cross_same_same,218,176,0218_2.jpg,0176_4.jpg,0
monitor,cross_same_same,218,193,0218_2.jpg,0193_4.jpg,0
monitor,cross_same_same,218,202,0218_2.jpg,0202_4.jpg,0
monitor,cross_same_same,218,205,0218_2.jpg,0205_4.jpg,0
monitor,cross_same_same,218,210,0218_2.jpg,0210_4.jpg,0
monitor,cross_same_same,218,218,0218_2.jpg,0218_4.jpg,1
monitor,cross_same_same,218,222,0218_2.jpg,0222_4.jpg,0
monitor,cross_same_same,218,238,0218_2.jpg,0238_4.jpg,0
monitor,cross_same_same,218,253,0218_2.jpg,0253_4.jpg,0
monitor,cross_same_same,218,254,0218_2.jpg,0254_4.jpg,0
monitor,cross_same_same,218,257,0218_2.jpg,0257_4.jpg,0
monitor,cross_same_same,218,258,0218_2.jpg,0258_4.jpg,0
monitor,cross_same_same,218,268,0218_2.jpg,0268_4.jpg,0
monitor,cross_same_same,218,269,0218_2.jpg,0269_4.jpg,0
monitor,cross_same_same,218,270,0218_2.jpg,0270_4.jpg,0
monitor,cross_same_same,218,277,0218_2.jpg,0277_4.jpg,0
monitor,cross_same_same,218,278,0218_2.jpg,0278_4.jpg,0
monitor,cross_same_same,222,5,0222_2.jpg,0005_4.jpg,0
monitor,cross_same_same,222,9,0222_2.jpg,0009_4.jpg,0
monitor,cross_same_same,222,10,0222_2.jpg,0010_4.jpg,0
monitor,cross_same_same,222,28,0222_2.jpg,0028_4.jpg,0
monitor,cross_same_same,222,32,0222_2.jpg,0032_4.jpg,0
monitor,cross_same_same,222,33,0222_2.jpg,0033_4.jpg,0
monitor,cross_same_same,222,34,0222_2.jpg,0034_4.jpg,0
monitor,cross_same_same,222,44,0222_2.jpg,0044_4.jpg,0
monitor,cross_same_same,222,51,0222_2.jpg,0051_4.jpg,0
monitor,cross_same_same,222,54,0222_2.jpg,0054_4.jpg,0
monitor,cross_same_same,222,63,0222_2.jpg,0063_4.jpg,0
monitor,cross_same_same,222,68,0222_2.jpg,0068_4.jpg,0
monitor,cross_same_same,222,69,0222_2.jpg,0069_4.jpg,0
monitor,cross_same_same,222,73,0222_2.jpg,0073_4.jpg,0
monitor,cross_same_same,222,95,0222_2.jpg,0095_4.jpg,0
monitor,cross_same_same,222,121,0222_2.jpg,0121_4.jpg,0
monitor,cross_same_same,222,128,0222_2.jpg,0128_4.jpg,0
monitor,cross_same_same,222,129,0222_2.jpg,0129_4.jpg,0
monitor,cross_same_same,222,131,0222_2.jpg,0131_4.jpg,0
monitor,cross_same_same,222,139,0222_2.jpg,0139_4.jpg,0
monitor,cross_same_same,222,144,0222_2.jpg,0144_4.jpg,0
monitor,cross_same_same,222,145,0222_2.jpg,0145_4.jpg,0
monitor,cross_same_same,222,150,0222_2.jpg,0150_4.jpg,0
monitor,cross_same_same,222,160,0222_2.jpg,0160_4.jpg,0
monitor,cross_same_same,222,165,0222_2.jpg,0165_4.jpg,0
monitor,cross_same_same,222,166,0222_2.jpg,0166_4.jpg,0
monitor,cross_same_same,222,170,0222_2.jpg,0170_4.jpg,0
monitor,cross_same_same,222,174,0222_2.jpg,0174_4.jpg,0
monitor,cross_same_same,222,176,0222_2.jpg,0176_4.jpg,0
monitor,cross_same_same,222,193,0222_2.jpg,0193_4.jpg,0
monitor,cross_same_same,222,202,0222_2.jpg,0202_4.jpg,0
monitor,cross_same_same,222,205,0222_2.jpg,0205_4.jpg,0
monitor,cross_same_same,222,210,0222_2.jpg,0210_4.jpg,0
monitor,cross_same_same,222,218,0222_2.jpg,0218_4.jpg,0
monitor,cross_same_same,222,222,0222_2.jpg,0222_4.jpg,1
monitor,cross_same_same,222,238,0222_2.jpg,0238_4.jpg,0
monitor,cross_same_same,222,253,0222_2.jpg,0253_4.jpg,0
monitor,cross_same_same,222,254,0222_2.jpg,0254_4.jpg,0
monitor,cross_same_same,222,257,0222_2.jpg,0257_4.jpg,0
monitor,cross_same_same,222,258,0222_2.jpg,0258_4.jpg,0
monitor,cross_same_same,222,268,0222_2.jpg,0268_4.jpg,0
monitor,cross_same_same,222,269,0222_2.jpg,0269_4.jpg,0
monitor,cross_same_same,222,270,0222_2.jpg,0270_4.jpg,0
monitor,cross_same_same,222,277,0222_2.jpg,0277_4.jpg,0
monitor,cross_same_same,222,278,0222_2.jpg,0278_4.jpg,0
monitor,cross_same_same,238,5,0238_2.jpg,0005_4.jpg,0
monitor,cross_same_same,238,9,0238_2.jpg,0009_4.jpg,0
monitor,cross_same_same,238,10,0238_2.jpg,0010_4.jpg,0
monitor,cross_same_same,238,28,0238_2.jpg,0028_4.jpg,0
monitor,cross_same_same,238,32,0238_2.jpg,0032_4.jpg,0
monitor,cross_same_same,238,33,0238_2.jpg,0033_4.jpg,0
monitor,cross_same_same,238,34,0238_2.jpg,0034_4.jpg,0
monitor,cross_same_same,238,44,0238_2.jpg,0044_4.jpg,0
monitor,cross_same_same,238,51,0238_2.jpg,0051_4.jpg,0
monitor,cross_same_same,238,54,0238_2.jpg,0054_4.jpg,0
monitor,cross_same_same,238,63,0238_2.jpg,0063_4.jpg,0
monitor,cross_same_same,238,68,0238_2.jpg,0068_4.jpg,0
monitor,cross_same_same,238,69,0238_2.jpg,0069_4.jpg,0
monitor,cross_same_same,238,73,0238_2.jpg,0073_4.jpg,0
monitor,cross_same_same,238,95,0238_2.jpg,0095_4.jpg,0
monitor,cross_same_same,238,121,0238_2.jpg,0121_4.jpg,0
monitor,cross_same_same,238,128,0238_2.jpg,0128_4.jpg,0
monitor,cross_same_same,238,129,0238_2.jpg,0129_4.jpg,0
monitor,cross_same_same,238,131,0238_2.jpg,0131_4.jpg,0
monitor,cross_same_same,238,139,0238_2.jpg,0139_4.jpg,0
monitor,cross_same_same,238,144,0238_2.jpg,0144_4.jpg,0
monitor,cross_same_same,238,145,0238_2.jpg,0145_4.jpg,0
monitor,cross_same_same,238,150,0238_2.jpg,0150_4.jpg,0
monitor,cross_same_same,238,160,0238_2.jpg,0160_4.jpg,0
monitor,cross_same_same,238,165,0238_2.jpg,0165_4.jpg,0
monitor,cross_same_same,238,166,0238_2.jpg,0166_4.jpg,0
monitor,cross_same_same,238,170,0238_2.jpg,0170_4.jpg,0
monitor,cross_same_same,238,174,0238_2.jpg,0174_4.jpg,0
monitor,cross_same_same,238,176,0238_2.jpg,0176_4.jpg,0
monitor,cross_same_same,238,193,0238_2.jpg,0193_4.jpg,0
monitor,cross_same_same,238,202,0238_2.jpg,0202_4.jpg,0
monitor,cross_same_same,238,205,0238_2.jpg,0205_4.jpg,0
monitor,cross_same_same,238,210,0238_2.jpg,0210_4.jpg,0
monitor,cross_same_same,238,218,0238_2.jpg,0218_4.jpg,0
monitor,cross_same_same,238,222,0238_2.jpg,0222_4.jpg,0
monitor,cross_same_same,238,238,0238_2.jpg,0238_4.jpg,1
monitor,cross_same_same,238,253,0238_2.jpg,0253_4.jpg,0
monitor,cross_same_same,238,254,0238_2.jpg,0254_4.jpg,0
monitor,cross_same_same,238,257,0238_2.jpg,0257_4.jpg,0
monitor,cross_same_same,238,258,0238_2.jpg,0258_4.jpg,0
monitor,cross_same_same,238,268,0238_2.jpg,0268_4.jpg,0
monitor,cross_same_same,238,269,0238_2.jpg,0269_4.jpg,0
monitor,cross_same_same,238,270,0238_2.jpg,0270_4.jpg,0
monitor,cross_same_same,238,277,0238_2.jpg,0277_4.jpg,0
monitor,cross_same_same,238,278,0238_2.jpg,0278_4.jpg,0
monitor,cross_same_same,253,5,0253_2.jpg,0005_4.jpg,0
monitor,cross_same_same,253,9,0253_2.jpg,0009_4.jpg,0
monitor,cross_same_same,253,10,0253_2.jpg,0010_4.jpg,0
monitor,cross_same_same,253,28,0253_2.jpg,0028_4.jpg,0
monitor,cross_same_same,253,32,0253_2.jpg,0032_4.jpg,0
monitor,cross_same_same,253,33,0253_2.jpg,0033_4.jpg,0
monitor,cross_same_same,253,34,0253_2.jpg,0034_4.jpg,0
monitor,cross_same_same,253,44,0253_2.jpg,0044_4.jpg,0
monitor,cross_same_same,253,51,0253_2.jpg,0051_4.jpg,0
monitor,cross_same_same,253,54,0253_2.jpg,0054_4.jpg,0
monitor,cross_same_same,253,63,0253_2.jpg,0063_4.jpg,0
monitor,cross_same_same,253,68,0253_2.jpg,0068_4.jpg,0
monitor,cross_same_same,253,69,0253_2.jpg,0069_4.jpg,0
monitor,cross_same_same,253,73,0253_2.jpg,0073_4.jpg,0
monitor,cross_same_same,253,95,0253_2.jpg,0095_4.jpg,0
monitor,cross_same_same,253,121,0253_2.jpg,0121_4.jpg,0
monitor,cross_same_same,253,128,0253_2.jpg,0128_4.jpg,0
monitor,cross_same_same,253,129,0253_2.jpg,0129_4.jpg,0
monitor,cross_same_same,253,131,0253_2.jpg,0131_4.jpg,0
monitor,cross_same_same,253,139,0253_2.jpg,0139_4.jpg,0
monitor,cross_same_same,253,144,0253_2.jpg,0144_4.jpg,0
monitor,cross_same_same,253,145,0253_2.jpg,0145_4.jpg,0
monitor,cross_same_same,253,150,0253_2.jpg,0150_4.jpg,0
monitor,cross_same_same,253,160,0253_2.jpg,0160_4.jpg,0
monitor,cross_same_same,253,165,0253_2.jpg,0165_4.jpg,0
monitor,cross_same_same,253,166,0253_2.jpg,0166_4.jpg,0
monitor,cross_same_same,253,170,0253_2.jpg,0170_4.jpg,0
monitor,cross_same_same,253,174,0253_2.jpg,0174_4.jpg,0
monitor,cross_same_same,253,176,0253_2.jpg,0176_4.jpg,0
monitor,cross_same_same,253,193,0253_2.jpg,0193_4.jpg,0
monitor,cross_same_same,253,202,0253_2.jpg,0202_4.jpg,0
monitor,cross_same_same,253,205,0253_2.jpg,0205_4.jpg,0
monitor,cross_same_same,253,210,0253_2.jpg,0210_4.jpg,0
monitor,cross_same_same,253,218,0253_2.jpg,0218_4.jpg,0
monitor,cross_same_same,253,222,0253_2.jpg,0222_4.jpg,0
monitor,cross_same_same,253,238,0253_2.jpg,0238_4.jpg,0
monitor,cross_same_same,253,253,0253_2.jpg,0253_4.jpg,1
monitor,cross_same_same,253,254,0253_2.jpg,0254_4.jpg,0
monitor,cross_same_same,253,257,0253_2.jpg,0257_4.jpg,0
monitor,cross_same_same,253,258,0253_2.jpg,0258_4.jpg,0
monitor,cross_same_same,253,268,0253_2.jpg,0268_4.jpg,0
monitor,cross_same_same,253,269,0253_2.jpg,0269_4.jpg,0
monitor,cross_same_same,253,270,0253_2.jpg,0270_4.jpg,0
monitor,cross_same_same,253,277,0253_2.jpg,0277_4.jpg,0
monitor,cross_same_same,253,278,0253_2.jpg,0278_4.jpg,0
monitor,cross_same_same,254,5,0254_2.jpg,0005_4.jpg,0
monitor,cross_same_same,254,9,0254_2.jpg,0009_4.jpg,0
monitor,cross_same_same,254,10,0254_2.jpg,0010_4.jpg,0
monitor,cross_same_same,254,28,0254_2.jpg,0028_4.jpg,0
monitor,cross_same_same,254,32,0254_2.jpg,0032_4.jpg,0
monitor,cross_same_same,254,33,0254_2.jpg,0033_4.jpg,0
monitor,cross_same_same,254,34,0254_2.jpg,0034_4.jpg,0
monitor,cross_same_same,254,44,0254_2.jpg,0044_4.jpg,0
monitor,cross_same_same,254,51,0254_2.jpg,0051_4.jpg,0
monitor,cross_same_same,254,54,0254_2.jpg,0054_4.jpg,0
monitor,cross_same_same,254,63,0254_2.jpg,0063_4.jpg,0
monitor,cross_same_same,254,68,0254_2.jpg,0068_4.jpg,0
monitor,cross_same_same,254,69,0254_2.jpg,0069_4.jpg,0
monitor,cross_same_same,254,73,0254_2.jpg,0073_4.jpg,0
monitor,cross_same_same,254,95,0254_2.jpg,0095_4.jpg,0
monitor,cross_same_same,254,121,0254_2.jpg,0121_4.jpg,0
monitor,cross_same_same,254,128,0254_2.jpg,0128_4.jpg,0
monitor,cross_same_same,254,129,0254_2.jpg,0129_4.jpg,0
monitor,cross_same_same,254,131,0254_2.jpg,0131_4.jpg,0
monitor,cross_same_same,254,139,0254_2.jpg,0139_4.jpg,0
monitor,cross_same_same,254,144,0254_2.jpg,0144_4.jpg,0
monitor,cross_same_same,254,145,0254_2.jpg,0145_4.jpg,0
monitor,cross_same_same,254,150,0254_2.jpg,0150_4.jpg,0
monitor,cross_same_same,254,160,0254_2.jpg,0160_4.jpg,0
monitor,cross_same_same,254,165,0254_2.jpg,0165_4.jpg,0
monitor,cross_same_same,254,166,0254_2.jpg,0166_4.jpg,0
monitor,cross_same_same,254,170,0254_2.jpg,0170_4.jpg,0
monitor,cross_same_same,254,174,0254_2.jpg,0174_4.jpg,0
monitor,cross_same_same,254,176,0254_2.jpg,0176_4.jpg,0
monitor,cross_same_same,254,193,0254_2.jpg,0193_4.jpg,0
monitor,cross_same_same,254,202,0254_2.jpg,0202_4.jpg,0
monitor,cross_same_same,254,205,0254_2.jpg,0205_4.jpg,0
monitor,cross_same_same,254,210,0254_2.jpg,0210_4.jpg,0
monitor,cross_same_same,254,218,0254_2.jpg,0218_4.jpg,0
monitor,cross_same_same,254,222,0254_2.jpg,0222_4.jpg,0
monitor,cross_same_same,254,238,0254_2.jpg,0238_4.jpg,0
monitor,cross_same_same,254,253,0254_2.jpg,0253_4.jpg,0
monitor,cross_same_same,254,254,0254_2.jpg,0254_4.jpg,1
monitor,cross_same_same,254,257,0254_2.jpg,0257_4.jpg,0
monitor,cross_same_same,254,258,0254_2.jpg,0258_4.jpg,0
monitor,cross_same_same,254,268,0254_2.jpg,0268_4.jpg,0
monitor,cross_same_same,254,269,0254_2.jpg,0269_4.jpg,0
monitor,cross_same_same,254,270,0254_2.jpg,0270_4.jpg,0
monitor,cross_same_same,254,277,0254_2.jpg,0277_4.jpg,0
monitor,cross_same_same,254,278,0254_2.jpg,0278_4.jpg,0
monitor,cross_same_same,257,5,0257_2.jpg,0005_4.jpg,0
monitor,cross_same_same,257,9,0257_2.jpg,0009_4.jpg,0
monitor,cross_same_same,257,10,0257_2.jpg,0010_4.jpg,0
monitor,cross_same_same,257,28,0257_2.jpg,0028_4.jpg,0
monitor,cross_same_same,257,32,0257_2.jpg,0032_4.jpg,0
monitor,cross_same_same,257,33,0257_2.jpg,0033_4.jpg,0
monitor,cross_same_same,257,34,0257_2.jpg,0034_4.jpg,0
monitor,cross_same_same,257,44,0257_2.jpg,0044_4.jpg,0
monitor,cross_same_same,257,51,0257_2.jpg,0051_4.jpg,0
monitor,cross_same_same,257,54,0257_2.jpg,0054_4.jpg,0
monitor,cross_same_same,257,63,0257_2.jpg,0063_4.jpg,0
monitor,cross_same_same,257,68,0257_2.jpg,0068_4.jpg,0
monitor,cross_same_same,257,69,0257_2.jpg,0069_4.jpg,0
monitor,cross_same_same,257,73,0257_2.jpg,0073_4.jpg,0
monitor,cross_same_same,257,95,0257_2.jpg,0095_4.jpg,0
monitor,cross_same_same,257,121,0257_2.jpg,0121_4.jpg,0
monitor,cross_same_same,257,128,0257_2.jpg,0128_4.jpg,0
monitor,cross_same_same,257,129,0257_2.jpg,0129_4.jpg,0
monitor,cross_same_same,257,131,0257_2.jpg,0131_4.jpg,0
monitor,cross_same_same,257,139,0257_2.jpg,0139_4.jpg,0
monitor,cross_same_same,257,144,0257_2.jpg,0144_4.jpg,0
monitor,cross_same_same,257,145,0257_2.jpg,0145_4.jpg,0
monitor,cross_same_same,257,150,0257_2.jpg,0150_4.jpg,0
monitor,cross_same_same,257,160,0257_2.jpg,0160_4.jpg,0
monitor,cross_same_same,257,165,0257_2.jpg,0165_4.jpg,0
monitor,cross_same_same,257,166,0257_2.jpg,0166_4.jpg,0
monitor,cross_same_same,257,170,0257_2.jpg,0170_4.jpg,0
monitor,cross_same_same,257,174,0257_2.jpg,0174_4.jpg,0
monitor,cross_same_same,257,176,0257_2.jpg,0176_4.jpg,0
monitor,cross_same_same,257,193,0257_2.jpg,0193_4.jpg,0
monitor,cross_same_same,257,202,0257_2.jpg,0202_4.jpg,0
monitor,cross_same_same,257,205,0257_2.jpg,0205_4.jpg,0
monitor,cross_same_same,257,210,0257_2.jpg,0210_4.jpg,0
monitor,cross_same_same,257,218,0257_2.jpg,0218_4.jpg,0
monitor,cross_same_same,257,222,0257_2.jpg,0222_4.jpg,0
monitor,cross_same_same,257,238,0257_2.jpg,0238_4.jpg,0
monitor,cross_same_same,257,253,0257_2.jpg,0253_4.jpg,0
monitor,cross_same_same,257,254,0257_2.jpg,0254_4.jpg,0
monitor,cross_same_same,257,257,0257_2.jpg,0257_4.jpg,1
monitor,cross_same_same,257,258,0257_2.jpg,0258_4.jpg,0
monitor,cross_same_same,257,268,0257_2.jpg,0268_4.jpg,0
monitor,cross_same_same,257,269,0257_2.jpg,0269_4.jpg,0
monitor,cross_same_same,257,270,0257_2.jpg,0270_4.jpg,0
monitor,cross_same_same,257,277,0257_2.jpg,0277_4.jpg,0
monitor,cross_same_same,257,278,0257_2.jpg,0278_4.jpg,0
monitor,cross_same_same,258,5,0258_2.jpg,0005_4.jpg,0
monitor,cross_same_same,258,9,0258_2.jpg,0009_4.jpg,0
monitor,cross_same_same,258,10,0258_2.jpg,0010_4.jpg,0
monitor,cross_same_same,258,28,0258_2.jpg,0028_4.jpg,0
monitor,cross_same_same,258,32,0258_2.jpg,0032_4.jpg,0
monitor,cross_same_same,258,33,0258_2.jpg,0033_4.jpg,0
monitor,cross_same_same,258,34,0258_2.jpg,0034_4.jpg,0
monitor,cross_same_same,258,44,0258_2.jpg,0044_4.jpg,0
monitor,cross_same_same,258,51,0258_2.jpg,0051_4.jpg,0
monitor,cross_same_same,258,54,0258_2.jpg,0054_4.jpg,0
monitor,cross_same_same,258,63,0258_2.jpg,0063_4.jpg,0
monitor,cross_same_same,258,68,0258_2.jpg,0068_4.jpg,0
monitor,cross_same_same,258,69,0258_2.jpg,0069_4.jpg,0
monitor,cross_same_same,258,73,0258_2.jpg,0073_4.jpg,0
monitor,cross_same_same,258,95,0258_2.jpg,0095_4.jpg,0
monitor,cross_same_same,258,121,0258_2.jpg,0121_4.jpg,0
monitor,cross_same_same,258,128,0258_2.jpg,0128_4.jpg,0
monitor,cross_same_same,258,129,0258_2.jpg,0129_4.jpg,0
monitor,cross_same_same,258,131,0258_2.jpg,0131_4.jpg,0
monitor,cross_same_same,258,139,0258_2.jpg,0139_4.jpg,0
monitor,cross_same_same,258,144,0258_2.jpg,0144_4.jpg,0
monitor,cross_same_same,258,145,0258_2.jpg,0145_4.jpg,0
monitor,cross_same_same,258,150,0258_2.jpg,0150_4.jpg,0
monitor,cross_same_same,258,160,0258_2.jpg,0160_4.jpg,0
monitor,cross_same_same,258,165,0258_2.jpg,0165_4.jpg,0
monitor,cross_same_same,258,166,0258_2.jpg,0166_4.jpg,0
monitor,cross_same_same,258,170,0258_2.jpg,0170_4.jpg,0
monitor,cross_same_same,258,174,0258_2.jpg,0174_4.jpg,0
monitor,cross_same_same,258,176,0258_2.jpg,0176_4.jpg,0
monitor,cross_same_same,258,193,0258_2.jpg,0193_4.jpg,0
monitor,cross_same_same,258,202,0258_2.jpg,0202_4.jpg,0
monitor,cross_same_same,258,205,0258_2.jpg,0205_4.jpg,0
monitor,cross_same_same,258,210,0258_2.jpg,0210_4.jpg,0
monitor,cross_same_same,258,218,0258_2.jpg,0218_4.jpg,0
monitor,cross_same_same,258,222,0258_2.jpg,0222_4.jpg,0
monitor,cross_same_same,258,238,0258_2.jpg,0238_4.jpg,0
monitor,cross_same_same,258,253,0258_2.jpg,0253_4.jpg,0
monitor,cross_same_same,258,254,0258_2.jpg,0254_4.jpg,0
monitor,cross_same_same,258,257,0258_2.jpg,0257_4.jpg,0
monitor,cross_same_same,258,258,0258_2.jpg,0258_4.jpg,1
monitor,cross_same_same,258,268,0258_2.jpg,0268_4.jpg,0
monitor,cross_same_same,258,269,0258_2.jpg,0269_4.jpg,0
monitor,cross_same_same,258,270,0258_2.jpg,0270_4.jpg,0
monitor,cross_same_same,258,277,0258_2.jpg,0277_4.jpg,0
monitor,cross_same_same,258,278,0258_2.jpg,0278_4.jpg,0
monitor,cross_same_same,268,5,0268_2.jpg,0005_4.jpg,0
monitor,cross_same_same,268,9,0268_2.jpg,0009_4.jpg,0
monitor,cross_same_same,268,10,0268_2.jpg,0010_4.jpg,0
monitor,cross_same_same,268,28,0268_2.jpg,0028_4.jpg,0
monitor,cross_same_same,268,32,0268_2.jpg,0032_4.jpg,0
monitor,cross_same_same,268,33,0268_2.jpg,0033_4.jpg,0
monitor,cross_same_same,268,34,0268_2.jpg,0034_4.jpg,0
monitor,cross_same_same,268,44,0268_2.jpg,0044_4.jpg,0
monitor,cross_same_same,268,51,0268_2.jpg,0051_4.jpg,0
monitor,cross_same_same,268,54,0268_2.jpg,0054_4.jpg,0
monitor,cross_same_same,268,63,0268_2.jpg,0063_4.jpg,0
monitor,cross_same_same,268,68,0268_2.jpg,0068_4.jpg,0
monitor,cross_same_same,268,69,0268_2.jpg,0069_4.jpg,0
monitor,cross_same_same,268,73,0268_2.jpg,0073_4.jpg,0
monitor,cross_same_same,268,95,0268_2.jpg,0095_4.jpg,0
monitor,cross_same_same,268,121,0268_2.jpg,0121_4.jpg,0
monitor,cross_same_same,268,128,0268_2.jpg,0128_4.jpg,0
monitor,cross_same_same,268,129,0268_2.jpg,0129_4.jpg,0
monitor,cross_same_same,268,131,0268_2.jpg,0131_4.jpg,0
monitor,cross_same_same,268,139,0268_2.jpg,0139_4.jpg,0
monitor,cross_same_same,268,144,0268_2.jpg,0144_4.jpg,0
monitor,cross_same_same,268,145,0268_2.jpg,0145_4.jpg,0
monitor,cross_same_same,268,150,0268_2.jpg,0150_4.jpg,0
monitor,cross_same_same,268,160,0268_2.jpg,0160_4.jpg,0
monitor,cross_same_same,268,165,0268_2.jpg,0165_4.jpg,0
monitor,cross_same_same,268,166,0268_2.jpg,0166_4.jpg,0
monitor,cross_same_same,268,170,0268_2.jpg,0170_4.jpg,0
monitor,cross_same_same,268,174,0268_2.jpg,0174_4.jpg,0
monitor,cross_same_same,268,176,0268_2.jpg,0176_4.jpg,0
monitor,cross_same_same,268,193,0268_2.jpg,0193_4.jpg,0
monitor,cross_same_same,268,202,0268_2.jpg,0202_4.jpg,0
monitor,cross_same_same,268,205,0268_2.jpg,0205_4.jpg,0
monitor,cross_same_same,268,210,0268_2.jpg,0210_4.jpg,0
monitor,cross_same_same,268,218,0268_2.jpg,0218_4.jpg,0
monitor,cross_same_same,268,222,0268_2.jpg,0222_4.jpg,0
monitor,cross_same_same,268,238,0268_2.jpg,0238_4.jpg,0
monitor,cross_same_same,268,253,0268_2.jpg,0253_4.jpg,0
monitor,cross_same_same,268,254,0268_2.jpg,0254_4.jpg,0
monitor,cross_same_same,268,257,0268_2.jpg,0257_4.jpg,0
monitor,cross_same_same,268,258,0268_2.jpg,0258_4.jpg,0
monitor,cross_same_same,268,268,0268_2.jpg,0268_4.jpg,1
monitor,cross_same_same,268,269,0268_2.jpg,0269_4.jpg,0
monitor,cross_same_same,268,270,0268_2.jpg,0270_4.jpg,0
monitor,cross_same_same,268,277,0268_2.jpg,0277_4.jpg,0
monitor,cross_same_same,268,278,0268_2.jpg,0278_4.jpg,0
monitor,cross_same_same,269,5,0269_2.jpg,0005_4.jpg,0
monitor,cross_same_same,269,9,0269_2.jpg,0009_4.jpg,0
monitor,cross_same_same,269,10,0269_2.jpg,0010_4.jpg,0
monitor,cross_same_same,269,28,0269_2.jpg,0028_4.jpg,0
monitor,cross_same_same,269,32,0269_2.jpg,0032_4.jpg,0
monitor,cross_same_same,269,33,0269_2.jpg,0033_4.jpg,0
monitor,cross_same_same,269,34,0269_2.jpg,0034_4.jpg,0
monitor,cross_same_same,269,44,0269_2.jpg,0044_4.jpg,0
monitor,cross_same_same,269,51,0269_2.jpg,0051_4.jpg,0
monitor,cross_same_same,269,54,0269_2.jpg,0054_4.jpg,0
monitor,cross_same_same,269,63,0269_2.jpg,0063_4.jpg,0
monitor,cross_same_same,269,68,0269_2.jpg,0068_4.jpg,0
monitor,cross_same_same,269,69,0269_2.jpg,0069_4.jpg,0
monitor,cross_same_same,269,73,0269_2.jpg,0073_4.jpg,0
monitor,cross_same_same,269,95,0269_2.jpg,0095_4.jpg,0
monitor,cross_same_same,269,121,0269_2.jpg,0121_4.jpg,0
monitor,cross_same_same,269,128,0269_2.jpg,0128_4.jpg,0
monitor,cross_same_same,269,129,0269_2.jpg,0129_4.jpg,0
monitor,cross_same_same,269,131,0269_2.jpg,0131_4.jpg,0
monitor,cross_same_same,269,139,0269_2.jpg,0139_4.jpg,0
monitor,cross_same_same,269,144,0269_2.jpg,0144_4.jpg,0
monitor,cross_same_same,269,145,0269_2.jpg,0145_4.jpg,0
monitor,cross_same_same,269,150,0269_2.jpg,0150_4.jpg,0
monitor,cross_same_same,269,160,0269_2.jpg,0160_4.jpg,0
monitor,cross_same_same,269,165,0269_2.jpg,0165_4.jpg,0
monitor,cross_same_same,269,166,0269_2.jpg,0166_4.jpg,0
monitor,cross_same_same,269,170,0269_2.jpg,0170_4.jpg,0
monitor,cross_same_same,269,174,0269_2.jpg,0174_4.jpg,0
monitor,cross_same_same,269,176,0269_2.jpg,0176_4.jpg,0
monitor,cross_same_same,269,193,0269_2.jpg,0193_4.jpg,0
monitor,cross_same_same,269,202,0269_2.jpg,0202_4.jpg,0
monitor,cross_same_same,269,205,0269_2.jpg,0205_4.jpg,0
monitor,cross_same_same,269,210,0269_2.jpg,0210_4.jpg,0
monitor,cross_same_same,269,218,0269_2.jpg,0218_4.jpg,0
monitor,cross_same_same,269,222,0269_2.jpg,0222_4.jpg,0
monitor,cross_same_same,269,238,0269_2.jpg,0238_4.jpg,0
monitor,cross_same_same,269,253,0269_2.jpg,0253_4.jpg,0
monitor,cross_same_same,269,254,0269_2.jpg,0254_4.jpg,0
monitor,cross_same_same,269,257,0269_2.jpg,0257_4.jpg,0
monitor,cross_same_same,269,258,0269_2.jpg,0258_4.jpg,0
monitor,cross_same_same,269,268,0269_2.jpg,0268_4.jpg,0
monitor,cross_same_same,269,269,0269_2.jpg,0269_4.jpg,1
monitor,cross_same_same,269,270,0269_2.jpg,0270_4.jpg,0
monitor,cross_same_same,269,277,0269_2.jpg,0277_4.jpg,0
monitor,cross_same_same,269,278,0269_2.jpg,0278_4.jpg,0
monitor,cross_same_same,270,5,0270_2.jpg,0005_4.jpg,0
monitor,cross_same_same,270,9,0270_2.jpg,0009_4.jpg,0
monitor,cross_same_same,270,10,0270_2.jpg,0010_4.jpg,0
monitor,cross_same_same,270,28,0270_2.jpg,0028_4.jpg,0
monitor,cross_same_same,270,32,0270_2.jpg,0032_4.jpg,0
monitor,cross_same_same,270,33,0270_2.jpg,0033_4.jpg,0
monitor,cross_same_same,270,34,0270_2.jpg,0034_4.jpg,0
monitor,cross_same_same,270,44,0270_2.jpg,0044_4.jpg,0
monitor,cross_same_same,270,51,0270_2.jpg,0051_4.jpg,0
monitor,cross_same_same,270,54,0270_2.jpg,0054_4.jpg,0
monitor,cross_same_same,270,63,0270_2.jpg,0063_4.jpg,0
monitor,cross_same_same,270,68,0270_2.jpg,0068_4.jpg,0
monitor,cross_same_same,270,69,0270_2.jpg,0069_4.jpg,0
monitor,cross_same_same,270,73,0270_2.jpg,0073_4.jpg,0
monitor,cross_same_same,270,95,0270_2.jpg,0095_4.jpg,0
monitor,cross_same_same,270,121,0270_2.jpg,0121_4.jpg,0
monitor,cross_same_same,270,128,0270_2.jpg,0128_4.jpg,0
monitor,cross_same_same,270,129,0270_2.jpg,0129_4.jpg,0
monitor,cross_same_same,270,131,0270_2.jpg,0131_4.jpg,0
monitor,cross_same_same,270,139,0270_2.jpg,0139_4.jpg,0
monitor,cross_same_same,270,144,0270_2.jpg,0144_4.jpg,0
monitor,cross_same_same,270,145,0270_2.jpg,0145_4.jpg,0
monitor,cross_same_same,270,150,0270_2.jpg,0150_4.jpg,0
monitor,cross_same_same,270,160,0270_2.jpg,0160_4.jpg,0
monitor,cross_same_same,270,165,0270_2.jpg,0165_4.jpg,0
monitor,cross_same_same,270,166,0270_2.jpg,0166_4.jpg,0
monitor,cross_same_same,270,170,0270_2.jpg,0170_4.jpg,0
monitor,cross_same_same,270,174,0270_2.jpg,0174_4.jpg,0
monitor,cross_same_same,270,176,0270_2.jpg,0176_4.jpg,0
monitor,cross_same_same,270,193,0270_2.jpg,0193_4.jpg,0
monitor,cross_same_same,270,202,0270_2.jpg,0202_4.jpg,0
monitor,cross_same_same,270,205,0270_2.jpg,0205_4.jpg,0
monitor,cross_same_same,270,210,0270_2.jpg,0210_4.jpg,0
monitor,cross_same_same,270,218,0270_2.jpg,0218_4.jpg,0
monitor,cross_same_same,270,222,0270_2.jpg,0222_4.jpg,0
monitor,cross_same_same,270,238,0270_2.jpg,0238_4.jpg,0
monitor,cross_same_same,270,253,0270_2.jpg,0253_4.jpg,0
monitor,cross_same_same,270,254,0270_2.jpg,0254_4.jpg,0
monitor,cross_same_same,270,257,0270_2.jpg,0257_4.jpg,0
monitor,cross_same_same,270,258,0270_2.jpg,0258_4.jpg,0
monitor,cross_same_same,270,268,0270_2.jpg,0268_4.jpg,0
monitor,cross_same_same,270,269,0270_2.jpg,0269_4.jpg,0
monitor,cross_same_same,270,270,0270_2.jpg,0270_4.jpg,1
monitor,cross_same_same,270,277,0270_2.jpg,0277_4.jpg,0
monitor,cross_same_same,270,278,0270_2.jpg,0278_4.jpg,0
monitor,cross_same_same,277,5,0277_2.jpg,0005_4.jpg,0
monitor,cross_same_same,277,9,0277_2.jpg,0009_4.jpg,0
monitor,cross_same_same,277,10,0277_2.jpg,0010_4.jpg,0
monitor,cross_same_same,277,28,0277_2.jpg,0028_4.jpg,0
monitor,cross_same_same,277,32,0277_2.jpg,0032_4.jpg,0
monitor,cross_same_same,277,33,0277_2.jpg,0033_4.jpg,0
monitor,cross_same_same,277,34,0277_2.jpg,0034_4.jpg,0
monitor,cross_same_same,277,44,0277_2.jpg,0044_4.jpg,0
monitor,cross_same_same,277,51,0277_2.jpg,0051_4.jpg,0
monitor,cross_same_same,277,54,0277_2.jpg,0054_4.jpg,0
monitor,cross_same_same,277,63,0277_2.jpg,0063_4.jpg,0
monitor,cross_same_same,277,68,0277_2.jpg,0068_4.jpg,0
monitor,cross_same_same,277,69,0277_2.jpg,0069_4.jpg,0
monitor,cross_same_same,277,73,0277_2.jpg,0073_4.jpg,0
monitor,cross_same_same,277,95,0277_2.jpg,0095_4.jpg,0
monitor,cross_same_same,277,121,0277_2.jpg,0121_4.jpg,0
monitor,cross_same_same,277,128,0277_2.jpg,0128_4.jpg,0
monitor,cross_same_same,277,129,0277_2.jpg,0129_4.jpg,0
monitor,cross_same_same,277,131,0277_2.jpg,0131_4.jpg,0
monitor,cross_same_same,277,139,0277_2.jpg,0139_4.jpg,0
monitor,cross_same_same,277,144,0277_2.jpg,0144_4.jpg,0
monitor,cross_same_same,277,145,0277_2.jpg,0145_4.jpg,0
monitor,cross_same_same,277,150,0277_2.jpg,0150_4.jpg,0
monitor,cross_same_same,277,160,0277_2.jpg,0160_4.jpg,0
monitor,cross_same_same,277,165,0277_2.jpg,0165_4.jpg,0
monitor,cross_same_same,277,166,0277_2.jpg,0166_4.jpg,0
monitor,cross_same_same,277,170,0277_2.jpg,0170_4.jpg,0
monitor,cross_same_same,277,174,0277_2.jpg,0174_4.jpg,0
monitor,cross_same_same,277,176,0277_2.jpg,0176_4.jpg,0
monitor,cross_same_same,277,193,0277_2.jpg,0193_4.jpg,0
monitor,cross_same_same,277,202,0277_2.jpg,0202_4.jpg,0
monitor,cross_same_same,277,205,0277_2.jpg,0205_4.jpg,0
monitor,cross_same_same,277,210,0277_2.jpg,0210_4.jpg,0
monitor,cross_same_same,277,218,0277_2.jpg,0218_4.jpg,0
monitor,cross_same_same,277,222,0277_2.jpg,0222_4.jpg,0
monitor,cross_same_same,277,238,0277_2.jpg,0238_4.jpg,0
monitor,cross_same_same,277,253,0277_2.jpg,0253_4.jpg,0
monitor,cross_same_same,277,254,0277_2.jpg,0254_4.jpg,0
monitor,cross_same_same,277,257,0277_2.jpg,0257_4.jpg,0
monitor,cross_same_same,277,258,0277_2.jpg,0258_4.jpg,0
monitor,cross_same_same,277,268,0277_2.jpg,0268_4.jpg,0
monitor,cross_same_same,277,269,0277_2.jpg,0269_4.jpg,0
monitor,cross_same_same,277,270,0277_2.jpg,0270_4.jpg,0
monitor,cross_same_same,277,277,0277_2.jpg,0277_4.jpg,1
monitor,cross_same_same,277,278,0277_2.jpg,0278_4.jpg,0
monitor,cross_same_same,278,5,0278_2.jpg,0005_4.jpg,0
monitor,cross_same_same,278,9,0278_2.jpg,0009_4.jpg,0
monitor,cross_same_same,278,10,0278_2.jpg,0010_4.jpg,0
monitor,cross_same_same,278,28,0278_2.jpg,0028_4.jpg,0
monitor,cross_same_same,278,32,0278_2.jpg,0032_4.jpg,0
monitor,cross_same_same,278,33,0278_2.jpg,0033_4.jpg,0
monitor,cross_same_same,278,34,0278_2.jpg,0034_4.jpg,0
monitor,cross_same_same,278,44,0278_2.jpg,0044_4.jpg,0
monitor,cross_same_same,278,51,0278_2.jpg,0051_4.jpg,0
monitor,cross_same_same,278,54,0278_2.jpg,0054_4.jpg,0
monitor,cross_same_same,278,63,0278_2.jpg,0063_4.jpg,0
monitor,cross_same_same,278,68,0278_2.jpg,0068_4.jpg,0
monitor,cross_same_same,278,69,0278_2.jpg,0069_4.jpg,0
monitor,cross_same_same,278,73,0278_2.jpg,0073_4.jpg,0
monitor,cross_same_same,278,95,0278_2.jpg,0095_4.jpg,0
monitor,cross_same_same,278,121,0278_2.jpg,0121_4.jpg,0
monitor,cross_same_same,278,128,0278_2.jpg,0128_4.jpg,0
monitor,cross_same_same,278,129,0278_2.jpg,0129_4.jpg,0
monitor,cross_same_same,278,131,0278_2.jpg,0131_4.jpg,0
monitor,cross_same_same,278,139,0278_2.jpg,0139_4.jpg,0
monitor,cross_same_same,278,144,0278_2.jpg,0144_4.jpg,0
monitor,cross_same_same,278,145,0278_2.jpg,0145_4.jpg,0
monitor,cross_same_same,278,150,0278_2.jpg,0150_4.jpg,0
monitor,cross_same_same,278,160,0278_2.jpg,0160_4.jpg,0
monitor,cross_same_same,278,165,0278_2.jpg,0165_4.jpg,0
monitor,cross_same_same,278,166,0278_2.jpg,0166_4.jpg,0
monitor,cross_same_same,278,170,0278_2.jpg,0170_4.jpg,0
monitor,cross_same_same,278,174,0278_2.jpg,0174_4.jpg,0
monitor,cross_same_same,278,176,0278_2.jpg,0176_4.jpg,0
monitor,cross_same_same,278,193,0278_2.jpg,0193_4.jpg,0
monitor,cross_same_same,278,202,0278_2.jpg,0202_4.jpg,0
monitor,cross_same_same,278,205,0278_2.jpg,0205_4.jpg,0
monitor,cross_same_same,278,210,0278_2.jpg,0210_4.jpg,0
monitor,cross_same_same,278,218,0278_2.jpg,0218_4.jpg,0
monitor,cross_same_same,278,222,0278_2.jpg,0222_4.jpg,0
monitor,cross_same_same,278,238,0278_2.jpg,0238_4.jpg,0
monitor,cross_same_same,278,253,0278_2.jpg,0253_4.jpg,0
monitor,cross_same_same,278,254,0278_2.jpg,0254_4.jpg,0
monitor,cross_same_same,278,257,0278_2.jpg,0257_4.jpg,0
monitor,cross_same_same,278,258,0278_2.jpg,0258_4.jpg,0
monitor,cross_same_same,278,268,0278_2.jpg,0268_4.jpg,0
monitor,cross_same_same,278,269,0278_2.jpg,0269_4.jpg,0
monitor,cross_same_same,278,270,0278_2.jpg,0270_4.jpg,0
monitor,cross_same_same,278,277,0278_2.jpg,0277_4.jpg,0
monitor,cross_same_same,278,278,0278_2.jpg,0278_4.jpg,1
