role,condition,arabic_writer,english_writer,arabic_filename,english_filename,label,cls_cosine,foreground_mean_cosine
exploration,cross_variable_variable,1,1,0001_1.jpg,0001_3.jpg,1,0.564302921295166,0.836362361907959
exploration,cross_variable_variable,1,27,0001_1.jpg,0027_3.jpg,0,0.5198589563369751,0.80980384349823
exploration,cross_variable_variable,1,29,0001_1.jpg,0029_3.jpg,0,0.4367600679397583,0.8004734516143799
exploration,cross_variable_variable,1,66,0001_1.jpg,0066_3.jpg,0,0.5043225288391113,0.8258839845657349
exploration,cross_variable_variable,1,124,0001_1.jpg,0124_3.jpg,0,0.5304454565048218,0.8204833269119263
exploration,cross_variable_variable,1,125,0001_1.jpg,0125_3.jpg,0,0.5273537635803223,0.8318884372711182
exploration,cross_variable_variable,1,189,0001_1.jpg,0189_3.jpg,0,0.48085975646972656,0.7945641279220581
exploration,cross_variable_variable,1,206,0001_1.jpg,0206_3.jpg,0,0.45880937576293945,0.8218177556991577
exploration,cross_variable_variable,1,219,0001_1.jpg,0219_3.jpg,0,0.46858781576156616,0.8188611268997192
exploration,cross_variable_variable,1,242,0001_1.jpg,0242_3.jpg,0,0.5586479306221008,0.8371484279632568
exploration,cross_variable_variable,1,276,0001_1.jpg,0276_3.jpg,0,0.5014849305152893,0.834168553352356
exploration,cross_variable_variable,2,2,0002_1.jpg,0002_3.jpg,1,0.6987861394882202,0.898228645324707
exploration,cross_variable_variable,2,29,0002_1.jpg,0029_3.jpg,0,0.6037643551826477,0.8605178594589233
exploration,cross_variable_variable,2,30,0002_1.jpg,0030_3.jpg,0,0.6199066638946533,0.837323784828186
exploration,cross_variable_variable,2,67,0002_1.jpg,0067_3.jpg,0,0.5760733485221863,0.860334038734436
exploration,cross_variable_variable,2,125,0002_1.jpg,0125_3.jpg,0,0.6565819978713989,0.8824542760848999
exploration,cross_variable_variable,2,127,0002_1.jpg,0127_3.jpg,0,0.6401771903038025,0.8595870137214661
exploration,cross_variable_variable,2,191,0002_1.jpg,0191_3.jpg,0,0.6535203456878662,0.876365065574646
exploration,cross_variable_variable,2,207,0002_1.jpg,0207_3.jpg,0,0.7007537484169006,0.8946883678436279
exploration,cross_variable_variable,2,220,0002_1.jpg,0220_3.jpg,0,0.570073127746582,0.8388974070549011
exploration,cross_variable_variable,2,243,0002_1.jpg,0243_3.jpg,0,0.6049305200576782,0.8521829843521118
exploration,cross_variable_variable,2,279,0002_1.jpg,0279_3.jpg,0,0.6230789422988892,0.8691686391830444
exploration,cross_variable_variable,3,3,0003_1.jpg,0003_3.jpg,1,0.5864112377166748,0.838909387588501
exploration,cross_variable_variable,3,30,0003_1.jpg,0030_3.jpg,0,0.6038408279418945,0.8221230506896973
exploration,cross_variable_variable,3,31,0003_1.jpg,0031_3.jpg,0,0.5660833120346069,0.8285574316978455
exploration,cross_variable_variable,3,70,0003_1.jpg,0070_3.jpg,0,0.4990425109863281,0.796923816204071
exploration,cross_variable_variable,3,127,0003_1.jpg,0127_3.jpg,0,0.57374507188797,0.8365057706832886
exploration,cross_variable_variable,3,130,0003_1.jpg,0130_3.jpg,0,0.557307243347168,0.8209832906723022
exploration,cross_variable_variable,3,192,0003_1.jpg,0192_3.jpg,0,0.6137468814849854,0.8543651700019836
exploration,cross_variable_variable,3,208,0003_1.jpg,0208_3.jpg,0,0.479888916015625,0.7820310592651367
exploration,cross_variable_variable,3,221,0003_1.jpg,0221_3.jpg,0,0.6747422218322754,0.843207597732544
exploration,cross_variable_variable,3,244,0003_1.jpg,0244_3.jpg,0,0.4744023382663727,0.786584198474884
exploration,cross_variable_variable,3,281,0003_1.jpg,0281_3.jpg,0,0.6393073201179504,0.8555067777633667
exploration,cross_variable_variable,6,6,0006_1.jpg,0006_3.jpg,1,0.6070643663406372,0.8061231374740601
exploration,cross_variable_variable,6,31,0006_1.jpg,0031_3.jpg,0,0.5264599919319153,0.8214974403381348
exploration,cross_variable_variable,6,35,0006_1.jpg,0035_3.jpg,0,0.6466473340988159,0.8565471172332764
exploration,cross_variable_variable,6,71,0006_1.jpg,0071_3.jpg,0,0.5505231022834778,0.8151679039001465
exploration,cross_variable_variable,6,130,0006_1.jpg,0130_3.jpg,0,0.548943817615509,0.8172707557678223
exploration,cross_variable_variable,6,132,0006_1.jpg,0132_3.jpg,0,0.5847331285476685,0.8252094984054565
exploration,cross_variable_variable,6,196,0006_1.jpg,0196_3.jpg,0,0.5668959021568298,0.8023706674575806
exploration,cross_variable_variable,6,209,0006_1.jpg,0209_3.jpg,0,0.5925518274307251,0.8081581592559814
exploration,cross_variable_variable,6,223,0006_1.jpg,0223_3.jpg,0,0.5039737224578857,0.809173583984375
exploration,cross_variable_variable,6,245,0006_1.jpg,0245_3.jpg,0,0.5456607341766357,0.8253754377365112
exploration,cross_variable_variable,6,282,0006_1.jpg,0282_3.jpg,0,0.6300502419471741,0.8151230812072754
exploration,cross_variable_variable,7,7,0007_1.jpg,0007_3.jpg,1,0.6754552125930786,0.8627908825874329
exploration,cross_variable_variable,7,35,0007_1.jpg,0035_3.jpg,0,0.6497564315795898,0.8537842631340027
exploration,cross_variable_variable,7,38,0007_1.jpg,0038_3.jpg,0,0.6658124327659607,0.8617103099822998
exploration,cross_variable_variable,7,74,0007_1.jpg,0074_3.jpg,0,0.6112779378890991,0.8502774238586426
exploration,cross_variable_variable,7,132,0007_1.jpg,0132_3.jpg,0,0.5915654897689819,0.8351343870162964
exploration,cross_variable_variable,7,133,0007_1.jpg,0133_3.jpg,0,0.5934920310974121,0.8271930813789368
exploration,cross_variable_variable,7,197,0007_1.jpg,0197_3.jpg,0,0.571990966796875,0.7972480654716492
exploration,cross_variable_variable,7,211,0007_1.jpg,0211_3.jpg,0,0.6232708692550659,0.8521914482116699
exploration,cross_variable_variable,7,224,0007_1.jpg,0224_3.jpg,0,0.6232889890670776,0.8598493933677673
exploration,cross_variable_variable,7,246,0007_1.jpg,0246_3.jpg,0,0.6720116138458252,0.8638499975204468
exploration,cross_variable_variable,7,1,0007_1.jpg,0001_3.jpg,0,0.6378864049911499,0.8579067587852478
exploration,cross_variable_variable,8,8,0008_1.jpg,0008_3.jpg,1,0.584251880645752,0.8525795936584473
exploration,cross_variable_variable,8,38,0008_1.jpg,0038_3.jpg,0,0.6259469389915466,0.8484152555465698
exploration,cross_variable_variable,8,39,0008_1.jpg,0039_3.jpg,0,0.636114239692688,0.8155081868171692
exploration,cross_variable_variable,8,75,0008_1.jpg,0075_3.jpg,0,0.46728330850601196,0.829133152961731
exploration,cross_variable_variable,8,133,0008_1.jpg,0133_3.jpg,0,0.5793300271034241,0.8462145328521729
exploration,cross_variable_variable,8,134,0008_1.jpg,0134_3.jpg,0,0.5791719555854797,0.8497785329818726
exploration,cross_variable_variable,8,198,0008_1.jpg,0198_3.jpg,0,0.5832118391990662,0.8447392582893372
exploration,cross_variable_variable,8,212,0008_1.jpg,0212_3.jpg,0,0.5422727465629578,0.8158835768699646
exploration,cross_variable_variable,8,225,0008_1.jpg,0225_3.jpg,0,0.5942962169647217,0.8124253153800964
exploration,cross_variable_variable,8,247,0008_1.jpg,0247_3.jpg,0,0.6442093253135681,0.8729682564735413
exploration,cross_variable_variable,8,2,0008_1.jpg,0002_3.jpg,0,0.6099481582641602,0.8531560897827148
exploration,cross_variable_variable,11,11,0011_1.jpg,0011_3.jpg,1,0.6158828139305115,0.8679019808769226
exploration,cross_variable_variable,11,39,0011_1.jpg,0039_3.jpg,0,0.640471875667572,0.8458818197250366
exploration,cross_variable_variable,11,40,0011_1.jpg,0040_3.jpg,0,0.5923447608947754,0.8499413728713989
exploration,cross_variable_variable,11,76,0011_1.jpg,0076_3.jpg,0,0.51058030128479,0.8423749804496765
exploration,cross_variable_variable,11,134,0011_1.jpg,0134_3.jpg,0,0.564307451248169,0.852719247341156
exploration,cross_variable_variable,11,135,0011_1.jpg,0135_3.jpg,0,0.4933626055717468,0.8504462242126465
exploration,cross_variable_variable,11,199,0011_1.jpg,0199_3.jpg,0,0.5466217398643494,0.8227694034576416
exploration,cross_variable_variable,11,213,0011_1.jpg,0213_3.jpg,0,0.5049999952316284,0.8382717370986938
exploration,cross_variable_variable,11,226,0011_1.jpg,0226_3.jpg,0,0.4724717140197754,0.8319978713989258
exploration,cross_variable_variable,11,248,0011_1.jpg,0248_3.jpg,0,0.44767290353775024,0.8244751691818237
exploration,cross_variable_variable,11,3,0011_1.jpg,0003_3.jpg,0,0.5123894214630127,0.822426974773407
exploration,cross_variable_variable,12,12,0012_1.jpg,0012_3.jpg,1,0.5337692499160767,0.8170864582061768
exploration,cross_variable_variable,12,40,0012_1.jpg,0040_3.jpg,0,0.5469329357147217,0.8391751050949097
exploration,cross_variable_variable,12,42,0012_1.jpg,0042_3.jpg,0,0.5768558382987976,0.8203746676445007
exploration,cross_variable_variable,12,77,0012_1.jpg,0077_3.jpg,0,0.5745351910591125,0.8296722173690796
exploration,cross_variable_variable,12,135,0012_1.jpg,0135_3.jpg,0,0.5014572143554688,0.8219298124313354
exploration,cross_variable_variable,12,138,0012_1.jpg,0138_3.jpg,0,0.49856746196746826,0.8053946495056152
exploration,cross_variable_variable,12,200,0012_1.jpg,0200_3.jpg,0,0.5338460803031921,0.8493436574935913
exploration,cross_variable_variable,12,214,0012_1.jpg,0214_3.jpg,0,0.508574366569519,0.8231377601623535
exploration,cross_variable_variable,12,227,0012_1.jpg,0227_3.jpg,0,0.505221962928772,0.8394064903259277
exploration,cross_variable_variable,12,249,0012_1.jpg,0249_3.jpg,0,0.5448639988899231,0.8228867053985596
exploration,cross_variable_variable,12,6,0012_1.jpg,0006_3.jpg,0,0.426066517829895,0.7772780656814575
exploration,cross_variable_variable,15,15,0015_1.jpg,0015_3.jpg,1,0.6432784795761108,0.8444749116897583
exploration,cross_variable_variable,15,42,0015_1.jpg,0042_3.jpg,0,0.5828970670700073,0.8261563181877136
exploration,cross_variable_variable,15,43,0015_1.jpg,0043_3.jpg,0,0.5648353695869446,0.8094649314880371
exploration,cross_variable_variable,15,78,0015_1.jpg,0078_3.jpg,0,0.591362476348877,0.8159922361373901
exploration,cross_variable_variable,15,138,0015_1.jpg,0138_3.jpg,0,0.5507550239562988,0.7867902517318726
exploration,cross_variable_variable,15,140,0015_1.jpg,0140_3.jpg,0,0.6469787359237671,0.8297529816627502
exploration,cross_variable_variable,15,201,0015_1.jpg,0201_3.jpg,0,0.5495151281356812,0.7976561784744263
exploration,cross_variable_variable,15,216,0015_1.jpg,0216_3.jpg,0,0.6521145701408386,0.8426879644393921
exploration,cross_variable_variable,15,228,0015_1.jpg,0228_3.jpg,0,0.6832910776138306,0.8660515546798706
exploration,cross_variable_variable,15,250,0015_1.jpg,0250_3.jpg,0,0.602678656578064,0.8048176765441895
exploration,cross_variable_variable,15,7,0015_1.jpg,0007_3.jpg,0,0.6354755759239197,0.8267328143119812
exploration,cross_variable_variable,18,18,0018_1.jpg,0018_3.jpg,1,0.5391252040863037,0.8038316965103149
exploration,cross_variable_variable,18,43,0018_1.jpg,0043_3.jpg,0,0.4892690181732178,0.7729876637458801
exploration,cross_variable_variable,18,46,0018_1.jpg,0046_3.jpg,0,0.5299686789512634,0.7862716317176819
exploration,cross_variable_variable,18,79,0018_1.jpg,0079_3.jpg,0,0.47274017333984375,0.7617664337158203
exploration,cross_variable_variable,18,140,0018_1.jpg,0140_3.jpg,0,0.5181876420974731,0.7914901971817017
exploration,cross_variable_variable,18,142,0018_1.jpg,0142_3.jpg,0,0.519830584526062,0.7818794250488281
exploration,cross_variable_variable,18,203,0018_1.jpg,0203_3.jpg,0,0.5336230993270874,0.7913004159927368
exploration,cross_variable_variable,18,219,0018_1.jpg,0219_3.jpg,0,0.5058966875076294,0.7932642698287964
exploration,cross_variable_variable,18,229,0018_1.jpg,0229_3.jpg,0,0.4664859175682068,0.7671313881874084
exploration,cross_variable_variable,18,251,0018_1.jpg,0251_3.jpg,0,0.4815213680267334,0.7850449085235596
exploration,cross_variable_variable,18,8,0018_1.jpg,0008_3.jpg,0,0.5227137207984924,0.7901798486709595
exploration,cross_variable_variable,19,19,0019_1.jpg,0019_3.jpg,1,0.6283868551254272,0.8508948683738708
exploration,cross_variable_variable,19,46,0019_1.jpg,0046_3.jpg,0,0.6902616024017334,0.8690593242645264
exploration,cross_variable_variable,19,47,0019_1.jpg,0047_3.jpg,0,0.669552206993103,0.890297532081604
exploration,cross_variable_variable,19,81,0019_1.jpg,0081_3.jpg,0,0.6770186424255371,0.8793025016784668
exploration,cross_variable_variable,19,142,0019_1.jpg,0142_3.jpg,0,0.6351007223129272,0.8558918237686157
exploration,cross_variable_variable,19,146,0019_1.jpg,0146_3.jpg,0,0.6574918627738953,0.8777306079864502
exploration,cross_variable_variable,19,204,0019_1.jpg,0204_3.jpg,0,0.744076132774353,0.8944664001464844
exploration,cross_variable_variable,19,220,0019_1.jpg,0220_3.jpg,0,0.5660625696182251,0.8300954699516296
exploration,cross_variable_variable,19,231,0019_1.jpg,0231_3.jpg,0,0.6173052787780762,0.8536487221717834
exploration,cross_variable_variable,19,252,0019_1.jpg,0252_3.jpg,0,0.753140389919281,0.9043807983398438
exploration,cross_variable_variable,19,11,0019_1.jpg,0011_3.jpg,0,0.6336735486984253,0.8637058734893799
exploration,cross_variable_variable,20,20,0020_1.jpg,0020_3.jpg,1,0.5709906816482544,0.8282994031906128
exploration,cross_variable_variable,20,47,0020_1.jpg,0047_3.jpg,0,0.5457408428192139,0.8243595361709595
exploration,cross_variable_variable,20,49,0020_1.jpg,0049_3.jpg,0,0.5037559270858765,0.7776648998260498
exploration,cross_variable_variable,20,83,0020_1.jpg,0083_3.jpg,0,0.5739874243736267,0.8332321643829346
exploration,cross_variable_variable,20,146,0020_1.jpg,0146_3.jpg,0,0.5497637987136841,0.8155220746994019
exploration,cross_variable_variable,20,147,0020_1.jpg,0147_3.jpg,0,0.5340387225151062,0.8021572828292847
exploration,cross_variable_variable,20,206,0020_1.jpg,0206_3.jpg,0,0.5204591751098633,0.8258430361747742
exploration,cross_variable_variable,20,221,0020_1.jpg,0221_3.jpg,0,0.5840276479721069,0.8043409585952759
exploration,cross_variable_variable,20,232,0020_1.jpg,0232_3.jpg,0,0.5787593126296997,0.8235018253326416
exploration,cross_variable_variable,20,255,0020_1.jpg,0255_3.jpg,0,0.5554673671722412,0.8218486309051514
exploration,cross_variable_variable,20,12,0020_1.jpg,0012_3.jpg,0,0.5022928714752197,0.7738550901412964
exploration,cross_variable_variable,21,21,0021_1.jpg,0021_3.jpg,1,0.6156018376350403,0.8594348430633545
exploration,cross_variable_variable,21,49,0021_1.jpg,0049_3.jpg,0,0.5695467591285706,0.8535792827606201
exploration,cross_variable_variable,21,55,0021_1.jpg,0055_3.jpg,0,0.5840440988540649,0.8475685119628906
exploration,cross_variable_variable,21,85,0021_1.jpg,0085_3.jpg,0,0.5782713890075684,0.8316529989242554
exploration,cross_variable_variable,21,147,0021_1.jpg,0147_3.jpg,0,0.5619547367095947,0.8585881590843201
exploration,cross_variable_variable,21,148,0021_1.jpg,0148_3.jpg,0,0.6561804413795471,0.8863897323608398
exploration,cross_variable_variable,21,207,0021_1.jpg,0207_3.jpg,0,0.6226811408996582,0.8588916659355164
exploration,cross_variable_variable,21,223,0021_1.jpg,0223_3.jpg,0,0.518959105014801,0.8439955115318298
exploration,cross_variable_variable,21,234,0021_1.jpg,0234_3.jpg,0,0.5320954322814941,0.8607628345489502
exploration,cross_variable_variable,21,256,0021_1.jpg,0256_3.jpg,0,0.6140571236610413,0.8545666933059692
exploration,cross_variable_variable,21,15,0021_1.jpg,0015_3.jpg,0,0.5163167715072632,0.8576773405075073
exploration,cross_variable_variable,22,22,0022_1.jpg,0022_3.jpg,1,0.6408941745758057,0.8553476929664612
exploration,cross_variable_variable,22,55,0022_1.jpg,0055_3.jpg,0,0.5611843466758728,0.8089202642440796
exploration,cross_variable_variable,22,56,0022_1.jpg,0056_3.jpg,0,0.5944517850875854,0.8253477215766907
exploration,cross_variable_variable,22,86,0022_1.jpg,0086_3.jpg,0,0.5089017748832703,0.8235683441162109
exploration,cross_variable_variable,22,148,0022_1.jpg,0148_3.jpg,0,0.6164646744728088,0.8380838632583618
exploration,cross_variable_variable,22,152,0022_1.jpg,0152_3.jpg,0,0.5474632382392883,0.8137040138244629
exploration,cross_variable_variable,22,208,0022_1.jpg,0208_3.jpg,0,0.48228713870048523,0.7871286869049072
exploration,cross_variable_variable,22,224,0022_1.jpg,0224_3.jpg,0,0.5839424729347229,0.8504914045333862
exploration,cross_variable_variable,22,235,0022_1.jpg,0235_3.jpg,0,0.6215553283691406,0.8454249501228333
exploration,cross_variable_variable,22,260,0022_1.jpg,0260_3.jpg,0,0.5982886552810669,0.8133891820907593
exploration,cross_variable_variable,22,18,0022_1.jpg,0018_3.jpg,0,0.5336695909500122,0.7856721878051758
exploration,cross_variable_variable,25,25,0025_1.jpg,0025_3.jpg,1,0.5761192440986633,0.8186652660369873
exploration,cross_variable_variable,25,56,0025_1.jpg,0056_3.jpg,0,0.6653856039047241,0.8624478578567505
exploration,cross_variable_variable,25,57,0025_1.jpg,0057_3.jpg,0,0.6175675392150879,0.8488541841506958
exploration,cross_variable_variable,25,87,0025_1.jpg,0087_3.jpg,0,0.6087243556976318,0.8681250810623169
exploration,cross_variable_variable,25,152,0025_1.jpg,0152_3.jpg,0,0.5490771532058716,0.8168947696685791
exploration,cross_variable_variable,25,153,0025_1.jpg,0153_3.jpg,0,0.6497443914413452,0.8665266633033752
exploration,cross_variable_variable,25,209,0025_1.jpg,0209_3.jpg,0,0.6576743125915527,0.8666333556175232
exploration,cross_variable_variable,25,225,0025_1.jpg,0225_3.jpg,0,0.6682528257369995,0.8539776802062988
exploration,cross_variable_variable,25,237,0025_1.jpg,0237_3.jpg,0,0.6157546043395996,0.8197770118713379
exploration,cross_variable_variable,25,261,0025_1.jpg,0261_3.jpg,0,0.5614567995071411,0.8179305195808411
exploration,cross_variable_variable,25,19,0025_1.jpg,0019_3.jpg,0,0.5844925045967102,0.8334766030311584
exploration,cross_variable_variable,26,26,0026_1.jpg,0026_3.jpg,1,0.6349825859069824,0.8638827204704285
exploration,cross_variable_variable,26,57,0026_1.jpg,0057_3.jpg,0,0.6075713634490967,0.8439046740531921
exploration,cross_variable_variable,26,59,0026_1.jpg,0059_3.jpg,0,0.6206653118133545,0.8613581657409668
exploration,cross_variable_variable,26,89,0026_1.jpg,0089_3.jpg,0,0.595191478729248,0.8217476606369019
exploration,cross_variable_variable,26,153,0026_1.jpg,0153_3.jpg,0,0.6639561653137207,0.87137371301651
exploration,cross_variable_variable,26,154,0026_1.jpg,0154_3.jpg,0,0.6892529129981995,0.8674131631851196
exploration,cross_variable_variable,26,211,0026_1.jpg,0211_3.jpg,0,0.6570769548416138,0.8734918832778931
exploration,cross_variable_variable,26,226,0026_1.jpg,0226_3.jpg,0,0.6244224309921265,0.860000491142273
exploration,cross_variable_variable,26,239,0026_1.jpg,0239_3.jpg,0,0.5694299936294556,0.8230767250061035
exploration,cross_variable_variable,26,262,0026_1.jpg,0262_3.jpg,0,0.6844915151596069,0.8621954321861267
exploration,cross_variable_variable,26,20,0026_1.jpg,0020_3.jpg,0,0.6299015283584595,0.8600865602493286
exploration,cross_variable_variable,27,27,0027_1.jpg,0027_3.jpg,1,0.6757594347000122,0.8463660478591919
exploration,cross_variable_variable,27,59,0027_1.jpg,0059_3.jpg,0,0.6364909410476685,0.8141604661941528
exploration,cross_variable_variable,27,60,0027_1.jpg,0060_3.jpg,0,0.6236488819122314,0.8267925977706909
exploration,cross_variable_variable,27,90,0027_1.jpg,0090_3.jpg,0,0.6465500593185425,0.8132174015045166
exploration,cross_variable_variable,27,154,0027_1.jpg,0154_3.jpg,0,0.7410358190536499,0.8413804769515991
exploration,cross_variable_variable,27,155,0027_1.jpg,0155_3.jpg,0,0.6221738457679749,0.8031982183456421
exploration,cross_variable_variable,27,212,0027_1.jpg,0212_3.jpg,0,0.6505195498466492,0.8235061168670654
exploration,cross_variable_variable,27,227,0027_1.jpg,0227_3.jpg,0,0.5960432291030884,0.812811553478241
exploration,cross_variable_variable,27,240,0027_1.jpg,0240_3.jpg,0,0.6475125551223755,0.8250740170478821
exploration,cross_variable_variable,27,263,0027_1.jpg,0263_3.jpg,0,0.6263874173164368,0.8222806453704834
exploration,cross_variable_variable,27,21,0027_1.jpg,0021_3.jpg,0,0.6343215107917786,0.8173510432243347
exploration,cross_variable_variable,29,29,0029_1.jpg,0029_3.jpg,1,0.6279360055923462,0.8344842195510864
exploration,cross_variable_variable,29,60,0029_1.jpg,0060_3.jpg,0,0.6460986137390137,0.8731873035430908
exploration,cross_variable_variable,29,61,0029_1.jpg,0061_3.jpg,0,0.6286575794219971,0.8554430603981018
exploration,cross_variable_variable,29,91,0029_1.jpg,0091_3.jpg,0,0.6654413938522339,0.8439384698867798
exploration,cross_variable_variable,29,155,0029_1.jpg,0155_3.jpg,0,0.6061633825302124,0.8295007348060608
exploration,cross_variable_variable,29,156,0029_1.jpg,0156_3.jpg,0,0.6230322122573853,0.8562955856323242
exploration,cross_variable_variable,29,213,0029_1.jpg,0213_3.jpg,0,0.6969344615936279,0.8732261657714844
exploration,cross_variable_variable,29,228,0029_1.jpg,0228_3.jpg,0,0.7350811958312988,0.9035014510154724
exploration,cross_variable_variable,29,241,0029_1.jpg,0241_3.jpg,0,0.6533105969429016,0.8418046236038208
exploration,cross_variable_variable,29,264,0029_1.jpg,0264_3.jpg,0,0.6713603734970093,0.8383703231811523
exploration,cross_variable_variable,29,22,0029_1.jpg,0022_3.jpg,0,0.6835159063339233,0.8749442100524902
exploration,cross_variable_variable,30,30,0030_1.jpg,0030_3.jpg,1,0.5876411199569702,0.8226852416992188
exploration,cross_variable_variable,30,61,0030_1.jpg,0061_3.jpg,0,0.5579594969749451,0.7916868329048157
exploration,cross_variable_variable,30,62,0030_1.jpg,0062_3.jpg,0,0.5107858180999756,0.7716641426086426
exploration,cross_variable_variable,30,92,0030_1.jpg,0092_3.jpg,0,0.5608762502670288,0.7688332796096802
exploration,cross_variable_variable,30,156,0030_1.jpg,0156_3.jpg,0,0.4859813153743744,0.7697409391403198
exploration,cross_variable_variable,30,157,0030_1.jpg,0157_3.jpg,0,0.5421109199523926,0.7826051115989685
exploration,cross_variable_variable,30,214,0030_1.jpg,0214_3.jpg,0,0.5226725339889526,0.7618362307548523
exploration,cross_variable_variable,30,229,0030_1.jpg,0229_3.jpg,0,0.4947117269039154,0.7318847179412842
exploration,cross_variable_variable,30,242,0030_1.jpg,0242_3.jpg,0,0.5664465427398682,0.7808085680007935
exploration,cross_variable_variable,30,265,0030_1.jpg,0265_3.jpg,0,0.5255061388015747,0.7690238952636719
exploration,cross_variable_variable,30,25,0030_1.jpg,0025_3.jpg,0,0.401567280292511,0.7163775563240051
exploration,cross_variable_variable,31,31,0031_1.jpg,0031_3.jpg,1,0.5387400388717651,0.8443140983581543
exploration,cross_variable_variable,31,62,0031_1.jpg,0062_3.jpg,0,0.5673662424087524,0.8226847648620605
exploration,cross_variable_variable,31,65,0031_1.jpg,0065_3.jpg,0,0.5851967930793762,0.8281349539756775
exploration,cross_variable_variable,31,93,0031_1.jpg,0093_3.jpg,0,0.6018674373626709,0.8162662982940674
exploration,cross_variable_variable,31,157,0031_1.jpg,0157_3.jpg,0,0.4811570942401886,0.7835999131202698
exploration,cross_variable_variable,31,158,0031_1.jpg,0158_3.jpg,0,0.6237832307815552,0.8544725179672241
exploration,cross_variable_variable,31,216,0031_1.jpg,0216_3.jpg,0,0.6075574159622192,0.8562306761741638
exploration,cross_variable_variable,31,231,0031_1.jpg,0231_3.jpg,0,0.5034255385398865,0.7831447124481201
exploration,cross_variable_variable,31,243,0031_1.jpg,0243_3.jpg,0,0.552018404006958,0.8147000074386597
exploration,cross_variable_variable,31,266,0031_1.jpg,0266_3.jpg,0,0.6347144246101379,0.8633464574813843
exploration,cross_variable_variable,31,26,0031_1.jpg,0026_3.jpg,0,0.6354268193244934,0.8409577012062073
exploration,cross_variable_variable,35,35,0035_1.jpg,0035_3.jpg,1,0.5890554189682007,0.8383359909057617
exploration,cross_variable_variable,35,65,0035_1.jpg,0065_3.jpg,0,0.504230797290802,0.7835637927055359
exploration,cross_variable_variable,35,66,0035_1.jpg,0066_3.jpg,0,0.5569777488708496,0.8026190400123596
exploration,cross_variable_variable,35,94,0035_1.jpg,0094_3.jpg,0,0.4170399010181427,0.7861686944961548
exploration,cross_variable_variable,35,158,0035_1.jpg,0158_3.jpg,0,0.5975632667541504,0.8489775061607361
exploration,cross_variable_variable,35,159,0035_1.jpg,0159_3.jpg,0,0.4980505108833313,0.7801953554153442
exploration,cross_variable_variable,35,219,0035_1.jpg,0219_3.jpg,0,0.4923417270183563,0.7970430850982666
exploration,cross_variable_variable,35,232,0035_1.jpg,0232_3.jpg,0,0.5171812772750854,0.8088052272796631
exploration,cross_variable_variable,35,244,0035_1.jpg,0244_3.jpg,0,0.4000488519668579,0.7307897210121155
exploration,cross_variable_variable,35,267,0035_1.jpg,0267_3.jpg,0,0.5156576633453369,0.7965992093086243
exploration,cross_variable_variable,35,27,0035_1.jpg,0027_3.jpg,0,0.4918404817581177,0.7612845301628113
exploration,cross_variable_variable,38,38,0038_1.jpg,0038_3.jpg,1,0.5962191820144653,0.8272892236709595
exploration,cross_variable_variable,38,66,0038_1.jpg,0066_3.jpg,0,0.5906214714050293,0.8225690722465515
exploration,cross_variable_variable,38,67,0038_1.jpg,0067_3.jpg,0,0.4682563245296478,0.7918387651443481
exploration,cross_variable_variable,38,96,0038_1.jpg,0096_3.jpg,0,0.533439040184021,0.8056456446647644
exploration,cross_variable_variable,38,159,0038_1.jpg,0159_3.jpg,0,0.5588266849517822,0.8166161179542542
exploration,cross_variable_variable,38,161,0038_1.jpg,0161_3.jpg,0,0.5514735579490662,0.8359994888305664
exploration,cross_variable_variable,38,220,0038_1.jpg,0220_3.jpg,0,0.5599092245101929,0.8219984769821167
exploration,cross_variable_variable,38,234,0038_1.jpg,0234_3.jpg,0,0.5771328806877136,0.8348676562309265
exploration,cross_variable_variable,38,245,0038_1.jpg,0245_3.jpg,0,0.5233798623085022,0.8059723377227783
exploration,cross_variable_variable,38,271,0038_1.jpg,0271_3.jpg,0,0.5528785586357117,0.794762134552002
exploration,cross_variable_variable,38,29,0038_1.jpg,0029_3.jpg,0,0.5179860591888428,0.8131548762321472
exploration,cross_variable_variable,39,39,0039_1.jpg,0039_3.jpg,1,0.6468054056167603,0.821506679058075
exploration,cross_variable_variable,39,67,0039_1.jpg,0067_3.jpg,0,0.4535191059112549,0.7881293892860413
exploration,cross_variable_variable,39,70,0039_1.jpg,0070_3.jpg,0,0.4925219416618347,0.7915118932723999
exploration,cross_variable_variable,39,97,0039_1.jpg,0097_3.jpg,0,0.5789544582366943,0.8298617601394653
exploration,cross_variable_variable,39,161,0039_1.jpg,0161_3.jpg,0,0.5160830020904541,0.8275535702705383
exploration,cross_variable_variable,39,162,0039_1.jpg,0162_3.jpg,0,0.5604840517044067,0.8229981064796448
exploration,cross_variable_variable,39,221,0039_1.jpg,0221_3.jpg,0,0.6458649635314941,0.8233271837234497
exploration,cross_variable_variable,39,235,0039_1.jpg,0235_3.jpg,0,0.5795692205429077,0.8426788449287415
exploration,cross_variable_variable,39,246,0039_1.jpg,0246_3.jpg,0,0.5685700178146362,0.8442084193229675
exploration,cross_variable_variable,39,272,0039_1.jpg,0272_3.jpg,0,0.6100953817367554,0.8522738218307495
exploration,cross_variable_variable,39,30,0039_1.jpg,0030_3.jpg,0,0.5455666780471802,0.7959100604057312
exploration,cross_variable_variable,40,40,0040_1.jpg,0040_3.jpg,1,0.6370652914047241,0.8686896562576294
exploration,cross_variable_variable,40,70,0040_1.jpg,0070_3.jpg,0,0.5184717178344727,0.8154544830322266
exploration,cross_variable_variable,40,71,0040_1.jpg,0071_3.jpg,0,0.5686935782432556,0.8309121131896973
exploration,cross_variable_variable,40,98,0040_1.jpg,0098_3.jpg,0,0.6328059434890747,0.8518539071083069
exploration,cross_variable_variable,40,162,0040_1.jpg,0162_3.jpg,0,0.5966242551803589,0.8527300357818604
exploration,cross_variable_variable,40,163,0040_1.jpg,0163_3.jpg,0,0.62301105260849,0.8650376796722412
exploration,cross_variable_variable,40,223,0040_1.jpg,0223_3.jpg,0,0.5885839462280273,0.8515410423278809
exploration,cross_variable_variable,40,237,0040_1.jpg,0237_3.jpg,0,0.5628038048744202,0.8101916313171387
exploration,cross_variable_variable,40,247,0040_1.jpg,0247_3.jpg,0,0.6404355764389038,0.8710702657699585
exploration,cross_variable_variable,40,273,0040_1.jpg,0273_3.jpg,0,0.5833808183670044,0.8483747243881226
exploration,cross_variable_variable,40,31,0040_1.jpg,0031_3.jpg,0,0.5519143342971802,0.8471121191978455
exploration,cross_variable_variable,42,42,0042_1.jpg,0042_3.jpg,1,0.5634218454360962,0.8230265378952026
exploration,cross_variable_variable,42,71,0042_1.jpg,0071_3.jpg,0,0.6164869666099548,0.8331897258758545
exploration,cross_variable_variable,42,74,0042_1.jpg,0074_3.jpg,0,0.5740047693252563,0.8347793817520142
exploration,cross_variable_variable,42,100,0042_1.jpg,0100_3.jpg,0,0.5730658769607544,0.8042395710945129
exploration,cross_variable_variable,42,163,0042_1.jpg,0163_3.jpg,0,0.5601944923400879,0.8208569884300232
exploration,cross_variable_variable,42,164,0042_1.jpg,0164_3.jpg,0,0.5844486355781555,0.8112632036209106
exploration,cross_variable_variable,42,224,0042_1.jpg,0224_3.jpg,0,0.598670482635498,0.8594180345535278
exploration,cross_variable_variable,42,239,0042_1.jpg,0239_3.jpg,0,0.571884036064148,0.8138302564620972
exploration,cross_variable_variable,42,248,0042_1.jpg,0248_3.jpg,0,0.5790311694145203,0.8382608890533447
exploration,cross_variable_variable,42,274,0042_1.jpg,0274_3.jpg,0,0.5519978404045105,0.82834792137146
exploration,cross_variable_variable,42,35,0042_1.jpg,0035_3.jpg,0,0.6338372230529785,0.8502538204193115
exploration,cross_variable_variable,43,43,0043_1.jpg,0043_3.jpg,1,0.5936545133590698,0.8111174702644348
exploration,cross_variable_variable,43,74,0043_1.jpg,0074_3.jpg,0,0.5882450938224792,0.8234488368034363
exploration,cross_variable_variable,43,75,0043_1.jpg,0075_3.jpg,0,0.49495166540145874,0.7809291481971741
exploration,cross_variable_variable,43,101,0043_1.jpg,0101_3.jpg,0,0.5827059745788574,0.8036695718765259
exploration,cross_variable_variable,43,164,0043_1.jpg,0164_3.jpg,0,0.625653088092804,0.810543417930603
exploration,cross_variable_variable,43,167,0043_1.jpg,0167_3.jpg,0,0.5539001226425171,0.7743833065032959
exploration,cross_variable_variable,43,225,0043_1.jpg,0225_3.jpg,0,0.6149444580078125,0.7929074764251709
exploration,cross_variable_variable,43,240,0043_1.jpg,0240_3.jpg,0,0.6063399314880371,0.8054648637771606
exploration,cross_variable_variable,43,249,0043_1.jpg,0249_3.jpg,0,0.5616562962532043,0.7774096727371216
exploration,cross_variable_variable,43,276,0043_1.jpg,0276_3.jpg,0,0.6350817680358887,0.8250007033348083
exploration,cross_variable_variable,43,38,0043_1.jpg,0038_3.jpg,0,0.6025456190109253,0.8128653764724731
exploration,cross_variable_variable,46,46,0046_1.jpg,0046_3.jpg,1,0.5609914064407349,0.8141734600067139
exploration,cross_variable_variable,46,75,0046_1.jpg,0075_3.jpg,0,0.42326533794403076,0.7894138097763062
exploration,cross_variable_variable,46,76,0046_1.jpg,0076_3.jpg,0,0.4678950905799866,0.7824404239654541
exploration,cross_variable_variable,46,103,0046_1.jpg,0103_3.jpg,0,0.5697640180587769,0.8250459432601929
exploration,cross_variable_variable,46,167,0046_1.jpg,0167_3.jpg,0,0.4721113443374634,0.7872260808944702
exploration,cross_variable_variable,46,168,0046_1.jpg,0168_3.jpg,0,0.5886363983154297,0.8552164435386658
exploration,cross_variable_variable,46,226,0046_1.jpg,0226_3.jpg,0,0.5782613754272461,0.8381448984146118
exploration,cross_variable_variable,46,241,0046_1.jpg,0241_3.jpg,0,0.6208980083465576,0.8279057741165161
exploration,cross_variable_variable,46,250,0046_1.jpg,0250_3.jpg,0,0.5655776858329773,0.8196443319320679
exploration,cross_variable_variable,46,279,0046_1.jpg,0279_3.jpg,0,0.5789852142333984,0.8418667316436768
exploration,cross_variable_variable,46,39,0046_1.jpg,0039_3.jpg,0,0.6389482021331787,0.8162707090377808
exploration,cross_variable_variable,47,47,0047_1.jpg,0047_3.jpg,1,0.6112003326416016,0.8350987434387207
exploration,cross_variable_variable,47,76,0047_1.jpg,0076_3.jpg,0,0.5277504324913025,0.8240028619766235
exploration,cross_variable_variable,47,77,0047_1.jpg,0077_3.jpg,0,0.6156727075576782,0.797161340713501
exploration,cross_variable_variable,47,104,0047_1.jpg,0104_3.jpg,0,0.5624781847000122,0.8225216269493103
exploration,cross_variable_variable,47,168,0047_1.jpg,0168_3.jpg,0,0.5940080881118774,0.8110264539718628
exploration,cross_variable_variable,47,169,0047_1.jpg,0169_3.jpg,0,0.6227461695671082,0.8282762169837952
exploration,cross_variable_variable,47,227,0047_1.jpg,0227_3.jpg,0,0.5476016998291016,0.8166416883468628
exploration,cross_variable_variable,47,242,0047_1.jpg,0242_3.jpg,0,0.6379294395446777,0.8176578879356384
exploration,cross_variable_variable,47,251,0047_1.jpg,0251_3.jpg,0,0.5203167796134949,0.8021398186683655
exploration,cross_variable_variable,47,281,0047_1.jpg,0281_3.jpg,0,0.5684648752212524,0.8037971258163452
exploration,cross_variable_variable,47,40,0047_1.jpg,0040_3.jpg,0,0.5760945677757263,0.8190422058105469
exploration,cross_variable_variable,49,49,0049_1.jpg,0049_3.jpg,1,0.5879547595977783,0.8530642986297607
exploration,cross_variable_variable,49,77,0049_1.jpg,0077_3.jpg,0,0.6396374702453613,0.8565086722373962
exploration,cross_variable_variable,49,78,0049_1.jpg,0078_3.jpg,0,0.6632367372512817,0.8757522106170654
exploration,cross_variable_variable,49,105,0049_1.jpg,0105_3.jpg,0,0.5761511325836182,0.8345088958740234
exploration,cross_variable_variable,49,169,0049_1.jpg,0169_3.jpg,0,0.5714080333709717,0.8384294509887695
exploration,cross_variable_variable,49,171,0049_1.jpg,0171_3.jpg,0,0.5409486293792725,0.8299933075904846
exploration,cross_variable_variable,49,228,0049_1.jpg,0228_3.jpg,0,0.6393858790397644,0.8637254238128662
exploration,cross_variable_variable,49,243,0049_1.jpg,0243_3.jpg,0,0.6028192043304443,0.8471809029579163
exploration,cross_variable_variable,49,252,0049_1.jpg,0252_3.jpg,0,0.5858532190322876,0.8457412719726562
exploration,cross_variable_variable,49,282,0049_1.jpg,0282_3.jpg,0,0.5685226917266846,0.8246201276779175
exploration,cross_variable_variable,49,42,0049_1.jpg,0042_3.jpg,0,0.5497943162918091,0.8272855281829834
exploration,cross_variable_variable,55,55,0055_1.jpg,0055_3.jpg,1,0.6517985463142395,0.8515660762786865
exploration,cross_variable_variable,55,78,0055_1.jpg,0078_3.jpg,0,0.6567592620849609,0.8446418046951294
exploration,cross_variable_variable,55,79,0055_1.jpg,0079_3.jpg,0,0.564683198928833,0.8086012601852417
exploration,cross_variable_variable,55,106,0055_1.jpg,0106_3.jpg,0,0.545981764793396,0.8028390407562256
exploration,cross_variable_variable,55,171,0055_1.jpg,0171_3.jpg,0,0.5439138412475586,0.8108851909637451
exploration,cross_variable_variable,55,172,0055_1.jpg,0172_3.jpg,0,0.6293600797653198,0.8539868593215942
exploration,cross_variable_variable,55,229,0055_1.jpg,0229_3.jpg,0,0.5694466829299927,0.8171180486679077
exploration,cross_variable_variable,55,244,0055_1.jpg,0244_3.jpg,0,0.35924282670021057,0.7478036880493164
exploration,cross_variable_variable,55,255,0055_1.jpg,0255_3.jpg,0,0.5659323930740356,0.847309947013855
exploration,cross_variable_variable,55,1,0055_1.jpg,0001_3.jpg,0,0.5646411180496216,0.8264853954315186
exploration,cross_variable_variable,55,43,0055_1.jpg,0043_3.jpg,0,0.5061507225036621,0.8195814490318298
exploration,cross_variable_variable,56,56,0056_1.jpg,0056_3.jpg,1,0.6811628341674805,0.8567214012145996
exploration,cross_variable_variable,56,79,0056_1.jpg,0079_3.jpg,0,0.6070767641067505,0.8099560141563416
exploration,cross_variable_variable,56,81,0056_1.jpg,0081_3.jpg,0,0.580500602722168,0.8150995969772339
exploration,cross_variable_variable,56,107,0056_1.jpg,0107_3.jpg,0,0.6169776916503906,0.8345031142234802
exploration,cross_variable_variable,56,172,0056_1.jpg,0172_3.jpg,0,0.6598851084709167,0.8530220985412598
exploration,cross_variable_variable,56,178,0056_1.jpg,0178_3.jpg,0,0.6330137252807617,0.8528131246566772
exploration,cross_variable_variable,56,231,0056_1.jpg,0231_3.jpg,0,0.5328896641731262,0.7984395027160645
exploration,cross_variable_variable,56,245,0056_1.jpg,0245_3.jpg,0,0.5587781667709351,0.8037160038948059
exploration,cross_variable_variable,56,256,0056_1.jpg,0256_3.jpg,0,0.622819185256958,0.8295255899429321
exploration,cross_variable_variable,56,2,0056_1.jpg,0002_3.jpg,0,0.6080247163772583,0.8306546807289124
exploration,cross_variable_variable,56,46,0056_1.jpg,0046_3.jpg,0,0.6241382360458374,0.8314498662948608
exploration,cross_variable_variable,57,57,0057_1.jpg,0057_3.jpg,1,0.5881736278533936,0.8005121946334839
exploration,cross_variable_variable,57,81,0057_1.jpg,0081_3.jpg,0,0.5782540440559387,0.7954867482185364
exploration,cross_variable_variable,57,83,0057_1.jpg,0083_3.jpg,0,0.6118979454040527,0.8210532665252686
exploration,cross_variable_variable,57,109,0057_1.jpg,0109_3.jpg,0,0.546932578086853,0.8025299310684204
exploration,cross_variable_variable,57,178,0057_1.jpg,0178_3.jpg,0,0.6048145890235901,0.8270940780639648
exploration,cross_variable_variable,57,179,0057_1.jpg,0179_3.jpg,0,0.5634136199951172,0.8095518350601196
exploration,cross_variable_variable,57,232,0057_1.jpg,0232_3.jpg,0,0.5732982158660889,0.8108668327331543
exploration,cross_variable_variable,57,246,0057_1.jpg,0246_3.jpg,0,0.5646216869354248,0.8103631734848022
exploration,cross_variable_variable,57,260,0057_1.jpg,0260_3.jpg,0,0.5936408042907715,0.8168312311172485
exploration,cross_variable_variable,57,3,0057_1.jpg,0003_3.jpg,0,0.5422216653823853,0.7830834984779358
exploration,cross_variable_variable,57,47,0057_1.jpg,0047_3.jpg,0,0.5878793001174927,0.822521448135376
exploration,cross_variable_variable,59,59,0059_1.jpg,0059_3.jpg,1,0.5229551792144775,0.7926880121231079
exploration,cross_variable_variable,59,83,0059_1.jpg,0083_3.jpg,0,0.575838565826416,0.812605082988739
exploration,cross_variable_variable,59,85,0059_1.jpg,0085_3.jpg,0,0.46521344780921936,0.7352253198623657
exploration,cross_variable_variable,59,110,0059_1.jpg,0110_3.jpg,0,0.5257241129875183,0.8164485692977905
exploration,cross_variable_variable,59,179,0059_1.jpg,0179_3.jpg,0,0.5260978937149048,0.7780489325523376
exploration,cross_variable_variable,59,180,0059_1.jpg,0180_3.jpg,0,0.574221134185791,0.8027451634407043
exploration,cross_variable_variable,59,234,0059_1.jpg,0234_3.jpg,0,0.5506366491317749,0.8166821002960205
exploration,cross_variable_variable,59,247,0059_1.jpg,0247_3.jpg,0,0.5780202746391296,0.8200118541717529
exploration,cross_variable_variable,59,261,0059_1.jpg,0261_3.jpg,0,0.5142589807510376,0.7679166793823242
exploration,cross_variable_variable,59,6,0059_1.jpg,0006_3.jpg,0,0.4581694006919861,0.7511575222015381
exploration,cross_variable_variable,59,49,0059_1.jpg,0049_3.jpg,0,0.476569265127182,0.7761079668998718
exploration,cross_variable_variable,60,60,0060_1.jpg,0060_3.jpg,1,0.6113185286521912,0.8479369878768921
exploration,cross_variable_variable,60,85,0060_1.jpg,0085_3.jpg,0,0.5717501640319824,0.8009402751922607
exploration,cross_variable_variable,60,86,0060_1.jpg,0086_3.jpg,0,0.49403005838394165,0.8249403834342957
exploration,cross_variable_variable,60,114,0060_1.jpg,0114_3.jpg,0,0.6574008464813232,0.8365316390991211
exploration,cross_variable_variable,60,180,0060_1.jpg,0180_3.jpg,0,0.6653670072555542,0.8530351519584656
exploration,cross_variable_variable,60,181,0060_1.jpg,0181_3.jpg,0,0.5840404629707336,0.8251539468765259
exploration,cross_variable_variable,60,235,0060_1.jpg,0235_3.jpg,0,0.6091204881668091,0.8469327688217163
exploration,cross_variable_variable,60,248,0060_1.jpg,0248_3.jpg,0,0.5365713834762573,0.8249998092651367
exploration,cross_variable_variable,60,262,0060_1.jpg,0262_3.jpg,0,0.6411098837852478,0.8397574424743652
exploration,cross_variable_variable,60,7,0060_1.jpg,0007_3.jpg,0,0.6069710850715637,0.8245828151702881
exploration,cross_variable_variable,60,55,0060_1.jpg,0055_3.jpg,0,0.5851929783821106,0.8124799728393555
exploration,cross_variable_variable,61,61,0061_1.jpg,0061_3.jpg,1,0.4994869828224182,0.8021023273468018
exploration,cross_variable_variable,61,86,0061_1.jpg,0086_3.jpg,0,0.42332810163497925,0.7788169980049133
exploration,cross_variable_variable,61,87,0061_1.jpg,0087_3.jpg,0,0.4155712425708771,0.7913839221000671
exploration,cross_variable_variable,61,116,0061_1.jpg,0116_3.jpg,0,0.44101768732070923,0.7549161911010742
exploration,cross_variable_variable,61,181,0061_1.jpg,0181_3.jpg,0,0.4218905568122864,0.7384142875671387
exploration,cross_variable_variable,61,183,0061_1.jpg,0183_3.jpg,0,0.42579853534698486,0.7380942702293396
exploration,cross_variable_variable,61,237,0061_1.jpg,0237_3.jpg,0,0.45163482427597046,0.7295100688934326
exploration,cross_variable_variable,61,249,0061_1.jpg,0249_3.jpg,0,0.4270126521587372,0.7331874370574951
exploration,cross_variable_variable,61,263,0061_1.jpg,0263_3.jpg,0,0.45476046204566956,0.7681576013565063
exploration,cross_variable_variable,61,8,0061_1.jpg,0008_3.jpg,0,0.41547873616218567,0.7481700778007507
exploration,cross_variable_variable,61,56,0061_1.jpg,0056_3.jpg,0,0.42267391085624695,0.7470106482505798
exploration,cross_variable_variable,62,62,0062_1.jpg,0062_3.jpg,1,0.6514439582824707,0.8868263363838196
exploration,cross_variable_variable,62,87,0062_1.jpg,0087_3.jpg,0,0.5751410722732544,0.8581516146659851
exploration,cross_variable_variable,62,89,0062_1.jpg,0089_3.jpg,0,0.637133777141571,0.8665109872817993
exploration,cross_variable_variable,62,118,0062_1.jpg,0118_3.jpg,0,0.667978823184967,0.8673512935638428
exploration,cross_variable_variable,62,183,0062_1.jpg,0183_3.jpg,0,0.6570758819580078,0.8617972135543823
exploration,cross_variable_variable,62,185,0062_1.jpg,0185_3.jpg,0,0.6593246459960938,0.8767101764678955
exploration,cross_variable_variable,62,239,0062_1.jpg,0239_3.jpg,0,0.6085911989212036,0.8563733696937561
exploration,cross_variable_variable,62,250,0062_1.jpg,0250_3.jpg,0,0.66713947057724,0.8827590942382812
exploration,cross_variable_variable,62,264,0062_1.jpg,0264_3.jpg,0,0.6467639207839966,0.8692495226860046
exploration,cross_variable_variable,62,11,0062_1.jpg,0011_3.jpg,0,0.6585434079170227,0.8808658123016357
exploration,cross_variable_variable,62,57,0062_1.jpg,0057_3.jpg,0,0.6212975978851318,0.8541467785835266
exploration,cross_variable_variable,65,65,0065_1.jpg,0065_3.jpg,1,0.5873511433601379,0.8225184679031372
exploration,cross_variable_variable,65,89,0065_1.jpg,0089_3.jpg,0,0.5314165353775024,0.7854498624801636
exploration,cross_variable_variable,65,90,0065_1.jpg,0090_3.jpg,0,0.4853534698486328,0.7874315977096558
exploration,cross_variable_variable,65,119,0065_1.jpg,0119_3.jpg,0,0.5257688760757446,0.7992967367172241
exploration,cross_variable_variable,65,185,0065_1.jpg,0185_3.jpg,0,0.5370461344718933,0.7957375049591064
exploration,cross_variable_variable,65,188,0065_1.jpg,0188_3.jpg,0,0.5135451555252075,0.7968549132347107
exploration,cross_variable_variable,65,240,0065_1.jpg,0240_3.jpg,0,0.5398744940757751,0.8116981983184814
exploration,cross_variable_variable,65,251,0065_1.jpg,0251_3.jpg,0,0.5279573202133179,0.8081821203231812
exploration,cross_variable_variable,65,265,0065_1.jpg,0265_3.jpg,0,0.5464311838150024,0.8086970448493958
exploration,cross_variable_variable,65,12,0065_1.jpg,0012_3.jpg,0,0.4726419448852539,0.777845561504364
exploration,cross_variable_variable,65,59,0065_1.jpg,0059_3.jpg,0,0.5033947229385376,0.8125149011611938
exploration,cross_variable_variable,66,66,0066_1.jpg,0066_3.jpg,1,0.5316112041473389,0.7825617790222168
exploration,cross_variable_variable,66,90,0066_1.jpg,0090_3.jpg,0,0.42163652181625366,0.7264699339866638
exploration,cross_variable_variable,66,91,0066_1.jpg,0091_3.jpg,0,0.4388121962547302,0.7293372750282288
exploration,cross_variable_variable,66,122,0066_1.jpg,0122_3.jpg,0,0.45875316858291626,0.7395401000976562
exploration,cross_variable_variable,66,188,0066_1.jpg,0188_3.jpg,0,0.46469056606292725,0.7496531009674072
exploration,cross_variable_variable,66,189,0066_1.jpg,0189_3.jpg,0,0.4348178207874298,0.7202765941619873
exploration,cross_variable_variable,66,241,0066_1.jpg,0241_3.jpg,0,0.5038646459579468,0.7559252381324768
exploration,cross_variable_variable,66,252,0066_1.jpg,0252_3.jpg,0,0.5056341886520386,0.7883957028388977
exploration,cross_variable_variable,66,266,0066_1.jpg,0266_3.jpg,0,0.49758410453796387,0.7682976722717285
exploration,cross_variable_variable,66,15,0066_1.jpg,0015_3.jpg,0,0.45485663414001465,0.7766768932342529
exploration,cross_variable_variable,66,60,0066_1.jpg,0060_3.jpg,0,0.4936444163322449,0.7815341949462891
exploration,cross_variable_variable,67,67,0067_1.jpg,0067_3.jpg,1,0.5680025815963745,0.8529520630836487
exploration,cross_variable_variable,67,91,0067_1.jpg,0091_3.jpg,0,0.6335374116897583,0.8759073615074158
exploration,cross_variable_variable,67,92,0067_1.jpg,0092_3.jpg,0,0.5901662111282349,0.848409116268158
exploration,cross_variable_variable,67,123,0067_1.jpg,0123_3.jpg,0,0.4938330352306366,0.809614896774292
exploration,cross_variable_variable,67,189,0067_1.jpg,0189_3.jpg,0,0.5642971992492676,0.8263851404190063
exploration,cross_variable_variable,67,191,0067_1.jpg,0191_3.jpg,0,0.5592079162597656,0.8168778419494629
exploration,cross_variable_variable,67,242,0067_1.jpg,0242_3.jpg,0,0.5933889150619507,0.8651838302612305
exploration,cross_variable_variable,67,255,0067_1.jpg,0255_3.jpg,0,0.5574091672897339,0.8419561386108398
exploration,cross_variable_variable,67,267,0067_1.jpg,0267_3.jpg,0,0.5686765909194946,0.8316340446472168
exploration,cross_variable_variable,67,18,0067_1.jpg,0018_3.jpg,0,0.5668841600418091,0.8287600874900818
exploration,cross_variable_variable,67,61,0067_1.jpg,0061_3.jpg,0,0.5974341630935669,0.8505409955978394
exploration,cross_variable_variable,70,70,0070_1.jpg,0070_3.jpg,1,0.6984413862228394,0.8877060413360596
exploration,cross_variable_variable,70,92,0070_1.jpg,0092_3.jpg,0,0.5850069522857666,0.8134911060333252
exploration,cross_variable_variable,70,93,0070_1.jpg,0093_3.jpg,0,0.5503766536712646,0.8115659952163696
exploration,cross_variable_variable,70,124,0070_1.jpg,0124_3.jpg,0,0.5665040016174316,0.806142270565033
exploration,cross_variable_variable,70,191,0070_1.jpg,0191_3.jpg,0,0.5917452573776245,0.8203099966049194
exploration,cross_variable_variable,70,192,0070_1.jpg,0192_3.jpg,0,0.4929746985435486,0.7956158518791199
exploration,cross_variable_variable,70,243,0070_1.jpg,0243_3.jpg,0,0.6036393642425537,0.8234483003616333
exploration,cross_variable_variable,70,256,0070_1.jpg,0256_3.jpg,0,0.5681486129760742,0.8182674646377563
exploration,cross_variable_variable,70,271,0070_1.jpg,0271_3.jpg,0,0.5331243872642517,0.7917259931564331
exploration,cross_variable_variable,70,19,0070_1.jpg,0019_3.jpg,0,0.6420133709907532,0.8804963231086731
exploration,cross_variable_variable,70,62,0070_1.jpg,0062_3.jpg,0,0.6054516434669495,0.8266372680664062
exploration,cross_variable_variable,71,71,0071_1.jpg,0071_3.jpg,1,0.6336866617202759,0.8566849231719971
exploration,cross_variable_variable,71,93,0071_1.jpg,0093_3.jpg,0,0.5881963968276978,0.7864434719085693
exploration,cross_variable_variable,71,94,0071_1.jpg,0094_3.jpg,0,0.5716022849082947,0.8312431573867798
exploration,cross_variable_variable,71,125,0071_1.jpg,0125_3.jpg,0,0.547309160232544,0.7971549034118652
exploration,cross_variable_variable,71,192,0071_1.jpg,0192_3.jpg,0,0.559536337852478,0.7995322942733765
exploration,cross_variable_variable,71,196,0071_1.jpg,0196_3.jpg,0,0.516030490398407,0.771737277507782
exploration,cross_variable_variable,71,244,0071_1.jpg,0244_3.jpg,0,0.4542114734649658,0.8089710474014282
exploration,cross_variable_variable,71,260,0071_1.jpg,0260_3.jpg,0,0.6234700679779053,0.8013508319854736
exploration,cross_variable_variable,71,272,0071_1.jpg,0272_3.jpg,0,0.6524621248245239,0.8538262844085693
exploration,cross_variable_variable,71,20,0071_1.jpg,0020_3.jpg,0,0.5905004143714905,0.8192909955978394
exploration,cross_variable_variable,71,65,0071_1.jpg,0065_3.jpg,0,0.566980242729187,0.7992498874664307
exploration,cross_variable_variable,74,74,0074_1.jpg,0074_3.jpg,1,0.604285717010498,0.8420685529708862
exploration,cross_variable_variable,74,94,0074_1.jpg,0094_3.jpg,0,0.5143930912017822,0.8202253580093384
exploration,cross_variable_variable,74,96,0074_1.jpg,0096_3.jpg,0,0.583996057510376,0.8363890647888184
exploration,cross_variable_variable,74,127,0074_1.jpg,0127_3.jpg,0,0.5016935467720032,0.7750188112258911
exploration,cross_variable_variable,74,196,0074_1.jpg,0196_3.jpg,0,0.5351608991622925,0.7875893115997314
exploration,cross_variable_variable,74,197,0074_1.jpg,0197_3.jpg,0,0.46577534079551697,0.7339723110198975
exploration,cross_variable_variable,74,245,0074_1.jpg,0245_3.jpg,0,0.5158087015151978,0.7957026958465576
exploration,cross_variable_variable,74,261,0074_1.jpg,0261_3.jpg,0,0.5823083519935608,0.807410478591919
exploration,cross_variable_variable,74,273,0074_1.jpg,0273_3.jpg,0,0.5359857082366943,0.798690140247345
exploration,cross_variable_variable,74,21,0074_1.jpg,0021_3.jpg,0,0.5574945211410522,0.8054746985435486
exploration,cross_variable_variable,74,66,0074_1.jpg,0066_3.jpg,0,0.5800533294677734,0.8075239658355713
exploration,cross_variable_variable,75,75,0075_1.jpg,0075_3.jpg,1,0.4789825677871704,0.8244460821151733
exploration,cross_variable_variable,75,96,0075_1.jpg,0096_3.jpg,0,0.5957375764846802,0.8453563451766968
exploration,cross_variable_variable,75,97,0075_1.jpg,0097_3.jpg,0,0.5623473525047302,0.8404486179351807
exploration,cross_variable_variable,75,130,0075_1.jpg,0130_3.jpg,0,0.548492431640625,0.8276407718658447
exploration,cross_variable_variable,75,197,0075_1.jpg,0197_3.jpg,0,0.5305622816085815,0.7890907526016235
exploration,cross_variable_variable,75,198,0075_1.jpg,0198_3.jpg,0,0.5726925730705261,0.8432397842407227
exploration,cross_variable_variable,75,246,0075_1.jpg,0246_3.jpg,0,0.6678423881530762,0.8660262823104858
exploration,cross_variable_variable,75,262,0075_1.jpg,0262_3.jpg,0,0.6265571117401123,0.8517440557479858
exploration,cross_variable_variable,75,274,0075_1.jpg,0274_3.jpg,0,0.5684585571289062,0.8413265943527222
exploration,cross_variable_variable,75,22,0075_1.jpg,0022_3.jpg,0,0.6257930994033813,0.8537530303001404
exploration,cross_variable_variable,75,67,0075_1.jpg,0067_3.jpg,0,0.5413980484008789,0.8313238620758057
exploration,cross_variable_variable,76,76,0076_1.jpg,0076_3.jpg,1,0.6032980680465698,0.853580892086029
exploration,cross_variable_variable,76,97,0076_1.jpg,0097_3.jpg,0,0.557947039604187,0.8275595903396606
exploration,cross_variable_variable,76,98,0076_1.jpg,0098_3.jpg,0,0.5691910982131958,0.8206114172935486
exploration,cross_variable_variable,76,132,0076_1.jpg,0132_3.jpg,0,0.5563476085662842,0.8110884428024292
exploration,cross_variable_variable,76,198,0076_1.jpg,0198_3.jpg,0,0.5094406604766846,0.8105043768882751
exploration,cross_variable_variable,76,199,0076_1.jpg,0199_3.jpg,0,0.5546932220458984,0.8095578551292419
exploration,cross_variable_variable,76,247,0076_1.jpg,0247_3.jpg,0,0.6316530704498291,0.8365980386734009
exploration,cross_variable_variable,76,263,0076_1.jpg,0263_3.jpg,0,0.5444803237915039,0.8208310604095459
exploration,cross_variable_variable,76,276,0076_1.jpg,0276_3.jpg,0,0.5747396349906921,0.8373146057128906
exploration,cross_variable_variable,76,25,0076_1.jpg,0025_3.jpg,0,0.49475765228271484,0.7955226898193359
exploration,cross_variable_variable,76,70,0076_1.jpg,0070_3.jpg,0,0.5218849778175354,0.8037641048431396
exploration,cross_variable_variable,77,77,0077_1.jpg,0077_3.jpg,1,0.5990525484085083,0.792531430721283
exploration,cross_variable_variable,77,98,0077_1.jpg,0098_3.jpg,0,0.5527443289756775,0.7913678884506226
exploration,cross_variable_variable,77,100,0077_1.jpg,0100_3.jpg,0,0.5155583620071411,0.7588897347450256
exploration,cross_variable_variable,77,133,0077_1.jpg,0133_3.jpg,0,0.5369312167167664,0.7744724154472351
exploration,cross_variable_variable,77,199,0077_1.jpg,0199_3.jpg,0,0.5669161677360535,0.8021469116210938
exploration,cross_variable_variable,77,200,0077_1.jpg,0200_3.jpg,0,0.5809889435768127,0.8306729793548584
exploration,cross_variable_variable,77,248,0077_1.jpg,0248_3.jpg,0,0.5529126524925232,0.8043503761291504
exploration,cross_variable_variable,77,264,0077_1.jpg,0264_3.jpg,0,0.5812867283821106,0.7874888181686401
exploration,cross_variable_variable,77,279,0077_1.jpg,0279_3.jpg,0,0.5724465847015381,0.7933543920516968
exploration,cross_variable_variable,77,26,0077_1.jpg,0026_3.jpg,0,0.6132321953773499,0.819957971572876
exploration,cross_variable_variable,77,71,0077_1.jpg,0071_3.jpg,0,0.5322602987289429,0.7729840874671936
exploration,cross_variable_variable,78,78,0078_1.jpg,0078_3.jpg,1,0.6072757840156555,0.8456524610519409
exploration,cross_variable_variable,78,100,0078_1.jpg,0100_3.jpg,0,0.4559996724128723,0.7527457475662231
exploration,cross_variable_variable,78,101,0078_1.jpg,0101_3.jpg,0,0.5158599615097046,0.8161945939064026
exploration,cross_variable_variable,78,134,0078_1.jpg,0134_3.jpg,0,0.4770698845386505,0.8053246736526489
exploration,cross_variable_variable,78,200,0078_1.jpg,0200_3.jpg,0,0.49889469146728516,0.8259932994842529
exploration,cross_variable_variable,78,201,0078_1.jpg,0201_3.jpg,0,0.5280284881591797,0.8049596548080444
exploration,cross_variable_variable,78,249,0078_1.jpg,0249_3.jpg,0,0.5138072967529297,0.7796646356582642
exploration,cross_variable_variable,78,265,0078_1.jpg,0265_3.jpg,0,0.5473791360855103,0.8100485801696777
exploration,cross_variable_variable,78,281,0078_1.jpg,0281_3.jpg,0,0.5374371409416199,0.8106406331062317
exploration,cross_variable_variable,78,27,0078_1.jpg,0027_3.jpg,0,0.5146266222000122,0.7882910966873169
exploration,cross_variable_variable,78,74,0078_1.jpg,0074_3.jpg,0,0.5179278254508972,0.8305235505104065
exploration,cross_variable_variable,79,79,0079_1.jpg,0079_3.jpg,1,0.6433656811714172,0.8832741379737854
exploration,cross_variable_variable,79,101,0079_1.jpg,0101_3.jpg,0,0.5700852870941162,0.8667288422584534
exploration,cross_variable_variable,79,103,0079_1.jpg,0103_3.jpg,0,0.5394670963287354,0.8327335119247437
exploration,cross_variable_variable,79,135,0079_1.jpg,0135_3.jpg,0,0.5976445078849792,0.8857412338256836
exploration,cross_variable_variable,79,201,0079_1.jpg,0201_3.jpg,0,0.5955314040184021,0.8587223291397095
exploration,cross_variable_variable,79,203,0079_1.jpg,0203_3.jpg,0,0.6232523918151855,0.8695286512374878
exploration,cross_variable_variable,79,250,0079_1.jpg,0250_3.jpg,0,0.6026071310043335,0.8664774298667908
exploration,cross_variable_variable,79,266,0079_1.jpg,0266_3.jpg,0,0.6307992339134216,0.8701003789901733
exploration,cross_variable_variable,79,282,0079_1.jpg,0282_3.jpg,0,0.6254041194915771,0.864147424697876
exploration,cross_variable_variable,79,29,0079_1.jpg,0029_3.jpg,0,0.5360289812088013,0.8604340553283691
exploration,cross_variable_variable,79,75,0079_1.jpg,0075_3.jpg,0,0.4978790581226349,0.852873682975769
exploration,cross_variable_variable,81,81,0081_1.jpg,0081_3.jpg,1,0.5234817266464233,0.8030309081077576
exploration,cross_variable_variable,81,103,0081_1.jpg,0103_3.jpg,0,0.4988793432712555,0.7760182619094849
exploration,cross_variable_variable,81,104,0081_1.jpg,0104_3.jpg,0,0.5402275323867798,0.8300780057907104
exploration,cross_variable_variable,81,138,0081_1.jpg,0138_3.jpg,0,0.4726022481918335,0.7716594338417053
exploration,cross_variable_variable,81,203,0081_1.jpg,0203_3.jpg,0,0.4892342686653137,0.787122368812561
exploration,cross_variable_variable,81,204,0081_1.jpg,0204_3.jpg,0,0.5477079153060913,0.7931541204452515
exploration,cross_variable_variable,81,251,0081_1.jpg,0251_3.jpg,0,0.5132955312728882,0.7957489490509033
exploration,cross_variable_variable,81,267,0081_1.jpg,0267_3.jpg,0,0.5087782740592957,0.8031900525093079
exploration,cross_variable_variable,81,1,0081_1.jpg,0001_3.jpg,0,0.5042581558227539,0.7975238561630249
exploration,cross_variable_variable,81,30,0081_1.jpg,0030_3.jpg,0,0.5259512066841125,0.7808654308319092
exploration,cross_variable_variable,81,76,0081_1.jpg,0076_3.jpg,0,0.4402921795845032,0.7896358370780945
exploration,cross_variable_variable,83,83,0083_1.jpg,0083_3.jpg,1,0.6299639940261841,0.8434209823608398
exploration,cross_variable_variable,83,104,0083_1.jpg,0104_3.jpg,0,0.4958186745643616,0.7917098999023438
exploration,cross_variable_variable,83,105,0083_1.jpg,0105_3.jpg,0,0.5439517498016357,0.7630727887153625
exploration,cross_variable_variable,83,140,0083_1.jpg,0140_3.jpg,0,0.6033147573471069,0.8130717873573303
exploration,cross_variable_variable,83,204,0083_1.jpg,0204_3.jpg,0,0.5828675031661987,0.7920714616775513
exploration,cross_variable_variable,83,206,0083_1.jpg,0206_3.jpg,0,0.5126643776893616,0.8150184750556946
exploration,cross_variable_variable,83,252,0083_1.jpg,0252_3.jpg,0,0.6598273515701294,0.8453073501586914
exploration,cross_variable_variable,83,271,0083_1.jpg,0271_3.jpg,0,0.5943950414657593,0.8065122365951538
exploration,cross_variable_variable,83,2,0083_1.jpg,0002_3.jpg,0,0.5619851350784302,0.818300724029541
exploration,cross_variable_variable,83,31,0083_1.jpg,0031_3.jpg,0,0.4821956157684326,0.7655723690986633
exploration,cross_variable_variable,83,77,0083_1.jpg,0077_3.jpg,0,0.5653892755508423,0.7764057517051697
exploration,cross_variable_variable,85,85,0085_1.jpg,0085_3.jpg,1,0.5512280464172363,0.7938052415847778
exploration,cross_variable_variable,85,105,0085_1.jpg,0105_3.jpg,0,0.5459851026535034,0.8115634918212891
exploration,cross_variable_variable,85,106,0085_1.jpg,0106_3.jpg,0,0.5440948009490967,0.8091612458229065
exploration,cross_variable_variable,85,142,0085_1.jpg,0142_3.jpg,0,0.5423405766487122,0.8140541315078735
exploration,cross_variable_variable,85,206,0085_1.jpg,0206_3.jpg,0,0.5187757611274719,0.8282667994499207
exploration,cross_variable_variable,85,207,0085_1.jpg,0207_3.jpg,0,0.5540904402732849,0.8249947428703308
exploration,cross_variable_variable,85,255,0085_1.jpg,0255_3.jpg,0,0.5620912313461304,0.8416939377784729
exploration,cross_variable_variable,85,272,0085_1.jpg,0272_3.jpg,0,0.6056864261627197,0.8434464335441589
exploration,cross_variable_variable,85,3,0085_1.jpg,0003_3.jpg,0,0.5245201587677002,0.8039031624794006
exploration,cross_variable_variable,85,35,0085_1.jpg,0035_3.jpg,0,0.5513779520988464,0.8320443630218506
exploration,cross_variable_variable,85,78,0085_1.jpg,0078_3.jpg,0,0.5706502199172974,0.8336162567138672
exploration,cross_variable_variable,86,86,0086_1.jpg,0086_3.jpg,1,0.5622650980949402,0.825971245765686
exploration,cross_variable_variable,86,106,0086_1.jpg,0106_3.jpg,0,0.49620914459228516,0.7756962776184082
exploration,cross_variable_variable,86,107,0086_1.jpg,0107_3.jpg,0,0.4921511113643646,0.7836312651634216
exploration,cross_variable_variable,86,146,0086_1.jpg,0146_3.jpg,0,0.5147334337234497,0.7896347045898438
exploration,cross_variable_variable,86,207,0086_1.jpg,0207_3.jpg,0,0.5300263166427612,0.795014500617981
exploration,cross_variable_variable,86,208,0086_1.jpg,0208_3.jpg,0,0.4841139316558838,0.7754716277122498
exploration,cross_variable_variable,86,256,0086_1.jpg,0256_3.jpg,0,0.5057170391082764,0.7807706594467163
exploration,cross_variable_variable,86,273,0086_1.jpg,0273_3.jpg,0,0.491702139377594,0.7819687128067017
exploration,cross_variable_variable,86,6,0086_1.jpg,0006_3.jpg,0,0.48193004727363586,0.7660300135612488
exploration,cross_variable_variable,86,38,0086_1.jpg,0038_3.jpg,0,0.5370158553123474,0.7948724031448364
exploration,cross_variable_variable,86,79,0086_1.jpg,0079_3.jpg,0,0.5125895738601685,0.7712819576263428
exploration,cross_variable_variable,87,87,0087_1.jpg,0087_3.jpg,1,0.6244282126426697,0.8827418088912964
exploration,cross_variable_variable,87,107,0087_1.jpg,0107_3.jpg,0,0.5747374892234802,0.8388482332229614
exploration,cross_variable_variable,87,109,0087_1.jpg,0109_3.jpg,0,0.5594327449798584,0.8206984996795654
exploration,cross_variable_variable,87,147,0087_1.jpg,0147_3.jpg,0,0.5769516825675964,0.8436090350151062
exploration,cross_variable_variable,87,208,0087_1.jpg,0208_3.jpg,0,0.45964208245277405,0.7735116481781006
exploration,cross_variable_variable,87,209,0087_1.jpg,0209_3.jpg,0,0.5916203856468201,0.8268641233444214
exploration,cross_variable_variable,87,260,0087_1.jpg,0260_3.jpg,0,0.6192922592163086,0.8504253625869751
exploration,cross_variable_variable,87,274,0087_1.jpg,0274_3.jpg,0,0.5693821907043457,0.8447786569595337
exploration,cross_variable_variable,87,7,0087_1.jpg,0007_3.jpg,0,0.6039819717407227,0.8329739570617676
exploration,cross_variable_variable,87,39,0087_1.jpg,0039_3.jpg,0,0.5954068899154663,0.8154890537261963
exploration,cross_variable_variable,87,81,0087_1.jpg,0081_3.jpg,0,0.550331711769104,0.8286789655685425
exploration,cross_variable_variable,89,89,0089_1.jpg,0089_3.jpg,1,0.6066062450408936,0.8312429189682007
exploration,cross_variable_variable,89,109,0089_1.jpg,0109_3.jpg,0,0.5596225261688232,0.8050106763839722
exploration,cross_variable_variable,89,110,0089_1.jpg,0110_3.jpg,0,0.5831295251846313,0.8486722707748413
exploration,cross_variable_variable,89,148,0089_1.jpg,0148_3.jpg,0,0.625739336013794,0.8347717523574829
exploration,cross_variable_variable,89,209,0089_1.jpg,0209_3.jpg,0,0.5757644176483154,0.7991373538970947
exploration,cross_variable_variable,89,211,0089_1.jpg,0211_3.jpg,0,0.5688323974609375,0.8306365013122559
exploration,cross_variable_variable,89,261,0089_1.jpg,0261_3.jpg,0,0.5723750591278076,0.8153866529464722
exploration,cross_variable_variable,89,276,0089_1.jpg,0276_3.jpg,0,0.5928564667701721,0.8498001098632812
exploration,cross_variable_variable,89,8,0089_1.jpg,0008_3.jpg,0,0.5668109059333801,0.819085955619812
exploration,cross_variable_variable,89,40,0089_1.jpg,0040_3.jpg,0,0.5718303918838501,0.8235155344009399
exploration,cross_variable_variable,89,83,0089_1.jpg,0083_3.jpg,0,0.6061196327209473,0.8493345975875854
exploration,cross_variable_variable,90,90,0090_1.jpg,0090_3.jpg,1,0.5795358419418335,0.866145133972168
exploration,cross_variable_variable,90,110,0090_1.jpg,0110_3.jpg,0,0.5844622850418091,0.8728864192962646
exploration,cross_variable_variable,90,114,0090_1.jpg,0114_3.jpg,0,0.5059378743171692,0.7961264848709106
exploration,cross_variable_variable,90,152,0090_1.jpg,0152_3.jpg,0,0.5165654420852661,0.8225792646408081
exploration,cross_variable_variable,90,211,0090_1.jpg,0211_3.jpg,0,0.5599822998046875,0.836533784866333
exploration,cross_variable_variable,90,212,0090_1.jpg,0212_3.jpg,0,0.4731689989566803,0.793790876865387
exploration,cross_variable_variable,90,262,0090_1.jpg,0262_3.jpg,0,0.545564591884613,0.8370476961135864
exploration,cross_variable_variable,90,279,0090_1.jpg,0279_3.jpg,0,0.555573582649231,0.8505340814590454
exploration,cross_variable_variable,90,11,0090_1.jpg,0011_3.jpg,0,0.5214335918426514,0.8295910954475403
exploration,cross_variable_variable,90,42,0090_1.jpg,0042_3.jpg,0,0.5247406363487244,0.8237704038619995
exploration,cross_variable_variable,90,85,0090_1.jpg,0085_3.jpg,0,0.5195626020431519,0.7968113422393799
exploration,cross_variable_variable,91,91,0091_1.jpg,0091_3.jpg,1,0.6540608406066895,0.8310531973838806
exploration,cross_variable_variable,91,114,0091_1.jpg,0114_3.jpg,0,0.5537631511688232,0.78788161277771
exploration,cross_variable_variable,91,116,0091_1.jpg,0116_3.jpg,0,0.6049264669418335,0.8215987682342529
exploration,cross_variable_variable,91,153,0091_1.jpg,0153_3.jpg,0,0.6315317153930664,0.8420207500457764
exploration,cross_variable_variable,91,212,0091_1.jpg,0212_3.jpg,0,0.6403488516807556,0.8335952758789062
exploration,cross_variable_variable,91,213,0091_1.jpg,0213_3.jpg,0,0.6461910605430603,0.8398478031158447
exploration,cross_variable_variable,91,263,0091_1.jpg,0263_3.jpg,0,0.5942656993865967,0.824386477470398
exploration,cross_variable_variable,91,281,0091_1.jpg,0281_3.jpg,0,0.5481584668159485,0.8130356073379517
exploration,cross_variable_variable,91,12,0091_1.jpg,0012_3.jpg,0,0.5509517192840576,0.7914638519287109
exploration,cross_variable_variable,91,43,0091_1.jpg,0043_3.jpg,0,0.5663526058197021,0.8075948357582092
exploration,cross_variable_variable,91,86,0091_1.jpg,0086_3.jpg,0,0.49335139989852905,0.8098030686378479
exploration,cross_variable_variable,92,92,0092_1.jpg,0092_3.jpg,1,0.5827122330665588,0.8138135671615601
exploration,cross_variable_variable,92,116,0092_1.jpg,0116_3.jpg,0,0.509487509727478,0.7827432155609131
exploration,cross_variable_variable,92,118,0092_1.jpg,0118_3.jpg,0,0.5062216520309448,0.7775204181671143
exploration,cross_variable_variable,92,154,0092_1.jpg,0154_3.jpg,0,0.5577237010002136,0.7712664604187012
exploration,cross_variable_variable,92,213,0092_1.jpg,0213_3.jpg,0,0.48701226711273193,0.785251259803772
exploration,cross_variable_variable,92,214,0092_1.jpg,0214_3.jpg,0,0.51738041639328,0.7766835689544678
exploration,cross_variable_variable,92,264,0092_1.jpg,0264_3.jpg,0,0.4823995530605316,0.7564758062362671
exploration,cross_variable_variable,92,282,0092_1.jpg,0282_3.jpg,0,0.5114951729774475,0.7708204984664917
exploration,cross_variable_variable,92,15,0092_1.jpg,0015_3.jpg,0,0.4983201026916504,0.7960253357887268
exploration,cross_variable_variable,92,46,0092_1.jpg,0046_3.jpg,0,0.5006242394447327,0.7619996666908264
exploration,cross_variable_variable,92,87,0092_1.jpg,0087_3.jpg,0,0.5004825592041016,0.8104780316352844
exploration,cross_variable_variable,93,93,0093_1.jpg,0093_3.jpg,1,0.6959969997406006,0.8713371753692627
exploration,cross_variable_variable,93,118,0093_1.jpg,0118_3.jpg,0,0.6031083464622498,0.8225748538970947
exploration,cross_variable_variable,93,119,0093_1.jpg,0119_3.jpg,0,0.5689601898193359,0.8220598697662354
exploration,cross_variable_variable,93,155,0093_1.jpg,0155_3.jpg,0,0.5351486802101135,0.8181394338607788
exploration,cross_variable_variable,93,214,0093_1.jpg,0214_3.jpg,0,0.5983694791793823,0.8328679800033569
exploration,cross_variable_variable,93,216,0093_1.jpg,0216_3.jpg,0,0.5296745896339417,0.8383997678756714
exploration,cross_variable_variable,93,265,0093_1.jpg,0265_3.jpg,0,0.5817415118217468,0.8372112512588501
exploration,cross_variable_variable,93,1,0093_1.jpg,0001_3.jpg,0,0.5958454012870789,0.8333723545074463
exploration,cross_variable_variable,93,18,0093_1.jpg,0018_3.jpg,0,0.5685150623321533,0.7957736849784851
exploration,cross_variable_variable,93,47,0093_1.jpg,0047_3.jpg,0,0.6203548312187195,0.847488522529602
exploration,cross_variable_variable,93,89,0093_1.jpg,0089_3.jpg,0,0.6230300068855286,0.8312709331512451
exploration,cross_variable_variable,94,94,0094_1.jpg,0094_3.jpg,1,0.5977256298065186,0.8534290790557861
exploration,cross_variable_variable,94,119,0094_1.jpg,0119_3.jpg,0,0.5811540484428406,0.8269113898277283
exploration,cross_variable_variable,94,122,0094_1.jpg,0122_3.jpg,0,0.610366702079773,0.8337712287902832
exploration,cross_variable_variable,94,156,0094_1.jpg,0156_3.jpg,0,0.65857994556427,0.8740943074226379
exploration,cross_variable_variable,94,216,0094_1.jpg,0216_3.jpg,0,0.5983915328979492,0.8505345582962036
exploration,cross_variable_variable,94,219,0094_1.jpg,0219_3.jpg,0,0.526678204536438,0.8286756873130798
exploration,cross_variable_variable,94,266,0094_1.jpg,0266_3.jpg,0,0.6200438141822815,0.8379309177398682
exploration,cross_variable_variable,94,2,0094_1.jpg,0002_3.jpg,0,0.5908679962158203,0.843128502368927
exploration,cross_variable_variable,94,19,0094_1.jpg,0019_3.jpg,0,0.5269040465354919,0.8227736949920654
exploration,cross_variable_variable,94,49,0094_1.jpg,0049_3.jpg,0,0.5327316522598267,0.8154066205024719
exploration,cross_variable_variable,94,90,0094_1.jpg,0090_3.jpg,0,0.5853958129882812,0.8308591842651367
exploration,cross_variable_variable,96,96,0096_1.jpg,0096_3.jpg,1,0.6427065134048462,0.8426227569580078
exploration,cross_variable_variable,96,122,0096_1.jpg,0122_3.jpg,0,0.5567179322242737,0.7973605394363403
exploration,cross_variable_variable,96,123,0096_1.jpg,0123_3.jpg,0,0.5193619728088379,0.7981030941009521
exploration,cross_variable_variable,96,157,0096_1.jpg,0157_3.jpg,0,0.5348106622695923,0.7894376516342163
exploration,cross_variable_variable,96,219,0096_1.jpg,0219_3.jpg,0,0.6037307381629944,0.8422505855560303
exploration,cross_variable_variable,96,220,0096_1.jpg,0220_3.jpg,0,0.6320379972457886,0.8390285968780518
exploration,cross_variable_variable,96,267,0096_1.jpg,0267_3.jpg,0,0.6209695339202881,0.8336070775985718
exploration,cross_variable_variable,96,3,0096_1.jpg,0003_3.jpg,0,0.5725371241569519,0.8241320252418518
exploration,cross_variable_variable,96,20,0096_1.jpg,0020_3.jpg,0,0.6468385457992554,0.8462272882461548
exploration,cross_variable_variable,96,55,0096_1.jpg,0055_3.jpg,0,0.5706347227096558,0.8001962900161743
exploration,cross_variable_variable,96,91,0096_1.jpg,0091_3.jpg,0,0.6838903427124023,0.852009654045105
exploration,cross_variable_variable,97,97,0097_1.jpg,0097_3.jpg,1,0.5653827786445618,0.8222814798355103
exploration,cross_variable_variable,97,123,0097_1.jpg,0123_3.jpg,0,0.4868152439594269,0.7683504819869995
exploration,cross_variable_variable,97,124,0097_1.jpg,0124_3.jpg,0,0.6280498504638672,0.8380701541900635
exploration,cross_variable_variable,97,158,0097_1.jpg,0158_3.jpg,0,0.613028883934021,0.8481953144073486
exploration,cross_variable_variable,97,220,0097_1.jpg,0220_3.jpg,0,0.5063610076904297,0.7616791725158691
exploration,cross_variable_variable,97,221,0097_1.jpg,0221_3.jpg,0,0.5435155630111694,0.7662386298179626
exploration,cross_variable_variable,97,271,0097_1.jpg,0271_3.jpg,0,0.5136218070983887,0.7778464555740356
exploration,cross_variable_variable,97,6,0097_1.jpg,0006_3.jpg,0,0.47543150186538696,0.7644414901733398
exploration,cross_variable_variable,97,21,0097_1.jpg,0021_3.jpg,0,0.5287740230560303,0.7903287410736084
exploration,cross_variable_variable,97,56,0097_1.jpg,0056_3.jpg,0,0.5150886178016663,0.7619742155075073
exploration,cross_variable_variable,97,92,0097_1.jpg,0092_3.jpg,0,0.5393174886703491,0.8122479915618896
exploration,cross_variable_variable,98,98,0098_1.jpg,0098_3.jpg,1,0.6155847311019897,0.8230882287025452
exploration,cross_variable_variable,98,124,0098_1.jpg,0124_3.jpg,0,0.6254525780677795,0.8372714519500732
exploration,cross_variable_variable,98,125,0098_1.jpg,0125_3.jpg,0,0.5827738046646118,0.8289450407028198
exploration,cross_variable_variable,98,159,0098_1.jpg,0159_3.jpg,0,0.5743803381919861,0.8076680898666382
exploration,cross_variable_variable,98,221,0098_1.jpg,0221_3.jpg,0,0.5915772914886475,0.7986016273498535
exploration,cross_variable_variable,98,223,0098_1.jpg,0223_3.jpg,0,0.5139210224151611,0.7890336513519287
exploration,cross_variable_variable,98,272,0098_1.jpg,0272_3.jpg,0,0.6484115719795227,0.8449109792709351
exploration,cross_variable_variable,98,7,0098_1.jpg,0007_3.jpg,0,0.5683407187461853,0.8038840293884277
exploration,cross_variable_variable,98,22,0098_1.jpg,0022_3.jpg,0,0.6203444600105286,0.8344987630844116
exploration,cross_variable_variable,98,57,0098_1.jpg,0057_3.jpg,0,0.5760376453399658,0.8127512335777283
exploration,cross_variable_variable,98,93,0098_1.jpg,0093_3.jpg,0,0.5807964205741882,0.8023172616958618
exploration,cross_variable_variable,100,100,0100_1.jpg,0100_3.jpg,1,0.5752217769622803,0.8515905141830444
exploration,cross_variable_variable,100,125,0100_1.jpg,0125_3.jpg,0,0.5606921911239624,0.7947230339050293
exploration,cross_variable_variable,100,127,0100_1.jpg,0127_3.jpg,0,0.49403116106987,0.7521049976348877
exploration,cross_variable_variable,100,161,0100_1.jpg,0161_3.jpg,0,0.5306329727172852,0.7998880743980408
exploration,cross_variable_variable,100,223,0100_1.jpg,0223_3.jpg,0,0.5345558524131775,0.8003852963447571
exploration,cross_variable_variable,100,224,0100_1.jpg,0224_3.jpg,0,0.6063098907470703,0.8337866067886353
exploration,cross_variable_variable,100,273,0100_1.jpg,0273_3.jpg,0,0.5001382231712341,0.7828453183174133
exploration,cross_variable_variable,100,8,0100_1.jpg,0008_3.jpg,0,0.5599932670593262,0.8220800757408142
exploration,cross_variable_variable,100,25,0100_1.jpg,0025_3.jpg,0,0.34644654393196106,0.7177891731262207
exploration,cross_variable_variable,100,59,0100_1.jpg,0059_3.jpg,0,0.5349987745285034,0.8344104886054993
exploration,cross_variable_variable,100,94,0100_1.jpg,0094_3.jpg,0,0.5013147592544556,0.8083878755569458
exploration,cross_variable_variable,101,101,0101_1.jpg,0101_3.jpg,1,0.5842512845993042,0.8196994066238403
exploration,cross_variable_variable,101,127,0101_1.jpg,0127_3.jpg,0,0.5855447053909302,0.829048752784729
exploration,cross_variable_variable,101,130,0101_1.jpg,0130_3.jpg,0,0.5690027475357056,0.816836416721344
exploration,cross_variable_variable,101,162,0101_1.jpg,0162_3.jpg,0,0.6322094202041626,0.8398499488830566
exploration,cross_variable_variable,101,224,0101_1.jpg,0224_3.jpg,0,0.6389302015304565,0.8616833686828613
exploration,cross_variable_variable,101,225,0101_1.jpg,0225_3.jpg,0,0.6574296951293945,0.8219922780990601
exploration,cross_variable_variable,101,274,0101_1.jpg,0274_3.jpg,0,0.5782512426376343,0.8200398683547974
exploration,cross_variable_variable,101,11,0101_1.jpg,0011_3.jpg,0,0.6094228625297546,0.8207508325576782
exploration,cross_variable_variable,101,26,0101_1.jpg,0026_3.jpg,0,0.5881844162940979,0.8262062072753906
exploration,cross_variable_variable,101,60,0101_1.jpg,0060_3.jpg,0,0.6259287595748901,0.8454510569572449
exploration,cross_variable_variable,101,96,0101_1.jpg,0096_3.jpg,0,0.5719565749168396,0.8017908930778503
exploration,cross_variable_variable,103,103,0103_1.jpg,0103_3.jpg,1,0.6067533493041992,0.8244684934616089
exploration,cross_variable_variable,103,130,0103_1.jpg,0130_3.jpg,0,0.5344519019126892,0.8148366212844849
exploration,cross_variable_variable,103,132,0103_1.jpg,0132_3.jpg,0,0.665107250213623,0.8488960266113281
exploration,cross_variable_variable,103,163,0103_1.jpg,0163_3.jpg,0,0.5663807392120361,0.8208612203598022
exploration,cross_variable_variable,103,225,0103_1.jpg,0225_3.jpg,0,0.6061215996742249,0.8057364821434021
exploration,cross_variable_variable,103,226,0103_1.jpg,0226_3.jpg,0,0.7122145891189575,0.8879653215408325
exploration,cross_variable_variable,103,276,0103_1.jpg,0276_3.jpg,0,0.6903835535049438,0.8759990334510803
exploration,cross_variable_variable,103,12,0103_1.jpg,0012_3.jpg,0,0.5433465242385864,0.8071407079696655
exploration,cross_variable_variable,103,27,0103_1.jpg,0027_3.jpg,0,0.6288183927536011,0.8273941278457642
exploration,cross_variable_variable,103,61,0103_1.jpg,0061_3.jpg,0,0.6411796808242798,0.8538403511047363
exploration,cross_variable_variable,103,97,0103_1.jpg,0097_3.jpg,0,0.5127816200256348,0.7968343496322632
exploration,cross_variable_variable,104,104,0104_1.jpg,0104_3.jpg,1,0.5525562763214111,0.8220152854919434
exploration,cross_variable_variable,104,132,0104_1.jpg,0132_3.jpg,0,0.5436919927597046,0.7899906039237976
exploration,cross_variable_variable,104,133,0104_1.jpg,0133_3.jpg,0,0.5359598398208618,0.794035792350769
exploration,cross_variable_variable,104,164,0104_1.jpg,0164_3.jpg,0,0.54906165599823,0.7852325439453125
exploration,cross_variable_variable,104,226,0104_1.jpg,0226_3.jpg,0,0.6343278288841248,0.8512030839920044
exploration,cross_variable_variable,104,227,0104_1.jpg,0227_3.jpg,0,0.5277931690216064,0.8124096393585205
exploration,cross_variable_variable,104,279,0104_1.jpg,0279_3.jpg,0,0.546256959438324,0.8008832931518555
exploration,cross_variable_variable,104,15,0104_1.jpg,0015_3.jpg,0,0.569777250289917,0.8171152472496033
exploration,cross_variable_variable,104,29,0104_1.jpg,0029_3.jpg,0,0.5583395957946777,0.8048461675643921
exploration,cross_variable_variable,104,62,0104_1.jpg,0062_3.jpg,0,0.5682862997055054,0.812009871006012
exploration,cross_variable_variable,104,98,0104_1.jpg,0098_3.jpg,0,0.5124920010566711,0.7818964123725891
exploration,cross_variable_variable,105,105,0105_1.jpg,0105_3.jpg,1,0.5415563583374023,0.8194632530212402
exploration,cross_variable_variable,105,133,0105_1.jpg,0133_3.jpg,0,0.4601150453090668,0.7953705787658691
exploration,cross_variable_variable,105,134,0105_1.jpg,0134_3.jpg,0,0.3966119885444641,0.7606768608093262
exploration,cross_variable_variable,105,167,0105_1.jpg,0167_3.jpg,0,0.42325180768966675,0.7309268116950989
exploration,cross_variable_variable,105,227,0105_1.jpg,0227_3.jpg,0,0.43484294414520264,0.7799755930900574
exploration,cross_variable_variable,105,228,0105_1.jpg,0228_3.jpg,0,0.5546844005584717,0.7840404510498047
exploration,cross_variable_variable,105,281,0105_1.jpg,0281_3.jpg,0,0.4403059482574463,0.7564127445220947
exploration,cross_variable_variable,105,18,0105_1.jpg,0018_3.jpg,0,0.4038357734680176,0.7335097193717957
exploration,cross_variable_variable,105,30,0105_1.jpg,0030_3.jpg,0,0.46377700567245483,0.7617270946502686
exploration,cross_variable_variable,105,65,0105_1.jpg,0065_3.jpg,0,0.43870609998703003,0.7593991160392761
exploration,cross_variable_variable,105,100,0105_1.jpg,0100_3.jpg,0,0.45901837944984436,0.7835160493850708
exploration,cross_variable_variable,106,106,0106_1.jpg,0106_3.jpg,1,0.655226469039917,0.8375592827796936
exploration,cross_variable_variable,106,134,0106_1.jpg,0134_3.jpg,0,0.5702031254768372,0.8313355445861816
exploration,cross_variable_variable,106,135,0106_1.jpg,0135_3.jpg,0,0.6205254793167114,0.849704384803772
exploration,cross_variable_variable,106,168,0106_1.jpg,0168_3.jpg,0,0.6662477254867554,0.8175220489501953
exploration,cross_variable_variable,106,228,0106_1.jpg,0228_3.jpg,0,0.7065030336380005,0.8777344822883606
exploration,cross_variable_variable,106,229,0106_1.jpg,0229_3.jpg,0,0.5917919874191284,0.8070410490036011
exploration,cross_variable_variable,106,282,0106_1.jpg,0282_3.jpg,0,0.6858092546463013,0.8432769179344177
exploration,cross_variable_variable,106,19,0106_1.jpg,0019_3.jpg,0,0.5877910852432251,0.8269416093826294
exploration,cross_variable_variable,106,31,0106_1.jpg,0031_3.jpg,0,0.5729067921638489,0.8097561597824097
exploration,cross_variable_variable,106,66,0106_1.jpg,0066_3.jpg,0,0.64795982837677,0.850641131401062
exploration,cross_variable_variable,106,101,0106_1.jpg,0101_3.jpg,0,0.6558446884155273,0.8474426865577698
exploration,cross_variable_variable,107,107,0107_1.jpg,0107_3.jpg,1,0.5465296506881714,0.8122951984405518
exploration,cross_variable_variable,107,135,0107_1.jpg,0135_3.jpg,0,0.5450102090835571,0.8216602206230164
exploration,cross_variable_variable,107,138,0107_1.jpg,0138_3.jpg,0,0.5333453416824341,0.7999194264411926
exploration,cross_variable_variable,107,169,0107_1.jpg,0169_3.jpg,0,0.5924919843673706,0.8412756323814392
exploration,cross_variable_variable,107,229,0107_1.jpg,0229_3.jpg,0,0.5478793978691101,0.8064283132553101
exploration,cross_variable_variable,107,231,0107_1.jpg,0231_3.jpg,0,0.47706812620162964,0.7767186760902405
exploration,cross_variable_variable,107,1,0107_1.jpg,0001_3.jpg,0,0.5678197145462036,0.8297133445739746
exploration,cross_variable_variable,107,20,0107_1.jpg,0020_3.jpg,0,0.5723413228988647,0.8353142142295837
exploration,cross_variable_variable,107,35,0107_1.jpg,0035_3.jpg,0,0.6000708937644958,0.8430707454681396
exploration,cross_variable_variable,107,67,0107_1.jpg,0067_3.jpg,0,0.4726102352142334,0.800233781337738
exploration,cross_variable_variable,107,103,0107_1.jpg,0103_3.jpg,0,0.5156724452972412,0.7791711688041687
exploration,cross_variable_variable,109,109,0109_1.jpg,0109_3.jpg,1,0.5210518836975098,0.7934432625770569
exploration,cross_variable_variable,109,138,0109_1.jpg,0138_3.jpg,0,0.5153500437736511,0.7783847451210022
exploration,cross_variable_variable,109,140,0109_1.jpg,0140_3.jpg,0,0.5552884340286255,0.8132573366165161
exploration,cross_variable_variable,109,171,0109_1.jpg,0171_3.jpg,0,0.5009171962738037,0.7854247093200684
exploration,cross_variable_variable,109,231,0109_1.jpg,0231_3.jpg,0,0.47482383251190186,0.7664259672164917
exploration,cross_variable_variable,109,232,0109_1.jpg,0232_3.jpg,0,0.5684855580329895,0.8272562026977539
exploration,cross_variable_variable,109,2,0109_1.jpg,0002_3.jpg,0,0.5775976777076721,0.8132428526878357
exploration,cross_variable_variable,109,21,0109_1.jpg,0021_3.jpg,0,0.5171530246734619,0.7786076664924622
exploration,cross_variable_variable,109,38,0109_1.jpg,0038_3.jpg,0,0.5614625215530396,0.8129280805587769
exploration,cross_variable_variable,109,70,0109_1.jpg,0070_3.jpg,0,0.4778260290622711,0.7790507078170776
exploration,cross_variable_variable,109,104,0109_1.jpg,0104_3.jpg,0,0.558813214302063,0.8252668380737305
exploration,cross_variable_variable,110,110,0110_1.jpg,0110_3.jpg,1,0.5722654461860657,0.8291149139404297
exploration,cross_variable_variable,110,140,0110_1.jpg,0140_3.jpg,0,0.5135310888290405,0.7996426820755005
exploration,cross_variable_variable,110,142,0110_1.jpg,0142_3.jpg,0,0.5329980850219727,0.8033343553543091
exploration,cross_variable_variable,110,172,0110_1.jpg,0172_3.jpg,0,0.5368452072143555,0.8016020059585571
exploration,cross_variable_variable,110,232,0110_1.jpg,0232_3.jpg,0,0.5277920365333557,0.8231824040412903
exploration,cross_variable_variable,110,234,0110_1.jpg,0234_3.jpg,0,0.5127496719360352,0.8118505477905273
exploration,cross_variable_variable,110,3,0110_1.jpg,0003_3.jpg,0,0.488613486289978,0.7793601751327515
exploration,cross_variable_variable,110,22,0110_1.jpg,0022_3.jpg,0,0.5689837336540222,0.8159444332122803
exploration,cross_variable_variable,110,39,0110_1.jpg,0039_3.jpg,0,0.5740392208099365,0.76973557472229
exploration,cross_variable_variable,110,71,0110_1.jpg,0071_3.jpg,0,0.48909682035446167,0.7903420925140381
exploration,cross_variable_variable,110,105,0110_1.jpg,0105_3.jpg,0,0.521254301071167,0.7956026196479797
exploration,cross_variable_variable,114,114,0114_1.jpg,0114_3.jpg,1,0.6819334030151367,0.8615760803222656
exploration,cross_variable_variable,114,142,0114_1.jpg,0142_3.jpg,0,0.587306022644043,0.8082348108291626
exploration,cross_variable_variable,114,146,0114_1.jpg,0146_3.jpg,0,0.5820580720901489,0.8392722606658936
exploration,cross_variable_variable,114,178,0114_1.jpg,0178_3.jpg,0,0.5898287892341614,0.851402997970581
exploration,cross_variable_variable,114,234,0114_1.jpg,0234_3.jpg,0,0.5806806683540344,0.8439657092094421
exploration,cross_variable_variable,114,235,0114_1.jpg,0235_3.jpg,0,0.6188104748725891,0.8473142385482788
exploration,cross_variable_variable,114,6,0114_1.jpg,0006_3.jpg,0,0.5219706296920776,0.8066469430923462
exploration,cross_variable_variable,114,25,0114_1.jpg,0025_3.jpg,0,0.4882686138153076,0.786594033241272
exploration,cross_variable_variable,114,40,0114_1.jpg,0040_3.jpg,0,0.5634886026382446,0.8248510956764221
exploration,cross_variable_variable,114,74,0114_1.jpg,0074_3.jpg,0,0.5935422778129578,0.8509037494659424
exploration,cross_variable_variable,114,106,0114_1.jpg,0106_3.jpg,0,0.5747784972190857,0.8152984976768494
exploration,cross_variable_variable,116,116,0116_1.jpg,0116_3.jpg,1,0.6056413650512695,0.8073089122772217
exploration,cross_variable_variable,116,146,0116_1.jpg,0146_3.jpg,0,0.5577359199523926,0.8026295304298401
exploration,cross_variable_variable,116,147,0116_1.jpg,0147_3.jpg,0,0.5739254951477051,0.8202801942825317
exploration,cross_variable_variable,116,179,0116_1.jpg,0179_3.jpg,0,0.5876671671867371,0.8239134550094604
exploration,cross_variable_variable,116,235,0116_1.jpg,0235_3.jpg,0,0.6190618276596069,0.8199672102928162
exploration,cross_variable_variable,116,237,0116_1.jpg,0237_3.jpg,0,0.5426957607269287,0.7717516422271729
exploration,cross_variable_variable,116,7,0116_1.jpg,0007_3.jpg,0,0.5887331366539001,0.7891387343406677
exploration,cross_variable_variable,116,26,0116_1.jpg,0026_3.jpg,0,0.6040656566619873,0.8370954990386963
exploration,cross_variable_variable,116,42,0116_1.jpg,0042_3.jpg,0,0.5877243280410767,0.8146440982818604
exploration,cross_variable_variable,116,75,0116_1.jpg,0075_3.jpg,0,0.49110978841781616,0.8376944065093994
exploration,cross_variable_variable,116,107,0116_1.jpg,0107_3.jpg,0,0.5491578578948975,0.8026776313781738
exploration,cross_variable_variable,118,118,0118_1.jpg,0118_3.jpg,1,0.692561149597168,0.8639891147613525
exploration,cross_variable_variable,118,147,0118_1.jpg,0147_3.jpg,0,0.6604915857315063,0.8523273468017578
exploration,cross_variable_variable,118,148,0118_1.jpg,0148_3.jpg,0,0.6701653599739075,0.8707473278045654
exploration,cross_variable_variable,118,180,0118_1.jpg,0180_3.jpg,0,0.7143213748931885,0.8754681348800659
exploration,cross_variable_variable,118,237,0118_1.jpg,0237_3.jpg,0,0.6021451950073242,0.7974573373794556
exploration,cross_variable_variable,118,239,0118_1.jpg,0239_3.jpg,0,0.6513699293136597,0.8428046107292175
exploration,cross_variable_variable,118,8,0118_1.jpg,0008_3.jpg,0,0.6561187505722046,0.8501776456832886
exploration,cross_variable_variable,118,27,0118_1.jpg,0027_3.jpg,0,0.6854418516159058,0.8519542813301086
exploration,cross_variable_variable,118,43,0118_1.jpg,0043_3.jpg,0,0.6465009450912476,0.8594257831573486
exploration,cross_variable_variable,118,76,0118_1.jpg,0076_3.jpg,0,0.5985202789306641,0.8485884666442871
exploration,cross_variable_variable,118,109,0118_1.jpg,0109_3.jpg,0,0.6343402862548828,0.8353719711303711
exploration,cross_variable_variable,119,119,0119_1.jpg,0119_3.jpg,1,0.5250028371810913,0.8052057027816772
exploration,cross_variable_variable,119,148,0119_1.jpg,0148_3.jpg,0,0.6567354202270508,0.8597621917724609
exploration,cross_variable_variable,119,152,0119_1.jpg,0152_3.jpg,0,0.5541526675224304,0.8152469992637634
exploration,cross_variable_variable,119,181,0119_1.jpg,0181_3.jpg,0,0.5205416679382324,0.8105669021606445
exploration,cross_variable_variable,119,239,0119_1.jpg,0239_3.jpg,0,0.48781415820121765,0.789275050163269
exploration,cross_variable_variable,119,240,0119_1.jpg,0240_3.jpg,0,0.5702115893363953,0.8244912624359131
exploration,cross_variable_variable,119,11,0119_1.jpg,0011_3.jpg,0,0.553292989730835,0.8216421604156494
exploration,cross_variable_variable,119,29,0119_1.jpg,0029_3.jpg,0,0.5312640070915222,0.8086971044540405
exploration,cross_variable_variable,119,46,0119_1.jpg,0046_3.jpg,0,0.5306757688522339,0.8134759664535522
exploration,cross_variable_variable,119,77,0119_1.jpg,0077_3.jpg,0,0.5407750010490417,0.7877395153045654
exploration,cross_variable_variable,119,110,0119_1.jpg,0110_3.jpg,0,0.6008737087249756,0.8434013724327087
exploration,cross_variable_variable,122,122,0122_1.jpg,0122_3.jpg,1,0.608751118183136,0.8413947224617004
exploration,cross_variable_variable,122,152,0122_1.jpg,0152_3.jpg,0,0.5290223360061646,0.8190279006958008
exploration,cross_variable_variable,122,153,0122_1.jpg,0153_3.jpg,0,0.6073773503303528,0.8508107662200928
exploration,cross_variable_variable,122,183,0122_1.jpg,0183_3.jpg,0,0.6137189865112305,0.8359853625297546
exploration,cross_variable_variable,122,240,0122_1.jpg,0240_3.jpg,0,0.6034056544303894,0.853002667427063
exploration,cross_variable_variable,122,241,0122_1.jpg,0241_3.jpg,0,0.6198570728302002,0.8358631730079651
exploration,cross_variable_variable,122,12,0122_1.jpg,0012_3.jpg,0,0.5143202543258667,0.8137248754501343
exploration,cross_variable_variable,122,30,0122_1.jpg,0030_3.jpg,0,0.5997140407562256,0.8383156061172485
exploration,cross_variable_variable,122,47,0122_1.jpg,0047_3.jpg,0,0.6020033955574036,0.862830638885498
exploration,cross_variable_variable,122,78,0122_1.jpg,0078_3.jpg,0,0.6388014554977417,0.855615496635437
exploration,cross_variable_variable,122,114,0122_1.jpg,0114_3.jpg,0,0.6294734477996826,0.8408658504486084
exploration,cross_variable_variable,123,123,0123_1.jpg,0123_3.jpg,1,0.5586023330688477,0.8162631392478943
exploration,cross_variable_variable,123,153,0123_1.jpg,0153_3.jpg,0,0.6539352536201477,0.8643234968185425
exploration,cross_variable_variable,123,154,0123_1.jpg,0154_3.jpg,0,0.6419034004211426,0.8445813655853271
exploration,cross_variable_variable,123,185,0123_1.jpg,0185_3.jpg,0,0.6224943399429321,0.8256381154060364
exploration,cross_variable_variable,123,241,0123_1.jpg,0241_3.jpg,0,0.6493211984634399,0.8398469686508179
exploration,cross_variable_variable,123,242,0123_1.jpg,0242_3.jpg,0,0.6435818672180176,0.8555748462677002
exploration,cross_variable_variable,123,15,0123_1.jpg,0015_3.jpg,0,0.5582705140113831,0.8403462171554565
exploration,cross_variable_variable,123,31,0123_1.jpg,0031_3.jpg,0,0.571433961391449,0.8346246480941772
exploration,cross_variable_variable,123,49,0123_1.jpg,0049_3.jpg,0,0.587665319442749,0.8335491418838501
exploration,cross_variable_variable,123,79,0123_1.jpg,0079_3.jpg,0,0.6086006164550781,0.831345796585083
exploration,cross_variable_variable,123,116,0123_1.jpg,0116_3.jpg,0,0.6035439968109131,0.8349992036819458
exploration,cross_variable_variable,124,124,0124_1.jpg,0124_3.jpg,1,0.6153714656829834,0.8339781165122986
exploration,cross_variable_variable,124,154,0124_1.jpg,0154_3.jpg,0,0.5920313596725464,0.783354640007019
exploration,cross_variable_variable,124,155,0124_1.jpg,0155_3.jpg,0,0.5124719738960266,0.7746224999427795
exploration,cross_variable_variable,124,188,0124_1.jpg,0188_3.jpg,0,0.4863203167915344,0.759072482585907
exploration,cross_variable_variable,124,242,0124_1.jpg,0242_3.jpg,0,0.6116722822189331,0.8204836845397949
exploration,cross_variable_variable,124,243,0124_1.jpg,0243_3.jpg,0,0.5698529481887817,0.8310263156890869
exploration,cross_variable_variable,124,18,0124_1.jpg,0018_3.jpg,0,0.45685505867004395,0.7354099750518799
exploration,cross_variable_variable,124,35,0124_1.jpg,0035_3.jpg,0,0.5667002201080322,0.8021595478057861
exploration,cross_variable_variable,124,55,0124_1.jpg,0055_3.jpg,0,0.5316553711891174,0.7906010746955872
exploration,cross_variable_variable,124,81,0124_1.jpg,0081_3.jpg,0,0.5165407657623291,0.7758529186248779
exploration,cross_variable_variable,124,118,0124_1.jpg,0118_3.jpg,0,0.586944580078125,0.7958444952964783
exploration,cross_variable_variable,125,125,0125_1.jpg,0125_3.jpg,1,0.5946952104568481,0.8447708487510681
exploration,cross_variable_variable,125,155,0125_1.jpg,0155_3.jpg,0,0.5199174880981445,0.8130850195884705
exploration,cross_variable_variable,125,156,0125_1.jpg,0156_3.jpg,0,0.508327305316925,0.828508734703064
exploration,cross_variable_variable,125,189,0125_1.jpg,0189_3.jpg,0,0.560153603553772,0.8019335865974426
exploration,cross_variable_variable,125,243,0125_1.jpg,0243_3.jpg,0,0.5604461431503296,0.8483224511146545
exploration,cross_variable_variable,125,244,0125_1.jpg,0244_3.jpg,0,0.42517349123954773,0.7336701154708862
exploration,cross_variable_variable,125,19,0125_1.jpg,0019_3.jpg,0,0.5142490863800049,0.8177440166473389
exploration,cross_variable_variable,125,38,0125_1.jpg,0038_3.jpg,0,0.5898890495300293,0.8438340425491333
exploration,cross_variable_variable,125,56,0125_1.jpg,0056_3.jpg,0,0.5998598337173462,0.8183163404464722
exploration,cross_variable_variable,125,83,0125_1.jpg,0083_3.jpg,0,0.6137322783470154,0.8617041707038879
exploration,cross_variable_variable,125,119,0125_1.jpg,0119_3.jpg,0,0.5527592301368713,0.8180292844772339
exploration,cross_variable_variable,127,127,0127_1.jpg,0127_3.jpg,1,0.55615234375,0.7997065782546997
exploration,cross_variable_variable,127,156,0127_1.jpg,0156_3.jpg,0,0.5130664110183716,0.79322350025177
exploration,cross_variable_variable,127,157,0127_1.jpg,0157_3.jpg,0,0.49878209829330444,0.7400287389755249
exploration,cross_variable_variable,127,191,0127_1.jpg,0191_3.jpg,0,0.5557208061218262,0.7900128364562988
exploration,cross_variable_variable,127,244,0127_1.jpg,0244_3.jpg,0,0.3517364263534546,0.6579715609550476
exploration,cross_variable_variable,127,245,0127_1.jpg,0245_3.jpg,0,0.4492303431034088,0.731772780418396
exploration,cross_variable_variable,127,20,0127_1.jpg,0020_3.jpg,0,0.4965691864490509,0.7774930596351624
exploration,cross_variable_variable,127,39,0127_1.jpg,0039_3.jpg,0,0.625575840473175,0.8118021488189697
exploration,cross_variable_variable,127,57,0127_1.jpg,0057_3.jpg,0,0.511644721031189,0.7635846138000488
exploration,cross_variable_variable,127,85,0127_1.jpg,0085_3.jpg,0,0.5442067384719849,0.7599658966064453
exploration,cross_variable_variable,127,122,0127_1.jpg,0122_3.jpg,0,0.5344319343566895,0.7747041583061218
exploration,cross_variable_variable,130,130,0130_1.jpg,0130_3.jpg,1,0.5430851578712463,0.8181196451187134
exploration,cross_variable_variable,130,157,0130_1.jpg,0157_3.jpg,0,0.5500694513320923,0.8064039349555969
exploration,cross_variable_variable,130,158,0130_1.jpg,0158_3.jpg,0,0.6370313763618469,0.8672289848327637
exploration,cross_variable_variable,130,192,0130_1.jpg,0192_3.jpg,0,0.5741143822669983,0.8395622968673706
exploration,cross_variable_variable,130,245,0130_1.jpg,0245_3.jpg,0,0.5425597429275513,0.8357274532318115
exploration,cross_variable_variable,130,246,0130_1.jpg,0246_3.jpg,0,0.6786772012710571,0.8726218938827515
exploration,cross_variable_variable,130,21,0130_1.jpg,0021_3.jpg,0,0.5667724609375,0.8037275075912476
exploration,cross_variable_variable,130,40,0130_1.jpg,0040_3.jpg,0,0.6036292910575867,0.8480193614959717
exploration,cross_variable_variable,130,59,0130_1.jpg,0059_3.jpg,0,0.6073368787765503,0.8543242812156677
exploration,cross_variable_variable,130,86,0130_1.jpg,0086_3.jpg,0,0.5544102191925049,0.8483167886734009
exploration,cross_variable_variable,130,123,0130_1.jpg,0123_3.jpg,0,0.48318690061569214,0.788000226020813
exploration,cross_variable_variable,132,132,0132_1.jpg,0132_3.jpg,1,0.6657685041427612,0.8674929141998291
exploration,cross_variable_variable,132,158,0132_1.jpg,0158_3.jpg,0,0.6621581315994263,0.8876914978027344
exploration,cross_variable_variable,132,159,0132_1.jpg,0159_3.jpg,0,0.6723054647445679,0.8607872724533081
exploration,cross_variable_variable,132,196,0132_1.jpg,0196_3.jpg,0,0.6019588112831116,0.8418055772781372
exploration,cross_variable_variable,132,246,0132_1.jpg,0246_3.jpg,0,0.6663126945495605,0.8749698400497437
exploration,cross_variable_variable,132,247,0132_1.jpg,0247_3.jpg,0,0.7279524207115173,0.8868257999420166
exploration,cross_variable_variable,132,22,0132_1.jpg,0022_3.jpg,0,0.6610656976699829,0.8770461678504944
exploration,cross_variable_variable,132,42,0132_1.jpg,0042_3.jpg,0,0.5799853801727295,0.8511574864387512
exploration,cross_variable_variable,132,60,0132_1.jpg,0060_3.jpg,0,0.5659034848213196,0.8513433933258057
exploration,cross_variable_variable,132,87,0132_1.jpg,0087_3.jpg,0,0.6824300289154053,0.877131998538971
exploration,cross_variable_variable,132,124,0132_1.jpg,0124_3.jpg,0,0.6158018112182617,0.8363498449325562
exploration,cross_variable_variable,133,133,0133_1.jpg,0133_3.jpg,1,0.5787101984024048,0.8174569606781006
exploration,cross_variable_variable,133,159,0133_1.jpg,0159_3.jpg,0,0.6265113353729248,0.832128643989563
exploration,cross_variable_variable,133,161,0133_1.jpg,0161_3.jpg,0,0.5616259574890137,0.8308173418045044
exploration,cross_variable_variable,133,197,0133_1.jpg,0197_3.jpg,0,0.5561131834983826,0.7985107898712158
exploration,cross_variable_variable,133,247,0133_1.jpg,0247_3.jpg,0,0.6392455101013184,0.8403993844985962
exploration,cross_variable_variable,133,248,0133_1.jpg,0248_3.jpg,0,0.5335891246795654,0.8123600482940674
exploration,cross_variable_variable,133,25,0133_1.jpg,0025_3.jpg,0,0.414324551820755,0.7518055438995361
exploration,cross_variable_variable,133,43,0133_1.jpg,0043_3.jpg,0,0.5373105406761169,0.8183547258377075
exploration,cross_variable_variable,133,61,0133_1.jpg,0061_3.jpg,0,0.5909866094589233,0.8402934074401855
exploration,cross_variable_variable,133,89,0133_1.jpg,0089_3.jpg,0,0.5827772617340088,0.8240987062454224
exploration,cross_variable_variable,133,125,0133_1.jpg,0125_3.jpg,0,0.5875130295753479,0.8290636539459229
exploration,cross_variable_variable,134,134,0134_1.jpg,0134_3.jpg,1,0.5440965890884399,0.8334845900535583
exploration,cross_variable_variable,134,161,0134_1.jpg,0161_3.jpg,0,0.5489659905433655,0.8295313119888306
exploration,cross_variable_variable,134,162,0134_1.jpg,0162_3.jpg,0,0.569489598274231,0.8201808333396912
exploration,cross_variable_variable,134,198,0134_1.jpg,0198_3.jpg,0,0.5255237817764282,0.7974850535392761
exploration,cross_variable_variable,134,248,0134_1.jpg,0248_3.jpg,0,0.5021397471427917,0.8082376718521118
exploration,cross_variable_variable,134,249,0134_1.jpg,0249_3.jpg,0,0.5531170964241028,0.7950419187545776
exploration,cross_variable_variable,134,26,0134_1.jpg,0026_3.jpg,0,0.6014778017997742,0.8402746319770813
exploration,cross_variable_variable,134,46,0134_1.jpg,0046_3.jpg,0,0.5530705451965332,0.8077765107154846
exploration,cross_variable_variable,134,62,0134_1.jpg,0062_3.jpg,0,0.5587043166160583,0.8330852389335632
exploration,cross_variable_variable,134,90,0134_1.jpg,0090_3.jpg,0,0.528782844543457,0.790306568145752
exploration,cross_variable_variable,134,127,0134_1.jpg,0127_3.jpg,0,0.5656332969665527,0.8193680644035339
exploration,cross_variable_variable,135,135,0135_1.jpg,0135_3.jpg,1,0.5433093309402466,0.8274745345115662
exploration,cross_variable_variable,135,162,0135_1.jpg,0162_3.jpg,0,0.5212259292602539,0.8019810914993286
exploration,cross_variable_variable,135,163,0135_1.jpg,0163_3.jpg,0,0.4661361575126648,0.7735894918441772
exploration,cross_variable_variable,135,199,0135_1.jpg,0199_3.jpg,0,0.45946812629699707,0.7628095746040344
exploration,cross_variable_variable,135,249,0135_1.jpg,0249_3.jpg,0,0.44921791553497314,0.751181423664093
exploration,cross_variable_variable,135,250,0135_1.jpg,0250_3.jpg,0,0.46197354793548584,0.7634270191192627
exploration,cross_variable_variable,135,27,0135_1.jpg,0027_3.jpg,0,0.4419401288032532,0.7423018217086792
exploration,cross_variable_variable,135,47,0135_1.jpg,0047_3.jpg,0,0.5084952712059021,0.8034801483154297
exploration,cross_variable_variable,135,65,0135_1.jpg,0065_3.jpg,0,0.4761933982372284,0.769190788269043
exploration,cross_variable_variable,135,91,0135_1.jpg,0091_3.jpg,0,0.45716309547424316,0.7628629207611084
exploration,cross_variable_variable,135,130,0135_1.jpg,0130_3.jpg,0,0.46017587184906006,0.7612485289573669
exploration,cross_variable_variable,138,138,0138_1.jpg,0138_3.jpg,1,0.6733481287956238,0.8648059964179993
exploration,cross_variable_variable,138,163,0138_1.jpg,0163_3.jpg,0,0.6343890428543091,0.874189019203186
exploration,cross_variable_variable,138,164,0138_1.jpg,0164_3.jpg,0,0.6697816848754883,0.861085057258606
exploration,cross_variable_variable,138,200,0138_1.jpg,0200_3.jpg,0,0.6648319959640503,0.8950968980789185
exploration,cross_variable_variable,138,250,0138_1.jpg,0250_3.jpg,0,0.6665065288543701,0.8717460632324219
exploration,cross_variable_variable,138,251,0138_1.jpg,0251_3.jpg,0,0.6039738059043884,0.8625656366348267
exploration,cross_variable_variable,138,29,0138_1.jpg,0029_3.jpg,0,0.6237165927886963,0.8631604313850403
exploration,cross_variable_variable,138,49,0138_1.jpg,0049_3.jpg,0,0.6216301321983337,0.8617182970046997
exploration,cross_variable_variable,138,66,0138_1.jpg,0066_3.jpg,0,0.6369842290878296,0.8555475473403931
exploration,cross_variable_variable,138,92,0138_1.jpg,0092_3.jpg,0,0.6771758794784546,0.8801508545875549
exploration,cross_variable_variable,138,132,0138_1.jpg,0132_3.jpg,0,0.6547914147377014,0.8673068284988403
exploration,cross_variable_variable,140,140,0140_1.jpg,0140_3.jpg,1,0.63340163230896,0.8713442087173462
exploration,cross_variable_variable,140,164,0140_1.jpg,0164_3.jpg,0,0.5688681602478027,0.8287256956100464
exploration,cross_variable_variable,140,167,0140_1.jpg,0167_3.jpg,0,0.5550321340560913,0.8157740831375122
exploration,cross_variable_variable,140,201,0140_1.jpg,0201_3.jpg,0,0.5207439661026001,0.8278257846832275
exploration,cross_variable_variable,140,251,0140_1.jpg,0251_3.jpg,0,0.5397093296051025,0.8462358713150024
exploration,cross_variable_variable,140,252,0140_1.jpg,0252_3.jpg,0,0.5531191825866699,0.8396354913711548
exploration,cross_variable_variable,140,30,0140_1.jpg,0030_3.jpg,0,0.5763794183731079,0.8272000551223755
exploration,cross_variable_variable,140,55,0140_1.jpg,0055_3.jpg,0,0.5107227563858032,0.8249788284301758
exploration,cross_variable_variable,140,67,0140_1.jpg,0067_3.jpg,0,0.49661120772361755,0.8241748809814453
exploration,cross_variable_variable,140,93,0140_1.jpg,0093_3.jpg,0,0.6212118864059448,0.8467133641242981
exploration,cross_variable_variable,140,133,0140_1.jpg,0133_3.jpg,0,0.6068823933601379,0.8371496200561523
exploration,cross_variable_variable,142,142,0142_1.jpg,0142_3.jpg,1,0.5995616912841797,0.7918365001678467
exploration,cross_variable_variable,142,167,0142_1.jpg,0167_3.jpg,0,0.5053963661193848,0.7699522972106934
exploration,cross_variable_variable,142,168,0142_1.jpg,0168_3.jpg,0,0.6110184192657471,0.7943406105041504
exploration,cross_variable_variable,142,203,0142_1.jpg,0203_3.jpg,0,0.5789011716842651,0.8025510311126709
exploration,cross_variable_variable,142,252,0142_1.jpg,0252_3.jpg,0,0.5789324641227722,0.8090713024139404
exploration,cross_variable_variable,142,255,0142_1.jpg,0255_3.jpg,0,0.5809847116470337,0.8158878087997437
exploration,cross_variable_variable,142,31,0142_1.jpg,0031_3.jpg,0,0.5223934650421143,0.7841380834579468
exploration,cross_variable_variable,142,56,0142_1.jpg,0056_3.jpg,0,0.5722141265869141,0.7916601300239563
exploration,cross_variable_variable,142,70,0142_1.jpg,0070_3.jpg,0,0.5349807739257812,0.7833669185638428
exploration,cross_variable_variable,142,94,0142_1.jpg,0094_3.jpg,0,0.4838525652885437,0.7834235429763794
exploration,cross_variable_variable,142,134,0142_1.jpg,0134_3.jpg,0,0.5154391527175903,0.7961310148239136
exploration,cross_variable_variable,146,146,0146_1.jpg,0146_3.jpg,1,0.576754093170166,0.8461688160896301
exploration,cross_variable_variable,146,168,0146_1.jpg,0168_3.jpg,0,0.6340601444244385,0.8284768462181091
exploration,cross_variable_variable,146,169,0146_1.jpg,0169_3.jpg,0,0.6092868447303772,0.8383419513702393
exploration,cross_variable_variable,146,204,0146_1.jpg,0204_3.jpg,0,0.6767492890357971,0.8606165647506714
exploration,cross_variable_variable,146,255,0146_1.jpg,0255_3.jpg,0,0.6072839498519897,0.8419378995895386
exploration,cross_variable_variable,146,256,0146_1.jpg,0256_3.jpg,0,0.6429493427276611,0.8448877334594727
exploration,cross_variable_variable,146,35,0146_1.jpg,0035_3.jpg,0,0.5956720113754272,0.8317874670028687
exploration,cross_variable_variable,146,57,0146_1.jpg,0057_3.jpg,0,0.587035059928894,0.8293042182922363
exploration,cross_variable_variable,146,71,0146_1.jpg,0071_3.jpg,0,0.6253275871276855,0.8431675434112549
exploration,cross_variable_variable,146,96,0146_1.jpg,0096_3.jpg,0,0.5593221187591553,0.8001703023910522
exploration,cross_variable_variable,146,135,0146_1.jpg,0135_3.jpg,0,0.5838965773582458,0.8513714671134949
exploration,cross_variable_variable,147,147,0147_1.jpg,0147_3.jpg,1,0.5195682048797607,0.8068491220474243
exploration,cross_variable_variable,147,169,0147_1.jpg,0169_3.jpg,0,0.5265548229217529,0.8139888048171997
exploration,cross_variable_variable,147,171,0147_1.jpg,0171_3.jpg,0,0.477532297372818,0.778857946395874
exploration,cross_variable_variable,147,206,0147_1.jpg,0206_3.jpg,0,0.4967421889305115,0.8116241693496704
exploration,cross_variable_variable,147,256,0147_1.jpg,0256_3.jpg,0,0.5371605157852173,0.7988604307174683
exploration,cross_variable_variable,147,260,0147_1.jpg,0260_3.jpg,0,0.585372805595398,0.834175705909729
exploration,cross_variable_variable,147,38,0147_1.jpg,0038_3.jpg,0,0.5681824684143066,0.8130208253860474
exploration,cross_variable_variable,147,59,0147_1.jpg,0059_3.jpg,0,0.5291297435760498,0.8159830570220947
exploration,cross_variable_variable,147,74,0147_1.jpg,0074_3.jpg,0,0.46906232833862305,0.8028564453125
exploration,cross_variable_variable,147,97,0147_1.jpg,0097_3.jpg,0,0.5045697689056396,0.7983100414276123
exploration,cross_variable_variable,147,138,0147_1.jpg,0138_3.jpg,0,0.5068879127502441,0.7806816101074219
exploration,cross_variable_variable,148,148,0148_1.jpg,0148_3.jpg,1,0.6408731937408447,0.8654369711875916
exploration,cross_variable_variable,148,171,0148_1.jpg,0171_3.jpg,0,0.5108276605606079,0.8117713928222656
exploration,cross_variable_variable,148,172,0148_1.jpg,0172_3.jpg,0,0.5873661041259766,0.8519740700721741
exploration,cross_variable_variable,148,207,0148_1.jpg,0207_3.jpg,0,0.6063687801361084,0.8364937901496887
exploration,cross_variable_variable,148,260,0148_1.jpg,0260_3.jpg,0,0.5962802767753601,0.8573300838470459
exploration,cross_variable_variable,148,261,0148_1.jpg,0261_3.jpg,0,0.4616931974887848,0.7796688079833984
exploration,cross_variable_variable,148,39,0148_1.jpg,0039_3.jpg,0,0.6378580331802368,0.8491150140762329
exploration,cross_variable_variable,148,60,0148_1.jpg,0060_3.jpg,0,0.5596965551376343,0.8488832116127014
exploration,cross_variable_variable,148,75,0148_1.jpg,0075_3.jpg,0,0.4203062355518341,0.7810633778572083
exploration,cross_variable_variable,148,98,0148_1.jpg,0098_3.jpg,0,0.5653426051139832,0.8252290487289429
exploration,cross_variable_variable,148,140,0148_1.jpg,0140_3.jpg,0,0.530937671661377,0.826160192489624
exploration,cross_variable_variable,152,152,0152_1.jpg,0152_3.jpg,1,0.5212101936340332,0.81916743516922
exploration,cross_variable_variable,152,172,0152_1.jpg,0172_3.jpg,0,0.5946592092514038,0.830491304397583
exploration,cross_variable_variable,152,178,0152_1.jpg,0178_3.jpg,0,0.5265355706214905,0.8341555595397949
exploration,cross_variable_variable,152,208,0152_1.jpg,0208_3.jpg,0,0.4594167470932007,0.7816327810287476
exploration,cross_variable_variable,152,261,0152_1.jpg,0261_3.jpg,0,0.5210984349250793,0.7936402559280396
exploration,cross_variable_variable,152,262,0152_1.jpg,0262_3.jpg,0,0.5982855558395386,0.823215126991272
exploration,cross_variable_variable,152,40,0152_1.jpg,0040_3.jpg,0,0.5432782769203186,0.8266282081604004
exploration,cross_variable_variable,152,61,0152_1.jpg,0061_3.jpg,0,0.5303685665130615,0.8286917209625244
exploration,cross_variable_variable,152,76,0152_1.jpg,0076_3.jpg,0,0.5585684776306152,0.8408122062683105
exploration,cross_variable_variable,152,100,0152_1.jpg,0100_3.jpg,0,0.518053412437439,0.785422682762146
exploration,cross_variable_variable,152,142,0152_1.jpg,0142_3.jpg,0,0.5906723737716675,0.8291717767715454
exploration,cross_variable_variable,153,153,0153_1.jpg,0153_3.jpg,1,0.6190871000289917,0.8206185102462769
exploration,cross_variable_variable,153,178,0153_1.jpg,0178_3.jpg,0,0.5982350707054138,0.8353917002677917
exploration,cross_variable_variable,153,179,0153_1.jpg,0179_3.jpg,0,0.605131983757019,0.8147650957107544
exploration,cross_variable_variable,153,209,0153_1.jpg,0209_3.jpg,0,0.5960409045219421,0.8118256330490112
exploration,cross_variable_variable,153,262,0153_1.jpg,0262_3.jpg,0,0.641359806060791,0.8244026899337769
exploration,cross_variable_variable,153,263,0153_1.jpg,0263_3.jpg,0,0.5951848030090332,0.8077824115753174
exploration,cross_variable_variable,153,42,0153_1.jpg,0042_3.jpg,0,0.5895570516586304,0.8255892992019653
exploration,cross_variable_variable,153,62,0153_1.jpg,0062_3.jpg,0,0.640065610408783,0.8365477323532104
exploration,cross_variable_variable,153,77,0153_1.jpg,0077_3.jpg,0,0.6065413355827332,0.7869717478752136
exploration,cross_variable_variable,153,101,0153_1.jpg,0101_3.jpg,0,0.5471228957176208,0.8013570308685303
exploration,cross_variable_variable,153,146,0153_1.jpg,0146_3.jpg,0,0.5482041239738464,0.8062398433685303
exploration,cross_variable_variable,154,154,0154_1.jpg,0154_3.jpg,1,0.7034823894500732,0.8964629173278809
exploration,cross_variable_variable,154,179,0154_1.jpg,0179_3.jpg,0,0.6123622059822083,0.8368383646011353
exploration,cross_variable_variable,154,180,0154_1.jpg,0180_3.jpg,0,0.6216784119606018,0.8429287672042847
exploration,cross_variable_variable,154,211,0154_1.jpg,0211_3.jpg,0,0.5992140769958496,0.8431297540664673
exploration,cross_variable_variable,154,263,0154_1.jpg,0263_3.jpg,0,0.6115375757217407,0.8379782438278198
exploration,cross_variable_variable,154,264,0154_1.jpg,0264_3.jpg,0,0.6317850947380066,0.8461326360702515
exploration,cross_variable_variable,154,43,0154_1.jpg,0043_3.jpg,0,0.5370790958404541,0.8201298713684082
exploration,cross_variable_variable,154,65,0154_1.jpg,0065_3.jpg,0,0.5734604597091675,0.8184206485748291
exploration,cross_variable_variable,154,78,0154_1.jpg,0078_3.jpg,0,0.6591408252716064,0.8459864854812622
exploration,cross_variable_variable,154,103,0154_1.jpg,0103_3.jpg,0,0.5937836170196533,0.82626873254776
exploration,cross_variable_variable,154,147,0154_1.jpg,0147_3.jpg,0,0.5794840455055237,0.8245084285736084
exploration,cross_variable_variable,155,155,0155_1.jpg,0155_3.jpg,1,0.6052272915840149,0.8417158126831055
exploration,cross_variable_variable,155,180,0155_1.jpg,0180_3.jpg,0,0.6235547661781311,0.8647874593734741
exploration,cross_variable_variable,155,181,0155_1.jpg,0181_3.jpg,0,0.5780014395713806,0.8322217464447021
exploration,cross_variable_variable,155,212,0155_1.jpg,0212_3.jpg,0,0.6014019250869751,0.8390907049179077
exploration,cross_variable_variable,155,264,0155_1.jpg,0264_3.jpg,0,0.635762095451355,0.8440017700195312
exploration,cross_variable_variable,155,265,0155_1.jpg,0265_3.jpg,0,0.6214174032211304,0.8497051000595093
exploration,cross_variable_variable,155,46,0155_1.jpg,0046_3.jpg,0,0.5924887657165527,0.8395606875419617
exploration,cross_variable_variable,155,66,0155_1.jpg,0066_3.jpg,0,0.6225389242172241,0.8550969362258911
exploration,cross_variable_variable,155,79,0155_1.jpg,0079_3.jpg,0,0.5736828446388245,0.8106912970542908
exploration,cross_variable_variable,155,104,0155_1.jpg,0104_3.jpg,0,0.5685509443283081,0.8265218734741211
exploration,cross_variable_variable,155,148,0155_1.jpg,0148_3.jpg,0,0.6594110727310181,0.8699977397918701
exploration,cross_variable_variable,156,156,0156_1.jpg,0156_3.jpg,1,0.7200735807418823,0.8892710208892822
exploration,cross_variable_variable,156,181,0156_1.jpg,0181_3.jpg,0,0.5209571123123169,0.8072944283485413
exploration,cross_variable_variable,156,183,0156_1.jpg,0183_3.jpg,0,0.5683222413063049,0.8057252764701843
exploration,cross_variable_variable,156,213,0156_1.jpg,0213_3.jpg,0,0.5809760689735413,0.8253053426742554
exploration,cross_variable_variable,156,265,0156_1.jpg,0265_3.jpg,0,0.5791993737220764,0.8084924817085266
exploration,cross_variable_variable,156,266,0156_1.jpg,0266_3.jpg,0,0.6447985172271729,0.8443670272827148
exploration,cross_variable_variable,156,47,0156_1.jpg,0047_3.jpg,0,0.5150701403617859,0.8209086656570435
exploration,cross_variable_variable,156,67,0156_1.jpg,0067_3.jpg,0,0.38623470067977905,0.7827401161193848
exploration,cross_variable_variable,156,81,0156_1.jpg,0081_3.jpg,0,0.4950751066207886,0.794796347618103
exploration,cross_variable_variable,156,105,0156_1.jpg,0105_3.jpg,0,0.6145861744880676,0.8395859003067017
exploration,cross_variable_variable,156,152,0156_1.jpg,0152_3.jpg,0,0.46498000621795654,0.8026354312896729
exploration,cross_variable_variable,157,157,0157_1.jpg,0157_3.jpg,1,0.488847017288208,0.7805806398391724
exploration,cross_variable_variable,157,183,0157_1.jpg,0183_3.jpg,0,0.47152385115623474,0.7857588529586792
exploration,cross_variable_variable,157,185,0157_1.jpg,0185_3.jpg,0,0.43387672305107117,0.7661596536636353
exploration,cross_variable_variable,157,214,0157_1.jpg,0214_3.jpg,0,0.40061110258102417,0.7597933411598206
exploration,cross_variable_variable,157,266,0157_1.jpg,0266_3.jpg,0,0.5236996412277222,0.8244009017944336
exploration,cross_variable_variable,157,267,0157_1.jpg,0267_3.jpg,0,0.4498479962348938,0.7895450592041016
exploration,cross_variable_variable,157,49,0157_1.jpg,0049_3.jpg,0,0.4853326678276062,0.8203843832015991
exploration,cross_variable_variable,157,70,0157_1.jpg,0070_3.jpg,0,0.39445286989212036,0.765440821647644
exploration,cross_variable_variable,157,83,0157_1.jpg,0083_3.jpg,0,0.44281619787216187,0.7804602980613708
exploration,cross_variable_variable,157,106,0157_1.jpg,0106_3.jpg,0,0.3791331946849823,0.7397657036781311
exploration,cross_variable_variable,157,153,0157_1.jpg,0153_3.jpg,0,0.4984152317047119,0.8072510957717896
exploration,cross_variable_variable,158,158,0158_1.jpg,0158_3.jpg,1,0.7237401604652405,0.913037121295929
exploration,cross_variable_variable,158,185,0158_1.jpg,0185_3.jpg,0,0.6487785577774048,0.8696569204330444
exploration,cross_variable_variable,158,188,0158_1.jpg,0188_3.jpg,0,0.7037806510925293,0.8824607133865356
exploration,cross_variable_variable,158,216,0158_1.jpg,0216_3.jpg,0,0.7308129072189331,0.906862735748291
exploration,cross_variable_variable,158,267,0158_1.jpg,0267_3.jpg,0,0.6968000531196594,0.890979528427124
exploration,cross_variable_variable,158,271,0158_1.jpg,0271_3.jpg,0,0.6693012714385986,0.85745769739151
exploration,cross_variable_variable,158,55,0158_1.jpg,0055_3.jpg,0,0.6411482691764832,0.8712260723114014
exploration,cross_variable_variable,158,71,0158_1.jpg,0071_3.jpg,0,0.6535418033599854,0.8715223670005798
exploration,cross_variable_variable,158,85,0158_1.jpg,0085_3.jpg,0,0.6461296081542969,0.845476508140564
exploration,cross_variable_variable,158,107,0158_1.jpg,0107_3.jpg,0,0.683899998664856,0.8862554430961609
exploration,cross_variable_variable,158,154,0158_1.jpg,0154_3.jpg,0,0.774375319480896,0.8999068737030029
exploration,cross_variable_variable,159,159,0159_1.jpg,0159_3.jpg,1,0.6626412272453308,0.8983778953552246
exploration,cross_variable_variable,159,188,0159_1.jpg,0188_3.jpg,0,0.5900872349739075,0.8474262356758118
exploration,cross_variable_variable,159,189,0159_1.jpg,0189_3.jpg,0,0.5630610585212708,0.8049352169036865
exploration,cross_variable_variable,159,219,0159_1.jpg,0219_3.jpg,0,0.5488181114196777,0.825717568397522
exploration,cross_variable_variable,159,271,0159_1.jpg,0271_3.jpg,0,0.5777410268783569,0.7925084829330444
exploration,cross_variable_variable,159,272,0159_1.jpg,0272_3.jpg,0,0.6417641639709473,0.8412917852401733
exploration,cross_variable_variable,159,56,0159_1.jpg,0056_3.jpg,0,0.6427990198135376,0.8615415692329407
exploration,cross_variable_variable,159,74,0159_1.jpg,0074_3.jpg,0,0.5600759983062744,0.8226999044418335
exploration,cross_variable_variable,159,86,0159_1.jpg,0086_3.jpg,0,0.48837974667549133,0.8130769729614258
exploration,cross_variable_variable,159,109,0159_1.jpg,0109_3.jpg,0,0.5747584104537964,0.8199236392974854
exploration,cross_variable_variable,159,155,0159_1.jpg,0155_3.jpg,0,0.597570538520813,0.8299973011016846
exploration,cross_variable_variable,161,161,0161_1.jpg,0161_3.jpg,1,0.5465459823608398,0.8103339672088623
exploration,cross_variable_variable,161,189,0161_1.jpg,0189_3.jpg,0,0.4552753269672394,0.7202161550521851
exploration,cross_variable_variable,161,191,0161_1.jpg,0191_3.jpg,0,0.5116821527481079,0.7684623003005981
exploration,cross_variable_variable,161,220,0161_1.jpg,0220_3.jpg,0,0.4998181164264679,0.7651641368865967
exploration,cross_variable_variable,161,272,0161_1.jpg,0272_3.jpg,0,0.5808091163635254,0.7970498204231262
exploration,cross_variable_variable,161,273,0161_1.jpg,0273_3.jpg,0,0.47938090562820435,0.7558630108833313
exploration,cross_variable_variable,161,57,0161_1.jpg,0057_3.jpg,0,0.49364691972732544,0.7534030079841614
exploration,cross_variable_variable,161,75,0161_1.jpg,0075_3.jpg,0,0.41468891501426697,0.7545998096466064
exploration,cross_variable_variable,161,87,0161_1.jpg,0087_3.jpg,0,0.5060485601425171,0.7924286127090454
exploration,cross_variable_variable,161,110,0161_1.jpg,0110_3.jpg,0,0.4974687993526459,0.7802549600601196
exploration,cross_variable_variable,161,156,0161_1.jpg,0156_3.jpg,0,0.5105576515197754,0.781611979007721
exploration,cross_variable_variable,162,162,0162_1.jpg,0162_3.jpg,1,0.6441138982772827,0.84974205493927
exploration,cross_variable_variable,162,191,0162_1.jpg,0191_3.jpg,0,0.5854077339172363,0.8179889917373657
exploration,cross_variable_variable,162,192,0162_1.jpg,0192_3.jpg,0,0.5415418148040771,0.8211638927459717
exploration,cross_variable_variable,162,221,0162_1.jpg,0221_3.jpg,0,0.6342975497245789,0.8287316560745239
exploration,cross_variable_variable,162,273,0162_1.jpg,0273_3.jpg,0,0.573540985584259,0.8173601627349854
exploration,cross_variable_variable,162,274,0162_1.jpg,0274_3.jpg,0,0.5810195207595825,0.8327767848968506
exploration,cross_variable_variable,162,59,0162_1.jpg,0059_3.jpg,0,0.6324036121368408,0.8432756662368774
exploration,cross_variable_variable,162,76,0162_1.jpg,0076_3.jpg,0,0.5054295659065247,0.8191915154457092
exploration,cross_variable_variable,162,89,0162_1.jpg,0089_3.jpg,0,0.5438867211341858,0.809328556060791
exploration,cross_variable_variable,162,114,0162_1.jpg,0114_3.jpg,0,0.5525516867637634,0.7965513467788696
exploration,cross_variable_variable,162,157,0162_1.jpg,0157_3.jpg,0,0.4815828502178192,0.7677475214004517
exploration,cross_variable_variable,163,163,0163_1.jpg,0163_3.jpg,1,0.6225171089172363,0.8430166244506836
exploration,cross_variable_variable,163,192,0163_1.jpg,0192_3.jpg,0,0.5914500951766968,0.8420038819313049
exploration,cross_variable_variable,163,196,0163_1.jpg,0196_3.jpg,0,0.5725275278091431,0.8030790090560913
exploration,cross_variable_variable,163,223,0163_1.jpg,0223_3.jpg,0,0.582728922367096,0.8175626397132874
exploration,cross_variable_variable,163,274,0163_1.jpg,0274_3.jpg,0,0.6044968366622925,0.8364760875701904
exploration,cross_variable_variable,163,276,0163_1.jpg,0276_3.jpg,0,0.6115125417709351,0.8461959362030029
exploration,cross_variable_variable,163,60,0163_1.jpg,0060_3.jpg,0,0.5989285707473755,0.8451511263847351
exploration,cross_variable_variable,163,77,0163_1.jpg,0077_3.jpg,0,0.6192018985748291,0.8148154020309448
exploration,cross_variable_variable,163,90,0163_1.jpg,0090_3.jpg,0,0.6060233116149902,0.82900071144104
exploration,cross_variable_variable,163,116,0163_1.jpg,0116_3.jpg,0,0.5520538091659546,0.82133948802948
exploration,cross_variable_variable,163,158,0163_1.jpg,0158_3.jpg,0,0.6348958015441895,0.8738102912902832
exploration,cross_variable_variable,164,164,0164_1.jpg,0164_3.jpg,1,0.6714622974395752,0.8428575396537781
exploration,cross_variable_variable,164,196,0164_1.jpg,0196_3.jpg,0,0.6161787509918213,0.8250910043716431
exploration,cross_variable_variable,164,197,0164_1.jpg,0197_3.jpg,0,0.5650749206542969,0.7972395420074463
exploration,cross_variable_variable,164,224,0164_1.jpg,0224_3.jpg,0,0.6246095895767212,0.8609161376953125
exploration,cross_variable_variable,164,276,0164_1.jpg,0276_3.jpg,0,0.6351499557495117,0.8498856425285339
exploration,cross_variable_variable,164,279,0164_1.jpg,0279_3.jpg,0,0.6460240483283997,0.851980447769165
exploration,cross_variable_variable,164,61,0164_1.jpg,0061_3.jpg,0,0.6157835721969604,0.8462026715278625
exploration,cross_variable_variable,164,78,0164_1.jpg,0078_3.jpg,0,0.6587660908699036,0.8718604445457458
exploration,cross_variable_variable,164,91,0164_1.jpg,0091_3.jpg,0,0.6658480167388916,0.8500270843505859
exploration,cross_variable_variable,164,118,0164_1.jpg,0118_3.jpg,0,0.6493149995803833,0.8394631743431091
exploration,cross_variable_variable,164,159,0164_1.jpg,0159_3.jpg,0,0.641508936882019,0.8482961654663086
exploration,cross_variable_variable,167,167,0167_1.jpg,0167_3.jpg,1,0.624189019203186,0.8436285853385925
exploration,cross_variable_variable,167,197,0167_1.jpg,0197_3.jpg,0,0.6766952276229858,0.8796595931053162
exploration,cross_variable_variable,167,198,0167_1.jpg,0198_3.jpg,0,0.6517549157142639,0.8721402287483215
exploration,cross_variable_variable,167,225,0167_1.jpg,0225_3.jpg,0,0.6929031014442444,0.8479204177856445
exploration,cross_variable_variable,167,279,0167_1.jpg,0279_3.jpg,0,0.72530198097229,0.8944819569587708
exploration,cross_variable_variable,167,281,0167_1.jpg,0281_3.jpg,0,0.6900389194488525,0.8794835805892944
exploration,cross_variable_variable,167,62,0167_1.jpg,0062_3.jpg,0,0.675489068031311,0.8708670139312744
exploration,cross_variable_variable,167,79,0167_1.jpg,0079_3.jpg,0,0.6672050356864929,0.8611938953399658
exploration,cross_variable_variable,167,92,0167_1.jpg,0092_3.jpg,0,0.7124095559120178,0.8873340487480164
exploration,cross_variable_variable,167,119,0167_1.jpg,0119_3.jpg,0,0.659018874168396,0.8697634339332581
exploration,cross_variable_variable,167,161,0167_1.jpg,0161_3.jpg,0,0.6461652517318726,0.8749060034751892
exploration,cross_variable_variable,168,168,0168_1.jpg,0168_3.jpg,1,0.6855237483978271,0.8638651371002197
exploration,cross_variable_variable,168,198,0168_1.jpg,0198_3.jpg,0,0.5703266859054565,0.826937198638916
exploration,cross_variable_variable,168,199,0168_1.jpg,0199_3.jpg,0,0.6174989342689514,0.8439944982528687
exploration,cross_variable_variable,168,226,0168_1.jpg,0226_3.jpg,0,0.648163914680481,0.868462324142456
exploration,cross_variable_variable,168,281,0168_1.jpg,0281_3.jpg,0,0.6450138688087463,0.8484041690826416
exploration,cross_variable_variable,168,282,0168_1.jpg,0282_3.jpg,0,0.6065332889556885,0.8272547721862793
exploration,cross_variable_variable,168,65,0168_1.jpg,0065_3.jpg,0,0.6094444990158081,0.8333926200866699
exploration,cross_variable_variable,168,81,0168_1.jpg,0081_3.jpg,0,0.5822019577026367,0.830978512763977
exploration,cross_variable_variable,168,93,0168_1.jpg,0093_3.jpg,0,0.651714563369751,0.8452721238136292
exploration,cross_variable_variable,168,122,0168_1.jpg,0122_3.jpg,0,0.5821652412414551,0.8215352296829224
exploration,cross_variable_variable,168,162,0168_1.jpg,0162_3.jpg,0,0.6438955068588257,0.8509608507156372
exploration,cross_variable_variable,169,169,0169_1.jpg,0169_3.jpg,1,0.5788854360580444,0.8167489767074585
exploration,cross_variable_variable,169,199,0169_1.jpg,0199_3.jpg,0,0.5433311462402344,0.7998725175857544
exploration,cross_variable_variable,169,200,0169_1.jpg,0200_3.jpg,0,0.5426414012908936,0.8215163946151733
exploration,cross_variable_variable,169,227,0169_1.jpg,0227_3.jpg,0,0.5273185968399048,0.811359167098999
exploration,cross_variable_variable,169,282,0169_1.jpg,0282_3.jpg,0,0.5805627703666687,0.7990525960922241
exploration,cross_variable_variable,169,1,0169_1.jpg,0001_3.jpg,0,0.5509157180786133,0.8128522634506226
exploration,cross_variable_variable,169,66,0169_1.jpg,0066_3.jpg,0,0.5833591222763062,0.8208324909210205
exploration,cross_variable_variable,169,83,0169_1.jpg,0083_3.jpg,0,0.603534460067749,0.8313473463058472
exploration,cross_variable_variable,169,94,0169_1.jpg,0094_3.jpg,0,0.4592442214488983,0.7926377654075623
exploration,cross_variable_variable,169,123,0169_1.jpg,0123_3.jpg,0,0.45552536845207214,0.7675524950027466
exploration,cross_variable_variable,169,163,0169_1.jpg,0163_3.jpg,0,0.5238441228866577,0.807019054889679
exploration,cross_variable_variable,171,171,0171_1.jpg,0171_3.jpg,1,0.615626335144043,0.8515918850898743
exploration,cross_variable_variable,171,200,0171_1.jpg,0200_3.jpg,0,0.6280554533004761,0.8779324293136597
exploration,cross_variable_variable,171,201,0171_1.jpg,0201_3.jpg,0,0.6447312235832214,0.8558778762817383
exploration,cross_variable_variable,171,228,0171_1.jpg,0228_3.jpg,0,0.6942018270492554,0.8804270625114441
exploration,cross_variable_variable,171,1,0171_1.jpg,0001_3.jpg,0,0.6649158000946045,0.8672614693641663
exploration,cross_variable_variable,171,2,0171_1.jpg,0002_3.jpg,0,0.6966728568077087,0.8898097276687622
exploration,cross_variable_variable,171,67,0171_1.jpg,0067_3.jpg,0,0.6047341227531433,0.8582602739334106
exploration,cross_variable_variable,171,85,0171_1.jpg,0085_3.jpg,0,0.6223443746566772,0.8286887407302856
exploration,cross_variable_variable,171,96,0171_1.jpg,0096_3.jpg,0,0.600350022315979,0.8630274534225464
exploration,cross_variable_variable,171,124,0171_1.jpg,0124_3.jpg,0,0.6551440954208374,0.8498508334159851
exploration,cross_variable_variable,171,164,0171_1.jpg,0164_3.jpg,0,0.6489841938018799,0.8573508262634277
exploration,cross_variable_variable,172,172,0172_1.jpg,0172_3.jpg,1,0.6270722150802612,0.8240005970001221
exploration,cross_variable_variable,172,201,0172_1.jpg,0201_3.jpg,0,0.5628864765167236,0.7829798460006714
exploration,cross_variable_variable,172,203,0172_1.jpg,0203_3.jpg,0,0.602064311504364,0.8100524544715881
exploration,cross_variable_variable,172,229,0172_1.jpg,0229_3.jpg,0,0.5109028816223145,0.763357400894165
exploration,cross_variable_variable,172,2,0172_1.jpg,0002_3.jpg,0,0.5756743550300598,0.8036911487579346
exploration,cross_variable_variable,172,3,0172_1.jpg,0003_3.jpg,0,0.5011866688728333,0.7658041715621948
exploration,cross_variable_variable,172,70,0172_1.jpg,0070_3.jpg,0,0.5215861797332764,0.7714183926582336
exploration,cross_variable_variable,172,86,0172_1.jpg,0086_3.jpg,0,0.49927711486816406,0.7938188314437866
exploration,cross_variable_variable,172,97,0172_1.jpg,0097_3.jpg,0,0.5708472728729248,0.8100974559783936
exploration,cross_variable_variable,172,125,0172_1.jpg,0125_3.jpg,0,0.5384371280670166,0.7937527298927307
exploration,cross_variable_variable,172,167,0172_1.jpg,0167_3.jpg,0,0.504760205745697,0.7597059011459351
exploration,cross_variable_variable,178,178,0178_1.jpg,0178_3.jpg,1,0.711206316947937,0.9079544544219971
exploration,cross_variable_variable,178,203,0178_1.jpg,0203_3.jpg,0,0.672141432762146,0.8828470706939697
exploration,cross_variable_variable,178,204,0178_1.jpg,0204_3.jpg,0,0.7162353992462158,0.8818868398666382
exploration,cross_variable_variable,178,231,0178_1.jpg,0231_3.jpg,0,0.5865093469619751,0.8461375832557678
exploration,cross_variable_variable,178,3,0178_1.jpg,0003_3.jpg,0,0.6200653314590454,0.8490997552871704
exploration,cross_variable_variable,178,6,0178_1.jpg,0006_3.jpg,0,0.6194450855255127,0.8491376638412476
exploration,cross_variable_variable,178,71,0178_1.jpg,0071_3.jpg,0,0.6008496880531311,0.8450914621353149
exploration,cross_variable_variable,178,87,0178_1.jpg,0087_3.jpg,0,0.6611248254776001,0.8799740076065063
exploration,cross_variable_variable,178,98,0178_1.jpg,0098_3.jpg,0,0.6575623750686646,0.8753381371498108
exploration,cross_variable_variable,178,127,0178_1.jpg,0127_3.jpg,0,0.6898026466369629,0.8913114070892334
exploration,cross_variable_variable,178,168,0178_1.jpg,0168_3.jpg,0,0.6578541398048401,0.8555335402488708
exploration,cross_variable_variable,179,179,0179_1.jpg,0179_3.jpg,1,0.6202843189239502,0.8261492252349854
exploration,cross_variable_variable,179,204,0179_1.jpg,0204_3.jpg,0,0.5973576307296753,0.7954843640327454
exploration,cross_variable_variable,179,206,0179_1.jpg,0206_3.jpg,0,0.5257787704467773,0.8104267716407776
exploration,cross_variable_variable,179,232,0179_1.jpg,0232_3.jpg,0,0.5526670217514038,0.7931454181671143
exploration,cross_variable_variable,179,6,0179_1.jpg,0006_3.jpg,0,0.5434147715568542,0.7774277925491333
exploration,cross_variable_variable,179,7,0179_1.jpg,0007_3.jpg,0,0.6189295649528503,0.8253430128097534
exploration,cross_variable_variable,179,74,0179_1.jpg,0074_3.jpg,0,0.555672824382782,0.8076791763305664
exploration,cross_variable_variable,179,89,0179_1.jpg,0089_3.jpg,0,0.5455247163772583,0.7941586971282959
exploration,cross_variable_variable,179,100,0179_1.jpg,0100_3.jpg,0,0.4886420667171478,0.7450699210166931
exploration,cross_variable_variable,179,130,0179_1.jpg,0130_3.jpg,0,0.5086170434951782,0.7751093506813049
exploration,cross_variable_variable,179,169,0179_1.jpg,0169_3.jpg,0,0.5459321141242981,0.7876749038696289
exploration,cross_variable_variable,180,180,0180_1.jpg,0180_3.jpg,1,0.6342189908027649,0.8498935699462891
exploration,cross_variable_variable,180,206,0180_1.jpg,0206_3.jpg,0,0.4983241558074951,0.800123929977417
exploration,cross_variable_variable,180,207,0180_1.jpg,0207_3.jpg,0,0.6140532493591309,0.8300691843032837
exploration,cross_variable_variable,180,234,0180_1.jpg,0234_3.jpg,0,0.617855966091156,0.8426917195320129
exploration,cross_variable_variable,180,7,0180_1.jpg,0007_3.jpg,0,0.6345716118812561,0.8471173048019409
exploration,cross_variable_variable,180,8,0180_1.jpg,0008_3.jpg,0,0.5480859279632568,0.7898902893066406
exploration,cross_variable_variable,180,75,0180_1.jpg,0075_3.jpg,0,0.399789035320282,0.7568440437316895
exploration,cross_variable_variable,180,90,0180_1.jpg,0090_3.jpg,0,0.5720154047012329,0.802152156829834
exploration,cross_variable_variable,180,101,0180_1.jpg,0101_3.jpg,0,0.5133458375930786,0.800263524055481
exploration,cross_variable_variable,180,132,0180_1.jpg,0132_3.jpg,0,0.5777080059051514,0.815358579158783
exploration,cross_variable_variable,180,171,0180_1.jpg,0171_3.jpg,0,0.5027530193328857,0.7920299172401428
exploration,cross_variable_variable,181,181,0181_1.jpg,0181_3.jpg,1,0.6390165090560913,0.868424654006958
exploration,cross_variable_variable,181,207,0181_1.jpg,0207_3.jpg,0,0.6521073579788208,0.8637318015098572
exploration,cross_variable_variable,181,208,0181_1.jpg,0208_3.jpg,0,0.4512519836425781,0.782377302646637
exploration,cross_variable_variable,181,235,0181_1.jpg,0235_3.jpg,0,0.6687927842140198,0.8851457238197327
exploration,cross_variable_variable,181,8,0181_1.jpg,0008_3.jpg,0,0.5816864967346191,0.842227578163147
exploration,cross_variable_variable,181,11,0181_1.jpg,0011_3.jpg,0,0.6231954097747803,0.8682602643966675
exploration,cross_variable_variable,181,76,0181_1.jpg,0076_3.jpg,0,0.5191277265548706,0.8260450959205627
exploration,cross_variable_variable,181,91,0181_1.jpg,0091_3.jpg,0,0.6479327082633972,0.8648101687431335
exploration,cross_variable_variable,181,103,0181_1.jpg,0103_3.jpg,0,0.552489161491394,0.8262591361999512
exploration,cross_variable_variable,181,133,0181_1.jpg,0133_3.jpg,0,0.579991340637207,0.8557603359222412
exploration,cross_variable_variable,181,172,0181_1.jpg,0172_3.jpg,0,0.6362216472625732,0.869364857673645
exploration,cross_variable_variable,183,183,0183_1.jpg,0183_3.jpg,1,0.5993096828460693,0.7934150695800781
exploration,cross_variable_variable,183,208,0183_1.jpg,0208_3.jpg,0,0.4304558336734772,0.7442575693130493
exploration,cross_variable_variable,183,209,0183_1.jpg,0209_3.jpg,0,0.5561472773551941,0.7926917672157288
exploration,cross_variable_variable,183,237,0183_1.jpg,0237_3.jpg,0,0.5258725881576538,0.7551994323730469
exploration,cross_variable_variable,183,11,0183_1.jpg,0011_3.jpg,0,0.5554264783859253,0.8023264408111572
exploration,cross_variable_variable,183,12,0183_1.jpg,0012_3.jpg,0,0.48158401250839233,0.7662343978881836
exploration,cross_variable_variable,183,77,0183_1.jpg,0077_3.jpg,0,0.5696349143981934,0.7723749279975891
exploration,cross_variable_variable,183,92,0183_1.jpg,0092_3.jpg,0,0.586889386177063,0.8177615404129028
exploration,cross_variable_variable,183,104,0183_1.jpg,0104_3.jpg,0,0.5793216824531555,0.8291093111038208
exploration,cross_variable_variable,183,134,0183_1.jpg,0134_3.jpg,0,0.49458616971969604,0.7919405698776245
exploration,cross_variable_variable,183,178,0183_1.jpg,0178_3.jpg,0,0.5877770185470581,0.8325119018554688
exploration,cross_variable_variable,185,185,0185_1.jpg,0185_3.jpg,1,0.5479426980018616,0.8154737949371338
exploration,cross_variable_variable,185,209,0185_1.jpg,0209_3.jpg,0,0.4664514660835266,0.7590553760528564
exploration,cross_variable_variable,185,211,0185_1.jpg,0211_3.jpg,0,0.5009724497795105,0.8090220093727112
exploration,cross_variable_variable,185,239,0185_1.jpg,0239_3.jpg,0,0.4664188623428345,0.7904585599899292
exploration,cross_variable_variable,185,12,0185_1.jpg,0012_3.jpg,0,0.38441526889801025,0.7468248009681702
exploration,cross_variable_variable,185,15,0185_1.jpg,0015_3.jpg,0,0.506596028804779,0.8200109004974365
exploration,cross_variable_variable,185,78,0185_1.jpg,0078_3.jpg,0,0.5907577276229858,0.8398290872573853
exploration,cross_variable_variable,185,93,0185_1.jpg,0093_3.jpg,0,0.5417397022247314,0.8172125816345215
exploration,cross_variable_variable,185,105,0185_1.jpg,0105_3.jpg,0,0.47486230731010437,0.7971722483634949
exploration,cross_variable_variable,185,135,0185_1.jpg,0135_3.jpg,0,0.43438518047332764,0.794263482093811
exploration,cross_variable_variable,185,179,0185_1.jpg,0179_3.jpg,0,0.5093296766281128,0.8115415573120117
exploration,cross_variable_variable,188,188,0188_1.jpg,0188_3.jpg,1,0.6245114207267761,0.8557167649269104
exploration,cross_variable_variable,188,211,0188_1.jpg,0211_3.jpg,0,0.5596944093704224,0.8129594326019287
exploration,cross_variable_variable,188,212,0188_1.jpg,0212_3.jpg,0,0.5638777613639832,0.7866411209106445
exploration,cross_variable_variable,188,240,0188_1.jpg,0240_3.jpg,0,0.5972169637680054,0.8237724304199219
exploration,cross_variable_variable,188,15,0188_1.jpg,0015_3.jpg,0,0.5573633909225464,0.8032177686691284
exploration,cross_variable_variable,188,18,0188_1.jpg,0018_3.jpg,0,0.5124108791351318,0.7726415991783142
exploration,cross_variable_variable,188,79,0188_1.jpg,0079_3.jpg,0,0.5494101047515869,0.793573796749115
exploration,cross_variable_variable,188,94,0188_1.jpg,0094_3.jpg,0,0.498921662569046,0.8079112768173218
exploration,cross_variable_variable,188,106,0188_1.jpg,0106_3.jpg,0,0.47963255643844604,0.7501382827758789
exploration,cross_variable_variable,188,138,0188_1.jpg,0138_3.jpg,0,0.515247642993927,0.7811092138290405
exploration,cross_variable_variable,188,180,0188_1.jpg,0180_3.jpg,0,0.5916348099708557,0.8136118650436401
exploration,cross_variable_variable,189,189,0189_1.jpg,0189_3.jpg,1,0.5173136591911316,0.775790810585022
exploration,cross_variable_variable,189,212,0189_1.jpg,0212_3.jpg,0,0.6067469120025635,0.8326736688613892
exploration,cross_variable_variable,189,213,0189_1.jpg,0213_3.jpg,0,0.6049379110336304,0.8388270139694214
exploration,cross_variable_variable,189,241,0189_1.jpg,0241_3.jpg,0,0.6213220357894897,0.8226765394210815
exploration,cross_variable_variable,189,18,0189_1.jpg,0018_3.jpg,0,0.4912218451499939,0.7593251466751099
exploration,cross_variable_variable,189,19,0189_1.jpg,0019_3.jpg,0,0.4780716001987457,0.7904418706893921
exploration,cross_variable_variable,189,81,0189_1.jpg,0081_3.jpg,0,0.5254536271095276,0.8001129627227783
exploration,cross_variable_variable,189,96,0189_1.jpg,0096_3.jpg,0,0.5539138317108154,0.8160027265548706
exploration,cross_variable_variable,189,107,0189_1.jpg,0107_3.jpg,0,0.5689886808395386,0.8137004375457764
exploration,cross_variable_variable,189,140,0189_1.jpg,0140_3.jpg,0,0.5889187455177307,0.826520562171936
exploration,cross_variable_variable,189,181,0189_1.jpg,0181_3.jpg,0,0.549079954624176,0.8042414784431458
exploration,cross_variable_variable,191,191,0191_1.jpg,0191_3.jpg,1,0.5863198041915894,0.8155144453048706
exploration,cross_variable_variable,191,213,0191_1.jpg,0213_3.jpg,0,0.6173330545425415,0.8439381718635559
exploration,cross_variable_variable,191,214,0191_1.jpg,0214_3.jpg,0,0.5559589862823486,0.818520188331604
exploration,cross_variable_variable,191,242,0191_1.jpg,0242_3.jpg,0,0.6667031049728394,0.851874589920044
exploration,cross_variable_variable,191,19,0191_1.jpg,0019_3.jpg,0,0.5324339270591736,0.8067720532417297
exploration,cross_variable_variable,191,20,0191_1.jpg,0020_3.jpg,0,0.5878067016601562,0.8377443552017212
exploration,cross_variable_variable,191,83,0191_1.jpg,0083_3.jpg,0,0.6284614205360413,0.8407883048057556
exploration,cross_variable_variable,191,97,0191_1.jpg,0097_3.jpg,0,0.46259841322898865,0.7771958708763123
exploration,cross_variable_variable,191,109,0191_1.jpg,0109_3.jpg,0,0.5797750949859619,0.8143072724342346
exploration,cross_variable_variable,191,142,0191_1.jpg,0142_3.jpg,0,0.5761478543281555,0.8305249810218811
exploration,cross_variable_variable,191,183,0191_1.jpg,0183_3.jpg,0,0.6426886320114136,0.8369994163513184
exploration,cross_variable_variable,192,192,0192_1.jpg,0192_3.jpg,1,0.6325774788856506,0.8657981157302856
exploration,cross_variable_variable,192,214,0192_1.jpg,0214_3.jpg,0,0.6018127799034119,0.8388926982879639
exploration,cross_variable_variable,192,216,0192_1.jpg,0216_3.jpg,0,0.524261474609375,0.8504360318183899
exploration,cross_variable_variable,192,243,0192_1.jpg,0243_3.jpg,0,0.5553469061851501,0.8331979513168335
exploration,cross_variable_variable,192,20,0192_1.jpg,0020_3.jpg,0,0.6388622522354126,0.873740017414093
exploration,cross_variable_variable,192,21,0192_1.jpg,0021_3.jpg,0,0.6167387962341309,0.8282701373100281
exploration,cross_variable_variable,192,85,0192_1.jpg,0085_3.jpg,0,0.6035778522491455,0.8155868649482727
exploration,cross_variable_variable,192,98,0192_1.jpg,0098_3.jpg,0,0.6137332916259766,0.8398854732513428
exploration,cross_variable_variable,192,110,0192_1.jpg,0110_3.jpg,0,0.6347196102142334,0.8682078719139099
exploration,cross_variable_variable,192,146,0192_1.jpg,0146_3.jpg,0,0.5671176314353943,0.829451858997345
exploration,cross_variable_variable,192,185,0192_1.jpg,0185_3.jpg,0,0.6031750440597534,0.8184103965759277
exploration,cross_variable_variable,196,196,0196_1.jpg,0196_3.jpg,1,0.5863621234893799,0.8134406805038452
exploration,cross_variable_variable,196,216,0196_1.jpg,0216_3.jpg,0,0.5401044487953186,0.8403462171554565
exploration,cross_variable_variable,196,219,0196_1.jpg,0219_3.jpg,0,0.5214380025863647,0.8147619366645813
exploration,cross_variable_variable,196,244,0196_1.jpg,0244_3.jpg,0,0.410938024520874,0.7476681470870972
exploration,cross_variable_variable,196,21,0196_1.jpg,0021_3.jpg,0,0.5850505828857422,0.8070374727249146
exploration,cross_variable_variable,196,22,0196_1.jpg,0022_3.jpg,0,0.5963472127914429,0.8314281105995178
exploration,cross_variable_variable,196,86,0196_1.jpg,0086_3.jpg,0,0.4301694631576538,0.798009991645813
exploration,cross_variable_variable,196,100,0196_1.jpg,0100_3.jpg,0,0.4852260947227478,0.7705867290496826
exploration,cross_variable_variable,196,114,0196_1.jpg,0114_3.jpg,0,0.5978723764419556,0.8022853136062622
exploration,cross_variable_variable,196,147,0196_1.jpg,0147_3.jpg,0,0.5674332976341248,0.8265971541404724
exploration,cross_variable_variable,196,188,0196_1.jpg,0188_3.jpg,0,0.5447720289230347,0.8187194466590881
exploration,cross_variable_variable,197,197,0197_1.jpg,0197_3.jpg,1,0.6616733074188232,0.8592405319213867
exploration,cross_variable_variable,197,219,0197_1.jpg,0219_3.jpg,0,0.5510387420654297,0.8038100600242615
exploration,cross_variable_variable,197,220,0197_1.jpg,0220_3.jpg,0,0.600881814956665,0.8263570666313171
exploration,cross_variable_variable,197,245,0197_1.jpg,0245_3.jpg,0,0.530500054359436,0.8021962642669678
exploration,cross_variable_variable,197,22,0197_1.jpg,0022_3.jpg,0,0.5766654014587402,0.8057633638381958
exploration,cross_variable_variable,197,25,0197_1.jpg,0025_3.jpg,0,0.39703595638275146,0.7255645990371704
exploration,cross_variable_variable,197,87,0197_1.jpg,0087_3.jpg,0,0.5444995164871216,0.8108433485031128
exploration,cross_variable_variable,197,101,0197_1.jpg,0101_3.jpg,0,0.49606257677078247,0.7641528844833374
exploration,cross_variable_variable,197,116,0197_1.jpg,0116_3.jpg,0,0.5842323899269104,0.7784295082092285
exploration,cross_variable_variable,197,148,0197_1.jpg,0148_3.jpg,0,0.583397626876831,0.7990071773529053
exploration,cross_variable_variable,197,189,0197_1.jpg,0189_3.jpg,0,0.4825822710990906,0.7658072710037231
exploration,cross_variable_variable,198,198,0198_1.jpg,0198_3.jpg,1,0.5473088026046753,0.8220854997634888
exploration,cross_variable_variable,198,220,0198_1.jpg,0220_3.jpg,0,0.47385716438293457,0.7914562225341797
exploration,cross_variable_variable,198,221,0198_1.jpg,0221_3.jpg,0,0.533737301826477,0.7990913391113281
exploration,cross_variable_variable,198,246,0198_1.jpg,0246_3.jpg,0,0.6218769550323486,0.8422794342041016
exploration,cross_variable_variable,198,25,0198_1.jpg,0025_3.jpg,0,0.433476060628891,0.783011794090271
exploration,cross_variable_variable,198,26,0198_1.jpg,0026_3.jpg,0,0.5470393896102905,0.8148230910301208
exploration,cross_variable_variable,198,89,0198_1.jpg,0089_3.jpg,0,0.5661051869392395,0.8065311312675476
exploration,cross_variable_variable,198,103,0198_1.jpg,0103_3.jpg,0,0.4670296907424927,0.7755393981933594
exploration,cross_variable_variable,198,118,0198_1.jpg,0118_3.jpg,0,0.5651602745056152,0.8060791492462158
exploration,cross_variable_variable,198,152,0198_1.jpg,0152_3.jpg,0,0.5150469541549683,0.8036937713623047
exploration,cross_variable_variable,198,191,0198_1.jpg,0191_3.jpg,0,0.4930836856365204,0.7919795513153076
exploration,cross_variable_variable,199,199,0199_1.jpg,0199_3.jpg,1,0.583824634552002,0.8312067985534668
exploration,cross_variable_variable,199,221,0199_1.jpg,0221_3.jpg,0,0.666965126991272,0.8330780267715454
exploration,cross_variable_variable,199,223,0199_1.jpg,0223_3.jpg,0,0.534712553024292,0.8207507133483887
exploration,cross_variable_variable,199,247,0199_1.jpg,0247_3.jpg,0,0.6513850688934326,0.86156165599823
exploration,cross_variable_variable,199,26,0199_1.jpg,0026_3.jpg,0,0.6331523656845093,0.8506242632865906
exploration,cross_variable_variable,199,27,0199_1.jpg,0027_3.jpg,0,0.618894100189209,0.8238238096237183
exploration,cross_variable_variable,199,90,0199_1.jpg,0090_3.jpg,0,0.6079057455062866,0.8358030319213867
exploration,cross_variable_variable,199,104,0199_1.jpg,0104_3.jpg,0,0.5460485816001892,0.8386051654815674
exploration,cross_variable_variable,199,119,0199_1.jpg,0119_3.jpg,0,0.5710146427154541,0.8169735670089722
exploration,cross_variable_variable,199,153,0199_1.jpg,0153_3.jpg,0,0.6273574233055115,0.8498969078063965
exploration,cross_variable_variable,199,192,0199_1.jpg,0192_3.jpg,0,0.5532192587852478,0.844141960144043
exploration,cross_variable_variable,200,200,0200_1.jpg,0200_3.jpg,1,0.5432747602462769,0.8678737878799438
exploration,cross_variable_variable,200,223,0200_1.jpg,0223_3.jpg,0,0.5225023031234741,0.8151198029518127
exploration,cross_variable_variable,200,224,0200_1.jpg,0224_3.jpg,0,0.6194776892662048,0.8824186325073242
exploration,cross_variable_variable,200,248,0200_1.jpg,0248_3.jpg,0,0.461764931678772,0.8163117170333862
exploration,cross_variable_variable,200,27,0200_1.jpg,0027_3.jpg,0,0.4689088761806488,0.800288736820221
exploration,cross_variable_variable,200,29,0200_1.jpg,0029_3.jpg,0,0.5312352180480957,0.8392391204833984
exploration,cross_variable_variable,200,91,0200_1.jpg,0091_3.jpg,0,0.5651054382324219,0.8336111307144165
exploration,cross_variable_variable,200,105,0200_1.jpg,0105_3.jpg,0,0.5278628468513489,0.8104985952377319
exploration,cross_variable_variable,200,122,0200_1.jpg,0122_3.jpg,0,0.4900749921798706,0.782572865486145
exploration,cross_variable_variable,200,154,0200_1.jpg,0154_3.jpg,0,0.5716508030891418,0.8339431285858154
exploration,cross_variable_variable,200,196,0200_1.jpg,0196_3.jpg,0,0.5619500875473022,0.806963324546814
exploration,cross_variable_variable,201,201,0201_1.jpg,0201_3.jpg,1,0.595990777015686,0.8464977145195007
exploration,cross_variable_variable,201,224,0201_1.jpg,0224_3.jpg,0,0.5603513121604919,0.8618870377540588
exploration,cross_variable_variable,201,225,0201_1.jpg,0225_3.jpg,0,0.6375996470451355,0.8376966714859009
exploration,cross_variable_variable,201,249,0201_1.jpg,0249_3.jpg,0,0.5945136547088623,0.8321138620376587
exploration,cross_variable_variable,201,29,0201_1.jpg,0029_3.jpg,0,0.5444836616516113,0.8370658159255981
exploration,cross_variable_variable,201,30,0201_1.jpg,0030_3.jpg,0,0.5793319940567017,0.8200757503509521
exploration,cross_variable_variable,201,92,0201_1.jpg,0092_3.jpg,0,0.6387938261032104,0.864081621170044
exploration,cross_variable_variable,201,106,0201_1.jpg,0106_3.jpg,0,0.5431463122367859,0.8195027112960815
exploration,cross_variable_variable,201,123,0201_1.jpg,0123_3.jpg,0,0.5269670486450195,0.8185744285583496
exploration,cross_variable_variable,201,155,0201_1.jpg,0155_3.jpg,0,0.5996351838111877,0.8412959575653076
exploration,cross_variable_variable,201,197,0201_1.jpg,0197_3.jpg,0,0.5136243104934692,0.7839716076850891
exploration,cross_variable_variable,203,203,0203_1.jpg,0203_3.jpg,1,0.7010215520858765,0.8687191009521484
exploration,cross_variable_variable,203,225,0203_1.jpg,0225_3.jpg,0,0.6556704044342041,0.8395820260047913
exploration,cross_variable_variable,203,226,0203_1.jpg,0226_3.jpg,0,0.633587658405304,0.8396576642990112
exploration,cross_variable_variable,203,250,0203_1.jpg,0250_3.jpg,0,0.6235009431838989,0.830367922782898
exploration,cross_variable_variable,203,30,0203_1.jpg,0030_3.jpg,0,0.6267765760421753,0.8356429934501648
exploration,cross_variable_variable,203,31,0203_1.jpg,0031_3.jpg,0,0.5145881175994873,0.7902357578277588
exploration,cross_variable_variable,203,93,0203_1.jpg,0093_3.jpg,0,0.5959252119064331,0.8261687159538269
exploration,cross_variable_variable,203,107,0203_1.jpg,0107_3.jpg,0,0.5731737613677979,0.8195472955703735
exploration,cross_variable_variable,203,124,0203_1.jpg,0124_3.jpg,0,0.6434524059295654,0.8479360342025757
exploration,cross_variable_variable,203,156,0203_1.jpg,0156_3.jpg,0,0.5891487002372742,0.8333895802497864
exploration,cross_variable_variable,203,198,0203_1.jpg,0198_3.jpg,0,0.5458413362503052,0.8182322978973389
exploration,cross_variable_variable,204,204,0204_1.jpg,0204_3.jpg,1,0.5568169951438904,0.7740551233291626
exploration,cross_variable_variable,204,226,0204_1.jpg,0226_3.jpg,0,0.6218358874320984,0.8346017599105835
exploration,cross_variable_variable,204,227,0204_1.jpg,0227_3.jpg,0,0.5185859799385071,0.7938742637634277
exploration,cross_variable_variable,204,251,0204_1.jpg,0251_3.jpg,0,0.49827319383621216,0.7745866179466248
exploration,cross_variable_variable,204,31,0204_1.jpg,0031_3.jpg,0,0.515525221824646,0.7953885793685913
exploration,cross_variable_variable,204,35,0204_1.jpg,0035_3.jpg,0,0.5657323002815247,0.8048481345176697
exploration,cross_variable_variable,204,94,0204_1.jpg,0094_3.jpg,0,0.47560903429985046,0.7786359786987305
exploration,cross_variable_variable,204,109,0204_1.jpg,0109_3.jpg,0,0.4838976263999939,0.7549542784690857
exploration,cross_variable_variable,204,125,0204_1.jpg,0125_3.jpg,0,0.5071961283683777,0.7790640592575073
exploration,cross_variable_variable,204,157,0204_1.jpg,0157_3.jpg,0,0.48650163412094116,0.7601758241653442
exploration,cross_variable_variable,204,199,0204_1.jpg,0199_3.jpg,0,0.5087104439735413,0.7843161821365356
exploration,cross_variable_variable,206,206,0206_1.jpg,0206_3.jpg,1,0.5630672574043274,0.8482871055603027
exploration,cross_variable_variable,206,227,0206_1.jpg,0227_3.jpg,0,0.5407455563545227,0.8235622644424438
exploration,cross_variable_variable,206,228,0206_1.jpg,0228_3.jpg,0,0.6607341170310974,0.8678343296051025
exploration,cross_variable_variable,206,252,0206_1.jpg,0252_3.jpg,0,0.6106117367744446,0.8474804162979126
exploration,cross_variable_variable,206,35,0206_1.jpg,0035_3.jpg,0,0.6191611886024475,0.8379525542259216
exploration,cross_variable_variable,206,38,0206_1.jpg,0038_3.jpg,0,0.6026530861854553,0.8198659420013428
exploration,cross_variable_variable,206,96,0206_1.jpg,0096_3.jpg,0,0.5610241293907166,0.8097493648529053
exploration,cross_variable_variable,206,110,0206_1.jpg,0110_3.jpg,0,0.5738914608955383,0.835216760635376
exploration,cross_variable_variable,206,127,0206_1.jpg,0127_3.jpg,0,0.5817811489105225,0.8252893686294556
exploration,cross_variable_variable,206,158,0206_1.jpg,0158_3.jpg,0,0.643532395362854,0.8665225505828857
exploration,cross_variable_variable,206,200,0206_1.jpg,0200_3.jpg,0,0.5558357238769531,0.8362837433815002
exploration,cross_variable_variable,207,207,0207_1.jpg,0207_3.jpg,1,0.6151415109634399,0.8493322134017944
exploration,cross_variable_variable,207,228,0207_1.jpg,0228_3.jpg,0,0.5821255445480347,0.866329550743103
exploration,cross_variable_variable,207,229,0207_1.jpg,0229_3.jpg,0,0.57332444190979,0.8399328589439392
exploration,cross_variable_variable,207,255,0207_1.jpg,0255_3.jpg,0,0.5239274501800537,0.8499383330345154
exploration,cross_variable_variable,207,38,0207_1.jpg,0038_3.jpg,0,0.557504415512085,0.8488470911979675
exploration,cross_variable_variable,207,39,0207_1.jpg,0039_3.jpg,0,0.6311588287353516,0.8418035507202148
exploration,cross_variable_variable,207,97,0207_1.jpg,0097_3.jpg,0,0.6063309907913208,0.8578485250473022
exploration,cross_variable_variable,207,114,0207_1.jpg,0114_3.jpg,0,0.6344842910766602,0.8438538312911987
exploration,cross_variable_variable,207,130,0207_1.jpg,0130_3.jpg,0,0.46253064274787903,0.8067245483398438
exploration,cross_variable_variable,207,159,0207_1.jpg,0159_3.jpg,0,0.5049577951431274,0.8076602220535278
exploration,cross_variable_variable,207,201,0207_1.jpg,0201_3.jpg,0,0.5442585945129395,0.8231812119483948
exploration,cross_variable_variable,208,208,0208_1.jpg,0208_3.jpg,1,0.6066576242446899,0.836833119392395
exploration,cross_variable_variable,208,229,0208_1.jpg,0229_3.jpg,0,0.5429598093032837,0.7933740019798279
exploration,cross_variable_variable,208,231,0208_1.jpg,0231_3.jpg,0,0.5093544721603394,0.7896592020988464
exploration,cross_variable_variable,208,256,0208_1.jpg,0256_3.jpg,0,0.5353742837905884,0.8053844571113586
exploration,cross_variable_variable,208,39,0208_1.jpg,0039_3.jpg,0,0.5823169350624084,0.8125505447387695
exploration,cross_variable_variable,208,40,0208_1.jpg,0040_3.jpg,0,0.5451887249946594,0.8186022639274597
exploration,cross_variable_variable,208,98,0208_1.jpg,0098_3.jpg,0,0.5697258710861206,0.8094264268875122
exploration,cross_variable_variable,208,116,0208_1.jpg,0116_3.jpg,0,0.551077663898468,0.8028390407562256
exploration,cross_variable_variable,208,132,0208_1.jpg,0132_3.jpg,0,0.5359798669815063,0.8031010627746582
exploration,cross_variable_variable,208,161,0208_1.jpg,0161_3.jpg,0,0.5225875973701477,0.8252364993095398
exploration,cross_variable_variable,208,203,0208_1.jpg,0203_3.jpg,0,0.5702420473098755,0.8181527256965637
exploration,cross_variable_variable,209,209,0209_1.jpg,0209_3.jpg,1,0.6261718273162842,0.8232297897338867
exploration,cross_variable_variable,209,231,0209_1.jpg,0231_3.jpg,0,0.5563049912452698,0.7860875129699707
exploration,cross_variable_variable,209,232,0209_1.jpg,0232_3.jpg,0,0.6143175363540649,0.8082664608955383
exploration,cross_variable_variable,209,260,0209_1.jpg,0260_3.jpg,0,0.661841869354248,0.8439780473709106
exploration,cross_variable_variable,209,40,0209_1.jpg,0040_3.jpg,0,0.600529670715332,0.8130972385406494
exploration,cross_variable_variable,209,42,0209_1.jpg,0042_3.jpg,0,0.6417216062545776,0.8356477618217468
exploration,cross_variable_variable,209,100,0209_1.jpg,0100_3.jpg,0,0.5035050511360168,0.7340295314788818
exploration,cross_variable_variable,209,118,0209_1.jpg,0118_3.jpg,0,0.6253149509429932,0.8015682101249695
exploration,cross_variable_variable,209,133,0209_1.jpg,0133_3.jpg,0,0.5431157350540161,0.7690616250038147
exploration,cross_variable_variable,209,162,0209_1.jpg,0162_3.jpg,0,0.6084059476852417,0.8174957633018494
exploration,cross_variable_variable,209,204,0209_1.jpg,0204_3.jpg,0,0.6448332071304321,0.8072584867477417
exploration,cross_variable_variable,211,211,0211_1.jpg,0211_3.jpg,1,0.5379544496536255,0.8165791630744934
exploration,cross_variable_variable,211,232,0211_1.jpg,0232_3.jpg,0,0.5277795791625977,0.8296248912811279
exploration,cross_variable_variable,211,234,0211_1.jpg,0234_3.jpg,0,0.5191556811332703,0.8231481313705444
exploration,cross_variable_variable,211,261,0211_1.jpg,0261_3.jpg,0,0.49446457624435425,0.7875627875328064
exploration,cross_variable_variable,211,42,0211_1.jpg,0042_3.jpg,0,0.48804232478141785,0.7995132207870483
exploration,cross_variable_variable,211,43,0211_1.jpg,0043_3.jpg,0,0.47978413105010986,0.798524022102356
exploration,cross_variable_variable,211,101,0211_1.jpg,0101_3.jpg,0,0.5257987976074219,0.809650182723999
exploration,cross_variable_variable,211,119,0211_1.jpg,0119_3.jpg,0,0.47629255056381226,0.79023677110672
exploration,cross_variable_variable,211,134,0211_1.jpg,0134_3.jpg,0,0.4947444200515747,0.8146268725395203
exploration,cross_variable_variable,211,163,0211_1.jpg,0163_3.jpg,0,0.5079017281532288,0.8056774139404297
exploration,cross_variable_variable,211,206,0211_1.jpg,0206_3.jpg,0,0.5217580795288086,0.8245978355407715
exploration,cross_variable_variable,212,212,0212_1.jpg,0212_3.jpg,1,0.5783897638320923,0.7904266119003296
exploration,cross_variable_variable,212,234,0212_1.jpg,0234_3.jpg,0,0.5226758122444153,0.8004287481307983
exploration,cross_variable_variable,212,235,0212_1.jpg,0235_3.jpg,0,0.4896761476993561,0.7925194501876831
exploration,cross_variable_variable,212,262,0212_1.jpg,0262_3.jpg,0,0.557640790939331,0.7955276966094971
exploration,cross_variable_variable,212,43,0212_1.jpg,0043_3.jpg,0,0.47501322627067566,0.780954897403717
exploration,cross_variable_variable,212,46,0212_1.jpg,0046_3.jpg,0,0.5377303957939148,0.7774120569229126
exploration,cross_variable_variable,212,103,0212_1.jpg,0103_3.jpg,0,0.49811989068984985,0.7713235020637512
exploration,cross_variable_variable,212,122,0212_1.jpg,0122_3.jpg,0,0.563988208770752,0.7789860963821411
exploration,cross_variable_variable,212,135,0212_1.jpg,0135_3.jpg,0,0.5357836484909058,0.8104913234710693
exploration,cross_variable_variable,212,164,0212_1.jpg,0164_3.jpg,0,0.5602556467056274,0.7805275917053223
exploration,cross_variable_variable,212,207,0212_1.jpg,0207_3.jpg,0,0.5405043959617615,0.7793169021606445
exploration,cross_variable_variable,213,213,0213_1.jpg,0213_3.jpg,1,0.5468928813934326,0.817898154258728
exploration,cross_variable_variable,213,235,0213_1.jpg,0235_3.jpg,0,0.4982665479183197,0.8048160076141357
exploration,cross_variable_variable,213,237,0213_1.jpg,0237_3.jpg,0,0.4860159456729889,0.7472054958343506
exploration,cross_variable_variable,213,263,0213_1.jpg,0263_3.jpg,0,0.5237477421760559,0.7863919138908386
exploration,cross_variable_variable,213,46,0213_1.jpg,0046_3.jpg,0,0.46403634548187256,0.7458734512329102
exploration,cross_variable_variable,213,47,0213_1.jpg,0047_3.jpg,0,0.527164101600647,0.786613404750824
exploration,cross_variable_variable,213,104,0213_1.jpg,0104_3.jpg,0,0.5341010093688965,0.8175514936447144
exploration,cross_variable_variable,213,123,0213_1.jpg,0123_3.jpg,0,0.4277493357658386,0.7388951182365417
exploration,cross_variable_variable,213,138,0213_1.jpg,0138_3.jpg,0,0.45898282527923584,0.7485986351966858
exploration,cross_variable_variable,213,167,0213_1.jpg,0167_3.jpg,0,0.4420798122882843,0.7558104991912842
exploration,cross_variable_variable,213,208,0213_1.jpg,0208_3.jpg,0,0.38156160712242126,0.7275160551071167
exploration,cross_variable_variable,214,214,0214_1.jpg,0214_3.jpg,1,0.6437203884124756,0.8580806851387024
exploration,cross_variable_variable,214,237,0214_1.jpg,0237_3.jpg,0,0.5343598127365112,0.7889780402183533
exploration,cross_variable_variable,214,239,0214_1.jpg,0239_3.jpg,0,0.5225833654403687,0.7956752777099609
exploration,cross_variable_variable,214,264,0214_1.jpg,0264_3.jpg,0,0.5683832168579102,0.8262421488761902
exploration,cross_variable_variable,214,47,0214_1.jpg,0047_3.jpg,0,0.548811674118042,0.8366764187812805
exploration,cross_variable_variable,214,49,0214_1.jpg,0049_3.jpg,0,0.5372114181518555,0.8046002984046936
exploration,cross_variable_variable,214,105,0214_1.jpg,0105_3.jpg,0,0.5984004735946655,0.8317519426345825
exploration,cross_variable_variable,214,124,0214_1.jpg,0124_3.jpg,0,0.5828914046287537,0.8224486708641052
exploration,cross_variable_variable,214,140,0214_1.jpg,0140_3.jpg,0,0.5216413736343384,0.816195011138916
exploration,cross_variable_variable,214,168,0214_1.jpg,0168_3.jpg,0,0.5701166391372681,0.8273220062255859
exploration,cross_variable_variable,214,209,0214_1.jpg,0209_3.jpg,0,0.561515212059021,0.8096054792404175
exploration,cross_variable_variable,216,216,0216_1.jpg,0216_3.jpg,1,0.5977112054824829,0.8504350781440735
exploration,cross_variable_variable,216,239,0216_1.jpg,0239_3.jpg,0,0.5936833620071411,0.8202667236328125
exploration,cross_variable_variable,216,240,0216_1.jpg,0240_3.jpg,0,0.6130922436714172,0.8387913703918457
exploration,cross_variable_variable,216,265,0216_1.jpg,0265_3.jpg,0,0.6177984476089478,0.8235206604003906
exploration,cross_variable_variable,216,49,0216_1.jpg,0049_3.jpg,0,0.5606651902198792,0.8157355785369873
exploration,cross_variable_variable,216,55,0216_1.jpg,0055_3.jpg,0,0.5889052152633667,0.8192905187606812
exploration,cross_variable_variable,216,106,0216_1.jpg,0106_3.jpg,0,0.5367769002914429,0.8044699430465698
exploration,cross_variable_variable,216,125,0216_1.jpg,0125_3.jpg,0,0.59891676902771,0.846537709236145
exploration,cross_variable_variable,216,142,0216_1.jpg,0142_3.jpg,0,0.5975382328033447,0.8196957111358643
exploration,cross_variable_variable,216,169,0216_1.jpg,0169_3.jpg,0,0.6131223440170288,0.8399151563644409
exploration,cross_variable_variable,216,211,0216_1.jpg,0211_3.jpg,0,0.5808640718460083,0.8385616540908813
exploration,cross_variable_variable,219,219,0219_1.jpg,0219_3.jpg,1,0.5822093486785889,0.8410925269126892
exploration,cross_variable_variable,219,240,0219_1.jpg,0240_3.jpg,0,0.635712742805481,0.8495643138885498
exploration,cross_variable_variable,219,241,0219_1.jpg,0241_3.jpg,0,0.598580002784729,0.8195546865463257
exploration,cross_variable_variable,219,266,0219_1.jpg,0266_3.jpg,0,0.5946421027183533,0.8155677318572998
exploration,cross_variable_variable,219,55,0219_1.jpg,0055_3.jpg,0,0.6159402132034302,0.8414668440818787
exploration,cross_variable_variable,219,56,0219_1.jpg,0056_3.jpg,0,0.6169511079788208,0.8392505049705505
exploration,cross_variable_variable,219,107,0219_1.jpg,0107_3.jpg,0,0.5840206742286682,0.8308885097503662
exploration,cross_variable_variable,219,127,0219_1.jpg,0127_3.jpg,0,0.5869928002357483,0.8317360877990723
exploration,cross_variable_variable,219,146,0219_1.jpg,0146_3.jpg,0,0.5855022668838501,0.8395079374313354
exploration,cross_variable_variable,219,171,0219_1.jpg,0171_3.jpg,0,0.5245850682258606,0.8095381259918213
exploration,cross_variable_variable,219,212,0219_1.jpg,0212_3.jpg,0,0.5841144323348999,0.824774980545044
exploration,cross_variable_variable,220,220,0220_1.jpg,0220_3.jpg,1,0.5123602151870728,0.7979366779327393
exploration,cross_variable_variable,220,241,0220_1.jpg,0241_3.jpg,0,0.5087826251983643,0.7535529136657715
exploration,cross_variable_variable,220,242,0220_1.jpg,0242_3.jpg,0,0.47042518854141235,0.7623240351676941
exploration,cross_variable_variable,220,267,0220_1.jpg,0267_3.jpg,0,0.5010864734649658,0.7657152414321899
exploration,cross_variable_variable,220,56,0220_1.jpg,0056_3.jpg,0,0.5015507936477661,0.7784861326217651
exploration,cross_variable_variable,220,57,0220_1.jpg,0057_3.jpg,0,0.504137396812439,0.7833386659622192
exploration,cross_variable_variable,220,109,0220_1.jpg,0109_3.jpg,0,0.439927875995636,0.7346481084823608
exploration,cross_variable_variable,220,130,0220_1.jpg,0130_3.jpg,0,0.40847569704055786,0.7371240854263306
exploration,cross_variable_variable,220,147,0220_1.jpg,0147_3.jpg,0,0.4771638512611389,0.7607005834579468
exploration,cross_variable_variable,220,172,0220_1.jpg,0172_3.jpg,0,0.49598073959350586,0.7641770243644714
exploration,cross_variable_variable,220,213,0220_1.jpg,0213_3.jpg,0,0.4807054400444031,0.7851260304450989
exploration,cross_variable_variable,221,221,0221_1.jpg,0221_3.jpg,1,0.704504132270813,0.8803213238716125
exploration,cross_variable_variable,221,242,0221_1.jpg,0242_3.jpg,0,0.6477077007293701,0.8652648329734802
exploration,cross_variable_variable,221,243,0221_1.jpg,0243_3.jpg,0,0.6311531066894531,0.8489370346069336
exploration,cross_variable_variable,221,271,0221_1.jpg,0271_3.jpg,0,0.5852169990539551,0.8409944772720337
exploration,cross_variable_variable,221,57,0221_1.jpg,0057_3.jpg,0,0.5939950942993164,0.8529703617095947
exploration,cross_variable_variable,221,59,0221_1.jpg,0059_3.jpg,0,0.6152393817901611,0.8668198585510254
exploration,cross_variable_variable,221,110,0221_1.jpg,0110_3.jpg,0,0.6188720464706421,0.875619649887085
exploration,cross_variable_variable,221,132,0221_1.jpg,0132_3.jpg,0,0.5832549333572388,0.8541061878204346
exploration,cross_variable_variable,221,148,0221_1.jpg,0148_3.jpg,0,0.6636724472045898,0.8892583847045898
exploration,cross_variable_variable,221,178,0221_1.jpg,0178_3.jpg,0,0.6375194787979126,0.8784602880477905
exploration,cross_variable_variable,221,214,0221_1.jpg,0214_3.jpg,0,0.6192086935043335,0.862452507019043
exploration,cross_variable_variable,223,223,0223_1.jpg,0223_3.jpg,1,0.515906035900116,0.792073130607605
exploration,cross_variable_variable,223,243,0223_1.jpg,0243_3.jpg,0,0.5493574142456055,0.7949207425117493
exploration,cross_variable_variable,223,244,0223_1.jpg,0244_3.jpg,0,0.40365588665008545,0.7696827054023743
exploration,cross_variable_variable,223,272,0223_1.jpg,0272_3.jpg,0,0.6160759925842285,0.823267936706543
exploration,cross_variable_variable,223,59,0223_1.jpg,0059_3.jpg,0,0.5360499620437622,0.8088977336883545
exploration,cross_variable_variable,223,60,0223_1.jpg,0060_3.jpg,0,0.4939584732055664,0.7883164882659912
exploration,cross_variable_variable,223,114,0223_1.jpg,0114_3.jpg,0,0.5153992772102356,0.7480944991111755
exploration,cross_variable_variable,223,133,0223_1.jpg,0133_3.jpg,0,0.5201485753059387,0.79974365234375
exploration,cross_variable_variable,223,152,0223_1.jpg,0152_3.jpg,0,0.5163792371749878,0.8014932870864868
exploration,cross_variable_variable,223,179,0223_1.jpg,0179_3.jpg,0,0.5777299404144287,0.8013330101966858
exploration,cross_variable_variable,223,216,0223_1.jpg,0216_3.jpg,0,0.480990469455719,0.7999811172485352
exploration,cross_variable_variable,224,224,0224_1.jpg,0224_3.jpg,1,0.6181512475013733,0.8453128933906555
exploration,cross_variable_variable,224,244,0224_1.jpg,0244_3.jpg,0,0.4292396903038025,0.7323541641235352
exploration,cross_variable_variable,224,245,0224_1.jpg,0245_3.jpg,0,0.5222489833831787,0.7917218208312988
exploration,cross_variable_variable,224,273,0224_1.jpg,0273_3.jpg,0,0.554851770401001,0.8227778077125549
exploration,cross_variable_variable,224,60,0224_1.jpg,0060_3.jpg,0,0.5776759386062622,0.8405413627624512
exploration,cross_variable_variable,224,61,0224_1.jpg,0061_3.jpg,0,0.5976743102073669,0.8392156362533569
exploration,cross_variable_variable,224,116,0224_1.jpg,0116_3.jpg,0,0.6015865802764893,0.8403280377388
exploration,cross_variable_variable,224,134,0224_1.jpg,0134_3.jpg,0,0.5897854566574097,0.8420942425727844
exploration,cross_variable_variable,224,153,0224_1.jpg,0153_3.jpg,0,0.6147428750991821,0.8301975727081299
exploration,cross_variable_variable,224,180,0224_1.jpg,0180_3.jpg,0,0.602470874786377,0.8466017246246338
exploration,cross_variable_variable,224,219,0224_1.jpg,0219_3.jpg,0,0.5581282377243042,0.8217201232910156
exploration,cross_variable_variable,225,225,0225_1.jpg,0225_3.jpg,1,0.5865991711616516,0.8364769220352173
exploration,cross_variable_variable,225,245,0225_1.jpg,0245_3.jpg,0,0.510545015335083,0.8132980465888977
exploration,cross_variable_variable,225,246,0225_1.jpg,0246_3.jpg,0,0.6559699177742004,0.8750574588775635
exploration,cross_variable_variable,225,274,0225_1.jpg,0274_3.jpg,0,0.5494486093521118,0.8485177755355835
exploration,cross_variable_variable,225,61,0225_1.jpg,0061_3.jpg,0,0.5708580613136292,0.8499010801315308
exploration,cross_variable_variable,225,62,0225_1.jpg,0062_3.jpg,0,0.5503091812133789,0.8537946939468384
exploration,cross_variable_variable,225,118,0225_1.jpg,0118_3.jpg,0,0.602648138999939,0.8472645878791809
exploration,cross_variable_variable,225,135,0225_1.jpg,0135_3.jpg,0,0.5669835805892944,0.8586944341659546
exploration,cross_variable_variable,225,154,0225_1.jpg,0154_3.jpg,0,0.6323080658912659,0.8595815896987915
exploration,cross_variable_variable,225,181,0225_1.jpg,0181_3.jpg,0,0.5428216457366943,0.8422656059265137
exploration,cross_variable_variable,225,220,0225_1.jpg,0220_3.jpg,0,0.5321625471115112,0.8213647603988647
exploration,cross_variable_variable,226,226,0226_1.jpg,0226_3.jpg,1,0.7674129009246826,0.9142538905143738
exploration,cross_variable_variable,226,246,0226_1.jpg,0246_3.jpg,0,0.6755614876747131,0.881649374961853
exploration,cross_variable_variable,226,247,0226_1.jpg,0247_3.jpg,0,0.6970956325531006,0.8804391622543335
exploration,cross_variable_variable,226,276,0226_1.jpg,0276_3.jpg,0,0.6876953840255737,0.8874565958976746
exploration,cross_variable_variable,226,62,0226_1.jpg,0062_3.jpg,0,0.6738308072090149,0.8761873245239258
exploration,cross_variable_variable,226,65,0226_1.jpg,0065_3.jpg,0,0.6414179801940918,0.8604090213775635
exploration,cross_variable_variable,226,119,0226_1.jpg,0119_3.jpg,0,0.6433764696121216,0.8514493703842163
exploration,cross_variable_variable,226,138,0226_1.jpg,0138_3.jpg,0,0.6084723472595215,0.8390358090400696
exploration,cross_variable_variable,226,155,0226_1.jpg,0155_3.jpg,0,0.6270714998245239,0.8467854857444763
exploration,cross_variable_variable,226,183,0226_1.jpg,0183_3.jpg,0,0.673021137714386,0.8517860770225525
exploration,cross_variable_variable,226,221,0226_1.jpg,0221_3.jpg,0,0.7232794761657715,0.8719326257705688
exploration,cross_variable_variable,227,227,0227_1.jpg,0227_3.jpg,1,0.514732837677002,0.7847391366958618
exploration,cross_variable_variable,227,247,0227_1.jpg,0247_3.jpg,0,0.5893150568008423,0.7980811595916748
exploration,cross_variable_variable,227,248,0227_1.jpg,0248_3.jpg,0,0.4815341830253601,0.7722134590148926
exploration,cross_variable_variable,227,279,0227_1.jpg,0279_3.jpg,0,0.5306518077850342,0.796519935131073
exploration,cross_variable_variable,227,65,0227_1.jpg,0065_3.jpg,0,0.5122666954994202,0.7631571888923645
exploration,cross_variable_variable,227,66,0227_1.jpg,0066_3.jpg,0,0.5139003396034241,0.7516990900039673
exploration,cross_variable_variable,227,122,0227_1.jpg,0122_3.jpg,0,0.47659313678741455,0.7561908960342407
exploration,cross_variable_variable,227,140,0227_1.jpg,0140_3.jpg,0,0.5615370273590088,0.787917971611023
exploration,cross_variable_variable,227,156,0227_1.jpg,0156_3.jpg,0,0.5409965515136719,0.7980596423149109
exploration,cross_variable_variable,227,185,0227_1.jpg,0185_3.jpg,0,0.5124089121818542,0.7594726085662842
exploration,cross_variable_variable,227,223,0227_1.jpg,0223_3.jpg,0,0.4720204174518585,0.7692151665687561
exploration,cross_variable_variable,228,228,0228_1.jpg,0228_3.jpg,1,0.6443994045257568,0.8626388311386108
exploration,cross_variable_variable,228,248,0228_1.jpg,0248_3.jpg,0,0.5784549117088318,0.8275255560874939
exploration,cross_variable_variable,228,249,0228_1.jpg,0249_3.jpg,0,0.5744964480400085,0.8063544631004333
exploration,cross_variable_variable,228,281,0228_1.jpg,0281_3.jpg,0,0.5662586688995361,0.8183419108390808
exploration,cross_variable_variable,228,66,0228_1.jpg,0066_3.jpg,0,0.6065532565116882,0.8369913101196289
exploration,cross_variable_variable,228,67,0228_1.jpg,0067_3.jpg,0,0.495437890291214,0.7968213558197021
exploration,cross_variable_variable,228,123,0228_1.jpg,0123_3.jpg,0,0.49628013372421265,0.781131386756897
exploration,cross_variable_variable,228,142,0228_1.jpg,0142_3.jpg,0,0.5746704339981079,0.8129181265830994
exploration,cross_variable_variable,228,157,0228_1.jpg,0157_3.jpg,0,0.46556419134140015,0.7715631723403931
exploration,cross_variable_variable,228,188,0228_1.jpg,0188_3.jpg,0,0.5993054509162903,0.8305157423019409
exploration,cross_variable_variable,228,224,0228_1.jpg,0224_3.jpg,0,0.5675964951515198,0.841179370880127
exploration,cross_variable_variable,229,229,0229_1.jpg,0229_3.jpg,1,0.5664456486701965,0.8216744661331177
exploration,cross_variable_variable,229,249,0229_1.jpg,0249_3.jpg,0,0.5614310503005981,0.8208655118942261
exploration,cross_variable_variable,229,250,0229_1.jpg,0250_3.jpg,0,0.5742571353912354,0.8270968794822693
exploration,cross_variable_variable,229,282,0229_1.jpg,0282_3.jpg,0,0.5717735290527344,0.81247478723526
exploration,cross_variable_variable,229,67,0229_1.jpg,0067_3.jpg,0,0.5119200944900513,0.8135513663291931
exploration,cross_variable_variable,229,70,0229_1.jpg,0070_3.jpg,0,0.46729135513305664,0.7891460061073303
exploration,cross_variable_variable,229,124,0229_1.jpg,0124_3.jpg,0,0.550524890422821,0.8029559850692749
exploration,cross_variable_variable,229,146,0229_1.jpg,0146_3.jpg,0,0.5501235127449036,0.8153459429740906
exploration,cross_variable_variable,229,158,0229_1.jpg,0158_3.jpg,0,0.5591546297073364,0.8478075861930847
exploration,cross_variable_variable,229,189,0229_1.jpg,0189_3.jpg,0,0.559088945388794,0.8155215978622437
exploration,cross_variable_variable,229,225,0229_1.jpg,0225_3.jpg,0,0.5623253583908081,0.7945858240127563
exploration,cross_variable_variable,231,231,0231_1.jpg,0231_3.jpg,1,0.4872308373451233,0.7663276195526123
exploration,cross_variable_variable,231,250,0231_1.jpg,0250_3.jpg,0,0.5115584135055542,0.7934611439704895
exploration,cross_variable_variable,231,251,0231_1.jpg,0251_3.jpg,0,0.5143827199935913,0.7894952297210693
exploration,cross_variable_variable,231,1,0231_1.jpg,0001_3.jpg,0,0.5219362378120422,0.7978509068489075
exploration,cross_variable_variable,231,70,0231_1.jpg,0070_3.jpg,0,0.44732993841171265,0.7613945603370667
exploration,cross_variable_variable,231,71,0231_1.jpg,0071_3.jpg,0,0.4751945734024048,0.7984083890914917
exploration,cross_variable_variable,231,125,0231_1.jpg,0125_3.jpg,0,0.5290095806121826,0.7998213171958923
exploration,cross_variable_variable,231,147,0231_1.jpg,0147_3.jpg,0,0.5082095861434937,0.8029466867446899
exploration,cross_variable_variable,231,159,0231_1.jpg,0159_3.jpg,0,0.4968898892402649,0.8030757904052734
exploration,cross_variable_variable,231,191,0231_1.jpg,0191_3.jpg,0,0.4681892991065979,0.7623279094696045
exploration,cross_variable_variable,231,226,0231_1.jpg,0226_3.jpg,0,0.5074481964111328,0.8236997127532959
exploration,cross_variable_variable,232,232,0232_1.jpg,0232_3.jpg,1,0.654557466506958,0.8558672666549683
exploration,cross_variable_variable,232,251,0232_1.jpg,0251_3.jpg,0,0.5560146570205688,0.821377158164978
exploration,cross_variable_variable,232,252,0232_1.jpg,0252_3.jpg,0,0.6575016379356384,0.8335185050964355
exploration,cross_variable_variable,232,2,0232_1.jpg,0002_3.jpg,0,0.5799987316131592,0.8307474851608276
exploration,cross_variable_variable,232,71,0232_1.jpg,0071_3.jpg,0,0.5963671803474426,0.8200330138206482
exploration,cross_variable_variable,232,74,0232_1.jpg,0074_3.jpg,0,0.5770509839057922,0.8354578018188477
exploration,cross_variable_variable,232,127,0232_1.jpg,0127_3.jpg,0,0.5847305655479431,0.8329230546951294
exploration,cross_variable_variable,232,148,0232_1.jpg,0148_3.jpg,0,0.6451989412307739,0.847214937210083
exploration,cross_variable_variable,232,161,0232_1.jpg,0161_3.jpg,0,0.5771462917327881,0.8512435555458069
exploration,cross_variable_variable,232,192,0232_1.jpg,0192_3.jpg,0,0.5599853992462158,0.8331868052482605
exploration,cross_variable_variable,232,227,0232_1.jpg,0227_3.jpg,0,0.5973191261291504,0.8447933793067932
exploration,cross_variable_variable,234,234,0234_1.jpg,0234_3.jpg,1,0.6310344338417053,0.8302574157714844
exploration,cross_variable_variable,234,252,0234_1.jpg,0252_3.jpg,0,0.6131458282470703,0.8196349740028381
exploration,cross_variable_variable,234,255,0234_1.jpg,0255_3.jpg,0,0.6345556974411011,0.8296740055084229
exploration,cross_variable_variable,234,3,0234_1.jpg,0003_3.jpg,0,0.4847850799560547,0.7675475478172302
exploration,cross_variable_variable,234,74,0234_1.jpg,0074_3.jpg,0,0.5778878331184387,0.8197929859161377
exploration,cross_variable_variable,234,75,0234_1.jpg,0075_3.jpg,0,0.4073588252067566,0.7629976868629456
exploration,cross_variable_variable,234,130,0234_1.jpg,0130_3.jpg,0,0.4959070682525635,0.7747167348861694
exploration,cross_variable_variable,234,152,0234_1.jpg,0152_3.jpg,0,0.528124213218689,0.7802358269691467
exploration,cross_variable_variable,234,162,0234_1.jpg,0162_3.jpg,0,0.6222128868103027,0.8143924474716187
exploration,cross_variable_variable,234,196,0234_1.jpg,0196_3.jpg,0,0.5393714904785156,0.7719242572784424
exploration,cross_variable_variable,234,228,0234_1.jpg,0228_3.jpg,0,0.667015790939331,0.8540957570075989
exploration,cross_variable_variable,235,235,0235_1.jpg,0235_3.jpg,1,0.6457724571228027,0.8619548082351685
exploration,cross_variable_variable,235,255,0235_1.jpg,0255_3.jpg,0,0.5808343887329102,0.858397364616394
exploration,cross_variable_variable,235,256,0235_1.jpg,0256_3.jpg,0,0.5316318273544312,0.8095153570175171
exploration,cross_variable_variable,235,6,0235_1.jpg,0006_3.jpg,0,0.4908779561519623,0.7965990304946899
exploration,cross_variable_variable,235,75,0235_1.jpg,0075_3.jpg,0,0.42178577184677124,0.8079065084457397
exploration,cross_variable_variable,235,76,0235_1.jpg,0076_3.jpg,0,0.5010534524917603,0.8214060068130493
exploration,cross_variable_variable,235,132,0235_1.jpg,0132_3.jpg,0,0.5593957901000977,0.8218070864677429
exploration,cross_variable_variable,235,153,0235_1.jpg,0153_3.jpg,0,0.6119607090950012,0.8485503792762756
exploration,cross_variable_variable,235,163,0235_1.jpg,0163_3.jpg,0,0.5476539134979248,0.8315162658691406
exploration,cross_variable_variable,235,197,0235_1.jpg,0197_3.jpg,0,0.45890700817108154,0.7589952349662781
exploration,cross_variable_variable,235,229,0235_1.jpg,0229_3.jpg,0,0.5201747417449951,0.8050585985183716
exploration,cross_variable_variable,237,237,0237_1.jpg,0237_3.jpg,1,0.6151127815246582,0.8619955778121948
exploration,cross_variable_variable,237,256,0237_1.jpg,0256_3.jpg,0,0.6037865877151489,0.8472662568092346
exploration,cross_variable_variable,237,260,0237_1.jpg,0260_3.jpg,0,0.6515994668006897,0.8910504579544067
exploration,cross_variable_variable,237,7,0237_1.jpg,0007_3.jpg,0,0.5658148527145386,0.8319318890571594
exploration,cross_variable_variable,237,76,0237_1.jpg,0076_3.jpg,0,0.4879283905029297,0.8143237829208374
exploration,cross_variable_variable,237,77,0237_1.jpg,0077_3.jpg,0,0.5572203397750854,0.813515305519104
exploration,cross_variable_variable,237,133,0237_1.jpg,0133_3.jpg,0,0.5044234395027161,0.8153156042098999
exploration,cross_variable_variable,237,154,0237_1.jpg,0154_3.jpg,0,0.5897868275642395,0.8248461484909058
exploration,cross_variable_variable,237,164,0237_1.jpg,0164_3.jpg,0,0.6154566407203674,0.8536219596862793
exploration,cross_variable_variable,237,198,0237_1.jpg,0198_3.jpg,0,0.538780689239502,0.8407203555107117
exploration,cross_variable_variable,237,231,0237_1.jpg,0231_3.jpg,0,0.5263092517852783,0.832865834236145
exploration,cross_variable_variable,239,239,0239_1.jpg,0239_3.jpg,1,0.6312505602836609,0.8532364368438721
exploration,cross_variable_variable,239,260,0239_1.jpg,0260_3.jpg,0,0.6506761312484741,0.8441607356071472
exploration,cross_variable_variable,239,261,0239_1.jpg,0261_3.jpg,0,0.6286007165908813,0.8466108441352844
exploration,cross_variable_variable,239,8,0239_1.jpg,0008_3.jpg,0,0.6027061343193054,0.843535304069519
exploration,cross_variable_variable,239,77,0239_1.jpg,0077_3.jpg,0,0.6296266913414001,0.8414144515991211
exploration,cross_variable_variable,239,78,0239_1.jpg,0078_3.jpg,0,0.6802922487258911,0.8697441816329956
exploration,cross_variable_variable,239,134,0239_1.jpg,0134_3.jpg,0,0.5433745384216309,0.8448560237884521
exploration,cross_variable_variable,239,155,0239_1.jpg,0155_3.jpg,0,0.6225202083587646,0.8457559943199158
exploration,cross_variable_variable,239,167,0239_1.jpg,0167_3.jpg,0,0.6003725528717041,0.8219469785690308
exploration,cross_variable_variable,239,199,0239_1.jpg,0199_3.jpg,0,0.5836418867111206,0.8436719179153442
exploration,cross_variable_variable,239,232,0239_1.jpg,0232_3.jpg,0,0.6675163507461548,0.879734992980957
exploration,cross_variable_variable,240,240,0240_1.jpg,0240_3.jpg,1,0.6016860604286194,0.8214601874351501
exploration,cross_variable_variable,240,261,0240_1.jpg,0261_3.jpg,0,0.5576762557029724,0.7919914722442627
exploration,cross_variable_variable,240,262,0240_1.jpg,0262_3.jpg,0,0.6378031373023987,0.8251009583473206
exploration,cross_variable_variable,240,11,0240_1.jpg,0011_3.jpg,0,0.588088870048523,0.8127566576004028
exploration,cross_variable_variable,240,78,0240_1.jpg,0078_3.jpg,0,0.633112907409668,0.8369842767715454
exploration,cross_variable_variable,240,79,0240_1.jpg,0079_3.jpg,0,0.5736048817634583,0.7971826791763306
exploration,cross_variable_variable,240,135,0240_1.jpg,0135_3.jpg,0,0.5744118690490723,0.8332989811897278
exploration,cross_variable_variable,240,156,0240_1.jpg,0156_3.jpg,0,0.5708739757537842,0.8264431953430176
exploration,cross_variable_variable,240,168,0240_1.jpg,0168_3.jpg,0,0.5928241610527039,0.8036676645278931
exploration,cross_variable_variable,240,200,0240_1.jpg,0200_3.jpg,0,0.6113594770431519,0.8474429845809937
exploration,cross_variable_variable,240,234,0240_1.jpg,0234_3.jpg,0,0.5930094718933105,0.8368792533874512
exploration,cross_variable_variable,241,241,0241_1.jpg,0241_3.jpg,1,0.575623631477356,0.7934832572937012
exploration,cross_variable_variable,241,262,0241_1.jpg,0262_3.jpg,0,0.567827582359314,0.8089904189109802
exploration,cross_variable_variable,241,263,0241_1.jpg,0263_3.jpg,0,0.5374772548675537,0.8029826879501343
exploration,cross_variable_variable,241,12,0241_1.jpg,0012_3.jpg,0,0.5103131532669067,0.7776554822921753
exploration,cross_variable_variable,241,79,0241_1.jpg,0079_3.jpg,0,0.5234752893447876,0.777458667755127
exploration,cross_variable_variable,241,81,0241_1.jpg,0081_3.jpg,0,0.5153073072433472,0.7829089164733887
exploration,cross_variable_variable,241,138,0241_1.jpg,0138_3.jpg,0,0.5123988389968872,0.7671234607696533
exploration,cross_variable_variable,241,157,0241_1.jpg,0157_3.jpg,0,0.4906424283981323,0.7544234991073608
exploration,cross_variable_variable,241,169,0241_1.jpg,0169_3.jpg,0,0.5305935144424438,0.801790714263916
exploration,cross_variable_variable,241,201,0241_1.jpg,0201_3.jpg,0,0.5453782081604004,0.7928450107574463
exploration,cross_variable_variable,241,235,0241_1.jpg,0235_3.jpg,0,0.5234077572822571,0.8104968070983887
exploration,cross_variable_variable,242,242,0242_1.jpg,0242_3.jpg,1,0.7651020288467407,0.8943823575973511
exploration,cross_variable_variable,242,263,0242_1.jpg,0263_3.jpg,0,0.6632990837097168,0.8583722114562988
exploration,cross_variable_variable,242,264,0242_1.jpg,0264_3.jpg,0,0.7112808227539062,0.8526889085769653
exploration,cross_variable_variable,242,15,0242_1.jpg,0015_3.jpg,0,0.6579923033714294,0.885595440864563
exploration,cross_variable_variable,242,81,0242_1.jpg,0081_3.jpg,0,0.616707444190979,0.8437410593032837
exploration,cross_variable_variable,242,83,0242_1.jpg,0083_3.jpg,0,0.665960967540741,0.8736127614974976
exploration,cross_variable_variable,242,140,0242_1.jpg,0140_3.jpg,0,0.71556156873703,0.8853316903114319
exploration,cross_variable_variable,242,158,0242_1.jpg,0158_3.jpg,0,0.7188560962677002,0.9032337069511414
exploration,cross_variable_variable,242,171,0242_1.jpg,0171_3.jpg,0,0.5689487457275391,0.8302580118179321
exploration,cross_variable_variable,242,203,0242_1.jpg,0203_3.jpg,0,0.7303249835968018,0.8896830081939697
exploration,cross_variable_variable,242,237,0242_1.jpg,0237_3.jpg,0,0.6068804860115051,0.815143346786499
exploration,cross_variable_variable,243,243,0243_1.jpg,0243_3.jpg,1,0.6422492265701294,0.8574291467666626
exploration,cross_variable_variable,243,264,0243_1.jpg,0264_3.jpg,0,0.574952244758606,0.8206093311309814
exploration,cross_variable_variable,243,265,0243_1.jpg,0265_3.jpg,0,0.628538191318512,0.8381479978561401
exploration,cross_variable_variable,243,18,0243_1.jpg,0018_3.jpg,0,0.5186505317687988,0.7744120359420776
exploration,cross_variable_variable,243,83,0243_1.jpg,0083_3.jpg,0,0.587388813495636,0.8294886946678162
exploration,cross_variable_variable,243,85,0243_1.jpg,0085_3.jpg,0,0.6024062037467957,0.819052517414093
exploration,cross_variable_variable,243,142,0243_1.jpg,0142_3.jpg,0,0.5565968751907349,0.8017129898071289
exploration,cross_variable_variable,243,159,0243_1.jpg,0159_3.jpg,0,0.5599316358566284,0.7916288375854492
exploration,cross_variable_variable,243,172,0243_1.jpg,0172_3.jpg,0,0.6483153104782104,0.8571153283119202
exploration,cross_variable_variable,243,204,0243_1.jpg,0204_3.jpg,0,0.6574863791465759,0.8409655094146729
exploration,cross_variable_variable,243,239,0243_1.jpg,0239_3.jpg,0,0.543542206287384,0.8003847599029541
exploration,cross_variable_variable,244,244,0244_1.jpg,0244_3.jpg,1,0.4603933095932007,0.7911720871925354
exploration,cross_variable_variable,244,265,0244_1.jpg,0265_3.jpg,0,0.4259771704673767,0.7550607919692993
exploration,cross_variable_variable,244,266,0244_1.jpg,0266_3.jpg,0,0.5127765536308289,0.8134114146232605
exploration,cross_variable_variable,244,19,0244_1.jpg,0019_3.jpg,0,0.44441458582878113,0.774774968624115
exploration,cross_variable_variable,244,85,0244_1.jpg,0085_3.jpg,0,0.48367840051651,0.7655428647994995
exploration,cross_variable_variable,244,86,0244_1.jpg,0086_3.jpg,0,0.43737637996673584,0.7939871549606323
exploration,cross_variable_variable,244,146,0244_1.jpg,0146_3.jpg,0,0.4906767010688782,0.7888273000717163
exploration,cross_variable_variable,244,161,0244_1.jpg,0161_3.jpg,0,0.47811055183410645,0.822635293006897
exploration,cross_variable_variable,244,178,0244_1.jpg,0178_3.jpg,0,0.47828054428100586,0.814302921295166
exploration,cross_variable_variable,244,206,0244_1.jpg,0206_3.jpg,0,0.4330517053604126,0.7866511940956116
exploration,cross_variable_variable,244,240,0244_1.jpg,0240_3.jpg,0,0.4829510450363159,0.7971723079681396
exploration,cross_variable_variable,245,245,0245_1.jpg,0245_3.jpg,1,0.5107489824295044,0.7938899993896484
exploration,cross_variable_variable,245,266,0245_1.jpg,0266_3.jpg,0,0.5859050750732422,0.8110293745994568
exploration,cross_variable_variable,245,267,0245_1.jpg,0267_3.jpg,0,0.5497106313705444,0.8036661148071289
exploration,cross_variable_variable,245,20,0245_1.jpg,0020_3.jpg,0,0.5631066560745239,0.8107286691665649
exploration,cross_variable_variable,245,86,0245_1.jpg,0086_3.jpg,0,0.5024445056915283,0.8165350556373596
exploration,cross_variable_variable,245,87,0245_1.jpg,0087_3.jpg,0,0.5078607797622681,0.8218051195144653
exploration,cross_variable_variable,245,147,0245_1.jpg,0147_3.jpg,0,0.543856680393219,0.803398847579956
exploration,cross_variable_variable,245,162,0245_1.jpg,0162_3.jpg,0,0.595778226852417,0.8206624984741211
exploration,cross_variable_variable,245,179,0245_1.jpg,0179_3.jpg,0,0.5522558093070984,0.790073812007904
exploration,cross_variable_variable,245,207,0245_1.jpg,0207_3.jpg,0,0.5701163411140442,0.8010985255241394
exploration,cross_variable_variable,245,241,0245_1.jpg,0241_3.jpg,0,0.6089204549789429,0.8067384362220764
exploration,cross_variable_variable,246,246,0246_1.jpg,0246_3.jpg,1,0.679538369178772,0.8807940483093262
exploration,cross_variable_variable,246,267,0246_1.jpg,0267_3.jpg,0,0.5729548931121826,0.8537240624427795
exploration,cross_variable_variable,246,271,0246_1.jpg,0271_3.jpg,0,0.6095231771469116,0.8601891994476318
exploration,cross_variable_variable,246,21,0246_1.jpg,0021_3.jpg,0,0.618829607963562,0.8431719541549683
exploration,cross_variable_variable,246,87,0246_1.jpg,0087_3.jpg,0,0.46779975295066833,0.8090739846229553
exploration,cross_variable_variable,246,89,0246_1.jpg,0089_3.jpg,0,0.591252863407135,0.8366701602935791
exploration,cross_variable_variable,246,148,0246_1.jpg,0148_3.jpg,0,0.6637515425682068,0.8622020483016968
exploration,cross_variable_variable,246,163,0246_1.jpg,0163_3.jpg,0,0.5773540735244751,0.8415261507034302
exploration,cross_variable_variable,246,180,0246_1.jpg,0180_3.jpg,0,0.6122216582298279,0.8589091300964355
exploration,cross_variable_variable,246,208,0246_1.jpg,0208_3.jpg,0,0.5061790347099304,0.7837113738059998
exploration,cross_variable_variable,246,242,0246_1.jpg,0242_3.jpg,0,0.5872055292129517,0.8391254544258118
exploration,cross_variable_variable,247,247,0247_1.jpg,0247_3.jpg,1,0.5652814507484436,0.8610403537750244
exploration,cross_variable_variable,247,271,0247_1.jpg,0271_3.jpg,0,0.5157999396324158,0.8340973258018494
exploration,cross_variable_variable,247,272,0247_1.jpg,0272_3.jpg,0,0.5938761234283447,0.8614361882209778
exploration,cross_variable_variable,247,22,0247_1.jpg,0022_3.jpg,0,0.5860340595245361,0.8475358486175537
exploration,cross_variable_variable,247,89,0247_1.jpg,0089_3.jpg,0,0.5959705114364624,0.8434499502182007
exploration,cross_variable_variable,247,90,0247_1.jpg,0090_3.jpg,0,0.5122922658920288,0.8238182067871094
exploration,cross_variable_variable,247,152,0247_1.jpg,0152_3.jpg,0,0.5954364538192749,0.8471744060516357
exploration,cross_variable_variable,247,164,0247_1.jpg,0164_3.jpg,0,0.5733566284179688,0.8445588946342468
exploration,cross_variable_variable,247,181,0247_1.jpg,0181_3.jpg,0,0.5225493907928467,0.8270279765129089
exploration,cross_variable_variable,247,209,0247_1.jpg,0209_3.jpg,0,0.618901252746582,0.8510645627975464
exploration,cross_variable_variable,247,243,0247_1.jpg,0243_3.jpg,0,0.5331864356994629,0.8398361802101135
exploration,cross_variable_variable,248,248,0248_1.jpg,0248_3.jpg,1,0.5829892158508301,0.8454655408859253
exploration,cross_variable_variable,248,272,0248_1.jpg,0272_3.jpg,0,0.6930518746376038,0.8746632933616638
exploration,cross_variable_variable,248,273,0248_1.jpg,0273_3.jpg,0,0.5878121852874756,0.8298159241676331
exploration,cross_variable_variable,248,25,0248_1.jpg,0025_3.jpg,0,0.4506058692932129,0.76090407371521
exploration,cross_variable_variable,248,90,0248_1.jpg,0090_3.jpg,0,0.5653334856033325,0.8232495784759521
exploration,cross_variable_variable,248,91,0248_1.jpg,0091_3.jpg,0,0.5846801400184631,0.8391806483268738
exploration,cross_variable_variable,248,153,0248_1.jpg,0153_3.jpg,0,0.6472325325012207,0.8549305200576782
exploration,cross_variable_variable,248,167,0248_1.jpg,0167_3.jpg,0,0.5348587036132812,0.8040611147880554
exploration,cross_variable_variable,248,183,0248_1.jpg,0183_3.jpg,0,0.6513499021530151,0.8416528701782227
exploration,cross_variable_variable,248,211,0248_1.jpg,0211_3.jpg,0,0.6035118103027344,0.8382000923156738
exploration,cross_variable_variable,248,244,0248_1.jpg,0244_3.jpg,0,0.4549846649169922,0.774329662322998
exploration,cross_variable_variable,249,249,0249_1.jpg,0249_3.jpg,1,0.642988920211792,0.8508933186531067
exploration,cross_variable_variable,249,273,0249_1.jpg,0273_3.jpg,0,0.5791215300559998,0.8367341756820679
exploration,cross_variable_variable,249,274,0249_1.jpg,0274_3.jpg,0,0.5899971723556519,0.8671771883964539
exploration,cross_variable_variable,249,26,0249_1.jpg,0026_3.jpg,0,0.6249281167984009,0.8539705276489258
exploration,cross_variable_variable,249,91,0249_1.jpg,0091_3.jpg,0,0.6162655353546143,0.8663582801818848
exploration,cross_variable_variable,249,92,0249_1.jpg,0092_3.jpg,0,0.6225864887237549,0.8442471027374268
exploration,cross_variable_variable,249,154,0249_1.jpg,0154_3.jpg,0,0.7153298854827881,0.8945357799530029
exploration,cross_variable_variable,249,168,0249_1.jpg,0168_3.jpg,0,0.6568684577941895,0.8944847583770752
exploration,cross_variable_variable,249,185,0249_1.jpg,0185_3.jpg,0,0.577851414680481,0.8246175050735474
exploration,cross_variable_variable,249,212,0249_1.jpg,0212_3.jpg,0,0.5489193201065063,0.8053950071334839
exploration,cross_variable_variable,249,245,0249_1.jpg,0245_3.jpg,0,0.5553395748138428,0.8483550548553467
exploration,cross_variable_variable,250,250,0250_1.jpg,0250_3.jpg,1,0.6214683651924133,0.8516891598701477
exploration,cross_variable_variable,250,274,0250_1.jpg,0274_3.jpg,0,0.5732251405715942,0.8318029046058655
exploration,cross_variable_variable,250,276,0250_1.jpg,0276_3.jpg,0,0.5971300601959229,0.8490006923675537
exploration,cross_variable_variable,250,27,0250_1.jpg,0027_3.jpg,0,0.6128371953964233,0.8346220850944519
exploration,cross_variable_variable,250,92,0250_1.jpg,0092_3.jpg,0,0.646616518497467,0.8614088296890259
exploration,cross_variable_variable,250,93,0250_1.jpg,0093_3.jpg,0,0.6467278003692627,0.8689520359039307
exploration,cross_variable_variable,250,155,0250_1.jpg,0155_3.jpg,0,0.5631216168403625,0.8234243988990784
exploration,cross_variable_variable,250,169,0250_1.jpg,0169_3.jpg,0,0.5763145685195923,0.8321415781974792
exploration,cross_variable_variable,250,188,0250_1.jpg,0188_3.jpg,0,0.548160195350647,0.7974178791046143
exploration,cross_variable_variable,250,213,0250_1.jpg,0213_3.jpg,0,0.5521227121353149,0.8217185735702515
exploration,cross_variable_variable,250,246,0250_1.jpg,0246_3.jpg,0,0.6605649590492249,0.8765325546264648
exploration,cross_variable_variable,251,251,0251_1.jpg,0251_3.jpg,1,0.4917398691177368,0.7895749807357788
exploration,cross_variable_variable,251,276,0251_1.jpg,0276_3.jpg,0,0.5253078937530518,0.8018728494644165
exploration,cross_variable_variable,251,279,0251_1.jpg,0279_3.jpg,0,0.49738290905952454,0.767742395401001
exploration,cross_variable_variable,251,29,0251_1.jpg,0029_3.jpg,0,0.4793826937675476,0.7757626175880432
exploration,cross_variable_variable,251,93,0251_1.jpg,0093_3.jpg,0,0.5423129796981812,0.7833759784698486
exploration,cross_variable_variable,251,94,0251_1.jpg,0094_3.jpg,0,0.4396447539329529,0.7772023677825928
exploration,cross_variable_variable,251,156,0251_1.jpg,0156_3.jpg,0,0.47261908650398254,0.7894258499145508
exploration,cross_variable_variable,251,171,0251_1.jpg,0171_3.jpg,0,0.44759947061538696,0.7606860399246216
exploration,cross_variable_variable,251,189,0251_1.jpg,0189_3.jpg,0,0.4572697579860687,0.7318023443222046
exploration,cross_variable_variable,251,214,0251_1.jpg,0214_3.jpg,0,0.5081959962844849,0.7809304594993591
exploration,cross_variable_variable,251,247,0251_1.jpg,0247_3.jpg,0,0.584735631942749,0.8113508224487305
exploration,cross_variable_variable,252,252,0252_1.jpg,0252_3.jpg,1,0.7123561501502991,0.8629822731018066
exploration,cross_variable_variable,252,279,0252_1.jpg,0279_3.jpg,0,0.5508610010147095,0.7862150073051453
exploration,cross_variable_variable,252,281,0252_1.jpg,0281_3.jpg,0,0.5522382259368896,0.8087793588638306
exploration,cross_variable_variable,252,30,0252_1.jpg,0030_3.jpg,0,0.5441872477531433,0.7838812470436096
exploration,cross_variable_variable,252,94,0252_1.jpg,0094_3.jpg,0,0.4912664592266083,0.7974437475204468
exploration,cross_variable_variable,252,96,0252_1.jpg,0096_3.jpg,0,0.5912454128265381,0.7918323278427124
exploration,cross_variable_variable,252,157,0252_1.jpg,0157_3.jpg,0,0.44625648856163025,0.7338970899581909
exploration,cross_variable_variable,252,172,0252_1.jpg,0172_3.jpg,0,0.6361421346664429,0.8481685519218445
exploration,cross_variable_variable,252,191,0252_1.jpg,0191_3.jpg,0,0.6003364324569702,0.8201155066490173
exploration,cross_variable_variable,252,216,0252_1.jpg,0216_3.jpg,0,0.6203232407569885,0.8322641849517822
exploration,cross_variable_variable,252,248,0252_1.jpg,0248_3.jpg,0,0.5867042541503906,0.8145388960838318
exploration,cross_variable_variable,255,255,0255_1.jpg,0255_3.jpg,1,0.5313411951065063,0.8390223979949951
exploration,cross_variable_variable,255,281,0255_1.jpg,0281_3.jpg,0,0.5778910517692566,0.8259643316268921
exploration,cross_variable_variable,255,282,0255_1.jpg,0282_3.jpg,0,0.54044109582901,0.8096596598625183
exploration,cross_variable_variable,255,31,0255_1.jpg,0031_3.jpg,0,0.4932072162628174,0.8029855489730835
exploration,cross_variable_variable,255,96,0255_1.jpg,0096_3.jpg,0,0.5067222118377686,0.8009212613105774
exploration,cross_variable_variable,255,97,0255_1.jpg,0097_3.jpg,0,0.5884959101676941,0.8328298330307007
exploration,cross_variable_variable,255,158,0255_1.jpg,0158_3.jpg,0,0.6173529624938965,0.879313051700592
exploration,cross_variable_variable,255,178,0255_1.jpg,0178_3.jpg,0,0.5697963237762451,0.8446756601333618
exploration,cross_variable_variable,255,192,0255_1.jpg,0192_3.jpg,0,0.5625845193862915,0.8397091627120972
exploration,cross_variable_variable,255,219,0255_1.jpg,0219_3.jpg,0,0.5162516832351685,0.822693943977356
exploration,cross_variable_variable,255,249,0255_1.jpg,0249_3.jpg,0,0.547418475151062,0.8069002628326416
exploration,cross_variable_variable,256,256,0256_1.jpg,0256_3.jpg,1,0.5504580736160278,0.7823373079299927
exploration,cross_variable_variable,256,282,0256_1.jpg,0282_3.jpg,0,0.5336126685142517,0.7527490258216858
exploration,cross_variable_variable,256,1,0256_1.jpg,0001_3.jpg,0,0.5194056034088135,0.7683337926864624
exploration,cross_variable_variable,256,35,0256_1.jpg,0035_3.jpg,0,0.566653311252594,0.7903961539268494
exploration,cross_variable_variable,256,97,0256_1.jpg,0097_3.jpg,0,0.5175397396087646,0.7748290300369263
exploration,cross_variable_variable,256,98,0256_1.jpg,0098_3.jpg,0,0.5400390028953552,0.767662763595581
exploration,cross_variable_variable,256,159,0256_1.jpg,0159_3.jpg,0,0.5042344331741333,0.7293308973312378
exploration,cross_variable_variable,256,179,0256_1.jpg,0179_3.jpg,0,0.5508294701576233,0.7703574895858765
exploration,cross_variable_variable,256,196,0256_1.jpg,0196_3.jpg,0,0.480401873588562,0.7179532051086426
exploration,cross_variable_variable,256,220,0256_1.jpg,0220_3.jpg,0,0.4926961660385132,0.750440239906311
exploration,cross_variable_variable,256,250,0256_1.jpg,0250_3.jpg,0,0.5266757011413574,0.7525785565376282
exploration,cross_variable_variable,260,260,0260_1.jpg,0260_3.jpg,1,0.6016291975975037,0.8350520133972168
exploration,cross_variable_variable,260,1,0260_1.jpg,0001_3.jpg,0,0.522577166557312,0.8021854162216187
exploration,cross_variable_variable,260,2,0260_1.jpg,0002_3.jpg,0,0.5337774753570557,0.805997371673584
exploration,cross_variable_variable,260,38,0260_1.jpg,0038_3.jpg,0,0.5478009581565857,0.8046736717224121
exploration,cross_variable_variable,260,98,0260_1.jpg,0098_3.jpg,0,0.521513044834137,0.7876002788543701
exploration,cross_variable_variable,260,100,0260_1.jpg,0100_3.jpg,0,0.4526959955692291,0.7403162717819214
exploration,cross_variable_variable,260,161,0260_1.jpg,0161_3.jpg,0,0.4957593083381653,0.8063899278640747
exploration,cross_variable_variable,260,180,0260_1.jpg,0180_3.jpg,0,0.5412478446960449,0.8070787787437439
exploration,cross_variable_variable,260,197,0260_1.jpg,0197_3.jpg,0,0.4473181962966919,0.7215059995651245
exploration,cross_variable_variable,260,221,0260_1.jpg,0221_3.jpg,0,0.5977908372879028,0.7934419512748718
exploration,cross_variable_variable,260,251,0260_1.jpg,0251_3.jpg,0,0.49275660514831543,0.7957719564437866
exploration,cross_variable_variable,261,261,0261_1.jpg,0261_3.jpg,1,0.5925381183624268,0.8227084279060364
exploration,cross_variable_variable,261,2,0261_1.jpg,0002_3.jpg,0,0.5836545825004578,0.8323475122451782
exploration,cross_variable_variable,261,3,0261_1.jpg,0003_3.jpg,0,0.5585945248603821,0.8157129883766174
exploration,cross_variable_variable,261,39,0261_1.jpg,0039_3.jpg,0,0.653389573097229,0.8476121425628662
exploration,cross_variable_variable,261,100,0261_1.jpg,0100_3.jpg,0,0.5092222690582275,0.7765087485313416
exploration,cross_variable_variable,261,101,0261_1.jpg,0101_3.jpg,0,0.5912002325057983,0.8343012928962708
exploration,cross_variable_variable,261,162,0261_1.jpg,0162_3.jpg,0,0.6324969530105591,0.8500142097473145
exploration,cross_variable_variable,261,181,0261_1.jpg,0181_3.jpg,0,0.5569489598274231,0.8198211193084717
exploration,cross_variable_variable,261,198,0261_1.jpg,0198_3.jpg,0,0.5491632223129272,0.8144813776016235
exploration,cross_variable_variable,261,223,0261_1.jpg,0223_3.jpg,0,0.531181812286377,0.7973710298538208
exploration,cross_variable_variable,261,252,0261_1.jpg,0252_3.jpg,0,0.6855162382125854,0.8656702041625977
exploration,cross_variable_variable,262,262,0262_1.jpg,0262_3.jpg,1,0.5992203950881958,0.8201227188110352
exploration,cross_variable_variable,262,3,0262_1.jpg,0003_3.jpg,0,0.4802347719669342,0.7746341824531555
exploration,cross_variable_variable,262,6,0262_1.jpg,0006_3.jpg,0,0.49274566769599915,0.7868497371673584
exploration,cross_variable_variable,262,40,0262_1.jpg,0040_3.jpg,0,0.5499138832092285,0.8097357749938965
exploration,cross_variable_variable,262,101,0262_1.jpg,0101_3.jpg,0,0.5119916200637817,0.7989006042480469
exploration,cross_variable_variable,262,103,0262_1.jpg,0103_3.jpg,0,0.530444860458374,0.7879235744476318
exploration,cross_variable_variable,262,163,0262_1.jpg,0163_3.jpg,0,0.5303025245666504,0.8171038627624512
exploration,cross_variable_variable,262,183,0262_1.jpg,0183_3.jpg,0,0.5576697587966919,0.7913793921470642
exploration,cross_variable_variable,262,199,0262_1.jpg,0199_3.jpg,0,0.5500074625015259,0.79971843957901
exploration,cross_variable_variable,262,224,0262_1.jpg,0224_3.jpg,0,0.5355955362319946,0.8207952976226807
exploration,cross_variable_variable,262,255,0262_1.jpg,0255_3.jpg,0,0.5379419922828674,0.8168534636497498
exploration,cross_variable_variable,263,263,0263_1.jpg,0263_3.jpg,1,0.608678936958313,0.8212310075759888
exploration,cross_variable_variable,263,6,0263_1.jpg,0006_3.jpg,0,0.5720504522323608,0.8025442361831665
exploration,cross_variable_variable,263,7,0263_1.jpg,0007_3.jpg,0,0.6245707273483276,0.8466019630432129
exploration,cross_variable_variable,263,42,0263_1.jpg,0042_3.jpg,0,0.5860141515731812,0.8326125144958496
exploration,cross_variable_variable,263,103,0263_1.jpg,0103_3.jpg,0,0.5877820253372192,0.8103903532028198
exploration,cross_variable_variable,263,104,0263_1.jpg,0104_3.jpg,0,0.5517228245735168,0.8088855743408203
exploration,cross_variable_variable,263,164,0263_1.jpg,0164_3.jpg,0,0.6486172676086426,0.8227230310440063
exploration,cross_variable_variable,263,185,0263_1.jpg,0185_3.jpg,0,0.6220696568489075,0.8203521966934204
exploration,cross_variable_variable,263,200,0263_1.jpg,0200_3.jpg,0,0.5765178203582764,0.8357865214347839
exploration,cross_variable_variable,263,225,0263_1.jpg,0225_3.jpg,0,0.6413832306861877,0.8147019147872925
exploration,cross_variable_variable,263,256,0263_1.jpg,0256_3.jpg,0,0.6381399035453796,0.8373560309410095
exploration,cross_variable_variable,264,264,0264_1.jpg,0264_3.jpg,1,0.6305726766586304,0.8626524806022644
exploration,cross_variable_variable,264,7,0264_1.jpg,0007_3.jpg,0,0.6515524387359619,0.8712006211280823
exploration,cross_variable_variable,264,8,0264_1.jpg,0008_3.jpg,0,0.6054902076721191,0.8503092527389526
exploration,cross_variable_variable,264,43,0264_1.jpg,0043_3.jpg,0,0.5931873321533203,0.8594908714294434
exploration,cross_variable_variable,264,104,0264_1.jpg,0104_3.jpg,0,0.5879021286964417,0.8551337718963623
exploration,cross_variable_variable,264,105,0264_1.jpg,0105_3.jpg,0,0.5788434743881226,0.8304176330566406
exploration,cross_variable_variable,264,167,0264_1.jpg,0167_3.jpg,0,0.5530372858047485,0.8337057828903198
exploration,cross_variable_variable,264,188,0264_1.jpg,0188_3.jpg,0,0.5976740121841431,0.8543692827224731
exploration,cross_variable_variable,264,201,0264_1.jpg,0201_3.jpg,0,0.6434056758880615,0.8711355328559875
exploration,cross_variable_variable,264,226,0264_1.jpg,0226_3.jpg,0,0.6325695514678955,0.8791142106056213
exploration,cross_variable_variable,264,260,0264_1.jpg,0260_3.jpg,0,0.671944797039032,0.8776292204856873
exploration,cross_variable_variable,265,265,0265_1.jpg,0265_3.jpg,1,0.7137892246246338,0.8668023347854614
exploration,cross_variable_variable,265,8,0265_1.jpg,0008_3.jpg,0,0.5779697895050049,0.8031158447265625
exploration,cross_variable_variable,265,11,0265_1.jpg,0011_3.jpg,0,0.6383475065231323,0.8415631055831909
exploration,cross_variable_variable,265,46,0265_1.jpg,0046_3.jpg,0,0.6228354573249817,0.8259135484695435
exploration,cross_variable_variable,265,105,0265_1.jpg,0105_3.jpg,0,0.5397628545761108,0.7743104696273804
exploration,cross_variable_variable,265,106,0265_1.jpg,0106_3.jpg,0,0.5590405464172363,0.8140798807144165
exploration,cross_variable_variable,265,168,0265_1.jpg,0168_3.jpg,0,0.5703456401824951,0.7894186973571777
exploration,cross_variable_variable,265,189,0265_1.jpg,0189_3.jpg,0,0.5690591335296631,0.7989388704299927
exploration,cross_variable_variable,265,203,0265_1.jpg,0203_3.jpg,0,0.6658673882484436,0.8591455817222595
exploration,cross_variable_variable,265,227,0265_1.jpg,0227_3.jpg,0,0.537399172782898,0.8115859031677246
exploration,cross_variable_variable,265,261,0265_1.jpg,0261_3.jpg,0,0.5766264796257019,0.8001216650009155
exploration,cross_variable_variable,266,266,0266_1.jpg,0266_3.jpg,1,0.6083997488021851,0.8477700352668762
exploration,cross_variable_variable,266,11,0266_1.jpg,0011_3.jpg,0,0.5611530542373657,0.815919041633606
exploration,cross_variable_variable,266,12,0266_1.jpg,0012_3.jpg,0,0.4598993957042694,0.7760013937950134
exploration,cross_variable_variable,266,47,0266_1.jpg,0047_3.jpg,0,0.5252705812454224,0.8108277320861816
exploration,cross_variable_variable,266,106,0266_1.jpg,0106_3.jpg,0,0.4499024748802185,0.7685955762863159
exploration,cross_variable_variable,266,107,0266_1.jpg,0107_3.jpg,0,0.4646276831626892,0.7815341949462891
exploration,cross_variable_variable,266,169,0266_1.jpg,0169_3.jpg,0,0.5022722482681274,0.8103486895561218
exploration,cross_variable_variable,266,191,0266_1.jpg,0191_3.jpg,0,0.44886448979377747,0.7695952653884888
exploration,cross_variable_variable,266,204,0266_1.jpg,0204_3.jpg,0,0.5017218589782715,0.7764691114425659
exploration,cross_variable_variable,266,228,0266_1.jpg,0228_3.jpg,0,0.5771042108535767,0.8272291421890259
exploration,cross_variable_variable,266,262,0266_1.jpg,0262_3.jpg,0,0.5545825958251953,0.8059906363487244
exploration,cross_variable_variable,267,267,0267_1.jpg,0267_3.jpg,1,0.48292142152786255,0.7884750366210938
exploration,cross_variable_variable,267,12,0267_1.jpg,0012_3.jpg,0,0.4809419512748718,0.7699069380760193
exploration,cross_variable_variable,267,15,0267_1.jpg,0015_3.jpg,0,0.49542486667633057,0.8131518363952637
exploration,cross_variable_variable,267,49,0267_1.jpg,0049_3.jpg,0,0.4439547061920166,0.7714752554893494
exploration,cross_variable_variable,267,107,0267_1.jpg,0107_3.jpg,0,0.47618603706359863,0.7820706963539124
exploration,cross_variable_variable,267,109,0267_1.jpg,0109_3.jpg,0,0.45656463503837585,0.7678694725036621
exploration,cross_variable_variable,267,171,0267_1.jpg,0171_3.jpg,0,0.42822951078414917,0.7646632194519043
exploration,cross_variable_variable,267,192,0267_1.jpg,0192_3.jpg,0,0.47606784105300903,0.8009139895439148
exploration,cross_variable_variable,267,206,0267_1.jpg,0206_3.jpg,0,0.45199957489967346,0.7978243827819824
exploration,cross_variable_variable,267,229,0267_1.jpg,0229_3.jpg,0,0.46596068143844604,0.7730793952941895
exploration,cross_variable_variable,267,263,0267_1.jpg,0263_3.jpg,0,0.48370686173439026,0.790383517742157
exploration,cross_variable_variable,271,271,0271_1.jpg,0271_3.jpg,1,0.6567062139511108,0.8364200592041016
exploration,cross_variable_variable,271,15,0271_1.jpg,0015_3.jpg,0,0.5688965916633606,0.8418099880218506
exploration,cross_variable_variable,271,18,0271_1.jpg,0018_3.jpg,0,0.48712393641471863,0.7707602977752686
exploration,cross_variable_variable,271,55,0271_1.jpg,0055_3.jpg,0,0.5182369947433472,0.8046120405197144
exploration,cross_variable_variable,271,109,0271_1.jpg,0109_3.jpg,0,0.5460631847381592,0.8112670183181763
exploration,cross_variable_variable,271,110,0271_1.jpg,0110_3.jpg,0,0.5472310185432434,0.8349378108978271
exploration,cross_variable_variable,271,172,0271_1.jpg,0172_3.jpg,0,0.6313278675079346,0.8591364622116089
exploration,cross_variable_variable,271,196,0271_1.jpg,0196_3.jpg,0,0.5337103605270386,0.7910165786743164
exploration,cross_variable_variable,271,207,0271_1.jpg,0207_3.jpg,0,0.572203516960144,0.8192048072814941
exploration,cross_variable_variable,271,231,0271_1.jpg,0231_3.jpg,0,0.4665642976760864,0.7890336513519287
exploration,cross_variable_variable,271,264,0271_1.jpg,0264_3.jpg,0,0.617097020149231,0.8222262859344482
exploration,cross_variable_variable,272,272,0272_1.jpg,0272_3.jpg,1,0.6978578567504883,0.8679082989692688
exploration,cross_variable_variable,272,18,0272_1.jpg,0018_3.jpg,0,0.5162441730499268,0.7766196727752686
exploration,cross_variable_variable,272,19,0272_1.jpg,0019_3.jpg,0,0.5394717454910278,0.8102654218673706
exploration,cross_variable_variable,272,56,0272_1.jpg,0056_3.jpg,0,0.6023139357566833,0.8271933197975159
exploration,cross_variable_variable,272,110,0272_1.jpg,0110_3.jpg,0,0.5407804250717163,0.836707592010498
exploration,cross_variable_variable,272,114,0272_1.jpg,0114_3.jpg,0,0.6270895004272461,0.8246443271636963
exploration,cross_variable_variable,272,178,0272_1.jpg,0178_3.jpg,0,0.5866050720214844,0.8502523899078369
exploration,cross_variable_variable,272,197,0272_1.jpg,0197_3.jpg,0,0.5181881785392761,0.7689833641052246
exploration,cross_variable_variable,272,208,0272_1.jpg,0208_3.jpg,0,0.5112935900688171,0.784502387046814
exploration,cross_variable_variable,272,232,0272_1.jpg,0232_3.jpg,0,0.6387949585914612,0.8566399812698364
exploration,cross_variable_variable,272,265,0272_1.jpg,0265_3.jpg,0,0.6549164056777954,0.8392349481582642
exploration,cross_variable_variable,273,273,0273_1.jpg,0273_3.jpg,1,0.6484626531600952,0.8736313581466675
exploration,cross_variable_variable,273,19,0273_1.jpg,0019_3.jpg,0,0.5637728571891785,0.8205462694168091
exploration,cross_variable_variable,273,20,0273_1.jpg,0020_3.jpg,0,0.5810972452163696,0.8465834856033325
exploration,cross_variable_variable,273,57,0273_1.jpg,0057_3.jpg,0,0.6009104251861572,0.8453629612922668
exploration,cross_variable_variable,273,114,0273_1.jpg,0114_3.jpg,0,0.6660695672035217,0.858660101890564
exploration,cross_variable_variable,273,116,0273_1.jpg,0116_3.jpg,0,0.5711312890052795,0.832919716835022
exploration,cross_variable_variable,273,179,0273_1.jpg,0179_3.jpg,0,0.537604570388794,0.8308601379394531
exploration,cross_variable_variable,273,198,0273_1.jpg,0198_3.jpg,0,0.5690069198608398,0.8368789553642273
exploration,cross_variable_variable,273,209,0273_1.jpg,0209_3.jpg,0,0.6554036140441895,0.8553225994110107
exploration,cross_variable_variable,273,234,0273_1.jpg,0234_3.jpg,0,0.6161783933639526,0.8680314421653748
exploration,cross_variable_variable,273,266,0273_1.jpg,0266_3.jpg,0,0.6020934581756592,0.8467987775802612
exploration,cross_variable_variable,274,274,0274_1.jpg,0274_3.jpg,1,0.4864228367805481,0.7974566221237183
exploration,cross_variable_variable,274,20,0274_1.jpg,0020_3.jpg,0,0.5044529438018799,0.7920182943344116
exploration,cross_variable_variable,274,21,0274_1.jpg,0021_3.jpg,0,0.482677698135376,0.7462199330329895
exploration,cross_variable_variable,274,59,0274_1.jpg,0059_3.jpg,0,0.49753451347351074,0.8014299273490906
exploration,cross_variable_variable,274,116,0274_1.jpg,0116_3.jpg,0,0.4718347191810608,0.7609162330627441
exploration,cross_variable_variable,274,118,0274_1.jpg,0118_3.jpg,0,0.5441839694976807,0.79594886302948
exploration,cross_variable_variable,274,180,0274_1.jpg,0180_3.jpg,0,0.5203253626823425,0.7941904067993164
exploration,cross_variable_variable,274,199,0274_1.jpg,0199_3.jpg,0,0.4555791914463043,0.7709923982620239
exploration,cross_variable_variable,274,211,0274_1.jpg,0211_3.jpg,0,0.4778429865837097,0.7843011021614075
exploration,cross_variable_variable,274,235,0274_1.jpg,0235_3.jpg,0,0.4928569793701172,0.7971676588058472
exploration,cross_variable_variable,274,267,0274_1.jpg,0267_3.jpg,0,0.46271952986717224,0.773655891418457
exploration,cross_variable_variable,276,276,0276_1.jpg,0276_3.jpg,1,0.7235895991325378,0.900901198387146
exploration,cross_variable_variable,276,21,0276_1.jpg,0021_3.jpg,0,0.5676711201667786,0.8406879901885986
exploration,cross_variable_variable,276,22,0276_1.jpg,0022_3.jpg,0,0.6869919300079346,0.8905986547470093
exploration,cross_variable_variable,276,60,0276_1.jpg,0060_3.jpg,0,0.594031810760498,0.8714607954025269
exploration,cross_variable_variable,276,118,0276_1.jpg,0118_3.jpg,0,0.6590598821640015,0.8682578206062317
exploration,cross_variable_variable,276,119,0276_1.jpg,0119_3.jpg,0,0.6511352062225342,0.8566836714744568
exploration,cross_variable_variable,276,181,0276_1.jpg,0181_3.jpg,0,0.6401180624961853,0.8498061895370483
exploration,cross_variable_variable,276,200,0276_1.jpg,0200_3.jpg,0,0.6967493295669556,0.8969959616661072
exploration,cross_variable_variable,276,212,0276_1.jpg,0212_3.jpg,0,0.6200690865516663,0.8549514412879944
exploration,cross_variable_variable,276,237,0276_1.jpg,0237_3.jpg,0,0.6013798713684082,0.8204021453857422
exploration,cross_variable_variable,276,271,0276_1.jpg,0271_3.jpg,0,0.6406681537628174,0.8371273279190063
exploration,cross_variable_variable,279,279,0279_1.jpg,0279_3.jpg,1,0.606715202331543,0.830014169216156
exploration,cross_variable_variable,279,22,0279_1.jpg,0022_3.jpg,0,0.6271787285804749,0.8439626693725586
exploration,cross_variable_variable,279,25,0279_1.jpg,0025_3.jpg,0,0.46743035316467285,0.7901045680046082
exploration,cross_variable_variable,279,61,0279_1.jpg,0061_3.jpg,0,0.5763307809829712,0.8370663523674011
exploration,cross_variable_variable,279,119,0279_1.jpg,0119_3.jpg,0,0.5055218935012817,0.7975857257843018
exploration,cross_variable_variable,279,122,0279_1.jpg,0122_3.jpg,0,0.5213789939880371,0.788022518157959
exploration,cross_variable_variable,279,183,0279_1.jpg,0183_3.jpg,0,0.6012578010559082,0.8070880174636841
exploration,cross_variable_variable,279,201,0279_1.jpg,0201_3.jpg,0,0.5818618535995483,0.8115285634994507
exploration,cross_variable_variable,279,213,0279_1.jpg,0213_3.jpg,0,0.5183001756668091,0.8087704181671143
exploration,cross_variable_variable,279,239,0279_1.jpg,0239_3.jpg,0,0.5081578493118286,0.7959513664245605
exploration,cross_variable_variable,279,272,0279_1.jpg,0272_3.jpg,0,0.5890503525733948,0.8192787170410156
exploration,cross_variable_variable,281,281,0281_1.jpg,0281_3.jpg,1,0.5869627594947815,0.8192378282546997
exploration,cross_variable_variable,281,25,0281_1.jpg,0025_3.jpg,0,0.42581242322921753,0.777154803276062
exploration,cross_variable_variable,281,26,0281_1.jpg,0026_3.jpg,0,0.5970866680145264,0.8221762180328369
exploration,cross_variable_variable,281,62,0281_1.jpg,0062_3.jpg,0,0.5674412846565247,0.8087407350540161
exploration,cross_variable_variable,281,122,0281_1.jpg,0122_3.jpg,0,0.5422862768173218,0.7839974761009216
exploration,cross_variable_variable,281,123,0281_1.jpg,0123_3.jpg,0,0.47246938943862915,0.7648068070411682
exploration,cross_variable_variable,281,185,0281_1.jpg,0185_3.jpg,0,0.528265118598938,0.7828835248947144
exploration,cross_variable_variable,281,203,0281_1.jpg,0203_3.jpg,0,0.523749828338623,0.8038049936294556
exploration,cross_variable_variable,281,214,0281_1.jpg,0214_3.jpg,0,0.5476767420768738,0.8020710945129395
exploration,cross_variable_variable,281,240,0281_1.jpg,0240_3.jpg,0,0.586593508720398,0.8090606927871704
exploration,cross_variable_variable,281,273,0281_1.jpg,0273_3.jpg,0,0.5500457286834717,0.7971184253692627
exploration,cross_variable_variable,282,282,0282_1.jpg,0282_3.jpg,1,0.7328163981437683,0.8808410167694092
exploration,cross_variable_variable,282,26,0282_1.jpg,0026_3.jpg,0,0.6716849207878113,0.8699643015861511
exploration,cross_variable_variable,282,27,0282_1.jpg,0027_3.jpg,0,0.6877158880233765,0.8681628704071045
exploration,cross_variable_variable,282,65,0282_1.jpg,0065_3.jpg,0,0.6613608598709106,0.8721429109573364
exploration,cross_variable_variable,282,123,0282_1.jpg,0123_3.jpg,0,0.5994547009468079,0.8495791554450989
exploration,cross_variable_variable,282,124,0282_1.jpg,0124_3.jpg,0,0.6793016195297241,0.8659670352935791
exploration,cross_variable_variable,282,188,0282_1.jpg,0188_3.jpg,0,0.6482291221618652,0.8616368770599365
exploration,cross_variable_variable,282,204,0282_1.jpg,0204_3.jpg,0,0.72006756067276,0.8834798336029053
exploration,cross_variable_variable,282,216,0282_1.jpg,0216_3.jpg,0,0.7032657265663147,0.8983765840530396
exploration,cross_variable_variable,282,241,0282_1.jpg,0241_3.jpg,0,0.7034233808517456,0.8674319386482239
exploration,cross_variable_variable,282,274,0282_1.jpg,0274_3.jpg,0,0.660570502281189,0.8808939456939697
exploration,cross_variable_same,1,1,0001_1.jpg,0001_4.jpg,1,0.46005457639694214,0.768379271030426
exploration,cross_variable_same,1,27,0001_1.jpg,0027_4.jpg,0,0.5003342628479004,0.7685397863388062
exploration,cross_variable_same,1,29,0001_1.jpg,0029_4.jpg,0,0.46614688634872437,0.7224655151367188
exploration,cross_variable_same,1,66,0001_1.jpg,0066_4.jpg,0,0.39039355516433716,0.7442609071731567
exploration,cross_variable_same,1,124,0001_1.jpg,0124_4.jpg,0,0.4897843301296234,0.8060040473937988
exploration,cross_variable_same,1,125,0001_1.jpg,0125_4.jpg,0,0.426440954208374,0.7614313960075378
exploration,cross_variable_same,1,189,0001_1.jpg,0189_4.jpg,0,0.43783462047576904,0.7464568018913269
exploration,cross_variable_same,1,206,0001_1.jpg,0206_4.jpg,0,0.3985593914985657,0.7369266748428345
exploration,cross_variable_same,1,219,0001_1.jpg,0219_4.jpg,0,0.3928663432598114,0.7421677708625793
exploration,cross_variable_same,1,242,0001_1.jpg,0242_4.jpg,0,0.43797042965888977,0.750617265701294
exploration,cross_variable_same,1,276,0001_1.jpg,0276_4.jpg,0,0.4257551431655884,0.7477884292602539
exploration,cross_variable_same,2,2,0002_1.jpg,0002_4.jpg,1,0.640273928642273,0.8275710344314575
exploration,cross_variable_same,2,29,0002_1.jpg,0029_4.jpg,0,0.5433580875396729,0.7521905899047852
exploration,cross_variable_same,2,30,0002_1.jpg,0030_4.jpg,0,0.5739266872406006,0.8002870082855225
exploration,cross_variable_same,2,67,0002_1.jpg,0067_4.jpg,0,0.5264543294906616,0.7786076068878174
exploration,cross_variable_same,2,125,0002_1.jpg,0125_4.jpg,0,0.5598062872886658,0.8078768253326416
exploration,cross_variable_same,2,127,0002_1.jpg,0127_4.jpg,0,0.5249358415603638,0.7746336460113525
exploration,cross_variable_same,2,191,0002_1.jpg,0191_4.jpg,0,0.5685732960700989,0.8096626996994019
exploration,cross_variable_same,2,207,0002_1.jpg,0207_4.jpg,0,0.6080570220947266,0.8159065842628479
exploration,cross_variable_same,2,220,0002_1.jpg,0220_4.jpg,0,0.538451075553894,0.7985262274742126
exploration,cross_variable_same,2,243,0002_1.jpg,0243_4.jpg,0,0.5532853007316589,0.774107813835144
exploration,cross_variable_same,2,279,0002_1.jpg,0279_4.jpg,0,0.5728499293327332,0.7854436039924622
exploration,cross_variable_same,3,3,0003_1.jpg,0003_4.jpg,1,0.5003708004951477,0.7561830878257751
exploration,cross_variable_same,3,30,0003_1.jpg,0030_4.jpg,0,0.5653351545333862,0.7917137145996094
exploration,cross_variable_same,3,31,0003_1.jpg,0031_4.jpg,0,0.5444645285606384,0.7861066460609436
exploration,cross_variable_same,3,70,0003_1.jpg,0070_4.jpg,0,0.49441075325012207,0.7640529870986938
exploration,cross_variable_same,3,127,0003_1.jpg,0127_4.jpg,0,0.4826204776763916,0.7605588436126709
exploration,cross_variable_same,3,130,0003_1.jpg,0130_4.jpg,0,0.5256762504577637,0.7810890674591064
exploration,cross_variable_same,3,192,0003_1.jpg,0192_4.jpg,0,0.5619829893112183,0.782389223575592
exploration,cross_variable_same,3,208,0003_1.jpg,0208_4.jpg,0,0.49376803636550903,0.7459883689880371
exploration,cross_variable_same,3,221,0003_1.jpg,0221_4.jpg,0,0.5563675165176392,0.7745013236999512
exploration,cross_variable_same,3,244,0003_1.jpg,0244_4.jpg,0,0.43366241455078125,0.7378072738647461
exploration,cross_variable_same,3,281,0003_1.jpg,0281_4.jpg,0,0.5451524257659912,0.7784481644630432
exploration,cross_variable_same,6,6,0006_1.jpg,0006_4.jpg,1,0.5439839363098145,0.7736307382583618
exploration,cross_variable_same,6,31,0006_1.jpg,0031_4.jpg,0,0.49492600560188293,0.7742074728012085
exploration,cross_variable_same,6,35,0006_1.jpg,0035_4.jpg,0,0.5246585011482239,0.782466471195221
exploration,cross_variable_same,6,71,0006_1.jpg,0071_4.jpg,0,0.5225203037261963,0.7427341938018799
exploration,cross_variable_same,6,130,0006_1.jpg,0130_4.jpg,0,0.5251981019973755,0.7796204686164856
exploration,cross_variable_same,6,132,0006_1.jpg,0132_4.jpg,0,0.5848199129104614,0.8064490556716919
exploration,cross_variable_same,6,196,0006_1.jpg,0196_4.jpg,0,0.5287195444107056,0.7597960233688354
exploration,cross_variable_same,6,209,0006_1.jpg,0209_4.jpg,0,0.5096203088760376,0.7772789597511292
exploration,cross_variable_same,6,223,0006_1.jpg,0223_4.jpg,0,0.520707368850708,0.7505090236663818
exploration,cross_variable_same,6,245,0006_1.jpg,0245_4.jpg,0,0.48845523595809937,0.7859416007995605
exploration,cross_variable_same,6,282,0006_1.jpg,0282_4.jpg,0,0.5187535881996155,0.750806450843811
exploration,cross_variable_same,7,7,0007_1.jpg,0007_4.jpg,1,0.6125749945640564,0.8131946325302124
exploration,cross_variable_same,7,35,0007_1.jpg,0035_4.jpg,0,0.5818605422973633,0.7847407460212708
exploration,cross_variable_same,7,38,0007_1.jpg,0038_4.jpg,0,0.61083984375,0.7741670608520508
exploration,cross_variable_same,7,74,0007_1.jpg,0074_4.jpg,0,0.5430946946144104,0.7929625511169434
exploration,cross_variable_same,7,132,0007_1.jpg,0132_4.jpg,0,0.589848518371582,0.8026062846183777
exploration,cross_variable_same,7,133,0007_1.jpg,0133_4.jpg,0,0.5989284515380859,0.7723300457000732
exploration,cross_variable_same,7,197,0007_1.jpg,0197_4.jpg,0,0.5821318626403809,0.7779502868652344
exploration,cross_variable_same,7,211,0007_1.jpg,0211_4.jpg,0,0.6024376749992371,0.7876588106155396
exploration,cross_variable_same,7,224,0007_1.jpg,0224_4.jpg,0,0.5516104698181152,0.7763397097587585
exploration,cross_variable_same,7,246,0007_1.jpg,0246_4.jpg,0,0.49557870626449585,0.7440931797027588
exploration,cross_variable_same,7,1,0007_1.jpg,0001_4.jpg,0,0.5967778563499451,0.7965030670166016
exploration,cross_variable_same,8,8,0008_1.jpg,0008_4.jpg,1,0.5357480645179749,0.7879538536071777
exploration,cross_variable_same,8,38,0008_1.jpg,0038_4.jpg,0,0.603577196598053,0.8136342763900757
exploration,cross_variable_same,8,39,0008_1.jpg,0039_4.jpg,0,0.6230531930923462,0.8561328649520874
exploration,cross_variable_same,8,75,0008_1.jpg,0075_4.jpg,0,0.4866749048233032,0.8029433488845825
exploration,cross_variable_same,8,133,0008_1.jpg,0133_4.jpg,0,0.6023311614990234,0.818173885345459
exploration,cross_variable_same,8,134,0008_1.jpg,0134_4.jpg,0,0.5587353706359863,0.8203338384628296
exploration,cross_variable_same,8,198,0008_1.jpg,0198_4.jpg,0,0.5902913808822632,0.8266942501068115
exploration,cross_variable_same,8,212,0008_1.jpg,0212_4.jpg,0,0.541965901851654,0.8036714792251587
exploration,cross_variable_same,8,225,0008_1.jpg,0225_4.jpg,0,0.5383985042572021,0.7875519394874573
exploration,cross_variable_same,8,247,0008_1.jpg,0247_4.jpg,0,0.5161140561103821,0.7884522676467896
exploration,cross_variable_same,8,2,0008_1.jpg,0002_4.jpg,0,0.5483050346374512,0.8057896494865417
exploration,cross_variable_same,11,11,0011_1.jpg,0011_4.jpg,1,0.5220515131950378,0.7953987717628479
exploration,cross_variable_same,11,39,0011_1.jpg,0039_4.jpg,0,0.5618958473205566,0.8133370876312256
exploration,cross_variable_same,11,40,0011_1.jpg,0040_4.jpg,0,0.5116637349128723,0.7483806610107422
exploration,cross_variable_same,11,76,0011_1.jpg,0076_4.jpg,0,0.5302006006240845,0.8066652417182922
exploration,cross_variable_same,11,134,0011_1.jpg,0134_4.jpg,0,0.4991052746772766,0.754115641117096
exploration,cross_variable_same,11,135,0011_1.jpg,0135_4.jpg,0,0.4452857971191406,0.7648357152938843
exploration,cross_variable_same,11,199,0011_1.jpg,0199_4.jpg,0,0.49726080894470215,0.754705011844635
exploration,cross_variable_same,11,213,0011_1.jpg,0213_4.jpg,0,0.47133708000183105,0.7351343631744385
exploration,cross_variable_same,11,226,0011_1.jpg,0226_4.jpg,0,0.42472100257873535,0.7679232358932495
exploration,cross_variable_same,11,248,0011_1.jpg,0248_4.jpg,0,0.4312037527561188,0.7462400197982788
exploration,cross_variable_same,11,3,0011_1.jpg,0003_4.jpg,0,0.45333242416381836,0.7322357892990112
exploration,cross_variable_same,12,12,0012_1.jpg,0012_4.jpg,1,0.5233563780784607,0.7988207340240479
exploration,cross_variable_same,12,40,0012_1.jpg,0040_4.jpg,0,0.4865642189979553,0.7846040725708008
exploration,cross_variable_same,12,42,0012_1.jpg,0042_4.jpg,0,0.5296992659568787,0.7735698223114014
exploration,cross_variable_same,12,77,0012_1.jpg,0077_4.jpg,0,0.4884447455406189,0.797203540802002
exploration,cross_variable_same,12,135,0012_1.jpg,0135_4.jpg,0,0.49664798378944397,0.8103415966033936
exploration,cross_variable_same,12,138,0012_1.jpg,0138_4.jpg,0,0.46422210335731506,0.7687453627586365
exploration,cross_variable_same,12,200,0012_1.jpg,0200_4.jpg,0,0.5026561617851257,0.7852731943130493
exploration,cross_variable_same,12,214,0012_1.jpg,0214_4.jpg,0,0.4211089611053467,0.7441333532333374
exploration,cross_variable_same,12,227,0012_1.jpg,0227_4.jpg,0,0.44516706466674805,0.7575927972793579
exploration,cross_variable_same,12,249,0012_1.jpg,0249_4.jpg,0,0.495834082365036,0.7640140056610107
exploration,cross_variable_same,12,6,0012_1.jpg,0006_4.jpg,0,0.4426671862602234,0.77277672290802
exploration,cross_variable_same,15,15,0015_1.jpg,0015_4.jpg,1,0.5994768142700195,0.7877507209777832
exploration,cross_variable_same,15,42,0015_1.jpg,0042_4.jpg,0,0.4988904595375061,0.7162103056907654
exploration,cross_variable_same,15,43,0015_1.jpg,0043_4.jpg,0,0.5166380405426025,0.7341165542602539
exploration,cross_variable_same,15,78,0015_1.jpg,0078_4.jpg,0,0.5410013794898987,0.7484463453292847
exploration,cross_variable_same,15,138,0015_1.jpg,0138_4.jpg,0,0.48992615938186646,0.7060625553131104
exploration,cross_variable_same,15,140,0015_1.jpg,0140_4.jpg,0,0.6033433675765991,0.7920940518379211
exploration,cross_variable_same,15,201,0015_1.jpg,0201_4.jpg,0,0.5040174722671509,0.7353254556655884
exploration,cross_variable_same,15,216,0015_1.jpg,0216_4.jpg,0,0.6110742688179016,0.7281361818313599
exploration,cross_variable_same,15,228,0015_1.jpg,0228_4.jpg,0,0.5333017706871033,0.7402543425559998
exploration,cross_variable_same,15,250,0015_1.jpg,0250_4.jpg,0,0.5247561931610107,0.7305254936218262
exploration,cross_variable_same,15,7,0015_1.jpg,0007_4.jpg,0,0.5527236461639404,0.7659887075424194
exploration,cross_variable_same,18,18,0018_1.jpg,0018_4.jpg,1,0.4887257516384125,0.7256779670715332
exploration,cross_variable_same,18,43,0018_1.jpg,0043_4.jpg,0,0.4761086404323578,0.7189289331436157
exploration,cross_variable_same,18,46,0018_1.jpg,0046_4.jpg,0,0.5531851053237915,0.743054211139679
exploration,cross_variable_same,18,79,0018_1.jpg,0079_4.jpg,0,0.43623656034469604,0.735211968421936
exploration,cross_variable_same,18,140,0018_1.jpg,0140_4.jpg,0,0.5173929929733276,0.7775843739509583
exploration,cross_variable_same,18,142,0018_1.jpg,0142_4.jpg,0,0.45839712023735046,0.6877658367156982
exploration,cross_variable_same,18,203,0018_1.jpg,0203_4.jpg,0,0.49705854058265686,0.7139505743980408
exploration,cross_variable_same,18,219,0018_1.jpg,0219_4.jpg,0,0.44526606798171997,0.7113374471664429
exploration,cross_variable_same,18,229,0018_1.jpg,0229_4.jpg,0,0.450867235660553,0.7052240371704102
exploration,cross_variable_same,18,251,0018_1.jpg,0251_4.jpg,0,0.4706714153289795,0.7085239887237549
exploration,cross_variable_same,18,8,0018_1.jpg,0008_4.jpg,0,0.4549102187156677,0.6930648684501648
exploration,cross_variable_same,19,19,0019_1.jpg,0019_4.jpg,1,0.6733154058456421,0.8499389290809631
exploration,cross_variable_same,19,46,0019_1.jpg,0046_4.jpg,0,0.6780871748924255,0.8361725807189941
exploration,cross_variable_same,19,47,0019_1.jpg,0047_4.jpg,0,0.6512278318405151,0.8563761115074158
exploration,cross_variable_same,19,81,0019_1.jpg,0081_4.jpg,0,0.6431490182876587,0.826124906539917
exploration,cross_variable_same,19,142,0019_1.jpg,0142_4.jpg,0,0.621091902256012,0.8010456562042236
exploration,cross_variable_same,19,146,0019_1.jpg,0146_4.jpg,0,0.6200675964355469,0.8371491432189941
exploration,cross_variable_same,19,204,0019_1.jpg,0204_4.jpg,0,0.6510608196258545,0.807225227355957
exploration,cross_variable_same,19,220,0019_1.jpg,0220_4.jpg,0,0.5603240728378296,0.815751850605011
exploration,cross_variable_same,19,231,0019_1.jpg,0231_4.jpg,0,0.6564295887947083,0.842879593372345
exploration,cross_variable_same,19,252,0019_1.jpg,0252_4.jpg,0,0.7393592596054077,0.8800184726715088
exploration,cross_variable_same,19,11,0019_1.jpg,0011_4.jpg,0,0.6303997039794922,0.8409010767936707
exploration,cross_variable_same,20,20,0020_1.jpg,0020_4.jpg,1,0.47825145721435547,0.7117666006088257
exploration,cross_variable_same,20,47,0020_1.jpg,0047_4.jpg,0,0.5075182914733887,0.7628510594367981
exploration,cross_variable_same,20,49,0020_1.jpg,0049_4.jpg,0,0.4566182494163513,0.6922459602355957
exploration,cross_variable_same,20,83,0020_1.jpg,0083_4.jpg,0,0.4921954870223999,0.7246668934822083
exploration,cross_variable_same,20,146,0020_1.jpg,0146_4.jpg,0,0.45637983083724976,0.7355588674545288
exploration,cross_variable_same,20,147,0020_1.jpg,0147_4.jpg,0,0.48162591457366943,0.7164614200592041
exploration,cross_variable_same,20,206,0020_1.jpg,0206_4.jpg,0,0.4824884533882141,0.7131975889205933
exploration,cross_variable_same,20,221,0020_1.jpg,0221_4.jpg,0,0.4936065077781677,0.7188423275947571
exploration,cross_variable_same,20,232,0020_1.jpg,0232_4.jpg,0,0.5089730024337769,0.7141419649124146
exploration,cross_variable_same,20,255,0020_1.jpg,0255_4.jpg,0,0.5550976991653442,0.7207424640655518
exploration,cross_variable_same,20,12,0020_1.jpg,0012_4.jpg,0,0.5227660536766052,0.7682830691337585
exploration,cross_variable_same,21,21,0021_1.jpg,0021_4.jpg,1,0.5605608224868774,0.8166860342025757
exploration,cross_variable_same,21,49,0021_1.jpg,0049_4.jpg,0,0.5006763935089111,0.7545319199562073
exploration,cross_variable_same,21,55,0021_1.jpg,0055_4.jpg,0,0.5142573714256287,0.7843564748764038
exploration,cross_variable_same,21,85,0021_1.jpg,0085_4.jpg,0,0.5091784596443176,0.7820174694061279
exploration,cross_variable_same,21,147,0021_1.jpg,0147_4.jpg,0,0.5349435806274414,0.7885227203369141
exploration,cross_variable_same,21,148,0021_1.jpg,0148_4.jpg,0,0.516433596611023,0.7647455930709839
exploration,cross_variable_same,21,207,0021_1.jpg,0207_4.jpg,0,0.5357770919799805,0.7973963022232056
exploration,cross_variable_same,21,223,0021_1.jpg,0223_4.jpg,0,0.4633525311946869,0.7578056454658508
exploration,cross_variable_same,21,234,0021_1.jpg,0234_4.jpg,0,0.48864811658859253,0.777666449546814
exploration,cross_variable_same,21,256,0021_1.jpg,0256_4.jpg,0,0.5642095804214478,0.8047359585762024
exploration,cross_variable_same,21,15,0021_1.jpg,0015_4.jpg,0,0.4867442846298218,0.7995814085006714
exploration,cross_variable_same,22,22,0022_1.jpg,0022_4.jpg,1,0.5037298202514648,0.7492173910140991
exploration,cross_variable_same,22,55,0022_1.jpg,0055_4.jpg,0,0.4923158586025238,0.7500830888748169
exploration,cross_variable_same,22,56,0022_1.jpg,0056_4.jpg,0,0.6057565212249756,0.7986440658569336
exploration,cross_variable_same,22,86,0022_1.jpg,0086_4.jpg,0,0.5031387805938721,0.8145589232444763
exploration,cross_variable_same,22,148,0022_1.jpg,0148_4.jpg,0,0.47529298067092896,0.7266664505004883
exploration,cross_variable_same,22,152,0022_1.jpg,0152_4.jpg,0,0.46447938680648804,0.7332993745803833
exploration,cross_variable_same,22,208,0022_1.jpg,0208_4.jpg,0,0.47537732124328613,0.743848443031311
exploration,cross_variable_same,22,224,0022_1.jpg,0224_4.jpg,0,0.4924742579460144,0.7650835514068604
exploration,cross_variable_same,22,235,0022_1.jpg,0235_4.jpg,0,0.5090529322624207,0.7679282426834106
exploration,cross_variable_same,22,260,0022_1.jpg,0260_4.jpg,0,0.5702439546585083,0.7885683178901672
exploration,cross_variable_same,22,18,0022_1.jpg,0018_4.jpg,0,0.49030572175979614,0.7391439080238342
exploration,cross_variable_same,25,25,0025_1.jpg,0025_4.jpg,1,0.6028758883476257,0.8062094449996948
exploration,cross_variable_same,25,56,0025_1.jpg,0056_4.jpg,0,0.6638268828392029,0.8088623285293579
exploration,cross_variable_same,25,57,0025_1.jpg,0057_4.jpg,0,0.5671252012252808,0.7453552484512329
exploration,cross_variable_same,25,87,0025_1.jpg,0087_4.jpg,0,0.6011888384819031,0.8279440402984619
exploration,cross_variable_same,25,152,0025_1.jpg,0152_4.jpg,0,0.5004265308380127,0.7389118671417236
exploration,cross_variable_same,25,153,0025_1.jpg,0153_4.jpg,0,0.5985051393508911,0.7909573316574097
exploration,cross_variable_same,25,209,0025_1.jpg,0209_4.jpg,0,0.5914341807365417,0.8243902325630188
exploration,cross_variable_same,25,225,0025_1.jpg,0225_4.jpg,0,0.5592846870422363,0.7826915979385376
exploration,cross_variable_same,25,237,0025_1.jpg,0237_4.jpg,0,0.5708469748497009,0.7809767127037048
exploration,cross_variable_same,25,261,0025_1.jpg,0261_4.jpg,0,0.5744718909263611,0.7782235145568848
exploration,cross_variable_same,25,19,0025_1.jpg,0019_4.jpg,0,0.5947351455688477,0.8036426305770874
exploration,cross_variable_same,26,26,0026_1.jpg,0026_4.jpg,1,0.5984601974487305,0.8018895387649536
exploration,cross_variable_same,26,57,0026_1.jpg,0057_4.jpg,0,0.5889613628387451,0.7617170810699463
exploration,cross_variable_same,26,59,0026_1.jpg,0059_4.jpg,0,0.6178081035614014,0.7955507636070251
exploration,cross_variable_same,26,89,0026_1.jpg,0089_4.jpg,0,0.5871361494064331,0.7876085638999939
exploration,cross_variable_same,26,153,0026_1.jpg,0153_4.jpg,0,0.6170048117637634,0.7967199683189392
exploration,cross_variable_same,26,154,0026_1.jpg,0154_4.jpg,0,0.6433742642402649,0.8037026524543762
exploration,cross_variable_same,26,211,0026_1.jpg,0211_4.jpg,0,0.5987664461135864,0.7871186137199402
exploration,cross_variable_same,26,226,0026_1.jpg,0226_4.jpg,0,0.5854699611663818,0.8140054941177368
exploration,cross_variable_same,26,239,0026_1.jpg,0239_4.jpg,0,0.5654167532920837,0.7849770784378052
exploration,cross_variable_same,26,262,0026_1.jpg,0262_4.jpg,0,0.6158761978149414,0.8027980923652649
exploration,cross_variable_same,26,20,0026_1.jpg,0020_4.jpg,0,0.6013081073760986,0.7960290908813477
exploration,cross_variable_same,27,27,0027_1.jpg,0027_4.jpg,1,0.6712293028831482,0.8076105117797852
exploration,cross_variable_same,27,59,0027_1.jpg,0059_4.jpg,0,0.6451429128646851,0.7607814073562622
exploration,cross_variable_same,27,60,0027_1.jpg,0060_4.jpg,0,0.623475968837738,0.7988187074661255
exploration,cross_variable_same,27,90,0027_1.jpg,0090_4.jpg,0,0.6222704648971558,0.7567964792251587
exploration,cross_variable_same,27,154,0027_1.jpg,0154_4.jpg,0,0.6741145253181458,0.779395341873169
exploration,cross_variable_same,27,155,0027_1.jpg,0155_4.jpg,0,0.5838890075683594,0.7250427007675171
exploration,cross_variable_same,27,212,0027_1.jpg,0212_4.jpg,0,0.5789647698402405,0.7660675644874573
exploration,cross_variable_same,27,227,0027_1.jpg,0227_4.jpg,0,0.5669529438018799,0.7614799737930298
exploration,cross_variable_same,27,240,0027_1.jpg,0240_4.jpg,0,0.5657206773757935,0.7640476226806641
exploration,cross_variable_same,27,263,0027_1.jpg,0263_4.jpg,0,0.6258834600448608,0.765418529510498
exploration,cross_variable_same,27,21,0027_1.jpg,0021_4.jpg,0,0.6150513887405396,0.7970167994499207
exploration,cross_variable_same,29,29,0029_1.jpg,0029_4.jpg,1,0.6573194265365601,0.7874684929847717
exploration,cross_variable_same,29,60,0029_1.jpg,0060_4.jpg,0,0.648730993270874,0.8408339619636536
exploration,cross_variable_same,29,61,0029_1.jpg,0061_4.jpg,0,0.5881969332695007,0.7947752475738525
exploration,cross_variable_same,29,91,0029_1.jpg,0091_4.jpg,0,0.6775169372558594,0.807466447353363
exploration,cross_variable_same,29,155,0029_1.jpg,0155_4.jpg,0,0.6264035701751709,0.7700667977333069
exploration,cross_variable_same,29,156,0029_1.jpg,0156_4.jpg,0,0.6610029935836792,0.8306090831756592
exploration,cross_variable_same,29,213,0029_1.jpg,0213_4.jpg,0,0.6759824156761169,0.808414101600647
exploration,cross_variable_same,29,228,0029_1.jpg,0228_4.jpg,0,0.6397392749786377,0.8162638545036316
exploration,cross_variable_same,29,241,0029_1.jpg,0241_4.jpg,0,0.6708497405052185,0.8191150426864624
exploration,cross_variable_same,29,264,0029_1.jpg,0264_4.jpg,0,0.6525373458862305,0.8165488839149475
exploration,cross_variable_same,29,22,0029_1.jpg,0022_4.jpg,0,0.6223392486572266,0.7927002906799316
exploration,cross_variable_same,30,30,0030_1.jpg,0030_4.jpg,1,0.5743768215179443,0.8178032040596008
exploration,cross_variable_same,30,61,0030_1.jpg,0061_4.jpg,0,0.5691100358963013,0.8175915479660034
exploration,cross_variable_same,30,62,0030_1.jpg,0062_4.jpg,0,0.5170899629592896,0.8130668997764587
exploration,cross_variable_same,30,92,0030_1.jpg,0092_4.jpg,0,0.5758546590805054,0.8128728270530701
exploration,cross_variable_same,30,156,0030_1.jpg,0156_4.jpg,0,0.4957680106163025,0.8075485229492188
exploration,cross_variable_same,30,157,0030_1.jpg,0157_4.jpg,0,0.5502340197563171,0.7950823307037354
exploration,cross_variable_same,30,214,0030_1.jpg,0214_4.jpg,0,0.46496835350990295,0.7721536159515381
exploration,cross_variable_same,30,229,0030_1.jpg,0229_4.jpg,0,0.5676296949386597,0.8061947226524353
exploration,cross_variable_same,30,242,0030_1.jpg,0242_4.jpg,0,0.5367482304573059,0.8055286407470703
exploration,cross_variable_same,30,265,0030_1.jpg,0265_4.jpg,0,0.5505348443984985,0.8007088899612427
exploration,cross_variable_same,30,25,0030_1.jpg,0025_4.jpg,0,0.4729630947113037,0.7720696330070496
exploration,cross_variable_same,31,31,0031_1.jpg,0031_4.jpg,1,0.5166122913360596,0.7999390363693237
exploration,cross_variable_same,31,62,0031_1.jpg,0062_4.jpg,0,0.5943588018417358,0.7972698211669922
exploration,cross_variable_same,31,65,0031_1.jpg,0065_4.jpg,0,0.513511061668396,0.7761451005935669
exploration,cross_variable_same,31,93,0031_1.jpg,0093_4.jpg,0,0.5912293195724487,0.7914371490478516
exploration,cross_variable_same,31,157,0031_1.jpg,0157_4.jpg,0,0.5221821069717407,0.7755879163742065
exploration,cross_variable_same,31,158,0031_1.jpg,0158_4.jpg,0,0.5707470178604126,0.7825692892074585
exploration,cross_variable_same,31,216,0031_1.jpg,0216_4.jpg,0,0.5803188681602478,0.7698947191238403
exploration,cross_variable_same,31,231,0031_1.jpg,0231_4.jpg,0,0.5411940813064575,0.7840012311935425
exploration,cross_variable_same,31,243,0031_1.jpg,0243_4.jpg,0,0.5277782678604126,0.7825003862380981
exploration,cross_variable_same,31,266,0031_1.jpg,0266_4.jpg,0,0.5625774264335632,0.7808116674423218
exploration,cross_variable_same,31,26,0031_1.jpg,0026_4.jpg,0,0.5893789529800415,0.7915838956832886
exploration,cross_variable_same,35,35,0035_1.jpg,0035_4.jpg,1,0.5107883810997009,0.7539788484573364
exploration,cross_variable_same,35,65,0035_1.jpg,0065_4.jpg,0,0.47504445910453796,0.734088659286499
exploration,cross_variable_same,35,66,0035_1.jpg,0066_4.jpg,0,0.41177767515182495,0.7125553488731384
exploration,cross_variable_same,35,94,0035_1.jpg,0094_4.jpg,0,0.37951263785362244,0.6820709109306335
exploration,cross_variable_same,35,158,0035_1.jpg,0158_4.jpg,0,0.47400638461112976,0.7176668643951416
exploration,cross_variable_same,35,159,0035_1.jpg,0159_4.jpg,0,0.45830821990966797,0.7160435318946838
exploration,cross_variable_same,35,219,0035_1.jpg,0219_4.jpg,0,0.43073779344558716,0.7173604965209961
exploration,cross_variable_same,35,232,0035_1.jpg,0232_4.jpg,0,0.45068061351776123,0.6980852484703064
exploration,cross_variable_same,35,244,0035_1.jpg,0244_4.jpg,0,0.4231720566749573,0.7017387747764587
exploration,cross_variable_same,35,267,0035_1.jpg,0267_4.jpg,0,0.4464847445487976,0.6941840648651123
exploration,cross_variable_same,35,27,0035_1.jpg,0027_4.jpg,0,0.4747151732444763,0.7190383076667786
exploration,cross_variable_same,38,38,0038_1.jpg,0038_4.jpg,1,0.5564475655555725,0.7598254084587097
exploration,cross_variable_same,38,66,0038_1.jpg,0066_4.jpg,0,0.4647921919822693,0.7523488998413086
exploration,cross_variable_same,38,67,0038_1.jpg,0067_4.jpg,0,0.46478909254074097,0.7400205731391907
exploration,cross_variable_same,38,96,0038_1.jpg,0096_4.jpg,0,0.48120689392089844,0.7432037591934204
exploration,cross_variable_same,38,159,0038_1.jpg,0159_4.jpg,0,0.5000333189964294,0.7563499212265015
exploration,cross_variable_same,38,161,0038_1.jpg,0161_4.jpg,0,0.5041458606719971,0.7646985054016113
exploration,cross_variable_same,38,220,0038_1.jpg,0220_4.jpg,0,0.4955412447452545,0.7836897969245911
exploration,cross_variable_same,38,234,0038_1.jpg,0234_4.jpg,0,0.4969618022441864,0.7529251575469971
exploration,cross_variable_same,38,245,0038_1.jpg,0245_4.jpg,0,0.43705087900161743,0.7622321844100952
exploration,cross_variable_same,38,271,0038_1.jpg,0271_4.jpg,0,0.4960337281227112,0.7545138597488403
exploration,cross_variable_same,38,29,0038_1.jpg,0029_4.jpg,0,0.4799639582633972,0.730365514755249
exploration,cross_variable_same,39,39,0039_1.jpg,0039_4.jpg,1,0.5729290246963501,0.8125693202018738
exploration,cross_variable_same,39,67,0039_1.jpg,0067_4.jpg,0,0.4616275727748871,0.7408474683761597
exploration,cross_variable_same,39,70,0039_1.jpg,0070_4.jpg,0,0.47739988565444946,0.7528611421585083
exploration,cross_variable_same,39,97,0039_1.jpg,0097_4.jpg,0,0.543491780757904,0.7767453193664551
exploration,cross_variable_same,39,161,0039_1.jpg,0161_4.jpg,0,0.4708307385444641,0.7596060037612915
exploration,cross_variable_same,39,162,0039_1.jpg,0162_4.jpg,0,0.4908074736595154,0.7622183561325073
exploration,cross_variable_same,39,221,0039_1.jpg,0221_4.jpg,0,0.5092368721961975,0.7678404450416565
exploration,cross_variable_same,39,235,0039_1.jpg,0235_4.jpg,0,0.5187398195266724,0.7770675420761108
exploration,cross_variable_same,39,246,0039_1.jpg,0246_4.jpg,0,0.4923383891582489,0.7428491711616516
exploration,cross_variable_same,39,272,0039_1.jpg,0272_4.jpg,0,0.5903545618057251,0.8104228973388672
exploration,cross_variable_same,39,30,0039_1.jpg,0030_4.jpg,0,0.5210475325584412,0.7696068286895752
exploration,cross_variable_same,40,40,0040_1.jpg,0040_4.jpg,1,0.5746183395385742,0.8009681701660156
exploration,cross_variable_same,40,70,0040_1.jpg,0070_4.jpg,0,0.4753725826740265,0.7729198336601257
exploration,cross_variable_same,40,71,0040_1.jpg,0071_4.jpg,0,0.5870169401168823,0.7703584432601929
exploration,cross_variable_same,40,98,0040_1.jpg,0098_4.jpg,0,0.6160628795623779,0.8223063349723816
exploration,cross_variable_same,40,162,0040_1.jpg,0162_4.jpg,0,0.5224061012268066,0.7825857400894165
exploration,cross_variable_same,40,163,0040_1.jpg,0163_4.jpg,0,0.5719838738441467,0.8222002983093262
exploration,cross_variable_same,40,223,0040_1.jpg,0223_4.jpg,0,0.5082771182060242,0.7623855471611023
exploration,cross_variable_same,40,237,0040_1.jpg,0237_4.jpg,0,0.565132737159729,0.7856643199920654
exploration,cross_variable_same,40,247,0040_1.jpg,0247_4.jpg,0,0.4960963726043701,0.7652106881141663
exploration,cross_variable_same,40,273,0040_1.jpg,0273_4.jpg,0,0.5771004557609558,0.8155943155288696
exploration,cross_variable_same,40,31,0040_1.jpg,0031_4.jpg,0,0.5480269193649292,0.8059350252151489
exploration,cross_variable_same,42,42,0042_1.jpg,0042_4.jpg,1,0.5147479176521301,0.7517842054367065
exploration,cross_variable_same,42,71,0042_1.jpg,0071_4.jpg,0,0.5542080402374268,0.7458609342575073
exploration,cross_variable_same,42,74,0042_1.jpg,0074_4.jpg,0,0.4894556999206543,0.7716890573501587
exploration,cross_variable_same,42,100,0042_1.jpg,0100_4.jpg,0,0.6013873815536499,0.801435112953186
exploration,cross_variable_same,42,163,0042_1.jpg,0163_4.jpg,0,0.5178382992744446,0.77677321434021
exploration,cross_variable_same,42,164,0042_1.jpg,0164_4.jpg,0,0.48105815052986145,0.7326662540435791
exploration,cross_variable_same,42,224,0042_1.jpg,0224_4.jpg,0,0.5140088200569153,0.7647082805633545
exploration,cross_variable_same,42,239,0042_1.jpg,0239_4.jpg,0,0.524627685546875,0.758118212223053
exploration,cross_variable_same,42,248,0042_1.jpg,0248_4.jpg,0,0.5407538414001465,0.7625553011894226
exploration,cross_variable_same,42,274,0042_1.jpg,0274_4.jpg,0,0.5292156934738159,0.7780320644378662
exploration,cross_variable_same,42,35,0042_1.jpg,0035_4.jpg,0,0.527550458908081,0.7734066247940063
exploration,cross_variable_same,43,43,0043_1.jpg,0043_4.jpg,1,0.547871470451355,0.7270655632019043
exploration,cross_variable_same,43,74,0043_1.jpg,0074_4.jpg,0,0.49885129928588867,0.7450878620147705
exploration,cross_variable_same,43,75,0043_1.jpg,0075_4.jpg,0,0.4878332018852234,0.7043411731719971
exploration,cross_variable_same,43,101,0043_1.jpg,0101_4.jpg,0,0.5182771682739258,0.6857476234436035
exploration,cross_variable_same,43,164,0043_1.jpg,0164_4.jpg,0,0.5049403309822083,0.7100807428359985
exploration,cross_variable_same,43,167,0043_1.jpg,0167_4.jpg,0,0.5296323299407959,0.6977733373641968
exploration,cross_variable_same,43,225,0043_1.jpg,0225_4.jpg,0,0.49124664068222046,0.7125311493873596
exploration,cross_variable_same,43,240,0043_1.jpg,0240_4.jpg,0,0.515204131603241,0.7119914293289185
exploration,cross_variable_same,43,249,0043_1.jpg,0249_4.jpg,0,0.5353931188583374,0.6989231705665588
exploration,cross_variable_same,43,276,0043_1.jpg,0276_4.jpg,0,0.5723568201065063,0.725346028804779
exploration,cross_variable_same,43,38,0043_1.jpg,0038_4.jpg,0,0.565197765827179,0.7093920707702637
exploration,cross_variable_same,46,46,0046_1.jpg,0046_4.jpg,1,0.5803776383399963,0.8032691478729248
exploration,cross_variable_same,46,75,0046_1.jpg,0075_4.jpg,0,0.4459846615791321,0.7729114294052124
exploration,cross_variable_same,46,76,0046_1.jpg,0076_4.jpg,0,0.509443461894989,0.8076351284980774
exploration,cross_variable_same,46,103,0046_1.jpg,0103_4.jpg,0,0.5530176162719727,0.8125286102294922
exploration,cross_variable_same,46,167,0046_1.jpg,0167_4.jpg,0,0.48943522572517395,0.7741750478744507
exploration,cross_variable_same,46,168,0046_1.jpg,0168_4.jpg,0,0.5505802631378174,0.8065932393074036
exploration,cross_variable_same,46,226,0046_1.jpg,0226_4.jpg,0,0.5469449758529663,0.8239084482192993
exploration,cross_variable_same,46,241,0046_1.jpg,0241_4.jpg,0,0.5981512069702148,0.828566312789917
exploration,cross_variable_same,46,250,0046_1.jpg,0250_4.jpg,0,0.5329510569572449,0.7988487482070923
exploration,cross_variable_same,46,279,0046_1.jpg,0279_4.jpg,0,0.5547324419021606,0.8052413463592529
exploration,cross_variable_same,46,39,0046_1.jpg,0039_4.jpg,0,0.6232903599739075,0.8542754054069519
exploration,cross_variable_same,47,47,0047_1.jpg,0047_4.jpg,1,0.5674833655357361,0.7818356156349182
exploration,cross_variable_same,47,76,0047_1.jpg,0076_4.jpg,0,0.5276538729667664,0.7941421270370483
exploration,cross_variable_same,47,77,0047_1.jpg,0077_4.jpg,0,0.5290136337280273,0.7486740350723267
exploration,cross_variable_same,47,104,0047_1.jpg,0104_4.jpg,0,0.5264939665794373,0.7562525272369385
exploration,cross_variable_same,47,168,0047_1.jpg,0168_4.jpg,0,0.548785924911499,0.7413418292999268
exploration,cross_variable_same,47,169,0047_1.jpg,0169_4.jpg,0,0.5437114834785461,0.7440295219421387
exploration,cross_variable_same,47,227,0047_1.jpg,0227_4.jpg,0,0.4395689368247986,0.6993800401687622
exploration,cross_variable_same,47,242,0047_1.jpg,0242_4.jpg,0,0.5449711084365845,0.7421507835388184
exploration,cross_variable_same,47,251,0047_1.jpg,0251_4.jpg,0,0.488659530878067,0.7254676818847656
exploration,cross_variable_same,47,281,0047_1.jpg,0281_4.jpg,0,0.4928719401359558,0.7316476106643677
exploration,cross_variable_same,47,40,0047_1.jpg,0040_4.jpg,0,0.4667271077632904,0.7287323474884033
exploration,cross_variable_same,49,49,0049_1.jpg,0049_4.jpg,1,0.5345727205276489,0.7710845470428467
exploration,cross_variable_same,49,77,0049_1.jpg,0077_4.jpg,0,0.539940595626831,0.8047575354576111
exploration,cross_variable_same,49,78,0049_1.jpg,0078_4.jpg,0,0.5791645050048828,0.8253909349441528
exploration,cross_variable_same,49,105,0049_1.jpg,0105_4.jpg,0,0.4655909836292267,0.7727372646331787
exploration,cross_variable_same,49,169,0049_1.jpg,0169_4.jpg,0,0.5555234551429749,0.7968281507492065
exploration,cross_variable_same,49,171,0049_1.jpg,0171_4.jpg,0,0.4945201873779297,0.7812269926071167
exploration,cross_variable_same,49,228,0049_1.jpg,0228_4.jpg,0,0.5446040630340576,0.7978500127792358
exploration,cross_variable_same,49,243,0049_1.jpg,0243_4.jpg,0,0.5667139887809753,0.8054050207138062
exploration,cross_variable_same,49,252,0049_1.jpg,0252_4.jpg,0,0.5723032355308533,0.8127166628837585
exploration,cross_variable_same,49,282,0049_1.jpg,0282_4.jpg,0,0.5179033875465393,0.7828161120414734
exploration,cross_variable_same,49,42,0049_1.jpg,0042_4.jpg,0,0.5166745781898499,0.7759856581687927
exploration,cross_variable_same,55,55,0055_1.jpg,0055_4.jpg,1,0.5545710325241089,0.7921638488769531
exploration,cross_variable_same,55,78,0055_1.jpg,0078_4.jpg,0,0.5552849769592285,0.7964885234832764
exploration,cross_variable_same,55,79,0055_1.jpg,0079_4.jpg,0,0.5004362463951111,0.7764416933059692
exploration,cross_variable_same,55,106,0055_1.jpg,0106_4.jpg,0,0.4957158863544464,0.80185467004776
exploration,cross_variable_same,55,171,0055_1.jpg,0171_4.jpg,0,0.48949483036994934,0.7675938606262207
exploration,cross_variable_same,55,172,0055_1.jpg,0172_4.jpg,0,0.523921012878418,0.7901986837387085
exploration,cross_variable_same,55,229,0055_1.jpg,0229_4.jpg,0,0.52861487865448,0.7812185287475586
exploration,cross_variable_same,55,244,0055_1.jpg,0244_4.jpg,0,0.4008762538433075,0.75392746925354
exploration,cross_variable_same,55,255,0055_1.jpg,0255_4.jpg,0,0.5678282976150513,0.7874636054039001
exploration,cross_variable_same,55,1,0055_1.jpg,0001_4.jpg,0,0.5191965103149414,0.7958791851997375
exploration,cross_variable_same,55,43,0055_1.jpg,0043_4.jpg,0,0.4721969664096832,0.775181233882904
exploration,cross_variable_same,56,56,0056_1.jpg,0056_4.jpg,1,0.6352343559265137,0.8188604712486267
exploration,cross_variable_same,56,79,0056_1.jpg,0079_4.jpg,0,0.5630499124526978,0.7897125482559204
exploration,cross_variable_same,56,81,0056_1.jpg,0081_4.jpg,0,0.5488724112510681,0.7882774472236633
exploration,cross_variable_same,56,107,0056_1.jpg,0107_4.jpg,0,0.5757021903991699,0.8058840036392212
exploration,cross_variable_same,56,172,0056_1.jpg,0172_4.jpg,0,0.6172349452972412,0.8075296878814697
exploration,cross_variable_same,56,178,0056_1.jpg,0178_4.jpg,0,0.6017544269561768,0.8193484544754028
exploration,cross_variable_same,56,231,0056_1.jpg,0231_4.jpg,0,0.5825245380401611,0.802320122718811
exploration,cross_variable_same,56,245,0056_1.jpg,0245_4.jpg,0,0.5037598609924316,0.785563588142395
exploration,cross_variable_same,56,256,0056_1.jpg,0256_4.jpg,0,0.597625732421875,0.8046540021896362
exploration,cross_variable_same,56,2,0056_1.jpg,0002_4.jpg,0,0.5690176486968994,0.7998874187469482
exploration,cross_variable_same,56,46,0056_1.jpg,0046_4.jpg,0,0.6481677293777466,0.8171536922454834
exploration,cross_variable_same,57,57,0057_1.jpg,0057_4.jpg,1,0.5247894525527954,0.6957307457923889
exploration,cross_variable_same,57,81,0057_1.jpg,0081_4.jpg,0,0.4822447896003723,0.7263007164001465
exploration,cross_variable_same,57,83,0057_1.jpg,0083_4.jpg,0,0.5027610659599304,0.7241578698158264
exploration,cross_variable_same,57,109,0057_1.jpg,0109_4.jpg,0,0.5335196256637573,0.7513072490692139
exploration,cross_variable_same,57,178,0057_1.jpg,0178_4.jpg,0,0.5517949461936951,0.762579083442688
exploration,cross_variable_same,57,179,0057_1.jpg,0179_4.jpg,0,0.48421359062194824,0.7406014204025269
exploration,cross_variable_same,57,232,0057_1.jpg,0232_4.jpg,0,0.5257800221443176,0.7173049449920654
exploration,cross_variable_same,57,246,0057_1.jpg,0246_4.jpg,0,0.48665326833724976,0.7280848026275635
exploration,cross_variable_same,57,260,0057_1.jpg,0260_4.jpg,0,0.53006911277771,0.7706375122070312
exploration,cross_variable_same,57,3,0057_1.jpg,0003_4.jpg,0,0.47619909048080444,0.7186722159385681
exploration,cross_variable_same,57,47,0057_1.jpg,0047_4.jpg,0,0.5536925792694092,0.7767581939697266
exploration,cross_variable_same,59,59,0059_1.jpg,0059_4.jpg,1,0.49858254194259644,0.7163143157958984
exploration,cross_variable_same,59,83,0059_1.jpg,0083_4.jpg,0,0.455893874168396,0.6935886144638062
exploration,cross_variable_same,59,85,0059_1.jpg,0085_4.jpg,0,0.41925597190856934,0.7014647722244263
exploration,cross_variable_same,59,110,0059_1.jpg,0110_4.jpg,0,0.4373858869075775,0.708276629447937
exploration,cross_variable_same,59,179,0059_1.jpg,0179_4.jpg,0,0.4388217031955719,0.7349144816398621
exploration,cross_variable_same,59,180,0059_1.jpg,0180_4.jpg,0,0.489285945892334,0.7231320142745972
exploration,cross_variable_same,59,234,0059_1.jpg,0234_4.jpg,0,0.4616301655769348,0.7178734540939331
exploration,cross_variable_same,59,247,0059_1.jpg,0247_4.jpg,0,0.37963202595710754,0.6831603050231934
exploration,cross_variable_same,59,261,0059_1.jpg,0261_4.jpg,0,0.4378015995025635,0.7039092779159546
exploration,cross_variable_same,59,6,0059_1.jpg,0006_4.jpg,0,0.4398784041404724,0.7175485491752625
exploration,cross_variable_same,59,49,0059_1.jpg,0049_4.jpg,0,0.3992488980293274,0.668698251247406
exploration,cross_variable_same,60,60,0060_1.jpg,0060_4.jpg,1,0.5812922120094299,0.7906624674797058
exploration,cross_variable_same,60,85,0060_1.jpg,0085_4.jpg,0,0.5204988121986389,0.7307937145233154
exploration,cross_variable_same,60,86,0060_1.jpg,0086_4.jpg,0,0.49090176820755005,0.795305609703064
exploration,cross_variable_same,60,114,0060_1.jpg,0114_4.jpg,0,0.5859990119934082,0.7821934819221497
exploration,cross_variable_same,60,180,0060_1.jpg,0180_4.jpg,0,0.572064995765686,0.7439204454421997
exploration,cross_variable_same,60,181,0060_1.jpg,0181_4.jpg,0,0.5492902398109436,0.7382488250732422
exploration,cross_variable_same,60,235,0060_1.jpg,0235_4.jpg,0,0.5239087343215942,0.7475606203079224
exploration,cross_variable_same,60,248,0060_1.jpg,0248_4.jpg,0,0.5076488852500916,0.7489171028137207
exploration,cross_variable_same,60,262,0060_1.jpg,0262_4.jpg,0,0.5251301527023315,0.7374258637428284
exploration,cross_variable_same,60,7,0060_1.jpg,0007_4.jpg,0,0.5476714372634888,0.7658396363258362
exploration,cross_variable_same,60,55,0060_1.jpg,0055_4.jpg,0,0.5030099153518677,0.7340403199195862
exploration,cross_variable_same,61,61,0061_1.jpg,0061_4.jpg,1,0.4462965130805969,0.7267140746116638
exploration,cross_variable_same,61,86,0061_1.jpg,0086_4.jpg,0,0.42526182532310486,0.7685147523880005
exploration,cross_variable_same,61,87,0061_1.jpg,0087_4.jpg,0,0.43892887234687805,0.761361837387085
exploration,cross_variable_same,61,116,0061_1.jpg,0116_4.jpg,0,0.37800928950309753,0.6965467929840088
exploration,cross_variable_same,61,181,0061_1.jpg,0181_4.jpg,0,0.38580453395843506,0.6839317083358765
exploration,cross_variable_same,61,183,0061_1.jpg,0183_4.jpg,0,0.4018372893333435,0.7035613059997559
exploration,cross_variable_same,61,237,0061_1.jpg,0237_4.jpg,0,0.34676557779312134,0.6635850071907043
exploration,cross_variable_same,61,249,0061_1.jpg,0249_4.jpg,0,0.40617862343788147,0.678907573223114
exploration,cross_variable_same,61,263,0061_1.jpg,0263_4.jpg,0,0.3962697386741638,0.6687980890274048
exploration,cross_variable_same,61,8,0061_1.jpg,0008_4.jpg,0,0.36404189467430115,0.6670979857444763
exploration,cross_variable_same,61,56,0061_1.jpg,0056_4.jpg,0,0.42633339762687683,0.7045477628707886
exploration,cross_variable_same,62,62,0062_1.jpg,0062_4.jpg,1,0.6499302387237549,0.8167750835418701
exploration,cross_variable_same,62,87,0062_1.jpg,0087_4.jpg,0,0.5958212614059448,0.8397703170776367
exploration,cross_variable_same,62,89,0062_1.jpg,0089_4.jpg,0,0.6129509210586548,0.8093384504318237
exploration,cross_variable_same,62,118,0062_1.jpg,0118_4.jpg,0,0.6189695000648499,0.8003175258636475
exploration,cross_variable_same,62,183,0062_1.jpg,0183_4.jpg,0,0.5992379188537598,0.8068910837173462
exploration,cross_variable_same,62,185,0062_1.jpg,0185_4.jpg,0,0.6222466230392456,0.8219431638717651
exploration,cross_variable_same,62,239,0062_1.jpg,0239_4.jpg,0,0.5366982221603394,0.7860286831855774
exploration,cross_variable_same,62,250,0062_1.jpg,0250_4.jpg,0,0.5890469551086426,0.786179780960083
exploration,cross_variable_same,62,264,0062_1.jpg,0264_4.jpg,0,0.6304149627685547,0.8251397609710693
exploration,cross_variable_same,62,11,0062_1.jpg,0011_4.jpg,0,0.5979763269424438,0.8259384036064148
exploration,cross_variable_same,62,57,0062_1.jpg,0057_4.jpg,0,0.5883200168609619,0.7548642754554749
exploration,cross_variable_same,65,65,0065_1.jpg,0065_4.jpg,1,0.5252593755722046,0.756144642829895
exploration,cross_variable_same,65,89,0065_1.jpg,0089_4.jpg,0,0.4862132668495178,0.7192474603652954
exploration,cross_variable_same,65,90,0065_1.jpg,0090_4.jpg,0,0.4461267590522766,0.6858554482460022
exploration,cross_variable_same,65,119,0065_1.jpg,0119_4.jpg,0,0.4410494267940521,0.7295740842819214
exploration,cross_variable_same,65,185,0065_1.jpg,0185_4.jpg,0,0.47049903869628906,0.7384538650512695
exploration,cross_variable_same,65,188,0065_1.jpg,0188_4.jpg,0,0.4787144660949707,0.7434738278388977
exploration,cross_variable_same,65,240,0065_1.jpg,0240_4.jpg,0,0.45716381072998047,0.7211856842041016
exploration,cross_variable_same,65,251,0065_1.jpg,0251_4.jpg,0,0.4907001256942749,0.7220869660377502
exploration,cross_variable_same,65,265,0065_1.jpg,0265_4.jpg,0,0.5002955794334412,0.7281745672225952
exploration,cross_variable_same,65,12,0065_1.jpg,0012_4.jpg,0,0.482901006937027,0.7477937936782837
exploration,cross_variable_same,65,59,0065_1.jpg,0059_4.jpg,0,0.45091062784194946,0.7040091753005981
exploration,cross_variable_same,66,66,0066_1.jpg,0066_4.jpg,1,0.39190831780433655,0.6752856373786926
exploration,cross_variable_same,66,90,0066_1.jpg,0090_4.jpg,0,0.3814883232116699,0.6256866455078125
exploration,cross_variable_same,66,91,0066_1.jpg,0091_4.jpg,0,0.43055692315101624,0.6547452211380005
exploration,cross_variable_same,66,122,0066_1.jpg,0122_4.jpg,0,0.42175689339637756,0.6693781614303589
exploration,cross_variable_same,66,188,0066_1.jpg,0188_4.jpg,0,0.3973681330680847,0.6807921528816223
exploration,cross_variable_same,66,189,0066_1.jpg,0189_4.jpg,0,0.3929445445537567,0.6548894643783569
exploration,cross_variable_same,66,241,0066_1.jpg,0241_4.jpg,0,0.45250725746154785,0.6893426179885864
exploration,cross_variable_same,66,252,0066_1.jpg,0252_4.jpg,0,0.4566781222820282,0.7147901058197021
exploration,cross_variable_same,66,266,0066_1.jpg,0266_4.jpg,0,0.40333321690559387,0.6430903673171997
exploration,cross_variable_same,66,15,0066_1.jpg,0015_4.jpg,0,0.4176974892616272,0.7024245262145996
exploration,cross_variable_same,66,60,0066_1.jpg,0060_4.jpg,0,0.45748215913772583,0.7226407527923584
exploration,cross_variable_same,67,67,0067_1.jpg,0067_4.jpg,1,0.5638316869735718,0.813414454460144
exploration,cross_variable_same,67,91,0067_1.jpg,0091_4.jpg,0,0.5938451290130615,0.8189668655395508
exploration,cross_variable_same,67,92,0067_1.jpg,0092_4.jpg,0,0.564366340637207,0.822118878364563
exploration,cross_variable_same,67,123,0067_1.jpg,0123_4.jpg,0,0.4695746898651123,0.7692312002182007
exploration,cross_variable_same,67,189,0067_1.jpg,0189_4.jpg,0,0.5562021136283875,0.8107316493988037
exploration,cross_variable_same,67,191,0067_1.jpg,0191_4.jpg,0,0.5252294540405273,0.812149167060852
exploration,cross_variable_same,67,242,0067_1.jpg,0242_4.jpg,0,0.566365122795105,0.8216472864151001
exploration,cross_variable_same,67,255,0067_1.jpg,0255_4.jpg,0,0.5992040634155273,0.8096401691436768
exploration,cross_variable_same,67,267,0067_1.jpg,0267_4.jpg,0,0.5437616109848022,0.786137580871582
exploration,cross_variable_same,67,18,0067_1.jpg,0018_4.jpg,0,0.5469210147857666,0.7959047555923462
exploration,cross_variable_same,67,61,0067_1.jpg,0061_4.jpg,0,0.5803596377372742,0.825650691986084
exploration,cross_variable_same,70,70,0070_1.jpg,0070_4.jpg,1,0.5848883986473083,0.7527471780776978
exploration,cross_variable_same,70,92,0070_1.jpg,0092_4.jpg,0,0.526397705078125,0.7205568552017212
exploration,cross_variable_same,70,93,0070_1.jpg,0093_4.jpg,0,0.5369259715080261,0.7304356098175049
exploration,cross_variable_same,70,124,0070_1.jpg,0124_4.jpg,0,0.5772212147712708,0.7848324775695801
exploration,cross_variable_same,70,191,0070_1.jpg,0191_4.jpg,0,0.6119256019592285,0.7822008728981018
exploration,cross_variable_same,70,192,0070_1.jpg,0192_4.jpg,0,0.4853648543357849,0.7436733245849609
exploration,cross_variable_same,70,243,0070_1.jpg,0243_4.jpg,0,0.5173366069793701,0.7234511375427246
exploration,cross_variable_same,70,256,0070_1.jpg,0256_4.jpg,0,0.5218866467475891,0.7280948758125305
exploration,cross_variable_same,70,271,0070_1.jpg,0271_4.jpg,0,0.5074344873428345,0.7072988748550415
exploration,cross_variable_same,70,19,0070_1.jpg,0019_4.jpg,0,0.5442563891410828,0.7512055039405823
exploration,cross_variable_same,70,62,0070_1.jpg,0062_4.jpg,0,0.6145799160003662,0.7446900606155396
exploration,cross_variable_same,71,71,0071_1.jpg,0071_4.jpg,1,0.6415584087371826,0.810226321220398
exploration,cross_variable_same,71,93,0071_1.jpg,0093_4.jpg,0,0.5808658599853516,0.7954744100570679
exploration,cross_variable_same,71,94,0071_1.jpg,0094_4.jpg,0,0.5292465686798096,0.7861437797546387
exploration,cross_variable_same,71,125,0071_1.jpg,0125_4.jpg,0,0.5123066306114197,0.7851704955101013
exploration,cross_variable_same,71,192,0071_1.jpg,0192_4.jpg,0,0.5349114537239075,0.7778628468513489
exploration,cross_variable_same,71,196,0071_1.jpg,0196_4.jpg,0,0.5230422019958496,0.7767041325569153
exploration,cross_variable_same,71,244,0071_1.jpg,0244_4.jpg,0,0.5160473585128784,0.7820929288864136
exploration,cross_variable_same,71,260,0071_1.jpg,0260_4.jpg,0,0.5777544975280762,0.8046833872795105
exploration,cross_variable_same,71,272,0071_1.jpg,0272_4.jpg,0,0.6232354640960693,0.8397613763809204
exploration,cross_variable_same,71,20,0071_1.jpg,0020_4.jpg,0,0.5141090154647827,0.7947533130645752
exploration,cross_variable_same,71,65,0071_1.jpg,0065_4.jpg,0,0.528739333152771,0.7777858972549438
exploration,cross_variable_same,74,74,0074_1.jpg,0074_4.jpg,1,0.5299488306045532,0.7746775150299072
exploration,cross_variable_same,74,94,0074_1.jpg,0094_4.jpg,0,0.48549678921699524,0.7251130938529968
exploration,cross_variable_same,74,96,0074_1.jpg,0096_4.jpg,0,0.523353099822998,0.7374517321586609
exploration,cross_variable_same,74,127,0074_1.jpg,0127_4.jpg,0,0.42593222856521606,0.6971640586853027
exploration,cross_variable_same,74,196,0074_1.jpg,0196_4.jpg,0,0.5035780668258667,0.7274209856987
exploration,cross_variable_same,74,197,0074_1.jpg,0197_4.jpg,0,0.5022696256637573,0.7282137274742126
exploration,cross_variable_same,74,245,0074_1.jpg,0245_4.jpg,0,0.48016107082366943,0.7445148229598999
exploration,cross_variable_same,74,261,0074_1.jpg,0261_4.jpg,0,0.5429080128669739,0.7428305745124817
exploration,cross_variable_same,74,273,0074_1.jpg,0273_4.jpg,0,0.5070593357086182,0.7472277879714966
exploration,cross_variable_same,74,21,0074_1.jpg,0021_4.jpg,0,0.5244584083557129,0.7588353753089905
exploration,cross_variable_same,74,66,0074_1.jpg,0066_4.jpg,0,0.46524131298065186,0.7131332755088806
exploration,cross_variable_same,75,75,0075_1.jpg,0075_4.jpg,1,0.4747551679611206,0.7477408647537231
exploration,cross_variable_same,75,96,0075_1.jpg,0096_4.jpg,0,0.5372152328491211,0.7506371140480042
exploration,cross_variable_same,75,97,0075_1.jpg,0097_4.jpg,0,0.5667510628700256,0.774586021900177
exploration,cross_variable_same,75,130,0075_1.jpg,0130_4.jpg,0,0.4989205598831177,0.7634456753730774
exploration,cross_variable_same,75,197,0075_1.jpg,0197_4.jpg,0,0.5578076839447021,0.7778540849685669
exploration,cross_variable_same,75,198,0075_1.jpg,0198_4.jpg,0,0.5533676147460938,0.7827602028846741
exploration,cross_variable_same,75,246,0075_1.jpg,0246_4.jpg,0,0.5046583414077759,0.7413557767868042
exploration,cross_variable_same,75,262,0075_1.jpg,0262_4.jpg,0,0.5454660654067993,0.7633790969848633
exploration,cross_variable_same,75,274,0075_1.jpg,0274_4.jpg,0,0.5518178939819336,0.7825111150741577
exploration,cross_variable_same,75,22,0075_1.jpg,0022_4.jpg,0,0.5325217247009277,0.7442935705184937
exploration,cross_variable_same,75,67,0075_1.jpg,0067_4.jpg,0,0.5248140692710876,0.7516466975212097
exploration,cross_variable_same,76,76,0076_1.jpg,0076_4.jpg,1,0.5438246726989746,0.7968264818191528
exploration,cross_variable_same,76,97,0076_1.jpg,0097_4.jpg,0,0.5035873055458069,0.7351061105728149
exploration,cross_variable_same,76,98,0076_1.jpg,0098_4.jpg,0,0.5366659760475159,0.760135293006897
exploration,cross_variable_same,76,132,0076_1.jpg,0132_4.jpg,0,0.5277761816978455,0.7622711062431335
exploration,cross_variable_same,76,198,0076_1.jpg,0198_4.jpg,0,0.4887101948261261,0.7448017001152039
exploration,cross_variable_same,76,199,0076_1.jpg,0199_4.jpg,0,0.5194664001464844,0.748200535774231
exploration,cross_variable_same,76,247,0076_1.jpg,0247_4.jpg,0,0.4421789050102234,0.7037344574928284
exploration,cross_variable_same,76,263,0076_1.jpg,0263_4.jpg,0,0.5236855745315552,0.7312419414520264
exploration,cross_variable_same,76,276,0076_1.jpg,0276_4.jpg,0,0.47786831855773926,0.7382348775863647
exploration,cross_variable_same,76,25,0076_1.jpg,0025_4.jpg,0,0.4799192547798157,0.7402397990226746
exploration,cross_variable_same,76,70,0076_1.jpg,0070_4.jpg,0,0.4994494318962097,0.7413216829299927
exploration,cross_variable_same,77,77,0077_1.jpg,0077_4.jpg,1,0.5163118839263916,0.726870059967041
exploration,cross_variable_same,77,98,0077_1.jpg,0098_4.jpg,0,0.5590125322341919,0.7494544982910156
exploration,cross_variable_same,77,100,0077_1.jpg,0100_4.jpg,0,0.5735799074172974,0.7721874713897705
exploration,cross_variable_same,77,133,0077_1.jpg,0133_4.jpg,0,0.5439867973327637,0.715498685836792
exploration,cross_variable_same,77,199,0077_1.jpg,0199_4.jpg,0,0.5617124438285828,0.7412899732589722
exploration,cross_variable_same,77,200,0077_1.jpg,0200_4.jpg,0,0.5141810178756714,0.7487391233444214
exploration,cross_variable_same,77,248,0077_1.jpg,0248_4.jpg,0,0.5339515209197998,0.7487757205963135
exploration,cross_variable_same,77,264,0077_1.jpg,0264_4.jpg,0,0.5409822463989258,0.7371387481689453
exploration,cross_variable_same,77,279,0077_1.jpg,0279_4.jpg,0,0.5389832258224487,0.7164888381958008
exploration,cross_variable_same,77,26,0077_1.jpg,0026_4.jpg,0,0.5395565629005432,0.7239111661911011
exploration,cross_variable_same,77,71,0077_1.jpg,0071_4.jpg,0,0.523009717464447,0.6969143152236938
exploration,cross_variable_same,78,78,0078_1.jpg,0078_4.jpg,1,0.4934491515159607,0.740912139415741
exploration,cross_variable_same,78,100,0078_1.jpg,0100_4.jpg,0,0.5269497632980347,0.7649015784263611
exploration,cross_variable_same,78,101,0078_1.jpg,0101_4.jpg,0,0.4275134205818176,0.6798765063285828
exploration,cross_variable_same,78,134,0078_1.jpg,0134_4.jpg,0,0.42286407947540283,0.7172698974609375
exploration,cross_variable_same,78,200,0078_1.jpg,0200_4.jpg,0,0.42302989959716797,0.7301642894744873
exploration,cross_variable_same,78,201,0078_1.jpg,0201_4.jpg,0,0.4382431209087372,0.7196401357650757
exploration,cross_variable_same,78,249,0078_1.jpg,0249_4.jpg,0,0.4694826006889343,0.6977313756942749
exploration,cross_variable_same,78,265,0078_1.jpg,0265_4.jpg,0,0.5101026296615601,0.7313631772994995
exploration,cross_variable_same,78,281,0078_1.jpg,0281_4.jpg,0,0.46357905864715576,0.7226556539535522
exploration,cross_variable_same,78,27,0078_1.jpg,0027_4.jpg,0,0.46087968349456787,0.7277396321296692
exploration,cross_variable_same,78,74,0078_1.jpg,0074_4.jpg,0,0.43994590640068054,0.7505077719688416
exploration,cross_variable_same,79,79,0079_1.jpg,0079_4.jpg,1,0.578544557094574,0.8407598733901978
exploration,cross_variable_same,79,101,0079_1.jpg,0101_4.jpg,0,0.5291231274604797,0.778488039970398
exploration,cross_variable_same,79,103,0079_1.jpg,0103_4.jpg,0,0.544108510017395,0.8058075904846191
exploration,cross_variable_same,79,135,0079_1.jpg,0135_4.jpg,0,0.48183298110961914,0.8093875050544739
exploration,cross_variable_same,79,201,0079_1.jpg,0201_4.jpg,0,0.5227368474006653,0.8018894791603088
exploration,cross_variable_same,79,203,0079_1.jpg,0203_4.jpg,0,0.5464110374450684,0.7863690853118896
exploration,cross_variable_same,79,250,0079_1.jpg,0250_4.jpg,0,0.5744131207466125,0.8110843896865845
exploration,cross_variable_same,79,266,0079_1.jpg,0266_4.jpg,0,0.5539118051528931,0.7805630564689636
exploration,cross_variable_same,79,282,0079_1.jpg,0282_4.jpg,0,0.4966115355491638,0.7851132154464722
exploration,cross_variable_same,79,29,0079_1.jpg,0029_4.jpg,0,0.5072931051254272,0.766960859298706
exploration,cross_variable_same,79,75,0079_1.jpg,0075_4.jpg,0,0.48305201530456543,0.7903088927268982
exploration,cross_variable_same,81,81,0081_1.jpg,0081_4.jpg,1,0.4278019070625305,0.7139831781387329
exploration,cross_variable_same,81,103,0081_1.jpg,0103_4.jpg,0,0.5205599069595337,0.7584319710731506
exploration,cross_variable_same,81,104,0081_1.jpg,0104_4.jpg,0,0.47277402877807617,0.753960132598877
exploration,cross_variable_same,81,138,0081_1.jpg,0138_4.jpg,0,0.4530050456523895,0.7137230634689331
exploration,cross_variable_same,81,203,0081_1.jpg,0203_4.jpg,0,0.45569348335266113,0.7197101712226868
exploration,cross_variable_same,81,204,0081_1.jpg,0204_4.jpg,0,0.5105838775634766,0.7317221164703369
exploration,cross_variable_same,81,251,0081_1.jpg,0251_4.jpg,0,0.482279896736145,0.7329844832420349
exploration,cross_variable_same,81,267,0081_1.jpg,0267_4.jpg,0,0.45929229259490967,0.7130582332611084
exploration,cross_variable_same,81,1,0081_1.jpg,0001_4.jpg,0,0.452128529548645,0.7423179149627686
exploration,cross_variable_same,81,30,0081_1.jpg,0030_4.jpg,0,0.4929792881011963,0.7473874688148499
exploration,cross_variable_same,81,76,0081_1.jpg,0076_4.jpg,0,0.4621725082397461,0.7701770067214966
exploration,cross_variable_same,83,83,0083_1.jpg,0083_4.jpg,1,0.5374178886413574,0.7114347219467163
exploration,cross_variable_same,83,104,0083_1.jpg,0104_4.jpg,0,0.483772873878479,0.725806474685669
exploration,cross_variable_same,83,105,0083_1.jpg,0105_4.jpg,0,0.4947938919067383,0.6990483999252319
exploration,cross_variable_same,83,140,0083_1.jpg,0140_4.jpg,0,0.5372151136398315,0.7648800611495972
exploration,cross_variable_same,83,204,0083_1.jpg,0204_4.jpg,0,0.49939239025115967,0.6885433197021484
exploration,cross_variable_same,83,206,0083_1.jpg,0206_4.jpg,0,0.4906420111656189,0.6956657767295837
exploration,cross_variable_same,83,252,0083_1.jpg,0252_4.jpg,0,0.5884835720062256,0.7679338455200195
exploration,cross_variable_same,83,271,0083_1.jpg,0271_4.jpg,0,0.5119237303733826,0.717449426651001
exploration,cross_variable_same,83,2,0083_1.jpg,0002_4.jpg,0,0.48712095618247986,0.7247030735015869
exploration,cross_variable_same,83,31,0083_1.jpg,0031_4.jpg,0,0.45862430334091187,0.7114695310592651
exploration,cross_variable_same,83,77,0083_1.jpg,0077_4.jpg,0,0.46010544896125793,0.7038306593894958
exploration,cross_variable_same,85,85,0085_1.jpg,0085_4.jpg,1,0.5081905722618103,0.7468588948249817
exploration,cross_variable_same,85,105,0085_1.jpg,0105_4.jpg,0,0.4814094007015228,0.7457466125488281
exploration,cross_variable_same,85,106,0085_1.jpg,0106_4.jpg,0,0.4838830828666687,0.7946007251739502
exploration,cross_variable_same,85,142,0085_1.jpg,0142_4.jpg,0,0.46126487851142883,0.7073043584823608
exploration,cross_variable_same,85,206,0085_1.jpg,0206_4.jpg,0,0.4842032194137573,0.7410013675689697
exploration,cross_variable_same,85,207,0085_1.jpg,0207_4.jpg,0,0.4838617444038391,0.7501195669174194
exploration,cross_variable_same,85,255,0085_1.jpg,0255_4.jpg,0,0.480341374874115,0.7254757881164551
exploration,cross_variable_same,85,272,0085_1.jpg,0272_4.jpg,0,0.5387282371520996,0.7854634523391724
exploration,cross_variable_same,85,3,0085_1.jpg,0003_4.jpg,0,0.44879695773124695,0.7251490950584412
exploration,cross_variable_same,85,35,0085_1.jpg,0035_4.jpg,0,0.47061577439308167,0.753333330154419
exploration,cross_variable_same,85,78,0085_1.jpg,0078_4.jpg,0,0.4874202013015747,0.7572088837623596
exploration,cross_variable_same,86,86,0086_1.jpg,0086_4.jpg,1,0.5585124492645264,0.807586669921875
exploration,cross_variable_same,86,106,0086_1.jpg,0106_4.jpg,0,0.5342073440551758,0.7835078835487366
exploration,cross_variable_same,86,107,0086_1.jpg,0107_4.jpg,0,0.4529852569103241,0.7308111190795898
exploration,cross_variable_same,86,146,0086_1.jpg,0146_4.jpg,0,0.4695068895816803,0.7475943565368652
exploration,cross_variable_same,86,207,0086_1.jpg,0207_4.jpg,0,0.45922964811325073,0.7333777546882629
exploration,cross_variable_same,86,208,0086_1.jpg,0208_4.jpg,0,0.48980027437210083,0.7315477132797241
exploration,cross_variable_same,86,256,0086_1.jpg,0256_4.jpg,0,0.4937748610973358,0.739298939704895
exploration,cross_variable_same,86,273,0086_1.jpg,0273_4.jpg,0,0.5017229318618774,0.7483943700790405
exploration,cross_variable_same,86,6,0086_1.jpg,0006_4.jpg,0,0.4803999066352844,0.7489723563194275
exploration,cross_variable_same,86,38,0086_1.jpg,0038_4.jpg,0,0.5129193067550659,0.7260833978652954
exploration,cross_variable_same,86,79,0086_1.jpg,0079_4.jpg,0,0.4829505681991577,0.7455744743347168
exploration,cross_variable_same,87,87,0087_1.jpg,0087_4.jpg,1,0.6172397136688232,0.8396206498146057
exploration,cross_variable_same,87,107,0087_1.jpg,0107_4.jpg,0,0.5166354775428772,0.7706717252731323
exploration,cross_variable_same,87,109,0087_1.jpg,0109_4.jpg,0,0.576397180557251,0.7759513258934021
exploration,cross_variable_same,87,147,0087_1.jpg,0147_4.jpg,0,0.550076425075531,0.7675374746322632
exploration,cross_variable_same,87,208,0087_1.jpg,0208_4.jpg,0,0.47008761763572693,0.7306512594223022
exploration,cross_variable_same,87,209,0087_1.jpg,0209_4.jpg,0,0.5146831274032593,0.7874343395233154
exploration,cross_variable_same,87,260,0087_1.jpg,0260_4.jpg,0,0.5696799755096436,0.7948144674301147
exploration,cross_variable_same,87,274,0087_1.jpg,0274_4.jpg,0,0.5349135994911194,0.7812684774398804
exploration,cross_variable_same,87,7,0087_1.jpg,0007_4.jpg,0,0.5619040727615356,0.8017351627349854
exploration,cross_variable_same,87,39,0087_1.jpg,0039_4.jpg,0,0.5926071405410767,0.821636438369751
exploration,cross_variable_same,87,81,0087_1.jpg,0081_4.jpg,0,0.49660348892211914,0.7461207509040833
exploration,cross_variable_same,89,89,0089_1.jpg,0089_4.jpg,1,0.5648443698883057,0.7802560329437256
exploration,cross_variable_same,89,109,0089_1.jpg,0109_4.jpg,0,0.5828776955604553,0.7863501310348511
exploration,cross_variable_same,89,110,0089_1.jpg,0110_4.jpg,0,0.5261832475662231,0.7650392055511475
exploration,cross_variable_same,89,148,0089_1.jpg,0148_4.jpg,0,0.4932202994823456,0.7390445470809937
exploration,cross_variable_same,89,209,0089_1.jpg,0209_4.jpg,0,0.5004587173461914,0.770377516746521
exploration,cross_variable_same,89,211,0089_1.jpg,0211_4.jpg,0,0.5550273656845093,0.7838922739028931
exploration,cross_variable_same,89,261,0089_1.jpg,0261_4.jpg,0,0.5422266125679016,0.7673443555831909
exploration,cross_variable_same,89,276,0089_1.jpg,0276_4.jpg,0,0.5095514059066772,0.7860265970230103
exploration,cross_variable_same,89,8,0089_1.jpg,0008_4.jpg,0,0.5058189034461975,0.7501019239425659
exploration,cross_variable_same,89,40,0089_1.jpg,0040_4.jpg,0,0.49937450885772705,0.7640407085418701
exploration,cross_variable_same,89,83,0089_1.jpg,0083_4.jpg,0,0.5714051723480225,0.7684646248817444
exploration,cross_variable_same,90,90,0090_1.jpg,0090_4.jpg,1,0.5498977899551392,0.8249719738960266
exploration,cross_variable_same,90,110,0090_1.jpg,0110_4.jpg,0,0.48080021142959595,0.8237276673316956
exploration,cross_variable_same,90,114,0090_1.jpg,0114_4.jpg,0,0.5532441735267639,0.84424889087677
exploration,cross_variable_same,90,152,0090_1.jpg,0152_4.jpg,0,0.4924662411212921,0.8133418560028076
exploration,cross_variable_same,90,211,0090_1.jpg,0211_4.jpg,0,0.5607715845108032,0.844049334526062
exploration,cross_variable_same,90,212,0090_1.jpg,0212_4.jpg,0,0.4806438088417053,0.8106533288955688
exploration,cross_variable_same,90,262,0090_1.jpg,0262_4.jpg,0,0.5082679986953735,0.827735960483551
exploration,cross_variable_same,90,279,0090_1.jpg,0279_4.jpg,0,0.5402377843856812,0.8349628448486328
exploration,cross_variable_same,90,11,0090_1.jpg,0011_4.jpg,0,0.49797719717025757,0.8348600268363953
exploration,cross_variable_same,90,42,0090_1.jpg,0042_4.jpg,0,0.523666501045227,0.8228094577789307
exploration,cross_variable_same,90,85,0090_1.jpg,0085_4.jpg,0,0.5118831992149353,0.8239622712135315
exploration,cross_variable_same,91,91,0091_1.jpg,0091_4.jpg,1,0.6017107963562012,0.7618186473846436
exploration,cross_variable_same,91,114,0091_1.jpg,0114_4.jpg,0,0.5328361392021179,0.7707176208496094
exploration,cross_variable_same,91,116,0091_1.jpg,0116_4.jpg,0,0.5821855664253235,0.7741864919662476
exploration,cross_variable_same,91,153,0091_1.jpg,0153_4.jpg,0,0.573527991771698,0.7613652944564819
exploration,cross_variable_same,91,212,0091_1.jpg,0212_4.jpg,0,0.5439204573631287,0.7699370384216309
exploration,cross_variable_same,91,213,0091_1.jpg,0213_4.jpg,0,0.5825629234313965,0.7571306228637695
exploration,cross_variable_same,91,263,0091_1.jpg,0263_4.jpg,0,0.5557088851928711,0.7421683073043823
exploration,cross_variable_same,91,281,0091_1.jpg,0281_4.jpg,0,0.5148135423660278,0.7545484900474548
exploration,cross_variable_same,91,12,0091_1.jpg,0012_4.jpg,0,0.5440992116928101,0.7800756692886353
exploration,cross_variable_same,91,43,0091_1.jpg,0043_4.jpg,0,0.533113956451416,0.7578070163726807
exploration,cross_variable_same,91,86,0091_1.jpg,0086_4.jpg,0,0.5023412704467773,0.8054091930389404
exploration,cross_variable_same,92,92,0092_1.jpg,0092_4.jpg,1,0.4725671708583832,0.7044833898544312
exploration,cross_variable_same,92,116,0092_1.jpg,0116_4.jpg,0,0.45985737442970276,0.6955646276473999
exploration,cross_variable_same,92,118,0092_1.jpg,0118_4.jpg,0,0.41938236355781555,0.6752438545227051
exploration,cross_variable_same,92,154,0092_1.jpg,0154_4.jpg,0,0.48454993963241577,0.692230224609375
exploration,cross_variable_same,92,213,0092_1.jpg,0213_4.jpg,0,0.43701979517936707,0.6789791584014893
exploration,cross_variable_same,92,214,0092_1.jpg,0214_4.jpg,0,0.39689284563064575,0.6588112711906433
exploration,cross_variable_same,92,264,0092_1.jpg,0264_4.jpg,0,0.45155641436576843,0.6897838115692139
exploration,cross_variable_same,92,282,0092_1.jpg,0282_4.jpg,0,0.39868929982185364,0.6692578792572021
exploration,cross_variable_same,92,15,0092_1.jpg,0015_4.jpg,0,0.44984734058380127,0.7225989699363708
exploration,cross_variable_same,92,46,0092_1.jpg,0046_4.jpg,0,0.47234857082366943,0.6899344325065613
exploration,cross_variable_same,92,87,0092_1.jpg,0087_4.jpg,0,0.5047006011009216,0.7620480060577393
exploration,cross_variable_same,93,93,0093_1.jpg,0093_4.jpg,1,0.6637818813323975,0.8310174942016602
exploration,cross_variable_same,93,118,0093_1.jpg,0118_4.jpg,0,0.6143667697906494,0.7972897291183472
exploration,cross_variable_same,93,119,0093_1.jpg,0119_4.jpg,0,0.5368870496749878,0.7933315634727478
exploration,cross_variable_same,93,155,0093_1.jpg,0155_4.jpg,0,0.5242579579353333,0.7510066032409668
exploration,cross_variable_same,93,214,0093_1.jpg,0214_4.jpg,0,0.5612211227416992,0.7787244319915771
exploration,cross_variable_same,93,216,0093_1.jpg,0216_4.jpg,0,0.5731245279312134,0.7831195592880249
exploration,cross_variable_same,93,265,0093_1.jpg,0265_4.jpg,0,0.5604957342147827,0.7995378971099854
exploration,cross_variable_same,93,1,0093_1.jpg,0001_4.jpg,0,0.5628107190132141,0.8038135170936584
exploration,cross_variable_same,93,18,0093_1.jpg,0018_4.jpg,0,0.5348303914070129,0.7599622011184692
exploration,cross_variable_same,93,47,0093_1.jpg,0047_4.jpg,0,0.6034407019615173,0.8235137462615967
exploration,cross_variable_same,93,89,0093_1.jpg,0089_4.jpg,0,0.6022179126739502,0.8037099838256836
exploration,cross_variable_same,94,94,0094_1.jpg,0094_4.jpg,1,0.5297077894210815,0.7616411447525024
exploration,cross_variable_same,94,119,0094_1.jpg,0119_4.jpg,0,0.5290623307228088,0.7803130745887756
exploration,cross_variable_same,94,122,0094_1.jpg,0122_4.jpg,0,0.6004129648208618,0.7891005277633667
exploration,cross_variable_same,94,156,0094_1.jpg,0156_4.jpg,0,0.5547143220901489,0.7929989099502563
exploration,cross_variable_same,94,216,0094_1.jpg,0216_4.jpg,0,0.566580593585968,0.7468637824058533
exploration,cross_variable_same,94,219,0094_1.jpg,0219_4.jpg,0,0.46538788080215454,0.7631943821907043
exploration,cross_variable_same,94,266,0094_1.jpg,0266_4.jpg,0,0.5290209650993347,0.7413839101791382
exploration,cross_variable_same,94,2,0094_1.jpg,0002_4.jpg,0,0.49936556816101074,0.7673003673553467
exploration,cross_variable_same,94,19,0094_1.jpg,0019_4.jpg,0,0.4960198700428009,0.761993408203125
exploration,cross_variable_same,94,49,0094_1.jpg,0049_4.jpg,0,0.4660060405731201,0.7251714468002319
exploration,cross_variable_same,94,90,0094_1.jpg,0090_4.jpg,0,0.5311180353164673,0.7387595176696777
exploration,cross_variable_same,96,96,0096_1.jpg,0096_4.jpg,1,0.5770652294158936,0.7562773823738098
exploration,cross_variable_same,96,122,0096_1.jpg,0122_4.jpg,0,0.5643925666809082,0.7630979418754578
exploration,cross_variable_same,96,123,0096_1.jpg,0123_4.jpg,0,0.4834824800491333,0.7198289632797241
exploration,cross_variable_same,96,157,0096_1.jpg,0157_4.jpg,0,0.5268321633338928,0.7505386471748352
exploration,cross_variable_same,96,219,0096_1.jpg,0219_4.jpg,0,0.5215440988540649,0.7618246674537659
exploration,cross_variable_same,96,220,0096_1.jpg,0220_4.jpg,0,0.5984055995941162,0.7932823300361633
exploration,cross_variable_same,96,267,0096_1.jpg,0267_4.jpg,0,0.5473354458808899,0.7383443117141724
exploration,cross_variable_same,96,3,0096_1.jpg,0003_4.jpg,0,0.5278350114822388,0.7524176239967346
exploration,cross_variable_same,96,20,0096_1.jpg,0020_4.jpg,0,0.5611222982406616,0.7591940760612488
exploration,cross_variable_same,96,55,0096_1.jpg,0055_4.jpg,0,0.5174179077148438,0.7377520799636841
exploration,cross_variable_same,96,91,0096_1.jpg,0091_4.jpg,0,0.6147866249084473,0.7699655294418335
exploration,cross_variable_same,97,97,0097_1.jpg,0097_4.jpg,1,0.5187419056892395,0.7141841650009155
exploration,cross_variable_same,97,123,0097_1.jpg,0123_4.jpg,0,0.39354854822158813,0.6485287547111511
exploration,cross_variable_same,97,124,0097_1.jpg,0124_4.jpg,0,0.535833477973938,0.7651928663253784
exploration,cross_variable_same,97,158,0097_1.jpg,0158_4.jpg,0,0.4822383522987366,0.691901445388794
exploration,cross_variable_same,97,220,0097_1.jpg,0220_4.jpg,0,0.44962960481643677,0.708525538444519
exploration,cross_variable_same,97,221,0097_1.jpg,0221_4.jpg,0,0.4115845561027527,0.6870027780532837
exploration,cross_variable_same,97,271,0097_1.jpg,0271_4.jpg,0,0.4313089847564697,0.6925257444381714
exploration,cross_variable_same,97,6,0097_1.jpg,0006_4.jpg,0,0.438837468624115,0.7035547494888306
exploration,cross_variable_same,97,21,0097_1.jpg,0021_4.jpg,0,0.5185813307762146,0.759636402130127
exploration,cross_variable_same,97,56,0097_1.jpg,0056_4.jpg,0,0.513099193572998,0.7014707326889038
exploration,cross_variable_same,97,92,0097_1.jpg,0092_4.jpg,0,0.4335630536079407,0.6843539476394653
exploration,cross_variable_same,98,98,0098_1.jpg,0098_4.jpg,1,0.5720875263214111,0.7576349973678589
exploration,cross_variable_same,98,124,0098_1.jpg,0124_4.jpg,0,0.5369279980659485,0.7860462665557861
exploration,cross_variable_same,98,125,0098_1.jpg,0125_4.jpg,0,0.5091003179550171,0.744601845741272
exploration,cross_variable_same,98,159,0098_1.jpg,0159_4.jpg,0,0.5244587063789368,0.7344192266464233
exploration,cross_variable_same,98,221,0098_1.jpg,0221_4.jpg,0,0.5037373900413513,0.7266913652420044
exploration,cross_variable_same,98,223,0098_1.jpg,0223_4.jpg,0,0.4626728892326355,0.6939336061477661
exploration,cross_variable_same,98,272,0098_1.jpg,0272_4.jpg,0,0.5960724353790283,0.7869890928268433
exploration,cross_variable_same,98,7,0098_1.jpg,0007_4.jpg,0,0.516845703125,0.7536569237709045
exploration,cross_variable_same,98,22,0098_1.jpg,0022_4.jpg,0,0.5251027941703796,0.7155365943908691
exploration,cross_variable_same,98,57,0098_1.jpg,0057_4.jpg,0,0.5362343192100525,0.6986668109893799
exploration,cross_variable_same,98,93,0098_1.jpg,0093_4.jpg,0,0.556452751159668,0.7348629832267761
exploration,cross_variable_same,100,100,0100_1.jpg,0100_4.jpg,1,0.5703272223472595,0.8145984411239624
exploration,cross_variable_same,100,125,0100_1.jpg,0125_4.jpg,0,0.495745986700058,0.789496123790741
exploration,cross_variable_same,100,127,0100_1.jpg,0127_4.jpg,0,0.42075115442276,0.7477279901504517
exploration,cross_variable_same,100,161,0100_1.jpg,0161_4.jpg,0,0.52055823802948,0.801841139793396
exploration,cross_variable_same,100,223,0100_1.jpg,0223_4.jpg,0,0.49113231897354126,0.7757105231285095
exploration,cross_variable_same,100,224,0100_1.jpg,0224_4.jpg,0,0.5685148239135742,0.8071829676628113
exploration,cross_variable_same,100,273,0100_1.jpg,0273_4.jpg,0,0.5166288018226624,0.7901095747947693
exploration,cross_variable_same,100,8,0100_1.jpg,0008_4.jpg,0,0.48281413316726685,0.7734663486480713
exploration,cross_variable_same,100,25,0100_1.jpg,0025_4.jpg,0,0.4074591398239136,0.7468060255050659
exploration,cross_variable_same,100,59,0100_1.jpg,0059_4.jpg,0,0.5631420016288757,0.8152503967285156
exploration,cross_variable_same,100,94,0100_1.jpg,0094_4.jpg,0,0.48022758960723877,0.788496732711792
exploration,cross_variable_same,101,101,0101_1.jpg,0101_4.jpg,1,0.5632905960083008,0.7280598878860474
exploration,cross_variable_same,101,127,0101_1.jpg,0127_4.jpg,0,0.5204836130142212,0.7620006799697876
exploration,cross_variable_same,101,130,0101_1.jpg,0130_4.jpg,0,0.5409786105155945,0.758924126625061
exploration,cross_variable_same,101,162,0101_1.jpg,0162_4.jpg,0,0.5271216630935669,0.7390503883361816
exploration,cross_variable_same,101,224,0101_1.jpg,0224_4.jpg,0,0.591144323348999,0.7707216739654541
exploration,cross_variable_same,101,225,0101_1.jpg,0225_4.jpg,0,0.5349281430244446,0.748857855796814
exploration,cross_variable_same,101,274,0101_1.jpg,0274_4.jpg,0,0.5736902952194214,0.762628436088562
exploration,cross_variable_same,101,11,0101_1.jpg,0011_4.jpg,0,0.5663295984268188,0.7766008377075195
exploration,cross_variable_same,101,26,0101_1.jpg,0026_4.jpg,0,0.5494786500930786,0.7464689016342163
exploration,cross_variable_same,101,60,0101_1.jpg,0060_4.jpg,0,0.5974094271659851,0.7955024242401123
exploration,cross_variable_same,101,96,0101_1.jpg,0096_4.jpg,0,0.5157721638679504,0.726312518119812
exploration,cross_variable_same,103,103,0103_1.jpg,0103_4.jpg,1,0.6071191430091858,0.8038120269775391
exploration,cross_variable_same,103,130,0103_1.jpg,0130_4.jpg,0,0.5310512185096741,0.7871628999710083
exploration,cross_variable_same,103,132,0103_1.jpg,0132_4.jpg,0,0.6808860301971436,0.8430900573730469
exploration,cross_variable_same,103,163,0103_1.jpg,0163_4.jpg,0,0.563788890838623,0.8113378286361694
exploration,cross_variable_same,103,225,0103_1.jpg,0225_4.jpg,0,0.49821242690086365,0.769461452960968
exploration,cross_variable_same,103,226,0103_1.jpg,0226_4.jpg,0,0.656396210193634,0.8319339752197266
exploration,cross_variable_same,103,276,0103_1.jpg,0276_4.jpg,0,0.6280104517936707,0.8056859374046326
exploration,cross_variable_same,103,12,0103_1.jpg,0012_4.jpg,0,0.5516952276229858,0.7986642122268677
exploration,cross_variable_same,103,27,0103_1.jpg,0027_4.jpg,0,0.6024892330169678,0.8009558916091919
exploration,cross_variable_same,103,61,0103_1.jpg,0061_4.jpg,0,0.5790022611618042,0.8050427436828613
exploration,cross_variable_same,103,97,0103_1.jpg,0097_4.jpg,0,0.5040876865386963,0.774146318435669
exploration,cross_variable_same,104,104,0104_1.jpg,0104_4.jpg,1,0.5608768463134766,0.782708466053009
exploration,cross_variable_same,104,132,0104_1.jpg,0132_4.jpg,0,0.5764473676681519,0.7897977828979492
exploration,cross_variable_same,104,133,0104_1.jpg,0133_4.jpg,0,0.5227603316307068,0.7411450743675232
exploration,cross_variable_same,104,164,0104_1.jpg,0164_4.jpg,0,0.48721957206726074,0.7254236936569214
exploration,cross_variable_same,104,226,0104_1.jpg,0226_4.jpg,0,0.5524026155471802,0.7811679244041443
exploration,cross_variable_same,104,227,0104_1.jpg,0227_4.jpg,0,0.4858419895172119,0.7300866842269897
exploration,cross_variable_same,104,279,0104_1.jpg,0279_4.jpg,0,0.5214179754257202,0.7393804788589478
exploration,cross_variable_same,104,15,0104_1.jpg,0015_4.jpg,0,0.5407928824424744,0.7927250862121582
exploration,cross_variable_same,104,29,0104_1.jpg,0029_4.jpg,0,0.4973210096359253,0.7136772871017456
exploration,cross_variable_same,104,62,0104_1.jpg,0062_4.jpg,0,0.5806390047073364,0.7656944990158081
exploration,cross_variable_same,104,98,0104_1.jpg,0098_4.jpg,0,0.5279456973075867,0.7621548175811768
exploration,cross_variable_same,105,105,0105_1.jpg,0105_4.jpg,1,0.42679184675216675,0.7594070434570312
exploration,cross_variable_same,105,133,0105_1.jpg,0133_4.jpg,0,0.44553548097610474,0.7535786628723145
exploration,cross_variable_same,105,134,0105_1.jpg,0134_4.jpg,0,0.374843031167984,0.7372088432312012
exploration,cross_variable_same,105,167,0105_1.jpg,0167_4.jpg,0,0.4177461564540863,0.7191362977027893
exploration,cross_variable_same,105,227,0105_1.jpg,0227_4.jpg,0,0.36716318130493164,0.6996819376945496
exploration,cross_variable_same,105,228,0105_1.jpg,0228_4.jpg,0,0.4133978486061096,0.7301779389381409
exploration,cross_variable_same,105,281,0105_1.jpg,0281_4.jpg,0,0.3986269533634186,0.7187885046005249
exploration,cross_variable_same,105,18,0105_1.jpg,0018_4.jpg,0,0.37548041343688965,0.7042495608329773
exploration,cross_variable_same,105,30,0105_1.jpg,0030_4.jpg,0,0.45329082012176514,0.7446194887161255
exploration,cross_variable_same,105,65,0105_1.jpg,0065_4.jpg,0,0.3786095678806305,0.7171320915222168
exploration,cross_variable_same,105,100,0105_1.jpg,0100_4.jpg,0,0.4597686529159546,0.7524645924568176
exploration,cross_variable_same,106,106,0106_1.jpg,0106_4.jpg,1,0.6144120693206787,0.8124321699142456
exploration,cross_variable_same,106,134,0106_1.jpg,0134_4.jpg,0,0.553125262260437,0.7554535865783691
exploration,cross_variable_same,106,135,0106_1.jpg,0135_4.jpg,0,0.572294294834137,0.7791343927383423
exploration,cross_variable_same,106,168,0106_1.jpg,0168_4.jpg,0,0.6221327185630798,0.7602906227111816
exploration,cross_variable_same,106,228,0106_1.jpg,0228_4.jpg,0,0.5889173746109009,0.7595827579498291
exploration,cross_variable_same,106,229,0106_1.jpg,0229_4.jpg,0,0.5864708423614502,0.7474602460861206
exploration,cross_variable_same,106,282,0106_1.jpg,0282_4.jpg,0,0.5840845108032227,0.7663463354110718
exploration,cross_variable_same,106,19,0106_1.jpg,0019_4.jpg,0,0.5820554494857788,0.7687908411026001
exploration,cross_variable_same,106,31,0106_1.jpg,0031_4.jpg,0,0.5512152910232544,0.7629057765007019
exploration,cross_variable_same,106,66,0106_1.jpg,0066_4.jpg,0,0.5464154481887817,0.7647287845611572
exploration,cross_variable_same,106,101,0106_1.jpg,0101_4.jpg,0,0.5965912938117981,0.7355066537857056
exploration,cross_variable_same,107,107,0107_1.jpg,0107_4.jpg,1,0.4780081808567047,0.7466899156570435
exploration,cross_variable_same,107,135,0107_1.jpg,0135_4.jpg,0,0.4674394726753235,0.766792356967926
exploration,cross_variable_same,107,138,0107_1.jpg,0138_4.jpg,0,0.4789224863052368,0.7284736633300781
exploration,cross_variable_same,107,169,0107_1.jpg,0169_4.jpg,0,0.5157735347747803,0.759445071220398
exploration,cross_variable_same,107,229,0107_1.jpg,0229_4.jpg,0,0.53946852684021,0.7611395120620728
exploration,cross_variable_same,107,231,0107_1.jpg,0231_4.jpg,0,0.5021675229072571,0.7579251527786255
exploration,cross_variable_same,107,1,0107_1.jpg,0001_4.jpg,0,0.5115752220153809,0.7690016031265259
exploration,cross_variable_same,107,20,0107_1.jpg,0020_4.jpg,0,0.4982580244541168,0.7452023029327393
exploration,cross_variable_same,107,35,0107_1.jpg,0035_4.jpg,0,0.48650872707366943,0.7551496028900146
exploration,cross_variable_same,107,67,0107_1.jpg,0067_4.jpg,0,0.46920615434646606,0.729255199432373
exploration,cross_variable_same,107,103,0107_1.jpg,0103_4.jpg,0,0.5129401683807373,0.7549558877944946
exploration,cross_variable_same,109,109,0109_1.jpg,0109_4.jpg,1,0.539393424987793,0.7702600955963135
exploration,cross_variable_same,109,138,0109_1.jpg,0138_4.jpg,0,0.47944319248199463,0.7331688404083252
exploration,cross_variable_same,109,140,0109_1.jpg,0140_4.jpg,0,0.516211211681366,0.8014021515846252
exploration,cross_variable_same,109,171,0109_1.jpg,0171_4.jpg,0,0.44641581177711487,0.7368021011352539
exploration,cross_variable_same,109,231,0109_1.jpg,0231_4.jpg,0,0.5173890590667725,0.7585922479629517
exploration,cross_variable_same,109,232,0109_1.jpg,0232_4.jpg,0,0.4847998321056366,0.7346137762069702
exploration,cross_variable_same,109,2,0109_1.jpg,0002_4.jpg,0,0.5027031898498535,0.7554541230201721
exploration,cross_variable_same,109,21,0109_1.jpg,0021_4.jpg,0,0.46557968854904175,0.7499356269836426
exploration,cross_variable_same,109,38,0109_1.jpg,0038_4.jpg,0,0.5160807371139526,0.7411065101623535
exploration,cross_variable_same,109,70,0109_1.jpg,0070_4.jpg,0,0.42622506618499756,0.7402474880218506
exploration,cross_variable_same,109,104,0109_1.jpg,0104_4.jpg,0,0.506680965423584,0.7786037921905518
exploration,cross_variable_same,110,110,0110_1.jpg,0110_4.jpg,1,0.4355907440185547,0.7060525417327881
exploration,cross_variable_same,110,140,0110_1.jpg,0140_4.jpg,0,0.48780888319015503,0.784475564956665
exploration,cross_variable_same,110,142,0110_1.jpg,0142_4.jpg,0,0.4288228750228882,0.6931699514389038
exploration,cross_variable_same,110,172,0110_1.jpg,0172_4.jpg,0,0.48174816370010376,0.7477931976318359
exploration,cross_variable_same,110,232,0110_1.jpg,0232_4.jpg,0,0.43954259157180786,0.7076400518417358
exploration,cross_variable_same,110,234,0110_1.jpg,0234_4.jpg,0,0.4489612579345703,0.7214270830154419
exploration,cross_variable_same,110,3,0110_1.jpg,0003_4.jpg,0,0.42035016417503357,0.7060092687606812
exploration,cross_variable_same,110,22,0110_1.jpg,0022_4.jpg,0,0.45074570178985596,0.7058648467063904
exploration,cross_variable_same,110,39,0110_1.jpg,0039_4.jpg,0,0.5257149338722229,0.7750571966171265
exploration,cross_variable_same,110,71,0110_1.jpg,0071_4.jpg,0,0.45448756217956543,0.7025368213653564
exploration,cross_variable_same,110,105,0110_1.jpg,0105_4.jpg,0,0.4432750344276428,0.7286639213562012
exploration,cross_variable_same,114,114,0114_1.jpg,0114_4.jpg,1,0.5779905319213867,0.7964849472045898
exploration,cross_variable_same,114,142,0114_1.jpg,0142_4.jpg,0,0.5246206521987915,0.729779839515686
exploration,cross_variable_same,114,146,0114_1.jpg,0146_4.jpg,0,0.5022300481796265,0.7674823999404907
exploration,cross_variable_same,114,178,0114_1.jpg,0178_4.jpg,0,0.5347561240196228,0.770020604133606
exploration,cross_variable_same,114,234,0114_1.jpg,0234_4.jpg,0,0.5096043348312378,0.7378600835800171
exploration,cross_variable_same,114,235,0114_1.jpg,0235_4.jpg,0,0.5567343831062317,0.7663718461990356
exploration,cross_variable_same,114,6,0114_1.jpg,0006_4.jpg,0,0.5219970345497131,0.7649857997894287
exploration,cross_variable_same,114,25,0114_1.jpg,0025_4.jpg,0,0.494295597076416,0.7497852444648743
exploration,cross_variable_same,114,40,0114_1.jpg,0040_4.jpg,0,0.4887349009513855,0.7396928071975708
exploration,cross_variable_same,114,74,0114_1.jpg,0074_4.jpg,0,0.4991062879562378,0.7737930417060852
exploration,cross_variable_same,114,106,0114_1.jpg,0106_4.jpg,0,0.5146823525428772,0.7854812145233154
exploration,cross_variable_same,116,116,0116_1.jpg,0116_4.jpg,1,0.5708692073822021,0.7980900406837463
exploration,cross_variable_same,116,146,0116_1.jpg,0146_4.jpg,0,0.5107395648956299,0.793687105178833
exploration,cross_variable_same,116,147,0116_1.jpg,0147_4.jpg,0,0.5699521899223328,0.8000417947769165
exploration,cross_variable_same,116,179,0116_1.jpg,0179_4.jpg,0,0.5135146975517273,0.7988381385803223
exploration,cross_variable_same,116,235,0116_1.jpg,0235_4.jpg,0,0.5627783536911011,0.7857608199119568
exploration,cross_variable_same,116,237,0116_1.jpg,0237_4.jpg,0,0.5405272841453552,0.7709069848060608
exploration,cross_variable_same,116,7,0116_1.jpg,0007_4.jpg,0,0.5650078058242798,0.8085474371910095
exploration,cross_variable_same,116,26,0116_1.jpg,0026_4.jpg,0,0.5830500721931458,0.8203063011169434
exploration,cross_variable_same,116,42,0116_1.jpg,0042_4.jpg,0,0.5658907294273376,0.79183030128479
exploration,cross_variable_same,116,75,0116_1.jpg,0075_4.jpg,0,0.4675125777721405,0.7924484014511108
exploration,cross_variable_same,116,107,0116_1.jpg,0107_4.jpg,0,0.5043014883995056,0.778407871723175
exploration,cross_variable_same,118,118,0118_1.jpg,0118_4.jpg,1,0.6468753218650818,0.8089055418968201
exploration,cross_variable_same,118,147,0118_1.jpg,0147_4.jpg,0,0.6290251612663269,0.8009462356567383
exploration,cross_variable_same,118,148,0118_1.jpg,0148_4.jpg,0,0.5186307430267334,0.763262152671814
exploration,cross_variable_same,118,180,0118_1.jpg,0180_4.jpg,0,0.6551823616027832,0.8110728859901428
exploration,cross_variable_same,118,237,0118_1.jpg,0237_4.jpg,0,0.5745817422866821,0.7856967449188232
exploration,cross_variable_same,118,239,0118_1.jpg,0239_4.jpg,0,0.5804005265235901,0.7811988592147827
exploration,cross_variable_same,118,8,0118_1.jpg,0008_4.jpg,0,0.6056250333786011,0.7802941203117371
exploration,cross_variable_same,118,27,0118_1.jpg,0027_4.jpg,0,0.6494351625442505,0.8154348134994507
exploration,cross_variable_same,118,43,0118_1.jpg,0043_4.jpg,0,0.6058254241943359,0.8035181760787964
exploration,cross_variable_same,118,76,0118_1.jpg,0076_4.jpg,0,0.5983831882476807,0.839625895023346
exploration,cross_variable_same,118,109,0118_1.jpg,0109_4.jpg,0,0.6532057523727417,0.8129135370254517
exploration,cross_variable_same,119,119,0119_1.jpg,0119_4.jpg,1,0.46524477005004883,0.750051736831665
exploration,cross_variable_same,119,148,0119_1.jpg,0148_4.jpg,0,0.5214589834213257,0.7191096544265747
exploration,cross_variable_same,119,152,0119_1.jpg,0152_4.jpg,0,0.4658328890800476,0.7114526033401489
exploration,cross_variable_same,119,181,0119_1.jpg,0181_4.jpg,0,0.5094014406204224,0.730042040348053
exploration,cross_variable_same,119,239,0119_1.jpg,0239_4.jpg,0,0.49061843752861023,0.7243162989616394
exploration,cross_variable_same,119,240,0119_1.jpg,0240_4.jpg,0,0.4794498085975647,0.7343883514404297
exploration,cross_variable_same,119,11,0119_1.jpg,0011_4.jpg,0,0.4996710419654846,0.7597357034683228
exploration,cross_variable_same,119,29,0119_1.jpg,0029_4.jpg,0,0.4841962456703186,0.700719952583313
exploration,cross_variable_same,119,46,0119_1.jpg,0046_4.jpg,0,0.5064429044723511,0.7409480810165405
exploration,cross_variable_same,119,77,0119_1.jpg,0077_4.jpg,0,0.485722154378891,0.7308548092842102
exploration,cross_variable_same,119,110,0119_1.jpg,0110_4.jpg,0,0.5171039700508118,0.7284657955169678
exploration,cross_variable_same,122,122,0122_1.jpg,0122_4.jpg,1,0.5829375386238098,0.793149471282959
exploration,cross_variable_same,122,152,0122_1.jpg,0152_4.jpg,0,0.48056548833847046,0.7553811073303223
exploration,cross_variable_same,122,153,0122_1.jpg,0153_4.jpg,0,0.5418039560317993,0.7819393873214722
exploration,cross_variable_same,122,183,0122_1.jpg,0183_4.jpg,0,0.5529857873916626,0.7972317337989807
exploration,cross_variable_same,122,240,0122_1.jpg,0240_4.jpg,0,0.5284229516983032,0.7799063920974731
exploration,cross_variable_same,122,241,0122_1.jpg,0241_4.jpg,0,0.571858823299408,0.7978442907333374
exploration,cross_variable_same,122,12,0122_1.jpg,0012_4.jpg,0,0.5302039384841919,0.8031692504882812
exploration,cross_variable_same,122,30,0122_1.jpg,0030_4.jpg,0,0.5852280855178833,0.8093782067298889
exploration,cross_variable_same,122,47,0122_1.jpg,0047_4.jpg,0,0.5776792764663696,0.8237308263778687
exploration,cross_variable_same,122,78,0122_1.jpg,0078_4.jpg,0,0.5726619958877563,0.8028672933578491
exploration,cross_variable_same,122,114,0122_1.jpg,0114_4.jpg,0,0.5871977806091309,0.8198312520980835
exploration,cross_variable_same,123,123,0123_1.jpg,0123_4.jpg,1,0.48103487491607666,0.7211939692497253
exploration,cross_variable_same,123,153,0123_1.jpg,0153_4.jpg,0,0.5944204330444336,0.7763696908950806
exploration,cross_variable_same,123,154,0123_1.jpg,0154_4.jpg,0,0.5997888445854187,0.776654839515686
exploration,cross_variable_same,123,185,0123_1.jpg,0185_4.jpg,0,0.6039793491363525,0.8026236295700073
exploration,cross_variable_same,123,241,0123_1.jpg,0241_4.jpg,0,0.617260754108429,0.8056445121765137
exploration,cross_variable_same,123,242,0123_1.jpg,0242_4.jpg,0,0.5373070240020752,0.7594970464706421
exploration,cross_variable_same,123,15,0123_1.jpg,0015_4.jpg,0,0.5259338617324829,0.7890826463699341
exploration,cross_variable_same,123,31,0123_1.jpg,0031_4.jpg,0,0.5723749399185181,0.7884206771850586
exploration,cross_variable_same,123,49,0123_1.jpg,0049_4.jpg,0,0.5329252481460571,0.7260375022888184
exploration,cross_variable_same,123,79,0123_1.jpg,0079_4.jpg,0,0.553605318069458,0.784237265586853
exploration,cross_variable_same,123,116,0123_1.jpg,0116_4.jpg,0,0.5622798204421997,0.7760748863220215
exploration,cross_variable_same,124,124,0124_1.jpg,0124_4.jpg,1,0.5411125421524048,0.7736913561820984
exploration,cross_variable_same,124,154,0124_1.jpg,0154_4.jpg,0,0.5449635982513428,0.7207783460617065
exploration,cross_variable_same,124,155,0124_1.jpg,0155_4.jpg,0,0.46777841448783875,0.6672530174255371
exploration,cross_variable_same,124,188,0124_1.jpg,0188_4.jpg,0,0.46628910303115845,0.713891863822937
exploration,cross_variable_same,124,242,0124_1.jpg,0242_4.jpg,0,0.48370230197906494,0.7093707323074341
exploration,cross_variable_same,124,243,0124_1.jpg,0243_4.jpg,0,0.49958205223083496,0.7207034826278687
exploration,cross_variable_same,124,18,0124_1.jpg,0018_4.jpg,0,0.43499964475631714,0.67289799451828
exploration,cross_variable_same,124,35,0124_1.jpg,0035_4.jpg,0,0.5048332810401917,0.7086780071258545
exploration,cross_variable_same,124,55,0124_1.jpg,0055_4.jpg,0,0.4712756276130676,0.707808256149292
exploration,cross_variable_same,124,81,0124_1.jpg,0081_4.jpg,0,0.47770631313323975,0.7134277820587158
exploration,cross_variable_same,124,118,0124_1.jpg,0118_4.jpg,0,0.513312578201294,0.7078964710235596
exploration,cross_variable_same,125,125,0125_1.jpg,0125_4.jpg,1,0.525859534740448,0.7600082755088806
exploration,cross_variable_same,125,155,0125_1.jpg,0155_4.jpg,0,0.46945756673812866,0.6943521499633789
exploration,cross_variable_same,125,156,0125_1.jpg,0156_4.jpg,0,0.4807043671607971,0.7584975957870483
exploration,cross_variable_same,125,189,0125_1.jpg,0189_4.jpg,0,0.5207926630973816,0.7399211525917053
exploration,cross_variable_same,125,243,0125_1.jpg,0243_4.jpg,0,0.505804181098938,0.7523060441017151
exploration,cross_variable_same,125,244,0125_1.jpg,0244_4.jpg,0,0.4361530542373657,0.7197004556655884
exploration,cross_variable_same,125,19,0125_1.jpg,0019_4.jpg,0,0.5027097463607788,0.7512743473052979
exploration,cross_variable_same,125,38,0125_1.jpg,0038_4.jpg,0,0.5535321235656738,0.7368622422218323
exploration,cross_variable_same,125,56,0125_1.jpg,0056_4.jpg,0,0.5662151575088501,0.7577162384986877
exploration,cross_variable_same,125,83,0125_1.jpg,0083_4.jpg,0,0.5282824039459229,0.7399758100509644
exploration,cross_variable_same,125,119,0125_1.jpg,0119_4.jpg,0,0.5074011087417603,0.7708836793899536
exploration,cross_variable_same,127,127,0127_1.jpg,0127_4.jpg,1,0.5009521245956421,0.722088634967804
exploration,cross_variable_same,127,156,0127_1.jpg,0156_4.jpg,0,0.475910484790802,0.7212939262390137
exploration,cross_variable_same,127,157,0127_1.jpg,0157_4.jpg,0,0.48780953884124756,0.6861988306045532
exploration,cross_variable_same,127,191,0127_1.jpg,0191_4.jpg,0,0.5036166906356812,0.7234190106391907
exploration,cross_variable_same,127,244,0127_1.jpg,0244_4.jpg,0,0.38120484352111816,0.6534498929977417
exploration,cross_variable_same,127,245,0127_1.jpg,0245_4.jpg,0,0.37375980615615845,0.67789626121521
exploration,cross_variable_same,127,20,0127_1.jpg,0020_4.jpg,0,0.44417262077331543,0.6686694622039795
exploration,cross_variable_same,127,39,0127_1.jpg,0039_4.jpg,0,0.5078767538070679,0.7306392192840576
exploration,cross_variable_same,127,57,0127_1.jpg,0057_4.jpg,0,0.47953706979751587,0.6492080688476562
exploration,cross_variable_same,127,85,0127_1.jpg,0085_4.jpg,0,0.4632512927055359,0.6857914924621582
exploration,cross_variable_same,127,122,0127_1.jpg,0122_4.jpg,0,0.514322817325592,0.702346920967102
exploration,cross_variable_same,130,130,0130_1.jpg,0130_4.jpg,1,0.5097525715827942,0.7848727703094482
exploration,cross_variable_same,130,157,0130_1.jpg,0157_4.jpg,0,0.5604206323623657,0.7788870334625244
exploration,cross_variable_same,130,158,0130_1.jpg,0158_4.jpg,0,0.5728973746299744,0.7862617373466492
exploration,cross_variable_same,130,192,0130_1.jpg,0192_4.jpg,0,0.5398694276809692,0.7788063883781433
exploration,cross_variable_same,130,245,0130_1.jpg,0245_4.jpg,0,0.4719010591506958,0.7848849296569824
exploration,cross_variable_same,130,246,0130_1.jpg,0246_4.jpg,0,0.5279558300971985,0.7629122138023376
exploration,cross_variable_same,130,21,0130_1.jpg,0021_4.jpg,0,0.536803126335144,0.7850807905197144
exploration,cross_variable_same,130,40,0130_1.jpg,0040_4.jpg,0,0.5160701274871826,0.7756350636482239
exploration,cross_variable_same,130,59,0130_1.jpg,0059_4.jpg,0,0.5706784725189209,0.7842684984207153
exploration,cross_variable_same,130,86,0130_1.jpg,0086_4.jpg,0,0.543096125125885,0.8335577249526978
exploration,cross_variable_same,130,123,0130_1.jpg,0123_4.jpg,0,0.4459383189678192,0.7314474582672119
exploration,cross_variable_same,132,132,0132_1.jpg,0132_4.jpg,1,0.7131147384643555,0.8604159355163574
exploration,cross_variable_same,132,158,0132_1.jpg,0158_4.jpg,0,0.6131229996681213,0.8141429424285889
exploration,cross_variable_same,132,159,0132_1.jpg,0159_4.jpg,0,0.5842440128326416,0.7984669208526611
exploration,cross_variable_same,132,196,0132_1.jpg,0196_4.jpg,0,0.5928167104721069,0.8014021515846252
exploration,cross_variable_same,132,246,0132_1.jpg,0246_4.jpg,0,0.5492082834243774,0.7902547717094421
exploration,cross_variable_same,132,247,0132_1.jpg,0247_4.jpg,0,0.5502342581748962,0.7985684871673584
exploration,cross_variable_same,132,22,0132_1.jpg,0022_4.jpg,0,0.5793812274932861,0.7947577238082886
exploration,cross_variable_same,132,42,0132_1.jpg,0042_4.jpg,0,0.5557935237884521,0.7929161190986633
exploration,cross_variable_same,132,60,0132_1.jpg,0060_4.jpg,0,0.5953632593154907,0.8327556252479553
exploration,cross_variable_same,132,87,0132_1.jpg,0087_4.jpg,0,0.6676019430160522,0.8430455923080444
exploration,cross_variable_same,132,124,0132_1.jpg,0124_4.jpg,0,0.6384067535400391,0.8587051630020142
exploration,cross_variable_same,133,133,0133_1.jpg,0133_4.jpg,1,0.5428811311721802,0.7534882426261902
exploration,cross_variable_same,133,159,0133_1.jpg,0159_4.jpg,0,0.5498882532119751,0.768548846244812
exploration,cross_variable_same,133,161,0133_1.jpg,0161_4.jpg,0,0.5194255709648132,0.7648482322692871
exploration,cross_variable_same,133,197,0133_1.jpg,0197_4.jpg,0,0.5478923320770264,0.7665708065032959
exploration,cross_variable_same,133,247,0133_1.jpg,0247_4.jpg,0,0.4438992738723755,0.7319099307060242
exploration,cross_variable_same,133,248,0133_1.jpg,0248_4.jpg,0,0.519565999507904,0.7651184797286987
exploration,cross_variable_same,133,25,0133_1.jpg,0025_4.jpg,0,0.45672163367271423,0.7377212643623352
exploration,cross_variable_same,133,43,0133_1.jpg,0043_4.jpg,0,0.517945408821106,0.7606505155563354
exploration,cross_variable_same,133,61,0133_1.jpg,0061_4.jpg,0,0.5478760004043579,0.7817627787590027
exploration,cross_variable_same,133,89,0133_1.jpg,0089_4.jpg,0,0.5284543037414551,0.7652413249015808
exploration,cross_variable_same,133,125,0133_1.jpg,0125_4.jpg,0,0.5154949426651001,0.7674701809883118
exploration,cross_variable_same,134,134,0134_1.jpg,0134_4.jpg,1,0.4714083671569824,0.7346948385238647
exploration,cross_variable_same,134,161,0134_1.jpg,0161_4.jpg,0,0.4872159957885742,0.7384564876556396
exploration,cross_variable_same,134,162,0134_1.jpg,0162_4.jpg,0,0.5058867931365967,0.7368208169937134
exploration,cross_variable_same,134,198,0134_1.jpg,0198_4.jpg,0,0.5282511711120605,0.7515054941177368
exploration,cross_variable_same,134,248,0134_1.jpg,0248_4.jpg,0,0.5127317905426025,0.7610418796539307
exploration,cross_variable_same,134,249,0134_1.jpg,0249_4.jpg,0,0.5262380838394165,0.7282482981681824
exploration,cross_variable_same,134,26,0134_1.jpg,0026_4.jpg,0,0.5473393797874451,0.7561212182044983
exploration,cross_variable_same,134,46,0134_1.jpg,0046_4.jpg,0,0.5383809208869934,0.7493376135826111
exploration,cross_variable_same,134,62,0134_1.jpg,0062_4.jpg,0,0.5374717712402344,0.7546932697296143
exploration,cross_variable_same,134,90,0134_1.jpg,0090_4.jpg,0,0.5074371099472046,0.7201083898544312
exploration,cross_variable_same,134,127,0134_1.jpg,0127_4.jpg,0,0.4990842938423157,0.7543572187423706
exploration,cross_variable_same,135,135,0135_1.jpg,0135_4.jpg,1,0.4098730683326721,0.716497540473938
exploration,cross_variable_same,135,162,0135_1.jpg,0162_4.jpg,0,0.38773488998413086,0.6842905282974243
exploration,cross_variable_same,135,163,0135_1.jpg,0163_4.jpg,0,0.4193958640098572,0.7145147919654846
exploration,cross_variable_same,135,199,0135_1.jpg,0199_4.jpg,0,0.40736865997314453,0.7001144886016846
exploration,cross_variable_same,135,249,0135_1.jpg,0249_4.jpg,0,0.4486513137817383,0.6868452429771423
exploration,cross_variable_same,135,250,0135_1.jpg,0250_4.jpg,0,0.44876953959465027,0.7146527767181396
exploration,cross_variable_same,135,27,0135_1.jpg,0027_4.jpg,0,0.4198227524757385,0.687097430229187
exploration,cross_variable_same,135,47,0135_1.jpg,0047_4.jpg,0,0.46711522340774536,0.7382818460464478
exploration,cross_variable_same,135,65,0135_1.jpg,0065_4.jpg,0,0.4374612867832184,0.7131786942481995
exploration,cross_variable_same,135,91,0135_1.jpg,0091_4.jpg,0,0.4261859655380249,0.6819477081298828
exploration,cross_variable_same,135,130,0135_1.jpg,0130_4.jpg,0,0.4117216467857361,0.70606929063797
exploration,cross_variable_same,138,138,0138_1.jpg,0138_4.jpg,1,0.6347141265869141,0.8012362122535706
exploration,cross_variable_same,138,163,0138_1.jpg,0163_4.jpg,0,0.5864102244377136,0.8255417346954346
exploration,cross_variable_same,138,164,0138_1.jpg,0164_4.jpg,0,0.5682628750801086,0.7832379341125488
exploration,cross_variable_same,138,200,0138_1.jpg,0200_4.jpg,0,0.5870059728622437,0.8150580525398254
exploration,cross_variable_same,138,250,0138_1.jpg,0250_4.jpg,0,0.6264179944992065,0.8121797442436218
exploration,cross_variable_same,138,251,0138_1.jpg,0251_4.jpg,0,0.5973472595214844,0.8006190061569214
exploration,cross_variable_same,138,29,0138_1.jpg,0029_4.jpg,0,0.585841715335846,0.7709543704986572
exploration,cross_variable_same,138,49,0138_1.jpg,0049_4.jpg,0,0.5767132043838501,0.7697030305862427
exploration,cross_variable_same,138,66,0138_1.jpg,0066_4.jpg,0,0.4991600513458252,0.7760500907897949
exploration,cross_variable_same,138,92,0138_1.jpg,0092_4.jpg,0,0.5962637662887573,0.8137019872665405
exploration,cross_variable_same,138,132,0138_1.jpg,0132_4.jpg,0,0.6582323312759399,0.8444739580154419
exploration,cross_variable_same,140,140,0140_1.jpg,0140_4.jpg,1,0.6396173238754272,0.84175705909729
exploration,cross_variable_same,140,164,0140_1.jpg,0164_4.jpg,0,0.5208325982093811,0.7585609555244446
exploration,cross_variable_same,140,167,0140_1.jpg,0167_4.jpg,0,0.553998589515686,0.7557501792907715
exploration,cross_variable_same,140,201,0140_1.jpg,0201_4.jpg,0,0.4851788878440857,0.7805423736572266
exploration,cross_variable_same,140,251,0140_1.jpg,0251_4.jpg,0,0.5087112188339233,0.7674652338027954
exploration,cross_variable_same,140,252,0140_1.jpg,0252_4.jpg,0,0.5383157134056091,0.8039950728416443
exploration,cross_variable_same,140,30,0140_1.jpg,0030_4.jpg,0,0.561306357383728,0.795367419719696
exploration,cross_variable_same,140,55,0140_1.jpg,0055_4.jpg,0,0.5088450908660889,0.7624084949493408
exploration,cross_variable_same,140,67,0140_1.jpg,0067_4.jpg,0,0.47174590826034546,0.7570467591285706
exploration,cross_variable_same,140,93,0140_1.jpg,0093_4.jpg,0,0.581800103187561,0.7828587889671326
exploration,cross_variable_same,140,133,0140_1.jpg,0133_4.jpg,0,0.5693010091781616,0.7725232839584351
exploration,cross_variable_same,142,142,0142_1.jpg,0142_4.jpg,1,0.5037872791290283,0.7000935077667236
exploration,cross_variable_same,142,167,0142_1.jpg,0167_4.jpg,0,0.5037189722061157,0.7124497890472412
exploration,cross_variable_same,142,168,0142_1.jpg,0168_4.jpg,0,0.5698719620704651,0.7378861904144287
exploration,cross_variable_same,142,203,0142_1.jpg,0203_4.jpg,0,0.5379745960235596,0.7454675436019897
exploration,cross_variable_same,142,252,0142_1.jpg,0252_4.jpg,0,0.5682526230812073,0.7682110667228699
exploration,cross_variable_same,142,255,0142_1.jpg,0255_4.jpg,0,0.5868093371391296,0.7313708066940308
exploration,cross_variable_same,142,31,0142_1.jpg,0031_4.jpg,0,0.49086830019950867,0.7346802949905396
exploration,cross_variable_same,142,56,0142_1.jpg,0056_4.jpg,0,0.5671383142471313,0.7494761347770691
exploration,cross_variable_same,142,70,0142_1.jpg,0070_4.jpg,0,0.4886529743671417,0.7281148433685303
exploration,cross_variable_same,142,94,0142_1.jpg,0094_4.jpg,0,0.4452471137046814,0.6993356943130493
exploration,cross_variable_same,142,134,0142_1.jpg,0134_4.jpg,0,0.47856730222702026,0.7279751896858215
exploration,cross_variable_same,146,146,0146_1.jpg,0146_4.jpg,1,0.541531503200531,0.809675931930542
exploration,cross_variable_same,146,168,0146_1.jpg,0168_4.jpg,0,0.5997863411903381,0.7845536470413208
exploration,cross_variable_same,146,169,0146_1.jpg,0169_4.jpg,0,0.6077473759651184,0.8044486045837402
exploration,cross_variable_same,146,204,0146_1.jpg,0204_4.jpg,0,0.6021316051483154,0.7811551094055176
exploration,cross_variable_same,146,255,0146_1.jpg,0255_4.jpg,0,0.6407375931739807,0.7941970825195312
exploration,cross_variable_same,146,256,0146_1.jpg,0256_4.jpg,0,0.581923246383667,0.7934892177581787
exploration,cross_variable_same,146,35,0146_1.jpg,0035_4.jpg,0,0.5775665640830994,0.7875367403030396
exploration,cross_variable_same,146,57,0146_1.jpg,0057_4.jpg,0,0.5522370338439941,0.7488560676574707
exploration,cross_variable_same,146,71,0146_1.jpg,0071_4.jpg,0,0.6090704202651978,0.7708154916763306
exploration,cross_variable_same,146,96,0146_1.jpg,0096_4.jpg,0,0.5817009806632996,0.7834583520889282
exploration,cross_variable_same,146,135,0146_1.jpg,0135_4.jpg,0,0.5265644192695618,0.7995413541793823
exploration,cross_variable_same,147,147,0147_1.jpg,0147_4.jpg,1,0.5070055723190308,0.7354775667190552
exploration,cross_variable_same,147,169,0147_1.jpg,0169_4.jpg,0,0.45055073499679565,0.7243193984031677
exploration,cross_variable_same,147,171,0147_1.jpg,0171_4.jpg,0,0.4001711308956146,0.708151638507843
exploration,cross_variable_same,147,206,0147_1.jpg,0206_4.jpg,0,0.47702062129974365,0.7395162582397461
exploration,cross_variable_same,147,256,0147_1.jpg,0256_4.jpg,0,0.47692757844924927,0.7313605546951294
exploration,cross_variable_same,147,260,0147_1.jpg,0260_4.jpg,0,0.4755541682243347,0.7633438110351562
exploration,cross_variable_same,147,38,0147_1.jpg,0038_4.jpg,0,0.49227049946784973,0.7235177159309387
exploration,cross_variable_same,147,59,0147_1.jpg,0059_4.jpg,0,0.46860113739967346,0.7227970361709595
exploration,cross_variable_same,147,74,0147_1.jpg,0074_4.jpg,0,0.3967084586620331,0.7422947883605957
exploration,cross_variable_same,147,97,0147_1.jpg,0097_4.jpg,0,0.4698564112186432,0.7314530611038208
exploration,cross_variable_same,147,138,0147_1.jpg,0138_4.jpg,0,0.44513264298439026,0.7118954658508301
exploration,cross_variable_same,148,148,0148_1.jpg,0148_4.jpg,1,0.5027173757553101,0.7307919263839722
exploration,cross_variable_same,148,171,0148_1.jpg,0171_4.jpg,0,0.47011423110961914,0.7456998825073242
exploration,cross_variable_same,148,172,0148_1.jpg,0172_4.jpg,0,0.5058517456054688,0.7654637098312378
exploration,cross_variable_same,148,207,0148_1.jpg,0207_4.jpg,0,0.5259028077125549,0.7664619088172913
exploration,cross_variable_same,148,260,0148_1.jpg,0260_4.jpg,0,0.5414360761642456,0.7924938201904297
exploration,cross_variable_same,148,261,0148_1.jpg,0261_4.jpg,0,0.49587947130203247,0.743633508682251
exploration,cross_variable_same,148,39,0148_1.jpg,0039_4.jpg,0,0.5544335246086121,0.8001188039779663
exploration,cross_variable_same,148,60,0148_1.jpg,0060_4.jpg,0,0.5455923080444336,0.7958062291145325
exploration,cross_variable_same,148,75,0148_1.jpg,0075_4.jpg,0,0.44335073232650757,0.7254272699356079
exploration,cross_variable_same,148,98,0148_1.jpg,0098_4.jpg,0,0.5514161586761475,0.7788970470428467
exploration,cross_variable_same,148,140,0148_1.jpg,0140_4.jpg,0,0.45341604948043823,0.773901641368866
exploration,cross_variable_same,152,152,0152_1.jpg,0152_4.jpg,1,0.4190089702606201,0.7177942991256714
exploration,cross_variable_same,152,172,0152_1.jpg,0172_4.jpg,0,0.5506061315536499,0.7804477214813232
exploration,cross_variable_same,152,178,0152_1.jpg,0178_4.jpg,0,0.4842454195022583,0.7660588026046753
exploration,cross_variable_same,152,208,0152_1.jpg,0208_4.jpg,0,0.45704999566078186,0.7273387908935547
exploration,cross_variable_same,152,261,0152_1.jpg,0261_4.jpg,0,0.47810304164886475,0.7344337701797485
exploration,cross_variable_same,152,262,0152_1.jpg,0262_4.jpg,0,0.5014244318008423,0.744827389717102
exploration,cross_variable_same,152,40,0152_1.jpg,0040_4.jpg,0,0.4646919369697571,0.746116578578949
exploration,cross_variable_same,152,61,0152_1.jpg,0061_4.jpg,0,0.5022257566452026,0.7736589908599854
exploration,cross_variable_same,152,76,0152_1.jpg,0076_4.jpg,0,0.5394392609596252,0.809525728225708
exploration,cross_variable_same,152,100,0152_1.jpg,0100_4.jpg,0,0.5608237981796265,0.7860931158065796
exploration,cross_variable_same,152,142,0152_1.jpg,0142_4.jpg,0,0.49056997895240784,0.7283480167388916
exploration,cross_variable_same,153,153,0153_1.jpg,0153_4.jpg,1,0.5531958937644958,0.7327520251274109
exploration,cross_variable_same,153,178,0153_1.jpg,0178_4.jpg,0,0.5428804159164429,0.7502130270004272
exploration,cross_variable_same,153,179,0153_1.jpg,0179_4.jpg,0,0.5036774277687073,0.741686224937439
exploration,cross_variable_same,153,209,0153_1.jpg,0209_4.jpg,0,0.4961557388305664,0.7527903318405151
exploration,cross_variable_same,153,262,0153_1.jpg,0262_4.jpg,0,0.5228400826454163,0.7180684804916382
exploration,cross_variable_same,153,263,0153_1.jpg,0263_4.jpg,0,0.5343849062919617,0.7121686935424805
exploration,cross_variable_same,153,42,0153_1.jpg,0042_4.jpg,0,0.507525622844696,0.7180252075195312
exploration,cross_variable_same,153,62,0153_1.jpg,0062_4.jpg,0,0.6144501566886902,0.7516029477119446
exploration,cross_variable_same,153,77,0153_1.jpg,0077_4.jpg,0,0.4906132221221924,0.716941237449646
exploration,cross_variable_same,153,101,0153_1.jpg,0101_4.jpg,0,0.48736682534217834,0.6913669109344482
exploration,cross_variable_same,153,146,0153_1.jpg,0146_4.jpg,0,0.47004276514053345,0.7387192249298096
exploration,cross_variable_same,154,154,0154_1.jpg,0154_4.jpg,1,0.6216367483139038,0.8408895134925842
exploration,cross_variable_same,154,179,0154_1.jpg,0179_4.jpg,0,0.5330053567886353,0.8336199522018433
exploration,cross_variable_same,154,180,0154_1.jpg,0180_4.jpg,0,0.5868195295333862,0.8264439105987549
exploration,cross_variable_same,154,211,0154_1.jpg,0211_4.jpg,0,0.5880755186080933,0.8297901153564453
exploration,cross_variable_same,154,263,0154_1.jpg,0263_4.jpg,0,0.5742864608764648,0.8036825060844421
exploration,cross_variable_same,154,264,0154_1.jpg,0264_4.jpg,0,0.568970799446106,0.8205593228340149
exploration,cross_variable_same,154,43,0154_1.jpg,0043_4.jpg,0,0.5279455184936523,0.8157581090927124
exploration,cross_variable_same,154,65,0154_1.jpg,0065_4.jpg,0,0.5452390909194946,0.804665207862854
exploration,cross_variable_same,154,78,0154_1.jpg,0078_4.jpg,0,0.5881083607673645,0.8372352123260498
exploration,cross_variable_same,154,103,0154_1.jpg,0103_4.jpg,0,0.5739729404449463,0.8349543213844299
exploration,cross_variable_same,154,147,0154_1.jpg,0147_4.jpg,0,0.5769177675247192,0.8117126226425171
exploration,cross_variable_same,155,155,0155_1.jpg,0155_4.jpg,1,0.562953531742096,0.7577747106552124
exploration,cross_variable_same,155,180,0155_1.jpg,0180_4.jpg,0,0.5800647735595703,0.8021413087844849
exploration,cross_variable_same,155,181,0155_1.jpg,0181_4.jpg,0,0.5790523886680603,0.7898663282394409
exploration,cross_variable_same,155,212,0155_1.jpg,0212_4.jpg,0,0.5807003974914551,0.8140056133270264
exploration,cross_variable_same,155,264,0155_1.jpg,0264_4.jpg,0,0.5973299145698547,0.8149545192718506
exploration,cross_variable_same,155,265,0155_1.jpg,0265_4.jpg,0,0.6046061515808105,0.798397421836853
exploration,cross_variable_same,155,46,0155_1.jpg,0046_4.jpg,0,0.6253472566604614,0.8152729272842407
exploration,cross_variable_same,155,66,0155_1.jpg,0066_4.jpg,0,0.563279926776886,0.8133701682090759
exploration,cross_variable_same,155,79,0155_1.jpg,0079_4.jpg,0,0.5259815454483032,0.7878738641738892
exploration,cross_variable_same,155,104,0155_1.jpg,0104_4.jpg,0,0.5974462032318115,0.8162167072296143
exploration,cross_variable_same,155,148,0155_1.jpg,0148_4.jpg,0,0.541854739189148,0.783577561378479
exploration,cross_variable_same,156,156,0156_1.jpg,0156_4.jpg,1,0.576875627040863,0.7911221981048584
exploration,cross_variable_same,156,181,0156_1.jpg,0181_4.jpg,0,0.5082947015762329,0.7571097612380981
exploration,cross_variable_same,156,183,0156_1.jpg,0183_4.jpg,0,0.4723367691040039,0.7569133043289185
exploration,cross_variable_same,156,213,0156_1.jpg,0213_4.jpg,0,0.5164650082588196,0.7442017197608948
exploration,cross_variable_same,156,265,0156_1.jpg,0265_4.jpg,0,0.5862622261047363,0.7767648696899414
exploration,cross_variable_same,156,266,0156_1.jpg,0266_4.jpg,0,0.48575955629348755,0.7331246137619019
exploration,cross_variable_same,156,47,0156_1.jpg,0047_4.jpg,0,0.4879154860973358,0.7778611779212952
exploration,cross_variable_same,156,67,0156_1.jpg,0067_4.jpg,0,0.38109827041625977,0.7182122468948364
exploration,cross_variable_same,156,81,0156_1.jpg,0081_4.jpg,0,0.42854976654052734,0.7410939931869507
exploration,cross_variable_same,156,105,0156_1.jpg,0105_4.jpg,0,0.525722861289978,0.7733625173568726
exploration,cross_variable_same,156,152,0156_1.jpg,0152_4.jpg,0,0.3638392686843872,0.7087154388427734
exploration,cross_variable_same,157,157,0157_1.jpg,0157_4.jpg,1,0.4836767315864563,0.7809233665466309
exploration,cross_variable_same,157,183,0157_1.jpg,0183_4.jpg,0,0.39978423714637756,0.763628363609314
exploration,cross_variable_same,157,185,0157_1.jpg,0185_4.jpg,0,0.38336777687072754,0.7661502957344055
exploration,cross_variable_same,157,214,0157_1.jpg,0214_4.jpg,0,0.30329063534736633,0.7127528190612793
exploration,cross_variable_same,157,266,0157_1.jpg,0266_4.jpg,0,0.4478241801261902,0.7618879675865173
exploration,cross_variable_same,157,267,0157_1.jpg,0267_4.jpg,0,0.4599933624267578,0.7776408195495605
exploration,cross_variable_same,157,49,0157_1.jpg,0049_4.jpg,0,0.43487730622291565,0.7562118172645569
exploration,cross_variable_same,157,70,0157_1.jpg,0070_4.jpg,0,0.35110342502593994,0.7490597367286682
exploration,cross_variable_same,157,83,0157_1.jpg,0083_4.jpg,0,0.4001089334487915,0.7450056076049805
exploration,cross_variable_same,157,106,0157_1.jpg,0106_4.jpg,0,0.3725329041481018,0.7735639810562134
exploration,cross_variable_same,157,153,0157_1.jpg,0153_4.jpg,0,0.4205247163772583,0.7665364146232605
exploration,cross_variable_same,158,158,0158_1.jpg,0158_4.jpg,1,0.6976425647735596,0.846081554889679
exploration,cross_variable_same,158,185,0158_1.jpg,0185_4.jpg,0,0.6681663990020752,0.8576334714889526
exploration,cross_variable_same,158,188,0158_1.jpg,0188_4.jpg,0,0.6845998764038086,0.8500493764877319
exploration,cross_variable_same,158,216,0158_1.jpg,0216_4.jpg,0,0.7132118940353394,0.8241533041000366
exploration,cross_variable_same,158,267,0158_1.jpg,0267_4.jpg,0,0.6590254306793213,0.8212939500808716
exploration,cross_variable_same,158,271,0158_1.jpg,0271_4.jpg,0,0.6944010257720947,0.8431471586227417
exploration,cross_variable_same,158,55,0158_1.jpg,0055_4.jpg,0,0.6358984708786011,0.8260595798492432
exploration,cross_variable_same,158,71,0158_1.jpg,0071_4.jpg,0,0.6486767530441284,0.8105303049087524
exploration,cross_variable_same,158,85,0158_1.jpg,0085_4.jpg,0,0.6425977945327759,0.8229086995124817
exploration,cross_variable_same,158,107,0158_1.jpg,0107_4.jpg,0,0.643120288848877,0.8415920734405518
exploration,cross_variable_same,158,154,0158_1.jpg,0154_4.jpg,0,0.7357321977615356,0.8451485633850098
exploration,cross_variable_same,159,159,0159_1.jpg,0159_4.jpg,1,0.6017113924026489,0.859632134437561
exploration,cross_variable_same,159,188,0159_1.jpg,0188_4.jpg,0,0.5702239274978638,0.8606545329093933
exploration,cross_variable_same,159,189,0159_1.jpg,0189_4.jpg,0,0.5563374161720276,0.8251209259033203
exploration,cross_variable_same,159,219,0159_1.jpg,0219_4.jpg,0,0.5226590633392334,0.8330334424972534
exploration,cross_variable_same,159,271,0159_1.jpg,0271_4.jpg,0,0.5633133053779602,0.8264821767807007
exploration,cross_variable_same,159,272,0159_1.jpg,0272_4.jpg,0,0.6510782241821289,0.8755515813827515
exploration,cross_variable_same,159,56,0159_1.jpg,0056_4.jpg,0,0.6200821995735168,0.8656243681907654
exploration,cross_variable_same,159,74,0159_1.jpg,0074_4.jpg,0,0.5094231963157654,0.8459299802780151
exploration,cross_variable_same,159,86,0159_1.jpg,0086_4.jpg,0,0.5045096278190613,0.8509107232093811
exploration,cross_variable_same,159,109,0159_1.jpg,0109_4.jpg,0,0.6127091646194458,0.8507285118103027
exploration,cross_variable_same,159,155,0159_1.jpg,0155_4.jpg,0,0.5477815866470337,0.8075021505355835
exploration,cross_variable_same,161,161,0161_1.jpg,0161_4.jpg,1,0.4355998635292053,0.6800327897071838
exploration,cross_variable_same,161,189,0161_1.jpg,0189_4.jpg,0,0.3952036201953888,0.6591933965682983
exploration,cross_variable_same,161,191,0161_1.jpg,0191_4.jpg,0,0.42760181427001953,0.6851557493209839
exploration,cross_variable_same,161,220,0161_1.jpg,0220_4.jpg,0,0.42575395107269287,0.6996433734893799
exploration,cross_variable_same,161,272,0161_1.jpg,0272_4.jpg,0,0.5032005906105042,0.7276697158813477
exploration,cross_variable_same,161,273,0161_1.jpg,0273_4.jpg,0,0.42493829131126404,0.6865139007568359
exploration,cross_variable_same,161,57,0161_1.jpg,0057_4.jpg,0,0.441836953163147,0.6358636021614075
exploration,cross_variable_same,161,75,0161_1.jpg,0075_4.jpg,0,0.3659456968307495,0.6548216342926025
exploration,cross_variable_same,161,87,0161_1.jpg,0087_4.jpg,0,0.49952876567840576,0.7528554797172546
exploration,cross_variable_same,161,110,0161_1.jpg,0110_4.jpg,0,0.41004103422164917,0.6603290438652039
exploration,cross_variable_same,161,156,0161_1.jpg,0156_4.jpg,0,0.4334026575088501,0.6918928623199463
exploration,cross_variable_same,162,162,0162_1.jpg,0162_4.jpg,1,0.5958774089813232,0.7641960978507996
exploration,cross_variable_same,162,191,0162_1.jpg,0191_4.jpg,0,0.5743921995162964,0.7794174551963806
exploration,cross_variable_same,162,192,0162_1.jpg,0192_4.jpg,0,0.5446751117706299,0.7752130031585693
exploration,cross_variable_same,162,221,0162_1.jpg,0221_4.jpg,0,0.5221366286277771,0.7513024806976318
exploration,cross_variable_same,162,273,0162_1.jpg,0273_4.jpg,0,0.5383363366127014,0.7725071907043457
exploration,cross_variable_same,162,274,0162_1.jpg,0274_4.jpg,0,0.552032470703125,0.7810502648353577
exploration,cross_variable_same,162,59,0162_1.jpg,0059_4.jpg,0,0.6044045090675354,0.7650109529495239
exploration,cross_variable_same,162,76,0162_1.jpg,0076_4.jpg,0,0.5316758155822754,0.8045212030410767
exploration,cross_variable_same,162,89,0162_1.jpg,0089_4.jpg,0,0.5135213136672974,0.7549152970314026
exploration,cross_variable_same,162,114,0162_1.jpg,0114_4.jpg,0,0.5622686147689819,0.789845883846283
exploration,cross_variable_same,162,157,0162_1.jpg,0157_4.jpg,0,0.5148524045944214,0.7449196577072144
exploration,cross_variable_same,163,163,0163_1.jpg,0163_4.jpg,1,0.5741682052612305,0.7864879369735718
exploration,cross_variable_same,163,192,0163_1.jpg,0192_4.jpg,0,0.5269441604614258,0.7549278736114502
exploration,cross_variable_same,163,196,0163_1.jpg,0196_4.jpg,0,0.5498908162117004,0.7489583492279053
exploration,cross_variable_same,163,223,0163_1.jpg,0223_4.jpg,0,0.527088463306427,0.7262293100357056
exploration,cross_variable_same,163,274,0163_1.jpg,0274_4.jpg,0,0.5899016857147217,0.7803800106048584
exploration,cross_variable_same,163,276,0163_1.jpg,0276_4.jpg,0,0.5411183834075928,0.7634681463241577
exploration,cross_variable_same,163,60,0163_1.jpg,0060_4.jpg,0,0.5927623510360718,0.803459882736206
exploration,cross_variable_same,163,77,0163_1.jpg,0077_4.jpg,0,0.5617812871932983,0.7622431516647339
exploration,cross_variable_same,163,90,0163_1.jpg,0090_4.jpg,0,0.5463391542434692,0.7262367010116577
exploration,cross_variable_same,163,116,0163_1.jpg,0116_4.jpg,0,0.518883466720581,0.756193995475769
exploration,cross_variable_same,163,158,0163_1.jpg,0158_4.jpg,0,0.54632967710495,0.751397967338562
exploration,cross_variable_same,164,164,0164_1.jpg,0164_4.jpg,1,0.6096531748771667,0.7836765050888062
exploration,cross_variable_same,164,196,0164_1.jpg,0196_4.jpg,0,0.6088225841522217,0.7858238220214844
exploration,cross_variable_same,164,197,0164_1.jpg,0197_4.jpg,0,0.5886880159378052,0.7915792465209961
exploration,cross_variable_same,164,224,0164_1.jpg,0224_4.jpg,0,0.565751314163208,0.7827068567276001
exploration,cross_variable_same,164,276,0164_1.jpg,0276_4.jpg,0,0.5836541056632996,0.7978644967079163
exploration,cross_variable_same,164,279,0164_1.jpg,0279_4.jpg,0,0.5964804887771606,0.7869501113891602
exploration,cross_variable_same,164,61,0164_1.jpg,0061_4.jpg,0,0.5723495483398438,0.798326849937439
exploration,cross_variable_same,164,78,0164_1.jpg,0078_4.jpg,0,0.6056307554244995,0.8144664764404297
exploration,cross_variable_same,164,91,0164_1.jpg,0091_4.jpg,0,0.6542571187019348,0.7944204807281494
exploration,cross_variable_same,164,118,0164_1.jpg,0118_4.jpg,0,0.5872560739517212,0.7880934476852417
exploration,cross_variable_same,164,159,0164_1.jpg,0159_4.jpg,0,0.5734681487083435,0.7788283228874207
exploration,cross_variable_same,167,167,0167_1.jpg,0167_4.jpg,1,0.6631314754486084,0.8470574617385864
exploration,cross_variable_same,167,197,0167_1.jpg,0197_4.jpg,0,0.6857887506484985,0.8694746494293213
exploration,cross_variable_same,167,198,0167_1.jpg,0198_4.jpg,0,0.6843429803848267,0.8646414279937744
exploration,cross_variable_same,167,225,0167_1.jpg,0225_4.jpg,0,0.6562192440032959,0.8413640260696411
exploration,cross_variable_same,167,279,0167_1.jpg,0279_4.jpg,0,0.6964893341064453,0.8552728891372681
exploration,cross_variable_same,167,281,0167_1.jpg,0281_4.jpg,0,0.6734347343444824,0.855899453163147
exploration,cross_variable_same,167,62,0167_1.jpg,0062_4.jpg,0,0.6987444162368774,0.859447717666626
exploration,cross_variable_same,167,79,0167_1.jpg,0079_4.jpg,0,0.6481726169586182,0.8495266437530518
exploration,cross_variable_same,167,92,0167_1.jpg,0092_4.jpg,0,0.68645179271698,0.8650655746459961
exploration,cross_variable_same,167,119,0167_1.jpg,0119_4.jpg,0,0.6474608182907104,0.8569928407669067
exploration,cross_variable_same,167,161,0167_1.jpg,0161_4.jpg,0,0.6616332530975342,0.8587561845779419
exploration,cross_variable_same,168,168,0168_1.jpg,0168_4.jpg,1,0.6367446780204773,0.8082554340362549
exploration,cross_variable_same,168,198,0168_1.jpg,0198_4.jpg,0,0.5912652611732483,0.8029517531394958
exploration,cross_variable_same,168,199,0168_1.jpg,0199_4.jpg,0,0.6182621717453003,0.815467357635498
exploration,cross_variable_same,168,226,0168_1.jpg,0226_4.jpg,0,0.6053948402404785,0.8226546049118042
exploration,cross_variable_same,168,281,0168_1.jpg,0281_4.jpg,0,0.5861237049102783,0.8025162816047668
exploration,cross_variable_same,168,282,0168_1.jpg,0282_4.jpg,0,0.5348355770111084,0.7828389406204224
exploration,cross_variable_same,168,65,0168_1.jpg,0065_4.jpg,0,0.5646390318870544,0.796276330947876
exploration,cross_variable_same,168,81,0168_1.jpg,0081_4.jpg,0,0.518943190574646,0.7803669571876526
exploration,cross_variable_same,168,93,0168_1.jpg,0093_4.jpg,0,0.6177854537963867,0.805118978023529
exploration,cross_variable_same,168,122,0168_1.jpg,0122_4.jpg,0,0.6035300493240356,0.7976598143577576
exploration,cross_variable_same,168,162,0168_1.jpg,0162_4.jpg,0,0.6034910678863525,0.8015525341033936
exploration,cross_variable_same,169,169,0169_1.jpg,0169_4.jpg,1,0.5184668302536011,0.7358385324478149
exploration,cross_variable_same,169,199,0169_1.jpg,0199_4.jpg,0,0.5403144359588623,0.7398146390914917
exploration,cross_variable_same,169,200,0169_1.jpg,0200_4.jpg,0,0.4940890669822693,0.7459200024604797
exploration,cross_variable_same,169,227,0169_1.jpg,0227_4.jpg,0,0.4555644094944,0.7046228647232056
exploration,cross_variable_same,169,282,0169_1.jpg,0282_4.jpg,0,0.4717097282409668,0.7164005041122437
exploration,cross_variable_same,169,1,0169_1.jpg,0001_4.jpg,0,0.5022222399711609,0.7439783215522766
exploration,cross_variable_same,169,66,0169_1.jpg,0066_4.jpg,0,0.46239611506462097,0.7266188859939575
exploration,cross_variable_same,169,83,0169_1.jpg,0083_4.jpg,0,0.5164417028427124,0.7179477214813232
exploration,cross_variable_same,169,94,0169_1.jpg,0094_4.jpg,0,0.4166715145111084,0.6900924444198608
exploration,cross_variable_same,169,123,0169_1.jpg,0123_4.jpg,0,0.40847915410995483,0.6821789741516113
exploration,cross_variable_same,169,163,0169_1.jpg,0163_4.jpg,0,0.484874963760376,0.7484938502311707
exploration,cross_variable_same,171,171,0171_1.jpg,0171_4.jpg,1,0.5573660135269165,0.7703738808631897
exploration,cross_variable_same,171,200,0171_1.jpg,0200_4.jpg,0,0.5429599285125732,0.7839915752410889
exploration,cross_variable_same,171,201,0171_1.jpg,0201_4.jpg,0,0.5854043960571289,0.7918331623077393
exploration,cross_variable_same,171,228,0171_1.jpg,0228_4.jpg,0,0.5842128992080688,0.7724255323410034
exploration,cross_variable_same,171,1,0171_1.jpg,0001_4.jpg,0,0.5902441740036011,0.7960549592971802
exploration,cross_variable_same,171,2,0171_1.jpg,0002_4.jpg,0,0.5977951288223267,0.8015127182006836
exploration,cross_variable_same,171,67,0171_1.jpg,0067_4.jpg,0,0.5668603777885437,0.7725870609283447
exploration,cross_variable_same,171,85,0171_1.jpg,0085_4.jpg,0,0.5665783882141113,0.7641251087188721
exploration,cross_variable_same,171,96,0171_1.jpg,0096_4.jpg,0,0.5432108640670776,0.7728801965713501
exploration,cross_variable_same,171,124,0171_1.jpg,0124_4.jpg,0,0.6402481198310852,0.8335500955581665
exploration,cross_variable_same,171,164,0171_1.jpg,0164_4.jpg,0,0.5542858839035034,0.7622733116149902
exploration,cross_variable_same,172,172,0172_1.jpg,0172_4.jpg,1,0.5399581789970398,0.732969343662262
exploration,cross_variable_same,172,201,0172_1.jpg,0201_4.jpg,0,0.49873101711273193,0.7086429595947266
exploration,cross_variable_same,172,203,0172_1.jpg,0203_4.jpg,0,0.5212867259979248,0.7178096771240234
exploration,cross_variable_same,172,229,0172_1.jpg,0229_4.jpg,0,0.5163809657096863,0.7033031582832336
exploration,cross_variable_same,172,2,0172_1.jpg,0002_4.jpg,0,0.5197991132736206,0.7269309759140015
exploration,cross_variable_same,172,3,0172_1.jpg,0003_4.jpg,0,0.44770586490631104,0.6845195293426514
exploration,cross_variable_same,172,70,0172_1.jpg,0070_4.jpg,0,0.46957066655158997,0.69781494140625
exploration,cross_variable_same,172,86,0172_1.jpg,0086_4.jpg,0,0.4999799132347107,0.7674639225006104
exploration,cross_variable_same,172,97,0172_1.jpg,0097_4.jpg,0,0.5500830411911011,0.7235328555107117
exploration,cross_variable_same,172,125,0172_1.jpg,0125_4.jpg,0,0.4705069661140442,0.7077645063400269
exploration,cross_variable_same,172,167,0172_1.jpg,0167_4.jpg,0,0.4725330173969269,0.6771947145462036
exploration,cross_variable_same,178,178,0178_1.jpg,0178_4.jpg,1,0.653744101524353,0.8289688229560852
exploration,cross_variable_same,178,203,0178_1.jpg,0203_4.jpg,0,0.6332343816757202,0.8072744607925415
exploration,cross_variable_same,178,204,0178_1.jpg,0204_4.jpg,0,0.6419169902801514,0.7785263657569885
exploration,cross_variable_same,178,231,0178_1.jpg,0231_4.jpg,0,0.6238024234771729,0.819968044757843
exploration,cross_variable_same,178,3,0178_1.jpg,0003_4.jpg,0,0.5693180561065674,0.7589174509048462
exploration,cross_variable_same,178,6,0178_1.jpg,0006_4.jpg,0,0.6226710677146912,0.8148987293243408
exploration,cross_variable_same,178,71,0178_1.jpg,0071_4.jpg,0,0.5867911577224731,0.7626597881317139
exploration,cross_variable_same,178,87,0178_1.jpg,0087_4.jpg,0,0.6461089849472046,0.8314506411552429
exploration,cross_variable_same,178,98,0178_1.jpg,0098_4.jpg,0,0.6528310775756836,0.8227798938751221
exploration,cross_variable_same,178,127,0178_1.jpg,0127_4.jpg,0,0.6029974222183228,0.8113901019096375
exploration,cross_variable_same,178,168,0178_1.jpg,0168_4.jpg,0,0.6157483458518982,0.7857189178466797
exploration,cross_variable_same,179,179,0179_1.jpg,0179_4.jpg,1,0.5491564273834229,0.7601136565208435
exploration,cross_variable_same,179,204,0179_1.jpg,0204_4.jpg,0,0.562391996383667,0.7231231331825256
exploration,cross_variable_same,179,206,0179_1.jpg,0206_4.jpg,0,0.4831540584564209,0.7112486362457275
exploration,cross_variable_same,179,232,0179_1.jpg,0232_4.jpg,0,0.5324736833572388,0.7180479764938354
exploration,cross_variable_same,179,6,0179_1.jpg,0006_4.jpg,0,0.5450951457023621,0.7619200944900513
exploration,cross_variable_same,179,7,0179_1.jpg,0007_4.jpg,0,0.5482202768325806,0.7714338302612305
exploration,cross_variable_same,179,74,0179_1.jpg,0074_4.jpg,0,0.4953678846359253,0.7587902545928955
exploration,cross_variable_same,179,89,0179_1.jpg,0089_4.jpg,0,0.4940102696418762,0.7281998991966248
exploration,cross_variable_same,179,100,0179_1.jpg,0100_4.jpg,0,0.5888447761535645,0.7799794673919678
exploration,cross_variable_same,179,130,0179_1.jpg,0130_4.jpg,0,0.49703502655029297,0.7349780797958374
exploration,cross_variable_same,179,169,0179_1.jpg,0169_4.jpg,0,0.534639835357666,0.7384012341499329
exploration,cross_variable_same,180,180,0180_1.jpg,0180_4.jpg,1,0.5672846436500549,0.7632246017456055
exploration,cross_variable_same,180,206,0180_1.jpg,0206_4.jpg,0,0.49440455436706543,0.735402524471283
exploration,cross_variable_same,180,207,0180_1.jpg,0207_4.jpg,0,0.5436615943908691,0.7695887088775635
exploration,cross_variable_same,180,234,0180_1.jpg,0234_4.jpg,0,0.5561029314994812,0.7558050155639648
exploration,cross_variable_same,180,7,0180_1.jpg,0007_4.jpg,0,0.5466184020042419,0.7830497026443481
exploration,cross_variable_same,180,8,0180_1.jpg,0008_4.jpg,0,0.5018948316574097,0.7278359532356262
exploration,cross_variable_same,180,75,0180_1.jpg,0075_4.jpg,0,0.45105722546577454,0.7233327627182007
exploration,cross_variable_same,180,90,0180_1.jpg,0090_4.jpg,0,0.5562820434570312,0.732611358165741
exploration,cross_variable_same,180,101,0180_1.jpg,0101_4.jpg,0,0.4963699281215668,0.7157273292541504
exploration,cross_variable_same,180,132,0180_1.jpg,0132_4.jpg,0,0.6049690246582031,0.788885772228241
exploration,cross_variable_same,180,171,0180_1.jpg,0171_4.jpg,0,0.46028515696525574,0.7342864274978638
exploration,cross_variable_same,181,181,0181_1.jpg,0181_4.jpg,1,0.5709900259971619,0.7879428863525391
exploration,cross_variable_same,181,207,0181_1.jpg,0207_4.jpg,0,0.5713980197906494,0.796633780002594
exploration,cross_variable_same,181,208,0181_1.jpg,0208_4.jpg,0,0.4727550148963928,0.7511726021766663
exploration,cross_variable_same,181,235,0181_1.jpg,0235_4.jpg,0,0.5790021419525146,0.8034180402755737
exploration,cross_variable_same,181,8,0181_1.jpg,0008_4.jpg,0,0.5303828716278076,0.7638448476791382
exploration,cross_variable_same,181,11,0181_1.jpg,0011_4.jpg,0,0.536025881767273,0.8113374710083008
exploration,cross_variable_same,181,76,0181_1.jpg,0076_4.jpg,0,0.5199739336967468,0.8047784566879272
exploration,cross_variable_same,181,91,0181_1.jpg,0091_4.jpg,0,0.6001290082931519,0.7926633358001709
exploration,cross_variable_same,181,103,0181_1.jpg,0103_4.jpg,0,0.551378607749939,0.794706404209137
exploration,cross_variable_same,181,133,0181_1.jpg,0133_4.jpg,0,0.5622299313545227,0.7960106730461121
exploration,cross_variable_same,181,172,0181_1.jpg,0172_4.jpg,0,0.5793604850769043,0.8145730495452881
exploration,cross_variable_same,183,183,0183_1.jpg,0183_4.jpg,1,0.5165597796440125,0.7337808609008789
exploration,cross_variable_same,183,208,0183_1.jpg,0208_4.jpg,0,0.42609652876853943,0.6875584125518799
exploration,cross_variable_same,183,209,0183_1.jpg,0209_4.jpg,0,0.45466795563697815,0.7305248975753784
exploration,cross_variable_same,183,237,0183_1.jpg,0237_4.jpg,0,0.4351758658885956,0.6875097751617432
exploration,cross_variable_same,183,11,0183_1.jpg,0011_4.jpg,0,0.4703151285648346,0.7395997047424316
exploration,cross_variable_same,183,12,0183_1.jpg,0012_4.jpg,0,0.4719512462615967,0.7399822473526001
exploration,cross_variable_same,183,77,0183_1.jpg,0077_4.jpg,0,0.48819130659103394,0.7187805771827698
exploration,cross_variable_same,183,92,0183_1.jpg,0092_4.jpg,0,0.48645585775375366,0.7268810272216797
exploration,cross_variable_same,183,104,0183_1.jpg,0104_4.jpg,0,0.5303348302841187,0.7485443353652954
exploration,cross_variable_same,183,134,0183_1.jpg,0134_4.jpg,0,0.4631136655807495,0.7154989242553711
exploration,cross_variable_same,183,178,0183_1.jpg,0178_4.jpg,0,0.5123332142829895,0.7400710582733154
exploration,cross_variable_same,185,185,0185_1.jpg,0185_4.jpg,1,0.4912087619304657,0.7897464036941528
exploration,cross_variable_same,185,209,0185_1.jpg,0209_4.jpg,0,0.4286141097545624,0.7662332057952881
exploration,cross_variable_same,185,211,0185_1.jpg,0211_4.jpg,0,0.4871990382671356,0.7910362482070923
exploration,cross_variable_same,185,239,0185_1.jpg,0239_4.jpg,0,0.4058017134666443,0.755294144153595
exploration,cross_variable_same,185,12,0185_1.jpg,0012_4.jpg,0,0.4444684386253357,0.7673819661140442
exploration,cross_variable_same,185,15,0185_1.jpg,0015_4.jpg,0,0.5164370536804199,0.8226558566093445
exploration,cross_variable_same,185,78,0185_1.jpg,0078_4.jpg,0,0.49389201402664185,0.7988045811653137
exploration,cross_variable_same,185,93,0185_1.jpg,0093_4.jpg,0,0.5423295497894287,0.8040759563446045
exploration,cross_variable_same,185,105,0185_1.jpg,0105_4.jpg,0,0.38829511404037476,0.7505784630775452
exploration,cross_variable_same,185,135,0185_1.jpg,0135_4.jpg,0,0.39991480112075806,0.7685180902481079
exploration,cross_variable_same,185,179,0185_1.jpg,0179_4.jpg,0,0.4381612539291382,0.7800378799438477
exploration,cross_variable_same,188,188,0188_1.jpg,0188_4.jpg,1,0.5870740413665771,0.8103616237640381
exploration,cross_variable_same,188,211,0188_1.jpg,0211_4.jpg,0,0.532253623008728,0.7652935981750488
exploration,cross_variable_same,188,212,0188_1.jpg,0212_4.jpg,0,0.5230624675750732,0.7615247964859009
exploration,cross_variable_same,188,240,0188_1.jpg,0240_4.jpg,0,0.5288751125335693,0.7621513605117798
exploration,cross_variable_same,188,15,0188_1.jpg,0015_4.jpg,0,0.5317819118499756,0.7903004884719849
exploration,cross_variable_same,188,18,0188_1.jpg,0018_4.jpg,0,0.48260390758514404,0.7395483255386353
exploration,cross_variable_same,188,79,0188_1.jpg,0079_4.jpg,0,0.5025230050086975,0.7782984972000122
exploration,cross_variable_same,188,94,0188_1.jpg,0094_4.jpg,0,0.4705125093460083,0.749779462814331
exploration,cross_variable_same,188,106,0188_1.jpg,0106_4.jpg,0,0.49876123666763306,0.7797302007675171
exploration,cross_variable_same,188,138,0188_1.jpg,0138_4.jpg,0,0.4961317777633667,0.7544534206390381
exploration,cross_variable_same,188,180,0188_1.jpg,0180_4.jpg,0,0.5497214794158936,0.7781543135643005
exploration,cross_variable_same,189,189,0189_1.jpg,0189_4.jpg,1,0.4808569550514221,0.7216575145721436
exploration,cross_variable_same,189,212,0189_1.jpg,0212_4.jpg,0,0.5081298351287842,0.7474098205566406
exploration,cross_variable_same,189,213,0189_1.jpg,0213_4.jpg,0,0.5381572246551514,0.7352015972137451
exploration,cross_variable_same,189,241,0189_1.jpg,0241_4.jpg,0,0.5916000604629517,0.7793381214141846
exploration,cross_variable_same,189,18,0189_1.jpg,0018_4.jpg,0,0.4463602900505066,0.6937665939331055
exploration,cross_variable_same,189,19,0189_1.jpg,0019_4.jpg,0,0.47965455055236816,0.7360572218894958
exploration,cross_variable_same,189,81,0189_1.jpg,0081_4.jpg,0,0.45103150606155396,0.7148798108100891
exploration,cross_variable_same,189,96,0189_1.jpg,0096_4.jpg,0,0.4860427975654602,0.7200871706008911
exploration,cross_variable_same,189,107,0189_1.jpg,0107_4.jpg,0,0.4846235513687134,0.7323397994041443
exploration,cross_variable_same,189,140,0189_1.jpg,0140_4.jpg,0,0.567533016204834,0.796682596206665
exploration,cross_variable_same,189,181,0189_1.jpg,0181_4.jpg,0,0.5061002969741821,0.7214232087135315
exploration,cross_variable_same,191,191,0191_1.jpg,0191_4.jpg,1,0.6094732284545898,0.7983424067497253
exploration,cross_variable_same,191,213,0191_1.jpg,0213_4.jpg,0,0.5572906732559204,0.7743431329727173
exploration,cross_variable_same,191,214,0191_1.jpg,0214_4.jpg,0,0.4963443875312805,0.7482819557189941
exploration,cross_variable_same,191,242,0191_1.jpg,0242_4.jpg,0,0.6061603426933289,0.7913999557495117
exploration,cross_variable_same,191,19,0191_1.jpg,0019_4.jpg,0,0.5067577958106995,0.7669933438301086
exploration,cross_variable_same,191,20,0191_1.jpg,0020_4.jpg,0,0.5595384836196899,0.7783222198486328
exploration,cross_variable_same,191,83,0191_1.jpg,0083_4.jpg,0,0.5342856645584106,0.7500079870223999
exploration,cross_variable_same,191,97,0191_1.jpg,0097_4.jpg,0,0.4806332588195801,0.7638095617294312
exploration,cross_variable_same,191,109,0191_1.jpg,0109_4.jpg,0,0.5738979578018188,0.784512996673584
exploration,cross_variable_same,191,142,0191_1.jpg,0142_4.jpg,0,0.49453431367874146,0.7427629828453064
exploration,cross_variable_same,191,183,0191_1.jpg,0183_4.jpg,0,0.5817885398864746,0.7960023880004883
exploration,cross_variable_same,192,192,0192_1.jpg,0192_4.jpg,1,0.5785839557647705,0.7696257829666138
exploration,cross_variable_same,192,214,0192_1.jpg,0214_4.jpg,0,0.475202739238739,0.719089686870575
exploration,cross_variable_same,192,216,0192_1.jpg,0216_4.jpg,0,0.5186330080032349,0.7208179235458374
exploration,cross_variable_same,192,243,0192_1.jpg,0243_4.jpg,0,0.4843127727508545,0.7356085777282715
exploration,cross_variable_same,192,20,0192_1.jpg,0020_4.jpg,0,0.5188088417053223,0.7466428279876709
exploration,cross_variable_same,192,21,0192_1.jpg,0021_4.jpg,0,0.5619961023330688,0.7844069004058838
exploration,cross_variable_same,192,85,0192_1.jpg,0085_4.jpg,0,0.5047599077224731,0.7405393123626709
exploration,cross_variable_same,192,98,0192_1.jpg,0098_4.jpg,0,0.5685813426971436,0.773747980594635
exploration,cross_variable_same,192,110,0192_1.jpg,0110_4.jpg,0,0.5120714902877808,0.7351613640785217
exploration,cross_variable_same,192,146,0192_1.jpg,0146_4.jpg,0,0.49023956060409546,0.7553956508636475
exploration,cross_variable_same,192,185,0192_1.jpg,0185_4.jpg,0,0.5471795201301575,0.7689555287361145
exploration,cross_variable_same,196,196,0196_1.jpg,0196_4.jpg,1,0.5500048398971558,0.765183687210083
exploration,cross_variable_same,196,216,0196_1.jpg,0216_4.jpg,0,0.5377723574638367,0.7399742603302002
exploration,cross_variable_same,196,219,0196_1.jpg,0219_4.jpg,0,0.4735753536224365,0.7566366791725159
exploration,cross_variable_same,196,244,0196_1.jpg,0244_4.jpg,0,0.39616379141807556,0.7171673774719238
exploration,cross_variable_same,196,21,0196_1.jpg,0021_4.jpg,0,0.5377257466316223,0.7754995822906494
exploration,cross_variable_same,196,22,0196_1.jpg,0022_4.jpg,0,0.5286664962768555,0.7498173713684082
exploration,cross_variable_same,196,86,0196_1.jpg,0086_4.jpg,0,0.4317263960838318,0.7916277647018433
exploration,cross_variable_same,196,100,0196_1.jpg,0100_4.jpg,0,0.5491275787353516,0.7892929315567017
exploration,cross_variable_same,196,114,0196_1.jpg,0114_4.jpg,0,0.5513460636138916,0.7901076078414917
exploration,cross_variable_same,196,147,0196_1.jpg,0147_4.jpg,0,0.538419246673584,0.7581990957260132
exploration,cross_variable_same,196,188,0196_1.jpg,0188_4.jpg,0,0.5098256468772888,0.7777016162872314
exploration,cross_variable_same,197,197,0197_1.jpg,0197_4.jpg,1,0.6214412450790405,0.8224976062774658
exploration,cross_variable_same,197,219,0197_1.jpg,0219_4.jpg,0,0.5448300838470459,0.8161576986312866
exploration,cross_variable_same,197,220,0197_1.jpg,0220_4.jpg,0,0.5774063467979431,0.8184821605682373
exploration,cross_variable_same,197,245,0197_1.jpg,0245_4.jpg,0,0.5036067962646484,0.7958011627197266
exploration,cross_variable_same,197,22,0197_1.jpg,0022_4.jpg,0,0.5563840866088867,0.7930338382720947
exploration,cross_variable_same,197,25,0197_1.jpg,0025_4.jpg,0,0.5143023729324341,0.7827513217926025
exploration,cross_variable_same,197,87,0197_1.jpg,0087_4.jpg,0,0.603331446647644,0.8164595365524292
exploration,cross_variable_same,197,101,0197_1.jpg,0101_4.jpg,0,0.5168699026107788,0.7822960615158081
exploration,cross_variable_same,197,116,0197_1.jpg,0116_4.jpg,0,0.5855534076690674,0.7985283136367798
exploration,cross_variable_same,197,148,0197_1.jpg,0148_4.jpg,0,0.5496693849563599,0.7828195095062256
exploration,cross_variable_same,197,189,0197_1.jpg,0189_4.jpg,0,0.5124193429946899,0.7878878116607666
exploration,cross_variable_same,198,198,0198_1.jpg,0198_4.jpg,1,0.526981770992279,0.7570261359214783
exploration,cross_variable_same,198,220,0198_1.jpg,0220_4.jpg,0,0.40838193893432617,0.746387243270874
exploration,cross_variable_same,198,221,0198_1.jpg,0221_4.jpg,0,0.44374150037765503,0.7247853875160217
exploration,cross_variable_same,198,246,0198_1.jpg,0246_4.jpg,0,0.46440714597702026,0.7106643915176392
exploration,cross_variable_same,198,25,0198_1.jpg,0025_4.jpg,0,0.4247089624404907,0.7348188757896423
exploration,cross_variable_same,198,26,0198_1.jpg,0026_4.jpg,0,0.4752405285835266,0.7275828719139099
exploration,cross_variable_same,198,89,0198_1.jpg,0089_4.jpg,0,0.5080359578132629,0.7387658357620239
exploration,cross_variable_same,198,103,0198_1.jpg,0103_4.jpg,0,0.4476702809333801,0.7273203134536743
exploration,cross_variable_same,198,118,0198_1.jpg,0118_4.jpg,0,0.498606413602829,0.725103497505188
exploration,cross_variable_same,198,152,0198_1.jpg,0152_4.jpg,0,0.41817981004714966,0.7011926770210266
exploration,cross_variable_same,198,191,0198_1.jpg,0191_4.jpg,0,0.4154423177242279,0.7256624698638916
exploration,cross_variable_same,199,199,0199_1.jpg,0199_4.jpg,1,0.5988150835037231,0.7776935696601868
exploration,cross_variable_same,199,221,0199_1.jpg,0221_4.jpg,0,0.5722683668136597,0.7716129422187805
exploration,cross_variable_same,199,223,0199_1.jpg,0223_4.jpg,0,0.4923020601272583,0.7205938696861267
exploration,cross_variable_same,199,247,0199_1.jpg,0247_4.jpg,0,0.49765145778656006,0.7286428213119507
exploration,cross_variable_same,199,26,0199_1.jpg,0026_4.jpg,0,0.5726441740989685,0.7663405537605286
exploration,cross_variable_same,199,27,0199_1.jpg,0027_4.jpg,0,0.6105341911315918,0.7802723050117493
exploration,cross_variable_same,199,90,0199_1.jpg,0090_4.jpg,0,0.5576543211936951,0.7267922163009644
exploration,cross_variable_same,199,104,0199_1.jpg,0104_4.jpg,0,0.5495929718017578,0.7748380899429321
exploration,cross_variable_same,199,119,0199_1.jpg,0119_4.jpg,0,0.5110106468200684,0.7669867277145386
exploration,cross_variable_same,199,153,0199_1.jpg,0153_4.jpg,0,0.5744392275810242,0.7589169144630432
exploration,cross_variable_same,199,192,0199_1.jpg,0192_4.jpg,0,0.5372306704521179,0.758063018321991
exploration,cross_variable_same,200,200,0200_1.jpg,0200_4.jpg,1,0.5000485181808472,0.783360481262207
exploration,cross_variable_same,200,223,0200_1.jpg,0223_4.jpg,0,0.45333024859428406,0.7340149283409119
exploration,cross_variable_same,200,224,0200_1.jpg,0224_4.jpg,0,0.5591846704483032,0.7846619486808777
exploration,cross_variable_same,200,248,0200_1.jpg,0248_4.jpg,0,0.46622228622436523,0.7581368684768677
exploration,cross_variable_same,200,27,0200_1.jpg,0027_4.jpg,0,0.5178763270378113,0.7630853056907654
exploration,cross_variable_same,200,29,0200_1.jpg,0029_4.jpg,0,0.5110889673233032,0.7408525347709656
exploration,cross_variable_same,200,91,0200_1.jpg,0091_4.jpg,0,0.5127065181732178,0.7605157494544983
exploration,cross_variable_same,200,105,0200_1.jpg,0105_4.jpg,0,0.45174887776374817,0.7523659467697144
exploration,cross_variable_same,200,122,0200_1.jpg,0122_4.jpg,0,0.5060254335403442,0.7617491483688354
exploration,cross_variable_same,200,154,0200_1.jpg,0154_4.jpg,0,0.5114178657531738,0.7624517679214478
exploration,cross_variable_same,200,196,0200_1.jpg,0196_4.jpg,0,0.5361626148223877,0.7562854886054993
exploration,cross_variable_same,201,201,0201_1.jpg,0201_4.jpg,1,0.5150248408317566,0.7713472247123718
exploration,cross_variable_same,201,224,0201_1.jpg,0224_4.jpg,0,0.521953821182251,0.7671265602111816
exploration,cross_variable_same,201,225,0201_1.jpg,0225_4.jpg,0,0.4891658127307892,0.7500592470169067
exploration,cross_variable_same,201,249,0201_1.jpg,0249_4.jpg,0,0.5584957599639893,0.7518483400344849
exploration,cross_variable_same,201,29,0201_1.jpg,0029_4.jpg,0,0.5136349201202393,0.731643795967102
exploration,cross_variable_same,201,30,0201_1.jpg,0030_4.jpg,0,0.5478841662406921,0.7782721519470215
exploration,cross_variable_same,201,92,0201_1.jpg,0092_4.jpg,0,0.5505052804946899,0.777534544467926
exploration,cross_variable_same,201,106,0201_1.jpg,0106_4.jpg,0,0.5041512250900269,0.7966265678405762
exploration,cross_variable_same,201,123,0201_1.jpg,0123_4.jpg,0,0.46373647451400757,0.7272443771362305
exploration,cross_variable_same,201,155,0201_1.jpg,0155_4.jpg,0,0.5065611600875854,0.7191819548606873
exploration,cross_variable_same,201,197,0201_1.jpg,0197_4.jpg,0,0.521483302116394,0.7634221315383911
exploration,cross_variable_same,203,203,0203_1.jpg,0203_4.jpg,1,0.6252914071083069,0.7954237461090088
exploration,cross_variable_same,203,225,0203_1.jpg,0225_4.jpg,0,0.5176746845245361,0.7469410300254822
exploration,cross_variable_same,203,226,0203_1.jpg,0226_4.jpg,0,0.5784639120101929,0.7803528308868408
exploration,cross_variable_same,203,250,0203_1.jpg,0250_4.jpg,0,0.5605067610740662,0.7551714181900024
exploration,cross_variable_same,203,30,0203_1.jpg,0030_4.jpg,0,0.5740578174591064,0.7842134237289429
exploration,cross_variable_same,203,31,0203_1.jpg,0031_4.jpg,0,0.5016124248504639,0.7497719526290894
exploration,cross_variable_same,203,93,0203_1.jpg,0093_4.jpg,0,0.5524998307228088,0.7620623111724854
exploration,cross_variable_same,203,107,0203_1.jpg,0107_4.jpg,0,0.5001452565193176,0.7583075165748596
exploration,cross_variable_same,203,124,0203_1.jpg,0124_4.jpg,0,0.5966137647628784,0.812425434589386
exploration,cross_variable_same,203,156,0203_1.jpg,0156_4.jpg,0,0.563378095626831,0.7684324979782104
exploration,cross_variable_same,203,198,0203_1.jpg,0198_4.jpg,0,0.5200182199478149,0.7576897144317627
exploration,cross_variable_same,204,204,0204_1.jpg,0204_4.jpg,1,0.5157838463783264,0.725650429725647
exploration,cross_variable_same,204,226,0204_1.jpg,0226_4.jpg,0,0.5421491861343384,0.7754510641098022
exploration,cross_variable_same,204,227,0204_1.jpg,0227_4.jpg,0,0.4322814345359802,0.7116090059280396
exploration,cross_variable_same,204,251,0204_1.jpg,0251_4.jpg,0,0.474368691444397,0.7320364117622375
exploration,cross_variable_same,204,31,0204_1.jpg,0031_4.jpg,0,0.4716264009475708,0.7501446604728699
exploration,cross_variable_same,204,35,0204_1.jpg,0035_4.jpg,0,0.50363689661026,0.7597620487213135
exploration,cross_variable_same,204,94,0204_1.jpg,0094_4.jpg,0,0.4263290762901306,0.7106038928031921
exploration,cross_variable_same,204,109,0204_1.jpg,0109_4.jpg,0,0.5124729871749878,0.7433730363845825
exploration,cross_variable_same,204,125,0204_1.jpg,0125_4.jpg,0,0.4439657926559448,0.7389585375785828
exploration,cross_variable_same,204,157,0204_1.jpg,0157_4.jpg,0,0.4794919490814209,0.7302755117416382
exploration,cross_variable_same,204,199,0204_1.jpg,0199_4.jpg,0,0.5071104764938354,0.7515631914138794
exploration,cross_variable_same,206,206,0206_1.jpg,0206_4.jpg,1,0.5252202749252319,0.7335944175720215
exploration,cross_variable_same,206,227,0206_1.jpg,0227_4.jpg,0,0.47060492634773254,0.7064911127090454
exploration,cross_variable_same,206,228,0206_1.jpg,0228_4.jpg,0,0.5066038370132446,0.7286876440048218
exploration,cross_variable_same,206,252,0206_1.jpg,0252_4.jpg,0,0.5648598670959473,0.7751953601837158
exploration,cross_variable_same,206,35,0206_1.jpg,0035_4.jpg,0,0.5520175695419312,0.7526215314865112
exploration,cross_variable_same,206,38,0206_1.jpg,0038_4.jpg,0,0.5587672591209412,0.7278833389282227
exploration,cross_variable_same,206,96,0206_1.jpg,0096_4.jpg,0,0.4918435215950012,0.712296724319458
exploration,cross_variable_same,206,110,0206_1.jpg,0110_4.jpg,0,0.5083035230636597,0.7202674150466919
exploration,cross_variable_same,206,127,0206_1.jpg,0127_4.jpg,0,0.4999273121356964,0.7380532622337341
exploration,cross_variable_same,206,158,0206_1.jpg,0158_4.jpg,0,0.5349905490875244,0.731246829032898
exploration,cross_variable_same,206,200,0206_1.jpg,0200_4.jpg,0,0.5067809224128723,0.7383825778961182
exploration,cross_variable_same,207,207,0207_1.jpg,0207_4.jpg,1,0.55010586977005,0.7832244634628296
exploration,cross_variable_same,207,228,0207_1.jpg,0228_4.jpg,0,0.46158695220947266,0.7577865123748779
exploration,cross_variable_same,207,229,0207_1.jpg,0229_4.jpg,0,0.5512433052062988,0.7769224643707275
exploration,cross_variable_same,207,255,0207_1.jpg,0255_4.jpg,0,0.5311124324798584,0.760528564453125
exploration,cross_variable_same,207,38,0207_1.jpg,0038_4.jpg,0,0.5187212228775024,0.7584711313247681
exploration,cross_variable_same,207,39,0207_1.jpg,0039_4.jpg,0,0.5489739179611206,0.8171848058700562
exploration,cross_variable_same,207,97,0207_1.jpg,0097_4.jpg,0,0.5839877724647522,0.793226420879364
exploration,cross_variable_same,207,114,0207_1.jpg,0114_4.jpg,0,0.5681625604629517,0.8117675185203552
exploration,cross_variable_same,207,130,0207_1.jpg,0130_4.jpg,0,0.40993496775627136,0.7544747591018677
exploration,cross_variable_same,207,159,0207_1.jpg,0159_4.jpg,0,0.4817202091217041,0.7616455554962158
exploration,cross_variable_same,207,201,0207_1.jpg,0201_4.jpg,0,0.46312904357910156,0.7668766975402832
exploration,cross_variable_same,208,208,0208_1.jpg,0208_4.jpg,1,0.5949532985687256,0.7908274531364441
exploration,cross_variable_same,208,229,0208_1.jpg,0229_4.jpg,0,0.5508173108100891,0.7622844576835632
exploration,cross_variable_same,208,231,0208_1.jpg,0231_4.jpg,0,0.5441162586212158,0.7826938033103943
exploration,cross_variable_same,208,256,0208_1.jpg,0256_4.jpg,0,0.5474679470062256,0.7815296649932861
exploration,cross_variable_same,208,39,0208_1.jpg,0039_4.jpg,0,0.571018636226654,0.806857705116272
exploration,cross_variable_same,208,40,0208_1.jpg,0040_4.jpg,0,0.5010135173797607,0.7753486633300781
exploration,cross_variable_same,208,98,0208_1.jpg,0098_4.jpg,0,0.5932311415672302,0.7976729869842529
exploration,cross_variable_same,208,116,0208_1.jpg,0116_4.jpg,0,0.5451391339302063,0.7762213349342346
exploration,cross_variable_same,208,132,0208_1.jpg,0132_4.jpg,0,0.5730578899383545,0.8051801919937134
exploration,cross_variable_same,208,161,0208_1.jpg,0161_4.jpg,0,0.5218613147735596,0.7754271030426025
exploration,cross_variable_same,208,203,0208_1.jpg,0203_4.jpg,0,0.5964084267616272,0.794480562210083
exploration,cross_variable_same,209,209,0209_1.jpg,0209_4.jpg,1,0.5663691759109497,0.7686664462089539
exploration,cross_variable_same,209,231,0209_1.jpg,0231_4.jpg,0,0.5771051645278931,0.7492576241493225
exploration,cross_variable_same,209,232,0209_1.jpg,0232_4.jpg,0,0.5605534315109253,0.7090423107147217
exploration,cross_variable_same,209,260,0209_1.jpg,0260_4.jpg,0,0.5960322618484497,0.7707982063293457
exploration,cross_variable_same,209,40,0209_1.jpg,0040_4.jpg,0,0.5147954225540161,0.7165130376815796
exploration,cross_variable_same,209,42,0209_1.jpg,0042_4.jpg,0,0.5647946000099182,0.7236962914466858
exploration,cross_variable_same,209,100,0209_1.jpg,0100_4.jpg,0,0.6276149749755859,0.777947187423706
exploration,cross_variable_same,209,118,0209_1.jpg,0118_4.jpg,0,0.5639874935150146,0.7216532826423645
exploration,cross_variable_same,209,133,0209_1.jpg,0133_4.jpg,0,0.5582767724990845,0.7082629203796387
exploration,cross_variable_same,209,162,0209_1.jpg,0162_4.jpg,0,0.5356905460357666,0.7091373205184937
exploration,cross_variable_same,209,204,0209_1.jpg,0204_4.jpg,0,0.5710668563842773,0.7050150632858276
exploration,cross_variable_same,211,211,0211_1.jpg,0211_4.jpg,1,0.49353593587875366,0.7559763193130493
exploration,cross_variable_same,211,232,0211_1.jpg,0232_4.jpg,0,0.48629504442214966,0.7389006614685059
exploration,cross_variable_same,211,234,0211_1.jpg,0234_4.jpg,0,0.5058616399765015,0.7589701414108276
exploration,cross_variable_same,211,261,0211_1.jpg,0261_4.jpg,0,0.4577808976173401,0.7374398708343506
exploration,cross_variable_same,211,42,0211_1.jpg,0042_4.jpg,0,0.43604958057403564,0.7326362133026123
exploration,cross_variable_same,211,43,0211_1.jpg,0043_4.jpg,0,0.4671064615249634,0.7514159679412842
exploration,cross_variable_same,211,101,0211_1.jpg,0101_4.jpg,0,0.4754487872123718,0.7338469624519348
exploration,cross_variable_same,211,119,0211_1.jpg,0119_4.jpg,0,0.4551748037338257,0.7614350318908691
exploration,cross_variable_same,211,134,0211_1.jpg,0134_4.jpg,0,0.46100854873657227,0.7562206983566284
exploration,cross_variable_same,211,163,0211_1.jpg,0163_4.jpg,0,0.47476834058761597,0.7718226909637451
exploration,cross_variable_same,211,206,0211_1.jpg,0206_4.jpg,0,0.48801684379577637,0.7558315992355347
exploration,cross_variable_same,212,212,0212_1.jpg,0212_4.jpg,1,0.49532848596572876,0.7334485650062561
exploration,cross_variable_same,212,234,0212_1.jpg,0234_4.jpg,0,0.46657469868659973,0.7109143733978271
exploration,cross_variable_same,212,235,0212_1.jpg,0235_4.jpg,0,0.46538352966308594,0.7284876108169556
exploration,cross_variable_same,212,262,0212_1.jpg,0262_4.jpg,0,0.4474964141845703,0.7032835483551025
exploration,cross_variable_same,212,43,0212_1.jpg,0043_4.jpg,0,0.4213107228279114,0.7087182998657227
exploration,cross_variable_same,212,46,0212_1.jpg,0046_4.jpg,0,0.5209551453590393,0.7315883636474609
exploration,cross_variable_same,212,103,0212_1.jpg,0103_4.jpg,0,0.4576786160469055,0.711329460144043
exploration,cross_variable_same,212,122,0212_1.jpg,0122_4.jpg,0,0.5151479840278625,0.723676860332489
exploration,cross_variable_same,212,135,0212_1.jpg,0135_4.jpg,0,0.42214345932006836,0.7310605645179749
exploration,cross_variable_same,212,164,0212_1.jpg,0164_4.jpg,0,0.4692331552505493,0.71159827709198
exploration,cross_variable_same,212,207,0212_1.jpg,0207_4.jpg,0,0.4920436441898346,0.7238746881484985
exploration,cross_variable_same,213,213,0213_1.jpg,0213_4.jpg,1,0.5065416693687439,0.7425304651260376
exploration,cross_variable_same,213,235,0213_1.jpg,0235_4.jpg,0,0.42660775780677795,0.7240993976593018
exploration,cross_variable_same,213,237,0213_1.jpg,0237_4.jpg,0,0.430625319480896,0.6982502937316895
exploration,cross_variable_same,213,263,0213_1.jpg,0263_4.jpg,0,0.4742586016654968,0.709176778793335
exploration,cross_variable_same,213,46,0213_1.jpg,0046_4.jpg,0,0.44921013712882996,0.705897331237793
exploration,cross_variable_same,213,47,0213_1.jpg,0047_4.jpg,0,0.47723591327667236,0.7427757382392883
exploration,cross_variable_same,213,104,0213_1.jpg,0104_4.jpg,0,0.4609820246696472,0.7509770393371582
exploration,cross_variable_same,213,123,0213_1.jpg,0123_4.jpg,0,0.36338010430336,0.661839485168457
exploration,cross_variable_same,213,138,0213_1.jpg,0138_4.jpg,0,0.42598432302474976,0.7056340575218201
exploration,cross_variable_same,213,167,0213_1.jpg,0167_4.jpg,0,0.43009263277053833,0.7074424624443054
exploration,cross_variable_same,213,208,0213_1.jpg,0208_4.jpg,0,0.3759419023990631,0.6782459020614624
exploration,cross_variable_same,214,214,0214_1.jpg,0214_4.jpg,1,0.5352849960327148,0.7508131265640259
exploration,cross_variable_same,214,237,0214_1.jpg,0237_4.jpg,0,0.5176301002502441,0.7349678874015808
exploration,cross_variable_same,214,239,0214_1.jpg,0239_4.jpg,0,0.5092966556549072,0.7462772130966187
exploration,cross_variable_same,214,264,0214_1.jpg,0264_4.jpg,0,0.5619547367095947,0.7726966738700867
exploration,cross_variable_same,214,47,0214_1.jpg,0047_4.jpg,0,0.5581152439117432,0.7915346622467041
exploration,cross_variable_same,214,49,0214_1.jpg,0049_4.jpg,0,0.5013736486434937,0.7140051126480103
exploration,cross_variable_same,214,105,0214_1.jpg,0105_4.jpg,0,0.5470901727676392,0.761063814163208
exploration,cross_variable_same,214,124,0214_1.jpg,0124_4.jpg,0,0.5297055840492249,0.780964732170105
exploration,cross_variable_same,214,140,0214_1.jpg,0140_4.jpg,0,0.5343167781829834,0.7886250615119934
exploration,cross_variable_same,214,168,0214_1.jpg,0168_4.jpg,0,0.5357171297073364,0.7597789168357849
exploration,cross_variable_same,214,209,0214_1.jpg,0209_4.jpg,0,0.5095958113670349,0.7659236192703247
exploration,cross_variable_same,216,216,0216_1.jpg,0216_4.jpg,1,0.5757942199707031,0.7394420504570007
exploration,cross_variable_same,216,239,0216_1.jpg,0239_4.jpg,0,0.5150370597839355,0.7411774396896362
exploration,cross_variable_same,216,240,0216_1.jpg,0240_4.jpg,0,0.5132818222045898,0.7498367428779602
exploration,cross_variable_same,216,265,0216_1.jpg,0265_4.jpg,0,0.6030005216598511,0.7721768617630005
exploration,cross_variable_same,216,49,0216_1.jpg,0049_4.jpg,0,0.47827669978141785,0.713342010974884
exploration,cross_variable_same,216,55,0216_1.jpg,0055_4.jpg,0,0.5222324728965759,0.7480279207229614
exploration,cross_variable_same,216,106,0216_1.jpg,0106_4.jpg,0,0.5112195014953613,0.7906213998794556
exploration,cross_variable_same,216,125,0216_1.jpg,0125_4.jpg,0,0.5185943841934204,0.7736532688140869
exploration,cross_variable_same,216,142,0216_1.jpg,0142_4.jpg,0,0.5205761194229126,0.7327672243118286
exploration,cross_variable_same,216,169,0216_1.jpg,0169_4.jpg,0,0.5487477779388428,0.7642936110496521
exploration,cross_variable_same,216,211,0216_1.jpg,0211_4.jpg,0,0.5368821024894714,0.7630512714385986
exploration,cross_variable_same,219,219,0219_1.jpg,0219_4.jpg,1,0.5085086226463318,0.7766656875610352
exploration,cross_variable_same,219,240,0219_1.jpg,0240_4.jpg,0,0.5626370310783386,0.7808268070220947
exploration,cross_variable_same,219,241,0219_1.jpg,0241_4.jpg,0,0.5796021223068237,0.7881522178649902
exploration,cross_variable_same,219,266,0219_1.jpg,0266_4.jpg,0,0.5085515975952148,0.7367398142814636
exploration,cross_variable_same,219,55,0219_1.jpg,0055_4.jpg,0,0.5528180003166199,0.7788830995559692
exploration,cross_variable_same,219,56,0219_1.jpg,0056_4.jpg,0,0.5859566330909729,0.7960885763168335
exploration,cross_variable_same,219,107,0219_1.jpg,0107_4.jpg,0,0.5259368419647217,0.7789686918258667
exploration,cross_variable_same,219,127,0219_1.jpg,0127_4.jpg,0,0.5655835866928101,0.8006889820098877
exploration,cross_variable_same,219,146,0219_1.jpg,0146_4.jpg,0,0.5146086812019348,0.791433572769165
exploration,cross_variable_same,219,171,0219_1.jpg,0171_4.jpg,0,0.4961482882499695,0.7639784812927246
exploration,cross_variable_same,219,212,0219_1.jpg,0212_4.jpg,0,0.5574389696121216,0.7905154824256897
exploration,cross_variable_same,220,220,0220_1.jpg,0220_4.jpg,1,0.4563627541065216,0.7604036927223206
exploration,cross_variable_same,220,241,0220_1.jpg,0241_4.jpg,0,0.505102276802063,0.7635548710823059
exploration,cross_variable_same,220,242,0220_1.jpg,0242_4.jpg,0,0.41361871361732483,0.7179544568061829
exploration,cross_variable_same,220,267,0220_1.jpg,0267_4.jpg,0,0.4597098231315613,0.7080299854278564
exploration,cross_variable_same,220,56,0220_1.jpg,0056_4.jpg,0,0.48736435174942017,0.7568928003311157
exploration,cross_variable_same,220,57,0220_1.jpg,0057_4.jpg,0,0.4418998956680298,0.7035930156707764
exploration,cross_variable_same,220,109,0220_1.jpg,0109_4.jpg,0,0.4645381569862366,0.7245242595672607
exploration,cross_variable_same,220,130,0220_1.jpg,0130_4.jpg,0,0.378828227519989,0.7122277021408081
exploration,cross_variable_same,220,147,0220_1.jpg,0147_4.jpg,0,0.4372003674507141,0.7152100205421448
exploration,cross_variable_same,220,172,0220_1.jpg,0172_4.jpg,0,0.49694907665252686,0.7518624067306519
exploration,cross_variable_same,220,213,0220_1.jpg,0213_4.jpg,0,0.44392335414886475,0.7241618633270264
exploration,cross_variable_same,221,221,0221_1.jpg,0221_4.jpg,1,0.6050208806991577,0.8036734461784363
exploration,cross_variable_same,221,242,0221_1.jpg,0242_4.jpg,0,0.5922313928604126,0.8190072774887085
exploration,cross_variable_same,221,243,0221_1.jpg,0243_4.jpg,0,0.5982640981674194,0.8050727248191833
exploration,cross_variable_same,221,271,0221_1.jpg,0271_4.jpg,0,0.5683079957962036,0.8054171800613403
exploration,cross_variable_same,221,57,0221_1.jpg,0057_4.jpg,0,0.5607437491416931,0.7775112390518188
exploration,cross_variable_same,221,59,0221_1.jpg,0059_4.jpg,0,0.603245735168457,0.8074374198913574
exploration,cross_variable_same,221,110,0221_1.jpg,0110_4.jpg,0,0.5938462018966675,0.8088535070419312
exploration,cross_variable_same,221,132,0221_1.jpg,0132_4.jpg,0,0.6575772762298584,0.8622912168502808
exploration,cross_variable_same,221,148,0221_1.jpg,0148_4.jpg,0,0.5621421933174133,0.7952938079833984
exploration,cross_variable_same,221,178,0221_1.jpg,0178_4.jpg,0,0.6434924602508545,0.8422271609306335
exploration,cross_variable_same,221,214,0221_1.jpg,0214_4.jpg,0,0.567656397819519,0.804842472076416
exploration,cross_variable_same,223,223,0223_1.jpg,0223_4.jpg,1,0.45978742837905884,0.7335167527198792
exploration,cross_variable_same,223,243,0223_1.jpg,0243_4.jpg,0,0.49373987317085266,0.7604668736457825
exploration,cross_variable_same,223,244,0223_1.jpg,0244_4.jpg,0,0.4259081482887268,0.7408163547515869
exploration,cross_variable_same,223,272,0223_1.jpg,0272_4.jpg,0,0.5807214975357056,0.7996487617492676
exploration,cross_variable_same,223,59,0223_1.jpg,0059_4.jpg,0,0.5055089592933655,0.7558438777923584
exploration,cross_variable_same,223,60,0223_1.jpg,0060_4.jpg,0,0.5182005167007446,0.7883191108703613
exploration,cross_variable_same,223,114,0223_1.jpg,0114_4.jpg,0,0.4926028251647949,0.7564539909362793
exploration,cross_variable_same,223,133,0223_1.jpg,0133_4.jpg,0,0.5277694463729858,0.7650136351585388
exploration,cross_variable_same,223,152,0223_1.jpg,0152_4.jpg,0,0.41822025179862976,0.7270613312721252
exploration,cross_variable_same,223,179,0223_1.jpg,0179_4.jpg,0,0.5058926939964294,0.7819041013717651
exploration,cross_variable_same,223,216,0223_1.jpg,0216_4.jpg,0,0.5237191915512085,0.7424508333206177
exploration,cross_variable_same,224,224,0224_1.jpg,0224_4.jpg,1,0.5779670476913452,0.7539224028587341
exploration,cross_variable_same,224,244,0224_1.jpg,0244_4.jpg,0,0.4779823422431946,0.7171729803085327
exploration,cross_variable_same,224,245,0224_1.jpg,0245_4.jpg,0,0.49339890480041504,0.7439255118370056
exploration,cross_variable_same,224,273,0224_1.jpg,0273_4.jpg,0,0.5396509170532227,0.7602146863937378
exploration,cross_variable_same,224,60,0224_1.jpg,0060_4.jpg,0,0.5522454977035522,0.7828662395477295
exploration,cross_variable_same,224,61,0224_1.jpg,0061_4.jpg,0,0.5564833879470825,0.7600783109664917
exploration,cross_variable_same,224,116,0224_1.jpg,0116_4.jpg,0,0.5242557525634766,0.7440844774246216
exploration,cross_variable_same,224,134,0224_1.jpg,0134_4.jpg,0,0.5077823400497437,0.7325397729873657
exploration,cross_variable_same,224,153,0224_1.jpg,0153_4.jpg,0,0.5613551139831543,0.7426198720932007
exploration,cross_variable_same,224,180,0224_1.jpg,0180_4.jpg,0,0.5362892746925354,0.7466756701469421
exploration,cross_variable_same,224,219,0224_1.jpg,0219_4.jpg,0,0.4858928322792053,0.735247790813446
exploration,cross_variable_same,225,225,0225_1.jpg,0225_4.jpg,1,0.5245874524116516,0.7763703465461731
exploration,cross_variable_same,225,245,0225_1.jpg,0245_4.jpg,0,0.477910578250885,0.7771888971328735
exploration,cross_variable_same,225,246,0225_1.jpg,0246_4.jpg,0,0.5268242359161377,0.76021409034729
exploration,cross_variable_same,225,274,0225_1.jpg,0274_4.jpg,0,0.5320806503295898,0.7896174192428589
exploration,cross_variable_same,225,61,0225_1.jpg,0061_4.jpg,0,0.5389659404754639,0.7892463803291321
exploration,cross_variable_same,225,62,0225_1.jpg,0062_4.jpg,0,0.5454130172729492,0.7855527997016907
exploration,cross_variable_same,225,118,0225_1.jpg,0118_4.jpg,0,0.576530396938324,0.7827326059341431
exploration,cross_variable_same,225,135,0225_1.jpg,0135_4.jpg,0,0.5168014764785767,0.793921709060669
exploration,cross_variable_same,225,154,0225_1.jpg,0154_4.jpg,0,0.5824015140533447,0.7952402234077454
exploration,cross_variable_same,225,181,0225_1.jpg,0181_4.jpg,0,0.5431795120239258,0.7750130295753479
exploration,cross_variable_same,225,220,0225_1.jpg,0220_4.jpg,0,0.5042116641998291,0.791738748550415
exploration,cross_variable_same,226,226,0226_1.jpg,0226_4.jpg,1,0.6831754446029663,0.8461326956748962
exploration,cross_variable_same,226,246,0226_1.jpg,0246_4.jpg,0,0.5230042338371277,0.7765707969665527
exploration,cross_variable_same,226,247,0226_1.jpg,0247_4.jpg,0,0.5354622006416321,0.7775101661682129
exploration,cross_variable_same,226,276,0226_1.jpg,0276_4.jpg,0,0.6106037497520447,0.8019962310791016
exploration,cross_variable_same,226,62,0226_1.jpg,0062_4.jpg,0,0.6828688979148865,0.8208805322647095
exploration,cross_variable_same,226,65,0226_1.jpg,0065_4.jpg,0,0.5703714489936829,0.8108721971511841
exploration,cross_variable_same,226,119,0226_1.jpg,0119_4.jpg,0,0.5765459537506104,0.8133788108825684
exploration,cross_variable_same,226,138,0226_1.jpg,0138_4.jpg,0,0.5582370758056641,0.7764565944671631
exploration,cross_variable_same,226,155,0226_1.jpg,0155_4.jpg,0,0.5651493072509766,0.751358151435852
exploration,cross_variable_same,226,183,0226_1.jpg,0183_4.jpg,0,0.6066750884056091,0.8111619353294373
exploration,cross_variable_same,226,221,0226_1.jpg,0221_4.jpg,0,0.6112748384475708,0.8053305149078369
exploration,cross_variable_same,227,227,0227_1.jpg,0227_4.jpg,1,0.48952385783195496,0.7485870122909546
exploration,cross_variable_same,227,247,0227_1.jpg,0247_4.jpg,0,0.4450021982192993,0.733286440372467
exploration,cross_variable_same,227,248,0227_1.jpg,0248_4.jpg,0,0.4695667028427124,0.7361738681793213
exploration,cross_variable_same,227,279,0227_1.jpg,0279_4.jpg,0,0.5146240592002869,0.7680795788764954
exploration,cross_variable_same,227,65,0227_1.jpg,0065_4.jpg,0,0.45019596815109253,0.7385369539260864
exploration,cross_variable_same,227,66,0227_1.jpg,0066_4.jpg,0,0.48274466395378113,0.7504309415817261
exploration,cross_variable_same,227,122,0227_1.jpg,0122_4.jpg,0,0.5037543773651123,0.7656062841415405
exploration,cross_variable_same,227,140,0227_1.jpg,0140_4.jpg,0,0.5733853578567505,0.806692361831665
exploration,cross_variable_same,227,156,0227_1.jpg,0156_4.jpg,0,0.5150965452194214,0.7725365161895752
exploration,cross_variable_same,227,185,0227_1.jpg,0185_4.jpg,0,0.497047483921051,0.7739331126213074
exploration,cross_variable_same,227,223,0227_1.jpg,0223_4.jpg,0,0.4567292332649231,0.7347971200942993
exploration,cross_variable_same,228,228,0228_1.jpg,0228_4.jpg,1,0.5179856419563293,0.7440532445907593
exploration,cross_variable_same,228,248,0228_1.jpg,0248_4.jpg,0,0.5488748550415039,0.7628106474876404
exploration,cross_variable_same,228,249,0228_1.jpg,0249_4.jpg,0,0.5280703902244568,0.7302969694137573
exploration,cross_variable_same,228,281,0228_1.jpg,0281_4.jpg,0,0.525267481803894,0.7522481679916382
exploration,cross_variable_same,228,66,0228_1.jpg,0066_4.jpg,0,0.5027941465377808,0.7544792294502258
exploration,cross_variable_same,228,67,0228_1.jpg,0067_4.jpg,0,0.47237157821655273,0.725182831287384
exploration,cross_variable_same,228,123,0228_1.jpg,0123_4.jpg,0,0.43589550256729126,0.6980857849121094
exploration,cross_variable_same,228,142,0228_1.jpg,0142_4.jpg,0,0.496207594871521,0.713747501373291
exploration,cross_variable_same,228,157,0228_1.jpg,0157_4.jpg,0,0.5121086835861206,0.741791844367981
exploration,cross_variable_same,228,188,0228_1.jpg,0188_4.jpg,0,0.548021674156189,0.7706631422042847
exploration,cross_variable_same,228,224,0228_1.jpg,0224_4.jpg,0,0.5193274021148682,0.7546554803848267
exploration,cross_variable_same,229,229,0229_1.jpg,0229_4.jpg,1,0.542676568031311,0.8020914793014526
exploration,cross_variable_same,229,249,0229_1.jpg,0249_4.jpg,0,0.5181847810745239,0.7759464979171753
exploration,cross_variable_same,229,250,0229_1.jpg,0250_4.jpg,0,0.5761770009994507,0.8194147348403931
exploration,cross_variable_same,229,282,0229_1.jpg,0282_4.jpg,0,0.48158103227615356,0.7726765871047974
exploration,cross_variable_same,229,67,0229_1.jpg,0067_4.jpg,0,0.4791862964630127,0.7729958295822144
exploration,cross_variable_same,229,70,0229_1.jpg,0070_4.jpg,0,0.5044057369232178,0.7804904580116272
exploration,cross_variable_same,229,124,0229_1.jpg,0124_4.jpg,0,0.5188570022583008,0.8093833327293396
exploration,cross_variable_same,229,146,0229_1.jpg,0146_4.jpg,0,0.4967426061630249,0.7980314493179321
exploration,cross_variable_same,229,158,0229_1.jpg,0158_4.jpg,0,0.5265784859657288,0.7930690050125122
exploration,cross_variable_same,229,189,0229_1.jpg,0189_4.jpg,0,0.531173586845398,0.7944386005401611
exploration,cross_variable_same,229,225,0229_1.jpg,0225_4.jpg,0,0.4608527719974518,0.7608753442764282
exploration,cross_variable_same,231,231,0231_1.jpg,0231_4.jpg,1,0.5016740560531616,0.7516348361968994
exploration,cross_variable_same,231,250,0231_1.jpg,0250_4.jpg,0,0.479763388633728,0.7617321014404297
exploration,cross_variable_same,231,251,0231_1.jpg,0251_4.jpg,0,0.4648333191871643,0.7352932691574097
exploration,cross_variable_same,231,1,0231_1.jpg,0001_4.jpg,0,0.46748289465904236,0.7624813318252563
exploration,cross_variable_same,231,70,0231_1.jpg,0070_4.jpg,0,0.37527042627334595,0.7174361348152161
exploration,cross_variable_same,231,71,0231_1.jpg,0071_4.jpg,0,0.4667574167251587,0.7215508222579956
exploration,cross_variable_same,231,125,0231_1.jpg,0125_4.jpg,0,0.455974280834198,0.75186687707901
exploration,cross_variable_same,231,147,0231_1.jpg,0147_4.jpg,0,0.4387861490249634,0.7258142232894897
exploration,cross_variable_same,231,159,0231_1.jpg,0159_4.jpg,0,0.46126776933670044,0.7478185892105103
exploration,cross_variable_same,231,191,0231_1.jpg,0191_4.jpg,0,0.3858710527420044,0.7201313972473145
exploration,cross_variable_same,231,226,0231_1.jpg,0226_4.jpg,0,0.404005229473114,0.7549502849578857
exploration,cross_variable_same,232,232,0232_1.jpg,0232_4.jpg,1,0.5660879611968994,0.7485085725784302
exploration,cross_variable_same,232,251,0232_1.jpg,0251_4.jpg,0,0.5079060792922974,0.7479414939880371
exploration,cross_variable_same,232,252,0232_1.jpg,0252_4.jpg,0,0.6071879863739014,0.7932401299476624
exploration,cross_variable_same,232,2,0232_1.jpg,0002_4.jpg,0,0.49872124195098877,0.7548545598983765
exploration,cross_variable_same,232,71,0232_1.jpg,0071_4.jpg,0,0.5674089789390564,0.7396122217178345
exploration,cross_variable_same,232,74,0232_1.jpg,0074_4.jpg,0,0.49158886075019836,0.7705856561660767
exploration,cross_variable_same,232,127,0232_1.jpg,0127_4.jpg,0,0.5063099265098572,0.7803691625595093
exploration,cross_variable_same,232,148,0232_1.jpg,0148_4.jpg,0,0.4778822064399719,0.723910927772522
exploration,cross_variable_same,232,161,0232_1.jpg,0161_4.jpg,0,0.5045300722122192,0.7664494514465332
exploration,cross_variable_same,232,192,0232_1.jpg,0192_4.jpg,0,0.5085783004760742,0.750079333782196
exploration,cross_variable_same,232,227,0232_1.jpg,0227_4.jpg,0,0.4818836748600006,0.7310211658477783
exploration,cross_variable_same,234,234,0234_1.jpg,0234_4.jpg,1,0.5559483766555786,0.73538738489151
exploration,cross_variable_same,234,252,0234_1.jpg,0252_4.jpg,0,0.5924429893493652,0.7751444578170776
exploration,cross_variable_same,234,255,0234_1.jpg,0255_4.jpg,0,0.6075854897499084,0.7376400232315063
exploration,cross_variable_same,234,3,0234_1.jpg,0003_4.jpg,0,0.4502253532409668,0.7014814615249634
exploration,cross_variable_same,234,74,0234_1.jpg,0074_4.jpg,0,0.47691136598587036,0.7528420090675354
exploration,cross_variable_same,234,75,0234_1.jpg,0075_4.jpg,0,0.42084652185440063,0.7043787240982056
exploration,cross_variable_same,234,130,0234_1.jpg,0130_4.jpg,0,0.490601122379303,0.7339017391204834
exploration,cross_variable_same,234,152,0234_1.jpg,0152_4.jpg,0,0.426566481590271,0.6931577324867249
exploration,cross_variable_same,234,162,0234_1.jpg,0162_4.jpg,0,0.5888546705245972,0.7361975312232971
exploration,cross_variable_same,234,196,0234_1.jpg,0196_4.jpg,0,0.5319029092788696,0.7222467064857483
exploration,cross_variable_same,234,228,0234_1.jpg,0228_4.jpg,0,0.5406233072280884,0.7353602051734924
exploration,cross_variable_same,235,235,0235_1.jpg,0235_4.jpg,1,0.5095464587211609,0.7664048075675964
exploration,cross_variable_same,235,255,0235_1.jpg,0255_4.jpg,0,0.5400793552398682,0.7528453469276428
exploration,cross_variable_same,235,256,0235_1.jpg,0256_4.jpg,0,0.5081022381782532,0.762752890586853
exploration,cross_variable_same,235,6,0235_1.jpg,0006_4.jpg,0,0.4792339503765106,0.7653309106826782
exploration,cross_variable_same,235,75,0235_1.jpg,0075_4.jpg,0,0.42494744062423706,0.7400452494621277
exploration,cross_variable_same,235,76,0235_1.jpg,0076_4.jpg,0,0.5141956806182861,0.8059477210044861
exploration,cross_variable_same,235,132,0235_1.jpg,0132_4.jpg,0,0.5731666684150696,0.8068644404411316
exploration,cross_variable_same,235,153,0235_1.jpg,0153_4.jpg,0,0.5242079496383667,0.7630870342254639
exploration,cross_variable_same,235,163,0235_1.jpg,0163_4.jpg,0,0.506719708442688,0.7805806398391724
exploration,cross_variable_same,235,197,0235_1.jpg,0197_4.jpg,0,0.4882493019104004,0.7513660192489624
exploration,cross_variable_same,235,229,0235_1.jpg,0229_4.jpg,0,0.5262473821640015,0.7702261805534363
exploration,cross_variable_same,237,237,0237_1.jpg,0237_4.jpg,1,0.5043153762817383,0.7623130083084106
exploration,cross_variable_same,237,256,0237_1.jpg,0256_4.jpg,0,0.5526714324951172,0.7888833284378052
exploration,cross_variable_same,237,260,0237_1.jpg,0260_4.jpg,0,0.6023409366607666,0.8314859867095947
exploration,cross_variable_same,237,7,0237_1.jpg,0007_4.jpg,0,0.5297852754592896,0.8006558418273926
exploration,cross_variable_same,237,76,0237_1.jpg,0076_4.jpg,0,0.5038226842880249,0.7872874140739441
exploration,cross_variable_same,237,77,0237_1.jpg,0077_4.jpg,0,0.5080943703651428,0.7740316987037659
exploration,cross_variable_same,237,133,0237_1.jpg,0133_4.jpg,0,0.5258675813674927,0.7685643434524536
exploration,cross_variable_same,237,154,0237_1.jpg,0154_4.jpg,0,0.5339542031288147,0.7586227655410767
exploration,cross_variable_same,237,164,0237_1.jpg,0164_4.jpg,0,0.522328794002533,0.7792072296142578
exploration,cross_variable_same,237,198,0237_1.jpg,0198_4.jpg,0,0.48271819949150085,0.7719612717628479
exploration,cross_variable_same,237,231,0237_1.jpg,0231_4.jpg,0,0.5527743697166443,0.8034853935241699
exploration,cross_variable_same,239,239,0239_1.jpg,0239_4.jpg,1,0.5455611348152161,0.8118399381637573
exploration,cross_variable_same,239,260,0239_1.jpg,0260_4.jpg,0,0.5928356647491455,0.8255822062492371
exploration,cross_variable_same,239,261,0239_1.jpg,0261_4.jpg,0,0.566877007484436,0.7999024987220764
exploration,cross_variable_same,239,8,0239_1.jpg,0008_4.jpg,0,0.5356231331825256,0.7829465270042419
exploration,cross_variable_same,239,77,0239_1.jpg,0077_4.jpg,0,0.5369265079498291,0.8084962368011475
exploration,cross_variable_same,239,78,0239_1.jpg,0078_4.jpg,0,0.6090088486671448,0.8364537954330444
exploration,cross_variable_same,239,134,0239_1.jpg,0134_4.jpg,0,0.5202090740203857,0.8023529052734375
exploration,cross_variable_same,239,155,0239_1.jpg,0155_4.jpg,0,0.5251867771148682,0.7596520185470581
exploration,cross_variable_same,239,167,0239_1.jpg,0167_4.jpg,0,0.5606702566146851,0.7959708571434021
exploration,cross_variable_same,239,199,0239_1.jpg,0199_4.jpg,0,0.5818952322006226,0.815867006778717
exploration,cross_variable_same,239,232,0239_1.jpg,0232_4.jpg,0,0.6218519806861877,0.8185983300209045
exploration,cross_variable_same,240,240,0240_1.jpg,0240_4.jpg,1,0.4997631907463074,0.7294161319732666
exploration,cross_variable_same,240,261,0240_1.jpg,0261_4.jpg,0,0.519766092300415,0.7296015620231628
exploration,cross_variable_same,240,262,0240_1.jpg,0262_4.jpg,0,0.5409502387046814,0.7312430143356323
exploration,cross_variable_same,240,11,0240_1.jpg,0011_4.jpg,0,0.5206506252288818,0.7563318610191345
exploration,cross_variable_same,240,78,0240_1.jpg,0078_4.jpg,0,0.560468316078186,0.7544376850128174
exploration,cross_variable_same,240,79,0240_1.jpg,0079_4.jpg,0,0.5449740886688232,0.7507272958755493
exploration,cross_variable_same,240,135,0240_1.jpg,0135_4.jpg,0,0.5425422787666321,0.7670115828514099
exploration,cross_variable_same,240,156,0240_1.jpg,0156_4.jpg,0,0.5222610235214233,0.7588241696357727
exploration,cross_variable_same,240,168,0240_1.jpg,0168_4.jpg,0,0.5448831915855408,0.7369771003723145
exploration,cross_variable_same,240,200,0240_1.jpg,0200_4.jpg,0,0.49933600425720215,0.7486262321472168
exploration,cross_variable_same,240,234,0240_1.jpg,0234_4.jpg,0,0.5416341423988342,0.7313743233680725
exploration,cross_variable_same,241,241,0241_1.jpg,0241_4.jpg,1,0.5227979421615601,0.7354786992073059
exploration,cross_variable_same,241,262,0241_1.jpg,0262_4.jpg,0,0.4558107256889343,0.7006551623344421
exploration,cross_variable_same,241,263,0241_1.jpg,0263_4.jpg,0,0.4936359226703644,0.7025806903839111
exploration,cross_variable_same,241,12,0241_1.jpg,0012_4.jpg,0,0.5159239768981934,0.7592133283615112
exploration,cross_variable_same,241,79,0241_1.jpg,0079_4.jpg,0,0.44996964931488037,0.7196481227874756
exploration,cross_variable_same,241,81,0241_1.jpg,0081_4.jpg,0,0.43131572008132935,0.7013844847679138
exploration,cross_variable_same,241,138,0241_1.jpg,0138_4.jpg,0,0.4520198702812195,0.6867549419403076
exploration,cross_variable_same,241,157,0241_1.jpg,0157_4.jpg,0,0.5128953456878662,0.7181446552276611
exploration,cross_variable_same,241,169,0241_1.jpg,0169_4.jpg,0,0.4505772590637207,0.7065234184265137
exploration,cross_variable_same,241,201,0241_1.jpg,0201_4.jpg,0,0.46001875400543213,0.7190079689025879
exploration,cross_variable_same,241,235,0241_1.jpg,0235_4.jpg,0,0.44943705201148987,0.7163243293762207
exploration,cross_variable_same,242,242,0242_1.jpg,0242_4.jpg,1,0.6700654029846191,0.8084765672683716
exploration,cross_variable_same,242,263,0242_1.jpg,0263_4.jpg,0,0.6382864713668823,0.7908334136009216
exploration,cross_variable_same,242,264,0242_1.jpg,0264_4.jpg,0,0.6539820432662964,0.8161641359329224
exploration,cross_variable_same,242,15,0242_1.jpg,0015_4.jpg,0,0.6576225161552429,0.8428360819816589
exploration,cross_variable_same,242,81,0242_1.jpg,0081_4.jpg,0,0.5715577602386475,0.7993388175964355
exploration,cross_variable_same,242,83,0242_1.jpg,0083_4.jpg,0,0.6628937721252441,0.7965575456619263
exploration,cross_variable_same,242,140,0242_1.jpg,0140_4.jpg,0,0.6518446207046509,0.8308807611465454
exploration,cross_variable_same,242,158,0242_1.jpg,0158_4.jpg,0,0.6294578313827515,0.7980678081512451
exploration,cross_variable_same,242,171,0242_1.jpg,0171_4.jpg,0,0.5472610592842102,0.7805453538894653
exploration,cross_variable_same,242,203,0242_1.jpg,0203_4.jpg,0,0.6769803166389465,0.8247298002243042
exploration,cross_variable_same,242,237,0242_1.jpg,0237_4.jpg,0,0.5883138179779053,0.7874370813369751
exploration,cross_variable_same,243,243,0243_1.jpg,0243_4.jpg,1,0.5826835632324219,0.7735922336578369
exploration,cross_variable_same,243,264,0243_1.jpg,0264_4.jpg,0,0.5601738095283508,0.773432731628418
exploration,cross_variable_same,243,265,0243_1.jpg,0265_4.jpg,0,0.5990486145019531,0.7728561162948608
exploration,cross_variable_same,243,18,0243_1.jpg,0018_4.jpg,0,0.49763697385787964,0.7188254594802856
exploration,cross_variable_same,243,83,0243_1.jpg,0083_4.jpg,0,0.5620993375778198,0.7502802610397339
exploration,cross_variable_same,243,85,0243_1.jpg,0085_4.jpg,0,0.548950731754303,0.7494173645973206
exploration,cross_variable_same,243,142,0243_1.jpg,0142_4.jpg,0,0.5418654084205627,0.7302951812744141
exploration,cross_variable_same,243,159,0243_1.jpg,0159_4.jpg,0,0.5296422243118286,0.7388268709182739
exploration,cross_variable_same,243,172,0243_1.jpg,0172_4.jpg,0,0.5799214839935303,0.7669481635093689
exploration,cross_variable_same,243,204,0243_1.jpg,0204_4.jpg,0,0.5801340937614441,0.7438997626304626
exploration,cross_variable_same,243,239,0243_1.jpg,0239_4.jpg,0,0.48027604818344116,0.7307369709014893
exploration,cross_variable_same,244,244,0244_1.jpg,0244_4.jpg,1,0.422735333442688,0.7189411520957947
exploration,cross_variable_same,244,265,0244_1.jpg,0265_4.jpg,0,0.39413872361183167,0.7108415365219116
exploration,cross_variable_same,244,266,0244_1.jpg,0266_4.jpg,0,0.4685571491718292,0.7225688099861145
exploration,cross_variable_same,244,19,0244_1.jpg,0019_4.jpg,0,0.4049500823020935,0.7202981114387512
exploration,cross_variable_same,244,85,0244_1.jpg,0085_4.jpg,0,0.42783790826797485,0.7145977020263672
exploration,cross_variable_same,244,86,0244_1.jpg,0086_4.jpg,0,0.43980681896209717,0.7830802798271179
exploration,cross_variable_same,244,146,0244_1.jpg,0146_4.jpg,0,0.403647780418396,0.7231930494308472
exploration,cross_variable_same,244,161,0244_1.jpg,0161_4.jpg,0,0.4046199917793274,0.7253678441047668
exploration,cross_variable_same,244,178,0244_1.jpg,0178_4.jpg,0,0.39100396633148193,0.724894642829895
exploration,cross_variable_same,244,206,0244_1.jpg,0206_4.jpg,0,0.408372163772583,0.7268727421760559
exploration,cross_variable_same,244,240,0244_1.jpg,0240_4.jpg,0,0.39826783537864685,0.720540463924408
exploration,cross_variable_same,245,245,0245_1.jpg,0245_4.jpg,1,0.45171600580215454,0.7559441328048706
exploration,cross_variable_same,245,266,0245_1.jpg,0266_4.jpg,0,0.5180296897888184,0.736929178237915
exploration,cross_variable_same,245,267,0245_1.jpg,0267_4.jpg,0,0.49972113966941833,0.7256267070770264
exploration,cross_variable_same,245,20,0245_1.jpg,0020_4.jpg,0,0.49259519577026367,0.7422933578491211
exploration,cross_variable_same,245,86,0245_1.jpg,0086_4.jpg,0,0.5039781928062439,0.8048719167709351
exploration,cross_variable_same,245,87,0245_1.jpg,0087_4.jpg,0,0.531676709651947,0.7903110384941101
exploration,cross_variable_same,245,147,0245_1.jpg,0147_4.jpg,0,0.5316193103790283,0.7511630058288574
exploration,cross_variable_same,245,162,0245_1.jpg,0162_4.jpg,0,0.4893229603767395,0.7404540777206421
exploration,cross_variable_same,245,179,0245_1.jpg,0179_4.jpg,0,0.48958343267440796,0.763803243637085
exploration,cross_variable_same,245,207,0245_1.jpg,0207_4.jpg,0,0.4995735287666321,0.7426801919937134
exploration,cross_variable_same,245,241,0245_1.jpg,0241_4.jpg,0,0.5515103340148926,0.772946298122406
exploration,cross_variable_same,246,246,0246_1.jpg,0246_4.jpg,1,0.5717242360115051,0.751152515411377
exploration,cross_variable_same,246,267,0246_1.jpg,0267_4.jpg,0,0.5401115417480469,0.7453192472457886
exploration,cross_variable_same,246,271,0246_1.jpg,0271_4.jpg,0,0.5195679664611816,0.7582381963729858
exploration,cross_variable_same,246,21,0246_1.jpg,0021_4.jpg,0,0.5882412195205688,0.8080599904060364
exploration,cross_variable_same,246,87,0246_1.jpg,0087_4.jpg,0,0.5011497735977173,0.7962904572486877
exploration,cross_variable_same,246,89,0246_1.jpg,0089_4.jpg,0,0.5632508993148804,0.7583370804786682
exploration,cross_variable_same,246,148,0246_1.jpg,0148_4.jpg,0,0.5538559556007385,0.7422082424163818
exploration,cross_variable_same,246,163,0246_1.jpg,0163_4.jpg,0,0.5521947741508484,0.7878386378288269
exploration,cross_variable_same,246,180,0246_1.jpg,0180_4.jpg,0,0.5389654636383057,0.756023645401001
exploration,cross_variable_same,246,208,0246_1.jpg,0208_4.jpg,0,0.5447424650192261,0.7512966990470886
exploration,cross_variable_same,246,242,0246_1.jpg,0242_4.jpg,0,0.491242915391922,0.7488813400268555
exploration,cross_variable_same,247,247,0247_1.jpg,0247_4.jpg,1,0.4906805157661438,0.7662104368209839
exploration,cross_variable_same,247,271,0247_1.jpg,0271_4.jpg,0,0.47983261942863464,0.7723561525344849
exploration,cross_variable_same,247,272,0247_1.jpg,0272_4.jpg,0,0.5903054475784302,0.8271318674087524
exploration,cross_variable_same,247,22,0247_1.jpg,0022_4.jpg,0,0.5625711679458618,0.7728676795959473
exploration,cross_variable_same,247,89,0247_1.jpg,0089_4.jpg,0,0.5814710855484009,0.7927423119544983
exploration,cross_variable_same,247,90,0247_1.jpg,0090_4.jpg,0,0.510509729385376,0.7548899054527283
exploration,cross_variable_same,247,152,0247_1.jpg,0152_4.jpg,0,0.5176904201507568,0.7591229677200317
exploration,cross_variable_same,247,164,0247_1.jpg,0164_4.jpg,0,0.5028799772262573,0.769692063331604
exploration,cross_variable_same,247,181,0247_1.jpg,0181_4.jpg,0,0.5276824235916138,0.767566442489624
exploration,cross_variable_same,247,209,0247_1.jpg,0209_4.jpg,0,0.5814808011054993,0.8162177801132202
exploration,cross_variable_same,247,243,0247_1.jpg,0243_4.jpg,0,0.524652361869812,0.7752628326416016
exploration,cross_variable_same,248,248,0248_1.jpg,0248_4.jpg,1,0.544933557510376,0.7711407542228699
exploration,cross_variable_same,248,272,0248_1.jpg,0272_4.jpg,0,0.6560770869255066,0.8332154750823975
exploration,cross_variable_same,248,273,0248_1.jpg,0273_4.jpg,0,0.5411729216575623,0.7826790809631348
exploration,cross_variable_same,248,25,0248_1.jpg,0025_4.jpg,0,0.47114259004592896,0.7479845285415649
exploration,cross_variable_same,248,90,0248_1.jpg,0090_4.jpg,0,0.5347778797149658,0.7366911768913269
exploration,cross_variable_same,248,91,0248_1.jpg,0091_4.jpg,0,0.5541973114013672,0.7648113965988159
exploration,cross_variable_same,248,153,0248_1.jpg,0153_4.jpg,0,0.5710281133651733,0.7777403593063354
exploration,cross_variable_same,248,167,0248_1.jpg,0167_4.jpg,0,0.5175373554229736,0.7455250024795532
exploration,cross_variable_same,248,183,0248_1.jpg,0183_4.jpg,0,0.5540734529495239,0.7872880697250366
exploration,cross_variable_same,248,211,0248_1.jpg,0211_4.jpg,0,0.551811158657074,0.7693610787391663
exploration,cross_variable_same,248,244,0248_1.jpg,0244_4.jpg,0,0.4551379084587097,0.7274264097213745
exploration,cross_variable_same,249,249,0249_1.jpg,0249_4.jpg,1,0.5922908186912537,0.8107552528381348
exploration,cross_variable_same,249,273,0249_1.jpg,0273_4.jpg,0,0.583166241645813,0.8384790420532227
exploration,cross_variable_same,249,274,0249_1.jpg,0274_4.jpg,0,0.581162691116333,0.844903826713562
exploration,cross_variable_same,249,26,0249_1.jpg,0026_4.jpg,0,0.5792236328125,0.8334952592849731
exploration,cross_variable_same,249,91,0249_1.jpg,0091_4.jpg,0,0.606843113899231,0.8295269012451172
exploration,cross_variable_same,249,92,0249_1.jpg,0092_4.jpg,0,0.5666201710700989,0.8284295797348022
exploration,cross_variable_same,249,154,0249_1.jpg,0154_4.jpg,0,0.6388382911682129,0.8459478616714478
exploration,cross_variable_same,249,168,0249_1.jpg,0168_4.jpg,0,0.6001779437065125,0.8388267755508423
exploration,cross_variable_same,249,185,0249_1.jpg,0185_4.jpg,0,0.5548508167266846,0.835324227809906
exploration,cross_variable_same,249,212,0249_1.jpg,0212_4.jpg,0,0.5104760527610779,0.7980705499649048
exploration,cross_variable_same,249,245,0249_1.jpg,0245_4.jpg,0,0.4731087386608124,0.8241482377052307
exploration,cross_variable_same,250,250,0250_1.jpg,0250_4.jpg,1,0.532974362373352,0.7548184394836426
exploration,cross_variable_same,250,274,0250_1.jpg,0274_4.jpg,0,0.5477367639541626,0.7787794470787048
exploration,cross_variable_same,250,276,0250_1.jpg,0276_4.jpg,0,0.5144137740135193,0.7624305486679077
exploration,cross_variable_same,250,27,0250_1.jpg,0027_4.jpg,0,0.5943176746368408,0.8017633557319641
exploration,cross_variable_same,250,92,0250_1.jpg,0092_4.jpg,0,0.555313229560852,0.7762768268585205
exploration,cross_variable_same,250,93,0250_1.jpg,0093_4.jpg,0,0.597754716873169,0.7956513166427612
exploration,cross_variable_same,250,155,0250_1.jpg,0155_4.jpg,0,0.5200153589248657,0.7358689308166504
exploration,cross_variable_same,250,169,0250_1.jpg,0169_4.jpg,0,0.5494784116744995,0.7754045724868774
exploration,cross_variable_same,250,188,0250_1.jpg,0188_4.jpg,0,0.535680890083313,0.7779029607772827
exploration,cross_variable_same,250,213,0250_1.jpg,0213_4.jpg,0,0.5293238162994385,0.747739315032959
exploration,cross_variable_same,250,246,0250_1.jpg,0246_4.jpg,0,0.5400688648223877,0.7692417502403259
exploration,cross_variable_same,251,251,0251_1.jpg,0251_4.jpg,1,0.44287925958633423,0.6931690573692322
exploration,cross_variable_same,251,276,0251_1.jpg,0276_4.jpg,0,0.43689703941345215,0.7068184614181519
exploration,cross_variable_same,251,279,0251_1.jpg,0279_4.jpg,0,0.46280351281166077,0.6912778615951538
exploration,cross_variable_same,251,29,0251_1.jpg,0029_4.jpg,0,0.4159601628780365,0.6627475023269653
exploration,cross_variable_same,251,93,0251_1.jpg,0093_4.jpg,0,0.4973601996898651,0.7080720067024231
exploration,cross_variable_same,251,94,0251_1.jpg,0094_4.jpg,0,0.3916989266872406,0.6738888025283813
exploration,cross_variable_same,251,156,0251_1.jpg,0156_4.jpg,0,0.45773911476135254,0.7279970645904541
exploration,cross_variable_same,251,171,0251_1.jpg,0171_4.jpg,0,0.4021059274673462,0.6915103197097778
exploration,cross_variable_same,251,189,0251_1.jpg,0189_4.jpg,0,0.4311210513114929,0.686700701713562
exploration,cross_variable_same,251,214,0251_1.jpg,0214_4.jpg,0,0.4135160446166992,0.6807371377944946
exploration,cross_variable_same,251,247,0251_1.jpg,0247_4.jpg,0,0.3843245506286621,0.6754199266433716
exploration,cross_variable_same,252,252,0252_1.jpg,0252_4.jpg,1,0.6492313742637634,0.7922827005386353
exploration,cross_variable_same,252,279,0252_1.jpg,0279_4.jpg,0,0.5174268484115601,0.7141688466072083
exploration,cross_variable_same,252,281,0252_1.jpg,0281_4.jpg,0,0.5036647319793701,0.7340307235717773
exploration,cross_variable_same,252,30,0252_1.jpg,0030_4.jpg,0,0.5266396403312683,0.7418444156646729
exploration,cross_variable_same,252,94,0252_1.jpg,0094_4.jpg,0,0.4553999900817871,0.6942064166069031
exploration,cross_variable_same,252,96,0252_1.jpg,0096_4.jpg,0,0.5712906718254089,0.7227266430854797
exploration,cross_variable_same,252,157,0252_1.jpg,0157_4.jpg,0,0.4945855140686035,0.7086303234100342
exploration,cross_variable_same,252,172,0252_1.jpg,0172_4.jpg,0,0.5252091884613037,0.737601637840271
exploration,cross_variable_same,252,191,0252_1.jpg,0191_4.jpg,0,0.5803337097167969,0.7602677345275879
exploration,cross_variable_same,252,216,0252_1.jpg,0216_4.jpg,0,0.5945860147476196,0.7237404584884644
exploration,cross_variable_same,252,248,0252_1.jpg,0248_4.jpg,0,0.5632764101028442,0.7605558037757874
exploration,cross_variable_same,255,255,0255_1.jpg,0255_4.jpg,1,0.5442517995834351,0.7452579140663147
exploration,cross_variable_same,255,281,0255_1.jpg,0281_4.jpg,0,0.5010285377502441,0.7517153024673462
exploration,cross_variable_same,255,282,0255_1.jpg,0282_4.jpg,0,0.43019184470176697,0.7315000295639038
exploration,cross_variable_same,255,31,0255_1.jpg,0031_4.jpg,0,0.4771907925605774,0.750177800655365
exploration,cross_variable_same,255,96,0255_1.jpg,0096_4.jpg,0,0.44049322605133057,0.7237846851348877
exploration,cross_variable_same,255,97,0255_1.jpg,0097_4.jpg,0,0.5475445985794067,0.7573559880256653
exploration,cross_variable_same,255,158,0255_1.jpg,0158_4.jpg,0,0.49067801237106323,0.7436066269874573
exploration,cross_variable_same,255,178,0255_1.jpg,0178_4.jpg,0,0.4958292245864868,0.7624956965446472
exploration,cross_variable_same,255,192,0255_1.jpg,0192_4.jpg,0,0.4930339753627777,0.7524760961532593
exploration,cross_variable_same,255,219,0255_1.jpg,0219_4.jpg,0,0.4448780119419098,0.7389879822731018
exploration,cross_variable_same,255,249,0255_1.jpg,0249_4.jpg,0,0.5043462514877319,0.7282969951629639
exploration,cross_variable_same,256,256,0256_1.jpg,0256_4.jpg,1,0.485623836517334,0.6720064878463745
exploration,cross_variable_same,256,282,0256_1.jpg,0282_4.jpg,0,0.40669819712638855,0.6437914967536926
exploration,cross_variable_same,256,1,0256_1.jpg,0001_4.jpg,0,0.45287665724754333,0.6737929582595825
exploration,cross_variable_same,256,35,0256_1.jpg,0035_4.jpg,0,0.4744153320789337,0.6826622486114502
exploration,cross_variable_same,256,97,0256_1.jpg,0097_4.jpg,0,0.48691433668136597,0.671014666557312
exploration,cross_variable_same,256,98,0256_1.jpg,0098_4.jpg,0,0.487937331199646,0.6826284527778625
exploration,cross_variable_same,256,159,0256_1.jpg,0159_4.jpg,0,0.45552921295166016,0.6551796793937683
exploration,cross_variable_same,256,179,0256_1.jpg,0179_4.jpg,0,0.43981072306632996,0.6702336072921753
exploration,cross_variable_same,256,196,0256_1.jpg,0196_4.jpg,0,0.4445590376853943,0.6450364589691162
exploration,cross_variable_same,256,220,0256_1.jpg,0220_4.jpg,0,0.42459893226623535,0.6781995892524719
exploration,cross_variable_same,256,250,0256_1.jpg,0250_4.jpg,0,0.48219573497772217,0.6776267886161804
exploration,cross_variable_same,260,260,0260_1.jpg,0260_4.jpg,1,0.5021674633026123,0.7554583549499512
exploration,cross_variable_same,260,1,0260_1.jpg,0001_4.jpg,0,0.4457779824733734,0.7104917168617249
exploration,cross_variable_same,260,2,0260_1.jpg,0002_4.jpg,0,0.4557853937149048,0.7170000076293945
exploration,cross_variable_same,260,38,0260_1.jpg,0038_4.jpg,0,0.48900362849235535,0.6963291764259338
exploration,cross_variable_same,260,98,0260_1.jpg,0098_4.jpg,0,0.48350247740745544,0.7174792885780334
exploration,cross_variable_same,260,100,0260_1.jpg,0100_4.jpg,0,0.518804669380188,0.7485551834106445
exploration,cross_variable_same,260,161,0260_1.jpg,0161_4.jpg,0,0.4200107157230377,0.6927733421325684
exploration,cross_variable_same,260,180,0260_1.jpg,0180_4.jpg,0,0.4612851142883301,0.7063197493553162
exploration,cross_variable_same,260,197,0260_1.jpg,0197_4.jpg,0,0.4400140643119812,0.6929751038551331
exploration,cross_variable_same,260,221,0260_1.jpg,0221_4.jpg,0,0.4570232033729553,0.7125550508499146
exploration,cross_variable_same,260,251,0260_1.jpg,0251_4.jpg,0,0.4393618702888489,0.6931323409080505
exploration,cross_variable_same,261,261,0261_1.jpg,0261_4.jpg,1,0.5778672695159912,0.7701154351234436
exploration,cross_variable_same,261,2,0261_1.jpg,0002_4.jpg,0,0.5177061557769775,0.7566815614700317
exploration,cross_variable_same,261,3,0261_1.jpg,0003_4.jpg,0,0.5032151937484741,0.7279573678970337
exploration,cross_variable_same,261,39,0261_1.jpg,0039_4.jpg,0,0.5727904438972473,0.7857708930969238
exploration,cross_variable_same,261,100,0261_1.jpg,0100_4.jpg,0,0.5573509931564331,0.7838162183761597
exploration,cross_variable_same,261,101,0261_1.jpg,0101_4.jpg,0,0.5428332686424255,0.7237402200698853
exploration,cross_variable_same,261,162,0261_1.jpg,0162_4.jpg,0,0.5212121605873108,0.7404892444610596
exploration,cross_variable_same,261,181,0261_1.jpg,0181_4.jpg,0,0.5539222955703735,0.757822573184967
exploration,cross_variable_same,261,198,0261_1.jpg,0198_4.jpg,0,0.5159240365028381,0.751203179359436
exploration,cross_variable_same,261,223,0261_1.jpg,0223_4.jpg,0,0.5037164688110352,0.7200550436973572
exploration,cross_variable_same,261,252,0261_1.jpg,0252_4.jpg,0,0.6331228017807007,0.8084594011306763
exploration,cross_variable_same,262,262,0262_1.jpg,0262_4.jpg,1,0.48632025718688965,0.712161660194397
exploration,cross_variable_same,262,3,0262_1.jpg,0003_4.jpg,0,0.41290363669395447,0.6847403049468994
exploration,cross_variable_same,262,6,0262_1.jpg,0006_4.jpg,0,0.4765293598175049,0.736924409866333
exploration,cross_variable_same,262,40,0262_1.jpg,0040_4.jpg,0,0.45160648226737976,0.71260666847229
exploration,cross_variable_same,262,101,0262_1.jpg,0101_4.jpg,0,0.46227145195007324,0.6849232316017151
exploration,cross_variable_same,262,103,0262_1.jpg,0103_4.jpg,0,0.48916035890579224,0.7151662111282349
exploration,cross_variable_same,262,163,0262_1.jpg,0163_4.jpg,0,0.487067848443985,0.7533654570579529
exploration,cross_variable_same,262,183,0262_1.jpg,0183_4.jpg,0,0.49281197786331177,0.730213463306427
exploration,cross_variable_same,262,199,0262_1.jpg,0199_4.jpg,0,0.515496015548706,0.7321263551712036
exploration,cross_variable_same,262,224,0262_1.jpg,0224_4.jpg,0,0.48332738876342773,0.7283250093460083
exploration,cross_variable_same,262,255,0262_1.jpg,0255_4.jpg,0,0.542792022228241,0.7185407876968384
exploration,cross_variable_same,263,263,0263_1.jpg,0263_4.jpg,1,0.5871936082839966,0.7417560815811157
exploration,cross_variable_same,263,6,0263_1.jpg,0006_4.jpg,0,0.5622221231460571,0.7665373086929321
exploration,cross_variable_same,263,7,0263_1.jpg,0007_4.jpg,0,0.5632688999176025,0.7816807627677917
exploration,cross_variable_same,263,42,0263_1.jpg,0042_4.jpg,0,0.540390133857727,0.7398558259010315
exploration,cross_variable_same,263,103,0263_1.jpg,0103_4.jpg,0,0.5611536502838135,0.7398788928985596
exploration,cross_variable_same,263,104,0263_1.jpg,0104_4.jpg,0,0.5537403225898743,0.764564037322998
exploration,cross_variable_same,263,164,0263_1.jpg,0164_4.jpg,0,0.5586153268814087,0.7436628341674805
exploration,cross_variable_same,263,185,0263_1.jpg,0185_4.jpg,0,0.5818840265274048,0.7690215706825256
exploration,cross_variable_same,263,200,0263_1.jpg,0200_4.jpg,0,0.5429385900497437,0.77287757396698
exploration,cross_variable_same,263,225,0263_1.jpg,0225_4.jpg,0,0.5292518138885498,0.7419524192810059
exploration,cross_variable_same,263,256,0263_1.jpg,0256_4.jpg,0,0.5718957781791687,0.7548756003379822
exploration,cross_variable_same,264,264,0264_1.jpg,0264_4.jpg,1,0.5893887281417847,0.8205510377883911
exploration,cross_variable_same,264,7,0264_1.jpg,0007_4.jpg,0,0.5969241857528687,0.8424097299575806
exploration,cross_variable_same,264,8,0264_1.jpg,0008_4.jpg,0,0.5584250688552856,0.7935192584991455
exploration,cross_variable_same,264,43,0264_1.jpg,0043_4.jpg,0,0.545680046081543,0.8006235361099243
exploration,cross_variable_same,264,104,0264_1.jpg,0104_4.jpg,0,0.5844139456748962,0.8242325782775879
exploration,cross_variable_same,264,105,0264_1.jpg,0105_4.jpg,0,0.5354222655296326,0.7943390011787415
exploration,cross_variable_same,264,167,0264_1.jpg,0167_4.jpg,0,0.5671829581260681,0.7927001714706421
exploration,cross_variable_same,264,188,0264_1.jpg,0188_4.jpg,0,0.569453239440918,0.8202382326126099
exploration,cross_variable_same,264,201,0264_1.jpg,0201_4.jpg,0,0.5823853015899658,0.8255812525749207
exploration,cross_variable_same,264,226,0264_1.jpg,0226_4.jpg,0,0.582271933555603,0.8273301124572754
exploration,cross_variable_same,264,260,0264_1.jpg,0260_4.jpg,0,0.608723521232605,0.8374711275100708
exploration,cross_variable_same,265,265,0265_1.jpg,0265_4.jpg,1,0.6638514399528503,0.7733432054519653
exploration,cross_variable_same,265,8,0265_1.jpg,0008_4.jpg,0,0.5121539831161499,0.7133707404136658
exploration,cross_variable_same,265,11,0265_1.jpg,0011_4.jpg,0,0.560904860496521,0.7774947285652161
exploration,cross_variable_same,265,46,0265_1.jpg,0046_4.jpg,0,0.6121026277542114,0.76146399974823
exploration,cross_variable_same,265,105,0265_1.jpg,0105_4.jpg,0,0.48172175884246826,0.7060971260070801
exploration,cross_variable_same,265,106,0265_1.jpg,0106_4.jpg,0,0.5161845088005066,0.7747634053230286
exploration,cross_variable_same,265,168,0265_1.jpg,0168_4.jpg,0,0.5475247502326965,0.7232083082199097
exploration,cross_variable_same,265,189,0265_1.jpg,0189_4.jpg,0,0.5187184810638428,0.7292698621749878
exploration,cross_variable_same,265,203,0265_1.jpg,0203_4.jpg,0,0.6024900674819946,0.7766778469085693
exploration,cross_variable_same,265,227,0265_1.jpg,0227_4.jpg,0,0.48317408561706543,0.7139255404472351
exploration,cross_variable_same,265,261,0265_1.jpg,0261_4.jpg,0,0.525420606136322,0.73206627368927
exploration,cross_variable_same,266,266,0266_1.jpg,0266_4.jpg,1,0.47441864013671875,0.7252223491668701
exploration,cross_variable_same,266,11,0266_1.jpg,0011_4.jpg,0,0.45432794094085693,0.7565892934799194
exploration,cross_variable_same,266,12,0266_1.jpg,0012_4.jpg,0,0.44615769386291504,0.7469314336776733
exploration,cross_variable_same,266,47,0266_1.jpg,0047_4.jpg,0,0.44619858264923096,0.7514775991439819
exploration,cross_variable_same,266,106,0266_1.jpg,0106_4.jpg,0,0.4359789490699768,0.7620835304260254
exploration,cross_variable_same,266,107,0266_1.jpg,0107_4.jpg,0,0.37452220916748047,0.7097784876823425
exploration,cross_variable_same,266,169,0266_1.jpg,0169_4.jpg,0,0.4058724641799927,0.7154587507247925
exploration,cross_variable_same,266,191,0266_1.jpg,0191_4.jpg,0,0.3695792257785797,0.7062041759490967
exploration,cross_variable_same,266,204,0266_1.jpg,0204_4.jpg,0,0.4406315088272095,0.7021945118904114
exploration,cross_variable_same,266,228,0266_1.jpg,0228_4.jpg,0,0.4072688817977905,0.7066813707351685
exploration,cross_variable_same,266,262,0266_1.jpg,0262_4.jpg,0,0.43772488832473755,0.7237877249717712
exploration,cross_variable_same,267,267,0267_1.jpg,0267_4.jpg,1,0.45289576053619385,0.6986609697341919
exploration,cross_variable_same,267,12,0267_1.jpg,0012_4.jpg,0,0.49042338132858276,0.7493158578872681
exploration,cross_variable_same,267,15,0267_1.jpg,0015_4.jpg,0,0.4658793807029724,0.7611383199691772
exploration,cross_variable_same,267,49,0267_1.jpg,0049_4.jpg,0,0.3998018503189087,0.666954517364502
exploration,cross_variable_same,267,107,0267_1.jpg,0107_4.jpg,0,0.3979717493057251,0.7052996754646301
exploration,cross_variable_same,267,109,0267_1.jpg,0109_4.jpg,0,0.4561637341976166,0.7159785628318787
exploration,cross_variable_same,267,171,0267_1.jpg,0171_4.jpg,0,0.3922955393791199,0.6954795718193054
exploration,cross_variable_same,267,192,0267_1.jpg,0192_4.jpg,0,0.4290729761123657,0.7150670886039734
exploration,cross_variable_same,267,206,0267_1.jpg,0206_4.jpg,0,0.41104793548583984,0.706864058971405
exploration,cross_variable_same,267,229,0267_1.jpg,0229_4.jpg,0,0.4622300863265991,0.7117940783500671
exploration,cross_variable_same,267,263,0267_1.jpg,0263_4.jpg,0,0.4450226426124573,0.6918879151344299
exploration,cross_variable_same,271,271,0271_1.jpg,0271_4.jpg,1,0.5613722801208496,0.7684464454650879
exploration,cross_variable_same,271,15,0271_1.jpg,0015_4.jpg,0,0.5183877944946289,0.7816758155822754
exploration,cross_variable_same,271,18,0271_1.jpg,0018_4.jpg,0,0.44611403346061707,0.7115594148635864
exploration,cross_variable_same,271,55,0271_1.jpg,0055_4.jpg,0,0.47325241565704346,0.7329789400100708
exploration,cross_variable_same,271,109,0271_1.jpg,0109_4.jpg,0,0.5520104169845581,0.7577992677688599
exploration,cross_variable_same,271,110,0271_1.jpg,0110_4.jpg,0,0.45322921872138977,0.7213044166564941
exploration,cross_variable_same,271,172,0271_1.jpg,0172_4.jpg,0,0.5312560200691223,0.7555656433105469
exploration,cross_variable_same,271,196,0271_1.jpg,0196_4.jpg,0,0.5046112537384033,0.7343697547912598
exploration,cross_variable_same,271,207,0271_1.jpg,0207_4.jpg,0,0.519432544708252,0.7514488101005554
exploration,cross_variable_same,271,231,0271_1.jpg,0231_4.jpg,0,0.48289236426353455,0.758590042591095
exploration,cross_variable_same,271,264,0271_1.jpg,0264_4.jpg,0,0.54839688539505,0.7692545652389526
exploration,cross_variable_same,272,272,0272_1.jpg,0272_4.jpg,1,0.6498125791549683,0.8129221200942993
exploration,cross_variable_same,272,18,0272_1.jpg,0018_4.jpg,0,0.4650686979293823,0.7148261070251465
exploration,cross_variable_same,272,19,0272_1.jpg,0019_4.jpg,0,0.49467024207115173,0.7486400604248047
exploration,cross_variable_same,272,56,0272_1.jpg,0056_4.jpg,0,0.5863375663757324,0.7722211480140686
exploration,cross_variable_same,272,110,0272_1.jpg,0110_4.jpg,0,0.4749395251274109,0.7343977093696594
exploration,cross_variable_same,272,114,0272_1.jpg,0114_4.jpg,0,0.5561093091964722,0.7860943078994751
exploration,cross_variable_same,272,178,0272_1.jpg,0178_4.jpg,0,0.563093900680542,0.7767798900604248
exploration,cross_variable_same,272,197,0272_1.jpg,0197_4.jpg,0,0.52585369348526,0.7535511255264282
exploration,cross_variable_same,272,208,0272_1.jpg,0208_4.jpg,0,0.5321164131164551,0.7428512573242188
exploration,cross_variable_same,272,232,0272_1.jpg,0232_4.jpg,0,0.5803189277648926,0.7502844333648682
exploration,cross_variable_same,272,265,0272_1.jpg,0265_4.jpg,0,0.6335738301277161,0.780820369720459
exploration,cross_variable_same,273,273,0273_1.jpg,0273_4.jpg,1,0.6131325960159302,0.8335720300674438
exploration,cross_variable_same,273,19,0273_1.jpg,0019_4.jpg,0,0.5674957036972046,0.8058786988258362
exploration,cross_variable_same,273,20,0273_1.jpg,0020_4.jpg,0,0.5550224781036377,0.7838277816772461
exploration,cross_variable_same,273,57,0273_1.jpg,0057_4.jpg,0,0.5722262263298035,0.7611685991287231
exploration,cross_variable_same,273,114,0273_1.jpg,0114_4.jpg,0,0.6048880815505981,0.840531587600708
exploration,cross_variable_same,273,116,0273_1.jpg,0116_4.jpg,0,0.5489983558654785,0.7957391738891602
exploration,cross_variable_same,273,179,0273_1.jpg,0179_4.jpg,0,0.5054028034210205,0.7940382957458496
exploration,cross_variable_same,273,198,0273_1.jpg,0198_4.jpg,0,0.5212000012397766,0.7860767245292664
exploration,cross_variable_same,273,209,0273_1.jpg,0209_4.jpg,0,0.6084524989128113,0.834434986114502
exploration,cross_variable_same,273,234,0273_1.jpg,0234_4.jpg,0,0.5385236144065857,0.7871503829956055
exploration,cross_variable_same,273,266,0273_1.jpg,0266_4.jpg,0,0.5649338960647583,0.7718165516853333
exploration,cross_variable_same,274,274,0274_1.jpg,0274_4.jpg,1,0.4915824830532074,0.7660139799118042
exploration,cross_variable_same,274,20,0274_1.jpg,0020_4.jpg,0,0.43555834889411926,0.7279177308082581
exploration,cross_variable_same,274,21,0274_1.jpg,0021_4.jpg,0,0.4639812409877777,0.7329931259155273
exploration,cross_variable_same,274,59,0274_1.jpg,0059_4.jpg,0,0.47514158487319946,0.7381117343902588
exploration,cross_variable_same,274,116,0274_1.jpg,0116_4.jpg,0,0.4635101556777954,0.731927752494812
exploration,cross_variable_same,274,118,0274_1.jpg,0118_4.jpg,0,0.4678482711315155,0.7330570220947266
exploration,cross_variable_same,274,180,0274_1.jpg,0180_4.jpg,0,0.4738779366016388,0.7420073747634888
exploration,cross_variable_same,274,199,0274_1.jpg,0199_4.jpg,0,0.4658559560775757,0.7367590665817261
exploration,cross_variable_same,274,211,0274_1.jpg,0211_4.jpg,0,0.44710972905158997,0.7275713682174683
exploration,cross_variable_same,274,235,0274_1.jpg,0235_4.jpg,0,0.4477658271789551,0.7395129203796387
exploration,cross_variable_same,274,267,0274_1.jpg,0267_4.jpg,0,0.4596561789512634,0.7257702350616455
exploration,cross_variable_same,276,276,0276_1.jpg,0276_4.jpg,1,0.6562250852584839,0.8144721388816833
exploration,cross_variable_same,276,21,0276_1.jpg,0021_4.jpg,0,0.5621728301048279,0.8145565986633301
exploration,cross_variable_same,276,22,0276_1.jpg,0022_4.jpg,0,0.5904468894004822,0.7873662710189819
exploration,cross_variable_same,276,60,0276_1.jpg,0060_4.jpg,0,0.5699062943458557,0.833054780960083
exploration,cross_variable_same,276,118,0276_1.jpg,0118_4.jpg,0,0.6347244381904602,0.8036909103393555
exploration,cross_variable_same,276,119,0276_1.jpg,0119_4.jpg,0,0.6191422939300537,0.8239922523498535
exploration,cross_variable_same,276,181,0276_1.jpg,0181_4.jpg,0,0.6079590320587158,0.7880276441574097
exploration,cross_variable_same,276,200,0276_1.jpg,0200_4.jpg,0,0.6133764982223511,0.8103463649749756
exploration,cross_variable_same,276,212,0276_1.jpg,0212_4.jpg,0,0.5810703635215759,0.8053533434867859
exploration,cross_variable_same,276,237,0276_1.jpg,0237_4.jpg,0,0.5681982040405273,0.7848828434944153
exploration,cross_variable_same,276,271,0276_1.jpg,0271_4.jpg,0,0.6351772546768188,0.8041346073150635
exploration,cross_variable_same,279,279,0279_1.jpg,0279_4.jpg,1,0.5834150910377502,0.766204297542572
exploration,cross_variable_same,279,22,0279_1.jpg,0022_4.jpg,0,0.5558620691299438,0.7532259225845337
exploration,cross_variable_same,279,25,0279_1.jpg,0025_4.jpg,0,0.5172786712646484,0.7708525061607361
exploration,cross_variable_same,279,61,0279_1.jpg,0061_4.jpg,0,0.5482704639434814,0.7761372327804565
exploration,cross_variable_same,279,119,0279_1.jpg,0119_4.jpg,0,0.5108000040054321,0.7732263207435608
exploration,cross_variable_same,279,122,0279_1.jpg,0122_4.jpg,0,0.5691770315170288,0.7645934224128723
exploration,cross_variable_same,279,183,0279_1.jpg,0183_4.jpg,0,0.5922404527664185,0.7754132747650146
exploration,cross_variable_same,279,201,0279_1.jpg,0201_4.jpg,0,0.5282937288284302,0.7586008310317993
exploration,cross_variable_same,279,213,0279_1.jpg,0213_4.jpg,0,0.5184973478317261,0.7456177473068237
exploration,cross_variable_same,279,239,0279_1.jpg,0239_4.jpg,0,0.4883275628089905,0.7427283525466919
exploration,cross_variable_same,279,272,0279_1.jpg,0272_4.jpg,0,0.5744019746780396,0.7944197654724121
exploration,cross_variable_same,281,281,0281_1.jpg,0281_4.jpg,1,0.5213130116462708,0.748268723487854
exploration,cross_variable_same,281,25,0281_1.jpg,0025_4.jpg,0,0.45074427127838135,0.7394492030143738
exploration,cross_variable_same,281,26,0281_1.jpg,0026_4.jpg,0,0.5544623136520386,0.7511109113693237
exploration,cross_variable_same,281,62,0281_1.jpg,0062_4.jpg,0,0.5501620769500732,0.7473994493484497
exploration,cross_variable_same,281,122,0281_1.jpg,0122_4.jpg,0,0.523308277130127,0.734239935874939
exploration,cross_variable_same,281,123,0281_1.jpg,0123_4.jpg,0,0.40656009316444397,0.6820446252822876
exploration,cross_variable_same,281,185,0281_1.jpg,0185_4.jpg,0,0.50156170129776,0.7461841106414795
exploration,cross_variable_same,281,203,0281_1.jpg,0203_4.jpg,0,0.5209860801696777,0.7450993061065674
exploration,cross_variable_same,281,214,0281_1.jpg,0214_4.jpg,0,0.458520770072937,0.7113800048828125
exploration,cross_variable_same,281,240,0281_1.jpg,0240_4.jpg,0,0.5059100985527039,0.7414690852165222
exploration,cross_variable_same,281,273,0281_1.jpg,0273_4.jpg,0,0.5177726745605469,0.7531307339668274
exploration,cross_variable_same,282,282,0282_1.jpg,0282_4.jpg,1,0.6170491576194763,0.7994729280471802
exploration,cross_variable_same,282,26,0282_1.jpg,0026_4.jpg,0,0.6176357269287109,0.7945927381515503
exploration,cross_variable_same,282,27,0282_1.jpg,0027_4.jpg,0,0.690833330154419,0.8378163576126099
exploration,cross_variable_same,282,65,0282_1.jpg,0065_4.jpg,0,0.606657087802887,0.8204003572463989
exploration,cross_variable_same,282,123,0282_1.jpg,0123_4.jpg,0,0.5561941862106323,0.7712039351463318
exploration,cross_variable_same,282,124,0282_1.jpg,0124_4.jpg,0,0.6618037223815918,0.8650686740875244
exploration,cross_variable_same,282,188,0282_1.jpg,0188_4.jpg,0,0.6230409145355225,0.8183563351631165
exploration,cross_variable_same,282,204,0282_1.jpg,0204_4.jpg,0,0.6407138109207153,0.7940160036087036
exploration,cross_variable_same,282,216,0282_1.jpg,0216_4.jpg,0,0.6935678124427795,0.8040108680725098
exploration,cross_variable_same,282,241,0282_1.jpg,0241_4.jpg,0,0.6869837045669556,0.8411939144134521
exploration,cross_variable_same,282,274,0282_1.jpg,0274_4.jpg,0,0.650886058807373,0.8336029052734375
exploration,cross_same_variable,1,1,0001_2.jpg,0001_3.jpg,1,0.514948844909668,0.7618542909622192
exploration,cross_same_variable,1,27,0001_2.jpg,0027_3.jpg,0,0.5407538414001465,0.7689818739891052
exploration,cross_same_variable,1,29,0001_2.jpg,0029_3.jpg,0,0.5316462516784668,0.789635419845581
exploration,cross_same_variable,1,66,0001_2.jpg,0066_3.jpg,0,0.5404271483421326,0.7589662075042725
exploration,cross_same_variable,1,124,0001_2.jpg,0124_3.jpg,0,0.5389513969421387,0.7435778379440308
exploration,cross_same_variable,1,125,0001_2.jpg,0125_3.jpg,0,0.501914381980896,0.7576584219932556
exploration,cross_same_variable,1,189,0001_2.jpg,0189_3.jpg,0,0.4570003151893616,0.7310306429862976
exploration,cross_same_variable,1,206,0001_2.jpg,0206_3.jpg,0,0.4933463931083679,0.781369686126709
exploration,cross_same_variable,1,219,0001_2.jpg,0219_3.jpg,0,0.5188623070716858,0.7844966650009155
exploration,cross_same_variable,1,242,0001_2.jpg,0242_3.jpg,0,0.534143328666687,0.7671769261360168
exploration,cross_same_variable,1,276,0001_2.jpg,0276_3.jpg,0,0.5403270721435547,0.7846205830574036
exploration,cross_same_variable,2,2,0002_2.jpg,0002_3.jpg,1,0.6389027833938599,0.8474714756011963
exploration,cross_same_variable,2,29,0002_2.jpg,0029_3.jpg,0,0.5893702507019043,0.8517643213272095
exploration,cross_same_variable,2,30,0002_2.jpg,0030_3.jpg,0,0.5858337879180908,0.8281780481338501
exploration,cross_same_variable,2,67,0002_2.jpg,0067_3.jpg,0,0.5289004445075989,0.8271627426147461
exploration,cross_same_variable,2,125,0002_2.jpg,0125_3.jpg,0,0.5920939445495605,0.8255740404129028
exploration,cross_same_variable,2,127,0002_2.jpg,0127_3.jpg,0,0.5874918699264526,0.7924259901046753
exploration,cross_same_variable,2,191,0002_2.jpg,0191_3.jpg,0,0.6024701595306396,0.8089035749435425
exploration,cross_same_variable,2,207,0002_2.jpg,0207_3.jpg,0,0.6551273465156555,0.8382568955421448
exploration,cross_same_variable,2,220,0002_2.jpg,0220_3.jpg,0,0.5426231026649475,0.8212512731552124
exploration,cross_same_variable,2,243,0002_2.jpg,0243_3.jpg,0,0.5425592064857483,0.7811331152915955
exploration,cross_same_variable,2,279,0002_2.jpg,0279_3.jpg,0,0.5862688422203064,0.8473514318466187
exploration,cross_same_variable,3,3,0003_2.jpg,0003_3.jpg,1,0.6471715569496155,0.8752696514129639
exploration,cross_same_variable,3,30,0003_2.jpg,0030_3.jpg,0,0.6117435097694397,0.8581727147102356
exploration,cross_same_variable,3,31,0003_2.jpg,0031_3.jpg,0,0.6053261756896973,0.8604811429977417
exploration,cross_same_variable,3,70,0003_2.jpg,0070_3.jpg,0,0.5729024410247803,0.835893988609314
exploration,cross_same_variable,3,127,0003_2.jpg,0127_3.jpg,0,0.6083064079284668,0.8184592127799988
exploration,cross_same_variable,3,130,0003_2.jpg,0130_3.jpg,0,0.6240671277046204,0.8584967255592346
exploration,cross_same_variable,3,192,0003_2.jpg,0192_3.jpg,0,0.6255207061767578,0.847529947757721
exploration,cross_same_variable,3,208,0003_2.jpg,0208_3.jpg,0,0.5705277919769287,0.824844241142273
exploration,cross_same_variable,3,221,0003_2.jpg,0221_3.jpg,0,0.7404632568359375,0.8996975421905518
exploration,cross_same_variable,3,244,0003_2.jpg,0244_3.jpg,0,0.47241079807281494,0.8226251006126404
exploration,cross_same_variable,3,281,0003_2.jpg,0281_3.jpg,0,0.6358344554901123,0.8671759366989136
exploration,cross_same_variable,6,6,0006_2.jpg,0006_3.jpg,1,0.5379241108894348,0.7432224750518799
exploration,cross_same_variable,6,31,0006_2.jpg,0031_3.jpg,0,0.553447961807251,0.8129035234451294
exploration,cross_same_variable,6,35,0006_2.jpg,0035_3.jpg,0,0.6186676025390625,0.8072055578231812
exploration,cross_same_variable,6,71,0006_2.jpg,0071_3.jpg,0,0.5927690267562866,0.8386895656585693
exploration,cross_same_variable,6,130,0006_2.jpg,0130_3.jpg,0,0.5140068531036377,0.7615033388137817
exploration,cross_same_variable,6,132,0006_2.jpg,0132_3.jpg,0,0.5585521459579468,0.7954249978065491
exploration,cross_same_variable,6,196,0006_2.jpg,0196_3.jpg,0,0.5516212582588196,0.7679487466812134
exploration,cross_same_variable,6,209,0006_2.jpg,0209_3.jpg,0,0.5766822099685669,0.7536212801933289
exploration,cross_same_variable,6,223,0006_2.jpg,0223_3.jpg,0,0.5544127225875854,0.798876941204071
exploration,cross_same_variable,6,245,0006_2.jpg,0245_3.jpg,0,0.5570081472396851,0.8114234209060669
exploration,cross_same_variable,6,282,0006_2.jpg,0282_3.jpg,0,0.5801646709442139,0.7670565247535706
exploration,cross_same_variable,7,7,0007_2.jpg,0007_3.jpg,1,0.546402096748352,0.7686622142791748
exploration,cross_same_variable,7,35,0007_2.jpg,0035_3.jpg,0,0.5419902801513672,0.7845795154571533
exploration,cross_same_variable,7,38,0007_2.jpg,0038_3.jpg,0,0.5766364336013794,0.7858102321624756
exploration,cross_same_variable,7,74,0007_2.jpg,0074_3.jpg,0,0.48431289196014404,0.7575178146362305
exploration,cross_same_variable,7,132,0007_2.jpg,0132_3.jpg,0,0.5118722915649414,0.7822188138961792
exploration,cross_same_variable,7,133,0007_2.jpg,0133_3.jpg,0,0.5604364275932312,0.8119202852249146
exploration,cross_same_variable,7,197,0007_2.jpg,0197_3.jpg,0,0.48063457012176514,0.7831273078918457
exploration,cross_same_variable,7,211,0007_2.jpg,0211_3.jpg,0,0.5051662921905518,0.7798797488212585
exploration,cross_same_variable,7,224,0007_2.jpg,0224_3.jpg,0,0.4799591302871704,0.7813330292701721
exploration,cross_same_variable,7,246,0007_2.jpg,0246_3.jpg,0,0.5576770901679993,0.7960935235023499
exploration,cross_same_variable,7,1,0007_2.jpg,0001_3.jpg,0,0.505330502986908,0.7607295513153076
exploration,cross_same_variable,8,8,0008_2.jpg,0008_3.jpg,1,0.5683627128601074,0.812624454498291
exploration,cross_same_variable,8,38,0008_2.jpg,0038_3.jpg,0,0.648878812789917,0.8523900508880615
exploration,cross_same_variable,8,39,0008_2.jpg,0039_3.jpg,0,0.6769610643386841,0.821484386920929
exploration,cross_same_variable,8,75,0008_2.jpg,0075_3.jpg,0,0.4429323077201843,0.7629269957542419
exploration,cross_same_variable,8,133,0008_2.jpg,0133_3.jpg,0,0.5782179832458496,0.8290121555328369
exploration,cross_same_variable,8,134,0008_2.jpg,0134_3.jpg,0,0.5854309797286987,0.8446953296661377
exploration,cross_same_variable,8,198,0008_2.jpg,0198_3.jpg,0,0.5522568821907043,0.7921329736709595
exploration,cross_same_variable,8,212,0008_2.jpg,0212_3.jpg,0,0.5325515866279602,0.7741991281509399
exploration,cross_same_variable,8,225,0008_2.jpg,0225_3.jpg,0,0.5805325508117676,0.8027102947235107
exploration,cross_same_variable,8,247,0008_2.jpg,0247_3.jpg,0,0.6122580170631409,0.8487644195556641
exploration,cross_same_variable,8,2,0008_2.jpg,0002_3.jpg,0,0.5790196061134338,0.8061336278915405
exploration,cross_same_variable,11,11,0011_2.jpg,0011_3.jpg,1,0.6692810654640198,0.8726383447647095
exploration,cross_same_variable,11,39,0011_2.jpg,0039_3.jpg,0,0.718237042427063,0.8724293112754822
exploration,cross_same_variable,11,40,0011_2.jpg,0040_3.jpg,0,0.654949426651001,0.8668168783187866
exploration,cross_same_variable,11,76,0011_2.jpg,0076_3.jpg,0,0.5806763172149658,0.8230267763137817
exploration,cross_same_variable,11,134,0011_2.jpg,0134_3.jpg,0,0.6472638845443726,0.8866210579872131
exploration,cross_same_variable,11,135,0011_2.jpg,0135_3.jpg,0,0.5488656759262085,0.8383704423904419
exploration,cross_same_variable,11,199,0011_2.jpg,0199_3.jpg,0,0.6482117176055908,0.8672891855239868
exploration,cross_same_variable,11,213,0011_2.jpg,0213_3.jpg,0,0.554823637008667,0.8400019407272339
exploration,cross_same_variable,11,226,0011_2.jpg,0226_3.jpg,0,0.5763869881629944,0.8746030330657959
exploration,cross_same_variable,11,248,0011_2.jpg,0248_3.jpg,0,0.507710874080658,0.8360947370529175
exploration,cross_same_variable,11,3,0011_2.jpg,0003_3.jpg,0,0.5554138422012329,0.8309102058410645
exploration,cross_same_variable,12,12,0012_2.jpg,0012_3.jpg,1,0.5006661415100098,0.7976511120796204
exploration,cross_same_variable,12,40,0012_2.jpg,0040_3.jpg,0,0.5173822641372681,0.8135313987731934
exploration,cross_same_variable,12,42,0012_2.jpg,0042_3.jpg,0,0.5656999349594116,0.8028038740158081
exploration,cross_same_variable,12,77,0012_2.jpg,0077_3.jpg,0,0.560602068901062,0.8224301338195801
exploration,cross_same_variable,12,135,0012_2.jpg,0135_3.jpg,0,0.5173312425613403,0.8002275228500366
exploration,cross_same_variable,12,138,0012_2.jpg,0138_3.jpg,0,0.520440936088562,0.8039541244506836
exploration,cross_same_variable,12,200,0012_2.jpg,0200_3.jpg,0,0.5251898765563965,0.8203928470611572
exploration,cross_same_variable,12,214,0012_2.jpg,0214_3.jpg,0,0.4989466369152069,0.7999911308288574
exploration,cross_same_variable,12,227,0012_2.jpg,0227_3.jpg,0,0.46589475870132446,0.8149415850639343
exploration,cross_same_variable,12,249,0012_2.jpg,0249_3.jpg,0,0.5511788129806519,0.8260074853897095
exploration,cross_same_variable,12,6,0012_2.jpg,0006_3.jpg,0,0.5043520927429199,0.7928552627563477
exploration,cross_same_variable,15,15,0015_2.jpg,0015_3.jpg,1,0.5457770824432373,0.7726426720619202
exploration,cross_same_variable,15,42,0015_2.jpg,0042_3.jpg,0,0.4238700866699219,0.7319256663322449
exploration,cross_same_variable,15,43,0015_2.jpg,0043_3.jpg,0,0.47895142436027527,0.738838255405426
exploration,cross_same_variable,15,78,0015_2.jpg,0078_3.jpg,0,0.48519235849380493,0.7592065334320068
exploration,cross_same_variable,15,138,0015_2.jpg,0138_3.jpg,0,0.44526028633117676,0.7328206300735474
exploration,cross_same_variable,15,140,0015_2.jpg,0140_3.jpg,0,0.5434684753417969,0.765055775642395
exploration,cross_same_variable,15,201,0015_2.jpg,0201_3.jpg,0,0.4669182300567627,0.739616334438324
exploration,cross_same_variable,15,216,0015_2.jpg,0216_3.jpg,0,0.583232045173645,0.7923374176025391
exploration,cross_same_variable,15,228,0015_2.jpg,0228_3.jpg,0,0.5611318349838257,0.7585524320602417
exploration,cross_same_variable,15,250,0015_2.jpg,0250_3.jpg,0,0.48896318674087524,0.7423844337463379
exploration,cross_same_variable,15,7,0015_2.jpg,0007_3.jpg,0,0.541195809841156,0.7567967176437378
exploration,cross_same_variable,18,18,0018_2.jpg,0018_3.jpg,1,0.60215163230896,0.847439169883728
exploration,cross_same_variable,18,43,0018_2.jpg,0043_3.jpg,0,0.5146028995513916,0.7904908061027527
exploration,cross_same_variable,18,46,0018_2.jpg,0046_3.jpg,0,0.5343635082244873,0.7954128980636597
exploration,cross_same_variable,18,79,0018_2.jpg,0079_3.jpg,0,0.49767208099365234,0.7753599882125854
exploration,cross_same_variable,18,140,0018_2.jpg,0140_3.jpg,0,0.5704381465911865,0.8095439672470093
exploration,cross_same_variable,18,142,0018_2.jpg,0142_3.jpg,0,0.5522072315216064,0.7959080934524536
exploration,cross_same_variable,18,203,0018_2.jpg,0203_3.jpg,0,0.5482841730117798,0.8013708591461182
exploration,cross_same_variable,18,219,0018_2.jpg,0219_3.jpg,0,0.5251562595367432,0.8124802708625793
exploration,cross_same_variable,18,229,0018_2.jpg,0229_3.jpg,0,0.5065425634384155,0.7795672416687012
exploration,cross_same_variable,18,251,0018_2.jpg,0251_3.jpg,0,0.5019851922988892,0.7896690368652344
exploration,cross_same_variable,18,8,0018_2.jpg,0008_3.jpg,0,0.55012446641922,0.8113855123519897
exploration,cross_same_variable,19,19,0019_2.jpg,0019_3.jpg,1,0.7047841548919678,0.8800526857376099
exploration,cross_same_variable,19,46,0019_2.jpg,0046_3.jpg,0,0.637830376625061,0.8242205381393433
exploration,cross_same_variable,19,47,0019_2.jpg,0047_3.jpg,0,0.6001500487327576,0.8184683918952942
exploration,cross_same_variable,19,81,0019_2.jpg,0081_3.jpg,0,0.5999530553817749,0.7993607521057129
exploration,cross_same_variable,19,142,0019_2.jpg,0142_3.jpg,0,0.5551958084106445,0.7815251350402832
exploration,cross_same_variable,19,146,0019_2.jpg,0146_3.jpg,0,0.5638241767883301,0.8013551235198975
exploration,cross_same_variable,19,204,0019_2.jpg,0204_3.jpg,0,0.6545486450195312,0.8215302228927612
exploration,cross_same_variable,19,220,0019_2.jpg,0220_3.jpg,0,0.5737363696098328,0.7927722930908203
exploration,cross_same_variable,19,231,0019_2.jpg,0231_3.jpg,0,0.5809131860733032,0.7992163300514221
exploration,cross_same_variable,19,252,0019_2.jpg,0252_3.jpg,0,0.6122236251831055,0.7974088191986084
exploration,cross_same_variable,19,11,0019_2.jpg,0011_3.jpg,0,0.544837236404419,0.78268963098526
exploration,cross_same_variable,20,20,0020_2.jpg,0020_3.jpg,1,0.5597959756851196,0.8164663314819336
exploration,cross_same_variable,20,47,0020_2.jpg,0047_3.jpg,0,0.5673911571502686,0.8249837160110474
exploration,cross_same_variable,20,49,0020_2.jpg,0049_3.jpg,0,0.5597029328346252,0.8435438871383667
exploration,cross_same_variable,20,83,0020_2.jpg,0083_3.jpg,0,0.5687559843063354,0.8064858317375183
exploration,cross_same_variable,20,146,0020_2.jpg,0146_3.jpg,0,0.5744009017944336,0.8203713297843933
exploration,cross_same_variable,20,147,0020_2.jpg,0147_3.jpg,0,0.5705487728118896,0.8214581608772278
exploration,cross_same_variable,20,206,0020_2.jpg,0206_3.jpg,0,0.5163177847862244,0.8082891702651978
exploration,cross_same_variable,20,221,0020_2.jpg,0221_3.jpg,0,0.6384868621826172,0.8429052829742432
exploration,cross_same_variable,20,232,0020_2.jpg,0232_3.jpg,0,0.5946494340896606,0.8404839634895325
exploration,cross_same_variable,20,255,0020_2.jpg,0255_3.jpg,0,0.5650027394294739,0.8270283341407776
exploration,cross_same_variable,20,12,0020_2.jpg,0012_3.jpg,0,0.5301984548568726,0.7972266674041748
exploration,cross_same_variable,21,21,0021_2.jpg,0021_3.jpg,1,0.5716615915298462,0.8114783763885498
exploration,cross_same_variable,21,49,0021_2.jpg,0049_3.jpg,0,0.5010963678359985,0.8218613862991333
exploration,cross_same_variable,21,55,0021_2.jpg,0055_3.jpg,0,0.48521918058395386,0.8020188808441162
exploration,cross_same_variable,21,85,0021_2.jpg,0085_3.jpg,0,0.5581560134887695,0.8038718700408936
exploration,cross_same_variable,21,147,0021_2.jpg,0147_3.jpg,0,0.5153408050537109,0.8226476907730103
exploration,cross_same_variable,21,148,0021_2.jpg,0148_3.jpg,0,0.6191202998161316,0.8561580181121826
exploration,cross_same_variable,21,207,0021_2.jpg,0207_3.jpg,0,0.5869945287704468,0.8282561302185059
exploration,cross_same_variable,21,223,0021_2.jpg,0223_3.jpg,0,0.45169907808303833,0.8037148118019104
exploration,cross_same_variable,21,234,0021_2.jpg,0234_3.jpg,0,0.5086936950683594,0.8201223611831665
exploration,cross_same_variable,21,256,0021_2.jpg,0256_3.jpg,0,0.5819900035858154,0.8092845678329468
exploration,cross_same_variable,21,15,0021_2.jpg,0015_3.jpg,0,0.47309255599975586,0.8037562966346741
exploration,cross_same_variable,22,22,0022_2.jpg,0022_3.jpg,1,0.612848162651062,0.8201301693916321
exploration,cross_same_variable,22,55,0022_2.jpg,0055_3.jpg,0,0.57094407081604,0.7982558012008667
exploration,cross_same_variable,22,56,0022_2.jpg,0056_3.jpg,0,0.629727303981781,0.8320103883743286
exploration,cross_same_variable,22,86,0022_2.jpg,0086_3.jpg,0,0.5385016202926636,0.8002838492393494
exploration,cross_same_variable,22,148,0022_2.jpg,0148_3.jpg,0,0.6295101046562195,0.8186882138252258
exploration,cross_same_variable,22,152,0022_2.jpg,0152_3.jpg,0,0.533357560634613,0.7704753875732422
exploration,cross_same_variable,22,208,0022_2.jpg,0208_3.jpg,0,0.5282224416732788,0.7854825258255005
exploration,cross_same_variable,22,224,0022_2.jpg,0224_3.jpg,0,0.5832566022872925,0.8113867044448853
exploration,cross_same_variable,22,235,0022_2.jpg,0235_3.jpg,0,0.5919678211212158,0.8037666082382202
exploration,cross_same_variable,22,260,0022_2.jpg,0260_3.jpg,0,0.618750810623169,0.7899274826049805
exploration,cross_same_variable,22,18,0022_2.jpg,0018_3.jpg,0,0.5164073705673218,0.7670333385467529
exploration,cross_same_variable,25,25,0025_2.jpg,0025_3.jpg,1,0.4948371648788452,0.7796589732170105
exploration,cross_same_variable,25,56,0025_2.jpg,0056_3.jpg,0,0.6437073945999146,0.8475174903869629
exploration,cross_same_variable,25,57,0025_2.jpg,0057_3.jpg,0,0.5512118339538574,0.802204966545105
exploration,cross_same_variable,25,87,0025_2.jpg,0087_3.jpg,0,0.5147296190261841,0.804317057132721
exploration,cross_same_variable,25,152,0025_2.jpg,0152_3.jpg,0,0.5027356743812561,0.7672911882400513
exploration,cross_same_variable,25,153,0025_2.jpg,0153_3.jpg,0,0.5930933952331543,0.8114463090896606
exploration,cross_same_variable,25,209,0025_2.jpg,0209_3.jpg,0,0.5989710092544556,0.7955013513565063
exploration,cross_same_variable,25,225,0025_2.jpg,0225_3.jpg,0,0.6005667448043823,0.8168663382530212
exploration,cross_same_variable,25,237,0025_2.jpg,0237_3.jpg,0,0.561285138130188,0.7927279472351074
exploration,cross_same_variable,25,261,0025_2.jpg,0261_3.jpg,0,0.5395573973655701,0.790685772895813
exploration,cross_same_variable,25,19,0025_2.jpg,0019_3.jpg,0,0.5655757188796997,0.8132870197296143
exploration,cross_same_variable,26,26,0026_2.jpg,0026_3.jpg,1,0.5953291058540344,0.8129929304122925
exploration,cross_same_variable,26,57,0026_2.jpg,0057_3.jpg,0,0.6181231737136841,0.8137701749801636
exploration,cross_same_variable,26,59,0026_2.jpg,0059_3.jpg,0,0.5830395817756653,0.8243138790130615
exploration,cross_same_variable,26,89,0026_2.jpg,0089_3.jpg,0,0.5994129180908203,0.7847762107849121
exploration,cross_same_variable,26,153,0026_2.jpg,0153_3.jpg,0,0.6315667033195496,0.8157644271850586
exploration,cross_same_variable,26,154,0026_2.jpg,0154_3.jpg,0,0.6715372800827026,0.8627051711082458
exploration,cross_same_variable,26,211,0026_2.jpg,0211_3.jpg,0,0.6290391087532043,0.8095306158065796
exploration,cross_same_variable,26,226,0026_2.jpg,0226_3.jpg,0,0.59430330991745,0.8222980499267578
exploration,cross_same_variable,26,239,0026_2.jpg,0239_3.jpg,0,0.5550218224525452,0.7930747270584106
exploration,cross_same_variable,26,262,0026_2.jpg,0262_3.jpg,0,0.651308000087738,0.810788094997406
exploration,cross_same_variable,26,20,0026_2.jpg,0020_3.jpg,0,0.6097645163536072,0.8028892278671265
exploration,cross_same_variable,27,27,0027_2.jpg,0027_3.jpg,1,0.6957655549049377,0.8757212162017822
exploration,cross_same_variable,27,59,0027_2.jpg,0059_3.jpg,0,0.6753815412521362,0.8574490547180176
exploration,cross_same_variable,27,60,0027_2.jpg,0060_3.jpg,0,0.5981375575065613,0.831378698348999
exploration,cross_same_variable,27,90,0027_2.jpg,0090_3.jpg,0,0.6572388410568237,0.8404685258865356
exploration,cross_same_variable,27,154,0027_2.jpg,0154_3.jpg,0,0.7776955366134644,0.9014664888381958
exploration,cross_same_variable,27,155,0027_2.jpg,0155_3.jpg,0,0.6205430030822754,0.831813395023346
exploration,cross_same_variable,27,212,0027_2.jpg,0212_3.jpg,0,0.6114946603775024,0.8260129690170288
exploration,cross_same_variable,27,227,0027_2.jpg,0227_3.jpg,0,0.5977255702018738,0.8239268660545349
exploration,cross_same_variable,27,240,0027_2.jpg,0240_3.jpg,0,0.6390061378479004,0.8524742126464844
exploration,cross_same_variable,27,263,0027_2.jpg,0263_3.jpg,0,0.6122554540634155,0.8341894149780273
exploration,cross_same_variable,27,21,0027_2.jpg,0021_3.jpg,0,0.5690059661865234,0.8161829710006714
exploration,cross_same_variable,29,29,0029_2.jpg,0029_3.jpg,1,0.6465009450912476,0.8189727067947388
exploration,cross_same_variable,29,60,0029_2.jpg,0060_3.jpg,0,0.5798764228820801,0.7967178821563721
exploration,cross_same_variable,29,61,0029_2.jpg,0061_3.jpg,0,0.6198750734329224,0.7940757274627686
exploration,cross_same_variable,29,91,0029_2.jpg,0091_3.jpg,0,0.6672077178955078,0.8541277050971985
exploration,cross_same_variable,29,155,0029_2.jpg,0155_3.jpg,0,0.6046271324157715,0.7969312071800232
exploration,cross_same_variable,29,156,0029_2.jpg,0156_3.jpg,0,0.5532389879226685,0.7880507111549377
exploration,cross_same_variable,29,213,0029_2.jpg,0213_3.jpg,0,0.6550110578536987,0.8204077482223511
exploration,cross_same_variable,29,228,0029_2.jpg,0228_3.jpg,0,0.6732819080352783,0.8079381585121155
exploration,cross_same_variable,29,241,0029_2.jpg,0241_3.jpg,0,0.5915042757987976,0.7819744348526001
exploration,cross_same_variable,29,264,0029_2.jpg,0264_3.jpg,0,0.6060142517089844,0.8054943084716797
exploration,cross_same_variable,29,22,0029_2.jpg,0022_3.jpg,0,0.6539856791496277,0.8404291868209839
exploration,cross_same_variable,30,30,0030_2.jpg,0030_3.jpg,1,0.5607806444168091,0.78938889503479
exploration,cross_same_variable,30,61,0030_2.jpg,0061_3.jpg,0,0.5235140919685364,0.7474147081375122
exploration,cross_same_variable,30,62,0030_2.jpg,0062_3.jpg,0,0.46581780910491943,0.7231162786483765
exploration,cross_same_variable,30,92,0030_2.jpg,0092_3.jpg,0,0.5223461389541626,0.7235603332519531
exploration,cross_same_variable,30,156,0030_2.jpg,0156_3.jpg,0,0.4555348753929138,0.7366995811462402
exploration,cross_same_variable,30,157,0030_2.jpg,0157_3.jpg,0,0.45848798751831055,0.7332413196563721
exploration,cross_same_variable,30,214,0030_2.jpg,0214_3.jpg,0,0.5094895362854004,0.7254515290260315
exploration,cross_same_variable,30,229,0030_2.jpg,0229_3.jpg,0,0.47706669569015503,0.6960513591766357
exploration,cross_same_variable,30,242,0030_2.jpg,0242_3.jpg,0,0.506149411201477,0.7364593148231506
exploration,cross_same_variable,30,265,0030_2.jpg,0265_3.jpg,0,0.4978793263435364,0.7273830771446228
exploration,cross_same_variable,30,25,0030_2.jpg,0025_3.jpg,0,0.36226606369018555,0.671867311000824
exploration,cross_same_variable,31,31,0031_2.jpg,0031_3.jpg,1,0.5458594560623169,0.8374297618865967
exploration,cross_same_variable,31,62,0031_2.jpg,0062_3.jpg,0,0.5581998825073242,0.781231701374054
exploration,cross_same_variable,31,65,0031_2.jpg,0065_3.jpg,0,0.5519906878471375,0.7952581644058228
exploration,cross_same_variable,31,93,0031_2.jpg,0093_3.jpg,0,0.5728287696838379,0.7844813466072083
exploration,cross_same_variable,31,157,0031_2.jpg,0157_3.jpg,0,0.4775610864162445,0.7743575572967529
exploration,cross_same_variable,31,158,0031_2.jpg,0158_3.jpg,0,0.5927094221115112,0.7903878688812256
exploration,cross_same_variable,31,216,0031_2.jpg,0216_3.jpg,0,0.6065965890884399,0.8271803855895996
exploration,cross_same_variable,31,231,0031_2.jpg,0231_3.jpg,0,0.4823247790336609,0.7536002993583679
exploration,cross_same_variable,31,243,0031_2.jpg,0243_3.jpg,0,0.5509889125823975,0.7665048837661743
exploration,cross_same_variable,31,266,0031_2.jpg,0266_3.jpg,0,0.6000629663467407,0.8221023082733154
exploration,cross_same_variable,31,26,0031_2.jpg,0026_3.jpg,0,0.5969243049621582,0.8094710111618042
exploration,cross_same_variable,35,35,0035_2.jpg,0035_3.jpg,1,0.5702143907546997,0.7971694469451904
exploration,cross_same_variable,35,65,0035_2.jpg,0065_3.jpg,0,0.48542553186416626,0.7498810887336731
exploration,cross_same_variable,35,66,0035_2.jpg,0066_3.jpg,0,0.5541363954544067,0.7632854580879211
exploration,cross_same_variable,35,94,0035_2.jpg,0094_3.jpg,0,0.4095078110694885,0.7528250217437744
exploration,cross_same_variable,35,158,0035_2.jpg,0158_3.jpg,0,0.5838388204574585,0.7926766276359558
exploration,cross_same_variable,35,159,0035_2.jpg,0159_3.jpg,0,0.5313777923583984,0.8122234344482422
exploration,cross_same_variable,35,219,0035_2.jpg,0219_3.jpg,0,0.5037358999252319,0.783856213092804
exploration,cross_same_variable,35,232,0035_2.jpg,0232_3.jpg,0,0.5049670934677124,0.7805916666984558
exploration,cross_same_variable,35,244,0035_2.jpg,0244_3.jpg,0,0.376767098903656,0.7514315247535706
exploration,cross_same_variable,35,267,0035_2.jpg,0267_3.jpg,0,0.4955293536186218,0.7454302906990051
exploration,cross_same_variable,35,27,0035_2.jpg,0027_3.jpg,0,0.5193941593170166,0.7622786164283752
exploration,cross_same_variable,38,38,0038_2.jpg,0038_3.jpg,1,0.6196622252464294,0.8085750937461853
exploration,cross_same_variable,38,66,0038_2.jpg,0066_3.jpg,0,0.5742540955543518,0.7790484428405762
exploration,cross_same_variable,38,67,0038_2.jpg,0067_3.jpg,0,0.48797306418418884,0.7696815729141235
exploration,cross_same_variable,38,96,0038_2.jpg,0096_3.jpg,0,0.5283440351486206,0.7680732011795044
exploration,cross_same_variable,38,159,0038_2.jpg,0159_3.jpg,0,0.5879939198493958,0.8431817293167114
exploration,cross_same_variable,38,161,0038_2.jpg,0161_3.jpg,0,0.524384617805481,0.7823887467384338
exploration,cross_same_variable,38,220,0038_2.jpg,0220_3.jpg,0,0.5807225108146667,0.8257232308387756
exploration,cross_same_variable,38,234,0038_2.jpg,0234_3.jpg,0,0.5719612836837769,0.7906444072723389
exploration,cross_same_variable,38,245,0038_2.jpg,0245_3.jpg,0,0.534005343914032,0.797558605670929
exploration,cross_same_variable,38,271,0038_2.jpg,0271_3.jpg,0,0.5769899487495422,0.7593963146209717
exploration,cross_same_variable,38,29,0038_2.jpg,0029_3.jpg,0,0.53688645362854,0.7981326580047607
exploration,cross_same_variable,39,39,0039_2.jpg,0039_3.jpg,1,0.6416606903076172,0.8272075653076172
exploration,cross_same_variable,39,67,0039_2.jpg,0067_3.jpg,0,0.44906139373779297,0.7655789256095886
exploration,cross_same_variable,39,70,0039_2.jpg,0070_3.jpg,0,0.4855942130088806,0.7797178626060486
exploration,cross_same_variable,39,97,0039_2.jpg,0097_3.jpg,0,0.5715944766998291,0.8078784942626953
exploration,cross_same_variable,39,161,0039_2.jpg,0161_3.jpg,0,0.49988991022109985,0.7978575229644775
exploration,cross_same_variable,39,162,0039_2.jpg,0162_3.jpg,0,0.536310076713562,0.8038904666900635
exploration,cross_same_variable,39,221,0039_2.jpg,0221_3.jpg,0,0.6158676147460938,0.8236398696899414
exploration,cross_same_variable,39,235,0039_2.jpg,0235_3.jpg,0,0.5699775218963623,0.8157430291175842
exploration,cross_same_variable,39,246,0039_2.jpg,0246_3.jpg,0,0.5804060697555542,0.8273168802261353
exploration,cross_same_variable,39,272,0039_2.jpg,0272_3.jpg,0,0.5901498794555664,0.8244602680206299
exploration,cross_same_variable,39,30,0039_2.jpg,0030_3.jpg,0,0.5487853288650513,0.8202883005142212
exploration,cross_same_variable,40,40,0040_2.jpg,0040_3.jpg,1,0.5788915157318115,0.8116664290428162
exploration,cross_same_variable,40,70,0040_2.jpg,0070_3.jpg,0,0.4524453282356262,0.7429052591323853
exploration,cross_same_variable,40,71,0040_2.jpg,0071_3.jpg,0,0.582417368888855,0.8436076641082764
exploration,cross_same_variable,40,98,0040_2.jpg,0098_3.jpg,0,0.5276904106140137,0.7820290327072144
exploration,cross_same_variable,40,162,0040_2.jpg,0162_3.jpg,0,0.5618716478347778,0.8010442852973938
exploration,cross_same_variable,40,163,0040_2.jpg,0163_3.jpg,0,0.5768038034439087,0.7985087633132935
exploration,cross_same_variable,40,223,0040_2.jpg,0223_3.jpg,0,0.5387822985649109,0.8104722499847412
exploration,cross_same_variable,40,237,0040_2.jpg,0237_3.jpg,0,0.521744966506958,0.7692497968673706
exploration,cross_same_variable,40,247,0040_2.jpg,0247_3.jpg,0,0.6170401573181152,0.8363850116729736
exploration,cross_same_variable,40,273,0040_2.jpg,0273_3.jpg,0,0.5311914682388306,0.7868795394897461
exploration,cross_same_variable,40,31,0040_2.jpg,0031_3.jpg,0,0.5533405542373657,0.8334498405456543
exploration,cross_same_variable,42,42,0042_2.jpg,0042_3.jpg,1,0.4632936120033264,0.7248883247375488
exploration,cross_same_variable,42,71,0042_2.jpg,0071_3.jpg,0,0.6043978929519653,0.8202246427536011
exploration,cross_same_variable,42,74,0042_2.jpg,0074_3.jpg,0,0.47976821660995483,0.7141003608703613
exploration,cross_same_variable,42,100,0042_2.jpg,0100_3.jpg,0,0.5144147276878357,0.7830331921577454
exploration,cross_same_variable,42,163,0042_2.jpg,0163_3.jpg,0,0.45722293853759766,0.7125557065010071
exploration,cross_same_variable,42,164,0042_2.jpg,0164_3.jpg,0,0.5094238519668579,0.7099765539169312
exploration,cross_same_variable,42,224,0042_2.jpg,0224_3.jpg,0,0.48843687772750854,0.7500754594802856
exploration,cross_same_variable,42,239,0042_2.jpg,0239_3.jpg,0,0.5293769240379333,0.7453300952911377
exploration,cross_same_variable,42,248,0042_2.jpg,0248_3.jpg,0,0.5030748248100281,0.7532960176467896
exploration,cross_same_variable,42,274,0042_2.jpg,0274_3.jpg,0,0.491819828748703,0.7529866695404053
exploration,cross_same_variable,42,35,0042_2.jpg,0035_3.jpg,0,0.5308418869972229,0.7494676113128662
exploration,cross_same_variable,43,43,0043_2.jpg,0043_3.jpg,1,0.5834560394287109,0.7999305725097656
exploration,cross_same_variable,43,74,0043_2.jpg,0074_3.jpg,0,0.5489720106124878,0.7822755575180054
exploration,cross_same_variable,43,75,0043_2.jpg,0075_3.jpg,0,0.5148965120315552,0.7706280946731567
exploration,cross_same_variable,43,101,0043_2.jpg,0101_3.jpg,0,0.5568691492080688,0.76806640625
exploration,cross_same_variable,43,164,0043_2.jpg,0164_3.jpg,0,0.5965325832366943,0.7824618816375732
exploration,cross_same_variable,43,167,0043_2.jpg,0167_3.jpg,0,0.505721926689148,0.746329665184021
exploration,cross_same_variable,43,225,0043_2.jpg,0225_3.jpg,0,0.5609965920448303,0.759541392326355
exploration,cross_same_variable,43,240,0043_2.jpg,0240_3.jpg,0,0.5525466799736023,0.7921435832977295
exploration,cross_same_variable,43,249,0043_2.jpg,0249_3.jpg,0,0.5586029291152954,0.7879737615585327
exploration,cross_same_variable,43,276,0043_2.jpg,0276_3.jpg,0,0.5902808904647827,0.8060904741287231
exploration,cross_same_variable,43,38,0043_2.jpg,0038_3.jpg,0,0.5782325863838196,0.8038042783737183
exploration,cross_same_variable,46,46,0046_2.jpg,0046_3.jpg,1,0.6426681280136108,0.8258908987045288
exploration,cross_same_variable,46,75,0046_2.jpg,0075_3.jpg,0,0.4164971113204956,0.734336256980896
exploration,cross_same_variable,46,76,0046_2.jpg,0076_3.jpg,0,0.44157683849334717,0.7209024429321289
exploration,cross_same_variable,46,103,0046_2.jpg,0103_3.jpg,0,0.6081094741821289,0.8228247165679932
exploration,cross_same_variable,46,167,0046_2.jpg,0167_3.jpg,0,0.541689932346344,0.7807093858718872
exploration,cross_same_variable,46,168,0046_2.jpg,0168_3.jpg,0,0.5908298492431641,0.8408684730529785
exploration,cross_same_variable,46,226,0046_2.jpg,0226_3.jpg,0,0.6130780577659607,0.8231620788574219
exploration,cross_same_variable,46,241,0046_2.jpg,0241_3.jpg,0,0.6037155389785767,0.7869287133216858
exploration,cross_same_variable,46,250,0046_2.jpg,0250_3.jpg,0,0.5990567207336426,0.8095524907112122
exploration,cross_same_variable,46,279,0046_2.jpg,0279_3.jpg,0,0.5925664901733398,0.8236205577850342
exploration,cross_same_variable,46,39,0046_2.jpg,0039_3.jpg,0,0.6778872609138489,0.7991098761558533
exploration,cross_same_variable,47,47,0047_2.jpg,0047_3.jpg,1,0.6339234709739685,0.8402032852172852
exploration,cross_same_variable,47,76,0047_2.jpg,0076_3.jpg,0,0.5296655297279358,0.7916781306266785
exploration,cross_same_variable,47,77,0047_2.jpg,0077_3.jpg,0,0.6564264297485352,0.8286088109016418
exploration,cross_same_variable,47,104,0047_2.jpg,0104_3.jpg,0,0.5733894109725952,0.8245507478713989
exploration,cross_same_variable,47,168,0047_2.jpg,0168_3.jpg,0,0.6546876430511475,0.8694593906402588
exploration,cross_same_variable,47,169,0047_2.jpg,0169_3.jpg,0,0.6573020219802856,0.8430293798446655
exploration,cross_same_variable,47,227,0047_2.jpg,0227_3.jpg,0,0.5556392669677734,0.8135576248168945
exploration,cross_same_variable,47,242,0047_2.jpg,0242_3.jpg,0,0.6662530899047852,0.8411076068878174
exploration,cross_same_variable,47,251,0047_2.jpg,0251_3.jpg,0,0.5431019067764282,0.8074141144752502
exploration,cross_same_variable,47,281,0047_2.jpg,0281_3.jpg,0,0.595683753490448,0.8230108022689819
exploration,cross_same_variable,47,40,0047_2.jpg,0040_3.jpg,0,0.6050505638122559,0.833901047706604
exploration,cross_same_variable,49,49,0049_2.jpg,0049_3.jpg,1,0.588894248008728,0.8646549582481384
exploration,cross_same_variable,49,77,0049_2.jpg,0077_3.jpg,0,0.6299161314964294,0.8462387323379517
exploration,cross_same_variable,49,78,0049_2.jpg,0078_3.jpg,0,0.6205487251281738,0.8275154829025269
exploration,cross_same_variable,49,105,0049_2.jpg,0105_3.jpg,0,0.5354410409927368,0.8062596321105957
exploration,cross_same_variable,49,169,0049_2.jpg,0169_3.jpg,0,0.5615012645721436,0.8207843899726868
exploration,cross_same_variable,49,171,0049_2.jpg,0171_3.jpg,0,0.5179719924926758,0.81277996301651
exploration,cross_same_variable,49,228,0049_2.jpg,0228_3.jpg,0,0.6121134161949158,0.8084434866905212
exploration,cross_same_variable,49,243,0049_2.jpg,0243_3.jpg,0,0.5543433427810669,0.7993175387382507
exploration,cross_same_variable,49,252,0049_2.jpg,0252_3.jpg,0,0.5984057784080505,0.8159791231155396
exploration,cross_same_variable,49,282,0049_2.jpg,0282_3.jpg,0,0.5929426550865173,0.8047998547554016
exploration,cross_same_variable,49,42,0049_2.jpg,0042_3.jpg,0,0.5419942736625671,0.8009171485900879
exploration,cross_same_variable,55,55,0055_2.jpg,0055_3.jpg,1,0.6145440340042114,0.8111528158187866
exploration,cross_same_variable,55,78,0055_2.jpg,0078_3.jpg,0,0.650808572769165,0.8067169189453125
exploration,cross_same_variable,55,79,0055_2.jpg,0079_3.jpg,0,0.5173172950744629,0.7481549978256226
exploration,cross_same_variable,55,106,0055_2.jpg,0106_3.jpg,0,0.4695671498775482,0.7343100309371948
exploration,cross_same_variable,55,171,0055_2.jpg,0171_3.jpg,0,0.5045144557952881,0.7557545304298401
exploration,cross_same_variable,55,172,0055_2.jpg,0172_3.jpg,0,0.5797860026359558,0.7883039712905884
exploration,cross_same_variable,55,229,0055_2.jpg,0229_3.jpg,0,0.5185696482658386,0.7506565451622009
exploration,cross_same_variable,55,244,0055_2.jpg,0244_3.jpg,0,0.36317408084869385,0.7508569955825806
exploration,cross_same_variable,55,255,0055_2.jpg,0255_3.jpg,0,0.6130398511886597,0.8174665570259094
exploration,cross_same_variable,55,1,0055_2.jpg,0001_3.jpg,0,0.5343266725540161,0.7722355127334595
exploration,cross_same_variable,55,43,0055_2.jpg,0043_3.jpg,0,0.4805541932582855,0.7664138078689575
exploration,cross_same_variable,56,56,0056_2.jpg,0056_3.jpg,1,0.6216641664505005,0.8475006818771362
exploration,cross_same_variable,56,79,0056_2.jpg,0079_3.jpg,0,0.529013454914093,0.7902019619941711
exploration,cross_same_variable,56,81,0056_2.jpg,0081_3.jpg,0,0.5294008851051331,0.8029589653015137
exploration,cross_same_variable,56,107,0056_2.jpg,0107_3.jpg,0,0.556086003780365,0.7956743836402893
exploration,cross_same_variable,56,172,0056_2.jpg,0172_3.jpg,0,0.5880550146102905,0.8167349100112915
exploration,cross_same_variable,56,178,0056_2.jpg,0178_3.jpg,0,0.5773533582687378,0.8196009993553162
exploration,cross_same_variable,56,231,0056_2.jpg,0231_3.jpg,0,0.4926537275314331,0.7742331027984619
exploration,cross_same_variable,56,245,0056_2.jpg,0245_3.jpg,0,0.5326017737388611,0.8179545402526855
exploration,cross_same_variable,56,256,0056_2.jpg,0256_3.jpg,0,0.5146540403366089,0.7579792141914368
exploration,cross_same_variable,56,2,0056_2.jpg,0002_3.jpg,0,0.5563991069793701,0.8047868013381958
exploration,cross_same_variable,56,46,0056_2.jpg,0046_3.jpg,0,0.5669911503791809,0.7960293292999268
exploration,cross_same_variable,57,57,0057_2.jpg,0057_3.jpg,1,0.593087375164032,0.8144738674163818
exploration,cross_same_variable,57,81,0057_2.jpg,0081_3.jpg,0,0.5670241117477417,0.7954739928245544
exploration,cross_same_variable,57,83,0057_2.jpg,0083_3.jpg,0,0.6107915043830872,0.7697687149047852
exploration,cross_same_variable,57,109,0057_2.jpg,0109_3.jpg,0,0.5825799703598022,0.7884370684623718
exploration,cross_same_variable,57,178,0057_2.jpg,0178_3.jpg,0,0.6318385601043701,0.8163270950317383
exploration,cross_same_variable,57,179,0057_2.jpg,0179_3.jpg,0,0.5669650435447693,0.768195629119873
exploration,cross_same_variable,57,232,0057_2.jpg,0232_3.jpg,0,0.616026759147644,0.8166061043739319
exploration,cross_same_variable,57,246,0057_2.jpg,0246_3.jpg,0,0.6197084188461304,0.8136110305786133
exploration,cross_same_variable,57,260,0057_2.jpg,0260_3.jpg,0,0.624333381652832,0.7712447047233582
exploration,cross_same_variable,57,3,0057_2.jpg,0003_3.jpg,0,0.5428706407546997,0.7896026968955994
exploration,cross_same_variable,57,47,0057_2.jpg,0047_3.jpg,0,0.5778204202651978,0.786465048789978
exploration,cross_same_variable,59,59,0059_2.jpg,0059_3.jpg,1,0.6104800701141357,0.8214281797409058
exploration,cross_same_variable,59,83,0059_2.jpg,0083_3.jpg,0,0.5599952936172485,0.7439029216766357
exploration,cross_same_variable,59,85,0059_2.jpg,0085_3.jpg,0,0.4567946195602417,0.687146782875061
exploration,cross_same_variable,59,110,0059_2.jpg,0110_3.jpg,0,0.5170940160751343,0.7771673202514648
exploration,cross_same_variable,59,179,0059_2.jpg,0179_3.jpg,0,0.526969313621521,0.73824143409729
exploration,cross_same_variable,59,180,0059_2.jpg,0180_3.jpg,0,0.5569596290588379,0.7545866966247559
exploration,cross_same_variable,59,234,0059_2.jpg,0234_3.jpg,0,0.5903570652008057,0.7696592211723328
exploration,cross_same_variable,59,247,0059_2.jpg,0247_3.jpg,0,0.5935875177383423,0.7719758152961731
exploration,cross_same_variable,59,261,0059_2.jpg,0261_3.jpg,0,0.551490068435669,0.754490852355957
exploration,cross_same_variable,59,6,0059_2.jpg,0006_3.jpg,0,0.46752622723579407,0.6892369985580444
exploration,cross_same_variable,59,49,0059_2.jpg,0049_3.jpg,0,0.45989617705345154,0.7751193046569824
exploration,cross_same_variable,60,60,0060_2.jpg,0060_3.jpg,1,0.5704602599143982,0.8248727917671204
exploration,cross_same_variable,60,85,0060_2.jpg,0085_3.jpg,0,0.5476800203323364,0.7915825843811035
exploration,cross_same_variable,60,86,0060_2.jpg,0086_3.jpg,0,0.4690106213092804,0.8163950443267822
exploration,cross_same_variable,60,114,0060_2.jpg,0114_3.jpg,0,0.6073247194290161,0.809013843536377
exploration,cross_same_variable,60,180,0060_2.jpg,0180_3.jpg,0,0.5933701992034912,0.8307358026504517
exploration,cross_same_variable,60,181,0060_2.jpg,0181_3.jpg,0,0.5157793760299683,0.8015924096107483
exploration,cross_same_variable,60,235,0060_2.jpg,0235_3.jpg,0,0.5264506340026855,0.8209673166275024
exploration,cross_same_variable,60,248,0060_2.jpg,0248_3.jpg,0,0.4578055739402771,0.8007111549377441
exploration,cross_same_variable,60,262,0060_2.jpg,0262_3.jpg,0,0.5662490725517273,0.8258426785469055
exploration,cross_same_variable,60,7,0060_2.jpg,0007_3.jpg,0,0.5396865606307983,0.8128806948661804
exploration,cross_same_variable,60,55,0060_2.jpg,0055_3.jpg,0,0.5528737306594849,0.8121423721313477
exploration,cross_same_variable,61,61,0061_2.jpg,0061_3.jpg,1,0.5720207095146179,0.8031191825866699
exploration,cross_same_variable,61,86,0061_2.jpg,0086_3.jpg,0,0.5128428339958191,0.8076112270355225
exploration,cross_same_variable,61,87,0061_2.jpg,0087_3.jpg,0,0.4823954105377197,0.8095335960388184
exploration,cross_same_variable,61,116,0061_2.jpg,0116_3.jpg,0,0.5053397417068481,0.7653533220291138
exploration,cross_same_variable,61,181,0061_2.jpg,0181_3.jpg,0,0.4708390235900879,0.7477049827575684
exploration,cross_same_variable,61,183,0061_2.jpg,0183_3.jpg,0,0.49273812770843506,0.7613650560379028
exploration,cross_same_variable,61,237,0061_2.jpg,0237_3.jpg,0,0.4976467788219452,0.7438225150108337
exploration,cross_same_variable,61,249,0061_2.jpg,0249_3.jpg,0,0.4788903295993805,0.7619625926017761
exploration,cross_same_variable,61,263,0061_2.jpg,0263_3.jpg,0,0.5101574659347534,0.7756712436676025
exploration,cross_same_variable,61,8,0061_2.jpg,0008_3.jpg,0,0.485538125038147,0.7745442390441895
exploration,cross_same_variable,61,56,0061_2.jpg,0056_3.jpg,0,0.5056085586547852,0.789643406867981
exploration,cross_same_variable,62,62,0062_2.jpg,0062_3.jpg,1,0.562922477722168,0.788416862487793
exploration,cross_same_variable,62,87,0062_2.jpg,0087_3.jpg,0,0.6074408292770386,0.8637011051177979
exploration,cross_same_variable,62,89,0062_2.jpg,0089_3.jpg,0,0.5269056558609009,0.7584446668624878
exploration,cross_same_variable,62,118,0062_2.jpg,0118_3.jpg,0,0.5625236630439758,0.7998241186141968
exploration,cross_same_variable,62,183,0062_2.jpg,0183_3.jpg,0,0.5849046111106873,0.7984018325805664
exploration,cross_same_variable,62,185,0062_2.jpg,0185_3.jpg,0,0.49976152181625366,0.7588101029396057
exploration,cross_same_variable,62,239,0062_2.jpg,0239_3.jpg,0,0.5212451815605164,0.7969463467597961
exploration,cross_same_variable,62,250,0062_2.jpg,0250_3.jpg,0,0.5661128163337708,0.7950643301010132
exploration,cross_same_variable,62,264,0062_2.jpg,0264_3.jpg,0,0.5754429697990417,0.8006589412689209
exploration,cross_same_variable,62,11,0062_2.jpg,0011_3.jpg,0,0.5285590887069702,0.7938987016677856
exploration,cross_same_variable,62,57,0062_2.jpg,0057_3.jpg,0,0.5748857855796814,0.8167754411697388
exploration,cross_same_variable,65,65,0065_2.jpg,0065_3.jpg,1,0.5780539512634277,0.8458609580993652
exploration,cross_same_variable,65,89,0065_2.jpg,0089_3.jpg,0,0.5445178747177124,0.8181447386741638
exploration,cross_same_variable,65,90,0065_2.jpg,0090_3.jpg,0,0.4687823951244354,0.8106410503387451
exploration,cross_same_variable,65,119,0065_2.jpg,0119_3.jpg,0,0.5308592319488525,0.826816737651825
exploration,cross_same_variable,65,185,0065_2.jpg,0185_3.jpg,0,0.5246522426605225,0.8184491395950317
exploration,cross_same_variable,65,188,0065_2.jpg,0188_3.jpg,0,0.523461103439331,0.8326566815376282
exploration,cross_same_variable,65,240,0065_2.jpg,0240_3.jpg,0,0.5292409062385559,0.837371826171875
exploration,cross_same_variable,65,251,0065_2.jpg,0251_3.jpg,0,0.5256538987159729,0.8147405982017517
exploration,cross_same_variable,65,265,0065_2.jpg,0265_3.jpg,0,0.5381350517272949,0.815344512462616
exploration,cross_same_variable,65,12,0065_2.jpg,0012_3.jpg,0,0.46265295147895813,0.7989646196365356
exploration,cross_same_variable,65,59,0065_2.jpg,0059_3.jpg,0,0.4714619517326355,0.8249976634979248
exploration,cross_same_variable,66,66,0066_2.jpg,0066_3.jpg,1,0.5242906808853149,0.7797486782073975
exploration,cross_same_variable,66,90,0066_2.jpg,0090_3.jpg,0,0.4321765899658203,0.7675026059150696
exploration,cross_same_variable,66,91,0066_2.jpg,0091_3.jpg,0,0.457616925239563,0.797713041305542
exploration,cross_same_variable,66,122,0066_2.jpg,0122_3.jpg,0,0.44617995619773865,0.7520371079444885
exploration,cross_same_variable,66,188,0066_2.jpg,0188_3.jpg,0,0.4707680940628052,0.7850607633590698
exploration,cross_same_variable,66,189,0066_2.jpg,0189_3.jpg,0,0.44822049140930176,0.7535033226013184
exploration,cross_same_variable,66,241,0066_2.jpg,0241_3.jpg,0,0.4915814697742462,0.765814483165741
exploration,cross_same_variable,66,252,0066_2.jpg,0252_3.jpg,0,0.4655964970588684,0.7653751373291016
exploration,cross_same_variable,66,266,0066_2.jpg,0266_3.jpg,0,0.4959952235221863,0.8047686815261841
exploration,cross_same_variable,66,15,0066_2.jpg,0015_3.jpg,0,0.47811317443847656,0.7782818078994751
exploration,cross_same_variable,66,60,0066_2.jpg,0060_3.jpg,0,0.4508458375930786,0.7651760578155518
exploration,cross_same_variable,67,67,0067_2.jpg,0067_3.jpg,1,0.5545123815536499,0.8029961585998535
exploration,cross_same_variable,67,91,0067_2.jpg,0091_3.jpg,0,0.6407226920127869,0.85288405418396
exploration,cross_same_variable,67,92,0067_2.jpg,0092_3.jpg,0,0.606468141078949,0.7936996221542358
exploration,cross_same_variable,67,123,0067_2.jpg,0123_3.jpg,0,0.4808273911476135,0.7583441734313965
exploration,cross_same_variable,67,189,0067_2.jpg,0189_3.jpg,0,0.5406468510627747,0.7852370738983154
exploration,cross_same_variable,67,191,0067_2.jpg,0191_3.jpg,0,0.5719088315963745,0.7671814560890198
exploration,cross_same_variable,67,242,0067_2.jpg,0242_3.jpg,0,0.6155076026916504,0.8255122900009155
exploration,cross_same_variable,67,255,0067_2.jpg,0255_3.jpg,0,0.588083803653717,0.7900540232658386
exploration,cross_same_variable,67,267,0067_2.jpg,0267_3.jpg,0,0.5745153427124023,0.7817339301109314
exploration,cross_same_variable,67,18,0067_2.jpg,0018_3.jpg,0,0.548781156539917,0.787179172039032
exploration,cross_same_variable,67,61,0067_2.jpg,0061_3.jpg,0,0.5878912210464478,0.7852546572685242
exploration,cross_same_variable,70,70,0070_2.jpg,0070_3.jpg,1,0.6751649379730225,0.8645686507225037
exploration,cross_same_variable,70,92,0070_2.jpg,0092_3.jpg,0,0.5781502723693848,0.7905885577201843
exploration,cross_same_variable,70,93,0070_2.jpg,0093_3.jpg,0,0.559207558631897,0.8090992569923401
exploration,cross_same_variable,70,124,0070_2.jpg,0124_3.jpg,0,0.5374473333358765,0.7546558380126953
exploration,cross_same_variable,70,191,0070_2.jpg,0191_3.jpg,0,0.5623306632041931,0.7940147519111633
exploration,cross_same_variable,70,192,0070_2.jpg,0192_3.jpg,0,0.4791482388973236,0.7669175863265991
exploration,cross_same_variable,70,243,0070_2.jpg,0243_3.jpg,0,0.5847036838531494,0.8008187413215637
exploration,cross_same_variable,70,256,0070_2.jpg,0256_3.jpg,0,0.5625529885292053,0.7745594382286072
exploration,cross_same_variable,70,271,0070_2.jpg,0271_3.jpg,0,0.5403734445571899,0.7916090488433838
exploration,cross_same_variable,70,19,0070_2.jpg,0019_3.jpg,0,0.648688793182373,0.8681806325912476
exploration,cross_same_variable,70,62,0070_2.jpg,0062_3.jpg,0,0.5916742086410522,0.8082555532455444
exploration,cross_same_variable,71,71,0071_2.jpg,0071_3.jpg,1,0.5927549600601196,0.8011401295661926
exploration,cross_same_variable,71,93,0071_2.jpg,0093_3.jpg,0,0.5487411022186279,0.7292940616607666
exploration,cross_same_variable,71,94,0071_2.jpg,0094_3.jpg,0,0.4951220750808716,0.7423626780509949
exploration,cross_same_variable,71,125,0071_2.jpg,0125_3.jpg,0,0.49816858768463135,0.7216593027114868
exploration,cross_same_variable,71,192,0071_2.jpg,0192_3.jpg,0,0.48143237829208374,0.7206569910049438
exploration,cross_same_variable,71,196,0071_2.jpg,0196_3.jpg,0,0.4694786071777344,0.7157775163650513
exploration,cross_same_variable,71,244,0071_2.jpg,0244_3.jpg,0,0.39424049854278564,0.7756934762001038
exploration,cross_same_variable,71,260,0071_2.jpg,0260_3.jpg,0,0.5215358138084412,0.7140518426895142
exploration,cross_same_variable,71,272,0071_2.jpg,0272_3.jpg,0,0.582141637802124,0.7714707851409912
exploration,cross_same_variable,71,20,0071_2.jpg,0020_3.jpg,0,0.5276542901992798,0.7387964129447937
exploration,cross_same_variable,71,65,0071_2.jpg,0065_3.jpg,0,0.5183100700378418,0.7285552620887756
exploration,cross_same_variable,74,74,0074_2.jpg,0074_3.jpg,1,0.6697347164154053,0.8313658237457275
exploration,cross_same_variable,74,94,0074_2.jpg,0094_3.jpg,0,0.5364117622375488,0.7976041436195374
exploration,cross_same_variable,74,96,0074_2.jpg,0096_3.jpg,0,0.5800008773803711,0.8101696968078613
exploration,cross_same_variable,74,127,0074_2.jpg,0127_3.jpg,0,0.5817440748214722,0.7637845277786255
exploration,cross_same_variable,74,196,0074_2.jpg,0196_3.jpg,0,0.5994648933410645,0.8092614412307739
exploration,cross_same_variable,74,197,0074_2.jpg,0197_3.jpg,0,0.537703275680542,0.8175795078277588
exploration,cross_same_variable,74,245,0074_2.jpg,0245_3.jpg,0,0.5455280542373657,0.8098050355911255
exploration,cross_same_variable,74,261,0074_2.jpg,0261_3.jpg,0,0.6399135589599609,0.8316298127174377
exploration,cross_same_variable,74,273,0074_2.jpg,0273_3.jpg,0,0.596262514591217,0.8005676865577698
exploration,cross_same_variable,74,21,0074_2.jpg,0021_3.jpg,0,0.5335650444030762,0.7612587809562683
exploration,cross_same_variable,74,66,0074_2.jpg,0066_3.jpg,0,0.5884112119674683,0.7830701470375061
exploration,cross_same_variable,75,75,0075_2.jpg,0075_3.jpg,1,0.46282196044921875,0.8008186221122742
exploration,cross_same_variable,75,96,0075_2.jpg,0096_3.jpg,0,0.5438184142112732,0.8348011374473572
exploration,cross_same_variable,75,97,0075_2.jpg,0097_3.jpg,0,0.5405830144882202,0.7937427759170532
exploration,cross_same_variable,75,130,0075_2.jpg,0130_3.jpg,0,0.561011791229248,0.826973557472229
exploration,cross_same_variable,75,197,0075_2.jpg,0197_3.jpg,0,0.5449343919754028,0.8674466609954834
exploration,cross_same_variable,75,198,0075_2.jpg,0198_3.jpg,0,0.5209075212478638,0.8092641830444336
exploration,cross_same_variable,75,246,0075_2.jpg,0246_3.jpg,0,0.6762596368789673,0.8730440139770508
exploration,cross_same_variable,75,262,0075_2.jpg,0262_3.jpg,0,0.5879015326499939,0.8353869915008545
exploration,cross_same_variable,75,274,0075_2.jpg,0274_3.jpg,0,0.5508112907409668,0.8469690680503845
exploration,cross_same_variable,75,22,0075_2.jpg,0022_3.jpg,0,0.6166427135467529,0.8518210649490356
exploration,cross_same_variable,75,67,0075_2.jpg,0067_3.jpg,0,0.5334390997886658,0.8307088613510132
exploration,cross_same_variable,76,76,0076_2.jpg,0076_3.jpg,1,0.5749655961990356,0.8184068202972412
exploration,cross_same_variable,76,97,0076_2.jpg,0097_3.jpg,0,0.5171000957489014,0.7986197471618652
exploration,cross_same_variable,76,98,0076_2.jpg,0098_3.jpg,0,0.5883294343948364,0.8176461458206177
exploration,cross_same_variable,76,132,0076_2.jpg,0132_3.jpg,0,0.5202738046646118,0.8006451725959778
exploration,cross_same_variable,76,198,0076_2.jpg,0198_3.jpg,0,0.5179887413978577,0.7925472259521484
exploration,cross_same_variable,76,199,0076_2.jpg,0199_3.jpg,0,0.5803694725036621,0.8193656206130981
exploration,cross_same_variable,76,247,0076_2.jpg,0247_3.jpg,0,0.6211269497871399,0.8556060791015625
exploration,cross_same_variable,76,263,0076_2.jpg,0263_3.jpg,0,0.5626811981201172,0.811241865158081
exploration,cross_same_variable,76,276,0076_2.jpg,0276_3.jpg,0,0.5477080345153809,0.8180876970291138
exploration,cross_same_variable,76,25,0076_2.jpg,0025_3.jpg,0,0.44059351086616516,0.7636348009109497
exploration,cross_same_variable,76,70,0076_2.jpg,0070_3.jpg,0,0.5101460218429565,0.7833932042121887
exploration,cross_same_variable,77,77,0077_2.jpg,0077_3.jpg,1,0.6591289639472961,0.8428022861480713
exploration,cross_same_variable,77,98,0077_2.jpg,0098_3.jpg,0,0.5875813364982605,0.7961549758911133
exploration,cross_same_variable,77,100,0077_2.jpg,0100_3.jpg,0,0.5165933966636658,0.7758429050445557
exploration,cross_same_variable,77,133,0077_2.jpg,0133_3.jpg,0,0.5702328681945801,0.806818962097168
exploration,cross_same_variable,77,199,0077_2.jpg,0199_3.jpg,0,0.6103675365447998,0.8343822956085205
exploration,cross_same_variable,77,200,0077_2.jpg,0200_3.jpg,0,0.5786290168762207,0.8059121370315552
exploration,cross_same_variable,77,248,0077_2.jpg,0248_3.jpg,0,0.5740439891815186,0.8124736547470093
exploration,cross_same_variable,77,264,0077_2.jpg,0264_3.jpg,0,0.6112090349197388,0.8212213516235352
exploration,cross_same_variable,77,279,0077_2.jpg,0279_3.jpg,0,0.6099159717559814,0.8256462812423706
exploration,cross_same_variable,77,26,0077_2.jpg,0026_3.jpg,0,0.6078740954399109,0.8292236328125
exploration,cross_same_variable,77,71,0077_2.jpg,0071_3.jpg,0,0.577051043510437,0.8289415836334229
exploration,cross_same_variable,78,78,0078_2.jpg,0078_3.jpg,1,0.5770212411880493,0.8155899047851562
exploration,cross_same_variable,78,100,0078_2.jpg,0100_3.jpg,0,0.4002310633659363,0.768897294998169
exploration,cross_same_variable,78,101,0078_2.jpg,0101_3.jpg,0,0.4715117812156677,0.7832212448120117
exploration,cross_same_variable,78,134,0078_2.jpg,0134_3.jpg,0,0.46512940526008606,0.8017081618309021
exploration,cross_same_variable,78,200,0078_2.jpg,0200_3.jpg,0,0.4645228981971741,0.8068519830703735
exploration,cross_same_variable,78,201,0078_2.jpg,0201_3.jpg,0,0.4943047761917114,0.7827950716018677
exploration,cross_same_variable,78,249,0078_2.jpg,0249_3.jpg,0,0.4760674238204956,0.7772769331932068
exploration,cross_same_variable,78,265,0078_2.jpg,0265_3.jpg,0,0.5061250925064087,0.7929692268371582
exploration,cross_same_variable,78,281,0078_2.jpg,0281_3.jpg,0,0.5130083560943604,0.7957356572151184
exploration,cross_same_variable,78,27,0078_2.jpg,0027_3.jpg,0,0.49308621883392334,0.7960714101791382
exploration,cross_same_variable,78,74,0078_2.jpg,0074_3.jpg,0,0.46494340896606445,0.7951586246490479
exploration,cross_same_variable,79,79,0079_2.jpg,0079_3.jpg,1,0.5915946960449219,0.8057509660720825
exploration,cross_same_variable,79,101,0079_2.jpg,0101_3.jpg,0,0.5174935460090637,0.7819175720214844
exploration,cross_same_variable,79,103,0079_2.jpg,0103_3.jpg,0,0.4961007237434387,0.7601966261863708
exploration,cross_same_variable,79,135,0079_2.jpg,0135_3.jpg,0,0.5679424405097961,0.8008860349655151
exploration,cross_same_variable,79,201,0079_2.jpg,0201_3.jpg,0,0.5539059042930603,0.7778099179267883
exploration,cross_same_variable,79,203,0079_2.jpg,0203_3.jpg,0,0.5511762499809265,0.7819997072219849
exploration,cross_same_variable,79,250,0079_2.jpg,0250_3.jpg,0,0.5451211333274841,0.785092294216156
exploration,cross_same_variable,79,266,0079_2.jpg,0266_3.jpg,0,0.5825711488723755,0.8120611906051636
exploration,cross_same_variable,79,282,0079_2.jpg,0282_3.jpg,0,0.550761342048645,0.7601423859596252
exploration,cross_same_variable,79,29,0079_2.jpg,0029_3.jpg,0,0.5094477534294128,0.8047623038291931
exploration,cross_same_variable,79,75,0079_2.jpg,0075_3.jpg,0,0.43892085552215576,0.7750235795974731
exploration,cross_same_variable,81,81,0081_2.jpg,0081_3.jpg,1,0.5159826278686523,0.7809838652610779
exploration,cross_same_variable,81,103,0081_2.jpg,0103_3.jpg,0,0.5093693137168884,0.7565590143203735
exploration,cross_same_variable,81,104,0081_2.jpg,0104_3.jpg,0,0.5083396434783936,0.7854565382003784
exploration,cross_same_variable,81,138,0081_2.jpg,0138_3.jpg,0,0.4836357831954956,0.7496840953826904
exploration,cross_same_variable,81,203,0081_2.jpg,0203_3.jpg,0,0.49186527729034424,0.7496986389160156
exploration,cross_same_variable,81,204,0081_2.jpg,0204_3.jpg,0,0.5332401394844055,0.7604396343231201
exploration,cross_same_variable,81,251,0081_2.jpg,0251_3.jpg,0,0.4824848473072052,0.7446633577346802
exploration,cross_same_variable,81,267,0081_2.jpg,0267_3.jpg,0,0.519682765007019,0.7716307044029236
exploration,cross_same_variable,81,1,0081_2.jpg,0001_3.jpg,0,0.5051716566085815,0.7574957013130188
exploration,cross_same_variable,81,30,0081_2.jpg,0030_3.jpg,0,0.5368400812149048,0.7861863970756531
exploration,cross_same_variable,81,76,0081_2.jpg,0076_3.jpg,0,0.4233006238937378,0.732767641544342
exploration,cross_same_variable,83,83,0083_2.jpg,0083_3.jpg,1,0.6249356269836426,0.7916867733001709
exploration,cross_same_variable,83,104,0083_2.jpg,0104_3.jpg,0,0.49319466948509216,0.7822239398956299
exploration,cross_same_variable,83,105,0083_2.jpg,0105_3.jpg,0,0.5333936810493469,0.7970545291900635
exploration,cross_same_variable,83,140,0083_2.jpg,0140_3.jpg,0,0.557030200958252,0.7780351638793945
exploration,cross_same_variable,83,204,0083_2.jpg,0204_3.jpg,0,0.566637396812439,0.7757567167282104
exploration,cross_same_variable,83,206,0083_2.jpg,0206_3.jpg,0,0.4743763506412506,0.7591511011123657
exploration,cross_same_variable,83,252,0083_2.jpg,0252_3.jpg,0,0.656856119632721,0.8002236485481262
exploration,cross_same_variable,83,271,0083_2.jpg,0271_3.jpg,0,0.5741060972213745,0.7371664047241211
exploration,cross_same_variable,83,2,0083_2.jpg,0002_3.jpg,0,0.5168925523757935,0.7742778062820435
exploration,cross_same_variable,83,31,0083_2.jpg,0031_3.jpg,0,0.4542272388935089,0.7857538461685181
exploration,cross_same_variable,83,77,0083_2.jpg,0077_3.jpg,0,0.5373120903968811,0.7804981470108032
exploration,cross_same_variable,85,85,0085_2.jpg,0085_3.jpg,1,0.5413824319839478,0.752252459526062
exploration,cross_same_variable,85,105,0085_2.jpg,0105_3.jpg,0,0.4853547215461731,0.7806692123413086
exploration,cross_same_variable,85,106,0085_2.jpg,0106_3.jpg,0,0.5407049655914307,0.759925127029419
exploration,cross_same_variable,85,142,0085_2.jpg,0142_3.jpg,0,0.49288204312324524,0.7921509146690369
exploration,cross_same_variable,85,206,0085_2.jpg,0206_3.jpg,0,0.48829659819602966,0.7803300023078918
exploration,cross_same_variable,85,207,0085_2.jpg,0207_3.jpg,0,0.5202459096908569,0.7721010446548462
exploration,cross_same_variable,85,255,0085_2.jpg,0255_3.jpg,0,0.4860786497592926,0.7859166860580444
exploration,cross_same_variable,85,272,0085_2.jpg,0272_3.jpg,0,0.5462398529052734,0.8092439770698547
exploration,cross_same_variable,85,3,0085_2.jpg,0003_3.jpg,0,0.5383280515670776,0.7957823276519775
exploration,cross_same_variable,85,35,0085_2.jpg,0035_3.jpg,0,0.5066436529159546,0.7952267527580261
exploration,cross_same_variable,85,78,0085_2.jpg,0078_3.jpg,0,0.5120484232902527,0.7651421427726746
exploration,cross_same_variable,86,86,0086_2.jpg,0086_3.jpg,1,0.5463266968727112,0.8053512573242188
exploration,cross_same_variable,86,106,0086_2.jpg,0106_3.jpg,0,0.4504162073135376,0.7373660206794739
exploration,cross_same_variable,86,107,0086_2.jpg,0107_3.jpg,0,0.4616847038269043,0.7518346905708313
exploration,cross_same_variable,86,146,0086_2.jpg,0146_3.jpg,0,0.49307551980018616,0.7597460746765137
exploration,cross_same_variable,86,207,0086_2.jpg,0207_3.jpg,0,0.5124365091323853,0.7728248834609985
exploration,cross_same_variable,86,208,0086_2.jpg,0208_3.jpg,0,0.4430007338523865,0.7562829256057739
exploration,cross_same_variable,86,256,0086_2.jpg,0256_3.jpg,0,0.47735315561294556,0.7363378405570984
exploration,cross_same_variable,86,273,0086_2.jpg,0273_3.jpg,0,0.45275264978408813,0.7457453608512878
exploration,cross_same_variable,86,6,0086_2.jpg,0006_3.jpg,0,0.4576341509819031,0.7355555891990662
exploration,cross_same_variable,86,38,0086_2.jpg,0038_3.jpg,0,0.49140700697898865,0.7621957063674927
exploration,cross_same_variable,86,79,0086_2.jpg,0079_3.jpg,0,0.47628116607666016,0.7439969778060913
exploration,cross_same_variable,87,87,0087_2.jpg,0087_3.jpg,1,0.6209406852722168,0.8447424173355103
exploration,cross_same_variable,87,107,0087_2.jpg,0107_3.jpg,0,0.583989679813385,0.8092014789581299
exploration,cross_same_variable,87,109,0087_2.jpg,0109_3.jpg,0,0.5764815807342529,0.8136637210845947
exploration,cross_same_variable,87,147,0087_2.jpg,0147_3.jpg,0,0.5798805952072144,0.8194816708564758
exploration,cross_same_variable,87,208,0087_2.jpg,0208_3.jpg,0,0.4726913571357727,0.7518290281295776
exploration,cross_same_variable,87,209,0087_2.jpg,0209_3.jpg,0,0.600007176399231,0.8042209148406982
exploration,cross_same_variable,87,260,0087_2.jpg,0260_3.jpg,0,0.6133462190628052,0.830471932888031
exploration,cross_same_variable,87,274,0087_2.jpg,0274_3.jpg,0,0.5887131690979004,0.8168743252754211
exploration,cross_same_variable,87,7,0087_2.jpg,0007_3.jpg,0,0.5964441895484924,0.8028125762939453
exploration,cross_same_variable,87,39,0087_2.jpg,0039_3.jpg,0,0.60141521692276,0.7976598739624023
exploration,cross_same_variable,87,81,0087_2.jpg,0081_3.jpg,0,0.5627617239952087,0.8101213574409485
exploration,cross_same_variable,89,89,0089_2.jpg,0089_3.jpg,1,0.594235897064209,0.7754943370819092
exploration,cross_same_variable,89,109,0089_2.jpg,0109_3.jpg,0,0.5490692257881165,0.7639678716659546
exploration,cross_same_variable,89,110,0089_2.jpg,0110_3.jpg,0,0.605850100517273,0.81386399269104
exploration,cross_same_variable,89,148,0089_2.jpg,0148_3.jpg,0,0.6166129112243652,0.7901804447174072
exploration,cross_same_variable,89,209,0089_2.jpg,0209_3.jpg,0,0.580726683139801,0.7398090958595276
exploration,cross_same_variable,89,211,0089_2.jpg,0211_3.jpg,0,0.596125602722168,0.7865422964096069
exploration,cross_same_variable,89,261,0089_2.jpg,0261_3.jpg,0,0.5625896453857422,0.7711353302001953
exploration,cross_same_variable,89,276,0089_2.jpg,0276_3.jpg,0,0.6093972325325012,0.8048365116119385
exploration,cross_same_variable,89,8,0089_2.jpg,0008_3.jpg,0,0.5643938779830933,0.7849702835083008
exploration,cross_same_variable,89,40,0089_2.jpg,0040_3.jpg,0,0.5890107154846191,0.7884691953659058
exploration,cross_same_variable,89,83,0089_2.jpg,0083_3.jpg,0,0.6237355470657349,0.7851539850234985
exploration,cross_same_variable,90,90,0090_2.jpg,0090_3.jpg,1,0.5855270028114319,0.8095605373382568
exploration,cross_same_variable,90,110,0090_2.jpg,0110_3.jpg,0,0.5706874132156372,0.8113692998886108
exploration,cross_same_variable,90,114,0090_2.jpg,0114_3.jpg,0,0.49406152963638306,0.7073561549186707
exploration,cross_same_variable,90,152,0090_2.jpg,0152_3.jpg,0,0.5286592841148376,0.7832545042037964
exploration,cross_same_variable,90,211,0090_2.jpg,0211_3.jpg,0,0.5668467283248901,0.7860860824584961
exploration,cross_same_variable,90,212,0090_2.jpg,0212_3.jpg,0,0.4803484082221985,0.7223749160766602
exploration,cross_same_variable,90,262,0090_2.jpg,0262_3.jpg,0,0.542518138885498,0.7732834815979004
exploration,cross_same_variable,90,279,0090_2.jpg,0279_3.jpg,0,0.5327640771865845,0.8107232451438904
exploration,cross_same_variable,90,11,0090_2.jpg,0011_3.jpg,0,0.540026068687439,0.7867969274520874
exploration,cross_same_variable,90,42,0090_2.jpg,0042_3.jpg,0,0.48324349522590637,0.7542153596878052
exploration,cross_same_variable,90,85,0090_2.jpg,0085_3.jpg,0,0.5108259320259094,0.7330654859542847
exploration,cross_same_variable,91,91,0091_2.jpg,0091_3.jpg,1,0.6461913585662842,0.840328574180603
exploration,cross_same_variable,91,114,0091_2.jpg,0114_3.jpg,0,0.48311302065849304,0.6914445161819458
exploration,cross_same_variable,91,116,0091_2.jpg,0116_3.jpg,0,0.6073862314224243,0.758866012096405
exploration,cross_same_variable,91,153,0091_2.jpg,0153_3.jpg,0,0.5673942565917969,0.7854431867599487
exploration,cross_same_variable,91,212,0091_2.jpg,0212_3.jpg,0,0.5731486082077026,0.7391010522842407
exploration,cross_same_variable,91,213,0091_2.jpg,0213_3.jpg,0,0.6063727140426636,0.7920385599136353
exploration,cross_same_variable,91,263,0091_2.jpg,0263_3.jpg,0,0.5624154806137085,0.7639527320861816
exploration,cross_same_variable,91,281,0091_2.jpg,0281_3.jpg,0,0.48581981658935547,0.7422842979431152
exploration,cross_same_variable,91,12,0091_2.jpg,0012_3.jpg,0,0.5025180578231812,0.7424506545066833
exploration,cross_same_variable,91,43,0091_2.jpg,0043_3.jpg,0,0.5208412408828735,0.7431889772415161
exploration,cross_same_variable,91,86,0091_2.jpg,0086_3.jpg,0,0.48738619685173035,0.7595527172088623
exploration,cross_same_variable,92,92,0092_2.jpg,0092_3.jpg,1,0.6229519844055176,0.836840808391571
exploration,cross_same_variable,92,116,0092_2.jpg,0116_3.jpg,0,0.524115800857544,0.7871242761611938
exploration,cross_same_variable,92,118,0092_2.jpg,0118_3.jpg,0,0.5247173309326172,0.8050968050956726
exploration,cross_same_variable,92,154,0092_2.jpg,0154_3.jpg,0,0.6149201393127441,0.8565629720687866
exploration,cross_same_variable,92,213,0092_2.jpg,0213_3.jpg,0,0.5548107028007507,0.8150051832199097
exploration,cross_same_variable,92,214,0092_2.jpg,0214_3.jpg,0,0.5166189670562744,0.798720121383667
exploration,cross_same_variable,92,264,0092_2.jpg,0264_3.jpg,0,0.5636873841285706,0.8233215808868408
exploration,cross_same_variable,92,282,0092_2.jpg,0282_3.jpg,0,0.5680117607116699,0.7920234203338623
exploration,cross_same_variable,92,15,0092_2.jpg,0015_3.jpg,0,0.5319174528121948,0.8065690994262695
exploration,cross_same_variable,92,46,0092_2.jpg,0046_3.jpg,0,0.5323275327682495,0.7943328619003296
exploration,cross_same_variable,92,87,0092_2.jpg,0087_3.jpg,0,0.5831488370895386,0.8490728735923767
exploration,cross_same_variable,93,93,0093_2.jpg,0093_3.jpg,1,0.6140385866165161,0.8279889822006226
exploration,cross_same_variable,93,118,0093_2.jpg,0118_3.jpg,0,0.5431331396102905,0.8081185817718506
exploration,cross_same_variable,93,119,0093_2.jpg,0119_3.jpg,0,0.5326482057571411,0.8089420795440674
exploration,cross_same_variable,93,155,0093_2.jpg,0155_3.jpg,0,0.5040836334228516,0.7980732321739197
exploration,cross_same_variable,93,214,0093_2.jpg,0214_3.jpg,0,0.5141754150390625,0.7922544479370117
exploration,cross_same_variable,93,216,0093_2.jpg,0216_3.jpg,0,0.5022391080856323,0.8181353807449341
exploration,cross_same_variable,93,265,0093_2.jpg,0265_3.jpg,0,0.5428276062011719,0.791456937789917
exploration,cross_same_variable,93,1,0093_2.jpg,0001_3.jpg,0,0.5166428685188293,0.7997750639915466
exploration,cross_same_variable,93,18,0093_2.jpg,0018_3.jpg,0,0.4950513541698456,0.7826114892959595
exploration,cross_same_variable,93,47,0093_2.jpg,0047_3.jpg,0,0.5098559856414795,0.795045018196106
exploration,cross_same_variable,93,89,0093_2.jpg,0089_3.jpg,0,0.5311142206192017,0.7997087240219116
exploration,cross_same_variable,94,94,0094_2.jpg,0094_3.jpg,1,0.54720139503479,0.8270045518875122
exploration,cross_same_variable,94,119,0094_2.jpg,0119_3.jpg,0,0.5983544588088989,0.8191901445388794
exploration,cross_same_variable,94,122,0094_2.jpg,0122_3.jpg,0,0.5907989740371704,0.8145431876182556
exploration,cross_same_variable,94,156,0094_2.jpg,0156_3.jpg,0,0.637304425239563,0.836267352104187
exploration,cross_same_variable,94,216,0094_2.jpg,0216_3.jpg,0,0.6011158227920532,0.8237695693969727
exploration,cross_same_variable,94,219,0094_2.jpg,0219_3.jpg,0,0.5216042995452881,0.7981761693954468
exploration,cross_same_variable,94,266,0094_2.jpg,0266_3.jpg,0,0.6167149543762207,0.824379563331604
exploration,cross_same_variable,94,2,0094_2.jpg,0002_3.jpg,0,0.5273323059082031,0.7890283465385437
exploration,cross_same_variable,94,19,0094_2.jpg,0019_3.jpg,0,0.5205011367797852,0.7897158265113831
exploration,cross_same_variable,94,49,0094_2.jpg,0049_3.jpg,0,0.5017731189727783,0.8155450820922852
exploration,cross_same_variable,94,90,0094_2.jpg,0090_3.jpg,0,0.5247503519058228,0.7932701706886292
exploration,cross_same_variable,96,96,0096_2.jpg,0096_3.jpg,1,0.5967326164245605,0.8128602504730225
exploration,cross_same_variable,96,122,0096_2.jpg,0122_3.jpg,0,0.5886307954788208,0.8275892734527588
exploration,cross_same_variable,96,123,0096_2.jpg,0123_3.jpg,0,0.5214387774467468,0.7910772562026978
exploration,cross_same_variable,96,157,0096_2.jpg,0157_3.jpg,0,0.4806065559387207,0.7598227858543396
exploration,cross_same_variable,96,219,0096_2.jpg,0219_3.jpg,0,0.5639047026634216,0.8001357316970825
exploration,cross_same_variable,96,220,0096_2.jpg,0220_3.jpg,0,0.5521133542060852,0.7967469692230225
exploration,cross_same_variable,96,267,0096_2.jpg,0267_3.jpg,0,0.552138090133667,0.8051348924636841
exploration,cross_same_variable,96,3,0096_2.jpg,0003_3.jpg,0,0.5837379693984985,0.8173549175262451
exploration,cross_same_variable,96,20,0096_2.jpg,0020_3.jpg,0,0.5600396394729614,0.7888985872268677
exploration,cross_same_variable,96,55,0096_2.jpg,0055_3.jpg,0,0.5557010173797607,0.8153241872787476
exploration,cross_same_variable,96,91,0096_2.jpg,0091_3.jpg,0,0.6743663549423218,0.8657985925674438
exploration,cross_same_variable,97,97,0097_2.jpg,0097_3.jpg,1,0.5230413675308228,0.7837179899215698
exploration,cross_same_variable,97,123,0097_2.jpg,0123_3.jpg,0,0.41001835465431213,0.7366930246353149
exploration,cross_same_variable,97,124,0097_2.jpg,0124_3.jpg,0,0.5558749437332153,0.7860561013221741
exploration,cross_same_variable,97,158,0097_2.jpg,0158_3.jpg,0,0.5473597645759583,0.8121785521507263
exploration,cross_same_variable,97,220,0097_2.jpg,0220_3.jpg,0,0.48656541109085083,0.7862446308135986
exploration,cross_same_variable,97,221,0097_2.jpg,0221_3.jpg,0,0.5338337421417236,0.7907863855361938
exploration,cross_same_variable,97,271,0097_2.jpg,0271_3.jpg,0,0.4778384566307068,0.7557326555252075
exploration,cross_same_variable,97,6,0097_2.jpg,0006_3.jpg,0,0.421244740486145,0.7286977767944336
exploration,cross_same_variable,97,21,0097_2.jpg,0021_3.jpg,0,0.47127383947372437,0.7514314651489258
exploration,cross_same_variable,97,56,0097_2.jpg,0056_3.jpg,0,0.5172348022460938,0.7952409982681274
exploration,cross_same_variable,97,92,0097_2.jpg,0092_3.jpg,0,0.5055341124534607,0.784898042678833
exploration,cross_same_variable,98,98,0098_2.jpg,0098_3.jpg,1,0.6056002378463745,0.8023771047592163
exploration,cross_same_variable,98,124,0098_2.jpg,0124_3.jpg,0,0.5941035747528076,0.7627521753311157
exploration,cross_same_variable,98,125,0098_2.jpg,0125_3.jpg,0,0.5747486352920532,0.7912294864654541
exploration,cross_same_variable,98,159,0098_2.jpg,0159_3.jpg,0,0.5825267434120178,0.8455133438110352
exploration,cross_same_variable,98,221,0098_2.jpg,0221_3.jpg,0,0.6300169229507446,0.8134931325912476
exploration,cross_same_variable,98,223,0098_2.jpg,0223_3.jpg,0,0.5297125577926636,0.7995573282241821
exploration,cross_same_variable,98,272,0098_2.jpg,0272_3.jpg,0,0.6633715629577637,0.8445690870285034
exploration,cross_same_variable,98,7,0098_2.jpg,0007_3.jpg,0,0.5713292360305786,0.7772528529167175
exploration,cross_same_variable,98,22,0098_2.jpg,0022_3.jpg,0,0.609085738658905,0.8207091093063354
exploration,cross_same_variable,98,57,0098_2.jpg,0057_3.jpg,0,0.5684602856636047,0.8057907819747925
exploration,cross_same_variable,98,93,0098_2.jpg,0093_3.jpg,0,0.5772524476051331,0.7739778757095337
exploration,cross_same_variable,100,100,0100_2.jpg,0100_3.jpg,1,0.46181565523147583,0.7862343788146973
exploration,cross_same_variable,100,125,0100_2.jpg,0125_3.jpg,0,0.5054826736450195,0.7701824903488159
exploration,cross_same_variable,100,127,0100_2.jpg,0127_3.jpg,0,0.5023558735847473,0.755151093006134
exploration,cross_same_variable,100,161,0100_2.jpg,0161_3.jpg,0,0.4366152286529541,0.7641931772232056
exploration,cross_same_variable,100,223,0100_2.jpg,0223_3.jpg,0,0.45683860778808594,0.7788573503494263
exploration,cross_same_variable,100,224,0100_2.jpg,0224_3.jpg,0,0.5274802446365356,0.7892080545425415
exploration,cross_same_variable,100,273,0100_2.jpg,0273_3.jpg,0,0.4998370409011841,0.7787620425224304
exploration,cross_same_variable,100,8,0100_2.jpg,0008_3.jpg,0,0.5030733346939087,0.7833542823791504
exploration,cross_same_variable,100,25,0100_2.jpg,0025_3.jpg,0,0.33408722281455994,0.6847108006477356
exploration,cross_same_variable,100,59,0100_2.jpg,0059_3.jpg,0,0.45613086223602295,0.7917800545692444
exploration,cross_same_variable,100,94,0100_2.jpg,0094_3.jpg,0,0.46009790897369385,0.780995786190033
exploration,cross_same_variable,101,101,0101_2.jpg,0101_3.jpg,1,0.5941734313964844,0.7900828719139099
exploration,cross_same_variable,101,127,0101_2.jpg,0127_3.jpg,0,0.5849356651306152,0.7397412061691284
exploration,cross_same_variable,101,130,0101_2.jpg,0130_3.jpg,0,0.5547387003898621,0.7726705074310303
exploration,cross_same_variable,101,162,0101_2.jpg,0162_3.jpg,0,0.6493464112281799,0.7994232773780823
exploration,cross_same_variable,101,224,0101_2.jpg,0224_3.jpg,0,0.6201103329658508,0.8125618696212769
exploration,cross_same_variable,101,225,0101_2.jpg,0225_3.jpg,0,0.6362493634223938,0.7727625370025635
exploration,cross_same_variable,101,274,0101_2.jpg,0274_3.jpg,0,0.6043950319290161,0.8148528933525085
exploration,cross_same_variable,101,11,0101_2.jpg,0011_3.jpg,0,0.6100037097930908,0.8012479543685913
exploration,cross_same_variable,101,26,0101_2.jpg,0026_3.jpg,0,0.6051160097122192,0.7911959886550903
exploration,cross_same_variable,101,60,0101_2.jpg,0060_3.jpg,0,0.5736520290374756,0.7768816351890564
exploration,cross_same_variable,101,96,0101_2.jpg,0096_3.jpg,0,0.586907684803009,0.790984034538269
exploration,cross_same_variable,103,103,0103_2.jpg,0103_3.jpg,1,0.6454209089279175,0.8344686031341553
exploration,cross_same_variable,103,130,0103_2.jpg,0130_3.jpg,0,0.5653502345085144,0.7943180203437805
exploration,cross_same_variable,103,132,0103_2.jpg,0132_3.jpg,0,0.6795641779899597,0.8455146551132202
exploration,cross_same_variable,103,163,0103_2.jpg,0163_3.jpg,0,0.5913256406784058,0.8008348345756531
exploration,cross_same_variable,103,225,0103_2.jpg,0225_3.jpg,0,0.623392641544342,0.7931132316589355
exploration,cross_same_variable,103,226,0103_2.jpg,0226_3.jpg,0,0.6751106381416321,0.8410135507583618
exploration,cross_same_variable,103,276,0103_2.jpg,0276_3.jpg,0,0.6688225269317627,0.8367347717285156
exploration,cross_same_variable,103,12,0103_2.jpg,0012_3.jpg,0,0.5425880551338196,0.7791785001754761
exploration,cross_same_variable,103,27,0103_2.jpg,0027_3.jpg,0,0.6348236203193665,0.826528787612915
exploration,cross_same_variable,103,61,0103_2.jpg,0061_3.jpg,0,0.610551655292511,0.7841459512710571
exploration,cross_same_variable,103,97,0103_2.jpg,0097_3.jpg,0,0.5108017325401306,0.7585067749023438
exploration,cross_same_variable,104,104,0104_2.jpg,0104_3.jpg,1,0.5693691372871399,0.7904880046844482
exploration,cross_same_variable,104,132,0104_2.jpg,0132_3.jpg,0,0.5511254668235779,0.7758381366729736
exploration,cross_same_variable,104,133,0104_2.jpg,0133_3.jpg,0,0.5723847150802612,0.8005939722061157
exploration,cross_same_variable,104,164,0104_2.jpg,0164_3.jpg,0,0.535071849822998,0.7412506341934204
exploration,cross_same_variable,104,226,0104_2.jpg,0226_3.jpg,0,0.6316661238670349,0.8155601024627686
exploration,cross_same_variable,104,227,0104_2.jpg,0227_3.jpg,0,0.5250836610794067,0.767203152179718
exploration,cross_same_variable,104,279,0104_2.jpg,0279_3.jpg,0,0.5708550214767456,0.7958790063858032
exploration,cross_same_variable,104,15,0104_2.jpg,0015_3.jpg,0,0.5447658896446228,0.7643319368362427
exploration,cross_same_variable,104,29,0104_2.jpg,0029_3.jpg,0,0.5900931358337402,0.8032410740852356
exploration,cross_same_variable,104,62,0104_2.jpg,0062_3.jpg,0,0.5519841909408569,0.7589744329452515
exploration,cross_same_variable,104,98,0104_2.jpg,0098_3.jpg,0,0.4983549416065216,0.7455702424049377
exploration,cross_same_variable,105,105,0105_2.jpg,0105_3.jpg,1,0.5353736877441406,0.7817448973655701
exploration,cross_same_variable,105,133,0105_2.jpg,0133_3.jpg,0,0.5060187578201294,0.7870384454727173
exploration,cross_same_variable,105,134,0105_2.jpg,0134_3.jpg,0,0.41384533047676086,0.7595130801200867
exploration,cross_same_variable,105,167,0105_2.jpg,0167_3.jpg,0,0.501649796962738,0.7321122884750366
exploration,cross_same_variable,105,227,0105_2.jpg,0227_3.jpg,0,0.4421986937522888,0.7465060949325562
exploration,cross_same_variable,105,228,0105_2.jpg,0228_3.jpg,0,0.5602959990501404,0.7595255374908447
exploration,cross_same_variable,105,281,0105_2.jpg,0281_3.jpg,0,0.4554448425769806,0.7506741285324097
exploration,cross_same_variable,105,18,0105_2.jpg,0018_3.jpg,0,0.4585481882095337,0.7451778650283813
exploration,cross_same_variable,105,30,0105_2.jpg,0030_3.jpg,0,0.49121448397636414,0.7934525012969971
exploration,cross_same_variable,105,65,0105_2.jpg,0065_3.jpg,0,0.46529504656791687,0.7447657585144043
exploration,cross_same_variable,105,100,0105_2.jpg,0100_3.jpg,0,0.49237295985221863,0.7849647998809814
exploration,cross_same_variable,106,106,0106_2.jpg,0106_3.jpg,1,0.5911903381347656,0.7652446031570435
exploration,cross_same_variable,106,134,0106_2.jpg,0134_3.jpg,0,0.5013971328735352,0.7870389223098755
exploration,cross_same_variable,106,135,0106_2.jpg,0135_3.jpg,0,0.5739678144454956,0.7888445258140564
exploration,cross_same_variable,106,168,0106_2.jpg,0168_3.jpg,0,0.6584174633026123,0.8579388856887817
exploration,cross_same_variable,106,228,0106_2.jpg,0228_3.jpg,0,0.6459290981292725,0.8033469319343567
exploration,cross_same_variable,106,229,0106_2.jpg,0229_3.jpg,0,0.5168759822845459,0.761856198310852
exploration,cross_same_variable,106,282,0106_2.jpg,0282_3.jpg,0,0.6354598999023438,0.7861772179603577
exploration,cross_same_variable,106,19,0106_2.jpg,0019_3.jpg,0,0.5611769556999207,0.7800236940383911
exploration,cross_same_variable,106,31,0106_2.jpg,0031_3.jpg,0,0.5798172950744629,0.8352912664413452
exploration,cross_same_variable,106,66,0106_2.jpg,0066_3.jpg,0,0.601245641708374,0.7936124801635742
exploration,cross_same_variable,106,101,0106_2.jpg,0101_3.jpg,0,0.6395980715751648,0.8218612670898438
exploration,cross_same_variable,107,107,0107_2.jpg,0107_3.jpg,1,0.5241543650627136,0.7660080194473267
exploration,cross_same_variable,107,135,0107_2.jpg,0135_3.jpg,0,0.5101884007453918,0.7573646306991577
exploration,cross_same_variable,107,138,0107_2.jpg,0138_3.jpg,0,0.5607495307922363,0.7816007733345032
exploration,cross_same_variable,107,169,0107_2.jpg,0169_3.jpg,0,0.5631308555603027,0.7961581349372864
exploration,cross_same_variable,107,229,0107_2.jpg,0229_3.jpg,0,0.5111596584320068,0.7591679096221924
exploration,cross_same_variable,107,231,0107_2.jpg,0231_3.jpg,0,0.4724726676940918,0.7416810989379883
exploration,cross_same_variable,107,1,0107_2.jpg,0001_3.jpg,0,0.5448839068412781,0.773228645324707
exploration,cross_same_variable,107,20,0107_2.jpg,0020_3.jpg,0,0.5441803336143494,0.795621931552887
exploration,cross_same_variable,107,35,0107_2.jpg,0035_3.jpg,0,0.5505235195159912,0.7943240404129028
exploration,cross_same_variable,107,67,0107_2.jpg,0067_3.jpg,0,0.4191463589668274,0.7618811130523682
exploration,cross_same_variable,107,103,0107_2.jpg,0103_3.jpg,0,0.49961137771606445,0.7570503950119019
exploration,cross_same_variable,109,109,0109_2.jpg,0109_3.jpg,1,0.6138726472854614,0.8084766268730164
exploration,cross_same_variable,109,138,0109_2.jpg,0138_3.jpg,0,0.6084638833999634,0.8008456826210022
exploration,cross_same_variable,109,140,0109_2.jpg,0140_3.jpg,0,0.6399551033973694,0.8123424053192139
exploration,cross_same_variable,109,171,0109_2.jpg,0171_3.jpg,0,0.5707764625549316,0.7988530993461609
exploration,cross_same_variable,109,231,0109_2.jpg,0231_3.jpg,0,0.5226011276245117,0.7643730044364929
exploration,cross_same_variable,109,232,0109_2.jpg,0232_3.jpg,0,0.6376397013664246,0.8243756294250488
exploration,cross_same_variable,109,2,0109_2.jpg,0002_3.jpg,0,0.5799473524093628,0.7920072078704834
exploration,cross_same_variable,109,21,0109_2.jpg,0021_3.jpg,0,0.5410964488983154,0.766417920589447
exploration,cross_same_variable,109,38,0109_2.jpg,0038_3.jpg,0,0.6626378297805786,0.8219754695892334
exploration,cross_same_variable,109,70,0109_2.jpg,0070_3.jpg,0,0.5690985918045044,0.7672001123428345
exploration,cross_same_variable,109,104,0109_2.jpg,0104_3.jpg,0,0.5800495147705078,0.7982355356216431
exploration,cross_same_variable,110,110,0110_2.jpg,0110_3.jpg,1,0.5957072377204895,0.8199579119682312
exploration,cross_same_variable,110,140,0110_2.jpg,0140_3.jpg,0,0.5139816999435425,0.7732910513877869
exploration,cross_same_variable,110,142,0110_2.jpg,0142_3.jpg,0,0.544326663017273,0.7930997014045715
exploration,cross_same_variable,110,172,0110_2.jpg,0172_3.jpg,0,0.5439289808273315,0.7773835062980652
exploration,cross_same_variable,110,232,0110_2.jpg,0232_3.jpg,0,0.522770345211029,0.7928698062896729
exploration,cross_same_variable,110,234,0110_2.jpg,0234_3.jpg,0,0.5407401919364929,0.782433032989502
exploration,cross_same_variable,110,3,0110_2.jpg,0003_3.jpg,0,0.4981831908226013,0.7805859446525574
exploration,cross_same_variable,110,22,0110_2.jpg,0022_3.jpg,0,0.560258150100708,0.7950904965400696
exploration,cross_same_variable,110,39,0110_2.jpg,0039_3.jpg,0,0.5799733400344849,0.7484416961669922
exploration,cross_same_variable,110,71,0110_2.jpg,0071_3.jpg,0,0.5125500559806824,0.8035030364990234
exploration,cross_same_variable,110,105,0110_2.jpg,0105_3.jpg,0,0.5272313952445984,0.7807446718215942
exploration,cross_same_variable,114,114,0114_2.jpg,0114_3.jpg,1,0.5079195499420166,0.7309728264808655
exploration,cross_same_variable,114,142,0114_2.jpg,0142_3.jpg,0,0.5409815311431885,0.7666540741920471
exploration,cross_same_variable,114,146,0114_2.jpg,0146_3.jpg,0,0.48656976222991943,0.7545310258865356
exploration,cross_same_variable,114,178,0114_2.jpg,0178_3.jpg,0,0.500902533531189,0.7731388211250305
exploration,cross_same_variable,114,234,0114_2.jpg,0234_3.jpg,0,0.5252823233604431,0.7754544615745544
exploration,cross_same_variable,114,235,0114_2.jpg,0235_3.jpg,0,0.5422179698944092,0.787479043006897
exploration,cross_same_variable,114,6,0114_2.jpg,0006_3.jpg,0,0.45420199632644653,0.7188163995742798
exploration,cross_same_variable,114,25,0114_2.jpg,0025_3.jpg,0,0.373427152633667,0.7076451778411865
exploration,cross_same_variable,114,40,0114_2.jpg,0040_3.jpg,0,0.4975329637527466,0.7626959085464478
exploration,cross_same_variable,114,74,0114_2.jpg,0074_3.jpg,0,0.49808943271636963,0.7724840641021729
exploration,cross_same_variable,114,106,0114_2.jpg,0106_3.jpg,0,0.42817163467407227,0.7184589505195618
exploration,cross_same_variable,116,116,0116_2.jpg,0116_3.jpg,1,0.6679177284240723,0.882686197757721
exploration,cross_same_variable,116,146,0116_2.jpg,0146_3.jpg,0,0.5522897839546204,0.8407459259033203
exploration,cross_same_variable,116,147,0116_2.jpg,0147_3.jpg,0,0.5524499416351318,0.8360569477081299
exploration,cross_same_variable,116,179,0116_2.jpg,0179_3.jpg,0,0.5554340481758118,0.8482623100280762
exploration,cross_same_variable,116,235,0116_2.jpg,0235_3.jpg,0,0.6584819555282593,0.86173415184021
exploration,cross_same_variable,116,237,0116_2.jpg,0237_3.jpg,0,0.5780848264694214,0.8263959884643555
exploration,cross_same_variable,116,7,0116_2.jpg,0007_3.jpg,0,0.603473961353302,0.8593845367431641
exploration,cross_same_variable,116,26,0116_2.jpg,0026_3.jpg,0,0.584844172000885,0.8685071468353271
exploration,cross_same_variable,116,42,0116_2.jpg,0042_3.jpg,0,0.6080467700958252,0.856869101524353
exploration,cross_same_variable,116,75,0116_2.jpg,0075_3.jpg,0,0.44392138719558716,0.81059330701828
exploration,cross_same_variable,116,107,0116_2.jpg,0107_3.jpg,0,0.5298459529876709,0.8216092586517334
exploration,cross_same_variable,118,118,0118_2.jpg,0118_3.jpg,1,0.6034287810325623,0.8128789067268372
exploration,cross_same_variable,118,147,0118_2.jpg,0147_3.jpg,0,0.5835309028625488,0.7997667789459229
exploration,cross_same_variable,118,148,0118_2.jpg,0148_3.jpg,0,0.6361253261566162,0.8250418901443481
exploration,cross_same_variable,118,180,0118_2.jpg,0180_3.jpg,0,0.6419133543968201,0.822320818901062
exploration,cross_same_variable,118,237,0118_2.jpg,0237_3.jpg,0,0.553134024143219,0.769598662853241
exploration,cross_same_variable,118,239,0118_2.jpg,0239_3.jpg,0,0.5591657161712646,0.7962914705276489
exploration,cross_same_variable,118,8,0118_2.jpg,0008_3.jpg,0,0.5943787693977356,0.8095261454582214
exploration,cross_same_variable,118,27,0118_2.jpg,0027_3.jpg,0,0.5882351398468018,0.8156107664108276
exploration,cross_same_variable,118,43,0118_2.jpg,0043_3.jpg,0,0.5887265205383301,0.8019870519638062
exploration,cross_same_variable,118,76,0118_2.jpg,0076_3.jpg,0,0.5021969079971313,0.7554911971092224
exploration,cross_same_variable,118,109,0118_2.jpg,0109_3.jpg,0,0.5645106434822083,0.8007884621620178
exploration,cross_same_variable,119,119,0119_2.jpg,0119_3.jpg,1,0.4877164959907532,0.7800147533416748
exploration,cross_same_variable,119,148,0119_2.jpg,0148_3.jpg,0,0.6108113527297974,0.822022557258606
exploration,cross_same_variable,119,152,0119_2.jpg,0152_3.jpg,0,0.5213135480880737,0.7952845096588135
exploration,cross_same_variable,119,181,0119_2.jpg,0181_3.jpg,0,0.48641592264175415,0.7655535936355591
exploration,cross_same_variable,119,239,0119_2.jpg,0239_3.jpg,0,0.44182145595550537,0.7732024788856506
exploration,cross_same_variable,119,240,0119_2.jpg,0240_3.jpg,0,0.5261312127113342,0.8056449294090271
exploration,cross_same_variable,119,11,0119_2.jpg,0011_3.jpg,0,0.5092750787734985,0.7931147813796997
exploration,cross_same_variable,119,29,0119_2.jpg,0029_3.jpg,0,0.5185233354568481,0.8238146901130676
exploration,cross_same_variable,119,46,0119_2.jpg,0046_3.jpg,0,0.48290425539016724,0.7649844884872437
exploration,cross_same_variable,119,77,0119_2.jpg,0077_3.jpg,0,0.4927806556224823,0.7691614031791687
exploration,cross_same_variable,119,110,0119_2.jpg,0110_3.jpg,0,0.5632445216178894,0.8278956413269043
exploration,cross_same_variable,122,122,0122_2.jpg,0122_3.jpg,1,0.6058307886123657,0.8188086748123169
exploration,cross_same_variable,122,152,0122_2.jpg,0152_3.jpg,0,0.5465124249458313,0.817068338394165
exploration,cross_same_variable,122,153,0122_2.jpg,0153_3.jpg,0,0.5772240161895752,0.8155274391174316
exploration,cross_same_variable,122,183,0122_2.jpg,0183_3.jpg,0,0.6182553768157959,0.8189923763275146
exploration,cross_same_variable,122,240,0122_2.jpg,0240_3.jpg,0,0.5906530618667603,0.8258011341094971
exploration,cross_same_variable,122,241,0122_2.jpg,0241_3.jpg,0,0.6489279866218567,0.8328800201416016
exploration,cross_same_variable,122,12,0122_2.jpg,0012_3.jpg,0,0.4706900715827942,0.7716953158378601
exploration,cross_same_variable,122,30,0122_2.jpg,0030_3.jpg,0,0.5814041495323181,0.8259156942367554
exploration,cross_same_variable,122,47,0122_2.jpg,0047_3.jpg,0,0.574198842048645,0.8096903562545776
exploration,cross_same_variable,122,78,0122_2.jpg,0078_3.jpg,0,0.6642943024635315,0.8421887159347534
exploration,cross_same_variable,122,114,0122_2.jpg,0114_3.jpg,0,0.58732008934021,0.7755165100097656
exploration,cross_same_variable,123,123,0123_2.jpg,0123_3.jpg,1,0.5176469683647156,0.7817294597625732
exploration,cross_same_variable,123,153,0123_2.jpg,0153_3.jpg,0,0.5967632532119751,0.829617977142334
exploration,cross_same_variable,123,154,0123_2.jpg,0154_3.jpg,0,0.6164026856422424,0.8525599241256714
exploration,cross_same_variable,123,185,0123_2.jpg,0185_3.jpg,0,0.5709410905838013,0.7888792753219604
exploration,cross_same_variable,123,241,0123_2.jpg,0241_3.jpg,0,0.6016212701797485,0.7979298830032349
exploration,cross_same_variable,123,242,0123_2.jpg,0242_3.jpg,0,0.5908357501029968,0.8247438073158264
exploration,cross_same_variable,123,15,0123_2.jpg,0015_3.jpg,0,0.5242723226547241,0.7873291969299316
exploration,cross_same_variable,123,31,0123_2.jpg,0031_3.jpg,0,0.5630980134010315,0.8379481434822083
exploration,cross_same_variable,123,49,0123_2.jpg,0049_3.jpg,0,0.5669342875480652,0.8392537236213684
exploration,cross_same_variable,123,79,0123_2.jpg,0079_3.jpg,0,0.5487706661224365,0.7959310412406921
exploration,cross_same_variable,123,116,0123_2.jpg,0116_3.jpg,0,0.5697622299194336,0.7942260503768921
exploration,cross_same_variable,124,124,0124_2.jpg,0124_3.jpg,1,0.5845590233802795,0.8030703067779541
exploration,cross_same_variable,124,154,0124_2.jpg,0154_3.jpg,0,0.6570977568626404,0.8725749254226685
exploration,cross_same_variable,124,155,0124_2.jpg,0155_3.jpg,0,0.5163015127182007,0.8050518035888672
exploration,cross_same_variable,124,188,0124_2.jpg,0188_3.jpg,0,0.5527631640434265,0.825858473777771
exploration,cross_same_variable,124,242,0124_2.jpg,0242_3.jpg,0,0.6277824640274048,0.8504729866981506
exploration,cross_same_variable,124,243,0124_2.jpg,0243_3.jpg,0,0.5686103105545044,0.8214671611785889
exploration,cross_same_variable,124,18,0124_2.jpg,0018_3.jpg,0,0.49611979722976685,0.7905943393707275
exploration,cross_same_variable,124,35,0124_2.jpg,0035_3.jpg,0,0.5996336936950684,0.8389149904251099
exploration,cross_same_variable,124,55,0124_2.jpg,0055_3.jpg,0,0.5340391397476196,0.8226803541183472
exploration,cross_same_variable,124,81,0124_2.jpg,0081_3.jpg,0,0.5202651023864746,0.8092493414878845
exploration,cross_same_variable,124,118,0124_2.jpg,0118_3.jpg,0,0.5933389663696289,0.8306364417076111
exploration,cross_same_variable,125,125,0125_2.jpg,0125_3.jpg,1,0.5822784900665283,0.818076491355896
exploration,cross_same_variable,125,155,0125_2.jpg,0155_3.jpg,0,0.4857708215713501,0.80537348985672
exploration,cross_same_variable,125,156,0125_2.jpg,0156_3.jpg,0,0.4678134024143219,0.8144233822822571
exploration,cross_same_variable,125,189,0125_2.jpg,0189_3.jpg,0,0.5542910099029541,0.7983639240264893
exploration,cross_same_variable,125,243,0125_2.jpg,0243_3.jpg,0,0.5300338268280029,0.8094925284385681
exploration,cross_same_variable,125,244,0125_2.jpg,0244_3.jpg,0,0.4301226735115051,0.7878832817077637
exploration,cross_same_variable,125,19,0125_2.jpg,0019_3.jpg,0,0.4917352795600891,0.8034313321113586
exploration,cross_same_variable,125,38,0125_2.jpg,0038_3.jpg,0,0.5735246539115906,0.8360317945480347
exploration,cross_same_variable,125,56,0125_2.jpg,0056_3.jpg,0,0.6264307498931885,0.8519464731216431
exploration,cross_same_variable,125,83,0125_2.jpg,0083_3.jpg,0,0.5823391675949097,0.8180110454559326
exploration,cross_same_variable,125,119,0125_2.jpg,0119_3.jpg,0,0.5294499397277832,0.8126171231269836
exploration,cross_same_variable,127,127,0127_2.jpg,0127_3.jpg,1,0.592147946357727,0.8028661012649536
exploration,cross_same_variable,127,156,0127_2.jpg,0156_3.jpg,0,0.5473730564117432,0.8109909296035767
exploration,cross_same_variable,127,157,0127_2.jpg,0157_3.jpg,0,0.47406846284866333,0.7760272026062012
exploration,cross_same_variable,127,191,0127_2.jpg,0191_3.jpg,0,0.5327200889587402,0.7703486680984497
exploration,cross_same_variable,127,244,0127_2.jpg,0244_3.jpg,0,0.31191787123680115,0.7227057218551636
exploration,cross_same_variable,127,245,0127_2.jpg,0245_3.jpg,0,0.4466652572154999,0.7721650004386902
exploration,cross_same_variable,127,20,0127_2.jpg,0020_3.jpg,0,0.5172015428543091,0.7912592887878418
exploration,cross_same_variable,127,39,0127_2.jpg,0039_3.jpg,0,0.5711864233016968,0.7986670732498169
exploration,cross_same_variable,127,57,0127_2.jpg,0057_3.jpg,0,0.5086952447891235,0.7928048372268677
exploration,cross_same_variable,127,85,0127_2.jpg,0085_3.jpg,0,0.532990038394928,0.7600781917572021
exploration,cross_same_variable,127,122,0127_2.jpg,0122_3.jpg,0,0.48995763063430786,0.7663845419883728
exploration,cross_same_variable,130,130,0130_2.jpg,0130_3.jpg,1,0.5521458983421326,0.7985737323760986
exploration,cross_same_variable,130,157,0130_2.jpg,0157_3.jpg,0,0.5377689003944397,0.7950353622436523
exploration,cross_same_variable,130,158,0130_2.jpg,0158_3.jpg,0,0.5809668898582458,0.8112509250640869
exploration,cross_same_variable,130,192,0130_2.jpg,0192_3.jpg,0,0.5743765830993652,0.812920331954956
exploration,cross_same_variable,130,245,0130_2.jpg,0245_3.jpg,0,0.5443305373191833,0.8202492594718933
exploration,cross_same_variable,130,246,0130_2.jpg,0246_3.jpg,0,0.6621366739273071,0.8523613214492798
exploration,cross_same_variable,130,21,0130_2.jpg,0021_3.jpg,0,0.5731937885284424,0.7866854667663574
exploration,cross_same_variable,130,40,0130_2.jpg,0040_3.jpg,0,0.5894993543624878,0.8224369287490845
exploration,cross_same_variable,130,59,0130_2.jpg,0059_3.jpg,0,0.5370134115219116,0.8280211687088013
exploration,cross_same_variable,130,86,0130_2.jpg,0086_3.jpg,0,0.5537412166595459,0.8236438035964966
exploration,cross_same_variable,130,123,0130_2.jpg,0123_3.jpg,0,0.5080148577690125,0.7778526544570923
exploration,cross_same_variable,132,132,0132_2.jpg,0132_3.jpg,1,0.6020653247833252,0.8192189931869507
exploration,cross_same_variable,132,158,0132_2.jpg,0158_3.jpg,0,0.5841487646102905,0.7825182676315308
exploration,cross_same_variable,132,159,0132_2.jpg,0159_3.jpg,0,0.6341036558151245,0.8536508083343506
exploration,cross_same_variable,132,196,0132_2.jpg,0196_3.jpg,0,0.5678922533988953,0.789031982421875
exploration,cross_same_variable,132,246,0132_2.jpg,0246_3.jpg,0,0.6297416687011719,0.8244901895523071
exploration,cross_same_variable,132,247,0132_2.jpg,0247_3.jpg,0,0.6473308801651001,0.8278988599777222
exploration,cross_same_variable,132,22,0132_2.jpg,0022_3.jpg,0,0.6195396780967712,0.8232016563415527
exploration,cross_same_variable,132,42,0132_2.jpg,0042_3.jpg,0,0.5511658191680908,0.7835694551467896
exploration,cross_same_variable,132,60,0132_2.jpg,0060_3.jpg,0,0.5365768074989319,0.78275465965271
exploration,cross_same_variable,132,87,0132_2.jpg,0087_3.jpg,0,0.5678191184997559,0.8156366944313049
exploration,cross_same_variable,132,124,0132_2.jpg,0124_3.jpg,0,0.5650733113288879,0.7453894019126892
exploration,cross_same_variable,133,133,0133_2.jpg,0133_3.jpg,1,0.5692565441131592,0.8014827966690063
exploration,cross_same_variable,133,159,0133_2.jpg,0159_3.jpg,0,0.6313039064407349,0.8490237593650818
exploration,cross_same_variable,133,161,0133_2.jpg,0161_3.jpg,0,0.4936831593513489,0.7760722041130066
exploration,cross_same_variable,133,197,0133_2.jpg,0197_3.jpg,0,0.5894649028778076,0.839759349822998
exploration,cross_same_variable,133,247,0133_2.jpg,0247_3.jpg,0,0.6136438846588135,0.812955379486084
exploration,cross_same_variable,133,248,0133_2.jpg,0248_3.jpg,0,0.5295873880386353,0.7866969108581543
exploration,cross_same_variable,133,25,0133_2.jpg,0025_3.jpg,0,0.38726121187210083,0.7172759771347046
exploration,cross_same_variable,133,43,0133_2.jpg,0043_3.jpg,0,0.5343270301818848,0.7884255647659302
exploration,cross_same_variable,133,61,0133_2.jpg,0061_3.jpg,0,0.5731695890426636,0.7897896766662598
exploration,cross_same_variable,133,89,0133_2.jpg,0089_3.jpg,0,0.5669721364974976,0.8037700057029724
exploration,cross_same_variable,133,125,0133_2.jpg,0125_3.jpg,0,0.5398969054222107,0.78223717212677
exploration,cross_same_variable,134,134,0134_2.jpg,0134_3.jpg,1,0.44120410084724426,0.7767579555511475
exploration,cross_same_variable,134,161,0134_2.jpg,0161_3.jpg,0,0.4756041169166565,0.7860285043716431
exploration,cross_same_variable,134,162,0134_2.jpg,0162_3.jpg,0,0.49953415989875793,0.776287317276001
exploration,cross_same_variable,134,198,0134_2.jpg,0198_3.jpg,0,0.47653457522392273,0.7772939205169678
exploration,cross_same_variable,134,248,0134_2.jpg,0248_3.jpg,0,0.422517329454422,0.7728915214538574
exploration,cross_same_variable,134,249,0134_2.jpg,0249_3.jpg,0,0.4658161997795105,0.749544084072113
exploration,cross_same_variable,134,26,0134_2.jpg,0026_3.jpg,0,0.4850913882255554,0.7779281735420227
exploration,cross_same_variable,134,46,0134_2.jpg,0046_3.jpg,0,0.44430023431777954,0.7343481779098511
exploration,cross_same_variable,134,62,0134_2.jpg,0062_3.jpg,0,0.4628543257713318,0.756350040435791
exploration,cross_same_variable,134,90,0134_2.jpg,0090_3.jpg,0,0.49462899565696716,0.7766697406768799
exploration,cross_same_variable,134,127,0134_2.jpg,0127_3.jpg,0,0.5106611251831055,0.7504328489303589
exploration,cross_same_variable,135,135,0135_2.jpg,0135_3.jpg,1,0.5135273337364197,0.7879260778427124
exploration,cross_same_variable,135,162,0135_2.jpg,0162_3.jpg,0,0.5317254066467285,0.788792610168457
exploration,cross_same_variable,135,163,0135_2.jpg,0163_3.jpg,0,0.507725715637207,0.7721545696258545
exploration,cross_same_variable,135,199,0135_2.jpg,0199_3.jpg,0,0.4769875705242157,0.7884030342102051
exploration,cross_same_variable,135,249,0135_2.jpg,0249_3.jpg,0,0.47892385721206665,0.769432008266449
exploration,cross_same_variable,135,250,0135_2.jpg,0250_3.jpg,0,0.48856762051582336,0.7646914720535278
exploration,cross_same_variable,135,27,0135_2.jpg,0027_3.jpg,0,0.47230759263038635,0.7620136737823486
exploration,cross_same_variable,135,47,0135_2.jpg,0047_3.jpg,0,0.4952939450740814,0.7845927476882935
exploration,cross_same_variable,135,65,0135_2.jpg,0065_3.jpg,0,0.4767293632030487,0.7710615992546082
exploration,cross_same_variable,135,91,0135_2.jpg,0091_3.jpg,0,0.5193701386451721,0.806969165802002
exploration,cross_same_variable,135,130,0135_2.jpg,0130_3.jpg,0,0.47990691661834717,0.7590104341506958
exploration,cross_same_variable,138,138,0138_2.jpg,0138_3.jpg,1,0.6803624629974365,0.8453509211540222
exploration,cross_same_variable,138,163,0138_2.jpg,0163_3.jpg,0,0.6044256687164307,0.838744044303894
exploration,cross_same_variable,138,164,0138_2.jpg,0164_3.jpg,0,0.6549053192138672,0.8257689476013184
exploration,cross_same_variable,138,200,0138_2.jpg,0200_3.jpg,0,0.6221407651901245,0.8562750816345215
exploration,cross_same_variable,138,250,0138_2.jpg,0250_3.jpg,0,0.6308892369270325,0.8402200937271118
exploration,cross_same_variable,138,251,0138_2.jpg,0251_3.jpg,0,0.563643217086792,0.8198180794715881
exploration,cross_same_variable,138,29,0138_2.jpg,0029_3.jpg,0,0.5976163148880005,0.8504505157470703
exploration,cross_same_variable,138,49,0138_2.jpg,0049_3.jpg,0,0.5891813635826111,0.854458749294281
exploration,cross_same_variable,138,66,0138_2.jpg,0066_3.jpg,0,0.5825278759002686,0.8111124038696289
exploration,cross_same_variable,138,92,0138_2.jpg,0092_3.jpg,0,0.6498955488204956,0.8379768133163452
exploration,cross_same_variable,138,132,0138_2.jpg,0132_3.jpg,0,0.6461856961250305,0.8512803316116333
exploration,cross_same_variable,140,140,0140_2.jpg,0140_3.jpg,1,0.5827980637550354,0.7927766442298889
exploration,cross_same_variable,140,164,0140_2.jpg,0164_3.jpg,0,0.5330132246017456,0.7500531077384949
exploration,cross_same_variable,140,167,0140_2.jpg,0167_3.jpg,0,0.4973340928554535,0.7379208207130432
exploration,cross_same_variable,140,201,0140_2.jpg,0201_3.jpg,0,0.5036007761955261,0.7623122334480286
exploration,cross_same_variable,140,251,0140_2.jpg,0251_3.jpg,0,0.47689446806907654,0.7547287940979004
exploration,cross_same_variable,140,252,0140_2.jpg,0252_3.jpg,0,0.5611845254898071,0.7728400230407715
exploration,cross_same_variable,140,30,0140_2.jpg,0030_3.jpg,0,0.5411399006843567,0.7987358570098877
exploration,cross_same_variable,140,55,0140_2.jpg,0055_3.jpg,0,0.5354260206222534,0.7844650745391846
exploration,cross_same_variable,140,67,0140_2.jpg,0067_3.jpg,0,0.4386395215988159,0.7504463195800781
exploration,cross_same_variable,140,93,0140_2.jpg,0093_3.jpg,0,0.544840931892395,0.7599450349807739
exploration,cross_same_variable,140,133,0140_2.jpg,0133_3.jpg,0,0.5999550223350525,0.820155680179596
exploration,cross_same_variable,142,142,0142_2.jpg,0142_3.jpg,1,0.6083307266235352,0.7958571910858154
exploration,cross_same_variable,142,167,0142_2.jpg,0167_3.jpg,0,0.46331048011779785,0.7142285108566284
exploration,cross_same_variable,142,168,0142_2.jpg,0168_3.jpg,0,0.6164195537567139,0.8294750452041626
exploration,cross_same_variable,142,203,0142_2.jpg,0203_3.jpg,0,0.5409461855888367,0.7528462409973145
exploration,cross_same_variable,142,252,0142_2.jpg,0252_3.jpg,0,0.5361491441726685,0.7494726777076721
exploration,cross_same_variable,142,255,0142_2.jpg,0255_3.jpg,0,0.6007477641105652,0.7964071035385132
exploration,cross_same_variable,142,31,0142_2.jpg,0031_3.jpg,0,0.5152084827423096,0.7882379293441772
exploration,cross_same_variable,142,56,0142_2.jpg,0056_3.jpg,0,0.5703074336051941,0.7938131093978882
exploration,cross_same_variable,142,70,0142_2.jpg,0070_3.jpg,0,0.47274544835090637,0.7166054248809814
exploration,cross_same_variable,142,94,0142_2.jpg,0094_3.jpg,0,0.477362722158432,0.7599399089813232
exploration,cross_same_variable,142,134,0142_2.jpg,0134_3.jpg,0,0.4728081226348877,0.7576318979263306
exploration,cross_same_variable,146,146,0146_2.jpg,0146_3.jpg,1,0.5420322418212891,0.7784489393234253
exploration,cross_same_variable,146,168,0146_2.jpg,0168_3.jpg,0,0.6119859218597412,0.8408699035644531
exploration,cross_same_variable,146,169,0146_2.jpg,0169_3.jpg,0,0.5660074353218079,0.7870165109634399
exploration,cross_same_variable,146,204,0146_2.jpg,0204_3.jpg,0,0.6007477045059204,0.7952724099159241
exploration,cross_same_variable,146,255,0146_2.jpg,0255_3.jpg,0,0.577617347240448,0.7931950092315674
exploration,cross_same_variable,146,256,0146_2.jpg,0256_3.jpg,0,0.5455484390258789,0.7495086193084717
exploration,cross_same_variable,146,35,0146_2.jpg,0035_3.jpg,0,0.5808319449424744,0.7945396900177002
exploration,cross_same_variable,146,57,0146_2.jpg,0057_3.jpg,0,0.5398379564285278,0.7928428649902344
exploration,cross_same_variable,146,71,0146_2.jpg,0071_3.jpg,0,0.5571589469909668,0.824654757976532
exploration,cross_same_variable,146,96,0146_2.jpg,0096_3.jpg,0,0.5140277743339539,0.7576231956481934
exploration,cross_same_variable,146,135,0146_2.jpg,0135_3.jpg,0,0.5000948905944824,0.7641445398330688
exploration,cross_same_variable,147,147,0147_2.jpg,0147_3.jpg,1,0.5199087858200073,0.7738047242164612
exploration,cross_same_variable,147,169,0147_2.jpg,0169_3.jpg,0,0.5159151554107666,0.7706762552261353
exploration,cross_same_variable,147,171,0147_2.jpg,0171_3.jpg,0,0.4926905035972595,0.7519787549972534
exploration,cross_same_variable,147,206,0147_2.jpg,0206_3.jpg,0,0.46571677923202515,0.7634851932525635
exploration,cross_same_variable,147,256,0147_2.jpg,0256_3.jpg,0,0.5107312202453613,0.7311719059944153
exploration,cross_same_variable,147,260,0147_2.jpg,0260_3.jpg,0,0.58014976978302,0.7788751125335693
exploration,cross_same_variable,147,38,0147_2.jpg,0038_3.jpg,0,0.566498875617981,0.7841696739196777
exploration,cross_same_variable,147,59,0147_2.jpg,0059_3.jpg,0,0.5416715145111084,0.8114523887634277
exploration,cross_same_variable,147,74,0147_2.jpg,0074_3.jpg,0,0.4527265429496765,0.7498864531517029
exploration,cross_same_variable,147,97,0147_2.jpg,0097_3.jpg,0,0.45258253812789917,0.7307854294776917
exploration,cross_same_variable,147,138,0147_2.jpg,0138_3.jpg,0,0.5093300938606262,0.7504167556762695
exploration,cross_same_variable,148,148,0148_2.jpg,0148_3.jpg,1,0.6284842491149902,0.8069953322410583
exploration,cross_same_variable,148,171,0148_2.jpg,0171_3.jpg,0,0.5360857248306274,0.7881609797477722
exploration,cross_same_variable,148,172,0148_2.jpg,0172_3.jpg,0,0.5741779208183289,0.7938295602798462
exploration,cross_same_variable,148,207,0148_2.jpg,0207_3.jpg,0,0.5680658221244812,0.7875129580497742
exploration,cross_same_variable,148,260,0148_2.jpg,0260_3.jpg,0,0.5944305658340454,0.79069983959198
exploration,cross_same_variable,148,261,0148_2.jpg,0261_3.jpg,0,0.5096627473831177,0.7800999879837036
exploration,cross_same_variable,148,39,0148_2.jpg,0039_3.jpg,0,0.6193090081214905,0.7784579992294312
exploration,cross_same_variable,148,60,0148_2.jpg,0060_3.jpg,0,0.4879336655139923,0.7644176483154297
exploration,cross_same_variable,148,75,0148_2.jpg,0075_3.jpg,0,0.4682139754295349,0.7671055793762207
exploration,cross_same_variable,148,98,0148_2.jpg,0098_3.jpg,0,0.502224326133728,0.7613772749900818
exploration,cross_same_variable,148,140,0148_2.jpg,0140_3.jpg,0,0.5353140830993652,0.7857663631439209
exploration,cross_same_variable,152,152,0152_2.jpg,0152_3.jpg,1,0.4964338541030884,0.7922515869140625
exploration,cross_same_variable,152,172,0152_2.jpg,0172_3.jpg,0,0.5753121376037598,0.8224393725395203
exploration,cross_same_variable,152,178,0152_2.jpg,0178_3.jpg,0,0.5309669971466064,0.8164517879486084
exploration,cross_same_variable,152,208,0152_2.jpg,0208_3.jpg,0,0.5117899179458618,0.8156947493553162
exploration,cross_same_variable,152,261,0152_2.jpg,0261_3.jpg,0,0.5399627685546875,0.7906409502029419
exploration,cross_same_variable,152,262,0152_2.jpg,0262_3.jpg,0,0.5930569171905518,0.8305711150169373
exploration,cross_same_variable,152,40,0152_2.jpg,0040_3.jpg,0,0.49842894077301025,0.8054459095001221
exploration,cross_same_variable,152,61,0152_2.jpg,0061_3.jpg,0,0.5773290395736694,0.816241979598999
exploration,cross_same_variable,152,76,0152_2.jpg,0076_3.jpg,0,0.5585025548934937,0.8013505339622498
exploration,cross_same_variable,152,100,0152_2.jpg,0100_3.jpg,0,0.5012453198432922,0.7847293615341187
exploration,cross_same_variable,152,142,0152_2.jpg,0142_3.jpg,0,0.5802503824234009,0.8053135275840759
exploration,cross_same_variable,153,153,0153_2.jpg,0153_3.jpg,1,0.6080663800239563,0.8335011601448059
exploration,cross_same_variable,153,178,0153_2.jpg,0178_3.jpg,0,0.6150774955749512,0.8467749357223511
exploration,cross_same_variable,153,179,0153_2.jpg,0179_3.jpg,0,0.5633214712142944,0.82282555103302
exploration,cross_same_variable,153,209,0153_2.jpg,0209_3.jpg,0,0.5909936428070068,0.7926012277603149
exploration,cross_same_variable,153,262,0153_2.jpg,0262_3.jpg,0,0.6254748106002808,0.8437240719795227
exploration,cross_same_variable,153,263,0153_2.jpg,0263_3.jpg,0,0.5897833108901978,0.8217993378639221
exploration,cross_same_variable,153,42,0153_2.jpg,0042_3.jpg,0,0.5865553617477417,0.8160409927368164
exploration,cross_same_variable,153,62,0153_2.jpg,0062_3.jpg,0,0.6534473299980164,0.8411594033241272
exploration,cross_same_variable,153,77,0153_2.jpg,0077_3.jpg,0,0.6035572290420532,0.818698525428772
exploration,cross_same_variable,153,101,0153_2.jpg,0101_3.jpg,0,0.5753985643386841,0.8274564743041992
exploration,cross_same_variable,153,146,0153_2.jpg,0146_3.jpg,0,0.5325319766998291,0.8127343654632568
exploration,cross_same_variable,154,154,0154_2.jpg,0154_3.jpg,1,0.6582344770431519,0.8763726949691772
exploration,cross_same_variable,154,179,0154_2.jpg,0179_3.jpg,0,0.553946852684021,0.7927342653274536
exploration,cross_same_variable,154,180,0154_2.jpg,0180_3.jpg,0,0.6055968999862671,0.8039590120315552
exploration,cross_same_variable,154,211,0154_2.jpg,0211_3.jpg,0,0.5309783220291138,0.7882952690124512
exploration,cross_same_variable,154,263,0154_2.jpg,0263_3.jpg,0,0.5214693546295166,0.7730022668838501
exploration,cross_same_variable,154,264,0154_2.jpg,0264_3.jpg,0,0.5817992091178894,0.8043965101242065
exploration,cross_same_variable,154,43,0154_2.jpg,0043_3.jpg,0,0.5044552087783813,0.7821829319000244
exploration,cross_same_variable,154,65,0154_2.jpg,0065_3.jpg,0,0.5111550092697144,0.7719137072563171
exploration,cross_same_variable,154,78,0154_2.jpg,0078_3.jpg,0,0.5574939250946045,0.7803609371185303
exploration,cross_same_variable,154,103,0154_2.jpg,0103_3.jpg,0,0.5340899229049683,0.7991057634353638
exploration,cross_same_variable,154,147,0154_2.jpg,0147_3.jpg,0,0.5051515102386475,0.7702831029891968
exploration,cross_same_variable,155,155,0155_2.jpg,0155_3.jpg,1,0.6761776804924011,0.836841344833374
exploration,cross_same_variable,155,180,0155_2.jpg,0180_3.jpg,0,0.674888014793396,0.8423869609832764
exploration,cross_same_variable,155,181,0155_2.jpg,0181_3.jpg,0,0.6256204843521118,0.8158491253852844
exploration,cross_same_variable,155,212,0155_2.jpg,0212_3.jpg,0,0.6337032914161682,0.7918714284896851
exploration,cross_same_variable,155,264,0155_2.jpg,0264_3.jpg,0,0.6500153541564941,0.8423477411270142
exploration,cross_same_variable,155,265,0155_2.jpg,0265_3.jpg,0,0.6421502828598022,0.809375524520874
exploration,cross_same_variable,155,46,0155_2.jpg,0046_3.jpg,0,0.6371428966522217,0.8316782116889954
exploration,cross_same_variable,155,66,0155_2.jpg,0066_3.jpg,0,0.6205103993415833,0.8069576025009155
exploration,cross_same_variable,155,79,0155_2.jpg,0079_3.jpg,0,0.595551609992981,0.8092551231384277
exploration,cross_same_variable,155,104,0155_2.jpg,0104_3.jpg,0,0.5755499601364136,0.7962509989738464
exploration,cross_same_variable,155,148,0155_2.jpg,0148_3.jpg,0,0.6427631378173828,0.8350213766098022
exploration,cross_same_variable,156,156,0156_2.jpg,0156_3.jpg,1,0.7464532256126404,0.8752975463867188
exploration,cross_same_variable,156,181,0156_2.jpg,0181_3.jpg,0,0.6040120124816895,0.7942583560943604
exploration,cross_same_variable,156,183,0156_2.jpg,0183_3.jpg,0,0.6342294216156006,0.8018819093704224
exploration,cross_same_variable,156,213,0156_2.jpg,0213_3.jpg,0,0.6120011806488037,0.8014755249023438
exploration,cross_same_variable,156,265,0156_2.jpg,0265_3.jpg,0,0.5951306819915771,0.7869733572006226
exploration,cross_same_variable,156,266,0156_2.jpg,0266_3.jpg,0,0.6364293098449707,0.8112087249755859
exploration,cross_same_variable,156,47,0156_2.jpg,0047_3.jpg,0,0.5406498908996582,0.8029110431671143
exploration,cross_same_variable,156,67,0156_2.jpg,0067_3.jpg,0,0.44916385412216187,0.7646895051002502
exploration,cross_same_variable,156,81,0156_2.jpg,0081_3.jpg,0,0.5437072515487671,0.7931942343711853
exploration,cross_same_variable,156,105,0156_2.jpg,0105_3.jpg,0,0.6106652021408081,0.8140314817428589
exploration,cross_same_variable,156,152,0156_2.jpg,0152_3.jpg,0,0.5289698839187622,0.791257381439209
exploration,cross_same_variable,157,157,0157_2.jpg,0157_3.jpg,1,0.5224825143814087,0.800054669380188
exploration,cross_same_variable,157,183,0157_2.jpg,0183_3.jpg,0,0.510185956954956,0.7891839742660522
exploration,cross_same_variable,157,185,0157_2.jpg,0185_3.jpg,0,0.4629478454589844,0.7784734964370728
exploration,cross_same_variable,157,214,0157_2.jpg,0214_3.jpg,0,0.42961055040359497,0.7642102837562561
exploration,cross_same_variable,157,266,0157_2.jpg,0266_3.jpg,0,0.5385109186172485,0.8175649642944336
exploration,cross_same_variable,157,267,0157_2.jpg,0267_3.jpg,0,0.49163323640823364,0.7977312803268433
exploration,cross_same_variable,157,49,0157_2.jpg,0049_3.jpg,0,0.5102376937866211,0.8278138637542725
exploration,cross_same_variable,157,70,0157_2.jpg,0070_3.jpg,0,0.3188815712928772,0.7298901677131653
exploration,cross_same_variable,157,83,0157_2.jpg,0083_3.jpg,0,0.47739166021347046,0.7718434929847717
exploration,cross_same_variable,157,106,0157_2.jpg,0106_3.jpg,0,0.41676032543182373,0.7388916015625
exploration,cross_same_variable,157,153,0157_2.jpg,0153_3.jpg,0,0.5081126689910889,0.7922720313072205
exploration,cross_same_variable,158,158,0158_2.jpg,0158_3.jpg,1,0.6612305641174316,0.819008469581604
exploration,cross_same_variable,158,185,0158_2.jpg,0185_3.jpg,0,0.5340803861618042,0.768717348575592
exploration,cross_same_variable,158,188,0158_2.jpg,0188_3.jpg,0,0.6283301115036011,0.8388628959655762
exploration,cross_same_variable,158,216,0158_2.jpg,0216_3.jpg,0,0.6557587385177612,0.8402354717254639
exploration,cross_same_variable,158,267,0158_2.jpg,0267_3.jpg,0,0.6462039947509766,0.8096159100532532
exploration,cross_same_variable,158,271,0158_2.jpg,0271_3.jpg,0,0.6040760278701782,0.7663251161575317
exploration,cross_same_variable,158,55,0158_2.jpg,0055_3.jpg,0,0.5768696069717407,0.8104289770126343
exploration,cross_same_variable,158,71,0158_2.jpg,0071_3.jpg,0,0.5737333297729492,0.8210707902908325
exploration,cross_same_variable,158,85,0158_2.jpg,0085_3.jpg,0,0.5542497038841248,0.7516175508499146
exploration,cross_same_variable,158,107,0158_2.jpg,0107_3.jpg,0,0.5878516435623169,0.7956857085227966
exploration,cross_same_variable,158,154,0158_2.jpg,0154_3.jpg,0,0.7521378993988037,0.8871995210647583
exploration,cross_same_variable,159,159,0159_2.jpg,0159_3.jpg,1,0.7000301480293274,0.8848121762275696
exploration,cross_same_variable,159,188,0159_2.jpg,0188_3.jpg,0,0.6408156156539917,0.8337047100067139
exploration,cross_same_variable,159,189,0159_2.jpg,0189_3.jpg,0,0.5439102649688721,0.7707163095474243
exploration,cross_same_variable,159,219,0159_2.jpg,0219_3.jpg,0,0.5499810576438904,0.7978962063789368
exploration,cross_same_variable,159,271,0159_2.jpg,0271_3.jpg,0,0.6118900179862976,0.7604666352272034
exploration,cross_same_variable,159,272,0159_2.jpg,0272_3.jpg,0,0.6642796993255615,0.8278443813323975
exploration,cross_same_variable,159,56,0159_2.jpg,0056_3.jpg,0,0.6360443830490112,0.8382027745246887
exploration,cross_same_variable,159,74,0159_2.jpg,0074_3.jpg,0,0.5754077434539795,0.7831721305847168
exploration,cross_same_variable,159,86,0159_2.jpg,0086_3.jpg,0,0.5314980745315552,0.799178421497345
exploration,cross_same_variable,159,109,0159_2.jpg,0109_3.jpg,0,0.5559675693511963,0.7758340239524841
exploration,cross_same_variable,159,155,0159_2.jpg,0155_3.jpg,0,0.6094130277633667,0.8039880990982056
exploration,cross_same_variable,161,161,0161_2.jpg,0161_3.jpg,1,0.5233205556869507,0.7838940024375916
exploration,cross_same_variable,161,189,0161_2.jpg,0189_3.jpg,0,0.43291687965393066,0.7272700071334839
exploration,cross_same_variable,161,191,0161_2.jpg,0191_3.jpg,0,0.48267412185668945,0.7207629680633545
exploration,cross_same_variable,161,220,0161_2.jpg,0220_3.jpg,0,0.5487990379333496,0.8104803562164307
exploration,cross_same_variable,161,272,0161_2.jpg,0272_3.jpg,0,0.5952956080436707,0.8010244369506836
exploration,cross_same_variable,161,273,0161_2.jpg,0273_3.jpg,0,0.4867374897003174,0.745193362236023
exploration,cross_same_variable,161,57,0161_2.jpg,0057_3.jpg,0,0.4910007417201996,0.7673689723014832
exploration,cross_same_variable,161,75,0161_2.jpg,0075_3.jpg,0,0.40402257442474365,0.7511537671089172
exploration,cross_same_variable,161,87,0161_2.jpg,0087_3.jpg,0,0.5418773889541626,0.8124881386756897
exploration,cross_same_variable,161,110,0161_2.jpg,0110_3.jpg,0,0.543641209602356,0.8040914535522461
exploration,cross_same_variable,161,156,0161_2.jpg,0156_3.jpg,0,0.5333403944969177,0.7808489799499512
exploration,cross_same_variable,162,162,0162_2.jpg,0162_3.jpg,1,0.5875264406204224,0.7906036376953125
exploration,cross_same_variable,162,191,0162_2.jpg,0191_3.jpg,0,0.5118821859359741,0.7361881732940674
exploration,cross_same_variable,162,192,0162_2.jpg,0192_3.jpg,0,0.4499870240688324,0.7449164986610413
exploration,cross_same_variable,162,221,0162_2.jpg,0221_3.jpg,0,0.5682313442230225,0.7900693416595459
exploration,cross_same_variable,162,273,0162_2.jpg,0273_3.jpg,0,0.49367380142211914,0.7498504519462585
exploration,cross_same_variable,162,274,0162_2.jpg,0274_3.jpg,0,0.5187797546386719,0.7901421785354614
exploration,cross_same_variable,162,59,0162_2.jpg,0059_3.jpg,0,0.6037808060646057,0.8217819929122925
exploration,cross_same_variable,162,76,0162_2.jpg,0076_3.jpg,0,0.39135468006134033,0.722620964050293
exploration,cross_same_variable,162,89,0162_2.jpg,0089_3.jpg,0,0.46227431297302246,0.7484838962554932
exploration,cross_same_variable,162,114,0162_2.jpg,0114_3.jpg,0,0.4292756915092468,0.6974681615829468
exploration,cross_same_variable,162,157,0162_2.jpg,0157_3.jpg,0,0.44045770168304443,0.7423608303070068
exploration,cross_same_variable,163,163,0163_2.jpg,0163_3.jpg,1,0.6315033435821533,0.830546498298645
exploration,cross_same_variable,163,192,0163_2.jpg,0192_3.jpg,0,0.5612344741821289,0.8137471675872803
exploration,cross_same_variable,163,196,0163_2.jpg,0196_3.jpg,0,0.5664565563201904,0.7956632375717163
exploration,cross_same_variable,163,223,0163_2.jpg,0223_3.jpg,0,0.5601715445518494,0.8196443319320679
exploration,cross_same_variable,163,274,0163_2.jpg,0274_3.jpg,0,0.6056375503540039,0.83795166015625
exploration,cross_same_variable,163,276,0163_2.jpg,0276_3.jpg,0,0.6180745363235474,0.8402432203292847
exploration,cross_same_variable,163,60,0163_2.jpg,0060_3.jpg,0,0.558428168296814,0.8159210681915283
exploration,cross_same_variable,163,77,0163_2.jpg,0077_3.jpg,0,0.6060792207717896,0.8145793676376343
exploration,cross_same_variable,163,90,0163_2.jpg,0090_3.jpg,0,0.5899450778961182,0.8248345255851746
exploration,cross_same_variable,163,116,0163_2.jpg,0116_3.jpg,0,0.5402510762214661,0.7972495555877686
exploration,cross_same_variable,163,158,0163_2.jpg,0158_3.jpg,0,0.6159814596176147,0.819125771522522
exploration,cross_same_variable,164,164,0164_2.jpg,0164_3.jpg,1,0.6241805553436279,0.7791164517402649
exploration,cross_same_variable,164,196,0164_2.jpg,0196_3.jpg,0,0.5980559587478638,0.7842973470687866
exploration,cross_same_variable,164,197,0164_2.jpg,0197_3.jpg,0,0.6242296695709229,0.8399108052253723
exploration,cross_same_variable,164,224,0164_2.jpg,0224_3.jpg,0,0.6207643151283264,0.8088701963424683
exploration,cross_same_variable,164,276,0164_2.jpg,0276_3.jpg,0,0.6182871460914612,0.8062955141067505
exploration,cross_same_variable,164,279,0164_2.jpg,0279_3.jpg,0,0.6435434818267822,0.8104043006896973
exploration,cross_same_variable,164,61,0164_2.jpg,0061_3.jpg,0,0.5859057903289795,0.7627257704734802
exploration,cross_same_variable,164,78,0164_2.jpg,0078_3.jpg,0,0.563008725643158,0.7568943500518799
exploration,cross_same_variable,164,91,0164_2.jpg,0091_3.jpg,0,0.6902634501457214,0.8573209047317505
exploration,cross_same_variable,164,118,0164_2.jpg,0118_3.jpg,0,0.6394902467727661,0.8151752948760986
exploration,cross_same_variable,164,159,0164_2.jpg,0159_3.jpg,0,0.6690673828125,0.8550667762756348
exploration,cross_same_variable,167,167,0167_2.jpg,0167_3.jpg,1,0.5462557077407837,0.7474347949028015
exploration,cross_same_variable,167,197,0167_2.jpg,0197_3.jpg,0,0.6044552326202393,0.8485490083694458
exploration,cross_same_variable,167,198,0167_2.jpg,0198_3.jpg,0,0.5700883865356445,0.7712336778640747
exploration,cross_same_variable,167,225,0167_2.jpg,0225_3.jpg,0,0.5996044278144836,0.7496218085289001
exploration,cross_same_variable,167,279,0167_2.jpg,0279_3.jpg,0,0.6227173805236816,0.8202834129333496
exploration,cross_same_variable,167,281,0167_2.jpg,0281_3.jpg,0,0.5830743908882141,0.7721942067146301
exploration,cross_same_variable,167,62,0167_2.jpg,0062_3.jpg,0,0.5660680532455444,0.7574957609176636
exploration,cross_same_variable,167,79,0167_2.jpg,0079_3.jpg,0,0.5642737150192261,0.7646414041519165
exploration,cross_same_variable,167,92,0167_2.jpg,0092_3.jpg,0,0.6384177207946777,0.7789977788925171
exploration,cross_same_variable,167,119,0167_2.jpg,0119_3.jpg,0,0.5623428821563721,0.7817975282669067
exploration,cross_same_variable,167,161,0167_2.jpg,0161_3.jpg,0,0.5620434284210205,0.7636816501617432
exploration,cross_same_variable,168,168,0168_2.jpg,0168_3.jpg,1,0.6393454074859619,0.857014536857605
exploration,cross_same_variable,168,198,0168_2.jpg,0198_3.jpg,0,0.5255473852157593,0.7886272072792053
exploration,cross_same_variable,168,199,0168_2.jpg,0199_3.jpg,0,0.5332958698272705,0.8006242513656616
exploration,cross_same_variable,168,226,0168_2.jpg,0226_3.jpg,0,0.6003286838531494,0.8201345205307007
exploration,cross_same_variable,168,281,0168_2.jpg,0281_3.jpg,0,0.5455212593078613,0.7993702292442322
exploration,cross_same_variable,168,282,0168_2.jpg,0282_3.jpg,0,0.5333142280578613,0.7734538316726685
exploration,cross_same_variable,168,65,0168_2.jpg,0065_3.jpg,0,0.539455235004425,0.7857972383499146
exploration,cross_same_variable,168,81,0168_2.jpg,0081_3.jpg,0,0.5121995210647583,0.7875331044197083
exploration,cross_same_variable,168,93,0168_2.jpg,0093_3.jpg,0,0.552776575088501,0.7893012166023254
exploration,cross_same_variable,168,122,0168_2.jpg,0122_3.jpg,0,0.5073791742324829,0.7712955474853516
exploration,cross_same_variable,168,162,0168_2.jpg,0162_3.jpg,0,0.5930704474449158,0.8106833696365356
exploration,cross_same_variable,169,169,0169_2.jpg,0169_3.jpg,1,0.6450350284576416,0.8268898725509644
exploration,cross_same_variable,169,199,0169_2.jpg,0199_3.jpg,0,0.5794602632522583,0.8234224319458008
exploration,cross_same_variable,169,200,0169_2.jpg,0200_3.jpg,0,0.5954522490501404,0.8271533250808716
exploration,cross_same_variable,169,227,0169_2.jpg,0227_3.jpg,0,0.5830941200256348,0.8129541873931885
exploration,cross_same_variable,169,282,0169_2.jpg,0282_3.jpg,0,0.6124956011772156,0.8025377988815308
exploration,cross_same_variable,169,1,0169_2.jpg,0001_3.jpg,0,0.6198850870132446,0.8199989795684814
exploration,cross_same_variable,169,66,0169_2.jpg,0066_3.jpg,0,0.6284708380699158,0.8148394823074341
exploration,cross_same_variable,169,83,0169_2.jpg,0083_3.jpg,0,0.6266982555389404,0.8166183233261108
exploration,cross_same_variable,169,94,0169_2.jpg,0094_3.jpg,0,0.5380168557167053,0.8076314926147461
exploration,cross_same_variable,169,123,0169_2.jpg,0123_3.jpg,0,0.5032568573951721,0.7744573950767517
exploration,cross_same_variable,169,163,0169_2.jpg,0163_3.jpg,0,0.5926771759986877,0.8165512084960938
exploration,cross_same_variable,171,171,0171_2.jpg,0171_3.jpg,1,0.5870619416236877,0.823370099067688
exploration,cross_same_variable,171,200,0171_2.jpg,0200_3.jpg,0,0.5584887266159058,0.8148484230041504
exploration,cross_same_variable,171,201,0171_2.jpg,0201_3.jpg,0,0.5963538885116577,0.8024275302886963
exploration,cross_same_variable,171,228,0171_2.jpg,0228_3.jpg,0,0.6027395725250244,0.7821083068847656
exploration,cross_same_variable,171,1,0171_2.jpg,0001_3.jpg,0,0.5719500780105591,0.79310142993927
exploration,cross_same_variable,171,2,0171_2.jpg,0002_3.jpg,0,0.6253985166549683,0.8139886260032654
exploration,cross_same_variable,171,67,0171_2.jpg,0067_3.jpg,0,0.5250825881958008,0.8045713901519775
exploration,cross_same_variable,171,85,0171_2.jpg,0085_3.jpg,0,0.611973762512207,0.7850176692008972
exploration,cross_same_variable,171,96,0171_2.jpg,0096_3.jpg,0,0.5273873805999756,0.8030916452407837
exploration,cross_same_variable,171,124,0171_2.jpg,0124_3.jpg,0,0.5830327272415161,0.745877742767334
exploration,cross_same_variable,171,164,0171_2.jpg,0164_3.jpg,0,0.6029458045959473,0.8007757663726807
exploration,cross_same_variable,172,172,0172_2.jpg,0172_3.jpg,1,0.5968579053878784,0.8124186396598816
exploration,cross_same_variable,172,201,0172_2.jpg,0201_3.jpg,0,0.5726343393325806,0.7983658313751221
exploration,cross_same_variable,172,203,0172_2.jpg,0203_3.jpg,0,0.5056923627853394,0.7859801650047302
exploration,cross_same_variable,172,229,0172_2.jpg,0229_3.jpg,0,0.5039846301078796,0.7651126384735107
exploration,cross_same_variable,172,2,0172_2.jpg,0002_3.jpg,0,0.5542469024658203,0.7947522401809692
exploration,cross_same_variable,172,3,0172_2.jpg,0003_3.jpg,0,0.5194131135940552,0.7876899242401123
exploration,cross_same_variable,172,70,0172_2.jpg,0070_3.jpg,0,0.4708549380302429,0.7582048177719116
exploration,cross_same_variable,172,86,0172_2.jpg,0086_3.jpg,0,0.5017881393432617,0.8083984851837158
exploration,cross_same_variable,172,97,0172_2.jpg,0097_3.jpg,0,0.5553721785545349,0.7839673161506653
exploration,cross_same_variable,172,125,0172_2.jpg,0125_3.jpg,0,0.5304255485534668,0.79137122631073
exploration,cross_same_variable,172,167,0172_2.jpg,0167_3.jpg,0,0.5005685687065125,0.7589903473854065
exploration,cross_same_variable,178,178,0178_2.jpg,0178_3.jpg,1,0.6468539237976074,0.8419674634933472
exploration,cross_same_variable,178,203,0178_2.jpg,0203_3.jpg,0,0.5205366611480713,0.7850693464279175
exploration,cross_same_variable,178,204,0178_2.jpg,0204_3.jpg,0,0.634611189365387,0.8260473608970642
exploration,cross_same_variable,178,231,0178_2.jpg,0231_3.jpg,0,0.5546177625656128,0.7828480005264282
exploration,cross_same_variable,178,3,0178_2.jpg,0003_3.jpg,0,0.5209805965423584,0.8081552386283875
exploration,cross_same_variable,178,6,0178_2.jpg,0006_3.jpg,0,0.4954327344894409,0.7572252154350281
exploration,cross_same_variable,178,71,0178_2.jpg,0071_3.jpg,0,0.5397557616233826,0.8352821469306946
exploration,cross_same_variable,178,87,0178_2.jpg,0087_3.jpg,0,0.5028879642486572,0.8343781232833862
exploration,cross_same_variable,178,98,0178_2.jpg,0098_3.jpg,0,0.5852742195129395,0.811232328414917
exploration,cross_same_variable,178,127,0178_2.jpg,0127_3.jpg,0,0.5598090291023254,0.7820801734924316
exploration,cross_same_variable,178,168,0178_2.jpg,0168_3.jpg,0,0.6200808882713318,0.8750301599502563
exploration,cross_same_variable,179,179,0179_2.jpg,0179_3.jpg,1,0.6123157143592834,0.8254647254943848
exploration,cross_same_variable,179,204,0179_2.jpg,0204_3.jpg,0,0.6132746934890747,0.7999894618988037
exploration,cross_same_variable,179,206,0179_2.jpg,0206_3.jpg,0,0.5152246356010437,0.7842893600463867
exploration,cross_same_variable,179,232,0179_2.jpg,0232_3.jpg,0,0.5647085905075073,0.7971071004867554
exploration,cross_same_variable,179,6,0179_2.jpg,0006_3.jpg,0,0.5524845719337463,0.7709617614746094
exploration,cross_same_variable,179,7,0179_2.jpg,0007_3.jpg,0,0.6093374490737915,0.8199605941772461
exploration,cross_same_variable,179,74,0179_2.jpg,0074_3.jpg,0,0.5454539060592651,0.7808672785758972
exploration,cross_same_variable,179,89,0179_2.jpg,0089_3.jpg,0,0.5576419830322266,0.805040717124939
exploration,cross_same_variable,179,100,0179_2.jpg,0100_3.jpg,0,0.49951454997062683,0.7727804183959961
exploration,cross_same_variable,179,130,0179_2.jpg,0130_3.jpg,0,0.5073716640472412,0.7582132816314697
exploration,cross_same_variable,179,169,0179_2.jpg,0169_3.jpg,0,0.522688627243042,0.7710775136947632
exploration,cross_same_variable,180,180,0180_2.jpg,0180_3.jpg,1,0.6500564813613892,0.8667511343955994
exploration,cross_same_variable,180,206,0180_2.jpg,0206_3.jpg,0,0.5080878734588623,0.8135423064231873
exploration,cross_same_variable,180,207,0180_2.jpg,0207_3.jpg,0,0.6333662271499634,0.8444346785545349
exploration,cross_same_variable,180,234,0180_2.jpg,0234_3.jpg,0,0.576117217540741,0.8318271040916443
exploration,cross_same_variable,180,7,0180_2.jpg,0007_3.jpg,0,0.6602058410644531,0.8696516752243042
exploration,cross_same_variable,180,8,0180_2.jpg,0008_3.jpg,0,0.5702061057090759,0.8159310221672058
exploration,cross_same_variable,180,75,0180_2.jpg,0075_3.jpg,0,0.4162033796310425,0.7698057889938354
exploration,cross_same_variable,180,90,0180_2.jpg,0090_3.jpg,0,0.5705544948577881,0.8225682973861694
exploration,cross_same_variable,180,101,0180_2.jpg,0101_3.jpg,0,0.5502504110336304,0.8153171539306641
exploration,cross_same_variable,180,132,0180_2.jpg,0132_3.jpg,0,0.6045559644699097,0.8476418256759644
exploration,cross_same_variable,180,171,0180_2.jpg,0171_3.jpg,0,0.5305574536323547,0.8172268867492676
exploration,cross_same_variable,181,181,0181_2.jpg,0181_3.jpg,1,0.5411121249198914,0.7638665437698364
exploration,cross_same_variable,181,207,0181_2.jpg,0207_3.jpg,0,0.5834043025970459,0.776211678981781
exploration,cross_same_variable,181,208,0181_2.jpg,0208_3.jpg,0,0.46551328897476196,0.7387820482254028
exploration,cross_same_variable,181,235,0181_2.jpg,0235_3.jpg,0,0.6013197302818298,0.8086333274841309
exploration,cross_same_variable,181,8,0181_2.jpg,0008_3.jpg,0,0.5433533191680908,0.795762836933136
exploration,cross_same_variable,181,11,0181_2.jpg,0011_3.jpg,0,0.5439225435256958,0.788957953453064
exploration,cross_same_variable,181,76,0181_2.jpg,0076_3.jpg,0,0.4547308087348938,0.7178996801376343
exploration,cross_same_variable,181,91,0181_2.jpg,0091_3.jpg,0,0.5992896556854248,0.8532266020774841
exploration,cross_same_variable,181,103,0181_2.jpg,0103_3.jpg,0,0.5294291973114014,0.759696364402771
exploration,cross_same_variable,181,133,0181_2.jpg,0133_3.jpg,0,0.5358097553253174,0.8013777136802673
exploration,cross_same_variable,181,172,0181_2.jpg,0172_3.jpg,0,0.5673990249633789,0.7747374773025513
exploration,cross_same_variable,183,183,0183_2.jpg,0183_3.jpg,1,0.6852101683616638,0.820204496383667
exploration,cross_same_variable,183,208,0183_2.jpg,0208_3.jpg,0,0.49261850118637085,0.7598037123680115
exploration,cross_same_variable,183,209,0183_2.jpg,0209_3.jpg,0,0.6085711121559143,0.7564160823822021
exploration,cross_same_variable,183,237,0183_2.jpg,0237_3.jpg,0,0.5622942447662354,0.7524526715278625
exploration,cross_same_variable,183,11,0183_2.jpg,0011_3.jpg,0,0.6069658994674683,0.8018292784690857
exploration,cross_same_variable,183,12,0183_2.jpg,0012_3.jpg,0,0.5281556248664856,0.7709369659423828
exploration,cross_same_variable,183,77,0183_2.jpg,0077_3.jpg,0,0.6370753645896912,0.8096693158149719
exploration,cross_same_variable,183,92,0183_2.jpg,0092_3.jpg,0,0.6321671605110168,0.7927803993225098
exploration,cross_same_variable,183,104,0183_2.jpg,0104_3.jpg,0,0.5535792112350464,0.7936736345291138
exploration,cross_same_variable,183,134,0183_2.jpg,0134_3.jpg,0,0.516321063041687,0.7867234349250793
exploration,cross_same_variable,183,178,0183_2.jpg,0178_3.jpg,0,0.6402894258499146,0.8151957392692566
exploration,cross_same_variable,185,185,0185_2.jpg,0185_3.jpg,1,0.5934703350067139,0.7909268736839294
exploration,cross_same_variable,185,209,0185_2.jpg,0209_3.jpg,0,0.5143280029296875,0.7186137437820435
exploration,cross_same_variable,185,211,0185_2.jpg,0211_3.jpg,0,0.55852872133255,0.7826429009437561
exploration,cross_same_variable,185,239,0185_2.jpg,0239_3.jpg,0,0.5077849626541138,0.773391604423523
exploration,cross_same_variable,185,12,0185_2.jpg,0012_3.jpg,0,0.4473773241043091,0.7322120666503906
exploration,cross_same_variable,185,15,0185_2.jpg,0015_3.jpg,0,0.5135697722434998,0.7617127299308777
exploration,cross_same_variable,185,78,0185_2.jpg,0078_3.jpg,0,0.6085036396980286,0.7894343137741089
exploration,cross_same_variable,185,93,0185_2.jpg,0093_3.jpg,0,0.5614349842071533,0.7681399583816528
exploration,cross_same_variable,185,105,0185_2.jpg,0105_3.jpg,0,0.5300635695457458,0.7784126400947571
exploration,cross_same_variable,185,135,0185_2.jpg,0135_3.jpg,0,0.4643504023551941,0.7407716512680054
exploration,cross_same_variable,185,179,0185_2.jpg,0179_3.jpg,0,0.5406033992767334,0.7701413631439209
exploration,cross_same_variable,188,188,0188_2.jpg,0188_3.jpg,1,0.5724908709526062,0.7894591689109802
exploration,cross_same_variable,188,211,0188_2.jpg,0211_3.jpg,0,0.5197471976280212,0.7353736758232117
exploration,cross_same_variable,188,212,0188_2.jpg,0212_3.jpg,0,0.5362516641616821,0.7003722190856934
exploration,cross_same_variable,188,240,0188_2.jpg,0240_3.jpg,0,0.5697828531265259,0.766466498374939
exploration,cross_same_variable,188,15,0188_2.jpg,0015_3.jpg,0,0.5095897316932678,0.7161585688591003
exploration,cross_same_variable,188,18,0188_2.jpg,0018_3.jpg,0,0.4965903162956238,0.7296587824821472
exploration,cross_same_variable,188,79,0188_2.jpg,0079_3.jpg,0,0.4884008765220642,0.7188243865966797
exploration,cross_same_variable,188,94,0188_2.jpg,0094_3.jpg,0,0.46522778272628784,0.7273536920547485
exploration,cross_same_variable,188,106,0188_2.jpg,0106_3.jpg,0,0.44832083582878113,0.6735941767692566
exploration,cross_same_variable,188,138,0188_2.jpg,0138_3.jpg,0,0.5155445337295532,0.7355244159698486
exploration,cross_same_variable,188,180,0188_2.jpg,0180_3.jpg,0,0.5781863331794739,0.7458775043487549
exploration,cross_same_variable,189,189,0189_2.jpg,0189_3.jpg,1,0.6097540259361267,0.8272501826286316
exploration,cross_same_variable,189,212,0189_2.jpg,0212_3.jpg,0,0.6489009857177734,0.8061525225639343
exploration,cross_same_variable,189,213,0189_2.jpg,0213_3.jpg,0,0.6476075649261475,0.8436222672462463
exploration,cross_same_variable,189,241,0189_2.jpg,0241_3.jpg,0,0.646734356880188,0.8213309645652771
exploration,cross_same_variable,189,18,0189_2.jpg,0018_3.jpg,0,0.5373347997665405,0.7801116704940796
exploration,cross_same_variable,189,19,0189_2.jpg,0019_3.jpg,0,0.5188652276992798,0.7899700999259949
exploration,cross_same_variable,189,81,0189_2.jpg,0081_3.jpg,0,0.5732165575027466,0.8242085576057434
exploration,cross_same_variable,189,96,0189_2.jpg,0096_3.jpg,0,0.5935699939727783,0.8253405690193176
exploration,cross_same_variable,189,107,0189_2.jpg,0107_3.jpg,0,0.5999629497528076,0.8100989460945129
exploration,cross_same_variable,189,140,0189_2.jpg,0140_3.jpg,0,0.628739595413208,0.8244459629058838
exploration,cross_same_variable,189,181,0189_2.jpg,0181_3.jpg,0,0.6361323595046997,0.8200969099998474
exploration,cross_same_variable,191,191,0191_2.jpg,0191_3.jpg,1,0.6444617509841919,0.8219670057296753
exploration,cross_same_variable,191,213,0191_2.jpg,0213_3.jpg,0,0.6829290390014648,0.8521720170974731
exploration,cross_same_variable,191,214,0191_2.jpg,0214_3.jpg,0,0.627060055732727,0.8287684917449951
exploration,cross_same_variable,191,242,0191_2.jpg,0242_3.jpg,0,0.7221786975860596,0.8694285750389099
exploration,cross_same_variable,191,19,0191_2.jpg,0019_3.jpg,0,0.6073371171951294,0.8341067433357239
exploration,cross_same_variable,191,20,0191_2.jpg,0020_3.jpg,0,0.6233686208724976,0.8291071057319641
exploration,cross_same_variable,191,83,0191_2.jpg,0083_3.jpg,0,0.6446056365966797,0.8259109258651733
exploration,cross_same_variable,191,97,0191_2.jpg,0097_3.jpg,0,0.4659571051597595,0.7730219960212708
exploration,cross_same_variable,191,109,0191_2.jpg,0109_3.jpg,0,0.622976541519165,0.8356534242630005
exploration,cross_same_variable,191,142,0191_2.jpg,0142_3.jpg,0,0.6277684569358826,0.8395742774009705
exploration,cross_same_variable,191,183,0191_2.jpg,0183_3.jpg,0,0.6962400078773499,0.8508765697479248
exploration,cross_same_variable,192,192,0192_2.jpg,0192_3.jpg,1,0.5847676992416382,0.8458817005157471
exploration,cross_same_variable,192,214,0192_2.jpg,0214_3.jpg,0,0.5214579701423645,0.8221445679664612
exploration,cross_same_variable,192,216,0192_2.jpg,0216_3.jpg,0,0.5081527233123779,0.8516503572463989
exploration,cross_same_variable,192,243,0192_2.jpg,0243_3.jpg,0,0.4941302239894867,0.7995725870132446
exploration,cross_same_variable,192,20,0192_2.jpg,0020_3.jpg,0,0.5750142335891724,0.8519079685211182
exploration,cross_same_variable,192,21,0192_2.jpg,0021_3.jpg,0,0.541969358921051,0.8083910942077637
exploration,cross_same_variable,192,85,0192_2.jpg,0085_3.jpg,0,0.5393931269645691,0.8006105422973633
exploration,cross_same_variable,192,98,0192_2.jpg,0098_3.jpg,0,0.5799968242645264,0.8334215879440308
exploration,cross_same_variable,192,110,0192_2.jpg,0110_3.jpg,0,0.5908094644546509,0.8656982779502869
exploration,cross_same_variable,192,146,0192_2.jpg,0146_3.jpg,0,0.5484256744384766,0.8211531639099121
exploration,cross_same_variable,192,185,0192_2.jpg,0185_3.jpg,0,0.5440962314605713,0.8159147500991821
exploration,cross_same_variable,196,196,0196_2.jpg,0196_3.jpg,1,0.5406491756439209,0.778024435043335
exploration,cross_same_variable,196,216,0196_2.jpg,0216_3.jpg,0,0.5014456510543823,0.8095861077308655
exploration,cross_same_variable,196,219,0196_2.jpg,0219_3.jpg,0,0.48562026023864746,0.7812550663948059
exploration,cross_same_variable,196,244,0196_2.jpg,0244_3.jpg,0,0.4043387472629547,0.7588322162628174
exploration,cross_same_variable,196,21,0196_2.jpg,0021_3.jpg,0,0.5246492028236389,0.7605963349342346
exploration,cross_same_variable,196,22,0196_2.jpg,0022_3.jpg,0,0.5636892318725586,0.8138468265533447
exploration,cross_same_variable,196,86,0196_2.jpg,0086_3.jpg,0,0.46813344955444336,0.7831510305404663
exploration,cross_same_variable,196,100,0196_2.jpg,0100_3.jpg,0,0.4814784824848175,0.78165602684021
exploration,cross_same_variable,196,114,0196_2.jpg,0114_3.jpg,0,0.5299327969551086,0.7518731355667114
exploration,cross_same_variable,196,147,0196_2.jpg,0147_3.jpg,0,0.5253733992576599,0.7909733653068542
exploration,cross_same_variable,196,188,0196_2.jpg,0188_3.jpg,0,0.5546169281005859,0.824306070804596
exploration,cross_same_variable,197,197,0197_2.jpg,0197_3.jpg,1,0.7155116200447083,0.8737080097198486
exploration,cross_same_variable,197,219,0197_2.jpg,0219_3.jpg,0,0.6161614060401917,0.8171366453170776
exploration,cross_same_variable,197,220,0197_2.jpg,0220_3.jpg,0,0.6103049516677856,0.8168025016784668
exploration,cross_same_variable,197,245,0197_2.jpg,0245_3.jpg,0,0.5107560753822327,0.7874308228492737
exploration,cross_same_variable,197,22,0197_2.jpg,0022_3.jpg,0,0.587807297706604,0.8051590323448181
exploration,cross_same_variable,197,25,0197_2.jpg,0025_3.jpg,0,0.47241389751434326,0.7319450974464417
exploration,cross_same_variable,197,87,0197_2.jpg,0087_3.jpg,0,0.6066171526908875,0.7981865406036377
exploration,cross_same_variable,197,101,0197_2.jpg,0101_3.jpg,0,0.5524930357933044,0.7622103691101074
exploration,cross_same_variable,197,116,0197_2.jpg,0116_3.jpg,0,0.6340938806533813,0.780268669128418
exploration,cross_same_variable,197,148,0197_2.jpg,0148_3.jpg,0,0.5858226418495178,0.7988187074661255
exploration,cross_same_variable,197,189,0197_2.jpg,0189_3.jpg,0,0.46808239817619324,0.758201003074646
exploration,cross_same_variable,198,198,0198_2.jpg,0198_3.jpg,1,0.5457792282104492,0.7943120002746582
exploration,cross_same_variable,198,220,0198_2.jpg,0220_3.jpg,0,0.5191233158111572,0.8052812218666077
exploration,cross_same_variable,198,221,0198_2.jpg,0221_3.jpg,0,0.5356475114822388,0.7893869876861572
exploration,cross_same_variable,198,246,0198_2.jpg,0246_3.jpg,0,0.6175506114959717,0.8182183504104614
exploration,cross_same_variable,198,25,0198_2.jpg,0025_3.jpg,0,0.392245888710022,0.7403683662414551
exploration,cross_same_variable,198,26,0198_2.jpg,0026_3.jpg,0,0.5523682832717896,0.7998773455619812
exploration,cross_same_variable,198,89,0198_2.jpg,0089_3.jpg,0,0.5831515789031982,0.794970691204071
exploration,cross_same_variable,198,103,0198_2.jpg,0103_3.jpg,0,0.4905899167060852,0.7600607872009277
exploration,cross_same_variable,198,118,0198_2.jpg,0118_3.jpg,0,0.5590232014656067,0.7934001684188843
exploration,cross_same_variable,198,152,0198_2.jpg,0152_3.jpg,0,0.5164080858230591,0.7892974615097046
exploration,cross_same_variable,198,191,0198_2.jpg,0191_3.jpg,0,0.4979543387889862,0.7459797263145447
exploration,cross_same_variable,199,199,0199_2.jpg,0199_3.jpg,1,0.5523648262023926,0.817072868347168
exploration,cross_same_variable,199,221,0199_2.jpg,0221_3.jpg,0,0.6480188965797424,0.8230782747268677
exploration,cross_same_variable,199,223,0199_2.jpg,0223_3.jpg,0,0.5173594951629639,0.8003723621368408
exploration,cross_same_variable,199,247,0199_2.jpg,0247_3.jpg,0,0.6599206924438477,0.8407096862792969
exploration,cross_same_variable,199,26,0199_2.jpg,0026_3.jpg,0,0.6222792863845825,0.8156415224075317
exploration,cross_same_variable,199,27,0199_2.jpg,0027_3.jpg,0,0.5914421081542969,0.8035567402839661
exploration,cross_same_variable,199,90,0199_2.jpg,0090_3.jpg,0,0.5763996839523315,0.8146439790725708
exploration,cross_same_variable,199,104,0199_2.jpg,0104_3.jpg,0,0.5202959775924683,0.7998707294464111
exploration,cross_same_variable,199,119,0199_2.jpg,0119_3.jpg,0,0.5495985746383667,0.7912909388542175
exploration,cross_same_variable,199,153,0199_2.jpg,0153_3.jpg,0,0.5811100006103516,0.815182089805603
exploration,cross_same_variable,199,192,0199_2.jpg,0192_3.jpg,0,0.5215696096420288,0.797343373298645
exploration,cross_same_variable,200,200,0200_2.jpg,0200_3.jpg,1,0.5668309926986694,0.8267806768417358
exploration,cross_same_variable,200,223,0200_2.jpg,0223_3.jpg,0,0.5735235214233398,0.8226386308670044
exploration,cross_same_variable,200,224,0200_2.jpg,0224_3.jpg,0,0.6090409159660339,0.8325560092926025
exploration,cross_same_variable,200,248,0200_2.jpg,0248_3.jpg,0,0.5296506285667419,0.8186542987823486
exploration,cross_same_variable,200,27,0200_2.jpg,0027_3.jpg,0,0.5845029950141907,0.831909716129303
exploration,cross_same_variable,200,29,0200_2.jpg,0029_3.jpg,0,0.5563951730728149,0.8080887794494629
exploration,cross_same_variable,200,91,0200_2.jpg,0091_3.jpg,0,0.5999101400375366,0.836411714553833
exploration,cross_same_variable,200,105,0200_2.jpg,0105_3.jpg,0,0.52971351146698,0.7853283286094666
exploration,cross_same_variable,200,122,0200_2.jpg,0122_3.jpg,0,0.5654195547103882,0.8013864755630493
exploration,cross_same_variable,200,154,0200_2.jpg,0154_3.jpg,0,0.6767371892929077,0.8725367784500122
exploration,cross_same_variable,200,196,0200_2.jpg,0196_3.jpg,0,0.5748951435089111,0.8081879019737244
exploration,cross_same_variable,201,201,0201_2.jpg,0201_3.jpg,1,0.5882718563079834,0.7970424890518188
exploration,cross_same_variable,201,224,0201_2.jpg,0224_3.jpg,0,0.5459916591644287,0.8129898309707642
exploration,cross_same_variable,201,225,0201_2.jpg,0225_3.jpg,0,0.5705908536911011,0.7667534351348877
exploration,cross_same_variable,201,249,0201_2.jpg,0249_3.jpg,0,0.5629832744598389,0.7916045188903809
exploration,cross_same_variable,201,29,0201_2.jpg,0029_3.jpg,0,0.5536006689071655,0.8171725273132324
exploration,cross_same_variable,201,30,0201_2.jpg,0030_3.jpg,0,0.5964827537536621,0.8186783790588379
exploration,cross_same_variable,201,92,0201_2.jpg,0092_3.jpg,0,0.6027428507804871,0.797522246837616
exploration,cross_same_variable,201,106,0201_2.jpg,0106_3.jpg,0,0.4726255238056183,0.7309081554412842
exploration,cross_same_variable,201,123,0201_2.jpg,0123_3.jpg,0,0.45577192306518555,0.7459204196929932
exploration,cross_same_variable,201,155,0201_2.jpg,0155_3.jpg,0,0.5625625848770142,0.796701967716217
exploration,cross_same_variable,201,197,0201_2.jpg,0197_3.jpg,0,0.5001434087753296,0.8040356636047363
exploration,cross_same_variable,203,203,0203_2.jpg,0203_3.jpg,1,0.6692861318588257,0.8392026424407959
exploration,cross_same_variable,203,225,0203_2.jpg,0225_3.jpg,0,0.6073441505432129,0.7865169048309326
exploration,cross_same_variable,203,226,0203_2.jpg,0226_3.jpg,0,0.6455563902854919,0.8362772464752197
exploration,cross_same_variable,203,250,0203_2.jpg,0250_3.jpg,0,0.5932542085647583,0.7955179810523987
exploration,cross_same_variable,203,30,0203_2.jpg,0030_3.jpg,0,0.6119984984397888,0.8447376489639282
exploration,cross_same_variable,203,31,0203_2.jpg,0031_3.jpg,0,0.5179834365844727,0.7956985235214233
exploration,cross_same_variable,203,93,0203_2.jpg,0093_3.jpg,0,0.5600162744522095,0.8093322515487671
exploration,cross_same_variable,203,107,0203_2.jpg,0107_3.jpg,0,0.5359142422676086,0.7743659019470215
exploration,cross_same_variable,203,124,0203_2.jpg,0124_3.jpg,0,0.5500062108039856,0.7671778202056885
exploration,cross_same_variable,203,156,0203_2.jpg,0156_3.jpg,0,0.6119697690010071,0.8105432391166687
exploration,cross_same_variable,203,198,0203_2.jpg,0198_3.jpg,0,0.5121690034866333,0.7781370282173157
exploration,cross_same_variable,204,204,0204_2.jpg,0204_3.jpg,1,0.5825493335723877,0.7773253917694092
exploration,cross_same_variable,204,226,0204_2.jpg,0226_3.jpg,0,0.5581919550895691,0.7955753207206726
exploration,cross_same_variable,204,227,0204_2.jpg,0227_3.jpg,0,0.5057586431503296,0.766425371170044
exploration,cross_same_variable,204,251,0204_2.jpg,0251_3.jpg,0,0.48372045159339905,0.7492537498474121
exploration,cross_same_variable,204,31,0204_2.jpg,0031_3.jpg,0,0.5033435225486755,0.8007772564888
exploration,cross_same_variable,204,35,0204_2.jpg,0035_3.jpg,0,0.5583763718605042,0.7891001105308533
exploration,cross_same_variable,204,94,0204_2.jpg,0094_3.jpg,0,0.5595147609710693,0.7977780103683472
exploration,cross_same_variable,204,109,0204_2.jpg,0109_3.jpg,0,0.503229022026062,0.7666155099868774
exploration,cross_same_variable,204,125,0204_2.jpg,0125_3.jpg,0,0.5357040762901306,0.7687588930130005
exploration,cross_same_variable,204,157,0204_2.jpg,0157_3.jpg,0,0.46637797355651855,0.7555932998657227
exploration,cross_same_variable,204,199,0204_2.jpg,0199_3.jpg,0,0.4901602864265442,0.7754726409912109
exploration,cross_same_variable,206,206,0206_2.jpg,0206_3.jpg,1,0.5057183504104614,0.771917998790741
exploration,cross_same_variable,206,227,0206_2.jpg,0227_3.jpg,0,0.47821658849716187,0.7649303674697876
exploration,cross_same_variable,206,228,0206_2.jpg,0228_3.jpg,0,0.6036133170127869,0.7752809524536133
exploration,cross_same_variable,206,252,0206_2.jpg,0252_3.jpg,0,0.5797510147094727,0.7773555517196655
exploration,cross_same_variable,206,35,0206_2.jpg,0035_3.jpg,0,0.5122979879379272,0.7647951245307922
exploration,cross_same_variable,206,38,0206_2.jpg,0038_3.jpg,0,0.5837122797966003,0.7774243354797363
exploration,cross_same_variable,206,96,0206_2.jpg,0096_3.jpg,0,0.503700315952301,0.7635787725448608
exploration,cross_same_variable,206,110,0206_2.jpg,0110_3.jpg,0,0.5418796539306641,0.7937929630279541
exploration,cross_same_variable,206,127,0206_2.jpg,0127_3.jpg,0,0.5132532119750977,0.7338097095489502
exploration,cross_same_variable,206,158,0206_2.jpg,0158_3.jpg,0,0.5387207269668579,0.7652243971824646
exploration,cross_same_variable,206,200,0206_2.jpg,0200_3.jpg,0,0.4681480824947357,0.7575599551200867
exploration,cross_same_variable,207,207,0207_2.jpg,0207_3.jpg,1,0.6039307117462158,0.8093665838241577
exploration,cross_same_variable,207,228,0207_2.jpg,0228_3.jpg,0,0.5745497941970825,0.7900062203407288
exploration,cross_same_variable,207,229,0207_2.jpg,0229_3.jpg,0,0.5765059590339661,0.8020573854446411
exploration,cross_same_variable,207,255,0207_2.jpg,0255_3.jpg,0,0.5226357579231262,0.8011510372161865
exploration,cross_same_variable,207,38,0207_2.jpg,0038_3.jpg,0,0.5974135398864746,0.8302452564239502
exploration,cross_same_variable,207,39,0207_2.jpg,0039_3.jpg,0,0.6168162822723389,0.783331573009491
exploration,cross_same_variable,207,97,0207_2.jpg,0097_3.jpg,0,0.586531937122345,0.7931994199752808
exploration,cross_same_variable,207,114,0207_2.jpg,0114_3.jpg,0,0.6019264459609985,0.7815213799476624
exploration,cross_same_variable,207,130,0207_2.jpg,0130_3.jpg,0,0.48367947340011597,0.7816336154937744
exploration,cross_same_variable,207,159,0207_2.jpg,0159_3.jpg,0,0.5662338733673096,0.8572767376899719
exploration,cross_same_variable,207,201,0207_2.jpg,0201_3.jpg,0,0.5684407949447632,0.7969090938568115
exploration,cross_same_variable,208,208,0208_2.jpg,0208_3.jpg,1,0.5734527111053467,0.8082130551338196
exploration,cross_same_variable,208,229,0208_2.jpg,0229_3.jpg,0,0.47478437423706055,0.7384384274482727
exploration,cross_same_variable,208,231,0208_2.jpg,0231_3.jpg,0,0.4836343824863434,0.7474366426467896
exploration,cross_same_variable,208,256,0208_2.jpg,0256_3.jpg,0,0.503544270992279,0.7399802207946777
exploration,cross_same_variable,208,39,0208_2.jpg,0039_3.jpg,0,0.5594391822814941,0.7764593362808228
exploration,cross_same_variable,208,40,0208_2.jpg,0040_3.jpg,0,0.5091917514801025,0.7717152833938599
exploration,cross_same_variable,208,98,0208_2.jpg,0098_3.jpg,0,0.49521106481552124,0.7530308961868286
exploration,cross_same_variable,208,116,0208_2.jpg,0116_3.jpg,0,0.5185591578483582,0.763043999671936
exploration,cross_same_variable,208,132,0208_2.jpg,0132_3.jpg,0,0.49824947118759155,0.7676883339881897
exploration,cross_same_variable,208,161,0208_2.jpg,0161_3.jpg,0,0.46748340129852295,0.7689071893692017
exploration,cross_same_variable,208,203,0208_2.jpg,0203_3.jpg,0,0.5388890504837036,0.7850754261016846
exploration,cross_same_variable,209,209,0209_2.jpg,0209_3.jpg,1,0.5626705884933472,0.7812649011611938
exploration,cross_same_variable,209,231,0209_2.jpg,0231_3.jpg,0,0.49488136172294617,0.7590716481208801
exploration,cross_same_variable,209,232,0209_2.jpg,0232_3.jpg,0,0.5473252534866333,0.8029153347015381
exploration,cross_same_variable,209,260,0209_2.jpg,0260_3.jpg,0,0.5922741889953613,0.8053103685379028
exploration,cross_same_variable,209,40,0209_2.jpg,0040_3.jpg,0,0.5622928142547607,0.8057552576065063
exploration,cross_same_variable,209,42,0209_2.jpg,0042_3.jpg,0,0.5575721859931946,0.7995287179946899
exploration,cross_same_variable,209,100,0209_2.jpg,0100_3.jpg,0,0.44945162534713745,0.7434576749801636
exploration,cross_same_variable,209,118,0209_2.jpg,0118_3.jpg,0,0.5741456747055054,0.8038948774337769
exploration,cross_same_variable,209,133,0209_2.jpg,0133_3.jpg,0,0.4886089265346527,0.7777171730995178
exploration,cross_same_variable,209,162,0209_2.jpg,0162_3.jpg,0,0.533987820148468,0.7873510122299194
exploration,cross_same_variable,209,204,0209_2.jpg,0204_3.jpg,0,0.5771350860595703,0.7932918667793274
exploration,cross_same_variable,211,211,0211_2.jpg,0211_3.jpg,1,0.5623641014099121,0.7862260341644287
exploration,cross_same_variable,211,232,0211_2.jpg,0232_3.jpg,0,0.5262808799743652,0.7981908321380615
exploration,cross_same_variable,211,234,0211_2.jpg,0234_3.jpg,0,0.5318732857704163,0.7827887535095215
exploration,cross_same_variable,211,261,0211_2.jpg,0261_3.jpg,0,0.5275958180427551,0.7776704430580139
exploration,cross_same_variable,211,42,0211_2.jpg,0042_3.jpg,0,0.4746938943862915,0.7484004497528076
exploration,cross_same_variable,211,43,0211_2.jpg,0043_3.jpg,0,0.4840906262397766,0.7500863075256348
exploration,cross_same_variable,211,101,0211_2.jpg,0101_3.jpg,0,0.5579267144203186,0.7847992181777954
exploration,cross_same_variable,211,119,0211_2.jpg,0119_3.jpg,0,0.4853318929672241,0.7609130144119263
exploration,cross_same_variable,211,134,0211_2.jpg,0134_3.jpg,0,0.4762682616710663,0.7687029242515564
exploration,cross_same_variable,211,163,0211_2.jpg,0163_3.jpg,0,0.5254381895065308,0.7653789520263672
exploration,cross_same_variable,211,206,0211_2.jpg,0206_3.jpg,0,0.5471685528755188,0.7851972579956055
exploration,cross_same_variable,212,212,0212_2.jpg,0212_3.jpg,1,0.6483359336853027,0.8034586906433105
exploration,cross_same_variable,212,234,0212_2.jpg,0234_3.jpg,0,0.6050627827644348,0.8166102170944214
exploration,cross_same_variable,212,235,0212_2.jpg,0235_3.jpg,0,0.6091578006744385,0.8255524635314941
exploration,cross_same_variable,212,262,0212_2.jpg,0262_3.jpg,0,0.6242696046829224,0.8207204341888428
exploration,cross_same_variable,212,43,0212_2.jpg,0043_3.jpg,0,0.528704047203064,0.7896018028259277
exploration,cross_same_variable,212,46,0212_2.jpg,0046_3.jpg,0,0.6065593361854553,0.8137437701225281
exploration,cross_same_variable,212,103,0212_2.jpg,0103_3.jpg,0,0.5413365960121155,0.8001642227172852
exploration,cross_same_variable,212,122,0212_2.jpg,0122_3.jpg,0,0.6194793581962585,0.8156120777130127
exploration,cross_same_variable,212,135,0212_2.jpg,0135_3.jpg,0,0.5646066665649414,0.8019912242889404
exploration,cross_same_variable,212,164,0212_2.jpg,0164_3.jpg,0,0.6276453733444214,0.8110321760177612
exploration,cross_same_variable,212,207,0212_2.jpg,0207_3.jpg,0,0.621642529964447,0.8143219947814941
exploration,cross_same_variable,213,213,0213_2.jpg,0213_3.jpg,1,0.6441141366958618,0.8243927955627441
exploration,cross_same_variable,213,235,0213_2.jpg,0235_3.jpg,0,0.5838548541069031,0.8035509586334229
exploration,cross_same_variable,213,237,0213_2.jpg,0237_3.jpg,0,0.567175030708313,0.761699914932251
exploration,cross_same_variable,213,263,0213_2.jpg,0263_3.jpg,0,0.5733441710472107,0.7840685844421387
exploration,cross_same_variable,213,46,0213_2.jpg,0046_3.jpg,0,0.5469041466712952,0.7648912668228149
exploration,cross_same_variable,213,47,0213_2.jpg,0047_3.jpg,0,0.5738555192947388,0.7847445607185364
exploration,cross_same_variable,213,104,0213_2.jpg,0104_3.jpg,0,0.5650925636291504,0.7943171262741089
exploration,cross_same_variable,213,123,0213_2.jpg,0123_3.jpg,0,0.5011712312698364,0.7500032186508179
exploration,cross_same_variable,213,138,0213_2.jpg,0138_3.jpg,0,0.5300860404968262,0.771564245223999
exploration,cross_same_variable,213,167,0213_2.jpg,0167_3.jpg,0,0.5544033050537109,0.7724028825759888
exploration,cross_same_variable,213,208,0213_2.jpg,0208_3.jpg,0,0.4917667508125305,0.7631540298461914
exploration,cross_same_variable,214,214,0214_2.jpg,0214_3.jpg,1,0.613701343536377,0.781665563583374
exploration,cross_same_variable,214,237,0214_2.jpg,0237_3.jpg,0,0.5231714248657227,0.7400493621826172
exploration,cross_same_variable,214,239,0214_2.jpg,0239_3.jpg,0,0.5172762870788574,0.7721956968307495
exploration,cross_same_variable,214,264,0214_2.jpg,0264_3.jpg,0,0.5821895003318787,0.7997038960456848
exploration,cross_same_variable,214,47,0214_2.jpg,0047_3.jpg,0,0.5588068962097168,0.7784507274627686
exploration,cross_same_variable,214,49,0214_2.jpg,0049_3.jpg,0,0.5500463843345642,0.8010232448577881
exploration,cross_same_variable,214,105,0214_2.jpg,0105_3.jpg,0,0.5903567671775818,0.7921320199966431
exploration,cross_same_variable,214,124,0214_2.jpg,0124_3.jpg,0,0.5611340999603271,0.7277492880821228
exploration,cross_same_variable,214,140,0214_2.jpg,0140_3.jpg,0,0.5328172445297241,0.7698352336883545
exploration,cross_same_variable,214,168,0214_2.jpg,0168_3.jpg,0,0.5938767194747925,0.8278104066848755
exploration,cross_same_variable,214,209,0214_2.jpg,0209_3.jpg,0,0.5448925495147705,0.726624608039856
exploration,cross_same_variable,216,216,0216_2.jpg,0216_3.jpg,1,0.6500246524810791,0.8432478308677673
exploration,cross_same_variable,216,239,0216_2.jpg,0239_3.jpg,0,0.6339187622070312,0.822719395160675
exploration,cross_same_variable,216,240,0216_2.jpg,0240_3.jpg,0,0.6531923413276672,0.8356431722640991
exploration,cross_same_variable,216,265,0216_2.jpg,0265_3.jpg,0,0.6129324436187744,0.7947655320167542
exploration,cross_same_variable,216,49,0216_2.jpg,0049_3.jpg,0,0.5594985485076904,0.8368976712226868
exploration,cross_same_variable,216,55,0216_2.jpg,0055_3.jpg,0,0.5803095698356628,0.8057481050491333
exploration,cross_same_variable,216,106,0216_2.jpg,0106_3.jpg,0,0.5132234692573547,0.7431682348251343
exploration,cross_same_variable,216,125,0216_2.jpg,0125_3.jpg,0,0.5758514404296875,0.8040016293525696
exploration,cross_same_variable,216,142,0216_2.jpg,0142_3.jpg,0,0.6465446949005127,0.8329379558563232
exploration,cross_same_variable,216,169,0216_2.jpg,0169_3.jpg,0,0.6432808637619019,0.8203463554382324
exploration,cross_same_variable,216,211,0216_2.jpg,0211_3.jpg,0,0.5977553725242615,0.8153395652770996
exploration,cross_same_variable,219,219,0219_2.jpg,0219_3.jpg,1,0.5164773464202881,0.7902424335479736
exploration,cross_same_variable,219,240,0219_2.jpg,0240_3.jpg,0,0.5529338717460632,0.7853591442108154
exploration,cross_same_variable,219,241,0219_2.jpg,0241_3.jpg,0,0.5044734477996826,0.7439619302749634
exploration,cross_same_variable,219,266,0219_2.jpg,0266_3.jpg,0,0.5319347381591797,0.7752165198326111
exploration,cross_same_variable,219,55,0219_2.jpg,0055_3.jpg,0,0.5013545751571655,0.7868151664733887
exploration,cross_same_variable,219,56,0219_2.jpg,0056_3.jpg,0,0.5607907176017761,0.8068305850028992
exploration,cross_same_variable,219,107,0219_2.jpg,0107_3.jpg,0,0.5057289004325867,0.7521129846572876
exploration,cross_same_variable,219,127,0219_2.jpg,0127_3.jpg,0,0.5316337943077087,0.7429885864257812
exploration,cross_same_variable,219,146,0219_2.jpg,0146_3.jpg,0,0.5116286277770996,0.7570908069610596
exploration,cross_same_variable,219,171,0219_2.jpg,0171_3.jpg,0,0.46465152502059937,0.7531203031539917
exploration,cross_same_variable,219,212,0219_2.jpg,0212_3.jpg,0,0.4943905174732208,0.7355431318283081
exploration,cross_same_variable,220,220,0220_2.jpg,0220_3.jpg,1,0.5224159955978394,0.7867532968521118
exploration,cross_same_variable,220,241,0220_2.jpg,0241_3.jpg,0,0.45460832118988037,0.6898658871650696
exploration,cross_same_variable,220,242,0220_2.jpg,0242_3.jpg,0,0.4031292200088501,0.7061867713928223
exploration,cross_same_variable,220,267,0220_2.jpg,0267_3.jpg,0,0.4367496967315674,0.686967134475708
exploration,cross_same_variable,220,56,0220_2.jpg,0056_3.jpg,0,0.4764038622379303,0.7449678182601929
exploration,cross_same_variable,220,57,0220_2.jpg,0057_3.jpg,0,0.4427746534347534,0.7211290001869202
exploration,cross_same_variable,220,109,0220_2.jpg,0109_3.jpg,0,0.3695901036262512,0.6795651912689209
exploration,cross_same_variable,220,130,0220_2.jpg,0130_3.jpg,0,0.3956143856048584,0.6778287887573242
exploration,cross_same_variable,220,147,0220_2.jpg,0147_3.jpg,0,0.41887366771698,0.6887757778167725
exploration,cross_same_variable,220,172,0220_2.jpg,0172_3.jpg,0,0.43715935945510864,0.6947762966156006
exploration,cross_same_variable,220,213,0220_2.jpg,0213_3.jpg,0,0.40856969356536865,0.7103002071380615
exploration,cross_same_variable,221,221,0221_2.jpg,0221_3.jpg,1,0.5797746181488037,0.7977439761161804
exploration,cross_same_variable,221,242,0221_2.jpg,0242_3.jpg,0,0.5405473113059998,0.7952389717102051
exploration,cross_same_variable,221,243,0221_2.jpg,0243_3.jpg,0,0.4865395128726959,0.7236934900283813
exploration,cross_same_variable,221,271,0221_2.jpg,0271_3.jpg,0,0.46741601824760437,0.7035312056541443
exploration,cross_same_variable,221,57,0221_2.jpg,0057_3.jpg,0,0.5329117774963379,0.7969839572906494
exploration,cross_same_variable,221,59,0221_2.jpg,0059_3.jpg,0,0.5046663284301758,0.7901453375816345
exploration,cross_same_variable,221,110,0221_2.jpg,0110_3.jpg,0,0.5986183881759644,0.8186649084091187
exploration,cross_same_variable,221,132,0221_2.jpg,0132_3.jpg,0,0.5019118785858154,0.7881733775138855
exploration,cross_same_variable,221,148,0221_2.jpg,0148_3.jpg,0,0.617526650428772,0.7953937649726868
exploration,cross_same_variable,221,178,0221_2.jpg,0178_3.jpg,0,0.5436681509017944,0.784629225730896
exploration,cross_same_variable,221,214,0221_2.jpg,0214_3.jpg,0,0.5230984687805176,0.7725933790206909
exploration,cross_same_variable,223,223,0223_2.jpg,0223_3.jpg,1,0.6036913394927979,0.8255215883255005
exploration,cross_same_variable,223,243,0223_2.jpg,0243_3.jpg,0,0.554745078086853,0.7664154767990112
exploration,cross_same_variable,223,244,0223_2.jpg,0244_3.jpg,0,0.46900343894958496,0.8314268589019775
exploration,cross_same_variable,223,272,0223_2.jpg,0272_3.jpg,0,0.6267386078834534,0.8222432136535645
exploration,cross_same_variable,223,59,0223_2.jpg,0059_3.jpg,0,0.5708933472633362,0.8315005302429199
exploration,cross_same_variable,223,60,0223_2.jpg,0060_3.jpg,0,0.5430293083190918,0.7790945768356323
exploration,cross_same_variable,223,114,0223_2.jpg,0114_3.jpg,0,0.538638174533844,0.7359482049942017
exploration,cross_same_variable,223,133,0223_2.jpg,0133_3.jpg,0,0.5772507190704346,0.8251122236251831
exploration,cross_same_variable,223,152,0223_2.jpg,0152_3.jpg,0,0.5603071451187134,0.8012888431549072
exploration,cross_same_variable,223,179,0223_2.jpg,0179_3.jpg,0,0.5644702911376953,0.7867933511734009
exploration,cross_same_variable,223,216,0223_2.jpg,0216_3.jpg,0,0.5401780605316162,0.8139578104019165
exploration,cross_same_variable,224,224,0224_2.jpg,0224_3.jpg,1,0.5285335779190063,0.7709231376647949
exploration,cross_same_variable,224,244,0224_2.jpg,0244_3.jpg,0,0.4204845726490021,0.7974764704704285
exploration,cross_same_variable,224,245,0224_2.jpg,0245_3.jpg,0,0.5148422718048096,0.7834205627441406
exploration,cross_same_variable,224,273,0224_2.jpg,0273_3.jpg,0,0.43608272075653076,0.7175288200378418
exploration,cross_same_variable,224,60,0224_2.jpg,0060_3.jpg,0,0.43877843022346497,0.7189104557037354
exploration,cross_same_variable,224,61,0224_2.jpg,0061_3.jpg,0,0.5375151038169861,0.7555331587791443
exploration,cross_same_variable,224,116,0224_2.jpg,0116_3.jpg,0,0.5178749561309814,0.7374634146690369
exploration,cross_same_variable,224,134,0224_2.jpg,0134_3.jpg,0,0.4491720497608185,0.7516446113586426
exploration,cross_same_variable,224,153,0224_2.jpg,0153_3.jpg,0,0.522565484046936,0.7665966153144836
exploration,cross_same_variable,224,180,0224_2.jpg,0180_3.jpg,0,0.516493558883667,0.7506924271583557
exploration,cross_same_variable,224,219,0224_2.jpg,0219_3.jpg,0,0.4693109691143036,0.7618960738182068
exploration,cross_same_variable,225,225,0225_2.jpg,0225_3.jpg,1,0.5872136354446411,0.7996640205383301
exploration,cross_same_variable,225,245,0225_2.jpg,0245_3.jpg,0,0.539283275604248,0.8054629564285278
exploration,cross_same_variable,225,246,0225_2.jpg,0246_3.jpg,0,0.6407102346420288,0.8429805040359497
exploration,cross_same_variable,225,274,0225_2.jpg,0274_3.jpg,0,0.5717581510543823,0.8262472152709961
exploration,cross_same_variable,225,61,0225_2.jpg,0061_3.jpg,0,0.5622298717498779,0.7851244211196899
exploration,cross_same_variable,225,62,0225_2.jpg,0062_3.jpg,0,0.562553882598877,0.8056507706642151
exploration,cross_same_variable,225,118,0225_2.jpg,0118_3.jpg,0,0.6172863245010376,0.8275389075279236
exploration,cross_same_variable,225,135,0225_2.jpg,0135_3.jpg,0,0.5213906168937683,0.7784024477005005
exploration,cross_same_variable,225,154,0225_2.jpg,0154_3.jpg,0,0.6645814180374146,0.881127119064331
exploration,cross_same_variable,225,181,0225_2.jpg,0181_3.jpg,0,0.551633358001709,0.7938130497932434
exploration,cross_same_variable,225,220,0225_2.jpg,0220_3.jpg,0,0.5612611770629883,0.8201024532318115
exploration,cross_same_variable,226,226,0226_2.jpg,0226_3.jpg,1,0.6493595838546753,0.8372020721435547
exploration,cross_same_variable,226,246,0226_2.jpg,0246_3.jpg,0,0.5281168222427368,0.7865262031555176
exploration,cross_same_variable,226,247,0226_2.jpg,0247_3.jpg,0,0.5568591952323914,0.7913365364074707
exploration,cross_same_variable,226,276,0226_2.jpg,0276_3.jpg,0,0.5683580040931702,0.8041186332702637
exploration,cross_same_variable,226,62,0226_2.jpg,0062_3.jpg,0,0.5504937171936035,0.7705051898956299
exploration,cross_same_variable,226,65,0226_2.jpg,0065_3.jpg,0,0.4582235515117645,0.748266339302063
exploration,cross_same_variable,226,119,0226_2.jpg,0119_3.jpg,0,0.497690349817276,0.7602123022079468
exploration,cross_same_variable,226,138,0226_2.jpg,0138_3.jpg,0,0.4925973415374756,0.7501819133758545
exploration,cross_same_variable,226,155,0226_2.jpg,0155_3.jpg,0,0.5301108956336975,0.7742453813552856
exploration,cross_same_variable,226,183,0226_2.jpg,0183_3.jpg,0,0.5482853055000305,0.7618649005889893
exploration,cross_same_variable,226,221,0226_2.jpg,0221_3.jpg,0,0.6142191886901855,0.7975620031356812
exploration,cross_same_variable,227,227,0227_2.jpg,0227_3.jpg,1,0.5299792289733887,0.790709912776947
exploration,cross_same_variable,227,247,0227_2.jpg,0247_3.jpg,0,0.6397297978401184,0.8491892218589783
exploration,cross_same_variable,227,248,0227_2.jpg,0248_3.jpg,0,0.5078213810920715,0.8025880455970764
exploration,cross_same_variable,227,279,0227_2.jpg,0279_3.jpg,0,0.5434554219245911,0.8183231353759766
exploration,cross_same_variable,227,65,0227_2.jpg,0065_3.jpg,0,0.5654715299606323,0.8066064119338989
exploration,cross_same_variable,227,66,0227_2.jpg,0066_3.jpg,0,0.5696886777877808,0.7902944087982178
exploration,cross_same_variable,227,122,0227_2.jpg,0122_3.jpg,0,0.534186840057373,0.7989292144775391
exploration,cross_same_variable,227,140,0227_2.jpg,0140_3.jpg,0,0.56104975938797,0.807884693145752
exploration,cross_same_variable,227,156,0227_2.jpg,0156_3.jpg,0,0.5079373121261597,0.7998323440551758
exploration,cross_same_variable,227,185,0227_2.jpg,0185_3.jpg,0,0.5910035371780396,0.8252577781677246
exploration,cross_same_variable,227,223,0227_2.jpg,0223_3.jpg,0,0.551822304725647,0.8198976516723633
exploration,cross_same_variable,228,228,0228_2.jpg,0228_3.jpg,1,0.6884891390800476,0.837380051612854
exploration,cross_same_variable,228,248,0228_2.jpg,0248_3.jpg,0,0.6108985543251038,0.8330259919166565
exploration,cross_same_variable,228,249,0228_2.jpg,0249_3.jpg,0,0.6476362347602844,0.8405411839485168
exploration,cross_same_variable,228,281,0228_2.jpg,0281_3.jpg,0,0.5864710211753845,0.8263778686523438
exploration,cross_same_variable,228,66,0228_2.jpg,0066_3.jpg,0,0.6091351509094238,0.8156255483627319
exploration,cross_same_variable,228,67,0228_2.jpg,0067_3.jpg,0,0.4956207275390625,0.7858031392097473
exploration,cross_same_variable,228,123,0228_2.jpg,0123_3.jpg,0,0.5481365323066711,0.792345404624939
exploration,cross_same_variable,228,142,0228_2.jpg,0142_3.jpg,0,0.6145890951156616,0.8187853693962097
exploration,cross_same_variable,228,157,0228_2.jpg,0157_3.jpg,0,0.5797336101531982,0.8203060626983643
exploration,cross_same_variable,228,188,0228_2.jpg,0188_3.jpg,0,0.6074361205101013,0.8256196975708008
exploration,cross_same_variable,228,224,0228_2.jpg,0224_3.jpg,0,0.6136780977249146,0.831896185874939
exploration,cross_same_variable,229,229,0229_2.jpg,0229_3.jpg,1,0.5628377795219421,0.77540522813797
exploration,cross_same_variable,229,249,0229_2.jpg,0249_3.jpg,0,0.5347039699554443,0.7879198789596558
exploration,cross_same_variable,229,250,0229_2.jpg,0250_3.jpg,0,0.5638030767440796,0.7885677218437195
exploration,cross_same_variable,229,282,0229_2.jpg,0282_3.jpg,0,0.5491558313369751,0.7572149038314819
exploration,cross_same_variable,229,67,0229_2.jpg,0067_3.jpg,0,0.47089970111846924,0.7716410756111145
exploration,cross_same_variable,229,70,0229_2.jpg,0070_3.jpg,0,0.4423058032989502,0.7268346548080444
exploration,cross_same_variable,229,124,0229_2.jpg,0124_3.jpg,0,0.5512993931770325,0.7326444387435913
exploration,cross_same_variable,229,146,0229_2.jpg,0146_3.jpg,0,0.5411441922187805,0.7673074007034302
exploration,cross_same_variable,229,158,0229_2.jpg,0158_3.jpg,0,0.5274465084075928,0.7597005367279053
exploration,cross_same_variable,229,189,0229_2.jpg,0189_3.jpg,0,0.5414462685585022,0.7796971797943115
exploration,cross_same_variable,229,225,0229_2.jpg,0225_3.jpg,0,0.5287268757820129,0.7482057213783264
exploration,cross_same_variable,231,231,0231_2.jpg,0231_3.jpg,1,0.5198805332183838,0.7672379612922668
exploration,cross_same_variable,231,250,0231_2.jpg,0250_3.jpg,0,0.5323086977005005,0.791353702545166
exploration,cross_same_variable,231,251,0231_2.jpg,0251_3.jpg,0,0.4921343922615051,0.7525992393493652
exploration,cross_same_variable,231,1,0231_2.jpg,0001_3.jpg,0,0.512976884841919,0.7727563381195068
exploration,cross_same_variable,231,70,0231_2.jpg,0070_3.jpg,0,0.41601431369781494,0.7263003587722778
exploration,cross_same_variable,231,71,0231_2.jpg,0071_3.jpg,0,0.5324895977973938,0.821768045425415
exploration,cross_same_variable,231,125,0231_2.jpg,0125_3.jpg,0,0.5287249684333801,0.7691069841384888
exploration,cross_same_variable,231,147,0231_2.jpg,0147_3.jpg,0,0.5135940313339233,0.7829231023788452
exploration,cross_same_variable,231,159,0231_2.jpg,0159_3.jpg,0,0.5478154420852661,0.854221522808075
exploration,cross_same_variable,231,191,0231_2.jpg,0191_3.jpg,0,0.5526129603385925,0.7624549269676208
exploration,cross_same_variable,231,226,0231_2.jpg,0226_3.jpg,0,0.47223711013793945,0.7906110286712646
exploration,cross_same_variable,232,232,0232_2.jpg,0232_3.jpg,1,0.6695243120193481,0.8457306623458862
exploration,cross_same_variable,232,251,0232_2.jpg,0251_3.jpg,0,0.5786440968513489,0.7851088047027588
exploration,cross_same_variable,232,252,0232_2.jpg,0252_3.jpg,0,0.7394477128982544,0.8345171213150024
exploration,cross_same_variable,232,2,0232_2.jpg,0002_3.jpg,0,0.5833125114440918,0.7971228361129761
exploration,cross_same_variable,232,71,0232_2.jpg,0071_3.jpg,0,0.617266058921814,0.8608629703521729
exploration,cross_same_variable,232,74,0232_2.jpg,0074_3.jpg,0,0.5816867351531982,0.7977480888366699
exploration,cross_same_variable,232,127,0232_2.jpg,0127_3.jpg,0,0.607544481754303,0.7815625667572021
exploration,cross_same_variable,232,148,0232_2.jpg,0148_3.jpg,0,0.6440852284431458,0.8255058526992798
exploration,cross_same_variable,232,161,0232_2.jpg,0161_3.jpg,0,0.5859846472740173,0.8025490045547485
exploration,cross_same_variable,232,192,0232_2.jpg,0192_3.jpg,0,0.5648729801177979,0.7891233563423157
exploration,cross_same_variable,232,227,0232_2.jpg,0227_3.jpg,0,0.6003350615501404,0.8021203279495239
exploration,cross_same_variable,234,234,0234_2.jpg,0234_3.jpg,1,0.64522385597229,0.8159874677658081
exploration,cross_same_variable,234,252,0234_2.jpg,0252_3.jpg,0,0.642640233039856,0.809678316116333
exploration,cross_same_variable,234,255,0234_2.jpg,0255_3.jpg,0,0.6313748359680176,0.8142750263214111
exploration,cross_same_variable,234,3,0234_2.jpg,0003_3.jpg,0,0.5405151844024658,0.7865852117538452
exploration,cross_same_variable,234,74,0234_2.jpg,0074_3.jpg,0,0.5988534092903137,0.8012521266937256
exploration,cross_same_variable,234,75,0234_2.jpg,0075_3.jpg,0,0.4266071915626526,0.7494189143180847
exploration,cross_same_variable,234,130,0234_2.jpg,0130_3.jpg,0,0.5376162528991699,0.7748718857765198
exploration,cross_same_variable,234,152,0234_2.jpg,0152_3.jpg,0,0.5635721683502197,0.7822556495666504
exploration,cross_same_variable,234,162,0234_2.jpg,0162_3.jpg,0,0.6290117502212524,0.8059937953948975
exploration,cross_same_variable,234,196,0234_2.jpg,0196_3.jpg,0,0.5724174976348877,0.7893301844596863
exploration,cross_same_variable,234,228,0234_2.jpg,0228_3.jpg,0,0.6792076826095581,0.8260722160339355
exploration,cross_same_variable,235,235,0235_2.jpg,0235_3.jpg,1,0.6461626291275024,0.8425692319869995
exploration,cross_same_variable,235,255,0235_2.jpg,0255_3.jpg,0,0.5830209851264954,0.8144450783729553
exploration,cross_same_variable,235,256,0235_2.jpg,0256_3.jpg,0,0.5721579194068909,0.7746409177780151
exploration,cross_same_variable,235,6,0235_2.jpg,0006_3.jpg,0,0.5443952083587646,0.7819834351539612
exploration,cross_same_variable,235,75,0235_2.jpg,0075_3.jpg,0,0.4190186858177185,0.7724967002868652
exploration,cross_same_variable,235,76,0235_2.jpg,0076_3.jpg,0,0.5156489610671997,0.7685027122497559
exploration,cross_same_variable,235,132,0235_2.jpg,0132_3.jpg,0,0.5513774156570435,0.8159122467041016
exploration,cross_same_variable,235,153,0235_2.jpg,0153_3.jpg,0,0.6135849952697754,0.8366899490356445
exploration,cross_same_variable,235,163,0235_2.jpg,0163_3.jpg,0,0.5957400798797607,0.8144441843032837
exploration,cross_same_variable,235,197,0235_2.jpg,0197_3.jpg,0,0.504967987537384,0.7940133810043335
exploration,cross_same_variable,235,229,0235_2.jpg,0229_3.jpg,0,0.5457195043563843,0.7870527505874634
exploration,cross_same_variable,237,237,0237_2.jpg,0237_3.jpg,1,0.607815682888031,0.817002534866333
exploration,cross_same_variable,237,256,0237_2.jpg,0256_3.jpg,0,0.5983731746673584,0.8015326261520386
exploration,cross_same_variable,237,260,0237_2.jpg,0260_3.jpg,0,0.6632542610168457,0.8328664898872375
exploration,cross_same_variable,237,7,0237_2.jpg,0007_3.jpg,0,0.579606294631958,0.8223540782928467
exploration,cross_same_variable,237,76,0237_2.jpg,0076_3.jpg,0,0.4872945547103882,0.7762317657470703
exploration,cross_same_variable,237,77,0237_2.jpg,0077_3.jpg,0,0.5647529363632202,0.8182686567306519
exploration,cross_same_variable,237,133,0237_2.jpg,0133_3.jpg,0,0.4826163053512573,0.8093134164810181
exploration,cross_same_variable,237,154,0237_2.jpg,0154_3.jpg,0,0.6263906955718994,0.8637238144874573
exploration,cross_same_variable,237,164,0237_2.jpg,0164_3.jpg,0,0.6155737042427063,0.8173859715461731
exploration,cross_same_variable,237,198,0237_2.jpg,0198_3.jpg,0,0.47701215744018555,0.7862237691879272
exploration,cross_same_variable,237,231,0237_2.jpg,0231_3.jpg,0,0.5289715528488159,0.8060722351074219
exploration,cross_same_variable,239,239,0239_2.jpg,0239_3.jpg,1,0.5555034875869751,0.7812322974205017
exploration,cross_same_variable,239,260,0239_2.jpg,0260_3.jpg,0,0.5555148124694824,0.7569923400878906
exploration,cross_same_variable,239,261,0239_2.jpg,0261_3.jpg,0,0.5072441101074219,0.7527967095375061
exploration,cross_same_variable,239,8,0239_2.jpg,0008_3.jpg,0,0.49823126196861267,0.7552263140678406
exploration,cross_same_variable,239,77,0239_2.jpg,0077_3.jpg,0,0.5297629237174988,0.7631192207336426
exploration,cross_same_variable,239,78,0239_2.jpg,0078_3.jpg,0,0.61004638671875,0.7888212203979492
exploration,cross_same_variable,239,134,0239_2.jpg,0134_3.jpg,0,0.48417991399765015,0.7592445015907288
exploration,cross_same_variable,239,155,0239_2.jpg,0155_3.jpg,0,0.5366532802581787,0.765295147895813
exploration,cross_same_variable,239,167,0239_2.jpg,0167_3.jpg,0,0.48768946528434753,0.7273536920547485
exploration,cross_same_variable,239,199,0239_2.jpg,0199_3.jpg,0,0.4681498408317566,0.7551224231719971
exploration,cross_same_variable,239,232,0239_2.jpg,0232_3.jpg,0,0.5746598243713379,0.796757698059082
exploration,cross_same_variable,240,240,0240_2.jpg,0240_3.jpg,1,0.5450693964958191,0.7889664769172668
exploration,cross_same_variable,240,261,0240_2.jpg,0261_3.jpg,0,0.48051363229751587,0.7527343034744263
exploration,cross_same_variable,240,262,0240_2.jpg,0262_3.jpg,0,0.5875433087348938,0.7857786417007446
exploration,cross_same_variable,240,11,0240_2.jpg,0011_3.jpg,0,0.5191136598587036,0.7685704231262207
exploration,cross_same_variable,240,78,0240_2.jpg,0078_3.jpg,0,0.5543612837791443,0.7703542709350586
exploration,cross_same_variable,240,79,0240_2.jpg,0079_3.jpg,0,0.4807729721069336,0.7438079714775085
exploration,cross_same_variable,240,135,0240_2.jpg,0135_3.jpg,0,0.4859524369239807,0.7566555738449097
exploration,cross_same_variable,240,156,0240_2.jpg,0156_3.jpg,0,0.48051393032073975,0.772342324256897
exploration,cross_same_variable,240,168,0240_2.jpg,0168_3.jpg,0,0.5771738290786743,0.8286378979682922
exploration,cross_same_variable,240,200,0240_2.jpg,0200_3.jpg,0,0.5173071622848511,0.7892129421234131
exploration,cross_same_variable,240,234,0240_2.jpg,0234_3.jpg,0,0.5619863271713257,0.7933597564697266
exploration,cross_same_variable,241,241,0241_2.jpg,0241_3.jpg,1,0.5899198055267334,0.8309862613677979
exploration,cross_same_variable,241,262,0241_2.jpg,0262_3.jpg,0,0.5767654180526733,0.8490065336227417
exploration,cross_same_variable,241,263,0241_2.jpg,0263_3.jpg,0,0.5409160852432251,0.8221439123153687
exploration,cross_same_variable,241,12,0241_2.jpg,0012_3.jpg,0,0.47877123951911926,0.7951887249946594
exploration,cross_same_variable,241,79,0241_2.jpg,0079_3.jpg,0,0.5075902342796326,0.8000880479812622
exploration,cross_same_variable,241,81,0241_2.jpg,0081_3.jpg,0,0.5245164632797241,0.8231834173202515
exploration,cross_same_variable,241,138,0241_2.jpg,0138_3.jpg,0,0.5313262939453125,0.8086103200912476
exploration,cross_same_variable,241,157,0241_2.jpg,0157_3.jpg,0,0.45684754848480225,0.7854858040809631
exploration,cross_same_variable,241,169,0241_2.jpg,0169_3.jpg,0,0.5459716320037842,0.8353814482688904
exploration,cross_same_variable,241,201,0241_2.jpg,0201_3.jpg,0,0.5638259649276733,0.8322544097900391
exploration,cross_same_variable,241,235,0241_2.jpg,0235_3.jpg,0,0.5496864914894104,0.8441590666770935
exploration,cross_same_variable,242,242,0242_2.jpg,0242_3.jpg,1,0.6699334979057312,0.8512976169586182
exploration,cross_same_variable,242,263,0242_2.jpg,0263_3.jpg,0,0.5686766505241394,0.8032413721084595
exploration,cross_same_variable,242,264,0242_2.jpg,0264_3.jpg,0,0.6079714298248291,0.8220270276069641
exploration,cross_same_variable,242,15,0242_2.jpg,0015_3.jpg,0,0.5740649700164795,0.8185528516769409
exploration,cross_same_variable,242,81,0242_2.jpg,0081_3.jpg,0,0.5403673648834229,0.8070822954177856
exploration,cross_same_variable,242,83,0242_2.jpg,0083_3.jpg,0,0.5888385772705078,0.8169772624969482
exploration,cross_same_variable,242,140,0242_2.jpg,0140_3.jpg,0,0.601231575012207,0.8261341452598572
exploration,cross_same_variable,242,158,0242_2.jpg,0158_3.jpg,0,0.5662676095962524,0.8128054141998291
exploration,cross_same_variable,242,171,0242_2.jpg,0171_3.jpg,0,0.5276296138763428,0.794672966003418
exploration,cross_same_variable,242,203,0242_2.jpg,0203_3.jpg,0,0.5699869990348816,0.8050684928894043
exploration,cross_same_variable,242,237,0242_2.jpg,0237_3.jpg,0,0.5582894086837769,0.7808641195297241
exploration,cross_same_variable,243,243,0243_2.jpg,0243_3.jpg,1,0.6591463088989258,0.8499529957771301
exploration,cross_same_variable,243,264,0243_2.jpg,0264_3.jpg,0,0.6017071008682251,0.8343482613563538
exploration,cross_same_variable,243,265,0243_2.jpg,0265_3.jpg,0,0.6728016138076782,0.8450025320053101
exploration,cross_same_variable,243,18,0243_2.jpg,0018_3.jpg,0,0.5669095516204834,0.7993756532669067
exploration,cross_same_variable,243,83,0243_2.jpg,0083_3.jpg,0,0.5669130086898804,0.7873501777648926
exploration,cross_same_variable,243,85,0243_2.jpg,0085_3.jpg,0,0.6067783832550049,0.8009878396987915
exploration,cross_same_variable,243,142,0243_2.jpg,0142_3.jpg,0,0.572869062423706,0.8013157844543457
exploration,cross_same_variable,243,159,0243_2.jpg,0159_3.jpg,0,0.6062846183776855,0.840463399887085
exploration,cross_same_variable,243,172,0243_2.jpg,0172_3.jpg,0,0.6079643964767456,0.8218714594841003
exploration,cross_same_variable,243,204,0243_2.jpg,0204_3.jpg,0,0.6747751235961914,0.8373546600341797
exploration,cross_same_variable,243,239,0243_2.jpg,0239_3.jpg,0,0.5636850595474243,0.8092771172523499
exploration,cross_same_variable,244,244,0244_2.jpg,0244_3.jpg,1,0.4055725634098053,0.7812550663948059
exploration,cross_same_variable,244,265,0244_2.jpg,0265_3.jpg,0,0.298494815826416,0.6616947054862976
exploration,cross_same_variable,244,266,0244_2.jpg,0266_3.jpg,0,0.3920222222805023,0.7299146056175232
exploration,cross_same_variable,244,19,0244_2.jpg,0019_3.jpg,0,0.2879335582256317,0.6631344556808472
exploration,cross_same_variable,244,85,0244_2.jpg,0085_3.jpg,0,0.3398995101451874,0.6602439284324646
exploration,cross_same_variable,244,86,0244_2.jpg,0086_3.jpg,0,0.43178343772888184,0.7292114496231079
exploration,cross_same_variable,244,146,0244_2.jpg,0146_3.jpg,0,0.34644702076911926,0.6631700992584229
exploration,cross_same_variable,244,161,0244_2.jpg,0161_3.jpg,0,0.3419560492038727,0.6919914484024048
exploration,cross_same_variable,244,178,0244_2.jpg,0178_3.jpg,0,0.28955531120300293,0.6766168475151062
exploration,cross_same_variable,244,206,0244_2.jpg,0206_3.jpg,0,0.3041389286518097,0.6587594747543335
exploration,cross_same_variable,244,240,0244_2.jpg,0240_3.jpg,0,0.3617004454135895,0.6995691061019897
exploration,cross_same_variable,245,245,0245_2.jpg,0245_3.jpg,1,0.5323554277420044,0.7911868095397949
exploration,cross_same_variable,245,266,0245_2.jpg,0266_3.jpg,0,0.5830817222595215,0.7951119542121887
exploration,cross_same_variable,245,267,0245_2.jpg,0267_3.jpg,0,0.558154821395874,0.7655912637710571
exploration,cross_same_variable,245,20,0245_2.jpg,0020_3.jpg,0,0.5342108607292175,0.7747218608856201
exploration,cross_same_variable,245,86,0245_2.jpg,0086_3.jpg,0,0.5114341974258423,0.7838531732559204
exploration,cross_same_variable,245,87,0245_2.jpg,0087_3.jpg,0,0.5510829091072083,0.8127388954162598
exploration,cross_same_variable,245,147,0245_2.jpg,0147_3.jpg,0,0.5271689295768738,0.7714247703552246
exploration,cross_same_variable,245,162,0245_2.jpg,0162_3.jpg,0,0.5627336502075195,0.7750495076179504
exploration,cross_same_variable,245,179,0245_2.jpg,0179_3.jpg,0,0.5333007574081421,0.7600449919700623
exploration,cross_same_variable,245,207,0245_2.jpg,0207_3.jpg,0,0.538025975227356,0.7576259970664978
exploration,cross_same_variable,245,241,0245_2.jpg,0241_3.jpg,0,0.5418962836265564,0.7555888891220093
exploration,cross_same_variable,246,246,0246_2.jpg,0246_3.jpg,1,0.6505513191223145,0.857850193977356
exploration,cross_same_variable,246,267,0246_2.jpg,0267_3.jpg,0,0.5210289359092712,0.8147921562194824
exploration,cross_same_variable,246,271,0246_2.jpg,0271_3.jpg,0,0.5029416680335999,0.7698215842247009
exploration,cross_same_variable,246,21,0246_2.jpg,0021_3.jpg,0,0.53679358959198,0.7880429029464722
exploration,cross_same_variable,246,87,0246_2.jpg,0087_3.jpg,0,0.5186128616333008,0.8478081226348877
exploration,cross_same_variable,246,89,0246_2.jpg,0089_3.jpg,0,0.4845855236053467,0.7684450745582581
exploration,cross_same_variable,246,148,0246_2.jpg,0148_3.jpg,0,0.5727115273475647,0.8251957893371582
exploration,cross_same_variable,246,163,0246_2.jpg,0163_3.jpg,0,0.541321337223053,0.8166812062263489
exploration,cross_same_variable,246,180,0246_2.jpg,0180_3.jpg,0,0.5496763586997986,0.8134520053863525
exploration,cross_same_variable,246,208,0246_2.jpg,0208_3.jpg,0,0.38009777665138245,0.745678186416626
exploration,cross_same_variable,246,242,0246_2.jpg,0242_3.jpg,0,0.5332723259925842,0.8217393159866333
exploration,cross_same_variable,247,247,0247_2.jpg,0247_3.jpg,1,0.5748239755630493,0.8477742671966553
exploration,cross_same_variable,247,271,0247_2.jpg,0271_3.jpg,0,0.5250511169433594,0.791994571685791
exploration,cross_same_variable,247,272,0247_2.jpg,0272_3.jpg,0,0.6007174849510193,0.8478090763092041
exploration,cross_same_variable,247,22,0247_2.jpg,0022_3.jpg,0,0.5711033344268799,0.8360562920570374
exploration,cross_same_variable,247,89,0247_2.jpg,0089_3.jpg,0,0.5888779163360596,0.8206582069396973
exploration,cross_same_variable,247,90,0247_2.jpg,0090_3.jpg,0,0.48863786458969116,0.806423544883728
exploration,cross_same_variable,247,152,0247_2.jpg,0152_3.jpg,0,0.5677745938301086,0.8204118013381958
exploration,cross_same_variable,247,164,0247_2.jpg,0164_3.jpg,0,0.5483937859535217,0.8021860122680664
exploration,cross_same_variable,247,181,0247_2.jpg,0181_3.jpg,0,0.5259089469909668,0.8019429445266724
exploration,cross_same_variable,247,209,0247_2.jpg,0209_3.jpg,0,0.5749543309211731,0.7958938479423523
exploration,cross_same_variable,247,243,0247_2.jpg,0243_3.jpg,0,0.5362920761108398,0.8036455512046814
exploration,cross_same_variable,248,248,0248_2.jpg,0248_3.jpg,1,0.5665144920349121,0.799262285232544
exploration,cross_same_variable,248,272,0248_2.jpg,0272_3.jpg,0,0.6510050296783447,0.8101091384887695
exploration,cross_same_variable,248,273,0248_2.jpg,0273_3.jpg,0,0.5676721334457397,0.7623715400695801
exploration,cross_same_variable,248,25,0248_2.jpg,0025_3.jpg,0,0.41772085428237915,0.6812148690223694
exploration,cross_same_variable,248,90,0248_2.jpg,0090_3.jpg,0,0.557479739189148,0.7779721021652222
exploration,cross_same_variable,248,91,0248_2.jpg,0091_3.jpg,0,0.6081136465072632,0.8422561287879944
exploration,cross_same_variable,248,153,0248_2.jpg,0153_3.jpg,0,0.5977746844291687,0.7925881743431091
exploration,cross_same_variable,248,167,0248_2.jpg,0167_3.jpg,0,0.5048872232437134,0.7395634651184082
exploration,cross_same_variable,248,183,0248_2.jpg,0183_3.jpg,0,0.6282307505607605,0.7902329564094543
exploration,cross_same_variable,248,211,0248_2.jpg,0211_3.jpg,0,0.5676356554031372,0.7693039178848267
exploration,cross_same_variable,248,244,0248_2.jpg,0244_3.jpg,0,0.45374596118927,0.8103445768356323
exploration,cross_same_variable,249,249,0249_2.jpg,0249_3.jpg,1,0.6612236499786377,0.8434858322143555
exploration,cross_same_variable,249,273,0249_2.jpg,0273_3.jpg,0,0.6236885190010071,0.8141104578971863
exploration,cross_same_variable,249,274,0249_2.jpg,0274_3.jpg,0,0.6174216270446777,0.8307273387908936
exploration,cross_same_variable,249,26,0249_2.jpg,0026_3.jpg,0,0.6168797016143799,0.8292472958564758
exploration,cross_same_variable,249,91,0249_2.jpg,0091_3.jpg,0,0.665055513381958,0.862282395362854
exploration,cross_same_variable,249,92,0249_2.jpg,0092_3.jpg,0,0.6285730004310608,0.7978912591934204
exploration,cross_same_variable,249,154,0249_2.jpg,0154_3.jpg,0,0.7201360464096069,0.8914535045623779
exploration,cross_same_variable,249,168,0249_2.jpg,0168_3.jpg,0,0.6442807912826538,0.861197829246521
exploration,cross_same_variable,249,185,0249_2.jpg,0185_3.jpg,0,0.6404150724411011,0.8244576454162598
exploration,cross_same_variable,249,212,0249_2.jpg,0212_3.jpg,0,0.5693023800849915,0.765437662601471
exploration,cross_same_variable,249,245,0249_2.jpg,0245_3.jpg,0,0.5431700348854065,0.8070311546325684
exploration,cross_same_variable,250,250,0250_2.jpg,0250_3.jpg,1,0.5882341861724854,0.8026028871536255
exploration,cross_same_variable,250,274,0250_2.jpg,0274_3.jpg,0,0.534950852394104,0.8072104454040527
exploration,cross_same_variable,250,276,0250_2.jpg,0276_3.jpg,0,0.5834969878196716,0.8076051473617554
exploration,cross_same_variable,250,27,0250_2.jpg,0027_3.jpg,0,0.5458498001098633,0.7681710720062256
exploration,cross_same_variable,250,92,0250_2.jpg,0092_3.jpg,0,0.5894600749015808,0.795811653137207
exploration,cross_same_variable,250,93,0250_2.jpg,0093_3.jpg,0,0.5400146245956421,0.754468560218811
exploration,cross_same_variable,250,155,0250_2.jpg,0155_3.jpg,0,0.5645479559898376,0.8003138899803162
exploration,cross_same_variable,250,169,0250_2.jpg,0169_3.jpg,0,0.5995888710021973,0.8122697472572327
exploration,cross_same_variable,250,188,0250_2.jpg,0188_3.jpg,0,0.5806359052658081,0.8259478807449341
exploration,cross_same_variable,250,213,0250_2.jpg,0213_3.jpg,0,0.5739324688911438,0.8126639127731323
exploration,cross_same_variable,250,246,0250_2.jpg,0246_3.jpg,0,0.6035130023956299,0.8156958818435669
exploration,cross_same_variable,251,251,0251_2.jpg,0251_3.jpg,1,0.5043971538543701,0.778202474117279
exploration,cross_same_variable,251,276,0251_2.jpg,0276_3.jpg,0,0.5692002177238464,0.8159469962120056
exploration,cross_same_variable,251,279,0251_2.jpg,0279_3.jpg,0,0.5671470761299133,0.8223096132278442
exploration,cross_same_variable,251,29,0251_2.jpg,0029_3.jpg,0,0.5197467803955078,0.8020919561386108
exploration,cross_same_variable,251,93,0251_2.jpg,0093_3.jpg,0,0.542525053024292,0.7790391445159912
exploration,cross_same_variable,251,94,0251_2.jpg,0094_3.jpg,0,0.47846657037734985,0.7920252084732056
exploration,cross_same_variable,251,156,0251_2.jpg,0156_3.jpg,0,0.50239497423172,0.7918236255645752
exploration,cross_same_variable,251,171,0251_2.jpg,0171_3.jpg,0,0.4656747281551361,0.7653189897537231
exploration,cross_same_variable,251,189,0251_2.jpg,0189_3.jpg,0,0.47314876317977905,0.7599228620529175
exploration,cross_same_variable,251,214,0251_2.jpg,0214_3.jpg,0,0.5027958750724792,0.7678354978561401
exploration,cross_same_variable,251,247,0251_2.jpg,0247_3.jpg,0,0.6056972146034241,0.8186397552490234
exploration,cross_same_variable,252,252,0252_2.jpg,0252_3.jpg,1,0.7059504985809326,0.8509772419929504
exploration,cross_same_variable,252,279,0252_2.jpg,0279_3.jpg,0,0.5729362964630127,0.8106880187988281
exploration,cross_same_variable,252,281,0252_2.jpg,0281_3.jpg,0,0.5486421585083008,0.8093403577804565
exploration,cross_same_variable,252,30,0252_2.jpg,0030_3.jpg,0,0.5629242658615112,0.8301658630371094
exploration,cross_same_variable,252,94,0252_2.jpg,0094_3.jpg,0,0.4736913740634918,0.7891978025436401
exploration,cross_same_variable,252,96,0252_2.jpg,0096_3.jpg,0,0.5893365144729614,0.7865303754806519
exploration,cross_same_variable,252,157,0252_2.jpg,0157_3.jpg,0,0.45064258575439453,0.7529244422912598
exploration,cross_same_variable,252,172,0252_2.jpg,0172_3.jpg,0,0.6337548494338989,0.8450826406478882
exploration,cross_same_variable,252,191,0252_2.jpg,0191_3.jpg,0,0.5977197885513306,0.8037111759185791
exploration,cross_same_variable,252,216,0252_2.jpg,0216_3.jpg,0,0.6482535600662231,0.8465384244918823
exploration,cross_same_variable,252,248,0252_2.jpg,0248_3.jpg,0,0.5962472558021545,0.817658543586731
exploration,cross_same_variable,255,255,0255_2.jpg,0255_3.jpg,1,0.5316587686538696,0.7989306449890137
exploration,cross_same_variable,255,281,0255_2.jpg,0281_3.jpg,0,0.4949849545955658,0.7684394121170044
exploration,cross_same_variable,255,282,0255_2.jpg,0282_3.jpg,0,0.49671700596809387,0.7497376203536987
exploration,cross_same_variable,255,31,0255_2.jpg,0031_3.jpg,0,0.5041325688362122,0.7942233085632324
exploration,cross_same_variable,255,96,0255_2.jpg,0096_3.jpg,0,0.451465904712677,0.7562183737754822
exploration,cross_same_variable,255,97,0255_2.jpg,0097_3.jpg,0,0.47221434116363525,0.747920036315918
exploration,cross_same_variable,255,158,0255_2.jpg,0158_3.jpg,0,0.5376505851745605,0.7933737635612488
exploration,cross_same_variable,255,178,0255_2.jpg,0178_3.jpg,0,0.5222010612487793,0.7866712212562561
exploration,cross_same_variable,255,192,0255_2.jpg,0192_3.jpg,0,0.4866483211517334,0.770248532295227
exploration,cross_same_variable,255,219,0255_2.jpg,0219_3.jpg,0,0.48654407262802124,0.7870889902114868
exploration,cross_same_variable,255,249,0255_2.jpg,0249_3.jpg,0,0.5037524700164795,0.7680783867835999
exploration,cross_same_variable,256,256,0256_2.jpg,0256_3.jpg,1,0.5714343786239624,0.7898584604263306
exploration,cross_same_variable,256,282,0256_2.jpg,0282_3.jpg,0,0.5954928398132324,0.7990633845329285
exploration,cross_same_variable,256,1,0256_2.jpg,0001_3.jpg,0,0.5660058259963989,0.8050572276115417
exploration,cross_same_variable,256,35,0256_2.jpg,0035_3.jpg,0,0.5947113633155823,0.8135068416595459
exploration,cross_same_variable,256,97,0256_2.jpg,0097_3.jpg,0,0.5090525150299072,0.7938023805618286
exploration,cross_same_variable,256,98,0256_2.jpg,0098_3.jpg,0,0.540614902973175,0.7899417877197266
exploration,cross_same_variable,256,159,0256_2.jpg,0159_3.jpg,0,0.5562354326248169,0.7986706495285034
exploration,cross_same_variable,256,179,0256_2.jpg,0179_3.jpg,0,0.5830504894256592,0.8247076869010925
exploration,cross_same_variable,256,196,0256_2.jpg,0196_3.jpg,0,0.5113649368286133,0.7655928134918213
exploration,cross_same_variable,256,220,0256_2.jpg,0220_3.jpg,0,0.5700610876083374,0.7982823848724365
exploration,cross_same_variable,256,250,0256_2.jpg,0250_3.jpg,0,0.5675296783447266,0.790725588798523
exploration,cross_same_variable,260,260,0260_2.jpg,0260_3.jpg,1,0.628804087638855,0.8137831091880798
exploration,cross_same_variable,260,1,0260_2.jpg,0001_3.jpg,0,0.5767332315444946,0.8052049875259399
exploration,cross_same_variable,260,2,0260_2.jpg,0002_3.jpg,0,0.5497000217437744,0.7940453290939331
exploration,cross_same_variable,260,38,0260_2.jpg,0038_3.jpg,0,0.6056018471717834,0.82390958070755
exploration,cross_same_variable,260,98,0260_2.jpg,0098_3.jpg,0,0.542189359664917,0.7897623777389526
exploration,cross_same_variable,260,100,0260_2.jpg,0100_3.jpg,0,0.4906286597251892,0.787544310092926
exploration,cross_same_variable,260,161,0260_2.jpg,0161_3.jpg,0,0.5207923054695129,0.8033855557441711
exploration,cross_same_variable,260,180,0260_2.jpg,0180_3.jpg,0,0.609793484210968,0.8181368708610535
exploration,cross_same_variable,260,197,0260_2.jpg,0197_3.jpg,0,0.5401700735092163,0.815304160118103
exploration,cross_same_variable,260,221,0260_2.jpg,0221_3.jpg,0,0.6454443335533142,0.8296639323234558
exploration,cross_same_variable,260,251,0260_2.jpg,0251_3.jpg,0,0.5269680023193359,0.7905491590499878
exploration,cross_same_variable,261,261,0261_2.jpg,0261_3.jpg,1,0.702485978603363,0.8792855739593506
exploration,cross_same_variable,261,2,0261_2.jpg,0002_3.jpg,0,0.6492834091186523,0.8529070615768433
exploration,cross_same_variable,261,3,0261_2.jpg,0003_3.jpg,0,0.6155565977096558,0.8535434007644653
exploration,cross_same_variable,261,39,0261_2.jpg,0039_3.jpg,0,0.6775317192077637,0.8359394669532776
exploration,cross_same_variable,261,100,0261_2.jpg,0100_3.jpg,0,0.6011624336242676,0.8420342206954956
exploration,cross_same_variable,261,101,0261_2.jpg,0101_3.jpg,0,0.6549995541572571,0.8576220273971558
exploration,cross_same_variable,261,162,0261_2.jpg,0162_3.jpg,0,0.716572105884552,0.8808315992355347
exploration,cross_same_variable,261,181,0261_2.jpg,0181_3.jpg,0,0.675711989402771,0.8529989719390869
exploration,cross_same_variable,261,198,0261_2.jpg,0198_3.jpg,0,0.6119368672370911,0.8398117423057556
exploration,cross_same_variable,261,223,0261_2.jpg,0223_3.jpg,0,0.6403756141662598,0.8564935326576233
exploration,cross_same_variable,261,252,0261_2.jpg,0252_3.jpg,0,0.710982084274292,0.870124101638794
exploration,cross_same_variable,262,262,0262_2.jpg,0262_3.jpg,1,0.560455322265625,0.8020650148391724
exploration,cross_same_variable,262,3,0262_2.jpg,0003_3.jpg,0,0.442470908164978,0.7556040287017822
exploration,cross_same_variable,262,6,0262_2.jpg,0006_3.jpg,0,0.45032286643981934,0.7349604368209839
exploration,cross_same_variable,262,40,0262_2.jpg,0040_3.jpg,0,0.504203736782074,0.7818558812141418
exploration,cross_same_variable,262,101,0262_2.jpg,0101_3.jpg,0,0.4630136489868164,0.7581923007965088
exploration,cross_same_variable,262,103,0262_2.jpg,0103_3.jpg,0,0.491231232881546,0.7705352902412415
exploration,cross_same_variable,262,163,0262_2.jpg,0163_3.jpg,0,0.4795989990234375,0.7725701332092285
exploration,cross_same_variable,262,183,0262_2.jpg,0183_3.jpg,0,0.5230591297149658,0.7713824510574341
exploration,cross_same_variable,262,199,0262_2.jpg,0199_3.jpg,0,0.4996410012245178,0.7893218994140625
exploration,cross_same_variable,262,224,0262_2.jpg,0224_3.jpg,0,0.49982988834381104,0.7915424108505249
exploration,cross_same_variable,262,255,0262_2.jpg,0255_3.jpg,0,0.5272136926651001,0.8046678304672241
exploration,cross_same_variable,263,263,0263_2.jpg,0263_3.jpg,1,0.561978280544281,0.7961465120315552
exploration,cross_same_variable,263,6,0263_2.jpg,0006_3.jpg,0,0.5696703195571899,0.7658213376998901
exploration,cross_same_variable,263,7,0263_2.jpg,0007_3.jpg,0,0.5968653559684753,0.8049384951591492
exploration,cross_same_variable,263,42,0263_2.jpg,0042_3.jpg,0,0.5023220777511597,0.7748581171035767
exploration,cross_same_variable,263,103,0263_2.jpg,0103_3.jpg,0,0.5419089794158936,0.7967867851257324
exploration,cross_same_variable,263,104,0263_2.jpg,0104_3.jpg,0,0.49085482954978943,0.7725136280059814
exploration,cross_same_variable,263,164,0263_2.jpg,0164_3.jpg,0,0.5909122228622437,0.781403660774231
exploration,cross_same_variable,263,185,0263_2.jpg,0185_3.jpg,0,0.5458133220672607,0.7780569195747375
exploration,cross_same_variable,263,200,0263_2.jpg,0200_3.jpg,0,0.5365505814552307,0.7928045988082886
exploration,cross_same_variable,263,225,0263_2.jpg,0225_3.jpg,0,0.5620415806770325,0.7689960598945618
exploration,cross_same_variable,263,256,0263_2.jpg,0256_3.jpg,0,0.5092178583145142,0.7428001165390015
exploration,cross_same_variable,264,264,0264_2.jpg,0264_3.jpg,1,0.6366001963615417,0.8443768620491028
exploration,cross_same_variable,264,7,0264_2.jpg,0007_3.jpg,0,0.6412306427955627,0.82729172706604
exploration,cross_same_variable,264,8,0264_2.jpg,0008_3.jpg,0,0.5964457988739014,0.8316818475723267
exploration,cross_same_variable,264,43,0264_2.jpg,0043_3.jpg,0,0.5746353268623352,0.8183487057685852
exploration,cross_same_variable,264,104,0264_2.jpg,0104_3.jpg,0,0.5523254871368408,0.8047409057617188
exploration,cross_same_variable,264,105,0264_2.jpg,0105_3.jpg,0,0.5534911155700684,0.8006018996238708
exploration,cross_same_variable,264,167,0264_2.jpg,0167_3.jpg,0,0.5349151492118835,0.786675751209259
exploration,cross_same_variable,264,188,0264_2.jpg,0188_3.jpg,0,0.5961701273918152,0.8422831296920776
exploration,cross_same_variable,264,201,0264_2.jpg,0201_3.jpg,0,0.6288414001464844,0.8250196576118469
exploration,cross_same_variable,264,226,0264_2.jpg,0226_3.jpg,0,0.6165112257003784,0.84386146068573
exploration,cross_same_variable,264,260,0264_2.jpg,0260_3.jpg,0,0.647160530090332,0.8112682700157166
exploration,cross_same_variable,265,265,0265_2.jpg,0265_3.jpg,1,0.6818155646324158,0.8598222136497498
exploration,cross_same_variable,265,8,0265_2.jpg,0008_3.jpg,0,0.5871514081954956,0.8261141777038574
exploration,cross_same_variable,265,11,0265_2.jpg,0011_3.jpg,0,0.6321883201599121,0.8469243049621582
exploration,cross_same_variable,265,46,0265_2.jpg,0046_3.jpg,0,0.6000270247459412,0.8095878958702087
exploration,cross_same_variable,265,105,0265_2.jpg,0105_3.jpg,0,0.5700579285621643,0.8103697896003723
exploration,cross_same_variable,265,106,0265_2.jpg,0106_3.jpg,0,0.540868878364563,0.7896264791488647
exploration,cross_same_variable,265,168,0265_2.jpg,0168_3.jpg,0,0.6016768217086792,0.8345559239387512
exploration,cross_same_variable,265,189,0265_2.jpg,0189_3.jpg,0,0.5417039394378662,0.7857342958450317
exploration,cross_same_variable,265,203,0265_2.jpg,0203_3.jpg,0,0.6170419454574585,0.8275548815727234
exploration,cross_same_variable,265,227,0265_2.jpg,0227_3.jpg,0,0.5519580841064453,0.8237025737762451
exploration,cross_same_variable,265,261,0265_2.jpg,0261_3.jpg,0,0.5779638290405273,0.8044155240058899
exploration,cross_same_variable,266,266,0266_2.jpg,0266_3.jpg,1,0.5617730617523193,0.8087316155433655
exploration,cross_same_variable,266,11,0266_2.jpg,0011_3.jpg,0,0.5302534103393555,0.7777761220932007
exploration,cross_same_variable,266,12,0266_2.jpg,0012_3.jpg,0,0.44963276386260986,0.7325538992881775
exploration,cross_same_variable,266,47,0266_2.jpg,0047_3.jpg,0,0.49276527762413025,0.7626534700393677
exploration,cross_same_variable,266,106,0266_2.jpg,0106_3.jpg,0,0.41799354553222656,0.7115764617919922
exploration,cross_same_variable,266,107,0266_2.jpg,0107_3.jpg,0,0.4564187526702881,0.7415816187858582
exploration,cross_same_variable,266,169,0266_2.jpg,0169_3.jpg,0,0.47305601835250854,0.763208270072937
exploration,cross_same_variable,266,191,0266_2.jpg,0191_3.jpg,0,0.4487752914428711,0.7185626029968262
exploration,cross_same_variable,266,204,0266_2.jpg,0204_3.jpg,0,0.5021957159042358,0.7509592771530151
exploration,cross_same_variable,266,228,0266_2.jpg,0228_3.jpg,0,0.5390048623085022,0.7558899521827698
exploration,cross_same_variable,266,262,0266_2.jpg,0262_3.jpg,0,0.5476780533790588,0.7732912302017212
exploration,cross_same_variable,267,267,0267_2.jpg,0267_3.jpg,1,0.4214477241039276,0.7302711009979248
exploration,cross_same_variable,267,12,0267_2.jpg,0012_3.jpg,0,0.39752769470214844,0.7130850553512573
exploration,cross_same_variable,267,15,0267_2.jpg,0015_3.jpg,0,0.42441526055336,0.7449767589569092
exploration,cross_same_variable,267,49,0267_2.jpg,0049_3.jpg,0,0.3997762203216553,0.756181001663208
exploration,cross_same_variable,267,107,0267_2.jpg,0107_3.jpg,0,0.3874284029006958,0.7115525007247925
exploration,cross_same_variable,267,109,0267_2.jpg,0109_3.jpg,0,0.37276172637939453,0.7104202508926392
exploration,cross_same_variable,267,171,0267_2.jpg,0171_3.jpg,0,0.3784022927284241,0.7168569564819336
exploration,cross_same_variable,267,192,0267_2.jpg,0192_3.jpg,0,0.405888170003891,0.7322134971618652
exploration,cross_same_variable,267,206,0267_2.jpg,0206_3.jpg,0,0.37543395161628723,0.732298731803894
exploration,cross_same_variable,267,229,0267_2.jpg,0229_3.jpg,0,0.4035555422306061,0.7095618844032288
exploration,cross_same_variable,267,263,0267_2.jpg,0263_3.jpg,0,0.4449843466281891,0.7360903024673462
exploration,cross_same_variable,271,271,0271_2.jpg,0271_3.jpg,1,0.6680862307548523,0.8363949060440063
exploration,cross_same_variable,271,15,0271_2.jpg,0015_3.jpg,0,0.5462878346443176,0.8326010704040527
exploration,cross_same_variable,271,18,0271_2.jpg,0018_3.jpg,0,0.4965325891971588,0.79169762134552
exploration,cross_same_variable,271,55,0271_2.jpg,0055_3.jpg,0,0.5357884168624878,0.82603919506073
exploration,cross_same_variable,271,109,0271_2.jpg,0109_3.jpg,0,0.5651938319206238,0.8218549489974976
exploration,cross_same_variable,271,110,0271_2.jpg,0110_3.jpg,0,0.5753746032714844,0.8516194820404053
exploration,cross_same_variable,271,172,0271_2.jpg,0172_3.jpg,0,0.6093958616256714,0.8434894680976868
exploration,cross_same_variable,271,196,0271_2.jpg,0196_3.jpg,0,0.5729568600654602,0.8124876618385315
exploration,cross_same_variable,271,207,0271_2.jpg,0207_3.jpg,0,0.610764741897583,0.8217835426330566
exploration,cross_same_variable,271,231,0271_2.jpg,0231_3.jpg,0,0.4792690873146057,0.7846837043762207
exploration,cross_same_variable,271,264,0271_2.jpg,0264_3.jpg,0,0.5999246835708618,0.8372006416320801
exploration,cross_same_variable,272,272,0272_2.jpg,0272_3.jpg,1,0.6689693331718445,0.8545701503753662
exploration,cross_same_variable,272,18,0272_2.jpg,0018_3.jpg,0,0.45949995517730713,0.7474488615989685
exploration,cross_same_variable,272,19,0272_2.jpg,0019_3.jpg,0,0.45851266384124756,0.7587591409683228
exploration,cross_same_variable,272,56,0272_2.jpg,0056_3.jpg,0,0.5591970086097717,0.8215867280960083
exploration,cross_same_variable,272,110,0272_2.jpg,0110_3.jpg,0,0.49206340312957764,0.8122662305831909
exploration,cross_same_variable,272,114,0272_2.jpg,0114_3.jpg,0,0.5403507351875305,0.7417616248130798
exploration,cross_same_variable,272,178,0272_2.jpg,0178_3.jpg,0,0.5058125257492065,0.7961151599884033
exploration,cross_same_variable,272,197,0272_2.jpg,0197_3.jpg,0,0.49288392066955566,0.8088898658752441
exploration,cross_same_variable,272,208,0272_2.jpg,0208_3.jpg,0,0.4671611189842224,0.76828932762146
exploration,cross_same_variable,272,232,0272_2.jpg,0232_3.jpg,0,0.5910080075263977,0.8313066959381104
exploration,cross_same_variable,272,265,0272_2.jpg,0265_3.jpg,0,0.5989118814468384,0.798176646232605
exploration,cross_same_variable,273,273,0273_2.jpg,0273_3.jpg,1,0.6731373071670532,0.8636324405670166
exploration,cross_same_variable,273,19,0273_2.jpg,0019_3.jpg,0,0.5757206678390503,0.8173494338989258
exploration,cross_same_variable,273,20,0273_2.jpg,0020_3.jpg,0,0.5867816209793091,0.8286384344100952
exploration,cross_same_variable,273,57,0273_2.jpg,0057_3.jpg,0,0.6345571279525757,0.8534966707229614
exploration,cross_same_variable,273,114,0273_2.jpg,0114_3.jpg,0,0.6540261507034302,0.8311208486557007
exploration,cross_same_variable,273,116,0273_2.jpg,0116_3.jpg,0,0.5973124504089355,0.8268634080886841
exploration,cross_same_variable,273,179,0273_2.jpg,0179_3.jpg,0,0.5737069845199585,0.827225923538208
exploration,cross_same_variable,273,198,0273_2.jpg,0198_3.jpg,0,0.5840610265731812,0.8249963521957397
exploration,cross_same_variable,273,209,0273_2.jpg,0209_3.jpg,0,0.6575318574905396,0.8284496068954468
exploration,cross_same_variable,273,234,0273_2.jpg,0234_3.jpg,0,0.6124125123023987,0.846802830696106
exploration,cross_same_variable,273,266,0273_2.jpg,0266_3.jpg,0,0.5877048969268799,0.839783787727356
exploration,cross_same_variable,274,274,0274_2.jpg,0274_3.jpg,1,0.5170427560806274,0.8038259744644165
exploration,cross_same_variable,274,20,0274_2.jpg,0020_3.jpg,0,0.4904786944389343,0.7826046347618103
exploration,cross_same_variable,274,21,0274_2.jpg,0021_3.jpg,0,0.47844359278678894,0.7448625564575195
exploration,cross_same_variable,274,59,0274_2.jpg,0059_3.jpg,0,0.5022210478782654,0.8167742490768433
exploration,cross_same_variable,274,116,0274_2.jpg,0116_3.jpg,0,0.4716002345085144,0.7570455074310303
exploration,cross_same_variable,274,118,0274_2.jpg,0118_3.jpg,0,0.5177537798881531,0.7927242517471313
exploration,cross_same_variable,274,180,0274_2.jpg,0180_3.jpg,0,0.5409804582595825,0.7927950620651245
exploration,cross_same_variable,274,199,0274_2.jpg,0199_3.jpg,0,0.45879149436950684,0.7826500535011292
exploration,cross_same_variable,274,211,0274_2.jpg,0211_3.jpg,0,0.5247758626937866,0.7926873564720154
exploration,cross_same_variable,274,235,0274_2.jpg,0235_3.jpg,0,0.5086045265197754,0.7934036254882812
exploration,cross_same_variable,274,267,0274_2.jpg,0267_3.jpg,0,0.4993267059326172,0.7784886956214905
exploration,cross_same_variable,276,276,0276_2.jpg,0276_3.jpg,1,0.6892561316490173,0.84377121925354
exploration,cross_same_variable,276,21,0276_2.jpg,0021_3.jpg,0,0.5183746218681335,0.7651407718658447
exploration,cross_same_variable,276,22,0276_2.jpg,0022_3.jpg,0,0.6225014328956604,0.8300163745880127
exploration,cross_same_variable,276,60,0276_2.jpg,0060_3.jpg,0,0.5203673839569092,0.783679723739624
exploration,cross_same_variable,276,118,0276_2.jpg,0118_3.jpg,0,0.6001530885696411,0.8151622414588928
exploration,cross_same_variable,276,119,0276_2.jpg,0119_3.jpg,0,0.6078959107398987,0.8081681728363037
exploration,cross_same_variable,276,181,0276_2.jpg,0181_3.jpg,0,0.6014588475227356,0.7859948873519897
exploration,cross_same_variable,276,200,0276_2.jpg,0200_3.jpg,0,0.6264715194702148,0.8135871887207031
exploration,cross_same_variable,276,212,0276_2.jpg,0212_3.jpg,0,0.5833735466003418,0.77885901927948
exploration,cross_same_variable,276,237,0276_2.jpg,0237_3.jpg,0,0.5626978874206543,0.7713093757629395
exploration,cross_same_variable,276,271,0276_2.jpg,0271_3.jpg,0,0.6186227202415466,0.7814041376113892
exploration,cross_same_variable,279,279,0279_2.jpg,0279_3.jpg,1,0.655914306640625,0.8486395478248596
exploration,cross_same_variable,279,22,0279_2.jpg,0022_3.jpg,0,0.7067197561264038,0.8497220873832703
exploration,cross_same_variable,279,25,0279_2.jpg,0025_3.jpg,0,0.48818302154541016,0.7646270990371704
exploration,cross_same_variable,279,61,0279_2.jpg,0061_3.jpg,0,0.6269340515136719,0.8162331581115723
exploration,cross_same_variable,279,119,0279_2.jpg,0119_3.jpg,0,0.5474919080734253,0.8037694096565247
exploration,cross_same_variable,279,122,0279_2.jpg,0122_3.jpg,0,0.5872429609298706,0.7913389801979065
exploration,cross_same_variable,279,183,0279_2.jpg,0183_3.jpg,0,0.6577736735343933,0.8130673766136169
exploration,cross_same_variable,279,201,0279_2.jpg,0201_3.jpg,0,0.6731806397438049,0.8172264099121094
exploration,cross_same_variable,279,213,0279_2.jpg,0213_3.jpg,0,0.5531066656112671,0.8006981611251831
exploration,cross_same_variable,279,239,0279_2.jpg,0239_3.jpg,0,0.5524967908859253,0.7978207468986511
exploration,cross_same_variable,279,272,0279_2.jpg,0272_3.jpg,0,0.6104109287261963,0.8195374011993408
exploration,cross_same_variable,281,281,0281_2.jpg,0281_3.jpg,1,0.4513355791568756,0.7351301908493042
exploration,cross_same_variable,281,25,0281_2.jpg,0025_3.jpg,0,0.32942670583724976,0.6819779276847839
exploration,cross_same_variable,281,26,0281_2.jpg,0026_3.jpg,0,0.49578776955604553,0.7502877116203308
exploration,cross_same_variable,281,62,0281_2.jpg,0062_3.jpg,0,0.4971451163291931,0.7418897151947021
exploration,cross_same_variable,281,122,0281_2.jpg,0122_3.jpg,0,0.41832229495048523,0.7005952596664429
exploration,cross_same_variable,281,123,0281_2.jpg,0123_3.jpg,0,0.3860263228416443,0.6987009048461914
exploration,cross_same_variable,281,185,0281_2.jpg,0185_3.jpg,0,0.4270392954349518,0.7124515771865845
exploration,cross_same_variable,281,203,0281_2.jpg,0203_3.jpg,0,0.43312734365463257,0.7218829393386841
exploration,cross_same_variable,281,214,0281_2.jpg,0214_3.jpg,0,0.46352043747901917,0.7400020360946655
exploration,cross_same_variable,281,240,0281_2.jpg,0240_3.jpg,0,0.4783492088317871,0.7537397146224976
exploration,cross_same_variable,281,273,0281_2.jpg,0273_3.jpg,0,0.47633734345436096,0.7322067022323608
exploration,cross_same_variable,282,282,0282_2.jpg,0282_3.jpg,1,0.6948037147521973,0.8401530385017395
exploration,cross_same_variable,282,26,0282_2.jpg,0026_3.jpg,0,0.6173315644264221,0.837662398815155
exploration,cross_same_variable,282,27,0282_2.jpg,0027_3.jpg,0,0.6462305188179016,0.8584681749343872
exploration,cross_same_variable,282,65,0282_2.jpg,0065_3.jpg,0,0.598349928855896,0.8265833854675293
exploration,cross_same_variable,282,123,0282_2.jpg,0123_3.jpg,0,0.5918830037117004,0.8200664520263672
exploration,cross_same_variable,282,124,0282_2.jpg,0124_3.jpg,0,0.6160655617713928,0.7955559492111206
exploration,cross_same_variable,282,188,0282_2.jpg,0188_3.jpg,0,0.6299189329147339,0.8503051996231079
exploration,cross_same_variable,282,204,0282_2.jpg,0204_3.jpg,0,0.6973994970321655,0.8576157093048096
exploration,cross_same_variable,282,216,0282_2.jpg,0216_3.jpg,0,0.6698484420776367,0.8731452822685242
exploration,cross_same_variable,282,241,0282_2.jpg,0241_3.jpg,0,0.6501012444496155,0.8204892873764038
exploration,cross_same_variable,282,274,0282_2.jpg,0274_3.jpg,0,0.6353375315666199,0.8597736358642578
exploration,cross_same_same,1,1,0001_2.jpg,0001_4.jpg,1,0.5241992473602295,0.790184497833252
exploration,cross_same_same,1,27,0001_2.jpg,0027_4.jpg,0,0.5294772386550903,0.757541298866272
exploration,cross_same_same,1,29,0001_2.jpg,0029_4.jpg,0,0.49156832695007324,0.7472774982452393
exploration,cross_same_same,1,66,0001_2.jpg,0066_4.jpg,0,0.4679563343524933,0.7553747892379761
exploration,cross_same_same,1,124,0001_2.jpg,0124_4.jpg,0,0.5072382688522339,0.7885856628417969
exploration,cross_same_same,1,125,0001_2.jpg,0125_4.jpg,0,0.4743703603744507,0.7626612186431885
exploration,cross_same_same,1,189,0001_2.jpg,0189_4.jpg,0,0.46191972494125366,0.7481010556221008
exploration,cross_same_same,1,206,0001_2.jpg,0206_4.jpg,0,0.4871876835823059,0.7655670046806335
exploration,cross_same_same,1,219,0001_2.jpg,0219_4.jpg,0,0.48631423711776733,0.7747047543525696
exploration,cross_same_same,1,242,0001_2.jpg,0242_4.jpg,0,0.4973287582397461,0.7712955474853516
exploration,cross_same_same,1,276,0001_2.jpg,0276_4.jpg,0,0.5162761211395264,0.792159378528595
exploration,cross_same_same,2,2,0002_2.jpg,0002_4.jpg,1,0.6151573061943054,0.8536355495452881
exploration,cross_same_same,2,29,0002_2.jpg,0029_4.jpg,0,0.5657507181167603,0.822834312915802
exploration,cross_same_same,2,30,0002_2.jpg,0030_4.jpg,0,0.5461954474449158,0.8150308132171631
exploration,cross_same_same,2,67,0002_2.jpg,0067_4.jpg,0,0.5372535586357117,0.8343530297279358
exploration,cross_same_same,2,125,0002_2.jpg,0125_4.jpg,0,0.5322983860969543,0.8381621837615967
exploration,cross_same_same,2,127,0002_2.jpg,0127_4.jpg,0,0.49795737862586975,0.7819346189498901
exploration,cross_same_same,2,191,0002_2.jpg,0191_4.jpg,0,0.561133861541748,0.8310984969139099
exploration,cross_same_same,2,207,0002_2.jpg,0207_4.jpg,0,0.5807427763938904,0.831275999546051
exploration,cross_same_same,2,220,0002_2.jpg,0220_4.jpg,0,0.5582775473594666,0.8407941460609436
exploration,cross_same_same,2,243,0002_2.jpg,0243_4.jpg,0,0.5377737283706665,0.800485372543335
exploration,cross_same_same,2,279,0002_2.jpg,0279_4.jpg,0,0.579179584980011,0.8456439971923828
exploration,cross_same_same,3,3,0003_2.jpg,0003_4.jpg,1,0.6226942539215088,0.8776274919509888
exploration,cross_same_same,3,30,0003_2.jpg,0030_4.jpg,0,0.6060963273048401,0.8607965707778931
exploration,cross_same_same,3,31,0003_2.jpg,0031_4.jpg,0,0.6296480298042297,0.8792128562927246
exploration,cross_same_same,3,70,0003_2.jpg,0070_4.jpg,0,0.621823787689209,0.8706743121147156
exploration,cross_same_same,3,127,0003_2.jpg,0127_4.jpg,0,0.5915700197219849,0.8468465805053711
exploration,cross_same_same,3,130,0003_2.jpg,0130_4.jpg,0,0.6428406238555908,0.8891257047653198
exploration,cross_same_same,3,192,0003_2.jpg,0192_4.jpg,0,0.6846506595611572,0.8967116475105286
exploration,cross_same_same,3,208,0003_2.jpg,0208_4.jpg,0,0.6260855793952942,0.8548868894577026
exploration,cross_same_same,3,221,0003_2.jpg,0221_4.jpg,0,0.6411756277084351,0.8523473739624023
exploration,cross_same_same,3,244,0003_2.jpg,0244_4.jpg,0,0.5560315251350403,0.856773853302002
exploration,cross_same_same,3,281,0003_2.jpg,0281_4.jpg,0,0.6644080877304077,0.8939625024795532
exploration,cross_same_same,6,6,0006_2.jpg,0006_4.jpg,1,0.579241156578064,0.8027887344360352
exploration,cross_same_same,6,31,0006_2.jpg,0031_4.jpg,0,0.5572790503501892,0.8231203556060791
exploration,cross_same_same,6,35,0006_2.jpg,0035_4.jpg,0,0.6156601905822754,0.8424056768417358
exploration,cross_same_same,6,71,0006_2.jpg,0071_4.jpg,0,0.6048484444618225,0.8259868621826172
exploration,cross_same_same,6,130,0006_2.jpg,0130_4.jpg,0,0.5649155974388123,0.8211733102798462
exploration,cross_same_same,6,132,0006_2.jpg,0132_4.jpg,0,0.6570549011230469,0.8637501001358032
exploration,cross_same_same,6,196,0006_2.jpg,0196_4.jpg,0,0.5705360174179077,0.803576648235321
exploration,cross_same_same,6,209,0006_2.jpg,0209_4.jpg,0,0.5612902641296387,0.8039959669113159
exploration,cross_same_same,6,223,0006_2.jpg,0223_4.jpg,0,0.564960241317749,0.8127212524414062
exploration,cross_same_same,6,245,0006_2.jpg,0245_4.jpg,0,0.5250418782234192,0.82651686668396
exploration,cross_same_same,6,282,0006_2.jpg,0282_4.jpg,0,0.5392999649047852,0.7808083295822144
exploration,cross_same_same,7,7,0007_2.jpg,0007_4.jpg,1,0.5017111301422119,0.7943020462989807
exploration,cross_same_same,7,35,0007_2.jpg,0035_4.jpg,0,0.5070188045501709,0.7934715747833252
exploration,cross_same_same,7,38,0007_2.jpg,0038_4.jpg,0,0.529316782951355,0.7833111882209778
exploration,cross_same_same,7,74,0007_2.jpg,0074_4.jpg,0,0.44524893164634705,0.7778701782226562
exploration,cross_same_same,7,132,0007_2.jpg,0132_4.jpg,0,0.5607645511627197,0.817081093788147
exploration,cross_same_same,7,133,0007_2.jpg,0133_4.jpg,0,0.5561373233795166,0.8041883707046509
exploration,cross_same_same,7,197,0007_2.jpg,0197_4.jpg,0,0.4858289361000061,0.7775262594223022
exploration,cross_same_same,7,211,0007_2.jpg,0211_4.jpg,0,0.5188201665878296,0.7906056642532349
exploration,cross_same_same,7,224,0007_2.jpg,0224_4.jpg,0,0.45742037892341614,0.779168426990509
exploration,cross_same_same,7,246,0007_2.jpg,0246_4.jpg,0,0.42848771810531616,0.7568727731704712
exploration,cross_same_same,7,1,0007_2.jpg,0001_4.jpg,0,0.5182890295982361,0.7946730852127075
exploration,cross_same_same,8,8,0008_2.jpg,0008_4.jpg,1,0.618996798992157,0.8721807599067688
exploration,cross_same_same,8,38,0008_2.jpg,0038_4.jpg,0,0.6536590456962585,0.8811825513839722
exploration,cross_same_same,8,39,0008_2.jpg,0039_4.jpg,0,0.6616742014884949,0.885132908821106
exploration,cross_same_same,8,75,0008_2.jpg,0075_4.jpg,0,0.5583148002624512,0.867631733417511
exploration,cross_same_same,8,133,0008_2.jpg,0133_4.jpg,0,0.6447802782058716,0.8814026713371277
exploration,cross_same_same,8,134,0008_2.jpg,0134_4.jpg,0,0.6156129240989685,0.8731817007064819
exploration,cross_same_same,8,198,0008_2.jpg,0198_4.jpg,0,0.606428861618042,0.8537780046463013
exploration,cross_same_same,8,212,0008_2.jpg,0212_4.jpg,0,0.6040666103363037,0.8547786474227905
exploration,cross_same_same,8,225,0008_2.jpg,0225_4.jpg,0,0.6007762551307678,0.8630057573318481
exploration,cross_same_same,8,247,0008_2.jpg,0247_4.jpg,0,0.6013773679733276,0.8747601509094238
exploration,cross_same_same,8,2,0008_2.jpg,0002_4.jpg,0,0.5925207734107971,0.8533470034599304
exploration,cross_same_same,11,11,0011_2.jpg,0011_4.jpg,1,0.6498374342918396,0.8829306364059448
exploration,cross_same_same,11,39,0011_2.jpg,0039_4.jpg,0,0.6876342296600342,0.8980348110198975
exploration,cross_same_same,11,40,0011_2.jpg,0040_4.jpg,0,0.6455361843109131,0.8624414205551147
exploration,cross_same_same,11,76,0011_2.jpg,0076_4.jpg,0,0.6335546374320984,0.8656729459762573
exploration,cross_same_same,11,134,0011_2.jpg,0134_4.jpg,0,0.6304415464401245,0.8622300028800964
exploration,cross_same_same,11,135,0011_2.jpg,0135_4.jpg,0,0.5912313461303711,0.8671900033950806
exploration,cross_same_same,11,199,0011_2.jpg,0199_4.jpg,0,0.6397373080253601,0.8642090559005737
exploration,cross_same_same,11,213,0011_2.jpg,0213_4.jpg,0,0.5951598882675171,0.8450597524642944
exploration,cross_same_same,11,226,0011_2.jpg,0226_4.jpg,0,0.582190752029419,0.8763084411621094
exploration,cross_same_same,11,248,0011_2.jpg,0248_4.jpg,0,0.5677458047866821,0.8487653732299805
exploration,cross_same_same,11,3,0011_2.jpg,0003_4.jpg,0,0.5567313432693481,0.833920955657959
exploration,cross_same_same,12,12,0012_2.jpg,0012_4.jpg,1,0.597152590751648,0.843916654586792
exploration,cross_same_same,12,40,0012_2.jpg,0040_4.jpg,0,0.5290888547897339,0.8352299928665161
exploration,cross_same_same,12,42,0012_2.jpg,0042_4.jpg,0,0.5825986862182617,0.826788604259491
exploration,cross_same_same,12,77,0012_2.jpg,0077_4.jpg,0,0.5468354225158691,0.8479568958282471
exploration,cross_same_same,12,135,0012_2.jpg,0135_4.jpg,0,0.5415934920310974,0.8403544425964355
exploration,cross_same_same,12,138,0012_2.jpg,0138_4.jpg,0,0.5120353102684021,0.8182374835014343
exploration,cross_same_same,12,200,0012_2.jpg,0200_4.jpg,0,0.564336359500885,0.8337100744247437
exploration,cross_same_same,12,214,0012_2.jpg,0214_4.jpg,0,0.5181624889373779,0.8137447237968445
exploration,cross_same_same,12,227,0012_2.jpg,0227_4.jpg,0,0.5227898955345154,0.829076886177063
exploration,cross_same_same,12,249,0012_2.jpg,0249_4.jpg,0,0.5895445346832275,0.8400540947914124
exploration,cross_same_same,12,6,0012_2.jpg,0006_4.jpg,0,0.5430503487586975,0.8327735662460327
exploration,cross_same_same,15,15,0015_2.jpg,0015_4.jpg,1,0.5510061383247375,0.8191454410552979
exploration,cross_same_same,15,42,0015_2.jpg,0042_4.jpg,0,0.4355934262275696,0.7525264024734497
exploration,cross_same_same,15,43,0015_2.jpg,0043_4.jpg,0,0.4872821569442749,0.7711256146430969
exploration,cross_same_same,15,78,0015_2.jpg,0078_4.jpg,0,0.4701656699180603,0.7801473140716553
exploration,cross_same_same,15,138,0015_2.jpg,0138_4.jpg,0,0.44582027196884155,0.7510437965393066
exploration,cross_same_same,15,140,0015_2.jpg,0140_4.jpg,0,0.6006889939308167,0.8225371837615967
exploration,cross_same_same,15,201,0015_2.jpg,0201_4.jpg,0,0.44996893405914307,0.7487615942955017
exploration,cross_same_same,15,216,0015_2.jpg,0216_4.jpg,0,0.5666052103042603,0.7822504043579102
exploration,cross_same_same,15,228,0015_2.jpg,0228_4.jpg,0,0.4817151427268982,0.7769131660461426
exploration,cross_same_same,15,250,0015_2.jpg,0250_4.jpg,0,0.504784345626831,0.7860559225082397
exploration,cross_same_same,15,7,0015_2.jpg,0007_4.jpg,0,0.5090155601501465,0.7832537889480591
exploration,cross_same_same,18,18,0018_2.jpg,0018_4.jpg,1,0.5854972004890442,0.8450367450714111
exploration,cross_same_same,18,43,0018_2.jpg,0043_4.jpg,0,0.5373598337173462,0.8107624053955078
exploration,cross_same_same,18,46,0018_2.jpg,0046_4.jpg,0,0.604326069355011,0.8300883769989014
exploration,cross_same_same,18,79,0018_2.jpg,0079_4.jpg,0,0.5097280740737915,0.8138692378997803
exploration,cross_same_same,18,140,0018_2.jpg,0140_4.jpg,0,0.617030143737793,0.8550291657447815
exploration,cross_same_same,18,142,0018_2.jpg,0142_4.jpg,0,0.5291235446929932,0.7873528003692627
exploration,cross_same_same,18,203,0018_2.jpg,0203_4.jpg,0,0.5778837203979492,0.8094554543495178
exploration,cross_same_same,18,219,0018_2.jpg,0219_4.jpg,0,0.4969547986984253,0.8060122728347778
exploration,cross_same_same,18,229,0018_2.jpg,0229_4.jpg,0,0.5074841380119324,0.7972831726074219
exploration,cross_same_same,18,251,0018_2.jpg,0251_4.jpg,0,0.537697970867157,0.8113652467727661
exploration,cross_same_same,18,8,0018_2.jpg,0008_4.jpg,0,0.5539129376411438,0.8059060573577881
exploration,cross_same_same,19,19,0019_2.jpg,0019_4.jpg,1,0.671387791633606,0.8529112339019775
exploration,cross_same_same,19,46,0019_2.jpg,0046_4.jpg,0,0.7225534319877625,0.8735315799713135
exploration,cross_same_same,19,47,0019_2.jpg,0047_4.jpg,0,0.663930356502533,0.8548438549041748
exploration,cross_same_same,19,81,0019_2.jpg,0081_4.jpg,0,0.6435202360153198,0.8422553539276123
exploration,cross_same_same,19,142,0019_2.jpg,0142_4.jpg,0,0.6095235347747803,0.8095264434814453
exploration,cross_same_same,19,146,0019_2.jpg,0146_4.jpg,0,0.6329969167709351,0.8463099002838135
exploration,cross_same_same,19,204,0019_2.jpg,0204_4.jpg,0,0.6660792231559753,0.8323326706886292
exploration,cross_same_same,19,220,0019_2.jpg,0220_4.jpg,0,0.6012563109397888,0.8430851101875305
exploration,cross_same_same,19,231,0019_2.jpg,0231_4.jpg,0,0.6122771501541138,0.809945285320282
exploration,cross_same_same,19,252,0019_2.jpg,0252_4.jpg,0,0.6935871839523315,0.8484969735145569
exploration,cross_same_same,19,11,0019_2.jpg,0011_4.jpg,0,0.6114374995231628,0.8238301873207092
exploration,cross_same_same,20,20,0020_2.jpg,0020_4.jpg,1,0.5604134798049927,0.8162721395492554
exploration,cross_same_same,20,47,0020_2.jpg,0047_4.jpg,0,0.5728960037231445,0.8384323120117188
exploration,cross_same_same,20,49,0020_2.jpg,0049_4.jpg,0,0.547712504863739,0.8026975393295288
exploration,cross_same_same,20,83,0020_2.jpg,0083_4.jpg,0,0.5542957782745361,0.8017230033874512
exploration,cross_same_same,20,146,0020_2.jpg,0146_4.jpg,0,0.5324324369430542,0.8243101835250854
exploration,cross_same_same,20,147,0020_2.jpg,0147_4.jpg,0,0.5547707080841064,0.8115940093994141
exploration,cross_same_same,20,206,0020_2.jpg,0206_4.jpg,0,0.5540305972099304,0.8178613185882568
exploration,cross_same_same,20,221,0020_2.jpg,0221_4.jpg,0,0.5747976303100586,0.817021369934082
exploration,cross_same_same,20,232,0020_2.jpg,0232_4.jpg,0,0.5831652879714966,0.8219335079193115
exploration,cross_same_same,20,255,0020_2.jpg,0255_4.jpg,0,0.6149901151657104,0.821530282497406
exploration,cross_same_same,20,12,0020_2.jpg,0012_4.jpg,0,0.5785826444625854,0.8274769186973572
exploration,cross_same_same,21,21,0021_2.jpg,0021_4.jpg,1,0.5632922053337097,0.8283305168151855
exploration,cross_same_same,21,49,0021_2.jpg,0049_4.jpg,0,0.47492462396621704,0.768455445766449
exploration,cross_same_same,21,55,0021_2.jpg,0055_4.jpg,0,0.45773351192474365,0.7832063436508179
exploration,cross_same_same,21,85,0021_2.jpg,0085_4.jpg,0,0.49554717540740967,0.7925411462783813
exploration,cross_same_same,21,147,0021_2.jpg,0147_4.jpg,0,0.5303376317024231,0.8055945038795471
exploration,cross_same_same,21,148,0021_2.jpg,0148_4.jpg,0,0.5131323337554932,0.7919610738754272
exploration,cross_same_same,21,207,0021_2.jpg,0207_4.jpg,0,0.5296288728713989,0.8075426816940308
exploration,cross_same_same,21,223,0021_2.jpg,0223_4.jpg,0,0.4486271142959595,0.7797234058380127
exploration,cross_same_same,21,234,0021_2.jpg,0234_4.jpg,0,0.48284250497817993,0.7956341505050659
exploration,cross_same_same,21,256,0021_2.jpg,0256_4.jpg,0,0.542115330696106,0.8182159662246704
exploration,cross_same_same,21,15,0021_2.jpg,0015_4.jpg,0,0.45485836267471313,0.7954274415969849
exploration,cross_same_same,22,22,0022_2.jpg,0022_4.jpg,1,0.5676488280296326,0.8090588450431824
exploration,cross_same_same,22,55,0022_2.jpg,0055_4.jpg,0,0.5556135773658752,0.8046596050262451
exploration,cross_same_same,22,56,0022_2.jpg,0056_4.jpg,0,0.6177061796188354,0.8420060276985168
exploration,cross_same_same,22,86,0022_2.jpg,0086_4.jpg,0,0.5381755828857422,0.8296636343002319
exploration,cross_same_same,22,148,0022_2.jpg,0148_4.jpg,0,0.5373362302780151,0.7935406565666199
exploration,cross_same_same,22,152,0022_2.jpg,0152_4.jpg,0,0.49237117171287537,0.7833735942840576
exploration,cross_same_same,22,208,0022_2.jpg,0208_4.jpg,0,0.5535687208175659,0.801902711391449
exploration,cross_same_same,22,224,0022_2.jpg,0224_4.jpg,0,0.5569082498550415,0.815881609916687
exploration,cross_same_same,22,235,0022_2.jpg,0235_4.jpg,0,0.5640296936035156,0.8092597723007202
exploration,cross_same_same,22,260,0022_2.jpg,0260_4.jpg,0,0.5985287427902222,0.8282197713851929
exploration,cross_same_same,22,18,0022_2.jpg,0018_4.jpg,0,0.5054500102996826,0.7842727303504944
exploration,cross_same_same,25,25,0025_2.jpg,0025_4.jpg,1,0.6095523834228516,0.8439350128173828
exploration,cross_same_same,25,56,0025_2.jpg,0056_4.jpg,0,0.6096268892288208,0.8184802532196045
exploration,cross_same_same,25,57,0025_2.jpg,0057_4.jpg,0,0.545741617679596,0.7714805006980896
exploration,cross_same_same,25,87,0025_2.jpg,0087_4.jpg,0,0.5553501844406128,0.8330788612365723
exploration,cross_same_same,25,152,0025_2.jpg,0152_4.jpg,0,0.49663570523262024,0.7785000801086426
exploration,cross_same_same,25,153,0025_2.jpg,0153_4.jpg,0,0.601101279258728,0.8144289255142212
exploration,cross_same_same,25,209,0025_2.jpg,0209_4.jpg,0,0.5752330422401428,0.8226233720779419
exploration,cross_same_same,25,225,0025_2.jpg,0225_4.jpg,0,0.5638619661331177,0.8267911672592163
exploration,cross_same_same,25,237,0025_2.jpg,0237_4.jpg,0,0.5812327861785889,0.8157525658607483
exploration,cross_same_same,25,261,0025_2.jpg,0261_4.jpg,0,0.5979561805725098,0.8212546110153198
exploration,cross_same_same,25,19,0025_2.jpg,0019_4.jpg,0,0.6139817237854004,0.8427486419677734
exploration,cross_same_same,26,26,0026_2.jpg,0026_4.jpg,1,0.6106339693069458,0.8444541096687317
exploration,cross_same_same,26,57,0026_2.jpg,0057_4.jpg,0,0.6266517639160156,0.8173865079879761
exploration,cross_same_same,26,59,0026_2.jpg,0059_4.jpg,0,0.6223777532577515,0.8368425965309143
exploration,cross_same_same,26,89,0026_2.jpg,0089_4.jpg,0,0.605537474155426,0.8283487558364868
exploration,cross_same_same,26,153,0026_2.jpg,0153_4.jpg,0,0.635262131690979,0.8392336368560791
exploration,cross_same_same,26,154,0026_2.jpg,0154_4.jpg,0,0.6480252742767334,0.8505111932754517
exploration,cross_same_same,26,211,0026_2.jpg,0211_4.jpg,0,0.6135613918304443,0.8215819001197815
exploration,cross_same_same,26,226,0026_2.jpg,0226_4.jpg,0,0.56977379322052,0.8333730101585388
exploration,cross_same_same,26,239,0026_2.jpg,0239_4.jpg,0,0.5896703600883484,0.8214018940925598
exploration,cross_same_same,26,262,0026_2.jpg,0262_4.jpg,0,0.6290413737297058,0.8358385562896729
exploration,cross_same_same,26,20,0026_2.jpg,0020_4.jpg,0,0.636934220790863,0.8407306671142578
exploration,cross_same_same,27,27,0027_2.jpg,0027_4.jpg,1,0.7018457055091858,0.8710079193115234
exploration,cross_same_same,27,59,0027_2.jpg,0059_4.jpg,0,0.6923616528511047,0.8406250476837158
exploration,cross_same_same,27,60,0027_2.jpg,0060_4.jpg,0,0.6350759267807007,0.8580386638641357
exploration,cross_same_same,27,90,0027_2.jpg,0090_4.jpg,0,0.6620530486106873,0.8298267126083374
exploration,cross_same_same,27,154,0027_2.jpg,0154_4.jpg,0,0.7246193885803223,0.8634790182113647
exploration,cross_same_same,27,155,0027_2.jpg,0155_4.jpg,0,0.6172530651092529,0.8003727197647095
exploration,cross_same_same,27,212,0027_2.jpg,0212_4.jpg,0,0.6227495670318604,0.8423328995704651
exploration,cross_same_same,27,227,0027_2.jpg,0227_4.jpg,0,0.6238847970962524,0.8435429334640503
exploration,cross_same_same,27,240,0027_2.jpg,0240_4.jpg,0,0.6175227761268616,0.8441823720932007
exploration,cross_same_same,27,263,0027_2.jpg,0263_4.jpg,0,0.639844536781311,0.8335070610046387
exploration,cross_same_same,27,21,0027_2.jpg,0021_4.jpg,0,0.6038815975189209,0.8344199657440186
exploration,cross_same_same,29,29,0029_2.jpg,0029_4.jpg,1,0.6643233299255371,0.854369044303894
exploration,cross_same_same,29,60,0029_2.jpg,0060_4.jpg,0,0.6499966382980347,0.8594005107879639
exploration,cross_same_same,29,61,0029_2.jpg,0061_4.jpg,0,0.6266527771949768,0.8441734313964844
exploration,cross_same_same,29,91,0029_2.jpg,0091_4.jpg,0,0.6637252569198608,0.8622403144836426
exploration,cross_same_same,29,155,0029_2.jpg,0155_4.jpg,0,0.6539815664291382,0.8464365601539612
exploration,cross_same_same,29,156,0029_2.jpg,0156_4.jpg,0,0.6337000131607056,0.8630940914154053
exploration,cross_same_same,29,213,0029_2.jpg,0213_4.jpg,0,0.6771495342254639,0.863410472869873
exploration,cross_same_same,29,228,0029_2.jpg,0228_4.jpg,0,0.6476359367370605,0.8727731704711914
exploration,cross_same_same,29,241,0029_2.jpg,0241_4.jpg,0,0.6497635841369629,0.8576699495315552
exploration,cross_same_same,29,264,0029_2.jpg,0264_4.jpg,0,0.6491332054138184,0.8532155752182007
exploration,cross_same_same,29,22,0029_2.jpg,0022_4.jpg,0,0.634122371673584,0.8550074100494385
exploration,cross_same_same,30,30,0030_2.jpg,0030_4.jpg,1,0.5444251298904419,0.7980846166610718
exploration,cross_same_same,30,61,0030_2.jpg,0061_4.jpg,0,0.5323552489280701,0.8001635074615479
exploration,cross_same_same,30,62,0030_2.jpg,0062_4.jpg,0,0.4723083972930908,0.792596161365509
exploration,cross_same_same,30,92,0030_2.jpg,0092_4.jpg,0,0.5132261514663696,0.7827963829040527
exploration,cross_same_same,30,156,0030_2.jpg,0156_4.jpg,0,0.46306824684143066,0.7935446500778198
exploration,cross_same_same,30,157,0030_2.jpg,0157_4.jpg,0,0.4936639964580536,0.7765990495681763
exploration,cross_same_same,30,214,0030_2.jpg,0214_4.jpg,0,0.4332413077354431,0.755311906337738
exploration,cross_same_same,30,229,0030_2.jpg,0229_4.jpg,0,0.5423833727836609,0.7951997518539429
exploration,cross_same_same,30,242,0030_2.jpg,0242_4.jpg,0,0.47650325298309326,0.7843852639198303
exploration,cross_same_same,30,265,0030_2.jpg,0265_4.jpg,0,0.5289337635040283,0.7849749326705933
exploration,cross_same_same,30,25,0030_2.jpg,0025_4.jpg,0,0.42194706201553345,0.7386213541030884
exploration,cross_same_same,31,31,0031_2.jpg,0031_4.jpg,1,0.5510900020599365,0.8479952812194824
exploration,cross_same_same,31,62,0031_2.jpg,0062_4.jpg,0,0.6326645016670227,0.8480243682861328
exploration,cross_same_same,31,65,0031_2.jpg,0065_4.jpg,0,0.5046284794807434,0.7956169843673706
exploration,cross_same_same,31,93,0031_2.jpg,0093_4.jpg,0,0.6116118431091309,0.842203676700592
exploration,cross_same_same,31,157,0031_2.jpg,0157_4.jpg,0,0.5291786789894104,0.8260620832443237
exploration,cross_same_same,31,158,0031_2.jpg,0158_4.jpg,0,0.5940080881118774,0.8283571004867554
exploration,cross_same_same,31,216,0031_2.jpg,0216_4.jpg,0,0.6261031031608582,0.8499322533607483
exploration,cross_same_same,31,231,0031_2.jpg,0231_4.jpg,0,0.5426807403564453,0.8101556301116943
exploration,cross_same_same,31,243,0031_2.jpg,0243_4.jpg,0,0.5599557161331177,0.8178354501724243
exploration,cross_same_same,31,266,0031_2.jpg,0266_4.jpg,0,0.5951130390167236,0.8446186780929565
exploration,cross_same_same,31,26,0031_2.jpg,0026_4.jpg,0,0.5875135064125061,0.8410475850105286
exploration,cross_same_same,35,35,0035_2.jpg,0035_4.jpg,1,0.5639148950576782,0.8101518750190735
exploration,cross_same_same,35,65,0035_2.jpg,0065_4.jpg,0,0.45778441429138184,0.7415657043457031
exploration,cross_same_same,35,66,0035_2.jpg,0066_4.jpg,0,0.46408170461654663,0.7532672882080078
exploration,cross_same_same,35,94,0035_2.jpg,0094_4.jpg,0,0.409426748752594,0.7340818047523499
exploration,cross_same_same,35,158,0035_2.jpg,0158_4.jpg,0,0.5529739260673523,0.776098370552063
exploration,cross_same_same,35,159,0035_2.jpg,0159_4.jpg,0,0.4835427403450012,0.7752935886383057
exploration,cross_same_same,35,219,0035_2.jpg,0219_4.jpg,0,0.47404900193214417,0.7722986340522766
exploration,cross_same_same,35,232,0035_2.jpg,0232_4.jpg,0,0.5100688934326172,0.7592913508415222
exploration,cross_same_same,35,244,0035_2.jpg,0244_4.jpg,0,0.45420676469802856,0.757926881313324
exploration,cross_same_same,35,267,0035_2.jpg,0267_4.jpg,0,0.4962477385997772,0.7563085556030273
exploration,cross_same_same,35,27,0035_2.jpg,0027_4.jpg,0,0.5219809412956238,0.7603696584701538
exploration,cross_same_same,38,38,0038_2.jpg,0038_4.jpg,1,0.632851243019104,0.841657280921936
exploration,cross_same_same,38,66,0038_2.jpg,0066_4.jpg,0,0.5152208805084229,0.804294228553772
exploration,cross_same_same,38,67,0038_2.jpg,0067_4.jpg,0,0.5414182543754578,0.8103874325752258
exploration,cross_same_same,38,96,0038_2.jpg,0096_4.jpg,0,0.5390879511833191,0.8085739612579346
exploration,cross_same_same,38,159,0038_2.jpg,0159_4.jpg,0,0.5611437559127808,0.8262619972229004
exploration,cross_same_same,38,161,0038_2.jpg,0161_4.jpg,0,0.5449615716934204,0.826395571231842
exploration,cross_same_same,38,220,0038_2.jpg,0220_4.jpg,0,0.5480664372444153,0.8422961235046387
exploration,cross_same_same,38,234,0038_2.jpg,0234_4.jpg,0,0.5720803141593933,0.8327274322509766
exploration,cross_same_same,38,245,0038_2.jpg,0245_4.jpg,0,0.4864003658294678,0.8229232430458069
exploration,cross_same_same,38,271,0038_2.jpg,0271_4.jpg,0,0.5645765066146851,0.810175895690918
exploration,cross_same_same,38,29,0038_2.jpg,0029_4.jpg,0,0.5546801090240479,0.8068230152130127
exploration,cross_same_same,39,39,0039_2.jpg,0039_4.jpg,1,0.6175073385238647,0.8389279842376709
exploration,cross_same_same,39,67,0039_2.jpg,0067_4.jpg,0,0.4941084384918213,0.7684816718101501
exploration,cross_same_same,39,70,0039_2.jpg,0070_4.jpg,0,0.5393571257591248,0.7943361401557922
exploration,cross_same_same,39,97,0039_2.jpg,0097_4.jpg,0,0.5743638277053833,0.8023028373718262
exploration,cross_same_same,39,161,0039_2.jpg,0161_4.jpg,0,0.5192451477050781,0.795706033706665
exploration,cross_same_same,39,162,0039_2.jpg,0162_4.jpg,0,0.5320326089859009,0.79459547996521
exploration,cross_same_same,39,221,0039_2.jpg,0221_4.jpg,0,0.5281442403793335,0.7724647521972656
exploration,cross_same_same,39,235,0039_2.jpg,0235_4.jpg,0,0.529834508895874,0.7995651960372925
exploration,cross_same_same,39,246,0039_2.jpg,0246_4.jpg,0,0.5301587581634521,0.7870870232582092
exploration,cross_same_same,39,272,0039_2.jpg,0272_4.jpg,0,0.6121925115585327,0.8368057012557983
exploration,cross_same_same,39,30,0039_2.jpg,0030_4.jpg,0,0.5461477041244507,0.8048866987228394
exploration,cross_same_same,40,40,0040_2.jpg,0040_4.jpg,1,0.5957927703857422,0.856653094291687
exploration,cross_same_same,40,70,0040_2.jpg,0070_4.jpg,0,0.5190809965133667,0.8001590967178345
exploration,cross_same_same,40,71,0040_2.jpg,0071_4.jpg,0,0.5716063976287842,0.8412020802497864
exploration,cross_same_same,40,98,0040_2.jpg,0098_4.jpg,0,0.605591893196106,0.860745906829834
exploration,cross_same_same,40,162,0040_2.jpg,0162_4.jpg,0,0.5698708295822144,0.8576037883758545
exploration,cross_same_same,40,163,0040_2.jpg,0163_4.jpg,0,0.5737455487251282,0.8362712264060974
exploration,cross_same_same,40,223,0040_2.jpg,0223_4.jpg,0,0.5466786623001099,0.8403527140617371
exploration,cross_same_same,40,237,0040_2.jpg,0237_4.jpg,0,0.5706433057785034,0.8333116769790649
exploration,cross_same_same,40,247,0040_2.jpg,0247_4.jpg,0,0.49664923548698425,0.824951171875
exploration,cross_same_same,40,273,0040_2.jpg,0273_4.jpg,0,0.5678994059562683,0.8399020433425903
exploration,cross_same_same,40,31,0040_2.jpg,0031_4.jpg,0,0.5572863817214966,0.8518872261047363
exploration,cross_same_same,42,42,0042_2.jpg,0042_4.jpg,1,0.5048468112945557,0.7963383197784424
exploration,cross_same_same,42,71,0042_2.jpg,0071_4.jpg,0,0.5552245378494263,0.8235601782798767
exploration,cross_same_same,42,74,0042_2.jpg,0074_4.jpg,0,0.47067245841026306,0.7748584747314453
exploration,cross_same_same,42,100,0042_2.jpg,0100_4.jpg,0,0.5708891153335571,0.7978692054748535
exploration,cross_same_same,42,163,0042_2.jpg,0163_4.jpg,0,0.47417956590652466,0.7599965333938599
exploration,cross_same_same,42,164,0042_2.jpg,0164_4.jpg,0,0.47560176253318787,0.7606159448623657
exploration,cross_same_same,42,224,0042_2.jpg,0224_4.jpg,0,0.48437175154685974,0.802304744720459
exploration,cross_same_same,42,239,0042_2.jpg,0239_4.jpg,0,0.5081803798675537,0.7942979335784912
exploration,cross_same_same,42,248,0042_2.jpg,0248_4.jpg,0,0.5243805646896362,0.7601267695426941
exploration,cross_same_same,42,274,0042_2.jpg,0274_4.jpg,0,0.5053168535232544,0.8100477457046509
exploration,cross_same_same,42,35,0042_2.jpg,0035_4.jpg,0,0.5404195785522461,0.8220582008361816
exploration,cross_same_same,43,43,0043_2.jpg,0043_4.jpg,1,0.6126092672348022,0.8300803899765015
exploration,cross_same_same,43,74,0043_2.jpg,0074_4.jpg,0,0.5469250679016113,0.8192446827888489
exploration,cross_same_same,43,75,0043_2.jpg,0075_4.jpg,0,0.5946375131607056,0.8289633989334106
exploration,cross_same_same,43,101,0043_2.jpg,0101_4.jpg,0,0.5845550298690796,0.8059281706809998
exploration,cross_same_same,43,164,0043_2.jpg,0164_4.jpg,0,0.5684309005737305,0.8068494200706482
exploration,cross_same_same,43,167,0043_2.jpg,0167_4.jpg,0,0.5952466130256653,0.8163855075836182
exploration,cross_same_same,43,225,0043_2.jpg,0225_4.jpg,0,0.5366476774215698,0.801611065864563
exploration,cross_same_same,43,240,0043_2.jpg,0240_4.jpg,0,0.5407143831253052,0.8061836957931519
exploration,cross_same_same,43,249,0043_2.jpg,0249_4.jpg,0,0.6000901460647583,0.8138831257820129
exploration,cross_same_same,43,276,0043_2.jpg,0276_4.jpg,0,0.617761492729187,0.8332871198654175
exploration,cross_same_same,43,38,0043_2.jpg,0038_4.jpg,0,0.6170649528503418,0.8162676095962524
exploration,cross_same_same,46,46,0046_2.jpg,0046_4.jpg,1,0.7105624675750732,0.8872849941253662
exploration,cross_same_same,46,75,0046_2.jpg,0075_4.jpg,0,0.5396170616149902,0.8413085341453552
exploration,cross_same_same,46,76,0046_2.jpg,0076_4.jpg,0,0.5263211727142334,0.8048985004425049
exploration,cross_same_same,46,103,0046_2.jpg,0103_4.jpg,0,0.6274499297142029,0.8621781468391418
exploration,cross_same_same,46,167,0046_2.jpg,0167_4.jpg,0,0.5961859822273254,0.847360372543335
exploration,cross_same_same,46,168,0046_2.jpg,0168_4.jpg,0,0.5978674292564392,0.8504183292388916
exploration,cross_same_same,46,226,0046_2.jpg,0226_4.jpg,0,0.6157834529876709,0.8568616509437561
exploration,cross_same_same,46,241,0046_2.jpg,0241_4.jpg,0,0.6179717779159546,0.8514261245727539
exploration,cross_same_same,46,250,0046_2.jpg,0250_4.jpg,0,0.5762321352958679,0.835185706615448
exploration,cross_same_same,46,279,0046_2.jpg,0279_4.jpg,0,0.6263907551765442,0.8644773960113525
exploration,cross_same_same,46,39,0046_2.jpg,0039_4.jpg,0,0.6695927381515503,0.8759169578552246
exploration,cross_same_same,47,47,0047_2.jpg,0047_4.jpg,1,0.6396195888519287,0.854790985584259
exploration,cross_same_same,47,76,0047_2.jpg,0076_4.jpg,0,0.5810720920562744,0.8389993906021118
exploration,cross_same_same,47,77,0047_2.jpg,0077_4.jpg,0,0.6105040311813354,0.8368201851844788
exploration,cross_same_same,47,104,0047_2.jpg,0104_4.jpg,0,0.6058624386787415,0.8371188640594482
exploration,cross_same_same,47,168,0047_2.jpg,0168_4.jpg,0,0.636738121509552,0.8412868976593018
exploration,cross_same_same,47,169,0047_2.jpg,0169_4.jpg,0,0.6340696811676025,0.8323971033096313
exploration,cross_same_same,47,227,0047_2.jpg,0227_4.jpg,0,0.5175539255142212,0.7846425771713257
exploration,cross_same_same,47,242,0047_2.jpg,0242_4.jpg,0,0.6387732028961182,0.829796552658081
exploration,cross_same_same,47,251,0047_2.jpg,0251_4.jpg,0,0.5652061700820923,0.8172721862792969
exploration,cross_same_same,47,281,0047_2.jpg,0281_4.jpg,0,0.5730196237564087,0.8099417686462402
exploration,cross_same_same,47,40,0047_2.jpg,0040_4.jpg,0,0.5464494228363037,0.8180282115936279
exploration,cross_same_same,49,49,0049_2.jpg,0049_4.jpg,1,0.5867058634757996,0.8533603549003601
exploration,cross_same_same,49,77,0049_2.jpg,0077_4.jpg,0,0.5687064528465271,0.8739736080169678
exploration,cross_same_same,49,78,0049_2.jpg,0078_4.jpg,0,0.5904947519302368,0.8758501410484314
exploration,cross_same_same,49,105,0049_2.jpg,0105_4.jpg,0,0.5060305595397949,0.8445386290550232
exploration,cross_same_same,49,169,0049_2.jpg,0169_4.jpg,0,0.5898715257644653,0.8625450134277344
exploration,cross_same_same,49,171,0049_2.jpg,0171_4.jpg,0,0.5179056525230408,0.8359682559967041
exploration,cross_same_same,49,228,0049_2.jpg,0228_4.jpg,0,0.5638470649719238,0.8666408061981201
exploration,cross_same_same,49,243,0049_2.jpg,0243_4.jpg,0,0.5843045711517334,0.8529922962188721
exploration,cross_same_same,49,252,0049_2.jpg,0252_4.jpg,0,0.6144088506698608,0.8597517013549805
exploration,cross_same_same,49,282,0049_2.jpg,0282_4.jpg,0,0.5639456510543823,0.8366150259971619
exploration,cross_same_same,49,42,0049_2.jpg,0042_4.jpg,0,0.5517810583114624,0.8490543365478516
exploration,cross_same_same,55,55,0055_2.jpg,0055_4.jpg,1,0.5701303482055664,0.798295795917511
exploration,cross_same_same,55,78,0055_2.jpg,0078_4.jpg,0,0.5757778882980347,0.804435133934021
exploration,cross_same_same,55,79,0055_2.jpg,0079_4.jpg,0,0.49908024072647095,0.7751156091690063
exploration,cross_same_same,55,106,0055_2.jpg,0106_4.jpg,0,0.5144167542457581,0.7966824173927307
exploration,cross_same_same,55,171,0055_2.jpg,0171_4.jpg,0,0.4972694516181946,0.7666522264480591
exploration,cross_same_same,55,172,0055_2.jpg,0172_4.jpg,0,0.5628039836883545,0.8098247647285461
exploration,cross_same_same,55,229,0055_2.jpg,0229_4.jpg,0,0.5598075985908508,0.8003078699111938
exploration,cross_same_same,55,244,0055_2.jpg,0244_4.jpg,0,0.45372068881988525,0.7817981243133545
exploration,cross_same_same,55,255,0055_2.jpg,0255_4.jpg,0,0.5984311103820801,0.7999409437179565
exploration,cross_same_same,55,1,0055_2.jpg,0001_4.jpg,0,0.5689468383789062,0.8096669316291809
exploration,cross_same_same,55,43,0055_2.jpg,0043_4.jpg,0,0.507462203502655,0.7830742597579956
exploration,cross_same_same,56,56,0056_2.jpg,0056_4.jpg,1,0.6324560642242432,0.8523017764091492
exploration,cross_same_same,56,79,0056_2.jpg,0079_4.jpg,0,0.5498924255371094,0.8280650973320007
exploration,cross_same_same,56,81,0056_2.jpg,0081_4.jpg,0,0.5231759548187256,0.8063794374465942
exploration,cross_same_same,56,107,0056_2.jpg,0107_4.jpg,0,0.5694258213043213,0.8270748853683472
exploration,cross_same_same,56,172,0056_2.jpg,0172_4.jpg,0,0.6251254081726074,0.8653532266616821
exploration,cross_same_same,56,178,0056_2.jpg,0178_4.jpg,0,0.5739601254463196,0.8433586359024048
exploration,cross_same_same,56,231,0056_2.jpg,0231_4.jpg,0,0.5613511800765991,0.8202001452445984
exploration,cross_same_same,56,245,0056_2.jpg,0245_4.jpg,0,0.4869418144226074,0.8206068277359009
exploration,cross_same_same,56,256,0056_2.jpg,0256_4.jpg,0,0.5526888370513916,0.8169362545013428
exploration,cross_same_same,56,2,0056_2.jpg,0002_4.jpg,0,0.5231384038925171,0.8139363527297974
exploration,cross_same_same,56,46,0056_2.jpg,0046_4.jpg,0,0.6130666136741638,0.8307616710662842
exploration,cross_same_same,57,57,0057_2.jpg,0057_4.jpg,1,0.5845127701759338,0.8233159780502319
exploration,cross_same_same,57,81,0057_2.jpg,0081_4.jpg,0,0.5323464870452881,0.799362063407898
exploration,cross_same_same,57,83,0057_2.jpg,0083_4.jpg,0,0.5854965448379517,0.798102855682373
exploration,cross_same_same,57,109,0057_2.jpg,0109_4.jpg,0,0.6340664625167847,0.8432837724685669
exploration,cross_same_same,57,178,0057_2.jpg,0178_4.jpg,0,0.6373329758644104,0.857613742351532
exploration,cross_same_same,57,179,0057_2.jpg,0179_4.jpg,0,0.5839625597000122,0.8385995626449585
exploration,cross_same_same,57,232,0057_2.jpg,0232_4.jpg,0,0.6273252367973328,0.8382644653320312
exploration,cross_same_same,57,246,0057_2.jpg,0246_4.jpg,0,0.5329931974411011,0.8078600764274597
exploration,cross_same_same,57,260,0057_2.jpg,0260_4.jpg,0,0.6307855248451233,0.8351765871047974
exploration,cross_same_same,57,3,0057_2.jpg,0003_4.jpg,0,0.5465540289878845,0.8252431750297546
exploration,cross_same_same,57,47,0057_2.jpg,0047_4.jpg,0,0.5991577506065369,0.8302898406982422
exploration,cross_same_same,59,59,0059_2.jpg,0059_4.jpg,1,0.5791151523590088,0.8120904564857483
exploration,cross_same_same,59,83,0059_2.jpg,0083_4.jpg,0,0.5137196779251099,0.74723219871521
exploration,cross_same_same,59,85,0059_2.jpg,0085_4.jpg,0,0.4767589271068573,0.7682863473892212
exploration,cross_same_same,59,110,0059_2.jpg,0110_4.jpg,0,0.5139000415802002,0.8011541962623596
exploration,cross_same_same,59,179,0059_2.jpg,0179_4.jpg,0,0.4993140995502472,0.7950427532196045
exploration,cross_same_same,59,180,0059_2.jpg,0180_4.jpg,0,0.5394589304924011,0.7872774004936218
exploration,cross_same_same,59,234,0059_2.jpg,0234_4.jpg,0,0.5331141948699951,0.8044933080673218
exploration,cross_same_same,59,247,0059_2.jpg,0247_4.jpg,0,0.4365578889846802,0.7459346055984497
exploration,cross_same_same,59,261,0059_2.jpg,0261_4.jpg,0,0.48846518993377686,0.7570828795433044
exploration,cross_same_same,59,6,0059_2.jpg,0006_4.jpg,0,0.4979383945465088,0.745782732963562
exploration,cross_same_same,59,49,0059_2.jpg,0049_4.jpg,0,0.4667608141899109,0.7624571323394775
exploration,cross_same_same,60,60,0060_2.jpg,0060_4.jpg,1,0.600166916847229,0.8393625020980835
exploration,cross_same_same,60,85,0060_2.jpg,0085_4.jpg,0,0.5166753530502319,0.7877300977706909
exploration,cross_same_same,60,86,0060_2.jpg,0086_4.jpg,0,0.47510436177253723,0.830409824848175
exploration,cross_same_same,60,114,0060_2.jpg,0114_4.jpg,0,0.56588214635849,0.8199845552444458
exploration,cross_same_same,60,180,0060_2.jpg,0180_4.jpg,0,0.5454220771789551,0.7970647215843201
exploration,cross_same_same,60,181,0060_2.jpg,0181_4.jpg,0,0.5233429074287415,0.7898261547088623
exploration,cross_same_same,60,235,0060_2.jpg,0235_4.jpg,0,0.5081658363342285,0.799087643623352
exploration,cross_same_same,60,248,0060_2.jpg,0248_4.jpg,0,0.4917526841163635,0.7954682111740112
exploration,cross_same_same,60,262,0060_2.jpg,0262_4.jpg,0,0.4839444160461426,0.7808632850646973
exploration,cross_same_same,60,7,0060_2.jpg,0007_4.jpg,0,0.5054799318313599,0.8100367784500122
exploration,cross_same_same,60,55,0060_2.jpg,0055_4.jpg,0,0.5077491998672485,0.790848970413208
exploration,cross_same_same,61,61,0061_2.jpg,0061_4.jpg,1,0.5504106283187866,0.8128185272216797
exploration,cross_same_same,61,86,0061_2.jpg,0086_4.jpg,0,0.5252336263656616,0.8360735177993774
exploration,cross_same_same,61,87,0061_2.jpg,0087_4.jpg,0,0.5242326259613037,0.8089791536331177
exploration,cross_same_same,61,116,0061_2.jpg,0116_4.jpg,0,0.49740761518478394,0.7860952615737915
exploration,cross_same_same,61,181,0061_2.jpg,0181_4.jpg,0,0.47349581122398376,0.7600870728492737
exploration,cross_same_same,61,183,0061_2.jpg,0183_4.jpg,0,0.47634357213974,0.7785364985466003
exploration,cross_same_same,61,237,0061_2.jpg,0237_4.jpg,0,0.4587841331958771,0.7570551633834839
exploration,cross_same_same,61,249,0061_2.jpg,0249_4.jpg,0,0.5086104273796082,0.7721663117408752
exploration,cross_same_same,61,263,0061_2.jpg,0263_4.jpg,0,0.485859751701355,0.7585763931274414
exploration,cross_same_same,61,8,0061_2.jpg,0008_4.jpg,0,0.4760029911994934,0.7606538534164429
exploration,cross_same_same,61,56,0061_2.jpg,0056_4.jpg,0,0.5189715623855591,0.800397515296936
exploration,cross_same_same,62,62,0062_2.jpg,0062_4.jpg,1,0.5854313373565674,0.8180640935897827
exploration,cross_same_same,62,87,0062_2.jpg,0087_4.jpg,0,0.6008592247962952,0.8464068174362183
exploration,cross_same_same,62,89,0062_2.jpg,0089_4.jpg,0,0.5049680471420288,0.8004313707351685
exploration,cross_same_same,62,118,0062_2.jpg,0118_4.jpg,0,0.554318904876709,0.8109384179115295
exploration,cross_same_same,62,183,0062_2.jpg,0183_4.jpg,0,0.562598705291748,0.8230001330375671
exploration,cross_same_same,62,185,0062_2.jpg,0185_4.jpg,0,0.5456357002258301,0.8319602012634277
exploration,cross_same_same,62,239,0062_2.jpg,0239_4.jpg,0,0.5357144474983215,0.8119618892669678
exploration,cross_same_same,62,250,0062_2.jpg,0250_4.jpg,0,0.6065436601638794,0.8524137735366821
exploration,cross_same_same,62,264,0062_2.jpg,0264_4.jpg,0,0.5644843578338623,0.8057161569595337
exploration,cross_same_same,62,11,0062_2.jpg,0011_4.jpg,0,0.5177261829376221,0.8111160397529602
exploration,cross_same_same,62,57,0062_2.jpg,0057_4.jpg,0,0.5544917583465576,0.8017151951789856
exploration,cross_same_same,65,65,0065_2.jpg,0065_4.jpg,1,0.5462993383407593,0.8340129256248474
exploration,cross_same_same,65,89,0065_2.jpg,0089_4.jpg,0,0.5266267657279968,0.8265377283096313
exploration,cross_same_same,65,90,0065_2.jpg,0090_4.jpg,0,0.5016564130783081,0.8048416376113892
exploration,cross_same_same,65,119,0065_2.jpg,0119_4.jpg,0,0.4991094470024109,0.8163986206054688
exploration,cross_same_same,65,185,0065_2.jpg,0185_4.jpg,0,0.5124187469482422,0.8397808074951172
exploration,cross_same_same,65,188,0065_2.jpg,0188_4.jpg,0,0.5312434434890747,0.8500676155090332
exploration,cross_same_same,65,240,0065_2.jpg,0240_4.jpg,0,0.5010427832603455,0.8318201303482056
exploration,cross_same_same,65,251,0065_2.jpg,0251_4.jpg,0,0.5350278615951538,0.8261492848396301
exploration,cross_same_same,65,265,0065_2.jpg,0265_4.jpg,0,0.5282435417175293,0.8281797170639038
exploration,cross_same_same,65,12,0065_2.jpg,0012_4.jpg,0,0.5192407369613647,0.8280649185180664
exploration,cross_same_same,65,59,0065_2.jpg,0059_4.jpg,0,0.48520347476005554,0.8064073324203491
exploration,cross_same_same,66,66,0066_2.jpg,0066_4.jpg,1,0.498645544052124,0.809524655342102
exploration,cross_same_same,66,90,0066_2.jpg,0090_4.jpg,0,0.4675288200378418,0.7887192964553833
exploration,cross_same_same,66,91,0066_2.jpg,0091_4.jpg,0,0.47687122225761414,0.797062873840332
exploration,cross_same_same,66,122,0066_2.jpg,0122_4.jpg,0,0.4684092402458191,0.7928905487060547
exploration,cross_same_same,66,188,0066_2.jpg,0188_4.jpg,0,0.4800589680671692,0.8229154348373413
exploration,cross_same_same,66,189,0066_2.jpg,0189_4.jpg,0,0.4629308581352234,0.7869277596473694
exploration,cross_same_same,66,241,0066_2.jpg,0241_4.jpg,0,0.5235632658004761,0.8223105669021606
exploration,cross_same_same,66,252,0066_2.jpg,0252_4.jpg,0,0.47134578227996826,0.7958483695983887
exploration,cross_same_same,66,266,0066_2.jpg,0266_4.jpg,0,0.4983675479888916,0.814765214920044
exploration,cross_same_same,66,15,0066_2.jpg,0015_4.jpg,0,0.47928333282470703,0.8233755230903625
exploration,cross_same_same,66,60,0066_2.jpg,0060_4.jpg,0,0.5051518082618713,0.8215214014053345
exploration,cross_same_same,67,67,0067_2.jpg,0067_4.jpg,1,0.5872802734375,0.8575504422187805
exploration,cross_same_same,67,91,0067_2.jpg,0091_4.jpg,0,0.6479846239089966,0.8710470199584961
exploration,cross_same_same,67,92,0067_2.jpg,0092_4.jpg,0,0.6105258464813232,0.8586282134056091
exploration,cross_same_same,67,123,0067_2.jpg,0123_4.jpg,0,0.5040698051452637,0.8255201578140259
exploration,cross_same_same,67,189,0067_2.jpg,0189_4.jpg,0,0.5625970363616943,0.8403910994529724
exploration,cross_same_same,67,191,0067_2.jpg,0191_4.jpg,0,0.571422815322876,0.8425142765045166
exploration,cross_same_same,67,242,0067_2.jpg,0242_4.jpg,0,0.6392785310745239,0.871806263923645
exploration,cross_same_same,67,255,0067_2.jpg,0255_4.jpg,0,0.6533153057098389,0.8704825639724731
exploration,cross_same_same,67,267,0067_2.jpg,0267_4.jpg,0,0.5759769678115845,0.8374364972114563
exploration,cross_same_same,67,18,0067_2.jpg,0018_4.jpg,0,0.562034010887146,0.8411149978637695
exploration,cross_same_same,67,61,0067_2.jpg,0061_4.jpg,0,0.5847948789596558,0.8476470708847046
exploration,cross_same_same,70,70,0070_2.jpg,0070_4.jpg,1,0.5772176384925842,0.8171576261520386
exploration,cross_same_same,70,92,0070_2.jpg,0092_4.jpg,0,0.5355457067489624,0.7855088710784912
exploration,cross_same_same,70,93,0070_2.jpg,0093_4.jpg,0,0.5664901733398438,0.8085857629776001
exploration,cross_same_same,70,124,0070_2.jpg,0124_4.jpg,0,0.539857029914856,0.8146934509277344
exploration,cross_same_same,70,191,0070_2.jpg,0191_4.jpg,0,0.6168296933174133,0.8416154384613037
exploration,cross_same_same,70,192,0070_2.jpg,0192_4.jpg,0,0.5341624021530151,0.814947247505188
exploration,cross_same_same,70,243,0070_2.jpg,0243_4.jpg,0,0.5526384115219116,0.8034025430679321
exploration,cross_same_same,70,256,0070_2.jpg,0256_4.jpg,0,0.5275073051452637,0.784038782119751
exploration,cross_same_same,70,271,0070_2.jpg,0271_4.jpg,0,0.5057566165924072,0.7745004892349243
exploration,cross_same_same,70,19,0070_2.jpg,0019_4.jpg,0,0.5470458269119263,0.8051808476448059
exploration,cross_same_same,70,62,0070_2.jpg,0062_4.jpg,0,0.6362755298614502,0.8301522731781006
exploration,cross_same_same,71,71,0071_2.jpg,0071_4.jpg,1,0.6079525351524353,0.8371034264564514
exploration,cross_same_same,71,93,0071_2.jpg,0093_4.jpg,0,0.566226601600647,0.8011837601661682
exploration,cross_same_same,71,94,0071_2.jpg,0094_4.jpg,0,0.5101223587989807,0.7932838201522827
exploration,cross_same_same,71,125,0071_2.jpg,0125_4.jpg,0,0.4897008538246155,0.7779545783996582
exploration,cross_same_same,71,192,0071_2.jpg,0192_4.jpg,0,0.4953894317150116,0.7716095447540283
exploration,cross_same_same,71,196,0071_2.jpg,0196_4.jpg,0,0.4890405535697937,0.7780055999755859
exploration,cross_same_same,71,244,0071_2.jpg,0244_4.jpg,0,0.4766087532043457,0.8049043416976929
exploration,cross_same_same,71,260,0071_2.jpg,0260_4.jpg,0,0.5321719646453857,0.7869836091995239
exploration,cross_same_same,71,272,0071_2.jpg,0272_4.jpg,0,0.5655335187911987,0.814120352268219
exploration,cross_same_same,71,20,0071_2.jpg,0020_4.jpg,0,0.5294056534767151,0.8045369982719421
exploration,cross_same_same,71,65,0071_2.jpg,0065_4.jpg,0,0.4781196713447571,0.7494935989379883
exploration,cross_same_same,74,74,0074_2.jpg,0074_4.jpg,1,0.6455272436141968,0.8535953164100647
exploration,cross_same_same,74,94,0074_2.jpg,0094_4.jpg,0,0.5768570899963379,0.8251802921295166
exploration,cross_same_same,74,96,0074_2.jpg,0096_4.jpg,0,0.612736165523529,0.8432146906852722
exploration,cross_same_same,74,127,0074_2.jpg,0127_4.jpg,0,0.5445073843002319,0.7925659418106079
exploration,cross_same_same,74,196,0074_2.jpg,0196_4.jpg,0,0.5977193117141724,0.8330853581428528
exploration,cross_same_same,74,197,0074_2.jpg,0197_4.jpg,0,0.6010028719902039,0.834870457649231
exploration,cross_same_same,74,245,0074_2.jpg,0245_4.jpg,0,0.5632713437080383,0.8392720222473145
exploration,cross_same_same,74,261,0074_2.jpg,0261_4.jpg,0,0.63419508934021,0.838118851184845
exploration,cross_same_same,74,273,0074_2.jpg,0273_4.jpg,0,0.6006672978401184,0.8334707617759705
exploration,cross_same_same,74,21,0074_2.jpg,0021_4.jpg,0,0.5647335052490234,0.7892435789108276
exploration,cross_same_same,74,66,0074_2.jpg,0066_4.jpg,0,0.5784665942192078,0.7994587421417236
exploration,cross_same_same,75,75,0075_2.jpg,0075_4.jpg,1,0.5586331486701965,0.878304123878479
exploration,cross_same_same,75,96,0075_2.jpg,0096_4.jpg,0,0.5829319357872009,0.884119987487793
exploration,cross_same_same,75,97,0075_2.jpg,0097_4.jpg,0,0.6307740211486816,0.8718895316123962
exploration,cross_same_same,75,130,0075_2.jpg,0130_4.jpg,0,0.5697574615478516,0.8628666996955872
exploration,cross_same_same,75,197,0075_2.jpg,0197_4.jpg,0,0.5893993377685547,0.8828364014625549
exploration,cross_same_same,75,198,0075_2.jpg,0198_4.jpg,0,0.5460543036460876,0.8514863848686218
exploration,cross_same_same,75,246,0075_2.jpg,0246_4.jpg,0,0.6113312244415283,0.8729702234268188
exploration,cross_same_same,75,262,0075_2.jpg,0262_4.jpg,0,0.5646576881408691,0.8546475172042847
exploration,cross_same_same,75,274,0075_2.jpg,0274_4.jpg,0,0.5662951469421387,0.8782989978790283
exploration,cross_same_same,75,22,0075_2.jpg,0022_4.jpg,0,0.5988574028015137,0.8714184165000916
exploration,cross_same_same,75,67,0075_2.jpg,0067_4.jpg,0,0.6037195324897766,0.8739345073699951
exploration,cross_same_same,76,76,0076_2.jpg,0076_4.jpg,1,0.6161291599273682,0.8399744033813477
exploration,cross_same_same,76,97,0076_2.jpg,0097_4.jpg,0,0.5832721590995789,0.7938340902328491
exploration,cross_same_same,76,98,0076_2.jpg,0098_4.jpg,0,0.6108887195587158,0.8131889700889587
exploration,cross_same_same,76,132,0076_2.jpg,0132_4.jpg,0,0.6156051158905029,0.8339729309082031
exploration,cross_same_same,76,198,0076_2.jpg,0198_4.jpg,0,0.5559669137001038,0.790099024772644
exploration,cross_same_same,76,199,0076_2.jpg,0199_4.jpg,0,0.5994312763214111,0.801231861114502
exploration,cross_same_same,76,247,0076_2.jpg,0247_4.jpg,0,0.527091920375824,0.7820236086845398
exploration,cross_same_same,76,263,0076_2.jpg,0263_4.jpg,0,0.5745465755462646,0.7840917110443115
exploration,cross_same_same,76,276,0076_2.jpg,0276_4.jpg,0,0.5356467366218567,0.7970941066741943
exploration,cross_same_same,76,25,0076_2.jpg,0025_4.jpg,0,0.5344939827919006,0.7887896299362183
exploration,cross_same_same,76,70,0076_2.jpg,0070_4.jpg,0,0.504676878452301,0.7698173522949219
exploration,cross_same_same,77,77,0077_2.jpg,0077_4.jpg,1,0.6039297580718994,0.8419297933578491
exploration,cross_same_same,77,98,0077_2.jpg,0098_4.jpg,0,0.6536351442337036,0.8588123321533203
exploration,cross_same_same,77,100,0077_2.jpg,0100_4.jpg,0,0.6533820629119873,0.8556718230247498
exploration,cross_same_same,77,133,0077_2.jpg,0133_4.jpg,0,0.634431779384613,0.8393222093582153
exploration,cross_same_same,77,199,0077_2.jpg,0199_4.jpg,0,0.6518406867980957,0.8486545085906982
exploration,cross_same_same,77,200,0077_2.jpg,0200_4.jpg,0,0.6055662035942078,0.841066837310791
exploration,cross_same_same,77,248,0077_2.jpg,0248_4.jpg,0,0.6296607255935669,0.8466344475746155
exploration,cross_same_same,77,264,0077_2.jpg,0264_4.jpg,0,0.6388425230979919,0.8535809516906738
exploration,cross_same_same,77,279,0077_2.jpg,0279_4.jpg,0,0.6465626358985901,0.8461329936981201
exploration,cross_same_same,77,26,0077_2.jpg,0026_4.jpg,0,0.6022887825965881,0.8363728523254395
exploration,cross_same_same,77,71,0077_2.jpg,0071_4.jpg,0,0.6138008236885071,0.8254494071006775
exploration,cross_same_same,78,78,0078_2.jpg,0078_4.jpg,1,0.5096333622932434,0.8159866333007812
exploration,cross_same_same,78,100,0078_2.jpg,0100_4.jpg,0,0.5146607160568237,0.8108834028244019
exploration,cross_same_same,78,101,0078_2.jpg,0101_4.jpg,0,0.4457981288433075,0.7734847664833069
exploration,cross_same_same,78,134,0078_2.jpg,0134_4.jpg,0,0.44306495785713196,0.7979117631912231
exploration,cross_same_same,78,200,0078_2.jpg,0200_4.jpg,0,0.44204533100128174,0.7828207612037659
exploration,cross_same_same,78,201,0078_2.jpg,0201_4.jpg,0,0.44053441286087036,0.7830235958099365
exploration,cross_same_same,78,249,0078_2.jpg,0249_4.jpg,0,0.4810184836387634,0.778587818145752
exploration,cross_same_same,78,265,0078_2.jpg,0265_4.jpg,0,0.5193650722503662,0.8103721141815186
exploration,cross_same_same,78,281,0078_2.jpg,0281_4.jpg,0,0.4829435646533966,0.7919136881828308
exploration,cross_same_same,78,27,0078_2.jpg,0027_4.jpg,0,0.4766407608985901,0.7878206372261047
exploration,cross_same_same,78,74,0078_2.jpg,0074_4.jpg,0,0.45622140169143677,0.8059578537940979
exploration,cross_same_same,79,79,0079_2.jpg,0079_4.jpg,1,0.559651792049408,0.8440755009651184
exploration,cross_same_same,79,101,0079_2.jpg,0101_4.jpg,0,0.5180130004882812,0.8107799291610718
exploration,cross_same_same,79,103,0079_2.jpg,0103_4.jpg,0,0.5258318185806274,0.82704097032547
exploration,cross_same_same,79,135,0079_2.jpg,0135_4.jpg,0,0.46342742443084717,0.8130348920822144
exploration,cross_same_same,79,201,0079_2.jpg,0201_4.jpg,0,0.5090203881263733,0.8002840280532837
exploration,cross_same_same,79,203,0079_2.jpg,0203_4.jpg,0,0.5268024802207947,0.7740743160247803
exploration,cross_same_same,79,250,0079_2.jpg,0250_4.jpg,0,0.5568923950195312,0.8350974917411804
exploration,cross_same_same,79,266,0079_2.jpg,0266_4.jpg,0,0.5325231552124023,0.8141149282455444
exploration,cross_same_same,79,282,0079_2.jpg,0282_4.jpg,0,0.4580641984939575,0.7704509496688843
exploration,cross_same_same,79,29,0079_2.jpg,0029_4.jpg,0,0.49108949303627014,0.7933083772659302
exploration,cross_same_same,79,75,0079_2.jpg,0075_4.jpg,0,0.46911221742630005,0.8165575861930847
exploration,cross_same_same,81,81,0081_2.jpg,0081_4.jpg,1,0.4616376459598541,0.7658032178878784
exploration,cross_same_same,81,103,0081_2.jpg,0103_4.jpg,0,0.5425037145614624,0.8188623189926147
exploration,cross_same_same,81,104,0081_2.jpg,0104_4.jpg,0,0.5140650272369385,0.8095787763595581
exploration,cross_same_same,81,138,0081_2.jpg,0138_4.jpg,0,0.49480560421943665,0.7741568088531494
exploration,cross_same_same,81,203,0081_2.jpg,0203_4.jpg,0,0.5003173351287842,0.7464314699172974
exploration,cross_same_same,81,204,0081_2.jpg,0204_4.jpg,0,0.5484814643859863,0.7961419820785522
exploration,cross_same_same,81,251,0081_2.jpg,0251_4.jpg,0,0.5108143091201782,0.7942149639129639
exploration,cross_same_same,81,267,0081_2.jpg,0267_4.jpg,0,0.5216704607009888,0.7861000299453735
exploration,cross_same_same,81,1,0081_2.jpg,0001_4.jpg,0,0.5104573369026184,0.7995094060897827
exploration,cross_same_same,81,30,0081_2.jpg,0030_4.jpg,0,0.5260036587715149,0.7867748141288757
exploration,cross_same_same,81,76,0081_2.jpg,0076_4.jpg,0,0.4995885491371155,0.7942227721214294
exploration,cross_same_same,83,83,0083_2.jpg,0083_4.jpg,1,0.5608652830123901,0.785678505897522
exploration,cross_same_same,83,104,0083_2.jpg,0104_4.jpg,0,0.5169841051101685,0.8083471059799194
exploration,cross_same_same,83,105,0083_2.jpg,0105_4.jpg,0,0.5390410423278809,0.8131234645843506
exploration,cross_same_same,83,140,0083_2.jpg,0140_4.jpg,0,0.5852314233779907,0.828128457069397
exploration,cross_same_same,83,204,0083_2.jpg,0204_4.jpg,0,0.5209190249443054,0.7802897095680237
exploration,cross_same_same,83,206,0083_2.jpg,0206_4.jpg,0,0.49166643619537354,0.7939265966415405
exploration,cross_same_same,83,252,0083_2.jpg,0252_4.jpg,0,0.5963975191116333,0.8091745376586914
exploration,cross_same_same,83,271,0083_2.jpg,0271_4.jpg,0,0.5550340414047241,0.7850369215011597
exploration,cross_same_same,83,2,0083_2.jpg,0002_4.jpg,0,0.47544702887535095,0.7766846418380737
exploration,cross_same_same,83,31,0083_2.jpg,0031_4.jpg,0,0.4391266703605652,0.7795100212097168
exploration,cross_same_same,83,77,0083_2.jpg,0077_4.jpg,0,0.48382097482681274,0.7965371608734131
exploration,cross_same_same,85,85,0085_2.jpg,0085_4.jpg,1,0.5370180606842041,0.7981522083282471
exploration,cross_same_same,85,105,0085_2.jpg,0105_4.jpg,0,0.46474123001098633,0.7862528562545776
exploration,cross_same_same,85,106,0085_2.jpg,0106_4.jpg,0,0.5210572481155396,0.8143882751464844
exploration,cross_same_same,85,142,0085_2.jpg,0142_4.jpg,0,0.46835824847221375,0.7591491341590881
exploration,cross_same_same,85,206,0085_2.jpg,0206_4.jpg,0,0.4771239757537842,0.7959688901901245
exploration,cross_same_same,85,207,0085_2.jpg,0207_4.jpg,0,0.49185246229171753,0.7689499855041504
exploration,cross_same_same,85,255,0085_2.jpg,0255_4.jpg,0,0.4768228530883789,0.7698026299476624
exploration,cross_same_same,85,272,0085_2.jpg,0272_4.jpg,0,0.528398334980011,0.8181887865066528
exploration,cross_same_same,85,3,0085_2.jpg,0003_4.jpg,0,0.5057055354118347,0.8010165691375732
exploration,cross_same_same,85,35,0085_2.jpg,0035_4.jpg,0,0.4847261905670166,0.8023310899734497
exploration,cross_same_same,85,78,0085_2.jpg,0078_4.jpg,0,0.4765358567237854,0.7894719243049622
exploration,cross_same_same,86,86,0086_2.jpg,0086_4.jpg,1,0.5527750849723816,0.8224869966506958
exploration,cross_same_same,86,106,0086_2.jpg,0106_4.jpg,0,0.5196940302848816,0.7920981645584106
exploration,cross_same_same,86,107,0086_2.jpg,0107_4.jpg,0,0.4287523627281189,0.7381413578987122
exploration,cross_same_same,86,146,0086_2.jpg,0146_4.jpg,0,0.4495724141597748,0.7537375688552856
exploration,cross_same_same,86,207,0086_2.jpg,0207_4.jpg,0,0.4367207884788513,0.7368142604827881
exploration,cross_same_same,86,208,0086_2.jpg,0208_4.jpg,0,0.44895559549331665,0.7315629720687866
exploration,cross_same_same,86,256,0086_2.jpg,0256_4.jpg,0,0.478780597448349,0.7476110458374023
exploration,cross_same_same,86,273,0086_2.jpg,0273_4.jpg,0,0.4681229591369629,0.7504187226295471
exploration,cross_same_same,86,6,0086_2.jpg,0006_4.jpg,0,0.4457045793533325,0.7499300241470337
exploration,cross_same_same,86,38,0086_2.jpg,0038_4.jpg,0,0.4972193241119385,0.7409259080886841
exploration,cross_same_same,86,79,0086_2.jpg,0079_4.jpg,0,0.45915231108665466,0.7598631381988525
exploration,cross_same_same,87,87,0087_2.jpg,0087_4.jpg,1,0.6232770085334778,0.8480618000030518
exploration,cross_same_same,87,107,0087_2.jpg,0107_4.jpg,0,0.5117273926734924,0.7736759185791016
exploration,cross_same_same,87,109,0087_2.jpg,0109_4.jpg,0,0.5808088183403015,0.7865318059921265
exploration,cross_same_same,87,147,0087_2.jpg,0147_4.jpg,0,0.5672518014907837,0.7767292261123657
exploration,cross_same_same,87,208,0087_2.jpg,0208_4.jpg,0,0.4778860807418823,0.7318139672279358
exploration,cross_same_same,87,209,0087_2.jpg,0209_4.jpg,0,0.5382746458053589,0.7979301810264587
exploration,cross_same_same,87,260,0087_2.jpg,0260_4.jpg,0,0.5502340793609619,0.801982581615448
exploration,cross_same_same,87,274,0087_2.jpg,0274_4.jpg,0,0.5565629601478577,0.7930768728256226
exploration,cross_same_same,87,7,0087_2.jpg,0007_4.jpg,0,0.5728682279586792,0.8021146059036255
exploration,cross_same_same,87,39,0087_2.jpg,0039_4.jpg,0,0.6176303029060364,0.823957085609436
exploration,cross_same_same,87,81,0087_2.jpg,0081_4.jpg,0,0.5138520002365112,0.7578927278518677
exploration,cross_same_same,89,89,0089_2.jpg,0089_4.jpg,1,0.568902850151062,0.795267641544342
exploration,cross_same_same,89,109,0089_2.jpg,0109_4.jpg,0,0.5921828746795654,0.8008432388305664
exploration,cross_same_same,89,110,0089_2.jpg,0110_4.jpg,0,0.5448296070098877,0.7996833324432373
exploration,cross_same_same,89,148,0089_2.jpg,0148_4.jpg,0,0.496491938829422,0.7579948902130127
exploration,cross_same_same,89,209,0089_2.jpg,0209_4.jpg,0,0.5313788652420044,0.7752165794372559
exploration,cross_same_same,89,211,0089_2.jpg,0211_4.jpg,0,0.5736256241798401,0.7952146530151367
exploration,cross_same_same,89,261,0089_2.jpg,0261_4.jpg,0,0.5347816944122314,0.771877646446228
exploration,cross_same_same,89,276,0089_2.jpg,0276_4.jpg,0,0.561741828918457,0.8161913156509399
exploration,cross_same_same,89,8,0089_2.jpg,0008_4.jpg,0,0.5224010348320007,0.7708008289337158
exploration,cross_same_same,89,40,0089_2.jpg,0040_4.jpg,0,0.5373214483261108,0.7947129011154175
exploration,cross_same_same,89,83,0089_2.jpg,0083_4.jpg,0,0.5510398745536804,0.7626744508743286
exploration,cross_same_same,90,90,0090_2.jpg,0090_4.jpg,1,0.6126684546470642,0.8499869108200073
exploration,cross_same_same,90,110,0090_2.jpg,0110_4.jpg,0,0.538582444190979,0.8625380396842957
exploration,cross_same_same,90,114,0090_2.jpg,0114_4.jpg,0,0.5402588248252869,0.8168303966522217
exploration,cross_same_same,90,152,0090_2.jpg,0152_4.jpg,0,0.5446487069129944,0.8401676416397095
exploration,cross_same_same,90,211,0090_2.jpg,0211_4.jpg,0,0.5691091418266296,0.8449923396110535
exploration,cross_same_same,90,212,0090_2.jpg,0212_4.jpg,0,0.47370365262031555,0.7873961925506592
exploration,cross_same_same,90,262,0090_2.jpg,0262_4.jpg,0,0.538061261177063,0.8486924171447754
exploration,cross_same_same,90,279,0090_2.jpg,0279_4.jpg,0,0.5803741216659546,0.8698391914367676
exploration,cross_same_same,90,11,0090_2.jpg,0011_4.jpg,0,0.5078577995300293,0.8330647945404053
exploration,cross_same_same,90,42,0090_2.jpg,0042_4.jpg,0,0.5221792459487915,0.8417754173278809
exploration,cross_same_same,90,85,0090_2.jpg,0085_4.jpg,0,0.5619250535964966,0.8472919464111328
exploration,cross_same_same,91,91,0091_2.jpg,0091_4.jpg,1,0.6343592405319214,0.8350260257720947
exploration,cross_same_same,91,114,0091_2.jpg,0114_4.jpg,0,0.5069496035575867,0.7722530364990234
exploration,cross_same_same,91,116,0091_2.jpg,0116_4.jpg,0,0.6278388500213623,0.8299682140350342
exploration,cross_same_same,91,153,0091_2.jpg,0153_4.jpg,0,0.5906111001968384,0.8238461017608643
exploration,cross_same_same,91,212,0091_2.jpg,0212_4.jpg,0,0.5431894063949585,0.7816792726516724
exploration,cross_same_same,91,213,0091_2.jpg,0213_4.jpg,0,0.6196465492248535,0.834141731262207
exploration,cross_same_same,91,263,0091_2.jpg,0263_4.jpg,0,0.5611474514007568,0.7995510101318359
exploration,cross_same_same,91,281,0091_2.jpg,0281_4.jpg,0,0.5149171352386475,0.7859928607940674
exploration,cross_same_same,91,12,0091_2.jpg,0012_4.jpg,0,0.5455670356750488,0.7830955982208252
exploration,cross_same_same,91,43,0091_2.jpg,0043_4.jpg,0,0.5496012568473816,0.8123906850814819
exploration,cross_same_same,91,86,0091_2.jpg,0086_4.jpg,0,0.5150564312934875,0.8139597177505493
exploration,cross_same_same,92,92,0092_2.jpg,0092_4.jpg,1,0.533189058303833,0.8185166120529175
exploration,cross_same_same,92,116,0092_2.jpg,0116_4.jpg,0,0.5132735967636108,0.7967960834503174
exploration,cross_same_same,92,118,0092_2.jpg,0118_4.jpg,0,0.4883861839771271,0.7961511611938477
exploration,cross_same_same,92,154,0092_2.jpg,0154_4.jpg,0,0.5541370511054993,0.8178640604019165
exploration,cross_same_same,92,213,0092_2.jpg,0213_4.jpg,0,0.5108721256256104,0.7921505570411682
exploration,cross_same_same,92,214,0092_2.jpg,0214_4.jpg,0,0.46119800209999084,0.7710325121879578
exploration,cross_same_same,92,264,0092_2.jpg,0264_4.jpg,0,0.5174168348312378,0.8016372323036194
exploration,cross_same_same,92,282,0092_2.jpg,0282_4.jpg,0,0.4958702623844147,0.7734357118606567
exploration,cross_same_same,92,15,0092_2.jpg,0015_4.jpg,0,0.48249202966690063,0.8125704526901245
exploration,cross_same_same,92,46,0092_2.jpg,0046_4.jpg,0,0.5355142951011658,0.8009493947029114
exploration,cross_same_same,92,87,0092_2.jpg,0087_4.jpg,0,0.5943658351898193,0.8460249900817871
exploration,cross_same_same,93,93,0093_2.jpg,0093_4.jpg,1,0.6405835151672363,0.8632689118385315
exploration,cross_same_same,93,118,0093_2.jpg,0118_4.jpg,0,0.5683554410934448,0.8403400778770447
exploration,cross_same_same,93,119,0093_2.jpg,0119_4.jpg,0,0.5046042799949646,0.813183605670929
exploration,cross_same_same,93,155,0093_2.jpg,0155_4.jpg,0,0.4948451817035675,0.7967650890350342
exploration,cross_same_same,93,214,0093_2.jpg,0214_4.jpg,0,0.5124831795692444,0.8087408542633057
exploration,cross_same_same,93,216,0093_2.jpg,0216_4.jpg,0,0.557831883430481,0.8345942497253418
exploration,cross_same_same,93,265,0093_2.jpg,0265_4.jpg,0,0.5557647347450256,0.8367743492126465
exploration,cross_same_same,93,1,0093_2.jpg,0001_4.jpg,0,0.5266220569610596,0.8429418802261353
exploration,cross_same_same,93,18,0093_2.jpg,0018_4.jpg,0,0.4937073588371277,0.8058499097824097
exploration,cross_same_same,93,47,0093_2.jpg,0047_4.jpg,0,0.5289064645767212,0.8318160772323608
exploration,cross_same_same,93,89,0093_2.jpg,0089_4.jpg,0,0.5172892212867737,0.8298087120056152
exploration,cross_same_same,94,94,0094_2.jpg,0094_4.jpg,1,0.5430749654769897,0.848655104637146
exploration,cross_same_same,94,119,0094_2.jpg,0119_4.jpg,0,0.5516582727432251,0.8241034746170044
exploration,cross_same_same,94,122,0094_2.jpg,0122_4.jpg,0,0.6425923705101013,0.8651210069656372
exploration,cross_same_same,94,156,0094_2.jpg,0156_4.jpg,0,0.5950285792350769,0.8467747569084167
exploration,cross_same_same,94,216,0094_2.jpg,0216_4.jpg,0,0.6374735832214355,0.8512404561042786
exploration,cross_same_same,94,219,0094_2.jpg,0219_4.jpg,0,0.5113085508346558,0.8312407732009888
exploration,cross_same_same,94,266,0094_2.jpg,0266_4.jpg,0,0.5930713415145874,0.8531956076622009
exploration,cross_same_same,94,2,0094_2.jpg,0002_4.jpg,0,0.5258727073669434,0.8231909871101379
exploration,cross_same_same,94,19,0094_2.jpg,0019_4.jpg,0,0.5553382039070129,0.8350876569747925
exploration,cross_same_same,94,49,0094_2.jpg,0049_4.jpg,0,0.5126456022262573,0.8173580169677734
exploration,cross_same_same,94,90,0094_2.jpg,0090_4.jpg,0,0.5599154233932495,0.830909788608551
exploration,cross_same_same,96,96,0096_2.jpg,0096_4.jpg,1,0.6881459355354309,0.9031925797462463
exploration,cross_same_same,96,122,0096_2.jpg,0122_4.jpg,0,0.6636309623718262,0.8910918831825256
exploration,cross_same_same,96,123,0096_2.jpg,0123_4.jpg,0,0.5671709775924683,0.8641549348831177
exploration,cross_same_same,96,157,0096_2.jpg,0157_4.jpg,0,0.5593668222427368,0.8491073846817017
exploration,cross_same_same,96,219,0096_2.jpg,0219_4.jpg,0,0.5793527364730835,0.8448232412338257
exploration,cross_same_same,96,220,0096_2.jpg,0220_4.jpg,0,0.6117697954177856,0.8499019145965576
exploration,cross_same_same,96,267,0096_2.jpg,0267_4.jpg,0,0.5561938285827637,0.8323863744735718
exploration,cross_same_same,96,3,0096_2.jpg,0003_4.jpg,0,0.5956779718399048,0.8493914604187012
exploration,cross_same_same,96,20,0096_2.jpg,0020_4.jpg,0,0.5908576250076294,0.8398516178131104
exploration,cross_same_same,96,55,0096_2.jpg,0055_4.jpg,0,0.5939972996711731,0.8561195135116577
exploration,cross_same_same,96,91,0096_2.jpg,0091_4.jpg,0,0.670992910861969,0.8775999546051025
exploration,cross_same_same,97,97,0097_2.jpg,0097_4.jpg,1,0.5328861474990845,0.7688922882080078
exploration,cross_same_same,97,123,0097_2.jpg,0123_4.jpg,0,0.36322763562202454,0.6996936798095703
exploration,cross_same_same,97,124,0097_2.jpg,0124_4.jpg,0,0.5267742872238159,0.80375075340271
exploration,cross_same_same,97,158,0097_2.jpg,0158_4.jpg,0,0.4989957809448242,0.7506169080734253
exploration,cross_same_same,97,220,0097_2.jpg,0220_4.jpg,0,0.47281545400619507,0.7820570468902588
exploration,cross_same_same,97,221,0097_2.jpg,0221_4.jpg,0,0.4333118796348572,0.7432915568351746
exploration,cross_same_same,97,271,0097_2.jpg,0271_4.jpg,0,0.4405904710292816,0.7364509105682373
exploration,cross_same_same,97,6,0097_2.jpg,0006_4.jpg,0,0.42533519864082336,0.7471897602081299
exploration,cross_same_same,97,21,0097_2.jpg,0021_4.jpg,0,0.4726046323776245,0.7526512145996094
exploration,cross_same_same,97,56,0097_2.jpg,0056_4.jpg,0,0.5255129337310791,0.7793134450912476
exploration,cross_same_same,97,92,0097_2.jpg,0092_4.jpg,0,0.4647773504257202,0.7566331624984741
exploration,cross_same_same,98,98,0098_2.jpg,0098_4.jpg,1,0.6103618741035461,0.8392562866210938
exploration,cross_same_same,98,124,0098_2.jpg,0124_4.jpg,0,0.5614259839057922,0.8197572827339172
exploration,cross_same_same,98,125,0098_2.jpg,0125_4.jpg,0,0.5432987809181213,0.8125429153442383
exploration,cross_same_same,98,159,0098_2.jpg,0159_4.jpg,0,0.5478518009185791,0.8165645003318787
exploration,cross_same_same,98,221,0098_2.jpg,0221_4.jpg,0,0.5509762167930603,0.8010578751564026
exploration,cross_same_same,98,223,0098_2.jpg,0223_4.jpg,0,0.5171033143997192,0.7975320816040039
exploration,cross_same_same,98,272,0098_2.jpg,0272_4.jpg,0,0.6491108536720276,0.8612452745437622
exploration,cross_same_same,98,7,0098_2.jpg,0007_4.jpg,0,0.5497236251831055,0.8144299983978271
exploration,cross_same_same,98,22,0098_2.jpg,0022_4.jpg,0,0.566680371761322,0.8137212991714478
exploration,cross_same_same,98,57,0098_2.jpg,0057_4.jpg,0,0.5703473091125488,0.8038836121559143
exploration,cross_same_same,98,93,0098_2.jpg,0093_4.jpg,0,0.6020387411117554,0.8185440301895142
exploration,cross_same_same,100,100,0100_2.jpg,0100_4.jpg,1,0.6223019957542419,0.8467087745666504
exploration,cross_same_same,100,125,0100_2.jpg,0125_4.jpg,0,0.5108091831207275,0.8092144131660461
exploration,cross_same_same,100,127,0100_2.jpg,0127_4.jpg,0,0.4496915340423584,0.7650572657585144
exploration,cross_same_same,100,161,0100_2.jpg,0161_4.jpg,0,0.4707353115081787,0.7980735301971436
exploration,cross_same_same,100,223,0100_2.jpg,0223_4.jpg,0,0.4796862006187439,0.795659065246582
exploration,cross_same_same,100,224,0100_2.jpg,0224_4.jpg,0,0.5614205598831177,0.8259528279304504
exploration,cross_same_same,100,273,0100_2.jpg,0273_4.jpg,0,0.518484354019165,0.8105003237724304
exploration,cross_same_same,100,8,0100_2.jpg,0008_4.jpg,0,0.5177115201950073,0.8054931163787842
exploration,cross_same_same,100,25,0100_2.jpg,0025_4.jpg,0,0.45528167486190796,0.7690965533256531
exploration,cross_same_same,100,59,0100_2.jpg,0059_4.jpg,0,0.5258159637451172,0.8108835816383362
exploration,cross_same_same,100,94,0100_2.jpg,0094_4.jpg,0,0.5113523602485657,0.813532829284668
exploration,cross_same_same,101,101,0101_2.jpg,0101_4.jpg,1,0.6330419778823853,0.8558889627456665
exploration,cross_same_same,101,127,0101_2.jpg,0127_4.jpg,0,0.5645300149917603,0.7896438837051392
exploration,cross_same_same,101,130,0101_2.jpg,0130_4.jpg,0,0.6048604846000671,0.8379921913146973
exploration,cross_same_same,101,162,0101_2.jpg,0162_4.jpg,0,0.6482141613960266,0.8614113926887512
exploration,cross_same_same,101,224,0101_2.jpg,0224_4.jpg,0,0.6189918518066406,0.8500844836235046
exploration,cross_same_same,101,225,0101_2.jpg,0225_4.jpg,0,0.5570939779281616,0.8082305788993835
exploration,cross_same_same,101,274,0101_2.jpg,0274_4.jpg,0,0.6410553455352783,0.8644229173660278
exploration,cross_same_same,101,11,0101_2.jpg,0011_4.jpg,0,0.6159774661064148,0.8424242734909058
exploration,cross_same_same,101,26,0101_2.jpg,0026_4.jpg,0,0.607893705368042,0.8401549458503723
exploration,cross_same_same,101,60,0101_2.jpg,0060_4.jpg,0,0.6282662153244019,0.8473682999610901
exploration,cross_same_same,101,96,0101_2.jpg,0096_4.jpg,0,0.5986225605010986,0.8368370532989502
exploration,cross_same_same,103,103,0103_2.jpg,0103_4.jpg,1,0.7056175470352173,0.9011067748069763
exploration,cross_same_same,103,130,0103_2.jpg,0130_4.jpg,0,0.621497631072998,0.86134272813797
exploration,cross_same_same,103,132,0103_2.jpg,0132_4.jpg,0,0.7663805484771729,0.9172506928443909
exploration,cross_same_same,103,163,0103_2.jpg,0163_4.jpg,0,0.6259878873825073,0.8612610697746277
exploration,cross_same_same,103,225,0103_2.jpg,0225_4.jpg,0,0.585644006729126,0.853305459022522
exploration,cross_same_same,103,226,0103_2.jpg,0226_4.jpg,0,0.7008512020111084,0.8884408473968506
exploration,cross_same_same,103,276,0103_2.jpg,0276_4.jpg,0,0.7054942846298218,0.8999528884887695
exploration,cross_same_same,103,12,0103_2.jpg,0012_4.jpg,0,0.6046571731567383,0.8356886506080627
exploration,cross_same_same,103,27,0103_2.jpg,0027_4.jpg,0,0.6634724140167236,0.86495041847229
exploration,cross_same_same,103,61,0103_2.jpg,0061_4.jpg,0,0.6265482902526855,0.8644209504127502
exploration,cross_same_same,103,97,0103_2.jpg,0097_4.jpg,0,0.5970921516418457,0.8628535270690918
exploration,cross_same_same,104,104,0104_2.jpg,0104_4.jpg,1,0.6181935667991638,0.8386868238449097
exploration,cross_same_same,104,132,0104_2.jpg,0132_4.jpg,0,0.6304776072502136,0.8487956523895264
exploration,cross_same_same,104,133,0104_2.jpg,0133_4.jpg,0,0.5847925543785095,0.8194291591644287
exploration,cross_same_same,104,164,0104_2.jpg,0164_4.jpg,0,0.492584228515625,0.7639567255973816
exploration,cross_same_same,104,226,0104_2.jpg,0226_4.jpg,0,0.6269512176513672,0.8395722508430481
exploration,cross_same_same,104,227,0104_2.jpg,0227_4.jpg,0,0.497727632522583,0.7756435871124268
exploration,cross_same_same,104,279,0104_2.jpg,0279_4.jpg,0,0.5794223546981812,0.8153880834579468
exploration,cross_same_same,104,15,0104_2.jpg,0015_4.jpg,0,0.5498700141906738,0.8186224102973938
exploration,cross_same_same,104,29,0104_2.jpg,0029_4.jpg,0,0.550265908241272,0.7857723236083984
exploration,cross_same_same,104,62,0104_2.jpg,0062_4.jpg,0,0.6114968061447144,0.8161659836769104
exploration,cross_same_same,104,98,0104_2.jpg,0098_4.jpg,0,0.5458827018737793,0.8059581518173218
exploration,cross_same_same,105,105,0105_2.jpg,0105_4.jpg,1,0.5313832759857178,0.8209718465805054
exploration,cross_same_same,105,133,0105_2.jpg,0133_4.jpg,0,0.5404325723648071,0.8248222470283508
exploration,cross_same_same,105,134,0105_2.jpg,0134_4.jpg,0,0.45050621032714844,0.7902689576148987
exploration,cross_same_same,105,167,0105_2.jpg,0167_4.jpg,0,0.539613664150238,0.8043452501296997
exploration,cross_same_same,105,227,0105_2.jpg,0227_4.jpg,0,0.482460618019104,0.7951138019561768
exploration,cross_same_same,105,228,0105_2.jpg,0228_4.jpg,0,0.5045026540756226,0.8145574927330017
exploration,cross_same_same,105,281,0105_2.jpg,0281_4.jpg,0,0.5027717351913452,0.8017755150794983
exploration,cross_same_same,105,18,0105_2.jpg,0018_4.jpg,0,0.46617114543914795,0.7851260900497437
exploration,cross_same_same,105,30,0105_2.jpg,0030_4.jpg,0,0.5116478800773621,0.8094135522842407
exploration,cross_same_same,105,65,0105_2.jpg,0065_4.jpg,0,0.44973310828208923,0.7680832147598267
exploration,cross_same_same,105,100,0105_2.jpg,0100_4.jpg,0,0.5756276845932007,0.8167132139205933
exploration,cross_same_same,106,106,0106_2.jpg,0106_4.jpg,1,0.6350061297416687,0.8412290811538696
exploration,cross_same_same,106,134,0106_2.jpg,0134_4.jpg,0,0.5546888113021851,0.823212742805481
exploration,cross_same_same,106,135,0106_2.jpg,0135_4.jpg,0,0.587239146232605,0.8321858644485474
exploration,cross_same_same,106,168,0106_2.jpg,0168_4.jpg,0,0.6496221423149109,0.8479410409927368
exploration,cross_same_same,106,228,0106_2.jpg,0228_4.jpg,0,0.5900980830192566,0.8292532563209534
exploration,cross_same_same,106,229,0106_2.jpg,0229_4.jpg,0,0.5616693496704102,0.818974494934082
exploration,cross_same_same,106,282,0106_2.jpg,0282_4.jpg,0,0.6050055027008057,0.8043749928474426
exploration,cross_same_same,106,19,0106_2.jpg,0019_4.jpg,0,0.5803842544555664,0.8118250370025635
exploration,cross_same_same,106,31,0106_2.jpg,0031_4.jpg,0,0.5626268982887268,0.8241204023361206
exploration,cross_same_same,106,66,0106_2.jpg,0066_4.jpg,0,0.5740803480148315,0.8024946451187134
exploration,cross_same_same,106,101,0106_2.jpg,0101_4.jpg,0,0.6235901713371277,0.8367700576782227
exploration,cross_same_same,107,107,0107_2.jpg,0107_4.jpg,1,0.517309308052063,0.8089770078659058
exploration,cross_same_same,107,135,0107_2.jpg,0135_4.jpg,0,0.4954172372817993,0.8138641119003296
exploration,cross_same_same,107,138,0107_2.jpg,0138_4.jpg,0,0.5292795896530151,0.8092575669288635
exploration,cross_same_same,107,169,0107_2.jpg,0169_4.jpg,0,0.5564669370651245,0.8199518322944641
exploration,cross_same_same,107,229,0107_2.jpg,0229_4.jpg,0,0.5667579770088196,0.8412579894065857
exploration,cross_same_same,107,231,0107_2.jpg,0231_4.jpg,0,0.5177757740020752,0.7938042283058167
exploration,cross_same_same,107,1,0107_2.jpg,0001_4.jpg,0,0.567643404006958,0.8379756212234497
exploration,cross_same_same,107,20,0107_2.jpg,0020_4.jpg,0,0.522047758102417,0.823222279548645
exploration,cross_same_same,107,35,0107_2.jpg,0035_4.jpg,0,0.5421786308288574,0.8267401456832886
exploration,cross_same_same,107,67,0107_2.jpg,0067_4.jpg,0,0.4725618362426758,0.7945671081542969
exploration,cross_same_same,107,103,0107_2.jpg,0103_4.jpg,0,0.5421915054321289,0.8368002772331238
exploration,cross_same_same,109,109,0109_2.jpg,0109_4.jpg,1,0.6786276698112488,0.8608378767967224
exploration,cross_same_same,109,138,0109_2.jpg,0138_4.jpg,0,0.5986919403076172,0.8378623723983765
exploration,cross_same_same,109,140,0109_2.jpg,0140_4.jpg,0,0.6643452644348145,0.8625616431236267
exploration,cross_same_same,109,171,0109_2.jpg,0171_4.jpg,0,0.5509408712387085,0.8142914772033691
exploration,cross_same_same,109,231,0109_2.jpg,0231_4.jpg,0,0.5861492156982422,0.8218912482261658
exploration,cross_same_same,109,232,0109_2.jpg,0232_4.jpg,0,0.6493148803710938,0.8520973324775696
exploration,cross_same_same,109,2,0109_2.jpg,0002_4.jpg,0,0.5621200799942017,0.8236715793609619
exploration,cross_same_same,109,21,0109_2.jpg,0021_4.jpg,0,0.5523623824119568,0.7916186451911926
exploration,cross_same_same,109,38,0109_2.jpg,0038_4.jpg,0,0.6568654775619507,0.8585642576217651
exploration,cross_same_same,109,70,0109_2.jpg,0070_4.jpg,0,0.5989569425582886,0.822905421257019
exploration,cross_same_same,109,104,0109_2.jpg,0104_4.jpg,0,0.6502516269683838,0.8622063398361206
exploration,cross_same_same,110,110,0110_2.jpg,0110_4.jpg,1,0.5956943035125732,0.8453066945075989
exploration,cross_same_same,110,140,0110_2.jpg,0140_4.jpg,0,0.5589218735694885,0.8450714945793152
exploration,cross_same_same,110,142,0110_2.jpg,0142_4.jpg,0,0.5281655788421631,0.7950135469436646
exploration,cross_same_same,110,172,0110_2.jpg,0172_4.jpg,0,0.5657329559326172,0.8377954959869385
exploration,cross_same_same,110,232,0110_2.jpg,0232_4.jpg,0,0.5629128813743591,0.8229236602783203
exploration,cross_same_same,110,234,0110_2.jpg,0234_4.jpg,0,0.5430051684379578,0.8239885568618774
exploration,cross_same_same,110,3,0110_2.jpg,0003_4.jpg,0,0.5191892385482788,0.8229126930236816
exploration,cross_same_same,110,22,0110_2.jpg,0022_4.jpg,0,0.5551007986068726,0.8180021047592163
exploration,cross_same_same,110,39,0110_2.jpg,0039_4.jpg,0,0.5942506194114685,0.8520435094833374
exploration,cross_same_same,110,71,0110_2.jpg,0071_4.jpg,0,0.5303629636764526,0.8019741773605347
exploration,cross_same_same,110,105,0110_2.jpg,0105_4.jpg,0,0.49402254819869995,0.8125936985015869
exploration,cross_same_same,114,114,0114_2.jpg,0114_4.jpg,1,0.4979889392852783,0.7646105885505676
exploration,cross_same_same,114,142,0114_2.jpg,0142_4.jpg,0,0.4640570878982544,0.7229793071746826
exploration,cross_same_same,114,146,0114_2.jpg,0146_4.jpg,0,0.4411463439464569,0.7536619901657104
exploration,cross_same_same,114,178,0114_2.jpg,0178_4.jpg,0,0.49074220657348633,0.771545946598053
exploration,cross_same_same,114,234,0114_2.jpg,0234_4.jpg,0,0.4786320924758911,0.7540257573127747
exploration,cross_same_same,114,235,0114_2.jpg,0235_4.jpg,0,0.4949802756309509,0.7635174989700317
exploration,cross_same_same,114,6,0114_2.jpg,0006_4.jpg,0,0.4681742787361145,0.7501895427703857
exploration,cross_same_same,114,25,0114_2.jpg,0025_4.jpg,0,0.4356120228767395,0.7368087768554688
exploration,cross_same_same,114,40,0114_2.jpg,0040_4.jpg,0,0.43247002363204956,0.7476893663406372
exploration,cross_same_same,114,74,0114_2.jpg,0074_4.jpg,0,0.4500977396965027,0.7712947130203247
exploration,cross_same_same,114,106,0114_2.jpg,0106_4.jpg,0,0.45125335454940796,0.7714844942092896
exploration,cross_same_same,116,116,0116_2.jpg,0116_4.jpg,1,0.6701090335845947,0.9059312343597412
exploration,cross_same_same,116,146,0116_2.jpg,0146_4.jpg,0,0.5656019449234009,0.88243567943573
exploration,cross_same_same,116,147,0116_2.jpg,0147_4.jpg,0,0.6070912480354309,0.8687611818313599
exploration,cross_same_same,116,179,0116_2.jpg,0179_4.jpg,0,0.5598016977310181,0.8755194544792175
exploration,cross_same_same,116,235,0116_2.jpg,0235_4.jpg,0,0.6474906206130981,0.8859902620315552
exploration,cross_same_same,116,237,0116_2.jpg,0237_4.jpg,0,0.6165927648544312,0.879902184009552
exploration,cross_same_same,116,7,0116_2.jpg,0007_4.jpg,0,0.5990598201751709,0.8886781930923462
exploration,cross_same_same,116,26,0116_2.jpg,0026_4.jpg,0,0.5858418941497803,0.8772866129875183
exploration,cross_same_same,116,42,0116_2.jpg,0042_4.jpg,0,0.6126101016998291,0.8820152878761292
exploration,cross_same_same,116,75,0116_2.jpg,0075_4.jpg,0,0.5471066832542419,0.8781939744949341
exploration,cross_same_same,116,107,0116_2.jpg,0107_4.jpg,0,0.5424380302429199,0.8721460700035095
exploration,cross_same_same,118,118,0118_2.jpg,0118_4.jpg,1,0.6570110321044922,0.8620725274085999
exploration,cross_same_same,118,147,0118_2.jpg,0147_4.jpg,0,0.6152837872505188,0.8315465450286865
exploration,cross_same_same,118,148,0118_2.jpg,0148_4.jpg,0,0.601027250289917,0.8356572985649109
exploration,cross_same_same,118,180,0118_2.jpg,0180_4.jpg,0,0.6486784219741821,0.8575294613838196
exploration,cross_same_same,118,237,0118_2.jpg,0237_4.jpg,0,0.6097817420959473,0.8369430303573608
exploration,cross_same_same,118,239,0118_2.jpg,0239_4.jpg,0,0.5647404193878174,0.8277812004089355
exploration,cross_same_same,118,8,0118_2.jpg,0008_4.jpg,0,0.6323124766349792,0.8466384410858154
exploration,cross_same_same,118,27,0118_2.jpg,0027_4.jpg,0,0.6210430264472961,0.8377330303192139
exploration,cross_same_same,118,43,0118_2.jpg,0043_4.jpg,0,0.6258611679077148,0.8511210680007935
exploration,cross_same_same,118,76,0118_2.jpg,0076_4.jpg,0,0.5877000689506531,0.8319251537322998
exploration,cross_same_same,118,109,0118_2.jpg,0109_4.jpg,0,0.6114513278007507,0.844196617603302
exploration,cross_same_same,119,119,0119_2.jpg,0119_4.jpg,1,0.4541535973548889,0.7728071212768555
exploration,cross_same_same,119,148,0119_2.jpg,0148_4.jpg,0,0.5111086964607239,0.7625302076339722
exploration,cross_same_same,119,152,0119_2.jpg,0152_4.jpg,0,0.4619598388671875,0.7548482418060303
exploration,cross_same_same,119,181,0119_2.jpg,0181_4.jpg,0,0.48671454191207886,0.7637472748756409
exploration,cross_same_same,119,239,0119_2.jpg,0239_4.jpg,0,0.4826909899711609,0.7834595441818237
exploration,cross_same_same,119,240,0119_2.jpg,0240_4.jpg,0,0.46211445331573486,0.7790144681930542
exploration,cross_same_same,119,11,0119_2.jpg,0011_4.jpg,0,0.48531848192214966,0.7923047542572021
exploration,cross_same_same,119,29,0119_2.jpg,0029_4.jpg,0,0.4899144768714905,0.7674643993377686
exploration,cross_same_same,119,46,0119_2.jpg,0046_4.jpg,0,0.47909143567085266,0.7660502195358276
exploration,cross_same_same,119,77,0119_2.jpg,0077_4.jpg,0,0.4709430932998657,0.7852256894111633
exploration,cross_same_same,119,110,0119_2.jpg,0110_4.jpg,0,0.5082707405090332,0.7889959812164307
exploration,cross_same_same,122,122,0122_2.jpg,0122_4.jpg,1,0.641127347946167,0.8577088117599487
exploration,cross_same_same,122,152,0122_2.jpg,0152_4.jpg,0,0.5197391510009766,0.8110209703445435
exploration,cross_same_same,122,153,0122_2.jpg,0153_4.jpg,0,0.5836879014968872,0.8331486582756042
exploration,cross_same_same,122,183,0122_2.jpg,0183_4.jpg,0,0.5681983232498169,0.8210290670394897
exploration,cross_same_same,122,240,0122_2.jpg,0240_4.jpg,0,0.5854280591011047,0.839848518371582
exploration,cross_same_same,122,241,0122_2.jpg,0241_4.jpg,0,0.6345980167388916,0.8657337427139282
exploration,cross_same_same,122,12,0122_2.jpg,0012_4.jpg,0,0.5269676446914673,0.8028863072395325
exploration,cross_same_same,122,30,0122_2.jpg,0030_4.jpg,0,0.5998327732086182,0.8439867496490479
exploration,cross_same_same,122,47,0122_2.jpg,0047_4.jpg,0,0.591731607913971,0.8443892002105713
exploration,cross_same_same,122,78,0122_2.jpg,0078_4.jpg,0,0.6129923462867737,0.8607367277145386
exploration,cross_same_same,122,114,0122_2.jpg,0114_4.jpg,0,0.6238259077072144,0.8521929383277893
exploration,cross_same_same,123,123,0123_2.jpg,0123_4.jpg,1,0.4747524559497833,0.7783209085464478
exploration,cross_same_same,123,153,0123_2.jpg,0153_4.jpg,0,0.588221549987793,0.8286914229393005
exploration,cross_same_same,123,154,0123_2.jpg,0154_4.jpg,0,0.5901213884353638,0.8272992968559265
exploration,cross_same_same,123,185,0123_2.jpg,0185_4.jpg,0,0.6006513833999634,0.8469375371932983
exploration,cross_same_same,123,241,0123_2.jpg,0241_4.jpg,0,0.6142046451568604,0.8466311693191528
exploration,cross_same_same,123,242,0123_2.jpg,0242_4.jpg,0,0.555406928062439,0.8177924156188965
exploration,cross_same_same,123,15,0123_2.jpg,0015_4.jpg,0,0.48719969391822815,0.7988008260726929
exploration,cross_same_same,123,31,0123_2.jpg,0031_4.jpg,0,0.5695375204086304,0.8332877159118652
exploration,cross_same_same,123,49,0123_2.jpg,0049_4.jpg,0,0.5379487872123718,0.7856850028038025
exploration,cross_same_same,123,79,0123_2.jpg,0079_4.jpg,0,0.5479045510292053,0.8211661577224731
exploration,cross_same_same,123,116,0123_2.jpg,0116_4.jpg,0,0.5629053115844727,0.8213828802108765
exploration,cross_same_same,124,124,0124_2.jpg,0124_4.jpg,1,0.5819836854934692,0.8479272723197937
exploration,cross_same_same,124,154,0124_2.jpg,0154_4.jpg,0,0.6125134229660034,0.8353043794631958
exploration,cross_same_same,124,155,0124_2.jpg,0155_4.jpg,0,0.5222114324569702,0.7762753367424011
exploration,cross_same_same,124,188,0124_2.jpg,0188_4.jpg,0,0.5402575135231018,0.8294268250465393
exploration,cross_same_same,124,242,0124_2.jpg,0242_4.jpg,0,0.5860840082168579,0.8264654874801636
exploration,cross_same_same,124,243,0124_2.jpg,0243_4.jpg,0,0.5405369997024536,0.8097862005233765
exploration,cross_same_same,124,18,0124_2.jpg,0018_4.jpg,0,0.48460063338279724,0.7842556238174438
exploration,cross_same_same,124,35,0124_2.jpg,0035_4.jpg,0,0.5742710828781128,0.8241031169891357
exploration,cross_same_same,124,55,0124_2.jpg,0055_4.jpg,0,0.525666356086731,0.8078731894493103
exploration,cross_same_same,124,81,0124_2.jpg,0081_4.jpg,0,0.5008001327514648,0.7958537936210632
exploration,cross_same_same,124,118,0124_2.jpg,0118_4.jpg,0,0.5637699365615845,0.8199586868286133
exploration,cross_same_same,125,125,0125_2.jpg,0125_4.jpg,1,0.589292049407959,0.8380012512207031
exploration,cross_same_same,125,155,0125_2.jpg,0155_4.jpg,0,0.5155838131904602,0.7950816750526428
exploration,cross_same_same,125,156,0125_2.jpg,0156_4.jpg,0,0.5100184679031372,0.8437670469284058
exploration,cross_same_same,125,189,0125_2.jpg,0189_4.jpg,0,0.5596673488616943,0.8156180381774902
exploration,cross_same_same,125,243,0125_2.jpg,0243_4.jpg,0,0.5465205907821655,0.8284178972244263
exploration,cross_same_same,125,244,0125_2.jpg,0244_4.jpg,0,0.49885040521621704,0.8097920417785645
exploration,cross_same_same,125,19,0125_2.jpg,0019_4.jpg,0,0.5501371026039124,0.827568531036377
exploration,cross_same_same,125,38,0125_2.jpg,0038_4.jpg,0,0.5849973559379578,0.8280317783355713
exploration,cross_same_same,125,56,0125_2.jpg,0056_4.jpg,0,0.6104621887207031,0.8517395853996277
exploration,cross_same_same,125,83,0125_2.jpg,0083_4.jpg,0,0.5502972602844238,0.8047170042991638
exploration,cross_same_same,125,119,0125_2.jpg,0119_4.jpg,0,0.5624199509620667,0.8303871750831604
exploration,cross_same_same,127,127,0127_2.jpg,0127_4.jpg,1,0.5449000000953674,0.807638943195343
exploration,cross_same_same,127,156,0127_2.jpg,0156_4.jpg,0,0.5733523368835449,0.8207192420959473
exploration,cross_same_same,127,157,0127_2.jpg,0157_4.jpg,0,0.4985364079475403,0.7842376828193665
exploration,cross_same_same,127,191,0127_2.jpg,0191_4.jpg,0,0.581544816493988,0.8028268814086914
exploration,cross_same_same,127,244,0127_2.jpg,0244_4.jpg,0,0.44040459394454956,0.7602490186691284
exploration,cross_same_same,127,245,0127_2.jpg,0245_4.jpg,0,0.40623199939727783,0.7737968564033508
exploration,cross_same_same,127,20,0127_2.jpg,0020_4.jpg,0,0.5046670436859131,0.7792482376098633
exploration,cross_same_same,127,39,0127_2.jpg,0039_4.jpg,0,0.5681477785110474,0.8237816095352173
exploration,cross_same_same,127,57,0127_2.jpg,0057_4.jpg,0,0.5060656070709229,0.7514406442642212
exploration,cross_same_same,127,85,0127_2.jpg,0085_4.jpg,0,0.5168405771255493,0.7896621823310852
exploration,cross_same_same,127,122,0127_2.jpg,0122_4.jpg,0,0.5562970638275146,0.7882040739059448
exploration,cross_same_same,130,130,0130_2.jpg,0130_4.jpg,1,0.5842120051383972,0.8418214321136475
exploration,cross_same_same,130,157,0130_2.jpg,0157_4.jpg,0,0.6048141717910767,0.8374060392379761
exploration,cross_same_same,130,158,0130_2.jpg,0158_4.jpg,0,0.5974570512771606,0.8374009132385254
exploration,cross_same_same,130,192,0130_2.jpg,0192_4.jpg,0,0.5850450992584229,0.8295906186103821
exploration,cross_same_same,130,245,0130_2.jpg,0245_4.jpg,0,0.5410383939743042,0.8439663648605347
exploration,cross_same_same,130,246,0130_2.jpg,0246_4.jpg,0,0.6122328042984009,0.8424259424209595
exploration,cross_same_same,130,21,0130_2.jpg,0021_4.jpg,0,0.5820251703262329,0.8137118816375732
exploration,cross_same_same,130,40,0130_2.jpg,0040_4.jpg,0,0.5897258520126343,0.8424553275108337
exploration,cross_same_same,130,59,0130_2.jpg,0059_4.jpg,0,0.5969071984291077,0.8434773087501526
exploration,cross_same_same,130,86,0130_2.jpg,0086_4.jpg,0,0.5529134273529053,0.8532781600952148
exploration,cross_same_same,130,123,0130_2.jpg,0123_4.jpg,0,0.49708330631256104,0.7990007400512695
exploration,cross_same_same,132,132,0132_2.jpg,0132_4.jpg,1,0.7075902223587036,0.8848739862442017
exploration,cross_same_same,132,158,0132_2.jpg,0158_4.jpg,0,0.617591142654419,0.8376508951187134
exploration,cross_same_same,132,159,0132_2.jpg,0159_4.jpg,0,0.5801379680633545,0.8328202962875366
exploration,cross_same_same,132,196,0132_2.jpg,0196_4.jpg,0,0.5925896763801575,0.827183723449707
exploration,cross_same_same,132,246,0132_2.jpg,0246_4.jpg,0,0.5924730896949768,0.8302110433578491
exploration,cross_same_same,132,247,0132_2.jpg,0247_4.jpg,0,0.5736931562423706,0.824994683265686
exploration,cross_same_same,132,22,0132_2.jpg,0022_4.jpg,0,0.6060424447059631,0.8406293392181396
exploration,cross_same_same,132,42,0132_2.jpg,0042_4.jpg,0,0.5774272084236145,0.8240187168121338
exploration,cross_same_same,132,60,0132_2.jpg,0060_4.jpg,0,0.6182739734649658,0.8466367721557617
exploration,cross_same_same,132,87,0132_2.jpg,0087_4.jpg,0,0.5941044092178345,0.8202909231185913
exploration,cross_same_same,132,124,0132_2.jpg,0124_4.jpg,0,0.6040842533111572,0.8379377126693726
exploration,cross_same_same,133,133,0133_2.jpg,0133_4.jpg,1,0.5781630277633667,0.8191254734992981
exploration,cross_same_same,133,159,0133_2.jpg,0159_4.jpg,0,0.5574600696563721,0.8166621923446655
exploration,cross_same_same,133,161,0133_2.jpg,0161_4.jpg,0,0.515953004360199,0.8125715255737305
exploration,cross_same_same,133,197,0133_2.jpg,0197_4.jpg,0,0.5967918038368225,0.8327784538269043
exploration,cross_same_same,133,247,0133_2.jpg,0247_4.jpg,0,0.46065443754196167,0.7889212369918823
exploration,cross_same_same,133,248,0133_2.jpg,0248_4.jpg,0,0.5666254758834839,0.8078234195709229
exploration,cross_same_same,133,25,0133_2.jpg,0025_4.jpg,0,0.48719459772109985,0.784463107585907
exploration,cross_same_same,133,43,0133_2.jpg,0043_4.jpg,0,0.5480681657791138,0.8140715956687927
exploration,cross_same_same,133,61,0133_2.jpg,0061_4.jpg,0,0.5423552989959717,0.8155271410942078
exploration,cross_same_same,133,89,0133_2.jpg,0089_4.jpg,0,0.5409184098243713,0.8164854049682617
exploration,cross_same_same,133,125,0133_2.jpg,0125_4.jpg,0,0.5293300151824951,0.8085410594940186
exploration,cross_same_same,134,134,0134_2.jpg,0134_4.jpg,1,0.46435409784317017,0.793255090713501
exploration,cross_same_same,134,161,0134_2.jpg,0161_4.jpg,0,0.4896010756492615,0.8060746192932129
exploration,cross_same_same,134,162,0134_2.jpg,0162_4.jpg,0,0.4731951653957367,0.792233943939209
exploration,cross_same_same,134,198,0134_2.jpg,0198_4.jpg,0,0.5210180878639221,0.8137457966804504
exploration,cross_same_same,134,248,0134_2.jpg,0248_4.jpg,0,0.4512016177177429,0.7561438083648682
exploration,cross_same_same,134,249,0134_2.jpg,0249_4.jpg,0,0.49231141805648804,0.769077479839325
exploration,cross_same_same,134,26,0134_2.jpg,0026_4.jpg,0,0.4804878830909729,0.7986325025558472
exploration,cross_same_same,134,46,0134_2.jpg,0046_4.jpg,0,0.47636762261390686,0.7633565068244934
exploration,cross_same_same,134,62,0134_2.jpg,0062_4.jpg,0,0.4923252761363983,0.7809470891952515
exploration,cross_same_same,134,90,0134_2.jpg,0090_4.jpg,0,0.48536092042922974,0.7544774413108826
exploration,cross_same_same,134,127,0134_2.jpg,0127_4.jpg,0,0.4792577922344208,0.7620781064033508
exploration,cross_same_same,135,135,0135_2.jpg,0135_4.jpg,1,0.5328086018562317,0.8098530769348145
exploration,cross_same_same,135,162,0135_2.jpg,0162_4.jpg,0,0.47766298055648804,0.7829318046569824
exploration,cross_same_same,135,163,0135_2.jpg,0163_4.jpg,0,0.5078996419906616,0.7841501235961914
exploration,cross_same_same,135,199,0135_2.jpg,0199_4.jpg,0,0.4957464933395386,0.7925759553909302
exploration,cross_same_same,135,249,0135_2.jpg,0249_4.jpg,0,0.5233864784240723,0.7758837938308716
exploration,cross_same_same,135,250,0135_2.jpg,0250_4.jpg,0,0.541915774345398,0.8043954968452454
exploration,cross_same_same,135,27,0135_2.jpg,0027_4.jpg,0,0.49360179901123047,0.7643753290176392
exploration,cross_same_same,135,47,0135_2.jpg,0047_4.jpg,0,0.5344665050506592,0.8035186529159546
exploration,cross_same_same,135,65,0135_2.jpg,0065_4.jpg,0,0.48178935050964355,0.771612286567688
exploration,cross_same_same,135,91,0135_2.jpg,0091_4.jpg,0,0.5080538392066956,0.7786102294921875
exploration,cross_same_same,135,130,0135_2.jpg,0130_4.jpg,0,0.5113807916641235,0.7879234552383423
exploration,cross_same_same,138,138,0138_2.jpg,0138_4.jpg,1,0.6576532125473022,0.8593201637268066
exploration,cross_same_same,138,163,0138_2.jpg,0163_4.jpg,0,0.585159420967102,0.8495010137557983
exploration,cross_same_same,138,164,0138_2.jpg,0164_4.jpg,0,0.5978344678878784,0.8318116664886475
exploration,cross_same_same,138,200,0138_2.jpg,0200_4.jpg,0,0.5889747142791748,0.8375799655914307
exploration,cross_same_same,138,250,0138_2.jpg,0250_4.jpg,0,0.6466349363327026,0.8731379508972168
exploration,cross_same_same,138,251,0138_2.jpg,0251_4.jpg,0,0.5927529335021973,0.8521405458450317
exploration,cross_same_same,138,29,0138_2.jpg,0029_4.jpg,0,0.6063044667243958,0.8374254703521729
exploration,cross_same_same,138,49,0138_2.jpg,0049_4.jpg,0,0.5918114185333252,0.8279753923416138
exploration,cross_same_same,138,66,0138_2.jpg,0066_4.jpg,0,0.496561199426651,0.8108663558959961
exploration,cross_same_same,138,92,0138_2.jpg,0092_4.jpg,0,0.6136667728424072,0.8596764206886292
exploration,cross_same_same,138,132,0138_2.jpg,0132_4.jpg,0,0.6749992370605469,0.8886857032775879
exploration,cross_same_same,140,140,0140_2.jpg,0140_4.jpg,1,0.642231822013855,0.8584798574447632
exploration,cross_same_same,140,164,0140_2.jpg,0164_4.jpg,0,0.48696058988571167,0.7551337480545044
exploration,cross_same_same,140,167,0140_2.jpg,0167_4.jpg,0,0.512886643409729,0.7743186950683594
exploration,cross_same_same,140,201,0140_2.jpg,0201_4.jpg,0,0.450337290763855,0.7650808691978455
exploration,cross_same_same,140,251,0140_2.jpg,0251_4.jpg,0,0.48613137006759644,0.7825766801834106
exploration,cross_same_same,140,252,0140_2.jpg,0252_4.jpg,0,0.544327437877655,0.7905871868133545
exploration,cross_same_same,140,30,0140_2.jpg,0030_4.jpg,0,0.5442063808441162,0.796942949295044
exploration,cross_same_same,140,55,0140_2.jpg,0055_4.jpg,0,0.5034339427947998,0.7769160270690918
exploration,cross_same_same,140,67,0140_2.jpg,0067_4.jpg,0,0.4337671399116516,0.76275634765625
exploration,cross_same_same,140,93,0140_2.jpg,0093_4.jpg,0,0.5497986674308777,0.7908275723457336
exploration,cross_same_same,140,133,0140_2.jpg,0133_4.jpg,0,0.5667978525161743,0.8106966018676758
exploration,cross_same_same,142,142,0142_2.jpg,0142_4.jpg,1,0.5246084928512573,0.7689329385757446
exploration,cross_same_same,142,167,0142_2.jpg,0167_4.jpg,0,0.5165519714355469,0.7802324891090393
exploration,cross_same_same,142,168,0142_2.jpg,0168_4.jpg,0,0.5971612930297852,0.8263130784034729
exploration,cross_same_same,142,203,0142_2.jpg,0203_4.jpg,0,0.5484856367111206,0.7649110555648804
exploration,cross_same_same,142,252,0142_2.jpg,0252_4.jpg,0,0.5465520620346069,0.781187891960144
exploration,cross_same_same,142,255,0142_2.jpg,0255_4.jpg,0,0.6109493970870972,0.8084546327590942
exploration,cross_same_same,142,31,0142_2.jpg,0031_4.jpg,0,0.5046124458312988,0.7867109775543213
exploration,cross_same_same,142,56,0142_2.jpg,0056_4.jpg,0,0.5913635492324829,0.8220247030258179
exploration,cross_same_same,142,70,0142_2.jpg,0070_4.jpg,0,0.49491986632347107,0.7456743121147156
exploration,cross_same_same,142,94,0142_2.jpg,0094_4.jpg,0,0.46636563539505005,0.7696478962898254
exploration,cross_same_same,142,134,0142_2.jpg,0134_4.jpg,0,0.4925990104675293,0.7905939817428589
exploration,cross_same_same,146,146,0146_2.jpg,0146_4.jpg,1,0.5004607439041138,0.8120742440223694
exploration,cross_same_same,146,168,0146_2.jpg,0168_4.jpg,0,0.5947808027267456,0.8388538956642151
exploration,cross_same_same,146,169,0146_2.jpg,0169_4.jpg,0,0.5684198141098022,0.8188034296035767
exploration,cross_same_same,146,204,0146_2.jpg,0204_4.jpg,0,0.584449052810669,0.8204379677772522
exploration,cross_same_same,146,255,0146_2.jpg,0255_4.jpg,0,0.6149924993515015,0.8319351673126221
exploration,cross_same_same,146,256,0146_2.jpg,0256_4.jpg,0,0.5454537272453308,0.8081054091453552
exploration,cross_same_same,146,35,0146_2.jpg,0035_4.jpg,0,0.5665973424911499,0.8347924947738647
exploration,cross_same_same,146,57,0146_2.jpg,0057_4.jpg,0,0.5213286876678467,0.7936811447143555
exploration,cross_same_same,146,71,0146_2.jpg,0071_4.jpg,0,0.5627871751785278,0.815560519695282
exploration,cross_same_same,146,96,0146_2.jpg,0096_4.jpg,0,0.5361518859863281,0.810967206954956
exploration,cross_same_same,146,135,0146_2.jpg,0135_4.jpg,0,0.5243905782699585,0.831180214881897
exploration,cross_same_same,147,147,0147_2.jpg,0147_4.jpg,1,0.561664879322052,0.7877726554870605
exploration,cross_same_same,147,169,0147_2.jpg,0169_4.jpg,0,0.5161848068237305,0.7815019488334656
exploration,cross_same_same,147,171,0147_2.jpg,0171_4.jpg,0,0.4612395763397217,0.7610570192337036
exploration,cross_same_same,147,206,0147_2.jpg,0206_4.jpg,0,0.5260339975357056,0.8015401363372803
exploration,cross_same_same,147,256,0147_2.jpg,0256_4.jpg,0,0.5157428979873657,0.7754796743392944
exploration,cross_same_same,147,260,0147_2.jpg,0260_4.jpg,0,0.523388683795929,0.7952816486358643
exploration,cross_same_same,147,38,0147_2.jpg,0038_4.jpg,0,0.5512804985046387,0.795738935470581
exploration,cross_same_same,147,59,0147_2.jpg,0059_4.jpg,0,0.5296939611434937,0.7961740493774414
exploration,cross_same_same,147,74,0147_2.jpg,0074_4.jpg,0,0.43148916959762573,0.7770317792892456
exploration,cross_same_same,147,97,0147_2.jpg,0097_4.jpg,0,0.5032278299331665,0.7789081931114197
exploration,cross_same_same,147,138,0147_2.jpg,0138_4.jpg,0,0.5091960430145264,0.7789266109466553
exploration,cross_same_same,148,148,0148_2.jpg,0148_4.jpg,1,0.6198177337646484,0.8579201698303223
exploration,cross_same_same,148,171,0148_2.jpg,0171_4.jpg,0,0.5568451881408691,0.8373309373855591
exploration,cross_same_same,148,172,0148_2.jpg,0172_4.jpg,0,0.5651555061340332,0.8523355722427368
exploration,cross_same_same,148,207,0148_2.jpg,0207_4.jpg,0,0.5559884309768677,0.836292028427124
exploration,cross_same_same,148,260,0148_2.jpg,0260_4.jpg,0,0.6130118370056152,0.8601926565170288
exploration,cross_same_same,148,261,0148_2.jpg,0261_4.jpg,0,0.5656483173370361,0.8408763408660889
exploration,cross_same_same,148,39,0148_2.jpg,0039_4.jpg,0,0.6036427617073059,0.8681912422180176
exploration,cross_same_same,148,60,0148_2.jpg,0060_4.jpg,0,0.556660532951355,0.8437121510505676
exploration,cross_same_same,148,75,0148_2.jpg,0075_4.jpg,0,0.5579884052276611,0.8624948263168335
exploration,cross_same_same,148,98,0148_2.jpg,0098_4.jpg,0,0.5842748880386353,0.8545920848846436
exploration,cross_same_same,148,140,0148_2.jpg,0140_4.jpg,0,0.5366367101669312,0.8478721380233765
exploration,cross_same_same,152,152,0152_2.jpg,0152_4.jpg,1,0.5252434015274048,0.8222313523292542
exploration,cross_same_same,152,172,0152_2.jpg,0172_4.jpg,0,0.6023970246315002,0.8396605253219604
exploration,cross_same_same,152,178,0152_2.jpg,0178_4.jpg,0,0.560678243637085,0.8518900871276855
exploration,cross_same_same,152,208,0152_2.jpg,0208_4.jpg,0,0.5507162809371948,0.839666485786438
exploration,cross_same_same,152,261,0152_2.jpg,0261_4.jpg,0,0.5508830547332764,0.8260040283203125
exploration,cross_same_same,152,262,0152_2.jpg,0262_4.jpg,0,0.5602544546127319,0.8196279406547546
exploration,cross_same_same,152,40,0152_2.jpg,0040_4.jpg,0,0.5518239736557007,0.8374955058097839
exploration,cross_same_same,152,61,0152_2.jpg,0061_4.jpg,0,0.5743265151977539,0.8418741226196289
exploration,cross_same_same,152,76,0152_2.jpg,0076_4.jpg,0,0.5851653814315796,0.8460984230041504
exploration,cross_same_same,152,100,0152_2.jpg,0100_4.jpg,0,0.6344188451766968,0.8529430627822876
exploration,cross_same_same,152,142,0152_2.jpg,0142_4.jpg,0,0.5664479732513428,0.8189094066619873
exploration,cross_same_same,153,153,0153_2.jpg,0153_4.jpg,1,0.6342172622680664,0.8427832126617432
exploration,cross_same_same,153,178,0153_2.jpg,0178_4.jpg,0,0.6223142743110657,0.855533242225647
exploration,cross_same_same,153,179,0153_2.jpg,0179_4.jpg,0,0.549822211265564,0.8300341367721558
exploration,cross_same_same,153,209,0153_2.jpg,0209_4.jpg,0,0.5559607744216919,0.8240745067596436
exploration,cross_same_same,153,262,0153_2.jpg,0262_4.jpg,0,0.584977388381958,0.824757993221283
exploration,cross_same_same,153,263,0153_2.jpg,0263_4.jpg,0,0.5937747955322266,0.819744348526001
exploration,cross_same_same,153,42,0153_2.jpg,0042_4.jpg,0,0.5842962265014648,0.8283402919769287
exploration,cross_same_same,153,62,0153_2.jpg,0062_4.jpg,0,0.6819871068000793,0.8609170913696289
exploration,cross_same_same,153,77,0153_2.jpg,0077_4.jpg,0,0.5392018556594849,0.8234760761260986
exploration,cross_same_same,153,101,0153_2.jpg,0101_4.jpg,0,0.567400336265564,0.8140016198158264
exploration,cross_same_same,153,146,0153_2.jpg,0146_4.jpg,0,0.5202571749687195,0.8263328075408936
exploration,cross_same_same,154,154,0154_2.jpg,0154_4.jpg,1,0.5998753905296326,0.8601568341255188
exploration,cross_same_same,154,179,0154_2.jpg,0179_4.jpg,0,0.5349758863449097,0.8459086418151855
exploration,cross_same_same,154,180,0154_2.jpg,0180_4.jpg,0,0.583425760269165,0.8372102975845337
exploration,cross_same_same,154,211,0154_2.jpg,0211_4.jpg,0,0.5477858185768127,0.8291142582893372
exploration,cross_same_same,154,263,0154_2.jpg,0263_4.jpg,0,0.5292389988899231,0.8130439519882202
exploration,cross_same_same,154,264,0154_2.jpg,0264_4.jpg,0,0.5358868837356567,0.8256524801254272
exploration,cross_same_same,154,43,0154_2.jpg,0043_4.jpg,0,0.5010037422180176,0.8228005170822144
exploration,cross_same_same,154,65,0154_2.jpg,0065_4.jpg,0,0.47804728150367737,0.7869383096694946
exploration,cross_same_same,154,78,0154_2.jpg,0078_4.jpg,0,0.5223597288131714,0.8313295841217041
exploration,cross_same_same,154,103,0154_2.jpg,0103_4.jpg,0,0.5563902854919434,0.8474884033203125
exploration,cross_same_same,154,147,0154_2.jpg,0147_4.jpg,0,0.5280148983001709,0.8088939189910889
exploration,cross_same_same,155,155,0155_2.jpg,0155_4.jpg,1,0.7161213159561157,0.896109402179718
exploration,cross_same_same,155,180,0155_2.jpg,0180_4.jpg,0,0.711418628692627,0.9090114831924438
exploration,cross_same_same,155,181,0155_2.jpg,0181_4.jpg,0,0.6632199287414551,0.8809921741485596
exploration,cross_same_same,155,212,0155_2.jpg,0212_4.jpg,0,0.6552697420120239,0.8671266436576843
exploration,cross_same_same,155,264,0155_2.jpg,0264_4.jpg,0,0.6782526969909668,0.8981346487998962
exploration,cross_same_same,155,265,0155_2.jpg,0265_4.jpg,0,0.6878795027732849,0.88435959815979
exploration,cross_same_same,155,46,0155_2.jpg,0046_4.jpg,0,0.7157820463180542,0.9010728597640991
exploration,cross_same_same,155,66,0155_2.jpg,0066_4.jpg,0,0.6651546359062195,0.8805252313613892
exploration,cross_same_same,155,79,0155_2.jpg,0079_4.jpg,0,0.6198705434799194,0.8788918852806091
exploration,cross_same_same,155,104,0155_2.jpg,0104_4.jpg,0,0.7167373895645142,0.9084729552268982
exploration,cross_same_same,155,148,0155_2.jpg,0148_4.jpg,0,0.6417232155799866,0.8866934180259705
exploration,cross_same_same,156,156,0156_2.jpg,0156_4.jpg,1,0.6835088133811951,0.8745793104171753
exploration,cross_same_same,156,181,0156_2.jpg,0181_4.jpg,0,0.6229376792907715,0.8356932401657104
exploration,cross_same_same,156,183,0156_2.jpg,0183_4.jpg,0,0.6129831671714783,0.8351590633392334
exploration,cross_same_same,156,213,0156_2.jpg,0213_4.jpg,0,0.6046332120895386,0.8268417119979858
exploration,cross_same_same,156,265,0156_2.jpg,0265_4.jpg,0,0.6385173797607422,0.8345421552658081
exploration,cross_same_same,156,266,0156_2.jpg,0266_4.jpg,0,0.5889661312103271,0.8205081224441528
exploration,cross_same_same,156,47,0156_2.jpg,0047_4.jpg,0,0.5933007001876831,0.8489497900009155
exploration,cross_same_same,156,67,0156_2.jpg,0067_4.jpg,0,0.504151463508606,0.8117949366569519
exploration,cross_same_same,156,81,0156_2.jpg,0081_4.jpg,0,0.5680083632469177,0.8358941078186035
exploration,cross_same_same,156,105,0156_2.jpg,0105_4.jpg,0,0.6537268161773682,0.8567128777503967
exploration,cross_same_same,156,152,0156_2.jpg,0152_4.jpg,0,0.5414941310882568,0.8200274705886841
exploration,cross_same_same,157,157,0157_2.jpg,0157_4.jpg,1,0.5592175722122192,0.8394522666931152
exploration,cross_same_same,157,183,0157_2.jpg,0183_4.jpg,0,0.464541494846344,0.809332013130188
exploration,cross_same_same,157,185,0157_2.jpg,0185_4.jpg,0,0.44780153036117554,0.8138249516487122
exploration,cross_same_same,157,214,0157_2.jpg,0214_4.jpg,0,0.39709559082984924,0.7830320596694946
exploration,cross_same_same,157,266,0157_2.jpg,0266_4.jpg,0,0.5308676958084106,0.8353654146194458
exploration,cross_same_same,157,267,0157_2.jpg,0267_4.jpg,0,0.5403895378112793,0.8454954624176025
exploration,cross_same_same,157,49,0157_2.jpg,0049_4.jpg,0,0.528564453125,0.8339996337890625
exploration,cross_same_same,157,70,0157_2.jpg,0070_4.jpg,0,0.38262754678726196,0.7766485214233398
exploration,cross_same_same,157,83,0157_2.jpg,0083_4.jpg,0,0.46044009923934937,0.8019253015518188
exploration,cross_same_same,157,106,0157_2.jpg,0106_4.jpg,0,0.4455510973930359,0.8071209192276001
exploration,cross_same_same,157,153,0157_2.jpg,0153_4.jpg,0,0.48946940898895264,0.828026533126831
exploration,cross_same_same,158,158,0158_2.jpg,0158_4.jpg,1,0.6285159587860107,0.8230171203613281
exploration,cross_same_same,158,185,0158_2.jpg,0185_4.jpg,0,0.5730094909667969,0.8261346817016602
exploration,cross_same_same,158,188,0158_2.jpg,0188_4.jpg,0,0.612546443939209,0.8469109535217285
exploration,cross_same_same,158,216,0158_2.jpg,0216_4.jpg,0,0.652276873588562,0.8184089660644531
exploration,cross_same_same,158,267,0158_2.jpg,0267_4.jpg,0,0.6419655084609985,0.8198490142822266
exploration,cross_same_same,158,271,0158_2.jpg,0271_4.jpg,0,0.6090432405471802,0.8023837208747864
exploration,cross_same_same,158,55,0158_2.jpg,0055_4.jpg,0,0.5699692964553833,0.8082332611083984
exploration,cross_same_same,158,71,0158_2.jpg,0071_4.jpg,0,0.5881010293960571,0.8050436973571777
exploration,cross_same_same,158,85,0158_2.jpg,0085_4.jpg,0,0.569000244140625,0.8072861433029175
exploration,cross_same_same,158,107,0158_2.jpg,0107_4.jpg,0,0.5709306597709656,0.8094607591629028
exploration,cross_same_same,158,154,0158_2.jpg,0154_4.jpg,0,0.6826944351196289,0.8485777378082275
exploration,cross_same_same,159,159,0159_2.jpg,0159_4.jpg,1,0.6406939029693604,0.8643479347229004
exploration,cross_same_same,159,188,0159_2.jpg,0188_4.jpg,0,0.6166743040084839,0.8618801236152649
exploration,cross_same_same,159,189,0159_2.jpg,0189_4.jpg,0,0.5688207149505615,0.8232404589653015
exploration,cross_same_same,159,219,0159_2.jpg,0219_4.jpg,0,0.5336153507232666,0.8292490243911743
exploration,cross_same_same,159,271,0159_2.jpg,0271_4.jpg,0,0.6141971945762634,0.8231034874916077
exploration,cross_same_same,159,272,0159_2.jpg,0272_4.jpg,0,0.6699097156524658,0.8686734437942505
exploration,cross_same_same,159,56,0159_2.jpg,0056_4.jpg,0,0.6496498584747314,0.8692002892494202
exploration,cross_same_same,159,74,0159_2.jpg,0074_4.jpg,0,0.5533556342124939,0.8294391632080078
exploration,cross_same_same,159,86,0159_2.jpg,0086_4.jpg,0,0.5512663722038269,0.8442561626434326
exploration,cross_same_same,159,109,0159_2.jpg,0109_4.jpg,0,0.6341378688812256,0.8419054746627808
exploration,cross_same_same,159,155,0159_2.jpg,0155_4.jpg,0,0.5766714215278625,0.8146037459373474
exploration,cross_same_same,161,161,0161_2.jpg,0161_4.jpg,1,0.49366307258605957,0.7915105223655701
exploration,cross_same_same,161,189,0161_2.jpg,0189_4.jpg,0,0.43549293279647827,0.7498362064361572
exploration,cross_same_same,161,191,0161_2.jpg,0191_4.jpg,0,0.4936032295227051,0.7593566179275513
exploration,cross_same_same,161,220,0161_2.jpg,0220_4.jpg,0,0.5194106101989746,0.8051379323005676
exploration,cross_same_same,161,272,0161_2.jpg,0272_4.jpg,0,0.5723898410797119,0.8153178691864014
exploration,cross_same_same,161,273,0161_2.jpg,0273_4.jpg,0,0.49059128761291504,0.7692191004753113
exploration,cross_same_same,161,57,0161_2.jpg,0057_4.jpg,0,0.470779687166214,0.7419909238815308
exploration,cross_same_same,161,75,0161_2.jpg,0075_4.jpg,0,0.44224509596824646,0.7716372609138489
exploration,cross_same_same,161,87,0161_2.jpg,0087_4.jpg,0,0.5425852537155151,0.7973542809486389
exploration,cross_same_same,161,110,0161_2.jpg,0110_4.jpg,0,0.5086890459060669,0.7843832969665527
exploration,cross_same_same,161,156,0161_2.jpg,0156_4.jpg,0,0.5215494632720947,0.7977766394615173
exploration,cross_same_same,162,162,0162_2.jpg,0162_4.jpg,1,0.5799525380134583,0.82109534740448
exploration,cross_same_same,162,191,0162_2.jpg,0191_4.jpg,0,0.546036958694458,0.795067310333252
exploration,cross_same_same,162,192,0162_2.jpg,0192_4.jpg,0,0.4885541498661041,0.7862810492515564
exploration,cross_same_same,162,221,0162_2.jpg,0221_4.jpg,0,0.4895710349082947,0.7771643996238708
exploration,cross_same_same,162,273,0162_2.jpg,0273_4.jpg,0,0.49925288558006287,0.7866772413253784
exploration,cross_same_same,162,274,0162_2.jpg,0274_4.jpg,0,0.5353413820266724,0.8250961303710938
exploration,cross_same_same,162,59,0162_2.jpg,0059_4.jpg,0,0.5847322940826416,0.8205588459968567
exploration,cross_same_same,162,76,0162_2.jpg,0076_4.jpg,0,0.4712057113647461,0.7958430051803589
exploration,cross_same_same,162,89,0162_2.jpg,0089_4.jpg,0,0.4523330330848694,0.7803407311439514
exploration,cross_same_same,162,114,0162_2.jpg,0114_4.jpg,0,0.4927828013896942,0.7762842178344727
exploration,cross_same_same,162,157,0162_2.jpg,0157_4.jpg,0,0.47018560767173767,0.7771480083465576
exploration,cross_same_same,163,163,0163_2.jpg,0163_4.jpg,1,0.5982412099838257,0.8282308578491211
exploration,cross_same_same,163,192,0163_2.jpg,0192_4.jpg,0,0.5585747957229614,0.8101726770401001
exploration,cross_same_same,163,196,0163_2.jpg,0196_4.jpg,0,0.572044849395752,0.8078578114509583
exploration,cross_same_same,163,223,0163_2.jpg,0223_4.jpg,0,0.5576965808868408,0.8033087253570557
exploration,cross_same_same,163,274,0163_2.jpg,0274_4.jpg,0,0.5998328924179077,0.8407268524169922
exploration,cross_same_same,163,276,0163_2.jpg,0276_4.jpg,0,0.5961909890174866,0.8474192023277283
exploration,cross_same_same,163,60,0163_2.jpg,0060_4.jpg,0,0.5934147238731384,0.845917284488678
exploration,cross_same_same,163,77,0163_2.jpg,0077_4.jpg,0,0.5833179950714111,0.8275832533836365
exploration,cross_same_same,163,90,0163_2.jpg,0090_4.jpg,0,0.5862363576889038,0.8024823665618896
exploration,cross_same_same,163,116,0163_2.jpg,0116_4.jpg,0,0.5628734827041626,0.8211885094642639
exploration,cross_same_same,163,158,0163_2.jpg,0158_4.jpg,0,0.6011653542518616,0.8145821690559387
exploration,cross_same_same,164,164,0164_2.jpg,0164_4.jpg,1,0.641533613204956,0.8088430166244507
exploration,cross_same_same,164,196,0164_2.jpg,0196_4.jpg,0,0.6230195760726929,0.81047523021698
exploration,cross_same_same,164,197,0164_2.jpg,0197_4.jpg,0,0.6592699289321899,0.8419854640960693
exploration,cross_same_same,164,224,0164_2.jpg,0224_4.jpg,0,0.5978076457977295,0.8182578086853027
exploration,cross_same_same,164,276,0164_2.jpg,0276_4.jpg,0,0.6321185827255249,0.8424432277679443
exploration,cross_same_same,164,279,0164_2.jpg,0279_4.jpg,0,0.6567065715789795,0.8375159502029419
exploration,cross_same_same,164,61,0164_2.jpg,0061_4.jpg,0,0.5920829176902771,0.807806134223938
exploration,cross_same_same,164,78,0164_2.jpg,0078_4.jpg,0,0.6159360408782959,0.8280364274978638
exploration,cross_same_same,164,91,0164_2.jpg,0091_4.jpg,0,0.6901189684867859,0.8447950482368469
exploration,cross_same_same,164,118,0164_2.jpg,0118_4.jpg,0,0.6454553604125977,0.8392192125320435
exploration,cross_same_same,164,159,0164_2.jpg,0159_4.jpg,0,0.632635235786438,0.8341578245162964
exploration,cross_same_same,167,167,0167_2.jpg,0167_4.jpg,1,0.6178379058837891,0.8552327156066895
exploration,cross_same_same,167,197,0167_2.jpg,0197_4.jpg,0,0.6335334181785583,0.8670850992202759
exploration,cross_same_same,167,198,0167_2.jpg,0198_4.jpg,0,0.6212966442108154,0.8513600826263428
exploration,cross_same_same,167,225,0167_2.jpg,0225_4.jpg,0,0.5510917901992798,0.8118700385093689
exploration,cross_same_same,167,279,0167_2.jpg,0279_4.jpg,0,0.641670823097229,0.8633813261985779
exploration,cross_same_same,167,281,0167_2.jpg,0281_4.jpg,0,0.5966635942459106,0.8288468718528748
exploration,cross_same_same,167,62,0167_2.jpg,0062_4.jpg,0,0.6317315101623535,0.848523736000061
exploration,cross_same_same,167,79,0167_2.jpg,0079_4.jpg,0,0.5657011866569519,0.8318660259246826
exploration,cross_same_same,167,92,0167_2.jpg,0092_4.jpg,0,0.6424800753593445,0.8650999665260315
exploration,cross_same_same,167,119,0167_2.jpg,0119_4.jpg,0,0.5565894842147827,0.8124338388442993
exploration,cross_same_same,167,161,0167_2.jpg,0161_4.jpg,0,0.6070300340652466,0.863873302936554
exploration,cross_same_same,168,168,0168_2.jpg,0168_4.jpg,1,0.6292445659637451,0.8481598496437073
exploration,cross_same_same,168,198,0168_2.jpg,0198_4.jpg,0,0.5813840627670288,0.8331273794174194
exploration,cross_same_same,168,199,0168_2.jpg,0199_4.jpg,0,0.5798994898796082,0.8248569369316101
exploration,cross_same_same,168,226,0168_2.jpg,0226_4.jpg,0,0.6314067244529724,0.855473518371582
exploration,cross_same_same,168,281,0168_2.jpg,0281_4.jpg,0,0.5335986018180847,0.8127173185348511
exploration,cross_same_same,168,282,0168_2.jpg,0282_4.jpg,0,0.5057736039161682,0.7849247455596924
exploration,cross_same_same,168,65,0168_2.jpg,0065_4.jpg,0,0.5034651756286621,0.789365291595459
exploration,cross_same_same,168,81,0168_2.jpg,0081_4.jpg,0,0.48257899284362793,0.7939316630363464
exploration,cross_same_same,168,93,0168_2.jpg,0093_4.jpg,0,0.5989407300949097,0.82999187707901
exploration,cross_same_same,168,122,0168_2.jpg,0122_4.jpg,0,0.5686917304992676,0.8165929317474365
exploration,cross_same_same,168,162,0168_2.jpg,0162_4.jpg,0,0.6039355397224426,0.830882728099823
exploration,cross_same_same,169,169,0169_2.jpg,0169_4.jpg,1,0.6416648626327515,0.83150714635849
exploration,cross_same_same,169,199,0169_2.jpg,0199_4.jpg,0,0.6298606991767883,0.834283709526062
exploration,cross_same_same,169,200,0169_2.jpg,0200_4.jpg,0,0.5810803174972534,0.8115271329879761
exploration,cross_same_same,169,227,0169_2.jpg,0227_4.jpg,0,0.5660326480865479,0.8071622848510742
exploration,cross_same_same,169,282,0169_2.jpg,0282_4.jpg,0,0.5693066120147705,0.7988442182540894
exploration,cross_same_same,169,1,0169_2.jpg,0001_4.jpg,0,0.6392687559127808,0.8468908071517944
exploration,cross_same_same,169,66,0169_2.jpg,0066_4.jpg,0,0.5755287408828735,0.8105674386024475
exploration,cross_same_same,169,83,0169_2.jpg,0083_4.jpg,0,0.5941107273101807,0.7943580150604248
exploration,cross_same_same,169,94,0169_2.jpg,0094_4.jpg,0,0.5359150171279907,0.7961355447769165
exploration,cross_same_same,169,123,0169_2.jpg,0123_4.jpg,0,0.49191319942474365,0.7799627780914307
exploration,cross_same_same,169,163,0169_2.jpg,0163_4.jpg,0,0.5857677459716797,0.8269471526145935
exploration,cross_same_same,171,171,0171_2.jpg,0171_4.jpg,1,0.5940743684768677,0.8488233089447021
exploration,cross_same_same,171,200,0171_2.jpg,0200_4.jpg,0,0.5542571544647217,0.824944019317627
exploration,cross_same_same,171,201,0171_2.jpg,0201_4.jpg,0,0.5767239332199097,0.8430287837982178
exploration,cross_same_same,171,228,0171_2.jpg,0228_4.jpg,0,0.5684593915939331,0.8477209210395813
exploration,cross_same_same,171,1,0171_2.jpg,0001_4.jpg,0,0.5845037698745728,0.8657593131065369
exploration,cross_same_same,171,2,0171_2.jpg,0002_4.jpg,0,0.6103095412254333,0.8461989164352417
exploration,cross_same_same,171,67,0171_2.jpg,0067_4.jpg,0,0.5712141990661621,0.8485350012779236
exploration,cross_same_same,171,85,0171_2.jpg,0085_4.jpg,0,0.6275528073310852,0.8659746646881104
exploration,cross_same_same,171,96,0171_2.jpg,0096_4.jpg,0,0.5803481936454773,0.8646807670593262
exploration,cross_same_same,171,124,0171_2.jpg,0124_4.jpg,0,0.6152973175048828,0.8487035632133484
exploration,cross_same_same,171,164,0171_2.jpg,0164_4.jpg,0,0.5776033401489258,0.8358590006828308
exploration,cross_same_same,172,172,0172_2.jpg,0172_4.jpg,1,0.6092407703399658,0.8346638083457947
exploration,cross_same_same,172,201,0172_2.jpg,0201_4.jpg,0,0.5280908346176147,0.7960911393165588
exploration,cross_same_same,172,203,0172_2.jpg,0203_4.jpg,0,0.5019183158874512,0.7683305740356445
exploration,cross_same_same,172,229,0172_2.jpg,0229_4.jpg,0,0.5440053939819336,0.8077293634414673
exploration,cross_same_same,172,2,0172_2.jpg,0002_4.jpg,0,0.5401557683944702,0.7954827547073364
exploration,cross_same_same,172,3,0172_2.jpg,0003_4.jpg,0,0.49564868211746216,0.787540078163147
exploration,cross_same_same,172,70,0172_2.jpg,0070_4.jpg,0,0.5025906562805176,0.7682905197143555
exploration,cross_same_same,172,86,0172_2.jpg,0086_4.jpg,0,0.49474889039993286,0.8297858238220215
exploration,cross_same_same,172,97,0172_2.jpg,0097_4.jpg,0,0.5760754346847534,0.8071463704109192
exploration,cross_same_same,172,125,0172_2.jpg,0125_4.jpg,0,0.49482351541519165,0.7916604280471802
exploration,cross_same_same,172,167,0172_2.jpg,0167_4.jpg,0,0.5129090547561646,0.7726209759712219
exploration,cross_same_same,178,178,0178_2.jpg,0178_4.jpg,1,0.6460903882980347,0.8780694007873535
exploration,cross_same_same,178,203,0178_2.jpg,0203_4.jpg,0,0.5673469305038452,0.8044123649597168
exploration,cross_same_same,178,204,0178_2.jpg,0204_4.jpg,0,0.6176689863204956,0.8430806994438171
exploration,cross_same_same,178,231,0178_2.jpg,0231_4.jpg,0,0.5999850034713745,0.8308742642402649
exploration,cross_same_same,178,3,0178_2.jpg,0003_4.jpg,0,0.5269913673400879,0.8346070051193237
exploration,cross_same_same,178,6,0178_2.jpg,0006_4.jpg,0,0.5414278507232666,0.8216865062713623
exploration,cross_same_same,178,71,0178_2.jpg,0071_4.jpg,0,0.5805507898330688,0.8334546685218811
exploration,cross_same_same,178,87,0178_2.jpg,0087_4.jpg,0,0.523312509059906,0.8305256366729736
exploration,cross_same_same,178,98,0178_2.jpg,0098_4.jpg,0,0.6324153542518616,0.8645315170288086
exploration,cross_same_same,178,127,0178_2.jpg,0127_4.jpg,0,0.5452136993408203,0.8186784982681274
exploration,cross_same_same,178,168,0178_2.jpg,0168_4.jpg,0,0.6148921251296997,0.8625826239585876
exploration,cross_same_same,179,179,0179_2.jpg,0179_4.jpg,1,0.5980027914047241,0.8293626308441162
exploration,cross_same_same,179,204,0179_2.jpg,0204_4.jpg,0,0.6098728775978088,0.8084319829940796
exploration,cross_same_same,179,206,0179_2.jpg,0206_4.jpg,0,0.5386418104171753,0.790895938873291
exploration,cross_same_same,179,232,0179_2.jpg,0232_4.jpg,0,0.5927754640579224,0.8028964996337891
exploration,cross_same_same,179,6,0179_2.jpg,0006_4.jpg,0,0.5770590305328369,0.8149790167808533
exploration,cross_same_same,179,7,0179_2.jpg,0007_4.jpg,0,0.5862472057342529,0.831990122795105
exploration,cross_same_same,179,74,0179_2.jpg,0074_4.jpg,0,0.5506571531295776,0.8210960626602173
exploration,cross_same_same,179,89,0179_2.jpg,0089_4.jpg,0,0.5356393456459045,0.8061540126800537
exploration,cross_same_same,179,100,0179_2.jpg,0100_4.jpg,0,0.6220307946205139,0.8286309242248535
exploration,cross_same_same,179,130,0179_2.jpg,0130_4.jpg,0,0.5441402792930603,0.7995516061782837
exploration,cross_same_same,179,169,0179_2.jpg,0169_4.jpg,0,0.5689694881439209,0.7988898754119873
exploration,cross_same_same,180,180,0180_2.jpg,0180_4.jpg,1,0.6262673735618591,0.8457975387573242
exploration,cross_same_same,180,206,0180_2.jpg,0206_4.jpg,0,0.5310872793197632,0.8013643622398376
exploration,cross_same_same,180,207,0180_2.jpg,0207_4.jpg,0,0.6225858926773071,0.8523277044296265
exploration,cross_same_same,180,234,0180_2.jpg,0234_4.jpg,0,0.5981185436248779,0.8279619216918945
exploration,cross_same_same,180,7,0180_2.jpg,0007_4.jpg,0,0.6266856789588928,0.866396427154541
exploration,cross_same_same,180,8,0180_2.jpg,0008_4.jpg,0,0.5791012644767761,0.8169432878494263
exploration,cross_same_same,180,75,0180_2.jpg,0075_4.jpg,0,0.5058006644248962,0.8073198795318604
exploration,cross_same_same,180,90,0180_2.jpg,0090_4.jpg,0,0.622551441192627,0.8288923501968384
exploration,cross_same_same,180,101,0180_2.jpg,0101_4.jpg,0,0.539671778678894,0.7899155616760254
exploration,cross_same_same,180,132,0180_2.jpg,0132_4.jpg,0,0.6378586292266846,0.8613741397857666
exploration,cross_same_same,180,171,0180_2.jpg,0171_4.jpg,0,0.532042384147644,0.8214091062545776
exploration,cross_same_same,181,181,0181_2.jpg,0181_4.jpg,1,0.5775923132896423,0.8281136751174927
exploration,cross_same_same,181,207,0181_2.jpg,0207_4.jpg,0,0.5370203256607056,0.8096433281898499
exploration,cross_same_same,181,208,0181_2.jpg,0208_4.jpg,0,0.49267035722732544,0.7770160436630249
exploration,cross_same_same,181,235,0181_2.jpg,0235_4.jpg,0,0.5946290493011475,0.8376902341842651
exploration,cross_same_same,181,8,0181_2.jpg,0008_4.jpg,0,0.5529253482818604,0.821613073348999
exploration,cross_same_same,181,11,0181_2.jpg,0011_4.jpg,0,0.5423378348350525,0.8325746059417725
exploration,cross_same_same,181,76,0181_2.jpg,0076_4.jpg,0,0.5431225299835205,0.809631884098053
exploration,cross_same_same,181,91,0181_2.jpg,0091_4.jpg,0,0.5973325967788696,0.8508261442184448
exploration,cross_same_same,181,103,0181_2.jpg,0103_4.jpg,0,0.6012839078903198,0.8605394959449768
exploration,cross_same_same,181,133,0181_2.jpg,0133_4.jpg,0,0.5955573320388794,0.855607271194458
exploration,cross_same_same,181,172,0181_2.jpg,0172_4.jpg,0,0.605979859828949,0.8647580146789551
exploration,cross_same_same,183,183,0183_2.jpg,0183_4.jpg,1,0.6248649954795837,0.846548318862915
exploration,cross_same_same,183,208,0183_2.jpg,0208_4.jpg,0,0.5202761888504028,0.7791005373001099
exploration,cross_same_same,183,209,0183_2.jpg,0209_4.jpg,0,0.5587661266326904,0.8056702613830566
exploration,cross_same_same,183,237,0183_2.jpg,0237_4.jpg,0,0.5474276542663574,0.8020810484886169
exploration,cross_same_same,183,11,0183_2.jpg,0011_4.jpg,0,0.5703803896903992,0.8276659250259399
exploration,cross_same_same,183,12,0183_2.jpg,0012_4.jpg,0,0.5594679117202759,0.8009677529335022
exploration,cross_same_same,183,77,0183_2.jpg,0077_4.jpg,0,0.5706888437271118,0.8404801487922668
exploration,cross_same_same,183,92,0183_2.jpg,0092_4.jpg,0,0.595203161239624,0.8340053558349609
exploration,cross_same_same,183,104,0183_2.jpg,0104_4.jpg,0,0.5960205793380737,0.8470407724380493
exploration,cross_same_same,183,134,0183_2.jpg,0134_4.jpg,0,0.5605572462081909,0.8382887840270996
exploration,cross_same_same,183,178,0183_2.jpg,0178_4.jpg,0,0.6394062638282776,0.8520323634147644
exploration,cross_same_same,185,185,0185_2.jpg,0185_4.jpg,1,0.6040385365486145,0.8488796949386597
exploration,cross_same_same,185,209,0185_2.jpg,0209_4.jpg,0,0.5142785906791687,0.795891523361206
exploration,cross_same_same,185,211,0185_2.jpg,0211_4.jpg,0,0.5740528106689453,0.841057538986206
exploration,cross_same_same,185,239,0185_2.jpg,0239_4.jpg,0,0.49051886796951294,0.8164656162261963
exploration,cross_same_same,185,12,0185_2.jpg,0012_4.jpg,0,0.5365692377090454,0.796165406703949
exploration,cross_same_same,185,15,0185_2.jpg,0015_4.jpg,0,0.5519834756851196,0.8347691297531128
exploration,cross_same_same,185,78,0185_2.jpg,0078_4.jpg,0,0.5589298009872437,0.8397858142852783
exploration,cross_same_same,185,93,0185_2.jpg,0093_4.jpg,0,0.6246417164802551,0.8516764640808105
exploration,cross_same_same,185,105,0185_2.jpg,0105_4.jpg,0,0.5027478933334351,0.8201434016227722
exploration,cross_same_same,185,135,0185_2.jpg,0135_4.jpg,0,0.49504926800727844,0.8202975392341614
exploration,cross_same_same,185,179,0185_2.jpg,0179_4.jpg,0,0.5393418669700623,0.8360642194747925
exploration,cross_same_same,188,188,0188_2.jpg,0188_4.jpg,1,0.6053272485733032,0.8452819585800171
exploration,cross_same_same,188,211,0188_2.jpg,0211_4.jpg,0,0.5430704355239868,0.800209641456604
exploration,cross_same_same,188,212,0188_2.jpg,0212_4.jpg,0,0.5464895963668823,0.7699926495552063
exploration,cross_same_same,188,240,0188_2.jpg,0240_4.jpg,0,0.5526414513587952,0.8069560527801514
exploration,cross_same_same,188,15,0188_2.jpg,0015_4.jpg,0,0.5425993800163269,0.796211302280426
exploration,cross_same_same,188,18,0188_2.jpg,0018_4.jpg,0,0.5152084231376648,0.7939268350601196
exploration,cross_same_same,188,79,0188_2.jpg,0079_4.jpg,0,0.484933465719223,0.7913818359375
exploration,cross_same_same,188,94,0188_2.jpg,0094_4.jpg,0,0.4921455979347229,0.7915084362030029
exploration,cross_same_same,188,106,0188_2.jpg,0106_4.jpg,0,0.5049463510513306,0.7808951139450073
exploration,cross_same_same,188,138,0188_2.jpg,0138_4.jpg,0,0.5360366106033325,0.8064966201782227
exploration,cross_same_same,188,180,0188_2.jpg,0180_4.jpg,0,0.5782170295715332,0.8160120248794556
exploration,cross_same_same,189,189,0189_2.jpg,0189_4.jpg,1,0.6030099987983704,0.8392472863197327
exploration,cross_same_same,189,212,0189_2.jpg,0212_4.jpg,0,0.6040823459625244,0.8279156684875488
exploration,cross_same_same,189,213,0189_2.jpg,0213_4.jpg,0,0.6232532262802124,0.8500480651855469
exploration,cross_same_same,189,241,0189_2.jpg,0241_4.jpg,0,0.6544842720031738,0.8694610595703125
exploration,cross_same_same,189,18,0189_2.jpg,0018_4.jpg,0,0.5141001343727112,0.7959538698196411
exploration,cross_same_same,189,19,0189_2.jpg,0019_4.jpg,0,0.5674526691436768,0.8294390439987183
exploration,cross_same_same,189,81,0189_2.jpg,0081_4.jpg,0,0.5607531070709229,0.8224113583564758
exploration,cross_same_same,189,96,0189_2.jpg,0096_4.jpg,0,0.6088054776191711,0.8483770489692688
exploration,cross_same_same,189,107,0189_2.jpg,0107_4.jpg,0,0.568039059638977,0.8365968465805054
exploration,cross_same_same,189,140,0189_2.jpg,0140_4.jpg,0,0.6446195244789124,0.8648303151130676
exploration,cross_same_same,189,181,0189_2.jpg,0181_4.jpg,0,0.6196231842041016,0.8395274877548218
exploration,cross_same_same,191,191,0191_2.jpg,0191_4.jpg,1,0.7358485460281372,0.8902050256729126
exploration,cross_same_same,191,213,0191_2.jpg,0213_4.jpg,0,0.6661233901977539,0.8636268973350525
exploration,cross_same_same,191,214,0191_2.jpg,0214_4.jpg,0,0.656413197517395,0.858790397644043
exploration,cross_same_same,191,242,0191_2.jpg,0242_4.jpg,0,0.7495911717414856,0.8954193592071533
exploration,cross_same_same,191,19,0191_2.jpg,0019_4.jpg,0,0.6215533018112183,0.860192060470581
exploration,cross_same_same,191,20,0191_2.jpg,0020_4.jpg,0,0.6342357397079468,0.8610005974769592
exploration,cross_same_same,191,83,0191_2.jpg,0083_4.jpg,0,0.653273344039917,0.8463208079338074
exploration,cross_same_same,191,97,0191_2.jpg,0097_4.jpg,0,0.5397839546203613,0.8430271148681641
exploration,cross_same_same,191,109,0191_2.jpg,0109_4.jpg,0,0.6699983477592468,0.872444212436676
exploration,cross_same_same,191,142,0191_2.jpg,0142_4.jpg,0,0.609903872013092,0.8426065444946289
exploration,cross_same_same,191,183,0191_2.jpg,0183_4.jpg,0,0.6820116639137268,0.8767451047897339
exploration,cross_same_same,192,192,0192_2.jpg,0192_4.jpg,1,0.5672732591629028,0.8270105123519897
exploration,cross_same_same,192,214,0192_2.jpg,0214_4.jpg,0,0.46231648325920105,0.7897984981536865
exploration,cross_same_same,192,216,0192_2.jpg,0216_4.jpg,0,0.528103232383728,0.807093620300293
exploration,cross_same_same,192,243,0192_2.jpg,0243_4.jpg,0,0.49005982279777527,0.7915149927139282
exploration,cross_same_same,192,20,0192_2.jpg,0020_4.jpg,0,0.5326418876647949,0.8245578408241272
exploration,cross_same_same,192,21,0192_2.jpg,0021_4.jpg,0,0.5359796285629272,0.8194790482521057
exploration,cross_same_same,192,85,0192_2.jpg,0085_4.jpg,0,0.49865132570266724,0.8096789717674255
exploration,cross_same_same,192,98,0192_2.jpg,0098_4.jpg,0,0.5722818374633789,0.8437458276748657
exploration,cross_same_same,192,110,0192_2.jpg,0110_4.jpg,0,0.5125645995140076,0.8169763684272766
exploration,cross_same_same,192,146,0192_2.jpg,0146_4.jpg,0,0.49900156259536743,0.8163307905197144
exploration,cross_same_same,192,185,0192_2.jpg,0185_4.jpg,0,0.5395810604095459,0.8436038494110107
exploration,cross_same_same,196,196,0196_2.jpg,0196_4.jpg,1,0.5334017276763916,0.7759770154953003
exploration,cross_same_same,196,216,0196_2.jpg,0216_4.jpg,0,0.5184592008590698,0.7639832496643066
exploration,cross_same_same,196,219,0196_2.jpg,0219_4.jpg,0,0.4627606272697449,0.7630674242973328
exploration,cross_same_same,196,244,0196_2.jpg,0244_4.jpg,0,0.44423016905784607,0.7504696249961853
exploration,cross_same_same,196,21,0196_2.jpg,0021_4.jpg,0,0.5280892848968506,0.7739061713218689
exploration,cross_same_same,196,22,0196_2.jpg,0022_4.jpg,0,0.5119784474372864,0.7676429748535156
exploration,cross_same_same,196,86,0196_2.jpg,0086_4.jpg,0,0.4840579032897949,0.8109434843063354
exploration,cross_same_same,196,100,0196_2.jpg,0100_4.jpg,0,0.5778939723968506,0.8114745616912842
exploration,cross_same_same,196,114,0196_2.jpg,0114_4.jpg,0,0.5214363932609558,0.7826031446456909
exploration,cross_same_same,196,147,0196_2.jpg,0147_4.jpg,0,0.520901083946228,0.7711505889892578
exploration,cross_same_same,196,188,0196_2.jpg,0188_4.jpg,0,0.5249927043914795,0.8115712404251099
exploration,cross_same_same,197,197,0197_2.jpg,0197_4.jpg,1,0.7096315026283264,0.8739809393882751
exploration,cross_same_same,197,219,0197_2.jpg,0219_4.jpg,0,0.631567656993866,0.8601245284080505
exploration,cross_same_same,197,220,0197_2.jpg,0220_4.jpg,0,0.6532682180404663,0.8575835227966309
exploration,cross_same_same,197,245,0197_2.jpg,0245_4.jpg,0,0.5454040765762329,0.8303347826004028
exploration,cross_same_same,197,22,0197_2.jpg,0022_4.jpg,0,0.6139110326766968,0.8379689455032349
exploration,cross_same_same,197,25,0197_2.jpg,0025_4.jpg,0,0.6148805022239685,0.829243004322052
exploration,cross_same_same,197,87,0197_2.jpg,0087_4.jpg,0,0.6672491431236267,0.8276263475418091
exploration,cross_same_same,197,101,0197_2.jpg,0101_4.jpg,0,0.6144485473632812,0.8290652632713318
exploration,cross_same_same,197,116,0197_2.jpg,0116_4.jpg,0,0.6946701407432556,0.8488481044769287
exploration,cross_same_same,197,148,0197_2.jpg,0148_4.jpg,0,0.596828281879425,0.8339524865150452
exploration,cross_same_same,197,189,0197_2.jpg,0189_4.jpg,0,0.5290442705154419,0.8134037256240845
exploration,cross_same_same,198,198,0198_2.jpg,0198_4.jpg,1,0.5814028382301331,0.7990937232971191
exploration,cross_same_same,198,220,0198_2.jpg,0220_4.jpg,0,0.47592124342918396,0.7962809801101685
exploration,cross_same_same,198,221,0198_2.jpg,0221_4.jpg,0,0.45917028188705444,0.7572997212409973
exploration,cross_same_same,198,246,0198_2.jpg,0246_4.jpg,0,0.4813058376312256,0.7563029527664185
exploration,cross_same_same,198,25,0198_2.jpg,0025_4.jpg,0,0.4441169798374176,0.7578375339508057
exploration,cross_same_same,198,26,0198_2.jpg,0026_4.jpg,0,0.5170979499816895,0.7753596305847168
exploration,cross_same_same,198,89,0198_2.jpg,0089_4.jpg,0,0.5404931306838989,0.778383731842041
exploration,cross_same_same,198,103,0198_2.jpg,0103_4.jpg,0,0.49412399530410767,0.7853342294692993
exploration,cross_same_same,198,118,0198_2.jpg,0118_4.jpg,0,0.5418770909309387,0.7721949815750122
exploration,cross_same_same,198,152,0198_2.jpg,0152_4.jpg,0,0.4440115988254547,0.7420216202735901
exploration,cross_same_same,198,191,0198_2.jpg,0191_4.jpg,0,0.4609254002571106,0.7559525370597839
exploration,cross_same_same,199,199,0199_2.jpg,0199_4.jpg,1,0.6061007976531982,0.839203953742981
exploration,cross_same_same,199,221,0199_2.jpg,0221_4.jpg,0,0.566925048828125,0.8093162775039673
exploration,cross_same_same,199,223,0199_2.jpg,0223_4.jpg,0,0.520421028137207,0.795596718788147
exploration,cross_same_same,199,247,0199_2.jpg,0247_4.jpg,0,0.5236400961875916,0.7946454286575317
exploration,cross_same_same,199,26,0199_2.jpg,0026_4.jpg,0,0.6095683574676514,0.8398721218109131
exploration,cross_same_same,199,27,0199_2.jpg,0027_4.jpg,0,0.5976945757865906,0.8112773895263672
exploration,cross_same_same,199,90,0199_2.jpg,0090_4.jpg,0,0.5784987211227417,0.7944753170013428
exploration,cross_same_same,199,104,0199_2.jpg,0104_4.jpg,0,0.5712497234344482,0.830394446849823
exploration,cross_same_same,199,119,0199_2.jpg,0119_4.jpg,0,0.5208614468574524,0.7996160387992859
exploration,cross_same_same,199,153,0199_2.jpg,0153_4.jpg,0,0.579718828201294,0.82157301902771
exploration,cross_same_same,199,192,0199_2.jpg,0192_4.jpg,0,0.5468512773513794,0.8031411170959473
exploration,cross_same_same,200,200,0200_2.jpg,0200_4.jpg,1,0.5982373952865601,0.8333019018173218
exploration,cross_same_same,200,223,0200_2.jpg,0223_4.jpg,0,0.5550192594528198,0.8024073839187622
exploration,cross_same_same,200,224,0200_2.jpg,0224_4.jpg,0,0.6240457892417908,0.8303167223930359
exploration,cross_same_same,200,248,0200_2.jpg,0248_4.jpg,0,0.5724019408226013,0.8188648223876953
exploration,cross_same_same,200,27,0200_2.jpg,0027_4.jpg,0,0.6177329421043396,0.8327128887176514
exploration,cross_same_same,200,29,0200_2.jpg,0029_4.jpg,0,0.5873302817344666,0.8016608953475952
exploration,cross_same_same,200,91,0200_2.jpg,0091_4.jpg,0,0.6278845071792603,0.8272104263305664
exploration,cross_same_same,200,105,0200_2.jpg,0105_4.jpg,0,0.5274674892425537,0.79674232006073
exploration,cross_same_same,200,122,0200_2.jpg,0122_4.jpg,0,0.6039153337478638,0.8207756280899048
exploration,cross_same_same,200,154,0200_2.jpg,0154_4.jpg,0,0.6477810740470886,0.8430668115615845
exploration,cross_same_same,200,196,0200_2.jpg,0196_4.jpg,0,0.5990386605262756,0.8192279934883118
exploration,cross_same_same,201,201,0201_2.jpg,0201_4.jpg,1,0.524861216545105,0.8100674152374268
exploration,cross_same_same,201,224,0201_2.jpg,0224_4.jpg,0,0.5108349919319153,0.8138050436973572
exploration,cross_same_same,201,225,0201_2.jpg,0225_4.jpg,0,0.47490575909614563,0.780744194984436
exploration,cross_same_same,201,249,0201_2.jpg,0249_4.jpg,0,0.5556497573852539,0.8003764152526855
exploration,cross_same_same,201,29,0201_2.jpg,0029_4.jpg,0,0.5339033603668213,0.7983733415603638
exploration,cross_same_same,201,30,0201_2.jpg,0030_4.jpg,0,0.5713793039321899,0.8188148736953735
exploration,cross_same_same,201,92,0201_2.jpg,0092_4.jpg,0,0.5626754760742188,0.8225480318069458
exploration,cross_same_same,201,106,0201_2.jpg,0106_4.jpg,0,0.49694138765335083,0.8069009780883789
exploration,cross_same_same,201,123,0201_2.jpg,0123_4.jpg,0,0.44202205538749695,0.7722281813621521
exploration,cross_same_same,201,155,0201_2.jpg,0155_4.jpg,0,0.5251549482345581,0.7868579030036926
exploration,cross_same_same,201,197,0201_2.jpg,0197_4.jpg,0,0.5493317246437073,0.8230159878730774
exploration,cross_same_same,203,203,0203_2.jpg,0203_4.jpg,1,0.6509119272232056,0.8512622117996216
exploration,cross_same_same,203,225,0203_2.jpg,0225_4.jpg,0,0.4934700131416321,0.7914971113204956
exploration,cross_same_same,203,226,0203_2.jpg,0226_4.jpg,0,0.6586997509002686,0.8581138849258423
exploration,cross_same_same,203,250,0203_2.jpg,0250_4.jpg,0,0.5987313985824585,0.8206547498703003
exploration,cross_same_same,203,30,0203_2.jpg,0030_4.jpg,0,0.5882784128189087,0.8357574939727783
exploration,cross_same_same,203,31,0203_2.jpg,0031_4.jpg,0,0.5001599788665771,0.8022162914276123
exploration,cross_same_same,203,93,0203_2.jpg,0093_4.jpg,0,0.5754187107086182,0.8270303010940552
exploration,cross_same_same,203,107,0203_2.jpg,0107_4.jpg,0,0.5167678594589233,0.8139062523841858
exploration,cross_same_same,203,124,0203_2.jpg,0124_4.jpg,0,0.5707226991653442,0.8169695138931274
exploration,cross_same_same,203,156,0203_2.jpg,0156_4.jpg,0,0.6152936220169067,0.8216787576675415
exploration,cross_same_same,203,198,0203_2.jpg,0198_4.jpg,0,0.5210655331611633,0.7973946332931519
exploration,cross_same_same,204,204,0204_2.jpg,0204_4.jpg,1,0.5995867848396301,0.8369208574295044
exploration,cross_same_same,204,226,0204_2.jpg,0226_4.jpg,0,0.5741543769836426,0.84719318151474
exploration,cross_same_same,204,227,0204_2.jpg,0227_4.jpg,0,0.4751703143119812,0.7967742085456848
exploration,cross_same_same,204,251,0204_2.jpg,0251_4.jpg,0,0.5181555151939392,0.8310353755950928
exploration,cross_same_same,204,31,0204_2.jpg,0031_4.jpg,0,0.4756319522857666,0.8090632557868958
exploration,cross_same_same,204,35,0204_2.jpg,0035_4.jpg,0,0.5441848635673523,0.8433115482330322
exploration,cross_same_same,204,94,0204_2.jpg,0094_4.jpg,0,0.5233212113380432,0.8220252394676208
exploration,cross_same_same,204,109,0204_2.jpg,0109_4.jpg,0,0.5578102469444275,0.821191668510437
exploration,cross_same_same,204,125,0204_2.jpg,0125_4.jpg,0,0.5014962553977966,0.8063636422157288
exploration,cross_same_same,204,157,0204_2.jpg,0157_4.jpg,0,0.4972805678844452,0.8076443672180176
exploration,cross_same_same,204,199,0204_2.jpg,0199_4.jpg,0,0.5280219316482544,0.8219552040100098
exploration,cross_same_same,206,206,0206_2.jpg,0206_4.jpg,1,0.5537453889846802,0.8024888038635254
exploration,cross_same_same,206,227,0206_2.jpg,0227_4.jpg,0,0.474997341632843,0.7565455436706543
exploration,cross_same_same,206,228,0206_2.jpg,0228_4.jpg,0,0.5145068168640137,0.7873681783676147
exploration,cross_same_same,206,252,0206_2.jpg,0252_4.jpg,0,0.5536167621612549,0.779882550239563
exploration,cross_same_same,206,35,0206_2.jpg,0035_4.jpg,0,0.5272646546363831,0.7953909635543823
exploration,cross_same_same,206,38,0206_2.jpg,0038_4.jpg,0,0.5628858804702759,0.7838587760925293
exploration,cross_same_same,206,96,0206_2.jpg,0096_4.jpg,0,0.4878905713558197,0.7715121507644653
exploration,cross_same_same,206,110,0206_2.jpg,0110_4.jpg,0,0.526764988899231,0.7892773151397705
exploration,cross_same_same,206,127,0206_2.jpg,0127_4.jpg,0,0.4849046766757965,0.7594029903411865
exploration,cross_same_same,206,158,0206_2.jpg,0158_4.jpg,0,0.5156657695770264,0.7722939252853394
exploration,cross_same_same,206,200,0206_2.jpg,0200_4.jpg,0,0.47006118297576904,0.7449532747268677
exploration,cross_same_same,207,207,0207_2.jpg,0207_4.jpg,1,0.6055619716644287,0.8524041771888733
exploration,cross_same_same,207,228,0207_2.jpg,0228_4.jpg,0,0.5356069803237915,0.8612267971038818
exploration,cross_same_same,207,229,0207_2.jpg,0229_4.jpg,0,0.6013318300247192,0.8720118999481201
exploration,cross_same_same,207,255,0207_2.jpg,0255_4.jpg,0,0.5964099764823914,0.8562724590301514
exploration,cross_same_same,207,38,0207_2.jpg,0038_4.jpg,0,0.5990902781486511,0.8638026714324951
exploration,cross_same_same,207,39,0207_2.jpg,0039_4.jpg,0,0.6234829425811768,0.8800902962684631
exploration,cross_same_same,207,97,0207_2.jpg,0097_4.jpg,0,0.6271272897720337,0.8643208742141724
exploration,cross_same_same,207,114,0207_2.jpg,0114_4.jpg,0,0.6207292079925537,0.8600977063179016
exploration,cross_same_same,207,130,0207_2.jpg,0130_4.jpg,0,0.47983717918395996,0.8221460580825806
exploration,cross_same_same,207,159,0207_2.jpg,0159_4.jpg,0,0.5451951026916504,0.8515802025794983
exploration,cross_same_same,207,201,0207_2.jpg,0201_4.jpg,0,0.5367089509963989,0.8377206921577454
exploration,cross_same_same,208,208,0208_2.jpg,0208_4.jpg,1,0.6043576002120972,0.816620945930481
exploration,cross_same_same,208,229,0208_2.jpg,0229_4.jpg,0,0.5237172842025757,0.7739517688751221
exploration,cross_same_same,208,231,0208_2.jpg,0231_4.jpg,0,0.5318701863288879,0.7753421068191528
exploration,cross_same_same,208,256,0208_2.jpg,0256_4.jpg,0,0.5389639139175415,0.7777143120765686
exploration,cross_same_same,208,39,0208_2.jpg,0039_4.jpg,0,0.5623687505722046,0.8089290261268616
exploration,cross_same_same,208,40,0208_2.jpg,0040_4.jpg,0,0.5166855454444885,0.790320873260498
exploration,cross_same_same,208,98,0208_2.jpg,0098_4.jpg,0,0.5577606558799744,0.7984115481376648
exploration,cross_same_same,208,116,0208_2.jpg,0116_4.jpg,0,0.5533746480941772,0.7929757237434387
exploration,cross_same_same,208,132,0208_2.jpg,0132_4.jpg,0,0.58629310131073,0.8229807615280151
exploration,cross_same_same,208,161,0208_2.jpg,0161_4.jpg,0,0.524282693862915,0.7884700298309326
exploration,cross_same_same,208,203,0208_2.jpg,0203_4.jpg,0,0.5841351747512817,0.8068521618843079
exploration,cross_same_same,209,209,0209_2.jpg,0209_4.jpg,1,0.5450395941734314,0.7961053848266602
exploration,cross_same_same,209,231,0209_2.jpg,0231_4.jpg,0,0.5337786674499512,0.778292715549469
exploration,cross_same_same,209,232,0209_2.jpg,0232_4.jpg,0,0.5335594415664673,0.7659075260162354
exploration,cross_same_same,209,260,0209_2.jpg,0260_4.jpg,0,0.5720310807228088,0.8079155683517456
exploration,cross_same_same,209,40,0209_2.jpg,0040_4.jpg,0,0.49804267287254333,0.7736585140228271
exploration,cross_same_same,209,42,0209_2.jpg,0042_4.jpg,0,0.5284950733184814,0.7660109996795654
exploration,cross_same_same,209,100,0209_2.jpg,0100_4.jpg,0,0.5973867177963257,0.8101254105567932
exploration,cross_same_same,209,118,0209_2.jpg,0118_4.jpg,0,0.5488953590393066,0.7838209867477417
exploration,cross_same_same,209,133,0209_2.jpg,0133_4.jpg,0,0.5246850252151489,0.7679452896118164
exploration,cross_same_same,209,162,0209_2.jpg,0162_4.jpg,0,0.5189924836158752,0.7762190103530884
exploration,cross_same_same,209,204,0209_2.jpg,0204_4.jpg,0,0.5451257824897766,0.7624090909957886
exploration,cross_same_same,211,211,0211_2.jpg,0211_4.jpg,1,0.5459144711494446,0.7938110828399658
exploration,cross_same_same,211,232,0211_2.jpg,0232_4.jpg,0,0.5433312654495239,0.796251118183136
exploration,cross_same_same,211,234,0211_2.jpg,0234_4.jpg,0,0.5552829504013062,0.8139040470123291
exploration,cross_same_same,211,261,0211_2.jpg,0261_4.jpg,0,0.5009605884552002,0.7739011645317078
exploration,cross_same_same,211,42,0211_2.jpg,0042_4.jpg,0,0.48600202798843384,0.7810847163200378
exploration,cross_same_same,211,43,0211_2.jpg,0043_4.jpg,0,0.5200760364532471,0.7978293299674988
exploration,cross_same_same,211,101,0211_2.jpg,0101_4.jpg,0,0.5382418632507324,0.8012436628341675
exploration,cross_same_same,211,119,0211_2.jpg,0119_4.jpg,0,0.5140129327774048,0.7852921485900879
exploration,cross_same_same,211,134,0211_2.jpg,0134_4.jpg,0,0.508347749710083,0.8022661209106445
exploration,cross_same_same,211,163,0211_2.jpg,0163_4.jpg,0,0.5186781287193298,0.7867007851600647
exploration,cross_same_same,211,206,0211_2.jpg,0206_4.jpg,0,0.539053201675415,0.8133458495140076
exploration,cross_same_same,212,212,0212_2.jpg,0212_4.jpg,1,0.5818667411804199,0.82075035572052
exploration,cross_same_same,212,234,0212_2.jpg,0234_4.jpg,0,0.5784909725189209,0.8250728249549866
exploration,cross_same_same,212,235,0212_2.jpg,0235_4.jpg,0,0.5916811227798462,0.8309513330459595
exploration,cross_same_same,212,262,0212_2.jpg,0262_4.jpg,0,0.5683755874633789,0.817156195640564
exploration,cross_same_same,212,43,0212_2.jpg,0043_4.jpg,0,0.5192287564277649,0.8051458597183228
exploration,cross_same_same,212,46,0212_2.jpg,0046_4.jpg,0,0.6318172216415405,0.8362885117530823
exploration,cross_same_same,212,103,0212_2.jpg,0103_4.jpg,0,0.5621336102485657,0.8232488632202148
exploration,cross_same_same,212,122,0212_2.jpg,0122_4.jpg,0,0.6159319877624512,0.8368052244186401
exploration,cross_same_same,212,135,0212_2.jpg,0135_4.jpg,0,0.5172346830368042,0.821129322052002
exploration,cross_same_same,212,164,0212_2.jpg,0164_4.jpg,0,0.5732378959655762,0.8195487260818481
exploration,cross_same_same,212,207,0212_2.jpg,0207_4.jpg,0,0.5863456726074219,0.8241174221038818
exploration,cross_same_same,213,213,0213_2.jpg,0213_4.jpg,1,0.6778319478034973,0.8618605732917786
exploration,cross_same_same,213,235,0213_2.jpg,0235_4.jpg,0,0.5661376714706421,0.81725013256073
exploration,cross_same_same,213,237,0213_2.jpg,0237_4.jpg,0,0.5765382647514343,0.8028767108917236
exploration,cross_same_same,213,263,0213_2.jpg,0263_4.jpg,0,0.6083959937095642,0.8201276063919067
exploration,cross_same_same,213,46,0213_2.jpg,0046_4.jpg,0,0.60334312915802,0.8129700422286987
exploration,cross_same_same,213,47,0213_2.jpg,0047_4.jpg,0,0.6029568314552307,0.8289045095443726
exploration,cross_same_same,213,104,0213_2.jpg,0104_4.jpg,0,0.6291743516921997,0.8528604507446289
exploration,cross_same_same,213,123,0213_2.jpg,0123_4.jpg,0,0.5082794427871704,0.7869381308555603
exploration,cross_same_same,213,138,0213_2.jpg,0138_4.jpg,0,0.5650026202201843,0.8172681331634521
exploration,cross_same_same,213,167,0213_2.jpg,0167_4.jpg,0,0.6171543002128601,0.8269983530044556
exploration,cross_same_same,213,208,0213_2.jpg,0208_4.jpg,0,0.5257149934768677,0.7836997509002686
exploration,cross_same_same,214,214,0214_2.jpg,0214_4.jpg,1,0.6258295178413391,0.8279128074645996
exploration,cross_same_same,214,237,0214_2.jpg,0237_4.jpg,0,0.5700680017471313,0.8045675158500671
exploration,cross_same_same,214,239,0214_2.jpg,0239_4.jpg,0,0.5226866006851196,0.8094415664672852
exploration,cross_same_same,214,264,0214_2.jpg,0264_4.jpg,0,0.6202231645584106,0.8323354125022888
exploration,cross_same_same,214,47,0214_2.jpg,0047_4.jpg,0,0.6163285970687866,0.833570659160614
exploration,cross_same_same,214,49,0214_2.jpg,0049_4.jpg,0,0.5707544088363647,0.8091622591018677
exploration,cross_same_same,214,105,0214_2.jpg,0105_4.jpg,0,0.5846563577651978,0.8308113813400269
exploration,cross_same_same,214,124,0214_2.jpg,0124_4.jpg,0,0.569908857345581,0.8056727051734924
exploration,cross_same_same,214,140,0214_2.jpg,0140_4.jpg,0,0.5914938449859619,0.840053915977478
exploration,cross_same_same,214,168,0214_2.jpg,0168_4.jpg,0,0.6197418570518494,0.8459372520446777
exploration,cross_same_same,214,209,0214_2.jpg,0209_4.jpg,0,0.5587278008460999,0.7941936254501343
exploration,cross_same_same,216,216,0216_2.jpg,0216_4.jpg,1,0.6619991064071655,0.8464658856391907
exploration,cross_same_same,216,239,0216_2.jpg,0239_4.jpg,0,0.6083837747573853,0.840562105178833
exploration,cross_same_same,216,240,0216_2.jpg,0240_4.jpg,0,0.6101749539375305,0.8346404433250427
exploration,cross_same_same,216,265,0216_2.jpg,0265_4.jpg,0,0.6412360072135925,0.8491009473800659
exploration,cross_same_same,216,49,0216_2.jpg,0049_4.jpg,0,0.5492374897003174,0.8098106384277344
exploration,cross_same_same,216,55,0216_2.jpg,0055_4.jpg,0,0.5919083952903748,0.8281669616699219
exploration,cross_same_same,216,106,0216_2.jpg,0106_4.jpg,0,0.5501914024353027,0.8230181932449341
exploration,cross_same_same,216,125,0216_2.jpg,0125_4.jpg,0,0.5748895406723022,0.8403817415237427
exploration,cross_same_same,216,142,0216_2.jpg,0142_4.jpg,0,0.5972570180892944,0.8242732286453247
exploration,cross_same_same,216,169,0216_2.jpg,0169_4.jpg,0,0.6505976915359497,0.848419725894928
exploration,cross_same_same,216,211,0216_2.jpg,0211_4.jpg,0,0.6093374490737915,0.8403501510620117
exploration,cross_same_same,219,219,0219_2.jpg,0219_4.jpg,1,0.5145042538642883,0.8263455629348755
exploration,cross_same_same,219,240,0219_2.jpg,0240_4.jpg,0,0.5577365159988403,0.8165686130523682
exploration,cross_same_same,219,241,0219_2.jpg,0241_4.jpg,0,0.5622695684432983,0.817818284034729
exploration,cross_same_same,219,266,0219_2.jpg,0266_4.jpg,0,0.5345513820648193,0.810575008392334
exploration,cross_same_same,219,55,0219_2.jpg,0055_4.jpg,0,0.5133730173110962,0.8046789765357971
exploration,cross_same_same,219,56,0219_2.jpg,0056_4.jpg,0,0.5833338499069214,0.8402310609817505
exploration,cross_same_same,219,107,0219_2.jpg,0107_4.jpg,0,0.5198158621788025,0.8065102100372314
exploration,cross_same_same,219,127,0219_2.jpg,0127_4.jpg,0,0.5465128421783447,0.8177956938743591
exploration,cross_same_same,219,146,0219_2.jpg,0146_4.jpg,0,0.5138195157051086,0.810367226600647
exploration,cross_same_same,219,171,0219_2.jpg,0171_4.jpg,0,0.48189857602119446,0.7917152643203735
exploration,cross_same_same,219,212,0219_2.jpg,0212_4.jpg,0,0.5254116654396057,0.7811762094497681
exploration,cross_same_same,220,220,0220_2.jpg,0220_4.jpg,1,0.46163439750671387,0.8029377460479736
exploration,cross_same_same,220,241,0220_2.jpg,0241_4.jpg,0,0.5005778074264526,0.7881637215614319
exploration,cross_same_same,220,242,0220_2.jpg,0242_4.jpg,0,0.4259633421897888,0.7660183906555176
exploration,cross_same_same,220,267,0220_2.jpg,0267_4.jpg,0,0.4902059733867645,0.7769170999526978
exploration,cross_same_same,220,56,0220_2.jpg,0056_4.jpg,0,0.48113563656806946,0.7947607636451721
exploration,cross_same_same,220,57,0220_2.jpg,0057_4.jpg,0,0.4597708284854889,0.7629354596138
exploration,cross_same_same,220,109,0220_2.jpg,0109_4.jpg,0,0.43602514266967773,0.7525715827941895
exploration,cross_same_same,220,130,0220_2.jpg,0130_4.jpg,0,0.4160788059234619,0.7516883611679077
exploration,cross_same_same,220,147,0220_2.jpg,0147_4.jpg,0,0.4352608025074005,0.7450850009918213
exploration,cross_same_same,220,172,0220_2.jpg,0172_4.jpg,0,0.47296008467674255,0.7705338001251221
exploration,cross_same_same,220,213,0220_2.jpg,0213_4.jpg,0,0.4489918649196625,0.7681509256362915
exploration,cross_same_same,221,221,0221_2.jpg,0221_4.jpg,1,0.6225109100341797,0.8579075336456299
exploration,cross_same_same,221,242,0221_2.jpg,0242_4.jpg,0,0.5325884819030762,0.7901744246482849
exploration,cross_same_same,221,243,0221_2.jpg,0243_4.jpg,0,0.539009690284729,0.7826038002967834
exploration,cross_same_same,221,271,0221_2.jpg,0271_4.jpg,0,0.4981517195701599,0.766863226890564
exploration,cross_same_same,221,57,0221_2.jpg,0057_4.jpg,0,0.5480985641479492,0.8033416867256165
exploration,cross_same_same,221,59,0221_2.jpg,0059_4.jpg,0,0.5534353256225586,0.812367856502533
exploration,cross_same_same,221,110,0221_2.jpg,0110_4.jpg,0,0.6070744395256042,0.8271310925483704
exploration,cross_same_same,221,132,0221_2.jpg,0132_4.jpg,0,0.5932698249816895,0.831653892993927
exploration,cross_same_same,221,148,0221_2.jpg,0148_4.jpg,0,0.567930281162262,0.7908225059509277
exploration,cross_same_same,221,178,0221_2.jpg,0178_4.jpg,0,0.5703882575035095,0.8126461505889893
exploration,cross_same_same,221,214,0221_2.jpg,0214_4.jpg,0,0.5207378268241882,0.7760682106018066
exploration,cross_same_same,223,223,0223_2.jpg,0223_4.jpg,1,0.5979627370834351,0.8519054651260376
exploration,cross_same_same,223,243,0223_2.jpg,0243_4.jpg,0,0.5703471302986145,0.8285530805587769
exploration,cross_same_same,223,244,0223_2.jpg,0244_4.jpg,0,0.5434507131576538,0.8417962789535522
exploration,cross_same_same,223,272,0223_2.jpg,0272_4.jpg,0,0.6358710527420044,0.8703640699386597
exploration,cross_same_same,223,59,0223_2.jpg,0059_4.jpg,0,0.605927050113678,0.8613260388374329
exploration,cross_same_same,223,60,0223_2.jpg,0060_4.jpg,0,0.5784325003623962,0.8499870300292969
exploration,cross_same_same,223,114,0223_2.jpg,0114_4.jpg,0,0.5915167927742004,0.8248100280761719
exploration,cross_same_same,223,133,0223_2.jpg,0133_4.jpg,0,0.6142498254776001,0.8681867122650146
exploration,cross_same_same,223,152,0223_2.jpg,0152_4.jpg,0,0.5645866990089417,0.8347008228302002
exploration,cross_same_same,223,179,0223_2.jpg,0179_4.jpg,0,0.6105517148971558,0.8659195899963379
exploration,cross_same_same,223,216,0223_2.jpg,0216_4.jpg,0,0.6222808361053467,0.8598422408103943
exploration,cross_same_same,224,224,0224_2.jpg,0224_4.jpg,1,0.5275131464004517,0.8144657611846924
exploration,cross_same_same,224,244,0224_2.jpg,0244_4.jpg,0,0.4822065234184265,0.8177134990692139
exploration,cross_same_same,224,245,0224_2.jpg,0245_4.jpg,0,0.48323458433151245,0.8108646869659424
exploration,cross_same_same,224,273,0224_2.jpg,0273_4.jpg,0,0.48264241218566895,0.7741926312446594
exploration,cross_same_same,224,60,0224_2.jpg,0060_4.jpg,0,0.48944035172462463,0.7971470952033997
exploration,cross_same_same,224,61,0224_2.jpg,0061_4.jpg,0,0.5620115995407104,0.830145001411438
exploration,cross_same_same,224,116,0224_2.jpg,0116_4.jpg,0,0.5589696168899536,0.8107054233551025
exploration,cross_same_same,224,134,0224_2.jpg,0134_4.jpg,0,0.4954425096511841,0.8072147369384766
exploration,cross_same_same,224,153,0224_2.jpg,0153_4.jpg,0,0.5358017683029175,0.8179246187210083
exploration,cross_same_same,224,180,0224_2.jpg,0180_4.jpg,0,0.5236227512359619,0.8038238286972046
exploration,cross_same_same,224,219,0224_2.jpg,0219_4.jpg,0,0.5034212470054626,0.8223243951797485
exploration,cross_same_same,225,225,0225_2.jpg,0225_4.jpg,1,0.5752894282341003,0.856857180595398
exploration,cross_same_same,225,245,0225_2.jpg,0245_4.jpg,0,0.5496019124984741,0.862765371799469
exploration,cross_same_same,225,246,0225_2.jpg,0246_4.jpg,0,0.5804930329322815,0.8624504804611206
exploration,cross_same_same,225,274,0225_2.jpg,0274_4.jpg,0,0.5998184680938721,0.8754894733428955
exploration,cross_same_same,225,61,0225_2.jpg,0061_4.jpg,0,0.5849893093109131,0.8586360216140747
exploration,cross_same_same,225,62,0225_2.jpg,0062_4.jpg,0,0.6529545783996582,0.8899195194244385
exploration,cross_same_same,225,118,0225_2.jpg,0118_4.jpg,0,0.6498924493789673,0.8854436874389648
exploration,cross_same_same,225,135,0225_2.jpg,0135_4.jpg,0,0.5906851887702942,0.871317982673645
exploration,cross_same_same,225,154,0225_2.jpg,0154_4.jpg,0,0.6456320285797119,0.8849754929542542
exploration,cross_same_same,225,181,0225_2.jpg,0181_4.jpg,0,0.6128473281860352,0.8577747941017151
exploration,cross_same_same,225,220,0225_2.jpg,0220_4.jpg,0,0.5959725379943848,0.8760148882865906
exploration,cross_same_same,226,226,0226_2.jpg,0226_4.jpg,1,0.654579758644104,0.8438689112663269
exploration,cross_same_same,226,246,0226_2.jpg,0246_4.jpg,0,0.4692389667034149,0.7770447731018066
exploration,cross_same_same,226,247,0226_2.jpg,0247_4.jpg,0,0.4551342725753784,0.7623728513717651
exploration,cross_same_same,226,276,0226_2.jpg,0276_4.jpg,0,0.5530779361724854,0.8129385113716125
exploration,cross_same_same,226,62,0226_2.jpg,0062_4.jpg,0,0.6036757826805115,0.8108674883842468
exploration,cross_same_same,226,65,0226_2.jpg,0065_4.jpg,0,0.4330938458442688,0.7536752223968506
exploration,cross_same_same,226,119,0226_2.jpg,0119_4.jpg,0,0.47403743863105774,0.7742765545845032
exploration,cross_same_same,226,138,0226_2.jpg,0138_4.jpg,0,0.48402225971221924,0.7722001075744629
exploration,cross_same_same,226,155,0226_2.jpg,0155_4.jpg,0,0.5058374404907227,0.7620862722396851
exploration,cross_same_same,226,183,0226_2.jpg,0183_4.jpg,0,0.5081658363342285,0.7837495803833008
exploration,cross_same_same,226,221,0226_2.jpg,0221_4.jpg,0,0.48948532342910767,0.7693465948104858
exploration,cross_same_same,227,227,0227_2.jpg,0227_4.jpg,1,0.6479884386062622,0.8945415019989014
exploration,cross_same_same,227,247,0227_2.jpg,0247_4.jpg,0,0.5728957653045654,0.8724989891052246
exploration,cross_same_same,227,248,0227_2.jpg,0248_4.jpg,0,0.5817793607711792,0.8578628301620483
exploration,cross_same_same,227,279,0227_2.jpg,0279_4.jpg,0,0.6180013418197632,0.8713974952697754
exploration,cross_same_same,227,65,0227_2.jpg,0065_4.jpg,0,0.55289626121521,0.8339318037033081
exploration,cross_same_same,227,66,0227_2.jpg,0066_4.jpg,0,0.6145505905151367,0.8666468262672424
exploration,cross_same_same,227,122,0227_2.jpg,0122_4.jpg,0,0.6001904606819153,0.8632583022117615
exploration,cross_same_same,227,140,0227_2.jpg,0140_4.jpg,0,0.5979835987091064,0.8611252307891846
exploration,cross_same_same,227,156,0227_2.jpg,0156_4.jpg,0,0.5926011800765991,0.8689432740211487
exploration,cross_same_same,227,185,0227_2.jpg,0185_4.jpg,0,0.6061941385269165,0.8713615536689758
exploration,cross_same_same,227,223,0227_2.jpg,0223_4.jpg,0,0.5869848132133484,0.8660166263580322
exploration,cross_same_same,228,228,0228_2.jpg,0228_4.jpg,1,0.7056533098220825,0.8890283107757568
exploration,cross_same_same,228,248,0228_2.jpg,0248_4.jpg,0,0.638278603553772,0.8574532270431519
exploration,cross_same_same,228,249,0228_2.jpg,0249_4.jpg,0,0.6381450891494751,0.8507345914840698
exploration,cross_same_same,228,281,0228_2.jpg,0281_4.jpg,0,0.6120932698249817,0.8666767477989197
exploration,cross_same_same,228,66,0228_2.jpg,0066_4.jpg,0,0.6044974327087402,0.8589842319488525
exploration,cross_same_same,228,67,0228_2.jpg,0067_4.jpg,0,0.5732124447822571,0.8420279026031494
exploration,cross_same_same,228,123,0228_2.jpg,0123_4.jpg,0,0.5600916147232056,0.8387228846549988
exploration,cross_same_same,228,142,0228_2.jpg,0142_4.jpg,0,0.6071346998214722,0.8421465158462524
exploration,cross_same_same,228,157,0228_2.jpg,0157_4.jpg,0,0.6278965473175049,0.868396520614624
exploration,cross_same_same,228,188,0228_2.jpg,0188_4.jpg,0,0.6172929406166077,0.8639300465583801
exploration,cross_same_same,228,224,0228_2.jpg,0224_4.jpg,0,0.6227560639381409,0.8610684871673584
exploration,cross_same_same,229,229,0229_2.jpg,0229_4.jpg,1,0.5960334539413452,0.8662051558494568
exploration,cross_same_same,229,249,0229_2.jpg,0249_4.jpg,0,0.5499875545501709,0.8261563777923584
exploration,cross_same_same,229,250,0229_2.jpg,0250_4.jpg,0,0.5956009030342102,0.8559527397155762
exploration,cross_same_same,229,282,0229_2.jpg,0282_4.jpg,0,0.5034537315368652,0.7919411659240723
exploration,cross_same_same,229,67,0229_2.jpg,0067_4.jpg,0,0.5003450512886047,0.8186800479888916
exploration,cross_same_same,229,70,0229_2.jpg,0070_4.jpg,0,0.5249750018119812,0.7975175380706787
exploration,cross_same_same,229,124,0229_2.jpg,0124_4.jpg,0,0.5464869141578674,0.8248703479766846
exploration,cross_same_same,229,146,0229_2.jpg,0146_4.jpg,0,0.5165526866912842,0.8186588883399963
exploration,cross_same_same,229,158,0229_2.jpg,0158_4.jpg,0,0.5424822568893433,0.8193563222885132
exploration,cross_same_same,229,189,0229_2.jpg,0189_4.jpg,0,0.5373942852020264,0.8192777633666992
exploration,cross_same_same,229,225,0229_2.jpg,0225_4.jpg,0,0.4715120196342468,0.7917618155479431
exploration,cross_same_same,231,231,0231_2.jpg,0231_4.jpg,1,0.5694931745529175,0.8152878284454346
exploration,cross_same_same,231,250,0231_2.jpg,0250_4.jpg,0,0.5738775730133057,0.8539168834686279
exploration,cross_same_same,231,251,0231_2.jpg,0251_4.jpg,0,0.5256608128547668,0.8164578080177307
exploration,cross_same_same,231,1,0231_2.jpg,0001_4.jpg,0,0.5121662616729736,0.8271267414093018
exploration,cross_same_same,231,70,0231_2.jpg,0070_4.jpg,0,0.4126688241958618,0.7532066106796265
exploration,cross_same_same,231,71,0231_2.jpg,0071_4.jpg,0,0.5357844829559326,0.8166763782501221
exploration,cross_same_same,231,125,0231_2.jpg,0125_4.jpg,0,0.5044722557067871,0.8079059720039368
exploration,cross_same_same,231,147,0231_2.jpg,0147_4.jpg,0,0.5270239114761353,0.8034986257553101
exploration,cross_same_same,231,159,0231_2.jpg,0159_4.jpg,0,0.5429102778434753,0.8430538177490234
exploration,cross_same_same,231,191,0231_2.jpg,0191_4.jpg,0,0.4589978754520416,0.7873605489730835
exploration,cross_same_same,231,226,0231_2.jpg,0226_4.jpg,0,0.4369871914386749,0.8040046691894531
exploration,cross_same_same,232,232,0232_2.jpg,0232_4.jpg,1,0.7384884357452393,0.8881232738494873
exploration,cross_same_same,232,251,0232_2.jpg,0251_4.jpg,0,0.6484684944152832,0.8686851859092712
exploration,cross_same_same,232,252,0232_2.jpg,0252_4.jpg,0,0.754301130771637,0.8877561092376709
exploration,cross_same_same,232,2,0232_2.jpg,0002_4.jpg,0,0.5906646251678467,0.8348833322525024
exploration,cross_same_same,232,71,0232_2.jpg,0071_4.jpg,0,0.639197587966919,0.8600949048995972
exploration,cross_same_same,232,74,0232_2.jpg,0074_4.jpg,0,0.5897572636604309,0.8480714559555054
exploration,cross_same_same,232,127,0232_2.jpg,0127_4.jpg,0,0.6148713827133179,0.8377578258514404
exploration,cross_same_same,232,148,0232_2.jpg,0148_4.jpg,0,0.6064015626907349,0.8457347750663757
exploration,cross_same_same,232,161,0232_2.jpg,0161_4.jpg,0,0.6150217056274414,0.8668738007545471
exploration,cross_same_same,232,192,0232_2.jpg,0192_4.jpg,0,0.6096750497817993,0.8366341590881348
exploration,cross_same_same,232,227,0232_2.jpg,0227_4.jpg,0,0.6385403871536255,0.8545084595680237
exploration,cross_same_same,234,234,0234_2.jpg,0234_4.jpg,1,0.6539084911346436,0.838860809803009
exploration,cross_same_same,234,252,0234_2.jpg,0252_4.jpg,0,0.6647169589996338,0.8388336300849915
exploration,cross_same_same,234,255,0234_2.jpg,0255_4.jpg,0,0.6673610210418701,0.8253085017204285
exploration,cross_same_same,234,3,0234_2.jpg,0003_4.jpg,0,0.5618901252746582,0.8140590190887451
exploration,cross_same_same,234,74,0234_2.jpg,0074_4.jpg,0,0.5648466348648071,0.8270742297172546
exploration,cross_same_same,234,75,0234_2.jpg,0075_4.jpg,0,0.535254180431366,0.8126440644264221
exploration,cross_same_same,234,130,0234_2.jpg,0130_4.jpg,0,0.5931609869003296,0.814711332321167
exploration,cross_same_same,234,152,0234_2.jpg,0152_4.jpg,0,0.5485150814056396,0.7994247674942017
exploration,cross_same_same,234,162,0234_2.jpg,0162_4.jpg,0,0.6754791736602783,0.8424913883209229
exploration,cross_same_same,234,196,0234_2.jpg,0196_4.jpg,0,0.6031525135040283,0.814670205116272
exploration,cross_same_same,234,228,0234_2.jpg,0228_4.jpg,0,0.632331132888794,0.8423746824264526
exploration,cross_same_same,235,235,0235_2.jpg,0235_4.jpg,1,0.5994904041290283,0.8334037065505981
exploration,cross_same_same,235,255,0235_2.jpg,0255_4.jpg,0,0.6209059953689575,0.8233090043067932
exploration,cross_same_same,235,256,0235_2.jpg,0256_4.jpg,0,0.5896580219268799,0.8304105401039124
exploration,cross_same_same,235,6,0235_2.jpg,0006_4.jpg,0,0.5653176307678223,0.8162888884544373
exploration,cross_same_same,235,75,0235_2.jpg,0075_4.jpg,0,0.49978747963905334,0.8151406049728394
exploration,cross_same_same,235,76,0235_2.jpg,0076_4.jpg,0,0.5813912749290466,0.8275923132896423
exploration,cross_same_same,235,132,0235_2.jpg,0132_4.jpg,0,0.6318584084510803,0.862209677696228
exploration,cross_same_same,235,153,0235_2.jpg,0153_4.jpg,0,0.6199703812599182,0.8388137817382812
exploration,cross_same_same,235,163,0235_2.jpg,0163_4.jpg,0,0.5769335627555847,0.8259186148643494
exploration,cross_same_same,235,197,0235_2.jpg,0197_4.jpg,0,0.570550799369812,0.8244034051895142
exploration,cross_same_same,235,229,0235_2.jpg,0229_4.jpg,0,0.6034650206565857,0.8417624831199646
exploration,cross_same_same,237,237,0237_2.jpg,0237_4.jpg,1,0.5833343267440796,0.8264055252075195
exploration,cross_same_same,237,256,0237_2.jpg,0256_4.jpg,0,0.595376193523407,0.8455724716186523
exploration,cross_same_same,237,260,0237_2.jpg,0260_4.jpg,0,0.6740185618400574,0.8800994157791138
exploration,cross_same_same,237,7,0237_2.jpg,0007_4.jpg,0,0.5599693059921265,0.8381945490837097
exploration,cross_same_same,237,76,0237_2.jpg,0076_4.jpg,0,0.5277899503707886,0.8213462829589844
exploration,cross_same_same,237,77,0237_2.jpg,0077_4.jpg,0,0.5107753276824951,0.8237780332565308
exploration,cross_same_same,237,133,0237_2.jpg,0133_4.jpg,0,0.5596920251846313,0.8313570618629456
exploration,cross_same_same,237,154,0237_2.jpg,0154_4.jpg,0,0.5869781970977783,0.8319355845451355
exploration,cross_same_same,237,164,0237_2.jpg,0164_4.jpg,0,0.609468400478363,0.8376727104187012
exploration,cross_same_same,237,198,0237_2.jpg,0198_4.jpg,0,0.4878508448600769,0.800175130367279
exploration,cross_same_same,237,231,0237_2.jpg,0231_4.jpg,0,0.584540605545044,0.8427276015281677
exploration,cross_same_same,239,239,0239_2.jpg,0239_4.jpg,1,0.5486807227134705,0.798754096031189
exploration,cross_same_same,239,260,0239_2.jpg,0260_4.jpg,0,0.5422532558441162,0.7948693037033081
exploration,cross_same_same,239,261,0239_2.jpg,0261_4.jpg,0,0.5142438411712646,0.7693762183189392
exploration,cross_same_same,239,8,0239_2.jpg,0008_4.jpg,0,0.5068355798721313,0.7681600451469421
exploration,cross_same_same,239,77,0239_2.jpg,0077_4.jpg,0,0.5105057954788208,0.7877384424209595
exploration,cross_same_same,239,78,0239_2.jpg,0078_4.jpg,0,0.5636516809463501,0.809916615486145
exploration,cross_same_same,239,134,0239_2.jpg,0134_4.jpg,0,0.4969435930252075,0.7843902111053467
exploration,cross_same_same,239,155,0239_2.jpg,0155_4.jpg,0,0.47416433691978455,0.746856153011322
exploration,cross_same_same,239,167,0239_2.jpg,0167_4.jpg,0,0.5062704086303711,0.7756034135818481
exploration,cross_same_same,239,199,0239_2.jpg,0199_4.jpg,0,0.4930174648761749,0.7786262631416321
exploration,cross_same_same,239,232,0239_2.jpg,0232_4.jpg,0,0.5848308801651001,0.8079942464828491
exploration,cross_same_same,240,240,0240_2.jpg,0240_4.jpg,1,0.49383366107940674,0.7673553824424744
exploration,cross_same_same,240,261,0240_2.jpg,0261_4.jpg,0,0.4718826413154602,0.7461708188056946
exploration,cross_same_same,240,262,0240_2.jpg,0262_4.jpg,0,0.5198621153831482,0.7700279951095581
exploration,cross_same_same,240,11,0240_2.jpg,0011_4.jpg,0,0.486085444688797,0.774381697177887
exploration,cross_same_same,240,78,0240_2.jpg,0078_4.jpg,0,0.5143357515335083,0.7799023389816284
exploration,cross_same_same,240,79,0240_2.jpg,0079_4.jpg,0,0.4807092845439911,0.767646312713623
exploration,cross_same_same,240,135,0240_2.jpg,0135_4.jpg,0,0.5046092867851257,0.7879900336265564
exploration,cross_same_same,240,156,0240_2.jpg,0156_4.jpg,0,0.5010207891464233,0.7932230234146118
exploration,cross_same_same,240,168,0240_2.jpg,0168_4.jpg,0,0.5451338291168213,0.7946771383285522
exploration,cross_same_same,240,200,0240_2.jpg,0200_4.jpg,0,0.4440397322177887,0.7485119104385376
exploration,cross_same_same,240,234,0240_2.jpg,0234_4.jpg,0,0.5346248149871826,0.7831435799598694
exploration,cross_same_same,241,241,0241_2.jpg,0241_4.jpg,1,0.5839816927909851,0.8488720655441284
exploration,cross_same_same,241,262,0241_2.jpg,0262_4.jpg,0,0.5256862640380859,0.8202743530273438
exploration,cross_same_same,241,263,0241_2.jpg,0263_4.jpg,0,0.5345404148101807,0.8051573634147644
exploration,cross_same_same,241,12,0241_2.jpg,0012_4.jpg,0,0.5482217669487,0.8219853043556213
exploration,cross_same_same,241,79,0241_2.jpg,0079_4.jpg,0,0.46409064531326294,0.8046313524246216
exploration,cross_same_same,241,81,0241_2.jpg,0081_4.jpg,0,0.4882195293903351,0.8010910749435425
exploration,cross_same_same,241,138,0241_2.jpg,0138_4.jpg,0,0.5161803960800171,0.8048973083496094
exploration,cross_same_same,241,157,0241_2.jpg,0157_4.jpg,0,0.5260443687438965,0.8101787567138672
exploration,cross_same_same,241,169,0241_2.jpg,0169_4.jpg,0,0.5199276804924011,0.8123300671577454
exploration,cross_same_same,241,201,0241_2.jpg,0201_4.jpg,0,0.5052685737609863,0.8098512887954712
exploration,cross_same_same,241,235,0241_2.jpg,0235_4.jpg,0,0.5330812335014343,0.8195146918296814
exploration,cross_same_same,242,242,0242_2.jpg,0242_4.jpg,1,0.639798104763031,0.8429936766624451
exploration,cross_same_same,242,263,0242_2.jpg,0263_4.jpg,0,0.573651134967804,0.7992074489593506
exploration,cross_same_same,242,264,0242_2.jpg,0264_4.jpg,0,0.6010326147079468,0.8247640132904053
exploration,cross_same_same,242,15,0242_2.jpg,0015_4.jpg,0,0.5509463548660278,0.8325260281562805
exploration,cross_same_same,242,81,0242_2.jpg,0081_4.jpg,0,0.5263071656227112,0.8014411926269531
exploration,cross_same_same,242,83,0242_2.jpg,0083_4.jpg,0,0.6102918982505798,0.8013580441474915
exploration,cross_same_same,242,140,0242_2.jpg,0140_4.jpg,0,0.6413668394088745,0.8761819005012512
exploration,cross_same_same,242,158,0242_2.jpg,0158_4.jpg,0,0.5788204669952393,0.8094539046287537
exploration,cross_same_same,242,171,0242_2.jpg,0171_4.jpg,0,0.5105786323547363,0.7914544939994812
exploration,cross_same_same,242,203,0242_2.jpg,0203_4.jpg,0,0.5834771990776062,0.7979276180267334
exploration,cross_same_same,242,237,0242_2.jpg,0237_4.jpg,0,0.5482925772666931,0.8011090159416199
exploration,cross_same_same,243,243,0243_2.jpg,0243_4.jpg,1,0.677812397480011,0.8694908022880554
exploration,cross_same_same,243,264,0243_2.jpg,0264_4.jpg,0,0.6210569143295288,0.8451902270317078
exploration,cross_same_same,243,265,0243_2.jpg,0265_4.jpg,0,0.6779090166091919,0.8580093383789062
exploration,cross_same_same,243,18,0243_2.jpg,0018_4.jpg,0,0.5910266041755676,0.8148007392883301
exploration,cross_same_same,243,83,0243_2.jpg,0083_4.jpg,0,0.6219475865364075,0.8171901702880859
exploration,cross_same_same,243,85,0243_2.jpg,0085_4.jpg,0,0.62086021900177,0.8326625227928162
exploration,cross_same_same,243,142,0243_2.jpg,0142_4.jpg,0,0.6143739223480225,0.8182406425476074
exploration,cross_same_same,243,159,0243_2.jpg,0159_4.jpg,0,0.5900499224662781,0.818650484085083
exploration,cross_same_same,243,172,0243_2.jpg,0172_4.jpg,0,0.6285439729690552,0.8292650580406189
exploration,cross_same_same,243,204,0243_2.jpg,0204_4.jpg,0,0.6561375856399536,0.8275464773178101
exploration,cross_same_same,243,239,0243_2.jpg,0239_4.jpg,0,0.5330080389976501,0.7994927167892456
exploration,cross_same_same,244,244,0244_2.jpg,0244_4.jpg,1,0.4672397971153259,0.7853572368621826
exploration,cross_same_same,244,265,0244_2.jpg,0265_4.jpg,0,0.2886892557144165,0.7038736939430237
exploration,cross_same_same,244,266,0244_2.jpg,0266_4.jpg,0,0.43069177865982056,0.7856420278549194
exploration,cross_same_same,244,19,0244_2.jpg,0019_4.jpg,0,0.3723875880241394,0.7322312593460083
exploration,cross_same_same,244,85,0244_2.jpg,0085_4.jpg,0,0.36915460228919983,0.7421537637710571
exploration,cross_same_same,244,86,0244_2.jpg,0086_4.jpg,0,0.4525594711303711,0.7834447622299194
exploration,cross_same_same,244,146,0244_2.jpg,0146_4.jpg,0,0.3489007353782654,0.719030499458313
exploration,cross_same_same,244,161,0244_2.jpg,0161_4.jpg,0,0.42001771926879883,0.7849209904670715
exploration,cross_same_same,244,178,0244_2.jpg,0178_4.jpg,0,0.322205126285553,0.7414466738700867
exploration,cross_same_same,244,206,0244_2.jpg,0206_4.jpg,0,0.3928501009941101,0.7799110412597656
exploration,cross_same_same,244,240,0244_2.jpg,0240_4.jpg,0,0.33278781175613403,0.738128662109375
exploration,cross_same_same,245,245,0245_2.jpg,0245_4.jpg,1,0.5196356177330017,0.8133033514022827
exploration,cross_same_same,245,266,0245_2.jpg,0266_4.jpg,0,0.5495046377182007,0.8008237481117249
exploration,cross_same_same,245,267,0245_2.jpg,0267_4.jpg,0,0.5425291657447815,0.7862370014190674
exploration,cross_same_same,245,20,0245_2.jpg,0020_4.jpg,0,0.5661190748214722,0.8078441619873047
exploration,cross_same_same,245,86,0245_2.jpg,0086_4.jpg,0,0.5363039970397949,0.8281722068786621
exploration,cross_same_same,245,87,0245_2.jpg,0087_4.jpg,0,0.5704938173294067,0.8109225034713745
exploration,cross_same_same,245,147,0245_2.jpg,0147_4.jpg,0,0.5419417023658752,0.7844811677932739
exploration,cross_same_same,245,162,0245_2.jpg,0162_4.jpg,0,0.5445245504379272,0.806786298751831
exploration,cross_same_same,245,179,0245_2.jpg,0179_4.jpg,0,0.561058759689331,0.8224757313728333
exploration,cross_same_same,245,207,0245_2.jpg,0207_4.jpg,0,0.5160935521125793,0.7722127437591553
exploration,cross_same_same,245,241,0245_2.jpg,0241_4.jpg,0,0.580010175704956,0.8197540640830994
exploration,cross_same_same,246,246,0246_2.jpg,0246_4.jpg,1,0.4881784915924072,0.7713115215301514
exploration,cross_same_same,246,267,0246_2.jpg,0267_4.jpg,0,0.41025134921073914,0.739098846912384
exploration,cross_same_same,246,271,0246_2.jpg,0271_4.jpg,0,0.48561999201774597,0.7819949984550476
exploration,cross_same_same,246,21,0246_2.jpg,0021_4.jpg,0,0.50031578540802,0.7867826223373413
exploration,cross_same_same,246,87,0246_2.jpg,0087_4.jpg,0,0.511260449886322,0.8335369825363159
exploration,cross_same_same,246,89,0246_2.jpg,0089_4.jpg,0,0.4608229994773865,0.7732329368591309
exploration,cross_same_same,246,148,0246_2.jpg,0148_4.jpg,0,0.452734112739563,0.7503208518028259
exploration,cross_same_same,246,163,0246_2.jpg,0163_4.jpg,0,0.4895472526550293,0.793696939945221
exploration,cross_same_same,246,180,0246_2.jpg,0180_4.jpg,0,0.4862569570541382,0.7842854261398315
exploration,cross_same_same,246,208,0246_2.jpg,0208_4.jpg,0,0.3896253705024719,0.7247161269187927
exploration,cross_same_same,246,242,0246_2.jpg,0242_4.jpg,0,0.4538654088973999,0.776685357093811
exploration,cross_same_same,247,247,0247_2.jpg,0247_4.jpg,1,0.5510631203651428,0.8478720188140869
exploration,cross_same_same,247,271,0247_2.jpg,0271_4.jpg,0,0.5428293943405151,0.8455329537391663
exploration,cross_same_same,247,272,0247_2.jpg,0272_4.jpg,0,0.6331725716590881,0.8890044093132019
exploration,cross_same_same,247,22,0247_2.jpg,0022_4.jpg,0,0.5795249938964844,0.8561830520629883
exploration,cross_same_same,247,89,0247_2.jpg,0089_4.jpg,0,0.6033865213394165,0.8646625876426697
exploration,cross_same_same,247,90,0247_2.jpg,0090_4.jpg,0,0.539149820804596,0.8338011503219604
exploration,cross_same_same,247,152,0247_2.jpg,0152_4.jpg,0,0.5426042675971985,0.8340849876403809
exploration,cross_same_same,247,164,0247_2.jpg,0164_4.jpg,0,0.565219521522522,0.8446117639541626
exploration,cross_same_same,247,181,0247_2.jpg,0181_4.jpg,0,0.5608128309249878,0.8355671167373657
exploration,cross_same_same,247,209,0247_2.jpg,0209_4.jpg,0,0.5756667852401733,0.8463059663772583
exploration,cross_same_same,247,243,0247_2.jpg,0243_4.jpg,0,0.5684493780136108,0.8471875190734863
exploration,cross_same_same,248,248,0248_2.jpg,0248_4.jpg,1,0.5667920112609863,0.7949068546295166
exploration,cross_same_same,248,272,0248_2.jpg,0272_4.jpg,0,0.6640199422836304,0.8577572107315063
exploration,cross_same_same,248,273,0248_2.jpg,0273_4.jpg,0,0.5856260061264038,0.8217881917953491
exploration,cross_same_same,248,25,0248_2.jpg,0025_4.jpg,0,0.49232181906700134,0.768157958984375
exploration,cross_same_same,248,90,0248_2.jpg,0090_4.jpg,0,0.5953097343444824,0.8180555105209351
exploration,cross_same_same,248,91,0248_2.jpg,0091_4.jpg,0,0.6206938028335571,0.8444724082946777
exploration,cross_same_same,248,153,0248_2.jpg,0153_4.jpg,0,0.6205826997756958,0.8487218618392944
exploration,cross_same_same,248,167,0248_2.jpg,0167_4.jpg,0,0.5677934885025024,0.8208945989608765
exploration,cross_same_same,248,183,0248_2.jpg,0183_4.jpg,0,0.5927873253822327,0.834697961807251
exploration,cross_same_same,248,211,0248_2.jpg,0211_4.jpg,0,0.5765236020088196,0.8193910717964172
exploration,cross_same_same,248,244,0248_2.jpg,0244_4.jpg,0,0.5143619775772095,0.8160200119018555
exploration,cross_same_same,249,249,0249_2.jpg,0249_4.jpg,1,0.6931445002555847,0.8991074562072754
exploration,cross_same_same,249,273,0249_2.jpg,0273_4.jpg,0,0.6754283905029297,0.8911591172218323
exploration,cross_same_same,249,274,0249_2.jpg,0274_4.jpg,0,0.6429684162139893,0.8917203545570374
exploration,cross_same_same,249,26,0249_2.jpg,0026_4.jpg,0,0.6330306529998779,0.8958489894866943
exploration,cross_same_same,249,91,0249_2.jpg,0091_4.jpg,0,0.7039517164230347,0.9027881026268005
exploration,cross_same_same,249,92,0249_2.jpg,0092_4.jpg,0,0.641061544418335,0.8788710236549377
exploration,cross_same_same,249,154,0249_2.jpg,0154_4.jpg,0,0.6965806484222412,0.9071187376976013
exploration,cross_same_same,249,168,0249_2.jpg,0168_4.jpg,0,0.6671772003173828,0.8932571411132812
exploration,cross_same_same,249,185,0249_2.jpg,0185_4.jpg,0,0.6549391150474548,0.8861347436904907
exploration,cross_same_same,249,212,0249_2.jpg,0212_4.jpg,0,0.5915712118148804,0.8461599349975586
exploration,cross_same_same,249,245,0249_2.jpg,0245_4.jpg,0,0.5401123762130737,0.8676469326019287
exploration,cross_same_same,250,250,0250_2.jpg,0250_4.jpg,1,0.5926806926727295,0.820655345916748
exploration,cross_same_same,250,274,0250_2.jpg,0274_4.jpg,0,0.5430304408073425,0.8068568110466003
exploration,cross_same_same,250,276,0250_2.jpg,0276_4.jpg,0,0.5610607266426086,0.811814546585083
exploration,cross_same_same,250,27,0250_2.jpg,0027_4.jpg,0,0.5382485389709473,0.7606329917907715
exploration,cross_same_same,250,92,0250_2.jpg,0092_4.jpg,0,0.548652172088623,0.7974542379379272
exploration,cross_same_same,250,93,0250_2.jpg,0093_4.jpg,0,0.5550451874732971,0.7741062641143799
exploration,cross_same_same,250,155,0250_2.jpg,0155_4.jpg,0,0.5011467933654785,0.7422628402709961
exploration,cross_same_same,250,169,0250_2.jpg,0169_4.jpg,0,0.554745078086853,0.7867530584335327
exploration,cross_same_same,250,188,0250_2.jpg,0188_4.jpg,0,0.5486178398132324,0.8079742193222046
exploration,cross_same_same,250,213,0250_2.jpg,0213_4.jpg,0,0.5652303099632263,0.7944536209106445
exploration,cross_same_same,250,246,0250_2.jpg,0246_4.jpg,0,0.49205654859542847,0.76103276014328
exploration,cross_same_same,251,251,0251_2.jpg,0251_4.jpg,1,0.5469728708267212,0.8348312973976135
exploration,cross_same_same,251,276,0251_2.jpg,0276_4.jpg,0,0.5452346801757812,0.8466177582740784
exploration,cross_same_same,251,279,0251_2.jpg,0279_4.jpg,0,0.5686023831367493,0.8367212414741516
exploration,cross_same_same,251,29,0251_2.jpg,0029_4.jpg,0,0.5039098262786865,0.7983114123344421
exploration,cross_same_same,251,93,0251_2.jpg,0093_4.jpg,0,0.5834726095199585,0.8285008668899536
exploration,cross_same_same,251,94,0251_2.jpg,0094_4.jpg,0,0.4713405966758728,0.8046578764915466
exploration,cross_same_same,251,156,0251_2.jpg,0156_4.jpg,0,0.5475324988365173,0.8378114104270935
exploration,cross_same_same,251,171,0251_2.jpg,0171_4.jpg,0,0.46480098366737366,0.787029504776001
exploration,cross_same_same,251,189,0251_2.jpg,0189_4.jpg,0,0.493542343378067,0.7927870154380798
exploration,cross_same_same,251,214,0251_2.jpg,0214_4.jpg,0,0.4725789725780487,0.7800228595733643
exploration,cross_same_same,251,247,0251_2.jpg,0247_4.jpg,0,0.4586620628833771,0.7964361310005188
exploration,cross_same_same,252,252,0252_2.jpg,0252_4.jpg,1,0.6937204003334045,0.8567215800285339
exploration,cross_same_same,252,279,0252_2.jpg,0279_4.jpg,0,0.5584487915039062,0.7891334891319275
exploration,cross_same_same,252,281,0252_2.jpg,0281_4.jpg,0,0.5342882871627808,0.8037017583847046
exploration,cross_same_same,252,30,0252_2.jpg,0030_4.jpg,0,0.554702877998352,0.8071473836898804
exploration,cross_same_same,252,94,0252_2.jpg,0094_4.jpg,0,0.4675782024860382,0.7587265968322754
exploration,cross_same_same,252,96,0252_2.jpg,0096_4.jpg,0,0.6127464175224304,0.7965046167373657
exploration,cross_same_same,252,157,0252_2.jpg,0157_4.jpg,0,0.5193989276885986,0.7783530950546265
exploration,cross_same_same,252,172,0252_2.jpg,0172_4.jpg,0,0.5637174844741821,0.8017550706863403
exploration,cross_same_same,252,191,0252_2.jpg,0191_4.jpg,0,0.6109988689422607,0.8214055299758911
exploration,cross_same_same,252,216,0252_2.jpg,0216_4.jpg,0,0.6328873038291931,0.8036549091339111
exploration,cross_same_same,252,248,0252_2.jpg,0248_4.jpg,0,0.5981297492980957,0.8224210739135742
exploration,cross_same_same,255,255,0255_2.jpg,0255_4.jpg,1,0.5555574297904968,0.7926348447799683
exploration,cross_same_same,255,281,0255_2.jpg,0281_4.jpg,0,0.5329036712646484,0.7940161228179932
exploration,cross_same_same,255,282,0255_2.jpg,0282_4.jpg,0,0.4962109923362732,0.7699931859970093
exploration,cross_same_same,255,31,0255_2.jpg,0031_4.jpg,0,0.49922311305999756,0.7908599376678467
exploration,cross_same_same,255,96,0255_2.jpg,0096_4.jpg,0,0.47158461809158325,0.7756699323654175
exploration,cross_same_same,255,97,0255_2.jpg,0097_4.jpg,0,0.5083369612693787,0.7747637033462524
exploration,cross_same_same,255,158,0255_2.jpg,0158_4.jpg,0,0.5292168259620667,0.7917046546936035
exploration,cross_same_same,255,178,0255_2.jpg,0178_4.jpg,0,0.5241663455963135,0.8037084341049194
exploration,cross_same_same,255,192,0255_2.jpg,0192_4.jpg,0,0.5061329007148743,0.7919905185699463
exploration,cross_same_same,255,219,0255_2.jpg,0219_4.jpg,0,0.4789571166038513,0.7929959297180176
exploration,cross_same_same,255,249,0255_2.jpg,0249_4.jpg,0,0.5373200178146362,0.7854509353637695
exploration,cross_same_same,256,256,0256_2.jpg,0256_4.jpg,1,0.556221067905426,0.7631137371063232
exploration,cross_same_same,256,282,0256_2.jpg,0282_4.jpg,0,0.5314021110534668,0.7582184672355652
exploration,cross_same_same,256,1,0256_2.jpg,0001_4.jpg,0,0.5442503690719604,0.7785817980766296
exploration,cross_same_same,256,35,0256_2.jpg,0035_4.jpg,0,0.5415256023406982,0.767796516418457
exploration,cross_same_same,256,97,0256_2.jpg,0097_4.jpg,0,0.5386461019515991,0.7694873809814453
exploration,cross_same_same,256,98,0256_2.jpg,0098_4.jpg,0,0.5478463172912598,0.779104471206665
exploration,cross_same_same,256,159,0256_2.jpg,0159_4.jpg,0,0.5002301931381226,0.7450578212738037
exploration,cross_same_same,256,179,0256_2.jpg,0179_4.jpg,0,0.5189661979675293,0.7741066217422485
exploration,cross_same_same,256,196,0256_2.jpg,0196_4.jpg,0,0.5128781795501709,0.7485949397087097
exploration,cross_same_same,256,220,0256_2.jpg,0220_4.jpg,0,0.5675946474075317,0.798019289970398
exploration,cross_same_same,256,250,0256_2.jpg,0250_4.jpg,0,0.51093590259552,0.7476856708526611
exploration,cross_same_same,260,260,0260_2.jpg,0260_4.jpg,1,0.5922937393188477,0.8420552015304565
exploration,cross_same_same,260,1,0260_2.jpg,0001_4.jpg,0,0.5676647424697876,0.8299326300621033
exploration,cross_same_same,260,2,0260_2.jpg,0002_4.jpg,0,0.5160931348800659,0.7978922724723816
exploration,cross_same_same,260,38,0260_2.jpg,0038_4.jpg,0,0.5900492668151855,0.8202517032623291
exploration,cross_same_same,260,98,0260_2.jpg,0098_4.jpg,0,0.5739055871963501,0.8248581886291504
exploration,cross_same_same,260,100,0260_2.jpg,0100_4.jpg,0,0.6164703369140625,0.8355000019073486
exploration,cross_same_same,260,161,0260_2.jpg,0161_4.jpg,0,0.5244202613830566,0.814187228679657
exploration,cross_same_same,260,180,0260_2.jpg,0180_4.jpg,0,0.5753653049468994,0.819778323173523
exploration,cross_same_same,260,197,0260_2.jpg,0197_4.jpg,0,0.5558233261108398,0.8172488212585449
exploration,cross_same_same,260,221,0260_2.jpg,0221_4.jpg,0,0.5599520802497864,0.8118771314620972
exploration,cross_same_same,260,251,0260_2.jpg,0251_4.jpg,0,0.5421898365020752,0.8134918212890625
exploration,cross_same_same,261,261,0261_2.jpg,0261_4.jpg,1,0.7181687951087952,0.8802345991134644
exploration,cross_same_same,261,2,0261_2.jpg,0002_4.jpg,0,0.6238712072372437,0.8571562767028809
exploration,cross_same_same,261,3,0261_2.jpg,0003_4.jpg,0,0.6141964197158813,0.8470419049263
exploration,cross_same_same,261,39,0261_2.jpg,0039_4.jpg,0,0.6776376366615295,0.8832410573959351
exploration,cross_same_same,261,100,0261_2.jpg,0100_4.jpg,0,0.7126055955886841,0.8884036540985107
exploration,cross_same_same,261,101,0261_2.jpg,0101_4.jpg,0,0.6769507527351379,0.8580279350280762
exploration,cross_same_same,261,162,0261_2.jpg,0162_4.jpg,0,0.6841127872467041,0.8744799494743347
exploration,cross_same_same,261,181,0261_2.jpg,0181_4.jpg,0,0.7158176898956299,0.8665807247161865
exploration,cross_same_same,261,198,0261_2.jpg,0198_4.jpg,0,0.6467137336730957,0.8572182655334473
exploration,cross_same_same,261,223,0261_2.jpg,0223_4.jpg,0,0.6693116426467896,0.8532694578170776
exploration,cross_same_same,261,252,0261_2.jpg,0252_4.jpg,0,0.7470734715461731,0.9029685258865356
exploration,cross_same_same,262,262,0262_2.jpg,0262_4.jpg,1,0.50665283203125,0.7800195217132568
exploration,cross_same_same,262,3,0262_2.jpg,0003_4.jpg,0,0.43252092599868774,0.7634914517402649
exploration,cross_same_same,262,6,0262_2.jpg,0006_4.jpg,0,0.48932623863220215,0.7805719375610352
exploration,cross_same_same,262,40,0262_2.jpg,0040_4.jpg,0,0.45554468035697937,0.7717851400375366
exploration,cross_same_same,262,101,0262_2.jpg,0101_4.jpg,0,0.46312272548675537,0.7573038339614868
exploration,cross_same_same,262,103,0262_2.jpg,0103_4.jpg,0,0.49814754724502563,0.7832481265068054
exploration,cross_same_same,262,163,0262_2.jpg,0163_4.jpg,0,0.478493869304657,0.7827727794647217
exploration,cross_same_same,262,183,0262_2.jpg,0183_4.jpg,0,0.497905969619751,0.7820647954940796
exploration,cross_same_same,262,199,0262_2.jpg,0199_4.jpg,0,0.5134991407394409,0.7888913154602051
exploration,cross_same_same,262,224,0262_2.jpg,0224_4.jpg,0,0.49827128648757935,0.7882689833641052
exploration,cross_same_same,262,255,0262_2.jpg,0255_4.jpg,0,0.5448131561279297,0.7847580313682556
exploration,cross_same_same,263,263,0263_2.jpg,0263_4.jpg,1,0.5916428565979004,0.8270319700241089
exploration,cross_same_same,263,6,0263_2.jpg,0006_4.jpg,0,0.568114161491394,0.8150718212127686
exploration,cross_same_same,263,7,0263_2.jpg,0007_4.jpg,0,0.5829305648803711,0.8394904136657715
exploration,cross_same_same,263,42,0263_2.jpg,0042_4.jpg,0,0.5365604758262634,0.8178616762161255
exploration,cross_same_same,263,103,0263_2.jpg,0103_4.jpg,0,0.587505042552948,0.844642162322998
exploration,cross_same_same,263,104,0263_2.jpg,0104_4.jpg,0,0.587252676486969,0.8468085527420044
exploration,cross_same_same,263,164,0263_2.jpg,0164_4.jpg,0,0.5617432594299316,0.8161466717720032
exploration,cross_same_same,263,185,0263_2.jpg,0185_4.jpg,0,0.5703645944595337,0.8354213237762451
exploration,cross_same_same,263,200,0263_2.jpg,0200_4.jpg,0,0.5341829061508179,0.8126813173294067
exploration,cross_same_same,263,225,0263_2.jpg,0225_4.jpg,0,0.48996323347091675,0.8002598881721497
exploration,cross_same_same,263,256,0263_2.jpg,0256_4.jpg,0,0.5264168381690979,0.8038471341133118
exploration,cross_same_same,264,264,0264_2.jpg,0264_4.jpg,1,0.6246992945671082,0.8708617687225342
exploration,cross_same_same,264,7,0264_2.jpg,0007_4.jpg,0,0.6146223545074463,0.872292160987854
exploration,cross_same_same,264,8,0264_2.jpg,0008_4.jpg,0,0.6009587049484253,0.8598004579544067
exploration,cross_same_same,264,43,0264_2.jpg,0043_4.jpg,0,0.5862290859222412,0.8630684614181519
exploration,cross_same_same,264,104,0264_2.jpg,0104_4.jpg,0,0.6235612630844116,0.8798441886901855
exploration,cross_same_same,264,105,0264_2.jpg,0105_4.jpg,0,0.5582253932952881,0.8545937538146973
exploration,cross_same_same,264,167,0264_2.jpg,0167_4.jpg,0,0.6058091521263123,0.8660253286361694
exploration,cross_same_same,264,188,0264_2.jpg,0188_4.jpg,0,0.60822594165802,0.884895384311676
exploration,cross_same_same,264,201,0264_2.jpg,0201_4.jpg,0,0.6084376573562622,0.8681946992874146
exploration,cross_same_same,264,226,0264_2.jpg,0226_4.jpg,0,0.6226361393928528,0.8709556460380554
exploration,cross_same_same,264,260,0264_2.jpg,0260_4.jpg,0,0.6504796147346497,0.8794987201690674
exploration,cross_same_same,265,265,0265_2.jpg,0265_4.jpg,1,0.659990668296814,0.8258424997329712
exploration,cross_same_same,265,8,0265_2.jpg,0008_4.jpg,0,0.5311059355735779,0.7633684873580933
exploration,cross_same_same,265,11,0265_2.jpg,0011_4.jpg,0,0.574775218963623,0.8242323398590088
exploration,cross_same_same,265,46,0265_2.jpg,0046_4.jpg,0,0.5981503129005432,0.7991880178451538
exploration,cross_same_same,265,105,0265_2.jpg,0105_4.jpg,0,0.549770712852478,0.7884892225265503
exploration,cross_same_same,265,106,0265_2.jpg,0106_4.jpg,0,0.5510622262954712,0.8278058767318726
exploration,cross_same_same,265,168,0265_2.jpg,0168_4.jpg,0,0.5800670385360718,0.7962250709533691
exploration,cross_same_same,265,189,0265_2.jpg,0189_4.jpg,0,0.5131601691246033,0.7777178287506104
exploration,cross_same_same,265,203,0265_2.jpg,0203_4.jpg,0,0.5898096561431885,0.785228431224823
exploration,cross_same_same,265,227,0265_2.jpg,0227_4.jpg,0,0.49330055713653564,0.7611620426177979
exploration,cross_same_same,265,261,0265_2.jpg,0261_4.jpg,0,0.5399647951126099,0.7762418389320374
exploration,cross_same_same,266,266,0266_2.jpg,0266_4.jpg,1,0.5199635028839111,0.8142997026443481
exploration,cross_same_same,266,11,0266_2.jpg,0011_4.jpg,0,0.49431830644607544,0.7974051237106323
exploration,cross_same_same,266,12,0266_2.jpg,0012_4.jpg,0,0.48942193388938904,0.7653974890708923
exploration,cross_same_same,266,47,0266_2.jpg,0047_4.jpg,0,0.49646469950675964,0.798301637172699
exploration,cross_same_same,266,106,0266_2.jpg,0106_4.jpg,0,0.47412312030792236,0.7930489778518677
exploration,cross_same_same,266,107,0266_2.jpg,0107_4.jpg,0,0.43123114109039307,0.7758598327636719
exploration,cross_same_same,266,169,0266_2.jpg,0169_4.jpg,0,0.4616754651069641,0.7792007923126221
exploration,cross_same_same,266,191,0266_2.jpg,0191_4.jpg,0,0.4262317717075348,0.7676103115081787
exploration,cross_same_same,266,204,0266_2.jpg,0204_4.jpg,0,0.5111292004585266,0.7987580299377441
exploration,cross_same_same,266,228,0266_2.jpg,0228_4.jpg,0,0.47705334424972534,0.7914254665374756
exploration,cross_same_same,266,262,0266_2.jpg,0262_4.jpg,0,0.5065851211547852,0.8071130514144897
exploration,cross_same_same,267,267,0267_2.jpg,0267_4.jpg,1,0.44321340322494507,0.7396450042724609
exploration,cross_same_same,267,12,0267_2.jpg,0012_4.jpg,0,0.43831539154052734,0.7391622066497803
exploration,cross_same_same,267,15,0267_2.jpg,0015_4.jpg,0,0.44735878705978394,0.7769115567207336
exploration,cross_same_same,267,49,0267_2.jpg,0049_4.jpg,0,0.38526493310928345,0.7161743640899658
exploration,cross_same_same,267,107,0267_2.jpg,0107_4.jpg,0,0.3632160425186157,0.7260141968727112
exploration,cross_same_same,267,109,0267_2.jpg,0109_4.jpg,0,0.42148417234420776,0.7392810583114624
exploration,cross_same_same,267,171,0267_2.jpg,0171_4.jpg,0,0.3673940896987915,0.7140393257141113
exploration,cross_same_same,267,192,0267_2.jpg,0192_4.jpg,0,0.41912925243377686,0.7378849387168884
exploration,cross_same_same,267,206,0267_2.jpg,0206_4.jpg,0,0.4210990071296692,0.7549834251403809
exploration,cross_same_same,267,229,0267_2.jpg,0229_4.jpg,0,0.45206406712532043,0.7624697685241699
exploration,cross_same_same,267,263,0267_2.jpg,0263_4.jpg,0,0.416375070810318,0.7185104489326477
exploration,cross_same_same,271,271,0271_2.jpg,0271_4.jpg,1,0.6150600910186768,0.8389642238616943
exploration,cross_same_same,271,15,0271_2.jpg,0015_4.jpg,0,0.5242396593093872,0.8396942615509033
exploration,cross_same_same,271,18,0271_2.jpg,0018_4.jpg,0,0.4846755862236023,0.7871888279914856
exploration,cross_same_same,271,55,0271_2.jpg,0055_4.jpg,0,0.5237832069396973,0.8073397278785706
exploration,cross_same_same,271,109,0271_2.jpg,0109_4.jpg,0,0.60400390625,0.8327634334564209
exploration,cross_same_same,271,110,0271_2.jpg,0110_4.jpg,0,0.516305685043335,0.8103251457214355
exploration,cross_same_same,271,172,0271_2.jpg,0172_4.jpg,0,0.5732900500297546,0.8326622247695923
exploration,cross_same_same,271,196,0271_2.jpg,0196_4.jpg,0,0.5734410285949707,0.8147518634796143
exploration,cross_same_same,271,207,0271_2.jpg,0207_4.jpg,0,0.5918451547622681,0.8218758702278137
exploration,cross_same_same,271,231,0271_2.jpg,0231_4.jpg,0,0.5428792238235474,0.8169499635696411
exploration,cross_same_same,271,264,0271_2.jpg,0264_4.jpg,0,0.5795565843582153,0.8343175053596497
exploration,cross_same_same,272,272,0272_2.jpg,0272_4.jpg,1,0.6272714138031006,0.8539652824401855
exploration,cross_same_same,272,18,0272_2.jpg,0018_4.jpg,0,0.4334889054298401,0.7679629921913147
exploration,cross_same_same,272,19,0272_2.jpg,0019_4.jpg,0,0.46811041235923767,0.7891324758529663
exploration,cross_same_same,272,56,0272_2.jpg,0056_4.jpg,0,0.5604866743087769,0.8293577432632446
exploration,cross_same_same,272,110,0272_2.jpg,0110_4.jpg,0,0.46997588872909546,0.8120414018630981
exploration,cross_same_same,272,114,0272_2.jpg,0114_4.jpg,0,0.5316967964172363,0.8102209568023682
exploration,cross_same_same,272,178,0272_2.jpg,0178_4.jpg,0,0.5322754383087158,0.8236125111579895
exploration,cross_same_same,272,197,0272_2.jpg,0197_4.jpg,0,0.5179333686828613,0.8139704465866089
exploration,cross_same_same,272,208,0272_2.jpg,0208_4.jpg,0,0.5157814621925354,0.7870885133743286
exploration,cross_same_same,272,232,0272_2.jpg,0232_4.jpg,0,0.574771523475647,0.8254306316375732
exploration,cross_same_same,272,265,0272_2.jpg,0265_4.jpg,0,0.6034828424453735,0.8283249139785767
exploration,cross_same_same,273,273,0273_2.jpg,0273_4.jpg,1,0.6790373921394348,0.8852157592773438
exploration,cross_same_same,273,19,0273_2.jpg,0019_4.jpg,0,0.6234241724014282,0.8618876338005066
exploration,cross_same_same,273,20,0273_2.jpg,0020_4.jpg,0,0.6150715351104736,0.8498730659484863
exploration,cross_same_same,273,57,0273_2.jpg,0057_4.jpg,0,0.6261407136917114,0.8330932259559631
exploration,cross_same_same,273,114,0273_2.jpg,0114_4.jpg,0,0.644572377204895,0.8749340176582336
exploration,cross_same_same,273,116,0273_2.jpg,0116_4.jpg,0,0.623222827911377,0.8610188961029053
exploration,cross_same_same,273,179,0273_2.jpg,0179_4.jpg,0,0.5714823007583618,0.85558021068573
exploration,cross_same_same,273,198,0273_2.jpg,0198_4.jpg,0,0.5710556507110596,0.8367173671722412
exploration,cross_same_same,273,209,0273_2.jpg,0209_4.jpg,0,0.6561756134033203,0.8719097971916199
exploration,cross_same_same,273,234,0273_2.jpg,0234_4.jpg,0,0.584865927696228,0.8577046394348145
exploration,cross_same_same,273,266,0273_2.jpg,0266_4.jpg,0,0.597682535648346,0.8411410450935364
exploration,cross_same_same,274,274,0274_2.jpg,0274_4.jpg,1,0.5219810009002686,0.8245282173156738
exploration,cross_same_same,274,20,0274_2.jpg,0020_4.jpg,0,0.49382153153419495,0.7955025434494019
exploration,cross_same_same,274,21,0274_2.jpg,0021_4.jpg,0,0.46186167001724243,0.7641505002975464
exploration,cross_same_same,274,59,0274_2.jpg,0059_4.jpg,0,0.506499171257019,0.8068571090698242
exploration,cross_same_same,274,116,0274_2.jpg,0116_4.jpg,0,0.49574699997901917,0.7926347255706787
exploration,cross_same_same,274,118,0274_2.jpg,0118_4.jpg,0,0.5223829746246338,0.8031925559043884
exploration,cross_same_same,274,180,0274_2.jpg,0180_4.jpg,0,0.5221225023269653,0.8059293031692505
exploration,cross_same_same,274,199,0274_2.jpg,0199_4.jpg,0,0.4813326895236969,0.7959319949150085
exploration,cross_same_same,274,211,0274_2.jpg,0211_4.jpg,0,0.5105776786804199,0.7924062013626099
exploration,cross_same_same,274,235,0274_2.jpg,0235_4.jpg,0,0.46571922302246094,0.7859150171279907
exploration,cross_same_same,274,267,0274_2.jpg,0267_4.jpg,0,0.47685739398002625,0.7870010733604431
exploration,cross_same_same,276,276,0276_2.jpg,0276_4.jpg,1,0.7109280228614807,0.8875206112861633
exploration,cross_same_same,276,21,0276_2.jpg,0021_4.jpg,0,0.5571290254592896,0.803884744644165
exploration,cross_same_same,276,22,0276_2.jpg,0022_4.jpg,0,0.6153329610824585,0.8462747931480408
exploration,cross_same_same,276,60,0276_2.jpg,0060_4.jpg,0,0.5876787304878235,0.8488049507141113
exploration,cross_same_same,276,118,0276_2.jpg,0118_4.jpg,0,0.6331405639648438,0.85112464427948
exploration,cross_same_same,276,119,0276_2.jpg,0119_4.jpg,0,0.6184347867965698,0.8401610851287842
exploration,cross_same_same,276,181,0276_2.jpg,0181_4.jpg,0,0.6228253245353699,0.8243668079376221
exploration,cross_same_same,276,200,0276_2.jpg,0200_4.jpg,0,0.6011958122253418,0.8192148208618164
exploration,cross_same_same,276,212,0276_2.jpg,0212_4.jpg,0,0.6025586128234863,0.8212702870368958
exploration,cross_same_same,276,237,0276_2.jpg,0237_4.jpg,0,0.5982997417449951,0.8312501907348633
exploration,cross_same_same,276,271,0276_2.jpg,0271_4.jpg,0,0.6604228019714355,0.8394582271575928
exploration,cross_same_same,279,279,0279_2.jpg,0279_4.jpg,1,0.6921696662902832,0.8628314733505249
exploration,cross_same_same,279,22,0279_2.jpg,0022_4.jpg,0,0.6755803823471069,0.8514461517333984
exploration,cross_same_same,279,25,0279_2.jpg,0025_4.jpg,0,0.5857694149017334,0.8276249170303345
exploration,cross_same_same,279,61,0279_2.jpg,0061_4.jpg,0,0.6704279184341431,0.863205075263977
exploration,cross_same_same,279,119,0279_2.jpg,0119_4.jpg,0,0.6144940257072449,0.8392912149429321
exploration,cross_same_same,279,122,0279_2.jpg,0122_4.jpg,0,0.6713442206382751,0.847541093826294
exploration,cross_same_same,279,183,0279_2.jpg,0183_4.jpg,0,0.6665800213813782,0.8510504961013794
exploration,cross_same_same,279,201,0279_2.jpg,0201_4.jpg,0,0.6460585594177246,0.8334709405899048
exploration,cross_same_same,279,213,0279_2.jpg,0213_4.jpg,0,0.6192258596420288,0.8354170322418213
exploration,cross_same_same,279,239,0279_2.jpg,0239_4.jpg,0,0.5725809335708618,0.8244367241859436
exploration,cross_same_same,279,272,0279_2.jpg,0272_4.jpg,0,0.6184699535369873,0.8508200645446777
exploration,cross_same_same,281,281,0281_2.jpg,0281_4.jpg,1,0.43599462509155273,0.7340791821479797
exploration,cross_same_same,281,25,0281_2.jpg,0025_4.jpg,0,0.3597615957260132,0.7124279737472534
exploration,cross_same_same,281,26,0281_2.jpg,0026_4.jpg,0,0.4790598452091217,0.7600389719009399
exploration,cross_same_same,281,62,0281_2.jpg,0062_4.jpg,0,0.496968537569046,0.7544593214988708
exploration,cross_same_same,281,122,0281_2.jpg,0122_4.jpg,0,0.4509274363517761,0.7319035530090332
exploration,cross_same_same,281,123,0281_2.jpg,0123_4.jpg,0,0.3322319984436035,0.6854699850082397
exploration,cross_same_same,281,185,0281_2.jpg,0185_4.jpg,0,0.457329124212265,0.7621138095855713
exploration,cross_same_same,281,203,0281_2.jpg,0203_4.jpg,0,0.43484294414520264,0.7065741419792175
exploration,cross_same_same,281,214,0281_2.jpg,0214_4.jpg,0,0.4073960781097412,0.7097309231758118
exploration,cross_same_same,281,240,0281_2.jpg,0240_4.jpg,0,0.42789924144744873,0.7387431859970093
exploration,cross_same_same,281,273,0281_2.jpg,0273_4.jpg,0,0.44105467200279236,0.7404874563217163
exploration,cross_same_same,282,282,0282_2.jpg,0282_4.jpg,1,0.6659119129180908,0.859343409538269
exploration,cross_same_same,282,26,0282_2.jpg,0026_4.jpg,0,0.6209088563919067,0.8544732928276062
exploration,cross_same_same,282,27,0282_2.jpg,0027_4.jpg,0,0.6828371286392212,0.8753479719161987
exploration,cross_same_same,282,65,0282_2.jpg,0065_4.jpg,0,0.5875406265258789,0.8357775807380676
exploration,cross_same_same,282,123,0282_2.jpg,0123_4.jpg,0,0.5997923612594604,0.8439556360244751
exploration,cross_same_same,282,124,0282_2.jpg,0124_4.jpg,0,0.6690558195114136,0.8862403631210327
exploration,cross_same_same,282,188,0282_2.jpg,0188_4.jpg,0,0.6406774520874023,0.8726906776428223
exploration,cross_same_same,282,204,0282_2.jpg,0204_4.jpg,0,0.6556099653244019,0.851856529712677
exploration,cross_same_same,282,216,0282_2.jpg,0216_4.jpg,0,0.7096874117851257,0.8815727829933167
exploration,cross_same_same,282,241,0282_2.jpg,0241_4.jpg,0,0.6813399195671082,0.87493896484375
exploration,cross_same_same,282,274,0282_2.jpg,0274_4.jpg,0,0.6535027027130127,0.880538821220398
